datetime,fromNode,ch3Voltage,ch3Current,rxSnr,rxRssi,rxTime,hopStart,hopLimit
2026-02-01 11:08:13.763006,0x433acb14,13.1325,66.25,4.75,-90,1769972876,3,3
2026-02-01 11:08:57.786213,0x433abf20,13.24,63.75,6.25,-76,1769972920,3,3
2026-02-01 11:10:17.103903,0x433b0098,13.20625,71.25,5.5,-62,1769972999,2,2
2026-02-01 11:11:27.741425,0x433b0b38,13.1475,72.5,5.75,-75,1769973070,5,5
2026-02-01 11:13:15.821385,0x433acb14,13.13,76.25,3.75,-92,1769973178,3,3
2026-02-01 11:13:41.813527,0x433aad0c,13.23625,62.5,5.0,-85,1769973204,3,3
2026-02-01 11:13:58.956691,0x433abf20,13.2375,75.0,6.0,-76,1769973221,3,3
2026-02-01 11:15:57.136558,0x433ad35c,13.11875,77.5,5.75,-53,1769973339,3,3
2026-02-01 11:16:29.182860,0x433b0b38,13.15625,63.75,6.0,-73,1769973371,5,5
2026-02-01 11:18:16.731264,0x433acb14,13.12875,76.25,4.25,-89,1769973479,3,3
2026-02-01 11:18:59.958417,0x433abf20,13.22125,127.5,5.25,-76,1769973522,3,3
2026-02-01 11:20:19.745610,0x433b0098,13.20875,72.5,6.0,-61,1769973602,2,2
2026-02-01 11:21:33.107437,0x433b0b38,13.15,75.0,6.0,-74,1769973675,5,5
2026-02-01 11:23:46.524773,0x433aad0c,13.22875,82.5,4.5,-89,1769973809,3,3
2026-02-01 11:24:00.359449,0x433abf20,13.24375,68.75,5.75,-75,1769973822,3,3
2026-02-01 11:25:59.604090,0x433ad35c,13.115,71.25,6.25,-54,1769973942,3,3
2026-02-01 11:26:31.595273,0x433b0b38,13.15,71.25,5.75,-73,1769973974,5,5
2026-02-01 11:28:19.493481,0x433acb14,13.1325,62.5,3.25,-92,1769974082,3,3
2026-02-01 11:29:02.961381,0x433abf20,13.24625,61.25,6.0,-75,1769974125,3,3
2026-02-01 11:30:21.557014,0x433b0098,13.2175,62.5,5.75,-62,1769974204,2,2
2026-02-01 11:31:33.558162,0x433b0b38,13.15625,65.0,5.5,-74,1769974276,5,5
2026-02-01 11:33:20.112046,0x433acb14,13.13125,72.5,3.75,-90,1769974382,3,3
2026-02-01 11:33:47.452403,0x433aad0c,13.23375,72.5,4.0,-88,1769974410,3,3
2026-02-01 11:34:03.269022,0x433abf20,13.24125,82.5,5.5,-77,1769974425,3,3
2026-02-01 11:36:02.593227,0x433ad35c,13.12,76.25,6.5,-54,1769974545,3,3
2026-02-01 11:36:35.044263,0x433b0b38,13.15625,65.0,5.75,-74,1769974577,5,5
2026-02-01 11:39:04.292789,0x433abf20,13.24625,66.25,5.75,-76,1769974726,3,3
2026-02-01 11:40:26.228377,0x433b0098,13.2175,57.5,5.75,-61,1769974808,2,2
2026-02-01 11:41:38.214700,0x433b0b38,13.15,77.5,5.75,-74,1769974880,5,5
2026-02-01 11:43:23.494842,0x433acb14,13.1325,72.5,2.25,-93,1769974986,3,3
2026-02-01 11:43:50.238653,0x433aad0c,13.2325,71.25,3.5,-90,1769975012,3,3
2026-02-01 11:44:05.095431,0x433abf20,13.24625,66.25,5.75,-76,1769975027,3,3
2026-02-01 11:46:03.852335,0x433ad35c,13.125,63.75,6.75,-54,1769975146,3,3
2026-02-01 11:46:38.985486,0x433b0b38,13.15375,63.75,6.0,-73,1769975181,5,5
2026-02-01 11:46:47.013781,0x433af380,13.035,82.5,6.5,-38,1769975189,3,3
2026-02-01 11:48:23.978679,0x433acb14,13.13375,76.25,2.75,-94,1769975286,3,3
2026-02-01 11:49:07.199925,0x433abf20,13.25,62.5,5.25,-75,1769975329,3,3
2026-02-01 11:50:26.891392,0x433b0098,13.2175,60.0,6.75,-60,1769975409,2,2
2026-02-01 11:51:42.260088,0x433b0b38,13.15875,62.5,5.75,-72,1769975484,5,5
2026-02-01 11:53:27.014451,0x433acb14,13.13875,65.0,3.0,-93,1769975589,3,3
2026-02-01 11:53:53.730485,0x433aad0c,13.24,61.25,3.75,-90,1769975616,3,3
2026-02-01 11:54:08.482518,0x433abf20,13.24875,62.5,5.5,-76,1769975631,3,3
2026-02-01 11:56:07.471096,0x433ad35c,13.1225,73.75,7.25,-53,1769975750,3,3
2026-02-01 11:56:40.864757,0x433b0b38,13.14875,76.25,5.5,-73,1769975783,5,5
2026-02-01 11:58:26.889930,0x433acb14,13.1375,61.25,4.0,-92,1769975889,3,3
2026-02-01 11:59:10.340332,0x433abf20,13.24875,65.0,6.0,-76,1769975932,3,3
2026-02-01 12:00:31.224271,0x433b0098,13.22125,61.25,6.0,-61,1769976013,2,2
2026-02-01 12:01:41.805394,0x433b0b38,13.15125,75.0,5.5,-73,1769976084,5,5
2026-02-01 12:03:28.577636,0x433acb14,13.135,77.5,2.5,-95,1769976191,3,3
2026-02-01 12:03:55.194910,0x433aad0c,13.2375,75.0,5.0,-89,1769976217,3,3
2026-02-01 12:04:10.425116,0x433abf20,13.2475,75.0,6.0,-77,1769976232,3,3
2026-02-01 12:06:10.152875,0x433ad35c,13.1275,61.25,6.5,-53,1769976352,3,3
2026-02-01 12:06:43.486199,0x433b0b38,13.15125,75.0,6.25,-72,1769976386,5,5
2026-01-28 03:02:54.642240,0x433abf20,13.2725,66.25,5.75,-75,1769598167,3,3
2026-01-28 03:03:52.586558,0x433b0b38,13.2525,61.25,5.75,-72,1769598225,5,5
2026-01-28 03:05:16.541181,0x433acb14,13.25625,66.25,5.0,-89,1769598309,3,3
2026-01-28 03:08:07.170389,0x433ad35c,13.27125,65.0,6.5,-54,1769598480,3,3
2026-01-28 03:08:16.846097,0x433abf20,13.2725,66.25,5.75,-75,1769598490,3,1
2026-01-28 03:08:54.019622,0x433b0b38,13.2525,62.5,6.0,-73,1769598527,5,5
2026-01-28 03:10:09.452929,0x433b0098,13.2375,71.25,6.25,-61,1769598602,2,2
2026-01-28 03:10:19.069881,0x433acb14,13.25625,66.25,5.75,-89,1769598612,3,3
2026-01-28 03:12:57.032951,0x433abf20,13.26625,76.25,6.0,-74,1769598770,3,3
2026-01-28 03:13:54.611292,0x433b0b38,13.25125,62.5,5.75,-72,1769598827,5,5
2026-01-28 03:15:19.962828,0x433acb14,13.2525,76.25,5.5,-89,1769598913,3,3
2026-01-28 03:17:59.054983,0x433abf20,13.25,126.25,5.75,-75,1769599072,3,3
2026-01-28 03:18:11.032057,0x433ad35c,13.26875,75.0,5.75,-54,1769599084,3,3
2026-01-28 03:18:58.647014,0x433b0b38,13.25625,63.75,6.0,-73,1769599131,5,5
2026-01-28 03:20:09.507898,0x433b0098,13.2425,61.25,6.25,-61,1769599202,2,2
2026-01-28 03:20:20.658724,0x433acb14,13.25625,62.5,5.25,-89,1769599213,3,3
2026-01-28 03:22:59.764674,0x433abf20,13.27125,61.25,5.75,-75,1769599372,3,3
2026-01-28 03:23:57.132764,0x433b0b38,13.24875,73.75,6.0,-73,1769599430,5,5
2026-01-28 03:25:22.112300,0x433acb14,13.255,66.25,5.5,-89,1769599515,3,3
2026-01-28 03:28:01.693977,0x433abf20,13.2675,76.25,6.0,-75,1769599674,3,3
2026-01-28 03:28:13.705816,0x433ad35c,13.27125,61.25,6.0,-53,1769599686,3,3
2026-01-28 03:28:59.362153,0x433b0b38,13.25125,75.0,5.5,-72,1769599732,5,5
2026-01-28 03:30:15.022417,0x433b0098,13.24375,61.25,6.25,-61,1769599808,2,2
2026-01-28 03:30:23.523849,0x433acb14,13.25,73.75,4.75,-90,1769599816,3,3
2026-01-28 03:32:29.218146,0x433af380,13.18125,82.5,6.5,-39,1769599942,3,3
2026-01-28 03:33:02.377072,0x433abf20,13.2475,132.5,5.75,-75,1769599975,3,3
2026-01-28 03:33:59.852912,0x433b0b38,13.24625,73.75,6.0,-72,1769600033,5,5
2026-01-28 03:35:25.285169,0x433acb14,13.25375,62.5,5.5,-86,1769600118,3,3
2026-01-28 03:38:03.143700,0x433abf20,13.265,72.5,5.75,-75,1769600276,3,3
2026-01-28 03:38:17.047306,0x433ad35c,13.27125,61.25,6.5,-53,1769600290,3,3
2026-01-28 03:39:01.687948,0x433b0b38,13.25125,61.25,5.75,-72,1769600334,5,5
2026-01-28 03:40:17.389804,0x433b0098,13.24375,60.0,6.5,-60,1769600410,2,2
2026-01-28 03:40:26.765583,0x433acb14,13.255,65.0,4.0,-88,1769600419,3,3
2026-01-28 03:43:05.152778,0x433abf20,13.27125,62.5,6.0,-75,1769600578,3,3
2026-01-28 03:44:02.865108,0x433b0b38,13.2525,65.0,6.0,-72,1769600636,5,5
2026-01-28 03:45:26.788471,0x433acb14,13.25,80.0,4.5,-88,1769600719,3,3
2026-01-28 03:48:05.543032,0x433abf20,13.26875,66.25,6.0,-75,1769600878,3,3
2026-01-28 03:48:18.299475,0x433ad35c,13.27,61.25,5.75,-54,1769600891,3,3
2026-01-28 03:49:03.696639,0x433b0b38,13.25375,57.5,5.75,-73,1769600936,5,5
2026-01-28 03:50:19.745624,0x433b0098,13.2425,62.5,6.25,-60,1769601012,2,2
2026-01-28 03:50:31.469369,0x433acb14,13.255,62.5,4.75,-89,1769601024,3,3
2026-01-28 03:53:07.881686,0x433abf20,13.26625,73.75,6.0,-75,1769601181,3,3
2026-01-28 03:54:05.538379,0x433b0b38,13.24625,71.25,5.75,-73,1769601238,5,5
2026-01-28 03:55:30.072460,0x433acb14,13.25,76.25,4.75,-88,1769601323,3,3
2026-01-28 03:58:21.514805,0x433ad35c,13.26875,76.25,6.5,-53,1769601494,3,3
2026-01-28 03:59:06.039850,0x433b0b38,13.25125,61.25,5.75,-72,1769601539,5,5
2026-01-28 04:00:22.612602,0x433b0098,13.24375,62.5,6.25,-61,1769601615,2,2
2026-01-28 04:00:31.273814,0x433acb14,13.25375,65.0,4.75,-89,1769601624,3,3
2026-01-27 21:01:14.028192,0x433abf20,13.275,72.5,3.5,-75,1769576467,3,3
2026-01-27 21:02:14.541773,0x433b0b38,13.2575,72.5,3.5,-73,1769576528,5,5
2026-01-27 21:03:43.760506,0x433acb14,13.27125,66.25,-7.0,-90,1769576617,3,3
2026-01-27 21:06:15.456802,0x433abf20,13.27625,62.5,5.5,-74,1769576769,3,3
2026-01-27 21:06:32.358280,0x433ad35c,13.2825,63.75,6.5,-54,1769576786,3,3
2026-01-27 21:07:13.182320,0x433b0b38,13.26125,58.75,5.5,-71,1769576827,5,5
2026-01-27 21:08:34.047150,0x433b0098,13.245,72.5,5.5,-61,1769576907,2,2
2026-01-27 21:08:42.446557,0x433acb14,13.26625,71.25,-9.25,-91,1769576916,3,3
2026-01-27 21:11:18.159671,0x433abf20,13.2725,73.75,5.5,-74,1769577071,3,3
2026-01-27 21:12:16.140862,0x433b0b38,13.26,62.5,4.0,-70,1769577129,5,5
2026-01-27 21:13:43.694559,0x433acb14,13.27,61.25,-11.75,-94,1769577217,3,3
2026-01-27 21:16:17.525591,0x433abf20,13.2775,66.25,6.0,-74,1769577371,3,3
2026-01-27 21:16:35.790075,0x433ad35c,13.28,62.5,5.75,-54,1769577389,3,3
2026-01-27 21:17:15.191885,0x433b0b38,13.2625,63.75,5.75,-70,1769577429,5,5
2026-01-27 21:18:38.635019,0x433b0098,13.25,63.75,7.0,-63,1769577512,2,2
2026-01-27 21:18:46.131876,0x433acb14,13.26875,63.75,5.0,-85,1769577519,3,3
2026-01-27 21:21:20.821968,0x433abf20,13.27625,63.75,7.5,-74,1769577674,3,3
2026-01-27 21:22:16.193596,0x433b0b38,13.26125,65.0,6.0,-71,1769577730,5,5
2026-01-27 21:23:46.232266,0x433acb14,13.26625,73.75,-2.5,-100,1769577820,3,3
2026-01-27 21:26:24.589112,0x433abf20,13.27375,72.5,6.25,-74,1769577978,3,3
2026-01-27 21:26:35.955342,0x433ad35c,13.28,75.0,6.5,-53,1769577989,3,3
2026-01-27 21:27:19.828333,0x433b0b38,13.26125,60.0,6.0,-70,1769578033,5,5
2026-01-27 21:28:44.461978,0x433b0098,13.24625,68.75,6.5,-62,1769578118,2,2
2026-01-27 21:28:48.558711,0x433acb14,13.24625,131.25,4.25,-88,1769578122,3,3
2026-01-27 21:31:21.722333,0x433af380,13.1925,81.25,6.25,-38,1769578275,3,3
2026-01-27 21:31:23.467369,0x433abf20,13.27625,61.25,5.75,-74,1769578277,3,3
2026-01-27 21:32:19.557066,0x433b0b38,13.25125,90.0,6.0,-70,1769578333,5,5
2026-01-27 21:33:49.479871,0x433acb14,13.27,65.0,-5.25,-104,1769578423,3,3
2026-01-27 21:36:24.233044,0x433abf20,13.2775,62.5,5.5,-76,1769578578,3,3
2026-01-27 21:36:39.249799,0x433ad35c,13.2775,76.25,6.0,-54,1769578593,3,3
2026-01-27 21:37:22.437626,0x433b0b38,13.26375,61.25,5.5,-70,1769578636,5,5
2026-01-27 21:38:42.769509,0x433b0098,13.245,73.75,6.25,-62,1769578716,2,2
2026-01-27 21:38:50.931236,0x433acb14,13.26375,72.5,-0.25,-94,1769578724,3,3
2026-01-27 21:41:34.312629,0x433abf20,13.27625,65.0,5.5,-75,1769578888,3,3
2026-01-27 21:42:24.187368,0x433b0b38,13.25875,60.0,6.0,-72,1769578937,5,5
2026-01-27 21:43:51.508386,0x433acb14,13.26875,65.0,1.0,-94,1769579025,3,3
2026-01-27 21:46:27.377089,0x433abf20,13.27375,75.0,5.25,-75,1769579181,3,3
2026-01-27 21:46:41.001590,0x433ad35c,13.28125,62.5,7.25,-54,1769579194,3,3
2026-01-27 21:47:26.046557,0x433b0b38,13.25875,62.5,5.75,-73,1769579239,5,5
2026-01-27 21:48:45.954656,0x433b0098,13.2525,63.75,6.0,-62,1769579319,2,2
2026-01-27 21:48:53.712844,0x433acb14,13.265,71.25,-0.25,-93,1769579327,3,3
2026-01-27 21:51:32.070119,0x433abf20,13.27625,62.5,5.5,-75,1769579485,3,3
2026-01-27 21:52:26.256083,0x433b0b38,13.26125,65.0,5.25,-72,1769579540,5,5
2026-01-27 21:53:54.962748,0x433acb14,13.26875,63.75,3.25,-90,1769579628,3,3
2026-01-27 21:56:30.982017,0x433abf20,13.27625,60.0,5.5,-76,1769579784,3,3
2026-01-27 21:56:43.553279,0x433ad35c,13.2775,75.0,6.75,-54,1769579797,3,3
2026-01-27 21:57:26.912838,0x433b0b38,13.2625,63.75,6.5,-72,1769579840,5,5
2026-01-27 21:58:46.035808,0x433b0098,13.24625,70.0,6.75,-61,1769579919,2,2
2026-01-27 21:58:55.522741,0x433acb14,13.26875,63.75,3.5,-91,1769579929,3,3
2026-01-26 12:00:25.194668,0x433b0098,13.24375,62.5,7.0,-62,1769457622,2,2
2026-01-26 12:03:03.232806,0x433abf20,13.26875,60.0,5.5,-76,1769457780,3,3
2026-01-26 12:03:34.325258,0x433b0b38,13.24625,62.5,6.0,-74,1769457811,5,5
2026-01-26 12:04:46.365678,0x433acb14,13.2875,76.25,1.5,-96,1769457883,3,3
2026-01-26 12:07:41.545226,0x433ad35c,13.28,62.5,5.75,-53,1769458058,3,3
2026-01-26 12:08:04.107029,0x433abf20,13.26375,73.75,5.5,-76,1769458081,3,3
2026-01-26 12:08:35.532116,0x433b0b38,13.24625,57.5,6.25,-73,1769458112,5,5
2026-01-26 12:09:47.915631,0x433acb14,13.29,72.5,1.25,-96,1769458184,3,3
2026-01-26 12:10:26.766456,0x433b0098,13.23875,72.5,5.75,-62,1769458223,2,2
2026-01-26 12:13:06.644810,0x433abf20,13.265,68.75,5.75,-76,1769458383,3,3
2026-01-26 12:13:34.998075,0x433b0b38,13.2425,75.0,5.5,-73,1769458411,5,5
2026-01-26 12:14:50.190951,0x433acb14,13.2925,63.75,1.75,-96,1769458487,3,3
2026-01-26 12:17:43.483166,0x433ad35c,13.27875,76.25,7.0,-54,1769458660,3,3
2026-01-26 12:18:06.398240,0x433abf20,13.26875,66.25,5.75,-76,1769458683,3,3
2026-01-26 12:18:36.568174,0x433b0b38,13.24375,76.25,5.75,-73,1769458713,5,5
2026-01-26 12:19:50.032568,0x433acb14,13.29125,65.0,-1.75,-100,1769458787,3,3
2026-01-26 12:20:27.650690,0x433b0098,13.2375,71.25,6.5,-62,1769458824,2,2
2026-01-26 12:23:07.215236,0x433abf20,13.26625,70.0,5.75,-75,1769458984,3,3
2026-01-26 12:23:36.859511,0x433b0b38,13.24,75.0,5.5,-73,1769459013,5,5
2026-01-26 12:24:54.760153,0x433acb14,13.2875,73.75,2.25,-94,1769459091,3,3
2026-01-26 12:25:11.708394,0x433af380,13.20625,81.25,6.5,-40,1769459108,3,3
2026-01-26 12:27:46.017044,0x433ad35c,13.28375,63.75,7.5,-53,1769459262,3,3
2026-01-26 12:28:07.362485,0x433abf20,13.26875,62.5,5.25,-76,1769459284,3,3
2026-01-26 12:28:39.290761,0x433b0b38,13.2425,70.0,5.5,-74,1769459316,5,5
2026-01-26 12:29:52.464652,0x433acb14,13.28875,67.5,2.0,-95,1769459389,3,3
2026-01-26 12:30:31.044357,0x433b0098,13.2425,58.75,6.0,-62,1769459428,2,2
2026-01-26 12:33:09.194173,0x433abf20,13.2725,62.5,5.25,-75,1769459586,3,3
2026-01-26 12:33:40.622608,0x433b0b38,13.24625,73.75,6.0,-73,1769459617,5,5
2026-01-26 12:34:58.025917,0x433acb14,13.295,62.5,2.5,-94,1769459694,3,3
2026-01-26 12:37:48.644581,0x433ad35c,13.28,78.75,6.0,-55,1769459865,3,3
2026-01-26 12:38:10.553130,0x433abf20,13.2725,65.0,5.75,-75,1769459887,3,3
2026-01-26 12:38:40.753361,0x433b0b38,13.245,73.75,5.5,-74,1769459917,5,5
2026-01-26 12:39:58.283033,0x433acb14,13.2925,63.75,3.5,-93,1769459995,3,3
2026-01-26 12:40:32.825485,0x433b0098,13.25125,57.5,6.25,-61,1769460029,2,2
2026-01-26 12:43:11.280603,0x433abf20,13.26875,75.0,5.5,-76,1769460188,3,3
2026-01-26 12:43:43.614070,0x433b0b38,13.245,75.0,6.0,-74,1769460220,5,5
2026-01-26 12:44:56.512066,0x433acb14,13.29,73.75,3.75,-92,1769460293,3,3
2026-01-26 12:47:50.259256,0x433ad35c,13.2825,75.0,6.0,-54,1769460467,3,3
2026-01-26 12:48:12.378736,0x433abf20,13.2675,72.5,5.75,-76,1769460489,3,3
2026-01-26 12:48:44.040398,0x433b0b38,13.24875,61.25,5.5,-73,1769460520,5,5
2026-01-26 12:49:59.690255,0x433acb14,13.26625,138.75,1.75,-95,1769460596,3,3
2026-01-26 12:50:34.282721,0x433b0098,13.25125,61.25,7.0,-62,1769460631,2,2
2026-01-26 12:53:14.465703,0x433abf20,13.26375,65.0,5.5,-75,1769460791,3,3
2026-01-26 12:53:44.470887,0x433b0b38,13.2475,76.25,6.25,-74,1769460821,5,5
2026-01-26 12:55:01.267764,0x433acb14,13.2925,63.75,1.75,-95,1769460898,3,3
2026-01-26 12:57:53.658763,0x433ad35c,13.28125,77.5,6.0,-54,1769461070,3,3
2026-01-26 12:58:15.996796,0x433abf20,13.26875,72.5,6.0,-75,1769461092,3,3
2026-01-26 12:58:45.731699,0x433b0b38,13.24875,75.0,5.75,-73,1769461122,5,5
2026-01-25 19:00:10.091298,0x433acb14,13.29625,126.25,2.75,-93,1769396408,3,3
2026-01-25 19:02:57.330138,0x433ad35c,13.285,65.0,6.25,-54,1769396575,3,3
2026-01-25 19:03:55.743783,0x433b0b38,13.26125,63.75,5.75,-74,1769396634,5,5
2026-01-25 19:04:02.569679,0x433abf20,13.26625,76.25,6.0,-76,1769396641,3,3
2026-01-25 19:05:10.943479,0x433acb14,13.315,72.5,3.0,-93,1769396709,3,3
2026-01-25 19:06:08.485662,0x433b0098,13.24875,60.0,6.25,-60,1769396767,2,2
2026-01-25 19:08:59.002432,0x433b0b38,13.26375,63.75,6.5,-73,1769396937,5,5
2026-01-25 19:09:03.383899,0x433abf20,13.27,65.0,6.25,-76,1769396941,3,3
2026-01-25 19:10:13.873176,0x433acb14,13.31375,78.75,3.0,-92,1769397012,3,3
2026-01-25 19:12:58.300391,0x433ad35c,13.28125,76.25,6.25,-53,1769397176,3,3
2026-01-25 19:14:00.193485,0x433b0b38,13.2625,65.0,5.5,-74,1769397238,5,5
2026-01-25 19:14:04.627748,0x433abf20,13.26625,88.75,5.5,-76,1769397243,3,3
2026-01-25 19:15:15.777484,0x433acb14,13.3175,63.75,3.25,-92,1769397314,3,3
2026-01-25 19:16:12.607771,0x433b0098,13.24375,75.0,6.5,-60,1769397371,2,2
2026-01-25 19:19:00.535665,0x433b0b38,13.26,75.0,6.75,-73,1769397539,5,5
2026-01-25 19:19:04.830158,0x433abf20,13.2675,77.5,6.0,-76,1769397543,3,3
2026-01-25 19:20:17.387837,0x433acb14,13.31125,75.0,3.25,-93,1769397615,3,3
2026-01-25 19:22:20.066755,0x433af380,13.20375,81.25,6.75,-38,1769397738,3,3
2026-01-25 19:23:01.411436,0x433ad35c,13.28,75.0,6.0,-54,1769397780,3,3
2026-01-25 19:24:00.149792,0x433b0b38,13.26125,63.75,6.0,-74,1769397838,5,5
2026-01-25 19:24:05.917405,0x433abf20,13.26625,78.75,5.5,-76,1769397844,3,3
2026-01-25 19:25:22.256241,0x433acb14,13.315,62.5,3.25,-93,1769397920,3,3
2026-01-25 19:26:13.669005,0x433b0098,13.25,62.5,6.25,-60,1769397972,2,2
2026-01-25 19:29:02.958927,0x433b0b38,13.25625,70.0,6.5,-73,1769398141,5,5
2026-01-25 19:29:06.122409,0x433abf20,13.25,123.75,5.25,-76,1769398144,3,3
2026-01-25 19:30:19.842162,0x433acb14,13.3125,73.75,3.5,-92,1769398218,3,3
2026-01-25 19:33:04.508328,0x433ad35c,13.2825,63.75,5.75,-53,1769398383,3,3
2026-01-25 19:34:02.731888,0x433b0b38,13.2625,60.0,6.0,-73,1769398441,5,5
2026-01-25 19:34:16.495855,0x433abf20,13.26375,78.75,5.75,-76,1769398455,3,3
2026-01-25 19:35:20.314978,0x433acb14,13.315,60.0,3.5,-93,1769398518,3,3
2026-01-25 19:36:14.735092,0x433b0098,13.245,75.0,6.0,-60,1769398573,2,2
2026-01-25 19:39:04.910838,0x433b0b38,13.26125,61.25,5.75,-73,1769398743,5,5
2026-01-25 19:39:08.490579,0x433abf20,13.2675,65.0,5.75,-76,1769398747,3,3
2026-01-25 19:40:22.721685,0x433acb14,13.31125,75.0,2.75,-93,1769398821,3,3
2026-01-25 19:43:06.880109,0x433ad35c,13.2725,65.0,6.25,-54,1769398985,3,3
2026-01-25 19:44:07.765960,0x433b0b38,13.26375,63.75,6.0,-74,1769399046,5,5
2026-01-25 19:44:11.481375,0x433abf20,13.27,57.5,5.0,-76,1769399050,3,3
2026-01-25 19:45:22.748776,0x433acb14,13.31375,60.0,2.5,-94,1769399121,3,3
2026-01-25 19:46:17.461054,0x433b0098,13.24625,62.5,6.0,-61,1769399176,2,2
2026-01-25 19:49:07.425629,0x433b0b38,13.26,62.5,5.75,-73,1769399345,5,5
2026-01-25 19:49:12.581125,0x433abf20,13.26875,63.75,6.0,-76,1769399351,3,3
2026-01-25 19:50:26.559940,0x433acb14,13.31375,67.5,3.5,-93,1769399425,3,3
2026-01-25 19:53:08.848711,0x433ad35c,13.2825,63.75,5.75,-53,1769399587,3,3
2026-01-25 19:54:10.615238,0x433b0b38,13.2525,76.25,5.75,-73,1769399649,5,5
2026-01-25 19:54:15.926201,0x433abf20,13.27,66.25,6.0,-76,1769399654,3,3
2026-01-25 19:55:25.922044,0x433acb14,13.31125,76.25,3.25,-93,1769399724,3,3
2026-01-25 19:56:20.377120,0x433b0098,13.2475,62.5,6.0,-61,1769399778,2,2
2026-02-01 06:08:07.097500,0x433abf20,13.235,65.0,5.75,-75,1769954870,3,3
2026-02-01 06:09:11.505911,0x433b0098,13.20875,62.5,6.25,-59,1769954934,2,2
2026-02-01 06:10:06.417578,0x433b0b38,13.165,73.75,5.5,-70,1769954989,5,5
2026-02-01 06:11:55.314900,0x433acb14,13.11875,63.75,5.0,-86,1769955098,3,3
2026-02-01 06:12:20.013780,0x433aad0c,13.23125,61.25,5.75,-74,1769955123,3,3
2026-02-01 06:13:10.058785,0x433abf20,13.2325,72.5,5.75,-75,1769955173,3,3
2026-02-01 06:14:36.503075,0x433ad35c,13.10375,88.75,5.75,-55,1769955259,3,3
2026-02-01 06:15:08.004031,0x433b0b38,13.17,65.0,5.75,-70,1769955291,5,5
2026-02-01 06:17:00.081835,0x433acb14,13.11625,65.0,6.25,-86,1769955403,3,3
2026-02-01 06:18:10.569240,0x433abf20,13.235,65.0,5.75,-75,1769955473,3,3
2026-02-01 06:19:12.972516,0x433b0098,13.20875,65.0,6.0,-59,1769955536,2,2
2026-02-01 06:20:08.888267,0x433b0b38,13.16375,75.0,5.75,-70,1769955592,5,5
2026-02-01 06:21:58.143218,0x433acb14,13.11625,77.5,5.25,-85,1769955701,3,3
2026-02-01 06:22:22.024708,0x433aad0c,13.23375,62.5,5.75,-75,1769955725,3,3
2026-02-01 06:23:12.180234,0x433abf20,13.23625,67.5,5.75,-74,1769955775,3,3
2026-02-01 06:24:39.036084,0x433ad35c,13.105,62.5,5.75,-55,1769955862,3,3
2026-02-01 06:25:09.480637,0x433b0b38,13.15125,76.25,5.25,-71,1769955892,5,5
2026-02-01 06:26:59.183817,0x433acb14,13.11875,66.25,6.25,-86,1769956002,3,3
2026-02-01 06:28:12.988832,0x433abf20,13.23625,63.75,5.75,-75,1769956076,3,3
2026-02-01 06:29:16.187833,0x433b0098,13.20125,82.5,5.75,-59,1769956139,2,2
2026-02-01 06:30:11.684504,0x433b0b38,13.1675,56.25,5.5,-70,1769956194,5,5
2026-02-01 06:32:00.389537,0x433acb14,13.11625,66.25,6.0,-87,1769956303,3,3
2026-02-01 06:32:24.790159,0x433aad0c,13.2325,61.25,5.5,-75,1769956327,3,3
2026-02-01 06:33:14.838149,0x433abf20,13.23375,62.5,6.25,-75,1769956377,3,3
2026-02-01 06:34:41.992276,0x433ad35c,13.10375,62.5,5.75,-55,1769956465,3,3
2026-02-01 06:35:12.502941,0x433b0b38,13.1625,76.25,5.75,-71,1769956495,5,5
2026-02-01 06:37:01.584902,0x433acb14,13.1175,65.0,5.5,-86,1769956604,3,3
2026-02-01 06:38:15.082938,0x433abf20,13.2125,123.75,6.0,-75,1769956678,3,3
2026-02-01 06:39:19.887991,0x433b0098,13.20375,60.0,5.75,-59,1769956742,2,2
2026-02-01 06:40:13.650484,0x433b0b38,13.16,68.75,6.25,-70,1769956796,5,5
2026-02-01 06:42:05.170388,0x433acb14,13.11875,66.25,6.0,-86,1769956908,3,3
2026-02-01 06:42:27.090192,0x433aad0c,13.2325,66.25,5.5,-75,1769956930,3,3
2026-02-01 06:43:18.875001,0x433abf20,13.23375,66.25,6.0,-75,1769956981,3,3
2026-02-01 06:44:45.606104,0x433ad35c,13.10125,63.75,6.25,-55,1769957068,3,3
2026-02-01 06:45:23.530209,0x433b0b38,13.16125,70.0,5.25,-70,1769957106,5,5
2026-02-01 06:46:04.924680,0x433af380,13.0275,73.75,6.25,-38,1769957148,3,3
2026-02-01 06:47:03.344222,0x433acb14,13.11625,67.5,5.75,-86,1769957206,3,3
2026-02-01 06:48:18.781005,0x433abf20,13.23,76.25,5.75,-74,1769957281,3,3
2026-02-01 06:49:20.106353,0x433b0098,13.2,73.75,7.0,-59,1769957343,2,2
2026-02-01 06:50:17.395179,0x433b0b38,13.1675,66.25,6.0,-69,1769957400,5,5
2026-02-01 06:52:07.482450,0x433acb14,13.11625,63.75,6.0,-86,1769957510,3,3
2026-02-01 06:52:35.146129,0x433aad0c,13.22625,71.25,6.0,-75,1769957538,3,3
2026-02-01 06:53:19.060462,0x433abf20,13.235,67.5,5.75,-74,1769957582,3,3
2026-02-01 06:54:46.915786,0x433ad35c,13.09875,75.0,5.75,-55,1769957669,3,3
2026-02-01 06:55:18.654113,0x433b0b38,13.15875,71.25,5.25,-71,1769957701,5,5
2026-02-01 06:57:07.354028,0x433acb14,13.11125,73.75,6.25,-86,1769957810,3,3
2026-02-01 06:58:25.359927,0x433abf20,13.23375,65.0,6.0,-75,1769957888,3,3
2026-02-01 06:59:22.077077,0x433b0098,13.2,75.0,6.25,-58,1769957945,2,2
2026-02-01 07:00:19.878764,0x433b0b38,13.1625,75.0,5.5,-70,1769958002,5,5
2026-02-01 07:02:08.003717,0x433acb14,13.11625,67.5,5.75,-86,1769958111,3,3
2026-02-01 07:02:35.628606,0x433aad0c,13.23375,63.75,6.0,-75,1769958138,3,3
2026-02-01 07:03:24.212531,0x433abf20,13.23375,65.0,6.25,-75,1769958187,3,3
2026-02-01 07:04:49.894583,0x433ad35c,13.10125,68.75,6.25,-55,1769958272,3,3
2026-02-01 07:05:26.027866,0x433b0b38,13.1575,73.75,6.0,-70,1769958309,5,5
2026-02-01 07:07:11.242836,0x433acb14,13.1125,76.25,5.25,-86,1769958414,3,3
2026-01-29 01:04:03.149629,0x433ad35c,13.25,72.5,6.25,-55,1769677434,3,3
2026-01-29 01:04:24.000522,0x433b0b38,13.23875,61.25,5.75,-72,1769677455,5,5
2026-01-29 01:04:54.536733,0x433b0098,13.22375,73.75,7.25,-60,1769677485,2,2
2026-01-29 01:06:13.283302,0x433acb14,13.21625,77.5,5.25,-85,1769677564,3,3
2026-01-29 01:07:45.980665,0x433abf20,13.2575,58.75,5.5,-76,1769677657,3,3
2026-01-29 01:09:25.277850,0x433b0b38,13.23375,80.0,5.5,-72,1769677756,5,5
2026-01-29 01:11:15.424016,0x433acb14,13.21625,72.5,5.5,-85,1769677866,3,3
2026-01-29 01:11:32.750369,0x433aad0c,13.24,71.25,5.0,-76,1769677883,3,3
2026-01-29 01:12:46.325551,0x433abf20,13.25625,62.5,5.5,-76,1769677957,3,3
2026-01-29 01:14:07.050082,0x433ad35c,13.25,76.25,6.75,-54,1769678038,3,3
2026-01-29 01:14:26.542982,0x433b0b38,13.24,61.25,5.5,-72,1769678057,5,5
2026-01-29 01:14:55.814952,0x433b0098,13.22875,58.75,6.75,-60,1769678086,2,2
2026-01-29 01:16:16.606743,0x433acb14,13.22,65.0,4.25,-85,1769678167,3,3
2026-01-29 01:17:47.137835,0x433abf20,13.255,63.75,5.5,-76,1769678258,3,3
2026-01-29 01:19:28.160665,0x433b0b38,13.24,65.0,6.25,-71,1769678359,5,5
2026-01-29 01:21:18.102971,0x433acb14,13.22,66.25,4.75,-85,1769678469,3,3
2026-01-29 01:21:35.555275,0x433aad0c,13.2425,62.5,5.25,-76,1769678486,3,3
2026-01-29 01:24:08.087373,0x433ad35c,13.25125,63.75,6.0,-55,1769678639,3,3
2026-01-29 01:24:29.968807,0x433b0b38,13.2325,70.0,5.75,-72,1769678660,5,5
2026-01-29 01:24:59.338764,0x433b0098,13.2275,61.25,7.0,-60,1769678690,2,2
2026-01-29 01:26:19.100671,0x433acb14,13.22125,62.5,5.25,-85,1769678770,3,3
2026-01-29 01:27:47.998752,0x433abf20,13.25625,66.25,5.5,-76,1769678859,3,3
2026-01-29 01:29:31.707434,0x433b0b38,13.2325,71.25,6.0,-72,1769678962,5,5
2026-01-29 01:31:21.236452,0x433acb14,13.21625,76.25,5.0,-85,1769679072,3,3
2026-01-29 01:31:39.096828,0x433aad0c,13.2425,66.25,5.5,-76,1769679090,3,3
2026-01-29 01:32:48.956146,0x433abf20,13.255,63.75,5.25,-76,1769679159,3,3
2026-01-29 01:34:10.623553,0x433ad35c,13.24875,76.25,6.25,-55,1769679241,3,3
2026-01-29 01:34:32.004527,0x433b0b38,13.23625,72.5,5.75,-72,1769679263,5,5
2026-01-29 01:35:00.054788,0x433b0098,13.22125,75.0,7.5,-59,1769679291,2,2
2026-01-29 01:35:52.045625,0x433af380,13.18,67.5,6.5,-38,1769679343,3,3
2026-01-29 01:36:21.724181,0x433acb14,13.21625,75.0,5.25,-86,1769679372,3,3
2026-01-29 01:37:49.509666,0x433abf20,13.25625,65.0,5.75,-76,1769679460,3,3
2026-01-29 01:39:33.782681,0x433b0b38,13.23,70.0,6.0,-72,1769679564,5,5
2026-01-29 01:41:22.881725,0x433acb14,13.22125,67.5,5.25,-85,1769679673,3,3
2026-01-29 01:41:47.088713,0x433aad0c,13.24375,73.75,5.5,-76,1769679698,3,3
2026-01-29 01:42:55.976391,0x433abf20,13.25125,75.0,5.5,-75,1769679766,3,3
2026-01-29 01:44:15.033617,0x433ad35c,13.24625,71.25,6.0,-55,1769679846,3,3
2026-01-29 01:44:34.717865,0x433b0b38,13.235,63.75,6.0,-72,1769679865,5,5
2026-01-29 01:45:00.381491,0x433b0098,13.2225,65.0,6.5,-59,1769679891,2,2
2026-01-29 01:46:23.453518,0x433acb14,13.2175,66.25,5.75,-86,1769679974,3,3
2026-01-29 01:47:52.171937,0x433abf20,13.23125,133.75,3.0,-76,1769680063,3,3
2026-01-29 01:49:35.794672,0x433b0b38,13.23125,71.25,6.0,-72,1769680166,5,5
2026-01-29 01:51:24.939090,0x433acb14,13.215,73.75,4.75,-85,1769680275,3,3
2026-01-29 01:51:46.153683,0x433aad0c,13.24,72.5,5.75,-76,1769680297,3,3
2026-01-29 01:52:55.595574,0x433abf20,13.25375,60.0,5.5,-75,1769680366,3,3
2026-01-29 01:54:16.879010,0x433ad35c,13.25,65.0,6.25,-56,1769680447,3,3
2026-01-29 01:54:37.991824,0x433b0b38,13.23125,73.75,6.25,-72,1769680468,5,5
2026-01-29 01:55:01.553846,0x433b0098,13.22625,62.5,7.25,-60,1769680492,2,2
2026-01-29 01:56:25.964114,0x433acb14,13.21875,66.25,4.75,-85,1769680576,3,3
2026-01-29 01:57:55.515819,0x433abf20,13.255,66.25,6.25,-76,1769680666,3,3
2026-01-29 01:59:39.754327,0x433b0b38,13.235,61.25,6.0,-72,1769680770,5,5
2026-01-29 02:01:28.216151,0x433acb14,13.21875,65.0,4.5,-85,1769680879,3,3
2026-01-29 02:01:50.094151,0x433aad0c,13.24,68.75,5.25,-76,1769680901,3,3
2026-01-29 02:02:56.313812,0x433abf20,13.2325,123.75,5.25,-75,1769680967,3,3
2026-01-28 08:04:13.039723,0x433abf20,13.2675,65.0,5.75,-75,1769616245,3,3
2026-01-28 08:05:10.796677,0x433b0b38,13.25,63.75,5.5,-73,1769616303,5,5
2026-01-28 08:06:38.568853,0x433acb14,13.24,73.75,3.75,-92,1769616391,3,3
2026-01-28 08:09:13.668831,0x433abf20,13.26625,65.0,5.75,-75,1769616546,3,3
2026-01-28 08:09:30.257789,0x433ad35c,13.26375,78.75,6.25,-54,1769616563,3,3
2026-01-28 08:10:11.970683,0x433b0b38,13.2475,62.5,5.5,-72,1769616604,5,5
2026-01-28 08:11:23.553836,0x433b0098,13.23875,60.0,5.75,-61,1769616676,2,2
2026-01-28 08:11:39.788706,0x433acb14,13.22125,126.25,3.75,-91,1769616692,3,3
2026-01-28 08:14:14.668615,0x433abf20,13.2675,61.25,5.75,-75,1769616847,3,3
2026-01-28 08:15:12.644538,0x433b0b38,13.25,82.5,5.75,-72,1769616905,5,5
2026-01-28 08:16:39.984211,0x433acb14,13.2425,66.25,5.5,-89,1769616992,3,3
2026-01-28 08:19:16.820400,0x433abf20,13.2675,62.5,6.25,-75,1769617149,3,3
2026-01-28 08:19:34.584854,0x433ad35c,13.26375,77.5,6.25,-54,1769617167,3,3
2026-01-28 08:20:15.058428,0x433b0b38,13.25,61.25,5.75,-73,1769617207,5,5
2026-01-28 08:21:23.272196,0x433b0098,13.2325,73.75,6.0,-61,1769617276,2,2
2026-01-28 08:21:42.588849,0x433acb14,13.245,68.75,4.5,-89,1769617295,3,3
2026-01-28 08:24:18.104320,0x433abf20,13.26625,61.25,5.75,-75,1769617450,3,3
2026-01-28 08:25:17.048962,0x433b0b38,13.245,76.25,5.5,-73,1769617509,5,5
2026-01-28 08:26:42.765065,0x433acb14,13.2375,72.5,5.0,-89,1769617595,3,3
2026-01-28 08:29:20.189108,0x433abf20,13.26625,61.25,6.0,-75,1769617752,3,3
2026-01-28 08:29:37.778736,0x433ad35c,13.25,131.25,6.5,-54,1769617770,3,3
2026-01-28 08:30:17.307541,0x433b0b38,13.24625,58.75,6.0,-73,1769617810,5,5
2026-01-28 08:31:24.190956,0x433b0098,13.23375,73.75,6.25,-61,1769617876,2,2
2026-01-28 08:31:46.107477,0x433acb14,13.245,67.5,3.75,-92,1769617898,3,3
2026-01-28 08:33:32.905472,0x433af380,13.1825,83.75,6.25,-38,1769618005,3,3
2026-01-28 08:34:22.367536,0x433abf20,13.26625,63.75,5.75,-75,1769618055,3,3
2026-01-28 08:35:18.032145,0x433b0b38,13.25125,66.25,5.75,-72,1769618110,5,5
2026-01-28 08:36:49.076838,0x433acb14,13.24,77.5,3.75,-92,1769618201,3,3
2026-01-28 08:39:21.818328,0x433abf20,13.2625,78.75,6.25,-74,1769618354,3,3
2026-01-28 08:39:41.429309,0x433ad35c,13.26625,63.75,6.25,-55,1769618374,3,3
2026-01-28 08:40:21.421997,0x433b0b38,13.245,73.75,4.25,-73,1769618414,5,5
2026-01-28 08:41:28.525984,0x433b0098,13.23875,57.5,6.5,-61,1769618481,2,2
2026-01-28 08:41:47.925672,0x433acb14,13.24375,78.75,4.0,-92,1769618500,3,3
2026-01-28 08:44:23.684229,0x433abf20,13.26625,62.5,6.25,-75,1769618656,3,3
2026-01-28 08:45:22.681797,0x433b0b38,13.24875,63.75,6.0,-73,1769618715,5,5
2026-01-28 08:46:50.255083,0x433acb14,13.24375,63.75,2.5,-93,1769618802,3,3
2026-01-28 08:49:25.395933,0x433abf20,13.265,62.5,5.75,-75,1769618958,3,3
2026-01-28 08:49:42.619356,0x433ad35c,13.265,75.0,6.0,-54,1769618975,3,3
2026-01-28 08:50:22.623141,0x433b0b38,13.22125,90.0,6.0,-73,1769619015,5,5
2026-01-28 08:51:33.105308,0x433b0098,13.23875,61.25,5.75,-62,1769619085,2,2
2026-01-28 08:51:50.203524,0x433acb14,13.23875,76.25,3.25,-93,1769619102,3,3
2026-01-28 08:54:25.986335,0x433abf20,13.26625,65.0,6.25,-75,1769619258,3,3
2026-01-28 08:55:24.382653,0x433b0b38,13.2425,75.0,6.25,-72,1769619317,5,5
2026-01-28 08:56:51.663929,0x433acb14,13.2425,65.0,3.25,-94,1769619404,3,3
2026-01-28 08:59:45.642366,0x433ad35c,13.26875,63.75,6.0,-53,1769619578,3,3
2026-01-28 09:00:25.935911,0x433b0b38,13.24375,72.5,6.0,-73,1769619618,5,5
2026-01-28 09:01:32.706951,0x433b0098,13.23375,72.5,6.25,-61,1769619685,2,2
2026-01-28 09:01:52.705562,0x433acb14,13.2425,62.5,3.5,-94,1769619705,3,3
2026-02-01 08:07:26.341696,0x433acb14,13.08875,132.5,4.0,-88,1769962029,3,3
2026-02-01 08:08:30.232981,0x433abf20,13.2325,62.5,5.5,-75,1769962093,3,3
2026-02-01 08:09:41.663444,0x433b0098,13.2,65.0,6.25,-58,1769962164,2,2
2026-02-01 08:10:43.837425,0x433b0b38,13.1575,65.0,5.75,-70,1769962226,5,5
2026-02-01 08:12:38.024675,0x433acb14,13.11125,66.25,6.0,-73,1769962340,3,2
2026-02-01 08:12:52.790266,0x433aad0c,13.23,62.5,6.75,-77,1769962355,3,3
2026-02-01 08:13:32.008782,0x433abf20,13.23125,66.25,5.5,-75,1769962394,3,3
2026-02-01 08:15:07.429790,0x433ad35c,13.09625,63.75,6.0,-55,1769962490,3,3
2026-02-01 08:15:41.222650,0x433b0b38,13.16,66.25,5.25,-70,1769962524,5,5
2026-02-01 08:17:28.031484,0x433acb14,13.11125,65.0,4.5,-88,1769962630,3,3
2026-02-01 08:18:31.946304,0x433abf20,13.23375,65.0,5.5,-76,1769962694,3,3
2026-02-01 08:19:44.795890,0x433b0098,13.19875,60.0,6.0,-60,1769962767,2,2
2026-02-01 08:20:42.485024,0x433b0b38,13.155,76.25,5.75,-71,1769962825,5,5
2026-02-01 08:22:35.987497,0x433acb14,13.11375,61.25,4.0,-88,1769962938,3,3
2026-02-01 08:22:57.197851,0x433aad0c,13.22625,71.25,5.75,-77,1769962960,3,3
2026-02-01 08:23:35.059164,0x433abf20,13.23125,65.0,6.0,-76,1769962997,3,3
2026-02-01 08:25:09.395473,0x433ad35c,13.095,65.0,6.5,-55,1769963092,3,3
2026-02-01 08:25:43.108348,0x433b0b38,13.155,62.5,5.5,-71,1769963126,5,5
2026-02-01 08:27:30.375199,0x433acb14,13.11375,65.0,4.75,-89,1769963233,3,3
2026-02-01 08:28:34.023727,0x433abf20,13.22875,75.0,5.5,-76,1769963296,3,3
2026-02-01 08:29:47.498019,0x433b0098,13.2,61.25,6.0,-60,1769963370,2,2
2026-02-01 08:30:45.204467,0x433b0b38,13.1575,62.5,6.0,-71,1769963428,5,5
2026-02-01 08:32:34.301108,0x433acb14,13.11375,63.75,5.25,-88,1769963537,3,3
2026-02-01 08:32:59.869557,0x433aad0c,13.23125,63.75,5.0,-78,1769963562,3,3
2026-02-01 08:33:36.077826,0x433abf20,13.225,93.75,5.75,-75,1769963598,3,3
2026-02-01 08:35:12.628218,0x433ad35c,13.0975,66.25,6.5,-54,1769963695,3,3
2026-02-01 08:35:45.612531,0x433b0b38,13.1575,65.0,6.0,-71,1769963728,5,5
2026-02-01 08:37:32.942742,0x433acb14,13.1125,62.5,5.5,-90,1769963835,3,3
2026-02-01 08:38:36.021490,0x433abf20,13.22625,76.25,5.5,-75,1769963898,3,3
2026-02-01 08:39:50.338042,0x433b0098,13.19625,76.25,6.5,-60,1769963973,2,2
2026-02-01 08:40:46.957010,0x433b0b38,13.155,61.25,6.0,-72,1769964029,5,5
2026-02-01 08:42:34.545267,0x433acb14,13.105,63.75,5.0,-89,1769964137,3,3
2026-02-01 08:42:59.631877,0x433aad0c,13.23,60.0,5.5,-78,1769964162,3,3
2026-02-01 08:43:38.494554,0x433abf20,13.23375,61.25,5.75,-75,1769964201,3,3
2026-02-01 08:45:14.469986,0x433ad35c,13.09875,65.0,7.25,-54,1769964297,3,3
2026-02-01 08:45:48.223045,0x433b0b38,13.14875,78.75,5.5,-72,1769964331,5,5
2026-02-01 08:46:22.926964,0x433af380,13.025,67.5,6.0,-38,1769964365,3,3
2026-02-01 08:47:35.910861,0x433acb14,13.10875,77.5,4.75,-90,1769964438,3,3
2026-02-01 08:48:40.509962,0x433abf20,13.23125,65.0,5.75,-53,1769964503,3,2
2026-02-01 08:49:51.628769,0x433b0098,13.195,73.75,6.5,-59,1769964574,2,2
2026-02-01 08:50:49.482972,0x433b0b38,13.14875,71.25,6.0,-72,1769964632,5,5
2026-02-01 08:53:03.421427,0x433aad0c,13.205,130.0,5.75,-78,1769964766,3,3
2026-02-01 08:53:39.027630,0x433abf20,13.23125,65.0,5.75,-76,1769964801,3,3
2026-02-01 08:55:18.490572,0x433ad35c,13.09625,78.75,6.5,-54,1769964901,3,3
2026-02-01 08:55:51.303545,0x433b0b38,13.15375,62.5,6.0,-72,1769964934,5,5
2026-02-01 08:57:44.380422,0x433acb14,13.11125,81.25,3.25,-89,1769965047,3,3
2026-02-01 08:58:43.117179,0x433abf20,13.2325,66.25,5.5,-76,1769965105,3,3
2026-02-01 08:59:55.647802,0x433b0098,13.20125,63.75,5.5,-60,1769965178,2,2
2026-02-01 09:00:54.995022,0x433b0b38,13.1525,61.25,6.0,-73,1769965237,5,5
2026-02-01 09:02:45.000479,0x433acb14,13.11375,66.25,3.5,-90,1769965347,3,3
2026-02-01 09:03:05.234541,0x433aad0c,13.22375,80.0,5.5,-78,1769965368,3,3
2026-02-01 09:03:42.292188,0x433abf20,13.2275,76.25,5.75,-75,1769965405,3,3
2026-02-01 09:05:22.521549,0x433ad35c,13.1,63.75,7.0,-54,1769965505,3,3
2026-02-01 09:05:53.508517,0x433b0b38,13.15375,58.75,5.75,-72,1769965536,5,5
2026-01-30 09:04:48.138154,0x433acb14,13.14875,140.0,0.5,-96,1769792676,3,3
2026-01-30 09:08:01.751146,0x433b0b38,13.21875,62.5,5.5,-73,1769792869,5,5
2026-01-30 09:09:10.182915,0x433abf20,13.24375,63.75,5.5,-76,1769792938,3,3
2026-01-30 09:09:49.904847,0x433acb14,13.175,62.5,3.5,-90,1769792977,3,3
2026-01-30 09:10:14.860811,0x433aad0c,13.23875,63.75,6.25,-77,1769793002,3,3
2026-01-30 09:10:52.373342,0x433b0098,13.2075,62.5,7.0,-60,1769793040,2,2
2026-01-30 09:12:35.410426,0x433ad35c,13.235,63.75,6.25,-53,1769793143,3,3
2026-01-30 09:13:01.832059,0x433b0b38,13.215,68.75,5.75,-73,1769793169,5,5
2026-01-30 09:14:11.735489,0x433abf20,13.23875,72.5,6.0,-76,1769793239,3,3
2026-01-30 09:14:52.215765,0x433acb14,13.17375,76.25,4.5,-90,1769793280,3,3
2026-01-30 09:18:02.358247,0x433b0b38,13.215,71.25,6.0,-74,1769793470,5,5
2026-01-30 09:19:12.613359,0x433abf20,13.24375,62.5,6.25,-76,1769793540,3,3
2026-01-30 09:19:52.836137,0x433acb14,13.17875,62.5,4.5,-89,1769793580,3,3
2026-01-30 09:20:20.275000,0x433aad0c,13.2375,60.0,6.0,-77,1769793608,3,3
2026-01-30 09:20:54.747599,0x433b0098,13.17625,116.25,6.5,-60,1769793642,2,2
2026-01-30 09:22:37.969154,0x433ad35c,13.2375,63.75,6.0,-54,1769793745,3,3
2026-01-30 09:23:05.199856,0x433b0b38,13.22,61.25,5.75,-74,1769793773,5,5
2026-01-30 09:24:16.269585,0x433abf20,13.24375,66.25,5.5,-76,1769793844,3,3
2026-01-30 09:24:53.811902,0x433acb14,13.17625,65.0,3.5,-91,1769793881,3,3
2026-01-30 09:28:06.275728,0x433b0b38,13.22,60.0,5.0,-74,1769794074,5,5
2026-01-30 09:29:15.524129,0x433abf20,13.2175,133.75,5.25,-76,1769794143,3,3
2026-01-30 09:29:55.205466,0x433acb14,13.17375,75.0,4.0,-91,1769794183,3,3
2026-01-30 09:30:25.529780,0x433aad0c,13.23875,62.5,6.25,-77,1769794213,3,3
2026-01-30 09:30:57.114685,0x433b0098,13.2075,70.0,6.0,-61,1769794244,2,2
2026-01-30 09:32:40.460746,0x433ad35c,13.23625,61.25,6.0,-53,1769794348,3,3
2026-01-30 09:33:06.954371,0x433b0b38,13.21625,75.0,6.0,-74,1769794374,5,5
2026-01-30 09:34:16.349668,0x433abf20,13.245,65.0,5.75,-76,1769794444,3,3
2026-01-30 09:34:57.117012,0x433acb14,13.175,75.0,3.0,-92,1769794484,3,3
2026-01-30 09:38:08.738748,0x433b0b38,13.21875,76.25,5.5,-74,1769794676,5,5
2026-01-30 09:39:18.675558,0x433abf20,13.24375,65.0,5.75,-76,1769794746,3,3
2026-01-30 09:40:00.173401,0x433acb14,13.1775,65.0,3.75,-92,1769794788,3,3
2026-01-30 09:40:15.332113,0x433af380,13.1725,70.0,5.75,-39,1769794803,3,3
2026-01-30 09:40:23.427472,0x433aad0c,13.235,75.0,6.75,-76,1769794811,3,3
2026-01-30 09:41:05.334832,0x433b0098,13.2025,68.75,6.75,-60,1769794853,2,2
2026-01-30 09:42:42.990321,0x433ad35c,13.235,72.5,5.75,-53,1769794950,3,3
2026-01-30 09:43:09.157299,0x433b0b38,13.2175,63.75,5.75,-73,1769794977,5,5
2026-01-30 09:44:20.389807,0x433abf20,13.24625,63.75,5.5,-76,1769795048,3,3
2026-01-30 09:45:07.189276,0x433acb14,13.1775,63.75,4.0,-92,1769795095,3,3
2026-01-30 09:48:13.750846,0x433b0b38,13.215,76.25,6.0,-73,1769795281,5,5
2026-01-30 09:49:20.289568,0x433abf20,13.24,75.0,5.5,-76,1769795348,3,3
2026-01-30 09:50:02.094253,0x433acb14,13.175,73.75,4.0,-92,1769795389,3,3
2026-01-30 09:50:26.361572,0x433aad0c,13.2375,63.75,5.75,-77,1769795414,3,3
2026-01-30 09:51:04.134488,0x433b0098,13.21125,58.75,5.75,-59,1769795451,2,2
2026-01-30 09:52:46.480891,0x433ad35c,13.23875,65.0,6.25,-53,1769795554,3,3
2026-01-30 09:53:12.257832,0x433b0b38,13.22125,63.75,5.75,-72,1769795580,5,5
2026-01-30 09:54:21.731398,0x433abf20,13.24,72.5,5.75,-76,1769795649,3,3
2026-01-30 09:55:02.804905,0x433acb14,13.15375,128.75,3.0,-93,1769795690,3,3
2026-01-30 09:58:15.598248,0x433b0b38,13.22125,63.75,5.5,-74,1769795883,5,5
2026-01-30 09:59:21.759759,0x433abf20,13.24375,66.25,5.5,-75,1769795949,3,3
2026-01-30 10:00:28.381288,0x433aad0c,13.235,62.5,6.0,-77,1769796016,3,3
2026-01-30 10:01:06.522491,0x433b0098,13.205,73.75,5.75,-62,1769796054,2,2
2026-01-30 10:02:48.098702,0x433ad35c,13.24,65.0,6.0,-53,1769796155,3,3
2026-01-30 10:03:14.988236,0x433b0b38,13.22,62.5,6.25,-74,1769796182,5,5
2026-01-30 10:04:24.769792,0x433abf20,13.24375,61.25,5.75,-77,1769796252,3,3
2026-01-30 15:05:17.854353,0x433abf20,13.27,62.5,6.0,-77,1769814305,3,3
2026-01-30 15:06:25.163769,0x433acb14,13.205,63.75,3.25,-93,1769814372,3,3
2026-01-30 15:09:39.532208,0x433b0b38,13.245,87.5,6.5,-72,1769814566,5,5
2026-01-30 15:10:19.056472,0x433abf20,13.27125,66.25,5.25,-77,1769814606,3,3
2026-01-30 15:11:27.792821,0x433acb14,13.205,61.25,2.25,-94,1769814675,3,3
2026-01-30 15:11:50.365191,0x433aad0c,13.265,63.75,4.75,-90,1769814697,3,3
2026-01-30 15:12:01.271055,0x433b0098,13.2375,72.5,6.75,-61,1769814708,2,2
2026-01-30 15:14:11.007635,0x433ad35c,13.2675,75.0,6.25,-54,1769814838,3,3
2026-01-30 15:14:40.522057,0x433b0b38,13.2525,58.75,5.75,-72,1769814867,5,5
2026-01-30 15:15:24.393736,0x433abf20,13.2725,62.5,5.25,-76,1769814911,3,3
2026-01-30 15:16:28.558650,0x433acb14,13.205,62.5,2.75,-93,1769814975,3,3
2026-01-30 15:19:41.442095,0x433b0b38,13.25125,62.5,5.75,-72,1769815168,5,5
2026-01-30 15:20:22.114301,0x433abf20,13.27125,65.0,5.25,-77,1769815209,3,3
2026-01-30 15:21:31.106182,0x433acb14,13.17625,138.75,3.25,-93,1769815278,3,3
2026-01-30 15:21:52.252931,0x433aad0c,13.2625,73.75,5.75,-89,1769815299,3,3
2026-01-30 15:22:02.373010,0x433b0098,13.24,77.5,5.5,-61,1769815309,2,2
2026-01-30 15:24:14.321787,0x433ad35c,13.27,65.0,6.75,-54,1769815441,3,3
2026-01-30 15:24:42.090874,0x433b0b38,13.2525,61.25,6.25,-73,1769815469,5,5
2026-01-30 15:25:22.295572,0x433abf20,13.2675,72.5,5.5,-76,1769815509,3,3
2026-01-30 15:26:36.778811,0x433acb14,13.2,73.75,2.75,-93,1769815584,3,3
2026-01-30 15:29:42.849804,0x433b0b38,13.25,70.0,6.0,-72,1769815770,5,5
2026-01-30 15:30:23.183473,0x433abf20,13.2675,71.25,5.5,-76,1769815810,3,3
2026-01-30 15:31:33.795243,0x433acb14,13.205,75.0,2.5,-95,1769815881,3,3
2026-01-30 15:31:55.577487,0x433aad0c,13.27,61.25,5.5,-89,1769815902,3,3
2026-01-30 15:32:03.609088,0x433b0098,13.21125,118.75,6.25,-60,1769815910,2,2
2026-01-30 15:34:16.065431,0x433ad35c,13.2675,75.0,6.5,-53,1769816043,3,3
2026-01-30 15:34:45.020239,0x433b0b38,13.25,73.75,6.25,-72,1769816072,5,5
2026-01-30 15:35:24.364138,0x433abf20,13.2675,71.25,6.0,-76,1769816111,3,3
2026-01-30 15:36:33.963425,0x433acb14,13.2025,76.25,-1.5,-94,1769816181,3,3
2026-01-30 15:39:46.062331,0x433b0b38,13.25,75.0,5.75,-72,1769816373,5,5
2026-01-30 15:40:24.167009,0x433abf20,13.2675,75.0,5.5,-76,1769816411,3,3
2026-01-30 15:41:02.093114,0x433af380,13.21125,68.75,6.5,-38,1769816449,3,3
2026-01-30 15:41:35.194431,0x433acb14,13.205,61.25,-2.25,-95,1769816482,3,3
2026-01-30 15:41:58.232618,0x433aad0c,13.265,75.0,3.0,-90,1769816505,3,3
2026-01-30 15:42:06.885511,0x433b0098,13.24125,71.25,6.0,-61,1769816514,2,2
2026-01-30 15:44:19.797084,0x433ad35c,13.27125,66.25,6.75,-54,1769816646,3,3
2026-01-30 15:44:46.652285,0x433b0b38,13.25375,62.5,6.5,-72,1769816673,5,5
2026-01-30 15:45:25.304474,0x433abf20,13.2675,75.0,5.5,-76,1769816712,3,3
2026-01-30 15:46:37.240869,0x433acb14,13.2025,75.0,0.5,-96,1769816784,3,3
2026-01-30 15:49:48.912783,0x433b0b38,13.2575,65.0,6.0,-72,1769816976,5,5
2026-01-30 15:50:34.859176,0x433abf20,13.27125,66.25,5.5,-77,1769817022,3,3
2026-01-30 15:51:39.092508,0x433acb14,13.205,65.0,2.5,-94,1769817086,3,3
2026-01-30 15:52:00.753579,0x433aad0c,13.27125,61.25,4.25,-90,1769817107,3,3
2026-01-30 15:52:06.869176,0x433b0098,13.2475,58.75,5.5,-62,1769817114,2,2
2026-01-30 15:54:22.899622,0x433ad35c,13.27,65.0,6.25,-53,1769817250,3,3
2026-01-30 15:54:49.177340,0x433b0b38,13.255,62.5,7.5,-72,1769817276,5,5
2026-01-30 15:55:30.205142,0x433abf20,13.26875,73.75,5.75,-76,1769817317,3,3
2026-01-30 15:56:40.423463,0x433acb14,13.205,63.75,3.0,-93,1769817387,3,3
2026-01-30 15:59:51.272637,0x433b0b38,13.25125,73.75,6.0,-72,1769817578,5,5
2026-01-30 16:00:32.324675,0x433abf20,13.26875,68.75,6.25,-76,1769817619,3,3
2026-01-30 16:01:40.127621,0x433acb14,13.20625,61.25,3.25,-93,1769817687,3,3
2026-01-30 16:02:03.148422,0x433aad0c,13.27,62.5,5.75,-89,1769817710,3,3
2026-01-30 16:02:08.265690,0x433b0098,13.24125,72.5,6.0,-61,1769817715,2,2
2026-01-30 16:04:26.823459,0x433ad35c,13.2675,76.25,6.25,-53,1769817853,3,3
2026-01-29 12:04:07.321206,0x433acb14,13.22125,80.0,5.5,-89,1769717037,3,3
2026-01-29 12:04:35.062988,0x433aad0c,13.2475,60.0,-7.25,-89,1769717065,3,3
2026-01-29 12:05:11.188266,0x433abf20,13.25375,77.5,6.0,-76,1769717101,3,3
2026-01-29 12:07:00.501535,0x433ad35c,13.26625,61.25,6.25,-53,1769717210,3,3
2026-01-29 12:07:05.012983,0x433b0098,13.22625,61.25,5.75,-60,1769717215,2,2
2026-01-29 12:07:23.736919,0x433b0b38,13.2275,68.75,4.5,-73,1769717233,5,5
2026-01-29 12:09:09.669081,0x433acb14,13.22875,66.25,-5.0,-86,1769717339,3,3
2026-01-29 12:10:11.157027,0x433abf20,13.25875,60.0,3.5,-75,1769717401,3,3
2026-01-29 12:12:26.117210,0x433b0b38,13.23125,63.75,6.0,-74,1769717536,5,5
2026-01-29 12:14:09.860339,0x433acb14,13.22625,61.25,-3.75,-85,1769717639,3,3
2026-01-29 12:14:37.330364,0x433aad0c,13.245,75.0,-7.75,-90,1769717667,3,3
2026-01-29 12:15:12.106946,0x433abf20,13.26125,63.75,4.75,-75,1769717702,3,3
2026-01-29 12:17:02.893872,0x433ad35c,13.265,76.25,6.75,-54,1769717812,3,3
2026-01-29 12:17:06.150455,0x433b0098,13.22375,72.5,5.75,-61,1769717816,2,2
2026-01-29 12:17:28.616814,0x433b0b38,13.22625,72.5,4.0,-73,1769717838,5,5
2026-01-29 12:19:11.121591,0x433acb14,13.2275,63.75,-4.0,-86,1769717941,3,3
2026-01-29 12:20:14.439912,0x433abf20,13.26125,60.0,5.5,-76,1769718004,3,3
2026-01-29 12:22:29.983114,0x433b0b38,13.22625,71.25,5.5,-75,1769718139,5,5
2026-01-29 12:24:13.169692,0x433acb14,13.225,76.25,-7.0,-89,1769718243,3,3
2026-01-29 12:24:39.852295,0x433aad0c,13.25,63.75,-7.5,-90,1769718269,3,3
2026-01-29 12:25:15.656231,0x433abf20,13.2625,63.75,5.0,-74,1769718305,3,3
2026-01-29 12:27:06.068046,0x433ad35c,13.26875,65.0,7.5,-53,1769718416,3,3
2026-01-29 12:27:08.440636,0x433b0098,13.23125,62.5,5.25,-60,1769718418,2,2
2026-01-29 12:27:29.718945,0x433b0b38,13.235,60.0,4.25,-73,1769718439,5,5
2026-01-29 12:29:17.709362,0x433acb14,13.23,65.0,-10.75,-93,1769718547,3,3
2026-01-29 12:30:17.712105,0x433abf20,13.2375,132.5,4.25,-75,1769718607,3,3
2026-01-29 12:32:30.068779,0x433b0b38,13.2325,60.0,5.75,-73,1769718740,5,5
2026-01-29 12:34:22.969835,0x433acb14,13.23,63.75,4.25,-92,1769718852,3,3
2026-01-29 12:34:41.766809,0x433aad0c,13.245,68.75,2.75,-90,1769718871,3,3
2026-01-29 12:35:24.028175,0x433abf20,13.26,73.75,5.75,-76,1769718914,3,3
2026-01-29 12:37:07.744404,0x433ad35c,13.27125,60.0,5.75,-53,1769719017,3,3
2026-01-29 12:37:10.705714,0x433b0098,13.1925,131.25,5.75,-62,1769719020,2,2
2026-01-29 12:37:15.285553,0x433af380,13.1075,126.25,6.0,-39,1769719025,3,3
2026-01-29 12:37:31.945209,0x433b0b38,13.2375,62.5,5.25,-73,1769719041,5,5
2026-01-29 12:39:17.470150,0x433acb14,13.23125,66.25,2.75,-94,1769719147,3,3
2026-01-29 12:40:21.296024,0x433abf20,13.26375,65.0,5.5,-76,1769719211,3,3
2026-01-29 12:42:35.061833,0x433b0b38,13.23375,72.5,5.75,-73,1769719345,5,5
2026-01-29 12:44:19.435441,0x433acb14,13.225,77.5,1.5,-96,1769719449,3,3
2026-01-29 12:44:44.923007,0x433aad0c,13.25125,60.0,5.25,-90,1769719474,3,3
2026-01-29 12:45:22.340508,0x433abf20,13.265,63.75,5.5,-75,1769719512,3,3
2026-01-29 12:47:09.390654,0x433ad35c,13.2675,72.5,7.75,-54,1769719619,3,3
2026-01-29 12:47:13.527583,0x433b0098,13.2325,61.25,5.75,-61,1769719623,2,2
2026-01-29 12:47:33.983766,0x433b0b38,13.2375,62.5,5.5,-72,1769719643,5,5
2026-01-29 12:49:20.733566,0x433acb14,13.2325,61.25,3.5,-93,1769719750,3,3
2026-01-29 12:50:19.421578,0x433abf20,13.26,96.25,5.25,-75,1769719809,3,3
2026-01-29 12:52:35.565046,0x433b0b38,13.24125,61.25,6.0,-73,1769719945,5,5
2026-01-29 12:54:23.815762,0x433acb14,13.23375,66.25,-0.75,-97,1769720053,3,3
2026-01-29 12:54:47.575330,0x433aad0c,13.24875,75.0,3.75,-89,1769720077,3,3
2026-01-29 12:55:21.109418,0x433abf20,13.26125,73.75,6.0,-75,1769720111,3,3
2026-01-29 12:57:11.918383,0x433ad35c,13.2725,63.75,7.5,-54,1769720221,3,3
2026-01-29 12:57:15.927768,0x433b0098,13.22875,72.5,6.0,-61,1769720225,2,2
2026-01-29 12:57:37.649720,0x433b0b38,13.23875,63.75,5.5,-73,1769720247,5,5
2026-01-29 12:59:25.244542,0x433acb14,13.23375,62.5,2.0,-95,1769720355,3,3
2026-01-29 13:00:21.771743,0x433abf20,13.24125,133.75,6.75,-74,1769720411,3,3
2026-01-29 13:02:39.602076,0x433b0b38,13.24125,65.0,5.75,-73,1769720549,5,5
2026-01-30 10:05:12.110773,0x433acb14,13.1825,66.25,3.0,-92,1769796299,3,3
2026-01-30 10:08:16.887101,0x433b0b38,13.22,62.5,6.25,-73,1769796484,5,5
2026-01-30 10:09:23.557835,0x433abf20,13.24,75.0,5.5,-76,1769796551,3,3
2026-01-30 10:10:12.656153,0x433acb14,13.18125,67.5,2.0,-95,1769796600,3,3
2026-01-30 10:10:31.627084,0x433aad0c,13.24125,65.0,5.25,-77,1769796619,3,3
2026-01-30 10:11:11.180063,0x433b0098,13.205,70.0,6.0,-61,1769796658,2,2
2026-01-30 10:12:51.303607,0x433ad35c,13.2425,61.25,6.5,-53,1769796759,3,3
2026-01-30 10:13:18.473848,0x433b0b38,13.22,60.0,5.25,-73,1769796786,5,5
2026-01-30 10:14:24.878689,0x433abf20,13.23875,71.25,5.75,-76,1769796852,3,3
2026-01-30 10:15:09.611304,0x433acb14,13.1775,77.5,3.25,-94,1769796897,3,3
2026-01-30 10:18:20.232471,0x433b0b38,13.1925,120.0,5.5,-73,1769797088,5,5
2026-01-30 10:19:25.397390,0x433abf20,13.24125,75.0,6.0,-76,1769797153,3,3
2026-01-30 10:20:10.252391,0x433acb14,13.17875,73.75,3.25,-93,1769797198,3,3
2026-01-30 10:20:33.511017,0x433aad0c,13.23625,72.5,6.25,-76,1769797221,3,3
2026-01-30 10:21:11.615008,0x433b0098,13.21375,61.25,6.5,-61,1769797259,2,2
2026-01-30 10:22:54.017493,0x433ad35c,13.2425,62.5,6.5,-53,1769797361,3,3
2026-01-30 10:23:21.599812,0x433b0b38,13.19375,118.75,5.75,-73,1769797389,5,5
2026-01-30 10:24:25.401130,0x433abf20,13.22,150.0,6.0,-76,1769797453,3,3
2026-01-30 10:25:11.611009,0x433acb14,13.17875,73.75,4.25,-91,1769797499,3,3
2026-01-30 10:28:25.354127,0x433b0b38,13.19,130.0,6.0,-73,1769797693,5,5
2026-01-30 10:29:25.941151,0x433abf20,13.24625,65.0,5.75,-76,1769797753,3,3
2026-01-30 10:30:12.521896,0x433acb14,13.17875,76.25,4.25,-92,1769797800,3,3
2026-01-30 10:30:35.228187,0x433aad0c,13.2375,78.75,5.5,-76,1769797822,3,3
2026-01-30 10:31:10.718420,0x433b0098,13.20625,70.0,5.75,-61,1769797858,2,2
2026-01-30 10:32:56.695460,0x433ad35c,13.245,65.0,6.0,-53,1769797964,3,3
2026-01-30 10:33:23.970656,0x433b0b38,13.2175,75.0,6.0,-73,1769797991,5,5
2026-01-30 10:34:27.363136,0x433abf20,13.2475,62.5,6.5,-80,1769798055,3,3
2026-01-30 10:35:13.867256,0x433acb14,13.1825,65.0,4.25,-92,1769798101,3,3
2026-01-30 10:38:25.757411,0x433b0b38,13.215,75.0,5.5,-74,1769798293,5,5
2026-01-30 10:39:29.141977,0x433abf20,13.245,66.25,5.0,-79,1769798356,3,3
2026-01-30 10:40:17.781817,0x433acb14,13.185,66.25,3.5,-93,1769798405,3,3
2026-01-30 10:40:25.923551,0x433af380,13.1775,68.75,6.0,-39,1769798413,3,3
2026-01-30 10:40:37.632973,0x433aad0c,13.2425,62.5,6.5,-77,1769798425,3,3
2026-01-30 10:41:12.522121,0x433b0098,13.21375,61.25,6.25,-61,1769798460,2,2
2026-01-30 10:42:58.457549,0x433ad35c,13.24625,63.75,6.25,-53,1769798566,3,3
2026-01-30 10:43:26.562636,0x433b0b38,13.19,132.5,5.5,-73,1769798594,5,5
2026-01-30 10:44:33.402213,0x433abf20,13.24875,63.75,6.0,-75,1769798661,3,3
2026-01-30 10:45:15.416368,0x433acb14,13.1875,65.0,3.5,-91,1769798703,3,3
2026-01-30 10:48:28.325037,0x433b0b38,13.2175,75.0,5.75,-73,1769798896,5,5
2026-01-30 10:49:31.451119,0x433abf20,13.24625,72.5,5.5,-76,1769798959,3,3
2026-01-30 10:50:17.644321,0x433acb14,13.18375,76.25,3.5,-92,1769799005,3,3
2026-01-30 10:50:42.285272,0x433aad0c,13.2375,76.25,5.0,-81,1769799030,3,3
2026-01-30 10:51:15.080229,0x433b0098,13.20875,71.25,6.0,-61,1769799062,2,2
2026-01-30 10:53:02.465513,0x433ad35c,13.245,73.75,6.25,-54,1769799170,3,3
2026-01-30 10:53:28.434314,0x433b0b38,13.2225,58.75,5.75,-74,1769799196,5,5
2026-01-30 10:54:31.106109,0x433abf20,13.2425,73.75,5.5,-75,1769799258,3,3
2026-01-30 10:55:24.478301,0x433acb14,13.185,76.25,2.75,-94,1769799312,3,3
2026-01-30 10:58:30.899771,0x433b0b38,13.2175,72.5,6.25,-72,1769799498,5,5
2026-01-30 10:59:31.464730,0x433abf20,13.24875,61.25,6.0,-76,1769799559,3,3
2026-01-30 11:00:20.341197,0x433acb14,13.19,65.0,-0.5,-97,1769799608,3,3
2026-01-30 11:00:43.757617,0x433aad0c,13.24,75.0,4.5,-85,1769799631,3,3
2026-01-30 11:01:16.004714,0x433b0098,13.21625,63.75,6.25,-61,1769799663,2,2
2026-01-30 11:03:03.543231,0x433ad35c,13.25,62.5,5.75,-54,1769799771,3,3
2026-01-30 11:03:31.270010,0x433b0b38,13.22375,62.5,5.75,-72,1769799798,5,5
2026-01-30 11:04:33.697216,0x433abf20,13.25,61.25,6.0,-76,1769799861,3,3
2026-01-29 14:04:42.526899,0x433acb14,13.2325,76.25,3.5,-91,1769724272,3,3
2026-01-29 14:05:05.420244,0x433aad0c,13.255,73.75,4.0,-91,1769724295,3,3
2026-01-29 14:05:36.649295,0x433abf20,13.26625,72.5,6.0,-74,1769724326,3,3
2026-01-29 14:07:29.476995,0x433b0098,13.23625,71.25,6.25,-61,1769724439,2,2
2026-01-29 14:07:31.170799,0x433ad35c,13.27375,73.75,7.75,-53,1769724440,3,3
2026-01-29 14:07:58.692187,0x433b0b38,13.25125,57.5,6.0,-73,1769724468,5,5
2026-01-29 14:09:44.526900,0x433acb14,13.23375,72.5,1.5,-92,1769724574,3,3
2026-01-29 14:10:38.562367,0x433abf20,13.27,62.5,6.25,-74,1769724628,3,3
2026-01-29 14:12:58.968073,0x433b0b38,13.24625,73.75,6.0,-72,1769724768,5,5
2026-01-29 14:14:44.616611,0x433acb14,13.23625,66.25,3.75,-89,1769724874,3,3
2026-01-29 14:15:07.974444,0x433aad0c,13.25875,63.75,3.75,-91,1769724897,3,3
2026-01-29 14:15:38.506907,0x433abf20,13.2675,73.75,6.25,-75,1769724928,3,3
2026-01-29 14:17:32.429392,0x433b0098,13.245,58.75,6.0,-61,1769725042,2,2
2026-01-29 14:17:37.240875,0x433ad35c,13.275,71.25,6.75,-54,1769725047,3,3
2026-01-29 14:18:02.303562,0x433b0b38,13.25125,62.5,6.25,-74,1769725072,5,5
2026-01-29 14:19:45.716371,0x433acb14,13.215,125.0,-3.5,-96,1769725175,3,3
2026-01-29 14:20:38.873600,0x433abf20,13.24875,131.25,5.75,-75,1769725228,3,3
2026-01-29 14:22:59.425904,0x433b0b38,13.2525,56.25,5.0,-74,1769725369,5,5
2026-01-29 14:24:47.415011,0x433acb14,13.23875,63.75,-0.75,-95,1769725477,3,3
2026-01-29 14:25:10.730610,0x433aad0c,13.2575,71.25,2.75,-90,1769725500,3,3
2026-01-29 14:25:42.653787,0x433abf20,13.27,65.0,6.0,-75,1769725532,3,3
2026-01-29 14:27:32.985379,0x433b0098,13.24375,58.75,6.0,-61,1769725642,2,2
2026-01-29 14:27:37.456446,0x433ad35c,13.28,61.25,6.25,-55,1769725647,3,3
2026-01-29 14:28:02.239797,0x433b0b38,13.255,61.25,6.25,-72,1769725672,5,5
2026-01-29 14:29:49.167475,0x433acb14,13.23375,80.0,-2.25,-94,1769725778,3,3
2026-01-29 14:30:41.102204,0x433abf20,13.2675,73.75,6.75,-74,1769725830,3,3
2026-01-29 14:33:04.686940,0x433b0b38,13.2575,61.25,6.0,-72,1769725974,5,5
2026-01-29 14:34:49.532680,0x433acb14,13.2375,77.5,4.0,-92,1769726079,3,3
2026-01-29 14:35:13.020329,0x433aad0c,13.26375,61.25,3.5,-91,1769726102,3,3
2026-01-29 14:35:41.775791,0x433abf20,13.26625,76.25,6.0,-76,1769726131,3,3
2026-01-29 14:37:32.571551,0x433af380,13.1875,80.0,6.0,-39,1769726242,3,3
2026-01-29 14:37:35.089331,0x433b0098,13.24875,61.25,5.75,-60,1769726244,2,2
2026-01-29 14:37:39.105904,0x433ad35c,13.275,75.0,7.0,-53,1769726248,3,3
2026-01-29 14:38:04.837094,0x433b0b38,13.25625,62.5,5.75,-73,1769726274,5,5
2026-01-29 14:39:50.855464,0x433acb14,13.24,60.0,4.5,-91,1769726380,3,3
2026-01-29 14:40:42.561490,0x433abf20,13.26375,91.25,6.0,-74,1769726432,3,3
2026-01-29 14:43:04.968590,0x433b0b38,13.25625,65.0,6.0,-73,1769726574,5,5
2026-01-29 14:44:51.839742,0x433acb14,13.24,68.75,3.25,-93,1769726681,3,3
2026-01-29 14:45:15.834592,0x433aad0c,13.26125,58.75,4.0,-91,1769726705,3,3
2026-01-29 14:45:45.350937,0x433abf20,13.27125,78.75,6.0,-75,1769726735,3,3
2026-01-29 14:47:37.654077,0x433b0098,13.25125,58.75,6.75,-61,1769726847,2,2
2026-01-29 14:47:41.807660,0x433ad35c,13.28,63.75,5.75,-53,1769726851,3,3
2026-01-29 14:48:07.106321,0x433b0b38,13.245,86.25,6.0,-73,1769726876,5,5
2026-01-29 14:49:52.629646,0x433acb14,13.24,65.0,1.5,-96,1769726982,3,3
2026-01-29 14:50:44.673552,0x433abf20,13.27125,63.75,6.0,-74,1769727034,3,3
2026-01-29 14:53:07.233355,0x433b0b38,13.25375,73.75,6.25,-74,1769727176,5,5
2026-01-29 14:54:55.411718,0x433acb14,13.24125,61.25,3.75,-92,1769727285,3,3
2026-01-29 14:55:18.865215,0x433aad0c,13.26625,62.5,4.5,-89,1769727308,3,3
2026-01-29 14:55:46.733897,0x433abf20,13.2725,61.25,5.75,-75,1769727336,3,3
2026-01-29 14:57:38.256721,0x433b0098,13.2425,71.25,6.25,-61,1769727447,2,2
2026-01-29 14:57:44.559234,0x433ad35c,13.28125,62.5,7.25,-53,1769727454,3,3
2026-01-29 14:58:08.783307,0x433b0b38,13.25875,58.75,5.75,-72,1769727478,5,5
2026-01-29 15:00:06.284456,0x433acb14,13.24,63.75,5.75,-73,1769727596,3,2
2026-01-29 15:00:48.270148,0x433abf20,13.2725,65.0,6.0,-74,1769727637,3,3
2026-01-29 15:03:10.525284,0x433b0b38,13.2575,60.0,6.0,-72,1769727780,5,5
2026-02-02 11:09:38.601957,0x433acb14,13.1175,62.5,2.5,-94,1770059358,3,3
2026-02-02 11:10:08.982247,0x433aad0c,13.225,73.75,5.75,-89,1770059389,3,3
2026-02-02 11:12:22.561356,0x433ad35c,13.09875,77.5,6.25,-54,1770059522,3,3
2026-02-02 11:12:55.881651,0x433b0b38,13.08125,71.25,6.5,-74,1770059555,5,5
2026-02-02 11:13:40.855237,0x433abf20,13.22125,75.0,5.75,-76,1770059600,3,3
2026-02-02 11:14:40.171256,0x433acb14,13.12,65.0,3.25,-94,1770059660,3,3
2026-02-02 11:15:11.537556,0x433b0098,13.2075,58.75,6.5,-62,1770059691,2,2
2026-02-02 11:17:57.118152,0x433b0b38,13.08875,62.5,5.5,-74,1770059857,5,5
2026-02-02 11:18:42.489814,0x433abf20,13.22625,65.0,6.75,-74,1770059902,3,3
2026-02-02 11:19:43.780844,0x433acb14,13.12,65.0,3.0,-93,1770059963,3,3
2026-02-02 11:20:11.451175,0x433aad0c,13.23,66.25,4.75,-89,1770059991,3,3
2026-02-02 11:22:24.813708,0x433ad35c,13.1,76.25,6.75,-53,1770060124,3,3
2026-02-02 11:23:01.579333,0x433b0b38,13.0875,60.0,6.0,-73,1770060161,5,5
2026-02-02 11:23:45.302352,0x433abf20,13.2275,63.75,5.75,-76,1770060205,3,3
2026-02-02 11:24:45.859360,0x433acb14,13.11875,63.75,3.0,-93,1770060265,3,3
2026-02-02 11:25:14.889496,0x433b0098,13.2075,61.25,6.25,-61,1770060294,2,2
2026-02-02 11:28:00.981557,0x433b0b38,13.0825,75.0,5.75,-73,1770060461,5,5
2026-02-02 11:28:44.416792,0x433abf20,13.2225,80.0,5.25,-76,1770060504,3,3
2026-02-02 11:29:46.077412,0x433acb14,13.115,73.75,4.0,-92,1770060566,3,3
2026-02-02 11:30:13.740640,0x433aad0c,13.23,61.25,4.75,-90,1770060593,3,3
2026-02-02 11:32:27.001825,0x433ad35c,13.10625,63.75,7.75,-54,1770060727,3,3
2026-02-02 11:33:04.793813,0x433b0b38,13.08875,57.5,5.75,-74,1770060764,5,5
2026-02-02 11:33:46.951707,0x433abf20,13.23,65.0,5.5,-76,1770060807,3,3
2026-02-02 11:34:47.009772,0x433acb14,13.1175,72.5,2.75,-94,1770060867,3,3
2026-02-02 11:35:16.702841,0x433b0098,13.20875,61.25,5.75,-60,1770060896,2,2
2026-02-02 11:38:03.288917,0x433b0b38,13.06,120.0,6.25,-73,1770061063,5,5
2026-02-02 11:38:48.723280,0x433abf20,13.23,61.25,5.0,-76,1770061108,3,3
2026-02-02 11:39:46.800698,0x433acb14,13.12375,65.0,2.0,-96,1770061166,3,3
2026-02-02 11:40:18.549094,0x433aad0c,13.2325,60.0,5.5,-90,1770061198,3,3
2026-02-02 11:42:29.199932,0x433ad35c,13.10375,63.75,6.75,-54,1770061329,3,3
2026-02-02 11:43:04.711234,0x433b0b38,13.05625,132.5,6.0,-72,1770061364,5,5
2026-02-02 11:43:49.405948,0x433abf20,13.2325,62.5,6.0,-76,1770061409,3,3
2026-02-02 11:44:49.995089,0x433acb14,13.12375,65.0,2.0,-96,1770061470,3,3
2026-02-02 11:45:19.154537,0x433b0098,13.215,63.75,6.25,-61,1770061499,2,2
2026-02-02 11:48:06.429714,0x433b0b38,13.08375,73.75,6.0,-73,1770061666,5,5
2026-02-02 11:48:49.708741,0x433abf20,13.23,68.75,6.0,-76,1770061709,3,3
2026-02-02 11:49:45.554027,0x433af380,12.98625,92.5,6.25,-38,1770061765,3,3
2026-02-02 11:49:48.761055,0x433acb14,13.125,62.5,3.5,-93,1770061768,3,3
2026-02-02 11:50:19.156008,0x433aad0c,13.2275,75.0,3.75,-91,1770061799,3,3
2026-02-02 11:52:32.830635,0x433ad35c,13.10875,66.25,6.0,-54,1770061932,3,3
2026-02-02 11:53:10.446386,0x433b0b38,13.085,75.0,6.0,-72,1770061970,5,5
2026-02-02 11:53:48.790244,0x433abf20,13.23,73.75,6.25,-76,1770062008,3,3
2026-02-02 11:54:52.038709,0x433acb14,13.12,75.0,3.0,-95,1770062072,3,3
2026-02-02 11:55:22.206718,0x433b0098,13.205,78.75,6.5,-61,1770062102,2,2
2026-02-02 11:58:09.700576,0x433b0b38,13.0925,63.75,6.0,-73,1770062269,5,5
2026-02-02 11:58:49.330073,0x433abf20,13.23125,73.75,5.5,-75,1770062309,3,3
2026-02-02 11:59:52.463651,0x433acb14,13.13,75.0,3.25,-94,1770062372,3,3
2026-02-02 12:00:20.759300,0x433aad0c,13.23375,60.0,4.0,-92,1770062400,3,3
2026-02-02 12:02:34.257351,0x433ad35c,13.11125,62.5,5.75,-53,1770062534,3,3
2026-02-02 12:03:10.012768,0x433b0b38,13.09125,63.75,5.75,-74,1770062570,5,5
2026-02-02 12:03:50.083319,0x433abf20,13.23125,75.0,5.5,-76,1770062610,3,3
2026-02-02 12:04:53.914541,0x433acb14,13.1275,63.75,3.25,-93,1770062673,3,3
2026-02-02 12:05:25.256893,0x433b0098,13.21,73.75,5.75,-61,1770062705,2,2
2026-02-02 12:08:10.841241,0x433b0b38,13.0875,75.0,5.75,-72,1770062870,5,5
2026-02-02 12:08:51.022844,0x433abf20,13.2375,65.0,5.5,-77,1770062911,3,3
2026-02-03 00:11:07.054919,0x433abf20,13.16125,72.5,5.5,-76,1770106245,3,3
2026-02-03 00:11:22.091609,0x433b0b38,13.09,61.25,5.5,-72,1770106260,5,5
2026-02-03 00:13:09.213869,0x433acb14,13.1025,73.75,4.25,-88,1770106367,3,3
2026-02-03 00:13:39.983112,0x433aad0c,13.24375,63.75,5.75,-75,1770106398,3,3
2026-02-03 00:15:52.411692,0x433ad35c,13.07125,145.0,7.25,-53,1770106531,3,3
2026-02-03 00:16:08.078485,0x433abf20,13.16125,83.75,6.0,-76,1770106546,3,3
2026-02-03 00:16:22.501366,0x433b0b38,13.08375,75.0,6.25,-72,1770106561,5,5
2026-02-03 00:17:46.888738,0x433b0098,13.2225,62.5,5.5,-61,1770106645,2,2
2026-02-03 00:18:09.541609,0x433acb14,13.10875,66.25,4.25,-89,1770106668,3,3
2026-02-03 00:21:09.052191,0x433abf20,13.1575,76.25,5.25,-75,1770106847,3,3
2026-02-03 00:21:25.044101,0x433b0b38,13.08625,72.5,5.75,-73,1770106863,5,5
2026-02-03 00:23:10.812169,0x433acb14,13.10875,68.75,4.5,-88,1770106969,3,3
2026-02-03 00:23:39.473090,0x433aad0c,13.24,75.0,5.25,-75,1770106998,3,3
2026-02-03 00:25:54.523036,0x433ad35c,13.0875,61.25,5.75,-53,1770107133,3,3
2026-02-03 00:26:09.426198,0x433abf20,13.15875,76.25,5.5,-76,1770107148,3,3
2026-02-03 00:26:25.043401,0x433b0b38,13.085,75.0,6.0,-72,1770107163,5,5
2026-02-03 00:27:50.433879,0x433b0098,13.2225,65.0,7.0,-60,1770107249,2,2
2026-02-03 00:28:12.778431,0x433acb14,13.10375,72.5,4.75,-88,1770107271,3,3
2026-02-03 00:31:10.486385,0x433abf20,13.16125,63.75,5.5,-75,1770107449,3,3
2026-02-03 00:31:29.960800,0x433b0b38,13.08875,61.25,5.25,-72,1770107468,5,5
2026-02-03 00:33:14.726977,0x433acb14,13.10625,66.25,4.5,-88,1770107573,3,3
2026-02-03 00:33:42.329803,0x433aad0c,13.24125,61.25,5.5,-75,1770107601,3,3
2026-02-03 00:35:58.011727,0x433ad35c,13.09,62.5,5.75,-53,1770107736,3,3
2026-02-03 00:36:12.241617,0x433abf20,13.16125,66.25,5.75,-75,1770107750,3,3
2026-02-03 00:36:28.506305,0x433b0b38,13.08375,68.75,6.5,-72,1770107767,5,5
2026-02-03 00:37:54.340202,0x433b0098,13.215,68.75,7.0,-60,1770107853,2,2
2026-02-03 00:38:14.895672,0x433acb14,13.1,75.0,4.0,-88,1770107873,3,3
2026-02-03 00:41:11.285956,0x433abf20,13.1625,66.25,5.75,-76,1770108049,3,3
2026-02-03 00:41:29.780141,0x433b0b38,13.08625,60.0,5.75,-73,1770108068,5,5
2026-02-03 00:43:16.947071,0x433acb14,13.10125,73.75,4.25,-88,1770108175,3,3
2026-02-03 00:43:45.493004,0x433aad0c,13.2425,63.75,5.5,-75,1770108204,3,3
2026-02-03 00:45:59.898836,0x433ad35c,13.0875,65.0,5.75,-52,1770108338,3,3
2026-02-03 00:46:12.261430,0x433abf20,13.15625,72.5,5.5,-76,1770108350,3,3
2026-02-03 00:46:31.626926,0x433b0b38,13.06,120.0,5.75,-72,1770108370,5,5
2026-02-03 00:47:52.680307,0x433b0098,13.22,60.0,7.25,-60,1770108451,2,2
2026-02-03 00:48:18.766245,0x433acb14,13.10375,67.5,4.25,-87,1770108477,3,3
2026-02-03 00:51:13.019447,0x433abf20,13.15625,72.5,5.5,-76,1770108651,3,3
2026-02-03 00:51:26.934155,0x433af380,12.98875,80.0,6.75,-37,1770108665,3,3
2026-02-03 00:51:33.436261,0x433b0b38,13.08625,57.5,5.75,-72,1770108672,5,5
2026-02-03 00:53:19.957086,0x433acb14,13.105,63.75,4.25,-87,1770108778,3,3
2026-02-03 00:53:47.858798,0x433aad0c,13.24,60.0,5.75,-75,1770108806,3,3
2026-02-03 00:56:02.399348,0x433ad35c,13.08625,67.5,6.25,-53,1770108941,3,3
2026-02-03 00:56:13.369483,0x433abf20,13.1475,90.0,5.75,-75,1770108952,3,3
2026-02-03 00:56:34.102246,0x433b0b38,13.08625,62.5,5.5,-73,1770108972,5,5
2026-02-03 00:57:53.638487,0x433b0098,13.22,63.75,6.0,-61,1770109052,2,2
2026-02-03 00:58:20.382628,0x433acb14,13.105,62.5,4.25,-88,1770109079,3,3
2026-02-03 01:01:14.857305,0x433abf20,13.15625,77.5,5.5,-75,1770109253,3,3
2026-02-03 01:01:36.149599,0x433b0b38,13.08625,58.75,6.0,-73,1770109274,5,5
2026-02-03 01:03:22.359013,0x433acb14,13.10375,72.5,4.25,-88,1770109380,3,3
2026-02-03 01:03:51.175336,0x433aad0c,13.23875,61.25,5.5,-75,1770109409,3,3
2026-02-03 01:06:04.492454,0x433ad35c,13.085,65.0,6.5,-53,1770109543,3,3
2026-02-03 01:06:14.905695,0x433abf20,13.15375,77.5,5.75,-75,1770109553,3,3
2026-02-03 01:06:36.586375,0x433b0b38,13.0825,76.25,5.5,-72,1770109575,5,5
2026-02-03 01:07:59.477550,0x433b0098,13.21125,73.75,6.75,-60,1770109658,2,2
2026-02-03 01:08:23.649560,0x433acb14,13.105,66.25,4.0,-87,1770109682,3,3
2026-01-30 23:06:17.722172,0x433ad35c,13.22375,77.5,6.0,-54,1769843164,3,3
2026-01-30 23:06:46.368949,0x433b0b38,13.23125,75.0,5.25,-74,1769843192,5,5
2026-01-30 23:06:49.522627,0x433abf20,13.23375,136.25,6.0,-77,1769843195,3,3
2026-01-30 23:08:34.755757,0x433acb14,13.1675,76.25,5.75,-85,1769843301,3,3
2026-01-30 23:11:46.837185,0x433b0b38,13.23375,73.75,5.75,-73,1769843493,5,5
2026-01-30 23:11:51.201076,0x433abf20,13.25625,63.75,5.75,-77,1769843497,3,3
2026-01-30 23:13:30.957190,0x433b0098,13.22875,75.0,6.25,-60,1769843597,2,2
2026-01-30 23:13:35.060983,0x433acb14,13.1725,66.25,5.75,-87,1769843601,3,3
2026-01-30 23:14:00.422998,0x433aad0c,13.25625,63.75,5.25,-76,1769843626,3,3
2026-01-30 23:16:21.101609,0x433ad35c,13.22375,62.5,6.0,-53,1769843767,3,3
2026-01-30 23:16:48.897209,0x433b0b38,13.23625,58.75,6.0,-73,1769843795,5,5
2026-01-30 23:16:51.559748,0x433abf20,13.25625,65.0,6.25,-77,1769843797,3,3
2026-01-30 23:18:36.720680,0x433acb14,13.1725,67.5,5.75,-86,1769843903,3,3
2026-01-30 23:21:49.900026,0x433b0b38,13.23625,60.0,5.25,-74,1769844096,5,5
2026-01-30 23:21:53.995299,0x433abf20,13.255,62.5,5.5,-77,1769844100,3,3
2026-01-30 23:23:32.037624,0x433b0098,13.23,60.0,6.25,-60,1769844198,2,2
2026-01-30 23:23:38.373013,0x433acb14,13.16625,76.25,6.25,-87,1769844204,3,3
2026-01-30 23:24:04.399086,0x433aad0c,13.255,66.25,5.75,-76,1769844230,3,3
2026-01-30 23:26:22.807718,0x433ad35c,13.22125,78.75,6.5,-53,1769844369,3,3
2026-01-30 23:26:51.970205,0x433b0b38,13.2325,75.0,5.5,-73,1769844398,5,5
2026-01-30 23:26:54.274746,0x433abf20,13.2375,125.0,6.0,-76,1769844400,3,3
2026-01-30 23:28:39.984429,0x433acb14,13.1675,76.25,6.25,-87,1769844506,3,3
2026-01-30 23:31:54.757570,0x433b0b38,13.23125,62.5,5.5,-73,1769844701,5,5
2026-01-30 23:31:59.788598,0x433abf20,13.2525,70.0,5.25,-76,1769844706,3,3
2026-01-30 23:33:32.653965,0x433b0098,13.23,67.5,6.25,-59,1769844799,2,2
2026-01-30 23:33:41.063854,0x433acb14,13.16125,90.0,5.75,-87,1769844807,3,3
2026-01-30 23:34:08.224846,0x433aad0c,13.25125,71.25,5.25,-76,1769844834,3,3
2026-01-30 23:36:26.421909,0x433ad35c,13.22125,61.25,6.5,-53,1769844972,3,3
2026-01-30 23:36:55.337608,0x433b0b38,13.20375,128.75,5.5,-73,1769845001,5,5
2026-01-30 23:36:58.481077,0x433abf20,13.2575,66.25,5.75,-76,1769845004,3,3
2026-01-30 23:38:43.130603,0x433acb14,13.165,72.5,6.0,-86,1769845109,3,3
2026-01-30 23:41:55.619123,0x433b0b38,13.23625,61.25,5.75,-73,1769845301,5,5
2026-01-30 23:41:59.774445,0x433abf20,13.25625,67.5,6.0,-76,1769845306,3,3
2026-01-30 23:42:05.589528,0x433af380,13.16625,83.75,7.0,-38,1769845311,3,3
2026-01-30 23:43:34.013995,0x433b0098,13.22875,61.25,6.5,-60,1769845400,2,2
2026-01-30 23:43:44.738531,0x433acb14,13.165,76.25,5.75,-86,1769845411,3,3
2026-01-30 23:44:09.337470,0x433aad0c,13.25375,61.25,5.25,-76,1769845435,3,3
2026-01-30 23:46:28.727043,0x433ad35c,13.2175,76.25,6.25,-53,1769845575,3,3
2026-01-30 23:46:58.730141,0x433abf20,13.25125,75.0,5.25,-77,1769845605,3,3
2026-01-30 23:47:00.448280,0x433b0b38,13.23375,62.5,5.5,-74,1769845606,5,5
2026-01-30 23:48:44.219541,0x433acb14,13.16625,77.5,5.5,-86,1769845710,3,3
2026-01-30 23:51:58.186771,0x433b0b38,13.23375,63.75,6.0,-73,1769845904,5,5
2026-01-30 23:52:03.412705,0x433abf20,13.255,66.25,6.25,-77,1769845909,3,3
2026-01-30 23:53:34.820905,0x433b0098,13.22375,73.75,6.25,-59,1769846001,2,2
2026-01-30 23:53:45.723613,0x433acb14,13.16375,76.25,6.5,-86,1769846012,3,3
2026-01-30 23:54:11.535207,0x433aad0c,13.25375,62.5,5.75,-77,1769846037,3,3
2026-01-30 23:56:31.296040,0x433ad35c,13.21875,61.25,7.0,-53,1769846177,3,3
2026-01-30 23:57:00.852885,0x433b0b38,13.23375,58.75,5.75,-74,1769846207,5,5
2026-01-30 23:57:02.763023,0x433abf20,13.255,61.25,5.75,-76,1769846209,3,3
2026-01-30 23:58:49.148793,0x433acb14,13.16875,63.75,5.0,-86,1769846315,3,3
2026-01-31 00:02:01.089749,0x433b0b38,13.22875,71.25,5.75,-73,1769846507,5,5
2026-01-31 00:02:05.266810,0x433abf20,13.25375,65.0,5.5,-76,1769846511,3,3
2026-01-31 00:03:36.016159,0x433b0098,13.22,76.25,6.0,-59,1769846602,2,2
2026-01-31 00:03:49.865299,0x433acb14,13.16875,67.5,4.5,-85,1769846616,3,3
2026-01-31 00:04:14.612635,0x433aad0c,13.25375,65.0,5.5,-76,1769846640,3,3
2026-02-02 19:10:02.373036,0x433b0b38,13.1225,66.25,6.25,-71,1770088181,5,5
2026-02-02 19:10:13.179941,0x433abf20,13.21125,73.75,5.5,-76,1770088192,3,3
2026-02-02 19:11:54.902699,0x433acb14,13.13875,60.0,4.25,-90,1770088294,3,3
2026-02-02 19:12:17.289541,0x433aad0c,13.26375,71.25,5.5,-75,1770088316,3,3
2026-02-02 19:14:30.213148,0x433ad35c,13.1225,61.25,6.75,-53,1770088449,3,3
2026-02-02 19:15:04.059237,0x433b0b38,13.12125,63.75,6.5,-72,1770088483,5,5
2026-02-02 19:15:14.472269,0x433abf20,13.215,61.25,5.5,-76,1770088493,3,3
2026-02-02 19:16:49.926629,0x433acb14,13.14,67.5,5.0,-89,1770088589,3,3
2026-02-02 19:16:53.775892,0x433b0098,13.25,60.0,6.0,-61,1770088593,2,2
2026-02-02 19:20:05.966740,0x433b0b38,13.11125,87.5,6.0,-71,1770088785,5,5
2026-02-02 19:20:14.494056,0x433abf20,13.21375,63.75,6.0,-76,1770088793,3,3
2026-02-02 19:21:51.005307,0x433acb14,13.1375,67.5,4.25,-90,1770088890,3,3
2026-02-02 19:22:21.102463,0x433aad0c,13.2675,60.0,5.75,-75,1770088920,3,3
2026-02-02 19:24:32.482489,0x433ad35c,13.12,63.75,5.75,-53,1770089051,3,3
2026-02-02 19:25:09.245972,0x433b0b38,13.11875,60.0,6.0,-72,1770089088,5,5
2026-02-02 19:25:15.256739,0x433abf20,13.2125,65.0,5.75,-76,1770089094,3,3
2026-02-02 19:26:54.255144,0x433acb14,13.1325,78.75,4.25,-89,1770089193,3,3
2026-02-02 19:26:56.870274,0x433b0098,13.25,63.75,6.25,-61,1770089196,2,2
2026-02-02 19:30:08.807213,0x433b0b38,13.1175,60.0,5.75,-72,1770089388,5,5
2026-02-02 19:30:16.035305,0x433abf20,13.21,65.0,5.5,-76,1770089395,3,3
2026-02-02 19:31:53.957820,0x433acb14,13.13625,67.5,4.75,-90,1770089493,3,3
2026-02-02 19:32:24.976866,0x433aad0c,13.26625,65.0,3.25,-53,1770089524,3,2
2026-02-02 19:34:36.759724,0x433ad35c,13.1175,76.25,5.75,-53,1770089655,3,3
2026-02-02 19:35:07.831296,0x433b0b38,13.1175,61.25,5.75,-71,1770089687,5,5
2026-02-02 19:35:17.317667,0x433abf20,13.20875,76.25,5.25,-76,1770089696,3,3
2026-02-02 19:36:55.313490,0x433acb14,13.13125,73.75,4.0,-90,1770089794,3,3
2026-02-02 19:36:58.266402,0x433b0098,13.245,73.75,6.0,-60,1770089797,2,2
2026-02-02 19:40:09.099052,0x433b0b38,13.1175,60.0,5.75,-71,1770089988,5,5
2026-02-02 19:40:17.574811,0x433abf20,13.2075,76.25,5.5,-76,1770089996,3,3
2026-02-02 19:41:56.033646,0x433acb14,13.1325,75.0,4.0,-89,1770090095,3,3
2026-02-02 19:42:25.012527,0x433aad0c,13.26125,73.75,6.0,-75,1770090124,3,3
2026-02-02 19:44:39.397439,0x433ad35c,13.11875,66.25,5.75,-53,1770090258,3,3
2026-02-02 19:45:10.510493,0x433b0b38,13.1175,63.75,7.5,-72,1770090289,5,5
2026-02-02 19:45:18.480458,0x433abf20,13.20625,76.25,6.0,-76,1770090297,3,3
2026-02-02 19:46:57.299221,0x433acb14,13.1225,73.75,4.25,-90,1770090396,3,3
2026-02-02 19:47:00.638745,0x433b0098,13.24125,68.75,6.0,-62,1770090399,2,2
2026-02-02 19:50:12.496297,0x433b0b38,13.11125,70.0,6.75,-73,1770090591,5,5
2026-02-02 19:50:18.875213,0x433abf20,13.20625,76.25,5.5,-76,1770090598,3,3
2026-02-02 19:50:50.884828,0x433af380,13.05125,67.5,6.25,-38,1770090630,3,3
2026-02-02 19:51:59.875018,0x433acb14,13.13625,61.25,4.5,-91,1770090699,3,3
2026-02-02 19:52:30.238815,0x433aad0c,13.265,63.75,5.75,-76,1770090729,3,3
2026-02-02 19:54:40.759653,0x433ad35c,13.115,75.0,8.25,-53,1770090859,3,3
2026-02-02 19:55:12.878742,0x433b0b38,13.11375,60.0,7.0,-72,1770090892,5,5
2026-02-02 19:55:19.652047,0x433abf20,13.21,65.0,5.75,-76,1770090898,3,3
2026-02-02 19:57:00.846183,0x433acb14,13.1325,65.0,4.5,-90,1770091000,3,3
2026-02-02 19:57:03.922266,0x433b0098,13.2475,58.75,6.0,-61,1770091003,2,2
2026-02-02 20:00:14.149022,0x433b0b38,13.1175,62.5,6.0,-71,1770091193,5,5
2026-02-02 20:00:20.113874,0x433abf20,13.20625,62.5,5.75,-75,1770091199,3,3
2026-02-02 20:02:04.922136,0x433acb14,13.1325,63.75,4.75,-89,1770091304,3,3
2026-02-02 20:02:31.227113,0x433aad0c,13.2525,76.25,5.5,-75,1770091330,3,3
2026-02-02 20:04:45.275405,0x433ad35c,13.11875,65.0,5.75,-53,1770091464,3,3
2026-02-02 20:05:16.293601,0x433b0b38,13.11375,63.75,5.75,-71,1770091495,5,5
2026-02-02 20:05:20.471677,0x433abf20,13.2075,66.25,5.75,-75,1770091499,3,3
2026-02-02 20:07:10.099733,0x433b0098,13.2475,62.5,6.0,-60,1770091609,2,2
2026-02-02 20:07:21.998363,0x433acb14,13.1325,63.75,6.25,-75,1770091621,3,2
2026-01-26 02:00:44.131125,0x433b0b38,13.2525,65.0,6.75,-74,1769421642,5,5
2026-01-26 02:00:50.398067,0x433abf20,13.26125,61.25,5.25,-76,1769421648,3,3
2026-01-26 02:02:09.192766,0x433acb14,13.28625,73.75,3.5,-91,1769421727,3,3
2026-01-26 02:04:53.944999,0x433ad35c,13.27,65.0,5.5,-53,1769421891,3,3
2026-01-26 02:05:46.173839,0x433b0b38,13.25,80.0,6.25,-73,1769421944,5,5
2026-01-26 02:05:50.730606,0x433abf20,13.2575,75.0,5.75,-77,1769421948,3,3
2026-01-26 02:07:09.194710,0x433acb14,13.2875,71.25,3.75,-90,1769422027,3,3
2026-01-26 02:07:58.171286,0x433b0098,13.24,62.5,6.0,-61,1769422076,2,2
2026-01-26 02:10:46.755750,0x433b0b38,13.25125,62.5,6.25,-74,1769422244,5,5
2026-01-26 02:10:54.898188,0x433abf20,13.26,61.25,5.0,-76,1769422252,3,3
2026-01-26 02:12:11.650690,0x433acb14,13.29,65.0,3.25,-90,1769422329,3,3
2026-01-26 02:14:58.152902,0x433ad35c,13.26875,66.25,6.0,-54,1769422496,3,3
2026-01-26 02:15:50.310466,0x433b0b38,13.245,73.75,6.5,-74,1769422548,5,5
2026-01-26 02:15:55.921133,0x433abf20,13.255,75.0,4.0,-76,1769422553,3,3
2026-01-26 02:17:11.761907,0x433acb14,13.29,58.75,3.5,-91,1769422629,3,3
2026-01-26 02:18:00.526445,0x433b0098,13.23375,75.0,6.0,-61,1769422678,2,2
2026-01-26 02:20:53.600533,0x433b0b38,13.245,71.25,6.5,-74,1769422851,5,5
2026-01-26 02:20:57.806610,0x433abf20,13.25875,65.0,5.5,-76,1769422855,3,3
2026-01-26 02:22:13.908449,0x433acb14,13.28625,63.75,3.25,-91,1769422931,3,3
2026-01-26 02:23:40.027911,0x433af380,13.19,78.75,6.5,-38,1769423017,3,3
2026-01-26 02:24:59.770315,0x433ad35c,13.26875,63.75,6.5,-53,1769423097,3,3
2026-01-26 02:25:52.565907,0x433b0b38,13.22125,135.0,6.75,-74,1769423150,5,5
2026-01-26 02:25:55.902819,0x433abf20,13.26,60.0,5.5,-76,1769423153,3,3
2026-01-26 02:27:14.462921,0x433acb14,13.28875,62.5,3.75,-91,1769423232,3,3
2026-01-26 02:28:04.320752,0x433b0098,13.23875,60.0,6.0,-60,1769423282,2,2
2026-01-26 02:30:53.381249,0x433b0b38,13.25,63.75,7.0,-73,1769423451,5,5
2026-01-26 02:31:04.095207,0x433abf20,13.26,63.75,5.75,-76,1769423462,3,3
2026-01-26 02:32:16.887471,0x433acb14,13.29,67.5,3.0,-91,1769423534,3,3
2026-01-26 02:35:05.612464,0x433ad35c,13.2675,77.5,6.5,-53,1769423703,3,3
2026-01-26 02:35:55.069134,0x433b0b38,13.24625,75.0,7.0,-73,1769423752,5,5
2026-01-26 02:35:57.564466,0x433abf20,13.23625,136.25,5.5,-76,1769423755,3,3
2026-01-26 02:37:17.901066,0x433acb14,13.28625,76.25,3.25,-91,1769423835,3,3
2026-01-26 02:38:07.788678,0x433b0098,13.23625,61.25,6.25,-61,1769423885,2,2
2026-01-26 02:40:58.522450,0x433b0b38,13.2475,58.75,0.75,-74,1769424056,5,5
2026-01-26 02:40:59.191888,0x433abf20,13.25625,76.25,5.75,-76,1769424057,3,3
2026-01-26 02:42:19.496260,0x433acb14,13.28625,62.5,3.5,-91,1769424137,3,3
2026-01-26 02:45:06.066933,0x433ad35c,13.26875,63.75,5.5,-53,1769424303,3,3
2026-01-26 02:45:59.863648,0x433b0b38,13.245,75.0,6.0,-73,1769424357,5,5
2026-01-26 02:46:02.045869,0x433abf20,13.25875,65.0,5.5,-76,1769424359,3,3
2026-01-26 02:47:19.503097,0x433acb14,13.28625,65.0,3.25,-91,1769424437,3,3
2026-01-26 02:48:08.645177,0x433b0098,13.23125,72.5,6.25,-61,1769424486,2,2
2026-01-26 02:50:58.293848,0x433b0b38,13.24875,68.75,6.25,-74,1769424656,5,5
2026-01-26 02:51:01.549007,0x433abf20,13.25875,63.75,6.0,-76,1769424659,3,3
2026-01-26 02:52:20.863394,0x433acb14,13.28875,66.25,3.75,-91,1769424738,3,3
2026-01-26 02:55:08.520513,0x433ad35c,13.26875,62.5,6.5,-53,1769424906,3,3
2026-01-26 02:56:02.222288,0x433abf20,13.26125,62.5,5.75,-76,1769424960,3,3
2026-01-26 02:56:05.492179,0x433b0b38,13.25125,60.0,7.25,-74,1769424963,5,5
2026-01-26 02:57:22.003469,0x433acb14,13.285,73.75,3.25,-90,1769425039,3,3
2026-01-26 02:58:11.406092,0x433b0098,13.22875,73.75,6.0,-61,1769425089,2,2
2026-01-28 23:03:30.383220,0x433ad35c,13.2575,77.5,7.75,-53,1769670201,3,3
2026-01-28 23:03:53.982264,0x433b0b38,13.2475,66.25,5.5,-73,1769670225,5,5
2026-01-28 23:04:36.897938,0x433b0098,13.235,75.0,7.25,-59,1769670268,2,2
2026-01-28 23:05:45.608533,0x433acb14,13.2225,77.5,4.5,-86,1769670336,3,3
2026-01-28 23:07:21.318715,0x433abf20,13.2575,73.75,6.0,-77,1769670432,3,3
2026-01-28 23:08:55.115697,0x433b0b38,13.245,63.75,5.75,-72,1769670526,5,5
2026-01-28 23:10:44.344271,0x433acb14,13.225,68.75,5.25,-85,1769670635,3,3
2026-01-28 23:11:02.682051,0x433aad0c,13.24375,62.5,5.25,-76,1769670653,3,3
2026-01-28 23:12:22.901750,0x433abf20,13.2575,75.0,5.75,-77,1769670734,3,3
2026-01-28 23:13:34.146826,0x433ad35c,13.26,66.25,6.75,-53,1769670805,3,3
2026-01-28 23:13:56.377947,0x433b0b38,13.23875,75.0,6.0,-72,1769670827,5,5
2026-01-28 23:14:35.647790,0x433b0098,13.20375,116.25,7.25,-60,1769670866,2,2
2026-01-28 23:15:49.522141,0x433acb14,13.22875,67.5,3.5,-85,1769670940,3,3
2026-01-28 23:17:23.484963,0x433abf20,13.2575,77.5,5.75,-77,1769671034,3,3
2026-01-28 23:18:57.402148,0x433b0b38,13.245,60.0,6.0,-73,1769671128,5,5
2026-01-28 23:20:46.169722,0x433acb14,13.22625,65.0,5.25,-85,1769671237,3,3
2026-01-28 23:21:04.396202,0x433aad0c,13.24125,72.5,5.75,-76,1769671255,3,3
2026-01-28 23:22:24.195052,0x433abf20,13.25625,76.25,6.5,-77,1769671335,3,3
2026-01-28 23:23:38.202160,0x433ad35c,13.26,61.25,7.25,-53,1769671409,3,3
2026-01-28 23:23:58.946176,0x433b0b38,13.24,61.25,5.5,-73,1769671430,5,5
2026-01-28 23:24:40.947587,0x433b0098,13.19875,130.0,6.25,-60,1769671472,2,2
2026-01-28 23:25:46.827384,0x433acb14,13.22625,60.0,4.5,-85,1769671538,3,3
2026-01-28 23:27:24.447003,0x433abf20,13.2575,86.25,5.75,-76,1769671635,3,3
2026-01-28 23:29:00.070969,0x433b0b38,13.245,65.0,5.5,-73,1769671731,5,5
2026-01-28 23:30:54.408158,0x433acb14,13.225,76.25,5.5,-74,1769671845,3,2
2026-01-28 23:31:09.142812,0x433aad0c,13.2425,75.0,5.75,-77,1769671860,3,3
2026-01-28 23:32:24.886745,0x433abf20,13.255,75.0,6.25,-76,1769671936,3,3
2026-01-28 23:33:40.671064,0x433ad35c,13.25625,76.25,6.0,-53,1769672011,3,3
2026-01-28 23:34:01.313841,0x433b0b38,13.24625,63.75,5.5,-73,1769672032,5,5
2026-01-28 23:34:44.760941,0x433b0098,13.23625,62.5,6.25,-60,1769672075,2,2
2026-01-28 23:35:34.874831,0x433af380,13.1875,67.5,6.5,-38,1769672126,3,3
2026-01-28 23:35:50.459622,0x433acb14,13.19875,141.25,4.5,-86,1769672141,3,3
2026-01-28 23:37:25.659792,0x433abf20,13.25625,76.25,5.75,-77,1769672236,3,3
2026-01-28 23:39:01.794210,0x433b0b38,13.24125,61.25,6.0,-73,1769672332,5,5
2026-01-28 23:40:51.808567,0x433acb14,13.22875,62.5,5.25,-85,1769672443,3,3
2026-01-28 23:41:10.455822,0x433aad0c,13.24375,62.5,5.75,-76,1769672461,3,3
2026-01-28 23:42:26.668610,0x433abf20,13.26125,65.0,4.75,-76,1769672537,3,3
2026-01-28 23:43:41.763330,0x433ad35c,13.25625,73.75,6.75,-54,1769672612,3,3
2026-01-28 23:44:03.068403,0x433b0b38,13.235,73.75,5.5,-72,1769672634,5,5
2026-01-28 23:44:45.481543,0x433b0098,13.2,132.5,6.0,-60,1769672676,2,2
2026-01-28 23:45:52.846480,0x433acb14,13.225,63.75,4.5,-85,1769672744,3,3
2026-01-28 23:47:27.445424,0x433abf20,13.2575,72.5,5.5,-76,1769672838,3,3
2026-01-28 23:49:04.957932,0x433b0b38,13.245,61.25,6.0,-73,1769672936,5,5
2026-01-28 23:50:53.492333,0x433acb14,13.22625,68.75,4.75,-85,1769673044,3,3
2026-01-28 23:51:13.410375,0x433aad0c,13.2425,72.5,5.75,-77,1769673064,3,3
2026-01-28 23:52:28.215560,0x433abf20,13.26,66.25,6.0,-76,1769673139,3,3
2026-01-28 23:53:47.673048,0x433ad35c,13.23875,130.0,6.25,-54,1769673218,3,3
2026-01-28 23:54:06.681336,0x433b0b38,13.24,61.25,5.75,-72,1769673237,5,5
2026-01-28 23:54:42.668146,0x433b0098,13.2275,73.75,7.0,-59,1769673273,2,2
2026-01-28 23:55:56.615105,0x433acb14,13.2275,67.5,4.75,-85,1769673347,3,3
2026-01-28 23:57:28.980594,0x433abf20,13.26125,66.25,5.0,-78,1769673440,3,3
2026-01-28 23:59:06.841611,0x433b0b38,13.24125,61.25,5.0,-72,1769673538,5,5
2026-01-29 00:01:00.001471,0x433acb14,13.22375,67.5,5.0,-86,1769673651,3,3
2026-01-29 00:01:15.246443,0x433aad0c,13.24375,63.75,5.5,-76,1769673666,3,3
2026-01-29 00:02:29.994571,0x433abf20,13.25875,66.25,6.0,-76,1769673741,3,3
2026-01-31 17:06:40.502070,0x433b0b38,13.235,67.5,0.5,-76,1769907985,5,4
2026-01-31 17:06:45.614724,0x433b0098,13.25125,62.5,5.75,-62,1769907990,2,2
2026-01-31 17:08:23.137907,0x433acb14,13.17875,66.25,3.75,-92,1769908087,3,3
2026-01-31 17:08:48.328508,0x433aad0c,13.2725,63.75,5.25,-77,1769908112,3,3
2026-01-31 17:10:36.751637,0x433abf20,13.2725,62.5,5.5,-76,1769908221,3,3
2026-01-31 17:11:09.847721,0x433ad35c,13.1925,62.5,6.5,-54,1769908254,3,3
2026-01-31 17:11:37.456054,0x433b0b38,13.235,73.75,6.25,-72,1769908281,5,5
2026-01-31 17:13:24.880261,0x433acb14,13.1775,65.0,3.25,-93,1769908389,3,3
2026-01-31 17:15:37.294748,0x433abf20,13.27,65.0,5.5,-76,1769908521,3,3
2026-01-31 17:16:39.026678,0x433b0b38,13.2375,65.0,5.75,-72,1769908583,5,5
2026-01-31 17:16:45.780797,0x433b0098,13.2525,63.75,6.25,-61,1769908590,2,2
2026-01-31 17:18:26.608450,0x433acb14,13.17625,75.0,3.5,-93,1769908691,3,3
2026-01-31 17:18:51.663799,0x433aad0c,13.26875,73.75,6.0,-76,1769908716,3,3
2026-01-31 17:20:42.186928,0x433abf20,13.27125,62.5,5.5,-76,1769908826,3,3
2026-01-31 17:21:11.326165,0x433ad35c,13.195,63.75,6.25,-54,1769908855,3,3
2026-01-31 17:21:46.843071,0x433b0b38,13.23875,62.5,6.5,-54,1769908891,5,3
2026-01-31 17:23:27.973200,0x433acb14,13.17875,62.5,3.0,-93,1769908992,3,3
2026-01-31 17:25:38.464106,0x433abf20,13.27125,63.75,5.5,-76,1769909122,3,3
2026-01-31 17:26:44.695820,0x433b0b38,13.235,72.5,6.25,-72,1769909189,5,5
2026-01-31 17:26:50.592201,0x433b0098,13.25125,60.0,6.25,-60,1769909195,2,2
2026-01-31 17:28:28.209509,0x433acb14,13.1725,76.25,3.25,-93,1769909292,3,3
2026-01-31 17:28:54.391897,0x433aad0c,13.2725,63.75,5.25,-76,1769909318,3,3
2026-01-31 17:30:42.915453,0x433abf20,13.26625,73.75,5.5,-76,1769909427,3,3
2026-01-31 17:31:15.142139,0x433ad35c,13.195,65.0,6.5,-53,1769909459,3,3
2026-01-31 17:31:44.184226,0x433b0b38,13.23875,62.5,5.75,-71,1769909488,5,5
2026-01-31 17:33:29.509249,0x433acb14,13.1725,75.0,3.25,-91,1769909593,3,3
2026-01-31 17:35:40.045861,0x433abf20,13.26625,75.0,5.5,-75,1769909724,3,3
2026-01-31 17:36:45.839369,0x433b0b38,13.23375,72.5,6.0,-71,1769909790,5,5
2026-01-31 17:36:50.851618,0x433b0098,13.245,71.25,6.25,-61,1769909795,2,2
2026-01-31 17:38:31.067045,0x433acb14,13.17625,63.75,3.25,-91,1769909895,3,3
2026-01-31 17:38:57.263805,0x433aad0c,13.27375,60.0,5.75,-76,1769909921,3,3
2026-01-31 17:40:40.829057,0x433abf20,13.27,65.0,5.5,-76,1769910025,3,3
2026-01-31 17:41:18.243330,0x433ad35c,13.1925,66.25,6.25,-53,1769910062,3,3
2026-01-31 17:41:46.916384,0x433b0b38,13.23375,75.0,6.0,-71,1769910091,5,5
2026-01-31 17:43:32.006487,0x433acb14,13.17625,66.25,4.0,-91,1769910196,3,3
2026-01-31 17:44:14.349872,0x433af380,13.11125,82.5,6.25,-39,1769910238,3,3
2026-01-31 17:45:43.781517,0x433abf20,13.2675,75.0,5.25,-76,1769910328,3,3
2026-01-31 17:46:48.159591,0x433b0b38,13.23875,63.75,7.25,-72,1769910392,5,5
2026-01-31 17:46:51.004749,0x433b0098,13.245,73.75,6.25,-61,1769910395,2,2
2026-01-31 17:48:33.747096,0x433acb14,13.17625,62.5,3.5,-91,1769910498,3,3
2026-01-31 17:49:01.045986,0x433aad0c,13.26875,72.5,5.5,-76,1769910525,3,3
2026-01-31 17:50:43.364588,0x433abf20,13.26875,63.75,5.0,-76,1769910627,3,3
2026-01-31 17:51:19.492211,0x433ad35c,13.1925,66.25,6.0,-53,1769910663,3,3
2026-01-31 17:51:48.697085,0x433b0b38,13.23875,63.75,6.0,-71,1769910693,5,5
2026-01-31 17:53:34.831583,0x433acb14,13.17625,67.5,3.25,-90,1769910799,3,3
2026-01-31 17:55:43.588007,0x433abf20,13.2725,63.75,5.25,-76,1769910928,3,3
2026-01-31 17:56:49.804662,0x433b0b38,13.2325,76.25,6.75,-72,1769910994,5,5
2026-01-31 17:56:53.958601,0x433b0098,13.25,61.25,6.25,-61,1769910998,2,2
2026-01-31 17:58:36.281417,0x433acb14,13.17125,72.5,3.75,-91,1769911100,3,3
2026-01-31 17:59:01.739256,0x433aad0c,13.2675,71.25,5.5,-76,1769911126,3,3
2026-01-31 18:00:44.933683,0x433abf20,13.2675,73.75,5.75,-76,1769911229,3,3
2026-01-31 18:01:24.516306,0x433ad35c,13.1875,73.75,6.25,-53,1769911268,3,3
2026-01-31 18:01:52.403909,0x433b0b38,13.2325,76.25,6.0,-72,1769911296,5,5
2026-01-31 18:03:38.538962,0x433acb14,13.17375,65.0,3.0,-91,1769911402,3,3
2026-01-31 18:05:45.014088,0x433abf20,13.26625,73.75,5.5,-75,1769911529,3,3
2026-02-01 23:09:05.832174,0x433ad35c,13.1075,66.25,7.0,-53,1770016127,3,3
2026-02-01 23:09:42.327404,0x433b0b38,13.13875,73.75,5.5,-73,1770016163,5,5
2026-02-01 23:11:27.607740,0x433abf20,13.2475,65.0,5.75,-75,1770016268,3,3
2026-02-01 23:11:30.829069,0x433acb14,13.12375,63.75,4.0,-88,1770016272,3,3
2026-02-01 23:12:45.036769,0x433b0098,13.22875,60.0,5.75,-60,1770016346,2,2
2026-02-01 23:14:42.594650,0x433b0b38,13.13875,70.0,6.0,-72,1770016463,5,5
2026-02-01 23:16:28.402947,0x433abf20,13.225,132.5,5.5,-76,1770016569,3,3
2026-02-01 23:16:31.584282,0x433acb14,13.11875,73.75,4.25,-88,1770016572,3,3
2026-02-01 23:16:54.282444,0x433aad0c,13.25,63.75,5.75,-76,1770016595,3,3
2026-02-01 23:19:08.301050,0x433ad35c,13.10625,61.25,6.0,-53,1770016729,3,3
2026-02-01 23:19:43.853487,0x433b0b38,13.145,63.75,5.5,-73,1770016765,5,5
2026-02-01 23:21:30.428808,0x433acb14,13.125,66.25,4.0,-88,1770016871,3,3
2026-02-01 23:21:32.927132,0x433abf20,13.24125,73.75,5.75,-75,1770016874,3,3
2026-02-01 23:22:47.049082,0x433b0098,13.2225,75.0,7.0,-60,1770016948,2,2
2026-02-01 23:24:46.326893,0x433b0b38,13.14125,63.75,6.0,-73,1770017067,5,5
2026-02-01 23:26:30.903884,0x433abf20,13.24625,61.25,5.75,-76,1770017172,3,3
2026-02-01 23:26:33.875735,0x433acb14,13.1225,66.25,4.25,-87,1770017175,3,3
2026-02-01 23:26:56.240094,0x433aad0c,13.25125,65.0,5.25,-76,1770017197,3,3
2026-02-01 23:29:12.288758,0x433ad35c,13.10375,88.75,6.0,-53,1770017333,3,3
2026-02-01 23:29:47.693496,0x433b0b38,13.14,61.25,6.0,-72,1770017369,5,5
2026-02-01 23:31:31.290296,0x433abf20,13.2475,66.25,5.5,-76,1770017472,3,3
2026-02-01 23:31:35.648007,0x433acb14,13.1225,66.25,4.25,-87,1770017476,3,3
2026-02-01 23:32:49.274899,0x433b0098,13.22875,63.75,5.75,-60,1770017550,2,2
2026-02-01 23:34:50.622080,0x433b0b38,13.1425,63.75,6.0,-72,1770017671,5,5
2026-02-01 23:36:32.812990,0x433abf20,13.2425,73.75,5.5,-77,1770017774,3,3
2026-02-01 23:36:36.055263,0x433acb14,13.12125,63.75,4.0,-88,1770017777,3,3
2026-02-01 23:36:58.791512,0x433aad0c,13.245,72.5,5.25,-76,1770017800,3,3
2026-02-01 23:39:13.177712,0x433ad35c,13.1025,76.25,7.75,-52,1770017934,3,3
2026-02-01 23:39:50.928491,0x433b0b38,13.13875,58.75,6.0,-73,1770017972,5,5
2026-02-01 23:41:32.847345,0x433abf20,13.24625,63.75,5.5,-77,1770018074,3,3
2026-02-01 23:41:35.194563,0x433acb14,13.1225,63.75,4.75,-87,1770018076,3,3
2026-02-01 23:42:49.977558,0x433b0098,13.22375,85.0,5.75,-61,1770018151,2,2
2026-02-01 23:44:52.499321,0x433b0b38,13.13875,60.0,5.5,-72,1770018273,5,5
2026-02-01 23:46:33.593801,0x433abf20,13.245,65.0,5.25,-77,1770018374,3,3
2026-02-01 23:46:39.167563,0x433acb14,13.0975,132.5,6.25,-86,1770018380,3,3
2026-02-01 23:47:01.871301,0x433aad0c,13.245,71.25,5.25,-76,1770018403,3,3
2026-02-01 23:48:10.667268,0x433af380,13.03375,71.25,6.25,-38,1770018471,3,3
2026-02-01 23:49:15.738169,0x433ad35c,13.10125,62.5,7.0,-53,1770018537,3,3
2026-02-01 23:49:54.385783,0x433b0b38,13.14,61.25,5.75,-72,1770018575,5,5
2026-02-01 23:51:34.964477,0x433abf20,13.24625,66.25,5.25,-76,1770018676,3,3
2026-02-01 23:51:38.209544,0x433acb14,13.1225,66.25,4.75,-87,1770018679,3,3
2026-02-01 23:52:54.442399,0x433b0098,13.22125,75.0,5.75,-53,1770018755,2,1
2026-02-01 23:54:55.548329,0x433b0b38,13.1375,58.75,6.0,-72,1770018876,5,5
2026-02-01 23:56:34.653943,0x433abf20,13.2425,75.0,5.25,-76,1770018975,3,3
2026-02-01 23:56:38.534021,0x433acb14,13.1225,66.25,4.25,-88,1770018979,3,3
2026-02-01 23:57:03.709934,0x433aad0c,13.245,72.5,6.0,-76,1770019004,3,3
2026-02-01 23:59:19.708768,0x433ad35c,13.1025,66.25,6.75,-52,1770019140,3,3
2026-02-01 23:59:55.885997,0x433b0b38,13.1375,61.25,5.5,-72,1770019177,5,5
2026-02-02 00:01:35.951055,0x433abf20,13.24375,62.5,5.5,-76,1770019277,3,3
2026-02-02 00:01:40.347876,0x433acb14,13.11625,77.5,4.0,-88,1770019281,3,3
2026-02-02 00:02:53.901514,0x433b0098,13.22625,63.75,7.0,-60,1770019355,2,2
2026-02-02 00:04:58.139894,0x433b0b38,13.1325,70.0,5.5,-73,1770019479,5,5
2026-02-02 00:06:37.136273,0x433abf20,13.24375,66.25,5.0,-76,1770019578,3,3
2026-02-02 00:06:41.908193,0x433acb14,13.11875,62.5,4.25,-89,1770019583,3,3
2026-02-02 00:07:10.947148,0x433aad0c,13.2475,58.75,5.75,-76,1770019612,3,3
2026-01-29 18:05:44.489656,0x433acb14,13.23625,77.5,1.0,-90,1769738733,3,3
2026-01-29 18:06:11.411385,0x433aad0c,13.275,66.25,5.75,-76,1769738760,3,3
2026-01-29 18:06:24.647070,0x433abf20,13.26875,76.25,5.5,-74,1769738774,3,3
2026-01-29 18:08:13.062706,0x433b0098,13.25875,61.25,6.5,-61,1769738882,2,2
2026-01-29 18:08:34.323429,0x433ad35c,13.2775,66.25,6.75,-53,1769738903,3,3
2026-01-29 18:08:59.908106,0x433b0b38,13.26375,60.0,7.75,-72,1769738929,5,5
2026-01-29 18:10:45.776371,0x433acb14,13.2375,75.0,5.0,-90,1769739035,3,3
2026-01-29 18:11:22.938211,0x433abf20,13.26875,76.25,5.25,-76,1769739072,3,3
2026-01-29 18:14:00.172106,0x433b0b38,13.2575,73.75,6.0,-72,1769739229,5,5
2026-01-29 18:15:47.490896,0x433acb14,13.2375,61.25,4.75,-90,1769739336,3,3
2026-01-29 18:16:13.409415,0x433aad0c,13.26875,78.75,5.75,-75,1769739362,3,3
2026-01-29 18:16:23.594421,0x433abf20,13.26375,97.5,6.25,-75,1769739372,3,3
2026-01-29 18:18:19.948997,0x433b0098,13.25,72.5,6.25,-62,1769739489,2,2
2026-01-29 18:18:43.134157,0x433ad35c,13.27875,75.0,6.25,-53,1769739512,3,3
2026-01-29 18:19:01.482296,0x433b0b38,13.26375,63.75,5.75,-71,1769739530,5,5
2026-01-29 18:20:49.212661,0x433acb14,13.23375,75.0,2.5,-89,1769739638,3,3
2026-01-29 18:21:23.130208,0x433abf20,13.26625,91.25,5.75,-74,1769739672,3,3
2026-01-29 18:24:04.230680,0x433b0b38,13.2625,65.0,5.5,-72,1769739833,5,5
2026-01-29 18:25:51.312958,0x433acb14,13.235,73.75,2.5,-90,1769739940,3,3
2026-01-29 18:26:16.141644,0x433aad0c,13.27125,63.75,5.0,-76,1769739965,3,3
2026-01-29 18:26:24.126210,0x433abf20,13.26875,72.5,5.5,-75,1769739973,3,3
2026-01-29 18:28:16.550194,0x433b0098,13.2575,63.75,5.75,-61,1769740085,2,2
2026-01-29 18:28:40.662538,0x433ad35c,13.28125,65.0,7.0,-53,1769740110,3,3
2026-01-29 18:29:04.809063,0x433b0b38,13.2575,75.0,6.0,-72,1769740134,5,5
2026-01-29 18:30:51.351386,0x433acb14,13.2375,62.5,1.75,-90,1769740240,3,3
2026-01-29 18:31:24.429740,0x433abf20,13.26875,77.5,6.0,-75,1769740273,3,3
2026-01-29 18:34:12.965287,0x433b0b38,13.25875,73.75,5.75,-72,1769740442,5,5
2026-01-29 18:35:53.480841,0x433acb14,13.23625,67.5,2.5,-90,1769740542,3,3
2026-01-29 18:36:18.983041,0x433aad0c,13.26875,72.5,5.0,-75,1769740568,3,3
2026-01-29 18:36:24.725176,0x433abf20,13.26875,72.5,6.5,-75,1769740574,3,3
2026-01-29 18:38:00.767129,0x433af380,13.215,71.25,6.25,-38,1769740670,3,3
2026-01-29 18:38:18.483648,0x433b0098,13.2475,80.0,6.25,-61,1769740687,2,2
2026-01-29 18:38:43.261890,0x433ad35c,13.2775,65.0,6.5,-54,1769740712,3,3
2026-01-29 18:39:10.156507,0x433b0b38,13.26375,62.5,6.0,-71,1769740739,5,5
2026-01-29 18:40:56.732982,0x433acb14,13.23625,65.0,4.25,-89,1769740846,3,3
2026-01-29 18:41:26.228690,0x433abf20,13.26875,76.25,5.75,-75,1769740875,3,3
2026-01-29 18:44:09.767652,0x433b0b38,13.26,60.0,6.5,-72,1769741039,5,5
2026-01-29 18:45:56.551613,0x433acb14,13.23,85.0,1.75,-90,1769741145,3,3
2026-01-29 18:46:21.475945,0x433aad0c,13.27375,66.25,5.0,-75,1769741170,3,3
2026-01-29 18:46:28.734567,0x433abf20,13.2725,61.25,5.5,-75,1769741178,3,3
2026-01-29 18:48:21.490910,0x433b0098,13.255,60.0,6.0,-61,1769741290,2,2
2026-01-29 18:48:44.473472,0x433ad35c,13.275,73.75,7.25,-52,1769741313,3,3
2026-01-29 18:49:10.016983,0x433b0b38,13.2625,65.0,6.5,-73,1769741339,5,5
2026-01-29 18:50:56.465575,0x433acb14,13.23625,65.0,1.75,-90,1769741445,3,3
2026-01-29 18:51:28.787855,0x433abf20,13.27125,65.0,6.0,-75,1769741478,3,3
2026-01-29 18:54:11.279288,0x433b0b38,13.2625,63.75,5.75,-72,1769741640,5,5
2026-01-29 18:55:59.229034,0x433acb14,13.235,65.0,0.75,-90,1769741748,3,3
2026-01-29 18:56:24.845655,0x433aad0c,13.2675,73.75,5.25,-75,1769741774,3,3
2026-01-29 18:56:28.329971,0x433abf20,13.27,70.0,6.25,-75,1769741777,3,3
2026-01-29 18:58:21.305366,0x433b0098,13.255,60.0,6.0,-61,1769741890,2,2
2026-01-29 18:58:47.389890,0x433ad35c,13.2775,77.5,6.0,-53,1769741916,3,3
2026-01-29 18:59:14.702392,0x433b0b38,13.25875,60.0,5.5,-72,1769741944,5,5
2026-01-29 19:00:59.510190,0x433acb14,13.22875,72.5,1.25,-90,1769742048,3,3
2026-01-29 19:01:28.811329,0x433abf20,13.27125,61.25,5.75,-74,1769742078,3,3
2026-02-02 04:10:25.806372,0x433ad35c,13.07875,72.5,6.0,-53,1770034206,3,3
2026-02-02 04:11:02.837830,0x433b0b38,13.10625,65.0,5.75,-73,1770034243,5,5
2026-02-02 04:12:19.069596,0x433abf20,13.22875,66.25,6.0,-76,1770034319,3,3
2026-02-02 04:12:47.991641,0x433acb14,13.10125,66.25,6.25,-86,1770034348,3,3
2026-02-02 04:13:50.190621,0x433b0098,13.19875,71.25,6.25,-60,1770034411,2,2
2026-02-02 04:16:03.588248,0x433b0b38,13.10375,63.75,5.75,-72,1770034544,5,5
2026-02-02 04:17:20.512152,0x433abf20,13.2275,88.75,5.5,-75,1770034621,3,3
2026-02-02 04:17:50.454266,0x433acb14,13.09375,83.75,6.25,-86,1770034651,3,3
2026-02-02 04:18:14.126736,0x433aad0c,13.2325,63.75,6.0,-76,1770034674,3,3
2026-02-02 04:20:29.398486,0x433ad35c,13.0825,67.5,5.75,-53,1770034810,3,3
2026-02-02 04:21:04.870577,0x433b0b38,13.1025,76.25,5.75,-73,1770034845,5,5
2026-02-02 04:22:20.630051,0x433abf20,13.2275,66.25,5.5,-75,1770034921,3,3
2026-02-02 04:22:50.699278,0x433acb14,13.09875,77.5,6.25,-87,1770034951,3,3
2026-02-02 04:23:52.998277,0x433b0098,13.2025,61.25,6.0,-61,1770035013,2,2
2026-02-02 04:26:06.860489,0x433b0b38,13.1025,65.0,5.5,-72,1770035147,5,5
2026-02-02 04:27:21.385642,0x433abf20,13.22625,61.25,5.75,-76,1770035222,3,3
2026-02-02 04:27:53.823854,0x433acb14,13.10125,63.75,5.5,-86,1770035254,3,3
2026-02-02 04:28:16.940487,0x433aad0c,13.2275,70.0,5.5,-75,1770035277,3,3
2026-02-02 04:30:32.394428,0x433ad35c,13.08125,67.5,6.75,-54,1770035413,3,3
2026-02-02 04:31:07.414238,0x433b0b38,13.1,76.25,5.5,-72,1770035448,5,5
2026-02-02 04:32:22.171174,0x433abf20,13.22625,65.0,5.25,-76,1770035522,3,3
2026-02-02 04:32:55.565524,0x433acb14,13.10125,60.0,5.25,-86,1770035556,3,3
2026-02-02 04:33:53.749125,0x433b0098,13.1975,75.0,5.75,-59,1770035614,2,2
2026-02-02 04:36:09.356551,0x433b0b38,13.10125,58.75,5.5,-74,1770035750,5,5
2026-02-02 04:37:22.959077,0x433abf20,13.22,63.75,5.75,-76,1770035823,3,3
2026-02-02 04:37:54.923551,0x433acb14,13.10125,67.5,4.5,-86,1770035855,3,3
2026-02-02 04:38:20.095546,0x433aad0c,13.23125,61.25,5.5,-75,1770035880,3,3
2026-02-02 04:40:34.071588,0x433ad35c,13.0775,78.75,6.0,-53,1770036014,3,3
2026-02-02 04:41:09.939799,0x433b0b38,13.10125,66.25,5.25,-73,1770036050,5,5
2026-02-02 04:42:24.395770,0x433abf20,13.225,65.0,5.5,-76,1770036125,3,3
2026-02-02 04:42:58.363482,0x433acb14,13.10125,62.5,4.25,-85,1770036159,3,3
2026-02-02 04:43:57.913281,0x433b0098,13.2,62.5,6.0,-60,1770036218,2,2
2026-02-02 04:46:12.725913,0x433b0b38,13.10375,61.25,1.75,-73,1770036353,5,5
2026-02-02 04:47:24.828470,0x433abf20,13.22625,61.25,5.5,-76,1770036425,3,3
2026-02-02 04:47:58.857996,0x433acb14,13.1,62.5,4.75,-85,1770036459,3,3
2026-02-02 04:48:21.992713,0x433aad0c,13.2325,65.0,5.25,-76,1770036482,3,3
2026-02-02 04:49:03.871545,0x433af380,12.98,78.75,6.75,-38,1770036524,3,3
2026-02-02 04:50:38.428404,0x433ad35c,13.08,67.5,6.25,-53,1770036619,3,3
2026-02-02 04:51:12.491609,0x433b0b38,13.1025,63.75,5.5,-72,1770036653,5,5
2026-02-02 04:52:25.192347,0x433abf20,13.225,62.5,5.5,-76,1770036725,3,3
2026-02-02 04:52:59.644332,0x433acb14,13.0975,73.75,-3.75,-85,1770036760,3,3
2026-02-02 04:53:57.537651,0x433b0098,13.20125,62.5,6.25,-59,1770036818,2,2
2026-02-02 04:56:14.424944,0x433b0b38,13.10125,66.25,5.5,-73,1770036955,5,5
2026-02-02 04:57:28.027650,0x433abf20,13.22125,76.25,5.5,-76,1770037028,3,3
2026-02-02 04:58:00.408614,0x433acb14,13.09875,63.75,4.25,-85,1770037061,3,3
2026-02-02 04:58:25.933653,0x433aad0c,13.22625,70.0,5.5,-76,1770037086,3,3
2026-02-02 05:00:40.141459,0x433ad35c,13.0775,77.5,6.25,-53,1770037220,3,3
2026-02-02 05:01:16.176841,0x433b0b38,13.09875,76.25,6.0,-73,1770037256,5,5
2026-02-02 05:03:04.960665,0x433acb14,13.0975,62.5,5.0,-85,1770037365,3,3
2026-02-02 05:03:58.878564,0x433b0098,13.195,82.5,6.0,-60,1770037419,2,2
2026-02-02 05:06:16.965489,0x433b0b38,13.10125,61.25,5.75,-73,1770037557,5,5
2026-02-02 05:07:29.603000,0x433abf20,13.22625,65.0,5.25,-77,1770037630,3,3
2026-02-02 05:08:27.041870,0x433aad0c,13.23125,63.75,5.5,-76,1770037687,3,3
2026-01-30 03:06:24.315344,0x433b0b38,13.2275,75.0,5.75,-72,1769771172,5,5
2026-01-30 03:08:03.770349,0x433abf20,13.24625,76.25,6.0,-74,1769771272,3,3
2026-01-30 03:08:14.136210,0x433acb14,13.1875,76.25,4.25,-87,1769771282,3,3
2026-01-30 03:08:34.647134,0x433aad0c,13.2425,76.25,6.0,-76,1769771303,3,3
2026-01-30 03:09:44.558429,0x433b0098,13.2125,71.25,6.5,-60,1769771373,2,2
2026-01-30 03:10:57.763663,0x433ad35c,13.24,62.5,6.0,-54,1769771446,3,3
2026-01-30 03:11:25.575401,0x433b0b38,13.225,73.75,6.0,-72,1769771474,5,5
2026-01-30 03:13:04.307766,0x433abf20,13.2475,66.25,5.75,-74,1769771572,3,3
2026-01-30 03:13:15.516360,0x433acb14,13.1825,76.25,4.25,-87,1769771584,3,3
2026-01-30 03:16:27.859324,0x433b0b38,13.22625,75.0,6.5,-72,1769771776,5,5
2026-01-30 03:18:06.045117,0x433abf20,13.225,136.25,6.0,-75,1769771874,3,3
2026-01-30 03:18:17.386590,0x433acb14,13.19,67.5,4.5,-87,1769771885,3,3
2026-01-30 03:18:38.936282,0x433aad0c,13.24375,61.25,6.0,-76,1769771907,3,3
2026-01-30 03:19:45.854134,0x433b0098,13.22125,63.75,6.25,-60,1769771974,2,2
2026-01-30 03:20:59.286053,0x433ad35c,13.2375,71.25,6.75,-53,1769772047,3,3
2026-01-30 03:21:29.212890,0x433b0b38,13.23,66.25,6.25,-73,1769772077,5,5
2026-01-30 03:23:06.362768,0x433abf20,13.25,66.25,5.75,-74,1769772174,3,3
2026-01-30 03:23:18.242329,0x433acb14,13.18875,68.75,4.5,-86,1769772186,3,3
2026-01-30 03:26:31.688902,0x433b0b38,13.23,65.0,6.0,-72,1769772380,5,5
2026-01-30 03:28:06.812376,0x433abf20,13.24625,77.5,6.0,-75,1769772475,3,3
2026-01-30 03:28:20.440063,0x433acb14,13.1825,76.25,4.25,-88,1769772488,3,3
2026-01-30 03:28:42.464159,0x433aad0c,13.21875,130.0,5.25,-77,1769772510,3,3
2026-01-30 03:29:47.555576,0x433b0098,13.21875,63.75,6.0,-61,1769772576,2,2
2026-01-30 03:31:02.639244,0x433ad35c,13.23875,76.25,6.0,-54,1769772651,3,3
2026-01-30 03:31:30.890051,0x433b0b38,13.22875,65.0,5.75,-72,1769772679,5,5
2026-01-30 03:33:09.564627,0x433abf20,13.24375,75.0,6.0,-75,1769772778,3,3
2026-01-30 03:33:20.144114,0x433acb14,13.18375,75.0,3.75,-88,1769772788,3,3
2026-01-30 03:36:32.187310,0x433b0b38,13.22375,73.75,5.75,-71,1769772980,5,5
2026-01-30 03:38:08.364033,0x433abf20,13.2475,65.0,6.0,-74,1769773076,3,3
2026-01-30 03:38:21.402816,0x433acb14,13.17875,92.5,3.5,-88,1769773089,3,3
2026-01-30 03:38:44.349526,0x433aad0c,13.24375,62.5,5.75,-77,1769773112,3,3
2026-01-30 03:39:14.933104,0x433af380,13.15125,83.75,6.25,-38,1769773143,3,3
2026-01-30 03:39:48.307795,0x433b0098,13.21875,63.75,7.25,-60,1769773176,2,2
2026-01-30 03:41:07.121617,0x433ad35c,13.23875,76.25,7.0,-54,1769773255,3,3
2026-01-30 03:41:34.230818,0x433b0b38,13.22375,73.75,6.0,-71,1769773282,5,5
2026-01-30 03:43:13.230213,0x433abf20,13.24875,65.0,6.0,-75,1769773381,3,3
2026-01-30 03:43:28.349029,0x433acb14,13.18625,68.75,4.0,-87,1769773396,3,3
2026-01-30 03:46:35.885614,0x433b0b38,13.23,61.25,6.0,-73,1769773584,5,5
2026-01-30 03:48:12.913504,0x433abf20,13.24375,73.75,6.25,-60,1769773681,3,2
2026-01-30 03:48:23.968465,0x433acb14,13.18625,62.5,3.75,-88,1769773692,3,3
2026-01-30 03:48:45.838352,0x433aad0c,13.23875,75.0,5.5,-78,1769773714,3,3
2026-01-30 03:49:52.171890,0x433b0098,13.2125,65.0,7.25,-60,1769773780,2,2
2026-01-30 03:51:08.524364,0x433ad35c,13.24125,62.5,6.25,-54,1769773856,3,3
2026-01-30 03:51:36.842058,0x433b0b38,13.23,60.0,5.75,-72,1769773885,5,5
2026-01-30 03:53:12.373737,0x433abf20,13.24625,72.5,6.0,-75,1769773980,3,3
2026-01-30 03:53:25.457601,0x433acb14,13.18375,73.75,3.5,-87,1769773993,3,3
2026-01-30 03:56:37.818001,0x433b0b38,13.2275,60.0,6.25,-72,1769774186,5,5
2026-01-30 03:58:12.493554,0x433abf20,13.245,76.25,6.0,-74,1769774280,3,3
2026-01-30 03:58:27.593648,0x433acb14,13.18875,67.5,4.25,-87,1769774296,3,3
2026-01-30 03:58:48.653986,0x433aad0c,13.2425,62.5,5.25,-76,1769774317,3,3
2026-01-30 03:59:51.380681,0x433b0098,13.21625,60.0,6.25,-61,1769774379,2,2
2026-01-30 04:01:11.065800,0x433ad35c,13.23625,76.25,6.25,-54,1769774459,3,3
2026-01-30 04:01:40.498417,0x433b0b38,13.22375,75.0,6.0,-72,1769774488,5,5
2026-01-30 04:03:13.829143,0x433abf20,13.24375,75.0,6.0,-74,1769774582,3,3
2026-01-30 04:03:28.290859,0x433acb14,13.1875,65.0,4.0,-87,1769774596,3,3
2026-01-26 13:00:01.536906,0x433acb14,13.28875,76.25,4.75,-90,1769461198,3,3
2026-01-26 13:00:35.323404,0x433b0098,13.24375,72.5,5.75,-62,1769461232,2,2
2026-01-26 13:03:14.758546,0x433abf20,13.27375,61.25,5.75,-75,1769461391,3,3
2026-01-26 13:03:47.809727,0x433b0b38,13.24875,75.0,6.25,-73,1769461424,5,5
2026-01-26 13:05:03.031918,0x433acb14,13.29,87.5,-1.5,-99,1769461499,3,3
2026-01-26 13:08:00.142220,0x433ad35c,13.28625,80.0,6.75,-53,1769461677,3,3
2026-01-26 13:08:15.942023,0x433abf20,13.2725,62.5,5.5,-76,1769461692,3,3
2026-01-26 13:08:49.384596,0x433b0b38,13.25,73.75,6.25,-74,1769461726,5,5
2026-01-26 13:10:03.815391,0x433acb14,13.29125,73.75,2.75,-92,1769461800,3,3
2026-01-26 13:10:36.849079,0x433b0098,13.24625,75.0,6.5,-62,1769461833,2,2
2026-01-26 13:13:17.052408,0x433abf20,13.27125,72.5,5.75,-77,1769461993,3,3
2026-01-26 13:13:49.517673,0x433b0b38,13.25,73.75,5.75,-74,1769462026,5,5
2026-01-26 13:15:04.218754,0x433acb14,13.29625,63.75,-0.25,-98,1769462101,3,3
2026-01-26 13:17:58.760924,0x433ad35c,13.285,65.0,5.5,-54,1769462275,3,3
2026-01-26 13:18:18.991207,0x433abf20,13.27375,63.75,5.5,-76,1769462295,3,3
2026-01-26 13:18:51.779090,0x433b0b38,13.255,61.25,5.75,-73,1769462328,5,5
2026-01-26 13:20:06.191061,0x433acb14,13.29625,62.5,-11.5,-93,1769462403,3,3
2026-01-26 13:20:38.890429,0x433b0098,13.245,71.25,7.0,-62,1769462435,2,2
2026-01-26 13:23:19.994987,0x433abf20,13.27375,62.5,5.75,-75,1769462596,3,3
2026-01-26 13:23:52.829044,0x433b0b38,13.25125,73.75,5.5,-73,1769462629,5,5
2026-01-26 13:25:06.653850,0x433acb14,13.29375,78.75,2.0,-94,1769462703,3,3
2026-01-26 13:25:22.937894,0x433af380,13.22875,67.5,6.25,-39,1769462719,3,3
2026-01-26 13:28:01.989963,0x433ad35c,13.28625,62.5,6.0,-54,1769462878,3,3
2026-01-26 13:28:19.841726,0x433abf20,13.275,62.5,5.25,-76,1769462896,3,3
2026-01-26 13:28:56.506313,0x433b0b38,13.25,72.5,6.0,-72,1769462933,5,5
2026-01-26 13:30:08.643608,0x433acb14,13.29625,63.75,2.5,-94,1769463005,3,3
2026-01-26 13:30:41.317626,0x433b0098,13.2525,61.25,7.0,-62,1769463038,2,2
2026-01-26 13:33:20.843414,0x433abf20,13.27625,60.0,5.75,-76,1769463197,3,3
2026-01-26 13:33:57.698873,0x433b0b38,13.25875,63.75,6.0,-73,1769463234,5,5
2026-01-26 13:35:09.462627,0x433acb14,13.27375,128.75,4.25,-92,1769463306,3,3
2026-01-26 13:38:05.645056,0x433ad35c,13.285,63.75,6.75,-54,1769463482,3,3
2026-01-26 13:38:21.753592,0x433abf20,13.275,76.25,5.75,-77,1769463498,3,3
2026-01-26 13:38:58.565431,0x433b0b38,13.2575,62.5,6.25,-74,1769463535,5,5
2026-01-26 13:40:10.771067,0x433acb14,13.29375,77.5,-4.25,-103,1769463607,3,3
2026-01-26 13:40:44.769479,0x433b0098,13.24375,87.5,6.75,-61,1769463641,2,2
2026-01-26 13:43:23.992397,0x433abf20,13.275,61.25,5.75,-75,1769463800,3,3
2026-01-26 13:44:01.008394,0x433b0b38,13.25375,76.25,5.75,-73,1769463837,5,5
2026-01-26 13:45:13.524306,0x433acb14,13.29375,76.25,5.75,-73,1769463910,3,2
2026-01-26 13:48:08.835886,0x433ad35c,13.28375,75.0,6.75,-53,1769464085,3,3
2026-01-26 13:48:25.047562,0x433abf20,13.27125,71.25,6.0,-78,1769464101,3,3
2026-01-26 13:49:01.354885,0x433b0b38,13.255,73.75,6.0,-74,1769464138,5,5
2026-01-26 13:50:14.253006,0x433acb14,13.2975,60.0,4.75,-90,1769464211,3,3
2026-01-26 13:50:45.945890,0x433b0098,13.24875,76.25,6.0,-62,1769464242,2,2
2026-01-26 13:53:25.122919,0x433abf20,13.275,63.75,5.5,-75,1769464401,3,3
2026-01-26 13:54:01.098934,0x433b0b38,13.25375,75.0,6.0,-74,1769464437,5,5
2026-01-26 13:55:15.602517,0x433acb14,13.2975,65.0,0.75,-97,1769464512,3,3
2026-01-26 13:58:09.265853,0x433ad35c,13.28625,62.5,6.25,-54,1769464686,3,3
2026-01-26 13:58:28.232262,0x433abf20,13.2775,65.0,5.5,-76,1769464705,3,3
2026-01-26 13:59:04.119780,0x433b0b38,13.2575,75.0,6.5,-74,1769464740,5,5
2026-02-03 03:11:39.673018,0x433abf20,13.1375,66.25,5.5,-76,1770117078,3,3
2026-02-03 03:12:14.705203,0x433b0b38,13.07375,58.75,5.5,-72,1770117113,5,5
2026-02-03 03:13:59.280474,0x433acb14,13.0925,77.5,6.0,-86,1770117217,3,3
2026-02-03 03:14:26.880354,0x433aad0c,13.23125,63.75,5.5,-75,1770117245,3,3
2026-02-03 03:16:37.662537,0x433abf20,13.135,75.0,5.75,-76,1770117376,3,3
2026-02-03 03:16:40.716199,0x433ad35c,13.07625,66.25,6.25,-53,1770117379,3,3
2026-02-03 03:17:13.124030,0x433b0b38,13.07625,66.25,5.5,-72,1770117411,5,5
2026-02-03 03:18:21.234910,0x433b0098,13.2075,65.0,6.25,-60,1770117479,2,2
2026-02-03 03:18:59.259587,0x433acb14,13.0925,76.25,5.75,-86,1770117517,3,3
2026-02-03 03:21:39.444867,0x433abf20,13.1375,67.5,5.75,-76,1770117677,3,3
2026-02-03 03:22:14.725132,0x433b0b38,13.07125,75.0,6.0,-72,1770117713,5,5
2026-02-03 03:24:03.404031,0x433acb14,13.09375,68.75,6.0,-85,1770117821,3,3
2026-02-03 03:24:28.527834,0x433aad0c,13.23,65.0,5.5,-75,1770117846,3,3
2026-02-03 03:26:40.393033,0x433abf20,13.13875,67.5,5.5,-76,1770117978,3,3
2026-02-03 03:26:42.998633,0x433ad35c,13.075,63.75,6.0,-53,1770117981,3,3
2026-02-03 03:27:15.824651,0x433b0b38,13.07,71.25,6.0,-72,1770118014,5,5
2026-02-03 03:28:22.384498,0x433b0098,13.20625,63.75,6.0,-60,1770118080,2,2
2026-02-03 03:29:05.338029,0x433acb14,13.09375,66.25,6.25,-86,1770118123,3,3
2026-02-03 03:31:40.452731,0x433abf20,13.1375,61.25,5.5,-75,1770118278,3,3
2026-02-03 03:32:16.873640,0x433b0b38,13.07375,58.75,5.75,-73,1770118315,5,5
2026-02-03 03:34:05.782469,0x433acb14,13.09,71.25,6.25,-86,1770118424,3,3
2026-02-03 03:34:31.812896,0x433aad0c,13.2275,72.5,5.5,-76,1770118450,3,3
2026-02-03 03:36:40.959911,0x433abf20,13.1375,66.25,6.0,-75,1770118579,3,3
2026-02-03 03:36:44.636165,0x433ad35c,13.07125,72.5,6.25,-53,1770118583,3,3
2026-02-03 03:37:19.770881,0x433b0b38,13.07375,63.75,5.75,-73,1770118618,5,5
2026-02-03 03:38:23.051389,0x433b0098,13.20375,58.75,6.0,-59,1770118681,2,2
2026-02-03 03:39:05.626784,0x433acb14,13.0875,73.75,6.5,-86,1770118723,3,3
2026-02-03 03:41:41.990917,0x433abf20,13.135,65.0,5.5,-75,1770118880,3,3
2026-02-03 03:42:19.624460,0x433b0b38,13.07,76.25,5.75,-72,1770118917,5,5
2026-02-03 03:44:06.842055,0x433acb14,13.0925,66.25,6.25,-85,1770119025,3,3
2026-02-03 03:44:34.717868,0x433aad0c,13.23,63.75,5.5,-76,1770119053,3,3
2026-02-03 03:46:43.358570,0x433abf20,13.13375,60.0,5.5,-76,1770119181,3,3
2026-02-03 03:46:46.351530,0x433ad35c,13.07375,62.5,6.0,-53,1770119184,3,3
2026-02-03 03:47:21.182333,0x433b0b38,13.07125,60.0,5.5,-73,1770119219,5,5
2026-02-03 03:48:26.389094,0x433b0098,13.1975,71.25,6.0,-59,1770119284,2,2
2026-02-03 03:49:09.307561,0x433acb14,13.09125,62.5,6.0,-85,1770119327,3,3
2026-02-03 03:51:44.615425,0x433abf20,13.1325,90.0,5.5,-75,1770119482,3,3
2026-02-03 03:51:49.208848,0x433af380,12.99125,71.25,6.5,-38,1770119487,3,3
2026-02-03 03:52:23.470408,0x433b0b38,13.0725,66.25,5.5,-73,1770119521,5,5
2026-02-03 03:54:10.166837,0x433acb14,13.09125,63.75,6.0,-85,1770119628,3,3
2026-02-03 03:54:36.902166,0x433aad0c,13.22875,63.75,5.25,-75,1770119655,3,3
2026-02-03 03:56:44.552264,0x433abf20,13.135,66.25,6.0,-75,1770119782,3,3
2026-02-03 03:56:50.809013,0x433ad35c,13.07375,66.25,6.5,-54,1770119789,3,3
2026-02-03 03:57:24.157546,0x433b0b38,13.075,66.25,5.75,-73,1770119822,5,5
2026-02-03 03:58:27.976281,0x433b0098,13.2,61.25,6.5,-59,1770119886,2,2
2026-02-03 03:59:10.969757,0x433acb14,13.0875,75.0,5.25,-86,1770119929,3,3
2026-02-03 04:01:45.199271,0x433abf20,13.135,67.5,5.5,-76,1770120083,3,3
2026-02-03 04:02:24.666315,0x433b0b38,13.0725,62.5,5.75,-72,1770120122,5,5
2026-02-03 04:04:12.350308,0x433acb14,13.09125,66.25,5.25,-86,1770120230,3,3
2026-02-03 04:04:40.625509,0x433aad0c,13.225,78.75,5.5,-76,1770120258,3,3
2026-02-03 04:06:45.897240,0x433abf20,13.1325,61.25,5.25,-76,1770120384,3,3
2026-02-03 04:06:52.961611,0x433ad35c,13.0725,62.5,6.0,-53,1770120391,3,3
2026-02-03 04:07:25.930006,0x433b0b38,13.07125,57.5,5.75,-73,1770120424,5,5
2026-02-03 04:08:29.074235,0x433b0098,13.1925,71.25,6.5,-58,1770120487,2,2
2026-02-03 04:09:16.298246,0x433acb14,13.09,62.5,5.0,-85,1770120534,3,3
2026-02-01 00:07:02.539419,0x433abf20,13.25125,62.5,5.75,-78,1769933206,3,3
2026-02-01 00:08:08.502390,0x433b0098,13.22875,62.5,6.75,-60,1769933272,2,2
2026-02-01 00:08:31.398461,0x433b0b38,13.2,62.5,5.5,-72,1769933295,5,5
2026-02-01 00:10:19.564594,0x433acb14,13.13625,76.25,5.25,-86,1769933403,3,3
2026-02-01 00:10:42.223223,0x433aad0c,13.25,62.5,5.0,-76,1769933426,3,3
2026-02-01 00:12:02.396961,0x433abf20,13.24625,75.0,5.25,-77,1769933506,3,3
2026-02-01 00:12:59.064615,0x433ad35c,13.1375,77.5,7.25,-54,1769933562,3,3
2026-02-01 00:13:32.467090,0x433b0b38,13.195,73.75,6.0,-73,1769933596,5,5
2026-02-01 00:15:20.890005,0x433acb14,13.14,63.75,6.0,-86,1769933704,3,3
2026-02-01 00:17:05.101374,0x433abf20,13.24625,78.75,5.75,-76,1769933808,3,3
2026-02-01 00:18:08.207368,0x433b0098,13.22875,61.25,6.5,-60,1769933871,2,2
2026-02-01 00:18:34.019332,0x433b0b38,13.19875,65.0,5.75,-73,1769933897,5,5
2026-02-01 00:20:23.532685,0x433acb14,13.13875,62.5,5.75,-86,1769934007,3,3
2026-02-01 00:20:44.556163,0x433aad0c,13.24625,75.0,5.25,-77,1769934028,3,3
2026-02-01 00:22:03.940175,0x433abf20,13.25,65.0,5.25,-76,1769934107,3,3
2026-02-01 00:23:01.842279,0x433ad35c,13.13625,77.5,6.5,-54,1769934165,3,3
2026-02-01 00:23:35.168949,0x433b0b38,13.19875,62.5,5.75,-72,1769934198,5,5
2026-02-01 00:25:26.372519,0x433acb14,13.14,63.75,5.25,-86,1769934310,3,3
2026-02-01 00:27:04.876858,0x433abf20,13.24625,73.75,5.75,-76,1769934408,3,3
2026-02-01 00:28:12.292210,0x433b0098,13.225,71.25,6.25,-60,1769934476,2,2
2026-02-01 00:28:35.713750,0x433b0b38,13.19375,72.5,6.0,-73,1769934499,5,5
2026-02-01 00:30:24.522394,0x433acb14,13.13875,66.25,6.25,-86,1769934608,3,3
2026-02-01 00:30:49.599110,0x433aad0c,13.24625,73.75,5.25,-76,1769934633,3,3
2026-02-01 00:32:05.216034,0x433abf20,13.245,75.0,6.25,-77,1769934708,3,3
2026-02-01 00:33:03.041737,0x433ad35c,13.13875,67.5,7.5,-55,1769934766,3,3
2026-02-01 00:33:37.683548,0x433b0b38,13.19875,63.75,5.5,-73,1769934801,5,5
2026-02-01 00:35:25.344736,0x433acb14,13.1375,62.5,4.75,-86,1769934909,3,3
2026-02-01 00:37:06.608816,0x433abf20,13.24375,72.5,5.0,-77,1769935010,3,3
2026-02-01 00:38:14.775922,0x433b0098,13.22375,71.25,6.25,-60,1769935078,2,2
2026-02-01 00:38:38.667148,0x433b0b38,13.195,73.75,6.0,-72,1769935102,5,5
2026-02-01 00:40:27.951419,0x433acb14,13.135,75.0,4.5,-87,1769935211,3,3
2026-02-01 00:40:50.237911,0x433aad0c,13.245,75.0,5.5,-77,1769935233,3,3
2026-02-01 00:42:09.181080,0x433abf20,13.24625,76.25,6.0,-76,1769935312,3,3
2026-02-01 00:43:05.606349,0x433ad35c,13.135,77.5,6.75,-54,1769935369,3,3
2026-02-01 00:43:39.946451,0x433b0b38,13.19625,60.0,6.0,-73,1769935403,5,5
2026-02-01 00:45:08.859756,0x433af380,13.06125,70.0,6.0,-38,1769935492,3,3
2026-02-01 00:45:28.010955,0x433acb14,13.13625,62.5,6.0,-86,1769935511,3,3
2026-02-01 00:47:09.613179,0x433abf20,13.24875,63.75,6.25,-76,1769935613,3,3
2026-02-01 00:48:15.526229,0x433b0098,13.225,61.25,6.0,-60,1769935679,2,2
2026-02-01 00:48:41.195826,0x433b0b38,13.19125,72.5,6.0,-72,1769935704,5,5
2026-02-01 00:50:29.301938,0x433acb14,13.13125,75.0,6.0,-85,1769935813,3,3
2026-02-01 00:50:53.424295,0x433aad0c,13.24875,61.25,5.5,-76,1769935837,3,3
2026-02-01 00:52:09.928018,0x433abf20,13.24375,72.5,6.25,-76,1769935913,3,3
2026-02-01 00:53:08.094334,0x433ad35c,13.13375,81.25,7.0,-53,1769935971,3,3
2026-02-01 00:53:43.217423,0x433b0b38,13.19,75.0,5.75,-71,1769936006,5,5
2026-02-01 00:55:30.557853,0x433acb14,13.1375,65.0,5.5,-85,1769936114,3,3
2026-02-01 00:57:12.252284,0x433abf20,13.24625,63.75,5.25,-76,1769936215,3,3
2026-02-01 00:58:17.051024,0x433b0098,13.22375,60.0,6.0,-60,1769936280,2,2
2026-02-01 00:58:44.638051,0x433b0b38,13.19,73.75,6.0,-72,1769936308,5,5
2026-02-01 01:00:32.701366,0x433acb14,13.1325,76.25,5.0,-86,1769936416,3,3
2026-02-01 01:00:57.591162,0x433aad0c,13.2475,61.25,6.5,-77,1769936441,3,3
2026-02-01 01:02:17.086117,0x433abf20,13.245,71.25,7.0,-76,1769936520,3,3
2026-02-01 01:03:11.291421,0x433ad35c,13.1325,63.75,6.75,-53,1769936574,3,3
2026-02-01 01:03:45.731266,0x433b0b38,13.18875,75.0,5.5,-73,1769936609,5,5
2026-02-01 01:05:33.082248,0x433acb14,13.13375,77.5,6.0,-85,1769936716,3,3
2026-01-27 01:01:05.880718,0x433ad35c,13.2575,72.5,6.75,-55,1769504461,3,3
2026-01-27 01:01:15.092884,0x433abf20,13.2575,73.75,5.75,-77,1769504470,3,3
2026-01-27 01:01:55.837881,0x433b0b38,13.245,62.5,6.0,-73,1769504511,5,5
2026-01-27 01:03:14.686606,0x433acb14,13.26125,75.0,5.0,-87,1769504590,3,3
2026-01-27 01:03:19.747147,0x433b0098,13.225,65.0,6.25,-61,1769504595,2,2
2026-01-27 01:06:17.275442,0x433abf20,13.25375,70.0,5.75,-77,1769504773,3,3
2026-01-27 01:06:57.106142,0x433b0b38,13.2475,60.0,5.25,-73,1769504812,5,5
2026-01-27 01:08:18.362727,0x433acb14,13.26375,66.25,6.25,-39,1769504894,3,2
2026-01-27 01:11:09.870939,0x433ad35c,13.26125,62.5,6.75,-54,1769505065,3,3
2026-01-27 01:11:17.733653,0x433abf20,13.26125,65.0,5.75,-76,1769505073,3,3
2026-01-27 01:11:58.382069,0x433b0b38,13.2475,63.75,5.5,-73,1769505114,5,5
2026-01-27 01:13:22.872252,0x433b0098,13.23375,58.75,7.0,-60,1769505198,2,2
2026-01-27 01:13:26.814015,0x433acb14,13.2575,72.5,5.0,-86,1769505202,3,3
2026-01-27 01:16:17.654393,0x433abf20,13.26,61.25,5.75,-77,1769505373,3,3
2026-01-27 01:17:00.704971,0x433b0b38,13.24375,73.75,6.0,-73,1769505416,5,5
2026-01-27 01:18:20.024864,0x433acb14,13.2625,62.5,6.0,-86,1769505495,3,3
2026-01-27 01:21:11.029783,0x433ad35c,13.2625,66.25,7.5,-54,1769505666,3,3
2026-01-27 01:21:18.497290,0x433abf20,13.26125,65.0,5.5,-76,1769505674,3,3
2026-01-27 01:22:01.019173,0x433b0b38,13.24125,68.75,5.5,-72,1769505716,5,5
2026-01-27 01:23:20.173576,0x433acb14,13.265,65.0,6.0,-86,1769505795,3,3
2026-01-27 01:23:33.595670,0x433b0098,13.2325,58.75,5.75,-61,1769505809,2,2
2026-01-27 01:26:18.902029,0x433abf20,13.26125,65.0,5.5,-77,1769505974,3,3
2026-01-27 01:27:02.630939,0x433b0b38,13.24125,73.75,5.5,-73,1769506018,5,5
2026-01-27 01:27:28.147379,0x433af380,13.20125,68.75,6.0,-38,1769506043,3,3
2026-01-27 01:28:23.547827,0x433acb14,13.265,65.0,6.0,-86,1769506099,3,3
2026-01-27 01:31:13.562883,0x433ad35c,13.25875,76.25,6.0,-55,1769506269,3,3
2026-01-27 01:31:20.801648,0x433abf20,13.26,65.0,5.25,-76,1769506276,3,3
2026-01-27 01:32:05.574569,0x433b0b38,13.23875,72.5,5.75,-72,1769506321,5,5
2026-01-27 01:33:22.801763,0x433acb14,13.26,75.0,5.75,-87,1769506398,3,3
2026-01-27 01:33:27.349224,0x433b0098,13.2,120.0,6.5,-60,1769506403,2,2
2026-01-27 01:36:21.656393,0x433abf20,13.25875,65.0,5.75,-76,1769506577,3,3
2026-01-27 01:37:07.128896,0x433b0b38,13.24625,61.25,5.5,-72,1769506622,5,5
2026-01-27 01:38:25.782427,0x433acb14,13.25875,73.75,6.0,-87,1769506701,3,3
2026-01-27 01:41:16.085453,0x433ad35c,13.2575,70.0,5.75,-55,1769506871,3,3
2026-01-27 01:41:23.661073,0x433abf20,13.26,65.0,5.75,-76,1769506879,3,3
2026-01-27 01:42:10.278512,0x433b0b38,13.24375,66.25,6.0,-73,1769506925,5,5
2026-01-27 01:43:26.120406,0x433acb14,13.2375,142.5,6.0,-86,1769507001,3,3
2026-01-27 01:43:30.071173,0x433b0098,13.19875,120.0,6.25,-60,1769507005,2,2
2026-01-27 01:46:25.327584,0x433abf20,13.26,65.0,5.25,-76,1769507181,3,3
2026-01-27 01:47:10.214367,0x433b0b38,13.245,61.25,5.5,-72,1769507225,5,5
2026-01-27 01:48:27.429776,0x433acb14,13.25875,72.5,6.0,-87,1769507303,3,3
2026-01-27 01:51:19.242310,0x433ad35c,13.255,76.25,7.25,-53,1769507474,3,3
2026-01-27 01:51:25.413368,0x433abf20,13.2575,62.5,5.75,-76,1769507481,3,3
2026-01-27 01:52:10.388279,0x433b0b38,13.24125,76.25,5.75,-73,1769507526,5,5
2026-01-27 01:53:28.731873,0x433acb14,13.25125,85.0,6.0,-86,1769507604,3,3
2026-01-27 01:53:32.740195,0x433b0098,13.23,62.5,6.5,-61,1769507608,2,2
2026-01-27 01:56:27.096745,0x433abf20,13.25875,62.5,5.5,-76,1769507782,3,3
2026-01-27 01:57:10.883576,0x433b0b38,13.245,60.0,5.75,-72,1769507826,5,5
2026-01-27 01:58:31.853247,0x433acb14,13.26,73.75,5.75,-86,1769507907,3,3
2026-01-30 13:04:54.995323,0x433abf20,13.265,65.0,5.5,-76,1769807082,3,3
2026-01-30 13:05:52.895406,0x433acb14,13.19625,72.5,3.5,-92,1769807140,3,3
2026-01-30 13:09:05.750667,0x433b0b38,13.2375,63.75,5.75,-73,1769807333,5,5
2026-01-30 13:09:58.029833,0x433abf20,13.26625,65.0,5.5,-77,1769807385,3,3
2026-01-30 13:11:00.760189,0x433acb14,13.19875,85.0,4.0,-92,1769807448,3,3
2026-01-30 13:11:18.707907,0x433aad0c,13.25125,76.25,5.5,-90,1769807466,3,3
2026-01-30 13:11:39.444979,0x433b0098,13.23375,62.5,6.75,-61,1769807486,2,2
2026-01-30 13:13:38.105687,0x433ad35c,13.26625,63.75,6.25,-53,1769807605,3,3
2026-01-30 13:14:06.283520,0x433b0b38,13.2375,63.75,5.75,-73,1769807633,5,5
2026-01-30 13:14:58.263470,0x433abf20,13.265,60.0,5.25,-76,1769807685,3,3
2026-01-30 13:15:58.373079,0x433acb14,13.19625,73.75,4.25,-53,1769807745,3,2
2026-01-30 13:19:11.671880,0x433b0b38,13.23625,58.75,5.25,-73,1769807939,5,5
2026-01-30 13:20:00.817366,0x433abf20,13.26625,88.75,5.75,-76,1769807988,3,3
2026-01-30 13:20:56.806216,0x433acb14,13.195,75.0,2.5,-94,1769808044,3,3
2026-01-30 13:21:21.179209,0x433aad0c,13.25375,62.5,5.25,-89,1769808068,3,3
2026-01-30 13:21:42.875589,0x433b0098,13.23375,58.75,6.0,-61,1769808090,2,2
2026-01-30 13:23:39.909871,0x433ad35c,13.2625,73.75,7.0,-54,1769808207,3,3
2026-01-30 13:24:09.069827,0x433b0b38,13.2325,76.25,5.75,-72,1769808236,5,5
2026-01-30 13:25:01.398824,0x433abf20,13.26125,75.0,5.5,-76,1769808288,3,3
2026-01-30 13:25:58.178186,0x433acb14,13.2,62.5,3.75,-90,1769808345,3,3
2026-01-30 13:29:10.514784,0x433b0b38,13.23375,75.0,5.75,-74,1769808537,5,5
2026-01-30 13:30:02.500290,0x433abf20,13.26625,66.25,5.75,-76,1769808589,3,3
2026-01-30 13:31:00.148605,0x433acb14,13.2025,65.0,4.0,-91,1769808647,3,3
2026-01-30 13:31:23.155924,0x433aad0c,13.25,81.25,5.75,-89,1769808670,3,3
2026-01-30 13:31:45.187703,0x433b0098,13.235,60.0,6.0,-61,1769808692,2,2
2026-01-30 13:33:42.913827,0x433ad35c,13.27,63.75,6.5,-55,1769808810,3,3
2026-01-30 13:34:12.212094,0x433b0b38,13.24125,63.75,5.75,-73,1769808839,5,5
2026-01-30 13:35:03.136383,0x433abf20,13.265,70.0,6.25,-76,1769808890,3,3
2026-01-30 13:36:00.514151,0x433acb14,13.20375,67.5,4.75,-89,1769808947,3,3
2026-01-30 13:39:18.394432,0x433b0b38,13.2425,65.0,6.25,-74,1769809145,5,5
2026-01-30 13:40:04.404010,0x433abf20,13.2625,73.75,5.5,-76,1769809191,3,3
2026-01-30 13:40:53.918914,0x433af380,13.20125,66.25,6.25,-39,1769809241,3,3
2026-01-30 13:41:02.592826,0x433acb14,13.19875,77.5,4.0,-90,1769809250,3,3
2026-01-30 13:41:25.988935,0x433aad0c,13.2525,67.5,5.5,-90,1769809273,3,3
2026-01-30 13:41:46.737230,0x433b0098,13.2375,61.25,6.25,-61,1769809294,2,2
2026-01-30 13:43:47.658005,0x433ad35c,13.265,73.75,6.0,-53,1769809415,3,3
2026-01-30 13:44:15.839731,0x433b0b38,13.2375,75.0,5.75,-73,1769809443,5,5
2026-01-30 13:45:06.518444,0x433abf20,13.2675,63.75,5.5,-76,1769809493,3,3
2026-01-30 13:46:03.313548,0x433acb14,13.1975,76.25,4.0,-91,1769809550,3,3
2026-01-30 13:49:16.721472,0x433b0b38,13.24125,65.0,6.0,-72,1769809744,5,5
2026-01-30 13:50:07.272086,0x433abf20,13.26625,62.5,6.0,-76,1769809794,3,3
2026-01-30 13:51:04.579173,0x433acb14,13.1975,76.25,4.0,-91,1769809851,3,3
2026-01-30 13:51:30.144593,0x433aad0c,13.2525,90.0,4.0,-90,1769809877,3,3
2026-01-30 13:51:49.061351,0x433b0098,13.23,71.25,5.5,-61,1769809896,2,2
2026-01-30 13:53:50.613261,0x433ad35c,13.265,76.25,6.0,-54,1769810018,3,3
2026-01-30 13:54:20.476618,0x433b0b38,13.2375,70.0,5.75,-72,1769810047,5,5
2026-01-30 13:55:07.824626,0x433abf20,13.26375,98.75,5.5,-77,1769810095,3,3
2026-01-30 13:56:06.133700,0x433acb14,13.19875,76.25,3.0,-92,1769810153,3,3
2026-01-30 13:59:20.036617,0x433b0b38,13.2425,55.0,6.0,-73,1769810347,5,5
2026-01-30 14:00:08.619019,0x433abf20,13.265,72.5,6.25,-76,1769810396,3,3
2026-01-30 14:01:09.166512,0x433acb14,13.2,73.75,1.75,-93,1769810456,3,3
2026-01-30 14:01:31.801566,0x433aad0c,13.25375,75.0,5.5,-89,1769810479,3,3
2026-01-30 14:01:51.907003,0x433b0098,13.23625,63.75,5.75,-61,1769810499,2,2
2026-01-30 14:03:53.139814,0x433ad35c,13.27,62.5,7.25,-54,1769810620,3,3
2026-01-30 14:04:20.325396,0x433b0b38,13.23875,70.0,5.75,-72,1769810647,5,5
2026-01-31 23:06:53.417330,0x433abf20,13.255,63.75,5.75,-76,1769929597,3,3
2026-01-31 23:07:56.982956,0x433b0098,13.2275,70.0,5.5,-59,1769929660,2,2
2026-01-31 23:08:16.288661,0x433b0b38,13.20125,72.5,5.5,-74,1769929680,5,5
2026-01-31 23:10:00.410274,0x433acb14,13.14375,61.25,6.5,-86,1769929784,3,3
2026-01-31 23:10:27.917108,0x433aad0c,13.25,71.25,5.75,-77,1769929811,3,3
2026-01-31 23:11:52.529185,0x433abf20,13.2475,63.75,5.75,-76,1769929896,3,3
2026-01-31 23:12:43.060328,0x433ad35c,13.14875,63.75,7.0,-53,1769929946,3,3
2026-01-31 23:13:18.953152,0x433b0b38,13.20375,91.25,5.75,-73,1769929982,5,5
2026-01-31 23:15:02.668520,0x433acb14,13.14625,66.25,5.75,-86,1769930086,3,3
2026-01-31 23:16:53.601292,0x433abf20,13.25375,60.0,5.25,-76,1769930197,3,3
2026-01-31 23:17:58.542529,0x433b0098,13.2275,73.75,6.5,-60,1769930262,2,2
2026-01-31 23:18:18.250337,0x433b0b38,13.20375,58.75,5.75,-73,1769930282,5,5
2026-01-31 23:20:03.660439,0x433acb14,13.1425,76.25,5.75,-86,1769930387,3,3
2026-01-31 23:20:28.644183,0x433aad0c,13.25375,62.5,5.75,-76,1769930412,3,3
2026-01-31 23:21:54.840751,0x433abf20,13.2475,71.25,5.75,-76,1769930498,3,3
2026-01-31 23:22:45.106245,0x433ad35c,13.14625,62.5,7.0,-53,1769930548,3,3
2026-01-31 23:23:19.698021,0x433b0b38,13.20625,66.25,5.75,-73,1769930583,5,5
2026-01-31 23:25:04.304786,0x433acb14,13.14125,72.5,5.5,-86,1769930688,3,3
2026-01-31 23:28:02.201998,0x433b0098,13.2,118.75,6.25,-60,1769930866,2,2
2026-01-31 23:28:21.050927,0x433b0b38,13.2025,62.5,5.75,-72,1769930884,5,5
2026-01-31 23:30:08.956732,0x433acb14,13.14,77.5,5.75,-86,1769930992,3,3
2026-01-31 23:30:31.356141,0x433aad0c,13.25,72.5,5.5,-77,1769931015,3,3
2026-01-31 23:31:56.468903,0x433abf20,13.25125,62.5,5.5,-76,1769931100,3,3
2026-01-31 23:32:47.216003,0x433ad35c,13.14625,65.0,7.5,-54,1769931151,3,3
2026-01-31 23:33:22.398968,0x433b0b38,13.19875,76.25,5.75,-72,1769931186,5,5
2026-01-31 23:35:14.558068,0x433acb14,13.14625,65.0,5.75,-86,1769931298,3,3
2026-01-31 23:36:57.672571,0x433abf20,13.25,66.25,6.0,-76,1769931401,3,3
2026-01-31 23:38:02.280201,0x433b0098,13.2325,62.5,6.5,-59,1769931466,2,2
2026-01-31 23:38:25.070048,0x433b0b38,13.19875,75.0,5.5,-73,1769931488,5,5
2026-01-31 23:40:12.327368,0x433acb14,13.14375,61.25,6.25,-86,1769931596,3,3
2026-01-31 23:40:33.902921,0x433aad0c,13.25125,63.75,5.75,-76,1769931617,3,3
2026-01-31 23:41:58.501340,0x433abf20,13.24875,73.75,6.25,-76,1769931702,3,3
2026-01-31 23:42:51.707542,0x433ad35c,13.145,63.75,6.0,-55,1769931755,3,3
2026-01-31 23:43:24.151870,0x433b0b38,13.20125,61.25,5.5,-73,1769931787,5,5
2026-01-31 23:45:02.817171,0x433af380,13.05875,80.0,6.0,-38,1769931886,3,3
2026-01-31 23:45:14.074115,0x433acb14,13.14,75.0,6.25,-87,1769931897,3,3
2026-01-31 23:46:58.341775,0x433abf20,13.25125,66.25,5.75,-77,1769932002,3,3
2026-01-31 23:48:04.654202,0x433b0098,13.225,73.75,7.25,-59,1769932068,2,2
2026-01-31 23:48:26.173530,0x433b0b38,13.2,60.0,5.5,-73,1769932089,5,5
2026-01-31 23:50:13.320414,0x433acb14,13.14375,66.25,5.25,-86,1769932197,3,3
2026-01-31 23:50:36.430672,0x433aad0c,13.25125,65.0,5.75,-76,1769932220,3,3
2026-01-31 23:51:59.840399,0x433abf20,13.25125,62.5,2.75,-76,1769932303,3,3
2026-01-31 23:52:54.607823,0x433ad35c,13.14125,76.25,5.75,-54,1769932358,3,3
2026-01-31 23:53:28.124059,0x433b0b38,13.1925,75.0,5.5,-72,1769932391,5,5
2026-01-31 23:55:16.458062,0x433acb14,13.11875,128.75,4.25,-85,1769932500,3,3
2026-01-31 23:56:59.805700,0x433abf20,13.2475,73.75,6.25,-77,1769932603,3,3
2026-01-31 23:58:06.603372,0x433b0098,13.2225,73.75,6.0,-60,1769932670,2,2
2026-01-31 23:58:29.129595,0x433b0b38,13.2,62.5,5.75,-72,1769932692,5,5
2026-02-01 00:00:14.612274,0x433acb14,13.14125,66.25,6.0,-86,1769932798,3,3
2026-02-01 00:00:40.268237,0x433aad0c,13.2525,63.75,5.75,-76,1769932824,3,3
2026-02-01 00:02:01.938952,0x433abf20,13.25,62.5,5.75,-76,1769932905,3,3
2026-02-01 00:02:55.427718,0x433ad35c,13.13875,75.0,7.0,-53,1769932959,3,3
2026-02-01 00:03:29.373875,0x433b0b38,13.19875,60.0,5.75,-72,1769932993,5,5
2026-02-01 00:05:19.928326,0x433acb14,13.14125,62.5,4.75,-87,1769933103,3,3
2026-02-01 16:07:47.697525,0x433b0b38,13.18375,75.0,5.75,-72,1769990849,5,5
2026-02-01 16:09:37.599610,0x433acb14,13.15,91.25,4.0,-92,1769990959,3,3
2026-02-01 16:09:55.521667,0x433abf20,13.2675,62.5,5.25,-76,1769990977,3,3
2026-02-01 16:11:18.348195,0x433b0098,13.2475,61.25,6.0,-61,1769991060,2,2
2026-02-01 16:12:50.006279,0x433b0b38,13.185,75.0,6.25,-73,1769991152,5,5
2026-02-01 16:14:35.679527,0x433acb14,13.15625,61.25,5.0,-90,1769991257,3,3
2026-02-01 16:14:56.388187,0x433abf20,13.2675,63.75,5.25,-76,1769991278,3,3
2026-02-01 16:15:02.594717,0x433aad0c,13.2675,62.5,5.0,-89,1769991284,3,3
2026-02-01 16:17:17.837885,0x433ad35c,13.1425,76.25,6.5,-54,1769991419,3,3
2026-02-01 16:17:49.492341,0x433b0b38,13.18875,60.0,6.0,-72,1769991451,5,5
2026-02-01 16:19:38.030310,0x433acb14,13.15125,75.0,3.5,-91,1769991560,3,3
2026-02-01 16:19:57.953972,0x433abf20,13.26625,63.75,5.25,-76,1769991580,3,3
2026-02-01 16:21:19.130530,0x433b0098,13.245,72.5,6.25,-62,1769991661,2,2
2026-02-01 16:22:50.936127,0x433b0b38,13.18875,65.0,5.5,-72,1769991753,5,5
2026-02-01 16:24:39.108036,0x433acb14,13.15125,75.0,3.5,-90,1769991861,3,3
2026-02-01 16:24:57.947379,0x433abf20,13.265,75.0,5.75,-77,1769991880,3,3
2026-02-01 16:25:04.301553,0x433aad0c,13.26875,61.25,4.25,-88,1769991886,3,3
2026-02-01 16:27:19.881642,0x433ad35c,13.14375,61.25,6.0,-53,1769992021,3,3
2026-02-01 16:27:54.729169,0x433b0b38,13.18875,58.75,5.5,-73,1769992056,5,5
2026-02-01 16:29:41.152228,0x433acb14,13.1525,76.25,4.75,-89,1769992163,3,3
2026-02-01 16:30:03.014777,0x433abf20,13.26375,75.0,6.0,-53,1769992185,3,2
2026-02-01 16:31:22.087448,0x433b0098,13.25,61.25,6.25,-61,1769992264,2,2
2026-02-01 16:32:54.345105,0x433b0b38,13.185,73.75,6.0,-73,1769992356,5,5
2026-02-01 16:34:41.102791,0x433acb14,13.15625,66.25,5.25,-90,1769992463,3,3
2026-02-01 16:34:59.421760,0x433abf20,13.26875,65.0,6.75,-76,1769992481,3,3
2026-02-01 16:35:09.719348,0x433aad0c,13.27,60.0,4.5,-88,1769992491,3,3
2026-02-01 16:37:21.469810,0x433ad35c,13.13875,76.25,7.75,-53,1769992623,3,3
2026-02-01 16:37:55.430128,0x433b0b38,13.19,62.5,5.75,-72,1769992657,5,5
2026-02-01 16:39:44.086908,0x433acb14,13.15625,63.75,3.75,-91,1769992766,3,3
2026-02-01 16:40:05.075084,0x433abf20,13.2675,63.75,6.0,-76,1769992787,3,3
2026-02-01 16:41:26.057027,0x433b0098,13.24625,73.75,6.75,-62,1769992868,2,2
2026-02-01 16:42:57.614355,0x433b0b38,13.1825,72.5,6.25,-73,1769992959,5,5
2026-02-01 16:44:46.059583,0x433acb14,13.155,66.25,4.0,-92,1769993068,3,3
2026-02-01 16:45:02.446600,0x433abf20,13.26375,75.0,5.75,-77,1769993084,3,3
2026-02-01 16:45:09.726789,0x433aad0c,13.27125,62.5,4.25,-87,1769993091,3,3
2026-02-01 16:47:20.010687,0x433af380,13.07375,66.25,6.25,-38,1769993222,3,3
2026-02-01 16:47:28.098129,0x433ad35c,13.13875,73.75,6.5,-53,1769993230,3,3
2026-02-01 16:47:59.361605,0x433b0b38,13.18375,76.25,5.75,-73,1769993261,5,5
2026-02-01 16:49:45.643564,0x433acb14,13.15625,65.0,4.0,-92,1769993367,3,3
2026-02-01 16:50:03.287193,0x433abf20,13.265,71.25,5.5,-76,1769993385,3,3
2026-02-01 16:51:27.107550,0x433b0098,13.24375,73.75,6.25,-62,1769993469,2,2
2026-02-01 16:52:59.147023,0x433b0b38,13.18875,57.5,6.5,-72,1769993561,5,5
2026-02-01 16:54:47.722393,0x433acb14,13.155,61.25,3.75,-92,1769993669,3,3
2026-02-01 16:55:06.434441,0x433abf20,13.24375,135.0,5.5,-76,1769993688,3,3
2026-02-01 16:55:12.824838,0x433aad0c,13.27125,62.5,6.25,-82,1769993694,3,3
2026-02-01 16:57:28.432144,0x433ad35c,13.14375,63.75,6.75,-54,1769993830,3,3
2026-02-01 16:58:03.018471,0x433b0b38,13.18875,60.0,6.0,-72,1769993865,5,5
2026-02-01 16:59:49.790888,0x433acb14,13.155,67.5,4.0,-92,1769993971,3,3
2026-02-01 17:00:04.521237,0x433abf20,13.26375,78.75,5.5,-76,1769993986,3,3
2026-02-01 17:01:29.394470,0x433b0098,13.24375,73.75,6.25,-60,1769994071,2,2
2026-02-01 17:03:02.194600,0x433b0b38,13.18875,62.5,5.75,-72,1769994164,5,5
2026-02-01 17:04:50.179051,0x433acb14,13.155,62.5,3.75,-91,1769994272,3,3
2026-02-01 17:05:06.794172,0x433abf20,13.26625,62.5,6.0,-75,1769994288,3,3
2026-02-01 17:05:15.408732,0x433aad0c,13.27125,63.75,5.25,-81,1769994297,3,3
2026-02-01 17:07:31.635782,0x433ad35c,13.14,75.0,6.5,-55,1769994433,3,3
2026-01-26 00:00:12.258493,0x433b0b38,13.2525,63.75,5.75,-75,1769414410,5,5
2026-01-26 00:00:20.941894,0x433abf20,13.25875,81.25,6.0,-76,1769414419,3,3
2026-01-26 00:01:33.522301,0x433acb14,13.29375,62.5,3.75,-91,1769414491,3,3
2026-01-26 00:04:22.506804,0x433ad35c,13.2725,65.0,6.25,-54,1769414660,3,3
2026-01-26 00:05:12.914679,0x433b0b38,13.24875,73.75,6.25,-73,1769414711,5,5
2026-01-26 00:05:21.152388,0x433abf20,13.25875,76.25,5.75,-76,1769414719,3,3
2026-01-26 00:06:35.828600,0x433acb14,13.29625,66.25,3.75,-91,1769414793,3,3
2026-01-26 00:07:29.233346,0x433b0098,13.24125,63.75,6.25,-60,1769414847,2,2
2026-01-26 00:10:14.970807,0x433b0b38,13.2525,62.5,5.25,-74,1769415013,5,5
2026-01-26 00:10:22.655805,0x433abf20,13.2575,76.25,6.0,-76,1769415020,3,3
2026-01-26 00:11:38.533287,0x433acb14,13.29125,73.75,3.5,-91,1769415096,3,3
2026-01-26 00:14:22.120925,0x433ad35c,13.27125,66.25,6.5,-54,1769415260,3,3
2026-01-26 00:15:16.185113,0x433b0b38,13.24875,73.75,5.75,-74,1769415314,5,5
2026-01-26 00:15:24.975683,0x433abf20,13.25875,73.75,5.5,-76,1769415323,3,3
2026-01-26 00:16:39.820063,0x433acb14,13.29125,72.5,4.0,-91,1769415397,3,3
2026-01-26 00:17:27.790722,0x433b0098,13.23875,62.5,6.25,-60,1769415445,2,2
2026-01-26 00:20:17.731008,0x433b0b38,13.25125,73.75,6.25,-74,1769415615,5,5
2026-01-26 00:20:27.326872,0x433abf20,13.26125,61.25,5.25,-77,1769415625,3,3
2026-01-26 00:21:40.558529,0x433acb14,13.29375,61.25,3.25,-91,1769415698,3,3
2026-01-26 00:23:23.110609,0x433af380,13.21125,67.5,6.0,-39,1769415801,3,3
2026-01-26 00:24:24.703252,0x433ad35c,13.27125,77.5,6.5,-54,1769415862,3,3
2026-01-26 00:25:18.753035,0x433b0b38,13.25375,61.25,6.25,-73,1769415916,5,5
2026-01-26 00:25:25.676725,0x433abf20,13.25875,75.0,5.25,-76,1769415923,3,3
2026-01-26 00:26:42.386386,0x433acb14,13.29,76.25,3.5,-91,1769416000,3,3
2026-01-26 00:27:31.072211,0x433b0098,13.23875,62.5,6.0,-60,1769416049,2,2
2026-01-26 00:30:20.364497,0x433b0b38,13.2525,65.0,5.75,-75,1769416218,5,5
2026-01-26 00:30:27.015784,0x433abf20,13.2625,62.5,5.5,-77,1769416225,3,3
2026-01-26 00:31:43.490462,0x433acb14,13.2675,136.25,3.75,-90,1769416301,3,3
2026-01-26 00:34:27.115102,0x433ad35c,13.255,133.75,6.25,-53,1769416465,3,3
2026-01-26 00:35:21.317644,0x433b0b38,13.2525,63.75,5.75,-74,1769416519,5,5
2026-01-26 00:35:31.870639,0x433abf20,13.26,62.5,5.75,-77,1769416529,3,3
2026-01-26 00:36:46.953956,0x433acb14,13.29375,62.5,3.75,-92,1769416605,3,3
2026-01-26 00:37:33.363669,0x433b0098,13.235,71.25,6.25,-60,1769416651,2,2
2026-01-26 00:40:22.941595,0x433b0b38,13.25125,62.5,6.25,-74,1769416821,5,5
2026-01-26 00:40:33.119118,0x433abf20,13.25375,102.5,5.25,-76,1769416831,3,3
2026-01-26 00:41:47.877046,0x433acb14,13.29375,67.5,3.5,-91,1769416905,3,3
2026-01-26 00:44:31.567544,0x433ad35c,13.27125,65.0,5.75,-53,1769417069,3,3
2026-01-26 00:45:24.318528,0x433b0b38,13.25125,65.0,6.25,-74,1769417122,5,5
2026-01-26 00:45:32.954525,0x433abf20,13.25875,76.25,6.0,-77,1769417131,3,3
2026-01-26 00:46:52.383336,0x433acb14,13.2925,77.5,4.0,-92,1769417210,3,3
2026-01-26 00:47:36.078425,0x433b0098,13.23375,71.25,6.25,-61,1769417254,2,2
2026-01-26 00:50:24.895258,0x433b0b38,13.2475,71.25,6.5,-74,1769417422,5,5
2026-01-26 00:50:34.053249,0x433abf20,13.25875,77.5,5.0,-76,1769417432,3,3
2026-01-26 00:51:49.713258,0x433acb14,13.28875,73.75,3.75,-91,1769417507,3,3
2026-01-26 00:54:32.926925,0x433ad35c,13.26875,65.0,6.0,-54,1769417670,3,3
2026-01-26 00:55:25.522329,0x433b0b38,13.2525,63.75,6.25,-74,1769417723,5,5
2026-01-26 00:55:37.165216,0x433abf20,13.26125,58.75,5.5,-76,1769417735,3,3
2026-01-26 00:56:51.591023,0x433acb14,13.29125,63.75,3.25,-92,1769417809,3,3
2026-01-26 00:57:37.530739,0x433b0098,13.2425,62.5,5.25,-61,1769417855,2,2
2026-01-25 15:59:21.072811,0x433acb14,13.33875,66.25,2.0,-95,1769385559,3,3
2026-01-25 16:02:14.053488,0x433ad35c,13.28625,65.0,6.0,-54,1769385732,3,3
2026-01-25 16:03:12.792728,0x433abf20,13.275,63.75,5.5,-77,1769385791,3,3
2026-01-25 16:03:15.052622,0x433b0b38,13.2525,63.75,6.5,-74,1769385793,5,5
2026-01-25 16:04:22.249248,0x433acb14,13.33875,65.0,2.5,-94,1769385861,3,3
2026-01-25 16:05:31.334932,0x433b0098,13.26875,76.25,6.0,-62,1769385930,2,2
2026-01-25 16:07:53.841285,0x433aad0c,12.54,65.0,6.25,-77,1769386072,3,3
2026-01-25 16:08:10.630408,0x433b0b38,13.26125,62.5,6.25,-74,1769386089,5,5
2026-01-25 16:08:21.696336,0x433abf20,13.25625,127.5,5.25,-77,1769386100,3,3
2026-01-25 16:09:23.574253,0x433acb14,13.33125,77.5,3.5,-93,1769386162,3,3
2026-01-25 16:12:09.974757,0x433ad35c,13.28625,65.0,6.0,-53,1769386328,3,3
2026-01-25 16:13:17.736029,0x433b0b38,13.265,62.5,6.75,-74,1769386396,5,5
2026-01-25 16:13:22.978937,0x433abf20,13.27375,82.5,5.5,-77,1769386401,3,3
2026-01-25 16:14:24.308553,0x433acb14,13.33125,75.0,1.75,-95,1769386463,3,3
2026-01-25 16:15:33.540726,0x433b0098,13.27375,63.75,6.25,-61,1769386532,2,2
2026-01-25 16:17:54.225750,0x433aad0c,12.51875,61.25,5.5,-77,1769386673,3,3
2026-01-25 16:18:13.657315,0x433b0b38,13.255,97.5,5.75,-74,1769386692,5,5
2026-01-25 16:18:16.060901,0x433abf20,13.27625,67.5,6.0,-76,1769386694,3,3
2026-01-25 16:19:26.290710,0x433acb14,13.335,61.25,2.25,-95,1769386765,3,3
2026-01-25 16:21:49.213460,0x433af380,13.20375,83.75,6.25,-39,1769386908,3,3
2026-01-25 16:22:13.749840,0x433ad35c,13.285,60.0,7.0,-54,1769386932,3,3
2026-01-25 16:23:14.670601,0x433b0b38,13.265,63.75,7.0,-74,1769386993,5,5
2026-01-25 16:23:21.897766,0x433abf20,13.27375,76.25,5.5,-76,1769387000,3,3
2026-01-25 16:24:28.073215,0x433acb14,13.335,65.0,3.0,-95,1769387066,3,3
2026-01-25 16:25:36.028564,0x433b0098,13.26875,62.5,6.0,-61,1769387134,2,2
2026-01-25 16:27:54.921433,0x433aad0c,12.49375,76.25,6.25,-77,1769387273,3,3
2026-01-25 16:28:16.965049,0x433b0b38,13.25625,72.5,6.75,-74,1769387295,5,5
2026-01-25 16:28:21.278863,0x433abf20,13.275,66.25,5.75,-77,1769387300,3,3
2026-01-25 16:29:28.723349,0x433acb14,13.33125,85.0,3.0,-93,1769387367,3,3
2026-01-25 16:32:16.674466,0x433ad35c,13.28,63.75,6.0,-53,1769387535,3,3
2026-01-25 16:33:18.869719,0x433b0b38,13.2625,65.0,6.75,-74,1769387597,5,5
2026-01-25 16:33:23.757284,0x433abf20,13.27375,63.75,5.5,-76,1769387602,3,3
2026-01-25 16:34:30.098052,0x433acb14,13.335,65.0,3.5,-92,1769387668,3,3
2026-01-25 16:35:37.179646,0x433b0098,13.2675,63.75,5.75,-60,1769387736,2,2
2026-01-25 16:37:56.508293,0x433aad0c,12.47375,66.25,6.25,-77,1769387875,3,3
2026-01-25 16:38:17.577105,0x433b0b38,13.26375,63.75,6.25,-74,1769387896,5,5
2026-01-25 16:38:25.356972,0x433abf20,13.275,65.0,5.25,-76,1769387904,3,3
2026-01-25 16:39:31.850964,0x433acb14,13.33125,66.25,3.0,-94,1769387970,3,3
2026-01-25 16:42:21.115652,0x433ad35c,13.28625,61.25,6.0,-55,1769388139,3,3
2026-01-25 16:43:18.433814,0x433b0b38,13.2625,58.75,5.5,-74,1769388197,5,5
2026-01-25 16:43:25.853118,0x433abf20,13.27375,91.25,6.0,-76,1769388204,3,3
2026-01-25 16:44:32.080385,0x433acb14,13.3325,67.5,3.0,-94,1769388270,3,3
2026-01-25 16:45:40.167437,0x433b0098,13.25875,77.5,6.0,-61,1769388339,2,2
2026-01-25 16:47:55.300161,0x433aad0c,12.435,73.75,5.75,-76,1769388474,3,3
2026-01-25 16:48:21.867707,0x433b0b38,13.2625,62.5,6.75,-74,1769388500,5,5
2026-01-25 16:48:26.827823,0x433abf20,13.275,66.25,6.0,-77,1769388505,3,3
2026-01-25 16:49:33.863101,0x433acb14,13.3325,63.75,3.5,-92,1769388572,3,3
2026-01-25 16:52:21.260308,0x433ad35c,13.28375,77.5,7.0,-54,1769388740,3,3
2026-01-25 16:53:29.321587,0x433abf20,13.27625,60.0,5.75,-76,1769388808,3,3
2026-01-25 16:53:32.676036,0x433b0b38,13.26,75.0,7.0,-74,1769388811,5,5
2026-01-25 16:54:35.690598,0x433acb14,13.33,62.5,2.75,-94,1769388874,3,3
2026-01-25 16:55:43.116356,0x433b0098,13.26,66.25,6.25,-60,1769388941,2,2
2026-01-25 16:57:56.329329,0x433aad0c,12.4,75.0,6.25,-76,1769389075,3,3
2026-01-25 16:58:23.578058,0x433b0b38,13.25875,75.0,6.75,-74,1769389102,5,5
2026-01-25 16:58:29.654702,0x433abf20,13.2725,76.25,5.5,-76,1769389108,3,3
2026-02-02 07:09:00.599103,0x433aad0c,13.225,63.75,5.0,-76,1770044921,3,3
2026-02-02 07:11:16.513711,0x433ad35c,13.05375,141.25,7.25,-54,1770045057,3,3
2026-02-02 07:11:49.737402,0x433b0b38,13.06375,122.5,6.0,-73,1770045090,5,5
2026-02-02 07:12:55.707469,0x433abf20,13.215,71.25,5.25,-76,1770045156,3,3
2026-02-02 07:13:35.842885,0x433acb14,13.09375,61.25,4.5,-85,1770045196,3,3
2026-02-02 07:14:20.910162,0x433b0098,13.19,63.75,5.75,-59,1770045241,2,2
2026-02-02 07:16:52.915675,0x433b0b38,13.085,68.75,5.75,-72,1770045393,5,5
2026-02-02 07:17:57.496507,0x433abf20,13.21625,63.75,5.25,-76,1770045458,3,3
2026-02-02 07:18:39.686387,0x433acb14,13.09375,66.25,4.75,-86,1770045500,3,3
2026-02-02 07:19:04.057115,0x433aad0c,13.22375,65.0,5.25,-76,1770045524,3,3
2026-02-02 07:21:19.208775,0x433ad35c,13.075,68.75,8.0,-54,1770045659,3,3
2026-02-02 07:21:53.237832,0x433b0b38,13.0875,62.5,5.5,-72,1770045693,5,5
2026-02-02 07:22:59.049464,0x433abf20,13.1975,121.25,5.5,-76,1770045759,3,3
2026-02-02 07:23:38.076915,0x433acb14,13.095,65.0,4.75,-85,1770045798,3,3
2026-02-02 07:24:23.629780,0x433b0098,13.19125,60.0,6.0,-59,1770045844,2,2
2026-02-02 07:26:56.122577,0x433b0b38,13.08625,72.5,5.75,-72,1770045996,5,5
2026-02-02 07:27:59.959582,0x433abf20,13.21875,63.75,5.75,-75,1770046060,3,3
2026-02-02 07:28:39.647831,0x433acb14,13.095,66.25,4.75,-86,1770046100,3,3
2026-02-02 07:29:07.877452,0x433aad0c,13.22,71.25,5.25,-76,1770046128,3,3
2026-02-02 07:31:21.727221,0x433ad35c,13.07125,73.75,7.0,-54,1770046262,3,3
2026-02-02 07:31:56.391036,0x433b0b38,13.08375,72.5,5.75,-72,1770046296,5,5
2026-02-02 07:32:59.754262,0x433abf20,13.21875,65.0,5.5,-76,1770046360,3,3
2026-02-02 07:33:41.153760,0x433acb14,13.09375,66.25,4.75,-86,1770046401,3,3
2026-02-02 07:34:24.378875,0x433b0098,13.19125,78.75,6.25,-60,1770046444,2,2
2026-02-02 07:36:57.642281,0x433b0b38,13.085,75.0,6.0,-72,1770046598,5,5
2026-02-02 07:38:00.500419,0x433abf20,13.21625,63.75,5.5,-76,1770046660,3,3
2026-02-02 07:38:44.173881,0x433acb14,13.09125,76.25,6.25,-86,1770046704,3,3
2026-02-02 07:39:10.437451,0x433aad0c,13.2225,63.75,5.0,-77,1770046730,3,3
2026-02-02 07:41:24.932498,0x433ad35c,13.0725,67.5,7.25,-53,1770046865,3,3
2026-02-02 07:41:58.540403,0x433b0b38,13.0875,66.25,5.5,-71,1770046899,5,5
2026-02-02 07:43:01.594988,0x433abf20,13.2175,65.0,5.75,-75,1770046962,3,3
2026-02-02 07:43:44.582002,0x433acb14,13.0925,63.75,4.75,-87,1770047005,3,3
2026-02-02 07:44:28.323924,0x433b0098,13.19,61.25,6.25,-61,1770047048,2,2
2026-02-02 07:46:59.091415,0x433b0b38,13.08,82.5,6.5,-72,1770047199,5,5
2026-02-02 07:48:02.167411,0x433abf20,13.21375,76.25,5.5,-76,1770047262,3,3
2026-02-02 07:48:46.593681,0x433acb14,13.08875,62.5,4.25,-87,1770047307,3,3
2026-02-02 07:49:13.575529,0x433aad0c,13.22,72.5,6.0,-77,1770047334,3,3
2026-02-02 07:49:18.528048,0x433af380,12.9925,72.5,5.75,-38,1770047338,3,3
2026-02-02 07:51:26.404382,0x433ad35c,13.06875,78.75,6.0,-54,1770047466,3,3
2026-02-02 07:52:01.806135,0x433b0b38,13.08125,67.5,6.0,-71,1770047502,5,5
2026-02-02 07:53:03.496028,0x433abf20,13.215,73.75,5.75,-76,1770047563,3,3
2026-02-02 07:53:47.750914,0x433acb14,13.09,72.5,3.75,-87,1770047608,3,3
2026-02-02 07:54:30.417749,0x433b0098,13.19,63.75,6.5,-59,1770047650,2,2
2026-02-02 07:57:02.502153,0x433b0b38,13.0825,76.25,6.0,-72,1770047802,5,5
2026-02-02 07:58:04.338739,0x433abf20,13.2125,72.5,5.75,-75,1770047864,3,3
2026-02-02 07:58:48.341298,0x433acb14,13.09,78.75,4.0,-87,1770047908,3,3
2026-02-02 07:59:14.670550,0x433aad0c,13.21875,75.0,6.25,-77,1770047935,3,3
2026-02-02 08:01:29.262010,0x433ad35c,13.07,66.25,6.75,-54,1770048069,3,3
2026-02-02 08:02:03.149270,0x433b0b38,13.07875,101.25,6.0,-72,1770048103,5,5
2026-02-02 08:03:05.672951,0x433abf20,13.2125,73.75,5.5,-75,1770048166,3,3
2026-02-02 08:03:51.727429,0x433acb14,13.09125,60.0,4.0,-88,1770048212,3,3
2026-02-02 08:04:32.006639,0x433b0098,13.18375,72.5,6.25,-60,1770048252,2,2
2026-02-02 08:07:06.509313,0x433b0b38,13.08625,61.25,1.75,-72,1770048406,5,5
2026-02-02 08:08:08.236541,0x433abf20,13.21625,63.75,5.5,-75,1770048468,3,3
2026-02-02 17:09:29.866288,0x433b0b38,13.13,62.5,7.25,-72,1770080949,5,5
2026-02-02 17:09:54.420219,0x433abf20,13.235,66.25,5.5,-76,1770080973,3,3
2026-02-02 17:11:15.681282,0x433acb14,13.14875,63.75,4.25,-90,1770081055,3,3
2026-02-02 17:11:45.540044,0x433aad0c,13.2725,62.5,5.25,-76,1770081084,3,3
2026-02-02 17:13:57.972075,0x433ad35c,13.135,63.75,6.5,-54,1770081217,3,3
2026-02-02 17:14:31.662241,0x433b0b38,13.13125,63.75,6.0,-71,1770081251,5,5
2026-02-02 17:14:54.953545,0x433abf20,13.2325,63.75,6.0,-76,1770081274,3,3
2026-02-02 17:16:18.805502,0x433acb14,13.14375,76.25,3.75,-91,1770081358,3,3
2026-02-02 17:16:34.652514,0x433b0098,13.24875,73.75,6.0,-61,1770081374,2,2
2026-02-02 17:19:32.541086,0x433b0b38,13.12375,76.25,6.0,-72,1770081551,5,5
2026-02-02 17:19:55.722157,0x433abf20,13.22375,63.75,5.5,-75,1770081575,3,3
2026-02-02 17:21:19.159683,0x433acb14,13.14375,77.5,4.0,-92,1770081658,3,3
2026-02-02 17:21:48.095554,0x433aad0c,13.27,73.75,5.75,-76,1770081687,3,3
2026-02-02 17:23:59.743367,0x433ad35c,13.135,63.75,6.5,-53,1770081819,3,3
2026-02-02 17:24:36.882055,0x433b0b38,13.125,76.25,5.75,-72,1770081856,5,5
2026-02-02 17:24:56.737019,0x433abf20,13.22625,73.75,5.75,-76,1770081876,3,3
2026-02-02 17:26:20.465555,0x433acb14,13.14625,63.75,3.75,-91,1770081959,3,3
2026-02-02 17:26:37.783267,0x433b0098,13.255,63.75,6.25,-61,1770081977,2,2
2026-02-02 17:29:35.870326,0x433b0b38,13.125,70.0,6.0,-71,1770082155,5,5
2026-02-02 17:29:58.096079,0x433abf20,13.2275,72.5,5.5,-76,1770082177,3,3
2026-02-02 17:31:50.813193,0x433aad0c,13.2725,65.0,5.5,-76,1770082290,3,3
2026-02-02 17:34:02.264698,0x433ad35c,13.13,76.25,6.25,-53,1770082421,3,3
2026-02-02 17:34:36.371225,0x433b0b38,13.1275,63.75,5.5,-72,1770082455,5,5
2026-02-02 17:34:59.200762,0x433abf20,13.21,125.0,5.5,-75,1770082478,3,3
2026-02-02 17:36:22.067165,0x433acb14,13.14375,75.0,3.5,-91,1770082561,3,3
2026-02-02 17:36:38.294081,0x433b0098,13.25,73.75,6.0,-61,1770082577,2,2
2026-02-02 17:39:39.245487,0x433b0b38,13.12875,61.25,6.0,-72,1770082758,5,5
2026-02-02 17:39:59.145035,0x433abf20,13.22875,63.75,6.0,-76,1770082778,3,3
2026-02-02 17:41:24.244544,0x433acb14,13.1425,75.0,3.5,-91,1770082863,3,3
2026-02-02 17:41:53.627722,0x433aad0c,13.2725,60.0,5.5,-76,1770082893,3,3
2026-02-02 17:44:05.071159,0x433ad35c,13.13,76.25,6.5,-54,1770083024,3,3
2026-02-02 17:44:41.184505,0x433b0b38,13.1275,63.75,6.0,-72,1770083060,5,5
2026-02-02 17:45:03.672688,0x433abf20,13.23,62.5,6.0,-76,1770083083,3,3
2026-02-02 17:46:32.134495,0x433acb14,13.14375,75.0,4.0,-90,1770083171,3,3
2026-02-02 17:46:38.745483,0x433b0098,13.2525,62.5,6.25,-61,1770083178,2,2
2026-02-02 17:49:40.586653,0x433b0b38,13.1275,65.0,6.0,-71,1770083359,5,5
2026-02-02 17:50:00.629946,0x433abf20,13.22875,61.25,5.75,-76,1770083380,3,3
2026-02-02 17:50:35.376198,0x433af380,13.07125,71.25,6.25,-38,1770083414,3,3
2026-02-02 17:51:27.563133,0x433acb14,13.14625,61.25,3.75,-90,1770083466,3,3
2026-02-02 17:51:56.167812,0x433aad0c,13.27375,65.0,5.5,-76,1770083495,3,3
2026-02-02 17:54:08.384325,0x433ad35c,13.1325,63.75,6.5,-53,1770083627,3,3
2026-02-02 17:54:42.876741,0x433b0b38,13.12375,76.25,6.0,-72,1770083662,5,5
2026-02-02 17:55:01.561579,0x433abf20,13.22375,75.0,6.0,-76,1770083680,3,3
2026-02-02 17:56:33.665377,0x433acb14,13.14625,65.0,3.75,-90,1770083773,3,3
2026-02-02 17:56:39.863334,0x433b0098,13.255,62.5,6.0,-61,1770083779,2,2
2026-02-02 17:59:43.699798,0x433b0b38,13.12125,75.0,6.25,-71,1770083963,5,5
2026-02-02 18:00:02.130527,0x433abf20,13.22375,68.75,5.5,-76,1770083981,3,3
2026-02-02 18:01:32.663221,0x433acb14,13.1425,77.5,3.75,-90,1770084072,3,3
2026-02-02 18:01:59.846898,0x433aad0c,13.26625,71.25,5.5,-76,1770084099,3,3
2026-02-02 18:04:10.341710,0x433ad35c,13.13125,61.25,5.5,-53,1770084229,3,3
2026-02-02 18:04:45.606823,0x433b0b38,13.12625,65.0,6.25,-71,1770084264,5,5
2026-02-02 18:05:03.016052,0x433abf20,13.2225,76.25,5.75,-76,1770084282,3,3
2026-02-02 18:06:31.915695,0x433acb14,13.1425,77.5,3.75,-91,1770084371,3,3
2026-02-02 18:06:41.653285,0x433b0098,13.24625,72.5,6.25,-61,1770084381,2,2
2026-01-31 12:07:05.489361,0x433acb14,13.15625,76.25,3.5,-92,1769890010,3,3
2026-01-31 12:07:26.611480,0x433aad0c,13.2475,63.75,3.75,-90,1769890031,3,3
2026-01-31 12:09:36.733895,0x433abf20,13.25375,91.25,5.5,-75,1769890161,3,3
2026-01-31 12:09:51.007364,0x433ad35c,13.19125,62.5,6.5,-53,1769890176,3,3
2026-01-31 12:10:15.317025,0x433b0b38,13.21875,58.75,6.0,-73,1769890200,5,5
2026-01-31 12:12:06.801668,0x433acb14,13.16,65.0,2.75,-93,1769890311,3,3
2026-01-31 12:14:37.992813,0x433abf20,13.2525,77.5,6.5,-77,1769890463,3,3
2026-01-31 12:15:18.000107,0x433b0b38,13.22,61.25,5.25,-74,1769890503,5,5
2026-01-31 12:15:54.741707,0x433b0098,13.21375,73.75,6.0,-61,1769890539,2,2
2026-01-31 12:17:08.031226,0x433acb14,13.16,62.5,0.5,-96,1769890613,3,3
2026-01-31 12:17:28.623332,0x433aad0c,13.245,73.75,3.75,-90,1769890633,3,3
2026-01-31 12:19:39.616588,0x433abf20,13.255,62.5,5.75,-76,1769890764,3,3
2026-01-31 12:19:51.155710,0x433ad35c,13.19125,61.25,7.25,-54,1769890776,3,3
2026-01-31 12:20:17.861654,0x433b0b38,13.215,75.0,5.75,-73,1769890802,5,5
2026-01-31 12:22:08.881942,0x433acb14,13.16375,62.5,2.5,-95,1769890913,3,3
2026-01-31 12:24:39.006599,0x433abf20,13.255,62.5,5.5,-76,1769891064,3,3
2026-01-31 12:25:21.665581,0x433b0b38,13.215,76.25,5.5,-74,1769891106,5,5
2026-01-31 12:25:54.918770,0x433b0098,13.2225,61.25,6.5,-62,1769891139,2,2
2026-01-31 12:27:10.705936,0x433acb14,13.1575,75.0,1.5,-95,1769891215,3,3
2026-01-31 12:27:32.908240,0x433aad0c,13.24625,73.75,3.25,-91,1769891237,3,3
2026-01-31 12:29:40.727072,0x433abf20,13.2575,63.75,6.25,-77,1769891365,3,3
2026-01-31 12:29:53.769730,0x433ad35c,13.1875,76.25,6.75,-54,1769891378,3,3
2026-01-31 12:30:24.535731,0x433b0b38,13.22125,63.75,6.0,-73,1769891409,5,5
2026-01-31 12:32:13.119490,0x433acb14,13.1575,77.5,3.75,-93,1769891518,3,3
2026-01-31 12:34:41.723661,0x433abf20,13.2575,61.25,5.25,-76,1769891666,3,3
2026-01-31 12:35:24.247047,0x433b0b38,13.21625,71.25,6.0,-73,1769891709,5,5
2026-01-31 12:35:57.438944,0x433b0098,13.22375,60.0,6.25,-61,1769891742,2,2
2026-01-31 12:37:12.240167,0x433acb14,13.1575,76.25,2.25,-95,1769891817,3,3
2026-01-31 12:37:35.088961,0x433aad0c,13.24625,71.25,3.25,-91,1769891840,3,3
2026-01-31 12:39:45.821187,0x433abf20,13.23875,123.75,5.75,-76,1769891970,3,3
2026-01-31 12:39:58.216282,0x433ad35c,13.1925,63.75,7.0,-53,1769891983,3,3
2026-01-31 12:40:24.573314,0x433b0b38,13.2225,61.25,6.0,-73,1769892009,5,5
2026-01-31 12:42:14.999104,0x433acb14,13.16125,76.25,2.25,-95,1769892119,3,3
2026-01-31 12:43:32.708692,0x433af380,13.135,71.25,6.5,-38,1769892197,3,3
2026-01-31 12:44:45.026678,0x433abf20,13.23875,125.0,5.25,-76,1769892270,3,3
2026-01-31 12:45:27.142952,0x433b0b38,13.21875,75.0,5.75,-73,1769892312,5,5
2026-01-31 12:45:57.922784,0x433b0098,13.21875,71.25,5.75,-61,1769892342,2,2
2026-01-31 12:47:14.767277,0x433acb14,13.15625,96.25,-0.5,-98,1769892419,3,3
2026-01-31 12:47:36.252849,0x433aad0c,13.2475,83.75,4.25,-90,1769892441,3,3
2026-01-31 12:49:44.819149,0x433abf20,13.255,75.0,6.25,-77,1769892569,3,3
2026-01-31 12:50:03.520727,0x433ad35c,13.19,73.75,6.5,-54,1769892588,3,3
2026-01-31 12:50:27.817449,0x433b0b38,13.21375,80.0,5.75,-72,1769892612,5,5
2026-01-31 12:52:16.228009,0x433acb14,13.16,76.25,0.25,-97,1769892721,3,3
2026-01-31 12:54:45.212660,0x433abf20,13.2575,73.75,6.0,-76,1769892870,3,3
2026-01-31 12:55:29.257818,0x433b0b38,13.21875,72.5,6.0,-72,1769892914,5,5
2026-01-31 12:56:00.239101,0x433b0098,13.22625,61.25,5.75,-61,1769892945,2,2
2026-01-31 12:57:17.784276,0x433acb14,13.16375,65.0,4.25,-92,1769893022,3,3
2026-01-31 12:57:40.013433,0x433aad0c,13.24875,72.5,4.5,-92,1769893044,3,3
2026-01-31 12:59:46.162069,0x433abf20,13.26,61.25,6.5,-77,1769893171,3,3
2026-01-31 13:00:03.755127,0x433ad35c,13.195,62.5,6.25,-54,1769893188,3,3
2026-01-31 13:00:30.932500,0x433b0b38,13.22,72.5,5.75,-73,1769893215,5,5
2026-01-31 13:02:19.141160,0x433acb14,13.16625,62.5,2.0,-96,1769893324,3,3
2026-01-31 13:04:48.897214,0x433abf20,13.26,62.5,5.75,-77,1769893473,3,3
2026-01-31 13:05:31.496205,0x433b0b38,13.22125,75.0,6.0,-73,1769893516,5,5
2026-01-31 13:06:02.637813,0x433b0098,13.23125,61.25,6.25,-62,1769893547,2,2
2026-01-29 02:04:18.749035,0x433ad35c,13.2475,76.25,6.25,-54,1769681049,3,3
2026-01-29 02:04:39.552091,0x433b0b38,13.2375,61.25,5.5,-71,1769681070,5,5
2026-01-29 02:05:02.969319,0x433b0098,13.2225,68.75,5.75,-60,1769681093,2,2
2026-01-29 02:06:28.512473,0x433acb14,13.21625,67.5,4.25,-86,1769681179,3,3
2026-01-29 02:07:57.884627,0x433abf20,13.25125,76.25,5.5,-77,1769681268,3,3
2026-01-29 02:09:42.049211,0x433b0b38,13.23125,68.75,5.5,-71,1769681373,5,5
2026-01-29 02:11:30.571414,0x433acb14,13.21375,78.75,4.25,-85,1769681481,3,3
2026-01-29 02:11:51.028373,0x433aad0c,13.2375,73.75,5.5,-76,1769681501,3,3
2026-01-29 02:12:59.154541,0x433abf20,13.25125,75.0,5.5,-76,1769681570,3,3
2026-01-29 02:14:22.196043,0x433ad35c,13.25125,65.0,6.0,-55,1769681653,3,3
2026-01-29 02:14:45.190738,0x433b0b38,13.23875,58.75,5.75,-71,1769681676,5,5
2026-01-29 02:15:05.033837,0x433b0098,13.21875,71.25,6.0,-61,1769681695,2,2
2026-01-29 02:16:31.029300,0x433acb14,13.2175,61.25,4.75,-85,1769681781,3,3
2026-01-29 02:17:58.285907,0x433abf20,13.24875,71.25,5.5,-75,1769681869,3,3
2026-01-29 02:19:45.105260,0x433b0b38,13.23,72.5,6.0,-72,1769681976,5,5
2026-01-29 02:21:32.299712,0x433acb14,13.21625,67.5,5.5,-86,1769682083,3,3
2026-01-29 02:21:52.683155,0x433aad0c,13.2425,60.0,5.25,-76,1769682103,3,3
2026-01-29 02:22:59.115054,0x433abf20,13.25,76.25,5.25,-76,1769682170,3,3
2026-01-29 02:24:25.027518,0x433ad35c,13.25,63.75,6.25,-55,1769682255,3,3
2026-01-29 02:24:45.939533,0x433b0b38,13.235,60.0,6.0,-72,1769682276,5,5
2026-01-29 02:25:06.278068,0x433b0098,13.2225,62.5,6.0,-60,1769682297,2,2
2026-01-29 02:26:33.547074,0x433acb14,13.21375,72.5,6.0,-86,1769682384,3,3
2026-01-29 02:28:03.338368,0x433abf20,13.25375,63.75,5.25,-76,1769682474,3,3
2026-01-29 02:29:47.827855,0x433b0b38,13.23,73.75,6.25,-72,1769682578,5,5
2026-01-29 02:31:35.595809,0x433acb14,13.2125,72.5,5.5,-86,1769682686,3,3
2026-01-29 02:31:56.112325,0x433aad0c,13.24375,70.0,5.5,-76,1769682707,3,3
2026-01-29 02:33:01.233089,0x433abf20,13.255,65.0,5.25,-76,1769682772,3,3
2026-01-29 02:34:28.117637,0x433ad35c,13.24875,65.0,5.75,-55,1769682859,3,3
2026-01-29 02:34:48.374031,0x433b0b38,13.235,56.25,6.5,-72,1769682879,5,5
2026-01-29 02:35:08.293757,0x433b0098,13.22375,58.75,5.75,-61,1769682899,2,2
2026-01-29 02:36:02.227219,0x433af380,13.18125,70.0,5.75,-39,1769682953,3,3
2026-01-29 02:36:36.310149,0x433acb14,13.21625,67.5,4.25,-85,1769682987,3,3
2026-01-29 02:38:01.878839,0x433abf20,13.25375,65.0,5.25,-75,1769683072,3,3
2026-01-29 02:39:49.665515,0x433b0b38,13.235,61.25,5.75,-72,1769683180,5,5
2026-01-29 02:41:37.724542,0x433acb14,13.21625,63.75,4.5,-85,1769683288,3,3
2026-01-29 02:41:59.085204,0x433aad0c,13.2375,75.0,5.5,-76,1769683309,3,3
2026-01-29 02:43:03.601460,0x433abf20,13.25125,61.25,5.5,-77,1769683374,3,3
2026-01-29 02:44:30.642695,0x433ad35c,13.24875,65.0,5.75,-55,1769683461,3,3
2026-01-29 02:44:51.546280,0x433b0b38,13.23,75.0,7.0,-72,1769683482,5,5
2026-01-29 02:45:10.042967,0x433b0098,13.22625,63.75,7.25,-60,1769683500,2,2
2026-01-29 02:46:39.576772,0x433acb14,13.21125,76.25,5.0,-85,1769683590,3,3
2026-01-29 02:48:03.596093,0x433abf20,13.25375,63.75,5.5,-76,1769683674,3,3
2026-01-29 02:49:54.043605,0x433b0b38,13.23375,57.5,6.25,-70,1769683784,5,5
2026-01-29 02:51:42.456603,0x433acb14,13.21625,66.25,5.75,-86,1769683893,3,3
2026-01-29 02:52:02.642847,0x433aad0c,13.24125,60.0,5.5,-76,1769683913,3,3
2026-01-29 02:53:05.782536,0x433abf20,13.2525,65.0,6.0,-76,1769683976,3,3
2026-01-29 02:54:32.952298,0x433ad35c,13.2475,62.5,6.25,-55,1769684063,3,3
2026-01-29 02:54:55.363145,0x433b0b38,13.23375,61.25,6.0,-70,1769684086,5,5
2026-01-29 02:55:11.390808,0x433b0098,13.21875,72.5,5.75,-60,1769684102,2,2
2026-01-29 02:56:50.458416,0x433acb14,13.21,76.25,6.25,-87,1769684201,3,3
2026-01-29 02:59:56.939603,0x433b0b38,13.23375,65.0,7.25,-71,1769684387,5,5
2026-01-29 03:01:43.549130,0x433acb14,13.21375,78.75,5.25,-85,1769684494,3,3
2026-01-29 03:02:05.131920,0x433aad0c,13.2375,76.25,5.5,-75,1769684515,3,3
2026-01-29 03:03:07.778614,0x433abf20,13.25375,58.75,5.5,-75,1769684578,3,3
2026-01-28 01:02:23.249266,0x433abf20,13.27375,65.0,5.5,-76,1769590936,3,3
2026-01-28 01:03:24.187792,0x433b0b38,13.25125,73.75,5.75,-74,1769590997,5,5
2026-01-28 01:04:46.520370,0x433acb14,13.25625,72.5,3.75,-91,1769591079,3,3
2026-01-28 01:07:22.520557,0x433abf20,13.2675,81.25,5.5,-76,1769591235,3,3
2026-01-28 01:07:32.717687,0x433ad35c,13.27375,67.5,6.5,-54,1769591246,3,3
2026-01-28 01:08:27.034954,0x433b0b38,13.2525,73.75,5.75,-72,1769591300,5,5
2026-01-28 01:09:35.140271,0x433b0098,13.245,61.25,6.25,-61,1769591368,2,2
2026-01-28 01:09:45.933577,0x433acb14,13.25875,62.5,3.5,-91,1769591379,3,3
2026-01-28 01:13:22.833666,0x433b0b38,13.2575,61.25,5.5,-73,1769591596,5,5
2026-01-28 01:14:48.241597,0x433acb14,13.25875,63.75,3.75,-90,1769591681,3,3
2026-01-28 01:17:28.728212,0x433abf20,13.2725,63.75,5.5,-76,1769591842,3,3
2026-01-28 01:17:36.438132,0x433ad35c,13.275,66.25,5.75,-54,1769591849,3,3
2026-01-28 01:18:24.106865,0x433b0b38,13.255,61.25,5.75,-73,1769591897,5,5
2026-01-28 01:19:41.328556,0x433b0098,13.2475,62.5,6.5,-61,1769591974,2,2
2026-01-28 01:19:49.620022,0x433acb14,13.25625,76.25,3.75,-88,1769591983,3,3
2026-01-28 01:22:31.689691,0x433abf20,13.26875,75.0,6.0,-76,1769592145,3,3
2026-01-28 01:23:32.817677,0x433b0b38,13.2525,76.25,6.0,-73,1769592206,5,5
2026-01-28 01:24:50.524384,0x433acb14,13.25625,75.0,5.25,-89,1769592283,3,3
2026-01-28 01:27:32.229917,0x433abf20,13.25125,126.25,6.0,-76,1769592445,3,3
2026-01-28 01:27:38.939598,0x433ad35c,13.275,65.0,6.0,-54,1769592452,3,3
2026-01-28 01:28:27.353433,0x433b0b38,13.25625,62.5,5.5,-73,1769592500,5,5
2026-01-28 01:29:40.286856,0x433b0098,13.2475,61.25,5.75,-62,1769592573,2,2
2026-01-28 01:29:51.656885,0x433acb14,13.26,66.25,3.75,-92,1769592585,3,3
2026-01-28 01:32:00.041267,0x433af380,13.18625,81.25,6.25,-39,1769592713,3,3
2026-01-28 01:32:30.580601,0x433abf20,13.27375,65.0,6.0,-76,1769592743,3,3
2026-01-28 01:33:29.824672,0x433b0b38,13.25625,58.75,5.75,-72,1769592803,5,5
2026-01-28 01:34:52.886844,0x433acb14,13.25875,66.25,3.25,-91,1769592886,3,3
2026-01-28 01:37:33.898543,0x433abf20,13.2675,72.5,5.5,-75,1769593047,3,3
2026-01-28 01:37:44.799310,0x433ad35c,13.27,75.0,6.0,-53,1769593058,3,3
2026-01-28 01:38:30.693045,0x433b0b38,13.25375,62.5,6.0,-72,1769593104,5,5
2026-01-28 01:39:45.141356,0x433b0098,13.23875,75.0,6.25,-60,1769593178,2,2
2026-01-28 01:39:53.169818,0x433acb14,13.255,76.25,4.0,-91,1769593186,3,3
2026-01-28 01:42:33.150336,0x433abf20,13.27125,63.75,5.75,-75,1769593346,3,3
2026-01-28 01:43:32.198154,0x433b0b38,13.25,70.0,6.0,-72,1769593405,5,5
2026-01-28 01:44:54.781143,0x433acb14,13.25875,63.75,3.5,-91,1769593488,3,3
2026-01-28 01:47:34.952883,0x433abf20,13.2675,76.25,6.0,-75,1769593648,3,3
2026-01-28 01:47:44.167619,0x433ad35c,13.2725,61.25,6.0,-53,1769593657,3,3
2026-01-28 01:48:33.510328,0x433b0b38,13.25625,63.75,6.0,-73,1769593706,5,5
2026-01-28 01:49:47.413941,0x433b0098,13.24375,77.5,6.0,-61,1769593780,2,2
2026-01-28 01:49:57.814707,0x433acb14,13.25875,66.25,3.0,-91,1769593791,3,3
2026-01-28 01:52:36.615632,0x433abf20,13.27125,63.75,5.75,-76,1769593949,3,3
2026-01-28 01:53:34.468908,0x433b0b38,13.25375,63.75,5.75,-72,1769594007,5,5
2026-01-28 01:55:00.778417,0x433acb14,13.255,67.5,3.75,-91,1769594094,3,3
2026-01-28 01:57:37.278487,0x433abf20,13.2675,75.0,6.0,-75,1769594250,3,3
2026-01-28 01:57:49.596621,0x433ad35c,13.27375,65.0,6.75,-53,1769594262,3,3
2026-01-28 01:58:34.926749,0x433b0b38,13.255,62.5,6.0,-72,1769594308,5,5
2026-01-28 01:59:49.929445,0x433b0098,13.245,60.0,6.25,-61,1769594383,2,2
2026-01-28 01:59:59.550340,0x433acb14,13.255,75.0,3.75,-90,1769594392,3,3
2026-01-26 23:00:35.894394,0x433ad35c,13.26875,63.75,6.25,-54,1769497231,3,3
2026-01-26 23:00:44.217701,0x433abf20,13.26625,65.0,6.25,-77,1769497240,3,3
2026-01-26 23:01:25.110170,0x433b0b38,13.24875,73.75,5.5,-73,1769497281,5,5
2026-01-26 23:02:42.005909,0x433acb14,13.2675,72.5,6.25,-86,1769497357,3,3
2026-01-26 23:02:46.989133,0x433b0098,13.24125,61.25,7.0,-59,1769497362,2,2
2026-01-26 23:05:44.991842,0x433abf20,13.26625,65.0,5.0,-76,1769497540,3,3
2026-01-26 23:06:27.996760,0x433b0b38,13.25375,63.75,5.75,-73,1769497583,5,5
2026-01-26 23:07:42.814030,0x433acb14,13.26625,75.0,5.25,-86,1769497658,3,3
2026-01-26 23:10:37.947618,0x433ad35c,13.26875,65.0,6.0,-55,1769497833,3,3
2026-01-26 23:10:46.338115,0x433abf20,13.25875,67.5,5.5,-77,1769497842,3,3
2026-01-26 23:11:28.560969,0x433b0b38,13.2475,70.0,5.5,-73,1769497884,5,5
2026-01-26 23:12:45.599662,0x433acb14,13.2675,76.25,5.0,-87,1769497961,3,3
2026-01-26 23:12:48.841434,0x433b0098,13.2075,118.75,6.75,-60,1769497964,2,2
2026-01-26 23:15:46.767833,0x433abf20,13.26375,73.75,5.25,-77,1769498142,3,3
2026-01-26 23:16:30.197069,0x433b0b38,13.2525,57.5,5.75,-74,1769498186,5,5
2026-01-26 23:17:46.341609,0x433acb14,13.26625,76.25,5.5,-86,1769498262,3,3
2026-01-26 23:20:39.760884,0x433ad35c,13.26375,72.5,7.25,-54,1769498435,3,3
2026-01-26 23:20:48.770743,0x433abf20,13.265,61.25,5.25,-76,1769498444,3,3
2026-01-26 23:21:31.366599,0x433b0b38,13.2475,73.75,5.25,-74,1769498487,5,5
2026-01-26 23:22:50.432731,0x433acb14,13.26875,57.5,6.0,-86,1769498566,3,3
2026-01-26 23:22:52.574047,0x433b0098,13.23875,62.5,6.5,-60,1769498568,2,2
2026-01-26 23:25:49.606488,0x433abf20,13.26625,63.75,5.5,-76,1769498745,3,3
2026-01-26 23:26:31.889969,0x433b0b38,13.25375,65.0,5.25,-74,1769498787,5,5
2026-01-26 23:27:02.386085,0x433af380,13.20875,68.75,6.25,-38,1769498818,3,3
2026-01-26 23:27:48.161839,0x433acb14,13.27125,66.25,5.75,-87,1769498864,3,3
2026-01-26 23:30:43.043946,0x433ad35c,13.265,76.25,6.5,-55,1769499038,3,3
2026-01-26 23:30:51.050383,0x433abf20,13.26375,61.25,6.0,-77,1769499046,3,3
2026-01-26 23:31:33.127672,0x433b0b38,13.25,58.75,6.0,-73,1769499089,5,5
2026-01-26 23:32:48.631410,0x433acb14,13.2675,68.75,5.5,-85,1769499164,3,3
2026-01-26 23:32:53.581666,0x433b0098,13.23625,63.75,6.0,-59,1769499169,2,2
2026-01-26 23:35:52.775750,0x433abf20,13.26375,65.0,6.25,-76,1769499348,3,3
2026-01-26 23:36:35.102011,0x433b0b38,13.2525,72.5,5.5,-74,1769499390,5,5
2026-01-26 23:37:50.806561,0x433acb14,13.265,82.5,6.25,-86,1769499466,3,3
2026-01-26 23:40:45.696831,0x433ad35c,13.26375,77.5,6.0,-55,1769499641,3,3
2026-01-26 23:40:53.786313,0x433abf20,13.26375,66.25,5.75,-76,1769499649,3,3
2026-01-26 23:41:35.651582,0x433b0b38,13.25375,65.0,5.75,-73,1769499691,5,5
2026-01-26 23:42:51.149750,0x433acb14,13.2675,62.5,6.0,-86,1769499767,3,3
2026-01-26 23:42:57.811081,0x433b0098,13.23125,75.0,5.5,-76,1769499773,2,1
2026-01-26 23:45:54.538237,0x433abf20,13.25875,75.0,5.25,-77,1769499950,3,3
2026-01-26 23:46:36.913044,0x433b0b38,13.25,57.5,5.75,-74,1769499992,5,5
2026-01-26 23:47:53.335329,0x433acb14,13.26875,63.75,6.25,-86,1769500069,3,3
2026-01-26 23:50:47.978046,0x433ad35c,13.265,63.75,7.0,-54,1769500243,3,3
2026-01-26 23:50:56.877183,0x433abf20,13.265,67.5,5.5,-76,1769500252,3,3
2026-01-26 23:51:38.173853,0x433b0b38,13.245,95.0,5.75,-73,1769500294,5,5
2026-01-26 23:52:53.668678,0x433acb14,13.265,76.25,5.75,-86,1769500369,3,3
2026-01-26 23:53:00.178096,0x433b0098,13.2375,63.75,7.25,-60,1769500376,2,2
2026-01-26 23:56:00.458459,0x433abf20,13.2625,62.5,6.0,-76,1769500556,3,3
2026-01-26 23:56:39.614669,0x433b0b38,13.25,58.75,5.75,-73,1769500595,5,5
2026-01-26 23:57:55.883712,0x433acb14,13.26625,75.0,6.0,-86,1769500671,3,3
2026-01-29 20:04:29.871693,0x433b0b38,13.255,60.0,5.5,-72,1769745859,5,5
2026-01-29 20:06:19.563005,0x433acb14,13.2225,72.5,3.75,-89,1769745968,3,3
2026-01-29 20:06:43.912050,0x433aad0c,13.26875,65.0,5.75,-76,1769745993,3,3
2026-01-29 20:06:46.297880,0x433abf20,13.26625,63.75,6.25,-74,1769745995,3,3
2026-01-29 20:08:33.637041,0x433b0098,13.245,75.0,6.0,-59,1769746102,2,2
2026-01-29 20:09:06.237774,0x433ad35c,13.27,65.0,5.75,-53,1769746135,3,3
2026-01-29 20:09:31.130918,0x433b0b38,13.2575,65.0,5.5,-72,1769746160,5,5
2026-01-29 20:11:19.027097,0x433acb14,13.22625,65.0,5.0,-89,1769746268,3,3
2026-01-29 20:11:44.638075,0x433abf20,13.26375,71.25,5.75,-74,1769746293,3,3
2026-01-29 20:14:32.403182,0x433b0b38,13.25375,65.0,5.5,-72,1769746461,5,5
2026-01-29 20:16:21.619410,0x433acb14,13.225,62.5,4.0,-88,1769746570,3,3
2026-01-29 20:16:44.752952,0x433abf20,13.26375,76.25,6.0,-75,1769746593,3,3
2026-01-29 20:16:46.540101,0x433aad0c,13.26875,61.25,5.25,-76,1769746595,3,3
2026-01-29 20:18:36.479571,0x433b0098,13.25,63.75,6.75,-59,1769746705,2,2
2026-01-29 20:19:08.931938,0x433ad35c,13.27125,63.75,6.0,-52,1769746738,3,3
2026-01-29 20:19:36.061868,0x433b0b38,13.2525,75.0,5.5,-72,1769746765,5,5
2026-01-29 20:21:25.428592,0x433acb14,13.22125,77.5,4.75,-89,1769746874,3,3
2026-01-29 20:21:46.302385,0x433abf20,13.2675,65.0,5.75,-75,1769746895,3,3
2026-01-29 20:24:35.632053,0x433b0b38,13.25375,62.5,5.25,-72,1769747064,5,5
2026-01-29 20:26:23.325545,0x433acb14,13.2225,75.0,4.0,-88,1769747172,3,3
2026-01-29 20:26:47.971268,0x433abf20,13.2675,63.75,0.25,-74,1769747197,3,3
2026-01-29 20:26:51.083893,0x433aad0c,13.2625,70.0,6.5,-75,1769747200,3,1
2026-01-29 20:28:38.100090,0x433b0098,13.2425,71.25,7.5,-60,1769747307,2,2
2026-01-29 20:29:11.769426,0x433ad35c,13.26625,73.75,6.75,-53,1769747340,3,3
2026-01-29 20:29:38.220039,0x433b0b38,13.2525,73.75,6.0,-72,1769747367,5,5
2026-01-29 20:31:24.536964,0x433acb14,13.22125,75.0,5.0,-88,1769747473,3,3
2026-01-29 20:31:47.515159,0x433abf20,13.26375,72.5,5.75,-75,1769747496,3,3
2026-01-29 20:34:37.490937,0x433b0b38,13.25,71.25,6.0,-72,1769747666,5,5
2026-01-29 20:36:26.196903,0x433acb14,13.22,73.75,4.5,-89,1769747775,3,3
2026-01-29 20:36:48.374564,0x433abf20,13.26375,75.0,5.75,-75,1769747797,3,3
2026-01-29 20:36:57.872671,0x433aad0c,13.26625,63.75,5.5,-76,1769747807,3,3
2026-01-29 20:38:21.657605,0x433af380,13.1825,82.5,6.5,-38,1769747890,3,3
2026-01-29 20:38:40.256931,0x433b0098,13.25,63.75,7.5,-60,1769747909,2,2
2026-01-29 20:39:14.434526,0x433ad35c,13.2675,76.25,6.25,-53,1769747943,3,3
2026-01-29 20:39:38.795725,0x433b0b38,13.25125,76.25,5.75,-72,1769747967,5,5
2026-01-29 20:41:26.848272,0x433acb14,13.22,66.25,4.0,-88,1769748076,3,3
2026-01-29 20:41:49.591268,0x433abf20,13.2675,67.5,5.75,-75,1769748098,3,3
2026-01-29 20:44:43.699629,0x433b0b38,13.24125,90.0,6.0,-72,1769748272,5,5
2026-01-29 20:46:28.099156,0x433acb14,13.21875,78.75,4.25,-88,1769748377,3,3
2026-01-29 20:46:50.451814,0x433abf20,13.26625,61.25,5.75,-75,1769748399,3,3
2026-01-29 20:46:53.486821,0x433aad0c,13.26625,60.0,5.25,-75,1769748402,3,3
2026-01-29 20:48:44.923728,0x433b0098,13.24375,71.25,7.0,-60,1769748514,2,2
2026-01-29 20:49:18.220889,0x433ad35c,13.2675,66.25,6.0,-52,1769748547,3,3
2026-01-29 20:49:41.304114,0x433b0b38,13.24875,72.5,5.5,-72,1769748570,5,5
2026-01-29 20:51:29.353897,0x433acb14,13.2175,73.75,3.75,-87,1769748678,3,3
2026-01-29 20:51:50.749661,0x433abf20,13.2625,75.0,6.25,-75,1769748699,3,3
2026-01-29 20:54:43.433809,0x433b0b38,13.2225,136.25,6.0,-73,1769748872,5,5
2026-01-29 20:56:31.582335,0x433acb14,13.2175,76.25,4.0,-87,1769748980,3,3
2026-01-29 20:56:51.028957,0x433abf20,13.2625,71.25,6.0,-75,1769749000,3,3
2026-01-29 20:56:56.608903,0x433aad0c,13.26375,73.75,5.75,-75,1769749005,3,3
2026-01-29 20:58:42.291332,0x433b0098,13.24875,63.75,6.5,-59,1769749111,2,2
2026-01-29 20:59:18.791431,0x433ad35c,13.26375,71.25,6.0,-53,1769749147,3,3
2026-01-29 20:59:46.944910,0x433b0b38,13.255,63.75,5.75,-72,1769749176,5,5
2026-01-29 21:01:33.144609,0x433acb14,13.21875,76.25,4.5,-86,1769749282,3,3
2026-01-29 21:01:52.084010,0x433abf20,13.2625,73.75,6.5,-75,1769749301,3,3
2026-01-28 06:03:41.509714,0x433abf20,13.26875,66.25,5.75,-75,1769609014,3,3
2026-01-28 06:04:40.703694,0x433b0b38,13.25,62.5,5.5,-72,1769609073,5,5
2026-01-28 06:06:05.597280,0x433acb14,13.24375,76.25,5.25,-89,1769609158,3,3
2026-01-28 06:08:42.799213,0x433abf20,13.26875,57.5,5.75,-75,1769609315,3,3
2026-01-28 06:08:58.618955,0x433ad35c,13.26875,61.25,6.0,-53,1769609331,3,3
2026-01-28 06:09:40.923667,0x433b0b38,13.24625,72.5,5.5,-73,1769609373,5,5
2026-01-28 06:10:51.681991,0x433b0098,13.24,58.75,5.75,-60,1769609444,2,2
2026-01-28 06:11:06.748317,0x433acb14,13.2475,67.5,4.25,-90,1769609459,3,3
2026-01-28 06:13:44.560871,0x433abf20,13.2675,62.5,6.0,-75,1769609617,3,3
2026-01-28 06:14:42.900559,0x433b0b38,13.25125,60.0,5.5,-72,1769609675,5,5
2026-01-28 06:16:07.950370,0x433acb14,13.2475,65.0,4.25,-89,1769609760,3,3
2026-01-28 06:18:45.498501,0x433abf20,13.265,73.75,5.75,-75,1769609918,3,3
2026-01-28 06:19:02.605903,0x433ad35c,13.2675,73.75,6.25,-53,1769609935,3,3
2026-01-28 06:19:44.238518,0x433b0b38,13.25,60.0,6.25,-73,1769609977,5,5
2026-01-28 06:20:52.400749,0x433b0098,13.23875,60.0,6.25,-60,1769610045,2,2
2026-01-28 06:21:09.342169,0x433acb14,13.2225,140.0,4.5,-89,1769610062,3,3
2026-01-28 06:23:47.920802,0x433abf20,13.2675,66.25,6.0,-75,1769610220,3,3
2026-01-28 06:24:44.700066,0x433b0b38,13.25,62.5,6.0,-73,1769610277,5,5
2026-01-28 06:26:10.619509,0x433acb14,13.24625,63.75,4.5,-91,1769610363,3,3
2026-01-28 06:28:49.235092,0x433abf20,13.265,77.5,5.75,-75,1769610522,3,3
2026-01-28 06:29:04.141682,0x433ad35c,13.26625,61.25,6.0,-53,1769610537,3,3
2026-01-28 06:29:45.984581,0x433b0b38,13.24875,62.5,5.75,-72,1769610578,5,5
2026-01-28 06:30:53.888899,0x433b0098,13.235,71.25,6.25,-60,1769610646,2,2
2026-01-28 06:31:11.186673,0x433acb14,13.25,66.25,4.0,-89,1769610664,3,3
2026-01-28 06:33:02.206234,0x433af380,13.1825,83.75,6.5,-39,1769610775,3,3
2026-01-28 06:33:50.994951,0x433abf20,13.2675,61.25,5.75,-75,1769610823,3,3
2026-01-28 06:34:47.670971,0x433b0b38,13.25,62.5,5.5,-73,1769610880,5,5
2026-01-28 06:36:15.770683,0x433acb14,13.2475,63.75,4.5,-90,1769610968,3,3
2026-01-28 06:38:51.534629,0x433abf20,13.26375,73.75,6.0,-75,1769611124,3,3
2026-01-28 06:39:06.387165,0x433ad35c,13.26875,65.0,6.0,-53,1769611139,3,3
2026-01-28 06:39:48.641197,0x433b0b38,13.24625,75.0,6.0,-72,1769611181,5,5
2026-01-28 06:40:56.157194,0x433b0098,13.24125,63.75,6.0,-61,1769611249,2,2
2026-01-28 06:41:17.370301,0x433acb14,13.2425,93.75,4.0,-90,1769611270,3,3
2026-01-28 06:43:52.312342,0x433abf20,13.26625,63.75,6.0,-75,1769611425,3,3
2026-01-28 06:44:49.909149,0x433b0b38,13.24875,75.0,5.5,-72,1769611482,5,5
2026-01-28 06:46:22.972501,0x433acb14,13.24875,65.0,4.5,-89,1769611575,3,3
2026-01-28 06:48:54.051643,0x433abf20,13.2675,62.5,5.75,-76,1769611726,3,3
2026-01-28 06:49:08.583434,0x433ad35c,13.2675,65.0,6.25,-54,1769611741,3,3
2026-01-28 06:49:51.938807,0x433b0b38,13.24875,62.5,5.5,-72,1769611784,5,5
2026-01-28 06:50:58.452124,0x433b0098,13.24125,58.75,6.0,-61,1769611851,2,2
2026-01-28 06:51:19.074192,0x433acb14,13.24375,78.75,4.0,-90,1769611871,3,3
2026-01-28 06:53:55.250521,0x433abf20,13.26125,72.5,6.0,-74,1769612028,3,3
2026-01-28 06:54:53.929125,0x433b0b38,13.2525,63.75,5.75,-72,1769612086,5,5
2026-01-28 06:56:19.481029,0x433acb14,13.24375,76.25,4.25,-90,1769612172,3,3
2026-01-28 06:58:55.952505,0x433abf20,13.26625,88.75,6.0,-74,1769612328,3,3
2026-01-28 06:59:10.441592,0x433ad35c,13.26875,66.25,7.0,-54,1769612343,3,3
2026-01-28 06:59:54.679475,0x433b0b38,13.2475,72.5,6.0,-72,1769612387,5,5
2026-01-28 07:01:01.455619,0x433b0098,13.235,73.75,5.75,-61,1769612454,2,2
2026-01-28 07:01:20.935558,0x433acb14,13.2425,75.0,4.0,-90,1769612473,3,3
2026-02-03 07:10:01.281185,0x433acb14,13.0825,61.25,5.25,-85,1770131379,3,3
2026-02-03 07:12:26.961964,0x433abf20,13.11125,76.25,5.75,-76,1770131524,3,3
2026-02-03 07:13:15.239254,0x433b0b38,13.06,76.25,5.75,-72,1770131573,5,5
2026-02-03 07:15:01.410150,0x433acb14,13.07625,88.75,5.25,-85,1770131679,3,3
2026-02-03 07:15:36.242153,0x433aad0c,13.215,75.0,5.25,-75,1770131714,3,3
2026-02-03 07:17:27.571061,0x433abf20,13.11,76.25,5.75,-75,1770131825,3,3
2026-02-03 07:17:45.008587,0x433ad35c,13.06125,80.0,7.5,-53,1770131842,3,3
2026-02-03 07:18:20.110732,0x433b0b38,13.05625,72.5,5.75,-72,1770131878,5,5
2026-02-03 07:19:08.685691,0x433b0098,13.18625,63.75,6.0,-59,1770131926,2,2
2026-02-03 07:22:28.361865,0x433abf20,13.11125,76.25,5.5,-75,1770132126,3,3
2026-02-03 07:23:17.813198,0x433b0b38,13.06125,81.25,6.0,-72,1770132175,5,5
2026-02-03 07:25:11.452900,0x433acb14,13.08,63.75,5.0,-86,1770132289,3,3
2026-02-03 07:25:35.090003,0x433aad0c,13.215,75.0,5.75,-76,1770132313,3,3
2026-02-03 07:27:30.159034,0x433abf20,13.1125,63.75,5.5,-75,1770132428,3,3
2026-02-03 07:27:47.180440,0x433ad35c,13.065,70.0,7.25,-53,1770132445,3,3
2026-01-26 20:00:39.258157,0x433b0b38,13.26,68.75,6.0,-74,1769486435,5,5
2026-01-26 20:01:54.463544,0x433acb14,13.285,66.25,4.25,-87,1769486510,3,3
2026-01-26 20:02:04.556181,0x433b0098,13.25875,63.75,6.5,-60,1769486520,2,2
2026-01-26 20:04:58.361537,0x433abf20,13.27125,71.25,5.5,-76,1769486694,3,3
2026-01-26 20:05:39.424963,0x433b0b38,13.265,63.75,6.75,-74,1769486735,5,5
2026-01-26 20:06:55.771625,0x433acb14,13.28125,75.0,4.0,-87,1769486811,3,3
2026-01-26 20:09:50.976715,0x433ad35c,13.27875,61.25,6.0,-53,1769486987,3,3
2026-01-26 20:09:58.586325,0x433abf20,13.27,72.5,5.25,-76,1769486994,3,3
2026-01-26 20:10:40.522299,0x433b0b38,13.265,65.0,4.75,-74,1769487036,5,5
2026-01-26 20:11:57.037424,0x433acb14,13.2825,63.75,3.75,-87,1769487113,3,3
2026-01-26 20:12:05.397783,0x433b0098,13.25625,58.75,6.0,-60,1769487121,2,2
2026-01-26 20:15:00.368174,0x433abf20,13.2725,65.0,5.75,-76,1769487296,3,3
2026-01-26 20:15:41.956720,0x433b0b38,13.26,73.75,7.0,-74,1769487338,5,5
2026-01-26 20:16:58.298038,0x433acb14,13.2825,62.5,4.0,-87,1769487414,3,3
2026-01-26 20:19:53.502455,0x433ad35c,13.28,65.0,5.75,-53,1769487589,3,3
2026-01-26 20:20:01.275136,0x433abf20,13.27,65.0,5.5,-76,1769487597,3,3
2026-01-26 20:20:44.139555,0x433b0b38,13.25875,75.0,5.0,-74,1769487640,5,5
2026-01-26 20:22:00.428803,0x433acb14,13.2825,62.5,4.0,-87,1769487716,3,3
2026-01-26 20:22:10.924646,0x433b0098,13.255,63.75,7.0,-59,1769487727,2,2
2026-01-26 20:25:04.055624,0x433abf20,13.2725,63.75,5.75,-76,1769487900,3,3
2026-01-26 20:25:44.440124,0x433b0b38,13.23875,123.75,6.75,-73,1769487940,5,5
2026-01-26 20:26:32.588048,0x433af380,13.21125,77.5,6.25,-38,1769487988,3,3
2026-01-26 20:27:00.940517,0x433acb14,13.28125,65.0,4.0,-87,1769488017,3,3
2026-01-26 20:29:56.026684,0x433ad35c,13.27625,75.0,6.25,-53,1769488192,3,3
2026-01-26 20:30:04.610227,0x433abf20,13.26875,72.5,5.0,-76,1769488200,3,3
2026-01-26 20:30:46.664407,0x433b0b38,13.2575,71.25,5.75,-74,1769488242,5,5
2026-01-26 20:32:03.098398,0x433acb14,13.27875,77.5,4.0,-88,1769488319,3,3
2026-01-26 20:32:12.370673,0x433b0098,13.2475,71.25,6.0,-60,1769488328,2,2
2026-01-26 20:35:06.753942,0x433abf20,13.26875,72.5,5.5,-76,1769488502,3,3
2026-01-26 20:35:46.750522,0x433b0b38,13.2575,68.75,5.5,-75,1769488542,5,5
2026-01-26 20:37:03.458965,0x433acb14,13.27125,85.0,4.5,-87,1769488619,3,3
2026-01-26 20:39:58.689699,0x433ad35c,13.275,73.75,6.5,-53,1769488794,3,3
2026-01-26 20:40:07.157091,0x433abf20,13.2725,63.75,5.5,-76,1769488803,3,3
2026-01-26 20:40:51.527485,0x433b0b38,13.26375,65.0,6.75,-74,1769488847,5,5
2026-01-26 20:42:05.087020,0x433acb14,13.28375,67.5,4.0,-88,1769488921,3,3
2026-01-26 20:42:14.074937,0x433b0098,13.2475,70.0,7.25,-59,1769488930,2,2
2026-01-26 20:45:08.852668,0x433abf20,13.27375,63.75,5.5,-76,1769489104,3,3
2026-01-26 20:45:50.137524,0x433b0b38,13.2325,132.5,7.0,-74,1769489146,5,5
2026-01-26 20:47:07.505284,0x433acb14,13.2775,73.75,4.0,-87,1769489223,3,3
2026-01-26 20:50:01.762263,0x433ad35c,13.2775,60.0,6.5,-53,1769489397,3,3
2026-01-26 20:50:11.198552,0x433abf20,13.27,75.0,5.75,-76,1769489407,3,3
2026-01-26 20:50:50.468232,0x433b0b38,13.25875,75.0,6.75,-73,1769489446,5,5
2026-01-26 20:52:08.619819,0x433acb14,13.2825,65.0,4.0,-87,1769489524,3,3
2026-01-26 20:52:16.598059,0x433b0098,13.25,58.75,7.25,-60,1769489532,2,2
2026-01-26 20:55:14.727779,0x433abf20,13.27,63.75,5.5,-77,1769489710,3,3
2026-01-26 20:55:54.450875,0x433b0b38,13.25625,71.25,6.5,-74,1769489750,5,5
2026-01-26 20:57:09.039333,0x433acb14,13.28,67.5,4.5,-87,1769489825,3,3
2026-01-26 21:00:04.323246,0x433ad35c,13.275,67.5,7.0,-52,1769490000,3,3
2026-01-31 03:07:23.728028,0x433ad35c,13.19625,67.5,6.25,-55,1769857629,3,3
2026-01-31 03:07:39.844844,0x433abf20,13.2425,73.75,5.75,-76,1769857645,3,3
2026-01-31 03:07:53.330214,0x433b0b38,13.21875,72.5,6.0,-71,1769857659,5,5
2026-01-31 03:09:37.924824,0x433acb14,13.15375,62.5,5.75,-86,1769857763,3,3
2026-01-31 03:12:41.295466,0x433abf20,13.245,62.5,6.25,-76,1769857947,3,3
2026-01-31 03:12:52.865751,0x433b0b38,13.2175,75.0,5.75,-72,1769857958,5,5
2026-01-31 03:14:10.999642,0x433b0098,13.21875,65.0,6.0,-59,1769858036,2,2
2026-01-31 03:14:40.382008,0x433acb14,13.15125,72.5,5.75,-87,1769858066,3,3
2026-01-31 03:15:04.481333,0x433aad0c,13.24375,55.0,5.5,-77,1769858090,3,3
2026-01-31 03:17:26.760397,0x433ad35c,13.1925,76.25,6.5,-55,1769858232,3,3
2026-01-31 03:17:43.041225,0x433abf20,13.24625,66.25,5.75,-77,1769858249,3,3
2026-01-31 03:17:53.965493,0x433b0b38,13.21625,68.75,5.75,-72,1769858259,5,5
2026-01-31 03:19:41.788306,0x433acb14,13.15375,65.0,5.75,-85,1769858367,3,3
2026-01-31 03:22:43.774467,0x433abf20,13.23375,88.75,6.25,-76,1769858549,3,3
2026-01-31 03:22:54.589298,0x433b0b38,13.2175,68.75,5.75,-72,1769858560,5,5
2026-01-31 03:24:13.140129,0x433b0098,13.2175,63.75,6.0,-60,1769858639,2,2
2026-01-31 03:24:43.147022,0x433acb14,13.14875,76.25,4.75,-86,1769858669,3,3
2026-01-31 03:25:06.963305,0x433aad0c,13.24375,63.75,5.5,-76,1769858692,3,3
2026-01-31 03:27:28.767073,0x433ad35c,13.17875,133.75,6.25,-55,1769858834,3,3
2026-01-31 03:27:45.624678,0x433abf20,13.245,63.75,6.5,-76,1769858851,3,3
2026-01-31 03:27:57.811616,0x433b0b38,13.21875,76.25,6.0,-72,1769858863,5,5
2026-01-31 03:29:43.489247,0x433acb14,13.15125,73.75,5.75,-86,1769858969,3,3
2026-01-31 03:32:47.489671,0x433abf20,13.245,67.5,5.5,-76,1769859153,3,3
2026-01-31 03:33:00.562620,0x433b0b38,13.2225,78.75,5.75,-71,1769859166,5,5
2026-01-31 03:34:13.438093,0x433b0098,13.21625,57.5,6.75,-59,1769859239,2,2
2026-01-31 03:34:45.455519,0x433acb14,13.15125,75.0,5.25,-87,1769859271,3,3
2026-01-31 03:35:09.542377,0x433aad0c,13.24,73.75,5.75,-76,1769859295,3,3
2026-01-31 03:37:32.204211,0x433ad35c,13.1925,77.5,6.0,-55,1769859438,3,3
2026-01-31 03:37:49.440145,0x433abf20,13.245,63.75,5.75,-76,1769859455,3,3
2026-01-31 03:37:59.488687,0x433b0b38,13.21625,70.0,6.25,-72,1769859465,5,5
2026-01-31 03:39:46.244806,0x433acb14,13.15,77.5,4.75,-87,1769859572,3,3
2026-01-31 03:42:33.709296,0x433af380,13.1475,73.75,6.75,-38,1769859739,3,3
2026-01-31 03:42:49.247853,0x433abf20,13.245,65.0,5.75,-76,1769859755,3,3
2026-01-31 03:43:01.110781,0x433b0b38,13.21875,62.5,6.25,-71,1769859767,5,5
2026-01-31 03:44:15.022002,0x433b0098,13.21,73.75,7.0,-59,1769859840,2,2
2026-01-31 03:44:47.282796,0x433acb14,13.15125,76.25,6.25,-87,1769859873,3,3
2026-01-31 03:45:12.485524,0x433aad0c,13.245,62.5,5.25,-76,1769859898,3,3
2026-01-31 03:47:34.953540,0x433ad35c,13.1925,61.25,6.25,-54,1769860040,3,3
2026-01-31 03:47:50.500829,0x433abf20,13.24125,75.0,5.5,-76,1769860056,3,3
2026-01-31 03:48:01.514473,0x433b0b38,13.21875,61.25,6.25,-70,1769860067,5,5
2026-01-31 03:49:51.557779,0x433acb14,13.12625,141.25,6.25,-86,1769860177,3,3
2026-01-31 03:52:51.487605,0x433abf20,13.245,63.75,5.0,-76,1769860357,3,3
2026-01-31 03:53:03.646083,0x433b0b38,13.21625,75.0,6.25,-70,1769860369,5,5
2026-01-31 03:54:17.191835,0x433b0098,13.215,62.5,6.5,-59,1769860443,2,2
2026-01-31 03:54:58.854656,0x433acb14,13.14875,73.75,6.75,-38,1769860484,3,2
2026-01-31 03:55:15.129026,0x433aad0c,13.24125,63.75,5.25,-75,1769860501,3,3
2026-01-31 03:57:37.429025,0x433ad35c,13.18875,71.25,6.5,-55,1769860643,3,3
2026-01-31 03:57:52.252886,0x433abf20,13.24375,65.0,5.25,-76,1769860658,3,3
2026-01-31 03:58:05.431374,0x433b0b38,13.215,71.25,6.0,-71,1769860671,5,5
2026-01-31 03:59:52.295789,0x433acb14,13.15125,65.0,5.25,-86,1769860778,3,3
2026-01-31 04:02:55.511624,0x433abf20,13.24375,67.5,5.75,-76,1769860961,3,3
2026-01-31 04:03:08.647343,0x433b0b38,13.21375,76.25,5.75,-70,1769860974,5,5
2026-01-31 04:04:19.310150,0x433b0098,13.21,75.0,6.5,-59,1769861045,2,2
2026-01-31 04:04:53.168974,0x433acb14,13.14625,73.75,6.0,-87,1769861079,3,3
2026-01-31 04:05:17.738238,0x433aad0c,13.23875,73.75,5.0,-76,1769861103,3,3
2026-01-27 12:01:14.762527,0x433acb14,13.27375,63.75,3.5,-92,1769544069,3,3
2026-01-27 12:03:55.792628,0x433abf20,13.26375,62.5,6.0,-75,1769544230,3,3
2026-01-27 12:04:06.324164,0x433ad35c,13.2725,61.25,6.5,-53,1769544241,3,3
2026-01-27 12:04:53.327872,0x433b0b38,13.24,58.75,6.75,-71,1769544288,5,5
2026-01-27 12:06:09.777733,0x433b0098,13.2275,70.0,6.25,-60,1769544364,2,2
2026-01-27 12:06:16.154512,0x433acb14,13.27,76.25,-0.75,-96,1769544370,3,3
2026-01-27 12:08:59.515621,0x433abf20,13.26375,62.5,5.75,-75,1769544534,3,3
2026-01-27 12:09:54.322714,0x433b0b38,13.24,61.25,6.0,-72,1769544589,5,5
2026-01-27 12:11:16.992905,0x433acb14,13.275,63.75,2.25,-92,1769544671,3,3
2026-01-27 12:14:03.153472,0x433abf20,13.265,61.25,5.75,-75,1769544837,3,3
2026-01-27 12:14:10.970380,0x433ad35c,13.27375,61.25,5.75,-59,1769544845,3,2
2026-01-27 12:14:55.046059,0x433b0b38,13.235,72.5,6.0,-72,1769544889,5,5
2026-01-27 12:16:15.726824,0x433b0098,13.22875,72.5,6.0,-58,1769544970,2,2
2026-01-27 12:16:18.856685,0x433acb14,13.27375,65.0,3.75,-88,1769544973,3,3
2026-01-27 12:18:59.776268,0x433abf20,13.26625,63.75,6.0,-77,1769545134,3,3
2026-01-27 12:19:57.952912,0x433b0b38,13.24375,62.5,5.5,-71,1769545192,5,5
2026-01-27 12:21:22.733525,0x433acb14,13.275,62.5,0.5,-97,1769545277,3,3
2026-01-27 12:24:01.744918,0x433abf20,13.26,72.5,5.5,-75,1769545436,3,3
2026-01-27 12:24:10.607693,0x433ad35c,13.275,62.5,5.75,-54,1769545445,3,3
2026-01-27 12:24:59.223256,0x433b0b38,13.235,71.25,5.25,-70,1769545493,5,5
2026-01-27 12:26:17.223305,0x433b0098,13.22625,87.5,6.0,-61,1769545571,2,2
2026-01-27 12:26:21.141625,0x433acb14,13.275,60.0,4.5,-89,1769545575,3,3
2026-01-27 12:29:02.089735,0x433abf20,13.2475,123.75,5.75,-76,1769545736,3,3
2026-01-27 12:29:34.002758,0x433af380,13.19,77.5,6.25,-38,1769545768,3,3
2026-01-27 12:30:00.045995,0x433b0b38,13.24375,62.5,5.75,-72,1769545794,5,5
2026-01-27 12:31:22.875711,0x433acb14,13.2775,65.0,4.0,-91,1769545877,3,3
2026-01-27 12:34:03.411025,0x433abf20,13.265,72.5,5.5,-77,1769546038,3,3
2026-01-27 12:34:15.883899,0x433ad35c,13.27625,63.75,6.5,-54,1769546050,3,3
2026-01-27 12:35:00.992541,0x433b0b38,13.2425,58.75,5.5,-73,1769546095,5,5
2026-01-27 12:36:17.144438,0x433b0098,13.235,61.25,5.75,-61,1769546171,2,2
2026-01-27 12:36:24.450158,0x433acb14,13.27375,76.25,-3.25,-96,1769546179,3,3
2026-01-27 12:39:04.408102,0x433abf20,13.26625,78.75,5.25,-77,1769546339,3,3
2026-01-27 12:40:03.486148,0x433b0b38,13.24375,58.75,5.75,-74,1769546398,5,5
2026-01-27 12:41:27.231191,0x433acb14,13.2775,63.75,0.25,-96,1769546481,3,3
2026-01-27 12:44:05.997241,0x433abf20,13.2675,62.5,5.5,-76,1769546640,3,3
2026-01-27 12:44:15.493167,0x433ad35c,13.27375,73.75,5.5,-54,1769546650,3,3
2026-01-27 12:45:03.605126,0x433b0b38,13.23875,62.5,5.75,-72,1769546698,5,5
2026-01-27 12:46:18.597275,0x433b0098,13.23625,61.25,5.5,-61,1769546773,2,2
2026-01-27 12:46:27.825038,0x433acb14,13.27625,65.0,3.25,-93,1769546782,3,3
2026-01-27 12:49:07.712536,0x433abf20,13.26875,61.25,5.75,-77,1769546942,3,3
2026-01-27 12:50:04.599461,0x433b0b38,13.24125,70.0,6.0,-73,1769546999,5,5
2026-01-27 12:51:29.151339,0x433acb14,13.2775,65.0,2.75,-93,1769547083,3,3
2026-01-27 12:54:09.242563,0x433abf20,13.26875,60.0,6.25,-74,1769547243,3,3
2026-01-27 12:54:18.330922,0x433ad35c,13.27875,63.75,7.75,-54,1769547252,3,3
2026-01-27 12:55:06.571538,0x433b0b38,13.24125,72.5,6.0,-72,1769547301,5,5
2026-01-27 12:56:21.732542,0x433b0098,13.2375,60.0,6.75,-59,1769547376,2,2
2026-01-27 12:56:29.854439,0x433acb14,13.2725,67.5,6.0,-82,1769547384,3,3
2026-01-27 12:59:10.251813,0x433abf20,13.27,62.5,5.5,-77,1769547544,3,3
2026-01-27 13:00:08.509605,0x433b0b38,13.25,63.75,5.5,-73,1769547603,5,5
2026-01-27 22:01:31.789309,0x433abf20,13.2775,62.5,6.0,-76,1769580085,3,3
2026-01-27 22:02:28.221088,0x433b0b38,13.25375,75.0,6.0,-73,1769580141,5,5
2026-01-27 22:03:57.414722,0x433acb14,13.26625,61.25,3.75,-91,1769580231,3,3
2026-01-27 22:06:33.431348,0x433abf20,13.27625,61.25,5.75,-76,1769580387,3,3
2026-01-27 22:06:48.308207,0x433ad35c,13.2775,70.0,6.5,-54,1769580402,3,3
2026-01-27 22:07:29.961449,0x433b0b38,13.25375,68.75,6.0,-72,1769580443,5,5
2026-01-27 22:08:49.530206,0x433b0098,13.2525,62.5,6.0,-61,1769580523,2,2
2026-01-27 22:08:58.063318,0x433acb14,13.26375,76.25,3.25,-92,1769580531,3,3
2026-01-27 22:11:36.515188,0x433abf20,13.27625,60.0,5.5,-76,1769580690,3,3
2026-01-27 22:12:31.698966,0x433b0b38,13.25875,57.5,6.0,-72,1769580745,5,5
2026-01-27 22:13:59.321062,0x433acb14,13.2675,65.0,5.25,-89,1769580833,3,3
2026-01-27 22:16:36.125139,0x433abf20,13.27375,75.0,5.75,-75,1769580989,3,3
2026-01-27 22:16:48.715244,0x433ad35c,13.28125,66.25,6.0,-54,1769581002,3,3
2026-01-27 22:17:36.337767,0x433b0b38,13.2625,63.75,6.0,-72,1769581050,5,5
2026-01-27 22:18:52.537379,0x433b0098,13.24875,60.0,5.75,-61,1769581126,2,2
2026-01-27 22:19:01.297513,0x433acb14,13.265,63.75,3.5,-90,1769581135,3,3
2026-01-27 22:21:36.153020,0x433abf20,13.27875,63.75,6.75,-74,1769581289,3,3
2026-01-27 22:22:35.137832,0x433b0b38,13.25625,73.75,5.75,-72,1769581348,5,5
2026-01-27 22:24:05.914526,0x433acb14,13.26625,63.75,5.5,-89,1769581439,3,3
2026-01-27 22:26:39.513837,0x433abf20,13.27625,61.25,6.0,-74,1769581593,3,3
2026-01-27 22:26:51.270803,0x433ad35c,13.27875,65.0,6.0,-53,1769581604,3,3
2026-01-27 22:27:35.321433,0x433b0b38,13.25375,72.5,5.75,-70,1769581649,5,5
2026-01-27 22:28:55.839442,0x433b0098,13.2525,61.25,5.75,-61,1769581729,2,2
2026-01-27 22:29:04.822386,0x433acb14,13.2675,67.5,4.25,-91,1769581738,3,3
2026-01-27 22:31:37.103142,0x433af380,13.16375,86.25,6.25,-39,1769581890,3,3
2026-01-27 22:31:41.128556,0x433abf20,13.275,61.25,6.0,-75,1769581894,3,3
2026-01-27 22:32:38.347063,0x433b0b38,13.26,63.75,6.0,-71,1769581952,5,5
2026-01-27 22:34:05.815648,0x433acb14,13.26125,75.0,3.5,-90,1769582039,3,3
2026-01-27 22:36:41.267084,0x433abf20,13.27375,76.25,6.25,-74,1769582194,3,3
2026-01-27 22:36:53.787878,0x433ad35c,13.27375,76.25,6.0,-53,1769582207,3,3
2026-01-27 22:37:39.363292,0x433b0b38,13.25375,70.0,5.75,-72,1769582253,5,5
2026-01-27 22:38:56.962126,0x433b0098,13.25125,61.25,6.0,-61,1769582330,2,2
2026-01-27 22:39:06.068131,0x433acb14,13.2675,66.25,4.5,-91,1769582339,3,3
2026-01-27 22:41:42.559779,0x433abf20,13.27625,63.75,6.0,-76,1769582496,3,3
2026-01-27 22:42:40.415350,0x433b0b38,13.2575,73.75,5.75,-72,1769582554,5,5
2026-01-27 22:44:08.299764,0x433acb14,13.26125,77.5,4.0,-90,1769582641,3,3
2026-01-27 22:46:44.385991,0x433abf20,13.27875,65.0,5.5,-75,1769582798,3,3
2026-01-27 22:46:57.108667,0x433ad35c,13.275,77.5,6.25,-53,1769582810,3,3
2026-01-27 22:47:40.984627,0x433b0b38,13.26,65.0,5.75,-73,1769582854,5,5
2026-01-27 22:49:00.819348,0x433b0098,13.24375,72.5,6.0,-61,1769582934,2,2
2026-01-27 22:49:09.487637,0x433acb14,13.2675,66.25,4.75,-88,1769582943,3,3
2026-01-27 22:51:44.853561,0x433abf20,13.27625,63.75,5.75,-75,1769583098,3,3
2026-01-27 22:52:44.743658,0x433b0b38,13.25,65.0,6.0,-72,1769583158,5,5
2026-01-27 22:54:09.859206,0x433acb14,13.26625,63.75,3.5,-90,1769583243,3,3
2026-01-27 22:56:49.535667,0x433abf20,13.2775,61.25,5.75,-75,1769583403,3,3
2026-01-27 22:56:59.188986,0x433ad35c,13.2775,63.75,6.0,-55,1769583412,3,3
2026-01-27 22:57:47.005829,0x433b0b38,13.255,70.0,5.75,-73,1769583460,5,5
2026-01-27 22:59:04.653618,0x433b0098,13.25,62.5,6.0,-61,1769583538,2,2
2026-01-27 22:59:12.049185,0x433acb14,13.26125,73.75,5.0,-90,1769583545,3,3
2026-01-26 15:00:33.584250,0x433acb14,13.29875,65.0,-1.75,-100,1769468430,3,3
2026-01-26 15:01:02.394529,0x433b0098,13.2525,76.25,6.0,-61,1769468459,2,2
2026-01-26 15:03:41.243305,0x433abf20,13.25875,121.25,5.5,-76,1769468617,3,3
2026-01-26 15:04:20.255414,0x433b0b38,13.2675,65.0,5.5,-73,1769468656,5,5
2026-01-26 15:05:33.570512,0x433acb14,13.3,65.0,2.0,-96,1769468730,3,3
2026-01-26 15:08:30.206562,0x433ad35c,13.2925,61.25,6.0,-54,1769468906,3,3
2026-01-26 15:08:43.830137,0x433abf20,13.27125,62.5,5.5,-76,1769468920,3,3
2026-01-26 15:09:21.048032,0x433b0b38,13.26625,62.5,5.25,-74,1769468957,5,5
2026-01-26 15:10:35.144098,0x433acb14,13.29625,76.25,2.0,-95,1769469031,3,3
2026-01-26 15:11:03.350432,0x433b0098,13.255,71.25,6.5,-61,1769469060,2,2
2026-01-26 15:13:44.964882,0x433abf20,13.27875,62.5,5.75,-76,1769469221,3,3
2026-01-26 15:14:22.124215,0x433b0b38,13.26875,61.25,6.0,-73,1769469258,5,5
2026-01-26 15:15:38.143017,0x433acb14,13.295,77.5,0.25,-97,1769469334,3,3
2026-01-26 15:18:32.030859,0x433ad35c,13.28875,61.25,6.25,-53,1769469508,3,3
2026-01-26 15:18:44.491885,0x433abf20,13.27875,57.5,6.25,-76,1769469521,3,3
2026-01-26 15:19:24.227379,0x433b0b38,13.265,67.5,5.25,-73,1769469560,5,5
2026-01-26 15:20:38.991110,0x433acb14,13.29625,72.5,4.0,-91,1769469635,3,3
2026-01-26 15:21:05.087835,0x433b0098,13.25625,73.75,6.0,-62,1769469661,2,2
2026-01-26 15:23:46.832317,0x433abf20,13.275,75.0,6.0,-76,1769469823,3,3
2026-01-26 15:24:23.941400,0x433b0b38,13.26875,61.25,5.75,-73,1769469860,5,5
2026-01-26 15:25:39.472725,0x433acb14,13.295,75.0,-2.25,-101,1769469936,3,3
2026-01-26 15:25:47.594901,0x433af380,13.21625,82.5,5.25,-39,1769469944,3,3
2026-01-26 15:28:34.817120,0x433ad35c,13.28625,76.25,6.5,-53,1769470111,3,3
2026-01-26 15:28:47.333574,0x433abf20,13.27375,72.5,6.0,-77,1769470123,3,3
2026-01-26 15:29:26.444094,0x433b0b38,13.265,75.0,5.5,-73,1769470163,5,5
2026-01-26 15:30:41.002567,0x433acb14,13.29625,73.75,3.0,-93,1769470237,3,3
2026-01-26 15:31:08.526916,0x433b0098,13.26375,58.75,5.75,-62,1769470265,2,2
2026-01-26 15:33:48.102786,0x433abf20,13.27875,63.75,5.5,-75,1769470424,3,3
2026-01-26 15:34:27.646371,0x433b0b38,13.26875,60.0,5.75,-74,1769470464,5,5
2026-01-26 15:35:42.574764,0x433acb14,13.29875,62.5,,-98,1769470539,3,3
2026-01-26 15:38:36.694168,0x433ad35c,13.2875,76.25,6.25,-53,1769470713,3,3
2026-01-26 15:38:49.394972,0x433abf20,13.275,75.0,5.75,-76,1769470726,3,3
2026-01-26 15:39:27.882005,0x433b0b38,13.26875,62.5,5.75,-73,1769470764,5,5
2026-01-26 15:40:43.117125,0x433acb14,13.29375,73.75,0.5,-96,1769470839,3,3
2026-01-26 15:41:10.943642,0x433b0098,13.26375,62.5,7.0,-61,1769470867,2,2
2026-01-26 15:43:50.829131,0x433abf20,13.2775,61.25,5.25,-77,1769471027,3,3
2026-01-26 15:44:29.276857,0x433b0b38,13.26375,75.0,5.5,-73,1769471065,5,5
2026-01-26 15:45:44.093411,0x433acb14,13.3,65.0,2.0,-94,1769471140,3,3
2026-01-26 15:48:39.421782,0x433ad35c,13.29,76.25,5.75,-53,1769471316,3,3
2026-01-26 15:48:52.641863,0x433abf20,13.275,71.25,5.5,-76,1769471329,3,3
2026-01-26 15:49:30.520076,0x433b0b38,13.2675,71.25,5.75,-73,1769471367,5,5
2026-01-26 15:50:45.686423,0x433acb14,13.295,95.0,1.0,-95,1769471442,3,3
2026-01-26 15:51:12.308169,0x433b0098,13.265,60.0,6.0,-61,1769471468,2,2
2026-01-26 15:53:51.777001,0x433abf20,13.28,61.25,5.25,-76,1769471628,3,3
2026-01-26 15:54:36.759725,0x433b0b38,13.2725,62.5,6.5,-74,1769471673,5,5
2026-01-26 15:55:47.930852,0x433acb14,13.29625,77.5,-0.25,-98,1769471744,3,3
2026-01-26 15:58:42.383817,0x433ad35c,13.28875,62.5,6.25,-54,1769471918,3,3
2026-01-26 15:58:53.050976,0x433abf20,13.27625,72.5,5.5,-76,1769471929,3,3
2026-01-26 15:59:34.324577,0x433b0b38,13.2725,62.5,5.5,-73,1769471970,5,5
2026-01-26 03:01:00.853368,0x433b0b38,13.24875,58.75,7.0,-73,1769425258,5,5
2026-01-26 03:01:05.088433,0x433abf20,13.2625,65.0,5.25,-76,1769425262,3,3
2026-01-26 03:02:24.332183,0x433acb14,13.27875,88.75,3.5,-91,1769425342,3,3
2026-01-26 03:05:12.359289,0x433ad35c,13.26875,62.5,5.75,-53,1769425510,3,3
2026-01-26 03:06:02.828894,0x433b0b38,13.2525,66.25,5.25,-74,1769425560,5,5
2026-01-26 03:06:07.176394,0x433abf20,13.25875,76.25,5.75,-76,1769425565,3,3
2026-01-26 03:07:24.546656,0x433acb14,13.285,73.75,3.5,-91,1769425642,3,3
2026-01-26 03:08:16.051444,0x433b0098,13.235,62.5,6.0,-60,1769425693,2,2
2026-01-26 03:11:03.379565,0x433b0b38,13.24875,62.5,6.5,-74,1769425861,5,5
2026-01-26 03:11:07.966501,0x433abf20,13.26,65.0,5.5,-76,1769425865,3,3
2026-01-26 03:12:27.521662,0x433acb14,13.2825,70.0,3.75,-91,1769425945,3,3
2026-01-26 03:15:13.785214,0x433ad35c,13.26375,72.5,3.75,-53,1769426111,3,3
2026-01-26 03:16:04.641876,0x433b0b38,13.24375,73.75,5.75,-74,1769426162,5,5
2026-01-26 03:16:07.955180,0x433abf20,13.25625,71.25,5.5,-75,1769426165,3,3
2026-01-26 03:17:27.347412,0x433acb14,13.28625,63.75,3.75,-91,1769426245,3,3
2026-01-26 03:18:15.803616,0x433b0098,13.23875,63.75,6.25,-59,1769426293,2,2
2026-01-26 03:21:06.409445,0x433b0b38,13.24875,60.0,7.0,-73,1769426464,5,5
2026-01-26 03:21:09.714378,0x433abf20,13.25875,75.0,6.0,-76,1769426467,3,3
2026-01-26 03:22:31.018870,0x433acb14,13.28625,67.5,4.0,-91,1769426548,3,3
2026-01-26 03:23:48.128979,0x433af380,13.20375,70.0,6.25,-39,1769426625,3,3
2026-01-26 03:25:17.351527,0x433ad35c,13.26375,75.0,6.0,-53,1769426715,3,3
2026-01-26 03:26:09.136400,0x433b0b38,13.25,61.25,6.0,-74,1769426766,5,5
2026-01-26 03:26:12.964073,0x433abf20,13.2625,63.75,5.5,-76,1769426770,3,3
2026-01-26 03:27:29.983574,0x433acb14,13.28625,67.5,3.25,-91,1769426847,3,3
2026-01-26 03:28:18.524248,0x433b0098,13.235,60.0,6.5,-61,1769426896,2,2
2026-01-26 03:31:10.566252,0x433b0b38,13.245,73.75,6.5,-73,1769427068,5,5
2026-01-26 03:31:14.652429,0x433abf20,13.25625,73.75,6.0,-76,1769427072,3,3
2026-01-26 03:32:32.825361,0x433acb14,13.285,63.75,3.25,-91,1769427150,3,3
2026-01-26 03:35:21.578161,0x433ad35c,13.26875,65.0,6.5,-53,1769427319,3,3
2026-01-26 03:36:10.522280,0x433b0b38,13.2475,62.5,6.25,-75,1769427368,5,5
2026-01-26 03:36:14.156080,0x433abf20,13.26125,62.5,5.75,-76,1769427371,3,3
2026-01-26 03:37:33.896093,0x433acb14,13.28875,63.75,3.5,-92,1769427451,3,3
2026-01-26 03:38:20.679616,0x433b0098,13.23625,60.0,5.75,-62,1769427498,2,2
2026-01-26 03:41:11.211172,0x433b0b38,13.24625,77.5,6.75,-74,1769427669,5,5
2026-01-26 03:41:14.499936,0x433abf20,13.26,61.25,5.25,-76,1769427672,3,3
2026-01-26 03:42:35.019669,0x433acb14,13.2875,63.75,3.25,-90,1769427752,3,3
2026-01-26 03:45:22.598317,0x433ad35c,13.26625,65.0,6.0,-54,1769427920,3,3
2026-01-26 03:46:12.225653,0x433b0b38,13.24125,76.25,6.0,-75,1769427970,5,5
2026-01-26 03:46:15.377670,0x433abf20,13.26,61.25,6.0,-76,1769427973,3,3
2026-01-26 03:47:35.668985,0x433acb14,13.28375,60.0,3.5,-91,1769428053,3,3
2026-01-26 03:48:21.862227,0x433b0098,13.235,61.25,6.0,-61,1769428099,2,2
2026-01-26 03:51:13.471487,0x433b0b38,13.2475,72.5,5.5,-75,1769428271,5,5
2026-01-26 03:51:16.914602,0x433abf20,13.25625,72.5,5.5,-77,1769428274,3,3
2026-01-26 03:52:36.687566,0x433acb14,13.29,61.25,3.25,-91,1769428354,3,3
2026-01-26 03:55:25.696635,0x433ad35c,13.265,76.25,6.25,-54,1769428523,3,3
2026-01-26 03:56:14.749377,0x433b0b38,13.2475,65.0,5.25,-74,1769428572,5,5
2026-01-26 03:56:19.923548,0x433abf20,13.25875,65.0,5.5,-75,1769428577,3,3
2026-01-26 03:57:39.184751,0x433acb14,13.28625,66.25,3.75,-91,1769428656,3,3
2026-01-26 03:58:24.126117,0x433b0098,13.2275,68.75,6.25,-59,1769428701,2,2
2026-01-29 04:03:20.761755,0x433abf20,13.24875,61.25,5.5,-75,1769688191,3,3
2026-01-29 04:04:51.518669,0x433ad35c,13.24625,63.75,7.25,-56,1769688282,3,3
2026-01-29 04:05:14.236705,0x433b0b38,13.23,63.75,5.75,-72,1769688304,5,5
2026-01-29 04:05:25.690990,0x433b0098,13.2225,61.25,6.75,-60,1769688316,2,2
2026-01-29 04:07:00.733771,0x433acb14,13.21,87.5,4.75,-84,1769688411,3,3
2026-01-29 04:08:20.798793,0x433abf20,13.25,66.25,5.75,-76,1769688491,3,3
2026-01-29 04:10:15.406584,0x433b0b38,13.23125,62.5,5.0,-71,1769688606,5,5
2026-01-29 04:12:03.022115,0x433acb14,13.2125,65.0,4.5,-85,1769688713,3,3
2026-01-29 04:12:24.218490,0x433aad0c,13.2425,60.0,5.75,-75,1769688734,3,3
2026-01-29 04:13:22.383852,0x433abf20,13.25,63.75,5.75,-75,1769688793,3,3
2026-01-29 04:14:55.053972,0x433ad35c,13.24125,68.75,6.0,-56,1769688885,3,3
2026-01-29 04:15:16.757479,0x433b0b38,13.22625,70.0,5.75,-72,1769688907,5,5
2026-01-29 04:15:27.876468,0x433b0098,13.22,63.75,6.0,-60,1769688918,2,2
2026-01-29 04:17:04.935328,0x433acb14,13.2125,65.0,4.75,-85,1769689015,3,3
2026-01-29 04:18:22.944363,0x433abf20,13.24875,62.5,5.75,-76,1769689093,3,3
2026-01-29 04:20:17.449422,0x433b0b38,13.23,58.75,5.75,-72,1769689208,5,5
2026-01-29 04:22:06.546232,0x433acb14,13.2125,63.75,4.25,-84,1769689317,3,3
2026-01-29 04:22:27.172092,0x433aad0c,13.2375,76.25,6.0,-75,1769689337,3,3
2026-01-29 04:23:23.977319,0x433abf20,13.2275,137.5,5.75,-75,1769689394,3,3
2026-01-29 04:24:58.329112,0x433ad35c,13.22875,128.75,6.25,-55,1769689489,3,3
2026-01-29 04:25:19.374550,0x433b0b38,13.23125,60.0,6.0,-71,1769689510,5,5
2026-01-29 04:25:29.903245,0x433b0098,13.18625,115.0,6.5,-59,1769689520,2,2
2026-01-29 04:27:07.701495,0x433acb14,13.2125,62.5,5.0,-86,1769689618,3,3
2026-01-29 04:28:24.453148,0x433abf20,13.24625,76.25,-1.0,-75,1769689695,3,3
2026-01-29 04:30:22.717685,0x433b0b38,13.2325,61.25,6.0,-70,1769689813,5,5
2026-01-29 04:32:07.970202,0x433acb14,13.21,75.0,5.0,-85,1769689918,3,3
2026-01-29 04:32:32.522953,0x433aad0c,13.2425,63.75,5.5,-75,1769689943,3,3
2026-01-29 04:33:29.124186,0x433abf20,13.25,66.25,5.5,-76,1769689999,3,3
2026-01-29 04:35:00.960162,0x433ad35c,13.245,63.75,6.0,-55,1769690091,3,3
2026-01-29 04:35:23.565101,0x433b0b38,13.2275,72.5,5.75,-71,1769690114,5,5
2026-01-29 04:35:31.921088,0x433b0098,13.21125,72.5,6.75,-61,1769690122,2,2
2026-01-29 04:36:13.750508,0x433af380,13.1625,81.25,6.5,-39,1769690164,3,3
2026-01-29 04:37:09.538550,0x433acb14,13.205,81.25,4.75,-86,1769690220,3,3
2026-01-29 04:38:26.150167,0x433abf20,13.24875,65.0,5.5,-76,1769690296,3,3
2026-01-29 04:40:29.158151,0x433b0b38,13.23125,61.25,6.25,-71,1769690419,5,5
2026-01-29 04:42:11.526529,0x433acb14,13.21125,61.25,5.75,-86,1769690522,3,3
2026-01-29 04:42:32.085382,0x433aad0c,13.2425,65.0,5.75,-74,1769690542,3,3
2026-01-29 04:43:31.236391,0x433abf20,13.24875,61.25,5.75,-75,1769690601,3,3
2026-01-29 04:45:03.563301,0x433ad35c,13.2425,76.25,6.25,-56,1769690694,3,3
2026-01-29 04:45:25.486477,0x433b0b38,13.23125,87.5,5.25,-71,1769690716,5,5
2026-01-29 04:45:33.061591,0x433b0098,13.21375,75.0,6.25,-60,1769690723,2,2
2026-01-29 04:47:14.946351,0x433acb14,13.20375,83.75,4.5,-85,1769690825,3,3
2026-01-29 04:48:28.147162,0x433abf20,13.2475,62.5,6.25,-76,1769690898,3,3
2026-01-29 04:50:27.028817,0x433b0b38,13.2275,85.0,6.25,-71,1769691017,5,5
2026-01-29 04:52:14.833630,0x433acb14,13.21,66.25,4.75,-86,1769691125,3,3
2026-01-29 04:52:36.146497,0x433aad0c,13.2375,70.0,5.5,-75,1769691146,3,3
2026-01-29 04:53:30.077093,0x433abf20,13.24875,63.75,6.0,-75,1769691200,3,3
2026-01-29 04:55:07.858004,0x433ad35c,13.24375,63.75,6.25,-55,1769691298,3,3
2026-01-29 04:55:28.061863,0x433b0b38,13.22625,67.5,5.5,-71,1769691318,5,5
2026-01-29 04:55:34.761172,0x433b0098,13.21125,76.25,6.75,-60,1769691325,2,2
2026-01-29 04:57:16.744612,0x433acb14,13.2025,70.0,4.5,-84,1769691427,3,3
2026-01-29 04:58:31.575936,0x433abf20,13.24625,75.0,5.75,-75,1769691502,3,3
2026-01-29 05:00:28.625522,0x433b0b38,13.225,67.5,5.75,-70,1769691619,5,5
2026-01-29 05:02:16.240571,0x433acb14,13.205,75.0,4.5,-84,1769691726,3,3
2026-01-29 05:02:39.657152,0x433aad0c,13.24,65.0,6.0,-75,1769691750,3,3
2026-02-02 08:08:50.392779,0x433acb14,13.09,66.25,5.0,-88,1770048510,3,3
2026-02-02 08:09:17.255942,0x433aad0c,13.2225,63.75,6.75,-77,1770048537,3,3
2026-02-02 08:11:31.130217,0x433ad35c,13.06875,80.0,6.25,-53,1770048671,3,3
2026-02-02 08:12:07.451892,0x433b0b38,13.08375,63.75,6.0,-73,1770048707,5,5
2026-02-02 08:13:09.009280,0x433abf20,13.21625,61.25,5.5,-76,1770048769,3,3
2026-02-02 08:13:54.719447,0x433acb14,13.09375,66.25,4.0,-88,1770048815,3,3
2026-02-02 08:14:34.692185,0x433b0098,13.1825,70.0,6.5,-59,1770048855,2,2
2026-02-02 08:17:08.405215,0x433b0b38,13.085,65.0,5.75,-73,1770049008,5,5
2026-02-02 08:18:09.635253,0x433abf20,13.2125,103.75,5.75,-76,1770049070,3,3
2026-02-02 08:18:55.124601,0x433acb14,13.08875,76.25,3.75,-88,1770049115,3,3
2026-02-02 08:19:20.236698,0x433aad0c,13.22,73.75,5.5,-77,1770049140,3,3
2026-02-02 08:21:33.935134,0x433ad35c,13.07,63.75,6.25,-53,1770049274,3,3
2026-02-02 08:22:09.507297,0x433b0b38,13.08625,63.75,5.75,-73,1770049309,5,5
2026-02-02 08:23:08.849712,0x433abf20,13.21625,61.25,6.0,-76,1770049369,3,3
2026-02-02 08:23:56.512138,0x433acb14,13.0925,66.25,5.75,-86,1770049416,3,3
2026-02-02 08:24:36.604509,0x433b0098,13.18875,62.5,7.25,-60,1770049457,2,2
2026-02-02 08:27:11.064438,0x433b0b38,13.08875,66.25,5.75,-73,1770049611,5,5
2026-02-02 08:28:09.276497,0x433abf20,13.215,65.0,5.5,-76,1770049669,3,3
2026-02-02 08:28:56.087258,0x433acb14,13.0925,68.75,4.0,-87,1770049716,3,3
2026-02-02 08:31:37.633933,0x433ad35c,13.0675,77.5,6.25,-53,1770049878,3,3
2026-02-02 08:32:13.020704,0x433b0b38,13.08,67.5,5.5,-73,1770049913,5,5
2026-02-02 08:33:09.903424,0x433abf20,13.21625,67.5,5.75,-75,1770049970,3,3
2026-02-02 08:33:58.524499,0x433acb14,13.0875,76.25,4.0,-88,1770050018,3,3
2026-02-02 08:34:37.587388,0x433b0098,13.18875,60.0,6.75,-59,1770050057,2,2
2026-02-02 08:37:16.192985,0x433b0b38,13.085,60.0,6.0,-72,1770050216,5,5
2026-02-02 08:38:10.924716,0x433abf20,13.2125,62.5,5.5,-75,1770050271,3,3
2026-02-02 08:39:00.117425,0x433acb14,13.0925,62.5,4.25,-88,1770050320,3,3
2026-02-02 08:39:26.772682,0x433aad0c,13.2175,73.75,6.75,-76,1770050347,3,3
2026-02-02 08:41:42.081091,0x433ad35c,13.07125,65.0,6.0,-54,1770050482,3,3
2026-02-02 08:42:15.253851,0x433b0b38,13.085,61.25,5.75,-73,1770050515,5,5
2026-02-02 08:43:11.687716,0x433abf20,13.21625,66.25,5.75,-76,1770050572,3,3
2026-02-02 08:44:01.616437,0x433acb14,13.09375,63.75,4.0,-88,1770050621,3,3
2026-02-02 08:44:42.602633,0x433b0098,13.18375,68.75,7.0,-60,1770050662,2,2
2026-02-02 08:47:16.429605,0x433b0b38,13.0825,73.75,5.5,-72,1770050816,5,5
2026-02-02 08:48:13.030555,0x433abf20,13.21625,91.25,5.5,-76,1770050873,3,3
2026-02-02 08:49:04.362558,0x433acb14,13.09125,77.5,4.75,-88,1770050924,3,3
2026-02-02 08:49:24.258899,0x433af380,12.9775,83.75,6.0,-39,1770050944,3,3
2026-02-02 08:49:28.921465,0x433aad0c,13.21875,65.0,6.25,-77,1770050949,3,3
2026-02-02 08:51:43.749325,0x433ad35c,13.07125,73.75,6.25,-53,1770051084,3,3
2026-02-02 08:52:21.293432,0x433b0b38,13.0825,58.75,5.5,-72,1770051121,5,5
2026-02-02 08:53:13.178686,0x433abf20,13.215,65.0,5.5,-75,1770051173,3,3
2026-02-02 08:54:03.234094,0x433acb14,13.095,65.0,4.75,-88,1770051223,3,3
2026-02-02 08:54:41.250917,0x433b0098,13.19,58.75,6.0,-60,1770051261,2,2
2026-02-02 08:57:20.592627,0x433b0b38,13.085,67.5,5.25,-73,1770051420,5,5
2026-02-02 08:58:15.945006,0x433abf20,13.215,63.75,5.75,-75,1770051476,3,3
2026-02-02 08:59:05.485014,0x433acb14,13.095,65.0,5.25,-89,1770051525,3,3
2026-02-02 08:59:32.826139,0x433aad0c,13.2225,62.5,5.0,-76,1770051553,3,3
2026-02-02 09:01:48.586786,0x433ad35c,13.075,65.0,6.25,-53,1770051688,3,3
2026-02-02 09:02:19.953350,0x433b0b38,13.08375,61.25,5.75,-73,1770051720,5,5
2026-02-02 09:03:16.166865,0x433abf20,13.21625,61.25,6.0,-76,1770051776,3,3
2026-02-02 09:04:06.065058,0x433acb14,13.09125,76.25,5.0,-89,1770051826,3,3
2026-02-02 09:04:42.501743,0x433b0098,13.1825,71.25,5.5,-60,1770051862,2,2
2026-02-02 09:07:21.220798,0x433b0b38,13.08375,61.25,5.5,-73,1770052021,5,5
2026-02-02 09:08:15.907127,0x433abf20,13.21625,66.25,5.5,-76,1770052076,3,3
2026-01-25 20:59:26.335102,0x433b0b38,13.25875,65.0,6.0,-74,1769403564,5,5
2026-01-25 20:59:34.606887,0x433abf20,13.265,73.75,6.5,-53,1769403573,3,2
2026-01-25 21:00:45.867502,0x433acb14,13.31,65.0,3.75,-93,1769403644,3,3
2026-01-25 21:03:29.219024,0x433ad35c,13.27875,63.75,6.75,-52,1769403807,3,3
2026-01-25 21:04:26.873085,0x433b0b38,13.26,62.5,6.0,-74,1769403865,5,5
2026-01-25 21:04:30.912592,0x433abf20,13.2675,62.5,5.75,-76,1769403869,3,3
2026-01-25 21:05:48.641678,0x433acb14,13.3075,71.25,3.25,-93,1769403947,3,3
2026-01-25 21:06:37.681865,0x433b0098,13.2425,75.0,5.75,-60,1769403996,2,2
2026-01-25 21:09:28.846131,0x433b0b38,13.2625,61.25,6.25,-73,1769404167,5,5
2026-01-25 21:09:31.818346,0x433abf20,13.26625,65.0,6.0,-76,1769404170,3,3
2026-01-25 21:10:47.589703,0x433acb14,13.30625,63.75,3.75,-92,1769404246,3,3
2026-01-25 21:13:31.036936,0x433ad35c,13.28,65.0,6.75,-53,1769404409,3,3
2026-01-25 21:14:29.685835,0x433b0b38,13.25375,73.75,5.25,-74,1769404468,5,5
2026-01-25 21:14:37.891245,0x433abf20,13.2675,61.25,5.75,-76,1769404476,3,3
2026-01-25 21:15:50.841049,0x433acb14,13.2825,130.0,4.0,-92,1769404549,3,3
2026-01-25 21:16:40.200529,0x433b0098,13.2425,71.25,6.0,-61,1769404598,2,2
2026-01-25 21:19:30.681098,0x433b0b38,13.25625,76.25,5.75,-74,1769404769,5,5
2026-01-25 21:19:38.032699,0x433abf20,13.26125,80.0,5.75,-76,1769404776,3,3
2026-01-25 21:20:52.209202,0x433acb14,13.30625,67.5,4.0,-92,1769404850,3,3
2026-01-25 21:22:47.915285,0x433af380,13.21875,71.25,6.5,-38,1769404966,3,3
2026-01-25 21:23:38.127429,0x433ad35c,13.275,71.25,6.25,-53,1769405016,3,3
2026-01-25 21:24:36.391164,0x433b0b38,13.2475,96.25,5.25,-74,1769405074,5,5
2026-01-25 21:24:40.391871,0x433abf20,13.26625,66.25,5.25,-76,1769405078,3,3
2026-01-25 21:25:54.139875,0x433acb14,13.3025,78.75,3.75,-92,1769405152,3,3
2026-01-25 21:26:43.712674,0x433b0098,13.24125,75.0,5.75,-61,1769405202,2,2
2026-01-25 21:29:37.543312,0x433b0b38,13.25375,70.0,6.25,-74,1769405375,5,5
2026-01-25 21:29:41.445208,0x433abf20,13.26875,65.0,5.5,-76,1769405379,3,3
2026-01-25 21:30:53.155066,0x433acb14,13.3,77.5,3.75,-92,1769405451,3,3
2026-01-25 21:33:40.254259,0x433ad35c,13.275,73.75,5.5,-53,1769405618,3,3
2026-01-25 21:34:34.719178,0x433b0b38,13.2575,61.25,6.25,-74,1769405673,5,5
2026-01-25 21:34:42.180781,0x433abf20,13.26125,72.5,5.5,-76,1769405680,3,3
2026-01-25 21:35:55.224650,0x433acb14,13.30375,63.75,4.0,-91,1769405753,3,3
2026-01-25 21:36:46.137500,0x433b0098,13.245,57.5,6.5,-61,1769405804,2,2
2026-01-25 21:39:36.919135,0x433b0b38,13.2575,65.0,5.75,-74,1769405975,5,5
2026-01-25 21:39:40.604661,0x433abf20,13.2475,125.0,5.0,-77,1769405979,3,3
2026-01-25 21:40:55.902327,0x433acb14,13.30125,76.25,3.75,-93,1769406054,3,3
2026-01-25 21:43:43.065245,0x433ad35c,13.275,62.5,6.0,-53,1769406221,3,3
2026-01-25 21:44:38.130161,0x433b0b38,13.2575,65.0,6.25,-73,1769406276,5,5
2026-01-25 21:44:44.273649,0x433abf20,13.2425,126.25,5.5,-76,1769406282,3,3
2026-01-25 21:45:58.062631,0x433acb14,13.3,76.25,3.25,-91,1769406356,3,3
2026-01-25 21:46:49.529246,0x433b0098,13.23625,72.5,6.25,-60,1769406407,2,2
2026-01-25 21:49:39.101548,0x433b0b38,13.23125,132.5,6.25,-73,1769406577,5,5
2026-01-25 21:49:47.106736,0x433abf20,13.25875,72.5,5.75,-76,1769406585,3,3
2026-01-25 21:50:59.384352,0x433acb14,13.3025,58.75,3.75,-91,1769406657,3,3
2026-01-25 21:53:43.260851,0x433ad35c,13.27375,71.25,6.0,-53,1769406821,3,3
2026-01-25 21:54:41.579847,0x433b0b38,13.25625,65.0,6.0,-73,1769406879,5,5
2026-01-25 21:54:45.646714,0x433abf20,13.24125,137.5,5.75,-76,1769406884,3,3
2026-01-25 21:56:00.946384,0x433acb14,13.3025,63.75,3.0,-91,1769406959,3,3
2026-01-25 21:56:51.325860,0x433b0098,13.24625,62.5,6.0,-60,1769407009,2,2
2026-01-30 14:05:07.833087,0x433abf20,13.26875,62.5,5.75,-76,1769810695,3,3
2026-01-30 14:06:10.433102,0x433acb14,13.19875,71.25,2.5,-94,1769810757,3,3
2026-01-30 14:09:25.127847,0x433b0b38,13.24375,57.5,5.75,-74,1769810952,5,5
2026-01-30 14:10:13.205277,0x433abf20,13.27,61.25,5.25,-76,1769811000,3,3
2026-01-30 14:11:14.897675,0x433acb14,13.20375,65.0,0.5,-97,1769811062,3,3
2026-01-30 14:11:34.671392,0x433aad0c,13.26125,63.75,4.75,-89,1769811082,3,3
2026-01-30 14:11:52.214211,0x433b0098,13.24,61.25,6.5,-61,1769811099,2,2
2026-01-30 14:13:55.491053,0x433ad35c,13.24875,140.0,6.0,-52,1769811222,3,3
2026-01-30 14:14:24.905811,0x433b0b38,13.24375,61.25,6.0,-73,1769811252,5,5
2026-01-30 14:15:11.063608,0x433abf20,13.26875,61.25,5.25,-77,1769811298,3,3
2026-01-30 14:16:13.066692,0x433acb14,13.20375,63.75,3.0,-93,1769811360,3,3
2026-01-30 14:19:28.145563,0x433b0b38,13.2475,61.25,5.75,-72,1769811555,5,5
2026-01-30 14:20:10.650003,0x433abf20,13.27125,63.75,5.5,-76,1769811597,3,3
2026-01-30 14:21:15.623262,0x433acb14,13.20125,75.0,2.75,-94,1769811662,3,3
2026-01-30 14:21:36.301115,0x433aad0c,13.26125,63.75,5.0,-90,1769811683,3,3
2026-01-30 14:21:53.879800,0x433b0098,13.24125,61.25,6.0,-62,1769811701,2,2
2026-01-30 14:23:57.803547,0x433ad35c,13.27,66.25,7.0,-53,1769811825,3,3
2026-01-30 14:24:25.878186,0x433b0b38,13.245,62.5,6.0,-73,1769811853,5,5
2026-01-30 14:25:11.547369,0x433abf20,13.26625,76.25,5.75,-76,1769811898,3,3
2026-01-30 14:26:16.770266,0x433acb14,13.2025,62.5,2.75,-93,1769811964,3,3
2026-01-30 14:29:29.467189,0x433b0b38,13.245,75.0,5.75,-73,1769812156,5,5
2026-01-30 14:30:12.581037,0x433abf20,13.26625,75.0,5.75,-76,1769812199,3,3
2026-01-30 14:31:15.772271,0x433acb14,13.205,62.5,3.0,-94,1769812263,3,3
2026-01-30 14:31:39.577282,0x433aad0c,13.26125,62.5,4.75,-90,1769812286,3,3
2026-01-30 14:31:56.287538,0x433b0098,13.24125,57.5,6.75,-62,1769812303,2,2
2026-01-30 14:34:00.493272,0x433ad35c,13.26875,76.25,5.75,-53,1769812427,3,3
2026-01-30 14:34:33.348845,0x433b0b38,13.24,75.0,6.0,-53,1769812460,5,4
2026-01-30 14:35:13.226206,0x433abf20,13.26875,63.75,5.5,-75,1769812500,3,3
2026-01-30 14:36:18.759127,0x433acb14,13.205,65.0,2.0,-95,1769812566,3,3
2026-01-30 14:39:30.129732,0x433b0b38,13.2225,125.0,5.75,-72,1769812757,5,5
2026-01-30 14:40:14.946543,0x433abf20,13.27,65.0,5.75,-76,1769812802,3,3
2026-01-30 14:40:54.218178,0x433af380,13.195,82.5,6.5,-39,1769812841,3,3
2026-01-30 14:41:19.383645,0x433acb14,13.205,63.75,3.0,-93,1769812866,3,3
2026-01-30 14:41:41.449071,0x433aad0c,13.265,65.0,5.5,-89,1769812888,3,3
2026-01-30 14:41:57.710872,0x433b0098,13.24125,60.0,5.5,-61,1769812905,2,2
2026-01-30 14:44:03.868425,0x433ad35c,13.26875,76.25,6.0,-53,1769813031,3,3
2026-01-30 14:44:31.730923,0x433b0b38,13.24125,75.0,5.75,-72,1769813059,5,5
2026-01-30 14:45:34.500281,0x433abf20,13.26625,66.25,2.75,-93,1769813121,3,2
2026-01-30 14:46:25.064860,0x433acb14,13.205,61.25,5.5,-72,1769813172,3,2
2026-01-30 14:49:33.925456,0x433b0b38,13.24875,58.75,6.0,-72,1769813361,5,5
2026-01-30 14:50:15.014183,0x433abf20,13.2675,73.75,5.75,-76,1769813402,3,3
2026-01-30 14:51:23.290507,0x433acb14,13.20625,63.75,2.75,-93,1769813470,3,3
2026-01-30 14:51:49.291571,0x433aad0c,13.26375,61.25,3.75,-91,1769813496,3,3
2026-01-30 14:51:58.383435,0x433b0098,13.23625,72.5,6.0,-62,1769813505,2,2
2026-01-30 14:54:06.629271,0x433ad35c,13.27,63.75,6.5,-54,1769813633,3,3
2026-01-30 14:54:35.278578,0x433b0b38,13.245,73.75,6.0,-72,1769813662,5,5
2026-01-30 14:55:16.532896,0x433abf20,13.27,63.75,5.5,-76,1769813703,3,3
2026-01-30 14:56:23.188726,0x433acb14,13.205,63.75,3.0,-93,1769813770,3,3
2026-01-30 14:59:35.909232,0x433b0b38,13.24125,92.5,5.75,-73,1769813963,5,5
2026-01-30 15:00:18.139696,0x433abf20,13.27,61.25,5.5,-76,1769814005,3,3
2026-01-30 15:01:25.015035,0x433acb14,13.20125,75.0,2.5,-94,1769814072,3,3
2026-01-30 15:01:47.244698,0x433aad0c,13.26125,73.75,5.5,-90,1769814094,3,3
2026-01-30 15:01:59.885552,0x433b0098,13.2375,73.75,6.75,-62,1769814107,2,2
2026-01-30 15:04:09.666884,0x433ad35c,13.2725,63.75,6.75,-54,1769814236,3,3
2026-01-30 15:04:37.530413,0x433b0b38,13.25,58.75,6.0,-72,1769814264,5,5
2026-02-03 01:11:15.464363,0x433abf20,13.1525,73.75,5.75,-75,1770109854,3,3
2026-02-03 01:11:39.570239,0x433b0b38,13.085,58.75,5.75,-72,1770109878,5,5
2026-02-03 01:13:24.171085,0x433acb14,13.09875,76.25,4.25,-87,1770109982,3,3
2026-02-03 01:13:54.037467,0x433aad0c,13.24,65.0,5.5,-76,1770110012,3,3
2026-02-03 01:16:07.289255,0x433ad35c,13.0825,72.5,8.25,-52,1770110145,3,3
2026-02-03 01:16:16.254975,0x433abf20,13.1525,76.25,5.5,-75,1770110154,3,3
2026-02-03 01:16:42.038021,0x433b0b38,13.0825,57.5,6.0,-73,1770110180,5,5
2026-02-03 01:17:58.476487,0x433b0098,13.2125,73.75,6.0,-60,1770110257,2,2
2026-02-03 01:18:26.155333,0x433acb14,13.1,75.0,4.5,-87,1770110284,3,3
2026-02-03 01:21:41.347388,0x433b0b38,13.08,73.75,6.0,-72,1770110479,5,5
2026-02-03 01:23:27.465483,0x433acb14,13.09875,77.5,4.0,-87,1770110586,3,3
2026-02-03 01:23:56.446627,0x433aad0c,13.235,76.25,6.0,-75,1770110615,3,3
2026-02-03 01:26:09.838338,0x433ad35c,13.08375,63.75,6.0,-53,1770110748,3,3
2026-02-03 01:26:17.742709,0x433abf20,13.155,65.0,5.5,-76,1770110756,3,3
2026-02-03 01:26:44.495707,0x433b0b38,13.0825,58.75,6.0,-73,1770110783,5,5
2026-02-03 01:27:59.789205,0x433b0098,13.2175,63.75,5.75,-61,1770110858,2,2
2026-02-03 01:28:31.663063,0x433acb14,13.1025,67.5,4.0,-87,1770110890,3,3
2026-02-03 01:31:19.590259,0x433abf20,13.15,76.25,5.5,-75,1770111058,3,3
2026-02-03 01:31:44.729769,0x433b0b38,13.08,67.5,5.75,-72,1770111083,5,5
2026-02-03 01:33:33.439262,0x433acb14,13.1025,67.5,3.75,-87,1770111192,3,3
2026-02-03 01:33:58.526553,0x433aad0c,13.23875,63.75,5.5,-75,1770111217,3,3
2026-02-03 01:36:12.561860,0x433ad35c,13.08,78.75,6.0,-52,1770111351,3,3
2026-02-03 01:36:18.820204,0x433abf20,13.15,73.75,5.75,-76,1770111357,3,3
2026-02-03 01:36:45.228932,0x433b0b38,13.07875,70.0,5.75,-72,1770111383,5,5
2026-02-03 01:38:01.833335,0x433b0098,13.21375,61.25,6.0,-61,1770111460,2,2
2026-02-03 01:38:34.054565,0x433acb14,13.095,77.5,4.0,-87,1770111492,3,3
2026-02-03 01:41:20.138605,0x433abf20,13.1475,76.25,5.5,-75,1770111658,3,3
2026-02-03 01:41:47.453897,0x433b0b38,13.08375,65.0,6.0,-72,1770111686,5,5
2026-02-03 01:43:35.987779,0x433acb14,13.1,60.0,4.0,-87,1770111794,3,3
2026-02-03 01:44:01.722825,0x433aad0c,13.22625,72.5,5.5,-76,1770111820,3,3
2026-02-03 01:46:16.700387,0x433ad35c,13.0775,73.75,6.0,-52,1770111955,3,3
2026-02-03 01:46:19.732281,0x433abf20,13.14875,77.5,5.5,-76,1770111958,3,3
2026-02-03 01:46:50.067174,0x433b0b38,13.08125,60.0,5.75,-72,1770111988,5,5
2026-02-03 01:48:06.924948,0x433b0098,13.2125,60.0,5.5,-53,1770112065,2,1
2026-02-03 01:48:36.490874,0x433acb14,13.10125,65.0,4.25,-87,1770112095,3,3
2026-02-03 01:51:20.334354,0x433abf20,13.15125,63.75,5.5,-76,1770112258,3,3
2026-02-03 01:51:34.898668,0x433af380,13.00375,70.0,6.0,-38,1770112273,3,3
2026-02-03 01:51:57.211301,0x433b0b38,13.08375,66.25,5.5,-73,1770112295,5,5
2026-02-03 01:53:38.991808,0x433acb14,13.09875,63.75,4.0,-87,1770112397,3,3
2026-02-03 01:54:03.428796,0x433aad0c,13.2375,63.75,5.5,-76,1770112421,3,3
2026-02-03 01:56:17.458461,0x433ad35c,13.0775,76.25,5.75,-53,1770112555,3,3
2026-02-03 01:56:20.897023,0x433abf20,13.15,67.5,5.5,-75,1770112559,3,3
2026-02-03 01:57:11.658230,0x433b0b38,13.07875,73.75,6.75,-74,1770112610,5,3
2026-02-03 01:58:06.918999,0x433b0098,13.21,62.5,6.25,-60,1770112665,2,2
2026-02-03 01:58:38.555020,0x433acb14,13.09625,73.75,4.0,-87,1770112697,3,3
2026-02-03 02:01:21.593105,0x433abf20,13.14875,67.5,6.0,-76,1770112860,3,3
2026-02-03 02:01:53.011729,0x433b0b38,13.0825,65.0,1.75,-72,1770112891,5,5
2026-02-03 02:03:40.150728,0x433acb14,13.09875,73.75,4.5,-87,1770112998,3,3
2026-02-03 02:04:07.208366,0x433aad0c,13.23625,62.5,5.5,-75,1770113025,3,3
2026-02-03 02:06:19.997017,0x433ad35c,13.08,61.25,7.5,-53,1770113158,3,3
2026-02-03 02:06:23.553270,0x433abf20,13.125,133.75,5.5,-76,1770113162,3,3
2026-02-03 02:06:54.777631,0x433b0b38,13.0775,73.75,5.75,-72,1770113193,5,5
2026-02-03 02:08:11.995587,0x433b0098,13.205,73.75,6.0,-61,1770113270,2,2
2026-02-03 02:08:40.957060,0x433acb14,13.0975,67.5,5.5,-86,1770113299,3,3
2026-01-25 22:59:56.352381,0x433b0b38,13.25625,63.75,6.25,-73,1769410794,5,5
2026-01-25 23:00:03.168837,0x433abf20,13.26,77.5,5.75,-76,1769410801,3,3
2026-01-25 23:01:17.734029,0x433acb14,13.29875,66.25,3.5,-91,1769410875,3,3
2026-01-25 23:04:01.180503,0x433ad35c,13.27125,72.5,6.5,-53,1769411039,3,3
2026-01-25 23:04:59.167630,0x433b0b38,13.2525,76.25,6.25,-73,1769411097,5,5
2026-01-25 23:05:03.072457,0x433abf20,13.24375,120.0,5.75,-76,1769411101,3,3
2026-01-25 23:06:19.168278,0x433acb14,13.29875,63.75,3.5,-91,1769411177,3,3
2026-01-25 23:07:08.941816,0x433b0098,13.24125,62.5,6.25,-60,1769411227,2,2
2026-01-25 23:09:59.891669,0x433b0b38,13.25125,72.5,6.25,-73,1769411398,5,5
2026-01-25 23:10:08.194569,0x433abf20,13.26375,62.5,5.25,-76,1769411406,3,3
2026-01-25 23:11:23.159616,0x433acb14,13.29875,68.75,3.5,-91,1769411481,3,3
2026-01-25 23:14:04.581007,0x433ad35c,13.275,60.0,6.25,-53,1769411642,3,3
2026-01-25 23:15:00.936481,0x433b0b38,13.25625,65.0,6.25,-74,1769411699,5,5
2026-01-25 23:15:07.557564,0x433abf20,13.26,76.25,6.0,-77,1769411705,3,3
2026-01-25 23:16:24.025370,0x433acb14,13.29875,62.5,3.25,-91,1769411782,3,3
2026-01-25 23:17:10.303405,0x433b0098,13.21125,120.0,6.25,-61,1769411828,2,2
2026-01-25 23:20:02.527504,0x433b0b38,13.25375,63.75,5.5,-74,1769412000,5,5
2026-01-25 23:20:08.799609,0x433abf20,13.26125,68.75,5.75,-77,1769412007,3,3
2026-01-25 23:21:23.253832,0x433acb14,13.2975,65.0,3.5,-91,1769412081,3,3
2026-01-25 23:23:06.009054,0x433af380,13.20625,68.75,6.25,-38,1769412184,3,3
2026-01-25 23:24:07.615415,0x433ad35c,13.275,61.25,6.0,-54,1769412245,3,3
2026-01-25 23:25:03.665172,0x433b0b38,13.25375,61.25,6.75,-74,1769412301,5,5
2026-01-25 23:25:09.967238,0x433abf20,13.26375,66.25,6.0,-76,1769412308,3,3
2026-01-25 23:26:25.318203,0x433acb14,13.295,77.5,3.25,-91,1769412383,3,3
2026-01-25 23:27:18.376628,0x433b0098,13.2425,58.75,6.25,-61,1769412436,2,2
2026-01-25 23:30:05.055889,0x433b0b38,13.255,66.25,5.75,-74,1769412603,5,5
2026-01-25 23:30:11.785797,0x433abf20,13.2625,62.5,5.25,-77,1769412610,3,3
2026-01-25 23:31:25.886522,0x433acb14,13.29625,61.25,3.0,-91,1769412684,3,3
2026-01-25 23:34:10.447483,0x433ad35c,13.27125,61.25,6.25,-53,1769412848,3,3
2026-01-25 23:35:06.150011,0x433b0b38,13.25625,63.75,6.5,-74,1769412904,5,5
2026-01-25 23:35:11.996627,0x433abf20,13.26375,67.5,5.5,-77,1769412910,3,3
2026-01-25 23:36:27.982026,0x433acb14,13.2975,63.75,3.5,-91,1769412986,3,3
2026-01-25 23:37:17.617851,0x433b0098,13.24125,61.25,5.75,-60,1769413035,2,2
2026-01-25 23:40:06.476777,0x433b0b38,13.25625,63.75,7.0,-73,1769413204,5,5
2026-01-25 23:40:16.525385,0x433abf20,13.25875,72.5,5.25,-76,1769413214,3,3
2026-01-25 23:41:28.437343,0x433acb14,13.29625,60.0,3.25,-92,1769413286,3,3
2026-01-25 23:44:12.284677,0x433ad35c,13.2725,66.25,6.0,-53,1769413450,3,3
2026-01-25 23:45:07.784686,0x433b0b38,13.25,78.75,6.0,-74,1769413505,5,5
2026-01-25 23:45:16.172141,0x433abf20,13.26,76.25,5.5,-76,1769413514,3,3
2026-01-25 23:46:29.880694,0x433acb14,13.29375,75.0,3.25,-91,1769413588,3,3
2026-01-25 23:47:20.045715,0x433b0098,13.20875,120.0,6.0,-61,1769413638,2,2
2026-01-25 23:50:13.400222,0x433b0b38,13.255,65.0,6.25,-73,1769413811,5,5
2026-01-25 23:50:17.744909,0x433abf20,13.26375,63.75,5.5,-77,1769413815,3,3
2026-01-25 23:51:32.422972,0x433acb14,13.295,62.5,3.0,-91,1769413890,3,3
2026-01-25 23:54:21.706122,0x433ad35c,13.2525,140.0,6.25,-54,1769414059,3,3
2026-01-25 23:55:11.669186,0x433b0b38,13.255,63.75,5.5,-74,1769414109,5,5
2026-01-25 23:55:19.950669,0x433abf20,13.2625,60.0,5.75,-77,1769414118,3,3
2026-01-25 23:56:32.591130,0x433acb14,13.2925,77.5,3.75,-92,1769414190,3,3
2026-01-25 23:57:23.177599,0x433b0098,13.235,73.75,6.25,-60,1769414241,2,2
2026-01-30 11:05:29.413870,0x433acb14,13.1875,61.25,2.75,-94,1769799917,3,3
2026-01-30 11:08:32.661670,0x433b0b38,13.225,63.75,5.5,-73,1769800100,5,5
2026-01-30 11:09:35.839694,0x433abf20,13.2475,73.75,6.25,-77,1769800163,3,3
2026-01-30 11:10:24.107231,0x433acb14,13.18625,73.75,3.75,-90,1769800211,3,3
2026-01-30 11:10:47.396508,0x433aad0c,13.2425,60.0,5.25,-85,1769800235,3,3
2026-01-30 11:11:16.606538,0x433b0098,13.21375,57.5,5.75,-61,1769800264,2,2
2026-01-30 11:13:08.298718,0x433ad35c,13.2525,62.5,6.25,-53,1769800375,3,3
2026-01-30 11:13:34.496883,0x433b0b38,13.22375,62.5,5.25,-73,1769800402,5,5
2026-01-30 11:14:34.193867,0x433abf20,13.25,65.0,5.5,-76,1769800461,3,3
2026-01-30 11:15:28.931894,0x433acb14,13.19125,63.75,-0.25,-98,1769800516,3,3
2026-01-30 11:18:36.468374,0x433b0b38,13.22625,62.5,5.5,-74,1769800704,5,5
2026-01-30 11:19:36.928182,0x433abf20,13.25375,63.75,5.5,-76,1769800764,3,3
2026-01-30 11:20:26.182537,0x433acb14,13.16875,132.5,1.75,-94,1769800813,3,3
2026-01-30 11:20:49.587241,0x433aad0c,13.23875,73.75,6.75,-86,1769800837,3,3
2026-01-30 11:21:18.285431,0x433b0098,13.22,63.75,5.5,-61,1769800865,2,2
2026-01-30 11:23:11.445034,0x433ad35c,13.25125,71.25,6.25,-53,1769800979,3,3
2026-01-30 11:23:37.742663,0x433b0b38,13.2225,77.5,6.5,-74,1769801005,5,5
2026-01-30 11:24:36.122239,0x433abf20,13.25,63.75,5.75,-75,1769801063,3,3
2026-01-30 11:25:26.895715,0x433acb14,13.19125,61.25,-0.5,-99,1769801114,3,3
2026-01-30 11:28:38.458651,0x433b0b38,13.22125,72.5,6.5,-74,1769801306,5,5
2026-01-30 11:29:39.824979,0x433abf20,13.25125,73.75,4.25,-53,1769801367,3,2
2026-01-30 11:30:31.597860,0x433acb14,13.1925,62.5,-2.25,-101,1769801419,3,3
2026-01-30 11:30:51.393713,0x433aad0c,13.24375,62.5,5.25,-89,1769801439,3,3
2026-01-30 11:31:19.773960,0x433b0098,13.2225,62.5,6.0,-61,1769801467,2,2
2026-01-30 11:33:12.231621,0x433ad35c,13.25625,63.75,6.25,-55,1769801579,3,3
2026-01-30 11:33:39.244409,0x433b0b38,13.2225,75.0,5.75,-73,1769801606,5,5
2026-01-30 11:34:37.633987,0x433abf20,13.25375,62.5,6.0,-77,1769801665,3,3
2026-01-30 11:35:30.050622,0x433acb14,13.1875,73.75,4.0,-91,1769801717,3,3
2026-01-30 11:38:42.576597,0x433b0b38,13.22375,61.25,5.5,-72,1769801910,5,5
2026-01-30 11:39:41.041141,0x433abf20,13.2525,77.5,5.75,-76,1769801968,3,3
2026-01-30 11:40:31.256063,0x433af380,13.18875,67.5,6.25,-39,1769802018,3,3
2026-01-30 11:40:33.586219,0x433acb14,13.18875,72.5,4.5,-89,1769802021,3,3
2026-01-30 11:40:54.557640,0x433aad0c,13.245,63.75,4.0,-89,1769802042,3,3
2026-01-30 11:41:20.815479,0x433b0098,13.21875,58.75,5.75,-61,1769802068,2,2
2026-01-30 11:43:14.815395,0x433ad35c,13.25875,62.5,6.25,-54,1769802182,3,3
2026-01-30 11:43:43.254376,0x433b0b38,13.22375,68.75,5.5,-72,1769802210,5,5
2026-01-30 11:44:39.988394,0x433abf20,13.2325,132.5,5.5,-76,1769802267,3,3
2026-01-30 11:45:32.822925,0x433acb14,13.19375,65.0,4.0,-91,1769802320,3,3
2026-01-30 11:48:44.202726,0x433b0b38,13.2275,63.75,6.0,-73,1769802511,5,5
2026-01-30 11:49:40.169470,0x433abf20,13.255,61.25,5.75,-77,1769802567,3,3
2026-01-30 11:50:34.363226,0x433acb14,13.195,63.75,2.75,-94,1769802621,3,3
2026-01-30 11:50:56.922217,0x433aad0c,13.24125,73.75,4.5,-88,1769802644,3,3
2026-01-30 11:51:23.713751,0x433b0098,13.2175,72.5,5.75,-60,1769802671,2,2
2026-01-30 11:53:16.375509,0x433ad35c,13.25625,61.25,6.0,-53,1769802783,3,3
2026-01-30 11:53:45.416493,0x433b0b38,13.2275,61.25,5.75,-73,1769802813,5,5
2026-01-30 11:54:40.941142,0x433abf20,13.25625,62.5,5.25,-75,1769802868,3,3
2026-01-30 11:55:35.265064,0x433acb14,13.19375,65.0,4.0,-90,1769802922,3,3
2026-01-30 11:58:46.985662,0x433b0b38,13.23,65.0,6.0,-73,1769803114,5,5
2026-01-30 11:59:41.449810,0x433abf20,13.2575,70.0,6.0,-77,1769803169,3,3
2026-01-30 12:00:37.347743,0x433acb14,13.195,62.5,-1.5,-99,1769803224,3,3
2026-01-30 12:00:59.009583,0x433aad0c,13.2425,70.0,4.75,-87,1769803246,3,3
2026-01-30 12:01:25.578303,0x433b0098,13.2275,62.5,6.25,-60,1769803273,2,2
2026-01-30 12:03:19.382627,0x433ad35c,13.25875,61.25,7.25,-54,1769803386,3,3
2026-01-30 12:03:47.600484,0x433b0b38,13.2275,78.75,5.75,-73,1769803415,5,5
2026-01-30 12:04:42.373218,0x433abf20,13.2575,65.0,5.75,-76,1769803469,3,3
2026-01-31 00:06:33.701932,0x433ad35c,13.2175,67.5,6.0,-53,1769846780,3,3
2026-01-31 00:07:03.314725,0x433b0b38,13.2275,70.0,5.5,-73,1769846809,5,5
2026-01-31 00:07:05.773765,0x433abf20,13.24875,76.25,5.5,-76,1769846812,3,3
2026-01-31 00:08:50.424227,0x433acb14,13.16375,72.5,6.5,-87,1769846916,3,3
2026-01-31 00:12:04.922652,0x433b0b38,13.20125,133.75,5.25,-73,1769847111,5,5
2026-01-31 00:12:08.193772,0x433abf20,13.25375,66.25,5.75,-76,1769847114,3,3
2026-01-31 00:13:38.204710,0x433b0098,13.23,62.5,6.25,-60,1769847204,2,2
2026-01-31 00:13:50.876750,0x433acb14,13.16875,63.75,5.5,-87,1769847217,3,3
2026-01-31 00:14:20.695379,0x433aad0c,13.2525,61.25,5.75,-76,1769847246,3,3
2026-01-31 00:16:35.938589,0x433ad35c,13.21625,62.5,6.5,-54,1769847382,3,3
2026-01-31 00:17:05.704511,0x433b0b38,13.22875,75.0,5.25,-73,1769847412,5,5
2026-01-31 00:17:08.186772,0x433abf20,13.25375,66.25,5.75,-76,1769847414,3,3
2026-01-31 00:18:52.253419,0x433acb14,13.1575,73.75,4.5,-87,1769847518,3,3
2026-01-31 00:22:08.461728,0x433abf20,13.2525,62.5,6.25,-77,1769847714,3,3
2026-01-31 00:22:17.539828,0x433b0b38,13.22625,71.25,5.25,-77,1769847723,5,4
2026-01-31 00:23:39.755192,0x433b0098,13.2275,63.75,7.0,-60,1769847806,2,2
2026-01-31 00:23:54.336164,0x433acb14,13.16125,77.5,6.25,-86,1769847820,3,3
2026-01-31 00:24:19.352141,0x433aad0c,13.2525,60.0,5.5,-77,1769847845,3,3
2026-01-31 00:26:38.510207,0x433ad35c,13.215,66.25,7.0,-54,1769847984,3,3
2026-01-31 00:27:07.829818,0x433b0b38,13.23,75.0,5.75,-72,1769848014,5,5
2026-01-31 00:27:11.106676,0x433abf20,13.2525,62.5,5.5,-77,1769848017,3,3
2026-01-31 00:28:55.454921,0x433acb14,13.16375,77.5,5.25,-87,1769848121,3,3
2026-01-31 00:32:10.290205,0x433b0b38,13.23,58.75,5.25,-73,1769848316,5,5
2026-01-31 00:32:13.504885,0x433abf20,13.2525,66.25,5.25,-76,1769848319,3,3
2026-01-31 00:33:42.693735,0x433b0098,13.225,77.5,6.0,-60,1769848408,2,2
2026-01-31 00:33:58.915547,0x433acb14,13.1625,76.25,5.75,-86,1769848425,3,3
2026-01-31 00:34:21.966029,0x433aad0c,13.25,61.25,5.75,-76,1769848448,3,3
2026-01-31 00:36:43.110953,0x433ad35c,13.21,71.25,7.0,-55,1769848589,3,3
2026-01-31 00:37:12.435674,0x433abf20,13.25125,83.75,5.5,-76,1769848618,3,3
2026-01-31 00:37:14.775514,0x433b0b38,13.23,60.0,5.75,-73,1769848621,5,5
2026-01-31 00:39:00.645657,0x433acb14,13.1625,73.75,6.25,-86,1769848726,3,3
2026-01-31 00:42:10.431766,0x433af380,13.175,71.25,6.5,-37,1769848916,3,3
2026-01-31 00:42:13.462766,0x433b0b38,13.2275,73.75,6.0,-74,1769848919,5,5
2026-01-31 00:42:15.891567,0x433abf20,13.25125,63.75,6.0,-76,1769848922,3,3
2026-01-31 00:43:45.196873,0x433b0098,13.21875,75.0,6.5,-59,1769849011,2,2
2026-01-31 00:44:03.624751,0x433acb14,13.16,76.25,6.0,-86,1769849029,3,3
2026-01-31 00:44:24.492832,0x433aad0c,13.24625,72.5,5.25,-76,1769849050,3,3
2026-01-31 00:46:44.313934,0x433ad35c,13.21375,65.0,7.75,-54,1769849190,3,3
2026-01-31 00:47:13.002173,0x433abf20,13.25125,63.75,6.0,-77,1769849219,3,3
2026-01-31 00:47:16.343863,0x433b0b38,13.2325,62.5,5.5,-73,1769849222,5,5
2026-01-31 00:49:03.109249,0x433acb14,13.16,70.0,6.25,-87,1769849329,3,3
2026-01-31 00:52:14.074615,0x433abf20,13.2475,73.75,6.0,-77,1769849520,3,3
2026-01-31 00:52:15.820349,0x433b0b38,13.2325,65.0,5.5,-73,1769849522,5,5
2026-01-31 00:53:45.825724,0x433b0098,13.22,73.75,6.25,-60,1769849612,2,2
2026-01-31 00:54:05.458301,0x433acb14,13.1625,61.25,6.25,-86,1769849631,3,3
2026-01-31 00:54:26.770965,0x433aad0c,13.2475,70.0,5.75,-76,1769849653,3,3
2026-01-31 00:56:49.219369,0x433ad35c,13.21125,77.5,6.75,-54,1769849795,3,3
2026-01-31 00:57:16.992882,0x433abf20,13.25125,61.25,5.5,-77,1769849823,3,3
2026-01-31 00:57:19.943731,0x433b0b38,13.22875,57.5,5.5,-73,1769849826,5,5
2026-01-31 00:59:03.844893,0x433acb14,13.15875,66.25,6.25,-86,1769849930,3,3
2026-01-31 01:02:15.695225,0x433abf20,13.25125,66.25,6.25,-77,1769850121,3,3
2026-01-31 01:02:20.316189,0x433b0b38,13.22375,71.25,5.75,-74,1769850126,5,5
2026-01-31 01:03:47.199810,0x433b0098,13.22,75.0,6.25,-59,1769850213,2,2
2026-01-31 01:04:06.201370,0x433acb14,13.16,73.75,6.0,-86,1769850232,3,3
2026-01-31 01:04:29.297466,0x433aad0c,13.24625,75.0,5.5,-76,1769850255,3,3
2026-01-31 15:07:53.889055,0x433acb14,13.175,62.5,1.25,-96,1769900858,3,3
2026-01-31 15:08:14.543111,0x433aad0c,13.26625,61.25,5.5,-89,1769900879,3,3
2026-01-31 15:10:12.667293,0x433abf20,13.24125,135.0,5.5,-76,1769900997,3,3
2026-01-31 15:10:37.552423,0x433ad35c,13.1975,63.75,7.25,-53,1769901022,3,3
2026-01-31 15:11:11.169102,0x433b0b38,13.2325,75.0,5.75,-73,1769901055,5,5
2026-01-31 15:12:53.977057,0x433acb14,13.17625,63.75,1.0,-97,1769901158,3,3
2026-01-31 15:15:13.884746,0x433abf20,13.27,65.0,6.0,-75,1769901298,3,3
2026-01-31 15:16:07.498979,0x433b0b38,13.235,70.0,6.25,-73,1769901352,5,5
2026-01-31 15:16:21.289772,0x433b0098,13.2425,58.75,6.0,-61,1769901366,2,2
2026-01-31 15:17:56.065756,0x433acb14,13.17,76.25,1.25,-96,1769901460,3,3
2026-01-31 15:18:16.899823,0x433aad0c,13.26375,71.25,5.25,-89,1769901481,3,3
2026-01-31 15:20:16.592290,0x433abf20,13.26625,75.0,5.25,-76,1769901601,3,3
2026-01-31 15:20:39.946983,0x433ad35c,13.2,63.75,5.75,-53,1769901624,3,3
2026-01-31 15:21:08.933372,0x433b0b38,13.2275,93.75,5.75,-73,1769901653,5,5
2026-01-31 15:22:56.417275,0x433acb14,13.175,62.5,3.0,-93,1769901761,3,3
2026-01-31 15:25:15.621927,0x433abf20,13.265,86.25,5.75,-77,1769901900,3,3
2026-01-31 15:26:09.563495,0x433b0b38,13.24,62.5,6.25,-72,1769901954,5,5
2026-01-31 15:26:22.734839,0x433b0098,13.23625,71.25,6.0,-62,1769901967,2,2
2026-01-31 15:27:57.506551,0x433acb14,13.17,76.25,1.5,-96,1769902062,3,3
2026-01-31 15:28:20.974992,0x433aad0c,13.26875,60.0,3.25,-91,1769902085,3,3
2026-01-31 15:30:16.947012,0x433abf20,13.27,65.0,5.5,-76,1769902201,3,3
2026-01-31 15:30:41.976212,0x433ad35c,13.195,72.5,7.0,-54,1769902226,3,3
2026-01-31 15:31:11.960340,0x433b0b38,13.2375,61.25,6.0,-72,1769902256,5,5
2026-01-31 15:32:59.406915,0x433acb14,13.17625,63.75,2.25,-95,1769902364,3,3
2026-01-31 15:35:17.865971,0x433abf20,13.2675,76.25,5.5,-76,1769902502,3,3
2026-01-31 15:36:13.050371,0x433b0b38,13.24,65.0,5.75,-73,1769902557,5,5
2026-01-31 15:36:24.892667,0x433b0098,13.23875,73.75,6.25,-61,1769902569,2,2
2026-01-31 15:38:02.939822,0x433acb14,13.17625,63.75,3.75,-93,1769902667,3,3
2026-01-31 15:38:23.237175,0x433aad0c,13.265,72.5,5.25,-89,1769902687,3,3
2026-01-31 15:40:18.394748,0x433abf20,13.27,61.25,5.25,-76,1769902803,3,3
2026-01-31 15:40:46.699682,0x433ad35c,13.1975,65.0,6.25,-54,1769902831,3,3
2026-01-31 15:41:14.458193,0x433b0b38,13.2375,76.25,5.5,-72,1769902859,5,5
2026-01-31 15:43:02.932161,0x433acb14,13.1725,76.25,4.5,-92,1769902967,3,3
2026-01-31 15:43:58.569240,0x433af380,13.13125,81.25,6.25,-39,1769903023,3,3
2026-01-31 15:45:20.135465,0x433abf20,13.26625,75.0,5.75,-76,1769903104,3,3
2026-01-31 15:46:16.201437,0x433b0b38,13.23875,61.25,6.0,-72,1769903160,5,5
2026-01-31 15:46:26.978912,0x433b0098,13.23875,72.5,6.0,-61,1769903171,2,2
2026-01-31 15:48:04.017180,0x433acb14,13.1775,62.5,4.25,-92,1769903268,3,3
2026-01-31 15:48:25.393661,0x433aad0c,13.265,72.5,4.25,-89,1769903290,3,3
2026-01-31 15:50:20.982267,0x433abf20,13.27125,61.25,5.5,-76,1769903405,3,3
2026-01-31 15:50:47.289815,0x433ad35c,13.19625,62.5,6.75,-54,1769903431,3,3
2026-01-31 15:51:16.139088,0x433b0b38,13.235,76.25,6.0,-73,1769903460,5,5
2026-01-31 15:53:04.676760,0x433acb14,13.1775,61.25,1.25,-96,1769903569,3,3
2026-01-31 15:55:23.492212,0x433abf20,13.26625,77.5,5.5,-77,1769903708,3,3
2026-01-31 15:56:17.431187,0x433b0b38,13.23375,71.25,6.0,-72,1769903762,5,5
2026-01-31 15:56:30.067215,0x433b0098,13.24,75.0,6.25,-62,1769903774,2,2
2026-01-31 15:58:05.468459,0x433acb14,13.17375,76.25,2.25,-95,1769903870,3,3
2026-01-31 15:58:29.172790,0x433aad0c,13.26625,73.75,5.5,-90,1769903893,3,3
2026-01-31 16:00:22.557616,0x433abf20,13.26625,75.0,5.5,-76,1769904007,3,3
2026-01-31 16:00:50.745601,0x433ad35c,13.19375,75.0,7.0,-54,1769904035,3,3
2026-01-31 16:01:19.692564,0x433b0b38,13.2375,60.0,5.75,-72,1769904064,5,5
2026-01-31 16:03:07.344000,0x433acb14,13.1725,77.5,3.25,-94,1769904171,3,3
2026-01-31 16:05:23.033882,0x433abf20,13.27,88.75,5.5,-76,1769904307,3,3
2026-01-31 16:06:22.585109,0x433b0b38,13.235,75.0,6.0,-72,1769904367,5,5
2026-01-26 08:02:15.611287,0x433abf20,13.255,73.75,5.5,-76,1769443333,3,3
2026-01-26 08:02:23.800060,0x433b0b38,13.24,71.25,5.75,-74,1769443341,5,5
2026-01-26 08:03:46.941765,0x433acb14,13.2775,73.75,5.0,-90,1769443424,3,3
2026-01-26 08:06:35.771295,0x433ad35c,13.2625,61.25,5.5,-54,1769443593,3,3
2026-01-26 08:07:16.413643,0x433abf20,13.25625,76.25,5.5,-76,1769443633,3,3
2026-01-26 08:07:24.657521,0x433b0b38,13.24375,62.5,6.0,-74,1769443642,5,5
2026-01-26 08:08:45.233365,0x433acb14,13.25375,131.25,4.75,-90,1769443722,3,3
2026-01-26 08:09:28.278507,0x433b0098,13.19875,117.5,6.0,-60,1769443765,2,2
2026-01-26 08:12:17.192011,0x433abf20,13.255,76.25,5.75,-76,1769443934,3,3
2026-01-26 08:12:25.283453,0x433b0b38,13.24125,76.25,6.0,-74,1769443942,5,5
2026-01-26 08:13:49.907220,0x433acb14,13.2775,68.75,4.0,-90,1769444027,3,3
2026-01-26 08:16:38.482913,0x433ad35c,13.2425,143.75,6.0,-53,1769444195,3,3
2026-01-26 08:17:18.265192,0x433abf20,13.25375,75.0,5.75,-76,1769444235,3,3
2026-01-26 08:17:27.687885,0x433b0b38,13.24125,75.0,6.25,-74,1769444245,5,5
2026-01-26 08:18:47.929605,0x433acb14,13.27625,60.0,5.0,-90,1769444325,3,3
2026-01-26 08:19:30.320722,0x433b0098,13.23125,65.0,6.75,-61,1769444367,2,2
2026-01-26 08:22:19.246515,0x433abf20,13.255,72.5,5.75,-76,1769444536,3,3
2026-01-26 08:22:28.588328,0x433b0b38,13.2375,73.75,5.75,-75,1769444545,5,5
2026-01-26 08:23:50.931117,0x433acb14,13.27625,73.75,3.5,-90,1769444628,3,3
2026-01-26 08:24:34.337867,0x433af380,13.1825,83.75,6.25,-38,1769444671,3,3
2026-01-26 08:26:40.993107,0x433ad35c,13.26,66.25,6.0,-53,1769444798,3,3
2026-01-26 08:27:20.009131,0x433abf20,13.25625,62.5,5.5,-75,1769444837,3,3
2026-01-26 08:27:29.929405,0x433b0b38,13.245,57.5,6.0,-73,1769444847,5,5
2026-01-26 08:28:50.933814,0x433acb14,13.2775,62.5,3.5,-91,1769444928,3,3
2026-01-26 08:29:32.269530,0x433b0098,13.23125,63.75,5.75,-61,1769444969,2,2
2026-01-26 08:32:21.948308,0x433abf20,13.255,76.25,5.25,-77,1769445139,3,3
2026-01-26 08:32:30.514897,0x433b0b38,13.24125,61.25,6.25,-74,1769445147,5,5
2026-01-26 08:33:51.801918,0x433acb14,13.27625,62.5,3.75,-90,1769445229,3,3
2026-01-26 08:36:45.314159,0x433ad35c,13.26125,76.25,7.0,-54,1769445402,3,3
2026-01-26 08:37:22.501827,0x433abf20,13.2575,63.75,5.5,-75,1769445439,3,3
2026-01-26 08:37:32.561107,0x433b0b38,13.2425,62.5,5.75,-74,1769445449,5,5
2026-01-26 08:38:53.659761,0x433acb14,13.2775,66.25,3.75,-91,1769445530,3,3
2026-01-26 08:39:35.766820,0x433b0098,13.225,68.75,6.0,-60,1769445573,2,2
2026-01-26 08:42:22.782165,0x433abf20,13.2575,62.5,5.5,-76,1769445740,3,3
2026-01-26 08:42:35.622958,0x433b0b38,13.24375,63.75,5.75,-73,1769445752,5,5
2026-01-26 08:43:55.690596,0x433acb14,13.27125,72.5,3.5,-91,1769445832,3,3
2026-01-26 08:46:49.137972,0x433ad35c,13.26,78.75,5.75,-53,1769446006,3,3
2026-01-26 08:47:23.346049,0x433abf20,13.25375,75.0,5.5,-77,1769446040,3,3
2026-01-26 08:47:35.562023,0x433b0b38,13.245,63.75,5.75,-73,1769446052,5,5
2026-01-26 08:48:55.433894,0x433acb14,13.27625,65.0,3.75,-91,1769446132,3,3
2026-01-26 08:49:38.028709,0x433b0098,13.2325,61.25,6.25,-60,1769446175,2,2
2026-01-26 08:52:26.814486,0x433abf20,13.255,71.25,5.5,-76,1769446344,3,3
2026-01-26 08:52:35.776993,0x433b0b38,13.24125,73.75,5.75,-74,1769446353,5,5
2026-01-26 08:53:57.941380,0x433acb14,13.275,75.0,3.25,-93,1769446435,3,3
2026-01-26 08:56:49.175173,0x433ad35c,13.2625,62.5,6.25,-54,1769446606,3,3
2026-01-26 08:57:25.715943,0x433abf20,13.25875,65.0,5.0,-77,1769446643,3,3
2026-01-26 08:57:38.130520,0x433b0b38,13.24125,58.75,5.75,-74,1769446655,5,5
2026-01-26 08:59:01.712805,0x433acb14,13.275,75.0,3.75,-92,1769446739,3,3
2026-01-31 22:06:43.623285,0x433abf20,13.23625,128.75,5.75,-75,1769925987,3,3
2026-01-31 22:07:44.598974,0x433b0098,13.2375,62.5,5.5,-60,1769926048,2,2
2026-01-31 22:07:58.730552,0x433b0b38,13.2125,72.5,5.75,-73,1769926062,5,5
2026-01-31 22:09:45.526767,0x433acb14,13.15,62.5,4.0,-88,1769926169,3,3
2026-01-31 22:10:11.104159,0x433aad0c,13.25875,63.75,5.25,-76,1769926195,3,3
2026-01-31 22:11:42.765441,0x433abf20,13.23875,123.75,6.0,-76,1769926286,3,3
2026-01-31 22:12:26.765472,0x433ad35c,13.15625,66.25,6.0,-53,1769926330,3,3
2026-01-31 22:13:00.504505,0x433b0b38,13.205,71.25,5.75,-73,1769926364,5,5
2026-01-31 22:14:44.730926,0x433acb14,13.14625,73.75,5.0,-87,1769926468,3,3
2026-01-31 22:16:42.952781,0x433abf20,13.2575,57.5,5.25,-77,1769926586,3,3
2026-01-31 22:17:46.571217,0x433b0098,13.2325,72.5,6.0,-60,1769926650,2,2
2026-01-31 22:18:04.634070,0x433b0b38,13.205,75.0,5.75,-73,1769926668,5,5
2026-01-31 22:19:47.647821,0x433acb14,13.15125,63.75,5.0,-87,1769926771,3,3
2026-01-31 22:20:13.158785,0x433aad0c,13.25375,73.75,5.25,-75,1769926797,3,3
2026-01-31 22:21:44.341082,0x433abf20,13.2525,73.75,5.5,-76,1769926888,3,3
2026-01-31 22:22:29.323011,0x433ad35c,13.155,67.5,6.25,-54,1769926933,3,3
2026-01-31 22:23:05.551640,0x433b0b38,13.21,61.25,5.5,-72,1769926969,5,5
2026-01-31 22:24:51.903920,0x433acb14,13.1475,67.5,4.25,-87,1769927075,3,3
2026-01-31 22:26:45.154591,0x433abf20,13.2525,73.75,5.0,-77,1769927189,3,3
2026-01-31 22:28:00.138363,0x433b0098,13.2325,82.5,6.0,-59,1769927264,2,2
2026-01-31 22:28:08.416391,0x433b0b38,13.205,67.5,5.75,-73,1769927272,5,5
2026-01-31 22:29:49.926147,0x433acb14,13.125,126.25,4.75,-86,1769927373,3,3
2026-01-31 22:30:16.550476,0x433aad0c,13.25375,75.0,5.0,-76,1769927400,3,3
2026-01-31 22:31:46.050162,0x433abf20,13.255,61.25,6.25,-76,1769927489,3,3
2026-01-31 22:32:32.490333,0x433ad35c,13.15125,77.5,6.5,-54,1769927536,3,3
2026-01-31 22:33:06.245641,0x433b0b38,13.21,61.25,5.75,-73,1769927570,5,5
2026-01-31 22:34:50.777532,0x433acb14,13.14625,76.25,5.5,-86,1769927674,3,3
2026-01-31 22:36:46.637962,0x433abf20,13.24625,98.75,5.5,-77,1769927790,3,3
2026-01-31 22:37:52.969436,0x433b0098,13.23625,61.25,6.5,-60,1769927856,2,2
2026-01-31 22:38:08.951686,0x433b0b38,13.20625,58.75,6.0,-72,1769927872,5,5
2026-01-31 22:40:06.888533,0x433acb14,13.145,73.75,5.5,-74,1769927990,3,2
2026-01-31 22:40:19.360431,0x433aad0c,13.2575,58.75,5.5,-75,1769928003,3,3
2026-01-31 22:41:47.153775,0x433abf20,13.25375,65.0,5.5,-76,1769928091,3,3
2026-01-31 22:42:34.501442,0x433ad35c,13.1525,65.0,6.5,-54,1769928138,3,3
2026-01-31 22:43:12.935321,0x433b0b38,13.21125,63.75,5.5,-73,1769928176,5,5
2026-01-31 22:44:54.604647,0x433acb14,13.1475,61.25,6.25,-87,1769928278,3,3
2026-01-31 22:44:58.966633,0x433af380,13.06875,83.75,6.75,-38,1769928282,3,3
2026-01-31 22:46:47.037511,0x433abf20,13.2525,63.75,5.25,-76,1769928390,3,3
2026-01-31 22:47:52.629206,0x433b0098,13.23375,62.5,6.25,-60,1769928456,2,2
2026-01-31 22:48:10.634076,0x433b0b38,13.20375,73.75,5.5,-73,1769928474,5,5
2026-01-31 22:49:56.437104,0x433acb14,13.125,127.5,5.25,-87,1769928580,3,3
2026-01-31 22:50:24.850688,0x433aad0c,13.2525,75.0,5.25,-76,1769928608,3,3
2026-01-31 22:51:52.170921,0x433abf20,13.25125,76.25,6.0,-76,1769928696,3,3
2026-01-31 22:52:38.344293,0x433ad35c,13.14875,76.25,6.5,-53,1769928742,3,3
2026-01-31 22:53:11.784628,0x433b0b38,13.20625,62.5,6.0,-73,1769928775,5,5
2026-01-31 22:54:57.789228,0x433acb14,13.14625,66.25,6.0,-86,1769928881,3,3
2026-01-31 22:56:52.678067,0x433abf20,13.255,63.75,6.25,-76,1769928996,3,3
2026-01-31 22:57:55.278062,0x433b0098,13.22875,73.75,6.0,-60,1769929059,2,2
2026-01-31 22:58:13.352957,0x433b0b38,13.20625,63.75,5.5,-73,1769929077,5,5
2026-01-31 22:59:57.562295,0x433acb14,13.14875,65.0,4.25,-86,1769929181,3,3
2026-01-31 23:00:23.500705,0x433aad0c,13.2525,75.0,5.0,-77,1769929207,3,3
2026-01-31 23:01:53.096468,0x433abf20,13.2525,62.5,5.0,-77,1769929296,3,3
2026-01-31 23:02:40.296086,0x433ad35c,13.15,65.0,6.5,-54,1769929344,3,3
2026-01-31 23:03:13.822215,0x433b0b38,13.20375,58.75,5.5,-72,1769929377,5,5
2026-01-31 23:04:59.045610,0x433acb14,13.145,62.5,6.25,-86,1769929482,3,3
2026-01-26 22:00:20.517897,0x433ad35c,13.2725,63.75,5.75,-53,1769493616,3,3
2026-01-26 22:00:28.176795,0x433abf20,13.2675,65.0,6.0,-76,1769493624,3,3
2026-01-26 22:01:09.233415,0x433b0b38,13.25625,62.5,6.0,-73,1769493665,5,5
2026-01-26 22:02:26.833150,0x433acb14,13.2775,65.0,5.0,-87,1769493742,3,3
2026-01-26 22:02:35.293780,0x433b0098,13.24,75.0,6.75,-60,1769493751,2,2
2026-01-26 22:05:29.038305,0x433abf20,13.2475,142.5,5.5,-76,1769493925,3,3
2026-01-26 22:06:10.486366,0x433b0b38,13.2525,75.0,6.25,-74,1769493966,5,5
2026-01-26 22:07:27.107029,0x433acb14,13.27375,67.5,-5.75,-87,1769494043,3,3
2026-01-26 22:10:22.216363,0x433ad35c,13.27,78.75,6.5,-54,1769494218,3,3
2026-01-26 22:10:30.506274,0x433abf20,13.24375,135.0,4.75,-76,1769494226,3,3
2026-01-26 22:11:12.021020,0x433b0b38,13.255,63.75,5.75,-74,1769494268,5,5
2026-01-26 22:12:28.370295,0x433acb14,13.27375,62.5,4.75,-87,1769494344,3,3
2026-01-26 22:12:33.653955,0x433b0098,13.24625,58.75,6.0,-60,1769494349,2,2
2026-01-26 22:15:33.199096,0x433abf20,13.2675,65.0,5.75,-77,1769494529,3,3
2026-01-26 22:16:13.731383,0x433b0b38,13.25625,63.75,5.25,-74,1769494569,5,5
2026-01-26 22:17:29.639038,0x433acb14,13.275,67.5,5.75,-87,1769494645,3,3
2026-01-26 22:20:25.312394,0x433ad35c,13.27,76.25,6.25,-53,1769494821,3,3
2026-01-26 22:20:34.233162,0x433abf20,13.26375,73.75,5.5,-76,1769494830,3,3
2026-01-26 22:21:16.681710,0x433b0b38,13.25625,60.0,5.25,-74,1769494872,5,5
2026-01-26 22:22:31.327692,0x433acb14,13.2725,77.5,6.0,-87,1769494947,3,3
2026-01-26 22:22:36.707909,0x433b0098,13.23875,71.25,7.75,-60,1769494952,2,2
2026-01-26 22:25:34.690217,0x433abf20,13.26875,60.0,5.5,-76,1769495130,3,3
2026-01-26 22:26:18.138600,0x433b0b38,13.255,60.0,6.0,-74,1769495174,5,5
2026-01-26 22:26:50.685808,0x433af380,13.21625,70.0,6.25,-38,1769495206,3,3
2026-01-26 22:27:32.413938,0x433acb14,13.26875,76.25,5.75,-87,1769495248,3,3
2026-01-26 22:30:27.954744,0x433ad35c,13.27125,66.25,6.25,-54,1769495423,3,3
2026-01-26 22:30:36.854434,0x433abf20,13.2675,62.5,5.25,-76,1769495432,3,3
2026-01-26 22:31:17.504244,0x433b0b38,13.2575,65.0,6.5,-73,1769495473,5,5
2026-01-26 22:32:34.329066,0x433acb14,13.275,60.0,6.25,-87,1769495550,3,3
2026-01-26 22:32:37.601309,0x433b0098,13.24,75.0,7.0,-59,1769495553,2,2
2026-01-26 22:35:37.018407,0x433abf20,13.265,62.5,5.5,-76,1769495732,3,3
2026-01-26 22:36:18.898811,0x433b0b38,13.2525,75.0,6.5,-74,1769495774,5,5
2026-01-26 22:37:35.512336,0x433acb14,13.27,67.5,6.0,-86,1769495851,3,3
2026-01-26 22:40:30.333519,0x433ad35c,13.2675,73.75,7.25,-54,1769496026,3,3
2026-01-26 22:40:38.739373,0x433abf20,13.26625,65.0,6.0,-76,1769496034,3,3
2026-01-26 22:41:19.908015,0x433b0b38,13.25625,68.75,6.5,-73,1769496075,5,5
2026-01-26 22:42:36.806087,0x433acb14,13.2725,66.25,5.75,-87,1769496152,3,3
2026-01-26 22:42:39.605687,0x433b0098,13.24375,60.0,6.75,-61,1769496155,2,2
2026-01-26 22:45:42.790034,0x433abf20,13.265,77.5,3.25,-76,1769496338,3,3
2026-01-26 22:46:21.286612,0x433b0b38,13.25,68.75,5.5,-74,1769496377,5,5
2026-01-26 22:47:37.219886,0x433acb14,13.27375,60.0,5.0,-87,1769496453,3,3
2026-01-26 22:50:33.022724,0x433ad35c,13.26875,66.25,7.5,-54,1769496628,3,3
2026-01-26 22:50:41.339884,0x433abf20,13.26125,71.25,5.5,-77,1769496637,3,3
2026-01-26 22:51:25.312818,0x433b0b38,13.2525,63.75,4.75,-73,1769496681,5,5
2026-01-26 22:52:40.013937,0x433acb14,13.26875,77.5,5.75,-86,1769496755,3,3
2026-01-26 22:52:44.688409,0x433b0098,13.20875,115.0,6.0,-61,1769496760,2,2
2026-01-26 22:55:43.107094,0x433abf20,13.265,65.0,5.5,-77,1769496939,3,3
2026-01-26 22:56:23.849964,0x433b0b38,13.25375,58.75,6.0,-74,1769496979,5,5
2026-01-26 22:57:41.229302,0x433acb14,13.27,65.0,6.0,-87,1769497057,3,3
2026-01-29 15:05:02.187832,0x433acb14,13.2275,86.25,5.5,-73,1769727891,3,2
2026-01-29 15:05:21.338181,0x433aad0c,13.26625,61.25,3.5,-91,1769727911,3,3
2026-01-29 15:05:48.799479,0x433abf20,13.2725,65.0,6.25,-75,1769727938,3,3
2026-01-29 15:07:39.884594,0x433b0098,13.2475,63.75,5.5,-61,1769728049,2,2
2026-01-29 15:07:47.356536,0x433ad35c,13.28,61.25,5.75,-53,1769728057,3,3
2026-01-29 15:08:13.128594,0x433b0b38,13.25875,60.0,6.25,-72,1769728082,5,5
2026-01-29 15:09:59.224651,0x433acb14,13.24125,65.0,2.75,-94,1769728188,3,3
2026-01-29 15:10:52.125208,0x433abf20,13.27125,61.25,6.0,-74,1769728241,3,3
2026-01-29 15:13:12.556405,0x433b0b38,13.25625,60.0,6.0,-73,1769728382,5,5
2026-01-29 15:15:01.644402,0x433acb14,13.2175,127.5,1.5,-96,1769728491,3,3
2026-01-29 15:15:23.173927,0x433aad0c,13.2675,61.25,3.0,-90,1769728512,3,3
2026-01-29 15:15:52.024272,0x433abf20,13.27375,63.75,6.75,-74,1769728541,3,3
2026-01-29 15:17:41.920587,0x433b0098,13.2525,61.25,6.0,-60,1769728651,2,2
2026-01-29 15:17:49.371408,0x433ad35c,13.27875,76.25,5.75,-53,1769728659,3,3
2026-01-29 15:18:13.823877,0x433b0b38,13.2575,60.0,5.5,-72,1769728683,5,5
2026-01-29 15:20:01.804775,0x433acb14,13.2375,88.75,1.75,-95,1769728791,3,3
2026-01-29 15:20:53.314513,0x433abf20,13.27,73.75,6.25,-74,1769728842,3,3
2026-01-29 15:23:15.871365,0x433b0b38,13.26,62.5,5.75,-73,1769728985,5,5
2026-01-29 15:25:03.909100,0x433acb14,13.24125,65.0,2.5,-94,1769729093,3,3
2026-01-29 15:25:29.354665,0x433aad0c,13.27125,61.25,4.0,-90,1769729119,3,3
2026-01-29 15:25:54.315546,0x433abf20,13.2725,62.5,6.5,-74,1769729143,3,3
2026-01-29 15:27:42.085930,0x433b0098,13.2525,61.25,6.75,-61,1769729251,2,2
2026-01-29 15:27:51.915401,0x433ad35c,13.2825,63.75,6.75,-53,1769729261,3,3
2026-01-29 15:28:16.354473,0x433b0b38,13.25375,71.25,6.0,-73,1769729286,5,5
2026-01-29 15:30:05.096714,0x433acb14,13.2425,66.25,2.5,-94,1769729394,3,3
2026-01-29 15:30:55.341671,0x433abf20,13.26875,75.0,6.0,-75,1769729445,3,3
2026-01-29 15:33:18.477111,0x433b0b38,13.25625,77.5,6.0,-73,1769729588,5,5
2026-01-29 15:35:06.306237,0x433acb14,13.24375,65.0,-3.5,-95,1769729695,3,3
2026-01-29 15:35:30.542358,0x433aad0c,13.26625,71.25,1.25,-90,1769729720,3,3
2026-01-29 15:35:56.027669,0x433abf20,13.2725,60.0,5.5,-75,1769729745,3,3
2026-01-29 15:37:35.920816,0x433af380,13.19125,91.25,6.25,-38,1769729845,3,3
2026-01-29 15:37:47.467652,0x433b0098,13.245,73.75,6.25,-61,1769729857,2,2
2026-01-29 15:37:54.430488,0x433ad35c,13.27875,75.0,7.25,-54,1769729864,3,3
2026-01-29 15:38:19.651423,0x433b0b38,13.255,71.25,5.5,-72,1769729889,5,5
2026-01-29 15:40:06.828608,0x433acb14,13.23625,75.0,-3.75,-96,1769729996,3,3
2026-01-29 15:40:58.483802,0x433abf20,13.27,75.0,6.25,-74,1769730048,3,3
2026-01-29 15:43:20.111531,0x433b0b38,13.2625,63.75,5.5,-72,1769730189,5,5
2026-01-29 15:45:08.106888,0x433acb14,13.24375,65.0,0.25,-98,1769730297,3,3
2026-01-29 15:45:33.473634,0x433aad0c,13.27,61.25,4.75,-89,1769730323,3,3
2026-01-29 15:46:04.523351,0x433abf20,13.27125,75.0,6.25,-74,1769730354,3,3
2026-01-29 15:47:45.538632,0x433b0098,13.25375,62.5,6.75,-62,1769730455,2,2
2026-01-29 15:47:57.348208,0x433ad35c,13.28,73.75,7.0,-54,1769730466,3,3
2026-01-29 15:48:22.243520,0x433b0b38,13.2625,58.75,5.25,-72,1769730491,5,5
2026-01-29 15:50:11.665175,0x433acb14,13.24125,62.5,3.25,-93,1769730601,3,3
2026-01-29 15:51:07.122683,0x433abf20,13.26875,77.5,6.0,-75,1769730656,3,3
2026-01-29 15:53:23.647091,0x433b0b38,13.2625,57.5,4.5,-72,1769730793,5,5
2026-01-29 15:55:10.941787,0x433acb14,13.24125,66.25,0.25,-97,1769730900,3,3
2026-01-29 15:55:35.057928,0x433aad0c,13.26875,75.0,5.5,-89,1769730924,3,3
2026-01-29 15:56:01.797300,0x433abf20,13.2675,75.0,6.0,-74,1769730951,3,3
2026-01-29 15:57:48.311917,0x433b0098,13.25125,58.75,6.5,-61,1769731057,2,2
2026-01-29 15:58:00.714675,0x433ad35c,13.28375,63.75,6.25,-54,1769731070,3,3
2026-01-29 15:58:24.765523,0x433b0b38,13.26375,62.5,6.25,-72,1769731094,5,5
2026-01-29 16:00:19.583391,0x433acb14,13.24,78.75,1.75,-95,1769731209,3,3
2026-01-29 16:01:06.191691,0x433abf20,13.2725,62.5,6.75,-75,1769731255,3,3
2026-01-29 16:03:25.674847,0x433b0b38,13.26375,61.25,5.75,-73,1769731395,5,5
2026-01-26 14:00:17.205502,0x433acb14,13.295,75.0,0.25,-97,1769464814,3,3
2026-01-26 14:00:48.713278,0x433b0098,13.25125,70.0,6.75,-62,1769464845,2,2
2026-01-26 14:03:32.190138,0x433abf20,13.26625,73.75,5.75,-76,1769465008,3,3
2026-01-26 14:04:04.752532,0x433b0b38,13.26,65.0,6.0,-73,1769465041,5,5
2026-01-26 14:05:17.862480,0x433acb14,13.2975,65.0,0.5,-97,1769465114,3,3
2026-01-26 14:08:12.535505,0x433ad35c,13.285,72.5,7.0,-53,1769465289,3,3
2026-01-26 14:08:28.824512,0x433abf20,13.27625,60.0,5.75,-76,1769465305,3,3
2026-01-26 14:09:05.986138,0x433b0b38,13.2575,75.0,6.25,-72,1769465342,5,5
2026-01-26 14:10:19.631045,0x433acb14,13.2975,62.5,2.75,-93,1769465416,3,3
2026-01-26 14:10:51.356080,0x433b0098,13.2575,57.5,6.75,-62,1769465448,2,2
2026-01-26 14:13:30.124117,0x433abf20,13.27625,65.0,5.5,-76,1769465606,3,3
2026-01-26 14:14:06.983447,0x433b0b38,13.265,65.0,5.5,-73,1769465643,5,5
2026-01-26 14:15:21.066685,0x433acb14,13.29875,63.75,2.0,-95,1769465717,3,3
2026-01-26 14:18:15.023244,0x433ad35c,13.285,76.25,7.75,-54,1769465891,3,3
2026-01-26 14:18:32.234371,0x433abf20,13.2775,65.0,5.75,-76,1769465909,3,3
2026-01-26 14:19:08.109279,0x433b0b38,13.25875,75.0,6.0,-73,1769465944,5,5
2026-01-26 14:20:21.369157,0x433acb14,13.2975,61.25,-2.0,-100,1769466018,3,3
2026-01-26 14:20:52.674273,0x433b0098,13.26,58.75,6.5,-61,1769466049,2,2
2026-01-26 14:23:32.142270,0x433abf20,13.2725,75.0,5.75,-76,1769466208,3,3
2026-01-26 14:24:15.707069,0x433b0b38,13.26,75.0,6.0,-74,1769466252,5,5
2026-01-26 14:25:23.374262,0x433acb14,13.29625,72.5,0.75,-97,1769466320,3,3
2026-01-26 14:25:32.788980,0x433af380,13.21125,82.5,5.75,-39,1769466329,3,3
2026-01-26 14:28:18.105294,0x433ad35c,13.2875,65.0,6.25,-53,1769466494,3,3
2026-01-26 14:28:32.793565,0x433abf20,13.2775,65.0,5.25,-76,1769466509,3,3
2026-01-26 14:29:10.005078,0x433b0b38,13.26125,75.0,6.25,-74,1769466546,5,5
2026-01-26 14:30:25.640169,0x433acb14,13.2975,60.0,1.25,-96,1769466622,3,3
2026-01-26 14:30:55.118100,0x433b0098,13.2525,72.5,5.75,-61,1769466651,2,2
2026-01-26 14:33:36.249177,0x433abf20,13.2775,63.75,5.75,-77,1769466812,3,3
2026-01-26 14:34:11.554145,0x433b0b38,13.26,70.0,5.5,-73,1769466848,5,5
2026-01-26 14:35:25.148094,0x433acb14,13.29625,77.5,3.25,-93,1769466921,3,3
2026-01-26 14:38:21.387620,0x433ad35c,13.29,61.25,6.5,-53,1769467098,3,3
2026-01-26 14:38:35.767213,0x433abf20,13.2775,66.25,5.75,-76,1769467112,3,3
2026-01-26 14:39:13.194238,0x433b0b38,13.265,63.75,5.75,-73,1769467149,5,5
2026-01-26 14:40:27.225309,0x433acb14,13.3,63.75,-0.75,-98,1769467223,3,3
2026-01-26 14:40:56.684869,0x433b0098,13.2525,65.0,6.25,-61,1769467253,2,2
2026-01-26 14:43:39.715469,0x433abf20,13.2725,73.75,5.5,-76,1769467416,3,3
2026-01-26 14:44:13.793915,0x433b0b38,13.26125,72.5,6.0,-74,1769467450,5,5
2026-01-26 14:45:28.613048,0x433acb14,13.3,62.5,1.0,-96,1769467525,3,3
2026-01-26 14:48:23.776923,0x433ad35c,13.29,65.0,6.25,-54,1769467700,3,3
2026-01-26 14:48:39.040365,0x433abf20,13.27375,71.25,5.25,-76,1769467715,3,3
2026-01-26 14:49:16.016499,0x433b0b38,13.265,62.5,5.75,-72,1769467752,5,5
2026-01-26 14:50:30.410098,0x433acb14,13.3,66.25,2.0,-96,1769467827,3,3
2026-01-26 14:50:59.888462,0x433b0098,13.26125,61.25,7.0,-62,1769467856,2,2
2026-01-26 14:53:40.420084,0x433abf20,13.2625,76.25,5.25,-76,1769468017,3,3
2026-01-26 14:54:16.578894,0x433b0b38,13.25875,88.75,6.0,-72,1769468053,5,5
2026-01-26 14:55:33.165364,0x433acb14,13.3,63.75,1.0,-96,1769468129,3,3
2026-01-26 14:58:26.417474,0x433ad35c,13.28625,77.5,6.75,-54,1769468303,3,3
2026-01-26 14:58:41.190079,0x433abf20,13.27875,61.25,5.5,-75,1769468317,3,3
2026-01-26 14:59:18.148756,0x433b0b38,13.26875,62.5,5.75,-73,1769468354,5,5
2026-01-30 08:07:48.854750,0x433b0b38,13.22125,63.75,6.0,-73,1769789256,5,5
2026-01-30 08:09:02.043642,0x433abf20,13.24,72.5,6.0,-76,1769789330,3,3
2026-01-30 08:09:33.967141,0x433acb14,13.17375,71.25,5.25,-89,1769789361,3,3
2026-01-30 08:09:57.575812,0x433aad0c,13.24125,65.0,7.0,-78,1769789385,3,3
2026-01-30 08:10:41.337738,0x433b0098,13.2075,58.75,5.75,-60,1769789429,2,2
2026-01-30 08:12:20.704075,0x433ad35c,13.2325,73.75,6.25,-54,1769789528,3,3
2026-01-30 08:12:45.768196,0x433b0b38,13.22125,63.75,5.75,-72,1769789553,5,5
2026-01-30 08:14:00.582804,0x433abf20,13.24,70.0,1.75,-74,1769789628,3,3
2026-01-30 08:14:34.570866,0x433acb14,13.1725,72.5,4.75,-89,1769789662,3,3
2026-01-30 08:17:46.582123,0x433b0b38,13.2225,57.5,5.5,-73,1769789854,5,5
2026-01-30 08:19:03.237949,0x433abf20,13.2425,67.5,6.0,-75,1769789931,3,3
2026-01-30 08:19:35.835945,0x433acb14,13.1775,66.25,5.0,-89,1769789963,3,3
2026-01-30 08:19:59.099139,0x433aad0c,13.21625,132.5,6.0,-77,1769789987,3,3
2026-01-30 08:20:43.381923,0x433b0098,13.20375,73.75,6.0,-60,1769790031,2,2
2026-01-30 08:22:23.235860,0x433ad35c,13.23375,60.0,6.0,-54,1769790131,3,3
2026-01-30 08:22:48.904708,0x433b0b38,13.2225,60.0,5.75,-73,1769790156,5,5
2026-01-30 08:24:02.892810,0x433abf20,13.245,65.0,5.75,-76,1769790230,3,3
2026-01-30 08:24:38.002472,0x433acb14,13.175,61.25,5.0,-89,1769790265,3,3
2026-01-30 08:27:50.141658,0x433b0b38,13.22,58.75,5.75,-73,1769790458,5,5
2026-01-30 08:29:03.704355,0x433abf20,13.245,67.5,5.25,-75,1769790531,3,3
2026-01-30 08:29:38.364532,0x433acb14,13.1725,76.25,4.75,-90,1769790566,3,3
2026-01-30 08:30:01.985474,0x433aad0c,13.24,65.0,5.25,-77,1769790589,3,3
2026-01-30 08:30:45.306946,0x433b0098,13.21,57.5,6.0,-60,1769790633,2,2
2026-01-30 08:32:25.063214,0x433ad35c,13.2325,61.25,6.5,-53,1769790733,3,3
2026-01-30 08:32:52.989785,0x433b0b38,13.215,81.25,6.0,-73,1769790760,5,5
2026-01-30 08:34:04.881776,0x433abf20,13.24375,62.5,5.75,-76,1769790832,3,3
2026-01-30 08:34:40.490863,0x433acb14,13.1725,73.75,5.0,-90,1769790868,3,3
2026-01-30 08:37:51.905862,0x433b0b38,13.19,131.25,5.75,-73,1769791059,5,5
2026-01-30 08:39:06.180847,0x433abf20,13.24,73.75,5.75,-75,1769791134,3,3
2026-01-30 08:39:40.883424,0x433acb14,13.17125,73.75,5.0,-89,1769791168,3,3
2026-01-30 08:40:04.495432,0x433af380,13.1525,70.0,5.75,-38,1769791192,3,3
2026-01-30 08:40:08.445739,0x433aad0c,13.23875,66.25,6.0,-77,1769791196,3,3
2026-01-30 08:40:47.775242,0x433b0098,13.20875,60.0,5.5,-61,1769791235,2,2
2026-01-30 08:42:30.256289,0x433ad35c,13.23125,72.5,6.25,-53,1769791338,3,3
2026-01-30 08:42:53.186492,0x433b0b38,13.215,72.5,5.5,-73,1769791361,5,5
2026-01-30 08:44:07.162383,0x433abf20,13.24,75.0,5.5,-75,1769791435,3,3
2026-01-30 08:44:44.931393,0x433acb14,13.1775,66.25,5.0,-89,1769791472,3,3
2026-01-30 08:47:55.444621,0x433b0b38,13.215,76.25,5.75,-73,1769791663,5,5
2026-01-30 08:49:07.708035,0x433abf20,13.24,77.5,5.5,-75,1769791735,3,3
2026-01-30 08:49:46.757199,0x433acb14,13.1775,67.5,5.5,-73,1769791774,3,2
2026-01-30 08:50:09.173884,0x433aad0c,13.235,70.0,6.25,-77,1769791797,3,3
2026-01-30 08:50:49.416425,0x433b0098,13.19875,85.0,6.0,-60,1769791837,2,2
2026-01-30 08:52:31.954993,0x433ad35c,13.23375,65.0,6.25,-53,1769791939,3,3
2026-01-30 08:52:56.917508,0x433b0b38,13.21625,75.0,5.5,-73,1769791964,5,5
2026-01-30 08:54:08.729770,0x433abf20,13.24125,65.0,5.0,-75,1769792036,3,3
2026-01-30 08:54:45.467125,0x433acb14,13.175,65.0,5.0,-89,1769792073,3,3
2026-01-30 08:57:57.163616,0x433b0b38,13.22125,65.0,5.5,-73,1769792265,5,5
2026-01-30 08:59:09.375399,0x433abf20,13.24375,66.25,5.5,-76,1769792337,3,3
2026-01-30 08:59:48.515614,0x433acb14,13.1775,65.0,3.5,-91,1769792376,3,3
2026-01-30 09:00:10.559366,0x433aad0c,13.24125,65.0,6.0,-77,1769792398,3,3
2026-01-30 09:00:50.497378,0x433b0098,13.20875,61.25,5.75,-61,1769792438,2,2
2026-01-30 09:02:34.159190,0x433ad35c,13.23125,75.0,6.0,-53,1769792542,3,3
2026-01-30 09:02:59.792873,0x433b0b38,13.2225,63.75,5.5,-73,1769792567,5,5
2026-01-30 09:04:09.637321,0x433abf20,13.2225,136.25,5.5,-76,1769792637,3,3
2026-01-27 13:01:30.118556,0x433acb14,13.27875,63.75,3.5,-92,1769547684,3,3
2026-01-27 13:04:11.011821,0x433abf20,13.26625,72.5,6.5,-75,1769547845,3,3
2026-01-27 13:04:21.184868,0x433ad35c,13.28,62.5,5.5,-53,1769547855,3,3
2026-01-27 13:05:08.389327,0x433b0b38,13.25,62.5,6.0,-72,1769547903,5,5
2026-01-27 13:06:23.398547,0x433b0098,13.23125,71.25,5.75,-61,1769547978,2,2
2026-01-27 13:06:32.180178,0x433acb14,13.2775,62.5,3.75,-93,1769547986,3,3
2026-01-27 13:09:12.400230,0x433abf20,13.2675,73.75,5.75,-75,1769548147,3,3
2026-01-27 13:10:10.273156,0x433b0b38,13.25125,63.75,5.75,-73,1769548204,5,5
2026-01-27 13:11:33.397103,0x433acb14,13.275,73.75,4.25,-88,1769548288,3,3
2026-01-27 13:14:14.707499,0x433abf20,13.2725,63.75,5.75,-75,1769548449,3,3
2026-01-27 13:14:24.307652,0x433ad35c,13.28,61.25,6.25,-54,1769548458,3,3
2026-01-27 13:15:10.957716,0x433b0b38,13.245,75.0,6.0,-77,1769548505,5,5
2026-01-27 13:16:26.414989,0x433b0098,13.24,58.75,5.75,-60,1769548581,2,2
2026-01-27 13:16:34.487383,0x433acb14,13.27875,65.0,4.75,-90,1769548589,3,3
2026-01-27 13:19:14.264396,0x433abf20,13.2725,62.5,6.0,-75,1769548748,3,3
2026-01-27 13:20:12.980979,0x433b0b38,13.25,61.25,6.25,-73,1769548807,5,5
2026-01-27 13:21:35.191521,0x433acb14,13.27625,82.5,4.25,-86,1769548889,3,3
2026-01-27 13:24:15.541570,0x433abf20,13.2725,61.25,6.0,-76,1769549050,3,3
2026-01-27 13:24:26.302134,0x433ad35c,13.2775,72.5,6.5,-53,1769549060,3,3
2026-01-27 13:25:13.801104,0x433b0b38,13.25125,62.5,6.0,-71,1769549108,5,5
2026-01-27 13:26:29.328021,0x433b0098,13.2425,61.25,7.0,-60,1769549183,2,2
2026-01-27 13:26:36.982019,0x433acb14,13.27625,72.5,0.75,-96,1769549191,3,3
2026-01-27 13:29:18.044622,0x433abf20,13.27125,62.5,5.25,-77,1769549352,3,3
2026-01-27 13:29:43.777127,0x433af380,13.2,92.5,6.0,-38,1769549378,3,3
2026-01-27 13:30:18.055231,0x433b0b38,13.25125,60.0,6.0,-72,1769549412,5,5
2026-01-27 13:31:42.747750,0x433acb14,13.28,66.25,4.25,-87,1769549497,3,3
2026-01-27 13:34:21.398842,0x433abf20,13.27,73.75,6.0,-76,1769549655,3,3
2026-01-27 13:34:29.055323,0x433ad35c,13.2825,63.75,6.5,-54,1769549663,3,3
2026-01-27 13:35:17.689190,0x433b0b38,13.2475,75.0,5.5,-73,1769549712,5,5
2026-01-27 13:36:33.515944,0x433b0098,13.24125,58.75,6.0,-61,1769549788,2,2
2026-01-27 13:36:41.280788,0x433acb14,13.27875,63.75,1.0,-96,1769549795,3,3
2026-01-27 13:39:20.082696,0x433abf20,13.275,62.5,5.75,-76,1769549954,3,3
2026-01-27 13:40:19.162345,0x433b0b38,13.2475,75.0,5.75,-69,1769550013,5,5
2026-01-27 13:41:40.797445,0x433acb14,13.2775,75.0,3.0,-93,1769550095,3,3
2026-01-27 13:44:21.481324,0x433abf20,13.27125,77.5,6.0,-77,1769550256,3,3
2026-01-27 13:44:32.120100,0x433ad35c,13.28125,63.75,6.75,-54,1769550266,3,3
2026-01-27 13:45:18.618280,0x433b0b38,13.2475,73.75,6.25,-70,1769550313,5,5
2026-01-27 13:46:35.467608,0x433b0098,13.23625,71.25,6.5,-62,1769550390,2,2
2026-01-27 13:46:43.002668,0x433acb14,13.28,62.5,-5.0,-104,1769550397,3,3
2026-01-27 13:49:23.661160,0x433abf20,13.275,63.75,5.75,-75,1769550558,3,3
2026-01-27 13:50:20.878443,0x433b0b38,13.2525,58.75,6.25,-72,1769550615,5,5
2026-01-27 13:51:45.832930,0x433acb14,13.275,76.25,3.5,-91,1769550700,3,3
2026-01-27 13:54:23.798474,0x433abf20,13.27375,62.5,5.5,-76,1769550858,3,3
2026-01-27 13:54:33.253349,0x433ad35c,13.2825,65.0,5.75,-54,1769550867,3,3
2026-01-27 13:55:21.219478,0x433b0b38,13.2525,63.75,5.5,-72,1769550915,5,5
2026-01-27 13:56:37.144737,0x433b0098,13.2375,72.5,5.75,-61,1769550991,2,2
2026-01-27 13:56:44.915634,0x433acb14,13.2825,65.0,2.5,-94,1769550999,3,3
2026-01-27 13:59:24.901314,0x433abf20,13.27,73.75,5.5,-76,1769551159,3,3
2026-01-27 14:00:23.711791,0x433b0b38,13.24875,71.25,6.0,-72,1769551218,5,5
2026-02-02 05:10:43.860309,0x433ad35c,13.0775,77.5,5.75,-54,1770037824,3,3
2026-02-02 05:11:17.592275,0x433b0b38,13.09625,75.0,5.25,-72,1770037858,5,5
2026-02-02 05:12:31.599484,0x433abf20,13.2225,77.5,5.5,-76,1770037932,3,3
2026-02-02 05:13:03.674854,0x433acb14,13.10125,66.25,5.0,-86,1770037964,3,3
2026-02-02 05:14:03.355808,0x433b0098,13.2,58.75,6.0,-59,1770038024,2,2
2026-02-02 05:16:19.021403,0x433b0b38,13.09375,76.25,5.75,-72,1770038159,5,5
2026-02-02 05:17:32.049141,0x433abf20,13.2225,75.0,5.75,-76,1770038232,3,3
2026-02-02 05:18:06.210104,0x433acb14,13.1,65.0,4.75,-85,1770038266,3,3
2026-02-02 05:18:30.541079,0x433aad0c,13.23,62.5,5.5,-76,1770038291,3,3
2026-02-02 05:20:46.069113,0x433ad35c,13.07375,77.5,6.25,-54,1770038426,3,3
2026-02-02 05:21:21.646476,0x433b0b38,13.0975,62.5,5.75,-73,1770038462,5,5
2026-02-02 05:22:33.899832,0x433abf20,13.2225,63.75,5.75,-76,1770038534,3,3
2026-02-02 05:23:06.967505,0x433acb14,13.09375,82.5,4.25,-85,1770038567,3,3
2026-02-02 05:24:03.845670,0x433b0098,13.19375,72.5,6.25,-60,1770038624,2,2
2026-02-02 05:26:23.178754,0x433b0b38,13.0975,76.25,6.0,-73,1770038763,5,5
2026-02-02 05:27:34.668294,0x433abf20,13.22,76.25,5.25,-76,1770038835,3,3
2026-02-02 05:28:09.803697,0x433acb14,13.09875,66.25,4.25,-85,1770038870,3,3
2026-02-02 05:28:32.367371,0x433aad0c,13.22625,71.25,5.75,-75,1770038893,3,3
2026-02-02 05:30:50.027501,0x433ad35c,13.0725,76.25,6.0,-54,1770039030,3,3
2026-02-02 05:31:23.791611,0x433b0b38,13.09375,72.5,5.75,-72,1770039064,5,5
2026-02-02 05:32:34.860697,0x433abf20,13.21875,75.0,5.5,-75,1770039135,3,3
2026-02-02 05:33:09.515511,0x433acb14,13.09875,65.0,4.0,-85,1770039170,3,3
2026-02-02 05:34:05.663228,0x433b0098,13.2,63.75,6.25,-60,1770039226,2,2
2026-02-02 05:36:25.032482,0x433b0b38,13.0975,58.75,5.75,-73,1770039365,5,5
2026-02-02 05:37:38.414806,0x433abf20,13.22125,63.75,6.0,-75,1770039439,3,3
2026-02-02 05:38:10.464692,0x433acb14,13.09875,63.75,5.0,-86,1770039471,3,3
2026-02-02 05:38:40.102012,0x433aad0c,13.23125,65.0,5.5,-76,1770039500,3,3
2026-02-02 05:40:50.301804,0x433ad35c,13.07625,67.5,6.0,-53,1770039630,3,3
2026-02-02 05:41:26.330742,0x433b0b38,13.09375,76.25,5.75,-72,1770039667,5,5
2026-02-02 05:42:39.654092,0x433abf20,13.22375,65.0,5.75,-76,1770039740,3,3
2026-02-02 05:43:14.722771,0x433acb14,13.095,71.25,4.75,-84,1770039775,3,3
2026-02-02 05:44:07.897716,0x433b0098,13.1925,71.25,5.75,-59,1770039828,2,2
2026-02-02 05:46:27.417772,0x433b0b38,13.09625,65.0,5.75,-73,1770039968,5,5
2026-02-02 05:47:39.793676,0x433abf20,13.22375,63.75,5.75,-75,1770040040,3,3
2026-02-02 05:48:13.003386,0x433acb14,13.095,78.75,4.25,-85,1770040073,3,3
2026-02-02 05:48:38.455242,0x433aad0c,13.22625,60.0,5.25,-76,1770040099,3,3
2026-02-02 05:49:03.824036,0x433af380,12.99,71.25,6.0,-38,1770040124,3,3
2026-02-02 05:50:54.192502,0x433ad35c,13.0775,63.75,6.25,-54,1770040234,3,3
2026-02-02 05:51:28.799313,0x433b0b38,13.09375,77.5,6.25,-73,1770040269,5,5
2026-02-02 05:52:39.816428,0x433abf20,13.22,90.0,6.0,-76,1770040340,3,3
2026-02-02 05:53:14.305065,0x433acb14,13.09375,73.75,4.5,-85,1770040374,3,3
2026-02-02 05:54:08.718494,0x433b0098,13.19375,75.0,6.5,-59,1770040429,2,2
2026-02-02 05:56:29.304081,0x433b0b38,13.09,70.0,6.0,-72,1770040569,5,5
2026-02-02 05:57:41.245687,0x433abf20,13.22375,65.0,5.5,-75,1770040641,3,3
2026-02-02 05:58:15.568764,0x433acb14,13.095,65.0,4.75,-86,1770040676,3,3
2026-02-02 05:58:42.624077,0x433aad0c,13.22625,60.0,5.75,-76,1770040703,3,3
2026-02-02 06:00:55.653344,0x433ad35c,13.07625,66.25,6.5,-53,1770040836,3,3
2026-02-02 06:01:30.567381,0x433b0b38,13.095,66.25,5.5,-72,1770040871,5,5
2026-02-02 06:02:42.205751,0x433abf20,13.22375,65.0,5.75,-76,1770040942,3,3
2026-02-02 06:03:17.344264,0x433acb14,13.0975,62.5,4.75,-85,1770040977,3,3
2026-02-02 06:04:11.193851,0x433b0098,13.19125,70.0,6.25,-60,1770041031,2,2
2026-02-02 06:06:31.829388,0x433b0b38,13.09625,62.5,5.75,-72,1770041172,5,5
2026-02-02 06:07:41.799268,0x433abf20,13.22,75.0,5.75,-75,1770041242,3,3
2026-02-02 06:08:20.549775,0x433acb14,13.09125,87.5,5.0,-85,1770041281,3,3
2026-02-03 06:09:44.190455,0x433acb14,13.085,68.75,5.0,-85,1770127762,3,3
2026-02-03 06:12:18.495003,0x433abf20,13.11625,70.0,5.75,-76,1770127916,3,3
2026-02-03 06:13:01.998011,0x433b0b38,13.06375,65.0,5.5,-72,1770127960,5,5
2026-02-03 06:14:46.174579,0x433acb14,13.08375,67.5,4.25,-85,1770128064,3,3
2026-02-03 06:15:18.199373,0x433aad0c,13.22125,60.0,5.25,-75,1770128096,3,3
2026-02-03 06:17:18.311395,0x433abf20,13.115,68.75,5.5,-76,1770128216,3,3
2026-02-03 06:17:28.662134,0x433ad35c,13.06625,67.5,7.0,-54,1770128226,3,3
2026-02-03 06:18:02.298081,0x433b0b38,13.05875,70.0,5.75,-72,1770128260,5,5
2026-02-03 06:18:58.379410,0x433b0098,13.1825,75.0,6.25,-60,1770128316,2,2
2026-02-03 06:19:46.722307,0x433acb14,13.085,66.25,4.5,-85,1770128364,3,3
2026-02-03 06:22:19.374653,0x433abf20,13.11875,67.5,5.25,-76,1770128517,3,3
2026-02-03 06:23:02.916930,0x433b0b38,13.065,56.25,6.25,-72,1770128560,5,5
2026-02-03 06:24:48.776611,0x433acb14,13.0825,66.25,5.75,-86,1770128666,3,3
2026-02-03 06:25:19.180749,0x433aad0c,13.22125,65.0,5.25,-75,1770128697,3,3
2026-02-03 06:27:20.983825,0x433abf20,13.1175,60.0,5.5,-76,1770128819,3,3
2026-02-03 06:27:32.606342,0x433ad35c,13.06375,76.25,6.75,-53,1770128830,3,3
2026-02-03 06:28:05.085000,0x433b0b38,13.065,63.75,6.0,-72,1770128863,5,5
2026-02-03 06:29:00.504828,0x433b0098,13.1875,60.0,6.0,-60,1770128918,2,2
2026-02-03 06:29:49.934525,0x433acb14,13.0825,75.0,4.75,-86,1770128968,3,3
2026-02-03 06:32:20.352061,0x433abf20,13.11875,67.5,5.5,-76,1770129118,3,3
2026-02-03 06:33:05.430651,0x433b0b38,13.06375,63.75,5.75,-71,1770129163,5,5
2026-02-03 06:34:52.714170,0x433acb14,13.0825,66.25,5.25,-85,1770129270,3,3
2026-02-03 06:35:23.028282,0x433aad0c,13.21625,75.0,5.25,-76,1770129301,3,3
2026-02-03 06:37:20.548703,0x433abf20,13.1175,66.25,5.75,-75,1770129418,3,3
2026-02-03 06:37:34.452286,0x433ad35c,13.065,66.25,7.0,-55,1770129432,3,3
2026-02-03 06:38:06.460066,0x433b0b38,13.06375,65.0,6.25,-71,1770129464,5,5
2026-02-03 06:39:03.726223,0x433b0098,13.1875,63.75,5.5,-60,1770129521,2,2
2026-02-03 06:39:52.125467,0x433acb14,13.085,66.25,5.25,-86,1770129570,3,3
2026-02-03 06:42:23.238497,0x433abf20,13.11875,67.5,5.5,-76,1770129721,3,3
2026-02-03 06:43:12.485473,0x433b0b38,13.065,66.25,5.75,-72,1770129770,5,5
2026-02-03 06:44:55.325657,0x433acb14,13.08,73.75,4.75,-86,1770129873,3,3
2026-02-03 06:45:23.841640,0x433aad0c,13.22,61.25,5.75,-75,1770129901,3,3
2026-02-03 06:47:23.175824,0x433abf20,13.09625,126.25,5.0,-75,1770130021,3,3
2026-02-03 06:47:36.545669,0x433ad35c,13.0625,77.5,6.0,-54,1770130034,3,3
2026-02-03 06:48:09.677864,0x433b0b38,13.0625,72.5,5.75,-72,1770130067,5,5
2026-02-03 06:49:04.468811,0x433b0098,13.18625,60.0,6.25,-60,1770130122,2,2
2026-02-03 06:49:55.684473,0x433acb14,13.08125,63.75,4.75,-85,1770130173,3,3
2026-02-03 06:52:20.246741,0x433af380,12.96,83.75,6.5,-38,1770130318,3,3
2026-02-03 06:52:25.315328,0x433abf20,13.09375,133.75,5.5,-76,1770130323,3,3
2026-02-03 06:53:11.124903,0x433b0b38,13.06375,66.25,5.5,-71,1770130369,5,5
2026-02-03 06:54:58.063698,0x433acb14,13.0825,66.25,4.25,-85,1770130476,3,3
2026-02-03 06:55:28.321704,0x433aad0c,13.21625,73.75,5.25,-75,1770130506,3,3
2026-02-03 06:57:24.981093,0x433abf20,13.11125,92.5,5.5,-75,1770130623,3,3
2026-02-03 06:57:38.736096,0x433ad35c,13.065,66.25,5.75,-54,1770130636,3,3
2026-02-03 06:58:11.447144,0x433b0b38,13.065,63.75,5.75,-71,1770130669,5,5
2026-02-03 06:59:05.644658,0x433b0098,13.185,62.5,5.75,-59,1770130723,2,2
2026-02-03 06:59:57.758214,0x433acb14,13.05875,133.75,5.0,-85,1770130775,3,3
2026-02-03 07:02:25.953167,0x433abf20,13.11,75.0,5.5,-75,1770130923,3,3
2026-02-03 07:03:13.733736,0x433b0b38,13.06375,63.75,6.0,-72,1770130971,5,5
2026-02-03 07:04:59.350170,0x433acb14,13.0775,78.75,6.0,-85,1770131077,3,3
2026-02-03 07:05:30.383495,0x433aad0c,13.22125,63.75,5.75,-75,1770131108,3,3
2026-02-03 07:07:26.479491,0x433abf20,13.1125,76.25,5.75,-75,1770131224,3,3
2026-02-03 07:07:42.201339,0x433ad35c,13.06625,66.25,7.25,-53,1770131240,3,3
2026-02-03 07:08:15.807117,0x433b0b38,13.065,65.0,6.0,-72,1770131273,5,5
2026-02-03 07:09:06.309294,0x433b0098,13.17875,76.25,5.75,-59,1770131324,2,2
2026-01-30 22:06:03.047626,0x433ad35c,13.23375,63.75,6.75,-53,1769839549,3,3
2026-01-30 22:06:29.718193,0x433b0b38,13.24375,63.75,5.75,-73,1769839576,5,5
2026-01-30 22:06:35.938547,0x433abf20,13.26125,58.75,5.25,-76,1769839582,3,3
2026-01-30 22:08:18.199897,0x433acb14,13.18,65.0,5.5,-86,1769839684,3,3
2026-01-30 22:11:29.406977,0x433b0b38,13.2425,61.25,5.25,-73,1769839875,5,5
2026-01-30 22:11:38.167811,0x433abf20,13.26,66.25,5.75,-76,1769839884,3,3
2026-01-30 22:13:19.635568,0x433acb14,13.17625,63.75,5.25,-86,1769839986,3,3
2026-01-30 22:13:22.883399,0x433b0098,13.2325,75.0,5.5,-60,1769839989,2,2
2026-01-30 22:13:43.213367,0x433aad0c,13.2575,75.0,5.5,-76,1769840009,3,3
2026-01-30 22:16:06.020246,0x433ad35c,13.23125,61.25,6.25,-54,1769840152,3,3
2026-01-30 22:16:31.512551,0x433b0b38,13.2425,62.5,5.5,-74,1769840178,5,5
2026-01-30 22:16:38.536515,0x433abf20,13.25625,73.75,5.5,-76,1769840185,3,3
2026-01-30 22:18:20.022476,0x433acb14,13.17625,66.25,6.25,-86,1769840286,3,3
2026-01-30 22:21:32.769480,0x433b0b38,13.2375,76.25,5.0,-73,1769840479,5,5
2026-01-30 22:21:39.311023,0x433abf20,13.25625,76.25,5.75,-76,1769840485,3,3
2026-01-30 22:23:21.283663,0x433acb14,13.18,67.5,6.0,-86,1769840587,3,3
2026-01-30 22:23:25.274478,0x433b0098,13.235,60.0,6.25,-60,1769840591,2,2
2026-01-30 22:23:46.423904,0x433aad0c,13.255,71.25,5.75,-75,1769840612,3,3
2026-01-30 22:26:07.994830,0x433ad35c,13.23125,63.75,6.5,-53,1769840754,3,3
2026-01-30 22:26:34.136255,0x433b0b38,13.2425,65.0,5.75,-74,1769840780,5,5
2026-01-30 22:26:40.122503,0x433abf20,13.25625,87.5,5.5,-76,1769840786,3,3
2026-01-30 22:28:23.094067,0x433acb14,13.175,78.75,6.0,-87,1769840889,3,3
2026-01-30 22:31:38.604841,0x433b0b38,13.23375,70.0,5.75,-73,1769841085,5,5
2026-01-30 22:31:41.102964,0x433abf20,13.25875,61.25,6.5,-76,1769841087,3,3
2026-01-30 22:33:25.837271,0x433b0098,13.23625,63.75,6.0,-60,1769841192,2,2
2026-01-30 22:33:28.461759,0x433acb14,13.1725,77.5,6.25,-87,1769841194,3,3
2026-01-30 22:33:49.097525,0x433aad0c,13.25875,65.0,5.5,-76,1769841215,3,3
2026-01-30 22:36:10.331265,0x433ad35c,13.2275,63.75,6.25,-54,1769841356,3,3
2026-01-30 22:36:36.893215,0x433b0b38,13.23875,57.5,5.25,-74,1769841383,5,5
2026-01-30 22:36:41.430224,0x433abf20,13.255,72.5,5.25,-76,1769841387,3,3
2026-01-30 22:38:26.108191,0x433acb14,13.17,76.25,6.25,-86,1769841492,3,3
2026-01-30 22:41:39.075498,0x433b0b38,13.24,63.75,5.75,-73,1769841685,5,5
2026-01-30 22:41:45.028406,0x433abf20,13.25375,77.5,5.75,-77,1769841691,3,3
2026-01-30 22:42:00.242584,0x433af380,13.1825,70.0,6.25,-38,1769841706,3,3
2026-01-30 22:43:27.859390,0x433b0098,13.23625,60.0,5.75,-60,1769841794,2,2
2026-01-30 22:43:30.207121,0x433acb14,13.17625,63.75,6.25,-86,1769841796,3,3
2026-01-30 22:43:50.476635,0x433aad0c,13.25875,58.75,6.0,-76,1769841816,3,3
2026-01-30 22:46:12.262663,0x433ad35c,13.2275,66.25,6.25,-53,1769841958,3,3
2026-01-30 22:46:40.110135,0x433b0b38,13.23375,75.0,5.75,-73,1769841986,5,5
2026-01-30 22:46:45.325760,0x433abf20,13.2575,61.25,5.25,-76,1769841991,3,3
2026-01-30 22:48:28.676902,0x433acb14,13.17,73.75,5.75,-86,1769842095,3,3
2026-01-30 22:51:40.598859,0x433b0b38,13.2375,63.75,5.75,-74,1769842287,5,5
2026-01-30 22:51:47.939174,0x433abf20,13.25625,73.75,5.75,-77,1769842294,3,3
2026-01-30 22:53:27.465772,0x433b0098,13.2325,61.25,5.5,-59,1769842393,2,2
2026-01-30 22:53:31.634213,0x433acb14,13.17375,66.25,6.0,-86,1769842398,3,3
2026-01-30 22:53:55.213221,0x433aad0c,13.25625,63.75,5.25,-76,1769842421,3,3
2026-01-30 22:56:17.282024,0x433ad35c,13.22625,65.0,6.25,-53,1769842563,3,3
2026-01-30 22:56:42.902062,0x433b0b38,13.23375,72.5,5.5,-74,1769842589,5,5
2026-01-30 22:56:48.198860,0x433abf20,13.25875,66.25,6.5,-77,1769842594,3,3
2026-01-30 22:58:31.270016,0x433acb14,13.1725,65.0,6.0,-86,1769842697,3,3
2026-01-30 23:01:48.306619,0x433b0b38,13.2325,71.25,5.5,-73,1769842894,5,5
2026-01-30 23:01:51.479869,0x433abf20,13.25625,70.0,5.5,-77,1769842897,3,3
2026-01-30 23:03:28.697283,0x433b0098,13.2225,65.0,6.5,-59,1769842995,2,2
2026-01-30 23:03:33.246802,0x433acb14,13.16125,77.5,5.75,-87,1769842999,3,3
2026-01-30 23:03:56.349719,0x433aad0c,13.2525,71.25,5.25,-76,1769843022,3,3
2026-02-02 03:10:12.317232,0x433ad35c,13.08625,62.5,5.75,-53,1770030593,3,3
2026-02-02 03:10:49.277031,0x433b0b38,13.1075,70.0,5.75,-72,1770030630,5,5
2026-02-02 03:12:10.920432,0x433abf20,13.23125,65.0,5.75,-76,1770030711,3,3
2026-02-02 03:12:32.847268,0x433acb14,13.08125,143.75,4.5,-85,1770030733,3,3
2026-02-02 03:13:35.244634,0x433b0098,13.2075,60.0,6.5,-60,1770030796,2,2
2026-02-02 03:15:52.029024,0x433b0b38,13.10625,76.25,5.5,-72,1770030932,5,5
2026-02-02 03:17:11.549875,0x433abf20,13.2275,77.5,5.25,-75,1770031012,3,3
2026-02-02 03:17:32.732943,0x433acb14,13.0825,131.25,5.75,-86,1770031033,3,3
2026-02-02 03:17:58.426336,0x433aad0c,13.23125,82.5,5.25,-76,1770031059,3,3
2026-02-02 03:20:13.525838,0x433ad35c,13.0825,72.5,6.0,-52,1770031194,3,3
2026-02-02 03:20:52.148017,0x433b0b38,13.11,58.75,5.75,-72,1770031233,5,5
2026-02-02 03:22:13.117892,0x433abf20,13.23125,63.75,5.5,-75,1770031314,3,3
2026-02-02 03:22:34.442229,0x433acb14,13.105,65.0,4.5,-87,1770031335,3,3
2026-02-02 03:23:38.485625,0x433b0098,13.20875,63.75,6.0,-60,1770031399,2,2
2026-02-02 03:25:52.144103,0x433b0b38,13.1075,68.75,5.5,-72,1770031533,5,5
2026-02-02 03:27:14.367857,0x433abf20,13.23125,61.25,5.5,-76,1770031615,3,3
2026-02-02 03:27:36.238667,0x433acb14,13.09875,91.25,5.25,-87,1770031637,3,3
2026-02-02 03:28:00.953637,0x433aad0c,13.23375,62.5,5.5,-76,1770031661,3,3
2026-02-02 03:30:15.470089,0x433ad35c,13.085,66.25,5.75,-53,1770031796,3,3
2026-02-02 03:30:52.278297,0x433b0b38,13.105,70.0,5.75,-72,1770031833,5,5
2026-02-02 03:32:36.256267,0x433acb14,13.105,63.75,4.0,-87,1770031937,3,3
2026-02-02 03:33:38.936354,0x433b0098,13.20375,77.5,7.0,-60,1770031999,2,2
2026-02-02 03:35:53.614427,0x433b0b38,13.10875,58.75,5.75,-72,1770032134,5,5
2026-02-02 03:37:14.938229,0x433abf20,13.225,76.25,5.25,-76,1770032215,3,3
2026-02-02 03:38:04.389993,0x433aad0c,13.235,60.0,5.25,-76,1770032265,3,3
2026-02-02 03:40:18.053780,0x433ad35c,13.085,62.5,6.0,-53,1770032398,3,3
2026-02-02 03:40:54.897770,0x433b0b38,13.11,63.75,5.75,-72,1770032435,5,5
2026-02-02 03:42:15.648324,0x433abf20,13.22625,75.0,5.5,-76,1770032516,3,3
2026-02-02 03:42:43.596621,0x433acb14,13.1,73.75,4.25,-87,1770032544,3,3
2026-02-02 03:43:42.881415,0x433b0098,13.20375,58.75,7.0,-61,1770032603,2,2
2026-02-02 03:45:56.906871,0x433b0b38,13.11,65.0,5.5,-72,1770032737,5,5
2026-02-02 03:47:16.174303,0x433abf20,13.22875,65.0,5.5,-75,1770032817,3,3
2026-02-02 03:47:42.816858,0x433acb14,13.105,67.5,4.25,-87,1770032843,3,3
2026-02-02 03:48:07.164200,0x433aad0c,13.23125,73.75,5.25,-76,1770032868,3,3
2026-02-02 03:48:47.658423,0x433af380,13.00125,68.75,6.25,-38,1770032908,3,3
2026-02-02 03:50:21.332224,0x433ad35c,13.0825,61.25,6.0,-53,1770033002,3,3
2026-02-02 03:50:58.132786,0x433b0b38,13.10625,60.0,5.75,-71,1770033039,5,5
2026-02-02 03:52:16.472466,0x433abf20,13.2275,61.25,5.0,-76,1770033117,3,3
2026-02-02 03:52:42.288817,0x433acb14,13.1,78.75,4.5,-88,1770033143,3,3
2026-02-02 03:53:44.728383,0x433b0098,13.2,72.5,6.75,-59,1770033205,2,2
2026-02-02 03:55:58.442680,0x433b0b38,13.105,62.5,5.75,-72,1770033339,5,5
2026-02-02 03:57:17.244127,0x433abf20,13.22875,63.75,5.5,-76,1770033418,3,3
2026-02-02 03:57:44.366664,0x433acb14,13.09875,77.5,6.5,-86,1770033445,3,3
2026-02-02 03:58:09.403810,0x433aad0c,13.23,71.25,5.5,-77,1770033470,3,3
2026-02-02 04:00:24.138573,0x433ad35c,13.0825,61.25,6.75,-52,1770033604,3,3
2026-02-02 04:01:00.540849,0x433b0b38,13.10625,63.75,6.0,-73,1770033641,5,5
2026-02-02 04:02:18.522805,0x433abf20,13.23,66.25,5.5,-75,1770033719,3,3
2026-02-02 04:02:45.049152,0x433acb14,13.10375,62.5,6.25,-87,1770033745,3,3
2026-02-02 04:03:47.853880,0x433b0098,13.205,63.75,6.0,-59,1770033808,2,2
2026-02-02 04:06:01.550411,0x433b0b38,13.1025,70.0,5.5,-72,1770033942,5,5
2026-02-02 04:07:18.308106,0x433abf20,13.2275,62.5,5.5,-76,1770034019,3,3
2026-02-02 04:07:46.718326,0x433acb14,13.1025,65.0,5.0,-86,1770034047,3,3
2026-02-02 04:08:11.479627,0x433aad0c,13.2325,58.75,5.25,-76,1770034072,3,3
2026-01-29 13:04:26.757747,0x433acb14,13.21,126.25,6.0,-61,1769720656,3,2
2026-01-29 13:04:49.311000,0x433aad0c,13.2525,62.5,2.0,-90,1769720679,3,3
2026-01-29 13:05:23.101512,0x433abf20,13.265,62.5,5.5,-75,1769720713,3,3
2026-01-29 13:07:15.473472,0x433ad35c,13.27,73.75,6.0,-54,1769720825,3,3
2026-01-29 13:07:18.805852,0x433b0098,13.235,62.5,6.25,-62,1769720828,2,2
2026-01-29 13:07:41.041481,0x433b0b38,13.23875,75.0,5.75,-73,1769720850,5,5
2026-01-29 13:09:27.547094,0x433acb14,13.23375,65.0,2.75,-94,1769720957,3,3
2026-01-29 13:10:25.127669,0x433abf20,13.26125,75.0,5.75,-75,1769721015,3,3
2026-01-29 13:12:41.157148,0x433b0b38,13.24125,61.25,6.0,-73,1769721151,5,5
2026-01-29 13:14:29.338527,0x433acb14,13.23,77.5,-1.75,-94,1769721259,3,3
2026-01-29 13:14:52.794569,0x433aad0c,13.2475,68.75,3.25,-91,1769721282,3,3
2026-01-29 13:15:24.330630,0x433abf20,13.26625,92.5,6.0,-74,1769721314,3,3
2026-01-29 13:17:16.972133,0x433ad35c,13.27,71.25,6.0,-53,1769721426,3,3
2026-01-29 13:17:20.070821,0x433b0098,13.23875,53.75,6.75,-61,1769721429,2,2
2026-01-29 13:17:45.951515,0x433b0b38,13.24375,61.25,6.25,-72,1769721455,5,5
2026-01-29 13:19:32.012426,0x433acb14,13.23375,65.0,-16.25,-98,1769721561,3,3
2026-01-29 13:20:27.146712,0x433abf20,13.26875,63.75,5.75,-76,1769721617,3,3
2026-01-29 13:22:44.704370,0x433b0b38,13.245,61.25,6.0,-72,1769721754,5,5
2026-01-29 13:24:34.652291,0x433acb14,13.235,61.25,6.0,-72,1769721864,3,2
2026-01-29 13:24:55.788856,0x433aad0c,13.24875,73.75,4.0,-92,1769721885,3,3
2026-01-29 13:25:27.376692,0x433abf20,13.2475,122.5,5.75,-74,1769721917,3,3
2026-01-29 13:27:20.344545,0x433ad35c,13.27375,62.5,6.0,-53,1769722030,3,3
2026-01-29 13:27:24.844132,0x433b0098,13.23125,72.5,5.5,-61,1769722034,2,2
2026-01-29 13:27:46.531244,0x433b0b38,13.2425,58.75,5.75,-73,1769722056,5,5
2026-01-29 13:29:31.537514,0x433acb14,13.235,66.25,2.0,-95,1769722161,3,3
2026-01-29 13:30:29.365167,0x433abf20,13.26875,63.75,5.5,-75,1769722219,3,3
2026-01-29 13:32:49.285319,0x433b0b38,13.245,62.5,6.25,-74,1769722359,5,5
2026-01-29 13:34:37.389079,0x433acb14,13.23375,76.25,3.0,-91,1769722467,3,3
2026-01-29 13:34:58.727932,0x433aad0c,13.25375,57.5,3.25,-90,1769722488,3,3
2026-01-29 13:35:29.943757,0x433abf20,13.26875,62.5,6.75,-77,1769722519,3,3
2026-01-29 13:37:25.354061,0x433b0098,13.22875,81.25,6.25,-61,1769722635,2,2
2026-01-29 13:37:31.852447,0x433ad35c,13.2775,63.75,6.5,-54,1769722641,3,3
2026-01-29 13:37:42.758857,0x433af380,13.185,83.75,6.75,-38,1769722652,3,3
2026-01-29 13:37:47.403771,0x433b0b38,13.245,57.5,5.75,-74,1769722657,5,5
2026-01-29 13:39:38.907191,0x433acb14,13.21125,126.25,3.75,-88,1769722768,3,3
2026-01-29 13:40:37.594866,0x433abf20,13.24875,126.25,5.5,-75,1769722827,3,3
2026-01-29 13:42:49.037968,0x433b0b38,13.24875,61.25,5.75,-73,1769722958,5,5
2026-01-29 13:44:37.560873,0x433acb14,13.23625,65.0,4.25,-92,1769723067,3,3
2026-01-29 13:45:00.346732,0x433aad0c,13.2525,76.25,3.25,-91,1769723090,3,3
2026-01-29 13:45:30.646028,0x433abf20,13.27,60.0,6.0,-74,1769723120,3,3
2026-01-29 13:47:29.276038,0x433ad35c,13.27625,61.25,6.5,-53,1769723239,3,3
2026-01-29 13:47:30.271014,0x433b0098,13.235,71.25,1.75,-73,1769723240,2,1
2026-01-29 13:47:50.668487,0x433b0b38,13.24875,65.0,7.0,-73,1769723260,5,5
2026-01-29 13:49:37.944102,0x433acb14,13.2325,75.0,4.0,-91,1769723367,3,3
2026-01-29 13:50:32.801498,0x433abf20,13.26125,76.25,5.75,-75,1769723422,3,3
2026-01-29 13:52:51.790472,0x433b0b38,13.2475,58.75,5.75,-74,1769723561,5,5
2026-01-29 13:54:40.426296,0x433acb14,13.23625,63.75,4.25,-88,1769723670,3,3
2026-01-29 13:55:03.889705,0x433aad0c,13.25875,60.0,4.0,-90,1769723693,3,3
2026-01-29 13:55:32.985520,0x433abf20,13.26875,62.5,6.0,-76,1769723722,3,3
2026-01-29 13:57:30.146073,0x433b0098,13.205,130.0,6.5,-62,1769723839,2,2
2026-01-29 13:57:33.302883,0x433ad35c,13.275,70.0,7.0,-54,1769723843,3,3
2026-01-29 13:57:54.572646,0x433b0b38,13.25,56.25,5.75,-73,1769723864,5,5
2026-01-29 13:59:41.152347,0x433acb14,13.23625,66.25,1.0,-93,1769723970,3,3
2026-01-29 14:00:34.262657,0x433abf20,13.27,65.0,6.25,-75,1769724024,3,3
2026-01-29 14:02:53.515634,0x433b0b38,13.25125,58.75,6.75,-74,1769724163,5,5
2026-02-02 20:10:18.883701,0x433b0b38,13.1125,58.75,5.75,-72,1770091798,5,5
2026-02-02 20:10:21.592639,0x433abf20,13.20625,65.0,6.0,-77,1770091800,3,3
2026-02-02 20:12:11.344303,0x433acb14,13.13125,61.25,4.75,-90,1770091910,3,3
2026-02-02 20:12:36.317332,0x433aad0c,13.2575,71.25,5.25,-75,1770091935,3,3
2026-02-02 20:14:46.610952,0x433ad35c,13.1075,73.75,5.75,-52,1770092065,3,3
2026-02-02 20:15:17.968690,0x433b0b38,13.1125,60.0,5.5,-72,1770092097,5,5
2026-02-02 20:15:22.330016,0x433abf20,13.20625,62.5,5.5,-75,1770092101,3,3
2026-02-02 20:17:04.178425,0x433b0098,13.24,73.75,6.25,-61,1770092203,2,2
2026-02-02 20:17:06.465056,0x433acb14,13.12875,62.5,5.0,-90,1770092205,3,3
2026-02-02 20:20:19.231597,0x433b0b38,13.1125,60.0,5.5,-72,1770092398,5,5
2026-02-02 20:20:22.886953,0x433abf20,13.205,66.25,5.75,-76,1770092402,3,3
2026-02-02 20:22:07.564893,0x433acb14,13.13125,65.0,4.0,-90,1770092506,3,3
2026-02-02 20:22:38.398141,0x433aad0c,13.23375,140.0,5.75,-75,1770092537,3,3
2026-02-02 20:24:48.480684,0x433ad35c,13.11375,65.0,7.0,-53,1770092667,3,3
2026-02-02 20:25:21.341476,0x433b0b38,13.11125,61.25,6.25,-72,1770092700,5,5
2026-02-02 20:25:26.645699,0x433abf20,13.2025,63.75,5.5,-76,1770092705,3,3
2026-02-02 20:27:05.961915,0x433b0098,13.24125,72.5,5.75,-60,1770092805,2,2
2026-02-02 20:30:21.791436,0x433b0b38,13.1075,75.0,6.0,-72,1770093000,5,5
2026-02-02 20:30:24.815515,0x433abf20,13.2025,61.25,5.5,-75,1770093003,3,3
2026-02-02 20:32:10.130114,0x433acb14,13.13125,66.25,4.75,-89,1770093109,3,3
2026-02-02 20:32:42.656981,0x433aad0c,13.26125,62.5,5.75,-75,1770093141,3,3
2026-02-02 20:34:52.182797,0x433ad35c,13.11,78.75,5.75,-53,1770093271,3,3
2026-02-02 20:35:23.461061,0x433b0b38,13.11125,61.25,6.0,-72,1770093302,5,5
2026-02-02 20:35:27.359763,0x433abf20,13.17875,136.25,5.5,-76,1770093306,3,3
2026-02-02 20:37:09.356288,0x433b0098,13.245,63.75,6.0,-61,1770093408,2,2
2026-02-02 20:37:14.357894,0x433acb14,13.12625,72.5,4.0,-91,1770093413,3,3
2026-02-02 20:40:25.791708,0x433b0b38,13.11125,57.5,6.0,-72,1770093604,5,5
2026-02-02 20:40:31.823525,0x433abf20,13.19625,65.0,5.5,-75,1770093610,3,3
2026-02-02 20:42:16.899944,0x433acb14,13.13,65.0,4.25,-90,1770093715,3,3
2026-02-02 20:42:42.769650,0x433aad0c,13.25875,61.25,5.75,-75,1770093741,3,3
2026-02-02 20:44:55.524283,0x433ad35c,13.1125,61.25,6.25,-53,1770093874,3,3
2026-02-02 20:45:26.403116,0x433b0b38,13.11,65.0,5.75,-72,1770093905,5,5
2026-02-02 20:45:29.519326,0x433abf20,13.20125,65.0,5.75,-75,1770093908,3,3
2026-02-02 20:47:08.635684,0x433b0098,13.2425,63.75,6.0,-61,1770094007,2,2
2026-02-02 20:47:14.461406,0x433acb14,13.1275,67.5,4.5,-89,1770094013,3,3
2026-02-02 20:50:26.885607,0x433b0b38,13.09125,86.25,6.0,-72,1770094205,5,5
2026-02-02 20:50:32.590606,0x433abf20,13.19625,73.75,5.5,-76,1770094211,3,3
2026-02-02 20:50:54.750975,0x433af380,13.03875,70.0,6.75,-38,1770094233,3,3
2026-02-02 20:52:15.729495,0x433acb14,13.125,76.25,5.0,-89,1770094314,3,3
2026-02-02 20:52:44.097674,0x433aad0c,13.25625,72.5,5.5,-76,1770094343,3,3
2026-02-02 20:54:58.378094,0x433ad35c,13.1075,103.75,5.75,-53,1770094477,3,3
2026-02-02 20:55:30.654985,0x433b0b38,13.10875,62.5,1.5,-72,1770094509,5,5
2026-02-02 20:55:37.056102,0x433abf20,13.19375,75.0,5.5,-76,1770094516,3,3
2026-02-02 20:57:10.929833,0x433b0098,13.2425,61.25,6.25,-60,1770094609,2,2
2026-02-02 20:57:16.690439,0x433acb14,13.1275,63.75,5.25,-89,1770094615,3,3
2026-02-02 21:00:30.247435,0x433b0b38,13.10875,60.0,7.0,-73,1770094809,5,5
2026-02-02 21:00:34.671596,0x433abf20,13.1975,60.0,5.0,-75,1770094813,3,3
2026-02-02 21:02:19.602445,0x433acb14,13.125,82.5,5.0,-89,1770094918,3,3
2026-02-02 21:02:47.818583,0x433aad0c,13.25875,65.0,5.75,-75,1770094946,3,3
2026-02-02 21:05:00.833418,0x433ad35c,13.10625,71.25,6.25,-52,1770095079,3,3
2026-02-02 21:05:33.432964,0x433b0b38,13.1075,60.0,6.0,-72,1770095112,5,5
2026-02-02 21:05:36.426379,0x433abf20,13.1775,122.5,6.0,-76,1770095115,3,3
2026-02-02 21:07:11.565442,0x433b0098,13.24125,60.0,5.75,-60,1770095210,2,2
2026-02-02 21:07:21.072898,0x433acb14,13.1275,66.25,5.0,-90,1770095220,3,3
2026-01-27 06:02:19.823757,0x433abf20,13.255,66.25,5.5,-75,1769522535,3,3
2026-01-27 06:02:32.926692,0x433ad35c,13.25375,67.5,6.5,-54,1769522548,3,3
2026-01-27 06:03:14.954588,0x433b0b38,13.235,63.75,6.0,-71,1769522590,5,5
2026-01-27 06:04:36.434396,0x433b0098,13.2175,62.5,6.75,-60,1769522671,2,2
2026-01-27 06:04:41.262236,0x433acb14,13.2525,71.25,4.5,-85,1769522676,3,3
2026-01-27 06:07:21.825101,0x433abf20,13.2525,71.25,5.5,-75,1769522837,3,3
2026-01-27 06:08:17.187416,0x433b0b38,13.23625,53.75,5.75,-72,1769522892,5,5
2026-01-27 06:09:41.719146,0x433acb14,13.255,61.25,5.25,-85,1769522977,3,3
2026-01-27 06:12:22.352852,0x433abf20,13.25125,77.5,5.5,-75,1769523137,3,3
2026-01-27 06:12:32.314591,0x433ad35c,13.25,87.5,5.75,-55,1769523147,3,3
2026-01-27 06:13:19.073724,0x433b0b38,13.23875,62.5,6.0,-71,1769523194,5,5
2026-01-27 06:14:37.834733,0x433b0098,13.21625,58.75,6.5,-60,1769523273,2,2
2026-01-27 06:14:43.776868,0x433acb14,13.25625,66.25,4.75,-85,1769523279,3,3
2026-01-27 06:17:22.360873,0x433abf20,13.24875,72.5,5.75,-75,1769523437,3,3
2026-01-27 06:18:21.076854,0x433b0b38,13.235,57.5,5.5,-72,1769523496,5,5
2026-01-27 06:19:45.220454,0x433acb14,13.25375,61.25,4.75,-85,1769523580,3,3
2026-01-27 06:22:24.180309,0x433abf20,13.25375,66.25,5.75,-76,1769523739,3,3
2026-01-27 06:22:35.814961,0x433ad35c,13.25,73.75,6.25,-55,1769523751,3,3
2026-01-27 06:23:20.205011,0x433b0b38,13.23625,65.0,5.75,-72,1769523795,5,5
2026-01-27 06:24:39.033849,0x433b0098,13.21625,61.25,6.0,-60,1769523874,2,2
2026-01-27 06:24:45.441692,0x433acb14,13.25625,66.25,5.0,-85,1769523880,3,3
2026-01-27 06:27:24.939248,0x433abf20,13.25375,66.25,5.75,-75,1769524040,3,3
2026-01-27 06:28:22.248288,0x433b0b38,13.23625,57.5,5.5,-71,1769524097,5,5
2026-01-27 06:28:30.117580,0x433af380,13.185,72.5,6.5,-38,1769524105,3,3
2026-01-27 06:29:48.295528,0x433acb14,13.25625,67.5,5.25,-85,1769524183,3,3
2026-01-27 06:32:26.042695,0x433abf20,13.25375,62.5,5.75,-74,1769524341,3,3
2026-01-27 06:32:38.090991,0x433ad35c,13.25125,66.25,6.25,-55,1769524353,3,3
2026-01-27 06:33:25.949087,0x433b0b38,13.23125,85.0,6.0,-72,1769524401,5,5
2026-01-27 06:34:41.471768,0x433b0098,13.21,71.25,6.5,-60,1769524476,2,2
2026-01-27 06:34:48.623477,0x433acb14,13.2575,63.75,5.25,-85,1769524483,3,3
2026-01-27 06:37:30.541996,0x433abf20,13.25125,66.25,5.75,-75,1769524645,3,3
2026-01-27 06:38:24.423630,0x433b0b38,13.2325,75.0,5.75,-71,1769524699,5,5
2026-01-27 06:39:50.225598,0x433acb14,13.255,65.0,5.5,-85,1769524785,3,3
2026-01-27 06:42:31.140153,0x433abf20,13.25125,65.0,5.75,-76,1769524946,3,3
2026-01-27 06:42:40.158395,0x433ad35c,13.2475,77.5,6.25,-55,1769524955,3,3
2026-01-27 06:43:26.453643,0x433b0b38,13.2375,63.75,5.75,-72,1769525001,5,5
2026-01-27 06:44:43.225892,0x433b0098,13.18625,120.0,6.75,-61,1769525078,2,2
2026-01-27 06:44:50.673973,0x433acb14,13.25375,77.5,5.75,-86,1769525085,3,3
2026-01-27 06:47:30.497558,0x433abf20,13.25375,65.0,5.75,-75,1769525245,3,3
2026-01-27 06:48:27.244972,0x433b0b38,13.20875,117.5,6.25,-71,1769525302,5,5
2026-01-27 06:49:52.873968,0x433acb14,13.25,93.75,4.5,-85,1769525388,3,3
2026-01-27 06:52:31.816730,0x433abf20,13.25375,65.0,6.0,-75,1769525547,3,3
2026-01-27 06:52:44.172509,0x433ad35c,13.25125,66.25,6.0,-55,1769525559,3,3
2026-01-27 06:53:29.024898,0x433b0b38,13.235,65.0,5.75,-71,1769525604,5,5
2026-01-27 06:54:45.892746,0x433b0098,13.2125,73.75,6.25,-61,1769525681,2,2
2026-01-27 06:54:54.296505,0x433acb14,13.2525,76.25,5.0,-85,1769525689,3,3
2026-01-27 06:57:33.893707,0x433abf20,13.25,73.75,4.0,-76,1769525849,3,3
2026-01-27 06:58:30.452364,0x433b0b38,13.22875,75.0,6.0,-72,1769525905,5,5
2026-01-27 06:59:56.486859,0x433acb14,13.25375,76.25,5.5,-85,1769525991,3,3
2026-01-28 18:03:35.396322,0x433b0098,13.25875,63.75,6.0,-61,1769652207,2,2
2026-01-28 18:04:17.244249,0x433acb14,13.255,65.0,4.0,-90,1769652248,3,3
2026-01-28 18:06:28.362017,0x433abf20,13.275,63.75,5.5,-76,1769652380,3,3
2026-01-28 18:07:33.435858,0x433b0b38,13.26375,58.75,5.75,-72,1769652445,5,5
2026-01-28 18:09:19.590727,0x433acb14,13.25125,78.75,4.0,-89,1769652551,3,3
2026-01-28 18:09:41.576450,0x433aad0c,13.26375,73.75,5.5,-75,1769652573,3,3
2026-01-28 18:11:30.427272,0x433abf20,13.275,66.25,5.5,-76,1769652682,3,3
2026-01-28 18:12:11.484966,0x433ad35c,13.28,62.5,5.75,-53,1769652723,3,3
2026-01-28 18:12:34.697923,0x433b0b38,13.2625,58.75,5.25,-72,1769652746,5,5
2026-01-28 18:13:37.685512,0x433b0098,13.2275,116.25,5.75,-62,1769652809,2,2
2026-01-28 18:14:22.304482,0x433acb14,13.255,66.25,4.0,-90,1769652853,3,3
2026-01-28 18:16:29.017381,0x433abf20,13.2775,61.25,5.5,-76,1769652980,3,3
2026-01-28 18:17:36.052811,0x433b0b38,13.2625,62.5,5.75,-72,1769653047,5,5
2026-01-28 18:19:22.557197,0x433acb14,13.2525,62.5,4.5,-89,1769653154,3,3
2026-01-28 18:19:44.955363,0x433aad0c,13.26125,75.0,5.25,-76,1769653176,3,3
2026-01-28 18:21:29.417524,0x433abf20,13.275,62.5,5.5,-76,1769653281,3,3
2026-01-28 18:22:15.525798,0x433ad35c,13.28,75.0,6.5,-51,1769653327,3,3
2026-01-28 18:22:37.372522,0x433b0b38,13.2625,61.25,6.0,-72,1769653349,5,5
2026-01-28 18:23:39.217761,0x433b0098,13.25875,61.25,5.75,-61,1769653410,2,2
2026-01-28 18:24:25.569293,0x433acb14,13.2525,63.75,4.75,-89,1769653457,3,3
2026-01-28 18:26:30.452664,0x433abf20,13.275,60.0,5.5,-75,1769653582,3,3
2026-01-28 18:27:37.738899,0x433b0b38,13.26375,65.0,5.75,-72,1769653649,5,5
2026-01-28 18:29:30.390673,0x433acb14,13.25125,65.0,5.0,-89,1769653762,3,3
2026-01-28 18:29:45.837551,0x433aad0c,13.26125,72.5,5.5,-75,1769653777,3,3
2026-01-28 18:31:32.845791,0x433abf20,13.27625,66.25,5.5,-76,1769653884,3,3
2026-01-28 18:32:17.269045,0x433ad35c,13.27625,61.25,7.0,-53,1769653928,3,3
2026-01-28 18:32:38.999366,0x433b0b38,13.2625,57.5,5.75,-72,1769653950,5,5
2026-01-28 18:33:41.597837,0x433b0098,13.2575,65.0,6.0,-60,1769654013,2,2
2026-01-28 18:34:26.418997,0x433acb14,13.25,66.25,5.25,-87,1769654058,3,3
2026-01-28 18:34:55.217441,0x433af380,13.21375,83.75,6.25,-39,1769654086,3,3
2026-01-28 18:36:33.981761,0x433abf20,13.27125,73.75,5.25,-76,1769654185,3,3
2026-01-28 18:37:40.222973,0x433b0b38,13.2625,61.25,5.75,-72,1769654251,5,5
2026-01-28 18:39:26.840537,0x433acb14,13.2475,72.5,4.5,-89,1769654358,3,3
2026-01-28 18:39:49.610570,0x433aad0c,13.26125,62.5,5.5,-75,1769654381,3,3
2026-01-28 18:41:35.214494,0x433abf20,13.2725,71.25,6.0,-76,1769654486,3,3
2026-01-28 18:42:19.924117,0x433ad35c,13.27875,61.25,6.25,-54,1769654531,3,3
2026-01-28 18:42:43.049873,0x433b0b38,13.2625,61.25,5.75,-73,1769654554,5,5
2026-01-28 18:43:45.025733,0x433b0098,13.2525,73.75,6.25,-60,1769654616,2,2
2026-01-28 18:44:28.491638,0x433acb14,13.25,62.5,5.25,-89,1769654660,3,3
2026-01-28 18:46:34.885931,0x433abf20,13.275,63.75,5.5,-75,1769654786,3,3
2026-01-28 18:47:43.478475,0x433b0b38,13.26,75.0,5.5,-72,1769654855,5,5
2026-01-28 18:49:30.668904,0x433acb14,13.25,62.5,5.0,-88,1769654962,3,3
2026-01-28 18:50:00.059082,0x433aad0c,13.26,65.0,5.25,-75,1769654991,3,3
2026-01-28 18:51:35.466554,0x433abf20,13.27375,62.5,5.75,-76,1769655087,3,3
2026-01-28 18:52:22.532561,0x433ad35c,13.275,72.5,6.0,-53,1769655134,3,3
2026-01-28 18:52:44.505795,0x433b0b38,13.26,62.5,5.5,-72,1769655156,5,5
2026-01-28 18:53:46.654992,0x433b0098,13.25875,62.5,6.0,-61,1769655218,2,2
2026-01-28 18:54:30.348054,0x433acb14,13.2475,65.0,5.0,-88,1769655262,3,3
2026-01-28 18:56:37.510437,0x433abf20,13.26375,82.5,5.75,-76,1769655389,3,3
2026-01-28 18:57:46.431697,0x433b0b38,13.25875,62.5,5.75,-72,1769655458,5,5
2026-01-28 18:59:34.280822,0x433acb14,13.24625,73.75,4.0,-88,1769655565,3,3
2026-01-28 18:59:56.138401,0x433aad0c,13.2575,56.25,5.5,-77,1769655587,3,3
2026-01-28 19:01:36.815429,0x433abf20,13.27125,77.5,5.75,-75,1769655688,3,3
2026-01-28 19:02:31.609118,0x433ad35c,13.2775,65.0,6.0,-54,1769655743,3,3
2026-02-02 16:09:16.155749,0x433b0b38,13.125,72.5,6.0,-73,1770077335,5,5
2026-02-02 16:09:42.753039,0x433abf20,13.23375,72.5,5.25,-76,1770077362,3,3
2026-02-02 16:10:59.980440,0x433acb14,13.14625,65.0,4.0,-92,1770077439,3,3
2026-02-02 16:11:33.918708,0x433aad0c,13.26625,73.75,5.25,-89,1770077473,3,3
2026-02-02 16:13:41.446713,0x433ad35c,13.13375,62.5,7.0,-53,1770077601,3,3
2026-02-02 16:14:15.350448,0x433b0b38,13.12875,58.75,6.5,-73,1770077634,5,5
2026-02-02 16:14:45.699885,0x433abf20,13.23875,63.75,5.75,-75,1770077665,3,3
2026-02-02 16:16:01.866185,0x433acb14,13.14875,63.75,2.75,-93,1770077741,3,3
2026-02-02 16:16:17.975403,0x433b0098,13.25125,62.5,6.0,-60,1770077757,2,2
2026-02-02 16:19:17.362380,0x433b0b38,13.115,85.0,5.75,-73,1770077936,5,5
2026-02-02 16:19:45.158063,0x433abf20,13.23625,61.25,5.75,-76,1770077964,3,3
2026-02-02 16:21:03.353134,0x433acb14,13.145,77.5,3.75,-92,1770078042,3,3
2026-02-02 16:21:32.930406,0x433aad0c,13.27,61.25,5.0,-88,1770078072,3,3
2026-02-02 16:23:44.599506,0x433ad35c,13.13,73.75,6.75,-53,1770078204,3,3
2026-02-02 16:24:17.546540,0x433b0b38,13.13125,62.5,6.0,-73,1770078237,5,5
2026-02-02 16:24:46.757476,0x433abf20,13.23875,65.0,5.0,-76,1770078266,3,3
2026-02-02 16:26:04.313725,0x433acb14,13.145,73.75,0.25,-93,1770078343,3,3
2026-02-02 16:26:25.796952,0x433b0098,13.25125,60.0,5.75,-62,1770078365,2,2
2026-02-02 16:29:20.504245,0x433b0b38,13.13125,65.0,6.0,-72,1770078540,5,5
2026-02-02 16:29:47.050668,0x433abf20,13.2375,63.75,5.5,-76,1770078566,3,3
2026-02-02 16:31:05.922063,0x433acb14,13.14875,65.0,3.0,-93,1770078645,3,3
2026-02-02 16:31:37.256230,0x433aad0c,13.2725,63.75,4.25,-89,1770078676,3,3
2026-02-02 16:33:46.936746,0x433ad35c,13.135,63.75,6.25,-53,1770078806,3,3
2026-02-02 16:34:25.492270,0x433b0b38,13.13,63.75,6.0,-72,1770078845,5,5
2026-02-02 16:34:49.064388,0x433abf20,13.2375,91.25,5.5,-76,1770078868,3,3
2026-02-02 16:36:07.522551,0x433acb14,13.15,65.0,4.25,-92,1770078947,3,3
2026-02-02 16:36:24.705493,0x433b0098,13.2525,62.5,6.0,-61,1770078964,2,2
2026-02-02 16:39:21.587796,0x433b0b38,13.13375,62.5,6.0,-72,1770079141,5,5
2026-02-02 16:39:50.285431,0x433abf20,13.235,63.75,5.5,-75,1770079169,3,3
2026-02-02 16:41:09.252624,0x433acb14,13.15,67.5,4.0,-91,1770079248,3,3
2026-02-02 16:41:37.903918,0x433aad0c,13.2675,71.25,5.75,-86,1770079277,3,3
2026-02-02 16:43:53.360754,0x433ad35c,13.13625,63.75,6.25,-55,1770079412,3,3
2026-02-02 16:44:23.306552,0x433b0b38,13.13,61.25,5.75,-72,1770079442,5,5
2026-02-02 16:44:51.336731,0x433abf20,13.23625,61.25,5.75,-76,1770079470,3,3
2026-02-02 16:46:10.527408,0x433acb14,13.15,65.0,3.5,-91,1770079550,3,3
2026-02-02 16:46:28.912724,0x433b0098,13.25375,57.5,6.0,-61,1770079568,2,2
2026-02-02 16:49:24.492270,0x433b0b38,13.10625,121.25,6.25,-71,1770079743,5,5
2026-02-02 16:49:53.237554,0x433abf20,13.23375,62.5,5.5,-76,1770079772,3,3
2026-02-02 16:50:31.066126,0x433af380,13.0525,78.75,6.25,-38,1770079810,3,3
2026-02-02 16:51:10.510003,0x433acb14,13.14875,65.0,3.25,-91,1770079849,3,3
2026-02-02 16:51:41.069121,0x433aad0c,13.275,65.0,5.0,-81,1770079880,3,3
2026-02-02 16:53:54.894528,0x433ad35c,13.13125,72.5,6.0,-54,1770080014,3,3
2026-02-02 16:54:25.572332,0x433b0b38,13.13125,60.0,7.5,-72,1770080045,5,5
2026-02-02 16:54:53.417934,0x433abf20,13.2275,85.0,5.5,-76,1770080072,3,3
2026-02-02 16:56:11.774137,0x433acb14,13.14375,76.25,3.75,-91,1770080151,3,3
2026-02-02 16:56:28.586236,0x433b0098,13.2475,73.75,6.25,-61,1770080168,2,2
2026-02-02 16:59:26.833247,0x433b0b38,13.12625,75.0,6.0,-71,1770080346,5,5
2026-02-02 16:59:52.645828,0x433abf20,13.22875,76.25,5.75,-75,1770080372,3,3
2026-02-02 17:01:17.699279,0x433acb14,13.14625,76.25,3.5,-91,1770080457,3,3
2026-02-02 17:01:43.011064,0x433aad0c,13.27,75.0,5.75,-78,1770080482,3,3
2026-02-02 17:03:59.757518,0x433ad35c,13.13375,63.75,6.25,-53,1770080619,3,3
2026-02-02 17:04:31.024431,0x433b0b38,13.12625,71.25,6.0,-72,1770080650,5,5
2026-02-02 17:04:53.159076,0x433abf20,13.23,71.25,5.75,-76,1770080672,3,3
2026-02-02 17:06:16.195487,0x433acb14,13.15125,66.25,3.5,-91,1770080755,3,3
2026-02-02 17:06:31.274071,0x433b0098,13.2475,73.75,6.0,-62,1770080770,2,2
2026-02-01 09:07:41.182037,0x433acb14,13.115,66.25,4.25,-91,1769965644,3,3
2026-02-01 09:08:43.702652,0x433abf20,13.22875,73.75,5.75,-75,1769965706,3,3
2026-02-01 09:09:58.128456,0x433b0098,13.20125,58.75,6.25,-59,1769965780,2,2
2026-02-01 09:10:56.083892,0x433b0b38,13.1525,57.5,5.5,-72,1769965838,5,5
2026-02-01 09:12:44.046778,0x433acb14,13.115,65.0,3.5,-92,1769965946,3,3
2026-02-01 09:13:08.318683,0x433aad0c,13.22875,61.25,6.25,-77,1769965971,3,3
2026-02-01 09:13:44.129507,0x433abf20,13.22375,83.75,5.5,-75,1769966006,3,3
2026-02-01 09:15:24.796208,0x433ad35c,13.1,62.5,7.25,-54,1769966107,3,3
2026-02-01 09:15:56.509541,0x433b0b38,13.14875,75.0,5.5,-73,1769966139,5,5
2026-02-01 09:17:49.332157,0x433acb14,13.1125,75.0,3.0,-91,1769966252,3,3
2026-02-01 09:18:47.128063,0x433abf20,13.22875,72.5,6.0,-76,1769966309,3,3
2026-02-01 09:19:58.078355,0x433b0098,13.19625,73.75,6.25,-59,1769966380,2,2
2026-02-01 09:20:58.365507,0x433b0b38,13.15,75.0,5.75,-73,1769966441,5,5
2026-02-01 09:22:47.419730,0x433acb14,13.11125,73.75,3.75,-91,1769966550,3,3
2026-02-01 09:23:10.341409,0x433aad0c,13.22875,71.25,5.25,-78,1769966573,3,3
2026-02-01 09:23:44.221749,0x433abf20,13.2275,73.75,5.5,-76,1769966607,3,3
2026-02-01 09:25:25.085034,0x433ad35c,13.09875,76.25,6.75,-54,1769966707,3,3
2026-02-01 09:26:02.142331,0x433b0b38,13.14875,71.25,5.75,-73,1769966744,5,5
2026-02-01 09:27:48.624474,0x433acb14,13.1175,65.0,4.0,-90,1769966851,3,3
2026-02-01 09:28:46.152054,0x433abf20,13.23375,66.25,5.75,-76,1769966908,3,3
2026-02-01 09:30:04.627463,0x433b0098,13.195,72.5,6.0,-59,1769966987,2,2
2026-02-01 09:31:00.594183,0x433b0b38,13.155,65.0,5.75,-74,1769967043,5,5
2026-02-01 09:32:48.673344,0x433acb14,13.11375,75.0,3.75,-92,1769967151,3,3
2026-02-01 09:33:14.125370,0x433aad0c,13.2275,75.0,6.25,-77,1769967176,3,3
2026-02-01 09:33:45.886825,0x433abf20,13.2325,65.0,6.0,-76,1769967208,3,3
2026-02-01 09:35:29.553900,0x433ad35c,13.10125,63.75,6.0,-54,1769967312,3,3
2026-02-01 09:36:02.557905,0x433b0b38,13.1525,63.75,6.0,-73,1769967345,5,5
2026-02-01 09:37:50.916692,0x433acb14,13.11625,63.75,3.25,-93,1769967453,3,3
2026-02-01 09:38:46.631469,0x433abf20,13.23,73.75,5.75,-75,1769967509,3,3
2026-02-01 09:40:05.366952,0x433b0098,13.2025,58.75,6.25,-60,1769967588,2,2
2026-02-01 09:41:12.890726,0x433b0b38,13.14875,75.0,6.25,-73,1769967655,5,3
2026-02-01 09:42:51.588580,0x433acb14,13.12,65.0,4.0,-93,1769967754,3,3
2026-02-01 09:43:17.071463,0x433aad0c,13.23,63.75,6.0,-77,1769967779,3,3
2026-02-01 09:43:46.943326,0x433abf20,13.225,96.25,5.75,-76,1769967809,3,3
2026-02-01 09:45:31.094203,0x433ad35c,13.105,63.75,6.25,-53,1769967913,3,3
2026-02-01 09:46:05.208346,0x433b0b38,13.15375,66.25,6.0,-73,1769967947,5,5
2026-02-01 09:46:26.439296,0x433af380,13.0125,83.75,6.75,-38,1769967969,3,3
2026-02-01 09:47:53.468785,0x433acb14,13.11875,61.25,3.25,-93,1769968056,3,3
2026-02-01 09:48:47.454508,0x433abf20,13.23,72.5,5.75,-76,1769968110,3,3
2026-02-01 09:50:05.361969,0x433b0098,13.20375,60.0,6.25,-60,1769968188,2,2
2026-02-01 09:51:07.104503,0x433b0b38,13.1475,68.75,5.75,-73,1769968249,5,5
2026-02-01 09:52:54.749905,0x433acb14,13.11625,72.5,4.25,-92,1769968357,3,3
2026-02-01 09:53:19.517513,0x433aad0c,13.2275,73.75,6.0,-76,1769968382,3,3
2026-02-01 09:53:48.326269,0x433abf20,13.22875,75.0,5.5,-76,1769968411,3,3
2026-02-01 09:55:35.229500,0x433ad35c,13.10625,61.25,6.5,-53,1769968517,3,3
2026-02-01 09:56:11.499771,0x433b0b38,13.1475,67.5,5.75,-73,1769968554,5,5
2026-02-01 09:57:58.071040,0x433acb14,13.1175,76.25,3.75,-93,1769968660,3,3
2026-02-01 09:58:49.463308,0x433abf20,13.22875,76.25,5.5,-76,1769968712,3,3
2026-02-01 10:00:06.935290,0x433b0098,13.20625,60.0,6.25,-60,1769968789,2,2
2026-02-01 10:01:09.211441,0x433b0b38,13.1525,66.25,5.75,-72,1769968851,5,5
2026-02-01 10:02:55.945164,0x433acb14,13.12125,66.25,3.25,-93,1769968958,3,3
2026-02-01 10:03:21.281501,0x433aad0c,13.23,63.75,5.75,-77,1769968984,3,3
2026-02-01 10:03:49.292304,0x433abf20,13.22875,72.5,5.25,-76,1769969012,3,3
2026-02-01 10:05:38.490005,0x433ad35c,13.1075,61.25,6.5,-53,1769969121,3,3
2026-02-01 10:06:10.315665,0x433b0b38,13.15,75.0,5.75,-73,1769969153,5,5
2026-02-02 18:09:47.503490,0x433b0b38,13.12625,61.25,6.0,-72,1770084566,5,5
2026-02-02 18:10:03.977521,0x433abf20,13.2225,72.5,5.5,-75,1770084583,3,3
2026-02-02 18:11:32.056783,0x433acb14,13.14125,73.75,2.75,-91,1770084671,3,3
2026-02-02 18:12:01.245492,0x433aad0c,13.2725,62.5,5.75,-76,1770084700,3,3
2026-02-02 18:14:13.585988,0x433ad35c,13.1275,73.75,6.0,-53,1770084832,3,3
2026-02-02 18:14:47.997387,0x433b0b38,13.12125,75.0,6.0,-72,1770084867,5,5
2026-02-02 18:15:06.473549,0x433abf20,13.2225,76.25,5.25,-75,1770084885,3,3
2026-02-02 18:16:34.115808,0x433acb14,13.145,66.25,3.25,-91,1770084973,3,3
2026-02-02 18:16:42.225828,0x433b0098,13.25125,60.0,6.25,-61,1770084981,2,2
2026-02-02 18:19:47.947909,0x433b0b38,13.1275,66.25,7.0,-71,1770085167,5,5
2026-02-02 18:20:05.844247,0x433abf20,13.225,62.5,5.5,-76,1770085185,3,3
2026-02-02 18:21:34.887196,0x433acb14,13.14375,62.5,3.5,-91,1770085274,3,3
2026-02-02 18:22:05.442408,0x433aad0c,13.26625,73.75,5.5,-75,1770085304,3,3
2026-02-02 18:24:15.381954,0x433ad35c,13.12875,63.75,6.25,-52,1770085434,3,3
2026-02-02 18:24:50.352616,0x433b0b38,13.125,62.5,6.0,-72,1770085469,5,5
2026-02-02 18:25:08.014935,0x433abf20,13.225,66.25,5.5,-75,1770085487,3,3
2026-02-02 18:26:37.202767,0x433acb14,13.14125,61.25,3.25,-91,1770085576,3,3
2026-02-02 18:26:45.169689,0x433b0098,13.2525,58.75,6.25,-61,1770085584,2,2
2026-02-02 18:29:50.974955,0x433b0b38,13.125,66.25,7.25,-73,1770085770,5,5
2026-02-02 18:30:08.473518,0x433abf20,13.2225,63.75,6.0,-76,1770085787,3,3
2026-02-02 18:31:37.146767,0x433acb14,13.14125,62.5,5.25,-89,1770085876,3,3
2026-02-02 18:32:06.938622,0x433aad0c,13.26875,63.75,5.75,-76,1770085906,3,3
2026-02-02 18:34:19.053758,0x433ad35c,13.125,78.75,6.25,-53,1770086038,3,3
2026-02-02 18:34:53.287754,0x433b0b38,13.1225,62.5,6.0,-72,1770086072,5,5
2026-02-02 18:35:10.008649,0x433abf20,13.22,65.0,5.5,-75,1770086089,3,3
2026-02-02 18:36:38.803150,0x433acb14,13.1425,62.5,5.0,-90,1770086178,3,3
2026-02-02 18:36:48.106570,0x433b0098,13.25375,60.0,6.25,-60,1770086187,2,2
2026-02-02 18:39:54.536450,0x433b0b38,13.12625,63.75,5.75,-71,1770086373,5,5
2026-02-02 18:40:11.333482,0x433abf20,13.2225,63.75,5.5,-76,1770086390,3,3
2026-02-02 18:41:40.686448,0x433acb14,13.14125,66.25,3.25,-91,1770086479,3,3
2026-02-02 18:42:11.525491,0x433aad0c,13.27125,63.75,5.75,-75,1770086510,3,3
2026-02-02 18:44:20.954904,0x433ad35c,13.12875,63.75,6.25,-54,1770086640,3,3
2026-02-02 18:44:56.807888,0x433b0b38,13.1225,61.25,6.25,-72,1770086676,5,5
2026-02-02 18:45:11.113012,0x433abf20,13.2225,60.0,5.75,-76,1770086690,3,3
2026-02-02 18:46:42.574565,0x433acb14,13.1425,62.5,4.25,-90,1770086781,3,3
2026-02-02 18:46:49.355461,0x433b0098,13.25125,61.25,6.0,-61,1770086788,2,2
2026-02-02 18:49:56.902823,0x433b0b38,13.12375,61.25,7.0,-72,1770086976,5,5
2026-02-02 18:50:10.442729,0x433abf20,13.2175,76.25,5.5,-75,1770086989,3,3
2026-02-02 18:50:48.955271,0x433af380,13.0625,67.5,6.5,-38,1770087028,3,3
2026-02-02 18:51:42.748461,0x433acb14,13.14,63.75,5.0,-88,1770087082,3,3
2026-02-02 18:52:13.658562,0x433aad0c,13.26875,62.5,5.75,-75,1770087112,3,3
2026-02-02 18:54:30.207891,0x433ad35c,13.12625,67.5,6.0,-53,1770087249,3,3
2026-02-02 18:54:57.930521,0x433b0b38,13.115,77.5,5.75,-72,1770087277,5,5
2026-02-02 18:55:11.944480,0x433abf20,13.21625,75.0,5.5,-76,1770087291,3,3
2026-02-02 18:56:44.750595,0x433acb14,13.1375,76.25,4.5,-90,1770087384,3,3
2026-02-02 18:56:51.908570,0x433b0098,13.25125,61.25,6.25,-61,1770087391,2,2
2026-02-02 18:59:59.264535,0x433b0b38,13.11625,76.25,6.0,-72,1770087578,5,5
2026-02-02 19:00:12.173396,0x433abf20,13.21375,75.0,5.75,-76,1770087591,3,3
2026-02-02 19:01:47.035801,0x433acb14,13.14125,66.25,5.0,-88,1770087686,3,3
2026-02-02 19:02:15.557414,0x433aad0c,13.2675,63.75,6.0,-76,1770087714,3,3
2026-02-02 19:04:36.181188,0x433ad35c,13.12375,66.25,5.5,-53,1770087855,3,3
2026-02-02 19:05:00.600189,0x433b0b38,13.12,65.0,5.25,-72,1770087879,5,5
2026-02-02 19:05:13.053285,0x433abf20,13.21375,70.0,5.75,-76,1770087892,3,3
2026-02-02 19:06:48.097301,0x433acb14,13.14,65.0,5.25,-89,1770087987,3,3
2026-02-02 19:06:52.327270,0x433b0098,13.24625,72.5,6.0,-62,1770087991,2,2
2026-01-29 21:04:48.062140,0x433b0b38,13.2475,72.5,5.75,-73,1769749477,5,5
2026-01-29 21:06:33.129072,0x433acb14,13.215,75.0,3.75,-87,1769749582,3,3
2026-01-29 21:06:54.940601,0x433abf20,13.265,93.75,6.25,-75,1769749604,3,3
2026-01-29 21:07:00.449691,0x433aad0c,13.26375,63.75,5.25,-75,1769749609,3,3
2026-01-29 21:08:45.881778,0x433b0098,13.245,61.25,6.25,-61,1769749715,2,2
2026-01-29 21:09:22.070306,0x433ad35c,13.2675,61.25,6.5,-52,1769749751,3,3
2026-01-29 21:09:48.565407,0x433b0b38,13.24625,75.0,6.0,-73,1769749777,5,5
2026-01-29 21:11:34.394096,0x433acb14,13.21625,75.0,5.0,-87,1769749883,3,3
2026-01-29 21:11:54.578006,0x433abf20,13.26625,60.0,6.5,-75,1769749903,3,3
2026-01-29 21:14:49.083630,0x433b0b38,13.21875,136.25,6.0,-72,1769750078,5,5
2026-01-29 21:16:38.388154,0x433acb14,13.21625,72.5,3.75,-87,1769750187,3,3
2026-01-29 21:16:54.998533,0x433abf20,13.26375,65.0,6.0,-75,1769750204,3,3
2026-01-29 21:17:02.222518,0x433aad0c,13.26,76.25,5.5,-75,1769750211,3,3
2026-01-29 21:18:49.117434,0x433b0098,13.245,58.75,7.25,-60,1769750318,2,2
2026-01-29 21:19:24.989522,0x433ad35c,13.2625,78.75,6.25,-53,1769750354,3,3
2026-01-29 21:19:51.524154,0x433b0b38,13.245,70.0,5.75,-73,1769750380,5,5
2026-01-29 21:21:38.196898,0x433acb14,13.21875,68.75,3.75,-88,1769750487,3,3
2026-01-29 21:21:55.934053,0x433abf20,13.26375,60.0,6.0,-75,1769750505,3,3
2026-01-29 21:24:52.442440,0x433b0b38,13.25125,87.5,5.5,-72,1769750681,5,5
2026-01-29 21:26:39.178474,0x433acb14,13.21875,65.0,4.0,-88,1769750788,3,3
2026-01-29 21:26:56.846686,0x433abf20,13.26,75.0,6.0,-75,1769750805,3,3
2026-01-29 21:27:04.504201,0x433aad0c,13.25875,76.25,5.5,-75,1769750813,3,3
2026-01-29 21:28:48.130998,0x433b0098,13.24625,62.5,6.75,-60,1769750917,2,2
2026-01-29 21:29:27.396763,0x433ad35c,13.26625,63.75,6.75,-53,1769750956,3,3
2026-01-29 21:29:54.048868,0x433b0b38,13.24375,58.75,5.5,-72,1769750983,5,5
2026-01-29 21:31:40.430613,0x433acb14,13.215,76.25,3.5,-88,1769751089,3,3
2026-01-29 21:31:57.702022,0x433abf20,13.26625,65.0,6.5,-76,1769751106,3,3
2026-01-29 21:34:55.015849,0x433b0b38,13.25,63.75,5.5,-73,1769751284,5,5
2026-01-29 21:36:41.714658,0x433acb14,13.21875,61.25,3.75,-88,1769751390,3,3
2026-01-29 21:36:57.998898,0x433abf20,13.2625,66.25,6.0,-74,1769751407,3,3
2026-01-29 21:37:06.895675,0x433aad0c,13.2625,62.5,5.75,-76,1769751415,3,3
2026-01-29 21:38:25.303634,0x433af380,13.1775,81.25,6.25,-39,1769751494,3,3
2026-01-29 21:38:49.226894,0x433b0098,13.24125,67.5,5.75,-61,1769751518,2,2
2026-01-29 21:39:29.258095,0x433ad35c,13.26,75.0,6.0,-53,1769751558,3,3
2026-01-29 21:39:56.624416,0x433b0b38,13.245,75.0,5.5,-72,1769751585,5,5
2026-01-29 21:41:59.123079,0x433abf20,13.2625,63.75,6.0,-74,1769751708,3,3
2026-01-29 21:44:56.608867,0x433b0b38,13.24875,58.75,5.5,-72,1769751885,5,5
2026-01-29 21:46:50.521582,0x433acb14,13.215,73.75,4.75,-88,1769751999,3,3
2026-01-29 21:47:00.063124,0x433abf20,13.2625,65.0,6.5,-75,1769752009,3,3
2026-01-29 21:47:10.259275,0x433aad0c,13.2575,81.25,5.75,-75,1769752019,3,3
2026-01-29 21:48:52.589124,0x433b0098,13.23625,75.0,7.25,-60,1769752121,2,2
2026-01-29 21:49:32.467856,0x433ad35c,13.26,75.0,5.75,-53,1769752161,3,3
2026-01-29 21:49:57.867900,0x433b0b38,13.25,76.25,5.75,-72,1769752186,5,5
2026-01-29 21:51:50.039291,0x433acb14,13.215,67.5,4.25,-88,1769752299,3,3
2026-01-29 21:52:00.791782,0x433abf20,13.26,75.0,6.0,-74,1769752309,3,3
2026-01-29 21:55:00.283941,0x433b0b38,13.2425,70.0,5.75,-73,1769752489,5,5
2026-01-29 21:56:50.757632,0x433acb14,13.2125,80.0,4.0,-87,1769752599,3,3
2026-01-29 21:57:04.203690,0x433abf20,13.26,75.0,6.5,-75,1769752613,3,3
2026-01-29 21:57:13.269494,0x433aad0c,13.255,73.75,5.75,-76,1769752622,3,3
2026-01-29 21:58:55.859455,0x433b0098,13.23625,83.75,7.5,-60,1769752724,2,2
2026-01-29 21:59:35.313063,0x433ad35c,13.25875,75.0,6.0,-53,1769752764,3,3
2026-01-29 22:00:03.616260,0x433b0b38,13.2425,70.0,5.75,-72,1769752792,5,5
2026-01-29 22:01:49.693487,0x433acb14,13.2125,76.25,5.5,-86,1769752898,3,3
2026-01-29 22:02:03.815200,0x433abf20,13.26,75.0,6.0,-74,1769752912,3,3
2026-01-25 21:59:41.736786,0x433b0b38,13.25875,63.75,5.5,-74,1769407180,5,5
2026-01-25 21:59:46.610890,0x433abf20,13.265,63.75,6.0,-77,1769407184,3,3
2026-01-25 22:01:04.455038,0x433acb14,13.3025,63.75,4.0,-92,1769407262,3,3
2026-01-25 22:03:45.185124,0x433ad35c,13.275,62.5,6.25,-53,1769407423,3,3
2026-01-25 22:04:43.014453,0x433b0b38,13.2525,71.25,6.0,-73,1769407481,5,5
2026-01-25 22:04:50.789612,0x433abf20,13.265,65.0,5.75,-76,1769407489,3,3
2026-01-25 22:06:06.216888,0x433acb14,13.30125,66.25,3.75,-92,1769407564,3,3
2026-01-25 22:06:54.881060,0x433b0098,13.245,61.25,6.0,-60,1769407613,2,2
2026-01-25 22:09:43.619213,0x433b0b38,13.25625,63.75,6.0,-74,1769407781,5,5
2026-01-25 22:09:49.826918,0x433abf20,13.26375,67.5,5.75,-76,1769407788,3,3
2026-01-25 22:11:07.804071,0x433acb14,13.3,62.5,3.25,-92,1769407866,3,3
2026-01-25 22:13:48.725206,0x433ad35c,13.27625,66.25,6.25,-54,1769408027,3,3
2026-01-25 22:14:45.001617,0x433b0b38,13.25625,60.0,6.25,-74,1769408083,5,5
2026-01-25 22:14:52.046187,0x433abf20,13.26375,67.5,6.0,-76,1769408090,3,3
2026-01-25 22:16:06.725814,0x433acb14,13.3,72.5,3.75,-91,1769408165,3,3
2026-01-25 22:16:58.222528,0x433b0098,13.24625,58.75,6.5,-60,1769408216,2,2
2026-01-25 22:19:47.467876,0x433b0b38,13.255,61.25,6.25,-74,1769408385,5,5
2026-01-25 22:19:52.334373,0x433abf20,13.26625,67.5,6.0,-76,1769408390,3,3
2026-01-25 22:21:08.833143,0x433acb14,13.3,66.25,4.0,-91,1769408467,3,3
2026-01-25 22:23:00.351271,0x433af380,13.19875,85.0,6.5,-39,1769408578,3,3
2026-01-25 22:23:50.224967,0x433ad35c,13.27625,66.25,6.25,-53,1769408628,3,3
2026-01-25 22:24:47.467178,0x433b0b38,13.25625,60.0,5.5,-74,1769408685,5,5
2026-01-25 22:24:54.734477,0x433abf20,13.2575,78.75,5.75,-76,1769408693,3,3
2026-01-25 22:26:08.929438,0x433acb14,13.3,62.5,4.0,-91,1769408767,3,3
2026-01-25 22:26:58.162238,0x433b0098,13.2425,58.75,6.25,-61,1769408816,2,2
2026-01-25 22:29:49.559813,0x433b0b38,13.255,62.5,6.25,-73,1769408987,5,5
2026-01-25 22:29:54.443121,0x433abf20,13.26,75.0,5.25,-76,1769408992,3,3
2026-01-25 22:31:10.168452,0x433acb14,13.30125,66.25,3.5,-91,1769409068,3,3
2026-01-25 22:33:52.780824,0x433ad35c,13.27375,75.0,6.5,-54,1769409231,3,3
2026-01-25 22:34:50.907435,0x433b0b38,13.255,71.25,5.25,-74,1769409289,5,5
2026-01-25 22:34:55.378848,0x433abf20,13.26125,75.0,6.0,-77,1769409293,3,3
2026-01-25 22:36:11.658883,0x433acb14,13.2975,76.25,3.5,-91,1769409369,3,3
2026-01-25 22:37:01.060779,0x433b0098,13.24,63.75,6.0,-60,1769409419,2,2
2026-01-25 22:39:52.151823,0x433b0b38,13.255,76.25,6.25,-74,1769409590,5,5
2026-01-25 22:39:57.607808,0x433abf20,13.26,76.25,5.5,-76,1769409595,3,3
2026-01-25 22:41:13.926481,0x433acb14,13.3,60.0,3.5,-91,1769409672,3,3
2026-01-25 22:43:55.785229,0x433ad35c,13.27125,73.75,6.25,-53,1769409834,3,3
2026-01-25 22:44:52.524486,0x433b0b38,13.25625,62.5,5.5,-74,1769409890,5,5
2026-01-25 22:44:58.214381,0x433abf20,13.26,77.5,6.0,-76,1769409896,3,3
2026-01-25 22:46:14.824900,0x433acb14,13.3,60.0,3.75,-91,1769409973,3,3
2026-01-25 22:47:03.095193,0x433b0098,13.2025,130.0,6.25,-61,1769410021,2,2
2026-01-25 22:49:54.792050,0x433b0b38,13.25625,58.75,5.75,-73,1769410193,5,5
2026-01-25 22:51:15.198371,0x433acb14,13.29875,65.0,3.5,-91,1769410273,3,3
2026-01-25 22:53:58.845334,0x433ad35c,13.275,62.5,6.5,-53,1769410437,3,3
2026-01-25 22:54:55.813224,0x433b0b38,13.24875,70.0,6.0,-74,1769410494,5,5
2026-01-25 22:55:01.718344,0x433abf20,13.26375,61.25,5.5,-76,1769410499,3,3
2026-01-25 22:56:17.608384,0x433acb14,13.29875,63.75,4.0,-91,1769410575,3,3
2026-01-25 22:57:05.605858,0x433b0098,13.2425,63.75,6.25,-60,1769410623,2,2
2026-02-01 17:08:03.560241,0x433b0b38,13.19,63.75,5.5,-73,1769994465,5,5
2026-02-01 17:09:50.739408,0x433acb14,13.1525,76.25,3.75,-93,1769994572,3,3
2026-02-01 17:10:08.240234,0x433abf20,13.2675,65.0,5.75,-76,1769994590,3,3
2026-02-01 17:11:31.844492,0x433b0098,13.2525,62.5,6.25,-61,1769994673,2,2
2026-02-01 17:13:06.269780,0x433b0b38,13.17875,93.75,6.0,-72,1769994768,5,5
2026-02-01 17:14:54.918930,0x433acb14,13.155,65.0,3.5,-92,1769994876,3,3
2026-02-01 17:15:09.423559,0x433abf20,13.26875,63.75,5.25,-76,1769994891,3,3
2026-02-01 17:15:17.879383,0x433aad0c,13.2675,72.5,5.25,-80,1769994899,3,3
2026-02-01 17:17:34.782375,0x433ad35c,13.1425,61.25,5.75,-53,1769995036,3,3
2026-02-01 17:18:06.670489,0x433b0b38,13.1875,62.5,6.0,-72,1769995068,5,5
2026-02-01 17:19:54.234992,0x433acb14,13.1525,77.5,4.0,-91,1769995176,3,3
2026-02-01 17:20:10.173134,0x433abf20,13.2475,125.0,5.0,-76,1769995192,3,3
2026-02-01 17:21:33.813292,0x433b0098,13.24375,73.75,6.0,-61,1769995275,2,2
2026-02-01 17:23:07.454038,0x433b0b38,13.1625,123.75,5.75,-73,1769995369,5,5
2026-02-01 17:24:55.643781,0x433acb14,13.155,63.75,3.0,-91,1769995477,3,3
2026-02-01 17:25:10.409629,0x433abf20,13.26375,81.25,5.25,-76,1769995492,3,3
2026-02-01 17:25:20.421202,0x433aad0c,13.27,65.0,6.25,-77,1769995502,3,3
2026-02-01 17:27:35.405912,0x433ad35c,13.1425,66.25,6.75,-53,1769995637,3,3
2026-02-01 17:28:08.766695,0x433b0b38,13.18875,66.25,5.75,-72,1769995670,5,5
2026-02-01 17:29:57.737083,0x433acb14,13.15625,63.75,3.75,-92,1769995779,3,3
2026-02-01 17:30:12.796457,0x433abf20,13.2425,135.0,5.25,-76,1769995794,3,3
2026-02-01 17:31:33.941583,0x433b0098,13.2475,76.25,6.25,-62,1769995875,2,2
2026-02-01 17:33:10.427802,0x433b0b38,13.19,63.75,6.0,-72,1769995972,5,5
2026-02-01 17:34:59.797329,0x433acb14,13.15375,63.75,2.75,-91,1769996081,3,3
2026-02-01 17:35:13.734703,0x433abf20,13.26375,75.0,5.5,-76,1769996095,3,3
2026-02-01 17:35:23.109419,0x433aad0c,13.27125,61.25,5.5,-76,1769996105,3,3
2026-02-01 17:37:38.742256,0x433ad35c,13.14125,61.25,6.0,-52,1769996240,3,3
2026-02-01 17:38:11.130788,0x433b0b38,13.18625,58.75,5.5,-72,1769996273,5,5
2026-02-01 17:40:17.580733,0x433abf20,13.2675,62.5,6.0,-76,1769996399,3,3
2026-02-01 17:41:36.909839,0x433b0098,13.25125,70.0,6.25,-61,1769996478,2,2
2026-02-01 17:43:13.690317,0x433b0b38,13.1825,75.0,6.0,-72,1769996575,5,5
2026-02-01 17:45:00.674343,0x433acb14,13.1525,66.25,3.5,-91,1769996682,3,3
2026-02-01 17:45:16.384436,0x433abf20,13.26625,65.0,5.5,-75,1769996698,3,3
2026-02-01 17:45:24.355213,0x433aad0c,13.26875,60.0,6.0,-76,1769996706,3,3
2026-02-01 17:47:27.105307,0x433af380,13.065,81.25,6.25,-39,1769996829,3,3
2026-02-01 17:47:43.198669,0x433ad35c,13.13875,63.75,6.5,-53,1769996845,3,3
2026-02-01 17:48:14.322674,0x433b0b38,13.18875,61.25,6.0,-71,1769996876,5,5
2026-02-01 17:50:02.114459,0x433acb14,13.1525,66.25,3.75,-90,1769996984,3,3
2026-02-01 17:50:17.488791,0x433abf20,13.265,62.5,5.75,-75,1769996999,3,3
2026-02-01 17:51:37.590954,0x433b0098,13.25125,61.25,5.75,-61,1769997079,2,2
2026-02-01 17:53:14.863816,0x433b0b38,13.185,60.0,6.0,-71,1769997176,5,5
2026-02-01 17:55:04.823441,0x433acb14,13.14875,71.25,2.0,-91,1769997286,3,3
2026-02-01 17:55:18.591405,0x433abf20,13.26625,62.5,5.5,-76,1769997300,3,3
2026-02-01 17:55:28.329729,0x433aad0c,13.2675,72.5,6.0,-76,1769997310,3,3
2026-02-01 17:57:42.752993,0x433ad35c,13.14125,66.25,5.75,-53,1769997444,3,3
2026-02-01 17:58:21.329093,0x433b0b38,13.1875,62.5,5.75,-72,1769997483,5,5
2026-02-01 18:00:06.227325,0x433acb14,13.15,73.75,2.5,-91,1769997588,3,3
2026-02-01 18:00:19.458259,0x433abf20,13.26125,80.0,5.25,-76,1769997601,3,3
2026-02-01 18:01:40.025983,0x433b0098,13.25,60.0,6.0,-61,1769997681,2,2
2026-02-01 18:03:18.870848,0x433b0b38,13.18625,62.5,5.75,-72,1769997780,5,5
2026-02-01 18:05:06.788350,0x433acb14,13.15125,66.25,1.5,-90,1769997888,3,3
2026-02-01 18:05:20.334876,0x433abf20,13.2625,73.75,5.5,-76,1769997902,3,3
2026-02-01 18:05:31.619361,0x433aad0c,13.26875,68.75,5.0,-76,1769997913,3,3
2026-02-01 18:07:45.827787,0x433ad35c,13.13625,76.25,6.0,-53,1769998047,3,3
2026-01-27 20:01:56.410841,0x433b0b38,13.25625,70.0,6.25,-71,1769572910,5,5
2026-01-27 20:03:25.789618,0x433acb14,13.26875,72.5,3.0,-93,1769572999,3,3
2026-01-27 20:06:01.186296,0x433abf20,13.255,136.25,5.75,-75,1769573155,3,3
2026-01-27 20:06:15.587940,0x433ad35c,13.2825,58.75,5.75,-53,1769573169,3,3
2026-01-27 20:06:56.828471,0x433b0b38,13.235,123.75,5.5,-71,1769573210,5,5
2026-01-27 20:08:18.608187,0x433b0098,13.2525,60.0,6.5,-62,1769573292,2,2
2026-01-27 20:08:27.856993,0x433acb14,13.27125,77.5,2.5,-95,1769573301,3,3
2026-01-27 20:11:01.264622,0x433abf20,13.27875,65.0,6.75,-73,1769573455,3,3
2026-01-27 20:11:58.707237,0x433b0b38,13.25625,76.25,6.25,-71,1769573512,5,5
2026-01-27 20:13:29.207722,0x433acb14,13.27,66.25,4.25,-89,1769573603,3,3
2026-01-27 20:16:03.572604,0x433abf20,13.27375,71.25,5.0,-55,1769573757,3,2
2026-01-27 20:16:17.558689,0x433ad35c,13.2775,71.25,6.75,-54,1769573771,3,3
2026-01-27 20:17:02.062905,0x433b0b38,13.2625,65.0,6.25,-71,1769573815,5,5
2026-01-27 20:18:22.363940,0x433b0098,13.2525,62.5,7.25,-63,1769573896,2,2
2026-01-27 20:18:29.592717,0x433acb14,13.2675,76.25,,-96,1769573903,3,3
2026-01-27 20:21:03.670951,0x433abf20,13.2775,60.0,5.5,-73,1769574057,3,3
2026-01-27 20:22:00.749390,0x433b0b38,13.26125,63.75,5.75,-70,1769574114,5,5
2026-01-27 20:23:31.393959,0x433acb14,13.27375,66.25,4.75,-89,1769574205,3,3
2026-01-27 20:26:04.477797,0x433abf20,13.27375,72.5,6.0,-76,1769574358,3,3
2026-01-27 20:26:22.135589,0x433ad35c,13.28125,62.5,6.5,-55,1769574376,3,3
2026-01-27 20:27:02.501583,0x433b0b38,13.26125,62.5,5.5,-71,1769574416,5,5
2026-01-27 20:28:24.809097,0x433b0098,13.24625,73.75,7.0,-62,1769574498,2,2
2026-01-27 20:28:32.144204,0x433acb14,13.27125,63.75,3.75,-91,1769574506,3,3
2026-01-27 20:31:06.418630,0x433abf20,13.27625,62.5,5.75,-75,1769574660,3,3
2026-01-27 20:31:11.946321,0x433af380,13.21125,71.25,7.0,-38,1769574665,3,3
2026-01-27 20:32:03.058830,0x433b0b38,13.2625,62.5,6.0,-71,1769574716,5,5
2026-01-27 20:33:34.159638,0x433acb14,13.27125,70.0,2.25,-94,1769574808,3,3
2026-01-27 20:36:07.188409,0x433abf20,13.27875,62.5,5.5,-76,1769574961,3,3
2026-01-27 20:36:23.085076,0x433ad35c,13.27875,75.0,6.0,-54,1769574976,3,3
2026-01-27 20:37:05.217991,0x433b0b38,13.26125,63.75,5.5,-71,1769575019,5,5
2026-01-27 20:38:28.880392,0x433b0098,13.2525,63.75,6.25,-64,1769575102,2,2
2026-01-27 20:38:34.769433,0x433acb14,13.2675,71.25,3.25,-91,1769575108,3,3
2026-01-27 20:41:08.456949,0x433abf20,13.27875,61.25,5.5,-76,1769575262,3,3
2026-01-27 20:42:05.570683,0x433b0b38,13.25875,55.0,6.25,-72,1769575319,5,5
2026-01-27 20:43:36.917229,0x433acb14,13.27125,65.0,4.75,-90,1769575410,3,3
2026-01-27 20:46:10.422487,0x433abf20,13.2775,61.25,6.0,-76,1769575564,3,3
2026-01-27 20:46:30.066325,0x433ad35c,13.2775,73.75,6.25,-54,1769575583,3,3
2026-01-27 20:47:06.896248,0x433b0b38,13.26,61.25,6.0,-72,1769575620,5,5
2026-01-27 20:48:31.302290,0x433b0098,13.25375,61.25,5.0,-72,1769575705,2,1
2026-01-27 20:48:38.081024,0x433acb14,13.27,65.0,3.75,-91,1769575711,3,3
2026-01-27 20:51:11.667893,0x433abf20,13.28,60.0,6.0,-75,1769575865,3,3
2026-01-27 20:52:08.367333,0x433b0b38,13.25875,61.25,6.0,-72,1769575922,5,5
2026-01-27 20:53:41.475305,0x433acb14,13.26875,76.25,3.75,-91,1769576015,3,3
2026-01-27 20:56:16.257688,0x433abf20,13.27625,78.75,5.5,-75,1769576170,3,3
2026-01-27 20:56:29.919638,0x433ad35c,13.2775,72.5,6.25,-53,1769576183,3,3
2026-01-27 20:57:10.394104,0x433b0b38,13.25,60.0,6.0,-72,1769576224,5,5
2026-01-27 20:58:32.669644,0x433b0098,13.24625,73.75,6.5,-61,1769576306,2,2
2026-01-27 20:58:40.144363,0x433acb14,13.27,66.25,3.75,-91,1769576313,3,3
2026-02-02 09:09:07.666826,0x433acb14,13.095,62.5,4.25,-89,1770052127,3,3
2026-02-02 09:09:34.901850,0x433aad0c,13.22125,62.5,5.75,-77,1770052155,3,3
2026-02-02 09:11:50.180513,0x433ad35c,13.07625,66.25,6.25,-53,1770052290,3,3
2026-02-02 09:12:23.281501,0x433b0b38,13.0775,73.75,6.0,-73,1770052323,5,5
2026-02-02 09:13:17.622930,0x433abf20,13.215,65.0,5.75,-76,1770052377,3,3
2026-02-02 09:14:08.097896,0x433acb14,13.095,75.0,3.75,-92,1770052428,3,3
2026-02-02 09:14:47.426268,0x433b0098,13.19,61.25,6.0,-60,1770052467,2,2
2026-02-02 09:17:23.738658,0x433b0b38,13.085,78.75,5.75,-74,1770052624,5,5
2026-02-02 09:18:17.767118,0x433abf20,13.2175,65.0,5.25,-76,1770052678,3,3
2026-02-02 09:19:10.190119,0x433acb14,13.0975,65.0,4.0,-91,1770052730,3,3
2026-02-02 09:19:37.387658,0x433aad0c,13.2175,71.25,5.75,-77,1770052757,3,3
2026-02-02 09:21:58.116990,0x433ad35c,13.0775,63.75,5.75,-53,1770052898,3,3
2026-02-02 09:22:25.000735,0x433b0b38,13.0825,60.0,5.75,-73,1770052925,5,5
2026-02-02 09:23:19.844312,0x433abf20,13.21375,76.25,6.0,-79,1770052980,3,3
2026-02-02 09:24:11.440237,0x433acb14,13.0975,66.25,3.5,-91,1770053031,3,3
2026-02-02 09:24:46.842174,0x433b0098,13.1925,61.25,6.5,-60,1770053067,2,2
2026-02-02 09:27:28.305987,0x433b0b38,13.0825,63.75,6.0,-73,1770053228,5,5
2026-02-02 09:28:19.104787,0x433abf20,13.21375,76.25,5.5,-75,1770053279,3,3
2026-02-02 09:29:12.093189,0x433acb14,13.09625,75.0,3.75,-91,1770053332,3,3
2026-02-02 09:29:40.364555,0x433aad0c,13.22125,61.25,5.5,-76,1770053360,3,3
2026-02-02 09:31:54.477089,0x433ad35c,13.07875,63.75,6.25,-54,1770053494,3,3
2026-02-02 09:32:30.468935,0x433b0b38,13.08,72.5,5.5,-73,1770053530,5,5
2026-02-02 09:33:20.329951,0x433abf20,13.2125,73.75,5.75,-75,1770053580,3,3
2026-02-02 09:34:13.273323,0x433acb14,13.09625,76.25,3.5,-93,1770053633,3,3
2026-02-02 09:34:48.309692,0x433b0098,13.185,72.5,6.0,-61,1770053668,2,2
2026-02-02 09:37:31.779320,0x433b0b38,13.08125,65.0,1.5,-73,1770053832,5,5
2026-02-02 09:38:20.350249,0x433abf20,13.21375,62.5,5.75,-75,1770053880,3,3
2026-02-02 09:39:14.537965,0x433acb14,13.095,75.0,3.5,-92,1770053934,3,3
2026-02-02 09:39:42.615998,0x433aad0c,13.2225,61.25,5.5,-76,1770053962,3,3
2026-02-02 09:41:58.095601,0x433ad35c,13.08125,63.75,5.75,-53,1770054098,3,3
2026-02-02 09:42:31.603094,0x433b0b38,13.08375,61.25,6.0,-73,1770054131,5,5
2026-02-02 09:43:20.690084,0x433abf20,13.215,65.0,5.5,-77,1770054180,3,3
2026-02-02 09:44:15.995022,0x433acb14,13.09625,91.25,4.0,-92,1770054236,3,3
2026-02-02 09:44:49.852740,0x433b0098,13.1925,58.75,5.5,-60,1770054270,2,2
2026-02-02 09:47:36.113747,0x433b0b38,13.085,61.25,5.75,-73,1770054436,5,5
2026-02-02 09:48:21.561054,0x433abf20,13.2125,73.75,5.5,-76,1770054481,3,3
2026-02-02 09:49:17.283341,0x433acb14,13.07875,130.0,3.5,-93,1770054537,3,3
2026-02-02 09:49:31.555298,0x433af380,13.0025,70.0,6.75,-38,1770054551,3,3
2026-02-02 09:49:44.986394,0x433aad0c,13.22,75.0,6.0,-76,1770054565,3,3
2026-02-02 09:52:03.481582,0x433ad35c,13.08375,60.0,6.5,-53,1770054703,3,3
2026-02-02 09:52:33.835409,0x433b0b38,13.07875,58.75,6.0,-73,1770054734,5,5
2026-02-02 09:53:22.643884,0x433abf20,13.21375,73.75,6.0,-76,1770054782,3,3
2026-02-02 09:54:18.938576,0x433acb14,13.1025,61.25,4.0,-92,1770054839,3,3
2026-02-02 09:54:51.439464,0x433b0098,13.195,62.5,6.0,-61,1770054871,2,2
2026-02-02 09:57:35.298079,0x433b0b38,13.0825,65.0,5.75,-74,1770055035,5,5
2026-02-02 09:58:22.270782,0x433abf20,13.21625,65.0,5.25,-76,1770055082,3,3
2026-02-02 09:59:20.884608,0x433acb14,13.105,66.25,4.5,-92,1770055141,3,3
2026-02-02 09:59:49.086834,0x433aad0c,13.22125,60.0,5.75,-76,1770055169,3,3
2026-02-02 10:02:03.256655,0x433ad35c,13.08625,62.5,6.25,-53,1770055303,3,3
2026-02-02 10:02:37.399061,0x433b0b38,13.08625,63.75,5.75,-73,1770055337,5,5
2026-02-02 10:03:23.007211,0x433abf20,13.21625,65.0,5.75,-76,1770055383,3,3
2026-02-02 10:04:20.861488,0x433acb14,13.10125,76.25,4.25,-91,1770055441,3,3
2026-02-02 10:04:55.088971,0x433b0098,13.18875,70.0,6.25,-61,1770055475,2,2
2026-02-02 10:07:38.099684,0x433b0b38,13.0825,61.25,6.0,-73,1770055638,5,5
2026-02-02 10:08:24.486777,0x433abf20,13.21125,77.5,5.75,-75,1770055684,3,3
2026-01-26 01:00:28.178264,0x433b0b38,13.25,60.0,6.5,-74,1769418026,5,5
2026-01-26 01:00:36.539321,0x433abf20,13.2625,62.5,5.0,-76,1769418034,3,3
2026-01-26 01:01:54.449768,0x433acb14,13.2925,62.5,3.5,-92,1769418112,3,3
2026-01-26 01:04:37.944052,0x433ad35c,13.27125,66.25,6.25,-53,1769418276,3,3
2026-01-26 01:05:28.721978,0x433b0b38,13.25125,62.5,7.25,-74,1769418326,5,5
2026-01-26 01:05:36.515197,0x433abf20,13.2575,75.0,5.5,-76,1769418334,3,3
2026-01-26 01:06:53.915335,0x433acb14,13.29375,62.5,3.25,-91,1769418411,3,3
2026-01-26 01:07:41.388470,0x433b0098,13.23875,63.75,5.75,-61,1769418459,2,2
2026-01-26 01:10:29.847795,0x433b0b38,13.24875,75.0,6.5,-74,1769418627,5,5
2026-01-26 01:11:54.552222,0x433acb14,13.29125,63.75,3.25,-91,1769418712,3,3
2026-01-26 01:14:39.623635,0x433ad35c,13.265,103.75,6.25,-53,1769418877,3,3
2026-01-26 01:15:32.279488,0x433b0b38,13.25375,65.0,5.5,-75,1769418930,5,5
2026-01-26 01:15:40.405477,0x433abf20,13.26125,66.25,6.0,-76,1769418938,3,3
2026-01-26 01:16:56.802272,0x433acb14,13.29,66.25,3.5,-91,1769419014,3,3
2026-01-26 01:17:43.227834,0x433b0098,13.24125,58.75,5.75,-61,1769419061,2,2
2026-01-26 01:20:34.002874,0x433b0b38,13.24875,61.25,7.0,-73,1769419232,5,5
2026-01-26 01:20:39.560957,0x433abf20,13.26125,65.0,5.75,-76,1769419237,3,3
2026-01-26 01:21:57.924679,0x433acb14,13.29125,60.0,4.0,-91,1769419315,3,3
2026-01-26 01:23:33.030187,0x433af380,13.195,83.75,6.25,-38,1769419411,3,3
2026-01-26 01:24:42.580059,0x433ad35c,13.26875,66.25,6.25,-53,1769419480,3,3
2026-01-26 01:25:35.814461,0x433b0b38,13.245,75.0,7.0,-74,1769419533,5,5
2026-01-26 01:25:41.613212,0x433abf20,13.26375,63.75,5.75,-76,1769419539,3,3
2026-01-26 01:26:59.469825,0x433acb14,13.29,63.75,3.75,-91,1769419617,3,3
2026-01-26 01:27:48.472279,0x433b0098,13.23125,73.75,6.25,-60,1769419666,2,2
2026-01-26 01:30:36.167541,0x433b0b38,13.25,58.75,6.25,-74,1769419834,5,5
2026-01-26 01:30:42.586509,0x433abf20,13.26,61.25,5.25,-77,1769419840,3,3
2026-01-26 01:32:00.272264,0x433acb14,13.28875,73.75,3.75,-92,1769419918,3,3
2026-01-26 01:34:47.229404,0x433ad35c,13.26875,61.25,6.5,-53,1769420085,3,3
2026-01-26 01:35:37.518719,0x433b0b38,13.24625,76.25,6.75,-74,1769420135,5,5
2026-01-26 01:35:42.755334,0x433abf20,13.255,81.25,5.75,-76,1769420140,3,3
2026-01-26 01:37:02.105062,0x433acb14,13.28875,73.75,3.75,-92,1769420220,3,3
2026-01-26 01:37:53.462591,0x433b0098,13.235,60.0,6.5,-61,1769420271,2,2
2026-01-26 01:40:42.771914,0x433b0b38,13.25,58.75,6.25,-60,1769420440,5,4
2026-01-26 01:40:45.829548,0x433abf20,13.25625,72.5,5.25,-76,1769420443,3,3
2026-01-26 01:42:02.877012,0x433acb14,13.29,68.75,4.0,-91,1769420520,3,3
2026-01-26 01:44:49.312739,0x433ad35c,13.26625,75.0,6.25,-53,1769420687,3,3
2026-01-26 01:45:41.944758,0x433b0b38,13.24875,58.75,7.0,-73,1769420739,5,5
2026-01-26 01:45:45.011908,0x433abf20,13.2575,73.75,5.75,-76,1769420743,3,3
2026-01-26 01:47:03.783317,0x433acb14,13.2925,65.0,4.0,-91,1769420821,3,3
2026-01-26 01:47:54.235260,0x433b0098,13.23625,63.75,5.75,-60,1769420872,2,2
2026-01-26 01:50:42.125342,0x433b0b38,13.24,92.5,6.5,-73,1769421040,5,5
2026-01-26 01:50:47.840414,0x433abf20,13.26125,63.75,5.0,-77,1769421045,3,3
2026-01-26 01:52:05.066611,0x433acb14,13.29,61.25,3.25,-91,1769421123,3,3
2026-01-26 01:54:53.661666,0x433ad35c,13.24875,138.75,6.0,-53,1769421291,3,3
2026-01-26 01:55:44.672134,0x433b0b38,13.24625,67.5,5.75,-73,1769421342,5,5
2026-01-26 01:55:47.755718,0x433abf20,13.23875,126.25,5.5,-76,1769421345,3,3
2026-01-26 01:57:07.386265,0x433acb14,13.29125,63.75,3.75,-91,1769421425,3,3
2026-01-26 01:57:54.016490,0x433b0098,13.23625,63.75,6.25,-60,1769421472,2,2
2026-01-26 06:01:51.873849,0x433abf20,13.26125,66.25,5.0,-76,1769436109,3,3
2026-01-26 06:01:55.264108,0x433b0b38,13.2475,58.75,0.75,-74,1769436112,5,5
2026-01-26 06:03:12.027576,0x433acb14,13.28125,58.75,3.5,-90,1769436189,3,3
2026-01-26 06:06:04.881218,0x433ad35c,13.265,61.25,5.75,-53,1769436362,3,3
2026-01-26 06:06:51.148296,0x433abf20,13.2575,62.5,5.5,-76,1769436408,3,3
2026-01-26 06:06:53.599574,0x433b0b38,13.2425,72.5,5.75,-74,1769436411,5,5
2026-01-26 06:08:12.394648,0x433acb14,13.2825,62.5,3.0,-91,1769436490,3,3
2026-01-26 06:08:56.451448,0x433b0098,13.235,58.75,7.25,-61,1769436534,2,2
2026-01-26 06:11:52.618737,0x433abf20,13.25875,75.0,5.5,-76,1769436710,3,3
2026-01-26 06:11:55.627158,0x433b0b38,13.24375,75.0,5.75,-74,1769436713,5,5
2026-01-26 06:13:14.062506,0x433acb14,13.2775,75.0,2.75,-90,1769436791,3,3
2026-01-26 06:16:07.786208,0x433ad35c,13.265,61.25,6.0,-53,1769436965,3,3
2026-01-26 06:16:53.293153,0x433abf20,13.2575,61.25,5.25,-76,1769437010,3,3
2026-01-26 06:16:57.580914,0x433b0b38,13.2475,61.25,5.5,-74,1769437015,5,5
2026-01-26 06:18:16.961664,0x433acb14,13.2775,77.5,4.75,-90,1769437094,3,3
2026-01-26 06:18:59.309805,0x433b0098,13.23375,63.75,7.25,-60,1769437136,2,2
2026-01-26 06:21:54.793671,0x433abf20,13.25875,58.75,5.0,-76,1769437312,3,3
2026-01-26 06:21:58.880294,0x433b0b38,13.2475,62.5,6.25,-75,1769437316,5,5
2026-01-26 06:23:20.706744,0x433acb14,13.2825,65.0,4.5,-90,1769437398,3,3
2026-01-26 06:24:21.981011,0x433af380,13.195,82.5,6.0,-39,1769437459,3,3
2026-01-26 06:26:09.185146,0x433ad35c,13.26375,63.75,6.0,-53,1769437566,3,3
2026-01-26 06:26:55.803126,0x433abf20,13.25375,75.0,6.0,-77,1769437613,3,3
2026-01-26 06:26:58.369332,0x433b0b38,13.245,60.0,6.5,-74,1769437615,5,5
2026-01-26 06:28:22.081284,0x433acb14,13.28125,63.75,4.75,-90,1769437699,3,3
2026-01-26 06:29:03.997548,0x433b0098,13.235,60.0,6.5,-60,1769437741,2,2
2026-01-26 06:31:55.781141,0x433abf20,13.26,62.5,5.5,-76,1769437913,3,3
2026-01-26 06:31:59.861864,0x433b0b38,13.2225,118.75,6.0,-74,1769437917,5,5
2026-01-26 06:33:19.621245,0x433acb14,13.28125,60.0,4.75,-90,1769437997,3,3
2026-01-26 06:36:12.460591,0x433ad35c,13.265,63.75,6.0,-53,1769438170,3,3
2026-01-26 06:36:58.428195,0x433abf20,13.25875,62.5,5.5,-75,1769438216,3,3
2026-01-26 06:37:01.598799,0x433b0b38,13.24875,66.25,6.75,-74,1769438219,5,5
2026-01-26 06:38:21.082055,0x433acb14,13.28,65.0,4.75,-90,1769438298,3,3
2026-01-26 06:39:06.099583,0x433b0098,13.19625,128.75,6.25,-61,1769438343,2,2
2026-01-26 06:41:58.826377,0x433abf20,13.25625,68.75,5.5,-77,1769438516,3,3
2026-01-26 06:42:04.371822,0x433b0b38,13.25,65.0,6.5,-74,1769438521,5,5
2026-01-26 06:43:22.305608,0x433acb14,13.275,71.25,5.0,-88,1769438599,3,3
2026-01-26 06:46:15.627343,0x433ad35c,13.26125,72.5,6.0,-53,1769438773,3,3
2026-01-26 06:46:59.047676,0x433abf20,13.255,71.25,5.75,-76,1769438816,3,3
2026-01-26 06:47:03.871276,0x433b0b38,13.215,128.75,6.0,-74,1769438821,5,5
2026-01-26 06:48:23.951325,0x433acb14,13.28,62.5,4.75,-88,1769438901,3,3
2026-01-26 06:49:11.525731,0x433b0098,13.22875,67.5,6.0,-59,1769438949,2,2
2026-01-26 06:52:02.675686,0x433abf20,13.2575,76.25,5.25,-76,1769439120,3,3
2026-01-26 06:52:07.406961,0x433b0b38,13.24125,67.5,5.75,-74,1769439124,5,5
2026-01-26 06:53:24.177702,0x433acb14,13.28,58.75,4.25,-89,1769439201,3,3
2026-01-26 06:56:17.916283,0x433ad35c,13.26625,80.0,6.0,-53,1769439375,3,3
2026-01-26 06:57:02.009875,0x433abf20,13.25875,66.25,5.5,-76,1769439419,3,3
2026-01-26 06:57:06.610361,0x433b0b38,13.24375,62.5,5.5,-75,1769439424,5,5
2026-01-26 06:58:27.922108,0x433acb14,13.28,63.75,4.25,-87,1769439505,3,3
2026-01-26 06:59:10.138586,0x433b0098,13.22625,73.75,6.25,-60,1769439547,2,2
2026-01-28 00:02:06.043208,0x433abf20,13.27125,73.75,5.75,-75,1769587319,3,3
2026-01-28 00:03:06.004538,0x433b0b38,13.25875,62.5,6.0,-73,1769587379,5,5
2026-01-28 00:04:29.589072,0x433acb14,13.265,67.5,5.25,-89,1769587463,3,3
2026-01-28 00:07:09.191725,0x433abf20,13.275,61.25,6.0,-75,1769587622,3,3
2026-01-28 00:07:17.040842,0x433ad35c,13.27375,72.5,6.0,-53,1769587630,3,3
2026-01-28 00:08:06.925489,0x433b0b38,13.25625,58.75,5.75,-72,1769587680,5,5
2026-01-28 00:09:20.906627,0x433b0098,13.24375,60.0,6.0,-61,1769587754,2,2
2026-01-28 00:09:32.300816,0x433acb14,13.2625,65.0,5.0,-89,1769587765,3,3
2026-01-28 00:12:09.614281,0x433abf20,13.27125,75.0,6.0,-76,1769587923,3,3
2026-01-28 00:13:06.468379,0x433b0b38,13.2575,62.5,5.75,-72,1769587980,5,5
2026-01-28 00:14:33.526260,0x433acb14,13.26,73.75,4.5,-91,1769588067,3,3
2026-01-28 00:17:08.865927,0x433abf20,13.27375,62.5,5.75,-75,1769588222,3,3
2026-01-28 00:17:19.597426,0x433ad35c,13.27375,76.25,5.5,-54,1769588233,3,3
2026-01-28 00:18:08.250544,0x433b0b38,13.25625,57.5,6.25,-72,1769588281,5,5
2026-01-28 00:19:24.135667,0x433b0098,13.2475,62.5,6.0,-60,1769588357,2,2
2026-01-28 00:19:33.968948,0x433acb14,13.2625,67.5,4.0,-90,1769588367,3,3
2026-01-28 00:22:12.181293,0x433abf20,13.27125,76.25,5.75,-74,1769588525,3,3
2026-01-28 00:23:09.768409,0x433b0b38,13.25125,67.5,6.0,-72,1769588583,5,5
2026-01-28 00:24:35.722048,0x433acb14,13.23625,131.25,4.5,-89,1769588669,3,3
2026-01-28 00:27:11.783313,0x433abf20,13.275,66.25,5.75,-76,1769588825,3,3
2026-01-28 00:27:22.754462,0x433ad35c,13.27625,66.25,6.75,-53,1769588836,3,3
2026-01-28 00:28:10.861966,0x433b0b38,13.25625,62.5,6.0,-72,1769588884,5,5
2026-01-28 00:29:26.760760,0x433b0098,13.25,70.0,6.5,-61,1769588960,2,2
2026-01-28 00:29:35.460391,0x433acb14,13.25875,76.25,4.0,-90,1769588968,3,3
2026-01-28 00:31:49.543815,0x433af380,13.19875,72.5,6.25,-39,1769589103,3,3
2026-01-28 00:32:14.753111,0x433abf20,13.27375,65.0,6.0,-75,1769589128,3,3
2026-01-28 00:33:12.251763,0x433b0b38,13.25125,73.75,5.75,-73,1769589185,5,5
2026-01-28 00:34:38.097615,0x433acb14,13.2325,141.25,4.5,-90,1769589271,3,3
2026-01-28 00:37:16.610251,0x433abf20,13.275,65.0,5.5,-76,1769589430,3,3
2026-01-28 00:37:24.753668,0x433ad35c,13.275,62.5,6.5,-54,1769589438,3,3
2026-01-28 00:38:17.125361,0x433b0b38,13.25625,63.75,5.75,-72,1769589490,5,5
2026-01-28 00:39:27.937125,0x433b0098,13.24125,70.0,6.25,-61,1769589561,2,2
2026-01-28 00:39:37.982105,0x433acb14,13.2625,66.25,4.5,-90,1769589571,3,3
2026-01-28 00:42:17.443399,0x433abf20,13.27125,76.25,5.75,-74,1769589730,3,3
2026-01-28 00:43:15.225757,0x433b0b38,13.25625,61.25,6.25,-73,1769589788,5,5
2026-01-28 00:44:40.628172,0x433acb14,13.26125,67.5,4.75,-88,1769589874,3,3
2026-01-28 00:47:21.022440,0x433abf20,13.27375,63.75,5.5,-75,1769590034,3,3
2026-01-28 00:47:28.494559,0x433ad35c,13.2725,77.5,6.0,-53,1769590041,3,3
2026-01-28 00:48:16.111733,0x433b0b38,13.25125,98.75,5.5,-72,1769590089,5,5
2026-01-28 00:49:30.952635,0x433b0098,13.2475,58.75,6.5,-61,1769590164,2,2
2026-01-28 00:49:41.641263,0x433acb14,13.25625,76.25,2.75,-91,1769590175,3,3
2026-01-28 00:52:20.654217,0x433abf20,13.27375,65.0,5.75,-75,1769590334,3,3
2026-01-28 00:53:19.151094,0x433b0b38,13.25125,73.75,5.75,-72,1769590392,5,5
2026-01-28 00:54:41.793698,0x433acb14,13.26125,63.75,4.75,-89,1769590475,3,3
2026-01-28 00:57:23.510793,0x433abf20,13.27,87.5,5.75,-75,1769590636,3,3
2026-01-28 00:57:29.899756,0x433ad35c,13.27125,75.0,6.25,-53,1769590643,3,3
2026-01-28 00:58:19.779604,0x433b0b38,13.25625,61.25,5.75,-73,1769590693,5,5
2026-01-28 00:59:32.723947,0x433b0098,13.24625,62.5,5.5,-61,1769590766,2,2
2026-01-28 00:59:43.050888,0x433acb14,13.26125,66.25,3.0,-91,1769590776,3,3
2026-01-29 03:04:36.047277,0x433ad35c,13.2475,77.5,6.25,-54,1769684666,3,3
2026-01-29 03:04:57.484385,0x433b0b38,13.23625,62.5,5.5,-70,1769684688,5,5
2026-01-29 03:05:12.939680,0x433b0098,13.225,62.5,7.25,-60,1769684703,2,2
2026-01-29 03:06:44.020189,0x433acb14,13.21,72.5,4.25,-85,1769684794,3,3
2026-01-29 03:08:11.296375,0x433abf20,13.25125,58.75,5.5,-75,1769684882,3,3
2026-01-29 03:09:59.087158,0x433b0b38,13.2325,61.25,6.0,-71,1769684989,5,5
2026-01-29 03:11:53.149717,0x433acb14,13.215,68.75,6.25,-73,1769685103,3,2
2026-01-29 03:12:07.948266,0x433aad0c,13.2425,58.75,5.75,-76,1769685118,3,3
2026-01-29 03:13:11.132477,0x433abf20,13.2275,137.5,5.5,-75,1769685181,3,3
2026-01-29 03:14:38.404877,0x433ad35c,13.2475,61.25,6.75,-55,1769685269,3,3
2026-01-29 03:15:00.349059,0x433b0b38,13.23125,62.5,6.0,-71,1769685291,5,5
2026-01-29 03:15:15.652173,0x433b0098,13.22375,63.75,5.75,-60,1769685306,2,2
2026-01-29 03:16:48.534932,0x433acb14,13.2125,77.5,4.5,-85,1769685399,3,3
2026-01-29 03:18:12.680230,0x433abf20,13.24875,73.75,5.75,-76,1769685483,3,3
2026-01-29 03:20:01.619807,0x433b0b38,13.2325,62.5,5.75,-71,1769685592,5,5
2026-01-29 03:21:50.509158,0x433acb14,13.215,62.5,4.75,-85,1769685701,3,3
2026-01-29 03:22:10.947436,0x433aad0c,13.23875,71.25,5.25,-75,1769685721,3,3
2026-01-29 03:23:11.270722,0x433abf20,13.23,123.75,5.25,-76,1769685782,3,3
2026-01-29 03:24:44.692262,0x433ad35c,13.245,72.5,6.25,-55,1769685875,3,3
2026-01-29 03:25:03.818577,0x433b0b38,13.22875,73.75,6.25,-71,1769685894,5,5
2026-01-29 03:25:19.453579,0x433b0098,13.22125,58.75,6.25,-60,1769685910,2,2
2026-01-29 03:27:01.662659,0x433acb14,13.21375,61.25,6.75,-74,1769686012,3,2
2026-01-29 03:30:04.935790,0x433b0b38,13.2325,62.5,5.5,-70,1769686195,5,5
2026-01-29 03:31:51.374283,0x433acb14,13.21,76.25,4.75,-85,1769686302,3,3
2026-01-29 03:32:12.790743,0x433aad0c,13.2375,76.25,5.75,-75,1769686323,3,3
2026-01-29 03:33:13.742813,0x433abf20,13.2525,61.25,5.25,-76,1769686384,3,3
2026-01-29 03:34:42.952390,0x433ad35c,13.2475,65.0,6.0,-55,1769686473,3,3
2026-01-29 03:35:05.430142,0x433b0b38,13.22875,66.25,6.5,-72,1769686496,5,5
2026-01-29 03:35:18.646647,0x433b0098,13.185,126.25,6.0,-59,1769686509,2,2
2026-01-29 03:36:06.795586,0x433af380,13.175,70.0,6.25,-38,1769686557,3,3
2026-01-29 03:36:57.011912,0x433acb14,13.21375,62.5,6.0,-86,1769686607,3,3
2026-01-29 03:38:13.800703,0x433abf20,13.24875,71.25,5.5,-75,1769686684,3,3
2026-01-29 03:40:07.849950,0x433b0b38,13.22875,72.5,6.25,-70,1769686798,5,5
2026-01-29 03:41:55.838872,0x433acb14,13.215,67.5,5.0,-85,1769686906,3,3
2026-01-29 03:42:20.621684,0x433aad0c,13.24375,63.75,6.0,-75,1769686931,3,3
2026-01-29 03:43:14.597077,0x433abf20,13.2325,123.75,5.25,-75,1769686985,3,3
2026-01-29 03:44:48.780097,0x433ad35c,13.24375,76.25,6.25,-56,1769687079,3,3
2026-01-29 03:45:09.166819,0x433b0b38,13.23125,61.25,6.25,-71,1769687099,5,5
2026-01-29 03:45:22.170821,0x433b0098,13.22,62.5,6.5,-60,1769687112,2,2
2026-01-29 03:46:56.065791,0x433acb14,13.21375,63.75,4.75,-86,1769687206,3,3
2026-01-29 03:48:16.899094,0x433abf20,13.25125,65.0,5.75,-76,1769687287,3,3
2026-01-29 03:50:09.613660,0x433b0b38,13.2325,60.0,6.75,-71,1769687400,5,5
2026-01-29 03:51:56.713235,0x433acb14,13.21375,63.75,4.75,-84,1769687507,3,3
2026-01-29 03:52:18.859816,0x433aad0c,13.24,62.5,5.75,-75,1769687529,3,3
2026-01-29 03:53:17.896624,0x433abf20,13.25125,62.5,5.5,-76,1769687588,3,3
2026-01-29 03:54:48.597070,0x433ad35c,13.22875,133.75,6.75,-56,1769687679,3,3
2026-01-29 03:55:11.771830,0x433b0b38,13.23125,62.5,5.75,-71,1769687702,5,5
2026-01-29 03:55:23.422114,0x433b0098,13.18375,130.0,5.75,-60,1769687714,2,2
2026-01-29 03:56:59.437782,0x433acb14,13.215,67.5,4.5,-85,1769687810,3,3
2026-01-29 03:58:19.846254,0x433abf20,13.24625,75.0,5.5,-76,1769687890,3,3
2026-01-29 04:00:12.937272,0x433b0b38,13.23125,61.25,5.75,-70,1769688003,5,5
2026-01-29 04:01:59.396514,0x433acb14,13.21125,66.25,4.5,-85,1769688110,3,3
2026-01-29 04:02:21.763423,0x433aad0c,13.24125,63.75,5.5,-75,1769688132,3,3
2026-02-02 13:09:06.037747,0x433abf20,13.24125,75.0,5.5,-75,1770066525,3,3
2026-02-02 13:10:15.928485,0x433acb14,13.13375,65.0,3.75,-93,1770066595,3,3
2026-02-02 13:10:41.275907,0x433aad0c,13.24125,61.25,4.0,-91,1770066621,3,3
2026-02-02 13:12:52.295921,0x433ad35c,13.11875,75.0,7.25,-54,1770066752,3,3
2026-02-02 13:13:28.628002,0x433b0b38,13.1075,61.25,5.75,-73,1770066788,5,5
2026-02-02 13:14:12.217327,0x433abf20,13.24375,65.0,5.5,-76,1770066832,3,3
2026-02-02 13:15:14.975195,0x433acb14,13.13375,77.5,1.25,-96,1770066894,3,3
2026-02-02 13:15:34.401612,0x433b0098,13.22875,60.0,6.0,-61,1770066914,2,2
2026-02-02 13:18:31.447853,0x433b0b38,13.10125,71.25,6.25,-72,1770067091,5,5
2026-02-02 13:19:07.382718,0x433abf20,13.24,76.25,5.5,-77,1770067127,3,3
2026-02-02 13:20:16.442910,0x433acb14,13.135,65.0,1.5,-95,1770067196,3,3
2026-02-02 13:20:42.717500,0x433aad0c,13.245,60.0,4.5,-91,1770067222,3,3
2026-02-02 13:22:55.586035,0x433ad35c,13.12375,63.75,6.75,-53,1770067355,3,3
2026-02-02 13:23:30.617277,0x433b0b38,13.105,77.5,6.25,-72,1770067390,5,5
2026-02-02 13:24:09.708637,0x433abf20,13.24375,66.25,5.5,-76,1770067429,3,3
2026-02-02 13:25:19.528569,0x433acb14,13.135,62.5,-0.75,-99,1770067499,3,3
2026-02-02 13:25:35.719033,0x433b0098,13.23,67.5,6.5,-61,1770067515,2,2
2026-02-02 13:28:32.881730,0x433b0b38,13.11,61.25,6.5,-71,1770067692,5,5
2026-02-02 13:29:17.648216,0x433abf20,13.245,65.0,6.25,-77,1770067737,3,3
2026-02-02 13:30:19.051924,0x433acb14,13.1375,65.0,2.75,-95,1770067798,3,3
2026-02-02 13:30:45.286729,0x433aad0c,13.24625,63.75,3.75,-93,1770067825,3,3
2026-02-02 13:32:59.240829,0x433ad35c,13.125,62.5,7.0,-54,1770067959,3,3
2026-02-02 13:33:34.068338,0x433b0b38,13.11,61.25,5.75,-73,1770067993,5,5
2026-02-02 13:34:14.044356,0x433abf20,13.2425,76.25,5.25,-76,1770068033,3,3
2026-02-02 13:35:19.394990,0x433acb14,13.13375,76.25,4.0,-91,1770068099,3,3
2026-02-02 13:35:38.151604,0x433b0098,13.23,58.75,6.5,-61,1770068117,2,2
2026-02-02 13:38:35.252324,0x433b0b38,13.11,60.0,5.75,-72,1770068295,5,5
2026-02-02 13:39:13.437918,0x433abf20,13.24625,65.0,5.25,-76,1770068333,3,3
2026-02-02 13:40:22.921700,0x433acb14,13.13875,65.0,3.25,-93,1770068402,3,3
2026-02-02 13:40:47.815341,0x433aad0c,13.2475,60.0,2.5,-92,1770068427,3,3
2026-02-02 13:43:01.253360,0x433ad35c,13.12625,65.0,6.0,-54,1770068561,3,3
2026-02-02 13:43:36.475089,0x433b0b38,13.11125,62.5,6.25,-73,1770068596,5,5
2026-02-02 13:44:16.409904,0x433abf20,13.2425,76.25,4.25,-92,1770068636,3,2
2026-02-02 13:45:23.672754,0x433acb14,13.13375,78.75,4.75,-87,1770068703,3,3
2026-02-02 13:45:38.556814,0x433b0098,13.2325,63.75,6.0,-62,1770068718,2,2
2026-02-02 13:48:37.567898,0x433b0b38,13.11375,62.5,7.75,-72,1770068897,5,5
2026-02-02 13:49:14.985597,0x433abf20,13.24625,63.75,5.75,-76,1770068934,3,3
2026-02-02 13:49:58.699043,0x433af380,13.02375,82.5,6.0,-38,1770068978,3,3
2026-02-02 13:50:30.446189,0x433acb14,13.135,76.25,4.25,-92,1770069010,3,3
2026-02-02 13:50:50.342623,0x433aad0c,13.24875,62.5,4.25,-92,1770069030,3,3
2026-02-02 13:53:03.680761,0x433ad35c,13.1225,76.25,6.25,-53,1770069163,3,3
2026-02-02 13:53:38.207517,0x433b0b38,13.11,75.0,5.75,-73,1770069198,5,5
2026-02-02 13:54:15.093906,0x433abf20,13.24625,65.0,6.0,-77,1770069234,3,3
2026-02-02 13:55:25.732468,0x433acb14,13.13625,75.0,2.75,-94,1770069305,3,3
2026-02-02 13:55:41.728416,0x433b0098,13.23375,61.25,6.5,-61,1770069321,2,2
2026-02-02 13:58:40.466634,0x433b0b38,13.11625,62.5,5.25,-73,1770069500,5,5
2026-02-02 13:59:16.590966,0x433abf20,13.245,62.5,5.75,-75,1770069536,3,3
2026-02-02 14:00:26.650846,0x433acb14,13.14,66.25,-2.0,-100,1770069606,3,3
2026-02-02 14:00:53.705406,0x433aad0c,13.25125,60.0,4.25,-92,1770069633,3,3
2026-02-02 14:03:06.174486,0x433ad35c,13.1275,65.0,6.75,-54,1770069765,3,3
2026-02-02 14:03:41.055075,0x433b0b38,13.11625,75.0,6.0,-73,1770069800,5,5
2026-02-02 14:04:18.880916,0x433abf20,13.2475,65.0,5.5,-76,1770069838,3,3
2026-02-02 14:05:28.082666,0x433acb14,13.14125,66.25,1.5,-97,1770069907,3,3
2026-02-02 14:05:43.283084,0x433b0098,13.23625,61.25,5.5,-62,1770069923,2,2
2026-02-02 14:08:42.171546,0x433b0b38,13.11875,62.5,6.5,-72,1770070101,5,5
2026-02-03 02:11:24.523605,0x433abf20,13.14375,75.0,5.75,-76,1770113463,3,3
2026-02-03 02:11:58.053885,0x433b0b38,13.0825,63.75,6.0,-73,1770113496,5,5
2026-02-03 02:13:43.448507,0x433acb14,13.07375,127.5,4.25,-86,1770113601,3,3
2026-02-03 02:14:08.967510,0x433aad0c,13.235,63.75,5.75,-76,1770113627,3,3
2026-02-03 02:16:23.286520,0x433ad35c,13.075,78.75,6.25,-53,1770113761,3,3
2026-02-03 02:16:26.258819,0x433abf20,13.1275,123.75,5.5,-76,1770113764,3,3
2026-02-03 02:16:57.639627,0x433b0b38,13.08125,65.0,5.75,-73,1770113796,5,5
2026-02-03 02:18:16.137706,0x433b0098,13.21125,65.0,6.5,-60,1770113874,2,2
2026-02-03 02:18:45.032227,0x433acb14,13.09625,77.5,4.25,-87,1770113903,3,3
2026-02-03 02:21:28.227248,0x433abf20,13.1475,68.75,5.75,-75,1770114066,3,3
2026-02-03 02:21:58.142836,0x433b0b38,13.07375,75.0,5.5,-73,1770114096,5,5
2026-02-03 02:23:44.793001,0x433acb14,13.07375,126.25,5.0,-86,1770114203,3,3
2026-02-03 02:24:12.647693,0x433aad0c,13.23125,73.75,5.5,-75,1770114231,3,3
2026-02-03 02:26:26.127949,0x433ad35c,13.07875,66.25,6.0,-52,1770114364,3,3
2026-02-03 02:26:28.805168,0x433abf20,13.14625,57.5,5.25,-76,1770114367,3,3
2026-02-03 02:27:00.514375,0x433b0b38,13.08,62.5,5.5,-73,1770114399,5,5
2026-02-03 02:28:12.218018,0x433b0098,13.21,62.5,6.25,-60,1770114470,2,2
2026-02-03 02:28:46.753494,0x433acb14,13.09875,66.25,5.5,-86,1770114505,3,3
2026-02-03 02:31:30.531328,0x433abf20,13.14625,67.5,5.75,-76,1770114669,3,3
2026-02-03 02:32:00.724839,0x433b0b38,13.075,76.25,6.25,-73,1770114699,5,5
2026-02-03 02:33:47.076501,0x433acb14,13.095,76.25,4.0,-86,1770114805,3,3
2026-02-03 02:34:15.183622,0x433aad0c,13.2275,75.0,5.75,-75,1770114833,3,3
2026-02-03 02:36:29.056808,0x433ad35c,13.07875,66.25,6.75,-53,1770114967,3,3
2026-02-03 02:36:31.395622,0x433abf20,13.145,78.75,5.5,-76,1770114969,3,3
2026-02-03 02:37:02.846196,0x433b0b38,13.07375,71.25,5.75,-72,1770115001,5,5
2026-02-03 02:38:13.693980,0x433b0098,13.20125,82.5,7.0,-60,1770115072,2,2
2026-02-03 02:38:48.842578,0x433acb14,13.09375,73.75,5.0,-86,1770115107,3,3
2026-02-03 02:41:32.703896,0x433abf20,13.14375,61.25,5.75,-75,1770115271,3,3
2026-02-03 02:42:04.727428,0x433b0b38,13.0725,71.25,5.75,-72,1770115303,5,5
2026-02-03 02:43:50.438634,0x433acb14,13.09625,66.25,5.0,-87,1770115408,3,3
2026-02-03 02:44:17.677750,0x433aad0c,13.23125,63.75,5.25,-75,1770115436,3,3
2026-02-03 02:46:32.629357,0x433abf20,13.12375,125.0,5.25,-75,1770115571,3,3
2026-02-03 02:46:36.600647,0x433ad35c,13.07875,66.25,5.75,-53,1770115575,3,3
2026-02-03 02:47:06.039705,0x433b0b38,13.075,76.25,5.75,-72,1770115604,5,5
2026-02-03 02:48:15.330538,0x433b0098,13.17,130.0,6.75,-60,1770115673,2,2
2026-02-03 02:48:52.362928,0x433acb14,13.095,67.5,5.0,-86,1770115710,3,3
2026-02-03 02:51:33.965411,0x433abf20,13.13875,73.75,5.75,-76,1770115872,3,3
2026-02-03 02:51:39.337240,0x433af380,12.99,71.25,6.5,-38,1770115877,3,3
2026-02-03 02:52:06.094226,0x433b0b38,13.0775,63.75,5.5,-72,1770115904,5,5
2026-02-03 02:53:55.455223,0x433acb14,13.095,62.5,5.25,-86,1770116013,3,3
2026-02-03 02:54:21.504365,0x433aad0c,13.235,62.5,5.75,-75,1770116039,3,3
2026-02-03 02:56:32.812819,0x433ad35c,13.0775,63.75,5.75,-53,1770116171,3,3
2026-02-03 02:56:36.079875,0x433abf20,13.14125,67.5,5.5,-75,1770116174,3,3
2026-02-03 02:57:07.338936,0x433b0b38,13.07125,75.0,5.5,-72,1770116205,5,5
2026-02-03 02:58:19.249048,0x433b0098,13.205,75.0,6.5,-60,1770116277,2,2
2026-02-03 02:58:56.789309,0x433acb14,13.09125,77.5,4.75,-87,1770116315,3,3
2026-02-03 03:01:36.210226,0x433abf20,13.14,62.5,5.5,-76,1770116474,3,3
2026-02-03 03:02:08.617774,0x433b0b38,13.075,60.0,5.5,-73,1770116507,5,5
2026-02-03 03:03:55.334167,0x433acb14,13.09375,65.0,6.5,-86,1770116613,3,3
2026-02-03 03:04:23.423657,0x433aad0c,13.23125,63.75,6.0,-75,1770116641,3,3
2026-02-03 03:06:37.327637,0x433abf20,13.14,62.5,5.75,-75,1770116775,3,3
2026-02-03 03:06:40.492647,0x433ad35c,13.075,76.25,5.75,-53,1770116778,3,3
2026-02-03 03:07:09.873261,0x433b0b38,13.0675,78.75,6.0,-72,1770116808,5,5
2026-02-03 03:08:18.665089,0x433b0098,13.2075,63.75,6.0,-60,1770116877,2,2
2026-02-03 03:08:56.589486,0x433acb14,13.095,66.25,6.25,-86,1770116915,3,3
2026-01-27 08:03:01.047187,0x433ad35c,13.24875,67.5,5.75,-55,1769529776,3,3
2026-01-27 08:03:47.052032,0x433b0b38,13.23125,75.0,5.25,-70,1769529822,5,5
2026-01-27 08:05:04.012903,0x433b0098,13.20625,72.5,5.75,-60,1769529899,2,2
2026-01-27 08:05:14.657212,0x433acb14,13.25375,62.5,5.0,-85,1769529909,3,3
2026-01-27 08:07:51.858915,0x433abf20,13.2325,123.75,5.75,-75,1769530066,3,3
2026-01-27 08:08:48.312670,0x433b0b38,13.22875,75.0,5.75,-70,1769530123,5,5
2026-01-27 08:10:13.522723,0x433acb14,13.255,67.5,5.75,-86,1769530208,3,3
2026-01-27 08:12:52.610170,0x433abf20,13.25125,65.0,5.5,-75,1769530367,3,3
2026-01-27 08:13:04.007085,0x433ad35c,13.24875,67.5,6.75,-54,1769530379,3,3
2026-01-27 08:13:49.601170,0x433b0b38,13.2325,58.75,5.75,-70,1769530424,5,5
2026-01-27 08:15:06.063166,0x433b0098,13.2125,61.25,6.0,-60,1769530501,2,2
2026-01-27 08:15:16.823919,0x433acb14,13.2525,66.25,4.25,-87,1769530511,3,3
2026-01-27 08:17:53.681039,0x433abf20,13.24875,60.0,5.5,-75,1769530668,3,3
2026-01-27 08:18:50.901706,0x433b0b38,13.22875,70.0,5.25,-70,1769530726,5,5
2026-01-27 08:20:21.121075,0x433acb14,13.2525,65.0,4.0,-88,1769530816,3,3
2026-01-27 08:22:55.356189,0x433abf20,13.24625,76.25,5.75,-76,1769530970,3,3
2026-01-27 08:23:06.617296,0x433ad35c,13.245,72.5,6.75,-54,1769530981,3,3
2026-01-27 08:23:52.912138,0x433b0b38,13.2325,63.75,6.25,-71,1769531028,5,5
2026-01-27 08:25:08.760445,0x433b0098,13.21125,61.25,6.25,-59,1769531103,2,2
2026-01-27 08:25:17.173865,0x433acb14,13.25125,65.0,4.0,-88,1769531112,3,3
2026-01-27 08:27:59.061998,0x433abf20,13.25,65.0,5.5,-75,1769531274,3,3
2026-01-27 08:28:54.686483,0x433b0b38,13.23125,61.25,6.0,-72,1769531329,5,5
2026-01-27 08:29:04.116681,0x433af380,13.1875,65.0,6.75,-38,1769531339,3,3
2026-01-27 08:30:18.434415,0x433acb14,13.24875,76.25,5.5,-89,1769531413,3,3
2026-01-27 08:33:01.560034,0x433abf20,13.2475,75.0,5.75,-75,1769531576,3,3
2026-01-27 08:33:08.428239,0x433ad35c,13.24625,61.25,6.0,-54,1769531583,3,3
2026-01-27 08:33:57.040986,0x433b0b38,13.2275,72.5,5.75,-71,1769531632,5,5
2026-01-27 08:35:12.405380,0x433b0098,13.205,73.75,5.75,-59,1769531707,2,2
2026-01-27 08:35:20.317700,0x433acb14,13.25375,61.25,4.25,-88,1769531715,3,3
2026-01-27 08:38:00.248514,0x433abf20,13.2475,73.75,5.5,-76,1769531875,3,3
2026-01-27 08:38:57.182586,0x433b0b38,13.2275,68.75,6.0,-72,1769531932,5,5
2026-01-27 08:40:24.010525,0x433acb14,13.2475,76.25,4.25,-89,1769532019,3,3
2026-01-27 08:43:00.753549,0x433abf20,13.25,62.5,6.0,-74,1769532175,3,3
2026-01-27 08:43:11.003248,0x433ad35c,13.245,77.5,6.0,-53,1769532186,3,3
2026-01-27 08:43:58.484769,0x433b0b38,13.2325,65.0,5.75,-71,1769532233,5,5
2026-01-27 08:45:17.362970,0x433b0098,13.2075,73.75,5.5,-59,1769532312,2,2
2026-01-27 08:45:24.813875,0x433acb14,13.25375,65.0,5.25,-86,1769532319,3,3
2026-01-27 08:48:01.871142,0x433abf20,13.24625,75.0,5.75,-74,1769532476,3,3
2026-01-27 08:48:58.849839,0x433b0b38,13.22625,62.5,5.75,-72,1769532533,5,5
2026-01-27 08:50:26.963448,0x433acb14,13.25375,65.0,3.5,-91,1769532622,3,3
2026-01-27 08:53:03.897944,0x433abf20,13.25,66.25,6.75,-75,1769532778,3,3
2026-01-27 08:53:19.018123,0x433ad35c,13.24875,65.0,5.75,-54,1769532794,3,3
2026-01-27 08:54:00.382925,0x433b0b38,13.23,61.25,5.5,-73,1769532835,5,5
2026-01-27 08:55:19.701998,0x433b0098,13.2125,58.75,5.5,-60,1769532914,2,2
2026-01-27 08:55:27.155742,0x433acb14,13.25625,67.5,4.5,-90,1769532922,3,3
2026-01-27 08:58:06.023252,0x433abf20,13.25,62.5,7.25,-74,1769533081,3,3
2026-01-27 08:59:02.862686,0x433b0b38,13.22625,73.75,5.75,-73,1769533137,5,5
2026-01-27 09:00:27.818802,0x433acb14,13.2525,66.25,3.25,-90,1769533222,3,3
2026-01-27 18:01:25.212706,0x433b0b38,13.26125,61.25,5.75,-72,1769565679,5,5
2026-01-27 18:02:53.686945,0x433acb14,13.275,61.25,3.75,-91,1769565767,3,3
2026-01-27 18:05:28.175037,0x433abf20,13.27875,65.0,5.75,-75,1769565922,3,3
2026-01-27 18:05:42.895061,0x433ad35c,13.285,63.75,6.5,-53,1769565937,3,3
2026-01-27 18:06:26.607145,0x433b0b38,13.25875,70.0,5.75,-72,1769565980,5,5
2026-01-27 18:07:46.803140,0x433b0098,13.25625,60.0,6.0,-60,1769566060,2,2
2026-01-27 18:07:57.236355,0x433acb14,13.2725,75.0,2.5,-92,1769566071,3,3
2026-01-27 18:10:29.641464,0x433abf20,13.2775,75.0,5.5,-75,1769566223,3,3
2026-01-27 18:11:27.958551,0x433b0b38,13.25625,73.75,5.75,-72,1769566282,5,5
2026-01-27 18:12:58.719148,0x433acb14,13.27625,67.5,-0.5,-94,1769566372,3,3
2026-01-27 18:15:30.743175,0x433abf20,13.27875,63.75,5.5,-75,1769566524,3,3
2026-01-27 18:15:46.316425,0x433ad35c,13.28375,63.75,6.5,-54,1769566540,3,3
2026-01-27 18:16:32.575880,0x433b0b38,13.2575,75.0,6.0,-72,1769566586,5,5
2026-01-27 18:17:50.548862,0x433b0098,13.25375,62.5,7.0,-60,1769566664,2,2
2026-01-27 18:17:57.872713,0x433acb14,13.27,65.0,1.0,-92,1769566671,3,3
2026-01-27 18:20:33.634039,0x433abf20,13.275,73.75,6.0,-74,1769566827,3,3
2026-01-27 18:21:31.054207,0x433b0b38,13.25875,63.75,6.25,-72,1769566885,5,5
2026-01-27 18:23:00.280802,0x433acb14,13.27625,66.25,1.5,-92,1769566974,3,3
2026-01-27 18:25:33.042898,0x433abf20,13.28,65.0,5.5,-74,1769567127,3,3
2026-01-27 18:25:47.925665,0x433ad35c,13.28125,73.75,5.75,-53,1769567142,3,3
2026-01-27 18:26:31.918255,0x433b0b38,13.25875,77.5,6.0,-73,1769567186,5,5
2026-01-27 18:27:53.411852,0x433b0098,13.24625,73.75,6.0,-60,1769567267,2,2
2026-01-27 18:28:02.477905,0x433acb14,13.27125,91.25,3.75,-91,1769567276,3,3
2026-01-27 18:30:34.844357,0x433abf20,13.275,76.25,5.5,-75,1769567428,3,3
2026-01-27 18:30:48.372122,0x433af380,13.21875,71.25,6.0,-38,1769567442,3,3
2026-01-27 18:31:32.622401,0x433b0b38,13.25875,72.5,5.5,-72,1769567486,5,5
2026-01-27 18:33:02.895292,0x433acb14,13.27375,67.5,1.75,-91,1769567576,3,3
2026-01-27 18:35:36.301519,0x433abf20,13.28,63.75,5.25,-75,1769567730,3,3
2026-01-27 18:35:54.398681,0x433ad35c,13.28125,72.5,6.5,-54,1769567748,3,3
2026-01-27 18:36:34.165925,0x433b0b38,13.26125,63.75,5.5,-72,1769567788,5,5
2026-01-27 18:37:55.547413,0x433b0098,13.2475,70.0,6.0,-60,1769567869,2,2
2026-01-27 18:38:03.566979,0x433acb14,13.275,62.5,0.25,-92,1769567877,3,3
2026-01-27 18:40:40.059729,0x433abf20,13.275,75.0,5.75,-76,1769568034,3,3
2026-01-27 18:41:35.623394,0x433b0b38,13.25625,62.5,5.75,-73,1769568089,5,5
2026-01-27 18:43:05.784325,0x433acb14,13.27125,76.25,3.0,-89,1769568179,3,3
2026-01-27 18:45:39.928668,0x433abf20,13.27875,62.5,5.75,-75,1769568333,3,3
2026-01-27 18:45:55.730148,0x433ad35c,13.28375,73.75,5.75,-53,1769568349,3,3
2026-01-27 18:46:36.116296,0x433b0b38,13.25875,75.0,6.0,-70,1769568390,5,5
2026-01-27 18:47:59.270631,0x433b0098,13.25125,57.5,6.75,-59,1769568473,2,2
2026-01-27 18:48:06.114040,0x433acb14,13.27125,76.25,4.75,-90,1769568480,3,3
2026-01-27 18:50:40.503105,0x433abf20,13.27625,76.25,6.0,-75,1769568634,3,3
2026-01-27 18:51:38.104834,0x433b0b38,13.265,63.75,6.0,-72,1769568692,5,5
2026-01-27 18:53:06.714477,0x433acb14,13.27375,62.5,3.75,-92,1769568780,3,3
2026-01-27 18:55:42.304565,0x433abf20,13.27875,65.0,5.5,-75,1769568936,3,3
2026-01-27 18:55:57.899081,0x433ad35c,13.28375,66.25,6.0,-53,1769568951,3,3
2026-01-27 18:56:38.656116,0x433b0b38,13.265,63.75,6.0,-72,1769568992,5,5
2026-01-27 18:58:01.238614,0x433b0098,13.25125,61.25,7.25,-60,1769569075,2,2
2026-01-27 18:58:08.000206,0x433acb14,13.27,73.75,3.75,-91,1769569082,3,3
2026-01-27 19:00:42.935278,0x433abf20,13.27625,72.5,5.75,-76,1769569236,3,3
2026-01-26 21:00:19.110930,0x433abf20,13.2725,62.5,3.25,-76,1769490015,3,3
2026-01-26 21:00:54.902678,0x433b0b38,13.2625,58.75,4.75,-74,1769490051,5,5
2026-01-26 21:02:11.983560,0x433acb14,13.27625,77.5,4.0,-88,1769490128,3,3
2026-01-26 21:02:19.075666,0x433b0098,13.245,75.0,7.25,-60,1769490135,2,2
2026-01-26 21:05:15.702038,0x433abf20,13.25125,126.25,5.5,-75,1769490311,3,3
2026-01-26 21:05:54.322725,0x433b0b38,13.26125,63.75,6.75,-75,1769490350,5,5
2026-01-26 21:07:12.701792,0x433acb14,13.27375,76.25,4.25,-87,1769490428,3,3
2026-01-26 21:10:06.293119,0x433ad35c,13.275,65.0,6.0,-53,1769490602,3,3
2026-01-26 21:10:16.250528,0x433abf20,13.24875,136.25,6.25,-76,1769490612,3,3
2026-01-26 21:10:56.768317,0x433b0b38,13.255,75.0,5.75,-74,1769490652,5,5
2026-01-26 21:12:13.109219,0x433acb14,13.27875,62.5,5.25,-86,1769490729,3,3
2026-01-26 21:12:22.702436,0x433b0098,13.24625,73.75,6.5,-60,1769490738,2,2
2026-01-26 21:15:17.463925,0x433abf20,13.26625,72.5,5.75,-76,1769490913,3,3
2026-01-26 21:15:57.647414,0x433b0b38,13.2575,75.0,6.25,-73,1769490953,5,5
2026-01-26 21:17:15.581299,0x433acb14,13.275,73.75,4.25,-87,1769491031,3,3
2026-01-26 21:20:09.326442,0x433ad35c,13.27625,65.0,6.75,-54,1769491205,3,3
2026-01-26 21:20:20.514705,0x433abf20,13.2675,75.0,5.75,-76,1769491216,3,3
2026-01-26 21:20:58.273957,0x433b0b38,13.26125,61.25,7.0,-73,1769491254,5,5
2026-01-26 21:22:16.596519,0x433acb14,13.2775,62.5,4.5,-87,1769491332,3,3
2026-01-26 21:22:22.780115,0x433b0098,13.2475,75.0,7.0,-60,1769491338,2,2
2026-01-26 21:25:20.052333,0x433abf20,13.27,61.25,5.75,-76,1769491516,3,3
2026-01-26 21:26:00.401509,0x433b0b38,13.2625,65.0,6.0,-73,1769491556,5,5
2026-01-26 21:26:41.619111,0x433af380,13.2225,72.5,6.5,-38,1769491597,3,3
2026-01-26 21:27:17.474910,0x433acb14,13.27875,76.25,5.25,-85,1769491633,3,3
2026-01-26 21:30:14.414771,0x433ad35c,13.275,61.25,6.5,-53,1769491810,3,3
2026-01-26 21:30:20.582431,0x433abf20,13.2675,75.0,5.25,-76,1769491816,3,3
2026-01-26 21:31:01.699681,0x433b0b38,13.26125,63.75,5.75,-73,1769491857,5,5
2026-01-26 21:32:19.195481,0x433acb14,13.2775,66.25,4.0,-88,1769491935,3,3
2026-01-26 21:32:25.587799,0x433b0098,13.24125,71.25,7.25,-59,1769491941,2,2
2026-01-26 21:35:21.585420,0x433abf20,13.26875,63.75,5.75,-77,1769492117,3,3
2026-01-26 21:36:03.209517,0x433b0b38,13.25875,62.5,6.75,-74,1769492159,5,5
2026-01-26 21:37:19.369342,0x433acb14,13.2775,62.5,5.5,-86,1769492235,3,3
2026-01-26 21:40:15.549578,0x433ad35c,13.2725,73.75,6.0,-54,1769492411,3,3
2026-01-26 21:40:23.692041,0x433abf20,13.27,90.0,5.5,-76,1769492419,3,3
2026-01-26 21:41:06.372182,0x433b0b38,13.25875,62.5,6.75,-74,1769492462,5,5
2026-01-26 21:42:21.497612,0x433acb14,13.2725,80.0,5.25,-87,1769492537,3,3
2026-01-26 21:42:27.932718,0x433b0098,13.25,62.5,7.0,-60,1769492544,2,2
2026-01-26 21:45:25.104463,0x433abf20,13.265,76.25,5.5,-76,1769492721,3,3
2026-01-26 21:46:06.254063,0x433b0b38,13.25875,60.0,6.5,-74,1769492762,5,5
2026-01-26 21:47:22.787729,0x433acb14,13.27125,80.0,4.0,-87,1769492838,3,3
2026-01-26 21:50:18.011621,0x433ad35c,13.2725,61.25,6.25,-54,1769493014,3,3
2026-01-26 21:50:25.484971,0x433abf20,13.26875,66.25,5.25,-76,1769493021,3,3
2026-01-26 21:51:09.453739,0x433b0b38,13.25875,63.75,6.5,-73,1769493065,5,5
2026-01-26 21:52:24.348403,0x433acb14,13.27375,77.5,4.25,-88,1769493140,3,3
2026-01-26 21:52:29.995451,0x433b0098,13.2475,61.25,6.75,-59,1769493146,2,2
2026-01-26 21:55:26.759647,0x433abf20,13.265,75.0,6.0,-77,1769493322,3,3
2026-01-26 21:56:08.891741,0x433b0b38,13.2575,57.5,5.25,-74,1769493364,5,5
2026-01-26 21:57:24.777800,0x433acb14,13.27375,66.25,4.75,-87,1769493440,3,3
2026-01-28 07:03:57.489182,0x433abf20,13.265,75.0,6.0,-75,1769612630,3,3
2026-01-28 07:04:55.480965,0x433b0b38,13.2475,60.0,5.25,-72,1769612688,5,5
2026-01-28 07:06:22.690560,0x433acb14,13.24625,77.5,4.5,-90,1769612775,3,3
2026-01-28 07:08:59.350384,0x433abf20,13.26625,61.25,6.0,-75,1769612932,3,3
2026-01-28 07:09:14.715298,0x433ad35c,13.2675,63.75,6.5,-53,1769612947,3,3
2026-01-28 07:09:57.642445,0x433b0b38,13.25,63.75,5.5,-72,1769612990,5,5
2026-01-28 07:11:03.775529,0x433b0098,13.235,73.75,6.25,-61,1769613056,2,2
2026-01-28 07:11:22.639916,0x433acb14,13.24625,65.0,4.5,-89,1769613075,3,3
2026-01-28 07:14:00.085242,0x433abf20,13.26375,102.5,6.0,-74,1769613232,3,3
2026-01-28 07:14:58.149112,0x433b0b38,13.24875,62.5,5.5,-72,1769613290,5,5
2026-01-28 07:16:23.900914,0x433acb14,13.245,67.5,4.0,-91,1769613376,3,3
2026-01-28 07:19:01.130050,0x433abf20,13.2675,65.0,6.0,-75,1769613533,3,3
2026-01-28 07:19:15.960965,0x433ad35c,13.2675,61.25,6.0,-54,1769613548,3,3
2026-01-28 07:19:58.753903,0x433b0b38,13.24875,65.0,5.75,-72,1769613591,5,5
2026-01-28 07:21:08.045877,0x433b0098,13.23375,71.25,6.0,-61,1769613660,2,2
2026-01-28 07:21:28.033346,0x433acb14,13.24125,78.75,5.75,-89,1769613680,3,3
2026-01-28 07:24:02.928432,0x433abf20,13.2675,66.25,6.0,-75,1769613835,3,3
2026-01-28 07:25:00.280415,0x433b0b38,13.24375,71.25,6.0,-73,1769613893,5,5
2026-01-28 07:26:28.586267,0x433acb14,13.245,63.75,5.0,-89,1769613981,3,3
2026-01-28 07:29:03.598662,0x433abf20,13.2625,76.25,6.0,-75,1769614136,3,3
2026-01-28 07:29:19.765004,0x433ad35c,13.26375,73.75,6.25,-53,1769614152,3,3
2026-01-28 07:30:01.879277,0x433b0b38,13.24375,72.5,5.75,-73,1769614194,5,5
2026-01-28 07:31:10.372600,0x433b0098,13.23875,60.0,6.25,-60,1769614263,2,2
2026-01-28 07:31:28.674865,0x433acb14,13.24125,77.5,5.0,-88,1769614281,3,3
2026-01-28 07:33:15.714224,0x433af380,13.195,75.0,6.0,-39,1769614388,3,3
2026-01-28 07:34:05.555692,0x433abf20,13.26625,67.5,6.0,-75,1769614438,3,3
2026-01-28 07:35:02.540699,0x433b0b38,13.25125,63.75,5.75,-72,1769614495,5,5
2026-01-28 07:36:35.285559,0x433acb14,13.24,72.5,4.0,-91,1769614588,3,3
2026-01-28 07:39:06.784953,0x433abf20,13.26375,75.0,6.25,-75,1769614739,3,3
2026-01-28 07:39:21.624219,0x433ad35c,13.26875,62.5,6.25,-53,1769614754,3,3
2026-01-28 07:40:04.598244,0x433b0b38,13.245,71.25,6.0,-73,1769614797,5,5
2026-01-28 07:41:12.651412,0x433b0098,13.2325,70.0,5.5,-61,1769614865,2,2
2026-01-28 07:41:32.617942,0x433acb14,13.24625,65.0,4.0,-90,1769614885,3,3
2026-01-28 07:44:08.797120,0x433abf20,13.26875,66.25,6.25,-75,1769615041,3,3
2026-01-28 07:45:05.736996,0x433b0b38,13.25,65.0,5.75,-72,1769615098,5,5
2026-01-28 07:46:31.773575,0x433acb14,13.24,75.0,3.75,-91,1769615184,3,3
2026-01-28 07:49:09.663622,0x433abf20,13.26625,65.0,5.75,-75,1769615342,3,3
2026-01-28 07:49:24.513589,0x433ad35c,13.26875,61.25,6.0,-53,1769615357,3,3
2026-01-28 07:50:06.717541,0x433b0b38,13.24625,75.0,5.75,-73,1769615399,5,5
2026-01-28 07:51:14.124399,0x433b0098,13.2375,57.5,6.25,-61,1769615466,2,2
2026-01-28 07:51:35.985969,0x433acb14,13.24,71.25,3.75,-91,1769615488,3,3
2026-01-28 07:54:10.055139,0x433abf20,13.2675,65.0,6.5,-74,1769615642,3,3
2026-01-28 07:55:07.585730,0x433b0b38,13.245,76.25,6.0,-73,1769615700,5,5
2026-01-28 07:56:35.518304,0x433acb14,13.24,77.5,3.75,-91,1769615788,3,3
2026-01-28 07:59:12.137694,0x433abf20,13.2675,62.5,5.75,-75,1769615944,3,3
2026-01-28 07:59:28.505351,0x433ad35c,13.2625,72.5,6.25,-54,1769615961,3,3
2026-01-28 08:00:09.416171,0x433b0b38,13.2425,68.75,5.75,-73,1769616002,5,5
2026-01-28 08:01:18.865870,0x433b0098,13.23375,73.75,6.0,-61,1769616071,2,2
2026-01-28 08:01:36.276084,0x433acb14,13.24375,63.75,3.5,-92,1769616089,3,3
2026-01-30 17:05:07.586594,0x433b0b38,13.25375,75.0,6.5,-72,1769821494,5,5
2026-01-30 17:05:42.996222,0x433abf20,13.2725,65.0,5.5,-76,1769821530,3,3
2026-01-30 17:06:58.075722,0x433acb14,13.20625,61.25,3.25,-91,1769821605,3,3
2026-01-30 17:10:08.858305,0x433b0b38,13.255,75.0,5.75,-72,1769821795,5,5
2026-01-30 17:10:46.541264,0x433abf20,13.27,76.25,6.0,-76,1769821833,3,3
2026-01-30 17:11:59.836142,0x433acb14,13.205,63.75,4.25,-89,1769821906,3,3
2026-01-30 17:12:20.891346,0x433b0098,13.24375,70.0,6.0,-61,1769821927,2,2
2026-01-30 17:12:24.132473,0x433aad0c,13.27125,73.75,6.0,-76,1769821931,3,3
2026-01-30 17:14:43.551882,0x433ad35c,13.26875,61.25,6.25,-54,1769822070,3,3
2026-01-30 17:15:10.357353,0x433b0b38,13.25875,63.75,6.0,-72,1769822097,5,5
2026-01-30 17:15:45.362700,0x433abf20,13.27375,68.75,5.5,-77,1769822132,3,3
2026-01-30 17:17:00.617567,0x433acb14,13.20125,71.25,3.5,-92,1769822207,3,3
2026-01-30 17:20:14.002480,0x433b0b38,13.2575,65.0,6.0,-73,1769822401,5,5
2026-01-30 17:20:46.137749,0x433abf20,13.27125,77.5,5.25,-75,1769822433,3,3
2026-01-30 17:22:01.406023,0x433acb14,13.20125,76.25,4.0,-91,1769822508,3,3
2026-01-30 17:22:21.997396,0x433b0098,13.2525,61.25,6.25,-61,1769822529,2,2
2026-01-30 17:22:28.706978,0x433aad0c,13.27375,57.5,5.5,-76,1769822535,3,3
2026-01-30 17:24:46.234017,0x433ad35c,13.26875,63.75,6.0,-54,1769822673,3,3
2026-01-30 17:25:13.992808,0x433b0b38,13.25875,60.0,6.0,-72,1769822701,5,5
2026-01-30 17:25:51.293504,0x433abf20,13.275,62.5,5.5,-75,1769822738,3,3
2026-01-30 17:27:02.026775,0x433acb14,13.2,73.75,2.25,-93,1769822809,3,3
2026-01-30 17:30:14.802045,0x433b0b38,13.26,82.5,5.25,-72,1769823001,5,5
2026-01-30 17:30:49.239619,0x433abf20,13.27375,57.5,5.25,-76,1769823036,3,3
2026-01-30 17:32:03.287672,0x433acb14,13.20375,63.75,5.0,-87,1769823110,3,3
2026-01-30 17:32:22.540913,0x433b0098,13.25125,63.75,5.75,-62,1769823129,2,2
2026-01-30 17:32:28.096644,0x433aad0c,13.27375,63.75,4.75,-76,1769823135,3,3
2026-01-30 17:34:48.131850,0x433ad35c,13.265,73.75,6.25,-54,1769823275,3,3
2026-01-30 17:35:15.740157,0x433b0b38,13.25375,68.75,6.0,-72,1769823302,5,5
2026-01-30 17:35:51.549278,0x433abf20,13.26875,76.25,5.5,-76,1769823338,3,3
2026-01-30 17:37:06.816990,0x433acb14,13.20625,66.25,3.0,-91,1769823413,3,3
2026-01-30 17:40:16.560028,0x433b0b38,13.2575,62.5,6.25,-72,1769823603,5,5
2026-01-30 17:40:51.797838,0x433abf20,13.275,61.25,5.75,-76,1769823638,3,3
2026-01-30 17:41:13.351434,0x433af380,13.19875,86.25,6.25,-39,1769823660,3,3
2026-01-30 17:42:05.798747,0x433acb14,13.2025,75.0,3.0,-91,1769823712,3,3
2026-01-30 17:42:25.187756,0x433b0098,13.24625,68.75,6.0,-61,1769823732,2,2
2026-01-30 17:42:34.812943,0x433aad0c,13.27375,58.75,5.75,-76,1769823741,3,3
2026-01-30 17:44:51.537180,0x433ad35c,13.26375,73.75,5.5,-54,1769823878,3,3
2026-01-30 17:45:18.964506,0x433b0b38,13.25875,60.0,6.0,-72,1769823905,5,5
2026-01-30 17:45:52.580363,0x433abf20,13.27375,62.5,5.25,-76,1769823939,3,3
2026-01-30 17:47:09.990034,0x433acb14,13.2,76.25,3.25,-91,1769824016,3,3
2026-01-30 17:50:26.009723,0x433b0b38,13.25625,63.75,5.75,-73,1769824212,5,5
2026-01-30 17:50:51.606913,0x433abf20,13.27375,61.25,5.25,-76,1769824238,3,3
2026-01-30 17:52:08.393776,0x433acb14,13.2,73.75,3.0,-91,1769824315,3,3
2026-01-30 17:52:28.215013,0x433b0098,13.2525,63.75,6.25,-61,1769824335,2,2
2026-01-30 17:52:40.306698,0x433aad0c,13.275,63.75,5.5,-76,1769824347,3,3
2026-01-30 17:54:55.909998,0x433ad35c,13.2625,76.25,6.25,-53,1769824482,3,3
2026-01-30 17:55:21.210400,0x433b0b38,13.25625,60.0,6.0,-73,1769824508,5,5
2026-01-30 17:55:54.284326,0x433abf20,13.2725,65.0,-1.0,-76,1769824541,3,3
2026-01-30 17:57:10.360977,0x433acb14,13.20125,62.5,3.5,-91,1769824617,3,3
2026-01-30 18:00:23.756877,0x433b0b38,13.2575,62.5,5.75,-72,1769824810,5,5
2026-01-30 18:00:54.064483,0x433abf20,13.2725,65.0,6.25,-76,1769824841,3,3
2026-01-30 18:02:11.382911,0x433acb14,13.195,73.75,3.5,-91,1769824918,3,3
2026-01-30 18:02:29.088864,0x433b0098,13.25125,61.25,5.75,-61,1769824936,2,2
2026-01-30 18:02:38.287395,0x433aad0c,13.27375,60.0,5.25,-76,1769824945,3,3
2026-01-31 20:07:21.145215,0x433b0098,13.24625,62.5,7.25,-59,1769918825,2,2
2026-01-31 20:07:26.461563,0x433b0b38,13.22375,62.5,6.25,-72,1769918830,5,5
2026-01-31 20:09:11.045360,0x433acb14,13.16,77.5,4.25,-87,1769918935,3,3
2026-01-31 20:09:37.108959,0x433aad0c,13.26625,60.0,5.5,-75,1769918961,3,3
2026-01-31 20:11:57.180934,0x433ad35c,13.17125,76.25,5.75,-53,1769919101,3,3
2026-01-31 20:12:29.393181,0x433b0b38,13.2225,60.0,5.75,-72,1769919133,5,5
2026-01-31 20:14:12.284902,0x433acb14,13.15875,71.25,4.5,-87,1769919236,3,3
2026-01-31 20:16:15.040272,0x433abf20,13.26375,61.25,5.5,-76,1769919359,3,3
2026-01-31 20:17:22.619901,0x433b0098,13.2425,75.0,6.0,-60,1769919426,2,2
2026-01-31 20:17:29.800099,0x433b0b38,13.22375,63.75,6.0,-73,1769919433,5,5
2026-01-31 20:19:12.695898,0x433acb14,13.16,77.5,4.5,-87,1769919536,3,3
2026-01-31 20:19:41.065171,0x433aad0c,13.265,65.0,5.75,-76,1769919565,3,3
2026-01-31 20:21:17.919354,0x433abf20,13.2625,60.0,5.75,-76,1769919662,3,3
2026-01-31 20:21:58.214729,0x433ad35c,13.17125,63.75,7.0,-52,1769919702,3,3
2026-01-31 20:22:33.609726,0x433b0b38,13.22125,61.25,6.0,-73,1769919737,5,5
2026-01-31 20:24:15.336507,0x433acb14,13.16125,65.0,4.0,-87,1769919839,3,3
2026-01-31 20:26:16.507632,0x433abf20,13.2575,76.25,5.25,-76,1769919960,3,3
2026-01-31 20:27:25.702345,0x433b0098,13.245,63.75,7.25,-60,1769920029,2,2
2026-01-31 20:27:34.632894,0x433b0b38,13.21625,73.75,5.75,-72,1769920038,5,5
2026-01-31 20:29:16.348940,0x433acb14,13.16125,66.25,4.0,-87,1769920140,3,3
2026-01-31 20:29:43.656480,0x433aad0c,13.265,63.75,5.25,-76,1769920167,3,3
2026-01-31 20:31:18.179786,0x433abf20,13.25875,71.25,6.25,-76,1769920262,3,3
2026-01-31 20:32:01.543804,0x433ad35c,13.17,63.75,7.25,-53,1769920305,3,3
2026-01-31 20:32:36.799132,0x433b0b38,13.21625,76.25,5.75,-72,1769920340,5,5
2026-01-31 20:34:19.601590,0x433acb14,13.16,61.25,4.0,-87,1769920443,3,3
2026-01-31 20:36:20.088529,0x433abf20,13.26,71.25,5.5,-76,1769920564,3,3
2026-01-31 20:37:26.975526,0x433b0098,13.245,62.5,6.75,-60,1769920631,2,2
2026-01-31 20:37:35.883516,0x433b0b38,13.215,68.75,6.25,-72,1769920640,5,5
2026-01-31 20:39:17.936184,0x433acb14,13.16,65.0,4.0,-87,1769920742,3,3
2026-01-31 20:39:49.329165,0x433aad0c,13.26125,71.25,5.5,-76,1769920773,3,3
2026-01-31 20:41:22.310300,0x433abf20,13.25875,76.25,5.75,-76,1769920866,3,3
2026-01-31 20:42:03.943304,0x433ad35c,13.17,65.0,6.0,-52,1769920908,3,3
2026-01-31 20:42:35.800170,0x433b0b38,13.21875,62.5,5.75,-72,1769920939,5,5
2026-01-31 20:44:31.464802,0x433acb14,13.16,65.0,6.5,-73,1769921055,3,2
2026-01-31 20:44:34.530088,0x433af380,13.09,86.25,6.25,-38,1769921058,3,3
2026-01-31 20:46:22.671012,0x433abf20,13.2575,75.0,5.5,-76,1769921166,3,3
2026-01-31 20:47:26.609084,0x433b0098,13.245,63.75,7.0,-60,1769921230,2,2
2026-01-31 20:47:37.078031,0x433b0b38,13.21875,63.75,5.5,-72,1769921241,5,5
2026-01-31 20:49:21.257721,0x433acb14,13.15875,65.0,4.25,-87,1769921345,3,3
2026-01-31 20:49:51.083353,0x433aad0c,13.26125,75.0,5.75,-76,1769921375,3,3
2026-01-31 20:51:24.296193,0x433abf20,13.25875,73.75,5.5,-75,1769921468,3,3
2026-01-31 20:52:06.856074,0x433ad35c,13.1675,61.25,6.25,-52,1769921510,3,3
2026-01-31 20:52:44.377740,0x433b0b38,13.21375,75.0,5.75,-72,1769921548,5,5
2026-01-31 20:54:23.585625,0x433acb14,13.155,76.25,4.75,-87,1769921647,3,3
2026-01-31 20:56:24.905923,0x433abf20,13.26,75.0,5.5,-76,1769921769,3,3
2026-01-31 20:57:28.972393,0x433b0098,13.24375,57.5,6.0,-60,1769921833,2,2
2026-01-31 20:57:39.958054,0x433b0b38,13.2125,70.0,5.75,-73,1769921844,5,5
2026-01-31 20:59:23.357979,0x433acb14,13.155,77.5,5.25,-87,1769921947,3,3
2026-01-31 20:59:52.354504,0x433aad0c,13.2575,70.0,5.25,-75,1769921976,3,3
2026-01-31 21:01:27.615816,0x433abf20,13.25875,78.75,6.0,-76,1769922071,3,3
2026-01-31 21:02:08.977969,0x433ad35c,13.1625,75.0,5.75,-53,1769922113,3,3
2026-01-31 21:02:41.221206,0x433b0b38,13.2175,58.75,5.75,-73,1769922145,5,5
2026-01-31 21:04:25.550529,0x433acb14,13.1525,72.5,5.25,-87,1769922249,3,3
2026-01-31 21:06:28.375577,0x433abf20,13.2625,65.0,5.5,-76,1769922372,3,3
2026-01-30 04:06:41.196333,0x433b0b38,13.2275,60.0,6.0,-72,1769774789,5,5
2026-01-30 04:08:14.669696,0x433abf20,13.245,76.25,6.0,-74,1769774883,3,3
2026-01-30 04:08:31.844663,0x433acb14,13.18125,76.25,4.25,-88,1769774900,3,3
2026-01-30 04:08:53.342080,0x433aad0c,13.24125,80.0,5.5,-76,1769774921,3,3
2026-01-30 04:09:53.661353,0x433b0098,13.21,62.5,5.75,-60,1769774982,2,2
2026-01-30 04:11:12.923592,0x433ad35c,13.23875,78.75,5.75,-54,1769775061,3,3
2026-01-30 04:11:42.781024,0x433b0b38,13.22875,63.75,6.25,-72,1769775091,5,5
2026-01-30 04:13:17.829326,0x433abf20,13.24875,63.75,5.75,-74,1769775186,3,3
2026-01-30 04:13:30.859177,0x433acb14,13.18625,63.75,4.25,-87,1769775199,3,3
2026-01-30 04:16:45.047484,0x433b0b38,13.22625,58.75,5.75,-72,1769775393,5,5
2026-01-30 04:18:17.760407,0x433abf20,13.24875,66.25,6.0,-75,1769775486,3,3
2026-01-30 04:18:32.666611,0x433acb14,13.18625,63.75,4.0,-88,1769775501,3,3
2026-01-30 04:18:55.480794,0x433aad0c,13.2425,66.25,6.0,-76,1769775523,3,3
2026-01-30 04:19:56.684888,0x433b0098,13.21625,71.25,6.0,-60,1769775585,2,2
2026-01-30 04:21:15.458273,0x433ad35c,13.235,77.5,6.5,-53,1769775663,3,3
2026-01-30 04:21:44.009644,0x433b0b38,13.22375,60.0,5.75,-72,1769775692,5,5
2026-01-30 04:23:18.813421,0x433abf20,13.245,76.25,6.0,-74,1769775787,3,3
2026-01-30 04:23:35.500827,0x433acb14,13.18375,65.0,5.75,-86,1769775803,3,3
2026-01-30 04:26:46.908907,0x433b0b38,13.22125,75.0,6.0,-72,1769775995,5,5
2026-01-30 04:28:19.312532,0x433abf20,13.2475,63.75,6.0,-75,1769776087,3,3
2026-01-30 04:28:34.785138,0x433acb14,13.18125,75.0,5.0,-86,1769776103,3,3
2026-01-30 04:28:58.178127,0x433aad0c,13.23875,75.0,6.75,-77,1769776126,3,3
2026-01-30 04:29:59.040125,0x433b0098,13.21125,75.0,7.5,-61,1769776187,2,2
2026-01-30 04:31:20.908583,0x433ad35c,13.2375,76.25,6.75,-53,1769776269,3,3
2026-01-30 04:31:48.245644,0x433b0b38,13.2275,63.75,5.75,-72,1769776296,5,5
2026-01-30 04:33:18.864853,0x433abf20,13.24625,63.75,6.0,-75,1769776387,3,3
2026-01-30 04:33:36.110242,0x433acb14,13.185,66.25,4.25,-86,1769776404,3,3
2026-01-30 04:36:49.212182,0x433b0b38,13.2275,63.75,6.25,-72,1769776597,5,5
2026-01-30 04:38:20.612751,0x433abf20,13.24625,60.0,6.0,-74,1769776688,3,3
2026-01-30 04:38:41.337254,0x433acb14,13.18625,65.0,4.0,-87,1769776709,3,3
2026-01-30 04:38:59.762304,0x433aad0c,13.23875,73.75,5.75,-77,1769776728,3,3
2026-01-30 04:39:25.294670,0x433af380,13.1675,70.0,6.5,-38,1769776753,3,3
2026-01-30 04:39:58.309432,0x433b0098,13.21,72.5,6.5,-60,1769776786,2,2
2026-01-30 04:41:22.311060,0x433ad35c,13.23875,58.75,6.25,-53,1769776870,3,3
2026-01-30 04:41:50.831918,0x433b0b38,13.2225,73.75,6.0,-72,1769776899,5,5
2026-01-30 04:43:21.044440,0x433abf20,13.24375,75.0,5.5,-75,1769776989,3,3
2026-01-30 04:43:39.763300,0x433acb14,13.18125,77.5,4.0,-87,1769777008,3,3
2026-01-30 04:46:51.159800,0x433b0b38,13.22125,73.75,5.75,-71,1769777199,5,5
2026-01-30 04:48:22.319895,0x433abf20,13.225,137.5,6.0,-74,1769777290,3,3
2026-01-30 04:48:40.559685,0x433acb14,13.185,62.5,4.25,-87,1769777308,3,3
2026-01-30 04:49:05.609058,0x433aad0c,13.2425,62.5,5.0,-77,1769777333,3,3
2026-01-30 04:50:00.134335,0x433b0098,13.20875,75.0,7.0,-59,1769777388,2,2
2026-01-30 04:51:25.368697,0x433ad35c,13.23125,76.25,6.0,-53,1769777473,3,3
2026-01-30 04:51:54.131392,0x433b0b38,13.225,62.5,5.75,-72,1769777502,5,5
2026-01-30 04:53:22.721135,0x433abf20,13.245,76.25,6.0,-75,1769777591,3,3
2026-01-30 04:53:43.898812,0x433acb14,13.18375,78.75,5.75,-87,1769777612,3,3
2026-01-30 04:56:54.324851,0x433b0b38,13.22625,65.0,5.75,-72,1769777802,5,5
2026-01-30 04:58:24.525660,0x433abf20,13.2475,66.25,6.0,-75,1769777892,3,3
2026-01-30 04:58:43.165299,0x433acb14,13.18125,77.5,5.75,-86,1769777911,3,3
2026-01-30 04:59:10.046430,0x433aad0c,13.215,141.25,6.0,-73,1769777938,3,2
2026-01-30 05:00:01.737194,0x433b0098,13.2075,70.0,5.75,-60,1769777990,2,2
2026-01-30 05:01:28.201868,0x433ad35c,13.2375,61.25,6.5,-54,1769778076,3,3
2026-01-30 05:01:55.868169,0x433b0b38,13.21875,68.75,5.75,-72,1769778104,5,5
2026-01-30 05:03:25.144892,0x433abf20,13.24375,76.25,6.0,-74,1769778193,3,3
2026-01-30 05:03:45.709698,0x433acb14,13.18375,63.75,6.0,-87,1769778214,3,3
2026-01-31 07:06:08.528931,0x433aad0c,13.2375,62.5,5.75,-74,1769871954,3,3
2026-01-31 07:08:28.187932,0x433ad35c,13.1775,67.5,6.75,-56,1769872093,3,3
2026-01-31 07:08:30.762958,0x433abf20,13.235,76.25,5.75,-76,1769872096,3,3
2026-01-31 07:08:55.096189,0x433b0b38,13.20625,70.0,6.25,-70,1769872120,5,5
2026-01-31 07:10:45.498048,0x433acb14,13.14375,66.25,6.0,-87,1769872231,3,3
2026-01-31 07:13:30.670692,0x433abf20,13.2175,125.0,5.75,-75,1769872396,3,3
2026-01-31 07:13:57.079236,0x433b0b38,13.2075,68.75,5.75,-71,1769872422,5,5
2026-01-31 07:14:54.583456,0x433b0098,13.19875,72.5,6.0,-59,1769872480,2,2
2026-01-31 07:15:46.486784,0x433acb14,13.14125,67.5,6.5,-86,1769872532,3,3
2026-01-31 07:16:08.161710,0x433aad0c,13.235,73.75,5.75,-75,1769872553,3,3
2026-01-31 07:18:29.886233,0x433ad35c,13.17125,77.5,5.75,-56,1769872695,3,3
2026-01-31 07:18:35.019135,0x433abf20,13.23875,63.75,5.5,-75,1769872700,3,3
2026-01-31 07:18:58.069154,0x433b0b38,13.21125,57.5,5.75,-71,1769872723,5,5
2026-01-31 07:20:48.025726,0x433acb14,13.14,73.75,4.25,-87,1769872833,3,3
2026-01-31 07:23:35.323905,0x433abf20,13.24,61.25,6.0,-76,1769873000,3,3
2026-01-31 07:24:01.938332,0x433b0b38,13.2125,65.0,5.75,-70,1769873027,5,5
2026-01-31 07:24:56.177599,0x433b0098,13.20125,63.75,6.25,-59,1769873081,2,2
2026-01-31 07:25:50.118573,0x433acb14,13.14,78.75,6.25,-86,1769873135,3,3
2026-01-31 07:26:12.227585,0x433aad0c,13.23375,73.75,5.75,-75,1769873157,3,3
2026-01-31 07:28:32.719433,0x433ad35c,13.17125,78.75,6.0,-55,1769873298,3,3
2026-01-31 07:28:36.637044,0x433abf20,13.235,76.25,5.75,-75,1769873302,3,3
2026-01-31 07:29:02.184925,0x433b0b38,13.20625,70.0,6.25,-70,1769873327,5,5
2026-01-31 07:30:54.063602,0x433acb14,13.1375,76.25,5.25,-85,1769873439,3,3
2026-01-31 07:33:36.584708,0x433abf20,13.23625,61.25,5.75,-75,1769873602,3,3
2026-01-31 07:34:02.608853,0x433b0b38,13.21125,63.75,5.75,-71,1769873628,5,5
2026-01-31 07:34:58.518504,0x433b0098,13.19875,75.0,6.0,-59,1769873684,2,2
2026-01-31 07:35:52.286422,0x433acb14,13.13875,78.75,4.5,-85,1769873737,3,3
2026-01-31 07:36:17.584945,0x433aad0c,13.2375,61.25,5.75,-74,1769873763,3,3
2026-01-31 07:38:36.310018,0x433ad35c,13.17125,76.25,6.25,-56,1769873901,3,3
2026-01-31 07:38:38.810217,0x433abf20,13.23375,72.5,5.75,-75,1769873904,3,3
2026-01-31 07:39:03.883548,0x433b0b38,13.21125,63.75,6.25,-70,1769873929,5,5
2026-01-31 07:40:53.536625,0x433acb14,13.1375,73.75,5.25,-86,1769874039,3,3
2026-01-31 07:42:58.209649,0x433af380,13.12375,71.25,6.75,-38,1769874163,3,3
2026-01-31 07:43:39.969060,0x433abf20,13.2375,61.25,5.5,-74,1769874205,3,3
2026-01-31 07:44:06.374969,0x433b0b38,13.20375,73.75,5.75,-71,1769874231,5,5
2026-01-31 07:45:00.360420,0x433b0098,13.1975,76.25,6.0,-59,1769874285,2,2
2026-01-31 07:45:54.084768,0x433acb14,13.1375,77.5,5.0,-86,1769874339,3,3
2026-01-31 07:46:16.853739,0x433aad0c,13.23625,61.25,5.5,-75,1769874362,3,3
2026-01-31 07:48:38.808884,0x433ad35c,13.1725,61.25,6.0,-55,1769874504,3,3
2026-01-31 07:48:41.187032,0x433abf20,13.23625,60.0,5.75,-75,1769874506,3,3
2026-01-31 07:49:06.408205,0x433b0b38,13.20625,70.0,5.75,-70,1769874531,5,5
2026-01-31 07:50:56.060834,0x433acb14,13.14,62.5,5.0,-86,1769874641,3,3
2026-01-31 07:53:41.714681,0x433abf20,13.2375,63.75,6.0,-75,1769874807,3,3
2026-01-31 07:54:09.698490,0x433b0b38,13.20875,63.75,5.25,-71,1769874835,5,5
2026-01-31 07:55:01.794092,0x433b0098,13.20125,68.75,6.25,-59,1769874887,2,2
2026-01-31 07:55:57.850227,0x433acb14,13.13625,73.75,4.5,-84,1769874943,3,3
2026-01-31 07:56:18.484405,0x433aad0c,13.235,62.5,5.75,-75,1769874963,3,3
2026-01-31 07:58:41.435639,0x433ad35c,13.17125,65.0,6.25,-56,1769875106,3,3
2026-01-31 07:58:43.938713,0x433abf20,13.23625,60.0,5.75,-75,1769875109,3,3
2026-01-31 07:59:11.241040,0x433b0b38,13.21125,65.0,5.75,-70,1769875136,5,5
2026-01-31 08:00:58.041590,0x433acb14,13.14125,63.75,6.5,-87,1769875243,3,3
2026-01-31 08:03:45.149548,0x433abf20,13.2375,61.25,6.0,-75,1769875410,3,3
2026-01-31 08:04:11.346258,0x433b0b38,13.20875,63.75,5.75,-70,1769875436,5,5
2026-01-31 08:05:06.103193,0x433b0098,13.20125,70.0,6.0,-60,1769875491,2,2
2026-01-31 08:06:00.049872,0x433acb14,13.13625,77.5,6.25,-86,1769875545,3,3
2026-01-28 22:03:12.717333,0x433ad35c,13.26625,62.5,5.75,-53,1769666584,3,3
2026-01-28 22:03:38.494643,0x433b0b38,13.25,62.5,5.5,-73,1769666609,5,5
2026-01-28 22:04:21.046472,0x433b0098,13.23625,75.0,6.25,-60,1769666652,2,2
2026-01-28 22:05:23.362616,0x433acb14,13.23375,62.5,4.75,-86,1769666714,3,3
2026-01-28 22:07:12.676740,0x433abf20,13.265,65.0,5.5,-76,1769666824,3,3
2026-01-28 22:08:39.493992,0x433b0b38,13.24875,58.75,5.5,-74,1769666910,5,5
2026-01-28 22:10:25.679363,0x433acb14,13.23,67.5,5.75,-86,1769667017,3,3
2026-01-28 22:10:48.309107,0x433aad0c,13.24375,75.0,5.5,-76,1769667039,3,3
2026-01-28 22:12:12.433087,0x433abf20,13.26375,63.75,5.25,-77,1769667123,3,3
2026-01-28 22:13:16.058074,0x433ad35c,13.2625,62.5,6.75,-54,1769667187,3,3
2026-01-28 22:13:39.556170,0x433b0b38,13.24375,71.25,5.5,-74,1769667210,5,5
2026-01-28 22:14:23.177291,0x433b0098,13.24375,62.5,6.5,-59,1769667254,2,2
2026-01-28 22:15:29.388729,0x433acb14,13.2275,63.75,5.5,-86,1769667320,3,3
2026-01-28 22:17:12.985353,0x433abf20,13.26375,61.25,6.5,-77,1769667424,3,3
2026-01-28 22:18:40.818668,0x433b0b38,13.24875,57.5,6.0,-73,1769667512,5,5
2026-01-28 22:20:30.463920,0x433acb14,13.2325,62.5,5.75,-86,1769667621,3,3
2026-01-28 22:20:50.516594,0x433aad0c,13.2425,60.0,5.25,-76,1769667641,3,3
2026-01-28 22:22:16.019832,0x433abf20,13.25875,75.0,5.75,-76,1769667727,3,3
2026-01-28 22:23:19.631491,0x433ad35c,13.265,63.75,6.0,-54,1769667790,3,3
2026-01-28 22:23:44.066129,0x433b0b38,13.2425,66.25,4.75,-74,1769667815,5,5
2026-01-28 22:24:24.778789,0x433b0098,13.235,71.25,6.5,-60,1769667856,2,2
2026-01-28 22:25:36.418248,0x433acb14,13.2325,66.25,5.75,-86,1769667927,3,3
2026-01-28 22:27:14.823873,0x433abf20,13.26375,65.0,5.25,-77,1769668026,3,3
2026-01-28 22:28:45.457912,0x433b0b38,13.24875,65.0,6.0,-73,1769668116,5,5
2026-01-28 22:30:46.765850,0x433acb14,13.22625,75.0,6.5,-74,1769668238,3,2
2026-01-28 22:30:52.566260,0x433aad0c,13.24625,62.5,5.5,-76,1769668243,3,3
2026-01-28 22:32:16.976586,0x433abf20,13.2625,63.75,5.5,-77,1769668328,3,3
2026-01-28 22:33:22.827449,0x433ad35c,13.26,73.75,6.25,-53,1769668394,3,3
2026-01-28 22:33:45.698598,0x433b0b38,13.2475,56.25,5.0,-73,1769668417,5,5
2026-01-28 22:34:25.663610,0x433b0098,13.2375,73.75,6.0,-60,1769668456,2,2
2026-01-28 22:35:21.513482,0x433af380,13.20125,72.5,7.25,-38,1769668512,3,3
2026-01-28 22:35:34.112824,0x433acb14,13.22625,76.25,4.75,-86,1769668525,3,3
2026-01-28 22:37:16.364255,0x433abf20,13.26375,66.25,5.75,-76,1769668627,3,3
2026-01-28 22:38:49.363421,0x433b0b38,13.245,65.0,5.5,-73,1769668720,5,5
2026-01-28 22:40:36.025434,0x433acb14,13.2275,78.75,4.5,-86,1769668827,3,3
2026-01-28 22:40:55.023684,0x433aad0c,13.245,62.5,6.25,-76,1769668846,3,3
2026-01-28 22:42:16.884357,0x433abf20,13.26375,61.25,6.0,-77,1769668928,3,3
2026-01-28 22:43:26.816968,0x433ad35c,13.2625,60.0,7.0,-54,1769668998,3,3
2026-01-28 22:43:48.736655,0x433b0b38,13.2475,57.5,6.0,-74,1769669020,5,5
2026-01-28 22:44:29.196007,0x433b0098,13.23375,75.0,5.25,-60,1769669060,2,2
2026-01-28 22:45:36.518194,0x433acb14,13.22875,73.75,4.75,-85,1769669127,3,3
2026-01-28 22:47:17.925715,0x433abf20,13.2625,63.75,6.0,-77,1769669229,3,3
2026-01-28 22:48:49.209335,0x433b0b38,13.245,61.25,5.75,-73,1769669320,5,5
2026-01-28 22:50:37.508573,0x433acb14,13.23125,66.25,4.75,-85,1769669428,3,3
2026-01-28 22:50:57.717203,0x433aad0c,13.2425,70.0,5.75,-76,1769669448,3,3
2026-01-28 22:52:20.950463,0x433abf20,13.2625,65.0,5.75,-76,1769669532,3,3
2026-01-28 22:53:28.283554,0x433ad35c,13.26,62.5,7.5,-53,1769669599,3,3
2026-01-28 22:53:51.370956,0x433b0b38,13.24625,66.25,5.75,-74,1769669622,5,5
2026-01-28 22:54:34.037691,0x433b0098,13.23875,61.25,6.0,-60,1769669665,2,2
2026-01-28 22:55:38.284727,0x433acb14,13.22875,75.0,5.25,-86,1769669729,3,3
2026-01-28 22:57:20.523695,0x433abf20,13.26125,66.25,5.5,-77,1769669831,3,3
2026-01-28 22:58:51.826793,0x433b0b38,13.245,63.75,5.5,-73,1769669923,5,5
2026-01-28 23:00:41.139206,0x433acb14,13.22875,63.75,5.25,-86,1769670032,3,3
2026-01-28 23:00:59.666880,0x433aad0c,13.24125,72.5,5.5,-76,1769670050,3,3
2026-01-28 23:02:22.702479,0x433abf20,13.26125,63.75,5.5,-76,1769670133,3,3
2026-01-26 04:01:16.944920,0x433b0b38,13.24875,63.75,6.0,-74,1769428874,5,5
2026-01-26 04:01:20.268928,0x433abf20,13.26,61.25,5.5,-76,1769428878,3,3
2026-01-26 04:02:39.939820,0x433acb14,13.28625,66.25,4.0,-92,1769428957,3,3
2026-01-26 04:05:27.523949,0x433ad35c,13.26625,62.5,6.0,-54,1769429125,3,3
2026-01-26 04:06:17.283574,0x433b0b38,13.24125,75.0,6.5,-75,1769429175,5,5
2026-01-26 04:06:20.310607,0x433abf20,13.26,63.75,5.25,-75,1769429178,3,3
2026-01-26 04:07:41.226256,0x433acb14,13.285,67.5,3.25,-91,1769429259,3,3
2026-01-26 04:08:25.987456,0x433b0098,13.23,73.75,6.5,-60,1769429303,2,2
2026-01-26 04:11:18.565322,0x433b0b38,13.2425,71.25,6.5,-74,1769429476,5,5
2026-01-26 04:11:22.804430,0x433abf20,13.25625,72.5,5.75,-76,1769429480,3,3
2026-01-26 04:12:42.496214,0x433acb14,13.28375,62.5,3.5,-91,1769429560,3,3
2026-01-26 04:15:30.114234,0x433ad35c,13.26625,65.0,6.25,-53,1769429727,3,3
2026-01-26 04:16:19.847898,0x433b0b38,13.24875,65.0,6.5,-73,1769429777,5,5
2026-01-26 04:16:24.242482,0x433abf20,13.26,57.5,5.75,-76,1769429781,3,3
2026-01-26 04:17:42.855700,0x433acb14,13.28375,67.5,3.75,-91,1769429860,3,3
2026-01-26 04:18:28.901641,0x433b0098,13.2375,63.75,6.0,-60,1769429906,2,2
2026-01-26 04:21:23.540278,0x433b0b38,13.2475,61.25,6.75,-73,1769430081,5,5
2026-01-26 04:21:26.701122,0x433abf20,13.25625,73.75,5.25,-76,1769430084,3,3
2026-01-26 04:22:46.995226,0x433acb14,13.2825,73.75,5.25,-76,1769430164,3,2
2026-01-26 04:24:03.238297,0x433af380,13.19125,81.25,6.25,-39,1769430240,3,3
2026-01-26 04:25:32.719714,0x433ad35c,13.26625,58.75,6.25,-54,1769430330,3,3
2026-01-26 04:26:22.947483,0x433b0b38,13.2425,72.5,6.5,-74,1769430380,5,5
2026-01-26 04:26:28.025983,0x433abf20,13.26,58.75,5.25,-77,1769430385,3,3
2026-01-26 04:27:46.077170,0x433acb14,13.2825,72.5,3.5,-91,1769430463,3,3
2026-01-26 04:28:32.769625,0x433b0098,13.23,73.75,6.25,-60,1769430510,2,2
2026-01-26 04:31:25.836702,0x433b0b38,13.24375,62.5,6.25,-74,1769430683,5,5
2026-01-26 04:31:29.798841,0x433abf20,13.26,62.5,5.5,-76,1769430687,3,3
2026-01-26 04:32:47.514302,0x433acb14,13.28625,66.25,3.0,-91,1769430765,3,3
2026-01-26 04:35:36.615836,0x433ad35c,13.2675,61.25,5.75,-53,1769430934,3,3
2026-01-26 04:36:26.629743,0x433b0b38,13.24875,66.25,6.75,-74,1769430984,5,5
2026-01-26 04:36:29.162058,0x433abf20,13.25875,76.25,5.75,-76,1769430986,3,3
2026-01-26 04:37:48.092829,0x433acb14,13.28125,73.75,3.25,-91,1769431065,3,3
2026-01-26 04:38:32.732394,0x433b0098,13.235,58.75,7.0,-60,1769431110,2,2
2026-01-26 04:41:27.242248,0x433b0b38,13.24875,63.75,7.0,-74,1769431284,5,5
2026-01-26 04:41:30.458210,0x433abf20,13.24,121.25,5.5,-76,1769431288,3,3
2026-01-26 04:42:51.615120,0x433acb14,13.28,77.5,3.75,-91,1769431369,3,3
2026-01-26 04:45:39.943352,0x433ad35c,13.2675,61.25,6.25,-53,1769431537,3,3
2026-01-26 04:46:28.703624,0x433b0b38,13.24875,65.0,6.75,-74,1769431586,5,5
2026-01-26 04:46:32.541216,0x433abf20,13.25625,75.0,5.25,-76,1769431590,3,3
2026-01-26 04:47:51.337778,0x433acb14,13.28125,75.0,3.75,-91,1769431669,3,3
2026-01-26 04:48:35.137885,0x433b0098,13.23,70.0,6.5,-62,1769431712,2,2
2026-01-26 04:51:29.805463,0x433b0b38,13.245,73.75,6.25,-74,1769431887,5,5
2026-01-26 04:51:34.021402,0x433abf20,13.25375,63.75,5.5,-76,1769431891,3,3
2026-01-26 04:52:52.168007,0x433acb14,13.2825,65.0,3.5,-91,1769431969,3,3
2026-01-26 04:55:41.276493,0x433ad35c,13.26625,66.25,6.0,-53,1769432138,3,3
2026-01-26 04:56:32.597790,0x433b0b38,13.2475,57.5,6.25,-74,1769432190,5,5
2026-01-26 04:56:35.557759,0x433abf20,13.25625,77.5,5.5,-76,1769432193,3,3
2026-01-26 04:57:53.978346,0x433acb14,13.2825,65.0,3.25,-91,1769432271,3,3
2026-01-26 04:58:40.596976,0x433b0098,13.23125,73.75,6.75,-61,1769432318,2,2
2026-01-29 19:04:13.896639,0x433b0b38,13.26125,65.0,5.75,-72,1769742243,5,5
2026-01-29 19:06:03.948283,0x433acb14,13.23375,75.0,1.25,-90,1769742353,3,3
2026-01-29 19:06:26.475334,0x433aad0c,13.27125,65.0,5.0,-75,1769742375,3,3
2026-01-29 19:06:29.985669,0x433abf20,13.27125,63.75,5.5,-75,1769742379,3,3
2026-01-29 19:08:22.999698,0x433b0098,13.25625,61.25,5.75,-61,1769742492,2,2
2026-01-29 19:08:50.048470,0x433ad35c,13.27375,71.25,5.5,-54,1769742519,3,3
2026-01-29 19:09:15.839305,0x433b0b38,13.25875,61.25,6.25,-72,1769742545,5,5
2026-01-29 19:11:06.175320,0x433acb14,13.23125,65.0,2.0,-89,1769742655,3,3
2026-01-29 19:11:31.998672,0x433abf20,13.27125,65.0,5.75,-75,1769742681,3,3
2026-01-29 19:14:16.618894,0x433b0b38,13.25875,60.0,5.75,-72,1769742845,5,5
2026-01-29 19:16:06.830143,0x433acb14,13.235,63.75,2.5,-90,1769742956,3,3
2026-01-29 19:16:30.229045,0x433aad0c,13.2725,66.25,5.25,-76,1769742979,3,3
2026-01-29 19:16:32.963676,0x433abf20,13.26625,76.25,5.5,-75,1769742982,3,3
2026-01-29 19:18:25.499189,0x433b0098,13.2575,62.5,6.25,-60,1769743094,2,2
2026-01-29 19:18:52.448436,0x433ad35c,13.27625,65.0,6.25,-52,1769743121,3,3
2026-01-29 19:19:18.916681,0x433b0b38,13.25875,65.0,6.0,-72,1769743148,5,5
2026-01-29 19:21:06.572087,0x433acb14,13.22875,70.0,5.0,-90,1769743255,3,3
2026-01-29 19:21:32.952246,0x433abf20,13.2675,75.0,6.75,-75,1769743282,3,3
2026-01-29 19:24:19.715024,0x433b0b38,13.25875,61.25,6.5,-72,1769743449,5,5
2026-01-29 19:26:06.555675,0x433acb14,13.22875,77.5,5.5,-89,1769743555,3,3
2026-01-29 19:26:32.606819,0x433aad0c,13.26625,73.75,5.75,-76,1769743581,3,3
2026-01-29 19:26:36.905463,0x433abf20,13.25125,130.0,6.75,-75,1769743586,3,3
2026-01-29 19:28:26.457225,0x433b0098,13.255,60.0,6.0,-60,1769743695,2,2
2026-01-29 19:28:55.354526,0x433ad35c,13.275,66.25,5.5,-53,1769743724,3,3
2026-01-29 19:29:21.723492,0x433b0b38,13.26,65.0,6.0,-72,1769743751,5,5
2026-01-29 19:31:08.757075,0x433acb14,13.2275,77.5,5.0,-90,1769743858,3,3
2026-01-29 19:31:36.581946,0x433abf20,13.26625,90.0,6.0,-74,1769743885,3,3
2026-01-29 19:34:21.550045,0x433b0b38,13.25875,60.0,6.0,-72,1769744050,5,5
2026-01-29 19:36:11.761068,0x433acb14,13.23125,65.0,5.25,-88,1769744161,3,3
2026-01-29 19:36:35.027611,0x433aad0c,13.26875,61.25,5.25,-75,1769744184,3,3
2026-01-29 19:36:37.498173,0x433abf20,13.24625,133.75,6.25,-75,1769744186,3,3
2026-01-29 19:38:09.548018,0x433af380,13.20875,70.0,6.25,-38,1769744278,3,3
2026-01-29 19:38:26.670274,0x433b0098,13.25375,62.5,5.75,-60,1769744295,2,2
2026-01-29 19:38:57.455816,0x433ad35c,13.2725,71.25,6.0,-53,1769744326,3,3
2026-01-29 19:39:22.864760,0x433b0b38,13.25875,65.0,5.75,-72,1769744352,5,5
2026-01-29 19:41:10.649047,0x433acb14,13.2275,76.25,5.25,-89,1769744459,3,3
2026-01-29 19:41:37.803365,0x433abf20,13.2675,65.0,6.0,-74,1769744487,3,3
2026-01-29 19:44:24.406832,0x433b0b38,13.25625,60.0,5.75,-72,1769744653,5,5
2026-01-29 19:46:12.934580,0x433acb14,13.22625,77.5,4.0,-88,1769744762,3,3
2026-01-29 19:46:37.723517,0x433aad0c,13.2675,61.25,5.5,-76,1769744786,3,3
2026-01-29 19:46:42.936878,0x433abf20,13.27,66.25,5.75,-75,1769744792,3,3
2026-01-29 19:48:28.576672,0x433b0098,13.24875,73.75,6.25,-61,1769744897,2,2
2026-01-29 19:49:00.842900,0x433ad35c,13.27,62.5,5.75,-52,1769744930,3,3
2026-01-29 19:49:26.441601,0x433b0b38,13.25375,67.5,6.0,-72,1769744955,5,5
2026-01-29 19:51:15.025982,0x433acb14,13.22375,77.5,4.5,-89,1769745064,3,3
2026-01-29 19:51:39.887642,0x433abf20,13.26625,72.5,5.75,-74,1769745089,3,3
2026-01-29 19:54:26.989323,0x433b0b38,13.25625,63.75,5.75,-72,1769745256,5,5
2026-01-29 19:56:20.445634,0x433acb14,13.225,77.5,4.25,-88,1769745369,3,3
2026-01-29 19:56:42.224678,0x433aad0c,13.26375,72.5,5.25,-75,1769745391,3,3
2026-01-29 19:56:46.313767,0x433abf20,13.2675,63.75,6.0,-74,1769745395,3,3
2026-01-29 19:58:29.993886,0x433b0098,13.245,73.75,6.0,-60,1769745499,2,2
2026-01-29 19:59:03.289810,0x433ad35c,13.26875,73.75,5.75,-53,1769745532,3,3
2026-01-29 19:59:31.975936,0x433b0b38,13.255,60.0,5.75,-72,1769745561,5,5
2026-01-29 20:01:18.269664,0x433acb14,13.22375,77.5,4.5,-88,1769745667,3,3
2026-01-29 20:01:44.886764,0x433abf20,13.2675,63.75,6.25,-75,1769745694,3,3
2026-01-29 08:03:33.200661,0x433aad0c,13.23625,72.5,6.0,-74,1769702603,3,3
2026-01-29 08:04:20.371100,0x433abf20,13.24125,91.25,5.5,-75,1769702650,3,3
2026-01-29 08:05:57.139866,0x433ad35c,13.24125,61.25,5.75,-55,1769702747,3,3
2026-01-29 08:06:16.798019,0x433b0b38,13.21625,65.0,6.0,-70,1769702767,5,5
2026-01-29 08:06:20.538813,0x433b0098,13.20875,62.5,6.25,-60,1769702770,2,2
2026-01-29 08:08:04.619836,0x433acb14,13.20375,63.75,4.75,-86,1769702875,3,3
2026-01-29 08:09:22.349340,0x433abf20,13.24,72.5,5.5,-74,1769702952,3,3
2026-01-29 08:11:18.843568,0x433b0b38,13.2175,75.0,6.25,-71,1769703069,5,5
2026-01-29 08:13:05.000739,0x433acb14,13.205,65.0,5.25,-81,1769703175,3,3
2026-01-29 08:13:34.593224,0x433aad0c,13.23875,62.5,5.75,-75,1769703205,3,3
2026-01-29 08:14:23.049844,0x433abf20,13.24375,63.75,6.5,-77,1769703253,3,3
2026-01-29 08:15:59.557090,0x433ad35c,13.24,63.75,7.0,-55,1769703350,3,3
2026-01-29 08:16:19.966649,0x433b0b38,13.22375,62.5,5.75,-71,1769703370,5,5
2026-01-29 08:16:24.603728,0x433b0098,13.21,60.0,6.0,-59,1769703375,2,2
2026-01-29 08:18:08.621275,0x433acb14,13.2025,76.25,5.25,-85,1769703479,3,3
2026-01-29 08:19:24.441088,0x433abf20,13.245,61.25,5.25,-79,1769703554,3,3
2026-01-29 08:21:20.793454,0x433b0b38,13.2225,56.25,6.0,-71,1769703671,5,5
2026-01-29 08:23:08.327262,0x433acb14,13.2025,76.25,4.5,-85,1769703778,3,3
2026-01-29 08:23:34.977338,0x433aad0c,13.24,61.25,5.25,-76,1769703805,3,3
2026-01-29 08:24:23.352499,0x433abf20,13.24125,72.5,6.0,-75,1769703853,3,3
2026-01-29 08:26:04.015942,0x433ad35c,13.23375,75.0,6.0,-56,1769703954,3,3
2026-01-29 08:26:22.524306,0x433b0b38,13.2225,55.0,5.5,-70,1769703972,5,5
2026-01-29 08:26:26.634386,0x433b0098,13.21125,60.0,5.75,-59,1769703977,2,2
2026-01-29 08:28:09.318522,0x433acb14,13.205,62.5,5.0,-85,1769704079,3,3
2026-01-29 08:29:27.185479,0x433abf20,13.24125,77.5,5.75,-75,1769704157,3,3
2026-01-29 08:31:23.914068,0x433b0b38,13.20875,86.25,6.25,-70,1769704274,5,5
2026-01-29 08:33:11.166138,0x433acb14,13.2025,80.0,4.5,-85,1769704381,3,3
2026-01-29 08:33:38.190284,0x433aad0c,13.2325,73.75,5.75,-77,1769704408,3,3
2026-01-29 08:34:28.654069,0x433abf20,13.245,63.75,5.5,-76,1769704459,3,3
2026-01-29 08:36:07.500686,0x433ad35c,13.24,65.0,6.0,-55,1769704557,3,3
2026-01-29 08:36:25.211071,0x433b0b38,13.22,70.0,5.75,-71,1769704575,5,5
2026-01-29 08:36:28.176587,0x433b0098,13.20125,68.75,6.0,-59,1769704578,2,2
2026-01-29 08:36:42.063211,0x433af380,13.16875,66.25,6.0,-38,1769704592,3,3
2026-01-29 08:38:12.945782,0x433acb14,13.20125,71.25,5.75,-86,1769704683,3,3
2026-01-29 08:39:35.116750,0x433abf20,13.24,71.25,6.25,-77,1769704765,3,2
2026-01-29 08:41:26.274067,0x433b0b38,13.21875,71.25,6.25,-71,1769704876,5,5
2026-01-29 08:43:13.120989,0x433acb14,13.2,75.0,4.75,-86,1769704983,3,3
2026-01-29 08:43:42.057044,0x433aad0c,13.23625,70.0,6.5,-78,1769705012,3,3
2026-01-29 08:44:30.806081,0x433abf20,13.245,66.25,5.5,-75,1769705061,3,3
2026-01-29 08:46:06.853300,0x433ad35c,13.23875,66.25,6.25,-55,1769705157,3,3
2026-01-29 08:46:28.335053,0x433b0b38,13.22,71.25,6.0,-71,1769705178,5,5
2026-01-29 08:46:29.209692,0x433b0098,13.20875,67.5,4.75,-61,1769705179,2,2
2026-01-29 08:48:14.369452,0x433acb14,13.205,83.75,4.0,-87,1769705284,3,3
2026-01-29 08:49:30.325905,0x433abf20,13.24375,65.0,5.5,-75,1769705360,3,3
2026-01-29 08:51:28.422807,0x433b0b38,13.2225,65.0,6.25,-72,1769705478,5,5
2026-01-29 08:53:16.489290,0x433acb14,13.20625,68.75,3.75,-87,1769705586,3,3
2026-01-29 08:53:44.482841,0x433aad0c,13.2375,73.75,5.25,-78,1769705614,3,3
2026-01-29 08:54:37.262548,0x433abf20,13.24,72.5,5.5,-76,1769705667,3,3
2026-01-29 08:56:09.457231,0x433ad35c,13.24,63.75,6.5,-54,1769705759,3,3
2026-01-29 08:56:30.958902,0x433b0b38,13.2225,61.25,6.0,-71,1769705781,5,5
2026-01-29 08:56:33.216050,0x433b0098,13.2075,61.25,7.5,-60,1769705783,2,2
2026-01-29 08:58:17.362537,0x433acb14,13.20125,73.75,4.0,-87,1769705887,3,3
2026-01-29 08:59:36.411019,0x433abf20,13.245,65.0,5.75,-74,1769705966,3,3
2026-01-29 09:01:31.809804,0x433b0b38,13.2225,60.0,6.0,-72,1769706082,5,5
2026-01-29 09:03:19.085433,0x433acb14,13.20625,66.25,5.0,-89,1769706189,3,3
2026-01-26 17:01:06.930844,0x433acb14,13.27625,130.0,3.75,-92,1769475663,3,3
2026-01-26 17:01:24.223196,0x433b0098,13.2675,60.0,5.75,-62,1769475680,2,2
2026-01-26 17:04:10.103721,0x433abf20,13.27875,65.0,5.5,-76,1769475846,3,3
2026-01-26 17:04:50.933075,0x433b0b38,13.27375,65.0,5.75,-72,1769475887,5,5
2026-01-26 17:06:06.836132,0x433acb14,13.2725,135.0,3.5,-92,1769475963,3,3
2026-01-26 17:09:03.734880,0x433ad35c,13.29,65.0,6.25,-54,1769476140,3,3
2026-01-26 17:09:12.595248,0x433abf20,13.27625,68.75,6.0,-75,1769476149,3,3
2026-01-26 17:09:52.278826,0x433b0b38,13.27,72.5,5.75,-73,1769476188,5,5
2026-01-26 17:11:09.484653,0x433acb14,13.29875,66.25,3.5,-92,1769476265,3,3
2026-01-26 17:11:26.250906,0x433b0098,13.26125,75.0,7.0,-61,1769476282,2,2
2026-01-26 17:14:13.982342,0x433abf20,13.27875,62.5,6.0,-76,1769476450,3,3
2026-01-26 17:14:52.586928,0x433b0b38,13.2725,58.75,5.75,-73,1769476489,5,5
2026-01-26 17:16:11.823600,0x433acb14,13.29875,66.25,3.75,-92,1769476568,3,3
2026-01-26 17:19:04.909210,0x433ad35c,13.28625,70.0,6.25,-54,1769476741,3,3
2026-01-26 17:19:13.703084,0x433abf20,13.2775,63.75,5.5,-76,1769476750,3,3
2026-01-26 17:19:54.941386,0x433b0b38,13.27125,63.75,5.75,-72,1769476791,5,5
2026-01-26 17:21:11.666439,0x433acb14,13.2725,138.75,3.5,-92,1769476868,3,3
2026-01-26 17:21:28.951291,0x433b0098,13.2625,72.5,7.25,-62,1769476885,2,2
2026-01-26 17:24:14.604336,0x433abf20,13.28,61.25,5.25,-76,1769477051,3,3
2026-01-26 17:24:55.105163,0x433b0b38,13.27375,58.75,5.75,-73,1769477091,5,5
2026-01-26 17:26:08.937434,0x433af380,13.2425,68.75,6.25,-39,1769477165,3,3
2026-01-26 17:26:12.025034,0x433acb14,13.29125,90.0,3.5,-92,1769477168,3,3
2026-01-26 17:29:08.264403,0x433ad35c,13.2875,77.5,5.75,-53,1769477344,3,3
2026-01-26 17:29:16.565971,0x433abf20,13.27625,76.25,6.0,-76,1769477353,3,3
2026-01-26 17:29:56.402281,0x433b0b38,13.27,76.25,5.5,-73,1769477392,5,5
2026-01-26 17:31:14.243819,0x433acb14,13.29375,88.75,3.75,-92,1769477470,3,3
2026-01-26 17:31:30.509672,0x433b0098,13.2675,60.0,5.75,-61,1769477486,2,2
2026-01-26 17:34:17.452854,0x433abf20,13.27875,61.25,5.5,-76,1769477653,3,3
2026-01-26 17:34:57.637831,0x433b0b38,13.2675,76.25,5.75,-73,1769477694,5,5
2026-01-26 17:36:15.461412,0x433acb14,13.29375,75.0,3.25,-91,1769477771,3,3
2026-01-26 17:39:14.832291,0x433ad35c,13.29,62.5,6.25,-53,1769477951,3,3
2026-01-26 17:39:18.497624,0x433abf20,13.27875,65.0,6.0,-76,1769477954,3,3
2026-01-26 17:39:59.731919,0x433b0b38,13.2725,63.75,6.0,-73,1769477996,5,5
2026-01-26 17:41:16.014001,0x433acb14,13.295,77.5,3.75,-92,1769478072,3,3
2026-01-26 17:41:35.127767,0x433b0098,13.2625,73.75,6.0,-61,1769478091,2,2
2026-01-26 17:44:20.763808,0x433abf20,13.27625,72.5,5.5,-75,1769478257,3,3
2026-01-26 17:45:00.942624,0x433b0b38,13.2675,76.25,5.75,-72,1769478297,5,5
2026-01-26 17:46:18.983718,0x433acb14,13.2975,66.25,3.5,-92,1769478375,3,3
2026-01-26 17:49:14.406043,0x433ad35c,13.29,62.5,5.75,-53,1769478550,3,3
2026-01-26 17:49:21.569370,0x433abf20,13.275,72.5,6.0,-77,1769478557,3,3
2026-01-26 17:50:05.651617,0x433b0b38,13.2725,62.5,5.5,-73,1769478602,5,5
2026-01-26 17:51:18.613011,0x433acb14,13.29375,73.75,4.0,-91,1769478675,3,3
2026-01-26 17:51:37.681948,0x433b0098,13.265,61.25,6.0,-61,1769478694,2,2
2026-01-26 17:54:22.420375,0x433abf20,13.27875,61.25,5.75,-75,1769478858,3,3
2026-01-26 17:55:04.304104,0x433b0b38,13.26875,76.25,5.25,-73,1769478900,5,5
2026-01-26 17:56:20.031577,0x433acb14,13.2975,63.75,3.5,-92,1769478976,3,3
2026-01-26 17:59:17.898907,0x433ad35c,13.28625,76.25,5.75,-53,1769479154,3,3
2026-01-26 17:59:23.134712,0x433abf20,13.275,72.5,5.25,-76,1769479159,3,3
2026-02-01 19:08:02.388149,0x433ad35c,13.13375,67.5,5.5,-53,1770001664,3,3
2026-02-01 19:08:34.972470,0x433b0b38,13.18,62.5,6.0,-72,1770001696,5,5
2026-02-01 19:10:23.672242,0x433acb14,13.145,75.0,5.0,-89,1770001805,3,3
2026-02-01 19:10:37.571268,0x433abf20,13.26375,62.5,5.75,-76,1770001819,3,3
2026-02-01 19:11:53.757953,0x433b0098,13.24375,70.0,6.25,-60,1770001895,2,2
2026-02-01 19:13:35.420790,0x433b0b38,13.175,75.0,6.5,-72,1770001997,5,5
2026-02-01 19:15:25.173789,0x433acb14,13.1425,72.5,5.0,-89,1770002106,3,3
2026-02-01 19:15:39.054582,0x433abf20,13.2625,65.0,5.75,-76,1770002120,3,3
2026-02-01 19:15:51.950735,0x433aad0c,13.2675,65.0,5.5,-75,1770002133,3,3
2026-02-01 19:18:05.179261,0x433ad35c,13.1325,65.0,5.75,-53,1770002266,3,3
2026-02-01 19:18:37.355083,0x433b0b38,13.175,75.0,5.75,-72,1770002299,5,5
2026-02-01 19:20:25.326111,0x433acb14,13.1425,76.25,5.25,-90,1770002407,3,3
2026-02-01 19:20:40.396221,0x433abf20,13.265,66.25,5.25,-75,1770002422,3,3
2026-02-01 19:21:54.858910,0x433b0098,13.21625,121.25,6.25,-60,1770002496,2,2
2026-02-01 19:23:37.897605,0x433b0b38,13.175,72.5,5.75,-72,1770002599,5,5
2026-02-01 19:25:27.673371,0x433acb14,13.14,77.5,5.25,-89,1770002709,3,3
2026-02-01 19:25:41.641262,0x433abf20,13.25875,71.25,5.25,-75,1770002723,3,3
2026-02-01 19:25:51.949178,0x433aad0c,13.26375,73.75,6.0,-75,1770002733,3,3
2026-02-01 19:28:08.829051,0x433ad35c,13.13,60.0,5.5,-52,1770002870,3,3
2026-02-01 19:28:40.161288,0x433b0b38,13.1725,75.0,6.25,-72,1770002901,5,5
2026-02-01 19:30:28.966443,0x433acb14,13.145,62.5,4.25,-88,1770003010,3,3
2026-02-01 19:30:41.271087,0x433abf20,13.26,71.25,5.75,-76,1770003023,3,3
2026-02-01 19:31:57.392952,0x433b0098,13.24625,60.0,6.0,-60,1770003099,2,2
2026-02-01 19:33:40.432120,0x433b0b38,13.1775,63.75,5.75,-72,1770003202,5,5
2026-02-01 19:35:29.912993,0x433acb14,13.145,66.25,4.25,-89,1770003311,3,3
2026-02-01 19:35:43.864766,0x433abf20,13.26,86.25,5.75,-76,1770003325,3,3
2026-02-01 19:35:55.136468,0x433aad0c,13.26375,70.0,5.5,-75,1770003336,3,3
2026-02-01 19:38:10.384769,0x433ad35c,13.13,63.75,7.25,-52,1770003472,3,3
2026-02-01 19:38:42.548888,0x433b0b38,13.175,58.75,6.0,-71,1770003504,5,5
2026-02-01 19:40:31.695521,0x433acb14,13.1425,65.0,4.75,-89,1770003613,3,3
2026-02-01 19:40:42.353871,0x433abf20,13.2625,60.0,5.25,-76,1770003624,3,3
2026-02-01 19:41:59.546147,0x433b0098,13.24125,73.75,6.0,-61,1770003701,2,2
2026-02-01 19:43:43.637201,0x433b0b38,13.17625,63.75,5.75,-72,1770003805,5,5
2026-02-01 19:45:31.965962,0x433acb14,13.14375,67.5,5.25,-90,1770003913,3,3
2026-02-01 19:45:43.120793,0x433abf20,13.26125,66.25,5.25,-76,1770003924,3,3
2026-02-01 19:45:58.716424,0x433aad0c,13.2675,62.5,5.25,-76,1770003940,3,3
2026-02-01 19:47:54.337923,0x433af380,13.05,80.0,6.5,-38,1770004056,3,3
2026-02-01 19:48:14.885936,0x433ad35c,13.12875,62.5,5.75,-53,1770004076,3,3
2026-02-01 19:48:45.739259,0x433b0b38,13.17,75.0,6.0,-72,1770004107,5,5
2026-02-01 19:50:33.644894,0x433acb14,13.14,71.25,4.75,-88,1770004215,3,3
2026-02-01 19:50:45.516421,0x433abf20,13.2575,73.75,6.0,-76,1770004227,3,3
2026-02-01 19:52:01.179053,0x433b0098,13.24625,58.75,6.25,-60,1770004302,2,2
2026-02-01 19:53:47.841350,0x433b0b38,13.17125,60.0,5.5,-72,1770004409,5,5
2026-02-01 19:55:34.171110,0x433acb14,13.13875,66.25,4.75,-90,1770004515,3,3
2026-02-01 19:55:44.995774,0x433abf20,13.26125,70.0,5.25,-76,1770004526,3,3
2026-02-01 19:56:05.221195,0x433aad0c,13.26625,71.25,5.75,-76,1770004546,3,3
2026-02-01 19:58:17.509423,0x433ad35c,13.125,77.5,5.75,-53,1770004679,3,3
2026-02-01 19:58:48.995698,0x433b0b38,13.1725,62.5,5.75,-72,1770004710,5,5
2026-02-01 20:00:36.099658,0x433acb14,13.1325,85.0,4.75,-89,1770004817,3,3
2026-02-01 20:00:47.862465,0x433abf20,13.26,62.5,5.75,-76,1770004829,3,3
2026-02-01 20:02:03.784125,0x433b0098,13.245,63.75,5.75,-61,1770004905,2,2
2026-02-01 20:03:51.510565,0x433b0b38,13.17125,60.0,5.75,-72,1770005013,5,5
2026-02-01 20:05:37.407871,0x433acb14,13.1425,66.25,5.0,-89,1770005119,3,3
2026-02-01 20:05:47.864212,0x433abf20,13.2575,72.5,5.5,-76,1770005129,3,3
2026-02-01 20:06:02.289994,0x433aad0c,13.265,63.75,5.25,-76,1770005143,3,3
2026-01-27 15:02:06.423401,0x433acb14,13.28,73.75,2.5,-94,1769554920,3,3
2026-01-27 15:04:42.328137,0x433abf20,13.2725,76.25,5.75,-76,1769555076,3,3
2026-01-27 15:04:53.333293,0x433ad35c,13.2825,73.75,6.25,-54,1769555087,3,3
2026-01-27 15:05:39.023915,0x433b0b38,13.2575,58.75,6.25,-72,1769555133,5,5
2026-01-27 15:06:55.979459,0x433b0098,13.25,61.25,6.25,-62,1769555210,2,2
2026-01-27 15:07:04.392175,0x433acb14,13.25625,130.0,-1.75,-99,1769555218,3,3
2026-01-27 15:09:44.852254,0x433abf20,13.2775,61.25,6.0,-76,1769555379,3,3
2026-01-27 15:10:41.104962,0x433b0b38,13.2575,58.75,6.0,-74,1769555435,5,5
2026-01-27 15:12:08.354302,0x433acb14,13.28125,63.75,3.5,-93,1769555522,3,3
2026-01-27 15:14:45.393137,0x433abf20,13.25625,122.5,5.5,-75,1769555679,3,3
2026-01-27 15:14:55.736450,0x433ad35c,13.28625,62.5,6.0,-53,1769555690,3,3
2026-01-27 15:15:43.173667,0x433b0b38,13.25875,58.75,5.75,-72,1769555737,5,5
2026-01-27 15:16:58.207318,0x433b0098,13.24875,61.25,6.5,-61,1769555812,2,2
2026-01-27 15:17:08.645352,0x433acb14,13.27375,72.5,3.75,-92,1769555823,3,3
2026-01-27 15:19:46.547225,0x433abf20,13.255,136.25,5.5,-75,1769555980,3,3
2026-01-27 15:20:43.341229,0x433b0b38,13.23375,122.5,6.25,-72,1769556037,5,5
2026-01-27 15:22:11.466047,0x433acb14,13.27625,73.75,4.0,-92,1769556125,3,3
2026-01-27 15:24:47.515471,0x433abf20,13.2775,62.5,5.5,-75,1769556281,3,3
2026-01-27 15:24:58.375866,0x433ad35c,13.28625,63.75,5.75,-52,1769556292,3,3
2026-01-27 15:25:44.372646,0x433b0b38,13.25625,71.25,5.25,-72,1769556338,5,5
2026-01-27 15:27:01.105933,0x433b0098,13.25,62.5,5.5,-60,1769556415,2,2
2026-01-27 15:27:12.212205,0x433acb14,13.28,68.75,3.75,-92,1769556426,3,3
2026-01-27 15:29:48.587935,0x433abf20,13.27625,71.25,5.5,-76,1769556582,3,3
2026-01-27 15:30:09.792398,0x433af380,13.21875,70.0,6.25,-38,1769556604,3,3
2026-01-27 15:30:47.577721,0x433b0b38,13.2625,63.75,6.0,-73,1769556641,5,5
2026-01-27 15:32:12.532269,0x433acb14,13.28125,63.75,-0.25,-97,1769556726,3,3
2026-01-27 15:34:50.475074,0x433abf20,13.25875,125.0,5.25,-76,1769556884,3,3
2026-01-27 15:35:01.080033,0x433ad35c,13.2875,65.0,6.5,-54,1769556895,3,3
2026-01-27 15:35:47.201280,0x433b0b38,13.26125,65.0,5.75,-74,1769556941,5,5
2026-01-27 15:37:04.557897,0x433b0098,13.25,61.25,6.25,-60,1769557018,2,2
2026-01-27 15:37:14.428459,0x433acb14,13.27625,75.0,1.75,-96,1769557028,3,3
2026-01-27 15:39:50.671831,0x433abf20,13.28,65.0,5.75,-76,1769557185,3,3
2026-01-27 15:40:56.614619,0x433b0b38,13.2625,61.25,6.0,-72,1769557250,5,5
2026-01-27 15:42:16.070681,0x433acb14,13.28,71.25,3.5,-88,1769557330,3,3
2026-01-27 15:44:52.010720,0x433abf20,13.27875,63.75,5.5,-75,1769557486,3,3
2026-01-27 15:45:03.552485,0x433ad35c,13.285,61.25,6.0,-54,1769557497,3,3
2026-01-27 15:45:50.058726,0x433b0b38,13.25875,63.75,6.25,-70,1769557544,5,5
2026-01-27 15:47:08.137253,0x433b0098,13.2475,71.25,6.25,-59,1769557622,2,2
2026-01-27 15:47:18.455935,0x433acb14,13.28,65.0,4.25,-88,1769557632,3,3
2026-01-27 15:49:57.706165,0x433abf20,13.27875,62.5,5.75,-76,1769557792,3,3
2026-01-27 15:50:51.002956,0x433b0b38,13.26125,63.75,6.0,-71,1769557845,5,5
2026-01-27 15:52:17.602323,0x433acb14,13.27625,68.75,0.25,-97,1769557931,3,3
2026-01-27 15:54:55.094826,0x433abf20,13.27625,73.75,6.0,-75,1769558089,3,3
2026-01-27 15:55:11.975214,0x433ad35c,13.28625,63.75,6.25,-54,1769558106,3,3
2026-01-27 15:55:55.981570,0x433b0b38,13.26,62.5,5.75,-72,1769558150,5,5
2026-01-27 15:57:13.589462,0x433b0098,13.25125,60.0,5.75,-59,1769558227,2,2
2026-01-27 15:57:19.443946,0x433acb14,13.28,62.5,2.75,-93,1769558233,3,3
2026-01-27 15:59:56.156961,0x433abf20,13.27875,63.75,6.0,-75,1769558390,3,3
2026-01-29 06:03:46.728395,0x433abf20,13.2425,76.25,5.75,-74,1769695417,3,3
2026-01-29 06:05:24.325397,0x433ad35c,13.23875,73.75,5.75,-55,1769695514,3,3
2026-01-29 06:05:45.288600,0x433b0b38,13.22625,57.5,6.0,-70,1769695535,5,5
2026-01-29 06:05:51.679029,0x433b0098,13.21375,63.75,6.0,-60,1769695542,2,2
2026-01-29 06:07:33.500396,0x433acb14,13.21,63.75,5.0,-85,1769695644,3,3
2026-01-29 06:08:50.554885,0x433abf20,13.24625,65.0,7.25,-73,1769695721,3,3
2026-01-29 06:10:47.212889,0x433b0b38,13.2275,61.25,5.25,-70,1769695837,5,5
2026-01-29 06:12:35.156080,0x433acb14,13.20375,73.75,5.75,-86,1769695945,3,3
2026-01-29 06:13:03.037060,0x433aad0c,13.24125,61.25,6.0,-75,1769695973,3,3
2026-01-29 06:13:50.330554,0x433abf20,13.2475,65.0,7.0,-74,1769696020,3,3
2026-01-29 06:15:27.578655,0x433ad35c,13.24375,66.25,6.0,-55,1769696118,3,3
2026-01-29 06:15:48.503523,0x433b0b38,13.225,60.0,6.25,-70,1769696139,5,5
2026-01-29 06:15:53.981475,0x433b0098,13.2125,57.5,6.25,-59,1769696144,2,2
2026-01-29 06:17:36.828172,0x433acb14,13.20875,66.25,5.25,-86,1769696247,3,3
2026-01-29 06:18:51.143039,0x433abf20,13.2475,61.25,6.5,-75,1769696321,3,3
2026-01-29 06:20:50.299806,0x433b0b38,13.22625,60.0,5.5,-70,1769696440,5,5
2026-01-29 06:22:38.276887,0x433acb14,13.2075,63.75,3.0,-93,1769696548,3,3
2026-01-29 06:23:04.358106,0x433aad0c,13.23625,68.75,5.75,-75,1769696574,3,3
2026-01-29 06:23:51.497594,0x433abf20,13.24375,71.25,5.75,-74,1769696622,3,3
2026-01-29 06:25:30.857141,0x433ad35c,13.2425,65.0,6.25,-55,1769696721,3,3
2026-01-29 06:25:50.540392,0x433b0b38,13.22625,63.75,6.0,-70,1769696741,5,5
2026-01-29 06:25:57.811735,0x433b0098,13.21125,60.0,5.5,-59,1769696748,2,2
2026-01-29 06:27:38.714682,0x433acb14,13.20625,76.25,4.5,-90,1769696849,3,3
2026-01-29 06:28:54.606416,0x433abf20,13.2475,62.5,7.5,-74,1769696925,3,3
2026-01-29 06:30:52.621514,0x433b0b38,13.19625,130.0,5.5,-71,1769697043,5,5
2026-01-29 06:32:41.514161,0x433acb14,13.21,66.25,4.25,-89,1769697152,3,3
2026-01-29 06:33:04.848704,0x433aad0c,13.24125,60.0,5.5,-74,1769697175,3,3
2026-01-29 06:33:58.222231,0x433abf20,13.2225,137.5,6.5,-74,1769697228,3,3
2026-01-29 06:35:34.638193,0x433ad35c,13.2425,65.0,6.25,-55,1769697325,3,3
2026-01-29 06:35:55.028588,0x433b0b38,13.20125,120.0,5.75,-71,1769697345,5,5
2026-01-29 06:36:00.142546,0x433b0098,13.175,128.75,6.25,-59,1769697350,2,2
2026-01-29 06:36:23.434020,0x433af380,13.1525,81.25,7.0,-39,1769697373,3,3
2026-01-29 06:37:40.441690,0x433acb14,13.2075,65.0,4.25,-89,1769697450,3,3
2026-01-29 06:38:57.496353,0x433abf20,13.24625,67.5,6.25,-73,1769697528,3,3
2026-01-29 06:40:55.662359,0x433b0b38,13.22625,61.25,5.75,-71,1769697646,5,5
2026-01-29 06:42:42.343896,0x433acb14,13.205,72.5,4.5,-89,1769697752,3,3
2026-01-29 06:43:10.108452,0x433aad0c,13.24125,63.75,5.25,-74,1769697780,3,3
2026-01-29 06:43:59.716305,0x433abf20,13.24625,62.5,6.0,-74,1769697830,3,3
2026-01-29 06:45:36.530630,0x433ad35c,13.24,62.5,6.25,-55,1769697927,3,3
2026-01-29 06:45:57.052008,0x433b0b38,13.22875,63.75,6.0,-75,1769697947,5,5
2026-01-29 06:45:59.353893,0x433b0098,13.21125,73.75,5.75,-60,1769697949,2,2
2026-01-29 06:47:44.036491,0x433acb14,13.205,72.5,4.5,-89,1769698054,3,3
2026-01-29 06:49:01.397071,0x433abf20,13.2425,78.75,6.75,-74,1769698131,3,3
2026-01-29 06:50:58.113542,0x433b0b38,13.225,60.0,6.25,-70,1769698248,5,5
2026-01-29 06:52:44.226124,0x433acb14,13.20875,67.5,4.25,-88,1769698354,3,3
2026-01-29 06:53:12.030767,0x433aad0c,13.24,60.0,2.75,-56,1769698382,3,2
2026-01-29 06:53:59.647840,0x433abf20,13.24375,77.5,6.5,-74,1769698430,3,3
2026-01-29 06:55:39.342058,0x433ad35c,13.23875,76.25,7.25,-55,1769698529,3,3
2026-01-29 06:55:59.773382,0x433b0b38,13.2225,75.0,6.0,-70,1769698550,5,5
2026-01-29 06:56:03.984846,0x433b0098,13.2125,62.5,6.0,-59,1769698554,2,2
2026-01-29 06:57:45.485108,0x433acb14,13.205,76.25,5.0,-84,1769698655,3,3
2026-01-29 06:59:02.204654,0x433abf20,13.2475,66.25,5.75,-76,1769698732,3,3
2026-01-29 07:01:03.946307,0x433b0b38,13.225,60.0,5.5,-70,1769698854,5,5
2026-01-29 07:02:46.766204,0x433acb14,13.2075,63.75,4.75,-84,1769698957,3,3
2026-01-29 07:03:13.461591,0x433aad0c,13.23625,71.25,5.75,-74,1769698983,3,3
2026-02-02 10:09:23.176062,0x433acb14,13.105,75.0,3.75,-92,1770055743,3,3
2026-02-02 10:09:51.677021,0x433aad0c,13.21875,72.5,5.75,-77,1770055771,3,3
2026-02-02 10:12:08.292045,0x433ad35c,13.085,75.0,6.5,-53,1770055908,3,3
2026-02-02 10:12:40.341936,0x433b0b38,13.07875,70.0,5.75,-74,1770055940,5,5
2026-02-02 10:13:24.919785,0x433abf20,13.1925,136.25,5.5,-76,1770055985,3,3
2026-02-02 10:14:24.472052,0x433acb14,13.105,77.5,3.5,-93,1770056044,3,3
2026-02-02 10:14:57.905015,0x433b0098,13.1975,61.25,6.25,-62,1770056078,2,2
2026-02-02 10:17:42.733262,0x433b0b38,13.0775,71.25,5.75,-72,1770056242,5,5
2026-02-02 10:18:26.782047,0x433abf20,13.2175,65.0,5.75,-75,1770056286,3,3
2026-02-02 10:19:24.654505,0x433acb14,13.1075,66.25,4.25,-91,1770056344,3,3
2026-02-02 10:19:55.354622,0x433aad0c,13.22625,63.75,5.25,-81,1770056375,3,3
2026-02-02 10:22:09.566854,0x433ad35c,13.09,61.25,6.0,-53,1770056509,3,3
2026-02-02 10:22:43.005864,0x433b0b38,13.085,63.75,5.5,-72,1770056543,5,5
2026-02-02 10:23:28.267225,0x433abf20,13.2125,76.25,5.5,-76,1770056588,3,3
2026-02-02 10:24:26.666105,0x433acb14,13.1075,76.25,4.0,-92,1770056646,3,3
2026-02-02 10:25:01.773485,0x433b0098,13.2,62.5,6.0,-61,1770056681,2,2
2026-02-02 10:27:43.829905,0x433b0b38,13.0825,61.25,5.75,-73,1770056844,5,5
2026-02-02 10:28:29.667621,0x433abf20,13.21625,62.5,5.75,-75,1770056889,3,3
2026-02-02 10:29:28.103866,0x433acb14,13.11,65.0,4.5,-91,1770056948,3,3
2026-02-02 10:29:59.784639,0x433aad0c,13.22375,63.75,5.0,-84,1770056979,3,3
2026-02-02 10:32:12.885664,0x433ad35c,13.09375,63.75,6.25,-53,1770057113,3,3
2026-02-02 10:32:47.118662,0x433b0b38,13.08625,63.75,5.75,-74,1770057147,5,5
2026-02-02 10:33:32.095436,0x433abf20,13.2175,76.25,5.5,-75,1770057192,3,3
2026-02-02 10:34:28.991677,0x433acb14,13.11125,61.25,3.75,-91,1770057249,3,3
2026-02-02 10:35:04.644546,0x433b0098,13.2,57.5,6.25,-60,1770057284,2,2
2026-02-02 10:37:46.372728,0x433b0b38,13.085,63.75,5.75,-73,1770057446,5,5
2026-02-02 10:38:32.018953,0x433abf20,13.215,77.5,5.5,-76,1770057492,3,3
2026-02-02 10:39:31.193504,0x433acb14,13.1125,65.0,3.5,-90,1770057551,3,3
2026-02-02 10:40:01.616809,0x433aad0c,13.225,60.0,5.0,-84,1770057581,3,3
2026-02-02 10:42:13.870415,0x433ad35c,13.095,63.75,6.5,-54,1770057714,3,3
2026-02-02 10:42:52.766145,0x433b0b38,13.085,63.75,5.75,-73,1770057752,5,5
2026-02-02 10:43:32.917428,0x433abf20,13.2225,63.75,6.0,-75,1770057793,3,3
2026-02-02 10:44:31.821122,0x433acb14,13.11375,62.5,3.5,-93,1770057851,3,3
2026-02-02 10:45:05.380235,0x433b0098,13.2025,58.75,6.5,-62,1770057885,2,2
2026-02-02 10:47:49.169549,0x433b0b38,13.08,70.0,5.5,-73,1770058049,5,5
2026-02-02 10:48:36.062114,0x433abf20,13.21625,87.5,5.25,-76,1770058096,3,3
2026-02-02 10:49:33.035631,0x433acb14,13.115,66.25,3.5,-93,1770058153,3,3
2026-02-02 10:49:37.933520,0x433af380,13.01,71.25,6.25,-38,1770058158,3,3
2026-02-02 10:50:04.531203,0x433aad0c,13.2225,75.0,5.0,-90,1770058184,3,3
2026-02-02 10:52:15.750944,0x433ad35c,13.0975,61.25,6.25,-54,1770058315,3,3
2026-02-02 10:52:51.209877,0x433b0b38,13.08,70.0,5.75,-72,1770058351,5,5
2026-02-02 10:53:36.528583,0x433abf20,13.22125,65.0,5.5,-76,1770058396,3,3
2026-02-02 10:54:33.498706,0x433acb14,13.115,63.75,4.25,-92,1770058453,3,3
2026-02-02 10:55:07.911769,0x433b0098,13.19875,72.5,6.0,-62,1770058488,2,2
2026-02-02 10:57:52.058431,0x433b0b38,13.0825,75.0,6.0,-73,1770058652,5,5
2026-02-02 10:58:36.560771,0x433abf20,13.2225,62.5,5.5,-76,1770058696,3,3
2026-02-02 10:59:35.607143,0x433acb14,13.11125,75.0,4.0,-91,1770058755,3,3
2026-02-02 11:00:09.577760,0x433aad0c,13.22375,72.5,5.25,-90,1770058789,3,3
2026-02-02 11:02:18.823251,0x433ad35c,13.1,61.25,6.5,-53,1770058918,3,3
2026-02-02 11:02:54.090452,0x433b0b38,13.08375,76.25,5.75,-72,1770058954,5,5
2026-02-02 11:03:38.663323,0x433abf20,13.22,73.75,5.75,-75,1770058998,3,3
2026-02-02 11:04:36.544331,0x433acb14,13.1125,73.75,4.5,-91,1770059056,3,3
2026-02-02 11:05:10.017007,0x433b0098,13.20375,57.5,6.75,-61,1770059090,2,2
2026-02-02 11:07:57.768549,0x433b0b38,13.0825,76.25,5.5,-72,1770059257,5,5
2026-02-02 11:08:40.273371,0x433abf20,13.22375,66.25,5.5,-76,1770059300,3,3
2026-01-31 01:06:50.569556,0x433ad35c,13.2075,76.25,6.5,-53,1769850396,3,3
2026-01-31 01:07:16.900640,0x433abf20,13.25,61.25,6.5,-77,1769850423,3,3
2026-01-31 01:07:21.208637,0x433b0b38,13.19875,136.25,2.0,-73,1769850427,5,5
2026-01-31 01:09:06.372624,0x433acb14,13.16,76.25,5.75,-86,1769850532,3,3
2026-01-31 01:12:20.247124,0x433abf20,13.25125,65.0,6.0,-77,1769850726,3,3
2026-01-31 01:12:21.667877,0x433b0b38,13.2275,57.5,5.75,-73,1769850727,5,5
2026-01-31 01:13:49.776604,0x433b0098,13.22,75.0,6.0,-60,1769850815,2,2
2026-01-31 01:14:08.149123,0x433acb14,13.16,73.75,5.5,-86,1769850834,3,3
2026-01-31 01:14:33.669328,0x433aad0c,13.25,62.5,5.75,-76,1769850859,3,3
2026-01-31 01:16:56.920821,0x433ad35c,13.21,65.0,7.0,-54,1769851003,3,3
2026-01-31 01:17:18.502074,0x433abf20,13.25,65.0,6.75,-76,1769851024,3,3
2026-01-31 01:17:22.519545,0x433b0b38,13.22625,63.75,5.75,-73,1769851028,5,5
2026-01-31 01:19:09.494866,0x433acb14,13.1625,66.25,6.0,-86,1769851135,3,3
2026-01-31 01:22:19.435025,0x433abf20,13.25125,66.25,5.5,-76,1769851325,3,3
2026-01-31 01:22:23.235576,0x433b0b38,13.2275,63.75,5.5,-73,1769851329,5,5
2026-01-31 01:23:53.839150,0x433b0098,13.2175,76.25,6.0,-60,1769851420,2,2
2026-01-31 01:24:11.235225,0x433acb14,13.1625,66.25,6.25,-87,1769851437,3,3
2026-01-31 01:24:36.315319,0x433aad0c,13.2475,63.75,5.0,-76,1769851462,3,3
2026-01-31 01:27:01.216599,0x433ad35c,13.2075,63.75,6.25,-53,1769851607,3,3
2026-01-31 01:27:20.356528,0x433abf20,13.25125,63.75,6.25,-77,1769851626,3,3
2026-01-31 01:27:27.902065,0x433b0b38,13.2275,63.75,5.0,-73,1769851634,5,5
2026-01-31 01:29:11.975335,0x433acb14,13.15625,72.5,6.0,-86,1769851738,3,3
2026-01-31 01:32:20.864889,0x433abf20,13.24625,76.25,5.75,-76,1769851927,3,3
2026-01-31 01:32:26.197844,0x433b0b38,13.2225,65.0,5.5,-72,1769851932,5,5
2026-01-31 01:33:56.006665,0x433b0098,13.22125,60.0,6.25,-60,1769852022,2,2
2026-01-31 01:34:14.524427,0x433acb14,13.1625,67.5,5.25,-86,1769852040,3,3
2026-01-31 01:34:38.061929,0x433aad0c,13.245,72.5,5.5,-77,1769852064,3,3
2026-01-31 01:36:59.957252,0x433ad35c,13.205,92.5,8.0,-54,1769852206,3,3
2026-01-31 01:37:21.524134,0x433abf20,13.2475,75.0,5.75,-78,1769852227,3,3
2026-01-31 01:37:26.864754,0x433b0b38,13.2225,75.0,5.75,-73,1769852233,5,5
2026-01-31 01:39:13.780496,0x433acb14,13.16125,67.5,6.0,-86,1769852339,3,3
2026-01-31 01:42:20.148368,0x433af380,13.14125,85.0,7.0,-38,1769852526,3,3
2026-01-31 01:42:24.246471,0x433abf20,13.24875,62.5,5.25,-60,1769852530,3,2
2026-01-31 01:42:28.779819,0x433b0b38,13.225,63.75,6.0,-72,1769852534,5,5
2026-01-31 01:43:57.794955,0x433b0098,13.21375,72.5,6.5,-59,1769852623,2,2
2026-01-31 01:44:17.477027,0x433acb14,13.15875,65.0,5.75,-86,1769852643,3,3
2026-01-31 01:44:40.472769,0x433aad0c,13.24875,67.5,5.25,-76,1769852666,3,3
2026-01-31 01:47:02.220120,0x433ad35c,13.2025,77.5,7.25,-54,1769852808,3,3
2026-01-31 01:47:24.416285,0x433abf20,13.245,68.75,6.5,-77,1769852830,3,3
2026-01-31 01:47:29.428488,0x433b0b38,13.225,63.75,6.0,-72,1769852835,5,5
2026-01-31 01:49:17.036118,0x433acb14,13.15625,76.25,6.0,-86,1769852943,3,3
2026-01-31 01:52:26.106415,0x433abf20,13.245,72.5,5.5,-78,1769853132,3,3
2026-01-31 01:52:31.573634,0x433b0b38,13.22625,61.25,5.5,-73,1769853137,5,5
2026-01-31 01:53:58.529276,0x433b0098,13.215,72.5,6.25,-60,1769853224,2,2
2026-01-31 01:54:18.544311,0x433acb14,13.1575,65.0,5.5,-85,1769853244,3,3
2026-01-31 01:54:43.921692,0x433aad0c,13.24875,62.5,5.75,-76,1769853270,3,3
2026-01-31 01:57:04.590978,0x433ad35c,13.205,66.25,6.25,-55,1769853410,3,3
2026-01-31 01:57:28.666503,0x433abf20,13.24625,76.25,6.25,-77,1769853434,3,3
2026-01-31 01:57:32.241612,0x433b0b38,13.225,65.0,6.0,-73,1769853438,5,5
2026-01-31 01:59:19.468561,0x433acb14,13.16,63.75,5.5,-86,1769853545,3,3
2026-01-31 02:02:26.841473,0x433abf20,13.24125,86.25,6.75,-76,1769853732,3,3
2026-01-31 02:02:37.906566,0x433b0b38,13.22625,63.75,6.0,-73,1769853744,5,5
2026-01-31 02:03:59.951797,0x433b0098,13.22125,61.25,7.0,-60,1769853826,2,2
2026-01-31 02:04:21.330668,0x433acb14,13.1575,66.25,5.75,-86,1769853847,3,3
2026-01-31 02:04:44.809080,0x433aad0c,13.2425,76.25,5.75,-76,1769853870,3,3
2026-02-02 06:08:47.172543,0x433aad0c,13.2275,61.25,5.5,-76,1770041307,3,3
2026-02-02 06:10:58.323573,0x433ad35c,13.07625,65.0,6.5,-54,1770041438,3,3
2026-02-02 06:11:33.098639,0x433b0b38,13.09375,62.5,6.0,-72,1770041473,5,5
2026-02-02 06:12:43.073515,0x433abf20,13.2225,66.25,5.5,-76,1770041543,3,3
2026-02-02 06:13:20.254120,0x433acb14,13.09375,78.75,4.5,-85,1770041580,3,3
2026-02-02 06:14:11.312657,0x433b0098,13.1925,62.5,7.0,-60,1770041631,2,2
2026-02-02 06:16:38.436996,0x433b0b38,13.095,65.0,5.75,-72,1770041779,5,5
2026-02-02 06:17:43.896394,0x433abf20,13.22125,66.25,5.5,-76,1770041844,3,3
2026-02-02 06:18:21.004935,0x433acb14,13.0975,67.5,5.25,-85,1770041881,3,3
2026-02-02 06:18:50.117772,0x433aad0c,13.2225,75.0,5.25,-76,1770041910,3,3
2026-02-02 06:21:01.566347,0x433ad35c,13.075,63.75,6.25,-54,1770042042,3,3
2026-02-02 06:21:37.170545,0x433b0b38,13.085,78.75,6.25,-72,1770042077,5,5
2026-02-02 06:22:45.848052,0x433abf20,13.21875,62.5,5.5,-76,1770042146,3,3
2026-02-02 06:23:22.265360,0x433acb14,13.0925,72.5,5.0,-85,1770042182,3,3
2026-02-02 06:24:14.036366,0x433b0098,13.19,75.0,6.25,-60,1770042234,2,2
2026-02-02 06:26:37.758132,0x433b0b38,13.09125,60.0,6.0,-73,1770042378,5,5
2026-02-02 06:27:47.044671,0x433abf20,13.22375,66.25,5.75,-76,1770042447,3,3
2026-02-02 06:28:24.386303,0x433acb14,13.095,66.25,5.25,-85,1770042484,3,3
2026-02-02 06:31:03.540628,0x433ad35c,13.07125,73.75,6.0,-54,1770042644,3,3
2026-02-02 06:31:39.170383,0x433b0b38,13.09625,65.0,6.25,-73,1770042679,5,5
2026-02-02 06:32:48.585933,0x433abf20,13.21625,72.5,5.5,-76,1770042749,3,3
2026-02-02 06:33:25.719412,0x433acb14,13.09625,67.5,4.5,-85,1770042786,3,3
2026-02-02 06:34:14.340497,0x433b0098,13.1975,62.5,6.25,-60,1770042834,2,2
2026-02-02 06:36:40.448177,0x433b0b38,13.09375,65.0,6.0,-72,1770042981,5,5
2026-02-02 06:37:51.050601,0x433abf20,13.21625,71.25,5.75,-75,1770043051,3,3
2026-02-02 06:38:26.584700,0x433acb14,13.09125,76.25,4.25,-85,1770043087,3,3
2026-02-02 06:38:55.232968,0x433aad0c,13.22375,67.5,6.0,-76,1770043115,3,3
2026-02-02 06:41:06.364074,0x433ad35c,13.07125,76.25,7.5,-54,1770043246,3,3
2026-02-02 06:41:43.450385,0x433b0b38,13.0925,62.5,5.5,-73,1770043284,5,5
2026-02-02 06:42:50.866919,0x433abf20,13.22125,65.0,5.75,-75,1770043351,3,3
2026-02-02 06:43:28.113615,0x433acb14,13.0925,78.75,4.75,-85,1770043388,3,3
2026-02-02 06:44:14.915839,0x433b0098,13.1875,68.75,6.5,-59,1770043435,2,2
2026-02-02 06:46:43.633034,0x433b0b38,13.0925,61.25,5.5,-72,1770043584,5,5
2026-02-02 06:47:52.908197,0x433abf20,13.2175,63.75,5.75,-75,1770043653,3,3
2026-02-02 06:48:29.371352,0x433acb14,13.0875,90.0,4.5,-84,1770043689,3,3
2026-02-02 06:48:57.432376,0x433aad0c,13.2225,75.0,5.5,-76,1770043718,3,3
2026-02-02 06:49:11.880851,0x433af380,12.98875,71.25,7.25,-38,1770043732,3,3
2026-02-02 06:51:11.759554,0x433ad35c,13.075,65.0,7.5,-55,1770043852,3,3
2026-02-02 06:51:45.212121,0x433b0b38,13.09,63.75,5.5,-72,1770043885,5,5
2026-02-02 06:52:52.187125,0x433abf20,13.21625,77.5,5.5,-76,1770043952,3,3
2026-02-02 06:53:29.847208,0x433acb14,13.09625,67.5,5.0,-85,1770043990,3,3
2026-02-02 06:54:16.720249,0x433b0098,13.18875,75.0,6.0,-59,1770044037,2,2
2026-02-02 06:56:45.198704,0x433b0b38,13.09125,67.5,6.0,-72,1770044185,5,5
2026-02-02 06:57:54.086407,0x433abf20,13.21625,75.0,5.5,-75,1770044254,3,3
2026-02-02 06:58:32.211555,0x433acb14,13.095,70.0,4.5,-86,1770044292,3,3
2026-02-02 06:58:58.703135,0x433aad0c,13.22625,61.25,6.0,-76,1770044319,3,3
2026-02-02 07:01:14.293875,0x433ad35c,13.075,66.25,6.25,-54,1770044454,3,3
2026-02-02 07:01:49.316579,0x433b0b38,13.08625,71.25,5.75,-72,1770044489,5,5
2026-02-02 07:02:54.415497,0x433abf20,13.21625,76.25,5.5,-75,1770044554,3,3
2026-02-02 07:03:32.397934,0x433acb14,13.095,63.75,5.25,-85,1770044592,3,3
2026-02-02 07:04:21.847938,0x433b0098,13.19125,62.5,5.5,-60,1770044642,2,2
2026-02-02 07:06:49.700584,0x433b0b38,13.0925,66.25,5.5,-72,1770044790,5,5
2026-02-02 07:07:54.673686,0x433abf20,13.2175,65.0,5.5,-75,1770044855,3,3
2026-02-02 07:08:34.922181,0x433acb14,13.09375,67.5,4.5,-84,1770044895,3,3
2026-01-29 22:05:02.559563,0x433b0b38,13.24625,63.75,5.25,-72,1769753091,5,5
2026-01-29 22:06:50.955395,0x433acb14,13.215,63.75,5.5,-86,1769753199,3,3
2026-01-29 22:07:07.021134,0x433abf20,13.2625,61.25,5.75,-75,1769753216,3,3
2026-01-29 22:07:15.309206,0x433aad0c,13.26125,62.5,5.5,-76,1769753224,3,3
2026-01-29 22:08:54.407355,0x433b0098,13.24,61.25,6.5,-60,1769753323,2,2
2026-01-29 22:09:37.844445,0x433ad35c,13.25875,76.25,6.75,-53,1769753366,3,3
2026-01-29 22:10:03.968529,0x433b0b38,13.24625,63.75,5.5,-72,1769753392,5,5
2026-01-29 22:11:52.404081,0x433acb14,13.20875,76.25,4.75,-86,1769753501,3,3
2026-01-29 22:12:10.695573,0x433abf20,13.25875,68.75,6.0,-75,1769753519,3,3
2026-01-29 22:15:05.181778,0x433b0b38,13.2475,63.75,5.5,-72,1769753694,5,5
2026-01-29 22:16:53.836868,0x433acb14,13.21,75.0,4.5,-87,1769753802,3,3
2026-01-29 22:17:08.577748,0x433abf20,13.26125,65.0,6.0,-75,1769753817,3,3
2026-01-29 22:17:18.572039,0x433aad0c,13.25375,75.0,5.5,-75,1769753827,3,3
2026-01-29 22:19:00.166983,0x433b0098,13.24125,58.75,7.25,-59,1769753929,2,2
2026-01-29 22:19:39.400460,0x433ad35c,13.25875,61.25,7.5,-52,1769753968,3,3
2026-01-29 22:20:21.975602,0x433b0b38,13.2475,63.75,5.5,-72,1769754010,5,5
2026-01-29 22:21:54.902931,0x433acb14,13.20875,77.5,4.25,-87,1769754103,3,3
2026-01-29 22:22:13.324471,0x433abf20,13.25875,62.5,5.75,-75,1769754122,3,3
2026-01-29 22:25:09.221311,0x433b0b38,13.23625,65.0,5.75,-72,1769754298,5,5
2026-01-29 22:26:55.963315,0x433acb14,13.2125,66.25,3.5,-88,1769754404,3,3
2026-01-29 22:27:10.818741,0x433abf20,13.26125,65.0,5.75,-74,1769754419,3,3
2026-01-29 22:27:23.134132,0x433aad0c,13.26125,63.75,4.75,-54,1769754432,3,2
2026-01-29 22:28:58.476672,0x433b0098,13.23875,60.0,6.0,-60,1769754527,2,2
2026-01-29 22:29:44.308088,0x433ad35c,13.255,75.0,7.5,-52,1769754573,3,3
2026-01-29 22:30:10.454110,0x433b0b38,13.2425,73.75,5.5,-72,1769754599,5,5
2026-01-29 22:31:56.387807,0x433acb14,13.21125,66.25,3.0,-88,1769754705,3,3
2026-01-29 22:32:11.533751,0x433abf20,13.26125,61.25,6.0,-74,1769754720,3,3
2026-01-29 22:35:11.350271,0x433b0b38,13.24,70.0,5.5,-73,1769754900,5,5
2026-01-29 22:36:58.355793,0x433acb14,13.20875,76.25,3.25,-88,1769755007,3,3
2026-01-29 22:37:14.175824,0x433abf20,13.24,123.75,5.75,-74,1769755023,3,3
2026-01-29 22:37:25.198494,0x433aad0c,13.26,62.5,5.25,-76,1769755034,3,3
2026-01-29 22:38:31.612594,0x433af380,13.19375,70.0,5.75,-39,1769755100,3,3
2026-01-29 22:39:00.575741,0x433b0098,13.2325,75.0,5.75,-59,1769755129,2,2
2026-01-29 22:39:44.823428,0x433ad35c,13.2575,61.25,5.75,-53,1769755173,3,3
2026-01-29 22:40:11.710447,0x433b0b38,13.245,58.75,5.5,-72,1769755200,5,5
2026-01-29 22:41:58.903547,0x433acb14,13.2125,66.25,3.5,-88,1769755307,3,3
2026-01-29 22:42:14.227927,0x433abf20,13.26125,67.5,5.5,-75,1769755323,3,3
2026-01-29 22:45:14.626862,0x433b0b38,13.24125,73.75,5.5,-73,1769755503,5,5
2026-01-29 22:47:00.202964,0x433acb14,13.20875,80.0,3.0,-88,1769755609,3,3
2026-01-29 22:47:16.483594,0x433abf20,13.25625,72.5,5.25,-75,1769755625,3,3
2026-01-29 22:47:27.244220,0x433aad0c,13.25375,72.5,6.0,-76,1769755636,3,3
2026-01-29 22:49:03.193824,0x433b0098,13.23875,63.75,5.75,-60,1769755732,2,2
2026-01-29 22:49:47.950831,0x433ad35c,13.25875,76.25,6.0,-53,1769755776,3,3
2026-01-29 22:50:15.542236,0x433b0b38,13.235,87.5,6.0,-73,1769755804,5,5
2026-01-29 22:52:01.429366,0x433acb14,13.21125,61.25,3.75,-88,1769755910,3,3
2026-01-29 22:52:14.886648,0x433abf20,13.26125,65.0,5.5,-75,1769755923,3,3
2026-01-29 22:55:17.672145,0x433b0b38,13.23875,67.5,6.0,-72,1769756106,5,5
2026-01-29 22:57:05.071009,0x433acb14,13.2075,70.0,4.5,-86,1769756214,3,3
2026-01-29 22:57:18.575012,0x433abf20,13.25625,72.5,6.25,-74,1769756227,3,3
2026-01-29 22:57:29.175117,0x433aad0c,13.25875,66.25,5.75,-76,1769756238,3,3
2026-01-29 22:59:05.772329,0x433b0098,13.23875,63.75,6.5,-60,1769756334,2,2
2026-01-29 22:59:54.575709,0x433ad35c,13.2575,66.25,5.0,-59,1769756383,3,2
2026-01-29 23:00:16.857083,0x433b0b38,13.24125,76.25,5.75,-74,1769756405,5,5
2026-01-29 23:02:04.112061,0x433acb14,13.21,75.0,5.25,-86,1769756513,3,3
2026-01-29 23:02:16.528369,0x433abf20,13.255,73.75,5.75,-75,1769756525,3,3
2026-01-26 19:00:21.062211,0x433b0b38,13.26875,58.75,5.5,-73,1769482817,5,5
2026-01-26 19:01:39.804787,0x433acb14,13.2875,77.5,3.75,-90,1769482896,3,3
2026-01-26 19:01:52.242547,0x433b0098,13.2575,73.75,6.0,-62,1769482908,2,2
2026-01-26 19:04:44.978247,0x433abf20,13.27375,76.25,5.5,-75,1769483081,3,3
2026-01-26 19:05:24.083180,0x433b0b38,13.2675,61.25,5.5,-73,1769483120,5,5
2026-01-26 19:06:39.903118,0x433acb14,13.29125,66.25,4.75,-89,1769483196,3,3
2026-01-26 19:09:35.219760,0x433ad35c,13.285,62.5,6.25,-53,1769483371,3,3
2026-01-26 19:09:43.945655,0x433abf20,13.27625,58.75,5.75,-75,1769483380,3,3
2026-01-26 19:10:23.242445,0x433b0b38,13.27,66.25,6.0,-74,1769483419,5,5
2026-01-26 19:11:48.656588,0x433acb14,13.29,66.25,4.75,-89,1769483504,3,3
2026-01-26 19:11:52.548693,0x433b0098,13.25375,75.0,5.75,-61,1769483508,2,2
2026-01-26 19:14:45.067501,0x433abf20,13.2725,75.0,5.75,-76,1769483681,3,3
2026-01-26 19:15:25.707475,0x433b0b38,13.26625,61.25,5.25,-73,1769483721,5,5
2026-01-26 19:16:42.946619,0x433acb14,13.28625,73.75,4.75,-91,1769483799,3,3
2026-01-26 19:19:39.698534,0x433ad35c,13.28125,75.0,6.5,-53,1769483975,3,3
2026-01-26 19:19:48.038357,0x433abf20,13.27625,73.75,5.25,-75,1769483984,3,3
2026-01-26 19:20:28.068737,0x433b0b38,13.26625,60.0,5.75,-73,1769484024,5,5
2026-01-26 19:21:44.638545,0x433acb14,13.28875,60.0,4.75,-88,1769484100,3,3
2026-01-26 19:21:54.295199,0x433b0098,13.25375,73.75,6.5,-61,1769484110,2,2
2026-01-26 19:24:48.473300,0x433abf20,13.27375,66.25,5.75,-76,1769484284,3,3
2026-01-26 19:25:29.435532,0x433b0b38,13.26375,76.25,5.75,-73,1769484325,5,5
2026-01-26 19:26:28.581749,0x433af380,13.2275,70.0,6.25,-39,1769484384,3,3
2026-01-26 19:26:46.305483,0x433acb14,13.2875,65.0,4.25,-88,1769484402,3,3
2026-01-26 19:29:42.732252,0x433ad35c,13.2825,62.5,6.75,-53,1769484578,3,3
2026-01-26 19:29:48.979349,0x433abf20,13.275,65.0,5.5,-76,1769484585,3,3
2026-01-26 19:30:29.612255,0x433b0b38,13.26625,60.0,6.0,-74,1769484625,5,5
2026-01-26 19:31:46.357579,0x433acb14,13.28625,61.25,4.0,-87,1769484702,3,3
2026-01-26 19:31:56.552203,0x433b0098,13.25625,70.0,6.5,-60,1769484712,2,2
2026-01-26 19:34:52.056518,0x433abf20,13.27125,75.0,5.5,-75,1769484888,3,3
2026-01-26 19:35:30.899111,0x433b0b38,13.2675,63.75,6.25,-73,1769484927,5,5
2026-01-26 19:36:48.407194,0x433acb14,13.28375,77.5,4.0,-87,1769485004,3,3
2026-01-26 19:39:45.527728,0x433ad35c,13.2825,66.25,6.25,-53,1769485181,3,3
2026-01-26 19:39:51.339607,0x433abf20,13.27625,63.75,5.5,-75,1769485187,3,3
2026-01-26 19:40:32.145962,0x433b0b38,13.26375,72.5,6.0,-73,1769485228,5,5
2026-01-26 19:41:50.716012,0x433acb14,13.285,76.25,4.0,-87,1769485306,3,3
2026-01-26 19:41:58.849284,0x433b0098,13.2575,58.75,6.25,-60,1769485315,2,2
2026-01-26 19:44:53.782968,0x433abf20,13.2725,62.5,5.75,-76,1769485490,3,3
2026-01-26 19:45:34.283845,0x433b0b38,13.26625,65.0,6.0,-73,1769485530,5,5
2026-01-26 19:46:53.148765,0x433acb14,13.28375,77.5,4.25,-88,1769485609,3,3
2026-01-26 19:49:46.579924,0x433ad35c,13.28,75.0,5.75,-53,1769485782,3,3
2026-01-26 19:49:55.802626,0x433abf20,13.275,65.0,5.5,-76,1769485792,3,3
2026-01-26 19:50:34.672868,0x433b0b38,13.26,72.5,5.5,-74,1769485830,5,5
2026-01-26 19:51:52.022148,0x433acb14,13.28375,78.75,4.25,-87,1769485908,3,3
2026-01-26 19:52:01.608464,0x433b0098,13.25875,62.5,6.75,-59,1769485917,2,2
2026-01-26 19:55:36.568544,0x433b0b38,13.26,72.5,6.5,-73,1769486132,5,5
2026-01-26 19:56:53.186658,0x433acb14,13.28125,77.5,4.5,-87,1769486209,3,3
2026-01-26 19:59:49.655382,0x433ad35c,13.28,65.0,6.0,-54,1769486385,3,3
2026-01-26 19:59:56.144866,0x433abf20,13.27375,63.75,6.25,-76,1769486392,3,3
2026-01-31 21:07:30.430206,0x433b0098,13.235,72.5,6.25,-60,1769922434,2,2
2026-01-31 21:07:45.771052,0x433b0b38,13.21625,58.75,5.5,-72,1769922449,5,5
2026-01-31 21:09:26.818699,0x433acb14,13.15875,63.75,6.0,-87,1769922550,3,3
2026-01-31 21:09:55.424877,0x433aad0c,13.2625,61.25,5.5,-76,1769922579,3,3
2026-01-31 21:11:29.883799,0x433abf20,13.26125,83.75,5.25,-76,1769922673,3,3
2026-01-31 21:12:12.412674,0x433ad35c,13.16125,76.25,6.25,-54,1769922716,3,3
2026-01-31 21:12:44.612895,0x433b0b38,13.215,76.25,5.75,-73,1769922748,5,5
2026-01-31 21:14:27.601786,0x433acb14,13.1525,73.75,5.5,-87,1769922851,3,3
2026-01-31 21:16:30.618099,0x433abf20,13.25625,76.25,5.5,-76,1769922974,3,3
2026-01-31 21:17:34.120871,0x433b0098,13.23625,75.0,6.0,-59,1769923038,2,2
2026-01-31 21:17:45.613549,0x433b0b38,13.21625,58.75,6.0,-72,1769923049,5,5
2026-01-31 21:19:29.500471,0x433acb14,13.1525,77.5,5.5,-86,1769923153,3,3
2026-01-31 21:19:58.193309,0x433aad0c,13.2625,63.75,5.75,-76,1769923182,3,3
2026-01-31 21:21:32.194112,0x433abf20,13.25875,61.25,5.25,-77,1769923276,3,3
2026-01-31 21:22:14.518458,0x433ad35c,13.1625,62.5,6.0,-53,1769923318,3,3
2026-01-31 21:22:46.989009,0x433b0b38,13.215,65.0,5.5,-73,1769923351,5,5
2026-01-31 21:24:30.839484,0x433acb14,13.155,83.75,5.5,-86,1769923454,3,3
2026-01-31 21:26:33.421165,0x433abf20,13.2575,72.5,6.0,-76,1769923577,3,3
2026-01-31 21:27:37.021220,0x433b0098,13.23875,61.25,6.25,-60,1769923641,2,2
2026-01-31 21:27:53.347495,0x433b0b38,13.20875,70.0,5.25,-73,1769923657,5,5
2026-01-31 21:29:36.625129,0x433acb14,13.1525,78.75,6.5,-86,1769923760,3,3
2026-01-31 21:29:59.678669,0x433aad0c,13.26125,66.25,5.25,-77,1769923783,3,3
2026-01-31 21:31:34.901738,0x433abf20,13.25875,65.0,5.5,-77,1769923878,3,3
2026-01-31 21:32:17.405339,0x433ad35c,13.1625,65.0,5.75,-54,1769923921,3,3
2026-01-31 21:32:54.481927,0x433b0b38,13.21375,61.25,6.25,-74,1769923958,5,5
2026-01-31 21:34:32.809281,0x433acb14,13.155,67.5,6.25,-87,1769924056,3,3
2026-01-31 21:36:36.301309,0x433abf20,13.25,98.75,5.5,-76,1769924180,3,3
2026-01-31 21:37:38.338297,0x433b0098,13.2425,56.25,5.75,-59,1769924242,2,2
2026-01-31 21:37:53.247193,0x433b0b38,13.20875,71.25,6.0,-73,1769924257,5,5
2026-01-31 21:39:35.457911,0x433acb14,13.15375,67.5,4.75,-85,1769924359,3,3
2026-01-31 21:40:03.745804,0x433aad0c,13.25875,63.75,5.5,-75,1769924387,3,3
2026-01-31 21:41:37.685144,0x433abf20,13.25375,70.0,5.25,-75,1769924481,3,3
2026-01-31 21:42:19.086340,0x433ad35c,13.15625,76.25,6.75,-53,1769924523,3,3
2026-01-31 21:42:52.854326,0x433b0b38,13.20875,73.75,5.5,-72,1769924556,5,5
2026-01-31 21:44:36.128903,0x433acb14,13.15,76.25,4.0,-89,1769924660,3,3
2026-01-31 21:44:41.409801,0x433af380,13.085,81.25,6.0,-37,1769924665,3,3
2026-01-31 21:46:38.671333,0x433abf20,13.25875,62.5,5.25,-77,1769924782,3,3
2026-01-31 21:47:40.794252,0x433b0098,13.235,73.75,6.25,-60,1769924844,2,2
2026-01-31 21:47:54.576000,0x433b0b38,13.21375,63.75,5.5,-74,1769924858,5,5
2026-01-31 21:49:37.297938,0x433acb14,13.15375,66.25,5.75,-86,1769924961,3,3
2026-01-31 21:50:13.650543,0x433aad0c,13.255,73.75,5.25,-76,1769924997,3,3
2026-01-31 21:51:39.659403,0x433abf20,13.2525,70.0,5.0,-77,1769925083,3,3
2026-01-31 21:52:23.786046,0x433ad35c,13.15875,63.75,6.0,-53,1769925127,3,3
2026-01-31 21:52:55.012125,0x433b0b38,13.215,65.0,5.5,-72,1769925159,5,5
2026-01-31 21:54:38.761058,0x433acb14,13.1475,72.5,4.5,-87,1769925262,3,3
2026-01-31 21:56:41.559713,0x433abf20,13.25625,62.5,5.5,-76,1769925385,3,3
2026-01-31 21:57:44.343580,0x433b0098,13.23875,62.5,6.25,-60,1769925448,2,2
2026-01-31 21:57:56.464855,0x433b0b38,13.21,61.25,5.75,-73,1769925460,5,5
2026-01-31 21:59:40.102821,0x433acb14,13.14875,71.25,5.75,-86,1769925564,3,3
2026-01-31 22:00:09.734787,0x433aad0c,13.25875,63.75,5.25,-75,1769925593,3,3
2026-01-31 22:01:44.579402,0x433abf20,13.23375,135.0,4.0,-54,1769925688,3,2
2026-01-31 22:02:25.112194,0x433ad35c,13.1575,62.5,6.0,-53,1769925729,3,3
2026-01-31 22:02:57.711118,0x433b0b38,13.18,132.5,5.5,-74,1769925761,5,5
2026-01-31 22:04:40.857809,0x433acb14,13.14625,75.0,6.25,-86,1769925864,3,3
2026-02-01 21:08:34.348088,0x433ad35c,13.1175,77.5,7.0,-53,1770008895,3,3
2026-02-01 21:09:07.937001,0x433b0b38,13.15875,88.75,6.25,-72,1770008929,5,5
2026-02-01 21:10:54.460428,0x433acb14,13.13,77.5,4.5,-89,1770009036,3,3
2026-02-01 21:10:58.876603,0x433abf20,13.2575,65.0,5.5,-76,1770009040,3,3
2026-02-01 21:12:17.838312,0x433b0098,13.24,58.75,6.25,-60,1770009119,2,2
2026-02-01 21:14:10.128561,0x433b0b38,13.16375,65.0,6.0,-72,1770009231,5,5
2026-02-01 21:15:56.079993,0x433acb14,13.1325,77.5,4.75,-90,1770009337,3,3
2026-02-01 21:15:59.938666,0x433abf20,13.255,62.5,5.5,-76,1770009341,3,3
2026-02-01 21:16:28.174861,0x433aad0c,13.26,60.0,5.25,-76,1770009369,3,3
2026-02-01 21:18:38.420508,0x433ad35c,13.11875,62.5,5.75,-53,1770009499,3,3
2026-02-01 21:19:14.464941,0x433b0b38,13.15625,76.25,6.0,-73,1770009536,5,5
2026-02-01 21:20:59.992844,0x433acb14,13.135,65.0,4.5,-89,1770009641,3,3
2026-02-01 21:21:05.190530,0x433abf20,13.2575,66.25,5.75,-76,1770009646,3,3
2026-02-01 21:22:18.308300,0x433b0098,13.24,58.75,6.0,-60,1770009719,2,2
2026-02-01 21:24:13.812129,0x433b0b38,13.16125,63.75,5.75,-72,1770009835,5,5
2026-02-01 21:26:00.123427,0x433acb14,13.13375,63.75,4.5,-89,1770009941,3,3
2026-02-01 21:26:03.087624,0x433abf20,13.255,63.75,5.5,-75,1770009944,3,3
2026-02-01 21:26:25.733861,0x433aad0c,13.25875,58.75,5.5,-75,1770009967,3,3
2026-02-01 21:28:39.427675,0x433ad35c,13.115,73.75,6.0,-52,1770010100,3,3
2026-02-01 21:29:15.455517,0x433b0b38,13.15625,65.0,5.5,-73,1770010136,5,5
2026-02-01 21:31:00.633514,0x433acb14,13.13125,63.75,5.0,-89,1770010242,3,3
2026-02-01 21:31:03.999625,0x433abf20,13.2525,61.25,5.25,-76,1770010245,3,3
2026-02-01 21:32:21.178986,0x433b0098,13.2375,58.75,6.25,-60,1770010322,2,2
2026-02-01 21:34:17.426628,0x433b0b38,13.15875,62.5,6.25,-73,1770010438,5,5
2026-02-01 21:36:00.519897,0x433acb14,13.1325,61.25,4.5,-88,1770010542,3,3
2026-02-01 21:36:04.296594,0x433abf20,13.25,72.5,5.75,-76,1770010545,3,3
2026-02-01 21:36:27.406675,0x433aad0c,13.26,63.75,5.75,-76,1770010568,3,3
2026-02-01 21:38:41.943690,0x433ad35c,13.11625,65.0,5.5,-53,1770010703,3,3
2026-02-01 21:39:18.164653,0x433b0b38,13.155,85.0,6.0,-72,1770010739,5,5
2026-02-01 21:41:01.783319,0x433acb14,13.12625,75.0,4.75,-89,1770010843,3,3
2026-02-01 21:41:05.106291,0x433abf20,13.2325,131.25,6.0,-76,1770010846,3,3
2026-02-01 21:42:23.215274,0x433b0098,13.23875,63.75,6.25,-61,1770010924,2,2
2026-02-01 21:44:21.684810,0x433b0b38,13.15625,65.0,6.0,-72,1770011043,5,5
2026-02-01 21:46:03.517702,0x433acb14,13.1275,63.75,5.0,-88,1770011145,3,3
2026-02-01 21:46:07.379939,0x433abf20,13.24875,75.0,5.0,-76,1770011148,3,3
2026-02-01 21:46:31.169517,0x433aad0c,13.2575,62.5,5.75,-76,1770011172,3,3
2026-02-01 21:47:58.897102,0x433af380,13.02625,87.5,5.75,-39,1770011260,3,3
2026-02-01 21:48:45.933389,0x433ad35c,13.11125,87.5,6.25,-53,1770011307,3,3
2026-02-01 21:49:20.251232,0x433b0b38,13.15625,63.75,5.75,-71,1770011341,5,5
2026-02-01 21:51:05.853650,0x433acb14,13.13,63.75,5.0,-89,1770011447,3,3
2026-02-01 21:51:08.185896,0x433abf20,13.25375,57.5,5.75,-76,1770011449,3,3
2026-02-01 21:52:24.785369,0x433b0098,13.23625,58.75,5.75,-59,1770011526,2,2
2026-02-01 21:54:21.538620,0x433b0b38,13.155,58.75,6.0,-72,1770011643,5,5
2026-02-01 21:56:06.117349,0x433acb14,13.1325,65.0,5.25,-89,1770011747,3,3
2026-02-01 21:56:11.696480,0x433abf20,13.25,73.75,5.25,-76,1770011753,3,3
2026-02-01 21:56:34.625651,0x433aad0c,13.2525,73.75,5.5,-75,1770011776,3,3
2026-02-01 21:58:47.987936,0x433ad35c,13.11125,73.75,6.5,-53,1770011909,3,3
2026-02-01 21:59:23.734474,0x433b0b38,13.14875,71.25,5.5,-72,1770011945,5,5
2026-02-01 22:01:08.487450,0x433acb14,13.12625,77.5,5.0,-89,1770012049,3,3
2026-02-01 22:01:13.505517,0x433abf20,13.2475,73.75,5.25,-77,1770012054,3,3
2026-02-01 22:02:26.408334,0x433b0098,13.23,75.0,6.0,-60,1770012127,2,2
2026-02-01 22:04:24.354045,0x433b0b38,13.14875,71.25,5.75,-72,1770012245,5,5
2026-02-01 22:06:08.832559,0x433acb14,13.1275,62.5,3.75,-88,1770012350,3,3
2026-02-01 22:06:17.452059,0x433abf20,13.2525,65.0,5.25,-76,1770012358,3,3
2026-02-01 22:06:35.428882,0x433aad0c,13.25625,61.25,5.75,-76,1770012376,3,3
2026-01-27 23:01:47.812726,0x433abf20,13.255,122.5,5.75,-75,1769583701,3,3
2026-01-27 23:02:50.499864,0x433b0b38,13.25875,63.75,6.25,-73,1769583764,5,5
2026-01-27 23:04:13.196585,0x433acb14,13.2625,72.5,5.25,-90,1769583846,3,3
2026-01-27 23:06:48.546150,0x433abf20,13.27375,75.0,6.0,-74,1769584002,3,3
2026-01-27 23:07:02.443445,0x433ad35c,13.2775,67.5,6.5,-54,1769584016,3,3
2026-01-27 23:07:48.602509,0x433b0b38,13.25875,57.5,6.5,-72,1769584062,5,5
2026-01-27 23:09:04.450304,0x433b0098,13.20875,133.75,5.75,-61,1769584138,2,2
2026-01-27 23:09:14.566887,0x433acb14,13.265,67.5,5.25,-90,1769584148,3,3
2026-01-27 23:11:52.031177,0x433abf20,13.275,62.5,6.0,-75,1769584305,3,3
2026-01-27 23:12:50.148695,0x433b0b38,13.26,63.75,6.0,-72,1769584363,5,5
2026-01-27 23:14:15.957249,0x433acb14,13.265,62.5,3.25,-90,1769584449,3,3
2026-01-27 23:16:52.500548,0x433abf20,13.275,62.5,6.0,-75,1769584606,3,3
2026-01-27 23:17:04.594345,0x433ad35c,13.27875,63.75,6.0,-53,1769584618,3,3
2026-01-27 23:17:51.398113,0x433b0b38,13.2525,95.0,5.75,-72,1769584665,5,5
2026-01-27 23:19:08.183933,0x433b0098,13.24375,70.0,6.25,-61,1769584741,2,2
2026-01-27 23:19:18.292454,0x433acb14,13.26125,73.75,4.75,-89,1769584751,3,3
2026-01-27 23:21:53.560657,0x433abf20,13.2725,75.0,6.25,-75,1769584907,3,3
2026-01-27 23:22:51.900362,0x433b0b38,13.255,75.0,5.75,-72,1769584965,5,5
2026-01-27 23:24:20.494965,0x433acb14,13.26125,63.75,6.0,-86,1769585054,3,3
2026-01-27 23:26:55.019069,0x433abf20,13.27375,63.75,7.0,-74,1769585208,3,3
2026-01-27 23:27:06.954856,0x433ad35c,13.2775,60.0,6.5,-54,1769585220,3,3
2026-01-27 23:27:53.995090,0x433b0b38,13.2575,62.5,6.0,-72,1769585267,5,5
2026-01-27 23:29:11.605672,0x433b0098,13.24375,71.25,6.25,-62,1769585345,2,2
2026-01-27 23:29:20.286679,0x433acb14,13.26375,60.0,4.0,-89,1769585353,3,3
2026-01-27 23:31:40.017967,0x433af380,13.21,70.0,6.0,-39,1769585493,3,3
2026-01-27 23:31:56.226826,0x433abf20,13.27,81.25,5.5,-76,1769585509,3,3
2026-01-27 23:32:54.531775,0x433b0b38,13.2575,58.75,5.75,-73,1769585568,5,5
2026-01-27 23:34:21.478937,0x433acb14,13.26375,66.25,3.75,-90,1769585655,3,3
2026-01-27 23:36:58.080394,0x433abf20,13.27625,62.5,6.0,-75,1769585811,3,3
2026-01-27 23:37:09.471231,0x433ad35c,13.27375,76.25,6.75,-53,1769585823,3,3
2026-01-27 23:37:55.685321,0x433b0b38,13.25875,66.25,5.75,-72,1769585869,5,5
2026-01-27 23:39:12.691398,0x433b0098,13.2425,68.75,5.75,-61,1769585946,2,2
2026-01-27 23:39:22.696298,0x433acb14,13.265,62.5,3.25,-91,1769585956,3,3
2026-01-27 23:41:59.411765,0x433abf20,13.275,63.75,5.75,-75,1769586112,3,3
2026-01-27 23:42:56.952515,0x433b0b38,13.25375,72.5,6.0,-72,1769586170,5,5
2026-01-27 23:44:23.754881,0x433acb14,13.2625,62.5,3.75,-91,1769586257,3,3
2026-01-27 23:47:00.895263,0x433abf20,13.275,65.0,5.5,-76,1769586414,3,3
2026-01-27 23:47:12.704183,0x433ad35c,13.2775,63.75,6.0,-53,1769586426,3,3
2026-01-27 23:47:58.221118,0x433b0b38,13.2525,76.25,6.0,-73,1769586471,5,5
2026-01-27 23:49:15.549141,0x433b0098,13.25,61.25,6.25,-61,1769586549,2,2
2026-01-27 23:49:24.673622,0x433acb14,13.25875,72.5,4.75,-89,1769586558,3,3
2026-01-27 23:52:02.286071,0x433abf20,13.275,63.75,5.75,-75,1769586715,3,3
2026-01-27 23:52:59.487315,0x433b0b38,13.25375,70.0,6.0,-72,1769586773,5,5
2026-01-27 23:54:27.641081,0x433acb14,13.265,65.0,3.75,-92,1769586861,3,3
2026-01-27 23:57:03.925561,0x433abf20,13.275,63.75,5.75,-75,1769587017,3,3
2026-01-27 23:57:15.228344,0x433ad35c,13.27625,67.5,6.0,-54,1769587028,3,3
2026-01-27 23:58:02.675409,0x433b0b38,13.2575,62.5,5.75,-72,1769587076,5,5
2026-01-27 23:59:17.975177,0x433b0098,13.24875,60.0,5.75,-62,1769587151,2,2
2026-01-27 23:59:28.362798,0x433acb14,13.2575,76.25,5.0,-90,1769587161,3,3
2026-01-31 09:06:15.834025,0x433acb14,13.1425,63.75,4.25,-89,1769879161,3,3
2026-01-31 09:06:40.456754,0x433aad0c,13.22875,75.0,5.5,-78,1769879185,3,3
2026-01-31 09:08:58.550946,0x433ad35c,13.1725,63.75,7.25,-54,1769879323,3,3
2026-01-31 09:09:02.777653,0x433abf20,13.2375,61.25,5.5,-75,1769879328,3,3
2026-01-31 09:09:30.366401,0x433b0b38,13.20125,70.0,5.75,-73,1769879355,5,5
2026-01-31 09:11:19.129933,0x433acb14,13.14375,66.25,3.5,-90,1769879464,3,3
2026-01-31 09:14:03.721711,0x433abf20,13.2325,75.0,6.25,-75,1769879629,3,3
2026-01-31 09:14:33.381319,0x433b0b38,13.20625,58.75,6.0,-72,1769879658,5,5
2026-01-31 09:15:19.756561,0x433b0098,13.2025,58.75,6.0,-59,1769879705,2,2
2026-01-31 09:16:18.075473,0x433acb14,13.14,73.75,4.75,-89,1769879763,3,3
2026-01-31 09:16:44.603647,0x433aad0c,13.23625,63.75,5.25,-78,1769879789,3,3
2026-01-31 09:19:01.097760,0x433ad35c,13.17,76.25,7.0,-54,1769879926,3,3
2026-01-31 09:19:04.307925,0x433abf20,13.23375,76.25,6.0,-75,1769879929,3,3
2026-01-31 09:19:30.741237,0x433b0b38,13.20125,78.75,5.75,-73,1769879956,5,5
2026-01-31 09:21:20.789556,0x433acb14,13.13875,72.5,3.75,-90,1769880066,3,3
2026-01-31 09:24:05.702411,0x433abf20,13.2375,65.0,6.0,-76,1769880231,3,3
2026-01-31 09:24:36.641924,0x433b0b38,13.20125,85.0,5.75,-74,1769880261,5,5
2026-01-31 09:25:21.485797,0x433b0098,13.1975,73.75,7.25,-60,1769880306,2,2
2026-01-31 09:26:25.583270,0x433acb14,13.1425,63.75,3.0,-91,1769880370,3,3
2026-01-31 09:26:45.584882,0x433aad0c,13.23125,71.25,5.75,-78,1769880390,3,3
2026-01-31 09:29:04.133123,0x433ad35c,13.17375,65.0,5.75,-55,1769880529,3,3
2026-01-31 09:29:08.506079,0x433abf20,13.23875,65.0,1.0,-75,1769880533,3,3
2026-01-31 09:29:33.441562,0x433b0b38,13.20625,75.0,6.0,-73,1769880558,5,5
2026-01-31 09:31:24.462901,0x433acb14,13.1425,63.75,3.75,-90,1769880669,3,3
2026-01-31 09:34:07.315665,0x433abf20,13.2375,65.0,5.5,-76,1769880832,3,3
2026-01-31 09:34:36.053012,0x433b0b38,13.20125,97.5,6.0,-73,1769880861,5,5
2026-01-31 09:35:22.974395,0x433b0098,13.205,63.75,6.75,-60,1769880908,2,2
2026-01-31 09:36:25.520221,0x433acb14,13.145,67.5,3.5,-92,1769880970,3,3
2026-01-31 09:36:47.815844,0x433aad0c,13.235,60.0,6.0,-78,1769880993,3,3
2026-01-31 09:39:06.132797,0x433ad35c,13.165,77.5,7.25,-53,1769881131,3,3
2026-01-31 09:39:09.322611,0x433abf20,13.235,75.0,5.25,-75,1769881134,3,3
2026-01-31 09:39:37.001019,0x433b0b38,13.20875,65.0,5.25,-74,1769881162,5,5
2026-01-31 09:41:26.504630,0x433acb14,13.14,77.5,3.75,-91,1769881271,3,3
2026-01-31 09:43:10.539871,0x433af380,13.1275,71.25,6.0,-39,1769881375,3,3
2026-01-31 09:44:17.431858,0x433abf20,13.2375,65.0,5.5,-76,1769881442,3,3
2026-01-31 09:44:38.394944,0x433b0b38,13.20375,70.0,6.0,-73,1769881463,5,5
2026-01-31 09:45:23.908767,0x433b0098,13.2,75.0,5.75,-59,1769881509,2,2
2026-01-31 09:46:26.824235,0x433acb14,13.14,73.75,4.0,-92,1769881572,3,3
2026-01-31 09:46:50.915530,0x433aad0c,13.23375,75.0,5.5,-78,1769881596,3,3
2026-01-31 09:49:08.661075,0x433ad35c,13.1725,76.25,7.25,-54,1769881733,3,3
2026-01-31 09:49:13.546161,0x433abf20,13.23625,73.75,6.0,-75,1769881738,3,3
2026-01-31 09:49:39.518516,0x433b0b38,13.20375,73.75,5.75,-73,1769881764,5,5
2026-01-31 09:51:30.166543,0x433acb14,13.13875,76.25,3.25,-91,1769881875,3,3
2026-01-31 09:54:13.177009,0x433abf20,13.23875,65.0,5.5,-75,1769882038,3,3
2026-01-31 09:54:41.405939,0x433b0b38,13.21125,65.0,5.25,-73,1769882066,5,5
2026-01-31 09:55:25.478124,0x433b0098,13.19875,70.0,7.25,-60,1769882110,2,2
2026-01-31 09:56:29.199601,0x433acb14,13.14375,62.5,4.0,-91,1769882174,3,3
2026-01-31 09:56:53.204987,0x433aad0c,13.23625,65.0,5.75,-77,1769882198,3,3
2026-01-31 09:59:12.286280,0x433ad35c,13.17625,63.75,6.0,-53,1769882337,3,3
2026-01-31 09:59:16.158575,0x433abf20,13.23875,66.25,5.75,-76,1769882341,3,3
2026-01-31 09:59:42.085798,0x433b0b38,13.20375,73.75,6.0,-73,1769882367,5,5
2026-01-31 10:01:33.233007,0x433acb14,13.1425,71.25,3.5,-92,1769882478,3,3
2026-01-31 10:04:14.620801,0x433abf20,13.23875,66.25,5.75,-75,1769882639,3,3
2026-01-31 10:04:43.979864,0x433b0b38,13.20875,57.5,6.0,-73,1769882669,5,5
2026-01-31 10:05:28.532973,0x433b0098,13.2,73.75,5.75,-60,1769882713,2,2
2026-02-01 14:09:03.704311,0x433acb14,13.1475,78.75,2.75,-94,1769983726,3,3
2026-02-01 14:09:29.674203,0x433abf20,13.26375,63.75,5.75,-75,1769983751,3,3
2026-02-01 14:10:56.098328,0x433b0098,13.23125,72.5,6.25,-61,1769983838,2,2
2026-02-01 14:12:22.895918,0x433b0b38,13.17125,71.25,6.0,-72,1769983925,5,5
2026-02-01 14:14:06.447296,0x433acb14,13.145,75.0,5.0,-89,1769984028,3,3
2026-02-01 14:14:27.982474,0x433aad0c,13.2525,75.0,4.75,-90,1769984050,3,3
2026-02-01 14:14:34.952815,0x433abf20,13.2625,63.75,6.0,-77,1769984057,3,3
2026-02-01 14:16:43.746262,0x433ad35c,13.1375,77.5,7.0,-53,1769984186,3,3
2026-02-01 14:17:20.155823,0x433b0b38,13.18,63.75,5.75,-73,1769984222,5,5
2026-02-01 14:19:07.022301,0x433acb14,13.1475,76.25,2.75,-94,1769984329,3,3
2026-02-01 14:19:35.318866,0x433abf20,13.26,72.5,5.25,-76,1769984357,3,3
2026-02-01 14:20:56.189511,0x433b0098,13.24,61.25,6.25,-61,1769984438,2,2
2026-02-01 14:22:19.884741,0x433b0b38,13.17875,61.25,5.25,-73,1769984522,5,5
2026-02-01 14:24:08.169620,0x433acb14,13.14625,76.25,1.0,-94,1769984630,3,3
2026-02-01 14:24:30.604213,0x433aad0c,13.2575,63.75,5.0,-90,1769984652,3,3
2026-02-01 14:24:40.760356,0x433abf20,13.2625,63.75,5.5,-76,1769984663,3,3
2026-02-01 14:26:46.502795,0x433ad35c,13.14125,63.75,7.25,-54,1769984788,3,3
2026-02-01 14:27:22.272927,0x433b0b38,13.175,76.25,5.75,-73,1769984824,5,5
2026-02-01 14:29:09.344685,0x433acb14,13.14875,73.75,4.5,-91,1769984931,3,3
2026-02-01 14:29:35.493155,0x433abf20,13.26375,62.5,5.75,-76,1769984957,3,3
2026-02-01 14:30:59.093405,0x433b0098,13.23375,73.75,6.5,-61,1769985041,2,2
2026-02-01 14:32:22.410805,0x433b0b38,13.175,77.5,6.25,-72,1769985124,5,5
2026-02-01 14:34:11.026520,0x433acb14,13.14875,76.25,4.0,-91,1769985233,3,3
2026-02-01 14:34:33.190809,0x433aad0c,13.255,75.0,5.25,-89,1769985255,3,3
2026-02-01 14:34:36.944617,0x433abf20,13.26125,73.75,6.0,-75,1769985259,3,3
2026-02-01 14:36:51.050608,0x433ad35c,13.13875,76.25,7.0,-54,1769985393,3,3
2026-02-01 14:37:24.603828,0x433b0b38,13.1825,63.75,5.25,-73,1769985426,5,5
2026-02-01 14:39:12.004578,0x433acb14,13.14875,77.5,2.5,-95,1769985534,3,3
2026-02-01 14:39:37.383112,0x433abf20,13.26375,60.0,5.75,-76,1769985559,3,3
2026-02-01 14:41:02.058028,0x433b0098,13.23625,73.75,6.0,-61,1769985644,2,2
2026-02-01 14:42:26.341164,0x433b0b38,13.1775,76.25,5.5,-73,1769985728,5,5
2026-02-01 14:44:13.730756,0x433acb14,13.15125,63.75,0.5,-97,1769985835,3,3
2026-02-01 14:44:37.494087,0x433abf20,13.26375,62.5,5.75,-76,1769985859,3,3
2026-02-01 14:44:40.129989,0x433aad0c,13.255,71.25,4.0,-91,1769985862,3,3
2026-02-01 14:46:53.218009,0x433ad35c,13.14125,62.5,6.25,-54,1769985995,3,3
2026-02-01 14:47:03.579896,0x433af380,13.0725,71.25,6.25,-38,1769986005,3,3
2026-02-01 14:47:27.612237,0x433b0b38,13.1825,65.0,5.75,-73,1769986029,5,5
2026-02-01 14:49:13.861510,0x433acb14,13.15375,62.5,2.5,-95,1769986136,3,3
2026-02-01 14:49:40.137348,0x433abf20,13.26625,66.25,6.5,-77,1769986162,3,3
2026-02-01 14:51:00.923450,0x433b0098,13.24375,60.0,6.0,-62,1769986243,2,2
2026-02-01 14:52:28.341811,0x433b0b38,13.17875,75.0,6.0,-72,1769986330,5,5
2026-02-01 14:54:16.554633,0x433acb14,13.15,72.5,3.75,-92,1769986438,3,3
2026-02-01 14:54:39.466570,0x433aad0c,13.2625,61.25,3.75,-90,1769986461,3,3
2026-02-01 14:56:56.753060,0x433ad35c,13.13875,75.0,5.5,-54,1769986598,3,3
2026-02-01 14:57:31.040522,0x433b0b38,13.185,66.25,6.0,-74,1769986633,5,5
2026-02-01 14:59:17.351128,0x433acb14,13.1575,61.25,3.5,-93,1769986739,3,3
2026-02-01 14:59:42.225302,0x433abf20,13.26625,61.25,5.5,-76,1769986764,3,3
2026-02-01 15:01:02.410087,0x433b0098,13.23625,71.25,6.0,-61,1769986844,2,2
2026-02-01 15:02:31.698915,0x433b0b38,13.18125,76.25,7.25,-74,1769986933,5,5
2026-02-01 15:04:17.589379,0x433acb14,13.15,75.0,3.5,-93,1769987039,3,3
2026-02-01 15:04:43.720914,0x433abf20,13.2625,76.25,5.5,-75,1769987065,3,3
2026-02-01 15:04:45.410360,0x433aad0c,13.25875,73.75,5.0,-90,1769987067,3,3
2026-02-01 15:07:00.082686,0x433ad35c,13.13875,73.75,7.25,-54,1769987202,3,3
2026-02-01 15:07:32.368868,0x433b0b38,13.18,70.0,5.5,-74,1769987234,5,5
2026-02-02 23:10:54.593031,0x433abf20,13.17625,65.0,5.5,-75,1770102633,3,3
2026-02-02 23:11:06.063031,0x433b0b38,13.095,65.0,5.5,-72,1770102644,5,5
2026-02-02 23:12:52.867580,0x433acb14,13.11,75.0,5.5,-89,1770102751,3,3
2026-02-02 23:13:20.813603,0x433aad0c,13.2475,62.5,5.5,-75,1770102779,3,3
2026-02-02 23:15:36.674393,0x433ad35c,13.09625,67.5,6.0,-54,1770102915,3,3
2026-02-02 23:15:55.742452,0x433abf20,13.17125,73.75,5.75,-76,1770102934,3,3
2026-02-02 23:16:07.422430,0x433b0b38,13.0925,76.25,6.0,-72,1770102946,5,5
2026-02-02 23:17:40.570044,0x433b0098,13.22875,63.75,7.0,-60,1770103039,2,2
2026-02-02 23:17:53.837540,0x433acb14,13.11,76.25,4.75,-89,1770103052,3,3
2026-02-02 23:20:57.272692,0x433abf20,13.17,75.0,5.5,-76,1770103236,3,3
2026-02-02 23:21:08.811465,0x433b0b38,13.0975,63.75,5.75,-72,1770103247,5,5
2026-02-02 23:22:54.710627,0x433acb14,13.11125,78.75,5.0,-89,1770103353,3,3
2026-02-02 23:23:23.613245,0x433aad0c,13.245,63.75,5.25,-75,1770103382,3,3
2026-02-02 23:25:36.985319,0x433ad35c,13.09125,76.25,6.0,-53,1770103515,3,3
2026-02-02 23:25:58.536232,0x433abf20,13.1725,62.5,5.5,-75,1770103537,3,3
2026-02-02 23:26:10.159471,0x433b0b38,13.09375,60.0,5.75,-72,1770103548,5,5
2026-02-02 23:27:39.090473,0x433b0098,13.22375,62.5,5.75,-60,1770103637,2,2
2026-02-02 23:27:55.729991,0x433acb14,13.10875,78.75,4.75,-89,1770103654,3,3
2026-02-02 23:31:00.160489,0x433abf20,13.17,63.75,5.5,-75,1770103838,3,3
2026-02-02 23:31:11.318098,0x433b0b38,13.095,62.5,5.75,-72,1770103850,5,5
2026-02-02 23:33:01.556852,0x433acb14,13.11125,62.5,4.5,-88,1770103960,3,3
2026-02-02 23:33:25.891105,0x433aad0c,13.245,62.5,5.75,-75,1770103984,3,3
2026-02-02 23:35:41.802147,0x433ad35c,13.09375,66.25,6.5,-53,1770104120,3,3
2026-02-02 23:36:00.433520,0x433abf20,13.16875,72.5,5.5,-76,1770104139,3,3
2026-02-02 23:36:12.946820,0x433b0b38,13.0925,65.0,5.5,-72,1770104151,5,5
2026-02-02 23:37:39.022201,0x433b0098,13.22625,58.75,6.75,-60,1770104237,2,2
2026-02-02 23:37:58.623616,0x433acb14,13.11,65.0,4.75,-88,1770104257,3,3
2026-02-02 23:41:02.628367,0x433abf20,13.17125,62.5,5.5,-76,1770104441,3,3
2026-02-02 23:41:13.240113,0x433b0b38,13.09375,66.25,5.25,-72,1770104452,5,5
2026-02-02 23:42:59.894702,0x433acb14,13.10625,75.0,4.5,-88,1770104558,3,3
2026-02-02 23:43:29.734582,0x433aad0c,13.2425,76.25,5.5,-75,1770104588,3,3
2026-02-02 23:45:43.102372,0x433ad35c,13.09125,65.0,6.25,-53,1770104721,3,3
2026-02-02 23:46:02.831172,0x433abf20,13.17125,65.0,5.5,-75,1770104741,3,3
2026-02-02 23:46:14.478348,0x433b0b38,13.0875,68.75,6.25,-72,1770104753,5,5
2026-02-02 23:47:40.085650,0x433b0098,13.22625,63.75,6.0,-61,1770104838,2,2
2026-02-02 23:48:01.784747,0x433acb14,13.11125,66.25,4.75,-87,1770104860,3,3
2026-02-02 23:51:06.545745,0x433abf20,13.16875,65.0,5.5,-76,1770105045,3,3
2026-02-02 23:51:15.741355,0x433b0b38,13.09125,61.25,5.75,-72,1770105054,5,5
2026-02-02 23:51:21.240730,0x433af380,12.98875,72.5,6.5,-38,1770105059,3,3
2026-02-02 23:53:03.515395,0x433acb14,13.1125,65.0,4.5,-89,1770105162,3,3
2026-02-02 23:53:31.425831,0x433aad0c,13.24625,60.0,5.5,-76,1770105190,3,3
2026-02-02 23:55:51.225811,0x433ad35c,13.09,73.75,8.0,-53,1770105329,3,3
2026-02-02 23:56:05.347817,0x433abf20,13.165,72.5,5.5,-75,1770105344,3,3
2026-02-02 23:56:16.995498,0x433b0b38,13.0925,66.25,5.75,-73,1770105355,5,5
2026-02-02 23:57:42.154850,0x433b0098,13.22375,58.75,7.25,-60,1770105440,2,2
2026-02-02 23:58:04.779513,0x433acb14,13.11,67.5,4.75,-88,1770105463,3,3
2026-02-03 00:01:06.061520,0x433abf20,13.165,73.75,5.5,-75,1770105644,3,3
2026-02-03 00:01:19.020418,0x433b0b38,13.09,71.25,5.75,-72,1770105657,5,5
2026-02-03 00:03:07.353393,0x433acb14,13.10875,66.25,4.0,-88,1770105766,3,3
2026-02-03 00:03:34.250440,0x433aad0c,13.245,63.75,5.5,-75,1770105792,3,3
2026-02-03 00:05:50.172047,0x433ad35c,13.09125,65.0,6.0,-52,1770105928,3,3
2026-02-03 00:06:06.550555,0x433abf20,13.1675,62.5,5.25,-76,1770105945,3,3
2026-02-03 00:06:19.758523,0x433b0b38,13.09,58.75,5.5,-72,1770105958,5,5
2026-02-03 00:07:45.845054,0x433b0098,13.2175,75.0,5.75,-60,1770106044,2,2
2026-02-03 00:08:07.052800,0x433acb14,13.10875,65.0,4.25,-88,1770106065,3,3
2026-01-27 00:00:49.884722,0x433ad35c,13.26125,71.25,7.0,-54,1769500845,3,3
2026-01-27 00:00:58.476532,0x433abf20,13.26375,62.5,5.5,-76,1769500854,3,3
2026-01-27 00:01:41.357336,0x433b0b38,13.25,65.0,5.75,-73,1769500897,5,5
2026-01-27 00:02:56.838092,0x433acb14,13.26125,78.75,5.5,-86,1769500972,3,3
2026-01-27 00:03:06.004962,0x433b0098,13.23875,60.0,6.75,-60,1769500981,2,2
2026-01-27 00:06:04.207367,0x433abf20,13.26375,62.5,5.25,-76,1769501160,3,3
2026-01-27 00:06:42.905380,0x433b0b38,13.25,63.75,6.0,-73,1769501198,5,5
2026-01-27 00:07:58.730092,0x433acb14,13.26625,66.25,6.25,-86,1769501274,3,3
2026-01-27 00:10:52.402176,0x433ad35c,13.26375,66.25,6.5,-54,1769501448,3,3
2026-01-27 00:11:02.180131,0x433abf20,13.2625,63.75,5.5,-76,1769501458,3,3
2026-01-27 00:11:43.963542,0x433b0b38,13.25125,63.75,5.75,-73,1769501499,5,5
2026-01-27 00:13:00.221594,0x433acb14,13.265,62.5,6.0,-87,1769501576,3,3
2026-01-27 00:13:05.660977,0x433b0098,13.235,61.25,7.0,-59,1769501581,2,2
2026-01-27 00:16:02.421178,0x433abf20,13.25875,75.0,5.75,-76,1769501758,3,3
2026-01-27 00:16:44.993826,0x433b0b38,13.24875,60.0,5.5,-73,1769501800,5,5
2026-01-27 00:18:06.146703,0x433acb14,13.26375,77.5,6.0,-87,1769501881,3,3
2026-01-27 00:20:56.390290,0x433ad35c,13.25875,90.0,7.25,-53,1769502052,3,3
2026-01-27 00:21:05.108640,0x433abf20,13.2625,66.25,5.5,-76,1769502060,3,3
2026-01-27 00:21:45.760839,0x433b0b38,13.2475,60.0,5.25,-73,1769502101,5,5
2026-01-27 00:23:02.464701,0x433acb14,13.26375,65.0,6.0,-87,1769502178,3,3
2026-01-27 00:23:11.326721,0x433b0098,13.22875,73.75,6.25,-61,1769502187,2,2
2026-01-27 00:26:08.621922,0x433abf20,13.2625,63.75,6.25,-77,1769502364,3,3
2026-01-27 00:26:47.868409,0x433b0b38,13.24375,72.5,6.0,-73,1769502403,5,5
2026-01-27 00:27:14.370503,0x433af380,13.20375,67.5,6.5,-38,1769502430,3,3
2026-01-27 00:28:03.112381,0x433acb14,13.265,81.25,6.0,-87,1769502478,3,3
2026-01-27 00:30:57.562649,0x433ad35c,13.26125,73.75,8.0,-53,1769502653,3,3
2026-01-27 00:31:07.442568,0x433abf20,13.26,65.0,5.0,-77,1769502663,3,3
2026-01-27 00:31:49.040682,0x433b0b38,13.245,75.0,5.5,-74,1769502704,5,5
2026-01-27 00:33:04.755051,0x433acb14,13.2675,63.75,5.5,-87,1769502780,3,3
2026-01-27 00:33:10.152186,0x433b0098,13.2325,67.5,6.75,-59,1769502785,2,2
2026-01-27 00:36:08.676660,0x433abf20,13.26125,65.0,5.5,-76,1769502964,3,3
2026-01-27 00:36:49.547222,0x433b0b38,13.24375,71.25,5.75,-73,1769503005,5,5
2026-01-27 00:38:07.444873,0x433acb14,13.2625,77.5,5.5,-87,1769503083,3,3
2026-01-27 00:41:02.183061,0x433ad35c,13.26,76.25,7.25,-54,1769503257,3,3
2026-01-27 00:41:10.902299,0x433abf20,13.24375,126.25,5.0,-77,1769503266,3,3
2026-01-27 00:41:51.470199,0x433b0b38,13.25,60.0,5.75,-73,1769503307,5,5
2026-01-27 00:43:08.387162,0x433acb14,13.26125,73.75,6.0,-85,1769503384,3,3
2026-01-27 00:43:13.885541,0x433b0098,13.23,75.0,6.0,-61,1769503389,2,2
2026-01-27 00:46:10.727400,0x433abf20,13.2625,63.75,5.5,-77,1769503566,3,3
2026-01-27 00:46:52.768750,0x433b0b38,13.24375,72.5,5.5,-73,1769503608,5,5
2026-01-27 00:48:08.811216,0x433acb14,13.265,63.75,6.0,-87,1769503684,3,3
2026-01-27 00:51:05.169027,0x433ad35c,13.26125,60.0,6.0,-55,1769503860,3,3
2026-01-27 00:51:12.787067,0x433abf20,13.26125,66.25,5.25,-76,1769503868,3,3
2026-01-27 00:51:53.318112,0x433b0b38,13.24375,72.5,5.25,-72,1769503909,5,5
2026-01-27 00:53:10.778697,0x433acb14,13.24125,130.0,5.75,-86,1769503986,3,3
2026-01-27 00:53:15.631395,0x433b0098,13.2325,63.75,7.0,-60,1769503991,2,2
2026-01-27 00:56:14.764112,0x433abf20,13.26,66.25,5.75,-76,1769504170,3,3
2026-01-27 00:56:55.411324,0x433b0b38,13.2475,58.75,5.75,-73,1769504211,5,5
2026-01-27 00:58:15.224565,0x433acb14,13.26125,72.5,5.5,-86,1769504290,3,3
2026-01-30 12:05:39.915941,0x433acb14,13.19625,63.75,5.5,-89,1769803527,3,3
2026-01-30 12:08:50.713670,0x433b0b38,13.23,61.25,1.0,-72,1769803718,5,5
2026-01-30 12:09:43.497975,0x433abf20,13.2475,90.0,5.5,-76,1769803771,3,3
2026-01-30 12:10:39.464864,0x433acb14,13.185,83.75,4.0,-91,1769803827,3,3
2026-01-30 12:11:02.534215,0x433aad0c,13.245,76.25,4.0,-90,1769803850,3,3
2026-01-30 12:11:26.429292,0x433b0098,13.2275,61.25,6.25,-61,1769803874,2,2
2026-01-30 12:13:21.460354,0x433ad35c,13.2575,77.5,6.25,-54,1769803989,3,3
2026-01-30 12:13:50.373627,0x433b0b38,13.22375,72.5,5.75,-73,1769804017,5,5
2026-01-30 12:14:44.500318,0x433abf20,13.255,76.25,6.25,-76,1769804072,3,3
2026-01-30 12:15:40.010452,0x433acb14,13.1975,72.5,2.25,-95,1769804127,3,3
2026-01-30 12:18:51.483285,0x433b0b38,13.225,72.5,6.0,-75,1769804319,5,5
2026-01-30 12:19:45.270816,0x433abf20,13.26,61.25,5.5,-76,1769804372,3,3
2026-01-30 12:20:42.626712,0x433acb14,13.1975,66.25,4.25,-91,1769804430,3,3
2026-01-30 12:21:05.160794,0x433aad0c,13.25,61.25,4.0,-87,1769804452,3,3
2026-01-30 12:21:29.024732,0x433b0098,13.2275,57.5,5.75,-62,1769804476,2,2
2026-01-30 12:23:26.060215,0x433ad35c,13.26,75.0,6.25,-54,1769804593,3,3
2026-01-30 12:23:53.027362,0x433b0b38,13.225,76.25,5.5,-73,1769804620,5,5
2026-01-30 12:24:46.053158,0x433abf20,13.255,71.25,5.75,-76,1769804673,3,3
2026-01-30 12:25:43.878363,0x433acb14,13.19375,80.0,4.75,-88,1769804731,3,3
2026-01-30 12:28:54.050480,0x433b0b38,13.2225,73.75,5.5,-74,1769804921,5,5
2026-01-30 12:29:46.518835,0x433abf20,13.2575,73.75,6.0,-76,1769804974,3,3
2026-01-30 12:30:43.909321,0x433acb14,13.195,72.5,4.25,-91,1769805031,3,3
2026-01-30 12:31:06.707901,0x433aad0c,13.24625,77.5,4.75,-89,1769805054,3,3
2026-01-30 12:31:30.789867,0x433b0098,13.22375,73.75,5.75,-62,1769805078,2,2
2026-01-30 12:33:27.610179,0x433ad35c,13.2625,61.25,6.75,-53,1769805195,3,3
2026-01-30 12:33:55.071575,0x433b0b38,13.23125,63.75,5.75,-73,1769805222,5,5
2026-01-30 12:34:47.144872,0x433abf20,13.2625,61.25,5.5,-76,1769805274,3,3
2026-01-30 12:35:45.354751,0x433acb14,13.195,73.75,3.75,-91,1769805332,3,3
2026-01-30 12:38:56.843419,0x433b0b38,13.22875,75.0,5.5,-74,1769805524,5,5
2026-01-30 12:39:48.758805,0x433abf20,13.2575,72.5,5.75,-75,1769805576,3,3
2026-01-30 12:40:37.425511,0x433af380,13.2025,67.5,6.0,-39,1769805624,3,3
2026-01-30 12:40:47.223216,0x433acb14,13.19375,73.75,3.75,-90,1769805634,3,3
2026-01-30 12:41:09.944799,0x433aad0c,13.25375,62.5,5.25,-89,1769805657,3,3
2026-01-30 12:41:32.154297,0x433b0098,13.22375,72.5,5.5,-61,1769805679,2,2
2026-01-30 12:43:30.713288,0x433ad35c,13.26125,75.0,6.25,-53,1769805798,3,3
2026-01-30 12:43:59.913424,0x433b0b38,13.23625,63.75,6.0,-73,1769805827,5,5
2026-01-30 12:44:50.325450,0x433abf20,13.2625,60.0,6.0,-76,1769805877,3,3
2026-01-30 12:45:48.973667,0x433acb14,13.19625,76.25,3.0,-94,1769805936,3,3
2026-01-30 12:49:01.180065,0x433b0b38,13.23375,58.75,5.75,-73,1769806128,5,5
2026-01-30 12:49:52.536543,0x433abf20,13.2625,65.0,5.5,-75,1769806180,3,3
2026-01-30 12:50:49.482777,0x433acb14,13.2,65.0,3.0,-92,1769806236,3,3
2026-01-30 12:51:17.004348,0x433aad0c,13.24875,72.5,5.25,-88,1769806264,3,3
2026-01-30 12:51:34.654142,0x433b0098,13.23375,58.75,6.25,-61,1769806282,2,2
2026-01-30 12:53:32.874936,0x433ad35c,13.2625,75.0,6.25,-54,1769806400,3,3
2026-01-30 12:54:05.434732,0x433b0b38,13.2325,60.0,5.75,-73,1769806432,5,5
2026-01-30 12:54:52.786504,0x433abf20,13.26125,61.25,6.0,-77,1769806480,3,3
2026-01-30 12:55:52.554906,0x433acb14,13.19875,61.25,3.5,-92,1769806540,3,3
2026-01-30 12:59:03.347107,0x433b0b38,13.23625,63.75,5.75,-72,1769806730,5,5
2026-01-30 12:59:54.513936,0x433abf20,13.265,65.0,5.5,-76,1769806782,3,3
2026-01-30 13:00:52.409809,0x433acb14,13.2,65.0,2.0,-95,1769806839,3,3
2026-01-30 13:01:16.285956,0x433aad0c,13.25375,62.5,5.0,-88,1769806863,3,3
2026-01-30 13:01:39.044460,0x433b0098,13.2325,60.0,6.0,-61,1769806886,2,2
2026-01-30 13:03:35.810445,0x433ad35c,13.265,61.25,6.0,-54,1769807003,3,3
2026-01-30 13:04:03.670474,0x433b0b38,13.23625,62.5,5.75,-73,1769807031,5,5
2026-01-25 14:59:05.204666,0x433acb14,13.3275,128.75,2.0,-95,1769381944,3,3
2026-01-25 15:01:53.468162,0x433ad35c,13.28375,62.5,5.75,-54,1769382112,3,3
2026-01-25 15:02:53.911398,0x433b0b38,13.25875,60.0,6.5,-74,1769382172,5,5
2026-01-25 15:03:01.509402,0x433abf20,13.28,66.25,5.75,-76,1769382180,3,3
2026-01-25 15:04:07.556515,0x433acb14,13.35125,58.75,1.75,-96,1769382246,3,3
2026-01-25 15:05:29.782936,0x433b0098,13.31125,60.0,6.0,-61,1769382328,2,2
2026-01-25 15:07:51.762074,0x433aad0c,12.6225,61.25,6.0,-77,1769382470,3,3
2026-01-25 15:08:01.424290,0x433abf20,13.275,72.5,5.75,-76,1769382480,3,3
2026-01-25 15:08:04.893296,0x433b0b38,13.26125,62.5,6.0,-74,1769382483,5,5
2026-01-25 15:09:06.634889,0x433acb14,13.3475,61.25,-0.25,-98,1769382545,3,3
2026-01-25 15:11:54.901144,0x433ad35c,13.28625,63.75,7.25,-54,1769382713,3,3
2026-01-25 15:12:54.678226,0x433b0b38,13.255,70.0,6.0,-74,1769382773,5,5
2026-01-25 15:13:01.996727,0x433abf20,13.27625,77.5,6.0,-76,1769382780,3,3
2026-01-25 15:14:07.816145,0x433acb14,13.34375,77.5,0.75,-97,1769382846,3,3
2026-01-25 15:15:29.249172,0x433b0098,13.29875,72.5,6.0,-60,1769382928,2,2
2026-01-25 15:17:53.508999,0x433aad0c,12.61125,61.25,5.75,-77,1769383072,3,3
2026-01-25 15:17:56.031882,0x433b0b38,13.25625,73.75,6.5,-74,1769383075,5,5
2026-01-25 15:18:06.129829,0x433abf20,13.275,65.0,5.25,-76,1769383085,3,3
2026-01-25 15:19:10.357933,0x433acb14,13.34625,61.25,,-97,1769383149,3,3
2026-01-25 15:21:43.500284,0x433af380,13.19875,86.25,6.25,-39,1769383302,3,3
2026-01-25 15:21:56.473852,0x433ad35c,13.28375,65.0,5.75,-54,1769383315,3,3
2026-01-25 15:22:58.292090,0x433b0b38,13.26125,62.5,7.5,-74,1769383377,5,5
2026-01-25 15:23:06.358147,0x433abf20,13.28,65.0,5.75,-76,1769383385,3,3
2026-01-25 15:24:11.278351,0x433acb14,13.34375,61.25,-1.0,-99,1769383450,3,3
2026-01-25 15:25:29.460179,0x433b0098,13.28375,83.75,6.5,-61,1769383528,2,2
2026-01-25 15:27:52.164774,0x433aad0c,12.6,65.0,7.0,-76,1769383671,3,3
2026-01-25 15:28:03.814939,0x433b0b38,13.25625,72.5,7.0,-74,1769383682,5,5
2026-01-25 15:28:06.548853,0x433abf20,13.27375,77.5,5.5,-76,1769383685,3,3
2026-01-25 15:29:13.353686,0x433acb14,13.33875,75.0,0.5,-97,1769383752,3,3
2026-01-25 15:32:00.651292,0x433ad35c,13.285,63.75,6.75,-54,1769383919,3,3
2026-01-25 15:33:02.841883,0x433b0b38,13.25625,70.0,6.5,-74,1769383981,5,5
2026-01-25 15:33:06.093337,0x433abf20,13.2725,76.25,5.5,-77,1769383985,3,3
2026-01-25 15:34:18.231770,0x433acb14,13.34125,78.75,0.25,-97,1769384057,3,3
2026-01-25 15:35:29.922316,0x433b0098,13.28375,72.5,6.25,-60,1769384128,2,2
2026-01-25 15:37:52.406847,0x433aad0c,12.58375,75.0,6.25,-77,1769384271,3,3
2026-01-25 15:38:01.243812,0x433b0b38,13.26125,62.5,6.5,-73,1769384280,5,5
2026-01-25 15:38:09.890020,0x433abf20,13.27,77.5,5.75,-76,1769384288,3,3
2026-01-25 15:39:14.370094,0x433acb14,13.34,61.25,2.0,-96,1769384353,3,3
2026-01-25 15:42:03.013814,0x433ad35c,13.28,81.25,6.0,-54,1769384521,3,3
2026-01-25 15:43:04.287075,0x433b0b38,13.26125,58.75,7.5,-74,1769384583,5,5
2026-01-25 15:43:13.543670,0x433abf20,13.2775,63.75,5.75,-76,1769384592,3,3
2026-01-25 15:44:16.939254,0x433acb14,13.34125,65.0,3.75,-93,1769384655,3,3
2026-01-25 15:45:29.971908,0x433b0098,13.28375,58.75,6.0,-62,1769384728,2,2
2026-01-25 15:47:52.831545,0x433aad0c,12.56625,71.25,6.5,-76,1769384871,3,3
2026-01-25 15:48:05.345739,0x433b0b38,13.2575,70.0,5.5,-75,1769384884,5,5
2026-01-25 15:48:09.749660,0x433abf20,13.25625,122.5,5.5,-77,1769384888,3,3
2026-01-25 15:49:18.487518,0x433acb14,13.34,62.5,1.75,-95,1769384957,3,3
2026-01-25 15:52:04.853885,0x433ad35c,13.285,60.0,7.5,-54,1769385123,3,3
2026-01-25 15:53:07.713708,0x433b0b38,13.25625,72.5,7.0,-74,1769385186,5,5
2026-01-25 15:53:10.189985,0x433abf20,13.255,125.0,6.0,-76,1769385189,3,3
2026-01-25 15:54:20.418959,0x433acb14,13.34,66.25,6.25,-77,1769385259,3,2
2026-01-25 15:55:30.468288,0x433b0098,13.2475,120.0,6.25,-61,1769385329,2,2
2026-01-25 15:57:53.135341,0x433aad0c,12.5525,72.5,5.5,-78,1769385472,3,3
2026-01-25 15:58:08.378941,0x433b0b38,13.25625,70.0,7.25,-74,1769385487,5,5
2026-01-25 15:58:12.312907,0x433abf20,13.25375,136.25,5.5,-76,1769385491,3,3
2026-01-31 16:06:33.693496,0x433b0098,13.24875,61.25,5.75,-61,1769904378,2,2
2026-01-31 16:08:08.790994,0x433acb14,13.17375,72.5,2.5,-94,1769904473,3,3
2026-01-31 16:08:31.365123,0x433aad0c,13.27,60.0,5.0,-89,1769904495,3,3
2026-01-31 16:10:23.639007,0x433abf20,13.2675,75.0,6.0,-75,1769904608,3,3
2026-01-31 16:10:52.103330,0x433ad35c,13.1925,75.0,7.25,-53,1769904636,3,3
2026-01-31 16:11:22.358305,0x433b0b38,13.23625,70.0,6.0,-73,1769904666,5,5
2026-01-31 16:13:10.415767,0x433acb14,13.17875,62.5,2.0,-95,1769904775,3,3
2026-01-31 16:15:25.493656,0x433abf20,13.27125,62.5,5.25,-77,1769904910,3,3
2026-01-31 16:16:24.083243,0x433b0b38,13.235,76.25,6.0,-73,1769904968,5,5
2026-01-31 16:16:35.444371,0x433b0098,13.2425,73.75,6.0,-61,1769904980,2,2
2026-01-31 16:18:11.132900,0x433acb14,13.17875,67.5,2.25,-94,1769905075,3,3
2026-01-31 16:18:35.347462,0x433aad0c,13.2725,61.25,4.75,-88,1769905099,3,3
2026-01-31 16:20:26.793809,0x433abf20,13.27,62.5,6.0,-77,1769905211,3,3
2026-01-31 16:20:58.258791,0x433ad35c,13.1975,61.25,6.75,-53,1769905242,3,3
2026-01-31 16:21:25.865542,0x433b0b38,13.23625,71.25,6.0,-73,1769905270,5,5
2026-01-31 16:23:11.663482,0x433acb14,13.1775,63.75,4.25,-90,1769905376,3,3
2026-01-31 16:25:28.122510,0x433abf20,13.2675,75.0,5.5,-76,1769905512,3,3
2026-01-31 16:26:26.092413,0x433b0b38,13.24125,65.0,5.75,-72,1769905570,5,5
2026-01-31 16:26:35.432409,0x433b0098,13.2475,60.0,6.0,-61,1769905580,2,2
2026-01-31 16:28:12.758967,0x433acb14,13.17375,80.0,3.5,-93,1769905677,3,3
2026-01-31 16:28:36.198797,0x433aad0c,13.2675,76.25,4.5,-87,1769905700,3,3
2026-01-31 16:30:29.220045,0x433abf20,13.2675,62.5,5.25,-76,1769905813,3,3
2026-01-31 16:30:58.842684,0x433ad35c,13.19625,62.5,6.0,-54,1769905843,3,3
2026-01-31 16:31:26.680128,0x433b0b38,13.24,63.75,5.75,-72,1769905871,5,5
2026-01-31 16:33:14.745682,0x433acb14,13.1775,62.5,2.75,-94,1769905979,3,3
2026-01-31 16:35:31.977051,0x433abf20,13.2675,73.75,6.0,-76,1769906116,3,3
2026-01-31 16:36:31.630437,0x433b0b38,13.23625,68.75,6.0,-72,1769906176,5,5
2026-01-31 16:36:45.101491,0x433b0098,13.25,62.5,5.75,-61,1769906189,2,2
2026-01-31 16:38:18.330847,0x433acb14,13.18,67.5,2.5,-94,1769906282,3,3
2026-01-31 16:38:42.802331,0x433aad0c,13.24875,125.0,5.75,-83,1769906307,3,3
2026-01-31 16:40:31.703765,0x433abf20,13.2725,63.75,6.75,-76,1769906416,3,3
2026-01-31 16:41:01.352736,0x433ad35c,13.19625,62.5,5.75,-53,1769906445,3,3
2026-01-31 16:41:30.478402,0x433b0b38,13.24125,65.0,6.25,-72,1769906475,5,5
2026-01-31 16:43:17.581720,0x433acb14,13.17,78.75,2.75,-94,1769906582,3,3
2026-01-31 16:44:04.210801,0x433af380,13.15125,68.75,6.25,-39,1769906628,3,3
2026-01-31 16:45:33.243484,0x433abf20,13.27125,60.0,6.0,-76,1769906717,3,3
2026-01-31 16:46:30.600553,0x433b0b38,13.235,70.0,6.0,-72,1769906775,5,5
2026-01-31 16:46:39.868910,0x433b0098,13.21625,117.5,6.0,-61,1769906784,2,2
2026-01-31 16:48:19.103140,0x433acb14,13.175,77.5,3.75,-92,1769906883,3,3
2026-01-31 16:50:38.341826,0x433abf20,13.2675,72.5,6.0,-76,1769907022,3,3
2026-01-31 16:51:03.446021,0x433ad35c,13.1875,77.5,6.0,-54,1769907047,3,3
2026-01-31 16:51:33.102919,0x433b0b38,13.235,76.25,6.25,-72,1769907077,5,5
2026-01-31 16:53:19.528883,0x433acb14,13.17875,65.0,3.75,-92,1769907184,3,3
2026-01-31 16:55:35.331771,0x433abf20,13.26875,76.25,5.5,-76,1769907319,3,3
2026-01-31 16:56:33.136872,0x433b0b38,13.235,75.0,6.25,-72,1769907377,5,5
2026-01-31 16:56:41.230073,0x433b0098,13.25125,62.5,6.25,-61,1769907385,2,2
2026-01-31 16:58:21.644045,0x433acb14,13.1725,73.75,3.75,-92,1769907486,3,3
2026-01-31 16:58:45.102073,0x433aad0c,13.2725,62.5,5.75,-80,1769907509,3,3
2026-01-31 17:00:37.083725,0x433abf20,13.27,62.5,5.5,-76,1769907621,3,3
2026-01-31 17:01:06.090665,0x433ad35c,13.19625,65.0,6.0,-53,1769907650,3,3
2026-01-31 17:01:36.853906,0x433b0b38,13.24125,62.5,6.0,-72,1769907681,5,5
2026-01-31 17:03:22.498717,0x433acb14,13.17875,63.75,3.75,-93,1769907787,3,3
2026-01-31 17:05:37.396946,0x433abf20,13.2725,63.75,5.75,-76,1769907921,3,3
2026-02-01 04:07:47.037292,0x433abf20,13.24,65.0,5.75,-76,1769947650,3,3
2026-02-01 04:08:52.566156,0x433b0098,13.20875,75.0,6.5,-59,1769947715,2,2
2026-02-01 04:09:34.473847,0x433b0b38,13.18,61.25,6.25,-70,1769947757,5,5
2026-02-01 04:11:21.896436,0x433acb14,13.12375,62.5,6.0,-86,1769947865,3,3
2026-02-01 04:11:45.859141,0x433aad0c,13.24,65.0,5.5,-76,1769947889,3,3
2026-02-01 04:12:48.561417,0x433abf20,13.24,61.25,5.75,-76,1769947951,3,3
2026-02-01 04:14:04.734116,0x433ad35c,13.11,77.5,5.75,-55,1769948028,3,3
2026-02-01 04:14:34.978600,0x433b0b38,13.17875,63.75,6.5,-71,1769948058,5,5
2026-02-01 04:16:24.147668,0x433acb14,13.125,66.25,4.75,-86,1769948167,3,3
2026-02-01 04:17:49.206137,0x433abf20,13.24,61.25,5.5,-75,1769948252,3,3
2026-02-01 04:18:54.309390,0x433b0098,13.2125,68.75,6.25,-60,1769948317,2,2
2026-02-01 04:19:37.082950,0x433b0b38,13.18,66.25,5.75,-71,1769948360,5,5
2026-02-01 04:21:25.831220,0x433acb14,13.11875,77.5,6.25,-86,1769948469,3,3
2026-02-01 04:21:54.245724,0x433aad0c,13.235,73.75,5.0,-75,1769948497,3,3
2026-02-01 04:22:51.809482,0x433abf20,13.24,65.0,6.0,-76,1769948555,3,3
2026-02-01 04:24:06.462841,0x433ad35c,13.11125,63.75,5.5,-55,1769948629,3,3
2026-02-01 04:24:38.090700,0x433b0b38,13.17125,75.0,5.5,-72,1769948661,5,5
2026-02-01 04:26:32.111582,0x433acb14,13.12125,65.0,6.0,-86,1769948775,3,3
2026-02-01 04:27:48.902483,0x433abf20,13.23875,76.25,5.75,-77,1769948852,3,3
2026-02-01 04:28:56.100045,0x433b0098,13.2025,85.0,5.5,-60,1769948919,2,2
2026-02-01 04:29:44.770322,0x433b0b38,13.17875,65.0,7.0,-74,1769948968,5,4
2026-02-01 04:31:27.950166,0x433acb14,13.1225,66.25,5.5,-86,1769949071,3,3
2026-02-01 04:31:53.321240,0x433aad0c,13.2375,62.5,5.25,-76,1769949096,3,3
2026-02-01 04:32:50.646597,0x433abf20,13.23875,65.0,5.5,-76,1769949153,3,3
2026-02-01 04:34:11.378006,0x433ad35c,13.11125,67.5,5.5,-55,1769949234,3,3
2026-02-01 04:34:40.665409,0x433b0b38,13.17875,65.0,6.5,-71,1769949263,5,5
2026-02-01 04:36:29.453614,0x433acb14,13.115,75.0,5.75,-87,1769949372,3,3
2026-02-01 04:37:52.000910,0x433abf20,13.2175,122.5,6.0,-75,1769949455,3,3
2026-02-01 04:38:58.837425,0x433b0098,13.2075,73.75,6.5,-59,1769949522,2,2
2026-02-01 04:39:42.037625,0x433b0b38,13.17375,75.0,5.75,-70,1769949565,5,5
2026-02-01 04:41:31.580657,0x433acb14,13.12125,61.25,6.0,-86,1769949674,3,3
2026-02-01 04:42:53.978783,0x433abf20,13.22,125.0,5.5,-75,1769949757,3,3
2026-02-01 04:44:13.132711,0x433ad35c,13.11,63.75,6.25,-55,1769949836,3,3
2026-02-01 04:44:42.503817,0x433b0b38,13.17625,65.0,5.25,-70,1769949865,5,5
2026-02-01 04:45:47.830491,0x433af380,13.02125,81.25,6.5,-37,1769949931,3,3
2026-02-01 04:46:31.998958,0x433acb14,13.1175,76.25,5.25,-85,1769949975,3,3
2026-02-01 04:47:53.937246,0x433abf20,13.23875,67.5,6.0,-76,1769950057,3,3
2026-02-01 04:49:01.412295,0x433b0098,13.21125,63.75,6.25,-60,1769950124,2,2
2026-02-01 04:49:44.559215,0x433b0b38,13.17,73.75,6.0,-70,1769950167,5,5
2026-02-01 04:51:35.467851,0x433acb14,13.11875,77.5,5.75,-86,1769950278,3,3
2026-02-01 04:51:57.711664,0x433aad0c,13.2375,61.25,5.5,-75,1769950301,3,3
2026-02-01 04:52:54.481341,0x433abf20,13.23375,78.75,5.5,-76,1769950357,3,3
2026-02-01 04:54:15.234865,0x433ad35c,13.0925,128.75,6.25,-55,1769950438,3,3
2026-02-01 04:54:45.035645,0x433b0b38,13.17625,65.0,5.5,-70,1769950468,5,5
2026-02-01 04:56:34.834519,0x433acb14,13.12125,65.0,5.75,-86,1769950578,3,3
2026-02-01 04:57:55.479380,0x433abf20,13.23625,70.0,5.5,-76,1769950658,3,3
2026-02-01 04:59:03.366700,0x433b0098,13.205,71.25,6.5,-60,1769950726,2,2
2026-02-01 04:59:46.297509,0x433b0b38,13.17,71.25,5.75,-70,1769950769,5,5
2026-02-01 05:01:36.118723,0x433acb14,13.1225,66.25,5.75,-86,1769950879,3,3
2026-02-01 05:02:01.685877,0x433aad0c,13.23625,61.25,5.5,-75,1769950904,3,3
2026-02-01 05:02:56.020737,0x433abf20,13.23375,75.0,5.5,-76,1769950959,3,3
2026-02-01 05:04:18.716120,0x433ad35c,13.10875,78.75,6.5,-55,1769951041,3,3
2026-02-01 05:04:48.356010,0x433b0b38,13.1725,62.5,5.5,-72,1769951071,5,5
2026-02-01 05:06:37.371751,0x433acb14,13.12125,67.5,5.75,-86,1769951180,3,3
2026-01-31 02:07:07.815883,0x433ad35c,13.20375,65.0,6.0,-54,1769854013,3,3
2026-01-31 02:07:28.600599,0x433abf20,13.24875,63.75,6.0,-77,1769854034,3,3
2026-01-31 02:07:34.916781,0x433b0b38,13.2175,95.0,6.0,-73,1769854041,5,5
2026-01-31 02:09:22.057340,0x433acb14,13.1575,77.5,6.5,-86,1769854148,3,3
2026-01-31 02:12:29.068798,0x433abf20,13.25,65.0,6.5,-77,1769854335,3,3
2026-01-31 02:12:36.179153,0x433b0b38,13.225,65.0,5.75,-73,1769854342,5,5
2026-01-31 02:14:02.318680,0x433b0098,13.215,76.25,5.75,-60,1769854428,2,2
2026-01-31 02:14:24.460667,0x433acb14,13.155,77.5,5.5,-85,1769854450,3,3
2026-01-31 02:14:52.144372,0x433aad0c,13.245,76.25,5.0,-77,1769854478,3,3
2026-01-31 02:17:10.392287,0x433ad35c,13.2,72.5,6.75,-54,1769854616,3,3
2026-01-31 02:17:29.305732,0x433abf20,13.24875,60.0,6.0,-77,1769854635,3,3
2026-01-31 02:17:38.985310,0x433b0b38,13.22375,65.0,5.25,-73,1769854645,5,5
2026-01-31 02:19:24.835061,0x433acb14,13.15375,78.75,5.25,-85,1769854750,3,3
2026-01-31 02:22:30.431540,0x433abf20,13.24875,65.0,6.75,-77,1769854936,3,3
2026-01-31 02:22:38.704505,0x433b0b38,13.22375,63.75,5.75,-72,1769854944,5,5
2026-01-31 02:24:06.836283,0x433b0098,13.1825,126.25,6.75,-59,1769855032,2,2
2026-01-31 02:24:29.338718,0x433acb14,13.16,66.25,4.75,-85,1769855055,3,3
2026-01-31 02:24:51.070269,0x433aad0c,13.24375,77.5,5.25,-77,1769855077,3,3
2026-01-31 02:27:15.661115,0x433ad35c,13.19875,71.25,6.5,-55,1769855221,3,3
2026-01-31 02:27:31.052387,0x433abf20,13.24625,66.25,7.0,-76,1769855237,3,3
2026-01-31 02:27:40.812628,0x433b0b38,13.22,70.0,5.5,-72,1769855246,5,5
2026-01-31 02:29:27.146545,0x433acb14,13.15625,62.5,4.75,-85,1769855353,3,3
2026-01-31 02:32:30.800847,0x433abf20,13.22875,126.25,6.25,-76,1769855536,3,3
2026-01-31 02:32:41.251889,0x433b0b38,13.22625,63.75,5.5,-72,1769855547,5,5
2026-01-31 02:34:07.739701,0x433b0098,13.22,62.5,6.25,-60,1769855633,2,2
2026-01-31 02:34:29.109569,0x433acb14,13.1525,77.5,5.5,-86,1769855655,3,3
2026-01-31 02:34:57.663014,0x433aad0c,13.245,75.0,5.5,-76,1769855683,3,3
2026-01-31 02:37:18.111564,0x433ad35c,13.20125,66.25,6.25,-54,1769855824,3,3
2026-01-31 02:37:32.932834,0x433abf20,13.2425,65.0,6.25,-77,1769855838,3,3
2026-01-31 02:37:43.176361,0x433b0b38,13.21875,71.25,5.75,-72,1769855849,5,5
2026-01-31 02:39:31.026663,0x433acb14,13.1575,67.5,5.5,-86,1769855957,3,3
2026-01-31 02:42:25.197178,0x433af380,13.14125,78.75,6.75,-38,1769856131,3,3
2026-01-31 02:42:33.824122,0x433abf20,13.24625,63.75,5.75,-77,1769856139,3,3
2026-01-31 02:42:44.532336,0x433b0b38,13.2225,63.75,5.25,-72,1769856150,5,5
2026-01-31 02:44:06.688504,0x433b0098,13.2175,63.75,6.75,-60,1769856232,2,2
2026-01-31 02:44:37.978745,0x433acb14,13.16,63.75,5.5,-85,1769856264,3,3
2026-01-31 02:44:59.408246,0x433aad0c,13.24625,61.25,6.0,-76,1769856285,3,3
2026-01-31 02:47:18.925544,0x433ad35c,13.20125,68.75,6.0,-55,1769856424,3,3
2026-01-31 02:47:34.835822,0x433abf20,13.245,63.75,6.0,-77,1769856440,3,3
2026-01-31 02:47:47.349120,0x433b0b38,13.2225,63.75,6.0,-74,1769856453,5,5
2026-01-31 02:49:33.224423,0x433acb14,13.15,63.75,6.0,-86,1769856559,3,3
2026-01-31 02:52:37.784981,0x433abf20,13.2475,66.25,5.75,-77,1769856743,3,3
2026-01-31 02:52:46.571269,0x433b0b38,13.2225,65.0,5.75,-72,1769856752,5,5
2026-01-31 02:54:08.617293,0x433b0098,13.21625,61.25,6.25,-59,1769856834,2,2
2026-01-31 02:54:37.463093,0x433acb14,13.15375,65.0,4.25,-85,1769856863,3,3
2026-01-31 02:54:58.433233,0x433aad0c,13.24125,71.25,6.0,-76,1769856884,3,3
2026-01-31 02:57:22.022456,0x433ad35c,13.19875,67.5,6.25,-54,1769857028,3,3
2026-01-31 02:57:37.609945,0x433abf20,13.24375,77.5,5.5,-78,1769857043,3,3
2026-01-31 02:57:50.657817,0x433b0b38,13.2225,61.25,5.75,-73,1769857056,5,5
2026-01-31 02:59:36.348961,0x433acb14,13.1525,73.75,5.25,-86,1769857162,3,3
2026-01-31 03:02:39.750600,0x433abf20,13.2425,72.5,6.0,-77,1769857345,3,3
2026-01-31 03:02:49.668938,0x433b0b38,13.21625,75.0,6.0,-72,1769857355,5,5
2026-01-31 03:04:10.327220,0x433b0098,13.2175,60.0,6.5,-60,1769857436,2,2
2026-01-31 03:04:36.654250,0x433acb14,13.15375,65.0,6.25,-85,1769857462,3,3
2026-01-31 03:05:01.028128,0x433aad0c,13.24625,60.0,5.5,-76,1769857487,3,3
2026-01-31 10:06:35.493465,0x433acb14,13.1425,76.25,3.5,-92,1769882780,3,3
2026-01-31 10:06:55.106643,0x433aad0c,13.23875,62.5,6.0,-78,1769882800,3,3
2026-01-31 10:09:16.906063,0x433abf20,13.235,76.25,5.75,-75,1769882942,3,3
2026-01-31 10:09:20.091763,0x433ad35c,13.17375,75.0,6.75,-53,1769882945,3,3
2026-01-31 10:09:44.609744,0x433b0b38,13.20875,62.5,5.5,-73,1769882969,5,5
2026-01-31 10:11:33.984472,0x433acb14,13.14125,66.25,3.0,-92,1769883079,3,3
2026-01-31 10:14:18.058056,0x433abf20,13.235,76.25,5.5,-75,1769883243,3,3
2026-01-31 10:14:46.292227,0x433b0b38,13.2025,72.5,5.5,-73,1769883271,5,5
2026-01-31 10:15:29.969287,0x433b0098,13.20875,61.25,5.5,-60,1769883315,2,2
2026-01-31 10:16:40.163040,0x433acb14,13.14125,72.5,-11.5,-93,1769883385,3,3
2026-01-31 10:16:58.554139,0x433aad0c,13.23875,63.75,3.75,-77,1769883403,3,3
2026-01-31 10:19:18.264937,0x433abf20,13.2375,72.5,3.75,-76,1769883543,3,3
2026-01-31 10:19:28.128727,0x433ad35c,13.1775,61.25,6.25,-54,1769883553,3,3
2026-01-31 10:19:49.215748,0x433b0b38,13.20625,75.0,5.75,-73,1769883574,5,5
2026-01-31 10:21:38.272294,0x433acb14,13.1425,73.75,2.25,-95,1769883683,3,3
2026-01-31 10:24:22.158035,0x433abf20,13.23625,75.0,6.0,-75,1769883847,3,3
2026-01-31 10:24:49.186095,0x433b0b38,13.2075,75.0,5.5,-73,1769883874,5,5
2026-01-31 10:25:32.432713,0x433b0098,13.20625,63.75,6.5,-61,1769883917,2,2
2026-01-31 10:26:38.884433,0x433acb14,13.13875,73.75,2.25,-94,1769883984,3,3
2026-01-31 10:27:00.151914,0x433aad0c,13.2325,72.5,5.75,-77,1769884005,3,3
2026-01-31 10:29:19.605362,0x433abf20,13.24125,63.75,5.75,-76,1769884144,3,3
2026-01-31 10:29:22.149105,0x433ad35c,13.18,65.0,5.75,-54,1769884147,3,3
2026-01-31 10:29:49.939931,0x433b0b38,13.21125,63.75,5.5,-74,1769884175,5,5
2026-01-31 10:31:41.743363,0x433acb14,13.145,76.25,2.75,-94,1769884286,3,3
2026-01-31 10:34:24.087385,0x433abf20,13.2375,75.0,6.0,-77,1769884449,3,3
2026-01-31 10:34:50.839105,0x433b0b38,13.2075,72.5,5.75,-74,1769884476,5,5
2026-01-31 10:35:34.153283,0x433b0098,13.205,73.75,5.75,-61,1769884519,2,2
2026-01-31 10:36:41.361681,0x433acb14,13.14375,72.5,2.75,-94,1769884586,3,3
2026-01-31 10:37:03.676771,0x433aad0c,13.235,72.5,5.5,-81,1769884608,3,3
2026-01-31 10:39:23.452113,0x433abf20,13.2425,66.25,6.0,-76,1769884748,3,3
2026-01-31 10:39:25.914235,0x433ad35c,13.175,75.0,5.75,-53,1769884751,3,3
2026-01-31 10:39:53.894447,0x433b0b38,13.20625,76.25,5.75,-73,1769884779,5,5
2026-01-31 10:41:44.478415,0x433acb14,13.14875,65.0,1.75,-95,1769884889,3,3
2026-01-31 10:43:20.919279,0x433af380,13.1275,68.75,6.25,-38,1769884986,3,3
2026-01-31 10:44:25.216820,0x433abf20,13.24125,62.5,5.5,-76,1769885050,3,3
2026-01-31 10:44:53.455325,0x433b0b38,13.20625,68.75,6.0,-73,1769885078,5,5
2026-01-31 10:45:37.138680,0x433b0098,13.2025,72.5,6.0,-62,1769885122,2,2
2026-01-31 10:46:48.028652,0x433acb14,13.15125,65.0,2.75,-93,1769885193,3,3
2026-01-31 10:47:05.224598,0x433aad0c,13.235,72.5,5.0,-82,1769885210,3,3
2026-01-31 10:49:23.328673,0x433abf20,13.2425,61.25,5.5,-76,1769885348,3,3
2026-01-31 10:49:26.199616,0x433ad35c,13.17875,77.5,6.75,-54,1769885351,3,3
2026-01-31 10:49:55.098740,0x433b0b38,13.20625,71.25,5.75,-73,1769885380,5,5
2026-01-31 10:51:45.440808,0x433acb14,13.14625,76.25,2.5,-95,1769885490,3,3
2026-01-31 10:54:25.931700,0x433abf20,13.24375,60.0,5.75,-76,1769885651,3,3
2026-01-31 10:54:56.184792,0x433b0b38,13.20625,73.75,6.0,-73,1769885681,5,5
2026-01-31 10:55:38.113362,0x433b0098,13.20375,72.5,6.0,-61,1769885723,2,2
2026-01-31 10:56:48.082346,0x433acb14,13.145,78.75,2.0,-95,1769885793,3,3
2026-01-31 10:57:09.145959,0x433aad0c,13.23625,72.5,5.25,-86,1769885814,3,3
2026-01-31 10:59:24.403553,0x433abf20,13.24375,62.5,5.75,-76,1769885949,3,3
2026-01-31 10:59:28.924805,0x433ad35c,13.17375,77.5,6.25,-53,1769885954,3,3
2026-01-31 10:59:58.980500,0x433b0b38,13.20875,73.75,5.5,-73,1769885984,5,5
2026-01-31 11:01:50.143162,0x433acb14,13.15,62.5,2.25,-95,1769886095,3,3
2026-01-31 11:04:25.179848,0x433abf20,13.24125,72.5,5.75,-76,1769886250,3,3
2026-01-31 11:04:59.593562,0x433b0b38,13.20875,75.0,5.75,-73,1769886284,5,5
2026-01-31 11:05:41.700341,0x433b0098,13.205,71.25,5.5,-61,1769886326,2,2
2026-01-28 16:03:08.185207,0x433b0098,13.26,61.25,5.75,-61,1769644980,2,2
2026-01-28 16:03:45.668846,0x433acb14,13.2575,62.5,2.5,-94,1769645017,3,3
2026-01-28 16:06:12.901669,0x433abf20,13.27625,73.75,4.0,-91,1769645164,3,2
2026-01-28 16:06:59.372076,0x433b0b38,13.26125,70.0,6.0,-72,1769645211,5,5
2026-01-28 16:08:47.471587,0x433acb14,13.2575,75.0,4.0,-92,1769645319,3,3
2026-01-28 16:09:09.659087,0x433aad0c,13.3375,60.0,5.25,-80,1769645341,3,3
2026-01-28 16:11:07.059760,0x433abf20,13.25625,133.75,5.5,-76,1769645458,3,3
2026-01-28 16:11:40.717497,0x433ad35c,13.285,76.25,7.25,-53,1769645492,3,3
2026-01-28 16:12:01.701060,0x433b0b38,13.26,71.25,6.0,-72,1769645513,5,5
2026-01-28 16:13:11.386238,0x433b0098,13.26125,61.25,5.75,-61,1769645583,2,2
2026-01-28 16:13:48.370391,0x433acb14,13.23375,128.75,3.5,-90,1769645620,3,3
2026-01-28 16:16:08.211108,0x433abf20,13.27875,62.5,5.5,-76,1769645760,3,3
2026-01-28 16:17:02.742506,0x433b0b38,13.26125,67.5,5.75,-72,1769645814,5,5
2026-01-28 16:18:48.939183,0x433acb14,13.26,66.25,4.25,-91,1769645920,3,3
2026-01-28 16:19:14.762845,0x433aad0c,13.32625,73.75,5.75,-80,1769645946,3,3
2026-01-28 16:21:43.737062,0x433ad35c,13.285,62.5,6.5,-54,1769646095,3,3
2026-01-28 16:22:04.837470,0x433b0b38,13.26625,60.0,6.0,-72,1769646116,5,5
2026-01-28 16:23:14.868985,0x433b0098,13.2525,71.25,6.0,-61,1769646186,2,2
2026-01-28 16:23:50.918987,0x433acb14,13.2575,65.0,3.5,-90,1769646222,3,3
2026-01-28 16:26:08.851445,0x433abf20,13.2775,66.25,5.25,-76,1769646360,3,3
2026-01-28 16:27:05.030616,0x433b0b38,13.26125,70.0,6.0,-72,1769646416,5,5
2026-01-28 16:28:51.317934,0x433acb14,13.2575,62.5,4.0,-92,1769646523,3,3
2026-01-28 16:29:11.741885,0x433aad0c,13.32125,61.25,5.0,-80,1769646543,3,3
2026-01-28 16:31:11.075796,0x433abf20,13.2775,63.75,5.5,-76,1769646662,3,3
2026-01-28 16:31:45.621774,0x433ad35c,13.28375,65.0,6.25,-54,1769646697,3,3
2026-01-28 16:32:06.038328,0x433b0b38,13.26125,66.25,6.0,-73,1769646717,5,5
2026-01-28 16:33:15.692669,0x433b0098,13.26,60.0,6.25,-62,1769646787,2,2
2026-01-28 16:33:52.891950,0x433acb14,13.2575,63.75,3.75,-91,1769646824,3,3
2026-01-28 16:34:35.610894,0x433af380,13.20875,82.5,5.75,-39,1769646867,3,3
2026-01-28 16:36:11.652257,0x433abf20,13.2775,61.25,5.75,-77,1769646963,3,3
2026-01-28 16:37:08.910359,0x433b0b38,13.265,61.25,6.0,-72,1769647020,5,5
2026-01-28 16:38:53.592763,0x433acb14,13.26,65.0,4.0,-93,1769647125,3,3
2026-01-28 16:39:15.738749,0x433aad0c,13.31375,62.5,5.5,-78,1769647147,3,3
2026-01-28 16:41:11.483243,0x433abf20,13.27875,61.25,5.5,-75,1769647263,3,3
2026-01-28 16:41:48.172238,0x433ad35c,13.2825,73.75,6.5,-54,1769647300,3,3
2026-01-28 16:42:10.142038,0x433b0b38,13.2625,73.75,6.25,-72,1769647321,5,5
2026-01-28 16:43:18.764734,0x433b0098,13.25875,61.25,6.25,-61,1769647390,2,2
2026-01-28 16:43:56.012352,0x433acb14,13.235,126.25,4.0,-92,1769647427,3,3
2026-01-28 16:46:14.567604,0x433abf20,13.275,75.0,5.75,-76,1769647566,3,3
2026-01-28 16:47:10.396261,0x433b0b38,13.26625,57.5,5.75,-72,1769647622,5,5
2026-01-28 16:48:56.354789,0x433acb14,13.2525,73.75,4.5,-89,1769647728,3,3
2026-01-28 16:49:17.666586,0x433aad0c,13.3025,71.25,5.5,-76,1769647749,3,3
2026-01-28 16:51:14.622448,0x433abf20,13.275,72.5,6.0,-75,1769647866,3,3
2026-01-28 16:51:54.551128,0x433ad35c,13.28125,75.0,6.25,-54,1769647906,3,3
2026-01-28 16:52:11.403333,0x433b0b38,13.265,55.0,5.75,-72,1769647923,5,5
2026-01-28 16:53:20.591793,0x433b0098,13.25375,73.75,6.0,-61,1769647992,2,2
2026-01-28 16:53:58.208028,0x433acb14,13.25125,77.5,5.0,-91,1769648030,3,3
2026-01-28 16:56:14.846070,0x433abf20,13.28,61.25,5.5,-75,1769648166,3,3
2026-01-28 16:57:12.575911,0x433b0b38,13.26625,58.75,6.0,-73,1769648224,5,5
2026-01-28 16:59:01.899264,0x433acb14,13.2575,65.0,5.5,-76,1769648333,3,2
2026-01-28 16:59:24.089098,0x433aad0c,13.3,63.75,5.0,-76,1769648355,3,3
2026-01-28 17:01:20.100728,0x433abf20,13.275,73.75,5.5,-76,1769648471,3,3
2026-01-28 17:01:53.333483,0x433ad35c,13.285,62.5,6.25,-53,1769648505,3,3
2026-01-28 17:02:15.707407,0x433b0b38,13.265,60.0,5.75,-72,1769648527,5,5
2026-01-28 04:03:10.737724,0x433abf20,13.27125,67.5,5.75,-75,1769601783,3,3
2026-01-28 04:04:08.026458,0x433b0b38,13.25375,63.75,6.0,-73,1769601841,5,5
2026-01-28 04:05:34.560896,0x433acb14,13.2525,66.25,5.0,-89,1769601927,3,3
2026-01-28 04:08:12.007234,0x433abf20,13.26625,73.75,6.25,-75,1769602085,3,3
2026-01-28 04:08:23.154090,0x433ad35c,13.27,63.75,6.25,-53,1769602096,3,3
2026-01-28 04:09:10.535936,0x433b0b38,13.25125,57.5,6.25,-73,1769602143,5,5
2026-01-28 04:10:22.438154,0x433b0098,13.24375,63.75,5.75,-61,1769602215,2,2
2026-01-28 04:10:34.240104,0x433acb14,13.25375,66.25,5.0,-89,1769602227,3,3
2026-01-28 04:13:12.591874,0x433abf20,13.26875,62.5,6.25,-74,1769602385,3,3
2026-01-28 04:14:11.199148,0x433b0b38,13.2525,63.75,6.0,-73,1769602444,5,5
2026-01-28 04:15:37.916058,0x433acb14,13.25375,61.25,4.75,-88,1769602531,3,3
2026-01-28 04:18:14.312802,0x433abf20,13.27125,61.25,6.0,-75,1769602687,3,3
2026-01-28 04:18:26.144092,0x433ad35c,13.27125,63.75,6.25,-53,1769602699,3,3
2026-01-28 04:19:12.382772,0x433b0b38,13.25,60.0,5.75,-72,1769602745,5,5
2026-01-28 04:20:23.954355,0x433b0098,13.245,60.0,7.25,-60,1769602817,2,2
2026-01-28 04:20:39.067647,0x433acb14,13.25375,66.25,4.25,-88,1769602832,3,3
2026-01-28 04:23:14.748877,0x433abf20,13.2675,60.0,5.75,-75,1769602987,3,3
2026-01-28 04:24:12.921259,0x433b0b38,13.25125,62.5,5.75,-73,1769603046,5,5
2026-01-28 04:25:39.952188,0x433acb14,13.25375,65.0,4.25,-88,1769603133,3,3
2026-01-28 04:28:16.881796,0x433abf20,13.27,61.25,6.0,-75,1769603289,3,3
2026-01-28 04:28:29.550757,0x433ad35c,13.2675,77.5,7.25,-52,1769603302,3,3
2026-01-28 04:29:15.607490,0x433b0b38,13.245,72.5,6.0,-72,1769603348,5,5
2026-01-28 04:30:27.749802,0x433b0098,13.24125,62.5,6.5,-60,1769603420,2,2
2026-01-28 04:30:40.954745,0x433acb14,13.24875,88.75,5.25,-89,1769603434,3,3
2026-01-28 04:32:37.460145,0x433af380,13.2,72.5,6.25,-38,1769603550,3,3
2026-01-28 04:33:17.509494,0x433abf20,13.26875,65.0,6.5,-74,1769603590,3,3
2026-01-28 04:34:15.458730,0x433b0b38,13.245,71.25,6.0,-72,1769603648,5,5
2026-01-28 04:35:42.258800,0x433acb14,13.25,68.75,4.5,-88,1769603735,3,3
2026-01-28 04:38:19.433227,0x433abf20,13.27,63.75,6.0,-75,1769603892,3,3
2026-01-28 04:38:32.791140,0x433ad35c,13.265,95.0,6.5,-53,1769603905,3,3
2026-01-28 04:39:16.713936,0x433b0b38,13.25125,62.5,5.75,-72,1769603949,5,5
2026-01-28 04:40:30.585729,0x433b0098,13.2375,73.75,6.25,-60,1769604023,2,2
2026-01-28 04:40:43.319486,0x433acb14,13.2525,76.25,5.25,-89,1769604036,3,3
2026-01-28 04:43:20.177284,0x433abf20,13.26,77.5,5.75,-74,1769604193,3,3
2026-01-28 04:44:17.980684,0x433b0b38,13.2525,58.75,6.0,-73,1769604251,5,5
2026-01-28 04:45:44.056369,0x433acb14,13.2475,73.75,4.75,-89,1769604337,3,3
2026-01-28 04:48:22.603407,0x433abf20,13.26625,68.75,6.0,-75,1769604495,3,3
2026-01-28 04:48:34.791118,0x433ad35c,13.26875,76.25,6.25,-54,1769604507,3,3
2026-01-28 04:49:20.288813,0x433b0b38,13.245,72.5,5.5,-72,1769604553,5,5
2026-01-28 04:50:33.538124,0x433b0098,13.23875,73.75,6.5,-60,1769604626,2,2
2026-01-28 04:50:46.721764,0x433acb14,13.2525,66.25,5.0,-89,1769604639,3,3
2026-01-28 04:53:24.165676,0x433abf20,13.27,65.0,6.0,-75,1769604797,3,3
2026-01-28 04:54:21.070021,0x433b0b38,13.25375,62.5,5.75,-73,1769604854,5,5
2026-01-28 04:55:47.325208,0x433acb14,13.25,67.5,4.75,-89,1769604940,3,3
2026-01-28 04:58:24.475085,0x433abf20,13.265,73.75,5.75,-75,1769605097,3,3
2026-01-28 04:58:37.827126,0x433ad35c,13.2675,76.25,6.25,-53,1769605110,3,3
2026-01-28 04:59:23.543803,0x433b0b38,13.2525,65.0,5.75,-73,1769605156,5,5
2026-01-28 05:00:34.498022,0x433b0098,13.2425,61.25,5.5,-61,1769605227,2,2
2026-01-28 05:00:48.395252,0x433acb14,13.2475,77.5,4.5,-90,1769605241,3,3
2026-02-01 01:07:15.496683,0x433abf20,13.2475,63.75,5.25,-76,1769936819,3,3
2026-02-01 01:08:20.141168,0x433b0098,13.22375,60.0,6.25,-59,1769936883,2,2
2026-02-01 01:08:46.255701,0x433b0b38,13.19375,61.25,6.0,-72,1769936909,5,5
2026-02-01 01:10:35.988640,0x433acb14,13.13625,65.0,6.0,-87,1769937019,3,3
2026-02-01 01:10:59.571473,0x433aad0c,13.25,63.75,6.25,-77,1769937043,3,3
2026-02-01 01:12:17.014260,0x433abf20,13.24375,75.0,5.5,-77,1769937120,3,3
2026-02-01 01:13:13.901335,0x433ad35c,13.13,75.0,7.5,-54,1769937177,3,3
2026-02-01 01:13:48.550295,0x433b0b38,13.19,76.25,5.5,-72,1769937212,5,5
2026-02-01 01:15:36.824564,0x433acb14,13.12875,75.0,5.5,-86,1769937320,3,3
2026-02-01 01:17:18.601679,0x433abf20,13.24375,76.25,5.75,-77,1769937422,3,3
2026-02-01 01:18:22.128661,0x433b0098,13.22375,58.75,6.25,-60,1769937485,2,2
2026-02-01 01:18:49.893572,0x433b0b38,13.18625,76.25,5.75,-73,1769937513,5,5
2026-02-01 01:20:38.944098,0x433acb14,13.13375,62.5,5.5,-85,1769937622,3,3
2026-02-01 01:21:00.948076,0x433aad0c,13.2475,60.0,5.75,-76,1769937644,3,3
2026-02-01 01:22:24.956130,0x433abf20,13.24625,63.75,6.0,-76,1769937728,3,3
2026-02-01 01:23:18.183709,0x433ad35c,13.1275,67.5,7.0,-54,1769937781,3,3
2026-02-01 01:23:51.219908,0x433b0b38,13.1875,75.0,6.0,-71,1769937814,5,5
2026-02-01 01:25:41.896563,0x433acb14,13.13125,76.25,4.0,-88,1769937925,3,3
2026-02-01 01:27:19.663810,0x433abf20,13.2425,76.25,5.0,-77,1769938023,3,3
2026-02-01 01:28:23.465191,0x433b0098,13.2225,58.75,6.75,-60,1769938087,2,2
2026-02-01 01:28:52.813407,0x433b0b38,13.19125,65.0,5.75,-71,1769938116,5,5
2026-02-01 01:30:40.554505,0x433acb14,13.13375,65.0,5.75,-86,1769938224,3,3
2026-02-01 01:31:02.668365,0x433aad0c,13.2425,71.25,5.25,-77,1769938246,3,3
2026-02-01 01:32:22.431403,0x433abf20,13.2425,72.5,5.5,-76,1769938326,3,3
2026-02-01 01:33:19.343260,0x433ad35c,13.12875,76.25,6.25,-53,1769938382,3,3
2026-02-01 01:33:53.005817,0x433b0b38,13.18375,87.5,5.75,-72,1769938416,5,5
2026-02-01 01:35:42.834792,0x433acb14,13.13375,60.0,6.0,-86,1769938526,3,3
2026-02-01 01:37:19.239299,0x433abf20,13.2425,72.5,6.25,-77,1769938622,3,3
2026-02-01 01:38:26.202227,0x433b0098,13.21625,71.25,6.25,-60,1769938689,2,2
2026-02-01 01:38:59.189465,0x433b0b38,13.19375,66.25,6.0,-72,1769938722,5,5
2026-02-01 01:40:42.256152,0x433acb14,13.13125,76.25,5.75,-85,1769938825,3,3
2026-02-01 01:41:05.428890,0x433aad0c,13.24375,65.0,5.75,-77,1769938849,3,3
2026-02-01 01:42:23.844584,0x433abf20,13.24125,73.75,5.5,-76,1769938927,3,3
2026-02-01 01:43:25.848125,0x433ad35c,13.12625,73.75,3.5,-54,1769938989,3,3
2026-02-01 01:44:01.490493,0x433b0b38,13.185,70.0,5.75,-72,1769939025,5,5
2026-02-01 01:45:19.877101,0x433af380,13.05,73.75,6.5,-38,1769939103,3,3
2026-02-01 01:45:43.523779,0x433acb14,13.12875,73.75,4.75,-86,1769939127,3,3
2026-02-01 01:47:21.902133,0x433abf20,13.24125,75.0,5.25,-77,1769939225,3,3
2026-02-01 01:48:27.385736,0x433b0098,13.21625,72.5,6.75,-60,1769939290,2,2
2026-02-01 01:48:59.064426,0x433b0b38,13.185,73.75,6.0,-72,1769939322,5,5
2026-02-01 01:50:44.956197,0x433acb14,13.1325,66.25,6.0,-87,1769939428,3,3
2026-02-01 01:51:08.592215,0x433aad0c,13.245,62.5,5.5,-75,1769939452,3,3
2026-02-01 01:53:29.084622,0x433ad35c,13.125,72.5,6.75,-54,1769939592,3,3
2026-02-01 01:53:58.785676,0x433b0b38,13.1925,65.0,5.75,-72,1769939622,5,5
2026-02-01 01:55:47.357621,0x433acb14,13.13,75.0,5.75,-86,1769939730,3,3
2026-02-01 01:57:24.887116,0x433abf20,13.24125,76.25,5.5,-77,1769939828,3,3
2026-02-01 01:58:30.236305,0x433b0098,13.2175,72.5,6.0,-59,1769939893,2,2
2026-02-01 01:59:00.116166,0x433b0b38,13.18625,68.75,6.0,-72,1769939923,5,5
2026-02-01 02:00:47.977424,0x433acb14,13.135,67.5,5.25,-86,1769940031,3,3
2026-02-01 02:01:11.117561,0x433aad0c,13.245,62.5,5.25,-76,1769940054,3,3
2026-02-01 02:02:26.020281,0x433abf20,13.2425,76.25,5.25,-76,1769940129,3,3
2026-02-01 02:03:28.339021,0x433ad35c,13.1225,76.25,6.0,-55,1769940191,3,3
2026-02-01 02:04:02.245723,0x433b0b38,13.18875,63.75,6.5,-72,1769940225,5,5
2026-02-01 02:05:50.934077,0x433acb14,13.1275,75.0,6.0,-86,1769940334,3,3
2026-01-30 01:05:53.909101,0x433b0b38,13.2375,63.75,6.0,-73,1769763942,5,5
2026-01-30 01:07:40.556289,0x433acb14,13.2,67.5,5.5,-85,1769764049,3,3
2026-01-30 01:07:41.153356,0x433abf20,13.255,65.0,5.75,-75,1769764049,3,3
2026-01-30 01:08:04.806522,0x433aad0c,13.24625,75.0,5.75,-76,1769764073,3,3
2026-01-30 01:09:25.864686,0x433b0098,13.2275,65.0,6.25,-60,1769764154,2,2
2026-01-30 01:10:23.685464,0x433ad35c,13.245,72.5,5.75,-54,1769764212,3,3
2026-01-30 01:10:54.267692,0x433b0b38,13.2375,62.5,5.75,-72,1769764243,5,5
2026-01-30 01:12:41.523044,0x433acb14,13.1975,63.75,6.25,-86,1769764350,3,3
2026-01-30 01:12:44.492587,0x433abf20,13.25,75.0,5.5,-75,1769764353,3,3
2026-01-30 01:15:56.904217,0x433b0b38,13.23,68.75,5.75,-73,1769764545,5,5
2026-01-30 01:17:41.980125,0x433acb14,13.19625,65.0,6.0,-86,1769764650,3,3
2026-01-30 01:17:45.311617,0x433abf20,13.2525,66.25,5.5,-75,1769764654,3,3
2026-01-30 01:18:07.747863,0x433aad0c,13.2475,75.0,5.5,-75,1769764676,3,3
2026-01-30 01:19:30.386108,0x433b0098,13.22625,58.75,5.75,-61,1769764759,2,2
2026-01-30 01:20:27.049061,0x433ad35c,13.2475,62.5,6.25,-54,1769764815,3,3
2026-01-30 01:20:57.440769,0x433b0b38,13.20625,135.0,5.75,-72,1769764846,5,5
2026-01-30 01:22:44.573787,0x433acb14,13.195,63.75,6.25,-86,1769764953,3,3
2026-01-30 01:22:47.732560,0x433abf20,13.2525,63.75,5.5,-74,1769764956,3,3
2026-01-30 01:25:58.407874,0x433b0b38,13.23125,75.0,5.5,-72,1769765147,5,5
2026-01-30 01:27:45.720182,0x433acb14,13.19375,72.5,5.0,-86,1769765254,3,3
2026-01-30 01:27:48.254629,0x433abf20,13.25375,65.0,5.75,-75,1769765256,3,3
2026-01-30 01:28:09.620670,0x433aad0c,13.24875,63.75,5.5,-77,1769765278,3,3
2026-01-30 01:29:31.299403,0x433b0098,13.22625,58.75,5.75,-60,1769765360,2,2
2026-01-30 01:30:29.465285,0x433ad35c,13.245,77.5,5.75,-53,1769765418,3,3
2026-01-30 01:30:58.824564,0x433b0b38,13.22875,70.0,5.75,-72,1769765447,5,5
2026-01-30 01:32:48.232409,0x433abf20,13.25375,66.25,5.5,-75,1769765556,3,3
2026-01-30 01:32:53.924829,0x433acb14,13.19,77.5,5.5,-86,1769765562,3,3
2026-01-30 01:36:07.768123,0x433b0b38,13.23,70.0,5.75,-73,1769765756,5,5
2026-01-30 01:37:47.155361,0x433acb14,13.195,61.25,5.75,-86,1769765855,3,3
2026-01-30 01:37:50.170785,0x433abf20,13.25375,66.25,5.5,-75,1769765858,3,3
2026-01-30 01:38:12.672092,0x433aad0c,13.24875,62.5,5.5,-76,1769765881,3,3
2026-01-30 01:38:54.397797,0x433af380,13.16875,67.5,7.0,-38,1769765923,3,3
2026-01-30 01:39:30.912449,0x433b0098,13.22625,65.0,6.0,-60,1769765959,2,2
2026-01-30 01:40:32.355142,0x433ad35c,13.2425,72.5,6.25,-54,1769766021,3,3
2026-01-30 01:41:05.441556,0x433b0b38,13.23,72.5,5.5,-73,1769766054,5,5
2026-01-30 01:42:48.891220,0x433acb14,13.1925,78.75,6.0,-86,1769766157,3,3
2026-01-30 01:42:51.767271,0x433abf20,13.2525,61.25,5.75,-75,1769766160,3,3
2026-01-30 01:46:05.214493,0x433b0b38,13.2325,58.75,5.25,-72,1769766353,5,5
2026-01-30 01:47:49.842944,0x433abf20,13.25125,66.25,5.75,-75,1769766458,3,3
2026-01-30 01:47:53.716799,0x433acb14,13.195,65.0,5.75,-87,1769766462,3,3
2026-01-30 01:48:14.381367,0x433aad0c,13.24625,72.5,5.25,-76,1769766483,3,3
2026-01-30 01:49:32.432646,0x433b0098,13.22625,63.75,5.75,-60,1769766561,2,2
2026-01-30 01:50:36.655846,0x433ad35c,13.245,63.75,6.0,-54,1769766625,3,3
2026-01-30 01:51:08.356588,0x433b0b38,13.2325,63.75,6.0,-73,1769766657,5,5
2026-01-30 01:52:52.323058,0x433abf20,13.24875,77.5,5.25,-74,1769766760,3,3
2026-01-30 01:52:56.732595,0x433acb14,13.195,66.25,6.0,-85,1769766765,3,3
2026-01-30 01:56:07.327887,0x433b0b38,13.2275,76.25,6.0,-73,1769766955,5,5
2026-01-30 01:57:51.385472,0x433abf20,13.24875,71.25,5.75,-76,1769767060,3,3
2026-01-30 01:57:55.427707,0x433acb14,13.19625,66.25,5.25,-85,1769767064,3,3
2026-01-30 01:58:20.014662,0x433aad0c,13.24375,75.0,5.25,-76,1769767088,3,3
2026-01-30 01:59:34.978947,0x433b0098,13.22375,58.75,6.5,-59,1769767163,2,2
2026-01-30 02:00:37.903283,0x433ad35c,13.225,143.75,6.25,-54,1769767226,3,3
2026-01-30 02:01:07.662958,0x433b0b38,13.23,76.25,5.75,-73,1769767256,5,5
2026-01-30 02:02:51.911477,0x433abf20,13.2475,76.25,5.75,-76,1769767360,3,3
2026-01-30 02:02:57.906987,0x433acb14,13.18875,78.75,5.5,-86,1769767366,3,3
2026-01-31 18:06:53.140047,0x433b0b38,13.23125,73.75,5.75,-72,1769911597,5,5
2026-01-31 18:06:55.760489,0x433b0098,13.21875,117.5,6.0,-60,1769911600,2,2
2026-01-31 18:08:38.996044,0x433acb14,13.17,77.5,4.0,-91,1769911703,3,3
2026-01-31 18:09:04.527631,0x433aad0c,13.2675,73.75,5.75,-76,1769911728,3,3
2026-01-31 18:10:47.367043,0x433abf20,13.26875,63.75,5.5,-75,1769911831,3,3
2026-01-31 18:11:25.489269,0x433ad35c,13.18625,72.5,6.0,-53,1769911869,3,3
2026-01-31 18:11:54.771118,0x433b0b38,13.235,63.75,6.0,-72,1769911899,5,5
2026-01-31 18:13:40.488511,0x433acb14,13.17125,77.5,3.5,-91,1769912004,3,3
2026-01-31 18:15:49.003284,0x433abf20,13.26875,61.25,5.75,-76,1769912133,3,3
2026-01-31 18:16:54.851314,0x433b0b38,13.235,62.5,6.5,-72,1769912199,5,5
2026-01-31 18:16:58.722705,0x433b0098,13.2525,62.5,6.5,-61,1769912203,2,2
2026-01-31 18:18:41.839845,0x433acb14,13.16875,73.75,4.0,-92,1769912306,3,3
2026-01-31 18:19:07.105851,0x433aad0c,13.2675,72.5,5.75,-76,1769912331,3,3
2026-01-31 18:20:49.236791,0x433abf20,13.26375,63.75,5.5,-76,1769912433,3,3
2026-01-31 18:21:27.874459,0x433ad35c,13.185,75.0,6.5,-52,1769912472,3,3
2026-01-31 18:21:57.003598,0x433b0b38,13.22875,70.0,6.25,-72,1769912501,5,5
2026-01-31 18:23:42.879377,0x433acb14,13.17125,78.75,3.75,-91,1769912607,3,3
2026-01-31 18:25:50.180634,0x433abf20,13.26625,75.0,5.5,-76,1769912734,3,3
2026-01-31 18:26:59.065966,0x433b0b38,13.23375,61.25,6.0,-72,1769912803,5,5
2026-01-31 18:27:03.945543,0x433b0098,13.25125,61.25,6.25,-61,1769912808,2,2
2026-01-31 18:28:43.729474,0x433acb14,13.16625,65.0,3.25,-91,1769912908,3,3
2026-01-31 18:29:10.568008,0x433aad0c,13.26875,75.0,5.5,-75,1769912934,3,3
2026-01-31 18:30:50.058811,0x433abf20,13.26375,78.75,5.5,-76,1769913034,3,3
2026-01-31 18:31:29.913897,0x433ad35c,13.18625,62.5,6.25,-54,1769913074,3,3
2026-01-31 18:31:59.750753,0x433b0b38,13.22875,72.5,6.0,-72,1769913104,5,5
2026-01-31 18:33:46.331430,0x433acb14,13.16875,72.5,3.5,-90,1769913210,3,3
2026-01-31 18:35:50.654384,0x433abf20,13.27125,65.0,5.5,-76,1769913335,3,3
2026-01-31 18:37:01.941889,0x433b0b38,13.2275,68.75,6.0,-71,1769913406,5,5
2026-01-31 18:37:05.251793,0x433b0098,13.25,61.25,6.25,-60,1769913409,2,2
2026-01-31 18:38:47.123776,0x433acb14,13.17375,67.5,3.25,-90,1769913511,3,3
2026-01-31 18:39:16.800250,0x433aad0c,13.27125,61.25,5.5,-76,1769913541,3,3
2026-01-31 18:40:51.672028,0x433abf20,13.26625,71.25,5.5,-76,1769913636,3,3
2026-01-31 18:41:33.323358,0x433ad35c,13.18125,77.5,6.0,-53,1769913677,3,3
2026-01-31 18:42:03.068691,0x433b0b38,13.23125,65.0,5.75,-72,1769913707,5,5
2026-01-31 18:43:48.471235,0x433acb14,13.16875,71.25,4.5,-90,1769913812,3,3
2026-01-31 18:44:26.703750,0x433af380,13.12875,78.75,6.5,-39,1769913851,3,3
2026-01-31 18:45:51.955399,0x433abf20,13.27,65.0,5.5,-76,1769913936,3,3
2026-01-31 18:47:04.816243,0x433b0b38,13.23375,66.25,6.0,-72,1769914009,5,5
2026-01-31 18:47:07.134091,0x433b0098,13.24,78.75,6.25,-60,1769914011,2,2
2026-01-31 18:48:49.954850,0x433acb14,13.1675,75.0,4.25,-89,1769914114,3,3
2026-01-31 18:49:16.040937,0x433aad0c,13.2675,73.75,5.5,-75,1769914140,3,3
2026-01-31 18:50:52.922413,0x433abf20,13.24875,122.5,5.5,-77,1769914237,3,3
2026-01-31 18:51:35.674491,0x433ad35c,13.1825,65.0,6.0,-53,1769914280,3,3
2026-01-31 18:52:05.745020,0x433b0b38,13.22875,72.5,6.0,-72,1769914310,5,5
2026-01-31 18:53:50.857557,0x433acb14,13.1725,66.25,4.25,-91,1769914415,3,3
2026-01-31 18:55:53.237447,0x433abf20,13.26625,75.0,6.0,-76,1769914537,3,3
2026-01-31 18:57:06.018964,0x433b0b38,13.22875,75.0,5.75,-72,1769914610,5,5
2026-01-31 18:57:09.433022,0x433b0098,13.2425,72.5,6.0,-61,1769914613,2,2
2026-01-31 18:58:51.356595,0x433acb14,13.17,62.5,4.5,-90,1769914715,3,3
2026-01-31 18:59:18.177661,0x433aad0c,13.27125,61.25,5.5,-76,1769914742,3,3
2026-01-31 19:00:55.794718,0x433abf20,13.265,75.0,6.0,-77,1769914840,3,3
2026-01-31 19:01:39.948402,0x433ad35c,13.1825,66.25,5.75,-53,1769914884,3,3
2026-01-31 19:02:07.470160,0x433b0b38,13.23125,62.5,6.25,-72,1769914911,5,5
2026-01-31 19:03:54.279328,0x433acb14,13.16875,76.25,4.25,-90,1769915018,3,3
2026-01-31 19:05:57.487766,0x433abf20,13.26625,63.75,5.25,-76,1769915141,3,3
2026-01-26 16:00:48.890272,0x433acb14,13.27125,137.5,2.0,-95,1769472045,3,3
2026-01-26 16:01:14.866324,0x433b0098,13.26,72.5,6.0,-61,1769472071,2,2
2026-01-26 16:03:54.094859,0x433abf20,13.275,75.0,5.5,-75,1769472230,3,3
2026-01-26 16:04:35.110095,0x433b0b38,13.2725,62.5,5.75,-73,1769472271,5,5
2026-01-26 16:05:49.175726,0x433acb14,13.295,72.5,2.5,-95,1769472345,3,3
2026-01-26 16:08:44.746227,0x433ad35c,13.28625,71.25,5.75,-53,1769472521,3,3
2026-01-26 16:08:57.214936,0x433abf20,13.275,72.5,5.25,-76,1769472533,3,3
2026-01-26 16:09:36.404275,0x433b0b38,13.2675,75.0,6.25,-73,1769472572,5,5
2026-01-26 16:10:51.365557,0x433acb14,13.29625,80.0,1.75,-95,1769472647,3,3
2026-01-26 16:11:16.659021,0x433b0098,13.26625,57.5,6.5,-62,1769472673,2,2
2026-01-26 16:13:58.549566,0x433abf20,13.27625,71.25,5.25,-76,1769472835,3,3
2026-01-26 16:14:38.044972,0x433b0b38,13.27125,58.75,5.75,-73,1769472874,5,5
2026-01-26 16:15:51.698435,0x433acb14,13.29,95.0,2.5,-95,1769472948,3,3
2026-01-26 16:18:48.055456,0x433ad35c,13.28625,73.75,6.25,-55,1769473124,3,3
2026-01-26 16:18:59.389093,0x433abf20,13.27875,71.25,5.75,-75,1769473135,3,3
2026-01-26 16:19:38.393933,0x433b0b38,13.27375,61.25,5.5,-73,1769473174,5,5
2026-01-26 16:20:55.914614,0x433acb14,13.3,62.5,2.0,-95,1769473252,3,3
2026-01-26 16:21:18.119193,0x433b0098,13.26,72.5,6.75,-62,1769473274,2,2
2026-01-26 16:23:59.169196,0x433abf20,13.2775,62.5,5.25,-76,1769473435,3,3
2026-01-26 16:24:40.067769,0x433b0b38,13.27375,62.5,6.0,-74,1769473476,5,5
2026-01-26 16:25:57.801318,0x433acb14,13.2975,66.25,3.25,-92,1769473554,3,3
2026-01-26 16:26:04.490333,0x433af380,13.23625,71.25,6.5,-39,1769473561,3,3
2026-01-26 16:28:50.534172,0x433ad35c,13.2875,76.25,6.25,-53,1769473727,3,3
2026-01-26 16:29:02.333773,0x433abf20,13.275,73.75,5.75,-76,1769473738,3,3
2026-01-26 16:29:40.957991,0x433b0b38,13.26,81.25,6.0,-73,1769473777,5,5
2026-01-26 16:30:56.959892,0x433acb14,13.295,77.5,2.75,-93,1769473853,3,3
2026-01-26 16:31:19.792739,0x433b0098,13.265,62.5,6.5,-62,1769473876,2,2
2026-01-26 16:34:03.165409,0x433abf20,13.27625,76.25,5.75,-76,1769474039,3,3
2026-01-26 16:34:43.014640,0x433b0b38,13.27375,60.0,6.0,-73,1769474079,5,5
2026-01-26 16:35:58.856422,0x433acb14,13.29625,76.25,4.0,-92,1769474155,3,3
2026-01-26 16:38:53.102227,0x433ad35c,13.29125,63.75,6.25,-54,1769474329,3,3
2026-01-26 16:39:06.765364,0x433abf20,13.27875,62.5,5.75,-76,1769474343,3,3
2026-01-26 16:39:43.535717,0x433b0b38,13.27,68.75,6.0,-73,1769474380,5,5
2026-01-26 16:40:58.843166,0x433acb14,13.2975,73.75,3.25,-92,1769474455,3,3
2026-01-26 16:41:20.987586,0x433b0098,13.26625,60.0,6.25,-62,1769474477,2,2
2026-01-26 16:44:04.540225,0x433abf20,13.27875,65.0,5.75,-75,1769474641,3,3
2026-01-26 16:44:47.618303,0x433b0b38,13.275,60.0,5.75,-73,1769474684,5,5
2026-01-26 16:46:00.027254,0x433acb14,13.2975,60.0,3.5,-92,1769474756,3,3
2026-01-26 16:48:55.058053,0x433ad35c,13.29,63.75,6.75,-53,1769474931,3,3
2026-01-26 16:49:06.616211,0x433abf20,13.28,63.75,5.5,-76,1769474943,3,3
2026-01-26 16:49:49.268516,0x433b0b38,13.27375,60.0,5.75,-73,1769474985,5,5
2026-01-26 16:51:07.063808,0x433acb14,13.295,73.75,4.0,-91,1769475063,3,3
2026-01-26 16:51:23.227239,0x433b0098,13.26125,73.75,5.75,-62,1769475079,2,2
2026-01-26 16:54:07.200670,0x433abf20,13.2775,73.75,6.0,-75,1769475243,3,3
2026-01-26 16:54:48.861964,0x433b0b38,13.27,71.25,5.75,-72,1769475285,5,5
2026-01-26 16:56:06.697082,0x433acb14,13.29625,73.75,3.75,-92,1769475363,3,3
2026-01-26 16:58:58.507500,0x433ad35c,13.29125,63.75,6.0,-53,1769475535,3,3
2026-01-26 16:59:08.286267,0x433abf20,13.28,61.25,5.5,-76,1769475544,3,3
2026-01-26 16:59:49.037832,0x433b0b38,13.275,63.75,5.75,-73,1769475585,5,5
2026-01-30 19:05:12.230427,0x433ad35c,13.2575,65.0,6.0,-53,1769828699,3,3
2026-01-30 19:05:39.425057,0x433b0b38,13.25625,65.0,6.0,-73,1769828726,5,5
2026-01-30 19:06:04.106404,0x433abf20,13.26625,75.0,5.75,-76,1769828750,3,3
2026-01-30 19:07:28.733413,0x433acb14,13.1925,76.25,4.5,-89,1769828835,3,3
2026-01-30 19:10:41.372699,0x433b0b38,13.2275,123.75,5.5,-72,1769829028,5,5
2026-01-30 19:11:04.199296,0x433abf20,13.26875,62.5,6.0,-76,1769829051,3,3
2026-01-30 19:12:29.362216,0x433acb14,13.19625,62.5,4.75,-90,1769829136,3,3
2026-01-30 19:12:44.673964,0x433b0098,13.24875,61.25,6.25,-61,1769829151,2,2
2026-01-30 19:12:55.427600,0x433aad0c,13.27,58.75,5.5,-76,1769829162,3,3
2026-01-30 19:15:16.379369,0x433ad35c,13.25625,65.0,6.0,-53,1769829303,3,3
2026-01-30 19:15:47.345362,0x433b0b38,13.2525,58.75,6.25,-73,1769829334,5,5
2026-01-30 19:16:04.970308,0x433abf20,13.27,63.75,5.5,-76,1769829351,3,3
2026-01-30 19:17:30.903888,0x433acb14,13.1975,66.25,5.0,-90,1769829437,3,3
2026-01-30 19:20:44.358777,0x433b0b38,13.25375,57.5,6.0,-72,1769829631,5,5
2026-01-30 19:21:05.641849,0x433abf20,13.26875,61.25,5.5,-76,1769829652,3,3
2026-01-30 19:22:34.356221,0x433acb14,13.195,62.5,5.25,-90,1769829741,3,3
2026-01-30 19:22:47.298402,0x433b0098,13.2175,118.75,6.25,-60,1769829754,2,2
2026-01-30 19:22:57.329734,0x433aad0c,13.27,62.5,5.25,-75,1769829764,3,3
2026-01-30 19:25:18.310453,0x433ad35c,13.255,66.25,5.75,-53,1769829905,3,3
2026-01-30 19:25:48.262883,0x433b0b38,13.2525,61.25,6.0,-72,1769829935,5,5
2026-01-30 19:26:06.152114,0x433abf20,13.265,71.25,5.5,-77,1769829952,3,3
2026-01-30 19:27:33.472270,0x433acb14,13.195,63.75,5.0,-89,1769830040,3,3
2026-01-30 19:30:48.135017,0x433b0b38,13.2525,61.25,5.5,-72,1769830234,5,5
2026-01-30 19:31:06.557943,0x433abf20,13.265,72.5,5.5,-76,1769830253,3,3
2026-01-30 19:32:35.816669,0x433acb14,13.17125,128.75,4.75,-89,1769830342,3,3
2026-01-30 19:32:51.060459,0x433b0098,13.2475,75.0,6.25,-61,1769830357,2,2
2026-01-30 19:33:00.441388,0x433aad0c,13.265,73.75,5.25,-76,1769830367,3,3
2026-01-30 19:35:20.279206,0x433ad35c,13.25125,72.5,5.75,-54,1769830507,3,3
2026-01-30 19:35:48.299836,0x433b0b38,13.2525,60.0,5.75,-73,1769830535,5,5
2026-01-30 19:36:07.490991,0x433abf20,13.26625,60.0,5.75,-76,1769830554,3,3
2026-01-30 19:37:37.450104,0x433acb14,13.18875,75.0,4.75,-89,1769830644,3,3
2026-01-30 19:40:49.328024,0x433b0b38,13.25125,60.0,6.0,-72,1769830836,5,5
2026-01-30 19:41:08.797347,0x433abf20,13.2625,65.0,5.5,-76,1769830855,3,3
2026-01-30 19:41:28.816489,0x433af380,13.205,71.25,6.25,-38,1769830875,3,3
2026-01-30 19:42:37.353100,0x433acb14,13.18625,72.5,5.0,-89,1769830944,3,3
2026-01-30 19:42:52.208136,0x433b0098,13.2475,62.5,6.0,-61,1769830958,2,2
2026-01-30 19:43:02.959835,0x433aad0c,13.26625,60.0,5.5,-76,1769830969,3,3
2026-01-30 19:45:23.731535,0x433ad35c,13.25125,65.0,6.75,-53,1769831110,3,3
2026-01-30 19:45:53.581664,0x433b0b38,13.2475,72.5,5.75,-72,1769831140,5,5
2026-01-30 19:46:08.642185,0x433abf20,13.2675,62.5,5.5,-77,1769831155,3,3
2026-01-30 19:47:39.544043,0x433acb14,13.1925,63.75,4.25,-89,1769831246,3,3
2026-01-30 19:50:51.869714,0x433b0b38,13.25,70.0,6.25,-73,1769831438,5,5
2026-01-30 19:51:10.428420,0x433abf20,13.26375,75.0,5.75,-76,1769831457,3,3
2026-01-30 19:52:40.677840,0x433acb14,13.19125,62.5,4.75,-90,1769831547,3,3
2026-01-30 19:52:54.495392,0x433b0098,13.2475,63.75,6.75,-61,1769831561,2,2
2026-01-30 19:53:04.733766,0x433aad0c,13.2675,62.5,5.5,-75,1769831571,3,3
2026-01-30 19:55:26.765297,0x433ad35c,13.25,65.0,6.0,-53,1769831713,3,3
2026-01-30 19:55:58.025347,0x433b0b38,13.2475,75.0,6.25,-73,1769831744,5,5
2026-01-30 19:56:10.162694,0x433abf20,13.26375,75.0,5.5,-76,1769831756,3,3
2026-01-30 19:57:41.150356,0x433acb14,13.19125,66.25,5.0,-89,1769831847,3,3
2026-01-30 20:00:57.609830,0x433b0b38,13.24625,73.75,6.0,-73,1769832044,5,5
2026-01-30 20:01:10.565203,0x433abf20,13.27,61.25,5.5,-76,1769832057,3,3
2026-01-30 20:02:42.410694,0x433acb14,13.18625,77.5,4.5,-89,1769832149,3,3
2026-01-30 20:02:56.606707,0x433b0098,13.24625,63.75,6.75,-60,1769832163,2,2
2026-01-30 20:03:07.976591,0x433aad0c,13.26625,62.5,5.5,-75,1769832174,3,3
2026-01-29 17:05:28.484630,0x433acb14,13.2375,83.75,3.75,-92,1769735117,3,3
2026-01-29 17:05:53.086029,0x433aad0c,13.275,61.25,5.25,-76,1769735142,3,3
2026-01-29 17:06:14.254925,0x433abf20,13.27375,66.25,5.25,-74,1769735163,3,3
2026-01-29 17:07:59.304675,0x433b0098,13.25625,61.25,6.0,-62,1769735268,2,2
2026-01-29 17:08:18.635616,0x433ad35c,13.27875,73.75,6.75,-53,1769735288,3,3
2026-01-29 17:08:42.636806,0x433b0b38,13.26375,58.75,6.25,-72,1769735312,5,5
2026-01-29 17:10:30.566750,0x433acb14,13.24375,65.0,3.5,-92,1769735420,3,3
2026-01-29 17:11:14.465407,0x433abf20,13.26875,73.75,7.0,-74,1769735463,3,3
2026-01-29 17:13:44.945573,0x433b0b38,13.26125,75.0,6.25,-73,1769735614,5,5
2026-01-29 17:15:32.445441,0x433acb14,13.24375,62.5,3.25,-91,1769735721,3,3
2026-01-29 17:15:57.691370,0x433aad0c,13.27,72.5,5.75,-76,1769735747,3,3
2026-01-29 17:16:14.999629,0x433abf20,13.27375,65.0,6.25,-75,1769735764,3,3
2026-01-29 17:18:02.078095,0x433b0098,13.2575,62.5,6.5,-61,1769735871,2,2
2026-01-29 17:18:21.968825,0x433ad35c,13.28375,65.0,6.5,-54,1769735891,3,3
2026-01-29 17:18:45.190386,0x433b0b38,13.26,71.25,6.75,-71,1769735914,5,5
2026-01-29 17:20:32.381465,0x433acb14,13.24375,66.25,3.75,-91,1769736021,3,3
2026-01-29 17:21:15.568262,0x433abf20,13.27375,62.5,5.75,-74,1769736065,3,3
2026-01-29 17:23:47.844023,0x433b0b38,13.25875,76.25,6.25,-72,1769736217,5,5
2026-01-29 17:25:40.713043,0x433acb14,13.2425,63.75,3.75,-92,1769736330,3,3
2026-01-29 17:26:00.984214,0x433aad0c,13.27125,75.0,5.25,-76,1769736350,3,3
2026-01-29 17:26:16.937825,0x433abf20,13.26875,72.5,7.25,-75,1769736366,3,3
2026-01-29 17:28:04.696918,0x433b0098,13.2525,73.75,5.75,-62,1769736474,2,2
2026-01-29 17:28:23.722587,0x433ad35c,13.2825,63.75,5.75,-54,1769736493,3,3
2026-01-29 17:28:49.054427,0x433b0b38,13.25875,73.75,6.0,-72,1769736518,5,5
2026-01-29 17:30:37.228907,0x433acb14,13.24125,65.0,4.0,-91,1769736626,3,3
2026-01-29 17:31:18.225943,0x433abf20,13.27375,65.0,7.25,-74,1769736667,3,3
2026-01-29 17:33:49.006544,0x433b0b38,13.25875,73.75,6.5,-72,1769736818,5,5
2026-01-29 17:35:39.562896,0x433acb14,13.24,60.0,3.25,-90,1769736929,3,3
2026-01-29 17:36:02.589541,0x433aad0c,13.275,62.5,5.5,-76,1769736952,3,3
2026-01-29 17:36:17.140787,0x433abf20,13.2725,73.75,6.5,-75,1769736966,3,3
2026-01-29 17:37:59.767035,0x433af380,13.21125,76.25,6.25,-39,1769737069,3,3
2026-01-29 17:38:07.471626,0x433b0098,13.25875,62.5,6.0,-61,1769737076,2,2
2026-01-29 17:38:27.185200,0x433ad35c,13.2775,76.25,6.5,-54,1769737096,3,3
2026-01-29 17:38:50.653198,0x433b0b38,13.2625,76.25,7.0,-71,1769737120,5,5
2026-01-29 17:40:39.442618,0x433acb14,13.24125,66.25,3.5,-90,1769737228,3,3
2026-01-29 17:41:17.759217,0x433abf20,13.27,72.5,6.75,-74,1769737267,3,3
2026-01-29 17:43:54.477978,0x433b0b38,13.265,62.5,6.0,-72,1769737423,5,5
2026-01-29 17:45:40.184335,0x433acb14,13.23875,76.25,3.5,-91,1769737529,3,3
2026-01-29 17:46:04.335425,0x433aad0c,13.2725,75.0,5.75,-76,1769737553,3,3
2026-01-29 17:46:19.128306,0x433abf20,13.27,73.75,6.0,-74,1769737568,3,3
2026-01-29 17:48:08.141730,0x433b0098,13.25125,72.5,6.0,-60,1769737677,2,2
2026-01-29 17:48:29.973016,0x433ad35c,13.28125,66.25,6.25,-53,1769737699,3,3
2026-01-29 17:48:54.104884,0x433b0b38,13.26375,60.0,6.0,-71,1769737723,5,5
2026-01-29 17:50:40.798599,0x433acb14,13.2425,67.5,3.5,-90,1769737830,3,3
2026-01-29 17:51:19.828960,0x433abf20,13.27625,60.0,6.75,-74,1769737869,3,3
2026-01-29 17:53:55.369175,0x433b0b38,13.265,65.0,7.25,-72,1769738024,5,5
2026-01-29 17:55:41.625008,0x433acb14,13.23875,65.0,3.0,-91,1769738131,3,3
2026-01-29 17:56:08.652797,0x433aad0c,13.27375,62.5,5.75,-76,1769738158,3,3
2026-01-29 17:56:19.249477,0x433abf20,13.2725,62.5,6.25,-74,1769738168,3,3
2026-01-29 17:58:14.086242,0x433b0098,13.2575,60.0,6.25,-61,1769738283,2,2
2026-01-29 17:58:32.521644,0x433ad35c,13.2775,65.0,5.5,-53,1769738301,3,3
2026-01-29 17:58:56.900418,0x433b0b38,13.265,63.75,6.0,-72,1769738326,5,5
2026-01-29 18:00:42.880383,0x433acb14,13.235,78.75,3.75,-91,1769738432,3,3
2026-01-29 18:01:21.116964,0x433abf20,13.2725,63.75,6.0,-75,1769738470,3,3
2026-01-29 18:03:57.310828,0x433b0b38,13.26375,65.0,6.0,-71,1769738626,5,5
2026-01-30 02:06:10.297826,0x433b0b38,13.23125,63.75,5.75,-72,1769767558,5,5
2026-01-30 02:07:52.621544,0x433abf20,13.24625,73.75,5.5,-76,1769767661,3,3
2026-01-30 02:07:55.861116,0x433acb14,13.1925,63.75,6.25,-87,1769767664,3,3
2026-01-30 02:08:19.806622,0x433aad0c,13.24875,65.0,5.5,-76,1769767688,3,3
2026-01-30 02:09:35.598783,0x433b0098,13.22375,62.5,6.0,-61,1769767764,2,2
2026-01-30 02:10:41.905068,0x433ad35c,13.24625,66.25,7.0,-53,1769767830,3,3
2026-01-30 02:11:10.179446,0x433b0b38,13.23125,60.0,5.75,-72,1769767858,5,5
2026-01-30 02:12:53.452377,0x433abf20,13.24875,73.75,5.75,-75,1769767962,3,3
2026-01-30 02:12:57.131498,0x433acb14,13.195,66.25,5.5,-86,1769767965,3,3
2026-01-30 02:16:12.091161,0x433b0b38,13.2275,75.0,5.75,-71,1769768160,5,5
2026-01-30 02:17:54.367903,0x433abf20,13.24875,62.5,6.0,-75,1769768262,3,3
2026-01-30 02:18:01.743037,0x433acb14,13.1875,76.25,6.0,-87,1769768270,3,3
2026-01-30 02:18:23.071806,0x433aad0c,13.24625,63.75,5.25,-76,1769768291,3,3
2026-01-30 02:19:37.330980,0x433b0098,13.22,75.0,5.75,-60,1769768365,2,2
2026-01-30 02:20:43.174385,0x433ad35c,13.24375,60.0,6.0,-53,1769768431,3,3
2026-01-30 02:21:14.699263,0x433b0b38,13.23,72.5,6.0,-72,1769768463,5,5
2026-01-30 02:22:54.361932,0x433abf20,13.25,65.0,5.75,-75,1769768562,3,3
2026-01-30 02:23:01.655464,0x433acb14,13.19125,77.5,5.75,-86,1769768570,3,3
2026-01-30 02:26:15.079415,0x433b0b38,13.2275,73.75,5.75,-72,1769768763,5,5
2026-01-30 02:27:55.282525,0x433abf20,13.25125,66.25,5.75,-75,1769768863,3,3
2026-01-30 02:28:01.261643,0x433acb14,13.19,78.75,4.0,-87,1769768869,3,3
2026-01-30 02:28:24.891583,0x433aad0c,13.24375,73.75,5.75,-76,1769768893,3,3
2026-01-30 02:29:39.896189,0x433b0098,13.2225,58.75,7.25,-60,1769768968,2,2
2026-01-30 02:30:46.428956,0x433ad35c,13.24125,77.5,6.25,-53,1769769035,3,3
2026-01-30 02:31:16.223125,0x433b0b38,13.22625,70.0,6.5,-72,1769769064,5,5
2026-01-30 02:32:56.850172,0x433abf20,13.2475,76.25,6.25,-75,1769769165,3,3
2026-01-30 02:33:09.010750,0x433acb14,13.1925,65.0,4.25,-87,1769769177,3,3
2026-01-30 02:36:17.574243,0x433b0b38,13.2325,63.75,6.25,-72,1769769366,5,5
2026-01-30 02:37:56.587063,0x433abf20,13.24875,67.5,5.5,-75,1769769465,3,3
2026-01-30 02:38:05.758043,0x433acb14,13.18875,77.5,4.25,-87,1769769474,3,3
2026-01-30 02:38:28.432372,0x433aad0c,13.2475,67.5,5.75,-77,1769769497,3,3
2026-01-30 02:39:04.643438,0x433af380,13.16625,70.0,6.5,-38,1769769533,3,3
2026-01-30 02:39:40.727935,0x433b0098,13.22375,63.75,6.75,-60,1769769569,2,2
2026-01-30 02:40:49.522802,0x433ad35c,13.24375,66.25,6.5,-53,1769769638,3,3
2026-01-30 02:41:18.790216,0x433b0b38,13.2275,68.75,6.5,-72,1769769667,5,5
2026-01-30 02:42:57.441950,0x433abf20,13.24625,75.0,5.75,-75,1769769766,3,3
2026-01-30 02:43:08.149555,0x433acb14,13.18875,71.25,5.0,-87,1769769776,3,3
2026-01-30 02:46:19.196277,0x433b0b38,13.2325,61.25,6.0,-72,1769769967,5,5
2026-01-30 02:47:58.676608,0x433abf20,13.24625,76.25,5.75,-75,1769770067,3,3
2026-01-30 02:48:10.504370,0x433acb14,13.1925,65.0,4.5,-87,1769770079,3,3
2026-01-30 02:48:31.446973,0x433aad0c,13.245,66.25,5.25,-76,1769770100,3,3
2026-01-30 02:49:41.556902,0x433b0098,13.2175,75.0,5.75,-60,1769770170,2,2
2026-01-30 02:50:51.161789,0x433ad35c,13.24,77.5,6.75,-53,1769770239,3,3
2026-01-30 02:51:20.499336,0x433b0b38,13.23125,60.0,5.75,-72,1769770269,5,5
2026-01-30 02:52:58.883296,0x433abf20,13.2475,70.0,5.75,-75,1769770367,3,3
2026-01-30 02:53:09.504116,0x433acb14,13.18625,76.25,4.75,-87,1769770378,3,3
2026-01-30 02:56:21.760644,0x433b0b38,13.23,60.0,6.0,-72,1769770570,5,5
2026-01-30 02:58:02.058001,0x433abf20,13.25125,62.5,5.75,-75,1769770670,3,3
2026-01-30 02:58:10.899749,0x433acb14,13.19,62.5,4.75,-87,1769770679,3,3
2026-01-30 02:58:32.484796,0x433aad0c,13.245,62.5,5.25,-76,1769770701,3,3
2026-01-30 02:59:45.024207,0x433b0098,13.2175,75.0,6.75,-60,1769770773,2,2
2026-01-30 03:00:54.324715,0x433ad35c,13.2425,62.5,6.25,-54,1769770842,3,3
2026-01-30 03:01:23.803622,0x433b0b38,13.225,71.25,6.0,-72,1769770872,5,5
2026-01-30 03:03:04.692733,0x433abf20,13.24875,65.0,5.75,-75,1769770973,3,3
2026-01-30 03:03:12.182934,0x433acb14,13.19,65.0,4.25,-87,1769770980,3,3
2026-01-27 05:02:04.886170,0x433abf20,13.255,62.5,5.5,-76,1769518920,3,3
2026-01-27 05:02:11.897531,0x433ad35c,13.25125,76.25,6.25,-55,1769518927,3,3
2026-01-27 05:03:00.078882,0x433b0b38,13.2375,63.75,6.0,-72,1769518975,5,5
2026-01-27 05:04:19.104763,0x433b0098,13.215,70.0,5.75,-60,1769519054,2,2
2026-01-27 05:04:23.435950,0x433acb14,13.25875,66.25,5.25,-86,1769519058,3,3
2026-01-27 05:07:07.074640,0x433abf20,13.255,62.5,5.5,-75,1769519222,3,3
2026-01-27 05:08:01.633139,0x433b0b38,13.24,63.75,6.0,-72,1769519277,5,5
2026-01-27 05:09:24.705402,0x433acb14,13.25875,67.5,5.5,-86,1769519360,3,3
2026-01-27 05:12:09.637049,0x433abf20,13.2525,73.75,5.25,-76,1769519525,3,3
2026-01-27 05:12:18.236899,0x433ad35c,13.25375,65.0,6.0,-55,1769519533,3,3
2026-01-27 05:13:02.833245,0x433b0b38,13.23875,65.0,5.75,-71,1769519578,5,5
2026-01-27 05:14:22.270410,0x433b0098,13.2175,61.25,7.75,-60,1769519657,2,2
2026-01-27 05:14:26.792109,0x433acb14,13.255,76.25,5.5,-85,1769519662,3,3
2026-01-27 05:17:11.661968,0x433abf20,13.25125,75.0,5.5,-76,1769519827,3,3
2026-01-27 05:18:03.545214,0x433b0b38,13.23875,62.5,5.75,-73,1769519878,5,5
2026-01-27 05:19:27.538637,0x433acb14,13.2525,76.25,5.0,-86,1769519962,3,3
2026-01-27 05:22:10.609606,0x433abf20,13.25375,62.5,5.25,-76,1769520125,3,3
2026-01-27 05:22:19.072114,0x433ad35c,13.25,72.5,6.5,-55,1769520134,3,3
2026-01-27 05:23:04.537078,0x433b0b38,13.23875,66.25,6.25,-72,1769520179,5,5
2026-01-27 05:24:30.197819,0x433acb14,13.2525,73.75,4.25,-85,1769520265,3,3
2026-01-27 05:24:34.289528,0x433b0098,13.21375,73.75,5.75,-61,1769520269,2,2
2026-01-27 05:27:10.957684,0x433abf20,13.255,65.0,5.25,-76,1769520426,3,3
2026-01-27 05:28:06.936274,0x433b0b38,13.2325,73.75,5.75,-72,1769520482,5,5
2026-01-27 05:28:15.221798,0x433af380,13.19625,70.0,6.5,-38,1769520490,3,3
2026-01-27 05:29:30.306736,0x433acb14,13.25375,76.25,4.75,-86,1769520565,3,3
2026-01-27 05:32:15.557503,0x433abf20,13.255,67.5,5.75,-76,1769520730,3,3
2026-01-27 05:32:23.593954,0x433ad35c,13.2525,67.5,6.25,-54,1769520738,3,3
2026-01-27 05:33:07.085194,0x433b0b38,13.2325,75.0,6.0,-72,1769520782,5,5
2026-01-27 05:34:27.507203,0x433b0098,13.22125,65.0,7.0,-60,1769520862,2,2
2026-01-27 05:34:32.745526,0x433acb14,13.2325,122.5,4.25,-85,1769520868,3,3
2026-01-27 05:37:15.914436,0x433abf20,13.25375,66.25,5.5,-76,1769521031,3,3
2026-01-27 05:38:09.268537,0x433b0b38,13.2325,72.5,5.75,-72,1769521084,5,5
2026-01-27 05:39:33.754484,0x433acb14,13.25375,77.5,5.25,-85,1769521169,3,3
2026-01-27 05:42:17.181402,0x433abf20,13.25125,75.0,5.75,-75,1769521332,3,3
2026-01-27 05:42:25.180990,0x433ad35c,13.25375,63.75,6.75,-55,1769521340,3,3
2026-01-27 05:43:09.600321,0x433b0b38,13.2325,75.0,6.0,-72,1769521384,5,5
2026-01-27 05:44:28.494590,0x433b0098,13.2125,75.0,6.25,-60,1769521463,2,2
2026-01-27 05:44:34.981196,0x433acb14,13.2525,72.5,4.0,-85,1769521470,3,3
2026-01-27 05:47:16.077373,0x433abf20,13.24875,73.75,5.25,-76,1769521631,3,3
2026-01-27 05:48:11.601932,0x433b0b38,13.2375,62.5,5.5,-71,1769521686,5,5
2026-01-27 05:49:36.408538,0x433acb14,13.25375,77.5,4.5,-85,1769521771,3,3
2026-01-27 05:52:18.037203,0x433abf20,13.255,66.25,5.5,-76,1769521933,3,3
2026-01-27 05:52:27.691258,0x433ad35c,13.25125,63.75,6.25,-55,1769521943,3,3
2026-01-27 05:53:14.268104,0x433b0b38,13.2325,75.0,5.75,-71,1769521989,5,5
2026-01-27 05:54:34.150822,0x433b0098,13.21875,65.0,6.75,-60,1769522069,2,2
2026-01-27 05:54:36.981416,0x433acb14,13.2475,76.25,4.5,-86,1769522072,3,3
2026-01-27 05:57:20.291648,0x433abf20,13.2525,66.25,5.5,-76,1769522235,3,3
2026-01-27 05:58:14.204210,0x433b0b38,13.21125,123.75,6.25,-72,1769522289,5,5
2026-01-27 05:59:39.427348,0x433acb14,13.2575,67.5,5.25,-85,1769522374,3,3
2026-01-26 11:00:10.606604,0x433b0098,13.20375,117.5,6.0,-60,1769454007,2,2
2026-01-26 11:02:52.384834,0x433abf20,13.25875,72.5,6.0,-76,1769454169,3,3
2026-01-26 11:03:13.950562,0x433b0b38,13.2375,75.0,5.5,-73,1769454191,5,5
2026-01-26 11:04:34.273056,0x433acb14,13.29,63.75,3.75,-91,1769454271,3,3
2026-01-26 11:07:26.514056,0x433ad35c,13.27625,63.75,6.25,-55,1769454443,3,3
2026-01-26 11:07:52.335922,0x433abf20,13.25625,76.25,5.5,-76,1769454469,3,3
2026-01-26 11:08:15.142574,0x433b0b38,13.24125,73.75,6.0,-74,1769454492,5,5
2026-01-26 11:09:33.847819,0x433acb14,13.285,75.0,4.5,-91,1769454570,3,3
2026-01-26 11:10:13.693650,0x433b0098,13.23375,73.75,6.25,-61,1769454610,2,2
2026-01-26 11:12:53.629588,0x433abf20,13.25875,71.25,5.75,-75,1769454770,3,3
2026-01-26 11:13:16.436699,0x433b0b38,13.24375,62.5,6.0,-74,1769454793,5,5
2026-01-26 11:14:32.931408,0x433acb14,13.29,63.75,0.25,-97,1769454870,3,3
2026-01-26 11:17:26.854919,0x433ad35c,13.275,63.75,6.25,-53,1769455043,3,3
2026-01-26 11:17:54.881888,0x433abf20,13.25875,73.75,5.5,-76,1769455071,3,3
2026-01-26 11:18:18.393334,0x433b0b38,13.24625,65.0,6.25,-74,1769455095,5,5
2026-01-26 11:19:37.483356,0x433acb14,13.285,76.25,1.0,-96,1769455174,3,3
2026-01-26 11:20:14.752712,0x433b0098,13.23875,63.75,5.75,-62,1769455211,2,2
2026-01-26 11:22:58.374666,0x433abf20,13.26125,65.0,5.5,-75,1769455375,3,3
2026-01-26 11:23:19.697023,0x433b0b38,13.215,132.5,4.75,-73,1769455396,5,5
2026-01-26 11:24:36.218354,0x433acb14,13.28125,75.0,-0.75,-99,1769455473,3,3
2026-01-26 11:25:02.755370,0x433af380,13.20875,76.25,6.0,-40,1769455499,3,3
2026-01-26 11:27:29.473167,0x433ad35c,13.275,66.25,7.0,-53,1769455646,3,3
2026-01-26 11:27:56.628438,0x433abf20,13.2575,73.75,5.75,-75,1769455673,3,3
2026-01-26 11:28:21.018917,0x433b0b38,13.24,70.0,6.5,-73,1769455698,5,5
2026-01-26 11:29:39.617805,0x433acb14,13.285,76.25,0.5,-97,1769455776,3,3
2026-01-26 11:30:17.425249,0x433b0098,13.24125,60.0,5.75,-62,1769455814,2,2
2026-01-26 11:32:57.658356,0x433abf20,13.26,90.0,5.75,-76,1769455974,3,3
2026-01-26 11:33:23.663120,0x433b0b38,13.23875,73.75,6.0,-72,1769456000,5,5
2026-01-26 11:34:40.602325,0x433acb14,13.29,61.25,,-98,1769456077,3,3
2026-01-26 11:37:32.887234,0x433ad35c,13.27375,90.0,6.5,-54,1769456249,3,3
2026-01-26 11:37:58.199244,0x433abf20,13.2625,71.25,5.5,-76,1769456275,3,3
2026-01-26 11:38:24.350240,0x433b0b38,13.245,62.5,5.75,-72,1769456301,5,5
2026-01-26 11:39:40.518248,0x433acb14,13.29,63.75,-0.25,-98,1769456377,3,3
2026-01-26 11:40:19.133396,0x433b0098,13.24125,61.25,5.75,-61,1769456416,2,2
2026-01-26 11:42:59.433925,0x433abf20,13.26375,76.25,6.0,-76,1769456576,3,3
2026-01-26 11:43:28.922379,0x433b0b38,13.23875,73.75,5.75,-73,1769456605,5,5
2026-01-26 11:44:56.327308,0x433acb14,13.285,73.75,5.25,-79,1769456693,3,2
2026-01-26 11:47:34.525617,0x433ad35c,13.2775,63.75,7.5,-54,1769456851,3,3
2026-01-26 11:48:00.820450,0x433abf20,13.26,75.0,5.5,-75,1769456877,3,3
2026-01-26 11:48:28.870340,0x433b0b38,13.24125,73.75,6.25,-74,1769456905,5,5
2026-01-26 11:49:42.437343,0x433acb14,13.285,75.0,4.75,-89,1769456979,3,3
2026-01-26 11:50:21.897040,0x433b0098,13.2425,61.25,6.0,-62,1769457018,2,2
2026-01-26 11:53:02.296122,0x433abf20,13.2675,65.0,5.75,-76,1769457179,3,3
2026-01-26 11:53:29.263389,0x433b0b38,13.245,61.25,6.0,-73,1769457206,5,5
2026-01-26 11:54:43.691152,0x433acb14,13.2875,77.5,1.25,-96,1769457280,3,3
2026-01-26 11:57:37.554669,0x433ad35c,13.27625,73.75,5.75,-53,1769457454,3,3
2026-01-26 11:58:02.034828,0x433abf20,13.26375,73.75,5.75,-76,1769457479,3,3
2026-01-26 11:58:30.604624,0x433b0b38,13.23375,95.0,5.5,-73,1769457507,5,5
2026-01-26 11:59:45.575732,0x433acb14,13.28875,76.25,2.75,-94,1769457582,3,3
2026-02-02 15:09:31.094227,0x433abf20,13.24375,66.25,5.5,-76,1770073750,3,3
2026-02-02 15:10:45.053051,0x433acb14,13.1425,75.0,0.25,-97,1770073824,3,3
2026-02-02 15:11:15.435007,0x433aad0c,13.2625,61.25,3.5,-92,1770073855,3,3
2026-02-02 15:13:24.833921,0x433ad35c,13.1325,65.0,5.75,-53,1770073984,3,3
2026-02-02 15:13:59.641845,0x433b0b38,13.12,77.5,6.0,-73,1770074019,5,5
2026-02-02 15:14:37.151298,0x433abf20,13.24,73.75,6.0,-77,1770074056,3,3
2026-02-02 15:15:47.117139,0x433acb14,13.145,63.75,1.25,-96,1770074126,3,3
2026-02-02 15:16:01.682638,0x433b0098,13.245,60.0,6.25,-61,1770074141,2,2
2026-02-02 15:19:00.381093,0x433b0b38,13.12125,77.5,5.5,-73,1770074320,5,5
2026-02-02 15:19:34.385911,0x433abf20,13.23875,73.75,5.25,-76,1770074354,3,3
2026-02-02 15:20:47.911862,0x433acb14,13.145,61.25,-3.5,-100,1770074427,3,3
2026-02-02 15:21:15.833112,0x433aad0c,13.25875,75.0,4.0,-92,1770074455,3,3
2026-02-02 15:23:27.414617,0x433ad35c,13.13125,62.5,6.0,-53,1770074587,3,3
2026-02-02 15:24:02.706862,0x433b0b38,13.1275,61.25,6.25,-73,1770074622,5,5
2026-02-02 15:24:32.238816,0x433abf20,13.24125,62.5,5.5,-76,1770074651,3,3
2026-02-02 15:25:48.507154,0x433acb14,13.14625,65.0,3.5,-93,1770074728,3,3
2026-02-02 15:26:04.528651,0x433b0098,13.2475,58.75,6.0,-62,1770074744,2,2
2026-02-02 15:29:02.959605,0x433b0b38,13.12,76.25,5.5,-73,1770074922,5,5
2026-02-02 15:29:33.020830,0x433abf20,13.24,63.75,5.5,-76,1770074952,3,3
2026-02-02 15:30:50.598640,0x433acb14,13.145,62.5,3.25,-93,1770075030,3,3
2026-02-02 15:33:30.681865,0x433ad35c,13.12875,73.75,6.75,-53,1770075190,3,3
2026-02-02 15:34:04.470265,0x433b0b38,13.1275,61.25,6.25,-72,1770075224,5,5
2026-02-02 15:34:33.979505,0x433abf20,13.24,61.25,6.0,-76,1770075253,3,3
2026-02-02 15:35:53.110991,0x433acb14,13.14625,62.5,3.5,-91,1770075332,3,3
2026-02-02 15:36:07.330781,0x433b0098,13.2475,61.25,6.25,-61,1770075346,2,2
2026-02-02 15:39:06.042087,0x433b0b38,13.12125,72.5,5.75,-72,1770075525,5,5
2026-02-02 15:39:35.207227,0x433abf20,13.24,61.25,5.75,-75,1770075554,3,3
2026-02-02 15:40:52.352471,0x433acb14,13.14625,65.0,3.75,-92,1770075631,3,3
2026-02-02 15:41:20.439483,0x433aad0c,13.26,70.0,3.75,-90,1770075660,3,3
2026-02-02 15:43:35.420800,0x433ad35c,13.13375,63.75,6.25,-54,1770075795,3,3
2026-02-02 15:44:07.837584,0x433b0b38,13.1225,71.25,5.75,-73,1770075827,5,5
2026-02-02 15:44:38.374565,0x433abf20,13.24125,62.5,5.5,-76,1770075857,3,3
2026-02-02 15:45:54.755417,0x433acb14,13.14375,80.0,2.5,-94,1770075934,3,3
2026-02-02 15:46:10.231520,0x433b0098,13.24875,62.5,5.5,-61,1770075949,2,2
2026-02-02 15:49:13.135360,0x433b0b38,13.12875,63.75,5.75,-73,1770076132,5,5
2026-02-02 15:49:38.040977,0x433abf20,13.24,60.0,5.5,-76,1770076157,3,3
2026-02-02 15:50:22.348996,0x433af380,13.04625,82.5,6.25,-37,1770076201,3,3
2026-02-02 15:50:55.583480,0x433acb14,13.14375,76.25,2.25,-92,1770076235,3,3
2026-02-02 15:51:27.618323,0x433aad0c,13.2625,72.5,4.25,-89,1770076267,3,3
2026-02-02 15:53:36.185703,0x433ad35c,13.12875,73.75,6.5,-54,1770076395,3,3
2026-02-02 15:54:10.169831,0x433b0b38,13.12875,61.25,5.75,-73,1770076429,5,5
2026-02-02 15:54:38.845595,0x433abf20,13.235,73.75,5.5,-76,1770076458,3,3
2026-02-02 15:55:56.774303,0x433acb14,13.1425,75.0,2.0,-95,1770076536,3,3
2026-02-02 15:56:12.237152,0x433b0098,13.24375,71.25,6.0,-62,1770076551,2,2
2026-02-02 15:59:10.585464,0x433b0b38,13.12875,65.0,6.25,-72,1770076730,5,5
2026-02-02 15:59:40.372831,0x433abf20,13.24,65.0,6.0,-76,1770076759,3,3
2026-02-02 16:00:58.023060,0x433acb14,13.1475,61.25,3.0,-94,1770076837,3,3
2026-02-02 16:01:27.321992,0x433aad0c,13.26625,73.75,5.25,-90,1770076866,3,3
2026-02-02 16:03:39.427122,0x433ad35c,13.13625,63.75,6.25,-54,1770076999,3,3
2026-02-02 16:04:12.581868,0x433b0b38,13.13,62.5,5.75,-72,1770077032,5,5
2026-02-02 16:04:41.711161,0x433abf20,13.2375,61.25,6.25,-75,1770077061,3,3
2026-02-02 16:05:58.725518,0x433acb14,13.14875,65.0,-1.0,-100,1770077138,3,3
2026-02-02 16:06:16.967156,0x433b0098,13.25,61.25,6.25,-61,1770077156,2,2
2026-01-28 15:02:55.140103,0x433b0098,13.24875,76.25,6.0,-62,1769641367,2,2
2026-01-28 15:03:29.510117,0x433acb14,13.255,72.5,3.75,-90,1769641401,3,3
2026-01-28 15:05:52.134323,0x433abf20,13.27875,63.75,5.25,-76,1769641544,3,3
2026-01-28 15:06:44.300968,0x433b0b38,13.25875,75.0,5.75,-72,1769641596,5,5
2026-01-28 15:08:31.157843,0x433acb14,13.26,65.0,,-93,1769641703,3,3
2026-01-28 15:08:50.682798,0x433aad0c,13.40875,62.5,2.25,-88,1769641722,3,3
2026-01-28 15:10:54.349739,0x433abf20,13.27875,66.25,5.75,-76,1769641846,3,3
2026-01-28 15:11:25.273312,0x433ad35c,13.28375,73.75,6.0,-54,1769641877,3,3
2026-01-28 15:11:45.746253,0x433b0b38,13.26125,62.5,6.0,-72,1769641897,5,5
2026-01-28 15:13:01.766837,0x433b0098,13.25875,61.25,6.25,-60,1769641973,2,2
2026-01-28 15:13:30.690832,0x433acb14,13.25875,62.5,3.75,-91,1769642002,3,3
2026-01-28 15:15:53.724112,0x433abf20,13.27875,62.5,5.5,-75,1769642145,3,3
2026-01-28 15:16:46.438527,0x433b0b38,13.265,65.0,5.75,-73,1769642198,5,5
2026-01-28 15:18:34.264675,0x433acb14,13.255,77.5,3.0,-93,1769642306,3,3
2026-01-28 15:18:52.074621,0x433aad0c,13.395,62.5,4.25,-87,1769642324,3,3
2026-01-28 15:20:56.228654,0x433abf20,13.27375,75.0,5.25,-76,1769642448,3,3
2026-01-28 15:21:26.913174,0x433ad35c,13.28375,75.0,7.0,-53,1769642478,3,3
2026-01-28 15:21:48.730107,0x433b0b38,13.265,66.25,6.0,-73,1769642500,5,5
2026-01-28 15:22:59.913340,0x433b0098,13.25875,61.25,6.25,-61,1769642571,2,2
2026-01-28 15:23:33.482782,0x433acb14,13.25875,65.0,2.25,-95,1769642605,3,3
2026-01-28 15:25:58.564935,0x433abf20,13.27875,63.75,4.75,-76,1769642750,3,3
2026-01-28 15:26:48.940316,0x433b0b38,13.25875,70.0,5.5,-72,1769642800,5,5
2026-01-28 15:28:35.334239,0x433acb14,13.2525,78.75,3.5,-93,1769642907,3,3
2026-01-28 15:28:54.431635,0x433aad0c,13.36,126.25,3.0,-87,1769642926,3,3
2026-01-28 15:30:57.958423,0x433abf20,13.27875,63.75,5.0,-76,1769643049,3,3
2026-01-28 15:31:29.730039,0x433ad35c,13.285,65.0,6.25,-53,1769643081,3,3
2026-01-28 15:31:52.029601,0x433b0b38,13.265,60.0,5.5,-74,1769643104,5,5
2026-01-28 15:33:00.973809,0x433b0098,13.2525,71.25,5.75,-61,1769643172,2,2
2026-01-28 15:33:37.224810,0x433acb14,13.25625,78.75,1.0,-89,1769643209,3,3
2026-01-28 15:34:34.456880,0x433af380,13.22375,68.75,5.75,-39,1769643266,3,3
2026-01-28 15:35:58.871714,0x433abf20,13.27375,73.75,4.75,-76,1769643350,3,3
2026-01-28 15:36:52.595334,0x433b0b38,13.26,71.25,5.75,-73,1769643404,5,5
2026-01-28 15:38:38.700739,0x433acb14,13.25625,76.25,2.75,-94,1769643510,3,3
2026-01-28 15:38:57.022241,0x433aad0c,13.3625,80.0,5.25,-86,1769643528,3,3
2026-01-28 15:41:00.642280,0x433abf20,13.27625,63.75,6.25,-76,1769643652,3,3
2026-01-28 15:41:32.568764,0x433ad35c,13.28625,63.75,6.0,-53,1769643684,3,3
2026-01-28 15:41:52.310608,0x433b0b38,13.26375,63.75,5.75,-72,1769643704,5,5
2026-01-28 15:43:04.280738,0x433b0098,13.2525,68.75,6.0,-61,1769643776,2,2
2026-01-28 15:43:39.187677,0x433acb14,13.2525,75.0,4.0,-92,1769643811,3,3
2026-01-28 15:46:01.243179,0x433abf20,13.27875,65.0,5.5,-76,1769643953,3,3
2026-01-28 15:46:57.062618,0x433b0b38,13.26,76.25,6.25,-72,1769644009,5,5
2026-01-28 15:48:41.117139,0x433acb14,13.25625,62.5,2.75,-93,1769644113,3,3
2026-01-28 15:49:02.731732,0x433aad0c,13.35625,71.25,4.25,-86,1769644134,3,3
2026-01-28 15:51:03.112690,0x433abf20,13.27375,75.0,6.25,-76,1769644255,3,3
2026-01-28 15:51:35.352782,0x433ad35c,13.28375,61.25,6.5,-54,1769644287,3,3
2026-01-28 15:51:58.494388,0x433b0b38,13.26875,61.25,5.75,-73,1769644310,5,5
2026-01-28 15:53:07.028544,0x433b0098,13.2525,70.0,6.0,-61,1769644378,2,2
2026-01-28 15:56:04.171078,0x433abf20,13.2775,61.25,5.75,-76,1769644556,3,3
2026-01-28 15:56:57.604526,0x433b0b38,13.26625,57.5,5.75,-73,1769644609,5,5
2026-01-28 15:58:43.833038,0x433acb14,13.23375,127.5,3.0,-91,1769644715,3,3
2026-01-28 15:59:03.150991,0x433aad0c,13.345,71.25,5.0,-81,1769644735,3,3
2026-01-28 16:01:06.776037,0x433abf20,13.27875,66.25,5.25,-76,1769644858,3,3
2026-01-28 16:01:37.516145,0x433ad35c,13.28375,90.0,6.0,-53,1769644889,3,3
2026-01-28 16:02:03.874747,0x433b0b38,13.2625,76.25,5.5,-80,1769644915,5,4
2026-01-25 17:59:52.271244,0x433acb14,13.32375,66.25,2.75,-94,1769392790,3,3
2026-01-25 18:02:40.514672,0x433ad35c,13.2825,75.0,6.5,-54,1769392959,3,3
2026-01-25 18:03:41.677209,0x433b0b38,13.2625,60.0,5.75,-73,1769393020,5,5
2026-01-25 18:03:44.764513,0x433abf20,13.27125,65.0,5.75,-76,1769393023,3,3
2026-01-25 18:04:53.374976,0x433acb14,13.32375,67.5,2.75,-94,1769393092,3,3
2026-01-25 18:05:55.853538,0x433b0098,13.25625,62.5,6.25,-61,1769393154,2,2
2026-01-25 18:08:46.743444,0x433b0b38,13.25875,71.25,5.5,-74,1769393325,5,5
2026-01-25 18:08:49.778338,0x433abf20,13.26625,68.75,5.5,-77,1769393328,3,3
2026-01-25 18:09:55.088247,0x433acb14,13.325,63.75,2.75,-93,1769393393,3,3
2026-01-25 18:12:43.016036,0x433ad35c,13.28625,65.0,6.0,-54,1769393561,3,3
2026-01-25 18:13:43.528749,0x433b0b38,13.2625,73.75,6.0,-74,1769393622,5,5
2026-01-25 18:13:46.103487,0x433abf20,13.26875,76.25,6.25,-77,1769393624,3,3
2026-01-25 18:14:55.578430,0x433acb14,13.32125,77.5,2.25,-93,1769393694,3,3
2026-01-25 18:15:57.530325,0x433b0098,13.24875,77.5,5.75,-62,1769393756,2,2
2026-01-25 18:18:46.072209,0x433b0b38,13.25875,72.5,5.75,-73,1769393924,5,5
2026-01-25 18:18:54.419914,0x433abf20,13.26625,71.25,5.25,-77,1769393933,3,3
2026-01-25 18:19:56.925320,0x433acb14,13.3225,62.5,2.25,-93,1769393995,3,3
2026-01-25 18:22:09.095794,0x433af380,13.2175,68.75,6.25,-38,1769394127,3,3
2026-01-25 18:22:51.129918,0x433ad35c,13.2825,76.25,6.25,-54,1769394169,3,3
2026-01-25 18:23:47.803594,0x433b0b38,13.26375,65.0,6.25,-73,1769394226,5,5
2026-01-25 18:23:51.289908,0x433abf20,13.2725,66.25,5.5,-76,1769394229,3,3
2026-01-25 18:25:02.925120,0x433acb14,13.3225,61.25,2.5,-93,1769394301,3,3
2026-01-25 18:26:01.220319,0x433b0098,13.25875,62.5,6.0,-61,1769394359,2,2
2026-01-25 18:28:47.609491,0x433b0b38,13.25875,73.75,6.0,-73,1769394526,5,5
2026-01-25 18:28:59.743383,0x433abf20,13.27125,66.25,5.5,-76,1769394538,3,3
2026-01-25 18:30:01.721130,0x433acb14,13.3225,61.25,3.0,-93,1769394600,3,3
2026-01-25 18:32:48.846106,0x433ad35c,13.2825,75.0,6.25,-53,1769394767,3,3
2026-01-25 18:33:48.173636,0x433b0b38,13.26375,61.25,6.25,-74,1769394826,5,5
2026-01-25 18:33:52.517620,0x433abf20,13.2675,77.5,5.0,-76,1769394831,3,3
2026-01-25 18:35:04.879914,0x433acb14,13.32,65.0,3.0,-92,1769394903,3,3
2026-01-25 18:36:01.821048,0x433b0098,13.25375,66.25,6.0,-60,1769394960,2,2
2026-01-25 18:38:53.154600,0x433abf20,13.27125,62.5,5.75,-76,1769395131,3,3
2026-01-25 18:38:58.468982,0x433b0b38,13.25875,73.75,5.75,-75,1769395137,5,4
2026-01-25 18:42:52.132021,0x433ad35c,13.28375,65.0,6.25,-54,1769395370,3,3
2026-01-25 18:43:52.432079,0x433b0b38,13.26,76.25,5.5,-74,1769395431,5,5
2026-01-25 18:43:56.300851,0x433abf20,13.26625,73.75,5.5,-77,1769395434,3,3
2026-01-25 18:45:05.955776,0x433acb14,13.32,65.0,2.75,-93,1769395504,3,3
2026-01-25 18:46:04.863800,0x433b0098,13.2525,63.75,6.25,-60,1769395563,2,2
2026-01-25 18:48:52.790891,0x433b0b38,13.25625,73.75,6.0,-74,1769395731,5,5
2026-01-25 18:48:57.234174,0x433abf20,13.27,63.75,5.75,-77,1769395735,3,3
2026-01-25 18:50:08.922725,0x433acb14,13.31875,75.0,3.25,-93,1769395807,3,3
2026-01-25 18:52:54.761615,0x433ad35c,13.2825,75.0,6.0,-53,1769395973,3,3
2026-01-25 18:53:54.029281,0x433b0b38,13.25875,76.25,5.5,-74,1769396032,5,5
2026-01-25 18:53:59.143126,0x433abf20,13.24875,123.75,6.5,-76,1769396037,3,3
2026-01-25 18:55:10.207802,0x433acb14,13.3175,63.75,2.5,-93,1769396108,3,3
2026-01-25 18:56:05.502915,0x433b0098,13.245,75.0,6.0,-61,1769396164,2,2
2026-01-25 18:58:56.247613,0x433b0b38,13.26125,65.0,5.75,-74,1769396334,5,5
2026-01-25 18:58:58.637272,0x433abf20,13.27125,65.0,5.5,-77,1769396337,3,3
2026-01-28 09:04:28.150612,0x433abf20,13.26625,63.75,6.25,-75,1769619860,3,3
2026-01-28 09:05:26.146131,0x433b0b38,13.24625,61.25,5.75,-73,1769619918,5,5
2026-01-28 09:06:54.059554,0x433acb14,13.24,80.0,3.75,-92,1769620006,3,3
2026-01-28 09:09:29.271213,0x433abf20,13.26375,65.0,6.0,-74,1769620161,3,3
2026-01-28 09:09:47.979658,0x433ad35c,13.26625,65.0,6.75,-54,1769620180,3,3
2026-01-28 09:10:28.093839,0x433b0b38,13.24875,63.75,5.75,-73,1769620220,5,5
2026-01-28 09:11:35.312160,0x433b0098,13.2325,72.5,6.25,-62,1769620287,2,2
2026-01-28 09:11:54.627475,0x433acb14,13.23875,76.25,2.75,-92,1769620307,3,3
2026-01-28 09:14:31.637710,0x433abf20,13.26,73.75,5.75,-75,1769620464,3,3
2026-01-28 09:15:28.678021,0x433b0b38,13.2425,71.25,5.75,-73,1769620521,5,5
2026-01-28 09:16:57.134440,0x433acb14,13.245,67.5,3.0,-93,1769620609,3,3
2026-01-28 09:19:34.548444,0x433abf20,13.26375,62.5,6.0,-75,1769620767,3,3
2026-01-28 09:19:50.615726,0x433ad35c,13.2675,61.25,7.0,-54,1769620783,3,3
2026-01-28 09:20:29.937679,0x433b0b38,13.2425,70.0,5.75,-72,1769620822,5,5
2026-01-28 09:21:36.764703,0x433b0098,13.2375,58.75,5.5,-62,1769620889,2,2
2026-01-28 09:21:58.892916,0x433acb14,13.2425,63.75,4.25,-54,1769620911,3,2
2026-01-28 09:24:35.166326,0x433abf20,13.26,76.25,6.25,-74,1769621067,3,3
2026-01-28 09:25:32.882060,0x433b0b38,13.24625,63.75,5.75,-72,1769621125,5,5
2026-01-28 09:26:59.100670,0x433acb14,13.24375,67.5,3.25,-93,1769621211,3,3
2026-01-28 09:29:52.453100,0x433ad35c,13.24625,143.75,6.25,-54,1769621385,3,3
2026-01-28 09:30:34.444473,0x433b0b38,13.2475,60.0,5.75,-72,1769621427,5,5
2026-01-28 09:31:40.942415,0x433b0098,13.23875,62.5,6.5,-62,1769621493,2,2
2026-01-28 09:32:00.191168,0x433acb14,13.24125,73.75,2.5,-95,1769621512,3,3
2026-01-28 09:33:40.379780,0x433af380,13.2,68.75,6.25,-39,1769621612,3,3
2026-01-28 09:34:41.855655,0x433abf20,13.24625,125.0,6.25,-75,1769621674,3,3
2026-01-28 09:35:34.295436,0x433b0b38,13.24125,73.75,5.75,-73,1769621726,5,5
2026-01-28 09:37:01.915389,0x433acb14,13.24625,65.0,2.25,-93,1769621814,3,3
2026-01-28 09:39:38.173626,0x433abf20,13.26375,73.75,6.0,-75,1769621970,3,3
2026-01-28 09:39:57.865983,0x433ad35c,13.26875,60.0,6.5,-54,1769621990,3,3
2026-01-28 09:40:36.076898,0x433b0b38,13.2425,76.25,5.5,-73,1769622028,5,5
2026-01-28 09:41:44.156187,0x433b0098,13.24125,57.5,6.25,-62,1769622096,2,2
2026-01-28 09:42:03.189243,0x433acb14,13.24625,63.75,3.25,-93,1769622115,3,3
2026-01-28 09:44:38.676596,0x433abf20,13.265,62.5,5.75,-75,1769622271,3,3
2026-01-28 09:45:37.917118,0x433b0b38,13.2425,71.25,5.75,-72,1769622330,5,5
2026-01-28 09:47:04.428646,0x433acb14,13.24375,76.25,2.75,-93,1769622417,3,3
2026-01-28 09:49:40.846722,0x433abf20,13.2675,65.0,5.75,-75,1769622573,3,3
2026-01-28 09:49:58.642161,0x433ad35c,13.26625,75.0,6.25,-54,1769622591,3,3
2026-01-28 09:50:38.477277,0x433b0b38,13.24625,61.25,5.75,-73,1769622631,5,5
2026-01-28 09:51:45.228623,0x433b0098,13.2375,62.5,5.5,-61,1769622697,2,2
2026-01-28 09:52:05.296343,0x433acb14,13.245,62.5,3.25,-94,1769622717,3,3
2026-01-28 09:54:41.843158,0x433abf20,13.265,65.0,6.0,-75,1769622874,3,3
2026-01-28 09:55:39.958526,0x433b0b38,13.24625,62.5,5.75,-73,1769622932,5,5
2026-01-28 09:57:06.935105,0x433acb14,13.24625,62.5,3.25,-93,1769623019,3,3
2026-01-28 09:59:45.336780,0x433abf20,13.26125,73.75,5.75,-75,1769623177,3,3
2026-01-28 10:00:00.547303,0x433ad35c,13.26875,63.75,6.5,-53,1769623193,3,3
2026-01-28 10:00:41.132999,0x433b0b38,13.2475,61.25,5.5,-73,1769623233,5,5
2026-01-28 10:01:47.358885,0x433b0098,13.23875,61.25,5.75,-61,1769623299,2,2
2026-01-28 10:02:07.714244,0x433acb14,13.2425,75.0,4.25,-92,1769623320,3,3
2026-02-01 22:08:50.521554,0x433ad35c,13.11375,66.25,6.25,-53,1770012511,3,3
2026-02-01 22:09:25.388683,0x433b0b38,13.14875,72.5,5.75,-72,1770012546,5,5
2026-02-01 22:11:12.001241,0x433acb14,13.13125,66.25,5.0,-88,1770012653,3,3
2026-02-01 22:11:15.970483,0x433abf20,13.25125,62.5,5.0,-77,1770012657,3,3
2026-02-01 22:12:29.539284,0x433b0098,13.235,62.5,6.5,-60,1770012730,2,2
2026-02-01 22:14:27.038834,0x433b0b38,13.155,65.0,5.75,-72,1770012848,5,5
2026-02-01 22:16:13.311314,0x433acb14,13.13,61.25,3.75,-88,1770012954,3,3
2026-02-01 22:16:18.105229,0x433abf20,13.2475,72.5,5.75,-76,1770012959,3,3
2026-02-01 22:16:37.956284,0x433aad0c,13.25375,61.25,5.25,-75,1770012979,3,3
2026-02-01 22:18:53.387715,0x433ad35c,13.10875,77.5,5.75,-53,1770013114,3,3
2026-02-01 22:19:29.130016,0x433b0b38,13.1525,61.25,5.5,-72,1770013150,5,5
2026-02-01 22:21:13.878448,0x433acb14,13.12875,68.75,4.0,-89,1770013255,3,3
2026-02-01 22:21:19.554462,0x433abf20,13.2525,65.0,5.25,-76,1770013260,3,3
2026-02-01 22:22:32.401438,0x433b0098,13.22375,73.75,6.0,-61,1770013333,2,2
2026-02-01 22:24:29.519308,0x433b0b38,13.15125,65.0,5.75,-72,1770013450,5,5
2026-02-01 22:26:15.307208,0x433acb14,13.12875,61.25,4.0,-88,1770013556,3,3
2026-02-01 22:26:25.430491,0x433abf20,13.24875,76.25,5.5,-76,1770013566,3,3
2026-02-01 22:26:40.510588,0x433aad0c,13.2525,62.5,5.5,-76,1770013581,3,3
2026-02-01 22:28:54.962382,0x433ad35c,13.10875,97.5,5.5,-52,1770013716,3,3
2026-02-01 22:29:31.711340,0x433b0b38,13.15125,63.75,5.75,-72,1770013753,5,5
2026-02-01 22:31:16.028283,0x433acb14,13.10125,142.5,5.0,-89,1770013857,3,3
2026-02-01 22:31:20.134049,0x433abf20,13.25,63.75,5.75,-76,1770013861,3,3
2026-02-01 22:32:34.367013,0x433b0098,13.23125,65.0,6.25,-59,1770013935,2,2
2026-02-01 22:34:42.508534,0x433b0b38,13.14875,65.0,6.5,-74,1770014063,5,3
2026-02-01 22:36:18.444957,0x433acb14,13.13,62.5,4.25,-88,1770014159,3,3
2026-02-01 22:36:22.221573,0x433abf20,13.24875,63.75,5.5,-76,1770014163,3,3
2026-02-01 22:36:43.588413,0x433aad0c,13.2525,61.25,5.5,-76,1770014185,3,3
2026-02-01 22:38:57.510620,0x433ad35c,13.11,61.25,5.75,-53,1770014318,3,3
2026-02-01 22:39:34.532954,0x433b0b38,13.15,65.0,5.75,-72,1770014355,5,5
2026-02-01 22:41:18.735665,0x433acb14,13.1225,63.75,4.5,-88,1770014460,3,3
2026-02-01 22:41:26.198844,0x433abf20,13.24875,63.75,5.75,-76,1770014467,3,3
2026-02-01 22:42:37.505426,0x433b0098,13.23,62.5,5.75,-60,1770014538,2,2
2026-02-01 22:44:34.873483,0x433b0b38,13.1475,58.75,5.5,-72,1770014656,5,5
2026-02-01 22:46:20.978176,0x433acb14,13.125,66.25,4.0,-88,1770014762,3,3
2026-02-01 22:46:26.388948,0x433abf20,13.24875,62.5,5.5,-76,1770014767,3,3
2026-02-01 22:46:46.357918,0x433aad0c,13.25375,63.75,5.5,-76,1770014787,3,3
2026-02-01 22:48:05.337384,0x433af380,13.03875,68.75,6.5,-39,1770014866,3,3
2026-02-01 22:49:00.751608,0x433ad35c,13.10625,76.25,7.25,-53,1770014922,3,3
2026-02-01 22:49:37.113645,0x433b0b38,13.145,62.5,6.25,-72,1770014958,5,5
2026-02-01 22:51:21.348504,0x433acb14,13.125,65.0,4.5,-89,1770015062,3,3
2026-02-01 22:51:28.087419,0x433abf20,13.2475,63.75,5.75,-75,1770015069,3,3
2026-02-01 22:52:39.519242,0x433b0098,13.23375,58.75,5.5,-61,1770015140,2,2
2026-02-01 22:54:38.366660,0x433b0b38,13.14875,65.0,6.0,-73,1770015259,5,5
2026-02-01 22:56:24.400260,0x433abf20,13.2425,72.5,5.75,-77,1770015365,3,3
2026-02-01 22:56:27.571787,0x433acb14,13.12125,78.75,4.0,-88,1770015368,3,3
2026-02-01 22:56:49.169055,0x433aad0c,13.2525,61.25,5.75,-76,1770015390,3,3
2026-02-01 22:59:02.593391,0x433ad35c,13.1075,62.5,6.25,-52,1770015523,3,3
2026-02-01 22:59:40.476605,0x433b0b38,13.14,72.5,6.0,-60,1770015561,5,4
2026-02-01 23:01:24.728046,0x433abf20,13.245,73.75,4.75,-76,1770015666,3,3
2026-02-01 23:01:32.280076,0x433acb14,13.12625,62.5,6.25,-39,1770015673,3,2
2026-02-01 23:02:42.493355,0x433b0098,13.23125,62.5,6.25,-60,1770015743,2,2
2026-02-01 23:04:40.079119,0x433b0b38,13.14625,58.75,6.0,-72,1770015861,5,5
2026-02-01 23:06:25.788311,0x433acb14,13.1225,66.25,4.0,-88,1770015967,3,3
2026-02-01 23:06:29.433879,0x433abf20,13.25,66.25,5.5,-76,1770015970,3,3
2026-02-01 23:06:51.463779,0x433aad0c,13.24625,73.75,5.75,-76,1770015992,3,3
2026-01-28 13:02:34.047763,0x433b0098,13.2525,58.75,6.0,-61,1769634146,2,2
2026-01-28 13:02:57.825977,0x433acb14,13.25375,77.5,3.75,-92,1769634170,3,3
2026-01-28 13:05:29.959607,0x433abf20,13.27375,76.25,5.5,-76,1769634322,3,3
2026-01-28 13:06:19.985713,0x433b0b38,13.2475,73.75,6.0,-74,1769634372,5,5
2026-01-28 13:07:59.128932,0x433acb14,13.2575,63.75,3.0,-94,1769634471,3,3
2026-01-28 13:08:18.988270,0x433aad0c,13.68125,61.25,4.25,-89,1769634491,3,3
2026-01-28 13:10:30.865343,0x433abf20,13.2725,75.0,5.5,-77,1769634623,3,3
2026-01-28 13:10:55.503199,0x433ad35c,13.28375,58.75,5.75,-53,1769634647,3,3
2026-01-28 13:11:21.899064,0x433b0b38,13.25375,60.0,6.0,-73,1769634674,5,5
2026-01-28 13:12:36.527736,0x433b0098,13.245,85.0,6.0,-62,1769634748,2,2
2026-01-28 13:13:01.030517,0x433acb14,13.25625,63.75,4.0,-92,1769634773,3,3
2026-01-28 13:15:31.587873,0x433abf20,13.27625,61.25,5.75,-76,1769634923,3,3
2026-01-28 13:16:21.762906,0x433b0b38,13.25625,63.75,1.75,-72,1769634973,5,5
2026-01-28 13:18:00.867217,0x433acb14,13.2575,63.75,2.75,-94,1769635073,3,3
2026-01-28 13:18:21.888063,0x433aad0c,13.6425,72.5,4.5,-88,1769635094,3,3
2026-01-28 13:20:32.592516,0x433abf20,13.2775,65.0,5.25,-76,1769635224,3,3
2026-01-28 13:20:56.000142,0x433ad35c,13.28,71.25,6.25,-53,1769635248,3,3
2026-01-28 13:21:20.818335,0x433b0b38,13.25,73.75,5.75,-72,1769635273,5,5
2026-01-28 13:22:39.313291,0x433b0098,13.25375,57.5,5.5,-61,1769635351,2,2
2026-01-28 13:23:02.129827,0x433acb14,13.2575,67.5,1.75,-95,1769635374,3,3
2026-01-28 13:25:33.073863,0x433abf20,13.27625,61.25,5.5,-76,1769635525,3,3
2026-01-28 13:26:21.057329,0x433b0b38,13.255,65.0,5.75,-72,1769635573,5,5
2026-01-28 13:28:03.400697,0x433acb14,13.255,76.25,2.75,-93,1769635675,3,3
2026-01-28 13:28:23.049940,0x433aad0c,13.6125,73.75,3.75,-88,1769635695,3,3
2026-01-28 13:30:32.944031,0x433abf20,13.2775,62.5,5.5,-76,1769635825,3,3
2026-01-28 13:30:58.540717,0x433ad35c,13.27875,83.75,6.0,-53,1769635850,3,3
2026-01-28 13:31:21.531202,0x433b0b38,13.2525,76.25,5.5,-74,1769635873,5,5
2026-01-28 13:32:41.231654,0x433b0098,13.25625,62.5,6.0,-61,1769635953,2,2
2026-01-28 13:33:05.049863,0x433acb14,13.25375,76.25,2.0,-95,1769635977,3,3
2026-01-28 13:34:19.563782,0x433af380,13.2075,85.0,6.0,-39,1769636051,3,3
2026-01-28 13:35:36.394903,0x433abf20,13.2775,60.0,5.5,-75,1769636128,3,3
2026-01-28 13:36:23.654609,0x433b0b38,13.25375,63.75,5.75,-72,1769636175,5,5
2026-01-28 13:38:06.295647,0x433acb14,13.2525,72.5,3.5,-92,1769636278,3,3
2026-01-28 13:38:26.392503,0x433aad0c,13.58625,63.75,4.25,-89,1769636298,3,3
2026-01-28 13:40:36.697238,0x433abf20,13.27375,72.5,5.75,-76,1769636428,3,3
2026-01-28 13:41:01.079027,0x433ad35c,13.2825,65.0,6.25,-53,1769636453,3,3
2026-01-28 13:41:21.966211,0x433b0b38,13.23,120.0,6.0,-74,1769636474,5,5
2026-01-28 13:42:40.033214,0x433b0098,13.25375,61.25,5.75,-61,1769636552,2,2
2026-01-28 13:43:07.254005,0x433acb14,13.25625,62.5,4.25,-91,1769636579,3,3
2026-01-28 13:45:36.829267,0x433abf20,13.2775,63.75,5.5,-76,1769636729,3,3
2026-01-28 13:46:23.693651,0x433b0b38,13.25,72.5,5.75,-72,1769636775,5,5
2026-01-28 13:48:11.537070,0x433acb14,13.25875,66.25,4.25,-90,1769636883,3,3
2026-01-28 13:48:28.882405,0x433aad0c,13.5625,61.25,4.0,-87,1769636901,3,3
2026-01-28 13:50:42.474666,0x433abf20,13.27625,61.25,6.25,-53,1769637034,3,2
2026-01-28 13:51:04.270659,0x433ad35c,13.28375,65.0,6.5,-53,1769637056,3,3
2026-01-28 13:51:24.774446,0x433b0b38,13.25875,65.0,5.5,-73,1769637076,5,5
2026-01-28 13:52:41.354860,0x433b0098,13.255,62.5,5.75,-60,1769637153,2,2
2026-01-28 13:53:11.200932,0x433acb14,13.25375,75.0,3.25,-91,1769637183,3,3
2026-01-28 13:55:38.982885,0x433abf20,13.27875,63.75,6.0,-76,1769637331,3,3
2026-01-28 13:56:26.320575,0x433b0b38,13.25625,66.25,5.75,-71,1769637378,5,5
2026-01-28 13:58:12.329815,0x433acb14,13.2575,61.25,3.25,-93,1769637484,3,3
2026-01-28 13:58:31.147826,0x433aad0c,13.52375,78.75,4.0,-88,1769637503,3,3
2026-01-28 14:00:40.087598,0x433abf20,13.275,75.0,5.5,-77,1769637632,3,3
2026-01-28 14:01:06.964935,0x433ad35c,13.27625,91.25,6.25,-54,1769637659,3,3
2026-01-28 14:01:26.628564,0x433b0b38,13.25875,66.25,5.5,-73,1769637678,5,5
2026-02-02 00:09:21.253462,0x433ad35c,13.1,78.75,5.5,-53,1770019742,3,3
2026-02-02 00:09:58.060575,0x433b0b38,13.13,70.0,6.0,-72,1770019779,5,5
2026-02-02 00:11:37.626212,0x433abf20,13.24375,65.0,5.5,-76,1770019878,3,3
2026-02-02 00:11:46.979889,0x433acb14,13.11625,77.5,4.25,-88,1770019888,3,3
2026-02-02 00:12:57.462789,0x433b0098,13.2175,70.0,7.5,-60,1770019958,2,2
2026-02-02 00:14:59.453114,0x433b0b38,13.13625,66.25,5.5,-72,1770020080,5,5
2026-02-02 00:16:37.583526,0x433abf20,13.23875,73.75,5.25,-77,1770020178,3,3
2026-02-02 00:16:44.575391,0x433acb14,13.11375,73.75,3.75,-88,1770020185,3,3
2026-02-02 00:17:09.768176,0x433aad0c,13.2475,60.0,5.25,-75,1770020211,3,3
2026-02-02 00:19:25.950564,0x433ad35c,13.095,82.5,6.75,-54,1770020347,3,3
2026-02-02 00:20:01.723184,0x433b0b38,13.13375,65.0,5.25,-72,1770020382,5,5
2026-02-02 00:21:38.937437,0x433abf20,13.235,90.0,5.5,-76,1770020480,3,3
2026-02-02 00:21:47.680354,0x433acb14,13.115,75.0,4.0,-88,1770020488,3,3
2026-02-02 00:22:58.796365,0x433b0098,13.22375,63.75,7.25,-60,1770020560,2,2
2026-02-02 00:25:02.326394,0x433b0b38,13.1275,68.75,5.5,-72,1770020683,5,5
2026-02-02 00:26:39.736679,0x433abf20,13.2425,65.0,5.25,-76,1770020780,3,3
2026-02-02 00:26:48.479090,0x433acb14,13.11625,61.25,3.75,-87,1770020789,3,3
2026-02-02 00:27:12.187377,0x433aad0c,13.2475,63.75,6.0,-76,1770020813,3,3
2026-02-02 00:29:28.424087,0x433ad35c,13.09625,73.75,7.25,-52,1770020949,3,3
2026-02-02 00:30:03.637875,0x433b0b38,13.13,76.25,5.5,-72,1770020984,5,5
2026-02-02 00:31:40.351092,0x433abf20,13.24,77.5,5.25,-76,1770021081,3,3
2026-02-02 00:31:48.597845,0x433acb14,13.11625,61.25,3.75,-88,1770021089,3,3
2026-02-02 00:33:00.587994,0x433b0098,13.22125,60.0,7.75,-59,1770021161,2,2
2026-02-02 00:35:05.556183,0x433b0b38,13.1325,66.25,5.75,-73,1770021286,5,5
2026-02-02 00:36:40.563854,0x433abf20,13.24,62.5,5.25,-76,1770021381,3,3
2026-02-02 00:36:49.893743,0x433acb14,13.11375,77.5,3.75,-88,1770021391,3,3
2026-02-02 00:37:14.426054,0x433aad0c,13.24,71.25,5.25,-75,1770021415,3,3
2026-02-02 00:39:31.873249,0x433ad35c,13.09625,77.5,6.0,-53,1770021553,3,3
2026-02-02 00:40:06.173523,0x433b0b38,13.12625,71.25,6.25,-72,1770021587,5,5
2026-02-02 00:41:42.364238,0x433abf20,13.24375,62.5,5.75,-75,1770021683,3,3
2026-02-02 00:41:51.302644,0x433acb14,13.11125,77.5,4.25,-88,1770021692,3,3
2026-02-02 00:43:01.646493,0x433b0098,13.215,73.75,6.75,-60,1770021762,2,2
2026-02-02 00:45:07.442239,0x433b0b38,13.12625,71.25,6.0,-73,1770021888,5,5
2026-02-02 00:46:43.473229,0x433abf20,13.22,125.0,5.5,-75,1770021984,3,3
2026-02-02 00:46:52.741123,0x433acb14,13.11375,77.5,3.25,-87,1770021993,3,3
2026-02-02 00:47:18.206047,0x433aad0c,13.245,57.5,5.25,-75,1770022019,3,3
2026-02-02 00:48:17.864639,0x433af380,13.0075,82.5,6.25,-38,1770022079,3,3
2026-02-02 00:49:34.202569,0x433ad35c,13.095,71.25,6.5,-52,1770022155,3,3
2026-02-02 00:50:09.644305,0x433b0b38,13.13,65.0,5.75,-72,1770022190,5,5
2026-02-02 00:51:43.665058,0x433abf20,13.24,61.25,6.0,-76,1770022284,3,3
2026-02-02 00:51:55.713773,0x433acb14,13.115,66.25,4.25,-88,1770022296,3,3
2026-02-02 00:53:03.745092,0x433b0098,13.215,75.0,6.25,-61,1770022364,2,2
2026-02-02 00:55:10.867104,0x433b0b38,13.12875,63.75,6.0,-73,1770022492,5,5
2026-02-02 00:56:44.610005,0x433abf20,13.23875,76.25,6.0,-77,1770022585,3,3
2026-02-02 00:56:55.742098,0x433acb14,13.11125,78.75,4.0,-88,1770022596,3,3
2026-02-02 00:57:20.255911,0x433aad0c,13.24625,63.75,5.25,-76,1770022621,3,3
2026-02-02 00:59:38.032702,0x433ad35c,13.095,62.5,5.25,-60,1770022759,3,2
2026-02-02 01:00:12.355222,0x433b0b38,13.13,66.25,5.5,-72,1770022793,5,5
2026-02-02 01:01:44.563878,0x433abf20,13.24,66.25,5.5,-77,1770022885,3,3
2026-02-02 01:01:56.794126,0x433acb14,13.1125,73.75,4.0,-88,1770022897,3,3
2026-02-02 01:03:04.011834,0x433b0098,13.22125,62.5,6.5,-60,1770022965,2,2
2026-02-02 01:05:13.393638,0x433b0b38,13.1275,57.5,5.75,-72,1770023094,5,5
2026-02-02 01:06:45.977449,0x433abf20,13.23875,61.25,5.0,-76,1770023187,3,3
2026-02-02 01:06:57.772768,0x433acb14,13.115,63.75,4.0,-87,1770023198,3,3
2026-02-02 01:07:26.601923,0x433aad0c,13.24,73.75,5.5,-76,1770023227,3,3
2026-01-27 16:00:53.529480,0x433b0b38,13.26,63.75,6.0,-72,1769558447,5,5
2026-01-27 16:02:22.705353,0x433acb14,13.27375,72.5,4.0,-91,1769558537,3,3
2026-01-27 16:04:57.643022,0x433abf20,13.275,75.0,5.5,-75,1769558691,3,3
2026-01-27 16:05:10.481013,0x433ad35c,13.28625,60.0,6.0,-53,1769558704,3,3
2026-01-27 16:05:55.405729,0x433b0b38,13.26,58.75,6.5,-73,1769558749,5,5
2026-01-27 16:07:14.241274,0x433b0098,13.2525,58.75,7.0,-61,1769558828,2,2
2026-01-27 16:07:28.235455,0x433acb14,13.27625,76.25,2.75,-94,1769558842,3,3
2026-01-27 16:09:59.349967,0x433abf20,13.27875,63.75,5.75,-75,1769558993,3,3
2026-01-27 16:10:57.577843,0x433b0b38,13.26,72.5,6.25,-73,1769559051,5,5
2026-01-27 16:12:24.573900,0x433acb14,13.27625,75.0,3.75,-92,1769559138,3,3
2026-01-27 16:15:00.326318,0x433abf20,13.275,75.0,6.0,-77,1769559294,3,3
2026-01-27 16:15:13.234159,0x433ad35c,13.2875,63.75,6.5,-53,1769559307,3,3
2026-01-27 16:15:58.662877,0x433b0b38,13.25625,71.25,6.25,-71,1769559352,5,5
2026-01-27 16:17:18.647193,0x433b0098,13.2525,62.5,6.25,-61,1769559432,2,2
2026-01-27 16:17:25.502026,0x433acb14,13.275,73.75,-3.25,-101,1769559439,3,3
2026-01-27 16:20:01.774940,0x433abf20,13.28,65.0,5.0,-76,1769559596,3,3
2026-01-27 16:20:59.200079,0x433b0b38,13.26125,63.75,5.75,-72,1769559653,5,5
2026-01-27 16:22:26.199791,0x433acb14,13.28,66.25,3.75,-91,1769559740,3,3
2026-01-27 16:25:02.971345,0x433abf20,13.275,62.5,5.75,-75,1769559897,3,3
2026-01-27 16:25:15.633779,0x433ad35c,13.28625,57.5,5.75,-53,1769559909,3,3
2026-01-27 16:26:00.646166,0x433b0b38,13.26125,60.0,6.25,-72,1769559954,5,5
2026-01-27 16:27:19.688095,0x433b0098,13.24625,75.0,5.75,-61,1769560033,2,2
2026-01-27 16:27:27.144684,0x433acb14,13.27375,76.25,2.25,-95,1769560041,3,3
2026-01-27 16:30:04.212851,0x433abf20,13.27875,60.0,5.25,-76,1769560198,3,3
2026-01-27 16:30:22.138121,0x433af380,13.2175,67.5,6.75,-38,1769560216,3,3
2026-01-27 16:31:01.196578,0x433b0b38,13.2625,63.75,5.75,-73,1769560255,5,5
2026-01-27 16:32:29.124700,0x433acb14,13.28,61.25,3.75,-90,1769560343,3,3
2026-01-27 16:35:06.237236,0x433abf20,13.27625,71.25,5.5,-76,1769560500,3,3
2026-01-27 16:35:17.892924,0x433ad35c,13.28625,62.5,5.5,-54,1769560512,3,3
2026-01-27 16:36:03.480869,0x433b0b38,13.25625,75.0,6.25,-72,1769560557,5,5
2026-01-27 16:37:21.197597,0x433b0098,13.25375,57.5,6.5,-61,1769560635,2,2
2026-01-27 16:37:32.484806,0x433acb14,13.25625,126.25,3.75,-91,1769560646,3,3
2026-01-27 16:40:08.537072,0x433abf20,13.27875,62.5,5.75,-75,1769560802,3,3
2026-01-27 16:41:03.748397,0x433b0b38,13.25875,76.25,6.25,-72,1769560858,5,5
2026-01-27 16:42:30.957135,0x433acb14,13.2775,67.5,3.75,-91,1769560945,3,3
2026-01-27 16:45:10.021648,0x433abf20,13.28125,65.0,5.5,-76,1769561104,3,3
2026-01-27 16:45:20.881760,0x433ad35c,13.285,61.25,6.25,-52,1769561115,3,3
2026-01-27 16:46:07.425078,0x433b0b38,13.25875,75.0,6.0,-72,1769561161,5,5
2026-01-27 16:47:26.791107,0x433b0098,13.24625,73.75,6.0,-61,1769561241,2,2
2026-01-27 16:47:32.241856,0x433acb14,13.275,72.5,5.25,-90,1769561246,3,3
2026-01-27 16:50:08.951248,0x433abf20,13.28125,63.75,5.75,-76,1769561403,3,3
2026-01-27 16:51:06.996939,0x433b0b38,13.26125,58.75,6.25,-72,1769561461,5,5
2026-01-27 16:52:33.768228,0x433acb14,13.27875,61.25,3.75,-92,1769561548,3,3
2026-01-27 16:55:11.474592,0x433abf20,13.27625,75.0,6.0,-75,1769561705,3,3
2026-01-27 16:55:26.314676,0x433ad35c,13.2775,81.25,5.5,-54,1769561720,3,3
2026-01-27 16:56:09.532887,0x433b0b38,13.26375,61.25,6.0,-72,1769561763,5,5
2026-01-27 16:57:29.475876,0x433b0098,13.25375,61.25,6.25,-61,1769561843,2,2
2026-01-27 16:57:35.158627,0x433acb14,13.27375,76.25,3.0,-93,1769561849,3,3
2026-01-27 17:00:12.633239,0x433abf20,13.27875,65.0,6.25,-75,1769562006,3,3
2026-01-29 05:03:32.097262,0x433abf20,13.24375,73.75,5.75,-75,1769691802,3,3
2026-01-29 05:05:09.020873,0x433ad35c,13.24375,66.25,6.5,-56,1769691899,3,3
2026-01-29 05:05:30.705013,0x433b0b38,13.22375,72.5,6.25,-71,1769691921,5,5
2026-01-29 05:05:37.889037,0x433b0098,13.2175,62.5,6.25,-59,1769691928,2,2
2026-01-29 05:07:16.585304,0x433acb14,13.21125,66.25,4.5,-85,1769692027,3,3
2026-01-29 05:08:33.735623,0x433abf20,13.24875,68.75,6.0,-76,1769692104,3,3
2026-01-29 05:10:32.071150,0x433b0b38,13.225,73.75,6.0,-71,1769692222,5,5
2026-01-29 05:12:18.592128,0x433acb14,13.2125,66.25,4.75,-83,1769692329,3,3
2026-01-29 05:12:41.030515,0x433aad0c,13.2375,81.25,5.5,-75,1769692351,3,3
2026-01-29 05:13:35.221534,0x433abf20,13.25,66.25,5.75,-74,1769692405,3,3
2026-01-29 05:15:11.970026,0x433ad35c,13.24125,72.5,6.0,-55,1769692502,3,3
2026-01-29 05:15:33.214868,0x433b0b38,13.22375,72.5,5.5,-70,1769692523,5,5
2026-01-29 05:15:39.982265,0x433b0098,13.2175,60.0,5.75,-59,1769692530,2,2
2026-01-29 05:17:22.862284,0x433acb14,13.2125,66.25,4.5,-84,1769692633,3,3
2026-01-29 05:18:36.359241,0x433abf20,13.24375,72.5,5.75,-74,1769692706,3,3
2026-01-29 05:20:34.395500,0x433b0b38,13.23125,61.25,5.75,-71,1769692825,5,5
2026-01-29 05:22:21.559468,0x433acb14,13.21125,65.0,4.75,-84,1769692932,3,3
2026-01-29 05:22:43.420425,0x433aad0c,13.24,60.0,5.25,-76,1769692954,3,3
2026-01-29 05:23:39.082858,0x433abf20,13.24875,65.0,6.0,-74,1769693009,3,3
2026-01-29 05:25:14.057180,0x433ad35c,13.245,66.25,6.0,-55,1769693104,3,3
2026-01-29 05:25:35.958459,0x433b0b38,13.22875,62.5,5.5,-71,1769693126,5,5
2026-01-29 05:25:40.913462,0x433b0098,13.185,120.0,6.5,-60,1769693131,2,2
2026-01-29 05:27:24.360934,0x433acb14,13.20375,97.5,4.0,-84,1769693234,3,3
2026-01-29 05:28:38.726586,0x433abf20,13.2475,61.25,6.0,-75,1769693309,3,3
2026-01-29 05:30:36.272833,0x433b0b38,13.22875,57.5,5.5,-70,1769693426,5,5
2026-01-29 05:32:23.372346,0x433acb14,13.2125,65.0,4.5,-84,1769693533,3,3
2026-01-29 05:32:45.983904,0x433aad0c,13.24,60.0,6.0,-75,1769693556,3,3
2026-01-29 05:33:39.477569,0x433abf20,13.2475,76.25,5.75,-74,1769693610,3,3
2026-01-29 05:35:18.451214,0x433ad35c,13.245,66.25,6.5,-55,1769693709,3,3
2026-01-29 05:35:38.329870,0x433b0b38,13.22875,65.0,5.75,-71,1769693728,5,5
2026-01-29 05:35:44.961422,0x433b0098,13.2075,73.75,6.25,-60,1769693735,2,2
2026-01-29 05:36:20.134212,0x433af380,13.1725,68.75,6.0,-39,1769693770,3,3
2026-01-29 05:37:29.097542,0x433acb14,13.2075,76.25,5.0,-84,1769693839,3,3
2026-01-29 05:38:41.883668,0x433abf20,13.2475,65.0,6.25,-74,1769693912,3,3
2026-01-29 05:40:39.518315,0x433b0b38,13.2275,58.75,5.75,-70,1769694030,5,5
2026-01-29 05:42:26.380091,0x433acb14,13.18625,127.5,4.75,-84,1769694136,3,3
2026-01-29 05:42:51.022352,0x433aad0c,13.24,61.25,5.75,-75,1769694161,3,3
2026-01-29 05:43:41.787925,0x433abf20,13.245,75.0,6.25,-74,1769694212,3,3
2026-01-29 05:45:21.343091,0x433ad35c,13.24,75.0,6.0,-55,1769694311,3,3
2026-01-29 05:45:40.039398,0x433b0b38,13.22375,73.75,6.25,-71,1769694330,5,5
2026-01-29 05:45:45.221220,0x433b0098,13.2175,63.75,6.0,-59,1769694335,2,2
2026-01-29 05:47:28.072911,0x433acb14,13.21,62.5,4.75,-85,1769694438,3,3
2026-01-29 05:48:43.620113,0x433abf20,13.24375,73.75,6.75,-74,1769694514,3,3
2026-01-29 05:50:41.866840,0x433b0b38,13.22375,75.0,6.75,-71,1769694632,5,5
2026-01-29 05:52:30.869066,0x433acb14,13.2075,76.25,5.5,-85,1769694741,3,3
2026-01-29 05:52:55.182343,0x433aad0c,13.2375,75.0,5.5,-75,1769694765,3,3
2026-01-29 05:53:45.411022,0x433abf20,13.2475,65.0,6.25,-74,1769694816,3,3
2026-01-29 05:55:24.927017,0x433ad35c,13.24375,60.0,6.25,-55,1769694915,3,3
2026-01-29 05:55:42.563424,0x433b0b38,13.23125,66.25,6.0,-70,1769694933,5,5
2026-01-29 05:55:47.233978,0x433b0098,13.20875,72.5,6.75,-60,1769694937,2,2
2026-01-29 05:57:30.033142,0x433acb14,13.21,67.5,4.75,-85,1769695040,3,3
2026-01-29 05:58:47.295690,0x433abf20,13.2475,65.0,7.0,-75,1769695117,3,3
2026-01-29 06:00:44.513790,0x433b0b38,13.2275,60.0,6.0,-70,1769695235,5,5
2026-01-29 06:02:31.638951,0x433acb14,13.21125,65.0,4.5,-85,1769695342,3,3
2026-01-29 06:02:56.046260,0x433aad0c,13.24125,63.75,5.75,-74,1769695366,3,3
2026-01-26 09:59:57.433168,0x433b0098,13.2275,72.5,6.0,-60,1769450394,2,2
2026-01-26 10:02:38.574730,0x433abf20,13.2575,62.5,5.75,-77,1769450555,3,3
2026-01-26 10:02:55.802483,0x433b0b38,13.2375,72.5,1.0,-75,1769450573,5,5
2026-01-26 10:04:17.032991,0x433acb14,13.27875,77.5,-1.75,-99,1769450654,3,3
2026-01-26 10:07:07.828125,0x433ad35c,13.26625,61.25,7.5,-53,1769450825,3,3
2026-01-26 10:07:39.548009,0x433abf20,13.25375,72.5,5.5,-76,1769450856,3,3
2026-01-26 10:07:58.148401,0x433b0b38,13.24375,63.75,6.75,-74,1769450875,5,5
2026-01-26 10:09:21.798990,0x433acb14,13.28,78.75,0.25,-97,1769450959,3,3
2026-01-26 10:10:00.686217,0x433b0098,13.2275,73.75,6.25,-61,1769450997,2,2
2026-01-26 10:12:40.944522,0x433abf20,13.25375,76.25,5.5,-77,1769451158,3,3
2026-01-26 10:13:00.325304,0x433b0b38,13.24375,63.75,6.5,-74,1769451177,5,5
2026-01-26 10:14:21.336208,0x433acb14,13.28125,62.5,0.5,-96,1769451258,3,3
2026-01-26 10:17:10.380342,0x433ad35c,13.26625,76.25,5.75,-53,1769451427,3,3
2026-01-26 10:17:42.089162,0x433abf20,13.25875,66.25,5.75,-78,1769451459,3,3
2026-01-26 10:18:00.830702,0x433b0b38,13.24,75.0,7.5,-74,1769451478,5,5
2026-01-26 10:19:19.063440,0x433acb14,13.28375,63.75,-0.25,-97,1769451556,3,3
2026-01-26 10:20:01.659117,0x433b0098,13.2325,58.75,6.25,-61,1769451598,2,2
2026-01-26 10:22:42.754622,0x433abf20,13.26,62.5,5.0,-77,1769451759,3,3
2026-01-26 10:23:03.712969,0x433b0b38,13.23875,75.0,5.75,-73,1769451780,5,5
2026-01-26 10:24:20.899104,0x433acb14,13.28,73.75,2.0,-95,1769451858,3,3
2026-01-26 10:24:56.518937,0x433af380,13.17625,90.0,6.0,-39,1769451893,3,3
2026-01-26 10:27:12.935113,0x433ad35c,13.26625,76.25,6.25,-53,1769452030,3,3
2026-01-26 10:27:43.783527,0x433abf20,13.25625,75.0,5.5,-75,1769452060,3,3
2026-01-26 10:28:04.864608,0x433b0b38,13.24375,62.5,6.5,-74,1769452082,5,5
2026-01-26 10:29:22.063822,0x433acb14,13.2825,77.5,0.5,-96,1769452159,3,3
2026-01-26 10:30:04.511544,0x433b0098,13.23125,61.25,6.0,-60,1769452201,2,2
2026-01-26 10:32:44.637979,0x433abf20,13.25625,76.25,5.75,-76,1769452361,3,3
2026-01-26 10:33:06.730193,0x433b0b38,13.24,75.0,6.25,-75,1769452383,5,5
2026-01-26 10:34:22.960709,0x433acb14,13.2825,75.0,1.25,-96,1769452460,3,3
2026-01-26 10:37:19.690155,0x433ad35c,13.27,62.5,7.0,-54,1769452636,3,3
2026-01-26 10:37:45.804199,0x433abf20,13.26,60.0,5.75,-77,1769452662,3,3
2026-01-26 10:38:07.524834,0x433b0b38,13.2325,92.5,6.75,-73,1769452684,5,5
2026-01-26 10:39:25.334886,0x433acb14,13.285,68.75,3.0,-94,1769452762,3,3
2026-01-26 10:40:07.462263,0x433b0098,13.23,73.75,6.0,-62,1769452804,2,2
2026-01-26 10:42:50.013235,0x433abf20,13.255,75.0,6.5,-77,1769452967,3,3
2026-01-26 10:43:08.614534,0x433b0b38,13.23875,72.5,5.75,-75,1769452985,5,5
2026-01-26 10:44:25.617349,0x433acb14,13.2825,76.25,-1.25,-99,1769453062,3,3
2026-01-26 10:47:21.148511,0x433ad35c,13.27125,65.0,6.0,-53,1769453238,3,3
2026-01-26 10:47:50.274946,0x433abf20,13.25625,73.75,6.25,-76,1769453267,3,3
2026-01-26 10:48:10.510557,0x433b0b38,13.23875,73.75,7.0,-74,1769453287,5,5
2026-01-26 10:49:27.236843,0x433acb14,13.28125,73.75,-0.25,-98,1769453364,3,3
2026-01-26 10:50:09.551091,0x433b0098,13.22875,70.0,7.25,-60,1769453406,2,2
2026-01-26 10:52:50.078475,0x433abf20,13.2575,62.5,7.0,-77,1769453567,3,3
2026-01-26 10:53:12.809409,0x433b0b38,13.2425,61.25,6.0,-74,1769453589,5,5
2026-01-26 10:54:28.467135,0x433acb14,13.28625,62.5,4.25,-87,1769453665,3,3
2026-01-26 10:57:22.988597,0x433ad35c,13.27375,65.0,6.75,-53,1769453840,3,3
2026-01-26 10:57:50.483180,0x433abf20,13.26125,63.75,7.0,-77,1769453867,3,3
2026-01-26 10:58:14.370649,0x433b0b38,13.24125,75.0,6.0,-75,1769453891,5,5
2026-01-26 10:59:29.025332,0x433acb14,13.2875,66.25,-0.25,-98,1769453966,3,3
2026-01-27 03:01:38.255507,0x433ad35c,13.2575,62.5,7.0,-54,1769511693,3,3
2026-01-27 03:01:41.320880,0x433abf20,13.2525,71.25,6.0,-76,1769511696,3,3
2026-01-27 03:02:33.502229,0x433b0b38,13.24125,63.75,6.0,-73,1769511749,5,5
2026-01-27 03:03:49.028903,0x433acb14,13.26,61.25,6.5,-86,1769511824,3,3
2026-01-27 03:03:53.019174,0x433b0098,13.22125,75.0,5.5,-61,1769511828,2,2
2026-01-27 03:06:41.539034,0x433abf20,13.255,76.25,6.0,-77,1769511997,3,3
2026-01-27 03:07:32.377959,0x433b0b38,13.245,65.0,5.75,-72,1769512047,5,5
2026-01-27 03:11:42.902940,0x433abf20,13.25875,68.75,5.75,-76,1769512298,3,3
2026-01-27 03:11:46.333765,0x433ad35c,13.2575,63.75,7.0,-54,1769512301,3,3
2026-01-27 03:12:31.026469,0x433b0b38,13.24125,61.25,5.75,-72,1769512346,5,5
2026-01-27 03:13:52.250291,0x433b0098,13.19125,116.25,6.0,-59,1769512427,2,2
2026-01-27 03:13:54.554307,0x433acb14,13.26,67.5,5.75,-86,1769512430,3,3
2026-01-27 03:16:43.784112,0x433abf20,13.25625,65.0,5.75,-76,1769512599,3,3
2026-01-27 03:17:32.288794,0x433b0b38,13.23625,73.75,5.75,-73,1769512647,5,5
2026-01-27 03:18:56.840056,0x433acb14,13.26125,66.25,5.75,-86,1769512732,3,3
2026-01-27 03:21:43.026594,0x433ad35c,13.23625,141.25,5.75,-54,1769512898,3,3
2026-01-27 03:21:47.895894,0x433abf20,13.2575,63.75,5.25,-76,1769512903,3,3
2026-01-27 03:22:33.553101,0x433b0b38,13.24125,63.75,6.0,-72,1769512949,5,5
2026-01-27 03:23:54.631943,0x433acb14,13.26125,66.25,6.25,-86,1769513030,3,3
2026-01-27 03:23:58.492236,0x433b0098,13.22,73.75,6.0,-60,1769513034,2,2
2026-01-27 03:26:46.413744,0x433abf20,13.2575,61.25,5.5,-77,1769513201,3,3
2026-01-27 03:27:35.596103,0x433b0b38,13.2425,60.0,5.75,-72,1769513251,5,5
2026-01-27 03:27:56.554431,0x433af380,13.20125,71.25,6.5,-38,1769513272,3,3
2026-01-27 03:28:58.887842,0x433acb14,13.255,76.25,6.0,-86,1769513334,3,3
2026-01-27 03:31:45.869241,0x433ad35c,13.255,72.5,7.5,-53,1769513501,3,3
2026-01-27 03:31:50.729881,0x433abf20,13.2575,61.25,5.5,-76,1769513506,3,3
2026-01-27 03:32:37.032826,0x433b0b38,13.2375,73.75,5.5,-72,1769513552,5,5
2026-01-27 03:33:56.999712,0x433b0098,13.2175,73.75,5.75,-61,1769513632,2,2
2026-01-27 03:34:00.085291,0x433acb14,13.26,62.5,6.0,-87,1769513635,3,3
2026-01-27 03:36:49.102479,0x433abf20,13.2575,67.5,5.75,-77,1769513804,3,3
2026-01-27 03:37:37.334617,0x433b0b38,13.24125,60.0,5.75,-72,1769513852,5,5
2026-01-27 03:38:58.179808,0x433acb14,13.26,68.75,6.0,-86,1769513933,3,3
2026-01-27 03:41:49.067664,0x433ad35c,13.2575,67.5,7.25,-54,1769514104,3,3
2026-01-27 03:41:52.079054,0x433abf20,13.25375,73.75,5.5,-76,1769514107,3,3
2026-01-27 03:42:38.586711,0x433b0b38,13.235,77.5,5.75,-72,1769514154,5,5
2026-01-27 03:43:58.361928,0x433b0098,13.22625,63.75,5.75,-60,1769514233,2,2
2026-01-27 03:44:02.129821,0x433acb14,13.26,66.25,5.25,-86,1769514237,3,3
2026-01-27 03:46:51.308708,0x433abf20,13.24375,87.5,5.75,-76,1769514406,3,3
2026-01-27 03:47:39.860067,0x433b0b38,13.24,57.5,5.5,-72,1769514455,5,5
2026-01-27 03:49:05.649686,0x433acb14,13.26,65.0,6.0,-86,1769514541,3,3
2026-01-27 03:51:51.611573,0x433abf20,13.255,65.0,5.25,-77,1769514707,3,3
2026-01-27 03:51:54.856365,0x433ad35c,13.255,60.0,6.0,-55,1769514710,3,3
2026-01-27 03:52:41.115838,0x433b0b38,13.24125,57.5,6.0,-72,1769514756,5,5
2026-01-27 03:54:01.100972,0x433b0098,13.21625,76.25,6.0,-61,1769514836,2,2
2026-01-27 03:54:05.027748,0x433acb14,13.25625,73.75,6.25,-86,1769514840,3,3
2026-01-27 03:56:54.509300,0x433abf20,13.25625,61.25,5.5,-77,1769515010,3,3
2026-01-27 03:57:48.663719,0x433b0b38,13.23875,58.75,5.75,-72,1769515064,5,5
2026-01-27 03:59:04.328670,0x433acb14,13.26,62.5,6.0,-86,1769515139,3,3
2026-02-01 10:07:58.551668,0x433acb14,13.1225,66.25,3.25,-94,1769969261,3,3
2026-02-01 10:08:50.309076,0x433abf20,13.23,77.5,5.5,-76,1769969313,3,3
2026-02-01 10:10:07.975430,0x433b0098,13.205,62.5,5.75,-61,1769969390,2,2
2026-02-01 10:11:15.309213,0x433b0b38,13.14875,77.5,5.75,-74,1769969458,5,5
2026-02-01 10:12:59.440423,0x433acb14,13.1175,73.75,3.75,-92,1769969562,3,3
2026-02-01 10:13:24.565697,0x433aad0c,13.2275,73.75,5.75,-77,1769969587,3,3
2026-02-01 10:13:50.615761,0x433abf20,13.23,75.0,6.0,-76,1769969613,3,3
2026-02-01 10:15:42.875629,0x433ad35c,13.11125,66.25,6.5,-53,1769969725,3,3
2026-02-01 10:16:12.830573,0x433b0b38,13.145,62.5,5.75,-73,1769969755,5,5
2026-02-01 10:17:59.987279,0x433acb14,13.11875,75.0,4.0,-91,1769969862,3,3
2026-02-01 10:18:51.628831,0x433abf20,13.235,63.75,5.5,-76,1769969914,3,3
2026-02-01 10:20:10.468746,0x433b0098,13.1675,131.25,6.0,-61,1769969993,2,2
2026-02-01 10:21:15.592912,0x433b0b38,13.1525,63.75,5.5,-73,1769970058,5,5
2026-02-01 10:23:01.346436,0x433acb14,13.12625,63.75,1.75,-95,1769970164,3,3
2026-02-01 10:23:30.590525,0x433aad0c,13.23375,62.5,4.75,-78,1769970193,3,3
2026-02-01 10:23:51.907831,0x433abf20,13.235,65.0,5.75,-77,1769970214,3,3
2026-02-01 10:25:43.404928,0x433ad35c,13.1075,73.75,6.0,-53,1769970326,3,3
2026-02-01 10:26:21.804164,0x433b0b38,13.1475,70.0,5.75,-80,1769970364,5,4
2026-02-01 10:28:03.549408,0x433acb14,13.12625,61.25,4.0,-91,1769970466,3,3
2026-02-01 10:28:53.297543,0x433abf20,13.2325,76.25,5.75,-75,1769970515,3,3
2026-02-01 10:30:12.365083,0x433b0098,13.2075,61.25,6.25,-61,1769970595,2,2
2026-02-01 10:31:17.926203,0x433b0b38,13.14625,68.75,5.5,-73,1769970660,5,5
2026-02-01 10:33:03.941346,0x433acb14,13.12375,72.5,1.75,-95,1769970766,3,3
2026-02-01 10:33:29.409713,0x433aad0c,13.23,75.0,5.0,-80,1769970792,3,3
2026-02-01 10:33:54.781885,0x433abf20,13.23625,62.5,5.5,-76,1769970817,3,3
2026-02-01 10:35:46.371251,0x433ad35c,13.11125,65.0,7.25,-53,1769970929,3,3
2026-02-01 10:36:18.578264,0x433b0b38,13.14875,70.0,6.25,-74,1769970961,5,5
2026-02-01 10:38:05.982895,0x433acb14,13.12375,77.5,3.25,-93,1769971068,3,3
2026-02-01 10:38:54.048724,0x433abf20,13.23625,62.5,5.75,-75,1769971116,3,3
2026-02-01 10:40:14.238215,0x433b0098,13.2025,71.25,6.25,-60,1769971196,2,2
2026-02-01 10:41:20.669342,0x433b0b38,13.14875,75.0,6.5,-74,1769971263,5,5
2026-02-01 10:43:06.821613,0x433acb14,13.1275,63.75,3.5,-91,1769971369,3,3
2026-02-01 10:43:34.711191,0x433aad0c,13.23375,60.0,4.75,-83,1769971397,3,3
2026-02-01 10:43:54.525307,0x433abf20,13.2375,62.5,5.75,-75,1769971417,3,3
2026-02-01 10:45:48.895520,0x433ad35c,13.11,72.5,6.25,-54,1769971531,3,3
2026-02-01 10:46:21.179848,0x433b0b38,13.1475,76.25,5.75,-74,1769971563,5,5
2026-02-01 10:46:31.766747,0x433af380,13.02125,82.5,6.0,-38,1769971574,3,3
2026-02-01 10:48:09.468114,0x433acb14,13.13,65.0,2.75,-94,1769971672,3,3
2026-02-01 10:48:57.031061,0x433abf20,13.23375,62.5,5.5,-76,1769971719,3,3
2026-02-01 10:50:15.493420,0x433b0098,13.205,73.75,5.75,-60,1769971798,2,2
2026-02-01 10:51:23.364279,0x433b0b38,13.15375,62.5,7.0,-73,1769971866,5,5
2026-02-01 10:53:11.068479,0x433acb14,13.12875,63.75,3.5,-92,1769971973,3,3
2026-02-01 10:53:35.604379,0x433aad0c,13.205,138.75,5.0,-84,1769971998,3,3
2026-02-01 10:53:56.009822,0x433abf20,13.24,60.0,5.5,-76,1769972018,3,3
2026-02-01 10:55:50.821589,0x433ad35c,13.11375,76.25,6.75,-54,1769972133,3,3
2026-02-01 10:56:24.920731,0x433b0b38,13.14875,73.75,5.75,-74,1769972167,5,5
2026-02-01 10:58:13.652797,0x433acb14,13.13,58.75,3.0,-94,1769972276,3,3
2026-02-01 10:58:57.679505,0x433abf20,13.23875,63.75,5.5,-75,1769972320,3,3
2026-02-01 11:00:16.251278,0x433b0098,13.21125,62.5,6.5,-62,1769972398,2,2
2026-02-01 11:01:25.179330,0x433b0b38,13.15625,63.75,6.0,-75,1769972467,5,5
2026-02-01 11:03:13.109888,0x433acb14,13.13125,62.5,3.5,-93,1769972575,3,3
2026-02-01 11:03:38.792052,0x433aad0c,13.2325,75.0,4.75,-82,1769972601,3,3
2026-02-01 11:03:57.293241,0x433abf20,13.24125,62.5,5.75,-75,1769972619,3,3
2026-02-01 11:05:53.477306,0x433ad35c,13.1175,63.75,6.0,-53,1769972736,3,3
2026-02-01 11:06:27.029087,0x433b0b38,13.14875,70.0,6.5,-75,1769972769,5,5
2026-01-31 13:07:20.266335,0x433acb14,13.16625,63.75,3.0,-94,1769893625,3,3
2026-01-31 13:07:42.578318,0x433aad0c,13.25,71.25,3.75,-90,1769893647,3,3
2026-01-31 13:09:47.662982,0x433abf20,13.26125,65.0,5.75,-76,1769893772,3,3
2026-01-31 13:10:06.767345,0x433ad35c,13.19375,75.0,6.25,-53,1769893791,3,3
2026-01-31 13:10:33.524873,0x433b0b38,13.2275,63.75,5.75,-73,1769893818,5,5
2026-01-31 13:12:22.406282,0x433acb14,13.16875,62.5,4.75,-90,1769893927,3,3
2026-01-31 13:14:49.248173,0x433abf20,13.26,76.25,5.5,-76,1769894074,3,3
2026-01-31 13:15:39.104955,0x433b0b38,13.22875,60.0,5.5,-73,1769894124,5,5
2026-01-31 13:16:05.807398,0x433b0098,13.225,71.25,6.0,-62,1769894150,2,2
2026-01-31 13:17:22.618104,0x433acb14,13.16375,77.5,2.5,-95,1769894227,3,3
2026-01-31 13:17:44.796766,0x433aad0c,13.2575,61.25,4.25,-91,1769894249,3,3
2026-01-31 13:19:50.937996,0x433abf20,13.26375,65.0,5.75,-75,1769894375,3,3
2026-01-31 13:20:09.800626,0x433ad35c,13.1975,61.25,6.5,-54,1769894394,3,3
2026-01-31 13:20:36.274727,0x433b0b38,13.22375,77.5,6.0,-73,1769894421,5,5
2026-01-31 13:22:25.713680,0x433acb14,13.1675,62.5,3.75,-91,1769894530,3,3
2026-01-31 13:24:52.703262,0x433abf20,13.25875,76.25,5.75,-76,1769894677,3,3
2026-01-31 13:25:37.523677,0x433b0b38,13.19875,136.25,6.0,-73,1769894722,5,5
2026-01-31 13:26:07.369806,0x433b0098,13.22875,70.0,6.25,-60,1769894752,2,2
2026-01-31 13:27:28.617666,0x433acb14,13.14375,127.5,1.25,-96,1769894833,3,3
2026-01-31 13:27:48.574695,0x433aad0c,13.25875,62.5,4.25,-90,1769894853,3,3
2026-01-31 13:29:52.332476,0x433abf20,13.26,73.75,5.5,-76,1769894977,3,3
2026-01-31 13:30:10.650166,0x433ad35c,13.1975,65.0,7.25,-53,1769894995,3,3
2026-01-31 13:30:39.170380,0x433b0b38,13.23125,66.25,5.75,-73,1769895024,5,5
2026-01-31 13:32:27.513059,0x433acb14,13.17,63.75,3.75,-90,1769895132,3,3
2026-01-31 13:34:53.335629,0x433abf20,13.26375,65.0,5.75,-76,1769895278,3,3
2026-01-31 13:35:40.459622,0x433b0b38,13.2275,76.25,6.0,-74,1769895325,5,5
2026-01-31 13:36:09.008261,0x433b0098,13.22625,72.5,5.75,-61,1769895353,2,2
2026-01-31 13:37:29.609744,0x433acb14,13.17,61.25,3.75,-92,1769895434,3,3
2026-01-31 13:37:49.777991,0x433aad0c,13.2525,71.25,3.5,-91,1769895454,3,3
2026-01-31 13:39:53.993864,0x433abf20,13.26125,75.0,6.0,-76,1769895578,3,3
2026-01-31 13:40:14.191310,0x433ad35c,13.19375,76.25,6.25,-54,1769895599,3,3
2026-01-31 13:40:45.736595,0x433b0b38,13.2275,75.0,5.25,-73,1769895630,5,5
2026-01-31 13:42:29.234712,0x433acb14,13.16625,77.5,1.5,-95,1769895734,3,3
2026-01-31 13:43:39.876582,0x433af380,13.1425,67.5,5.75,-37,1769895804,3,3
2026-01-31 13:44:55.418644,0x433abf20,13.2625,72.5,5.75,-75,1769895880,3,3
2026-01-31 13:45:43.838742,0x433b0b38,13.22625,71.25,5.75,-73,1769895928,5,5
2026-01-31 13:46:08.992446,0x433b0098,13.22875,71.25,6.75,-62,1769895953,2,2
2026-01-31 13:47:31.616749,0x433acb14,13.17,63.75,4.0,-92,1769896036,3,3
2026-01-31 13:47:57.273994,0x433aad0c,13.26125,60.0,3.75,-90,1769896062,3,3
2026-01-31 13:49:58.175253,0x433abf20,13.2625,72.5,5.5,-76,1769896183,3,3
2026-01-31 13:50:16.605237,0x433ad35c,13.19875,65.0,6.75,-53,1769896201,3,3
2026-01-31 13:50:48.133686,0x433b0b38,13.23375,62.5,5.75,-62,1769896233,5,4
2026-01-31 13:52:32.759677,0x433acb14,13.17125,66.25,2.75,-90,1769896337,3,3
2026-01-31 13:55:01.147202,0x433abf20,13.26625,65.0,5.25,-76,1769896486,3,3
2026-01-31 13:55:47.501017,0x433b0b38,13.23625,62.5,5.5,-72,1769896532,5,5
2026-01-31 13:56:11.765797,0x433b0098,13.23,73.75,6.25,-61,1769896556,2,2
2026-01-31 13:57:34.686035,0x433acb14,13.1725,66.25,2.5,-90,1769896639,3,3
2026-01-31 13:57:55.282307,0x433aad0c,13.26125,61.25,4.5,-88,1769896660,3,3
2026-01-31 13:59:59.251524,0x433abf20,13.26625,62.5,5.5,-76,1769896784,3,3
2026-01-31 14:00:18.658432,0x433ad35c,13.195,76.25,6.0,-53,1769896803,3,3
2026-01-31 14:00:48.584782,0x433b0b38,13.22125,86.25,6.0,-73,1769896833,5,5
2026-01-31 14:02:34.706721,0x433acb14,13.17125,63.75,3.25,-92,1769896939,3,3
2026-01-31 14:05:00.250356,0x433abf20,13.2675,63.75,6.0,-77,1769897085,3,3
2026-01-31 14:05:50.766470,0x433b0b38,13.22875,73.75,6.0,-73,1769897135,5,5
2026-01-31 14:06:11.713100,0x433b0098,13.2325,75.0,6.0,-62,1769897156,2,2
2026-01-26 07:02:03.332975,0x433abf20,13.26125,65.0,5.75,-76,1769439720,3,3
2026-01-26 07:02:07.822454,0x433b0b38,13.24,70.0,5.5,-75,1769439725,5,5
2026-01-26 07:03:26.790076,0x433acb14,13.27625,72.5,3.75,-88,1769439804,3,3
2026-01-26 07:06:20.052379,0x433ad35c,13.2625,88.75,6.75,-53,1769439977,3,3
2026-01-26 07:07:03.988271,0x433abf20,13.255,73.75,5.75,-76,1769440021,3,3
2026-01-26 07:07:13.504831,0x433b0b38,13.24375,62.5,4.0,-88,1769440030,5,4
2026-01-26 07:08:30.237155,0x433acb14,13.28,66.25,4.0,-88,1769440107,3,3
2026-01-26 07:09:13.432043,0x433b0098,13.235,63.75,6.25,-60,1769440150,2,2
2026-01-26 07:12:12.569267,0x433abf20,13.255,77.5,5.75,-76,1769440330,3,3
2026-01-26 07:12:17.687827,0x433b0b38,13.245,62.5,5.75,-76,1769440335,5,5
2026-01-26 07:13:30.198196,0x433acb14,13.28125,65.0,3.5,-87,1769440407,3,3
2026-01-26 07:16:23.209439,0x433ad35c,13.26125,78.75,6.25,-53,1769440580,3,3
2026-01-26 07:17:06.582353,0x433abf20,13.26,63.75,5.5,-76,1769440624,3,3
2026-01-26 07:17:15.329319,0x433b0b38,13.2475,76.25,6.0,-76,1769440632,5,5
2026-01-26 07:18:33.012805,0x433acb14,13.28125,63.75,4.25,-89,1769440710,3,3
2026-01-26 07:19:16.418614,0x433b0098,13.22625,70.0,7.0,-53,1769440753,2,1
2026-01-26 07:22:09.945805,0x433abf20,13.25875,61.25,5.5,-75,1769440927,3,3
2026-01-26 07:22:17.326001,0x433b0b38,13.2475,56.25,5.25,-76,1769440934,5,5
2026-01-26 07:23:32.995163,0x433acb14,13.28,65.0,4.5,-88,1769441010,3,3
2026-01-26 07:24:27.225544,0x433af380,13.20375,68.75,6.5,-38,1769441064,3,3
2026-01-26 07:26:25.738147,0x433ad35c,13.26125,76.25,6.5,-54,1769441183,3,3
2026-01-26 07:27:10.829157,0x433abf20,13.26,65.0,5.5,-76,1769441228,3,3
2026-01-26 07:27:15.873398,0x433b0b38,13.245,57.5,5.75,-76,1769441233,5,5
2026-01-26 07:28:35.089479,0x433acb14,13.2775,75.0,4.75,-86,1769441312,3,3
2026-01-26 07:29:17.364304,0x433b0098,13.23125,61.25,6.5,-59,1769441354,2,2
2026-01-26 07:32:12.522720,0x433abf20,13.2575,76.25,5.75,-75,1769441529,3,3
2026-01-26 07:32:15.437217,0x433b0b38,13.24125,68.75,5.5,-75,1769441532,5,5
2026-01-26 07:33:35.287219,0x433acb14,13.27875,63.75,4.0,-88,1769441612,3,3
2026-01-26 07:36:28.242329,0x433ad35c,13.2625,65.0,6.0,-54,1769441785,3,3
2026-01-26 07:37:11.367777,0x433abf20,13.255,73.75,5.5,-76,1769441828,3,3
2026-01-26 07:37:19.306169,0x433b0b38,13.24125,76.25,6.0,-75,1769441836,5,5
2026-01-26 07:38:36.025957,0x433acb14,13.28,65.0,5.5,-86,1769441913,3,3
2026-01-26 07:39:19.878177,0x433b0098,13.2275,71.25,5.75,-60,1769441957,2,2
2026-01-26 07:42:12.732115,0x433abf20,13.26,63.75,6.0,-75,1769442130,3,3
2026-01-26 07:42:17.957478,0x433b0b38,13.245,61.25,6.0,-76,1769442135,5,5
2026-01-26 07:43:37.332102,0x433acb14,13.27375,70.0,4.25,-87,1769442214,3,3
2026-01-26 07:46:34.043573,0x433ad35c,13.26375,86.25,6.0,-54,1769442391,3,3
2026-01-26 07:47:12.824359,0x433abf20,13.2525,78.75,6.0,-75,1769442430,3,3
2026-01-26 07:47:19.973862,0x433b0b38,13.24,73.75,5.75,-74,1769442437,5,5
2026-01-26 07:48:38.446033,0x433acb14,13.28125,67.5,4.5,-88,1769442515,3,3
2026-01-26 07:49:23.561565,0x433b0098,13.22625,72.5,7.25,-59,1769442560,2,2
2026-01-26 07:52:14.873030,0x433abf20,13.255,73.75,5.5,-76,1769442732,3,3
2026-01-26 07:52:21.114480,0x433b0b38,13.24125,72.5,5.5,-73,1769442738,5,5
2026-01-26 07:53:39.567846,0x433acb14,13.27875,62.5,4.5,-90,1769442816,3,3
2026-01-26 07:56:36.762500,0x433ad35c,13.2625,67.5,6.5,-53,1769442994,3,3
2026-01-26 07:57:14.996919,0x433abf20,13.2525,88.75,5.5,-77,1769443032,3,3
2026-01-26 07:57:22.653860,0x433b0b38,13.245,60.0,5.75,-73,1769443040,5,5
2026-01-26 07:58:44.519226,0x433acb14,13.27875,63.75,5.0,-89,1769443121,3,3
2026-01-26 07:59:25.160707,0x433b0098,13.22875,63.75,6.5,-60,1769443162,2,2
2026-01-25 19:59:10.437584,0x433b0b38,13.26125,63.75,5.75,-74,1769399948,5,5
2026-01-25 19:59:20.141528,0x433abf20,13.24875,123.75,6.0,-53,1769399958,3,2
2026-01-25 20:00:30.991199,0x433acb14,13.3125,66.25,3.0,-92,1769400029,3,3
2026-01-25 20:03:17.151668,0x433ad35c,13.27875,76.25,6.5,-53,1769400195,3,3
2026-01-25 20:04:14.332097,0x433b0b38,13.26125,57.5,6.0,-73,1769400252,5,5
2026-01-25 20:04:18.212187,0x433abf20,13.26375,76.25,6.0,-76,1769400256,3,3
2026-01-25 20:05:33.957212,0x433acb14,13.30875,80.0,3.25,-92,1769400332,3,3
2026-01-25 20:06:23.609000,0x433b0098,13.24625,61.25,6.0,-60,1769400382,2,2
2026-01-25 20:09:15.916773,0x433b0b38,13.26,63.75,5.5,-74,1769400554,5,5
2026-01-25 20:09:20.188500,0x433abf20,13.2675,65.0,6.25,-76,1769400558,3,3
2026-01-25 20:10:31.511104,0x433acb14,13.3125,68.75,3.75,-93,1769400630,3,3
2026-01-25 20:13:15.400824,0x433ad35c,13.2775,71.25,6.25,-54,1769400793,3,3
2026-01-25 20:14:17.236599,0x433b0b38,13.2575,66.25,5.75,-74,1769400855,5,5
2026-01-25 20:14:18.822625,0x433abf20,13.26875,62.5,5.75,-77,1769400857,3,3
2026-01-25 20:15:36.902045,0x433acb14,13.3125,65.0,3.75,-92,1769400935,3,3
2026-01-25 20:16:25.617812,0x433b0098,13.24875,65.0,6.25,-61,1769400984,2,2
2026-01-25 20:19:17.508998,0x433b0b38,13.255,73.75,6.0,-74,1769401156,5,5
2026-01-25 20:19:20.758560,0x433abf20,13.27,68.75,5.5,-76,1769401159,3,3
2026-01-25 20:20:34.820942,0x433acb14,13.31,65.0,4.0,-91,1769401233,3,3
2026-01-25 20:22:31.518543,0x433af380,13.21875,67.5,6.25,-38,1769401350,3,3
2026-01-25 20:23:18.124444,0x433ad35c,13.28125,70.0,6.25,-54,1769401396,3,3
2026-01-25 20:24:18.418614,0x433b0b38,13.25875,57.5,6.0,-73,1769401456,5,5
2026-01-25 20:24:22.559797,0x433abf20,13.2625,97.5,5.25,-77,1769401461,3,3
2026-01-25 20:25:39.841559,0x433acb14,13.30625,73.75,3.75,-92,1769401538,3,3
2026-01-25 20:26:27.162970,0x433b0098,13.24125,72.5,6.0,-60,1769401585,2,2
2026-01-25 20:29:19.409374,0x433b0b38,13.25375,70.0,5.5,-73,1769401757,5,5
2026-01-25 20:29:22.264732,0x433abf20,13.2675,62.5,6.0,-77,1769401760,3,3
2026-01-25 20:30:36.894224,0x433acb14,13.31,63.75,4.0,-91,1769401835,3,3
2026-01-25 20:33:21.352088,0x433ad35c,13.27875,66.25,5.75,-54,1769401999,3,3
2026-01-25 20:34:19.409564,0x433b0b38,13.26,58.75,6.25,-73,1769402057,5,5
2026-01-25 20:34:23.984779,0x433abf20,13.265,75.0,5.75,-76,1769402062,3,3
2026-01-25 20:35:38.160348,0x433acb14,13.30875,65.0,4.0,-93,1769402136,3,3
2026-01-25 20:36:30.518904,0x433b0098,13.25,58.75,6.0,-61,1769402188,2,2
2026-01-25 20:39:20.482479,0x433b0b38,13.2575,57.5,6.0,-74,1769402358,5,5
2026-01-25 20:39:25.866629,0x433abf20,13.265,73.75,5.25,-77,1769402364,3,3
2026-01-25 20:40:40.458705,0x433acb14,13.30875,61.25,3.5,-92,1769402438,3,3
2026-01-25 20:43:23.322502,0x433ad35c,13.27875,63.75,5.75,-53,1769402601,3,3
2026-01-25 20:44:21.745341,0x433b0b38,13.26,75.0,6.5,-74,1769402660,5,5
2026-01-25 20:44:26.895374,0x433abf20,13.2675,63.75,5.75,-77,1769402665,3,3
2026-01-25 20:45:42.767607,0x433acb14,13.31,65.0,4.0,-92,1769402741,3,3
2026-01-25 20:46:32.337777,0x433b0098,13.24375,66.25,6.0,-60,1769402790,2,2
2026-01-25 20:49:23.823677,0x433b0b38,13.2575,61.25,6.5,-73,1769402962,5,5
2026-01-25 20:49:29.013085,0x433abf20,13.265,77.5,5.5,-77,1769402967,3,3
2026-01-25 20:50:42.875154,0x433acb14,13.30875,63.75,3.75,-92,1769403041,3,3
2026-01-25 20:53:25.352801,0x433ad35c,13.27625,73.75,6.0,-53,1769403203,3,3
2026-01-25 20:54:30.008535,0x433abf20,13.245,152.5,5.5,-76,1769403268,3,3
2026-01-25 20:54:40.235340,0x433b0b38,13.26,62.5,5.75,-76,1769403278,5,4
2026-01-25 20:55:43.628997,0x433acb14,13.305,73.75,3.75,-92,1769403342,3,3
2026-01-25 20:56:34.980890,0x433b0098,13.2475,62.5,5.5,-61,1769403393,2,2
2026-02-01 07:08:27.697662,0x433abf20,13.23375,58.75,6.75,-75,1769958490,3,3
2026-02-01 07:09:25.475451,0x433b0098,13.20125,62.5,6.5,-59,1769958548,2,2
2026-02-01 07:10:22.722628,0x433b0b38,13.1575,71.25,6.0,-70,1769958605,5,5
2026-02-01 07:12:10.963888,0x433acb14,13.11375,60.0,6.0,-86,1769958714,3,3
2026-02-01 07:12:35.882145,0x433aad0c,13.22875,73.75,6.0,-75,1769958738,3,3
2026-02-01 07:13:21.711467,0x433abf20,13.23125,72.5,5.75,-74,1769958784,3,3
2026-02-01 07:14:52.211333,0x433ad35c,13.1,63.75,6.25,-56,1769958875,3,3
2026-02-01 07:15:25.151253,0x433b0b38,13.16,65.0,6.0,-71,1769958908,5,5
2026-02-01 07:17:12.022077,0x433acb14,13.115,65.0,5.75,-86,1769959015,3,3
2026-02-01 07:18:25.623496,0x433abf20,13.23125,72.5,6.25,-74,1769959088,3,3
2026-02-01 07:19:32.450992,0x433b0098,13.20125,63.75,6.0,-59,1769959155,2,2
2026-02-01 07:20:25.920173,0x433b0b38,13.1625,57.5,6.0,-70,1769959208,5,5
2026-02-01 07:22:14.274944,0x433acb14,13.115,63.75,5.75,-86,1769959317,3,3
2026-02-01 07:22:39.656507,0x433aad0c,13.22875,73.75,6.0,-75,1769959342,3,3
2026-02-01 07:23:25.463000,0x433abf20,13.22625,75.0,7.0,-75,1769959388,3,3
2026-02-01 07:24:55.763092,0x433ad35c,13.1,62.5,6.75,-55,1769959478,3,3
2026-02-01 07:25:26.819225,0x433b0b38,13.165,66.25,5.25,-70,1769959509,5,5
2026-02-01 07:27:15.579823,0x433acb14,13.11,80.0,6.25,-86,1769959618,3,3
2026-02-01 07:28:27.136501,0x433abf20,13.23375,66.25,6.0,-74,1769959690,3,3
2026-02-01 07:29:32.041414,0x433b0098,13.20125,63.75,6.25,-58,1769959755,2,2
2026-02-01 07:30:29.245840,0x433b0b38,13.1625,65.0,5.25,-70,1769959812,5,5
2026-02-01 07:32:16.731714,0x433acb14,13.11,73.75,6.25,-85,1769959919,3,3
2026-02-01 07:32:42.946361,0x433aad0c,13.2275,71.25,5.75,-75,1769959945,3,3
2026-02-01 07:33:26.310080,0x433abf20,13.2275,93.75,5.5,-74,1769959989,3,3
2026-02-01 07:34:57.311621,0x433ad35c,13.1,66.25,6.0,-55,1769960080,3,3
2026-02-01 07:35:30.399748,0x433b0b38,13.1425,72.5,6.0,-71,1769960113,5,5
2026-02-01 07:37:17.419031,0x433acb14,13.11,75.0,6.25,-85,1769960220,3,3
2026-02-01 07:38:26.752879,0x433abf20,13.225,65.0,6.0,-75,1769960289,3,3
2026-02-01 07:39:34.245545,0x433b0098,13.20125,63.75,6.25,-58,1769960357,2,2
2026-02-01 07:40:32.853611,0x433b0b38,13.15125,73.75,5.75,-71,1769960415,5,5
2026-02-01 07:42:18.447436,0x433acb14,13.11375,66.25,5.5,-86,1769960521,3,3
2026-02-01 07:42:43.725209,0x433aad0c,13.2275,75.0,5.75,-75,1769960546,3,3
2026-02-01 07:43:27.576374,0x433abf20,13.2325,62.5,6.0,-75,1769960590,3,3
2026-02-01 07:44:59.792381,0x433ad35c,13.0975,77.5,6.25,-55,1769960682,3,3
2026-02-01 07:45:33.009607,0x433b0b38,13.13125,131.25,5.0,-70,1769960716,5,5
2026-02-01 07:46:06.231765,0x433af380,13.02,67.5,6.25,-39,1769960749,3,3
2026-02-01 07:47:19.709704,0x433acb14,13.1125,63.75,6.0,-86,1769960822,3,3
2026-02-01 07:48:29.111770,0x433abf20,13.23,63.75,5.75,-74,1769960892,3,3
2026-02-01 07:49:39.386913,0x433b0098,13.1975,71.25,6.0,-59,1769960962,2,2
2026-02-01 07:50:34.511734,0x433b0b38,13.15875,66.25,6.0,-70,1769961017,5,5
2026-02-01 07:52:21.847679,0x433acb14,13.1125,67.5,5.5,-86,1769961124,3,3
2026-02-01 07:52:47.084256,0x433aad0c,13.2275,75.0,5.75,-75,1769961150,3,3
2026-02-01 07:53:28.881481,0x433abf20,13.2325,62.5,5.75,-75,1769961191,3,3
2026-02-01 07:55:03.921664,0x433ad35c,13.095,76.25,6.0,-55,1769961286,3,3
2026-02-01 07:55:36.654959,0x433b0b38,13.15625,63.75,6.0,-70,1769961319,5,5
2026-02-01 07:57:23.174809,0x433acb14,13.11375,66.25,5.5,-86,1769961426,3,3
2026-02-01 07:58:30.019454,0x433abf20,13.22875,75.0,5.5,-75,1769961492,3,3
2026-02-01 07:59:40.151108,0x433b0098,13.2025,61.25,6.25,-59,1769961563,2,2
2026-02-01 08:00:36.738778,0x433b0b38,13.1525,82.5,5.5,-71,1769961619,5,5
2026-02-01 08:02:23.495381,0x433acb14,13.10875,81.25,4.25,-86,1769961726,3,3
2026-02-01 08:02:49.805410,0x433aad0c,13.22625,72.5,5.25,-76,1769961752,3,3
2026-02-01 08:03:29.916049,0x433abf20,13.2275,70.0,5.75,-76,1769961792,3,3
2026-02-01 08:05:04.350671,0x433ad35c,13.09375,75.0,6.0,-55,1769961887,3,3
2026-02-01 08:05:40.341219,0x433b0b38,13.1575,63.75,5.5,-70,1769961923,5,5
2026-01-29 00:03:47.252548,0x433ad35c,13.25375,76.25,5.75,-54,1769673818,3,3
2026-01-29 00:04:11.098727,0x433b0b38,13.23875,75.0,5.75,-72,1769673842,5,5
2026-01-29 00:04:44.890019,0x433b0098,13.225,71.25,5.75,-60,1769673876,2,2
2026-01-29 00:05:58.010905,0x433acb14,13.225,70.0,4.5,-86,1769673949,3,3
2026-01-29 00:07:32.974687,0x433abf20,13.26,66.25,6.0,-76,1769674044,3,3
2026-01-29 00:09:10.227312,0x433b0b38,13.24125,60.0,5.5,-72,1769674141,5,5
2026-01-29 00:11:00.084707,0x433acb14,13.225,67.5,4.5,-85,1769674251,3,3
2026-01-29 00:11:17.942710,0x433aad0c,13.245,63.75,5.0,-76,1769674269,3,3
2026-01-29 00:12:31.789539,0x433abf20,13.255,73.75,6.0,-76,1769674342,3,3
2026-01-29 00:13:49.938316,0x433ad35c,13.25625,63.75,7.25,-54,1769674421,3,3
2026-01-29 00:14:11.187880,0x433b0b38,13.23625,73.75,5.75,-73,1769674442,5,5
2026-01-29 00:14:46.911361,0x433b0098,13.22625,71.25,5.75,-61,1769674478,2,2
2026-01-29 00:16:01.176809,0x433acb14,13.22125,75.0,5.25,-86,1769674552,3,3
2026-01-29 00:17:48.505517,0x433abf20,13.25375,71.25,6.0,-76,1769674659,3,3
2026-01-29 00:19:12.439847,0x433b0b38,13.24125,61.25,5.5,-73,1769674743,5,5
2026-01-29 00:21:02.687778,0x433acb14,13.22375,67.5,4.5,-85,1769674853,3,3
2026-01-29 00:21:20.168057,0x433aad0c,13.2425,62.5,5.5,-76,1769674871,3,3
2026-01-29 00:22:34.266390,0x433abf20,13.26,67.5,5.0,-76,1769674945,3,3
2026-01-29 00:23:53.880766,0x433ad35c,13.2525,73.75,6.5,-53,1769675025,3,3
2026-01-29 00:24:13.706759,0x433b0b38,13.24125,63.75,5.75,-72,1769675044,5,5
2026-01-29 00:24:48.345860,0x433b0098,13.23125,63.75,6.0,-60,1769675079,2,2
2026-01-29 00:26:03.834446,0x433acb14,13.22125,65.0,4.5,-85,1769675154,3,3
2026-01-29 00:27:34.999341,0x433abf20,13.2575,65.0,5.5,-77,1769675246,3,3
2026-01-29 00:29:14.967311,0x433b0b38,13.2375,75.0,6.25,-73,1769675346,5,5
2026-01-29 00:31:04.211503,0x433acb14,13.215,87.5,5.0,-85,1769675455,3,3
2026-01-29 00:31:23.501285,0x433aad0c,13.2425,72.5,5.25,-76,1769675474,3,3
2026-01-29 00:32:36.943365,0x433abf20,13.2575,63.75,6.0,-76,1769675548,3,3
2026-01-29 00:33:55.959909,0x433ad35c,13.25375,65.0,6.5,-54,1769675627,3,3
2026-01-29 00:34:16.438212,0x433b0b38,13.24125,63.75,5.75,-72,1769675647,5,5
2026-01-29 00:34:49.765165,0x433b0098,13.22625,75.0,7.0,-59,1769675680,2,2
2026-01-29 00:35:48.956889,0x433af380,13.1875,67.5,7.0,-38,1769675740,3,3
2026-01-29 00:36:05.799742,0x433acb14,13.22375,67.5,5.0,-86,1769675756,3,3
2026-01-29 00:37:36.499425,0x433abf20,13.24,123.75,6.0,-76,1769675847,3,3
2026-01-29 00:39:18.585699,0x433b0b38,13.235,68.75,5.75,-72,1769675949,5,5
2026-01-29 00:41:07.530239,0x433acb14,13.22375,65.0,5.0,-85,1769676058,3,3
2026-01-29 00:41:25.208667,0x433aad0c,13.24375,62.5,6.0,-76,1769676076,3,3
2026-01-29 00:42:41.299167,0x433abf20,13.2575,66.25,5.75,-77,1769676152,3,3
2026-01-29 00:43:59.518242,0x433ad35c,13.255,65.0,6.5,-54,1769676230,3,3
2026-01-29 00:44:20.591563,0x433b0b38,13.235,71.25,5.75,-72,1769676251,5,5
2026-01-29 00:44:51.850191,0x433b0098,13.22875,63.75,6.5,-61,1769676282,2,2
2026-01-29 00:46:10.300882,0x433acb14,13.22,90.0,4.75,-86,1769676361,3,3
2026-01-29 00:49:21.669716,0x433b0b38,13.23875,62.5,5.75,-72,1769676552,5,5
2026-01-29 00:51:10.030946,0x433acb14,13.19625,142.5,4.75,-85,1769676661,3,3
2026-01-29 00:51:27.825948,0x433aad0c,13.2425,57.5,5.5,-75,1769676678,3,3
2026-01-29 00:52:42.028452,0x433abf20,13.25375,75.0,5.75,-76,1769676753,3,3
2026-01-29 00:54:00.509402,0x433ad35c,13.2525,63.75,6.25,-54,1769676831,3,3
2026-01-29 00:54:21.599226,0x433b0b38,13.24,60.0,5.5,-72,1769676852,5,5
2026-01-29 00:54:53.306046,0x433b0098,13.22875,58.75,7.25,-59,1769676884,2,2
2026-01-29 00:56:12.155055,0x433acb14,13.22125,70.0,4.75,-85,1769676963,3,3
2026-01-29 00:57:44.519416,0x433abf20,13.2525,73.75,5.25,-77,1769677055,3,3
2026-01-29 00:59:23.494618,0x433b0b38,13.23625,76.25,6.0,-71,1769677154,5,5
2026-01-29 01:01:12.437862,0x433acb14,13.22,63.75,4.25,-85,1769677263,3,3
2026-01-29 01:01:30.413790,0x433aad0c,13.24375,61.25,5.75,-76,1769677281,3,3
2026-01-29 01:02:43.979754,0x433abf20,13.2525,76.25,5.75,-76,1769677355,3,3
2026-01-28 10:04:43.902910,0x433abf20,13.26375,63.75,6.0,-76,1769623476,3,3
2026-01-28 10:05:42.270712,0x433b0b38,13.2475,63.75,5.5,-72,1769623534,5,5
2026-01-28 10:07:09.690178,0x433acb14,13.24375,77.5,3.75,-92,1769623622,3,3
2026-01-28 10:09:48.172244,0x433abf20,13.265,62.5,6.0,-75,1769623780,3,3
2026-01-28 10:10:03.082443,0x433ad35c,13.27,63.75,5.75,-54,1769623795,3,3
2026-01-28 10:10:43.822720,0x433b0b38,13.2475,57.5,5.75,-72,1769623836,5,5
2026-01-28 10:11:51.995072,0x433b0098,13.24125,61.25,5.75,-61,1769623904,2,2
2026-01-28 10:12:11.895009,0x433acb14,13.24625,65.0,3.5,-93,1769623924,3,3
2026-01-28 10:14:47.066452,0x433abf20,13.245,133.75,5.75,-75,1769624079,3,3
2026-01-28 10:15:45.492997,0x433b0b38,13.25,61.25,5.75,-72,1769624138,5,5
2026-01-28 10:17:12.789849,0x433acb14,13.24875,65.0,2.75,-94,1769624225,3,3
2026-01-28 10:19:49.706849,0x433abf20,13.2625,77.5,5.75,-75,1769624382,3,3
2026-01-28 10:20:07.126083,0x433ad35c,13.27125,63.75,6.25,-54,1769624399,3,3
2026-01-28 10:20:48.659686,0x433b0b38,13.24625,63.75,6.0,-72,1769624441,5,5
2026-01-28 10:21:53.395880,0x433b0098,13.24125,63.75,6.25,-62,1769624505,2,2
2026-01-28 10:22:14.640405,0x433acb14,13.2425,72.5,3.0,-94,1769624527,3,3
2026-01-28 10:24:50.103783,0x433abf20,13.26125,76.25,6.0,-75,1769624682,3,3
2026-01-28 10:25:51.032688,0x433b0b38,13.24625,58.75,5.25,-60,1769624743,5,4
2026-01-28 10:27:14.551632,0x433acb14,13.24625,63.75,-0.75,-99,1769624827,3,3
2026-01-28 10:29:51.649867,0x433abf20,13.2675,60.0,5.75,-76,1769624984,3,3
2026-01-28 10:30:09.532536,0x433ad35c,13.27125,61.25,6.25,-54,1769625002,3,3
2026-01-28 10:30:49.806860,0x433b0b38,13.2425,75.0,6.0,-73,1769625042,5,5
2026-01-28 10:31:55.999919,0x433b0098,13.24125,61.25,6.25,-62,1769625108,2,2
2026-01-28 10:32:15.532810,0x433acb14,13.25125,66.25,2.5,-95,1769625128,3,3
2026-01-28 10:33:54.295152,0x433af380,13.1875,81.25,6.25,-38,1769625226,3,3
2026-01-28 10:34:52.340153,0x433abf20,13.265,62.5,5.75,-75,1769625284,3,3
2026-01-28 10:35:51.016104,0x433b0b38,13.2475,75.0,5.75,-72,1769625343,5,5
2026-01-28 10:37:17.440789,0x433acb14,13.24875,63.75,3.0,-93,1769625429,3,3
2026-01-28 10:39:54.811889,0x433abf20,13.2475,121.25,5.75,-75,1769625587,3,3
2026-01-28 10:40:12.167085,0x433ad35c,13.27125,63.75,6.5,-54,1769625604,3,3
2026-01-28 10:40:51.396451,0x433b0b38,13.24625,65.0,5.75,-73,1769625643,5,5
2026-01-28 10:41:58.269547,0x433b0098,13.23625,73.75,6.25,-62,1769625710,2,2
2026-01-28 10:42:18.386066,0x433acb14,13.24625,77.5,1.5,-95,1769625730,3,3
2026-01-28 10:44:55.742606,0x433abf20,13.26875,66.25,6.0,-75,1769625888,3,3
2026-01-28 10:45:55.744256,0x433b0b38,13.24875,61.25,6.25,-72,1769625948,5,5
2026-01-28 10:47:19.926074,0x433acb14,13.25,65.0,4.0,-91,1769626032,3,3
2026-01-28 10:49:57.492002,0x433abf20,13.26375,70.0,5.5,-76,1769626189,3,3
2026-01-28 10:50:14.072203,0x433ad35c,13.26875,77.5,6.5,-53,1769626206,3,3
2026-01-28 10:50:54.547409,0x433b0b38,13.24625,62.5,6.0,-74,1769626247,5,5
2026-01-28 10:52:01.019248,0x433b0098,13.24125,60.0,5.75,-60,1769626313,2,2
2026-01-28 10:52:21.524672,0x433acb14,13.2475,62.5,4.75,-90,1769626333,3,3
2026-01-28 10:54:58.159414,0x433abf20,13.265,65.0,6.0,-75,1769626490,3,3
2026-01-28 10:55:55.383742,0x433b0b38,13.24875,62.5,5.75,-73,1769626547,5,5
2026-01-28 10:57:23.297289,0x433acb14,13.2475,76.25,2.5,-94,1769626635,3,3
2026-01-28 10:59:59.645799,0x433abf20,13.2675,63.75,5.5,-76,1769626792,3,3
2026-01-28 11:00:17.234471,0x433ad35c,13.27,75.0,6.25,-54,1769626809,3,3
2026-01-28 11:00:56.642204,0x433b0b38,13.24875,62.5,5.5,-74,1769626849,5,5
2026-01-28 11:02:03.919251,0x433b0098,13.24375,62.5,6.25,-62,1769626916,2,2
2026-01-27 11:00:59.344098,0x433acb14,13.26125,77.5,2.75,-93,1769540454,3,3
2026-01-27 11:03:41.695732,0x433abf20,13.255,63.75,5.25,-76,1769540616,3,3
2026-01-27 11:03:49.094154,0x433ad35c,13.26125,71.25,6.0,-53,1769540623,3,3
2026-01-27 11:04:38.491294,0x433b0b38,13.23625,63.75,6.0,-74,1769540673,5,5
2026-01-27 11:05:55.900915,0x433b0098,13.22375,62.5,6.0,-60,1769540750,2,2
2026-01-27 11:06:00.853120,0x433acb14,13.2675,67.5,2.75,-94,1769540755,3,3
2026-01-27 11:08:42.841956,0x433abf20,13.23625,126.25,5.75,-75,1769540917,3,3
2026-01-27 11:09:38.815466,0x433b0b38,13.23625,65.0,6.75,-74,1769540973,5,5
2026-01-27 11:11:00.937461,0x433acb14,13.2675,63.75,2.0,-95,1769541055,3,3
2026-01-27 11:13:52.336397,0x433ad35c,13.26625,65.0,6.5,-53,1769541227,3,3
2026-01-27 11:14:39.993121,0x433b0b38,13.23,71.25,6.5,-74,1769541274,5,5
2026-01-27 11:15:57.314808,0x433b0098,13.225,63.75,6.25,-61,1769541352,2,2
2026-01-27 11:16:03.927202,0x433acb14,13.2675,62.5,2.5,-94,1769541358,3,3
2026-01-27 11:18:43.662171,0x433abf20,13.25375,75.0,5.75,-75,1769541518,3,3
2026-01-27 11:19:40.902521,0x433b0b38,13.235,60.0,6.25,-75,1769541575,5,5
2026-01-27 11:21:04.110751,0x433acb14,13.2625,61.25,-1.25,-98,1769541658,3,3
2026-01-27 11:23:45.464602,0x433abf20,13.2525,73.75,6.0,-75,1769541820,3,3
2026-01-27 11:23:55.803552,0x433ad35c,13.26625,60.0,7.25,-54,1769541830,3,3
2026-01-27 11:24:42.401569,0x433b0b38,13.21,123.75,6.75,-74,1769541877,5,5
2026-01-27 11:25:58.847309,0x433b0098,13.22,73.75,6.25,-61,1769541953,2,2
2026-01-27 11:26:09.777696,0x433acb14,13.265,72.5,1.25,-96,1769541964,3,3
2026-01-27 11:28:47.139238,0x433abf20,13.2575,63.75,5.25,-75,1769542121,3,3
2026-01-27 11:29:25.849843,0x433af380,13.20125,71.25,6.25,-38,1769542160,3,3
2026-01-27 11:29:44.310507,0x433b0b38,13.235,60.0,6.0,-73,1769542179,5,5
2026-01-27 11:31:07.564889,0x433acb14,13.2725,65.0,4.0,-88,1769542262,3,3
2026-01-27 11:33:47.706431,0x433abf20,13.25875,63.75,5.75,-76,1769542422,3,3
2026-01-27 11:33:57.654280,0x433ad35c,13.265,75.0,6.0,-53,1769542432,3,3
2026-01-27 11:34:44.889905,0x433b0b38,13.23625,65.0,5.5,-72,1769542479,5,5
2026-01-27 11:36:01.131901,0x433b0098,13.22,71.25,6.0,-62,1769542555,2,2
2026-01-27 11:36:09.770511,0x433acb14,13.27125,65.0,1.75,-95,1769542564,3,3
2026-01-27 11:38:50.380424,0x433abf20,13.235,133.75,5.5,-75,1769542725,3,3
2026-01-27 11:39:46.026705,0x433b0b38,13.2375,62.5,5.75,-72,1769542780,5,5
2026-01-27 11:41:09.985745,0x433acb14,13.27,61.25,0.75,-96,1769542864,3,3
2026-01-27 11:43:50.868647,0x433abf20,13.25625,76.25,5.75,-75,1769543025,3,3
2026-01-27 11:44:00.512469,0x433ad35c,13.26625,75.0,6.75,-53,1769543035,3,3
2026-01-27 11:44:47.183208,0x433b0b38,13.22375,82.5,6.0,-72,1769543081,5,5
2026-01-27 11:46:04.219933,0x433b0098,13.2225,72.5,5.75,-66,1769543158,2,2
2026-01-27 11:46:12.282852,0x433acb14,13.27125,60.0,3.5,-92,1769543167,3,3
2026-01-27 11:48:51.405259,0x433abf20,13.26125,62.5,5.5,-75,1769543326,3,3
2026-01-27 11:49:48.439324,0x433b0b38,13.235,72.5,5.75,-73,1769543383,5,5
2026-01-27 11:51:12.446655,0x433acb14,13.26875,72.5,-4.75,-98,1769543467,3,3
2026-01-27 11:53:52.535084,0x433abf20,13.2575,75.0,6.25,-77,1769543627,3,3
2026-01-27 11:54:04.183147,0x433ad35c,13.27,63.75,6.0,-54,1769543638,3,3
2026-01-27 11:54:49.815494,0x433b0b38,13.23125,71.25,6.75,-73,1769543684,5,5
2026-01-27 11:56:06.381458,0x433b0098,13.23125,60.0,6.25,-62,1769543761,2,2
2026-01-27 11:56:13.243758,0x433acb14,13.2725,61.25,-4.0,-102,1769543767,3,3
2026-01-27 11:58:54.734352,0x433abf20,13.2625,61.25,6.0,-77,1769543929,3,3
2026-01-27 11:59:50.977918,0x433b0b38,13.235,73.75,5.75,-72,1769543985,5,5
2026-01-28 19:02:48.078727,0x433b0b38,13.24375,71.25,6.0,-73,1769655759,5,5
2026-01-28 19:03:49.458008,0x433b0098,13.25625,63.75,6.0,-61,1769655821,2,2
2026-01-28 19:04:32.884867,0x433acb14,13.25,65.0,4.0,-89,1769655864,3,3
2026-01-28 19:06:37.552067,0x433abf20,13.27,73.75,5.5,-76,1769655989,3,3
2026-01-28 19:07:50.209854,0x433b0b38,13.25625,71.25,6.0,-74,1769656061,5,5
2026-01-28 19:09:35.369115,0x433acb14,13.24625,81.25,4.25,-89,1769656167,3,3
2026-01-28 19:09:58.668045,0x433aad0c,13.2525,70.0,5.5,-77,1769656190,3,3
2026-01-28 19:11:40.683351,0x433abf20,13.27,62.5,5.75,-76,1769656292,3,3
2026-01-28 19:12:29.175793,0x433ad35c,13.2725,75.0,5.5,-53,1769656340,3,3
2026-01-28 19:12:51.310528,0x433b0b38,13.2625,65.0,5.5,-73,1769656362,5,5
2026-01-28 19:13:48.807366,0x433b0098,13.2475,80.0,6.0,-61,1769656420,2,2
2026-01-28 19:14:38.386450,0x433acb14,13.2425,76.25,5.0,-88,1769656470,3,3
2026-01-28 19:16:42.679439,0x433abf20,13.2725,66.25,5.5,-76,1769656594,3,3
2026-01-28 19:17:50.824418,0x433b0b38,13.255,68.75,5.5,-72,1769656662,5,5
2026-01-28 19:19:39.530910,0x433acb14,13.245,75.0,4.0,-88,1769656771,3,3
2026-01-28 19:20:00.173241,0x433aad0c,13.2575,62.5,5.5,-75,1769656791,3,3
2026-01-28 19:21:42.579577,0x433abf20,13.2725,63.75,5.5,-76,1769656894,3,3
2026-01-28 19:22:30.352917,0x433ad35c,13.27625,61.25,5.75,-53,1769656941,3,3
2026-01-28 19:22:53.095391,0x433b0b38,13.25875,71.25,5.5,-73,1769656964,5,5
2026-01-28 19:23:50.758904,0x433b0098,13.22375,120.0,6.5,-60,1769657022,2,2
2026-01-28 19:24:38.573167,0x433acb14,13.24375,77.5,4.25,-88,1769657070,3,3
2026-01-28 19:26:43.866669,0x433abf20,13.2675,73.75,5.5,-75,1769657195,3,3
2026-01-28 19:27:57.067085,0x433b0b38,13.25875,56.25,6.25,-72,1769657268,5,5
2026-01-28 19:29:39.508606,0x433acb14,13.245,65.0,3.75,-87,1769657371,3,3
2026-01-28 19:30:04.235189,0x433aad0c,13.25125,72.5,5.75,-75,1769657395,3,3
2026-01-28 19:31:43.389812,0x433abf20,13.2725,65.0,5.5,-75,1769657494,3,3
2026-01-28 19:32:32.860402,0x433ad35c,13.2725,72.5,5.75,-53,1769657544,3,3
2026-01-28 19:32:58.225762,0x433b0b38,13.25875,61.25,6.5,-72,1769657569,5,5
2026-01-28 19:33:52.264468,0x433b0098,13.25125,62.5,6.5,-60,1769657623,2,2
2026-01-28 19:34:41.666364,0x433acb14,13.24375,77.5,4.75,-87,1769657673,3,3
2026-01-28 19:35:02.568230,0x433af380,13.2,83.75,6.25,-38,1769657694,3,3
2026-01-28 19:36:44.150279,0x433abf20,13.26875,73.75,5.25,-75,1769657795,3,3
2026-01-28 19:38:00.614747,0x433b0b38,13.25875,56.25,5.75,-74,1769657872,5,5
2026-01-28 19:39:43.174679,0x433acb14,13.24125,76.25,5.0,-87,1769657974,3,3
2026-01-28 19:40:07.934501,0x433aad0c,13.25,75.0,5.75,-75,1769657999,3,3
2026-01-28 19:41:46.956881,0x433abf20,13.27125,65.0,5.5,-76,1769658098,3,3
2026-01-28 19:42:36.157428,0x433ad35c,13.27625,63.75,6.25,-52,1769658147,3,3
2026-01-28 19:42:58.389027,0x433b0b38,13.25875,60.0,6.25,-73,1769658169,5,5
2026-01-28 19:43:53.119605,0x433b0098,13.2475,71.25,6.25,-60,1769658224,2,2
2026-01-28 19:44:44.027940,0x433acb14,13.2425,76.25,6.25,-87,1769658275,3,3
2026-01-28 19:46:46.245157,0x433abf20,13.27,65.0,5.5,-76,1769658397,3,3
2026-01-28 19:48:00.422637,0x433b0b38,13.25625,63.75,5.75,-73,1769658471,5,5
2026-01-28 19:49:46.015353,0x433acb14,13.24125,77.5,4.75,-86,1769658577,3,3
2026-01-28 19:50:10.863331,0x433aad0c,13.25,75.0,5.5,-75,1769658602,3,3
2026-01-28 19:51:47.947480,0x433abf20,13.27,63.75,5.5,-76,1769658699,3,3
2026-01-28 19:52:39.091093,0x433ad35c,13.2725,65.0,6.25,-54,1769658750,3,3
2026-01-28 19:53:04.759896,0x433b0b38,13.25375,68.75,6.25,-60,1769658776,5,4
2026-01-28 19:53:57.073975,0x433b0098,13.2475,73.75,6.0,-59,1769658828,2,2
2026-01-28 19:54:46.859705,0x433acb14,13.23875,77.5,5.75,-86,1769658878,3,3
2026-01-28 19:56:49.581791,0x433abf20,13.2675,72.5,5.5,-76,1769659001,3,3
2026-01-28 19:58:03.042307,0x433b0b38,13.25625,56.25,5.25,-73,1769659074,5,5
2026-01-28 19:59:47.976343,0x433acb14,13.24375,65.0,5.25,-86,1769659179,3,3
2026-01-28 20:00:12.543525,0x433aad0c,13.25,61.25,5.5,-76,1769659204,3,3
2026-01-28 20:01:50.646096,0x433abf20,13.27,62.5,5.5,-76,1769659302,3,3
2026-01-31 04:07:39.062642,0x433ad35c,13.19125,66.25,6.0,-55,1769861244,3,3
2026-01-31 04:07:53.879593,0x433abf20,13.2425,62.5,5.5,-76,1769861259,3,3
2026-01-31 04:08:09.237061,0x433b0b38,13.2175,77.5,5.75,-72,1769861275,5,5
2026-01-31 04:09:53.714339,0x433acb14,13.1475,77.5,6.25,-86,1769861379,3,3
2026-01-31 04:12:56.067816,0x433abf20,13.24125,75.0,5.5,-76,1769861561,3,3
2026-01-31 04:13:08.956967,0x433b0b38,13.2175,61.25,6.5,-71,1769861574,5,5
2026-01-31 04:14:19.447037,0x433b0098,13.21125,63.75,7.0,-60,1769861645,2,2
2026-01-31 04:14:58.437414,0x433acb14,13.14625,75.0,5.25,-86,1769861684,3,3
2026-01-31 04:15:22.049682,0x433aad0c,13.23875,73.75,5.75,-76,1769861707,3,3
2026-01-31 04:17:41.605943,0x433ad35c,13.19,62.5,6.0,-54,1769861847,3,3
2026-01-31 04:17:56.293441,0x433abf20,13.2425,62.5,5.25,-76,1769861862,3,3
2026-01-31 04:18:14.226173,0x433b0b38,13.215,71.25,5.75,-72,1769861880,5,5
2026-01-31 04:19:58.989465,0x433acb14,13.15125,62.5,5.5,-86,1769861984,3,3
2026-01-31 04:22:56.935391,0x433abf20,13.2425,63.75,5.5,-76,1769862162,3,3
2026-01-31 04:23:12.306418,0x433b0b38,13.215,75.0,6.0,-70,1769862178,5,5
2026-01-31 04:24:22.124570,0x433b0098,13.21375,62.5,6.5,-60,1769862247,2,2
2026-01-31 04:24:59.273216,0x433acb14,13.14625,80.0,5.25,-85,1769862285,3,3
2026-01-31 04:25:25.116047,0x433aad0c,13.2375,71.25,5.5,-75,1769862310,3,3
2026-01-31 04:27:44.147697,0x433ad35c,13.18625,77.5,6.0,-55,1769862450,3,3
2026-01-31 04:27:58.534587,0x433abf20,13.24375,66.25,5.5,-76,1769862464,3,3
2026-01-31 04:28:14.188250,0x433b0b38,13.2125,77.5,6.0,-72,1769862480,5,5
2026-01-31 04:29:59.944236,0x433acb14,13.15,65.0,5.75,-86,1769862585,3,3
2026-01-31 04:32:57.587652,0x433abf20,13.2425,63.75,5.5,-76,1769862763,3,3
2026-01-31 04:33:14.382449,0x433b0b38,13.21375,75.0,6.0,-71,1769862780,5,5
2026-01-31 04:34:24.501197,0x433b0098,13.20625,72.5,6.5,-60,1769862850,2,2
2026-01-31 04:35:02.071376,0x433acb14,13.1525,62.5,6.5,-86,1769862887,3,3
2026-01-31 04:35:29.080580,0x433aad0c,13.24125,63.75,5.5,-75,1769862914,3,3
2026-01-31 04:37:47.144392,0x433ad35c,13.185,72.5,6.25,-54,1769863052,3,3
2026-01-31 04:37:58.595110,0x433abf20,13.2425,61.25,5.75,-76,1769863064,3,3
2026-01-31 04:38:16.031477,0x433b0b38,13.21375,76.25,6.75,-70,1769863081,5,5
2026-01-31 04:40:04.063054,0x433acb14,13.145,75.0,6.0,-86,1769863189,3,3
2026-01-31 04:42:37.412181,0x433af380,13.13375,75.0,7.0,-38,1769863343,3,3
2026-01-31 04:43:01.815312,0x433abf20,13.2425,65.0,5.75,-75,1769863367,3,3
2026-01-31 04:43:21.077801,0x433b0b38,13.215,72.5,6.0,-70,1769863386,5,5
2026-01-31 04:44:25.240154,0x433b0098,13.2125,57.5,7.25,-59,1769863451,2,2
2026-01-31 04:45:04.854277,0x433acb14,13.14875,62.5,5.25,-86,1769863490,3,3
2026-01-31 04:45:33.948518,0x433aad0c,13.24125,75.0,5.25,-75,1769863519,3,3
2026-01-31 04:47:50.621440,0x433ad35c,13.18875,67.5,6.5,-56,1769863656,3,3
2026-01-31 04:48:02.113051,0x433abf20,13.24125,62.5,5.5,-75,1769863667,3,3
2026-01-31 04:48:17.861633,0x433b0b38,13.2125,75.0,6.25,-71,1769863683,5,5
2026-01-31 04:53:02.370652,0x433abf20,13.2425,66.25,5.5,-75,1769863968,3,3
2026-01-31 04:53:19.121599,0x433b0b38,13.21875,63.75,6.0,-70,1769863984,5,5
2026-01-31 04:54:30.375912,0x433b0098,13.21,60.0,5.75,-71,1769864056,2,1
2026-01-31 04:55:07.384386,0x433acb14,13.15,66.25,5.75,-85,1769864093,3,3
2026-01-31 04:55:31.420672,0x433aad0c,13.2375,73.75,5.25,-75,1769864117,3,3
2026-01-31 04:57:52.398558,0x433ad35c,13.1875,63.75,6.25,-55,1769864258,3,3
2026-01-31 04:58:06.165385,0x433abf20,13.24,77.5,5.25,-76,1769864271,3,3
2026-01-31 04:58:20.393473,0x433b0b38,13.2175,62.5,6.25,-70,1769864286,5,5
2026-01-31 05:00:11.645807,0x433acb14,13.14875,65.0,5.75,-86,1769864397,3,3
2026-01-31 05:03:05.949851,0x433abf20,13.23625,75.0,5.25,-76,1769864571,3,3
2026-01-31 05:03:22.513768,0x433b0b38,13.21625,58.75,6.25,-71,1769864588,5,5
2026-01-31 05:04:28.836876,0x433b0098,13.21125,62.5,6.0,-60,1769864654,2,2
2026-01-31 05:05:13.838821,0x433acb14,13.14875,66.25,5.75,-86,1769864699,3,3
2026-01-31 05:05:34.268921,0x433aad0c,13.23625,73.75,5.5,-76,1769864720,3,3
2026-01-30 06:07:13.426040,0x433b0b38,13.22375,60.0,6.25,-71,1769782021,5,5
2026-01-30 06:08:34.913821,0x433abf20,13.2425,73.75,7.0,-75,1769782103,3,3
2026-01-30 06:09:02.881642,0x433acb14,13.1775,76.25,4.0,-88,1769782131,3,3
2026-01-30 06:09:25.118789,0x433aad0c,13.24125,65.0,6.0,-76,1769782153,3,3
2026-01-30 06:10:16.689864,0x433b0098,13.2075,62.5,6.5,-60,1769782204,2,2
2026-01-30 06:11:46.685536,0x433ad35c,13.23375,75.0,6.0,-54,1769782294,3,3
2026-01-30 06:12:14.641082,0x433b0b38,13.225,63.75,5.75,-72,1769782322,5,5
2026-01-30 06:13:37.556169,0x433abf20,13.24625,65.0,6.25,-74,1769782405,3,3
2026-01-30 06:14:03.107392,0x433acb14,13.18125,63.75,4.25,-88,1769782431,3,3
2026-01-30 06:17:15.674420,0x433b0b38,13.21875,73.75,5.75,-73,1769782623,5,5
2026-01-30 06:18:37.432534,0x433abf20,13.245,63.75,6.0,-74,1769782705,3,3
2026-01-30 06:19:04.372732,0x433acb14,13.18,61.25,4.0,-87,1769782732,3,3
2026-01-30 06:19:26.180466,0x433aad0c,13.24375,66.25,6.0,-77,1769782754,3,3
2026-01-30 06:20:18.412734,0x433b0098,13.2125,58.75,7.0,-60,1769782806,2,2
2026-01-30 06:21:51.587545,0x433ad35c,13.23375,77.5,6.25,-54,1769782899,3,3
2026-01-30 06:22:17.252173,0x433b0b38,13.21875,73.75,6.0,-72,1769782925,5,5
2026-01-30 06:23:38.484051,0x433abf20,13.245,62.5,6.25,-74,1769783006,3,3
2026-01-30 06:24:05.828264,0x433acb14,13.1775,78.75,5.25,-90,1769783034,3,3
2026-01-30 06:27:18.459403,0x433b0b38,13.225,63.75,5.5,-72,1769783226,5,5
2026-01-30 06:28:38.849220,0x433abf20,13.24125,75.0,6.5,-74,1769783307,3,3
2026-01-30 06:29:12.849994,0x433acb14,13.18,61.25,4.0,-88,1769783341,3,3
2026-01-30 06:29:28.713562,0x433aad0c,13.2375,73.75,5.5,-76,1769783356,3,3
2026-01-30 06:30:20.910096,0x433b0098,13.21125,62.5,5.75,-59,1769783409,2,2
2026-01-30 06:31:53.948252,0x433ad35c,13.23625,66.25,5.75,-53,1769783502,3,3
2026-01-30 06:32:18.959546,0x433b0b38,13.2275,63.75,5.5,-72,1769783527,5,5
2026-01-30 06:33:40.670676,0x433abf20,13.23875,87.5,6.25,-74,1769783608,3,3
2026-01-30 06:34:11.162851,0x433acb14,13.18,61.25,5.25,-86,1769783639,3,3
2026-01-30 06:37:20.940256,0x433b0b38,13.22625,57.5,5.75,-73,1769783829,5,5
2026-01-30 06:38:41.838289,0x433abf20,13.245,73.75,6.25,-75,1769783910,3,3
2026-01-30 06:39:14.665809,0x433acb14,13.17875,65.0,4.25,-86,1769783942,3,3
2026-01-30 06:39:31.512102,0x433aad0c,13.24125,62.5,5.25,-76,1769783959,3,3
2026-01-30 06:39:44.521496,0x433af380,13.1575,68.75,6.75,-38,1769783972,3,3
2026-01-30 06:40:23.625364,0x433b0098,13.205,70.0,5.5,-59,1769784011,2,2
2026-01-30 06:41:56.553788,0x433ad35c,13.2375,65.0,6.0,-53,1769784104,3,3
2026-01-30 06:42:21.452719,0x433b0b38,13.22375,63.75,5.5,-73,1769784129,5,5
2026-01-30 06:43:41.161000,0x433abf20,13.24625,63.75,6.75,-75,1769784209,3,3
2026-01-30 06:44:11.322794,0x433acb14,13.17875,67.5,3.75,-88,1769784239,3,3
2026-01-30 06:47:22.851136,0x433b0b38,13.21875,73.75,5.75,-73,1769784431,5,5
2026-01-30 06:48:42.644055,0x433abf20,13.245,62.5,5.5,-76,1769784510,3,3
2026-01-30 06:49:12.761674,0x433acb14,13.175,71.25,4.0,-88,1769784540,3,3
2026-01-30 06:49:34.197095,0x433aad0c,13.2425,58.75,5.25,-76,1769784562,3,3
2026-01-30 06:50:26.965206,0x433b0098,13.2125,63.75,6.5,-59,1769784615,2,2
2026-01-30 06:51:59.156605,0x433ad35c,13.2325,77.5,6.0,-55,1769784707,3,3
2026-01-30 06:52:23.972740,0x433b0b38,13.21875,81.25,5.5,-73,1769784732,5,5
2026-01-30 06:53:42.649423,0x433abf20,13.245,63.75,6.0,-74,1769784810,3,3
2026-01-30 06:54:14.877844,0x433acb14,13.18,61.25,4.75,-86,1769784843,3,3
2026-01-30 06:57:25.989472,0x433b0b38,13.22375,63.75,5.25,-74,1769785034,5,5
2026-01-30 06:58:45.919854,0x433abf20,13.245,65.0,7.0,-75,1769785114,3,3
2026-01-30 06:59:16.662351,0x433acb14,13.17875,63.75,4.25,-87,1769785144,3,3
2026-01-30 06:59:36.572712,0x433aad0c,13.23875,77.5,5.75,-76,1769785164,3,3
2026-01-30 07:00:28.535241,0x433b0098,13.21125,61.25,5.75,-61,1769785216,2,2
2026-01-30 07:02:01.588582,0x433ad35c,13.23125,63.75,6.0,-54,1769785309,3,3
2026-01-30 07:02:27.240921,0x433b0b38,13.22375,58.75,5.5,-73,1769785335,5,5
2026-01-30 07:03:45.811410,0x433abf20,13.225,121.25,5.5,-75,1769785413,3,3
2026-01-30 07:04:17.574534,0x433acb14,13.175,77.5,6.25,-86,1769785445,3,3
2026-02-01 02:07:26.006539,0x433abf20,13.24625,65.0,5.25,-76,1769940429,3,3
2026-02-01 02:08:35.556234,0x433b0098,13.2175,75.0,6.5,-60,1769940499,2,2
2026-02-01 02:09:02.595320,0x433b0b38,13.185,76.25,6.0,-72,1769940526,5,5
2026-02-01 02:10:50.330091,0x433acb14,13.1325,67.5,5.75,-86,1769940633,3,3
2026-02-01 02:11:12.902453,0x433aad0c,13.24125,61.25,6.0,-76,1769940656,3,3
2026-02-01 02:12:28.342648,0x433abf20,13.24625,62.5,5.75,-76,1769940731,3,3
2026-02-01 02:13:31.843193,0x433ad35c,13.12,106.25,6.0,-54,1769940795,3,3
2026-02-01 02:14:05.240096,0x433b0b38,13.18375,68.75,5.75,-72,1769940828,5,5
2026-02-01 02:15:52.657318,0x433acb14,13.1275,77.5,6.0,-86,1769940936,3,3
2026-02-01 02:17:27.740693,0x433abf20,13.245,62.5,5.25,-76,1769941031,3,3
2026-02-01 02:18:33.550306,0x433b0098,13.22,62.5,6.25,-60,1769941097,2,2
2026-02-01 02:19:05.103324,0x433b0b38,13.17875,76.25,5.5,-71,1769941128,5,5
2026-02-01 02:20:56.444099,0x433acb14,13.13125,66.25,5.5,-86,1769941239,3,3
2026-02-01 02:21:16.320583,0x433aad0c,13.24,71.25,5.5,-76,1769941259,3,3
2026-02-01 02:22:29.113734,0x433abf20,13.24375,62.5,5.75,-76,1769941332,3,3
2026-02-01 02:23:33.977666,0x433ad35c,13.1225,75.0,6.75,-54,1769941397,3,3
2026-02-01 02:24:06.366219,0x433b0b38,13.18125,70.0,5.75,-72,1769941429,5,5
2026-02-01 02:25:54.749791,0x433acb14,13.13125,62.5,6.25,-86,1769941538,3,3
2026-02-01 02:27:28.613551,0x433abf20,13.2425,62.5,6.0,-77,1769941632,3,3
2026-02-01 02:28:36.992751,0x433b0098,13.22,62.5,6.0,-61,1769941700,2,2
2026-02-01 02:29:07.787653,0x433b0b38,13.18375,61.25,6.0,-71,1769941731,5,5
2026-02-01 02:30:57.458019,0x433acb14,13.12875,72.5,5.5,-86,1769941840,3,3
2026-02-01 02:31:18.841733,0x433aad0c,13.24,60.0,5.5,-77,1769941862,3,3
2026-02-01 02:32:30.003751,0x433abf20,13.24375,65.0,5.25,-76,1769941933,3,3
2026-02-01 02:33:39.401546,0x433ad35c,13.12125,71.25,6.0,-55,1769942002,3,3
2026-02-01 02:34:10.040904,0x433b0b38,13.18875,62.5,6.0,-71,1769942033,5,5
2026-02-01 02:35:59.320641,0x433acb14,13.125,72.5,4.25,-88,1769942142,3,3
2026-02-01 02:37:29.642055,0x433abf20,13.23875,73.75,5.25,-77,1769942233,3,3
2026-02-01 02:38:38.080406,0x433b0098,13.21375,73.75,6.75,-60,1769942301,2,2
2026-02-01 02:39:10.300119,0x433b0b38,13.18125,77.5,5.75,-72,1769942333,5,5
2026-02-01 02:40:59.583526,0x433acb14,13.12875,62.5,5.0,-86,1769942443,3,3
2026-02-01 02:41:21.630158,0x433aad0c,13.2425,63.75,5.5,-76,1769942465,3,3
2026-02-01 02:42:30.281808,0x433abf20,13.24375,57.5,5.75,-77,1769942533,3,3
2026-02-01 02:43:40.137008,0x433ad35c,13.12125,65.0,5.75,-54,1769942603,3,3
2026-02-01 02:44:11.572453,0x433b0b38,13.18,73.75,6.0,-72,1769942635,5,5
2026-02-01 02:45:27.398307,0x433af380,13.035,80.0,6.5,-38,1769942710,3,3
2026-02-01 02:46:00.976338,0x433acb14,13.13,65.0,5.5,-85,1769942744,3,3
2026-02-01 02:47:34.086501,0x433abf20,13.24125,65.0,5.75,-77,1769942837,3,3
2026-02-01 02:48:38.542165,0x433b0098,13.21875,62.5,7.0,-59,1769942902,2,2
2026-02-01 02:49:13.556065,0x433b0b38,13.18375,75.0,6.5,-71,1769942937,5,5
2026-02-01 02:51:01.365675,0x433acb14,13.13,66.25,5.5,-87,1769943044,3,3
2026-02-01 02:51:24.421797,0x433aad0c,13.24125,60.0,5.5,-77,1769943067,3,3
2026-02-01 02:52:33.183905,0x433abf20,13.2425,66.25,5.5,-77,1769943136,3,3
2026-02-01 02:53:41.882014,0x433ad35c,13.11875,78.75,6.0,-55,1769943205,3,3
2026-02-01 02:54:14.099012,0x433b0b38,13.1875,65.0,6.25,-71,1769943237,5,5
2026-02-01 02:56:04.444409,0x433acb14,13.12875,66.25,5.75,-86,1769943347,3,3
2026-02-01 02:57:34.309811,0x433abf20,13.24,75.0,5.75,-76,1769943437,3,3
2026-02-01 02:58:41.336443,0x433b0098,13.21125,71.25,6.25,-59,1769943504,2,2
2026-02-01 02:59:15.359170,0x433b0b38,13.185,58.75,6.0,-71,1769943538,5,5
2026-02-01 03:01:04.482963,0x433acb14,13.1,143.75,5.75,-86,1769943647,3,3
2026-02-01 03:01:26.948978,0x433aad0c,13.2425,66.25,5.75,-76,1769943670,3,3
2026-02-01 03:02:34.643998,0x433abf20,13.24,77.5,5.25,-76,1769943738,3,3
2026-02-01 03:03:45.823452,0x433ad35c,13.12125,66.25,6.25,-55,1769943809,3,3
2026-02-01 03:04:16.621260,0x433b0b38,13.18,67.5,6.0,-71,1769943840,5,5
2026-02-01 03:06:05.460284,0x433acb14,13.12125,77.5,5.75,-86,1769943948,3,3
2026-01-28 21:02:58.068398,0x433ad35c,13.26875,63.75,5.75,-54,1769662969,3,3
2026-01-28 21:03:21.143227,0x433b0b38,13.25375,62.5,5.75,-74,1769662992,5,5
2026-01-28 21:04:08.321435,0x433b0098,13.245,60.0,6.25,-60,1769663039,2,2
2026-01-28 21:05:06.294661,0x433acb14,13.2375,66.25,6.25,-87,1769663097,3,3
2026-01-28 21:07:02.341985,0x433abf20,13.26625,61.25,5.25,-77,1769663213,3,3
2026-01-28 21:08:24.548300,0x433b0b38,13.24875,73.75,5.75,-73,1769663295,5,5
2026-01-28 21:10:11.616777,0x433acb14,13.23375,76.25,6.25,-86,1769663403,3,3
2026-01-28 21:10:30.478193,0x433aad0c,13.24375,72.5,5.25,-75,1769663421,3,3
2026-01-28 21:12:05.314487,0x433abf20,13.2675,65.0,6.0,-76,1769663516,3,3
2026-01-28 21:13:00.127562,0x433ad35c,13.26375,75.0,6.25,-54,1769663571,3,3
2026-01-28 21:13:23.593992,0x433b0b38,13.25,56.25,5.75,-73,1769663594,5,5
2026-01-28 21:14:11.961102,0x433b0098,13.24625,57.5,6.25,-61,1769663643,2,2
2026-01-28 21:15:08.432061,0x433acb14,13.2325,73.75,6.5,-86,1769663699,3,3
2026-01-28 21:17:04.584113,0x433abf20,13.265,75.0,5.0,-76,1769663815,3,3
2026-01-28 21:18:39.141433,0x433b0b38,13.2525,57.5,6.5,-74,1769663910,5,4
2026-01-28 21:20:09.796579,0x433acb14,13.22875,97.5,6.25,-86,1769664001,3,3
2026-01-28 21:20:34.017822,0x433aad0c,13.25125,65.0,5.25,-76,1769664025,3,3
2026-01-28 21:22:05.174248,0x433abf20,13.2625,101.25,5.75,-76,1769664116,3,3
2026-01-28 21:23:03.644837,0x433ad35c,13.2675,66.25,6.0,-54,1769664175,3,3
2026-01-28 21:23:26.299927,0x433b0b38,13.2475,72.5,6.25,-74,1769664197,5,5
2026-01-28 21:24:14.136874,0x433b0098,13.245,60.0,6.0,-54,1769664245,2,1
2026-01-28 21:25:10.991144,0x433acb14,13.2325,75.0,6.5,-86,1769664302,3,3
2026-01-28 21:27:06.462879,0x433abf20,13.255,81.25,6.25,-77,1769664417,3,3
2026-01-28 21:28:29.720798,0x433b0b38,13.245,77.5,5.75,-73,1769664501,5,5
2026-01-28 21:30:19.091494,0x433acb14,13.235,67.5,6.0,-87,1769664610,3,3
2026-01-28 21:30:36.091355,0x433aad0c,13.24875,62.5,5.5,-76,1769664627,3,3
2026-01-28 21:32:07.112221,0x433abf20,13.26375,77.5,5.25,-76,1769664718,3,3
2026-01-28 21:33:06.036739,0x433ad35c,13.26875,62.5,6.5,-54,1769664777,3,3
2026-01-28 21:33:29.703453,0x433b0b38,13.23625,80.0,5.5,-73,1769664801,5,5
2026-01-28 21:34:16.730934,0x433b0098,13.245,62.5,6.75,-59,1769664848,2,2
2026-01-28 21:35:13.177163,0x433af380,13.2,70.0,6.5,-38,1769664904,3,3
2026-01-28 21:35:15.186104,0x433acb14,13.23625,62.5,5.5,-87,1769664906,3,3
2026-01-28 21:37:10.440920,0x433abf20,13.26125,75.0,5.25,-77,1769665021,3,3
2026-01-28 21:38:31.636647,0x433b0b38,13.245,70.0,5.5,-73,1769665102,5,5
2026-01-28 21:40:20.596756,0x433acb14,13.23125,77.5,6.0,-85,1769665211,3,3
2026-01-28 21:40:38.508926,0x433aad0c,13.25,63.75,5.25,-77,1769665229,3,3
2026-01-28 21:42:09.593623,0x433abf20,13.26375,65.0,5.25,-76,1769665320,3,3
2026-01-28 21:43:07.181998,0x433ad35c,13.26625,62.5,7.0,-54,1769665378,3,3
2026-01-28 21:43:31.795945,0x433b0b38,13.25,60.0,5.25,-73,1769665403,5,5
2026-01-28 21:44:19.169798,0x433b0098,13.245,62.5,7.0,-60,1769665450,2,2
2026-01-28 21:45:19.291577,0x433acb14,13.23375,65.0,5.0,-86,1769665510,3,3
2026-01-28 21:47:10.578330,0x433abf20,13.265,63.75,6.0,-76,1769665621,3,3
2026-01-28 21:48:33.529345,0x433b0b38,13.24875,60.0,5.75,-73,1769665704,5,5
2026-01-28 21:50:18.374328,0x433acb14,13.235,67.5,5.25,-85,1769665809,3,3
2026-01-28 21:50:41.823508,0x433aad0c,13.24875,60.0,6.0,-76,1769665833,3,3
2026-01-28 21:52:10.313697,0x433abf20,13.2625,75.0,5.75,-77,1769665921,3,3
2026-01-28 21:53:11.846236,0x433ad35c,13.265,67.5,6.0,-54,1769665983,3,3
2026-01-28 21:53:35.837298,0x433b0b38,13.2475,56.25,5.25,-73,1769666007,5,5
2026-01-28 21:54:22.194137,0x433b0098,13.23875,73.75,6.5,-60,1769666053,2,2
2026-01-28 21:55:19.833566,0x433acb14,13.23125,72.5,5.75,-85,1769666111,3,3
2026-01-28 21:57:09.896608,0x433abf20,13.265,63.75,6.5,-77,1769666221,3,3
2026-01-28 21:58:37.388183,0x433b0b38,13.245,71.25,4.75,-73,1769666308,5,5
2026-01-28 22:00:22.139672,0x433acb14,13.23625,66.25,5.5,-85,1769666413,3,3
2026-01-28 22:00:44.009168,0x433aad0c,13.24375,71.25,5.25,-76,1769666435,3,3
2026-01-28 22:02:10.888420,0x433abf20,13.265,62.5,5.0,-77,1769666522,3,3
2026-02-03 05:12:02.134484,0x433abf20,13.12375,76.25,5.5,-75,1770124300,3,3
2026-02-03 05:12:43.484611,0x433b0b38,13.06875,62.5,6.0,-73,1770124341,5,5
2026-02-03 05:14:29.343453,0x433acb14,13.0825,75.0,4.5,-85,1770124447,3,3
2026-02-03 05:14:59.530060,0x433aad0c,13.225,61.25,5.5,-75,1770124477,3,3
2026-02-03 05:17:02.391033,0x433abf20,13.125,66.25,5.5,-75,1770124600,3,3
2026-02-03 05:17:12.772822,0x433ad35c,13.06875,62.5,6.0,-54,1770124610,3,3
2026-02-03 05:17:44.233277,0x433b0b38,13.06875,65.0,6.0,-72,1770124642,5,5
2026-02-03 05:18:47.175327,0x433b0098,13.1975,63.75,6.0,-60,1770124705,2,2
2026-02-03 05:19:31.939039,0x433acb14,13.08375,75.0,5.75,-85,1770124750,3,3
2026-02-03 05:22:05.274248,0x433abf20,13.11625,70.0,5.75,-76,1770124903,3,3
2026-02-03 05:22:46.325608,0x433b0b38,13.06375,75.0,5.75,-72,1770124944,5,5
2026-02-03 05:24:32.791572,0x433acb14,13.085,65.0,5.0,-85,1770125050,3,3
2026-02-03 05:25:01.280746,0x433aad0c,13.225,66.25,5.75,-76,1770125079,3,3
2026-02-03 05:27:05.457224,0x433abf20,13.125,66.25,5.5,-76,1770125203,3,3
2026-02-03 05:27:19.047507,0x433ad35c,13.06875,63.75,7.0,-54,1770125217,3,3
2026-02-03 05:27:46.749818,0x433b0b38,13.0625,75.0,5.5,-73,1770125244,5,5
2026-02-03 05:28:49.643332,0x433b0098,13.19375,63.75,6.75,-59,1770125307,2,2
2026-02-03 05:29:36.029337,0x433acb14,13.08125,75.0,4.25,-85,1770125354,3,3
2026-02-03 05:32:05.335944,0x433abf20,13.1225,61.25,5.75,-76,1770125503,3,3
2026-02-03 05:32:48.048895,0x433b0b38,13.06625,66.25,5.5,-72,1770125546,5,5
2026-02-03 05:34:36.436729,0x433acb14,13.08625,73.75,5.0,-86,1770125654,3,3
2026-02-03 05:35:04.894340,0x433aad0c,13.2225,61.25,5.5,-76,1770125683,3,3
2026-02-03 05:37:06.757972,0x433abf20,13.125,66.25,5.5,-76,1770125804,3,3
2026-02-03 05:37:19.337938,0x433ad35c,13.06875,67.5,6.5,-53,1770125817,3,3
2026-02-03 05:37:49.387439,0x433b0b38,13.06625,65.0,5.75,-72,1770125847,5,5
2026-02-03 05:38:52.313538,0x433b0098,13.1925,58.75,5.75,-59,1770125910,2,2
2026-02-03 05:39:36.781554,0x433acb14,13.08625,65.0,5.0,-86,1770125954,3,3
2026-02-03 05:42:08.766283,0x433abf20,13.1175,73.75,5.5,-75,1770126106,3,3
2026-02-03 05:42:51.849896,0x433b0b38,13.0675,63.75,5.75,-73,1770126149,5,5
2026-02-03 05:44:39.841509,0x433acb14,13.08625,68.75,5.25,-85,1770126257,3,3
2026-02-03 05:45:07.179798,0x433aad0c,13.21875,72.5,5.5,-76,1770126285,3,3
2026-02-03 05:47:09.745790,0x433abf20,13.115,77.5,5.5,-76,1770126407,3,3
2026-02-03 05:47:20.066375,0x433ad35c,13.06625,78.75,6.5,-53,1770126418,3,3
2026-02-03 05:48:02.688641,0x433b0b38,13.06875,66.25,5.5,-72,1770126460,5,5
2026-02-03 05:48:55.203311,0x433b0098,13.1875,75.0,6.0,-60,1770126513,2,2
2026-02-03 05:49:39.966837,0x433acb14,13.08,73.75,4.75,-85,1770126558,3,3
2026-02-03 05:52:10.250313,0x433abf20,13.12,65.0,5.5,-75,1770126708,3,3
2026-02-03 05:52:17.197367,0x433af380,12.98875,72.5,7.0,-38,1770126715,3,3
2026-02-03 05:52:54.065484,0x433b0b38,13.065,62.5,5.75,-72,1770126752,5,5
2026-02-03 05:54:40.374390,0x433acb14,13.085,62.5,5.25,-85,1770126858,3,3
2026-02-03 05:55:10.556062,0x433aad0c,13.2175,71.25,5.75,-76,1770126888,3,3
2026-02-03 05:57:13.505372,0x433abf20,13.11875,77.5,5.75,-76,1770127011,3,3
2026-02-03 05:57:23.478417,0x433ad35c,13.0675,66.25,6.5,-54,1770127021,3,3
2026-02-03 05:57:58.337969,0x433b0b38,13.065,66.25,5.75,-72,1770127056,5,5
2026-02-03 05:58:56.314030,0x433b0098,13.1825,80.0,6.0,-60,1770127114,2,2
2026-02-03 05:59:41.981731,0x433acb14,13.08375,68.75,5.5,-85,1770127160,3,3
2026-02-03 06:02:15.568505,0x433abf20,13.12,65.0,5.25,-75,1770127313,3,3
2026-02-03 06:02:57.289254,0x433b0b38,13.0625,75.0,6.0,-72,1770127355,5,5
2026-02-03 06:04:45.081859,0x433acb14,13.0825,63.75,6.0,-86,1770127463,3,3
2026-02-03 06:05:13.057852,0x433aad0c,13.2225,65.0,5.5,-75,1770127491,3,3
2026-02-03 06:07:20.711097,0x433abf20,13.1175,73.75,5.25,-75,1770127618,3,3
2026-02-03 06:07:25.618427,0x433ad35c,13.06375,73.75,6.75,-53,1770127623,3,3
2026-02-03 06:07:57.582677,0x433b0b38,13.06375,66.25,5.75,-72,1770127655,5,5
2026-02-03 06:08:56.924725,0x433b0098,13.18375,71.25,6.0,-60,1770127715,2,2
2026-01-30 21:05:46.197856,0x433ad35c,13.24,76.25,6.0,-53,1769835932,3,3
2026-01-30 21:06:12.512843,0x433b0b38,13.24375,73.75,5.75,-73,1769835959,5,5
2026-01-30 21:06:26.648117,0x433abf20,13.26375,62.5,5.75,-76,1769835973,3,3
2026-01-30 21:08:02.693997,0x433acb14,13.18,73.75,4.25,-88,1769836069,3,3
2026-01-30 21:11:14.523695,0x433b0b38,13.23875,71.25,5.5,-72,1769836261,5,5
2026-01-30 21:11:28.036392,0x433abf20,13.26375,65.0,5.5,-76,1769836274,3,3
2026-01-30 21:13:04.073683,0x433acb14,13.17875,75.0,4.0,-88,1769836370,3,3
2026-01-30 21:13:11.959690,0x433b0098,13.24,63.75,7.25,-60,1769836378,2,2
2026-01-30 21:13:25.510580,0x433aad0c,13.26625,63.75,5.25,-76,1769836392,3,3
2026-01-30 21:15:47.750657,0x433ad35c,13.23875,75.0,5.75,-53,1769836534,3,3
2026-01-30 21:16:15.902262,0x433b0b38,13.24625,65.0,6.0,-73,1769836562,5,5
2026-01-30 21:16:28.555299,0x433abf20,13.26375,67.5,5.5,-76,1769836575,3,3
2026-01-30 21:18:04.453427,0x433acb14,13.18,80.0,4.0,-87,1769836671,3,3
2026-01-30 21:21:16.846992,0x433b0b38,13.2425,60.0,5.5,-72,1769836863,5,5
2026-01-30 21:21:30.463157,0x433abf20,13.26125,68.75,5.5,-75,1769836877,3,3
2026-01-30 21:23:06.498744,0x433acb14,13.18125,68.75,4.0,-87,1769836973,3,3
2026-01-30 21:23:13.126348,0x433b0098,13.235,73.75,6.0,-59,1769836979,2,2
2026-01-30 21:23:28.721009,0x433aad0c,13.25875,73.75,5.5,-75,1769836995,3,3
2026-01-30 21:25:52.721318,0x433ad35c,13.23375,71.25,6.5,-53,1769837139,3,3
2026-01-30 21:26:17.495514,0x433b0b38,13.24375,58.75,5.75,-73,1769837164,5,5
2026-01-30 21:26:31.010998,0x433abf20,13.26625,63.75,6.0,-76,1769837177,3,3
2026-01-30 21:28:07.953168,0x433acb14,13.17875,76.25,4.75,-87,1769837274,3,3
2026-01-30 21:31:19.869601,0x433b0b38,13.245,61.25,6.25,-74,1769837466,5,5
2026-01-30 21:31:30.920397,0x433abf20,13.2425,126.25,5.5,-76,1769837477,3,3
2026-01-30 21:33:08.231371,0x433acb14,13.18125,66.25,4.5,-87,1769837574,3,3
2026-01-30 21:33:13.933974,0x433b0098,13.24,63.75,6.0,-59,1769837580,2,2
2026-01-30 21:33:31.597791,0x433aad0c,13.26125,61.25,5.5,-77,1769837598,3,3
2026-01-30 21:35:56.552479,0x433ad35c,13.23875,66.25,6.5,-54,1769837743,3,3
2026-01-30 21:36:20.032452,0x433b0b38,13.2475,66.25,5.75,-73,1769837766,5,5
2026-01-30 21:36:30.365088,0x433abf20,13.2575,76.25,5.5,-76,1769837776,3,3
2026-01-30 21:38:10.290529,0x433acb14,13.18,58.75,5.25,-86,1769837876,3,3
2026-01-30 21:41:22.217781,0x433b0b38,13.245,63.75,5.25,-73,1769838068,5,5
2026-01-30 21:41:31.798115,0x433abf20,13.26125,61.25,5.0,-75,1769838078,3,3
2026-01-30 21:41:46.122867,0x433af380,13.18875,72.5,6.75,-37,1769838092,3,3
2026-01-30 21:43:10.765436,0x433acb14,13.1825,66.25,5.25,-87,1769838177,3,3
2026-01-30 21:43:15.633549,0x433b0098,13.2375,63.75,5.75,-59,1769838182,2,2
2026-01-30 21:43:34.994781,0x433aad0c,13.26125,58.75,5.5,-75,1769838201,3,3
2026-01-30 21:45:57.660969,0x433ad35c,13.23625,66.25,5.75,-53,1769838344,3,3
2026-01-30 21:46:24.276407,0x433b0b38,13.2375,73.75,5.5,-73,1769838370,5,5
2026-01-30 21:46:32.158201,0x433abf20,13.2625,62.5,6.0,-77,1769838378,3,3
2026-01-30 21:48:13.950166,0x433acb14,13.17625,71.25,5.75,-86,1769838480,3,3
2026-01-30 21:51:24.043357,0x433b0b38,13.24125,63.75,5.75,-74,1769838670,5,5
2026-01-30 21:51:32.956631,0x433abf20,13.26,60.0,5.75,-76,1769838679,3,3
2026-01-30 21:53:14.797499,0x433acb14,13.17625,78.75,-6.75,-88,1769838781,3,3
2026-01-30 21:53:17.452779,0x433b0098,13.2375,61.25,5.75,-59,1769838783,2,2
2026-01-30 21:53:37.184455,0x433aad0c,13.26,63.75,5.75,-76,1769838803,3,3
2026-01-30 21:56:01.595018,0x433ad35c,13.235,66.25,6.5,-54,1769838948,3,3
2026-01-30 21:56:33.784490,0x433abf20,13.26125,65.0,6.0,-77,1769838980,3,3
2026-01-30 21:56:46.559849,0x433b0b38,13.24,73.75,6.0,-74,1769838993,5,4
2026-01-30 21:58:14.974093,0x433acb14,13.175,73.75,5.0,-86,1769839081,3,3
2026-01-30 22:01:28.319441,0x433b0b38,13.24,62.5,6.25,-73,1769839274,5,5
2026-01-30 22:01:36.987067,0x433abf20,13.2575,73.75,5.75,-76,1769839283,3,3
2026-01-30 22:03:17.318088,0x433acb14,13.1775,63.75,4.25,-87,1769839383,3,3
2026-01-30 22:03:19.831478,0x433b0098,13.20625,116.25,6.25,-60,1769839386,2,2
2026-01-30 22:03:40.046299,0x433aad0c,13.25625,72.5,5.5,-76,1769839406,3,3
2026-01-29 16:05:14.114459,0x433acb14,13.23875,76.25,1.5,-96,1769731503,3,3
2026-01-29 16:05:37.093959,0x433aad0c,13.2725,61.25,4.25,-88,1769731526,3,3
2026-01-29 16:06:05.402084,0x433abf20,13.26875,75.0,6.25,-75,1769731555,3,3
2026-01-29 16:07:48.829429,0x433b0098,13.25,76.25,6.25,-61,1769731658,2,2
2026-01-29 16:08:07.931411,0x433ad35c,13.2825,61.25,6.0,-54,1769731677,3,3
2026-01-29 16:08:27.628100,0x433b0b38,13.2575,72.5,6.0,-72,1769731697,5,5
2026-01-29 16:10:14.493745,0x433acb14,13.2425,67.5,2.5,-93,1769731804,3,3
2026-01-29 16:11:05.578768,0x433abf20,13.27375,63.75,5.75,-75,1769731855,3,3
2026-01-29 16:13:28.544038,0x433b0b38,13.23625,118.75,5.75,-72,1769731998,5,5
2026-01-29 16:15:16.423342,0x433acb14,13.24,65.0,3.0,-93,1769732106,3,3
2026-01-29 16:15:39.122330,0x433aad0c,13.27,76.25,4.75,-86,1769732128,3,3
2026-01-29 16:16:06.768454,0x433abf20,13.27375,60.0,6.0,-74,1769732156,3,3
2026-01-29 16:17:50.205926,0x433b0098,13.25,72.5,6.5,-61,1769732259,2,2
2026-01-29 16:18:06.113175,0x433ad35c,13.2825,63.75,6.0,-55,1769732275,3,3
2026-01-29 16:18:29.966391,0x433b0b38,13.2625,75.0,5.5,-73,1769732299,5,5
2026-01-29 16:20:17.014718,0x433acb14,13.23625,72.5,3.0,-93,1769732406,3,3
2026-01-29 16:21:08.442894,0x433abf20,13.27125,75.0,6.0,-75,1769732458,3,3
2026-01-29 16:23:30.322960,0x433b0b38,13.265,63.75,5.75,-72,1769732599,5,5
2026-01-29 16:25:19.654171,0x433acb14,13.24,77.5,3.0,-93,1769732709,3,3
2026-01-29 16:25:42.881476,0x433aad0c,13.275,65.0,6.0,-86,1769732732,3,3
2026-01-29 16:26:07.027185,0x433abf20,13.27,76.25,6.0,-74,1769732756,3,3
2026-01-29 16:27:53.485565,0x433b0098,13.2575,62.5,5.75,-62,1769732863,2,2
2026-01-29 16:28:07.911648,0x433ad35c,13.27875,77.5,6.0,-54,1769732877,3,3
2026-01-29 16:28:35.196088,0x433b0b38,13.25875,71.25,6.25,-72,1769732904,5,5
2026-01-29 16:30:20.990967,0x433acb14,13.23875,73.75,3.5,-92,1769733010,3,3
2026-01-29 16:31:11.406111,0x433abf20,13.27375,63.75,6.75,-74,1769733060,3,3
2026-01-29 16:33:33.451035,0x433b0b38,13.2325,128.75,5.75,-72,1769733203,5,5
2026-01-29 16:35:20.812770,0x433acb14,13.24125,76.25,3.75,-92,1769733310,3,3
2026-01-29 16:35:45.756973,0x433aad0c,13.2725,62.5,5.0,-82,1769733335,3,3
2026-01-29 16:36:09.065256,0x433abf20,13.27375,65.0,6.5,-75,1769733358,3,3
2026-01-29 16:37:49.324936,0x433af380,13.21875,71.25,5.75,-39,1769733458,3,3
2026-01-29 16:37:53.646953,0x433b0098,13.24875,78.75,5.5,-61,1769733463,2,2
2026-01-29 16:38:11.320613,0x433ad35c,13.28375,63.75,5.75,-52,1769733480,3,3
2026-01-29 16:38:34.473447,0x433b0b38,13.26625,63.75,6.25,-72,1769733504,5,5
2026-01-29 16:40:22.076361,0x433acb14,13.24625,65.0,3.75,-91,1769733611,3,3
2026-01-29 16:41:10.665359,0x433abf20,13.27375,65.0,6.0,-74,1769733660,3,3
2026-01-29 16:43:38.564390,0x433b0b38,13.265,56.25,6.0,-75,1769733808,5,4
2026-01-29 16:45:27.904785,0x433acb14,13.24375,67.5,3.75,-92,1769733917,3,3
2026-01-29 16:45:46.894981,0x433aad0c,13.27375,65.0,6.25,-80,1769733936,3,3
2026-01-29 16:46:11.064777,0x433abf20,13.26875,73.75,7.5,-75,1769733960,3,3
2026-01-29 16:47:54.965315,0x433b0098,13.25625,62.5,6.0,-61,1769734064,2,2
2026-01-29 16:48:13.993030,0x433ad35c,13.28375,65.0,6.0,-53,1769734083,3,3
2026-01-29 16:48:37.480658,0x433b0b38,13.26625,57.5,6.25,-71,1769734107,5,5
2026-01-29 16:50:25.486095,0x433acb14,13.2425,61.25,3.0,-91,1769734215,3,3
2026-01-29 16:51:11.481919,0x433abf20,13.26875,77.5,6.25,-75,1769734261,3,3
2026-01-29 16:53:40.975396,0x433b0b38,13.26,71.25,6.0,-72,1769734410,5,5
2026-01-29 16:55:26.902715,0x433acb14,13.24375,63.75,3.5,-91,1769734516,3,3
2026-01-29 16:55:52.540309,0x433aad0c,13.27375,65.0,5.5,-76,1769734542,3,3
2026-01-29 16:56:12.144088,0x433abf20,13.26875,72.5,6.25,-74,1769734561,3,3
2026-01-29 16:57:56.449666,0x433b0098,13.25625,63.75,6.25,-61,1769734665,2,2
2026-01-29 16:58:18.051002,0x433ad35c,13.2825,62.5,6.25,-54,1769734687,3,3
2026-01-29 16:58:41.665770,0x433b0b38,13.25875,71.25,5.75,-72,1769734711,5,5
2026-01-29 17:00:28.339819,0x433acb14,13.24,76.25,3.5,-91,1769734817,3,3
2026-01-29 17:01:13.371484,0x433abf20,13.275,62.5,5.75,-75,1769734862,3,3
2026-01-29 17:03:42.483777,0x433b0b38,13.2675,65.0,6.0,-72,1769735011,5,5
2026-01-30 05:06:56.202306,0x433b0b38,13.22625,58.75,5.75,-72,1769778404,5,5
2026-01-30 05:08:25.707213,0x433abf20,13.245,70.0,6.0,-75,1769778494,3,3
2026-01-30 05:08:46.974931,0x433acb14,13.17625,76.25,5.75,-87,1769778515,3,3
2026-01-30 05:09:08.892484,0x433aad0c,13.24375,61.25,6.25,-76,1769778537,3,3
2026-01-30 05:10:03.247618,0x433b0098,13.21625,63.75,6.5,-59,1769778591,2,2
2026-01-30 05:11:30.410012,0x433ad35c,13.23375,73.75,5.75,-54,1769778678,3,3
2026-01-30 05:11:57.838025,0x433b0b38,13.225,60.0,5.75,-72,1769778706,5,5
2026-01-30 05:13:26.687421,0x433abf20,13.24625,65.0,5.75,-75,1769778795,3,3
2026-01-30 05:13:47.726156,0x433acb14,13.18125,76.25,6.25,-86,1769778816,3,3
2026-01-30 05:16:59.116199,0x433b0b38,13.225,63.75,6.25,-73,1769779007,5,5
2026-01-30 05:18:27.828154,0x433abf20,13.24,77.5,5.75,-74,1769779096,3,3
2026-01-30 05:18:48.640368,0x433acb14,13.18125,63.75,5.0,-86,1769779116,3,3
2026-01-30 05:19:10.914108,0x433aad0c,13.2375,72.5,5.0,-77,1769779139,3,3
2026-01-30 05:20:06.242478,0x433b0098,13.20875,70.0,6.75,-60,1769779194,2,2
2026-01-30 05:21:33.624620,0x433ad35c,13.2375,63.75,6.5,-53,1769779281,3,3
2026-01-30 05:22:00.377902,0x433b0b38,13.22625,63.75,5.75,-72,1769779308,5,5
2026-01-30 05:23:27.603349,0x433abf20,13.24625,66.25,6.25,-75,1769779395,3,3
2026-01-30 05:23:51.223487,0x433acb14,13.18375,65.0,4.5,-87,1769779419,3,3
2026-01-30 05:27:02.707450,0x433b0b38,13.21875,70.0,5.75,-72,1769779610,5,5
2026-01-30 05:28:30.771651,0x433abf20,13.245,63.75,6.0,-75,1769779699,3,3
2026-01-30 05:28:52.042775,0x433acb14,13.18,72.5,4.25,-88,1769779720,3,3
2026-01-30 05:29:13.517941,0x433aad0c,13.2425,65.0,6.25,-76,1769779741,3,3
2026-01-30 05:30:10.824751,0x433b0098,13.21,71.25,5.75,-60,1769779799,2,2
2026-01-30 05:31:37.605496,0x433ad35c,13.23625,75.0,4.0,-54,1769779885,3,3
2026-01-30 05:32:02.922098,0x433b0b38,13.22125,73.75,5.25,-72,1769779911,5,5
2026-01-30 05:33:29.239546,0x433abf20,13.24625,66.25,5.75,-74,1769779997,3,3
2026-01-30 05:33:53.315786,0x433acb14,13.1825,62.5,5.5,-86,1769780021,3,3
2026-01-30 05:37:05.337563,0x433b0b38,13.225,63.75,5.5,-72,1769780213,5,5
2026-01-30 05:38:30.211371,0x433abf20,13.2475,66.25,6.25,-76,1769780298,3,3
2026-01-30 05:38:54.934672,0x433acb14,13.18125,63.75,4.5,-87,1769780323,3,3
2026-01-30 05:39:16.059499,0x433aad0c,13.2425,61.25,6.0,-76,1769780344,3,3
2026-01-30 05:39:34.449362,0x433af380,13.15375,71.25,6.0,-74,1769780362,3,2
2026-01-30 05:40:08.956893,0x433b0098,13.2075,73.75,6.25,-61,1769780397,2,2
2026-01-30 05:41:40.910645,0x433ad35c,13.23625,62.5,6.5,-54,1769780489,3,3
2026-01-30 05:42:07.254069,0x433b0b38,13.22375,63.75,5.75,-72,1769780515,5,5
2026-01-30 05:43:32.334201,0x433abf20,13.24625,63.75,6.0,-75,1769780600,3,3
2026-01-30 05:43:56.139343,0x433acb14,13.18,73.75,5.75,-87,1769780624,3,3
2026-01-30 05:47:08.345831,0x433b0b38,13.22625,67.5,6.0,-72,1769780816,5,5
2026-01-30 05:48:32.017174,0x433abf20,13.24125,76.25,6.0,-75,1769780900,3,3
2026-01-30 05:48:56.771102,0x433acb14,13.18125,65.0,5.5,-86,1769780925,3,3
2026-01-30 05:49:19.241438,0x433aad0c,13.2375,73.75,5.75,-77,1769780947,3,3
2026-01-30 05:50:11.229764,0x433b0098,13.18375,120.0,6.5,-60,1769780999,2,2
2026-01-30 05:51:42.478939,0x433ad35c,13.235,76.25,6.25,-53,1769781090,3,3
2026-01-30 05:52:08.254304,0x433b0b38,13.22625,63.75,6.0,-71,1769781116,5,5
2026-01-30 05:53:33.576165,0x433abf20,13.245,62.5,6.5,-74,1769781201,3,3
2026-01-30 05:53:58.339117,0x433acb14,13.17875,63.75,4.25,-87,1769781226,3,3
2026-01-30 05:57:10.983007,0x433b0b38,13.22,75.0,5.75,-72,1769781419,5,5
2026-01-30 05:58:34.315595,0x433abf20,13.245,61.25,5.75,-75,1769781502,3,3
2026-01-30 05:59:00.207296,0x433acb14,13.17875,68.75,4.0,-88,1769781528,3,3
2026-01-30 05:59:22.078240,0x433aad0c,13.2425,63.75,5.75,-77,1769781550,3,3
2026-01-30 06:00:15.654094,0x433b0098,13.2075,73.75,5.75,-60,1769781603,2,2
2026-01-30 06:01:44.968514,0x433ad35c,13.23625,65.0,6.0,-53,1769781693,3,3
2026-01-30 06:02:11.272811,0x433b0b38,13.21625,88.75,6.0,-72,1769781719,5,5
2026-01-30 06:03:35.117999,0x433abf20,13.245,63.75,6.0,-74,1769781803,3,3
2026-01-30 06:04:01.420562,0x433acb14,13.1775,77.5,4.5,-88,1769781829,3,3
2026-01-27 14:01:47.516614,0x433acb14,13.27375,76.25,5.75,-86,1769551302,3,3
2026-01-27 14:04:26.562659,0x433abf20,13.27625,62.5,5.75,-76,1769551461,3,3
2026-01-27 14:04:36.552970,0x433ad35c,13.2825,58.75,7.5,-53,1769551471,3,3
2026-01-27 14:05:24.656229,0x433b0b38,13.25,73.75,6.0,-72,1769551519,5,5
2026-01-27 14:06:42.510311,0x433b0098,13.23625,67.5,5.75,-62,1769551597,2,2
2026-01-27 14:06:48.936335,0x433acb14,13.2775,75.0,4.25,-89,1769551603,3,3
2026-01-27 14:09:28.075493,0x433abf20,13.27375,75.0,5.5,-75,1769551762,3,3
2026-01-27 14:10:25.379107,0x433b0b38,13.24875,71.25,6.5,-72,1769551819,5,5
2026-01-27 14:11:48.939665,0x433acb14,13.2825,65.0,4.0,-90,1769551903,3,3
2026-01-27 14:14:29.592415,0x433abf20,13.27625,65.0,6.25,-75,1769552064,3,3
2026-01-27 14:14:39.508268,0x433ad35c,13.28,71.25,6.5,-53,1769552074,3,3
2026-01-27 14:15:28.189999,0x433b0b38,13.255,58.75,6.75,-70,1769552122,5,5
2026-01-27 14:16:41.541808,0x433b0098,13.24,73.75,6.25,-62,1769552196,2,2
2026-01-27 14:16:51.153017,0x433acb14,13.28,61.25,2.0,-95,1769552205,3,3
2026-01-27 14:19:31.769520,0x433abf20,13.2675,90.0,5.5,-76,1769552366,3,3
2026-01-27 14:20:28.149501,0x433b0b38,13.25625,61.25,6.0,-72,1769552422,5,5
2026-01-27 14:21:51.570932,0x433acb14,13.27625,86.25,2.5,-95,1769552506,3,3
2026-01-27 14:24:33.431490,0x433abf20,13.2775,65.0,4.25,-75,1769552667,3,3
2026-01-27 14:24:43.381057,0x433ad35c,13.2825,80.0,6.0,-54,1769552677,3,3
2026-01-27 14:25:29.442240,0x433b0b38,13.25375,75.0,4.0,-72,1769552723,5,5
2026-01-27 14:26:45.862938,0x433b0098,13.24625,60.0,6.25,-62,1769552800,2,2
2026-01-27 14:26:53.177565,0x433acb14,13.27875,78.75,-10.5,-93,1769552807,3,3
2026-01-27 14:29:32.885591,0x433abf20,13.2775,60.0,4.25,-75,1769552967,3,3
2026-01-27 14:29:56.153841,0x433af380,13.21625,68.75,6.75,-38,1769552990,3,3
2026-01-27 14:30:31.301425,0x433b0b38,13.25375,67.5,4.0,-72,1769553025,5,5
2026-01-27 14:31:54.281925,0x433acb14,13.2775,78.75,3.25,-93,1769553108,3,3
2026-01-27 14:34:34.612390,0x433abf20,13.2725,73.75,7.0,-77,1769553269,3,3
2026-01-27 14:34:46.635615,0x433ad35c,13.285,60.0,7.0,-53,1769553281,3,3
2026-01-27 14:35:31.628239,0x433b0b38,13.25625,62.5,6.25,-72,1769553326,5,5
2026-01-27 14:36:48.045094,0x433b0098,13.2475,61.25,6.25,-61,1769553402,2,2
2026-01-27 14:37:01.335470,0x433acb14,13.28,61.25,2.5,-94,1769553415,3,3
2026-01-27 14:39:35.350516,0x433abf20,13.27625,62.5,5.5,-77,1769553569,3,3
2026-01-27 14:40:33.843647,0x433b0b38,13.24375,80.0,5.75,-73,1769553628,5,5
2026-01-27 14:41:59.566476,0x433acb14,13.27875,62.5,4.0,-92,1769553714,3,3
2026-01-27 14:44:36.362964,0x433abf20,13.2775,63.75,5.5,-77,1769553870,3,3
2026-01-27 14:44:47.552103,0x433ad35c,13.28375,65.0,6.25,-53,1769553882,3,3
2026-01-27 14:45:34.482310,0x433b0b38,13.255,62.5,5.75,-71,1769553928,5,5
2026-01-27 14:46:50.757431,0x433b0098,13.2475,62.5,6.0,-62,1769554005,2,2
2026-01-27 14:47:00.257746,0x433acb14,13.2775,77.5,3.0,-92,1769554014,3,3
2026-01-27 14:49:38.276936,0x433abf20,13.27625,88.75,5.75,-76,1769554172,3,3
2026-01-27 14:50:35.563169,0x433b0b38,13.25875,63.75,5.75,-73,1769554230,5,5
2026-01-27 14:52:07.925693,0x433acb14,13.28,66.25,2.5,-93,1769554322,3,3
2026-01-27 14:54:39.436754,0x433abf20,13.27375,72.5,5.5,-76,1769554473,3,3
2026-01-27 14:54:50.848281,0x433ad35c,13.28625,63.75,6.0,-53,1769554485,3,3
2026-01-27 14:55:37.150747,0x433b0b38,13.25875,63.75,6.0,-73,1769554531,5,5
2026-01-27 14:56:53.038336,0x433b0098,13.24875,61.25,6.0,-61,1769554607,2,2
2026-01-27 14:57:03.472854,0x433acb14,13.27625,76.25,3.5,-90,1769554617,3,3
2026-01-27 14:59:40.546044,0x433abf20,13.2775,65.0,5.5,-75,1769554774,3,3
2026-01-27 15:00:37.757103,0x433b0b38,13.25375,72.5,5.75,-72,1769554832,5,5
2026-01-31 08:06:23.184951,0x433aad0c,13.23125,73.75,5.75,-75,1769875568,3,3
2026-01-31 08:08:43.229743,0x433ad35c,13.17125,67.5,6.25,-55,1769875708,3,3
2026-01-31 08:08:47.392458,0x433abf20,13.23375,75.0,5.75,-74,1769875712,3,3
2026-01-31 08:09:12.924305,0x433b0b38,13.21125,65.0,5.5,-70,1769875738,5,5
2026-01-31 08:11:00.214846,0x433acb14,13.14,66.25,-5.75,-87,1769875845,3,3
2026-01-31 08:13:47.158408,0x433abf20,13.23875,65.0,6.0,-76,1769876012,3,3
2026-01-31 08:14:14.851854,0x433b0b38,13.2025,72.5,5.75,-71,1769876040,5,5
2026-01-31 08:15:06.539439,0x433b0098,13.20125,61.25,6.0,-62,1769876092,2,2
2026-01-31 08:16:01.475107,0x433acb14,13.13875,61.25,4.0,-87,1769876146,3,3
2026-01-31 08:16:26.156199,0x433aad0c,13.23125,75.0,7.0,-77,1769876171,3,3
2026-01-31 08:18:45.793820,0x433ad35c,13.17,73.75,6.25,-54,1769876311,3,3
2026-01-31 08:18:49.010701,0x433abf20,13.23375,72.5,5.5,-75,1769876314,3,3
2026-01-31 08:19:15.667649,0x433b0b38,13.20375,75.0,6.0,-70,1769876341,5,5
2026-01-31 08:21:04.184496,0x433acb14,13.14125,66.25,4.0,-88,1769876449,3,3
2026-01-31 08:23:50.482852,0x433abf20,13.23875,66.25,6.0,-75,1769876615,3,3
2026-01-31 08:24:19.193818,0x433b0b38,13.19625,86.25,6.0,-71,1769876644,5,5
2026-01-31 08:25:10.409576,0x433b0098,13.2025,61.25,6.0,-59,1769876695,2,2
2026-01-31 08:26:06.298032,0x433acb14,13.13875,66.25,4.0,-87,1769876751,3,3
2026-01-31 08:26:29.550469,0x433aad0c,13.22375,80.0,5.75,-78,1769876775,3,3
2026-01-31 08:28:48.302851,0x433ad35c,13.17125,63.75,6.0,-55,1769876913,3,3
2026-01-31 08:28:52.035597,0x433abf20,13.23375,75.0,5.5,-76,1769876917,3,3
2026-01-31 08:29:18.366931,0x433b0b38,13.20625,72.5,5.75,-70,1769876943,5,5
2026-01-31 08:31:05.366772,0x433acb14,13.14,65.0,3.75,-88,1769877050,3,3
2026-01-31 08:33:51.799852,0x433abf20,13.23625,63.75,5.75,-76,1769877217,3,3
2026-01-31 08:34:19.158687,0x433b0b38,13.205,75.0,5.75,-71,1769877244,5,5
2026-01-31 08:35:13.082043,0x433b0098,13.20375,60.0,6.5,-61,1769877298,2,2
2026-01-31 08:36:08.552943,0x433acb14,13.14,66.25,4.25,-88,1769877353,3,3
2026-01-31 08:36:33.253540,0x433aad0c,13.23125,75.0,5.25,-78,1769877378,3,3
2026-01-31 08:38:50.966550,0x433ad35c,13.17,62.5,6.5,-54,1769877516,3,3
2026-01-31 08:38:54.436281,0x433abf20,13.2375,66.25,5.5,-75,1769877519,3,3
2026-01-31 08:39:20.805995,0x433b0b38,13.20625,61.25,6.25,-72,1769877546,5,5
2026-01-31 08:43:04.679392,0x433af380,13.12625,68.75,7.0,-38,1769877770,3,3
2026-01-31 08:43:55.944574,0x433abf20,13.23875,65.0,5.5,-75,1769877821,3,3
2026-01-31 08:44:21.552836,0x433b0b38,13.20375,76.25,6.0,-72,1769877846,5,5
2026-01-31 08:45:13.553053,0x433b0098,13.1975,72.5,5.75,-61,1769877898,2,2
2026-01-31 08:46:10.475756,0x433acb14,13.1325,92.5,4.25,-88,1769877955,3,3
2026-01-31 08:46:34.833774,0x433aad0c,13.2325,75.0,5.5,-79,1769877980,3,3
2026-01-31 08:48:54.209325,0x433ad35c,13.17125,62.5,5.5,-54,1769878119,3,3
2026-01-31 08:48:59.432609,0x433abf20,13.2375,63.75,5.75,-76,1769878124,3,3
2026-01-31 08:49:24.352639,0x433b0b38,13.2075,61.25,6.0,-72,1769878149,5,5
2026-01-31 08:51:11.745177,0x433acb14,13.14,65.0,5.0,-85,1769878257,3,3
2026-01-31 08:53:59.708663,0x433abf20,13.235,65.0,5.5,-75,1769878425,3,3
2026-01-31 08:54:24.588358,0x433b0b38,13.185,123.75,6.25,-72,1769878449,5,5
2026-01-31 08:55:15.501039,0x433b0098,13.19625,70.0,6.0,-60,1769878500,2,2
2026-01-31 08:56:12.444363,0x433acb14,13.1175,131.25,4.0,-88,1769878557,3,3
2026-01-31 08:56:37.837849,0x433aad0c,13.23375,63.75,5.5,-78,1769878583,3,3
2026-01-31 08:58:56.733952,0x433ad35c,13.1725,65.0,6.25,-54,1769878722,3,3
2026-01-31 08:58:59.131860,0x433abf20,13.2375,63.75,5.5,-75,1769878724,3,3
2026-01-31 08:59:27.192500,0x433b0b38,13.20625,76.25,5.75,-73,1769878752,5,5
2026-01-31 09:01:14.092680,0x433acb14,13.14125,66.25,4.0,-89,1769878859,3,3
2026-01-31 09:03:59.848406,0x433abf20,13.2375,62.5,5.5,-76,1769879025,3,3
2026-01-31 09:04:27.406295,0x433b0b38,13.20875,65.0,5.75,-73,1769879052,5,5
2026-01-31 09:05:18.071223,0x433b0098,13.2025,60.0,6.75,-60,1769879103,2,2
2026-01-31 19:07:09.244802,0x433b0b38,13.22375,71.25,6.0,-72,1769915213,5,5
2026-01-31 19:07:11.778721,0x433b0098,13.24875,61.25,6.0,-61,1769915216,2,2
2026-01-31 19:09:02.151309,0x433acb14,13.16875,63.75,5.75,-61,1769915326,3,2
2026-01-31 19:09:20.447315,0x433aad0c,13.265,70.0,5.25,-76,1769915344,3,3
2026-01-31 19:10:58.349232,0x433abf20,13.265,63.75,5.5,-76,1769915442,3,3
2026-01-31 19:11:42.025620,0x433ad35c,13.17875,75.0,7.0,-54,1769915486,3,3
2026-01-31 19:12:11.061302,0x433b0b38,13.2275,66.25,6.0,-72,1769915515,5,5
2026-01-31 19:13:56.450755,0x433acb14,13.165,75.0,5.5,-88,1769915620,3,3
2026-01-31 19:15:58.194675,0x433abf20,13.26875,63.75,5.5,-76,1769915742,3,3
2026-01-31 19:17:12.650368,0x433b0b38,13.23,63.75,6.0,-72,1769915816,5,5
2026-01-31 19:17:14.956875,0x433b0098,13.25,63.75,6.5,-60,1769915819,2,2
2026-01-31 19:18:57.867753,0x433acb14,13.17,66.25,5.25,-89,1769915922,3,3
2026-01-31 19:19:23.839896,0x433aad0c,13.265,75.0,5.5,-76,1769915948,3,3
2026-01-31 19:21:00.708973,0x433abf20,13.26625,63.75,5.25,-76,1769916044,3,3
2026-01-31 19:21:43.029866,0x433ad35c,13.1775,62.5,6.0,-53,1769916087,3,3
2026-01-31 19:22:17.432164,0x433b0b38,13.2275,75.0,5.75,-72,1769916121,5,5
2026-01-31 19:23:58.777710,0x433acb14,13.14375,136.25,5.25,-90,1769916223,3,3
2026-01-31 19:26:01.234535,0x433abf20,13.2675,63.75,5.5,-76,1769916345,3,3
2026-01-31 19:27:14.796422,0x433b0098,13.24875,63.75,5.0,-61,1769916419,2,2
2026-01-31 19:29:06.150366,0x433acb14,13.16625,68.75,4.5,-90,1769916530,3,3
2026-01-31 19:29:26.692498,0x433aad0c,13.24125,137.5,5.25,-75,1769916550,3,3
2026-01-31 19:31:04.888739,0x433abf20,13.26625,62.5,5.5,-75,1769916649,3,3
2026-01-31 19:31:46.415198,0x433ad35c,13.17875,62.5,6.0,-53,1769916690,3,3
2026-01-31 19:32:15.910250,0x433b0b38,13.23125,63.75,6.0,-72,1769916720,5,5
2026-01-31 19:34:02.512578,0x433acb14,13.1625,77.5,5.25,-89,1769916826,3,3
2026-01-31 19:36:05.335134,0x433abf20,13.2675,62.5,5.5,-75,1769916949,3,3
2026-01-31 19:37:17.442182,0x433b0098,13.24125,73.75,6.25,-60,1769917021,2,2
2026-01-31 19:37:21.397839,0x433b0b38,13.2225,71.25,5.5,-73,1769917025,5,5
2026-01-31 19:39:04.156804,0x433acb14,13.1625,76.25,5.25,-89,1769917128,3,3
2026-01-31 19:39:29.302101,0x433aad0c,13.2675,63.75,6.0,-75,1769917153,3,3
2026-01-31 19:41:05.330363,0x433abf20,13.265,65.0,5.5,-76,1769917249,3,3
2026-01-31 19:41:48.782794,0x433ad35c,13.1775,66.25,5.5,-52,1769917293,3,3
2026-01-31 19:42:18.684392,0x433b0b38,13.22875,65.0,6.25,-73,1769917322,5,5
2026-01-31 19:44:04.937544,0x433acb14,13.16625,66.25,4.5,-89,1769917429,3,3
2026-01-31 19:44:28.992864,0x433af380,13.1075,78.75,6.5,-38,1769917453,3,3
2026-01-31 19:46:09.030569,0x433abf20,13.2625,72.5,5.75,-77,1769917553,3,3
2026-01-31 19:47:18.286293,0x433b0098,13.24625,62.5,6.25,-61,1769917622,2,2
2026-01-31 19:47:28.480528,0x433b0b38,13.22375,71.25,6.25,-72,1769917632,5,5
2026-01-31 19:49:05.819414,0x433acb14,13.165,65.0,4.75,-89,1769917730,3,3
2026-01-31 19:49:31.450278,0x433aad0c,13.265,61.25,5.5,-76,1769917755,3,3
2026-01-31 19:51:08.266915,0x433abf20,13.265,61.25,5.5,-76,1769917852,3,3
2026-01-31 19:51:51.504484,0x433ad35c,13.17375,73.75,6.0,-52,1769917895,3,3
2026-01-31 19:52:23.190199,0x433b0b38,13.2275,65.0,5.75,-72,1769917927,5,5
2026-01-31 19:54:07.171692,0x433acb14,13.15875,85.0,4.5,-88,1769918031,3,3
2026-01-31 19:56:10.466532,0x433abf20,13.26125,76.25,5.75,-76,1769918154,3,3
2026-01-31 19:57:19.773828,0x433b0098,13.24625,78.75,6.75,-60,1769918223,2,2
2026-01-31 19:57:23.191179,0x433b0b38,13.22,71.25,5.75,-72,1769918227,5,5
2026-01-31 19:59:08.475837,0x433acb14,13.15875,77.5,4.0,-88,1769918332,3,3
2026-01-31 19:59:35.553875,0x433aad0c,13.2675,61.25,5.5,-76,1769918359,3,3
2026-01-31 20:01:11.069659,0x433abf20,13.26625,66.25,6.25,-76,1769918455,3,3
2026-01-31 20:01:53.750412,0x433ad35c,13.17375,61.25,5.75,-53,1769918497,3,3
2026-01-31 20:02:26.084471,0x433b0b38,13.22625,65.0,6.25,-73,1769918530,5,5
2026-01-31 20:04:10.070484,0x433acb14,13.15875,73.75,3.75,-87,1769918634,3,3
2026-01-31 20:06:12.324504,0x433abf20,13.26125,75.0,5.5,-75,1769918756,3,3
2026-01-29 23:05:19.309901,0x433b0b38,13.23625,75.0,5.25,-73,1769756708,5,5
2026-01-29 23:07:05.524522,0x433acb14,13.20875,67.5,5.75,-86,1769756814,3,3
2026-01-29 23:07:17.798442,0x433abf20,13.26125,63.75,5.75,-75,1769756826,3,3
2026-01-29 23:07:33.070387,0x433aad0c,13.2575,61.25,5.25,-75,1769756842,3,3
2026-01-29 23:09:07.841480,0x433b0098,13.23375,72.5,6.0,-60,1769756936,2,2
2026-01-29 23:09:52.895779,0x433ad35c,13.25625,62.5,6.0,-53,1769756981,3,3
2026-01-29 23:10:20.439450,0x433b0b38,13.24,75.0,5.25,-73,1769757009,5,5
2026-01-29 23:12:07.070122,0x433acb14,13.20875,63.75,6.0,-86,1769757116,3,3
2026-01-29 23:12:18.886102,0x433abf20,13.26,63.75,6.0,-75,1769757127,3,3
2026-01-29 23:15:21.613887,0x433b0b38,13.2425,65.0,4.75,-73,1769757310,5,5
2026-01-29 23:17:13.522880,0x433acb14,13.21125,58.75,4.75,-86,1769757422,3,3
2026-01-29 23:17:25.294955,0x433abf20,13.25875,61.25,5.5,-75,1769757434,3,3
2026-01-29 23:17:36.141456,0x433aad0c,13.2325,132.5,5.5,-76,1769757445,3,3
2026-01-29 23:19:09.979084,0x433b0098,13.235,63.75,6.75,-60,1769757538,2,2
2026-01-29 23:19:55.431165,0x433ad35c,13.25375,61.25,6.0,-53,1769757584,3,3
2026-01-29 23:20:24.719412,0x433b0b38,13.24125,60.0,5.75,-73,1769757613,5,5
2026-01-29 23:22:10.827764,0x433acb14,13.20625,65.0,6.0,-86,1769757719,3,3
2026-01-29 23:22:23.598389,0x433abf20,13.25625,75.0,5.5,-75,1769757732,3,3
2026-01-29 23:25:25.294574,0x433b0b38,13.24125,60.0,5.25,-73,1769757914,5,5
2026-01-29 23:27:11.905828,0x433acb14,13.20375,77.5,6.0,-86,1769758020,3,3
2026-01-29 23:27:23.055528,0x433abf20,13.255,70.0,5.75,-75,1769758031,3,3
2026-01-29 23:27:37.117498,0x433aad0c,13.255,63.75,5.25,-76,1769758046,3,3
2026-01-29 23:29:09.787472,0x433b0098,13.23,75.0,6.0,-59,1769758138,2,2
2026-01-29 23:29:57.966455,0x433ad35c,13.25625,67.5,6.0,-53,1769758186,3,3
2026-01-29 23:30:27.176571,0x433b0b38,13.23625,73.75,5.0,-73,1769758216,5,5
2026-01-29 23:32:13.235038,0x433acb14,13.1775,137.5,6.25,-87,1769758322,3,3
2026-01-29 23:32:24.207430,0x433abf20,13.25875,63.75,5.5,-75,1769758333,3,3
2026-01-29 23:35:27.683562,0x433b0b38,13.2425,63.75,5.75,-73,1769758516,5,5
2026-01-29 23:37:16.354387,0x433acb14,13.20375,68.75,5.5,-86,1769758625,3,3
2026-01-29 23:37:25.300888,0x433abf20,13.25875,66.25,5.75,-75,1769758634,3,3
2026-01-29 23:37:40.048391,0x433aad0c,13.25375,63.75,5.5,-76,1769758648,3,3
2026-01-29 23:38:36.848292,0x433af380,13.18,70.0,6.25,-38,1769758705,3,3
2026-01-29 23:39:11.853587,0x433b0098,13.23625,63.75,6.5,-60,1769758740,2,2
2026-01-29 23:40:00.501299,0x433ad35c,13.25125,75.0,6.75,-54,1769758789,3,3
2026-01-29 23:40:30.752238,0x433b0b38,13.23375,68.75,6.0,-73,1769758819,5,5
2026-01-29 23:42:15.783443,0x433acb14,13.20625,66.25,4.0,-87,1769758924,3,3
2026-01-29 23:42:24.723759,0x433abf20,13.2575,61.25,5.75,-75,1769758933,3,3
2026-01-29 23:45:32.628912,0x433b0b38,13.2425,65.0,5.75,-74,1769759121,5,5
2026-01-29 23:47:18.324079,0x433acb14,13.2025,73.75,5.5,-86,1769759227,3,3
2026-01-29 23:47:25.665121,0x433abf20,13.24875,76.25,5.75,-76,1769759234,3,3
2026-01-29 23:47:44.014990,0x433aad0c,13.25375,66.25,5.5,-75,1769759252,3,3
2026-01-29 23:49:13.783298,0x433b0098,13.23375,66.25,6.5,-60,1769759342,2,2
2026-01-29 23:50:03.044190,0x433ad35c,13.255,66.25,6.0,-54,1769759391,3,3
2026-01-29 23:50:34.618116,0x433b0b38,13.24125,62.5,5.5,-73,1769759423,5,5
2026-01-29 23:52:18.876953,0x433acb14,13.20375,63.75,5.25,-85,1769759527,3,3
2026-01-29 23:52:27.428114,0x433abf20,13.25625,63.75,5.75,-75,1769759536,3,3
2026-01-29 23:55:34.704646,0x433b0b38,13.2425,63.75,5.75,-73,1769759723,5,5
2026-01-29 23:57:20.797742,0x433acb14,13.20625,66.25,5.5,-86,1769759829,3,3
2026-01-29 23:57:27.345608,0x433abf20,13.255,65.0,5.75,-75,1769759836,3,3
2026-01-29 23:57:46.392975,0x433aad0c,13.25,73.75,5.5,-76,1769759855,3,3
2026-01-29 23:59:14.850840,0x433b0098,13.23375,63.75,6.25,-59,1769759943,2,2
2026-01-30 00:00:08.958466,0x433ad35c,13.24875,76.25,4.75,-75,1769759997,3,2
2026-01-30 00:00:34.645076,0x433b0b38,13.23875,58.75,5.75,-72,1769760023,5,5
2026-01-30 00:02:21.939834,0x433acb14,13.2,73.75,4.5,-86,1769760130,3,3
2026-01-30 00:02:27.649353,0x433abf20,13.25625,65.0,5.75,-75,1769760136,3,3
2026-01-28 17:03:26.692057,0x433b0098,13.26,57.5,6.25,-61,1769648598,2,2
2026-01-28 17:04:00.087740,0x433acb14,13.2525,72.5,3.5,-90,1769648631,3,3
2026-01-28 17:06:17.100892,0x433abf20,13.2775,60.0,5.5,-76,1769648768,3,3
2026-01-28 17:07:20.730957,0x433b0b38,13.265,61.25,5.75,-73,1769648832,5,5
2026-01-28 17:09:01.456828,0x433acb14,13.2575,67.5,3.75,-90,1769648933,3,3
2026-01-28 17:09:35.166423,0x433aad0c,13.29125,72.5,6.25,-76,1769648966,3,3
2026-01-28 17:11:19.769544,0x433abf20,13.2775,63.75,5.75,-75,1769649071,3,3
2026-01-28 17:11:56.576184,0x433ad35c,13.28125,76.25,6.0,-54,1769649108,3,3
2026-01-28 17:12:18.402963,0x433b0b38,13.2675,62.5,6.0,-72,1769649130,5,5
2026-01-28 17:13:25.870983,0x433b0098,13.2525,72.5,5.0,-62,1769649197,2,2
2026-01-28 17:14:03.911845,0x433acb14,13.25375,75.0,3.25,-91,1769649235,3,3
2026-01-28 17:16:19.130211,0x433abf20,13.2775,63.75,5.5,-75,1769649370,3,3
2026-01-28 17:17:20.632206,0x433b0b38,13.26,71.25,5.75,-73,1769649432,5,5
2026-01-28 17:19:04.086415,0x433acb14,13.25625,63.75,4.25,-90,1769649535,3,3
2026-01-28 17:19:27.490987,0x433aad0c,13.29125,62.5,5.75,-76,1769649559,3,3
2026-01-28 17:21:20.294013,0x433abf20,13.27875,63.75,5.25,-75,1769649672,3,3
2026-01-28 17:21:59.802758,0x433ad35c,13.28375,63.75,6.75,-53,1769649711,3,3
2026-01-28 17:22:21.260197,0x433b0b38,13.26,72.5,6.0,-72,1769649733,5,5
2026-01-28 17:23:28.137462,0x433b0098,13.25375,72.5,6.25,-60,1769649799,2,2
2026-01-28 17:24:05.379049,0x433acb14,13.25375,76.25,3.75,-92,1769649837,3,3
2026-01-28 17:26:20.536951,0x433abf20,13.275,75.0,5.25,-75,1769649972,3,3
2026-01-28 17:29:08.573745,0x433acb14,13.25625,67.5,3.75,-92,1769650140,3,3
2026-01-28 17:29:31.493614,0x433aad0c,13.285,62.5,5.5,-76,1769650163,3,3
2026-01-28 17:31:21.351150,0x433abf20,13.27375,73.75,6.0,-76,1769650273,3,3
2026-01-28 17:32:01.994546,0x433ad35c,13.28,75.0,6.5,-53,1769650313,3,3
2026-01-28 17:32:25.278231,0x433b0b38,13.24,117.5,6.25,-73,1769650337,5,5
2026-01-28 17:33:27.851808,0x433b0098,13.25625,75.0,6.0,-61,1769650399,2,2
2026-01-28 17:34:27.554802,0x433acb14,13.25125,73.75,7.5,-73,1769650459,3,2
2026-01-28 17:34:40.017950,0x433af380,13.21125,86.25,6.0,-39,1769650471,3,3
2026-01-28 17:36:22.710191,0x433abf20,13.275,62.5,5.75,-76,1769650574,3,3
2026-01-28 17:37:25.660365,0x433b0b38,13.2675,65.0,6.0,-73,1769650637,5,5
2026-01-28 17:39:09.730159,0x433acb14,13.25625,67.5,3.25,-91,1769650741,3,3
2026-01-28 17:39:33.306192,0x433aad0c,13.2775,75.0,5.75,-76,1769650765,3,3
2026-01-28 17:41:29.088793,0x433abf20,13.275,61.25,6.0,-53,1769650880,3,2
2026-01-28 17:42:05.262184,0x433ad35c,13.285,65.0,6.5,-53,1769650916,3,3
2026-01-28 17:42:26.820100,0x433b0b38,13.26,71.25,6.0,-72,1769650938,5,5
2026-01-28 17:43:30.110117,0x433b0098,13.255,67.5,6.75,-62,1769651001,2,2
2026-01-28 17:44:12.394161,0x433acb14,13.25375,62.5,3.0,-91,1769651044,3,3
2026-01-28 17:46:24.147783,0x433abf20,13.27375,70.0,5.25,-75,1769651175,3,3
2026-01-28 17:47:30.922770,0x433b0b38,13.26375,57.5,5.75,-72,1769651242,5,5
2026-01-28 17:49:16.454274,0x433acb14,13.25125,73.75,3.75,-91,1769651348,3,3
2026-01-28 17:49:35.957387,0x433aad0c,13.2725,70.0,5.5,-75,1769651367,3,3
2026-01-28 17:51:25.013413,0x433abf20,13.27375,76.25,5.5,-75,1769651476,3,3
2026-01-28 17:52:07.168930,0x433ad35c,13.27875,81.25,7.0,-52,1769651518,3,3
2026-01-28 17:52:29.716967,0x433b0b38,13.26375,58.75,6.0,-72,1769651541,5,5
2026-01-28 17:53:35.660370,0x433b0098,13.26125,60.0,5.75,-60,1769651607,2,2
2026-01-28 17:54:27.887126,0x433acb14,13.25375,67.5,7.0,-74,1769651659,3,2
2026-01-28 17:56:25.539501,0x433abf20,13.27375,72.5,5.25,-75,1769651777,3,3
2026-01-28 17:57:30.120372,0x433b0b38,13.26375,61.25,6.0,-73,1769651841,5,5
2026-01-28 17:59:18.753118,0x433acb14,13.2525,62.5,4.0,-90,1769651950,3,3
2026-01-28 17:59:42.184066,0x433aad0c,13.27375,63.75,5.5,-76,1769651973,3,3
2026-01-28 18:01:27.396816,0x433abf20,13.2725,75.0,5.5,-75,1769652079,3,3
2026-01-28 18:02:09.106967,0x433ad35c,13.27875,76.25,5.75,-53,1769652120,3,3
2026-01-28 18:02:32.339337,0x433b0b38,13.26375,61.25,5.75,-72,1769652144,5,5
2026-01-30 16:04:53.123402,0x433b0b38,13.25,71.25,6.0,-72,1769817880,5,5
2026-01-30 16:05:30.365498,0x433abf20,13.2725,62.5,5.75,-77,1769817917,3,3
2026-01-30 16:06:42.480779,0x433acb14,13.205,62.5,3.25,-93,1769817989,3,3
2026-01-30 16:09:54.249802,0x433b0b38,13.25,73.75,7.0,-73,1769818181,5,5
2026-01-30 16:10:31.142467,0x433abf20,13.27375,66.25,6.0,-76,1769818218,3,3
2026-01-30 16:11:45.377063,0x433acb14,13.2025,75.0,3.0,-93,1769818292,3,3
2026-01-30 16:12:06.552456,0x433aad0c,13.27,58.75,4.5,-87,1769818313,3,3
2026-01-30 16:12:10.366487,0x433b0098,13.2425,72.5,6.0,-61,1769818317,2,2
2026-01-30 16:14:27.630062,0x433ad35c,13.27125,62.5,6.5,-54,1769818454,3,3
2026-01-30 16:14:56.215296,0x433b0b38,13.25125,71.25,7.25,-72,1769818483,5,5
2026-01-30 16:15:32.495156,0x433abf20,13.2725,61.25,5.75,-77,1769818519,3,3
2026-01-30 16:16:45.526738,0x433acb14,13.20625,65.0,3.75,-93,1769818592,3,3
2026-01-30 16:19:58.118388,0x433b0b38,13.25375,75.0,6.0,-72,1769818785,5,5
2026-01-30 16:20:33.663816,0x433abf20,13.26875,73.75,5.5,-77,1769818820,3,3
2026-01-30 16:21:46.386735,0x433acb14,13.205,66.25,3.5,-92,1769818893,3,3
2026-01-30 16:22:08.010394,0x433aad0c,13.2675,75.0,6.25,-86,1769818915,3,3
2026-01-30 16:22:11.923803,0x433b0098,13.25125,60.0,6.0,-61,1769818919,2,2
2026-01-30 16:24:29.480500,0x433ad35c,13.27,61.25,6.0,-53,1769819056,3,3
2026-01-30 16:24:58.191796,0x433b0b38,13.25875,65.0,6.0,-72,1769819085,5,5
2026-01-30 16:25:35.808486,0x433abf20,13.2725,63.75,5.75,-76,1769819122,3,3
2026-01-30 16:26:46.730383,0x433acb14,13.2025,72.5,3.25,-92,1769819193,3,3
2026-01-30 16:29:58.858073,0x433b0b38,13.255,62.5,6.25,-72,1769819385,5,5
2026-01-30 16:30:36.678546,0x433abf20,13.2725,63.75,5.25,-76,1769819423,3,3
2026-01-30 16:31:48.447038,0x433acb14,13.205,65.0,3.75,-92,1769819495,3,3
2026-01-30 16:32:15.914004,0x433aad0c,13.27125,63.75,5.5,-82,1769819523,3,3
2026-01-30 16:32:19.206599,0x433b0098,13.24375,71.25,6.25,-62,1769819526,2,2
2026-01-30 16:34:32.009045,0x433ad35c,13.26875,72.5,6.0,-53,1769819659,3,3
2026-01-30 16:35:00.695683,0x433b0b38,13.26,63.75,6.0,-72,1769819687,5,5
2026-01-30 16:35:38.337595,0x433abf20,13.27375,65.0,6.0,-77,1769819725,3,3
2026-01-30 16:36:50.071424,0x433acb14,13.205,66.25,4.0,-92,1769819797,3,3
2026-01-30 16:40:01.423935,0x433b0b38,13.25,73.75,6.0,-72,1769819988,5,5
2026-01-30 16:40:42.657180,0x433abf20,13.27375,63.75,5.5,-77,1769820029,3,3
2026-01-30 16:41:05.778398,0x433af380,13.2175,71.25,6.0,-39,1769820052,3,3
2026-01-30 16:41:50.511517,0x433acb14,13.205,62.5,4.0,-92,1769820097,3,3
2026-01-30 16:42:13.171011,0x433aad0c,13.27375,60.0,5.0,-82,1769820120,3,3
2026-01-30 16:42:17.105680,0x433b0098,13.2525,60.0,6.25,-61,1769820124,2,2
2026-01-30 16:44:36.051139,0x433ad35c,13.27125,65.0,5.75,-54,1769820263,3,3
2026-01-30 16:45:03.194554,0x433b0b38,13.255,61.25,6.0,-72,1769820290,5,5
2026-01-30 16:45:38.669001,0x433abf20,13.2675,85.0,5.5,-76,1769820325,3,3
2026-01-30 16:46:57.097090,0x433acb14,13.2075,66.25,4.0,-92,1769820404,3,3
2026-01-30 16:50:04.444107,0x433b0b38,13.255,71.25,5.75,-73,1769820591,5,5
2026-01-30 16:50:40.729499,0x433abf20,13.27,75.0,5.75,-76,1769820627,3,3
2026-01-30 16:51:56.108023,0x433acb14,13.20625,62.5,4.25,-91,1769820703,3,3
2026-01-30 16:52:16.533130,0x433b0098,13.25125,62.5,5.75,-62,1769820723,2,2
2026-01-30 16:52:18.266453,0x433aad0c,13.2725,60.0,5.75,-80,1769820725,3,3
2026-01-30 16:54:38.300321,0x433ad35c,13.27,61.25,6.5,-54,1769820865,3,3
2026-01-30 16:55:05.891852,0x433b0b38,13.25625,57.5,6.0,-72,1769820892,5,5
2026-01-30 16:55:40.211394,0x433abf20,13.27375,62.5,5.25,-76,1769820927,3,3
2026-01-30 16:56:55.485858,0x433acb14,13.20625,63.75,3.75,-92,1769821002,3,3
2026-01-30 17:00:08.121812,0x433b0b38,13.2575,61.25,6.0,-72,1769821195,5,5
2026-01-30 17:00:41.577308,0x433abf20,13.2725,65.0,5.5,-76,1769821228,3,3
2026-01-30 17:01:55.903587,0x433acb14,13.20125,75.0,3.75,-91,1769821302,3,3
2026-01-30 17:02:19.673034,0x433aad0c,13.2725,63.75,5.75,-77,1769821326,3,3
2026-01-30 17:02:22.976804,0x433b0098,13.245,71.25,6.0,-62,1769821330,2,2
2026-01-30 17:04:41.189604,0x433ad35c,13.26875,78.75,6.75,-54,1769821468,3,3
2026-02-01 05:07:57.794179,0x433abf20,13.23625,62.5,5.25,-75,1769951261,3,3
2026-02-01 05:09:04.115738,0x433b0098,13.21125,65.0,6.25,-59,1769951327,2,2
2026-02-01 05:09:49.109345,0x433b0b38,13.17375,65.0,6.0,-70,1769951372,5,5
2026-02-01 05:11:39.122311,0x433acb14,13.12,66.25,5.75,-86,1769951482,3,3
2026-02-01 05:12:03.514742,0x433aad0c,13.235,73.75,5.5,-75,1769951506,3,3
2026-02-01 05:12:57.193305,0x433abf20,13.23875,66.25,5.75,-75,1769951560,3,3
2026-02-01 05:14:19.765609,0x433ad35c,13.10625,78.75,6.25,-55,1769951643,3,3
2026-02-01 05:14:50.711281,0x433b0b38,13.16875,70.0,5.25,-71,1769951673,5,5
2026-02-01 05:16:39.896900,0x433acb14,13.12125,65.0,5.5,-87,1769951783,3,3
2026-02-01 05:17:58.846408,0x433abf20,13.2375,63.75,5.25,-76,1769951862,3,3
2026-02-01 05:19:04.555282,0x433b0098,13.205,75.0,6.5,-60,1769951927,2,2
2026-02-01 05:19:52.269254,0x433b0b38,13.16625,68.75,6.0,-70,1769951975,5,5
2026-02-01 05:21:41.965121,0x433acb14,13.12,66.25,6.25,-85,1769952085,3,3
2026-02-01 05:22:07.197834,0x433aad0c,13.23625,65.0,5.25,-75,1769952110,3,3
2026-02-01 05:22:59.590762,0x433abf20,13.22625,80.0,6.0,-75,1769952162,3,3
2026-02-01 05:24:22.295883,0x433ad35c,13.11,67.5,6.0,-54,1769952245,3,3
2026-02-01 05:24:53.015022,0x433b0b38,13.17,58.75,5.5,-70,1769952276,5,5
2026-02-01 05:26:43.211178,0x433acb14,13.12,66.25,5.0,-86,1769952386,3,3
2026-02-01 05:27:59.873335,0x433abf20,13.23875,65.0,5.5,-75,1769952463,3,3
2026-02-01 05:29:07.659224,0x433b0098,13.205,76.25,6.5,-59,1769952530,2,2
2026-02-01 05:29:54.305848,0x433b0b38,13.16875,75.0,6.5,-71,1769952577,5,5
2026-02-01 05:31:44.832663,0x433acb14,13.11625,62.5,6.25,-86,1769952688,3,3
2026-02-01 05:32:09.720541,0x433aad0c,13.235,58.75,5.5,-75,1769952712,3,3
2026-02-01 05:33:00.529430,0x433abf20,13.23625,60.0,5.5,-75,1769952763,3,3
2026-02-01 05:34:24.823852,0x433ad35c,13.10625,60.0,5.75,-56,1769952848,3,3
2026-02-01 05:34:55.560226,0x433b0b38,13.1725,66.25,5.5,-70,1769952878,5,5
2026-02-01 05:36:45.693091,0x433acb14,13.11875,65.0,6.0,-86,1769952988,3,3
2026-02-01 05:38:03.572271,0x433abf20,13.23375,71.25,5.5,-75,1769953066,3,3
2026-02-01 05:39:08.243496,0x433b0098,13.20875,60.0,6.0,-59,1769953131,2,2
2026-02-01 05:39:57.822478,0x433b0b38,13.16875,63.75,6.25,-70,1769953181,5,5
2026-02-01 05:41:46.235440,0x433acb14,13.11875,67.5,5.5,-86,1769953289,3,3
2026-02-01 05:42:12.081380,0x433aad0c,13.2375,63.75,5.75,-75,1769953315,3,3
2026-02-01 05:43:01.657661,0x433abf20,13.2375,68.75,5.75,-75,1769953364,3,3
2026-02-01 05:44:32.485974,0x433ad35c,13.105,76.25,6.5,-54,1769953455,3,3
2026-02-01 05:44:58.104463,0x433b0b38,13.1725,65.0,5.5,-70,1769953481,5,5
2026-02-01 05:45:57.150699,0x433af380,13.01875,85.0,6.25,-38,1769953540,3,3
2026-02-01 05:46:47.515467,0x433acb14,13.11875,62.5,5.75,-86,1769953590,3,3
2026-02-01 05:48:02.648734,0x433abf20,13.23,83.75,6.0,-75,1769953665,3,3
2026-02-01 05:49:08.808477,0x433b0098,13.20125,71.25,6.75,-59,1769953732,2,2
2026-02-01 05:50:00.439102,0x433b0b38,13.16875,63.75,6.25,-70,1769953783,5,5
2026-02-01 05:51:49.894049,0x433acb14,13.115,66.25,5.0,-85,1769953893,3,3
2026-02-01 05:52:17.482247,0x433aad0c,13.235,65.0,5.75,-75,1769953920,3,3
2026-02-01 05:53:04.572068,0x433abf20,13.2325,73.75,6.0,-74,1769953967,3,3
2026-02-01 05:54:34.388649,0x433ad35c,13.1075,67.5,6.0,-55,1769954057,3,3
2026-02-01 05:55:01.766096,0x433b0b38,13.1675,75.0,5.75,-71,1769954084,5,5
2026-02-01 05:56:51.584806,0x433acb14,13.115,73.75,5.25,-86,1769954194,3,3
2026-02-01 05:58:03.864313,0x433abf20,13.23,77.5,6.0,-75,1769954267,3,3
2026-02-01 05:59:11.204018,0x433b0098,13.2075,63.75,6.25,-59,1769954334,2,2
2026-02-01 06:00:02.234001,0x433b0b38,13.1675,65.0,6.25,-71,1769954385,5,5
2026-02-01 06:01:51.322812,0x433acb14,13.11375,76.25,5.75,-85,1769954494,3,3
2026-02-01 06:02:17.745689,0x433aad0c,13.235,63.75,5.75,-74,1769954520,3,3
2026-02-01 06:03:07.550632,0x433abf20,13.23625,65.0,5.75,-75,1769954570,3,3
2026-02-01 06:04:35.689847,0x433ad35c,13.10625,63.75,6.25,-55,1769954658,3,3
2026-02-01 06:05:05.120092,0x433b0b38,13.165,70.0,5.25,-70,1769954688,5,5
2026-02-01 06:06:53.855473,0x433acb14,13.1175,63.75,4.75,-85,1769954797,3,3
2026-01-28 14:02:43.949733,0x433b0098,13.255,61.25,6.25,-60,1769637756,2,2
2026-01-28 14:03:13.214636,0x433acb14,13.2575,62.5,4.0,-92,1769637785,3,3
2026-01-28 14:05:46.947636,0x433abf20,13.2775,65.0,5.5,-76,1769637939,3,3
2026-01-28 14:06:28.247812,0x433b0b38,13.26,66.25,5.75,-72,1769637980,5,5
2026-01-28 14:08:14.945514,0x433acb14,13.26,63.75,4.0,-91,1769638087,3,3
2026-01-28 14:08:33.603160,0x433aad0c,13.50875,72.5,6.0,-86,1769638105,3,3
2026-01-28 14:11:10.062211,0x433ad35c,13.285,63.75,6.0,-53,1769638262,3,3
2026-01-28 14:11:29.675506,0x433b0b38,13.2575,62.5,6.0,-73,1769638281,5,5
2026-01-28 14:12:49.178561,0x433b0098,13.2475,70.0,5.5,-61,1769638361,2,2
2026-01-28 14:13:19.192734,0x433acb14,13.2575,63.75,4.25,-92,1769638391,3,3
2026-01-28 14:15:43.542490,0x433abf20,13.27625,63.75,6.0,-76,1769638535,3,3
2026-01-28 14:16:30.447168,0x433b0b38,13.25875,65.0,6.0,-73,1769638582,5,5
2026-01-28 14:18:19.760158,0x433acb14,13.25375,77.5,3.75,-93,1769638691,3,3
2026-01-28 14:18:38.567599,0x433aad0c,13.49,76.25,4.25,-88,1769638710,3,3
2026-01-28 14:20:44.146181,0x433abf20,13.2775,65.0,5.25,-76,1769638836,3,3
2026-01-28 14:21:13.038321,0x433ad35c,13.28625,63.75,6.5,-54,1769638865,3,3
2026-01-28 14:21:31.638824,0x433b0b38,13.25625,76.25,6.25,-73,1769638883,5,5
2026-01-28 14:22:46.813717,0x433b0098,13.255,67.5,5.75,-61,1769638958,2,2
2026-01-28 14:23:20.442391,0x433acb14,13.25625,71.25,3.75,-91,1769638992,3,3
2026-01-28 14:25:44.602707,0x433abf20,13.2775,60.0,5.75,-75,1769639136,3,3
2026-01-28 14:26:32.505610,0x433b0b38,13.2475,72.5,5.75,-73,1769639184,5,5
2026-01-28 14:28:21.689095,0x433acb14,13.255,73.75,3.75,-91,1769639293,3,3
2026-01-28 14:28:39.033945,0x433aad0c,13.475,58.75,4.25,-88,1769639311,3,3
2026-01-28 14:30:45.744553,0x433abf20,13.27875,62.5,5.75,-76,1769639437,3,3
2026-01-28 14:31:14.775672,0x433ad35c,13.285,61.25,6.25,-53,1769639466,3,3
2026-01-28 14:31:35.066061,0x433b0b38,13.26,60.0,5.75,-73,1769639487,5,5
2026-01-28 14:32:49.430786,0x433b0098,13.2575,60.0,5.75,-61,1769639561,2,2
2026-01-28 14:33:20.814926,0x433acb14,13.25875,65.0,4.5,-91,1769639592,3,3
2026-01-28 14:34:28.107920,0x433af380,13.2075,77.5,6.0,-39,1769639660,3,3
2026-01-28 14:35:45.888480,0x433abf20,13.27875,62.5,5.5,-75,1769639737,3,3
2026-01-28 14:36:34.899826,0x433b0b38,13.25625,73.75,6.75,-73,1769639786,5,5
2026-01-28 14:38:22.229752,0x433acb14,13.26,63.75,4.25,-88,1769639894,3,3
2026-01-28 14:38:43.078411,0x433aad0c,13.4525,75.0,4.75,-87,1769639915,3,3
2026-01-28 14:40:47.854839,0x433abf20,13.27875,63.75,5.75,-75,1769640039,3,3
2026-01-28 14:41:17.496115,0x433ad35c,13.28625,63.75,6.5,-54,1769640069,3,3
2026-01-28 14:41:38.040114,0x433b0b38,13.255,71.25,6.0,-73,1769640090,5,5
2026-01-28 14:42:49.770560,0x433b0098,13.2575,58.75,6.5,-62,1769640161,2,2
2026-01-28 14:43:23.606963,0x433acb14,13.2525,76.25,3.75,-91,1769640195,3,3
2026-01-28 14:45:48.807930,0x433abf20,13.2575,125.0,5.75,-76,1769640340,3,3
2026-01-28 14:46:40.432426,0x433b0b38,13.2625,63.75,6.25,-72,1769640392,5,5
2026-01-28 14:48:24.821814,0x433acb14,13.25375,76.25,4.0,-88,1769640496,3,3
2026-01-28 14:48:47.731058,0x433aad0c,13.435,73.75,4.75,-86,1769640519,3,3
2026-01-28 14:50:54.563916,0x433abf20,13.27375,72.5,5.25,-76,1769640646,3,3
2026-01-28 14:51:19.533646,0x433ad35c,13.2825,75.0,6.25,-53,1769640671,3,3
2026-01-28 14:51:41.149699,0x433b0b38,13.2625,63.75,5.25,-73,1769640693,5,5
2026-01-28 14:52:55.863345,0x433b0098,13.2575,60.0,6.25,-61,1769640767,2,2
2026-01-28 14:53:25.361440,0x433acb14,13.255,73.75,2.25,-94,1769640797,3,3
2026-01-28 14:55:55.927025,0x433abf20,13.27625,65.0,5.5,-75,1769640947,3,3
2026-01-28 14:56:43.178502,0x433b0b38,13.26,63.75,6.0,-72,1769640995,5,5
2026-01-28 14:58:27.007499,0x433acb14,13.25625,77.5,2.75,-94,1769641099,3,3
2026-01-28 14:58:47.672244,0x433aad0c,13.42375,61.25,5.0,-89,1769641119,3,3
2026-01-28 15:00:51.711822,0x433abf20,13.26,121.25,6.25,-76,1769641243,3,3
2026-01-28 15:01:22.568893,0x433ad35c,13.28625,63.75,6.0,-53,1769641274,3,3
2026-01-28 15:01:42.148764,0x433b0b38,13.2575,75.0,6.0,-74,1769641294,5,5
2026-01-27 04:01:53.814091,0x433abf20,13.25,86.25,5.0,-76,1769515309,3,3
2026-01-27 04:01:56.976668,0x433ad35c,13.255,62.5,6.5,-54,1769515312,3,3
2026-01-27 04:02:44.152737,0x433b0b38,13.235,75.0,5.75,-72,1769515359,5,5
2026-01-27 04:04:03.861998,0x433b0098,13.22125,61.25,6.0,-60,1769515439,2,2
2026-01-27 04:04:07.799408,0x433acb14,13.25625,78.75,6.0,-86,1769515443,3,3
2026-01-27 04:06:55.955734,0x433abf20,13.25375,73.75,5.75,-76,1769515611,3,3
2026-01-27 04:07:46.305336,0x433b0b38,13.2375,75.0,5.5,-72,1769515661,5,5
2026-01-27 04:09:08.945056,0x433acb14,13.26125,67.5,5.5,-86,1769515744,3,3
2026-01-27 04:11:55.714986,0x433abf20,13.25625,62.5,5.75,-76,1769515911,3,3
2026-01-27 04:11:59.620907,0x433ad35c,13.25625,63.75,6.0,-54,1769515915,3,3
2026-01-27 04:12:46.697949,0x433b0b38,13.23875,65.0,5.75,-72,1769515962,5,5
2026-01-27 04:14:06.781076,0x433b0098,13.215,73.75,7.0,-61,1769516042,2,2
2026-01-27 04:14:09.866518,0x433acb14,13.26,67.5,5.5,-85,1769516045,3,3
2026-01-27 04:16:57.329136,0x433abf20,13.2525,71.25,5.5,-76,1769516212,3,3
2026-01-27 04:17:48.755555,0x433b0b38,13.24125,65.0,5.75,-73,1769516264,5,5
2026-01-27 04:19:11.772704,0x433acb14,13.25875,62.5,6.0,-87,1769516347,3,3
2026-01-27 04:21:57.741565,0x433abf20,13.2575,61.25,5.5,-76,1769516513,3,3
2026-01-27 04:22:01.097771,0x433ad35c,13.25625,65.0,5.75,-55,1769516516,3,3
2026-01-27 04:22:49.282010,0x433b0b38,13.23375,75.0,5.75,-72,1769516564,5,5
2026-01-27 04:24:10.226419,0x433b0098,13.21625,71.25,7.0,-60,1769516645,2,2
2026-01-27 04:24:12.562909,0x433acb14,13.235,127.5,5.75,-86,1769516648,3,3
2026-01-27 04:26:59.282240,0x433abf20,13.255,68.75,6.5,-76,1769516814,3,3
2026-01-27 04:27:50.543599,0x433b0b38,13.23875,60.0,5.75,-72,1769516865,5,5
2026-01-27 04:28:04.849860,0x433af380,13.18,80.0,6.25,-38,1769516880,3,3
2026-01-27 04:29:14.579175,0x433acb14,13.25375,86.25,5.5,-86,1769516950,3,3
2026-01-27 04:32:00.612528,0x433abf20,13.255,62.5,5.5,-77,1769517116,3,3
2026-01-27 04:32:03.583334,0x433ad35c,13.235,146.25,6.25,-55,1769517119,3,3
2026-01-27 04:32:53.692957,0x433b0b38,13.23875,62.5,6.0,-72,1769517169,5,5
2026-01-27 04:34:10.056019,0x433b0098,13.22375,62.5,6.75,-60,1769517245,2,2
2026-01-27 04:34:16.437513,0x433acb14,13.26,63.75,5.75,-86,1769517251,3,3
2026-01-27 04:37:00.812990,0x433abf20,13.25625,63.75,5.5,-76,1769517416,3,3
2026-01-27 04:37:54.030098,0x433b0b38,13.24125,65.0,5.75,-72,1769517469,5,5
2026-01-27 04:39:16.881613,0x433acb14,13.25875,68.75,6.0,-86,1769517552,3,3
2026-01-27 04:42:02.606563,0x433abf20,13.255,62.5,5.75,-76,1769517718,3,3
2026-01-27 04:42:05.822505,0x433ad35c,13.25375,65.0,6.25,-55,1769517721,3,3
2026-01-27 04:42:55.249627,0x433b0b38,13.23375,70.0,6.0,-72,1769517770,5,5
2026-01-27 04:44:13.780096,0x433b0098,13.22125,60.0,7.0,-60,1769517849,2,2
2026-01-27 04:44:20.553441,0x433acb14,13.255,76.25,5.25,-86,1769517855,3,3
2026-01-27 04:47:03.006531,0x433abf20,13.255,60.0,5.25,-76,1769518018,3,3
2026-01-27 04:47:55.678095,0x433b0b38,13.23625,71.25,5.75,-71,1769518071,5,5
2026-01-27 04:49:20.939699,0x433acb14,13.26,66.25,5.75,-86,1769518156,3,3
2026-01-27 04:52:03.816798,0x433abf20,13.25625,62.5,5.75,-76,1769518319,3,3
2026-01-27 04:52:11.735590,0x433ad35c,13.255,65.0,6.5,-54,1769518327,3,3
2026-01-27 04:52:57.678036,0x433b0b38,13.2375,63.75,6.0,-73,1769518373,5,5
2026-01-27 04:54:16.797653,0x433b0098,13.22,62.5,5.0,-60,1769518452,2,2
2026-01-27 04:54:24.255445,0x433acb14,13.25625,75.0,5.75,-86,1769518459,3,3
2026-01-27 04:57:04.550482,0x433abf20,13.25,72.5,5.5,-76,1769518619,3,3
2026-01-27 04:57:58.186175,0x433b0b38,13.23875,65.0,6.0,-72,1769518673,5,5
2026-01-27 04:59:25.985898,0x433acb14,13.26,66.25,3.25,-54,1769518761,3,2
2026-02-02 12:09:55.071674,0x433acb14,13.1275,66.25,-8.75,-90,1770062975,3,3
2026-02-02 12:10:23.979774,0x433aad0c,13.23625,60.0,5.0,-89,1770063003,3,3
2026-02-02 12:12:40.317106,0x433ad35c,13.11375,65.0,6.0,-53,1770063140,3,3
2026-02-02 12:13:12.076419,0x433b0b38,13.08875,73.75,5.75,-73,1770063172,5,5
2026-02-02 12:13:52.646264,0x433abf20,13.2325,65.0,5.5,-75,1770063212,3,3
2026-02-02 12:14:57.018015,0x433acb14,13.1225,77.5,3.25,-93,1770063277,3,3
2026-02-02 12:15:25.391193,0x433b0098,13.22,61.25,6.0,-61,1770063305,2,2
2026-02-02 12:18:13.605773,0x433b0b38,13.09,75.0,6.0,-73,1770063473,5,5
2026-02-02 12:18:53.606408,0x433abf20,13.23375,75.0,5.5,-75,1770063513,3,3
2026-02-02 12:19:57.838768,0x433acb14,13.1275,63.75,3.0,-94,1770063577,3,3
2026-02-02 12:20:27.653652,0x433aad0c,13.23625,63.75,4.25,-92,1770063607,3,3
2026-02-02 12:22:40.071763,0x433ad35c,13.1125,77.5,6.5,-53,1770063740,3,3
2026-02-02 12:23:15.956794,0x433b0b38,13.08875,71.25,5.75,-73,1770063775,5,5
2026-02-02 12:23:54.151202,0x433abf20,13.23875,65.0,5.5,-77,1770063814,3,3
2026-02-02 12:24:59.769210,0x433acb14,13.13,63.75,1.75,-95,1770063879,3,3
2026-02-02 12:25:26.736943,0x433b0098,13.21125,76.25,5.5,-61,1770063906,2,2
2026-02-02 12:28:19.005019,0x433b0b38,13.095,63.75,5.75,-73,1770064078,5,5
2026-02-02 12:28:54.924128,0x433abf20,13.24,63.75,5.5,-76,1770064114,3,3
2026-02-02 12:30:05.755176,0x433acb14,13.13,60.0,0.75,-96,1770064185,3,3
2026-02-02 12:30:30.069474,0x433aad0c,13.23875,58.75,3.5,-92,1770064210,3,3
2026-02-02 12:32:42.437367,0x433ad35c,13.11625,65.0,6.0,-53,1770064342,3,3
2026-02-02 12:33:20.432083,0x433b0b38,13.09,91.25,5.5,-72,1770064380,5,5
2026-02-02 12:33:55.977668,0x433abf20,13.24,61.25,5.5,-76,1770064415,3,3
2026-02-02 12:35:03.382982,0x433acb14,13.1325,65.0,1.75,-95,1770064483,3,3
2026-02-02 12:35:28.664420,0x433b0098,13.2225,60.0,6.0,-61,1770064508,2,2
2026-02-02 12:38:20.632684,0x433b0b38,13.09875,65.0,5.5,-73,1770064680,5,5
2026-02-02 12:38:57.228241,0x433abf20,13.24,63.75,5.5,-76,1770064717,3,3
2026-02-02 12:40:03.367217,0x433acb14,13.105,142.5,4.0,-91,1770064783,3,3
2026-02-02 12:40:33.007705,0x433aad0c,13.23875,61.25,4.5,-92,1770064812,3,3
2026-02-02 12:42:45.223712,0x433ad35c,13.11875,66.25,6.25,-54,1770064945,3,3
2026-02-02 12:43:21.910603,0x433b0b38,13.09875,62.5,6.25,-73,1770064981,5,5
2026-02-02 12:43:58.610382,0x433abf20,13.24125,65.0,6.0,-76,1770065018,3,3
2026-02-02 12:45:05.526510,0x433acb14,13.12875,75.0,2.25,-96,1770065085,3,3
2026-02-02 12:45:30.229916,0x433b0098,13.215,75.0,6.5,-61,1770065110,2,2
2026-02-02 12:48:21.826584,0x433b0b38,13.10375,63.75,6.0,-72,1770065281,5,5
2026-02-02 12:49:00.478885,0x433abf20,13.23875,75.0,5.5,-76,1770065320,3,3
2026-02-02 12:49:52.997514,0x433af380,13.0375,70.0,6.0,-37,1770065372,3,3
2026-02-02 12:50:10.946514,0x433acb14,13.1325,66.25,1.25,-97,1770065390,3,3
2026-02-02 12:50:35.899175,0x433aad0c,13.235,73.75,4.5,-92,1770065415,3,3
2026-02-02 12:52:46.985208,0x433ad35c,13.11875,62.5,6.0,-54,1770065546,3,3
2026-02-02 12:53:23.002776,0x433b0b38,13.1025,61.25,6.25,-72,1770065582,5,5
2026-02-02 12:54:01.509741,0x433abf20,13.2425,63.75,5.75,-76,1770065621,3,3
2026-02-02 12:55:08.850908,0x433acb14,13.135,65.0,3.75,-93,1770065688,3,3
2026-02-02 12:55:31.329204,0x433b0098,13.225,60.0,6.5,-60,1770065711,2,2
2026-02-02 12:58:24.514644,0x433b0b38,13.0975,76.25,5.75,-73,1770065884,5,5
2026-02-02 12:59:02.464327,0x433abf20,13.245,78.75,5.75,-76,1770065922,3,3
2026-02-02 13:00:10.310591,0x433acb14,13.1275,76.25,2.0,-95,1770065990,3,3
2026-02-02 13:00:37.675141,0x433aad0c,13.24125,63.75,4.5,-92,1770066017,3,3
2026-02-02 13:02:51.649349,0x433ad35c,13.11625,73.75,6.25,-53,1770066151,3,3
2026-02-02 13:03:25.831503,0x433b0b38,13.105,58.75,6.0,-73,1770066185,5,5
2026-02-02 13:04:06.251138,0x433abf20,13.2425,63.75,6.25,-77,1770066226,3,3
2026-02-02 13:05:11.303058,0x433acb14,13.11125,128.75,3.0,-92,1770066291,3,3
2026-02-02 13:05:32.610792,0x433b0098,13.22,73.75,5.5,-62,1770066312,2,2
2026-02-02 13:08:26.807482,0x433b0b38,13.10625,60.0,6.25,-73,1770066486,5,5
2026-01-27 09:03:05.317380,0x433abf20,13.25,62.5,7.25,-73,1769533380,3,3
2026-01-27 09:03:16.830475,0x433ad35c,13.2475,65.0,6.0,-55,1769533391,3,3
2026-01-27 09:04:04.945682,0x433b0b38,13.22625,71.25,5.75,-73,1769533439,5,5
2026-01-27 09:05:20.062471,0x433b0098,13.2075,73.75,6.25,-58,1769533515,2,2
2026-01-27 09:05:28.640111,0x433acb14,13.25375,63.75,4.0,-91,1769533523,3,3
2026-01-27 09:08:07.744527,0x433abf20,13.24625,77.5,6.0,-74,1769533682,3,3
2026-01-27 09:09:05.265493,0x433b0b38,13.23,58.75,5.5,-73,1769533740,5,5
2026-01-27 09:10:31.105845,0x433acb14,13.25375,61.25,5.0,-90,1769533826,3,3
2026-01-27 09:13:09.248292,0x433abf20,13.25,66.25,6.75,-74,1769533984,3,3
2026-01-27 09:13:22.341104,0x433ad35c,13.25,65.0,6.25,-54,1769533997,3,3
2026-01-27 09:14:08.036163,0x433b0b38,13.2325,63.75,5.5,-73,1769534043,5,5
2026-01-27 09:15:23.022279,0x433b0098,13.2125,62.5,6.25,-60,1769534118,2,2
2026-01-27 09:15:31.592702,0x433acb14,13.25,73.75,3.25,-92,1769534126,3,3
2026-01-27 09:18:10.131262,0x433abf20,13.25,61.25,5.75,-75,1769534285,3,3
2026-01-27 09:19:08.784388,0x433b0b38,13.225,71.25,5.0,-73,1769534343,5,5
2026-01-27 09:20:32.214599,0x433acb14,13.25125,82.5,3.75,-92,1769534427,3,3
2026-01-27 09:23:14.290912,0x433abf20,13.24625,75.0,6.0,-74,1769534589,3,3
2026-01-27 09:23:22.556042,0x433ad35c,13.24625,73.75,5.5,-53,1769534597,3,3
2026-01-27 09:24:09.038715,0x433b0b38,13.23125,65.0,5.5,-74,1769534644,5,5
2026-01-27 09:25:25.033347,0x433b0098,13.2125,63.75,6.25,-59,1769534720,2,2
2026-01-27 09:25:34.377629,0x433acb14,13.25375,77.5,3.75,-92,1769534729,3,3
2026-01-27 09:28:14.352352,0x433abf20,13.25,65.0,6.0,-74,1769534889,3,3
2026-01-27 09:29:08.240212,0x433af380,13.1625,85.0,6.0,-40,1769534943,3,3
2026-01-27 09:29:16.535076,0x433b0b38,13.20375,120.0,6.0,-73,1769534951,5,5
2026-01-27 09:30:41.673985,0x433acb14,13.25625,62.5,3.75,-93,1769535036,3,3
2026-01-27 09:33:15.217047,0x433abf20,13.25,61.25,5.75,-75,1769535190,3,3
2026-01-27 09:33:25.531287,0x433ad35c,13.25,76.25,6.25,-54,1769535200,3,3
2026-01-27 09:34:13.669499,0x433b0b38,13.23,60.0,0.5,-73,1769535248,5,5
2026-01-27 09:35:28.730237,0x433b0098,13.21,75.0,6.25,-59,1769535323,2,2
2026-01-27 09:35:36.769854,0x433acb14,13.25625,66.25,1.5,-95,1769535331,3,3
2026-01-27 09:38:15.715604,0x433abf20,13.24875,61.25,6.0,-75,1769535490,3,3
2026-01-27 09:39:12.338103,0x433b0b38,13.23125,63.75,6.0,-74,1769535547,5,5
2026-01-27 09:40:37.623086,0x433acb14,13.25375,76.25,3.5,-92,1769535632,3,3
2026-01-27 09:43:16.659775,0x433abf20,13.25125,62.5,7.0,-75,1769535791,3,3
2026-01-27 09:43:28.367880,0x433ad35c,13.24875,71.25,6.0,-53,1769535803,3,3
2026-01-27 09:44:16.506430,0x433b0b38,13.2325,63.75,5.75,-74,1769535851,5,5
2026-01-27 09:45:30.806195,0x433b0098,13.215,68.75,6.5,-60,1769535925,2,2
2026-01-27 09:45:39.597725,0x433acb14,13.2525,77.5,2.5,-91,1769535934,3,3
2026-01-27 09:48:17.924998,0x433abf20,13.245,75.0,5.75,-74,1769536092,3,3
2026-01-27 09:49:18.666175,0x433b0b38,13.22625,72.5,6.5,-73,1769536153,5,5
2026-01-27 09:50:41.795733,0x433acb14,13.26,63.75,0.25,-96,1769536236,3,3
2026-01-27 09:53:23.856363,0x433abf20,13.25125,62.5,3.0,-93,1769536398,3,2
2026-01-27 09:53:31.286021,0x433ad35c,13.25125,63.75,6.0,-54,1769536406,3,3
2026-01-27 09:54:17.594687,0x433b0b38,13.22625,72.5,6.75,-73,1769536452,5,5
2026-01-27 09:55:32.936178,0x433b0098,13.21625,63.75,6.25,-59,1769536527,2,2
2026-01-27 09:55:43.584419,0x433acb14,13.25625,63.75,5.0,-89,1769536538,3,3
2026-01-27 09:58:20.214671,0x433abf20,13.24625,75.0,6.0,-75,1769536695,3,3
2026-01-27 09:59:19.826112,0x433b0b38,13.22625,75.0,5.75,-73,1769536754,5,5
2026-01-29 09:03:47.126659,0x433aad0c,13.2375,65.0,5.5,-79,1769706217,3,3
2026-01-29 09:04:37.456235,0x433abf20,13.245,63.75,5.75,-74,1769706267,3,3
2026-01-29 09:06:11.511771,0x433ad35c,13.24125,63.75,5.5,-54,1769706361,3,3
2026-01-29 09:06:32.057476,0x433b0098,13.2025,70.0,6.0,-59,1769706382,2,2
2026-01-29 09:06:35.166180,0x433b0b38,13.22375,58.75,4.5,-72,1769706385,5,5
2026-01-29 09:08:21.875891,0x433acb14,13.2075,65.0,4.25,-89,1769706492,3,3
2026-01-29 09:09:36.689079,0x433abf20,13.24125,72.5,6.5,-75,1769706567,3,3
2026-01-29 09:11:38.754976,0x433b0b38,13.2225,62.5,6.0,-72,1769706689,5,5
2026-01-29 09:13:25.757355,0x433acb14,13.20125,72.5,4.0,-88,1769706796,3,3
2026-01-29 09:13:49.051831,0x433aad0c,13.23875,60.0,5.25,-78,1769706819,3,3
2026-01-29 09:14:39.230315,0x433abf20,13.245,63.75,6.0,-74,1769706869,3,3
2026-01-29 09:16:15.259439,0x433ad35c,13.23875,72.5,7.25,-54,1769706965,3,3
2026-01-29 09:16:35.203626,0x433b0098,13.21,61.25,6.0,-59,1769706985,2,2
2026-01-29 09:16:39.614743,0x433b0b38,13.2225,61.25,5.75,-73,1769706989,5,5
2026-01-29 09:18:23.341803,0x433acb14,13.20875,62.5,4.75,-89,1769707093,3,3
2026-01-29 09:19:37.658557,0x433abf20,13.245,63.75,5.75,-75,1769707167,3,3
2026-01-29 09:21:38.161212,0x433b0b38,13.2225,65.0,5.75,-72,1769707288,5,5
2026-01-29 09:23:23.850198,0x433acb14,13.2075,65.0,4.0,-90,1769707394,3,3
2026-01-29 09:23:53.317054,0x433aad0c,13.23875,60.0,5.25,-79,1769707423,3,3
2026-01-29 09:24:41.631743,0x433abf20,13.24375,62.5,5.5,-76,1769707471,3,3
2026-01-29 09:26:18.238103,0x433ad35c,13.2375,71.25,7.75,-54,1769707568,3,3
2026-01-29 09:26:38.005847,0x433b0098,13.20375,75.0,6.25,-60,1769707588,2,2
2026-01-29 09:26:42.313994,0x433b0b38,13.22375,65.0,5.75,-72,1769707592,5,5
2026-01-29 09:28:26.730342,0x433acb14,13.20375,75.0,4.0,-91,1769707697,3,3
2026-01-29 09:29:43.067879,0x433abf20,13.245,63.75,5.75,-77,1769707773,3,3
2026-01-29 09:31:43.452479,0x433b0b38,13.22,56.25,5.75,-73,1769707893,5,5
2026-01-29 09:33:27.473440,0x433acb14,13.20375,76.25,4.5,-90,1769707997,3,3
2026-01-29 09:33:54.452160,0x433aad0c,13.23875,61.25,5.25,-78,1769708024,3,3
2026-01-29 09:34:43.970070,0x433abf20,13.24125,71.25,6.0,-76,1769708074,3,3
2026-01-29 09:36:19.694717,0x433ad35c,13.2425,65.0,6.25,-53,1769708169,3,3
2026-01-29 09:36:39.160097,0x433b0098,13.21125,62.5,6.25,-60,1769708189,2,2
2026-01-29 09:36:45.137456,0x433b0b38,13.2225,60.0,5.5,-73,1769708195,5,5
2026-01-29 09:36:51.278570,0x433af380,13.1525,78.75,6.0,-40,1769708201,3,3
2026-01-29 09:38:28.711732,0x433acb14,13.20875,61.25,4.75,-90,1769708298,3,3
2026-01-29 09:39:41.505911,0x433abf20,13.24625,66.25,5.5,-76,1769708371,3,3
2026-01-29 09:41:47.136899,0x433b0b38,13.22,71.25,5.5,-74,1769708497,5,5
2026-01-29 09:43:29.335712,0x433acb14,13.20875,63.75,3.75,-91,1769708599,3,3
2026-01-29 09:43:56.887391,0x433aad0c,13.235,76.25,5.5,-79,1769708627,3,3
2026-01-29 09:44:43.069896,0x433abf20,13.24625,66.25,5.25,-76,1769708673,3,3
2026-01-29 09:46:21.936673,0x433ad35c,13.24375,63.75,7.25,-54,1769708772,3,3
2026-01-29 09:46:40.197145,0x433b0098,13.21125,61.25,5.75,-60,1769708790,2,2
2026-01-29 09:46:47.211616,0x433b0b38,13.2225,57.5,6.0,-74,1769708797,5,5
2026-01-29 09:48:32.821041,0x433acb14,13.21,63.75,3.75,-91,1769708903,3,3
2026-01-29 09:49:44.165085,0x433abf20,13.24625,66.25,6.5,-77,1769708974,3,3
2026-01-29 09:51:47.801048,0x433b0b38,13.2175,66.25,5.75,-74,1769709098,5,5
2026-01-29 09:53:35.027200,0x433acb14,13.21,63.75,-3.75,-95,1769709205,3,3
2026-01-29 09:53:58.771238,0x433aad0c,13.24,62.5,5.5,-77,1769709229,3,3
2026-01-29 09:54:44.788640,0x433abf20,13.24375,71.25,6.0,-77,1769709275,3,3
2026-01-29 09:56:27.922357,0x433ad35c,13.24125,65.0,6.25,-53,1769709378,3,3
2026-01-29 09:56:44.237392,0x433b0098,13.205,73.75,5.75,-60,1769709394,2,2
2026-01-29 09:56:54.574865,0x433b0b38,13.21875,73.75,5.25,-74,1769709404,5,5
2026-01-29 09:58:34.581280,0x433acb14,13.21125,63.75,2.5,-94,1769709504,3,3
2026-01-29 09:59:46.469691,0x433abf20,13.24625,66.25,6.75,-77,1769709576,3,3
2026-01-29 10:01:49.172248,0x433b0b38,13.2175,72.5,6.5,-74,1769709699,5,5
2026-02-02 22:10:47.020851,0x433abf20,13.16375,126.25,5.5,-76,1770099025,3,3
2026-02-02 22:10:51.439593,0x433b0b38,13.1025,58.75,5.75,-72,1770099030,5,5
2026-02-02 22:12:37.894555,0x433acb14,13.11625,76.25,4.0,-88,1770099136,3,3
2026-02-02 22:13:08.921304,0x433aad0c,13.2525,63.75,5.5,-75,1770099167,3,3
2026-02-02 22:15:18.991701,0x433ad35c,13.10125,80.0,6.0,-53,1770099297,3,3
2026-02-02 22:15:46.584267,0x433abf20,13.185,65.0,6.0,-76,1770099325,3,3
2026-02-02 22:15:53.449783,0x433b0b38,13.10125,65.0,6.0,-72,1770099332,5,5
2026-02-02 22:17:22.541723,0x433b0098,13.22875,73.75,6.75,-61,1770099421,2,2
2026-02-02 22:17:38.191367,0x433acb14,13.11875,66.25,5.25,-89,1770099437,3,3
2026-02-02 22:20:47.552092,0x433abf20,13.18375,65.0,5.5,-75,1770099626,3,3
2026-02-02 22:20:52.692208,0x433b0b38,13.0975,78.75,6.0,-73,1770099631,5,5
2026-02-02 22:22:39.524068,0x433acb14,13.11875,62.5,4.5,-89,1770099738,3,3
2026-02-02 22:23:09.378006,0x433aad0c,13.2475,72.5,5.5,-75,1770099768,3,3
2026-02-02 22:25:20.744941,0x433ad35c,13.09875,76.25,5.75,-53,1770099899,3,3
2026-02-02 22:25:49.086694,0x433abf20,13.1825,62.5,5.75,-75,1770099927,3,3
2026-02-02 22:25:54.585770,0x433b0b38,13.095,73.75,6.0,-73,1770099933,5,5
2026-02-02 22:27:23.539845,0x433b0098,13.23625,62.5,6.75,-60,1770100022,2,2
2026-02-02 22:27:41.567439,0x433acb14,13.11,83.75,4.5,-89,1770100040,3,3
2026-02-02 22:30:48.778816,0x433abf20,13.18125,65.0,5.25,-75,1770100227,3,3
2026-02-02 22:30:55.242414,0x433b0b38,13.095,71.25,5.75,-71,1770100234,5,5
2026-02-02 22:32:41.642146,0x433acb14,13.11375,72.5,4.5,-89,1770100340,3,3
2026-02-02 22:33:10.801457,0x433aad0c,13.2275,131.25,5.75,-75,1770100369,3,3
2026-02-02 22:35:24.053568,0x433ad35c,13.09875,65.0,6.0,-52,1770100502,3,3
2026-02-02 22:35:49.997726,0x433abf20,13.1775,77.5,5.5,-76,1770100528,3,3
2026-02-02 22:35:57.354505,0x433b0b38,13.09875,61.25,6.0,-73,1770100536,5,5
2026-02-02 22:37:27.445745,0x433b0098,13.2325,60.0,6.0,-60,1770100626,2,2
2026-02-02 22:37:43.701334,0x433acb14,13.11375,76.25,4.5,-89,1770100642,3,3
2026-02-02 22:40:50.142794,0x433abf20,13.18,65.0,5.5,-75,1770100829,3,3
2026-02-02 22:40:57.770770,0x433b0b38,13.0975,61.25,6.0,-72,1770100836,5,5
2026-02-02 22:42:45.915258,0x433acb14,13.11875,66.25,4.75,-89,1770100944,3,3
2026-02-02 22:43:13.810984,0x433aad0c,13.25,65.0,5.75,-75,1770100972,3,3
2026-02-02 22:45:27.177014,0x433ad35c,13.0975,65.0,6.25,-53,1770101106,3,3
2026-02-02 22:45:51.476442,0x433abf20,13.18,65.0,5.5,-76,1770101130,3,3
2026-02-02 22:45:59.818399,0x433b0b38,13.09875,61.25,5.75,-72,1770101138,5,5
2026-02-02 22:47:28.729653,0x433b0098,13.22625,70.0,6.75,-60,1770101227,2,2
2026-02-02 22:47:47.701746,0x433acb14,13.1175,61.25,4.25,-88,1770101246,3,3
2026-02-02 22:50:52.798025,0x433abf20,13.18,63.75,5.25,-76,1770101431,3,3
2026-02-02 22:51:01.191595,0x433b0b38,13.0975,66.25,5.5,-72,1770101440,5,5
2026-02-02 22:51:10.395941,0x433af380,13.00875,80.0,6.25,-38,1770101449,3,3
2026-02-02 22:52:50.599368,0x433acb14,13.11375,76.25,4.75,-88,1770101549,3,3
2026-02-02 22:53:16.412631,0x433aad0c,13.245,70.0,6.0,-75,1770101575,3,3
2026-02-02 22:55:28.532095,0x433ad35c,13.0975,66.25,5.75,-53,1770101707,3,3
2026-02-02 22:55:52.626785,0x433abf20,13.1575,121.25,5.5,-75,1770101731,3,3
2026-02-02 22:56:02.455230,0x433b0b38,13.09625,57.5,5.75,-72,1770101741,5,5
2026-02-02 22:57:31.431761,0x433b0098,13.22875,60.0,5.75,-61,1770101830,2,2
2026-02-02 22:57:48.110024,0x433acb14,13.11375,65.0,5.25,-89,1770101846,3,3
2026-02-02 23:00:53.898374,0x433abf20,13.1775,66.25,5.5,-76,1770102032,3,3
2026-02-02 23:01:02.837195,0x433b0b38,13.09625,66.25,6.0,-72,1770102041,5,5
2026-02-02 23:02:49.416388,0x433acb14,13.11375,60.0,5.0,-89,1770102148,3,3
2026-02-02 23:03:18.818215,0x433aad0c,13.24375,72.5,5.5,-75,1770102177,3,3
2026-02-02 23:05:31.651779,0x433ad35c,13.09625,65.0,8.0,-53,1770102310,3,3
2026-02-02 23:05:54.629505,0x433abf20,13.175,62.5,5.5,-76,1770102333,3,3
2026-02-02 23:06:04.088346,0x433b0b38,13.08625,72.5,6.0,-72,1770102342,5,5
2026-02-02 23:07:35.770401,0x433b0098,13.22875,62.5,5.75,-61,1770102434,2,2
2026-02-02 23:07:51.309571,0x433acb14,13.11,80.0,4.0,-89,1770102450,3,3
2026-01-28 11:02:24.245442,0x433acb14,13.2475,68.75,3.25,-93,1769626936,3,3
2026-01-28 11:04:59.932227,0x433abf20,13.2675,63.75,5.75,-76,1769627092,3,3
2026-01-28 11:05:58.977251,0x433b0b38,13.24875,65.0,6.0,-73,1769627151,5,5
2026-01-28 11:10:04.376253,0x433abf20,13.26375,72.5,5.5,-75,1769627396,3,3
2026-01-28 11:10:25.605868,0x433ad35c,13.27125,75.0,6.75,-54,1769627418,3,3
2026-01-28 11:11:01.785616,0x433b0b38,13.24625,60.0,5.75,-73,1769627454,5,5
2026-01-28 11:12:05.283422,0x433b0098,13.2425,58.75,6.0,-61,1769627517,2,2
2026-01-28 11:12:29.254329,0x433acb14,13.24625,73.75,3.5,-91,1769627541,3,3
2026-01-28 11:15:04.637709,0x433abf20,13.2675,62.5,6.0,-75,1769627697,3,3
2026-01-28 11:16:01.677985,0x433b0b38,13.24875,62.5,5.75,-75,1769627754,5,5
2026-01-28 11:17:28.824652,0x433acb14,13.25125,62.5,4.0,-91,1769627841,3,3
2026-01-28 11:20:05.807052,0x433abf20,13.27,61.25,5.75,-76,1769627998,3,3
2026-01-28 11:20:25.542981,0x433ad35c,13.27625,65.0,6.5,-54,1769628017,3,3
2026-01-28 11:21:03.115010,0x433b0b38,13.24875,60.0,5.75,-74,1769628055,5,5
2026-01-28 11:22:08.645590,0x433b0098,13.235,75.0,5.75,-61,1769628121,2,2
2026-01-28 11:22:31.586702,0x433acb14,13.24875,71.25,4.5,-54,1769628144,3,2
2026-01-28 11:25:06.928873,0x433abf20,13.26875,77.5,5.5,-75,1769628299,3,3
2026-01-28 11:26:04.687302,0x433b0b38,13.24875,58.75,6.25,-74,1769628357,5,5
2026-01-28 11:27:31.646990,0x433acb14,13.2525,65.0,3.5,-91,1769628444,3,3
2026-01-28 11:30:08.832728,0x433abf20,13.26625,76.25,6.0,-77,1769628601,3,3
2026-01-28 11:30:26.249324,0x433ad35c,13.27625,62.5,5.75,-54,1769628618,3,3
2026-01-28 11:31:06.663706,0x433b0b38,13.24875,65.0,5.75,-72,1769628659,5,5
2026-01-28 11:32:11.175428,0x433b0098,13.23875,62.5,6.25,-61,1769628723,2,2
2026-01-28 11:32:33.281422,0x433acb14,13.25125,65.0,3.75,-91,1769628745,3,3
2026-01-28 11:34:01.262297,0x433af380,13.20875,67.5,6.5,-38,1769628833,3,3
2026-01-28 11:35:09.989127,0x433abf20,13.26875,65.0,5.75,-74,1769628902,3,3
2026-01-28 11:36:06.605740,0x433b0b38,13.24875,61.25,5.5,-74,1769628958,5,5
2026-01-28 11:37:34.781049,0x433acb14,13.25125,61.25,3.5,-90,1769629047,3,3
2026-01-28 11:40:09.276025,0x433abf20,13.27,61.25,6.25,-75,1769629201,3,3
2026-01-28 11:40:30.948035,0x433ad35c,13.27375,77.5,7.5,-54,1769629223,3,3
2026-01-28 11:41:08.086418,0x433b0b38,13.24625,63.75,6.0,-71,1769629260,5,5
2026-01-28 11:42:12.537557,0x433b0098,13.2425,60.0,5.75,-61,1769629324,2,2
2026-01-28 11:42:35.596658,0x433acb14,13.25,75.0,5.0,-89,1769629347,3,3
2026-01-28 11:45:11.207602,0x433abf20,13.26625,72.5,6.0,-76,1769629503,3,3
2026-01-28 11:46:09.476839,0x433b0b38,13.24375,72.5,5.75,-73,1769629561,5,5
2026-01-28 11:47:39.982332,0x433acb14,13.2525,65.0,3.5,-92,1769629652,3,3
2026-01-28 11:50:12.542029,0x433abf20,13.27,62.5,6.0,-75,1769629804,3,3
2026-01-28 11:50:32.408098,0x433ad35c,13.27875,62.5,5.75,-53,1769629824,3,3
2026-01-28 11:51:10.740194,0x433b0b38,13.24875,62.5,5.75,-73,1769629863,5,5
2026-01-28 11:52:15.800012,0x433b0098,13.24,70.0,6.75,-61,1769629928,2,2
2026-01-28 11:52:39.117839,0x433acb14,13.2525,61.25,-0.75,-91,1769629951,3,3
2026-01-28 11:55:15.376356,0x433abf20,13.2725,61.25,5.5,-75,1769630107,3,3
2026-01-28 11:56:12.531944,0x433b0b38,13.245,76.25,5.5,-73,1769630164,5,5
2026-01-28 11:57:49.149873,0x433acb14,13.255,66.25,5.5,-74,1769630261,3,2
2026-01-28 12:00:14.739135,0x433abf20,13.26875,76.25,5.25,-75,1769630407,3,3
2026-01-28 12:00:35.064332,0x433ad35c,13.275,73.75,6.25,-55,1769630427,3,3
2026-01-28 12:01:12.627111,0x433b0b38,13.24875,58.75,6.0,-72,1769630464,5,5
2026-01-27 02:01:21.281566,0x433ad35c,13.2575,75.0,7.5,-54,1769508076,3,3
2026-01-27 02:01:27.677099,0x433abf20,13.26,60.0,5.25,-76,1769508083,3,3
2026-01-27 02:02:13.293365,0x433b0b38,13.24,73.75,5.5,-73,1769508128,5,5
2026-01-27 02:03:31.741844,0x433acb14,13.26375,66.25,6.0,-86,1769508207,3,3
2026-01-27 02:03:36.889193,0x433b0098,13.19,131.25,5.75,-60,1769508212,2,2
2026-01-27 02:06:28.578067,0x433abf20,13.25875,66.25,5.5,-76,1769508384,3,3
2026-01-27 02:07:13.473213,0x433b0b38,13.23625,57.5,5.75,-73,1769508429,5,5
2026-01-27 02:08:37.510032,0x433acb14,13.2575,68.75,6.25,-86,1769508513,3,3
2026-01-27 02:11:24.856771,0x433ad35c,13.26,67.5,7.75,-54,1769508680,3,3
2026-01-27 02:11:30.565952,0x433abf20,13.25875,65.0,5.25,-76,1769508686,3,3
2026-01-27 02:12:15.573404,0x433b0b38,13.24125,73.75,6.0,-73,1769508731,5,5
2026-01-27 02:13:34.598678,0x433acb14,13.2575,78.75,5.25,-87,1769508810,3,3
2026-01-27 02:13:38.643647,0x433b0098,13.2225,70.0,6.0,-60,1769508814,2,2
2026-01-27 02:16:30.019311,0x433abf20,13.25875,62.5,6.0,-76,1769508985,3,3
2026-01-27 02:17:16.006234,0x433b0b38,13.23875,70.0,5.5,-72,1769509031,5,5
2026-01-27 02:18:35.822023,0x433acb14,13.26125,65.0,5.5,-85,1769509111,3,3
2026-01-27 02:21:27.907237,0x433ad35c,13.25875,65.0,7.5,-54,1769509283,3,3
2026-01-27 02:21:32.073213,0x433abf20,13.2575,76.25,5.0,-77,1769509287,3,3
2026-01-27 02:22:17.259182,0x433b0b38,13.23875,73.75,5.5,-72,1769509332,5,5
2026-01-27 02:23:38.167645,0x433acb14,13.2625,67.5,5.75,-87,1769509413,3,3
2026-01-27 02:23:40.709256,0x433b0098,13.22375,73.75,5.75,-61,1769509416,2,2
2026-01-27 02:26:33.620931,0x433abf20,13.2575,76.25,5.5,-76,1769509589,3,3
2026-01-27 02:27:19.315448,0x433b0b38,13.245,65.0,5.5,-72,1769509634,5,5
2026-01-27 02:27:46.070466,0x433af380,13.18375,78.75,6.25,-39,1769509661,3,3
2026-01-27 02:28:39.347242,0x433acb14,13.2625,68.75,5.75,-86,1769509714,3,3
2026-01-27 02:31:29.266596,0x433ad35c,13.26,66.25,7.25,-53,1769509884,3,3
2026-01-27 02:31:33.084872,0x433abf20,13.25625,75.0,5.75,-76,1769509888,3,3
2026-01-27 02:32:20.534404,0x433b0b38,13.24,73.75,5.5,-72,1769509936,5,5
2026-01-27 02:33:42.283723,0x433acb14,13.2625,63.75,6.0,-87,1769510017,3,3
2026-01-27 02:33:44.775769,0x433b0098,13.22375,62.5,6.0,-61,1769510020,2,2
2026-01-27 02:36:34.266171,0x433abf20,13.255,73.75,5.75,-76,1769510189,3,3
2026-01-27 02:37:21.909087,0x433b0b38,13.24625,63.75,5.75,-73,1769510237,5,5
2026-01-27 02:38:41.594336,0x433acb14,13.26375,67.5,6.25,-86,1769510317,3,3
2026-01-27 02:41:32.134245,0x433ad35c,13.255,71.25,6.75,-54,1769510487,3,3
2026-01-27 02:41:35.462046,0x433abf20,13.23875,122.5,5.5,-76,1769510491,3,3
2026-01-27 02:42:22.313349,0x433b0b38,13.23875,75.0,5.75,-72,1769510537,5,5
2026-01-27 02:43:43.000306,0x433acb14,13.26,63.75,5.75,-86,1769510618,3,3
2026-01-27 02:43:46.204695,0x433b0098,13.2275,63.75,5.5,-60,1769510621,2,2
2026-01-27 02:46:36.671392,0x433abf20,13.2575,67.5,5.5,-76,1769510792,3,3
2026-01-27 02:47:24.220978,0x433b0b38,13.2425,63.75,5.75,-72,1769510839,5,5
2026-01-27 02:48:46.068415,0x433acb14,13.26125,66.25,6.25,-86,1769510921,3,3
2026-01-27 02:51:34.350191,0x433ad35c,13.255,75.0,7.5,-54,1769511089,3,3
2026-01-27 02:51:37.497076,0x433abf20,13.23875,125.0,5.5,-76,1769511093,3,3
2026-01-27 02:52:26.924176,0x433b0b38,13.245,66.25,5.75,-72,1769511142,5,5
2026-01-27 02:53:45.088925,0x433acb14,13.235,142.5,6.0,-87,1769511220,3,3
2026-01-27 02:53:47.405606,0x433b0098,13.2275,61.25,6.25,-59,1769511222,2,2
2026-01-27 02:56:39.005647,0x433abf20,13.2575,62.5,5.75,-76,1769511394,3,3
2026-01-27 02:57:29.719664,0x433b0b38,13.24375,58.75,6.0,-73,1769511445,5,5
2026-01-27 02:58:46.389338,0x433acb14,13.26125,65.0,6.0,-87,1769511521,3,3
2026-01-26 18:00:04.865137,0x433b0b38,13.27,73.75,5.5,-72,1769479201,5,5
2026-01-26 18:01:21.420438,0x433acb14,13.2975,66.25,3.5,-91,1769479277,3,3
2026-01-26 18:01:38.685803,0x433b0098,13.265,60.0,6.0,-61,1769479295,2,2
2026-01-26 18:04:24.849715,0x433abf20,13.27875,62.5,5.25,-76,1769479461,3,3
2026-01-26 18:05:08.558829,0x433b0b38,13.27,60.0,5.75,-73,1769479504,5,5
2026-01-26 18:06:22.431220,0x433acb14,13.29625,65.0,3.75,-91,1769479578,3,3
2026-01-26 18:09:20.164167,0x433ad35c,13.285,77.5,6.75,-54,1769479756,3,3
2026-01-26 18:09:26.611506,0x433abf20,13.27875,66.25,5.5,-77,1769479762,3,3
2026-01-26 18:10:10.712711,0x433b0b38,13.26625,72.5,5.5,-73,1769479807,5,5
2026-01-26 18:11:23.730310,0x433acb14,13.29375,63.75,3.75,-92,1769479880,3,3
2026-01-26 18:11:39.845837,0x433b0098,13.25875,63.75,6.25,-62,1769479896,2,2
2026-01-26 18:14:27.895103,0x433abf20,13.27875,65.0,6.0,-75,1769480064,3,3
2026-01-26 18:15:09.133496,0x433b0b38,13.27,63.75,5.5,-73,1769480105,5,5
2026-01-26 18:16:26.424277,0x433acb14,13.29375,61.25,3.25,-91,1769480182,3,3
2026-01-26 18:19:23.970766,0x433ad35c,13.2825,76.25,5.75,-52,1769480360,3,3
2026-01-26 18:19:30.309857,0x433abf20,13.275,75.0,5.75,-75,1769480366,3,2
2026-01-26 18:20:10.151068,0x433b0b38,13.2725,65.0,6.0,-73,1769480406,5,5
2026-01-26 18:21:26.404393,0x433acb14,13.295,66.25,3.5,-89,1769480482,3,3
2026-01-26 18:21:42.103602,0x433b0098,13.26,70.0,6.25,-62,1769480498,2,2
2026-01-26 18:24:30.450277,0x433abf20,13.275,75.0,5.75,-76,1769480666,3,3
2026-01-26 18:25:12.161483,0x433b0b38,13.2625,73.75,5.75,-72,1769480708,5,5
2026-01-26 18:26:19.494472,0x433af380,13.23875,68.75,6.25,-39,1769480775,3,3
2026-01-26 18:26:29.536516,0x433acb14,13.29375,65.0,3.5,-90,1769480785,3,3
2026-01-26 18:29:24.666108,0x433ad35c,13.2875,66.25,6.0,-53,1769480961,3,3
2026-01-26 18:29:31.717364,0x433abf20,13.2725,72.5,5.75,-75,1769480968,3,3
2026-01-26 18:30:13.521900,0x433b0b38,13.26375,76.25,6.25,-73,1769481009,5,5
2026-01-26 18:31:31.133540,0x433acb14,13.2925,63.75,3.25,-91,1769481087,3,3
2026-01-26 18:31:43.832094,0x433b0098,13.2625,63.75,5.75,-62,1769481100,2,2
2026-01-26 18:34:32.971106,0x433abf20,13.27375,76.25,5.5,-75,1769481269,3,3
2026-01-26 18:35:14.093590,0x433b0b38,13.27125,62.5,6.0,-73,1769481310,5,5
2026-01-26 18:36:32.140475,0x433acb14,13.2925,63.75,3.25,-92,1769481388,3,3
2026-01-26 18:39:31.928371,0x433ad35c,13.285,77.5,5.75,-52,1769481568,3,3
2026-01-26 18:39:35.083911,0x433abf20,13.27625,61.25,5.5,-76,1769481571,3,3
2026-01-26 18:40:16.312768,0x433b0b38,13.27,63.75,5.75,-73,1769481612,5,5
2026-01-26 18:41:33.600038,0x433acb14,13.28875,75.0,3.75,-91,1769481689,3,3
2026-01-26 18:41:46.716736,0x433b0098,13.25625,75.0,6.0,-60,1769481703,2,2
2026-01-26 18:44:37.269126,0x433abf20,13.275,62.5,5.5,-76,1769481873,3,3
2026-01-26 18:45:17.540232,0x433b0b38,13.27,65.0,6.0,-73,1769481913,5,5
2026-01-26 18:46:44.013106,0x433acb14,13.2875,72.5,6.0,-75,1769482000,3,2
2026-01-26 18:49:32.257746,0x433ad35c,13.28375,76.25,6.25,-53,1769482168,3,3
2026-01-26 18:49:37.278523,0x433abf20,13.27375,73.75,5.75,-76,1769482173,3,3
2026-01-26 18:50:17.893985,0x433b0b38,13.2675,63.75,5.0,-73,1769482214,5,5
2026-01-26 18:51:36.702507,0x433acb14,13.2875,77.5,3.75,-91,1769482293,3,3
2026-01-26 18:51:48.677742,0x433b0098,13.2625,61.25,6.0,-60,1769482305,2,2
2026-01-26 18:54:44.260368,0x433abf20,13.26875,97.5,4.0,-91,1769482480,3,1
2026-01-26 18:55:21.462643,0x433b0b38,13.265,75.0,6.0,-73,1769482517,5,5
2026-01-26 18:56:44.106764,0x433acb14,13.28875,63.75,3.75,-91,1769482600,3,3
2026-01-26 18:59:33.882757,0x433ad35c,13.285,65.0,5.75,-53,1769482770,3,3
2026-01-26 18:59:47.851697,0x433abf20,13.27875,61.25,5.5,-76,1769482784,3,3
2026-01-26 08:59:41.088833,0x433b0098,13.2225,70.0,6.0,-61,1769446778,2,2
2026-01-26 09:02:25.847801,0x433abf20,13.25875,62.5,6.0,-76,1769446943,3,3
2026-01-26 09:02:39.145985,0x433b0b38,13.245,61.25,5.75,-74,1769446956,5,5
2026-01-26 09:03:59.859756,0x433acb14,13.27875,66.25,3.5,-92,1769447037,3,3
2026-01-26 09:06:52.533392,0x433ad35c,13.2625,63.75,7.0,-53,1769447209,3,3
2026-01-26 09:07:27.758516,0x433abf20,13.25375,76.25,5.5,-76,1769447245,3,3
2026-01-26 09:07:40.437660,0x433b0b38,13.2375,72.5,5.5,-74,1769447257,5,5
2026-01-26 09:09:00.144964,0x433acb14,13.27625,75.0,2.75,-93,1769447337,3,3
2026-01-26 09:09:43.665379,0x433b0098,13.22375,71.25,6.25,-61,1769447380,2,2
2026-01-26 09:12:28.455285,0x433abf20,13.25125,76.25,5.25,-77,1769447545,3,3
2026-01-26 09:12:41.448848,0x433b0b38,13.24,76.25,5.75,-74,1769447558,5,5
2026-01-26 09:14:02.940986,0x433acb14,13.27375,77.5,3.0,-94,1769447640,3,3
2026-01-26 09:16:54.390868,0x433ad35c,13.26375,67.5,6.25,-53,1769447811,3,3
2026-01-26 09:17:29.091621,0x433abf20,13.2575,61.25,5.5,-77,1769447846,3,3
2026-01-26 09:17:42.707465,0x433b0b38,13.24,75.0,5.5,-75,1769447860,5,5
2026-01-26 09:19:03.982529,0x433acb14,13.28,61.25,3.75,-92,1769447941,3,3
2026-01-26 09:19:47.431294,0x433b0098,13.22375,71.25,5.5,-61,1769447984,2,2
2026-01-26 09:22:30.979773,0x433abf20,13.255,76.25,6.0,-76,1769448148,3,3
2026-01-26 09:22:43.354869,0x433b0b38,13.24125,60.0,5.75,-75,1769448160,5,5
2026-01-26 09:24:04.923933,0x433acb14,13.27875,62.5,3.0,-93,1769448242,3,3
2026-01-26 09:24:48.535660,0x433af380,13.1875,70.0,6.0,-39,1769448285,3,3
2026-01-26 09:26:57.947221,0x433ad35c,13.26,75.0,7.5,-54,1769448415,3,3
2026-01-26 09:27:31.393621,0x433abf20,13.25,75.0,5.75,-76,1769448448,3,3
2026-01-26 09:27:49.636889,0x433b0b38,13.23625,73.75,6.0,-75,1769448466,5,5
2026-01-26 09:29:06.096893,0x433acb14,13.27375,71.25,2.5,-94,1769448543,3,3
2026-01-26 09:29:47.867031,0x433b0098,13.23,77.5,6.0,-61,1769448585,2,2
2026-01-26 09:32:34.919309,0x433abf20,13.25375,73.75,6.0,-76,1769448752,3,3
2026-01-26 09:32:48.688374,0x433b0b38,13.24125,58.75,6.0,-75,1769448765,5,5
2026-01-26 09:34:07.180369,0x433acb14,13.27625,76.25,2.5,-94,1769448844,3,3
2026-01-26 09:37:01.220875,0x433ad35c,13.26125,75.0,6.25,-53,1769449018,3,3
2026-01-26 09:37:34.537916,0x433abf20,13.255,76.25,5.5,-76,1769449051,3,3
2026-01-26 09:37:48.912300,0x433b0b38,13.2375,75.0,5.5,-74,1769449066,5,5
2026-01-26 09:39:10.843820,0x433acb14,13.27875,65.0,,-97,1769449148,3,3
2026-01-26 09:39:54.198521,0x433b0098,13.225,73.75,6.25,-61,1769449191,2,2
2026-01-26 09:42:35.810664,0x433abf20,13.25625,61.25,5.75,-76,1769449353,3,3
2026-01-26 09:42:49.956563,0x433b0b38,13.2375,70.0,6.25,-74,1769449367,5,5
2026-01-26 09:44:09.161104,0x433acb14,13.2775,73.75,,-97,1769449446,3,3
2026-01-26 09:47:04.690454,0x433ad35c,13.265,65.0,6.5,-54,1769449621,3,3
2026-01-26 09:47:35.655051,0x433abf20,13.255,75.0,5.25,-77,1769449652,3,3
2026-01-26 09:47:56.890328,0x433b0b38,13.24375,63.75,1.75,-95,1769449674,5,4
2026-01-26 09:49:11.301875,0x433acb14,13.27625,78.75,2.25,-94,1769449748,3,3
2026-01-26 09:49:55.374023,0x433b0098,13.2275,73.75,5.75,-61,1769449792,2,2
2026-01-26 09:52:37.056492,0x433abf20,13.255,76.25,6.5,-76,1769449954,3,3
2026-01-26 09:52:51.512068,0x433b0b38,13.2375,73.75,5.75,-74,1769449968,5,5
2026-01-26 09:57:06.451017,0x433ad35c,13.2675,63.75,6.0,-54,1769450223,3,3
2026-01-26 09:57:37.676758,0x433abf20,13.25625,57.5,5.25,-76,1769450254,3,3
2026-01-26 09:57:54.299560,0x433b0b38,13.23625,70.0,7.0,-74,1769450271,5,5
2026-01-26 09:59:13.993282,0x433acb14,13.2775,76.25,0.75,-96,1769450351,3,3
2026-01-30 00:05:36.641726,0x433b0b38,13.24,58.75,5.75,-73,1769760325,5,5
2026-01-30 00:07:23.401807,0x433acb14,13.19875,76.25,5.75,-87,1769760432,3,3
2026-01-30 00:07:28.128961,0x433abf20,13.25625,65.0,6.0,-75,1769760436,3,3
2026-01-30 00:07:48.710907,0x433aad0c,13.25,71.25,5.5,-76,1769760457,3,3
2026-01-30 00:09:17.061120,0x433b0098,13.23375,61.25,6.0,-59,1769760545,2,2
2026-01-30 00:10:09.847237,0x433ad35c,13.25125,62.5,6.0,-54,1769760598,3,3
2026-01-30 00:10:38.097459,0x433b0b38,13.23875,60.0,5.5,-73,1769760626,5,5
2026-01-30 00:12:24.839538,0x433acb14,13.20375,66.25,6.5,-86,1769760733,3,3
2026-01-30 00:12:30.090550,0x433abf20,13.23625,121.25,5.75,-75,1769760738,3,3
2026-01-30 00:15:41.416535,0x433b0b38,13.235,66.25,5.5,-73,1769760930,5,5
2026-01-30 00:17:25.325424,0x433acb14,13.20375,70.0,6.0,-86,1769761034,3,3
2026-01-30 00:17:31.313421,0x433abf20,13.25125,77.5,5.75,-76,1769761040,3,3
2026-01-30 00:17:52.887946,0x433aad0c,13.25125,62.5,5.75,-76,1769761061,3,3
2026-01-30 00:19:17.222471,0x433b0098,13.2325,62.5,6.25,-60,1769761146,2,2
2026-01-30 00:20:11.505457,0x433ad35c,13.2525,65.0,6.0,-53,1769761200,3,3
2026-01-30 00:20:41.009223,0x433b0b38,13.2325,75.0,5.5,-73,1769761229,5,5
2026-01-30 00:22:28.224012,0x433acb14,13.2025,66.25,5.5,-85,1769761337,3,3
2026-01-30 00:22:31.643896,0x433abf20,13.25625,66.25,5.75,-75,1769761340,3,3
2026-01-30 00:25:42.717453,0x433b0b38,13.23375,75.0,5.75,-73,1769761531,5,5
2026-01-30 00:27:28.436675,0x433acb14,13.1775,142.5,5.75,-86,1769761637,3,3
2026-01-30 00:27:33.568816,0x433abf20,13.25125,75.0,5.5,-75,1769761642,3,3
2026-01-30 00:27:54.077559,0x433aad0c,13.25125,75.0,5.0,-76,1769761662,3,3
2026-01-30 00:29:19.451511,0x433b0098,13.22625,75.0,6.0,-59,1769761748,2,2
2026-01-30 00:30:14.442495,0x433ad35c,13.24875,75.0,6.0,-54,1769761803,3,3
2026-01-30 00:30:45.557479,0x433b0b38,13.2325,75.0,5.75,-73,1769761834,5,5
2026-01-30 00:32:30.155710,0x433acb14,13.1975,73.75,5.5,-85,1769761938,3,3
2026-01-30 00:32:34.837729,0x433abf20,13.2575,61.25,5.75,-75,1769761943,3,3
2026-01-30 00:35:46.268519,0x433b0b38,13.23375,77.5,5.75,-73,1769762135,5,5
2026-01-30 00:37:31.588144,0x433acb14,13.20125,62.5,6.25,-86,1769762240,3,3
2026-01-30 00:37:35.644517,0x433abf20,13.25,90.0,5.75,-75,1769762244,3,3
2026-01-30 00:37:56.689603,0x433aad0c,13.25125,60.0,5.5,-76,1769762265,3,3
2026-01-30 00:38:45.182373,0x433af380,13.1725,71.25,6.5,-38,1769762313,3,3
2026-01-30 00:39:20.393294,0x433b0098,13.225,68.75,6.75,-60,1769762349,2,2
2026-01-30 00:40:17.572419,0x433ad35c,13.25,62.5,6.5,-53,1769762406,3,3
2026-01-30 00:40:48.085897,0x433b0b38,13.2375,62.5,6.75,-59,1769762436,5,4
2026-01-30 00:42:36.139778,0x433abf20,13.25125,76.25,5.75,-75,1769762544,3,3
2026-01-30 00:42:40.031138,0x433acb14,13.19875,65.0,5.0,-85,1769762548,3,3
2026-01-30 00:45:48.971130,0x433b0b38,13.23625,63.75,5.5,-73,1769762737,5,5
2026-01-30 00:47:35.901064,0x433acb14,13.2,65.0,5.75,-75,1769762844,3,2
2026-01-30 00:47:38.342340,0x433abf20,13.255,63.75,5.75,-75,1769762847,3,3
2026-01-30 00:47:59.276527,0x433aad0c,13.25125,63.75,5.75,-76,1769762868,3,3
2026-01-30 00:49:22.894265,0x433b0098,13.23125,61.25,6.5,-60,1769762951,2,2
2026-01-30 00:50:20.961956,0x433ad35c,13.24625,75.0,6.25,-54,1769763009,3,3
2026-01-30 00:50:49.401631,0x433b0b38,13.23625,62.5,6.0,-73,1769763038,5,5
2026-01-30 00:52:35.527475,0x433acb14,13.195,77.5,5.75,-86,1769763144,3,3
2026-01-30 00:52:38.309856,0x433abf20,13.25375,65.0,5.75,-75,1769763147,3,3
2026-01-30 00:55:50.368567,0x433b0b38,13.23125,76.25,6.0,-73,1769763339,5,5
2026-01-30 00:57:37.001679,0x433acb14,13.2,67.5,5.75,-86,1769763445,3,3
2026-01-30 00:57:40.346275,0x433abf20,13.25375,65.0,5.75,-76,1769763449,3,3
2026-01-30 00:58:01.790027,0x433aad0c,13.2525,66.25,5.5,-76,1769763470,3,3
2026-01-30 00:59:23.662683,0x433b0098,13.22875,61.25,6.25,-60,1769763552,2,2
2026-01-30 01:00:21.462226,0x433ad35c,13.25,62.5,6.5,-54,1769763610,3,3
2026-01-30 01:00:54.646632,0x433b0b38,13.2325,56.25,6.0,-73,1769763643,5,5
2026-01-30 01:02:41.860162,0x433acb14,13.19875,66.25,6.75,-59,1769763750,3,2
2026-01-30 01:02:47.135456,0x433abf20,13.25375,61.25,5.25,-76,1769763755,3,2
2026-01-28 02:02:39.291131,0x433abf20,13.2725,61.25,6.0,-75,1769594552,3,3
2026-01-28 02:03:36.229892,0x433b0b38,13.25625,63.75,6.0,-72,1769594609,5,5
2026-01-28 02:05:01.707036,0x433acb14,13.22875,145.0,4.25,-90,1769594695,3,3
2026-01-28 02:07:40.849832,0x433abf20,13.26875,72.5,5.75,-74,1769594854,3,3
2026-01-28 02:07:49.769344,0x433ad35c,13.27,77.5,6.5,-54,1769594863,3,3
2026-01-28 02:08:38.079874,0x433b0b38,13.25625,63.75,6.0,-72,1769594911,5,5
2026-01-28 02:09:51.524698,0x433b0098,13.245,62.5,6.0,-61,1769594984,2,2
2026-01-28 02:10:05.429887,0x433acb14,13.26,66.25,5.75,-75,1769594998,3,2
2026-01-28 02:12:41.074295,0x433abf20,13.27,60.0,5.75,-75,1769595154,3,3
2026-01-28 02:13:38.714373,0x433b0b38,13.255,62.5,6.25,-73,1769595212,5,5
2026-01-28 02:15:02.514629,0x433acb14,13.23375,128.75,4.5,-89,1769595295,3,3
2026-01-28 02:17:43.225616,0x433abf20,13.2725,61.25,5.5,-75,1769595456,3,3
2026-01-28 02:17:52.347764,0x433ad35c,13.26625,81.25,6.25,-54,1769595465,3,3
2026-01-28 02:18:39.974357,0x433b0b38,13.25125,73.75,6.0,-72,1769595513,5,5
2026-01-28 02:19:54.454434,0x433b0098,13.24375,60.0,6.0,-61,1769595587,2,2
2026-01-28 02:20:05.747444,0x433acb14,13.25375,75.0,3.75,-91,1769595599,3,3
2026-01-28 02:22:44.979403,0x433abf20,13.25,135.0,5.75,-74,1769595758,3,3
2026-01-28 02:23:42.216451,0x433b0b38,13.2475,72.5,5.75,-72,1769595815,5,5
2026-01-28 02:25:05.962621,0x433acb14,13.2525,80.0,3.75,-91,1769595899,3,3
2026-01-28 02:27:46.347323,0x433abf20,13.27125,62.5,6.25,-75,1769596059,3,3
2026-01-28 02:27:54.604745,0x433ad35c,13.26875,78.75,5.75,-53,1769596067,3,3
2026-01-28 02:28:43.138019,0x433b0b38,13.25125,70.0,6.0,-72,1769596116,5,5
2026-01-28 02:29:57.136206,0x433b0098,13.24625,62.5,6.25,-61,1769596190,2,2
2026-01-28 02:30:06.970726,0x433acb14,13.2575,66.25,4.25,-90,1769596200,3,3
2026-01-28 02:32:14.946909,0x433af380,13.1975,73.75,6.25,-39,1769596328,3,3
2026-01-28 02:32:46.692759,0x433abf20,13.27125,62.5,5.75,-74,1769596360,3,3
2026-01-28 02:33:44.543842,0x433b0b38,13.255,58.75,5.75,-72,1769596417,5,5
2026-01-28 02:35:08.810610,0x433acb14,13.2575,66.25,3.75,-91,1769596502,3,3
2026-01-28 02:37:48.479111,0x433abf20,13.25125,152.5,6.0,-75,1769596661,3,3
2026-01-28 02:37:57.276230,0x433ad35c,13.27375,63.75,6.5,-53,1769596670,3,3
2026-01-28 02:38:45.041279,0x433b0b38,13.2525,63.75,5.75,-72,1769596718,5,5
2026-01-28 02:39:59.487564,0x433b0098,13.24375,62.5,6.25,-60,1769596792,2,2
2026-01-28 02:40:09.676139,0x433acb14,13.25625,65.0,5.0,-88,1769596802,3,3
2026-01-28 02:42:50.135347,0x433abf20,13.2525,123.75,5.75,-75,1769596963,3,3
2026-01-28 02:43:46.301676,0x433b0b38,13.25375,62.5,5.75,-72,1769597019,5,5
2026-01-28 02:45:11.710259,0x433acb14,13.2525,77.5,4.25,-88,1769597105,3,3
2026-01-28 02:47:50.400547,0x433abf20,13.2525,123.75,5.75,-75,1769597263,3,3
2026-01-28 02:47:59.084425,0x433ad35c,13.27,76.25,6.0,-52,1769597272,3,3
2026-01-28 02:48:48.083469,0x433b0b38,13.255,60.0,6.0,-72,1769597321,5,5
2026-01-28 02:50:02.668475,0x433b0098,13.21125,117.5,6.25,-61,1769597395,2,2
2026-01-28 02:50:14.158343,0x433acb14,13.255,62.5,5.0,-88,1769597407,3,3
2026-01-28 02:52:51.514202,0x433abf20,13.24,135.0,5.5,-75,1769597564,3,3
2026-01-28 02:53:49.897593,0x433b0b38,13.24875,71.25,6.25,-72,1769597623,5,5
2026-01-28 02:55:15.547182,0x433acb14,13.25125,77.5,5.0,-88,1769597708,3,3
2026-01-28 02:57:53.243178,0x433abf20,13.27125,62.5,6.0,-75,1769597866,3,3
2026-01-28 02:58:01.620405,0x433ad35c,13.2675,76.25,6.25,-54,1769597874,3,3
2026-01-28 02:58:55.710806,0x433b0b38,13.24875,70.0,5.75,-72,1769597928,5,5
2026-01-28 03:00:05.849704,0x433b0098,13.23875,61.25,6.0,-61,1769597999,2,2
2026-01-28 03:00:19.081548,0x433acb14,13.23,135.0,5.0,-89,1769598012,3,3
2026-01-27 19:01:39.902954,0x433b0b38,13.26125,62.5,6.0,-72,1769569293,5,5
2026-01-27 19:03:10.366898,0x433acb14,13.27375,60.0,3.25,-93,1769569384,3,3
2026-01-27 19:05:43.244884,0x433abf20,13.27875,68.75,5.5,-76,1769569537,3,3
2026-01-27 19:06:01.152734,0x433ad35c,13.28,76.25,6.5,-54,1769569555,3,3
2026-01-27 19:06:41.178131,0x433b0b38,13.26375,63.75,5.75,-72,1769569595,5,5
2026-01-27 19:08:04.709830,0x433b0098,13.2525,60.0,7.25,-61,1769569678,2,2
2026-01-27 19:08:13.804759,0x433acb14,13.27625,66.25,2.25,-91,1769569687,3,3
2026-01-27 19:10:46.075579,0x433abf20,13.27875,65.0,5.0,-75,1769569840,3,3
2026-01-27 19:11:42.826622,0x433b0b38,13.2575,73.75,5.5,-70,1769569896,5,5
2026-01-27 19:13:12.575288,0x433acb14,13.27375,65.0,2.25,-94,1769569986,3,3
2026-01-27 19:15:46.665740,0x433abf20,13.27625,77.5,5.75,-75,1769570140,3,3
2026-01-27 19:16:02.877844,0x433ad35c,13.28375,61.25,6.25,-53,1769570156,3,3
2026-01-27 19:16:43.759204,0x433b0b38,13.2575,72.5,6.75,-72,1769570197,5,5
2026-01-27 19:18:05.906313,0x433b0098,13.245,76.25,5.75,-61,1769570279,2,2
2026-01-27 19:18:14.801035,0x433acb14,13.275,63.75,0.5,-92,1769570288,3,3
2026-01-27 19:20:47.209097,0x433abf20,13.28125,63.75,5.75,-75,1769570441,3,3
2026-01-27 19:21:45.241616,0x433b0b38,13.25875,76.25,5.75,-72,1769570499,5,5
2026-01-27 19:23:15.130673,0x433acb14,13.27125,78.75,-2.75,-100,1769570589,3,3
2026-01-27 19:25:48.719814,0x433abf20,13.27875,61.25,7.25,-74,1769570742,3,3
2026-01-27 19:26:05.063635,0x433ad35c,13.28375,63.75,7.25,-54,1769570759,3,3
2026-01-27 19:26:47.032763,0x433b0b38,13.25875,75.0,5.75,-71,1769570801,5,5
2026-01-27 19:28:09.555627,0x433b0098,13.245,73.75,5.75,-61,1769570883,2,2
2026-01-27 19:28:18.275745,0x433acb14,13.27,76.25,4.5,-89,1769570892,3,3
2026-01-27 19:30:51.253857,0x433abf20,13.27875,65.0,7.0,-74,1769571045,3,3
2026-01-27 19:30:59.548288,0x433af380,13.20125,81.25,6.25,-39,1769571053,3,3
2026-01-27 19:31:47.572259,0x433b0b38,13.2575,75.0,5.5,-71,1769571101,5,5
2026-01-27 19:33:18.795838,0x433acb14,13.27375,63.75,1.5,-95,1769571192,3,3
2026-01-27 19:35:50.903794,0x433abf20,13.27625,65.0,6.5,-75,1769571344,3,3
2026-01-27 19:36:08.366831,0x433ad35c,13.2825,65.0,6.0,-53,1769571362,3,3
2026-01-27 19:36:49.796291,0x433b0b38,13.26375,60.0,6.25,-71,1769571403,5,5
2026-01-27 19:38:10.914112,0x433b0098,13.21125,130.0,5.25,-62,1769571484,2,2
2026-01-27 19:38:20.308563,0x433acb14,13.245,138.75,-4.0,-103,1769571494,3,3
2026-01-27 19:41:50.095558,0x433b0b38,13.25875,61.25,6.0,-72,1769571704,5,5
2026-01-27 19:43:23.885099,0x433acb14,13.2725,67.5,4.25,-88,1769571797,3,3
2026-01-27 19:45:55.123921,0x433abf20,13.27875,63.75,5.75,-75,1769571949,3,3
2026-01-27 19:46:09.788511,0x433ad35c,13.28,76.25,6.75,-53,1769571963,3,3
2026-01-27 19:46:52.140254,0x433b0b38,13.26375,63.75,6.25,-71,1769572006,5,5
2026-01-27 19:48:13.537463,0x433b0098,13.24375,72.5,6.25,-61,1769572087,2,2
2026-01-27 19:48:21.977431,0x433acb14,13.26875,70.0,3.75,-91,1769572095,3,3
2026-01-27 19:50:56.109439,0x433abf20,13.27875,65.0,6.0,-75,1769572250,3,3
2026-01-27 19:51:52.912878,0x433b0b38,13.2625,63.75,6.75,-72,1769572306,5,5
2026-01-27 19:53:25.908788,0x433acb14,13.27,65.0,3.5,-93,1769572399,3,3
2026-01-27 19:55:59.598771,0x433abf20,13.255,131.25,5.75,-74,1769572553,3,3
2026-01-27 19:56:13.117170,0x433ad35c,13.27875,76.25,6.75,-54,1769572567,3,3
2026-01-27 19:56:55.656633,0x433b0b38,13.255,72.5,6.0,-70,1769572609,5,5
2026-01-27 19:58:17.185900,0x433b0098,13.2525,61.25,6.75,-64,1769572691,2,2
2026-01-27 19:58:25.776963,0x433acb14,13.2725,63.75,1.5,-96,1769572699,3,3
2026-01-27 20:00:58.507074,0x433abf20,13.28,58.75,5.5,-76,1769572852,3,3
2026-01-31 05:07:55.039275,0x433ad35c,13.1825,72.5,6.0,-55,1769864860,3,3
2026-01-31 05:08:09.360116,0x433abf20,13.2425,65.0,5.5,-76,1769864875,3,3
2026-01-31 05:08:23.059533,0x433b0b38,13.2125,72.5,6.25,-71,1769864888,5,5
2026-01-31 05:10:14.086427,0x433acb14,13.14875,61.25,6.0,-85,1769864999,3,3
2026-01-31 05:13:07.996137,0x433abf20,13.24125,66.25,5.25,-76,1769865173,3,3
2026-01-31 05:13:24.520826,0x433b0b38,13.20875,73.75,5.5,-71,1769865190,5,5
2026-01-31 05:14:30.089706,0x433b0098,13.21125,63.75,6.75,-60,1769865255,2,2
2026-01-31 05:15:19.626529,0x433acb14,13.14375,73.75,6.0,-86,1769865305,3,3
2026-01-31 05:15:37.147389,0x433aad0c,13.24,62.5,5.25,-75,1769865322,3,3
2026-01-31 05:17:57.578154,0x433ad35c,13.18,75.0,6.25,-55,1769865463,3,3
2026-01-31 05:18:10.037527,0x433abf20,13.2425,66.25,5.5,-76,1769865475,3,3
2026-01-31 05:18:26.385840,0x433b0b38,13.185,131.25,5.25,-71,1769865492,5,5
2026-01-31 05:20:18.275521,0x433acb14,13.1475,63.75,5.75,-86,1769865604,3,3
2026-01-31 05:23:10.103553,0x433abf20,13.24125,62.5,5.75,-75,1769865775,3,3
2026-01-31 05:23:27.105380,0x433b0b38,13.2175,58.75,6.25,-70,1769865792,5,5
2026-01-31 05:24:32.040079,0x433b0098,13.21125,56.25,6.5,-60,1769865857,2,2
2026-01-31 05:25:17.483606,0x433acb14,13.1425,76.25,6.25,-86,1769865903,3,3
2026-01-31 05:25:41.416915,0x433aad0c,13.23625,72.5,5.75,-75,1769865927,3,3
2026-01-31 05:28:01.075647,0x433ad35c,13.18125,77.5,6.25,-55,1769866066,3,3
2026-01-31 05:28:10.838292,0x433abf20,13.24125,65.0,5.5,-76,1769866076,3,3
2026-01-31 05:28:28.977703,0x433b0b38,13.21,70.0,6.5,-71,1769866094,5,5
2026-01-31 05:30:19.470969,0x433acb14,13.1425,75.0,5.5,-85,1769866205,3,3
2026-01-31 05:33:14.796008,0x433abf20,13.24125,62.5,5.5,-75,1769866380,3,3
2026-01-31 05:33:31.561551,0x433b0b38,13.2125,63.75,6.0,-70,1769866397,5,5
2026-01-31 05:34:33.329929,0x433b0098,13.2075,61.25,7.0,-59,1769866459,2,2
2026-01-31 05:35:23.594398,0x433acb14,13.14625,65.0,5.5,-86,1769866509,3,3
2026-01-31 05:35:41.586585,0x433aad0c,13.24,65.0,5.75,-76,1769866527,3,3
2026-01-31 05:38:04.996847,0x433ad35c,13.17875,75.0,6.0,-54,1769866670,3,3
2026-01-31 05:38:12.377513,0x433abf20,13.2375,73.75,5.75,-75,1769866678,3,3
2026-01-31 05:38:32.906768,0x433b0b38,13.20875,72.5,5.75,-71,1769866698,5,5
2026-01-31 05:40:22.785180,0x433acb14,13.14,85.0,5.5,-86,1769866808,3,3
2026-01-31 05:42:41.219290,0x433af380,13.135,73.75,6.0,-38,1769866946,3,3
2026-01-31 05:43:14.983665,0x433abf20,13.23875,76.25,5.5,-75,1769866980,3,3
2026-01-31 05:43:33.201752,0x433b0b38,13.21,77.5,6.5,-71,1769866998,5,5
2026-01-31 05:44:36.230851,0x433b0098,13.20125,73.75,5.75,-59,1769867061,2,2
2026-01-31 05:45:23.108852,0x433acb14,13.1475,66.25,5.25,-86,1769867108,3,3
2026-01-31 05:45:45.517942,0x433aad0c,13.23125,70.0,5.5,-75,1769867131,3,3
2026-01-31 05:48:07.456224,0x433ad35c,13.17625,85.0,6.25,-55,1769867273,3,3
2026-01-31 05:48:15.794313,0x433abf20,13.2375,72.5,5.75,-76,1769867281,3,3
2026-01-31 05:48:33.535242,0x433b0b38,13.21625,66.25,6.25,-70,1769867299,5,5
2026-01-31 05:50:25.267294,0x433acb14,13.1425,76.25,5.0,-85,1769867410,3,3
2026-01-31 05:53:15.724937,0x433abf20,13.24125,62.5,5.25,-75,1769867581,3,3
2026-01-31 05:53:35.361592,0x433b0b38,13.215,61.25,5.75,-70,1769867601,5,5
2026-01-31 05:54:37.623892,0x433b0098,13.2075,65.0,7.0,-60,1769867663,2,2
2026-01-31 05:55:25.643428,0x433acb14,13.145,66.25,5.75,-86,1769867711,3,3
2026-01-31 05:55:47.209861,0x433aad0c,13.24125,63.75,5.5,-76,1769867732,3,3
2026-01-31 05:58:08.270228,0x433ad35c,13.18,65.0,5.75,-54,1769867873,3,3
2026-01-31 05:58:18.172393,0x433abf20,13.24125,63.75,5.75,-75,1769867883,3,3
2026-01-31 05:58:36.945592,0x433b0b38,13.2125,65.0,6.0,-71,1769867902,5,5
2026-01-31 06:00:27.854246,0x433acb14,13.145,67.5,5.0,-85,1769868013,3,3
2026-01-31 06:03:18.765570,0x433abf20,13.24,65.0,5.75,-74,1769868184,3,3
2026-01-31 06:03:38.696362,0x433b0b38,13.21125,71.25,5.75,-71,1769868204,5,5
2026-01-31 06:04:40.829528,0x433b0098,13.2025,72.5,7.0,-59,1769868266,2,2
2026-01-31 06:05:29.119122,0x433acb14,13.14375,76.25,4.75,-85,1769868314,3,3
2026-01-31 06:05:51.775865,0x433aad0c,13.23875,61.25,5.75,-75,1769868337,3,3
2026-01-29 07:04:07.564409,0x433abf20,13.2425,75.0,5.5,-76,1769699038,3,3
2026-01-29 07:05:41.076011,0x433ad35c,13.23625,61.25,5.5,-55,1769699131,3,3
2026-01-29 07:06:02.225108,0x433b0b38,13.225,56.25,6.0,-70,1769699152,5,5
2026-01-29 07:06:09.702311,0x433b0098,13.20375,68.75,5.25,-55,1769699160,2,1
2026-01-29 07:07:48.031703,0x433acb14,13.1975,88.75,4.5,-84,1769699258,3,3
2026-01-29 07:09:05.471078,0x433abf20,13.245,62.5,5.5,-76,1769699335,3,3
2026-01-29 07:11:03.513662,0x433b0b38,13.225,61.25,6.5,-71,1769699454,5,5
2026-01-29 07:12:49.396780,0x433acb14,13.20625,61.25,5.0,-83,1769699559,3,3
2026-01-29 07:13:18.218275,0x433aad0c,13.24125,61.25,5.75,-75,1769699588,3,3
2026-01-29 07:14:06.554853,0x433abf20,13.24375,62.5,5.75,-76,1769699637,3,3
2026-01-29 07:15:43.730597,0x433ad35c,13.2425,61.25,6.25,-55,1769699734,3,3
2026-01-29 07:16:03.965446,0x433b0b38,13.22,70.0,6.0,-71,1769699754,5,5
2026-01-29 07:16:07.391710,0x433b0098,13.21125,63.75,6.5,-59,1769699757,2,2
2026-01-29 07:17:52.763295,0x433acb14,13.21,67.5,5.0,-84,1769699863,3,3
2026-01-29 07:19:11.667286,0x433abf20,13.24375,67.5,5.75,-76,1769699942,3,3
2026-01-29 07:21:05.217399,0x433b0b38,13.22125,73.75,5.75,-70,1769700055,5,5
2026-01-29 07:22:52.463658,0x433acb14,13.20375,78.75,5.75,-82,1769700162,3,3
2026-01-29 07:23:19.379041,0x433aad0c,13.2325,72.5,6.25,-75,1769700189,3,3
2026-01-29 07:24:08.230499,0x433abf20,13.225,122.5,7.0,-73,1769700238,3,3
2026-01-29 07:25:45.407872,0x433ad35c,13.2425,63.75,6.0,-55,1769700335,3,3
2026-01-29 07:26:07.201820,0x433b0b38,13.22125,67.5,5.5,-71,1769700357,5,5
2026-01-29 07:26:09.685592,0x433b0098,13.21125,62.5,5.75,-59,1769700360,2,2
2026-01-29 07:27:53.206779,0x433acb14,13.2075,62.5,6.25,-83,1769700463,3,3
2026-01-29 07:29:11.481473,0x433abf20,13.2425,75.0,6.0,-74,1769700541,3,3
2026-01-29 07:31:07.942382,0x433b0b38,13.22875,62.5,6.25,-70,1769700658,5,5
2026-01-29 07:32:55.260736,0x433acb14,13.20625,66.25,5.75,-83,1769700765,3,3
2026-01-29 07:33:21.347029,0x433aad0c,13.24125,66.25,6.75,-75,1769700791,3,3
2026-01-29 07:34:12.338715,0x433abf20,13.245,65.0,6.5,-74,1769700842,3,3
2026-01-29 07:35:48.723269,0x433ad35c,13.2375,72.5,6.25,-55,1769700939,3,3
2026-01-29 07:36:09.646219,0x433b0b38,13.22375,62.5,6.0,-71,1769700960,5,5
2026-01-29 07:36:13.023085,0x433b0098,13.205,75.0,6.0,-59,1769700963,2,2
2026-01-29 07:36:30.781236,0x433af380,13.155,85.0,6.25,-39,1769700981,3,3
2026-01-29 07:37:56.587689,0x433acb14,13.20625,65.0,6.0,-83,1769701067,3,3
2026-01-29 07:39:13.885638,0x433abf20,13.2425,61.25,6.0,-75,1769701144,3,3
2026-01-29 07:41:11.071499,0x433b0b38,13.22375,63.75,5.5,-70,1769701261,5,5
2026-01-29 07:42:58.362205,0x433acb14,13.2025,71.25,5.75,-83,1769701368,3,3
2026-01-29 07:43:24.989160,0x433aad0c,13.23625,70.0,6.75,-75,1769701395,3,3
2026-01-29 07:45:52.031041,0x433ad35c,13.24,62.5,6.25,-56,1769701542,3,3
2026-01-29 07:46:13.567160,0x433b0b38,13.22125,71.25,5.75,-70,1769701564,5,5
2026-01-29 07:46:17.664322,0x433b0098,13.205,72.5,5.75,-59,1769701568,2,2
2026-01-29 07:47:59.505706,0x433acb14,13.20625,65.0,5.5,-83,1769701669,3,3
2026-01-29 07:49:15.671434,0x433abf20,13.2425,76.25,6.25,-74,1769701746,3,3
2026-01-29 07:51:14.522384,0x433b0b38,13.22375,58.75,6.0,-70,1769701864,5,5
2026-01-29 07:53:00.184103,0x433acb14,13.20125,72.5,5.0,-86,1769701970,3,3
2026-01-29 07:53:26.394506,0x433aad0c,13.24,62.5,5.5,-74,1769701996,3,3
2026-01-29 07:54:16.043130,0x433abf20,13.2425,77.5,5.5,-77,1769702046,3,3
2026-01-29 07:55:54.271024,0x433ad35c,13.23625,72.5,6.25,-56,1769702144,3,3
2026-01-29 07:56:14.242277,0x433b0b38,13.225,58.75,5.5,-71,1769702164,5,5
2026-01-29 07:56:19.517102,0x433b0098,13.21125,62.5,6.0,-59,1769702169,2,2
2026-01-29 07:58:01.198632,0x433acb14,13.2025,76.25,5.5,-85,1769702271,3,3
2026-01-29 07:59:17.560822,0x433abf20,13.24625,61.25,6.0,-76,1769702348,3,3
2026-01-29 08:01:15.756524,0x433b0b38,13.22375,65.0,6.0,-70,1769702466,5,5
2026-01-29 08:03:02.462432,0x433acb14,13.19625,90.0,4.0,-88,1769702572,3,3
2026-02-02 02:09:56.258759,0x433ad35c,13.08875,77.5,6.0,-52,1770026977,3,3
2026-02-02 02:10:30.500076,0x433b0b38,13.12,58.75,5.5,-73,1770027011,5,5
2026-02-02 02:11:57.910057,0x433abf20,13.2375,63.75,6.0,-76,1770027098,3,3
2026-02-02 02:12:15.918763,0x433acb14,13.1025,70.0,3.75,-87,1770027116,3,3
2026-02-02 02:13:18.631301,0x433b0098,13.21375,65.0,6.0,-59,1770027179,2,2
2026-02-02 02:15:31.621679,0x433b0b38,13.12125,65.0,5.75,-72,1770027312,5,5
2026-02-02 02:16:58.894976,0x433abf20,13.23,77.5,6.0,-76,1770027399,3,3
2026-02-02 02:17:16.082415,0x433acb14,13.11125,66.25,3.75,-87,1770027417,3,3
2026-02-02 02:17:44.443581,0x433aad0c,13.23875,58.75,5.75,-76,1770027445,3,3
2026-02-02 02:19:58.512001,0x433ad35c,13.08875,62.5,6.0,-53,1770027579,3,3
2026-02-02 02:20:32.731217,0x433b0b38,13.08875,137.5,5.75,-72,1770027613,5,5
2026-02-02 02:22:00.041168,0x433abf20,13.23125,71.25,6.0,-76,1770027701,3,3
2026-02-02 02:22:18.563411,0x433acb14,13.11,63.75,4.25,-88,1770027719,3,3
2026-02-02 02:23:21.361099,0x433b0098,13.20375,72.5,7.25,-60,1770027782,2,2
2026-02-02 02:25:34.430969,0x433b0b38,13.11875,66.25,5.5,-72,1770027915,5,5
2026-02-02 02:27:01.065294,0x433abf20,13.23375,62.5,5.5,-75,1770028002,3,3
2026-02-02 02:27:19.932600,0x433acb14,13.1075,63.75,4.25,-87,1770028020,3,3
2026-02-02 02:27:45.389190,0x433aad0c,13.23875,65.0,6.0,-75,1770028046,3,3
2026-02-02 02:30:00.550538,0x433ad35c,13.08875,61.25,6.25,-53,1770028181,3,3
2026-02-02 02:30:36.946147,0x433b0b38,13.11625,62.5,5.75,-72,1770028217,5,5
2026-02-02 02:32:03.435686,0x433abf20,13.235,63.75,5.5,-76,1770028304,3,3
2026-02-02 02:32:21.236227,0x433acb14,13.1075,62.5,5.5,-86,1770028322,3,3
2026-02-02 02:33:26.740303,0x433b0098,13.2125,65.0,6.5,-60,1770028387,2,2
2026-02-02 02:35:38.015775,0x433b0b38,13.1125,71.25,5.5,-73,1770028519,5,5
2026-02-02 02:37:04.515293,0x433abf20,13.23,73.75,5.5,-76,1770028605,3,3
2026-02-02 02:37:21.993890,0x433acb14,13.1025,76.25,5.5,-86,1770028622,3,3
2026-02-02 02:37:48.557301,0x433aad0c,13.235,73.75,5.5,-75,1770028649,3,3
2026-02-02 02:40:02.230377,0x433ad35c,13.08875,66.25,6.0,-52,1770028783,3,3
2026-02-02 02:40:38.622389,0x433b0b38,13.11,71.25,6.0,-72,1770028819,5,5
2026-02-02 02:42:05.383311,0x433abf20,13.23375,66.25,5.25,-76,1770028906,3,3
2026-02-02 02:42:23.277674,0x433acb14,13.10875,62.5,5.5,-87,1770028924,3,3
2026-02-02 02:43:26.362128,0x433b0098,13.21125,58.75,6.0,-59,1770028987,2,2
2026-02-02 02:45:41.493199,0x433b0b38,13.11875,63.75,6.0,-73,1770029122,5,5
2026-02-02 02:47:06.602563,0x433abf20,13.2275,72.5,5.5,-76,1770029207,3,3
2026-02-02 02:47:24.503942,0x433acb14,13.1075,65.0,5.25,-87,1770029225,3,3
2026-02-02 02:47:51.401592,0x433aad0c,13.2375,65.0,5.25,-75,1770029252,3,3
2026-02-02 02:48:37.492627,0x433af380,12.99,83.75,6.5,-38,1770029298,3,3
2026-02-02 02:50:06.181168,0x433ad35c,13.08625,76.25,6.0,-53,1770029387,3,3
2026-02-02 02:50:46.028992,0x433b0b38,13.115,58.75,2.0,-72,1770029427,5,5
2026-02-02 02:52:08.558540,0x433abf20,13.22875,73.75,5.5,-76,1770029509,3,3
2026-02-02 02:52:25.920988,0x433acb14,13.105,77.5,5.75,-86,1770029526,3,3
2026-02-02 02:53:28.173938,0x433b0098,13.20875,63.75,6.25,-59,1770029589,2,2
2026-02-02 02:55:49.241640,0x433b0b38,13.11125,75.0,5.75,-72,1770029730,5,5
2026-02-02 02:57:09.735193,0x433abf20,13.23125,61.25,5.5,-75,1770029810,3,3
2026-02-02 02:57:27.929061,0x433acb14,13.10625,65.0,5.0,-87,1770029828,3,3
2026-02-02 02:57:53.082411,0x433aad0c,13.2325,70.0,5.5,-75,1770029854,3,3
2026-02-02 03:00:07.323707,0x433ad35c,13.085,62.5,6.0,-53,1770029988,3,3
2026-02-02 03:00:45.209061,0x433b0b38,13.11375,63.75,5.25,-72,1770030026,5,5
2026-02-02 03:02:09.172364,0x433abf20,13.21375,122.5,5.75,-77,1770030110,3,3
2026-02-02 03:02:28.339494,0x433acb14,13.10375,65.0,6.25,-86,1770030129,3,3
2026-02-02 03:03:32.483876,0x433b0098,13.20875,60.0,5.5,-60,1770030193,2,2
2026-02-02 03:05:47.703056,0x433b0b38,13.11,63.75,5.5,-73,1770030328,5,5
2026-02-02 03:07:12.935075,0x433abf20,13.23375,62.5,5.5,-76,1770030413,3,3
2026-02-02 03:07:31.118682,0x433acb14,13.1075,62.5,5.25,-84,1770030432,3,3
2026-02-02 03:07:56.864826,0x433aad0c,13.23625,63.75,5.0,-76,1770030457,3,3
2026-01-31 06:08:11.866772,0x433ad35c,13.1775,76.25,6.25,-56,1769868477,3,3
2026-01-31 06:08:17.522946,0x433abf20,13.23625,75.0,5.0,-75,1769868483,3,3
2026-01-31 06:08:38.603444,0x433b0b38,13.215,62.5,5.5,-70,1769868504,5,5
2026-01-31 06:10:30.330070,0x433acb14,13.14,77.5,5.25,-85,1769868616,3,3
2026-01-31 06:13:18.670788,0x433abf20,13.24,65.0,5.75,-75,1769868784,3,3
2026-01-31 06:13:39.866278,0x433b0b38,13.2075,75.0,5.25,-70,1769868805,5,5
2026-01-31 06:14:42.509464,0x433b0098,13.20625,62.5,6.5,-60,1769868868,2,2
2026-01-31 06:15:34.385873,0x433acb14,13.145,63.75,4.75,-85,1769868920,3,3
2026-01-31 06:15:53.331697,0x433aad0c,13.2375,61.25,6.0,-75,1769868939,3,3
2026-01-31 06:18:13.014716,0x433ad35c,13.17625,75.0,6.25,-55,1769869078,3,3
2026-01-31 06:18:25.454104,0x433abf20,13.24,63.75,5.75,-75,1769869091,3,3
2026-01-31 06:18:41.140554,0x433b0b38,13.21625,66.25,6.0,-71,1769869106,5,5
2026-01-31 06:20:32.963211,0x433acb14,13.1425,67.5,4.0,-85,1769869218,3,3
2026-01-31 06:23:20.888094,0x433abf20,13.2375,75.0,5.75,-75,1769869386,3,3
2026-01-31 06:23:42.704746,0x433b0b38,13.2125,75.0,5.5,-70,1769869408,5,5
2026-01-31 06:24:45.089779,0x433b0098,13.20625,63.75,6.0,-61,1769869470,2,2
2026-01-31 06:25:34.113068,0x433acb14,13.145,66.25,4.75,-85,1769869519,3,3
2026-01-31 06:25:56.240998,0x433aad0c,13.23875,60.0,6.5,-75,1769869541,3,3
2026-01-31 06:28:18.247934,0x433ad35c,13.1775,77.5,6.25,-55,1769869683,3,3
2026-01-31 06:28:22.623502,0x433abf20,13.23875,65.0,5.75,-75,1769869688,3,3
2026-01-31 06:28:43.653637,0x433b0b38,13.2075,71.25,5.25,-70,1769869709,5,5
2026-01-31 06:30:35.487164,0x433acb14,13.14,75.0,4.0,-85,1769869821,3,3
2026-01-31 06:33:23.346562,0x433abf20,13.21625,136.25,5.75,-74,1769869988,3,3
2026-01-31 06:33:44.913895,0x433b0b38,13.2075,75.0,6.0,-70,1769870010,5,5
2026-01-31 06:34:50.297110,0x433b0098,13.2075,63.75,4.75,-56,1769870075,2,1
2026-01-31 06:35:35.946699,0x433acb14,13.145,65.0,5.25,-86,1769870121,3,3
2026-01-31 06:35:58.259853,0x433aad0c,13.23875,65.0,6.0,-75,1769870143,3,3
2026-01-31 06:38:19.911096,0x433ad35c,13.1775,62.5,6.25,-55,1769870285,3,3
2026-01-31 06:38:24.267189,0x433abf20,13.24,65.0,5.75,-75,1769870289,3,3
2026-01-31 06:38:46.813850,0x433b0b38,13.20875,75.0,5.5,-70,1769870312,5,5
2026-01-31 06:40:38.481994,0x433acb14,13.14375,66.25,5.5,-86,1769870424,3,3
2026-01-31 06:42:54.176638,0x433af380,13.1175,78.75,6.5,-38,1769870559,3,3
2026-01-31 06:43:23.925880,0x433abf20,13.24125,65.0,5.75,-75,1769870589,3,3
2026-01-31 06:43:49.399738,0x433b0b38,13.21375,61.25,6.0,-71,1769870615,5,5
2026-01-31 06:44:52.671622,0x433b0098,13.2,76.25,6.0,-59,1769870678,2,2
2026-01-31 06:45:38.987582,0x433acb14,13.14375,57.5,5.25,-85,1769870724,3,3
2026-01-31 06:46:00.765497,0x433aad0c,13.23875,63.75,5.75,-75,1769870746,3,3
2026-01-31 06:48:23.351662,0x433ad35c,13.17625,77.5,6.0,-56,1769870888,3,3
2026-01-31 06:48:25.733171,0x433abf20,13.23875,66.25,5.75,-74,1769870891,3,3
2026-01-31 06:48:48.735734,0x433b0b38,13.2125,60.0,5.75,-70,1769870914,5,5
2026-01-31 06:50:40.145864,0x433acb14,13.1425,62.5,5.25,-85,1769871025,3,3
2026-01-31 06:53:26.152013,0x433abf20,13.24125,66.25,5.75,-75,1769871191,3,3
2026-01-31 06:53:49.983335,0x433b0b38,13.20625,75.0,6.0,-70,1769871215,5,5
2026-01-31 06:54:52.242412,0x433b0098,13.19625,77.5,6.25,-60,1769871277,2,2
2026-01-31 06:55:42.096209,0x433acb14,13.13875,72.5,6.0,-86,1769871327,3,3
2026-01-31 06:56:02.467150,0x433aad0c,13.2375,65.0,5.75,-75,1769871348,3,3
2026-01-31 06:58:25.110876,0x433ad35c,13.175,61.25,5.75,-55,1769871490,3,3
2026-01-31 06:58:28.907898,0x433abf20,13.23875,63.75,6.0,-75,1769871494,3,3
2026-01-31 06:58:55.083839,0x433b0b38,13.2075,71.25,6.25,-71,1769871520,5,5
2026-01-31 07:00:42.663866,0x433acb14,13.14375,66.25,6.0,-86,1769871628,3,3
2026-01-31 07:03:28.434027,0x433abf20,13.23,68.75,6.0,-75,1769871794,3,3
2026-01-31 07:03:54.348784,0x433b0b38,13.2125,63.75,6.25,-70,1769871819,5,5
2026-01-31 07:04:55.109936,0x433b0098,13.20625,63.75,7.0,-60,1769871880,2,2
2026-01-31 07:05:44.743591,0x433acb14,13.1425,62.5,5.25,-86,1769871930,3,3
2026-01-28 12:02:18.701859,0x433b0098,13.23875,72.5,5.75,-62,1769630531,2,2
2026-01-28 12:02:41.513488,0x433acb14,13.2525,62.5,4.5,-90,1769630553,3,3
2026-01-28 12:05:17.410800,0x433abf20,13.2725,57.5,5.75,-75,1769630709,3,3
2026-01-28 12:06:14.771740,0x433b0b38,13.24875,62.5,5.25,-72,1769630767,5,5
2026-01-28 12:07:53.752317,0x433acb14,13.25125,75.0,3.25,-92,1769630866,3,3
2026-01-28 12:10:17.919342,0x433abf20,13.27125,65.0,5.75,-75,1769631010,3,3
2026-01-28 12:10:36.960431,0x433ad35c,13.2775,73.75,6.0,-54,1769631029,3,3
2026-01-28 12:11:15.154104,0x433b0b38,13.25,60.0,5.75,-72,1769631067,5,5
2026-01-28 12:12:21.440178,0x433b0098,13.24625,58.75,6.0,-61,1769631133,2,2
2026-01-28 12:12:43.759594,0x433acb14,13.2525,72.5,4.0,-93,1769631156,3,3
2026-01-28 12:15:20.720213,0x433abf20,13.2725,63.75,6.0,-75,1769631313,3,3
2026-01-28 12:16:17.855627,0x433b0b38,13.2475,76.25,5.5,-72,1769631370,5,5
2026-01-28 12:17:44.741134,0x433acb14,13.25625,66.25,2.75,-89,1769631457,3,3
2026-01-28 12:20:20.172529,0x433abf20,13.27375,62.5,5.75,-75,1769631612,3,3
2026-01-28 12:20:41.387140,0x433ad35c,13.2775,75.0,5.75,-54,1769631633,3,3
2026-01-28 12:21:17.669700,0x433b0b38,13.25125,76.25,5.75,-72,1769631669,5,5
2026-01-28 12:22:24.084790,0x433b0098,13.25,58.75,6.5,-62,1769631736,2,2
2026-01-28 12:22:46.640992,0x433acb14,13.25625,65.0,2.5,-95,1769631758,3,3
2026-01-28 12:25:21.413220,0x433abf20,13.27,82.5,5.75,-75,1769631913,3,3
2026-01-28 12:26:18.945373,0x433b0b38,13.2525,61.25,5.5,-72,1769631971,5,5
2026-01-28 12:27:48.298301,0x433acb14,13.25625,63.75,-4.5,-96,1769632060,3,3
2026-01-28 12:28:17.015685,0x433aad0c,13.86875,68.75,2.5,-89,1769632089,3,3
2026-01-28 12:30:23.655593,0x433abf20,13.27,70.0,5.25,-76,1769632215,3,3
2026-01-28 12:30:45.044571,0x433ad35c,13.2775,72.5,7.25,-54,1769632237,3,3
2026-01-28 12:31:21.059032,0x433b0b38,13.2525,62.5,5.5,-72,1769632273,5,5
2026-01-28 12:32:25.931629,0x433b0098,13.245,72.5,5.75,-62,1769632338,2,2
2026-01-28 12:32:50.310823,0x433acb14,13.25,73.75,5.75,-89,1769632362,3,3
2026-01-28 12:34:08.636877,0x433af380,13.20125,78.75,6.0,-39,1769632440,3,3
2026-01-28 12:35:23.984819,0x433abf20,13.275,65.0,5.5,-77,1769632516,3,3
2026-01-28 12:36:22.561472,0x433b0b38,13.25125,63.75,5.75,-73,1769632574,5,5
2026-01-28 12:37:52.924905,0x433acb14,13.25125,73.75,2.75,-95,1769632665,3,3
2026-01-28 12:38:17.447271,0x433aad0c,13.80625,70.0,1.75,-88,1769632689,3,3
2026-01-28 12:40:25.596771,0x433abf20,13.27,76.25,5.25,-76,1769632817,3,3
2026-01-28 12:40:46.776983,0x433ad35c,13.27125,87.5,6.25,-53,1769632839,3,3
2026-01-28 12:41:23.593451,0x433b0b38,13.2475,71.25,5.75,-72,1769632875,5,5
2026-01-28 12:42:27.528929,0x433b0098,13.25,62.5,6.25,-61,1769632939,2,2
2026-01-28 12:42:52.178363,0x433acb14,13.2525,76.25,3.5,-93,1769632964,3,3
2026-01-28 12:45:28.035248,0x433abf20,13.27625,63.75,5.75,-76,1769633120,3,3
2026-01-28 12:46:24.532412,0x433b0b38,13.2525,60.0,6.5,-74,1769633176,5,5
2026-01-28 12:47:54.118921,0x433acb14,13.25,88.75,3.0,-94,1769633266,3,3
2026-01-28 12:48:17.047762,0x433aad0c,13.76625,56.25,4.0,-88,1769633289,3,3
2026-01-28 12:50:28.938965,0x433abf20,13.275,65.0,5.25,-76,1769633421,3,3
2026-01-28 12:50:49.177849,0x433ad35c,13.28,63.75,7.0,-53,1769633441,3,3
2026-01-28 12:51:26.923073,0x433b0b38,13.2525,61.25,6.0,-73,1769633479,5,5
2026-01-28 12:52:30.832644,0x433b0098,13.25,57.5,6.25,-61,1769633543,2,2
2026-01-28 12:52:54.859358,0x433acb14,13.25875,65.0,1.25,-95,1769633567,3,3
2026-01-28 12:55:29.413843,0x433abf20,13.27625,65.0,5.5,-76,1769633721,3,3
2026-01-28 12:56:27.948199,0x433b0b38,13.255,63.75,6.0,-73,1769633780,5,5
2026-01-28 12:57:55.517515,0x433acb14,13.25875,61.25,5.25,-88,1769633867,3,3
2026-01-28 12:58:18.345626,0x433aad0c,13.7225,60.0,6.0,-53,1769633890,3,2
2026-01-28 13:00:31.537246,0x433abf20,13.27375,75.0,5.5,-76,1769634023,3,3
2026-01-28 13:00:51.834706,0x433ad35c,13.2825,61.25,6.75,-54,1769634044,3,3
2026-01-28 13:01:19.447473,0x433b0b38,13.25,76.25,6.25,-74,1769634071,5,5
2026-02-03 04:11:47.153456,0x433abf20,13.13125,66.25,5.75,-75,1770120685,3,3
2026-02-03 04:12:28.033075,0x433b0b38,13.07375,63.75,5.5,-73,1770120726,5,5
2026-02-03 04:14:15.001077,0x433acb14,13.08875,65.0,5.25,-85,1770120833,3,3
2026-02-03 04:14:45.710491,0x433aad0c,13.2275,61.25,5.5,-75,1770120864,3,3
2026-02-03 04:16:47.718176,0x433abf20,13.13125,60.0,5.5,-75,1770120986,3,3
2026-02-03 04:16:59.250240,0x433ad35c,13.07125,61.25,6.25,-53,1770120997,3,3
2026-02-03 04:17:28.453213,0x433b0b38,13.07125,56.25,5.75,-73,1770121026,5,5
2026-02-03 04:18:31.323055,0x433b0098,13.19375,72.5,6.25,-59,1770121089,2,2
2026-02-03 04:19:16.340494,0x433acb14,13.0875,75.0,5.25,-85,1770121134,3,3
2026-02-03 04:21:51.562945,0x433abf20,13.12625,72.5,5.75,-76,1770121289,3,3
2026-02-03 04:22:31.307218,0x433b0b38,13.07125,66.25,6.0,-72,1770121329,5,5
2026-02-03 04:24:17.960038,0x433acb14,13.08875,66.25,5.0,-85,1770121436,3,3
2026-02-03 04:24:45.048754,0x433aad0c,13.2225,72.5,5.25,-76,1770121463,3,3
2026-02-03 04:26:53.135023,0x433abf20,13.13,62.5,6.0,-75,1770121591,3,3
2026-02-03 04:26:59.096758,0x433ad35c,13.07125,66.25,6.25,-53,1770121597,3,3
2026-02-03 04:27:31.056275,0x433b0b38,13.0725,66.25,5.75,-73,1770121629,5,5
2026-02-03 04:28:34.939535,0x433b0098,13.1925,75.0,6.5,-60,1770121693,2,2
2026-02-03 04:29:17.926731,0x433acb14,13.08875,66.25,5.75,-86,1770121736,3,3
2026-02-03 04:31:52.799803,0x433abf20,13.12875,67.5,5.5,-76,1770121891,3,3
2026-02-03 04:32:32.340993,0x433b0b38,13.0725,67.5,5.75,-73,1770121930,5,5
2026-02-03 04:34:19.479494,0x433acb14,13.08875,67.5,4.75,-85,1770122037,3,3
2026-02-03 04:34:48.092717,0x433aad0c,13.22625,63.75,5.25,-75,1770122066,3,3
2026-02-03 04:36:53.319413,0x433abf20,13.12625,78.75,5.75,-76,1770122191,3,3
2026-02-03 04:37:02.598369,0x433ad35c,13.07375,67.5,6.25,-53,1770122200,3,3
2026-02-03 04:37:37.945075,0x433b0b38,13.07,66.25,5.75,-73,1770122236,5,5
2026-02-03 04:38:36.777300,0x433b0098,13.19625,63.75,6.0,-59,1770122295,2,2
2026-02-03 04:39:20.461741,0x433acb14,13.0875,65.0,5.25,-85,1770122338,3,3
2026-02-03 04:41:55.683435,0x433abf20,13.13,66.25,5.5,-75,1770122493,3,3
2026-02-03 04:42:35.506285,0x433b0b38,13.07,60.0,5.25,-72,1770122533,5,5
2026-02-03 04:44:22.313040,0x433acb14,13.09,63.75,4.75,-86,1770122640,3,3
2026-02-03 04:44:50.809200,0x433aad0c,13.22625,65.0,5.5,-76,1770122669,3,3
2026-02-03 04:46:55.909311,0x433abf20,13.12875,62.5,5.75,-76,1770122794,3,3
2026-02-03 04:47:04.210104,0x433ad35c,13.07125,62.5,6.25,-54,1770122802,3,3
2026-02-03 04:47:36.867348,0x433b0b38,13.06875,62.5,5.75,-72,1770122835,5,5
2026-02-03 04:48:40.298162,0x433b0098,13.19625,62.5,6.25,-59,1770122898,2,2
2026-02-03 04:49:23.578046,0x433acb14,13.09125,66.25,4.5,-85,1770122941,3,3
2026-02-03 04:51:59.183128,0x433abf20,13.12625,76.25,5.75,-76,1770123097,3,3
2026-02-03 04:52:04.570573,0x433af380,12.9825,71.25,6.5,-38,1770123102,3,3
2026-02-03 04:52:39.126761,0x433b0b38,13.07,63.75,5.5,-73,1770123137,5,5
2026-02-03 04:54:24.255157,0x433acb14,13.08875,68.75,6.0,-86,1770123242,3,3
2026-02-03 04:54:53.948346,0x433aad0c,13.22625,62.5,5.5,-75,1770123272,3,3
2026-02-03 04:56:58.016282,0x433abf20,13.12625,75.0,5.75,-76,1770123396,3,3
2026-02-03 04:57:07.770506,0x433ad35c,13.07,66.25,5.75,-54,1770123405,3,3
2026-02-03 04:57:39.901750,0x433b0b38,13.07125,63.75,5.75,-72,1770123438,5,5
2026-02-03 04:58:42.912873,0x433b0098,13.19125,73.75,6.5,-59,1770123501,2,2
2026-02-03 04:59:26.442257,0x433acb14,13.0875,67.5,6.25,-86,1770123544,3,3
2026-02-03 05:02:03.346022,0x433abf20,13.12625,61.25,5.5,-76,1770123701,3,3
2026-02-03 05:02:41.217387,0x433b0b38,13.06125,73.75,5.25,-72,1770123739,5,5
2026-02-03 05:04:26.787669,0x433acb14,13.0875,63.75,4.75,-85,1770123845,3,3
2026-02-03 05:04:56.635490,0x433aad0c,13.22375,60.0,5.5,-75,1770123874,3,3
2026-02-03 05:07:02.523715,0x433abf20,13.12375,76.25,5.75,-76,1770124000,3,3
2026-02-03 05:07:11.939050,0x433ad35c,13.0675,75.0,6.5,-54,1770124010,3,3
2026-02-03 05:07:41.714996,0x433b0b38,13.07,62.5,5.5,-73,1770124039,5,5
2026-02-03 05:08:44.298271,0x433b0098,13.18875,73.75,6.0,-59,1770124102,2,2
2026-02-03 05:09:29.059536,0x433acb14,13.0875,62.5,4.5,-85,1770124147,3,3
2026-01-31 11:06:50.015144,0x433acb14,13.1525,63.75,2.25,-94,1769886395,3,3
2026-01-31 11:07:11.154840,0x433aad0c,13.24,75.0,4.0,-87,1769886416,3,3
2026-01-31 11:09:26.055294,0x433abf20,13.24,75.0,6.0,-77,1769886551,3,3
2026-01-31 11:09:37.164102,0x433ad35c,13.185,63.75,6.5,-54,1769886562,3,3
2026-01-31 11:09:59.974412,0x433b0b38,13.21125,60.0,5.5,-73,1769886585,5,5
2026-01-31 11:11:50.416047,0x433acb14,13.14875,77.5,3.0,-93,1769886695,3,3
2026-01-31 11:14:27.549742,0x433abf20,13.24625,63.75,5.5,-76,1769886852,3,3
2026-01-31 11:15:01.865963,0x433b0b38,13.215,63.75,5.75,-73,1769886887,5,5
2026-01-31 11:15:42.102326,0x433b0098,13.215,60.0,5.5,-61,1769886927,2,2
2026-01-31 11:16:54.231808,0x433acb14,13.14875,75.0,2.5,-95,1769886999,3,3
2026-01-31 11:17:13.699545,0x433aad0c,13.2375,73.75,4.5,-88,1769887018,3,3
2026-01-31 11:19:27.749494,0x433abf20,13.24875,62.5,5.75,-77,1769887152,3,3
2026-01-31 11:19:35.321786,0x433ad35c,13.185,63.75,6.25,-53,1769887160,3,3
2026-01-31 11:20:02.501278,0x433b0b38,13.2075,76.25,6.0,-73,1769887187,5,5
2026-01-31 11:21:52.684634,0x433acb14,13.15125,77.5,1.75,-96,1769887297,3,3
2026-01-31 11:24:29.285487,0x433abf20,13.245,75.0,5.5,-77,1769887454,3,3
2026-01-31 11:25:04.604318,0x433b0b38,13.21,72.5,5.75,-73,1769887489,5,5
2026-01-31 11:25:45.432132,0x433b0098,13.215,62.5,5.75,-60,1769887530,2,2
2026-01-31 11:26:55.379866,0x433acb14,13.155,62.5,0.5,-96,1769887600,3,3
2026-01-31 11:27:15.860617,0x433aad0c,13.23375,75.0,4.0,-89,1769887620,3,3
2026-01-31 11:29:28.585793,0x433abf20,13.245,73.75,5.5,-77,1769887753,3,3
2026-01-31 11:29:39.133081,0x433ad35c,13.1875,61.25,6.25,-53,1769887764,3,3
2026-01-31 11:30:05.726478,0x433b0b38,13.20875,75.0,6.25,-73,1769887790,5,5
2026-01-31 11:31:56.275769,0x433acb14,13.155,62.5,3.0,-95,1769887901,3,3
2026-01-31 11:34:29.617578,0x433abf20,13.245,73.75,5.75,-76,1769888054,3,3
2026-01-31 11:35:07.213795,0x433b0b38,13.215,60.0,5.75,-74,1769888092,5,5
2026-01-31 11:35:45.265299,0x433b0098,13.215,63.75,5.25,-62,1769888130,2,2
2026-01-31 11:36:57.623558,0x433acb14,13.15625,63.75,3.0,-93,1769888202,3,3
2026-01-31 11:37:19.891771,0x433aad0c,13.24375,61.25,4.25,-88,1769888225,3,3
2026-01-31 11:39:31.337150,0x433abf20,13.25125,61.25,5.25,-76,1769888356,3,3
2026-01-31 11:39:40.889514,0x433ad35c,13.185,76.25,6.25,-53,1769888365,3,3
2026-01-31 11:40:08.793485,0x433b0b38,13.21125,75.0,5.25,-73,1769888393,5,5
2026-01-31 11:41:58.293262,0x433acb14,13.15625,65.0,2.75,-94,1769888503,3,3
2026-01-31 11:43:25.261219,0x433af380,13.125,78.75,6.0,-39,1769888590,3,3
2026-01-31 11:44:31.514962,0x433abf20,13.25125,77.5,5.75,-76,1769888656,3,3
2026-01-31 11:45:08.580915,0x433b0b38,13.21375,61.25,5.75,-73,1769888693,5,5
2026-01-31 11:45:46.937527,0x433b0098,13.21875,62.5,6.0,-62,1769888732,2,2
2026-01-31 11:47:00.273289,0x433acb14,13.1575,62.5,1.75,-96,1769888805,3,3
2026-01-31 11:47:20.759378,0x433aad0c,13.24,73.75,4.75,-88,1769888825,3,3
2026-01-31 11:49:32.823279,0x433abf20,13.2525,67.5,5.25,-76,1769888957,3,3
2026-01-31 11:49:44.139445,0x433ad35c,13.18875,63.75,6.75,-53,1769888969,3,3
2026-01-31 11:50:13.686428,0x433b0b38,13.215,62.5,5.5,-73,1769888998,5,5
2026-01-31 11:52:01.716996,0x433acb14,13.1575,65.0,2.75,-92,1769889106,3,3
2026-01-31 11:54:34.694656,0x433abf20,13.25,77.5,5.5,-76,1769889259,3,3
2026-01-31 11:55:11.099945,0x433b0b38,13.21125,68.75,6.0,-73,1769889296,5,5
2026-01-31 11:55:50.972042,0x433b0098,13.21875,60.0,6.5,-60,1769889336,2,2
2026-01-31 11:57:02.892384,0x433acb14,13.15375,73.75,2.75,-95,1769889407,3,3
2026-01-31 11:57:23.472535,0x433aad0c,13.2425,68.75,5.0,-89,1769889428,3,3
2026-01-31 11:59:33.862358,0x433abf20,13.25125,63.75,5.25,-76,1769889558,3,3
2026-01-31 11:59:46.785978,0x433ad35c,13.19,65.0,5.5,-54,1769889571,3,3
2026-01-31 12:00:15.240443,0x433b0b38,13.2125,75.0,5.25,-73,1769889600,5,5
2026-01-31 12:02:04.774133,0x433acb14,13.16,62.5,-11.5,-94,1769889709,3,3
2026-01-31 12:04:35.852994,0x433abf20,13.2525,62.5,6.25,-77,1769889860,3,3
2026-01-31 12:05:14.294234,0x433b0b38,13.215,73.75,5.75,-74,1769889899,5,5
2026-01-31 12:05:52.070754,0x433b0098,13.21375,73.75,6.75,-62,1769889937,2,2
2026-01-25 14:01:38.751237,0x433ad35c,13.28,62.5,5.75,-56,,3,3
2026-01-25 14:02:37.496785,0x433b0b38,13.255,60.0,6.0,-72,,5,5
2026-01-25 14:02:49.595712,0x433abf20,13.28625,62.5,5.25,-80,,3,3
2026-01-25 14:07:38.008618,0x433b0b38,13.25625,60.0,5.75,-70,1769378857,5,5
2026-01-25 14:07:48.274404,0x433aad0c,12.67125,61.25,6.25,-76,1769378867,3,3
2026-01-25 14:07:51.462774,0x433abf20,13.285,66.25,5.75,-77,1769378870,3,3
2026-01-25 14:11:40.712620,0x433ad35c,13.27875,72.5,7.0,-53,1769379099,3,3
2026-01-25 14:12:41.617702,0x433b0b38,13.255,58.75,5.0,-70,1769379160,5,5
2026-01-25 14:12:52.040659,0x433abf20,13.28125,72.5,5.75,-76,1769379171,3,3
2026-01-25 14:17:47.681553,0x433aad0c,12.6625,61.25,5.25,-77,1769379466,3,3
2026-01-25 14:17:50.641533,0x433b0b38,13.25625,61.25,5.75,-70,1769379469,5,5
2026-01-25 14:17:52.862162,0x433abf20,13.28125,71.25,5.5,-77,1769379471,3,3
2026-01-25 14:21:36.321045,0x433af380,13.2175,73.75,6.25,-39,1769379695,3,3
2026-01-25 14:21:40.838798,0x433ad35c,13.2825,65.0,7.0,-54,1769379699,3,3
2026-01-25 14:22:42.983211,0x433b0b38,13.25625,62.5,6.5,-71,1769379762,5,5
2026-01-25 14:22:50.799489,0x433abf20,13.28375,66.25,6.0,-75,1769379769,3,3
2026-01-25 14:23:38.880666,0x433acb14,13.365,63.75,3.25,-94,1769379817,3,3
2026-01-25 14:24:02.909771,0x433acb14,13.36125,72.5,2.0,-95,1769379841,3,3
2026-01-25 14:27:45.838418,0x433b0b38,13.255,75.0,5.5,-70,1769380064,5,5
2026-01-25 14:27:50.275291,0x433aad0c,12.65375,73.75,6.25,-69,1769380069,3,2
2026-01-25 14:27:53.865509,0x433abf20,13.28375,63.75,5.5,-76,1769380072,3,3
2026-01-25 14:29:03.484818,0x433acb14,13.35875,70.0,0.25,-97,1769380142,3,3
2026-01-25 14:31:43.966076,0x433ad35c,13.2825,60.0,7.5,-55,1769380303,3,3
2026-01-25 14:32:45.880169,0x433b0b38,13.25125,70.0,6.25,-71,1769380364,5,5
2026-01-25 14:32:53.400287,0x433abf20,13.28375,66.25,5.75,-76,1769380372,3,3
2026-01-25 14:34:03.958160,0x433acb14,13.35875,65.0,2.25,-94,1769380443,3,3
2026-01-25 14:37:46.902848,0x433b0b38,13.26,65.0,6.0,-72,1769380665,5,5
2026-01-25 14:37:50.203602,0x433aad0c,12.6475,63.75,6.25,-76,1769380669,3,3
2026-01-25 14:37:52.841349,0x433abf20,13.26125,126.25,5.5,-76,1769380671,3,3
2026-01-25 14:39:04.123696,0x433acb14,13.35375,77.5,1.5,-95,1769380743,3,3
2026-01-25 14:41:48.252823,0x433ad35c,13.28,71.25,6.0,-54,1769380907,3,3
2026-01-25 14:42:48.517346,0x433b0b38,13.25625,75.0,6.0,-70,1769380967,5,5
2026-01-25 14:42:54.417237,0x433abf20,13.2775,76.25,5.5,-76,1769380973,3,3
2026-01-25 14:44:04.652106,0x433acb14,13.35625,65.0,1.25,-96,1769381043,3,3
2026-01-25 14:47:52.024973,0x433b0b38,13.255,71.25,6.75,-74,1769381271,5,5
2026-01-25 14:47:54.387257,0x433aad0c,12.6375,71.25,5.5,-77,1769381273,3,3
2026-01-25 14:47:56.185693,0x433abf20,13.28,65.0,5.5,-76,1769381275,3,3
2026-01-25 14:49:05.844665,0x433acb14,13.35,71.25,1.0,-97,1769381344,3,3
2026-01-25 14:51:49.954132,0x433ad35c,13.28375,65.0,7.25,-54,1769381508,3,3
2026-01-25 14:52:55.092149,0x433b0b38,13.25375,82.5,6.75,-74,1769381574,5,5
2026-01-25 14:52:59.488056,0x433abf20,13.27,68.75,5.5,-76,1769381578,3,3
2026-01-25 14:54:05.525164,0x433acb14,13.35375,60.0,1.0,-96,1769381644,3,3
2026-01-25 14:54:43.037905,0x433b0098,13.32875,63.75,6.0,-64,1769381682,2,2
2026-01-25 14:55:28.823311,0x433b0098,13.3225,73.75,6.5,-63,1769381727,2,2
2026-01-25 14:57:52.778376,0x433aad0c,12.6325,63.75,6.5,-76,1769381871,3,3
2026-01-25 14:57:56.900668,0x433b0b38,13.255,70.0,6.25,-73,1769381875,5,5
2026-01-25 14:58:02.948485,0x433abf20,13.26875,78.75,5.75,-76,1769381881,3,3
2026-02-01 13:08:47.204099,0x433acb14,13.14625,65.0,1.75,-95,1769980109,3,3
2026-02-01 13:09:19.695359,0x433abf20,13.25875,62.5,5.25,-76,1769980142,3,3
2026-02-01 13:10:43.174226,0x433b0098,13.2225,72.5,6.75,-62,1769980225,2,2
2026-02-01 13:12:04.938538,0x433b0b38,13.16125,75.0,5.75,-73,1769980307,5,5
2026-02-01 13:13:48.963863,0x433acb14,13.14,75.0,4.75,-54,1769980411,3,2
2026-02-01 13:14:13.672506,0x433aad0c,13.24125,72.5,3.75,-92,1769980436,3,3
2026-02-01 13:14:20.584475,0x433abf20,13.25625,75.0,5.25,-76,1769980442,3,3
2026-02-01 13:16:27.394591,0x433ad35c,13.13375,65.0,6.0,-53,1769980569,3,3
2026-02-01 13:17:02.355698,0x433b0b38,13.16375,72.5,5.5,-72,1769980604,5,5
2026-02-01 13:18:53.211365,0x433acb14,13.14125,75.0,1.0,-96,1769980715,3,3
2026-02-01 13:19:21.757087,0x433abf20,13.26,65.0,5.5,-76,1769980744,3,3
2026-02-01 13:20:46.509046,0x433b0098,13.2325,62.5,6.0,-62,1769980828,2,2
2026-02-01 13:22:03.620120,0x433b0b38,13.165,75.0,6.25,-73,1769980906,5,5
2026-02-01 13:23:49.793982,0x433acb14,13.1425,76.25,3.5,-92,1769981012,3,3
2026-02-01 13:24:15.437691,0x433aad0c,13.245,73.75,4.0,-92,1769981037,3,3
2026-02-01 13:24:22.043448,0x433abf20,13.25625,75.0,5.25,-77,1769981044,3,3
2026-02-01 13:26:31.808206,0x433ad35c,13.1325,76.25,6.0,-53,1769981174,3,3
2026-02-01 13:27:05.149654,0x433b0b38,13.165,75.0,5.75,-73,1769981207,5,5
2026-02-01 13:28:53.370918,0x433acb14,13.14125,75.0,2.75,-94,1769981315,3,3
2026-02-01 13:29:23.112859,0x433abf20,13.25625,75.0,5.75,-76,1769981345,3,3
2026-02-01 13:30:47.944506,0x433b0098,13.2325,58.75,6.75,-61,1769981430,2,2
2026-02-01 13:32:06.146895,0x433b0b38,13.17125,63.75,5.75,-72,1769981508,5,5
2026-02-01 13:33:54.319909,0x433acb14,13.14375,73.75,2.5,-94,1769981616,3,3
2026-02-01 13:34:17.798052,0x433aad0c,13.25,61.25,3.75,-91,1769981640,3,3
2026-02-01 13:34:22.785546,0x433abf20,13.26125,65.0,5.75,-76,1769981645,3,3
2026-02-01 13:36:33.075284,0x433ad35c,13.13625,63.75,6.0,-53,1769981775,3,3
2026-02-01 13:37:07.418907,0x433b0b38,13.17375,63.75,5.25,-73,1769981809,5,5
2026-02-01 13:38:54.884962,0x433acb14,13.15,65.0,3.0,-93,1769981917,3,3
2026-02-01 13:39:23.558965,0x433abf20,13.26125,63.75,5.75,-76,1769981945,3,3
2026-02-01 13:40:49.726285,0x433b0098,13.23,61.25,6.0,-61,1769982032,2,2
2026-02-01 13:42:08.709927,0x433b0b38,13.16875,61.25,5.75,-74,1769982111,5,5
2026-02-01 13:43:57.440705,0x433acb14,13.15,62.5,2.75,-93,1769982219,3,3
2026-02-01 13:44:21.223209,0x433aad0c,13.2475,75.0,4.5,-92,1769982243,3,3
2026-02-01 13:44:25.319117,0x433abf20,13.25875,73.75,6.0,-77,1769982247,3,3
2026-02-01 13:46:35.384398,0x433ad35c,13.13375,77.5,7.25,-54,1769982377,3,3
2026-02-01 13:47:01.414386,0x433af380,13.045,78.75,7.0,-37,1769982403,3,3
2026-02-01 13:47:10.599150,0x433b0b38,13.17,72.5,6.0,-73,1769982412,5,5
2026-02-01 13:49:04.078959,0x433acb14,13.1475,65.0,1.25,-96,1769982526,3,3
2026-02-01 13:49:24.695141,0x433abf20,13.26,73.75,5.75,-76,1769982547,3,3
2026-02-01 13:50:51.985529,0x433b0098,13.23125,73.75,6.0,-61,1769982634,2,2
2026-02-01 13:52:14.905236,0x433b0b38,13.16875,75.0,5.75,-73,1769982717,5,5
2026-02-01 13:53:59.187258,0x433acb14,13.14625,76.25,0.5,-96,1769982821,3,3
2026-02-01 13:54:22.862653,0x433aad0c,13.25125,63.75,4.5,-92,1769982845,3,3
2026-02-01 13:54:26.467569,0x433abf20,13.23875,133.75,5.75,-76,1769982848,3,3
2026-02-01 13:56:39.554173,0x433ad35c,13.13875,62.5,6.5,-53,1769982981,3,3
2026-02-01 13:57:15.237642,0x433b0b38,13.1775,65.0,1.75,-73,1769983017,5,5
2026-02-01 13:59:03.008002,0x433acb14,13.14875,65.0,4.0,-92,1769983125,3,3
2026-02-01 13:59:26.958169,0x433abf20,13.2625,60.0,6.0,-75,1769983149,3,3
2026-02-01 14:00:56.023417,0x433b0098,13.23875,58.75,6.0,-62,1769983238,2,2
2026-02-01 14:02:15.425466,0x433b0b38,13.1725,76.25,6.0,-73,1769983317,5,5
2026-02-01 14:04:04.107683,0x433acb14,13.15,61.25,2.75,-95,1769983426,3,3
2026-02-01 14:04:28.814078,0x433aad0c,13.25125,71.25,3.5,-91,1769983451,3,3
2026-02-01 14:04:31.937049,0x433abf20,13.2625,65.0,6.25,-77,1769983454,3,3
2026-02-01 14:06:41.979557,0x433ad35c,13.14,86.25,6.0,-54,1769983584,3,3
2026-02-01 14:07:16.787265,0x433b0b38,13.165,76.25,6.0,-73,1769983619,5,5
2026-01-28 20:02:41.966974,0x433ad35c,13.27125,75.0,6.25,-54,1769659353,3,3
2026-01-28 20:03:03.593717,0x433b0b38,13.2575,58.75,5.75,-74,1769659375,5,5
2026-01-28 20:03:58.775663,0x433b0098,13.24625,63.75,6.25,-59,1769659430,2,2
2026-01-28 20:04:48.745803,0x433acb14,13.23875,73.75,6.0,-85,1769659480,3,3
2026-01-28 20:06:51.910252,0x433abf20,13.27,66.25,5.75,-76,1769659603,3,3
2026-01-28 20:08:04.624436,0x433b0b38,13.25375,72.5,5.75,-73,1769659676,5,5
2026-01-28 20:09:50.363004,0x433acb14,13.23875,80.0,6.0,-86,1769659781,3,3
2026-01-28 20:10:17.043941,0x433aad0c,13.25375,62.5,5.25,-76,1769659808,3,3
2026-01-28 20:11:54.207348,0x433abf20,13.27,65.0,5.5,-77,1769659905,3,3
2026-01-28 20:12:44.287318,0x433ad35c,13.2675,73.75,6.25,-54,1769659955,3,3
2026-01-28 20:13:07.213318,0x433b0b38,13.255,75.0,5.75,-73,1769659978,5,5
2026-01-28 20:13:59.003239,0x433b0098,13.24125,72.5,6.0,-59,1769660030,2,2
2026-01-28 20:14:52.143541,0x433acb14,13.2425,67.5,6.5,-87,1769660083,3,3
2026-01-28 20:16:54.603026,0x433abf20,13.27,61.25,6.0,-77,1769660206,3,3
2026-01-28 20:18:07.433477,0x433b0b38,13.25375,63.75,5.5,-74,1769660278,5,5
2026-01-28 20:19:53.395728,0x433acb14,13.2425,63.75,5.5,-85,1769660384,3,3
2026-01-28 20:20:19.230399,0x433aad0c,13.24875,76.25,5.5,-76,1769660410,3,3
2026-01-28 20:21:55.113380,0x433abf20,13.27125,60.0,5.75,-77,1769660506,3,3
2026-01-28 20:22:45.951671,0x433ad35c,13.27125,63.75,5.5,-53,1769660557,3,3
2026-01-28 20:23:10.208754,0x433b0b38,13.2275,118.75,5.75,-73,1769660581,5,5
2026-01-28 20:24:01.453014,0x433b0098,13.2475,62.5,6.25,-60,1769660632,2,2
2026-01-28 20:24:57.349831,0x433acb14,13.2425,62.5,5.75,-87,1769660688,3,3
2026-01-28 20:26:56.508934,0x433abf20,13.27,66.25,5.25,-76,1769660808,3,3
2026-01-28 20:28:12.814108,0x433b0b38,13.25375,60.0,5.75,-73,1769660884,5,5
2026-01-28 20:29:55.693249,0x433acb14,13.24125,63.75,5.5,-86,1769660987,3,3
2026-01-28 20:30:19.502327,0x433aad0c,13.24875,76.25,5.25,-76,1769661010,3,3
2026-01-28 20:31:54.856970,0x433abf20,13.265,76.25,5.5,-76,1769661106,3,3
2026-01-28 20:32:49.274506,0x433ad35c,13.26875,75.0,6.25,-54,1769661160,3,3
2026-01-28 20:33:12.385790,0x433b0b38,13.255,60.0,5.75,-73,1769661183,5,5
2026-01-28 20:34:02.365808,0x433b0098,13.2425,73.75,5.75,-59,1769661233,2,2
2026-01-28 20:34:59.289023,0x433acb14,13.24125,66.25,5.75,-86,1769661290,3,3
2026-01-28 20:35:07.372594,0x433af380,13.20625,68.75,6.5,-38,1769661298,3,3
2026-01-28 20:36:55.873571,0x433abf20,13.26875,63.75,5.5,-76,1769661407,3,3
2026-01-28 20:38:16.189529,0x433b0b38,13.255,58.75,6.0,-74,1769661487,5,5
2026-01-28 20:39:59.474635,0x433acb14,13.24,61.25,3.75,-87,1769661590,3,3
2026-01-28 20:40:23.667775,0x433aad0c,13.25,62.5,5.5,-75,1769661615,3,3
2026-01-28 20:41:56.468092,0x433abf20,13.26875,62.5,5.5,-76,1769661707,3,3
2026-01-28 20:42:51.770412,0x433ad35c,13.27125,65.0,6.25,-53,1769661763,3,3
2026-01-28 20:43:16.553963,0x433b0b38,13.255,61.25,5.75,-73,1769661788,5,5
2026-01-28 20:44:04.958961,0x433b0098,13.24375,71.25,6.25,-59,1769661836,2,2
2026-01-28 20:45:01.898115,0x433acb14,13.235,71.25,5.5,-86,1769661893,3,3
2026-01-28 20:46:58.083893,0x433abf20,13.26875,65.0,5.5,-76,1769662009,3,3
2026-01-28 20:48:16.543686,0x433b0b38,13.25375,75.0,6.25,-74,1769662087,5,5
2026-01-28 20:50:01.871446,0x433acb14,13.2375,61.25,6.0,-86,1769662193,3,3
2026-01-28 20:50:25.917493,0x433aad0c,13.2475,73.75,5.5,-76,1769662217,3,3
2026-01-28 20:51:59.241773,0x433abf20,13.2625,72.5,4.75,-76,1769662310,3,3
2026-01-28 20:52:54.215038,0x433ad35c,13.27,63.75,6.25,-54,1769662365,3,3
2026-01-28 20:53:19.365189,0x433b0b38,13.2475,73.75,6.0,-74,1769662390,5,5
2026-01-28 20:54:05.549828,0x433b0098,13.24375,65.0,6.0,-59,1769662436,2,2
2026-01-28 20:55:03.672936,0x433acb14,13.23375,75.0,5.0,-86,1769662495,3,3
2026-01-28 20:56:59.624373,0x433abf20,13.26625,62.5,5.25,-76,1769662611,3,3
2026-01-28 20:58:19.412225,0x433b0b38,13.25625,61.25,6.0,-73,1769662690,5,5
2026-01-28 21:00:05.859250,0x433acb14,13.2375,63.75,6.0,-86,1769662797,3,3
2026-01-28 21:00:28.627362,0x433aad0c,13.25,58.75,5.5,-76,1769662820,3,3
2026-01-28 21:02:01.439724,0x433abf20,13.26625,62.5,5.75,-75,1769662912,3,3
2026-01-26 05:01:33.252949,0x433b0b38,13.24375,76.25,5.75,-74,1769432490,5,5
2026-01-26 05:01:36.633179,0x433abf20,13.25875,61.25,5.5,-77,1769432494,3,3
2026-01-26 05:02:58.801427,0x433acb14,13.27875,73.75,3.25,-91,1769432576,3,3
2026-01-26 05:05:45.151827,0x433ad35c,13.26375,61.25,6.0,-53,1769432742,3,3
2026-01-26 05:06:34.497944,0x433b0b38,13.2475,66.25,6.25,-74,1769432792,5,5
2026-01-26 05:06:37.762889,0x433abf20,13.26125,63.75,5.25,-76,1769432795,3,3
2026-01-26 05:07:56.562252,0x433acb14,13.28375,62.5,3.75,-90,1769432874,3,3
2026-01-26 05:08:43.961729,0x433b0098,13.23625,63.75,6.5,-60,1769432921,2,2
2026-01-26 05:11:36.554513,0x433b0b38,13.2475,63.75,6.25,-74,1769433094,5,5
2026-01-26 05:11:39.788632,0x433abf20,13.25125,71.25,5.5,-76,1769433097,3,3
2026-01-26 05:12:59.499423,0x433acb14,13.2825,61.25,4.0,-91,1769433177,3,3
2026-01-26 05:15:47.750193,0x433ad35c,13.2675,66.25,6.25,-54,1769433345,3,3
2026-01-26 05:16:37.020611,0x433b0b38,13.24875,61.25,5.75,-74,1769433394,5,5
2026-01-26 05:16:42.225177,0x433abf20,13.25875,62.5,5.75,-76,1769433399,3,3
2026-01-26 05:18:00.594989,0x433acb14,13.28375,65.0,3.75,-90,1769433478,3,3
2026-01-26 05:18:46.775998,0x433b0098,13.2275,73.75,6.0,-60,1769433524,2,2
2026-01-26 05:21:41.380437,0x433b0b38,13.25,62.5,5.25,-74,1769433699,5,5
2026-01-26 05:21:43.704190,0x433abf20,13.25625,72.5,6.0,-76,1769433701,3,3
2026-01-26 05:23:00.412102,0x433acb14,13.285,60.0,4.5,-90,1769433778,3,3
2026-01-26 05:24:07.087406,0x433af380,13.20375,70.0,6.25,-39,1769433844,3,3
2026-01-26 05:25:53.688549,0x433ad35c,13.26375,71.25,6.0,-53,1769433951,3,3
2026-01-26 05:26:42.858179,0x433b0b38,13.24625,63.75,6.5,-73,1769434000,5,5
2026-01-26 05:26:45.314443,0x433abf20,13.2575,65.0,5.25,-76,1769434002,3,3
2026-01-26 05:28:01.839389,0x433acb14,13.28,71.25,4.25,-90,1769434079,3,3
2026-01-26 05:28:47.916529,0x433b0098,13.19625,133.75,6.5,-60,1769434125,2,2
2026-01-26 05:31:44.170283,0x433b0b38,13.245,63.75,6.0,-75,1769434301,5,5
2026-01-26 05:31:47.474663,0x433abf20,13.25625,73.75,5.5,-76,1769434305,3,3
2026-01-26 05:33:04.065738,0x433acb14,13.28375,65.0,4.75,-89,1769434381,3,3
2026-01-26 05:35:54.189488,0x433ad35c,13.2625,77.5,5.75,-53,1769434551,3,3
2026-01-26 05:36:43.617173,0x433b0b38,13.24375,71.25,6.0,-74,1769434601,5,5
2026-01-26 05:36:49.006465,0x433abf20,13.255,72.5,5.25,-76,1769434606,3,3
2026-01-26 05:38:04.367427,0x433acb14,13.285,63.75,4.0,-91,1769434681,3,3
2026-01-26 05:38:50.453426,0x433b0098,13.195,128.75,6.0,-59,1769434728,2,2
2026-01-26 05:41:45.062246,0x433b0b38,13.24875,63.75,5.5,-74,1769434902,5,5
2026-01-26 05:41:49.948217,0x433abf20,13.2575,72.5,5.25,-76,1769434907,3,3
2026-01-26 05:43:05.660032,0x433acb14,13.2775,71.25,3.75,-91,1769434983,3,3
2026-01-26 05:45:57.897756,0x433ad35c,13.26625,75.0,6.0,-53,1769435155,3,3
2026-01-26 05:46:47.347739,0x433b0b38,13.22375,123.75,5.5,-74,1769435204,5,5
2026-01-26 05:46:50.453014,0x433abf20,13.25875,63.75,6.0,-76,1769435208,3,3
2026-01-26 05:48:07.148370,0x433acb14,13.28125,65.0,4.25,-90,1769435284,3,3
2026-01-26 05:48:56.479420,0x433b0098,13.22875,67.5,7.75,-60,1769435334,2,2
2026-01-26 05:51:47.442983,0x433abf20,13.26,63.75,5.5,-77,1769435505,3,3
2026-01-26 05:51:51.618708,0x433b0b38,13.2425,73.75,6.0,-74,1769435509,5,5
2026-01-26 05:53:08.196537,0x433acb14,13.28,76.25,4.0,-90,1769435585,3,3
2026-01-26 05:56:01.714983,0x433ad35c,13.265,66.25,6.0,-53,1769435759,3,3
2026-01-26 05:56:48.712091,0x433abf20,13.25625,76.25,5.25,-76,1769435806,3,3
2026-01-26 05:56:51.692302,0x433b0b38,13.23625,70.0,6.5,-74,1769435809,5,5
2026-01-26 05:58:09.472414,0x433acb14,13.2775,75.0,3.25,-92,1769435887,3,3
2026-01-26 05:58:57.620408,0x433b0098,13.23375,62.5,6.75,-61,1769435935,2,2
2026-01-25 16:59:36.684770,0x433acb14,13.32875,67.5,3.0,-93,1769389175,3,3
2026-01-25 17:02:28.918611,0x433ad35c,13.28625,66.25,7.0,-54,1769389347,3,3
2026-01-25 17:03:26.226799,0x433b0b38,13.26625,58.75,1.5,-74,1769389405,5,5
2026-01-25 17:03:29.737962,0x433abf20,13.27625,65.0,5.5,-76,1769389408,3,3
2026-01-25 17:04:37.527144,0x433acb14,13.32625,75.0,2.5,-95,1769389476,3,3
2026-01-25 17:05:42.932757,0x433b0098,13.2525,73.75,5.75,-60,1769389541,2,2
2026-01-25 17:07:56.461693,0x433aad0c,12.3625,66.25,6.0,-76,1769389675,3,3
2026-01-25 17:08:25.212314,0x433b0b38,13.25375,100.0,6.25,-74,1769389704,5,5
2026-01-25 17:08:31.838117,0x433abf20,13.275,67.5,5.5,-76,1769389710,3,3
2026-01-25 17:09:38.112463,0x433acb14,13.3275,73.75,3.25,-93,1769389776,3,3
2026-01-25 17:12:28.013520,0x433ad35c,13.28375,75.0,6.0,-53,1769389946,3,3
2026-01-25 17:13:30.386953,0x433b0b38,13.26625,61.25,5.25,-74,1769390009,5,5
2026-01-25 17:13:32.967820,0x433abf20,13.2725,60.0,5.25,-76,1769390011,3,3
2026-01-25 17:14:39.426557,0x433acb14,13.33,66.25,3.0,-93,1769390078,3,3
2026-01-25 17:15:45.407257,0x433b0098,13.25875,62.5,6.25,-61,1769390144,2,2
2026-01-25 17:17:57.133147,0x433aad0c,12.3175,82.5,5.0,-76,1769390275,3,3
2026-01-25 17:18:32.978102,0x433abf20,13.27375,60.0,5.25,-77,1769390311,3,3
2026-01-25 17:18:36.194001,0x433b0b38,13.26,76.25,6.25,-73,1769390315,5,5
2026-01-25 17:19:42.427328,0x433acb14,13.32875,60.0,3.25,-93,1769390381,3,3
2026-01-25 17:21:54.915207,0x433af380,13.1975,85.0,6.5,-38,1769390513,3,3
2026-01-25 17:22:30.773010,0x433ad35c,13.28625,66.25,6.5,-54,1769390549,3,3
2026-01-25 17:23:31.162085,0x433b0b38,13.2625,63.75,6.25,-73,1769390610,5,5
2026-01-25 17:23:33.417060,0x433abf20,13.27375,63.75,5.75,-76,1769390612,3,3
2026-01-25 17:24:44.901227,0x433acb14,13.3275,62.5,2.5,-94,1769390683,3,3
2026-01-25 17:25:46.301450,0x433b0098,13.2475,81.25,6.0,-61,1769390745,2,2
2026-01-25 17:27:58.207631,0x433aad0c,12.26875,81.25,5.25,-76,1769390877,3,3
2026-01-25 17:28:31.419041,0x433b0b38,13.26375,63.75,5.25,-74,1769390910,5,5
2026-01-25 17:28:34.396788,0x433abf20,13.2675,81.25,5.5,-77,1769390913,3,3
2026-01-25 17:29:44.610076,0x433acb14,13.32875,67.5,3.25,-93,1769390983,3,3
2026-01-25 17:32:30.969467,0x433ad35c,13.2875,65.0,7.5,-54,1769391149,3,3
2026-01-25 17:33:32.034163,0x433b0b38,13.26,71.25,6.5,-73,1769391210,5,5
2026-01-25 17:33:36.107914,0x433abf20,13.27,72.5,5.5,-77,1769391214,3,3
2026-01-25 17:34:45.729584,0x433acb14,13.3225,72.5,3.25,-92,1769391284,3,3
2026-01-25 17:35:49.325350,0x433b0098,13.25125,75.0,6.5,-60,1769391348,2,2
2026-01-25 17:38:34.794308,0x433b0b38,13.265,65.0,6.0,-73,1769391513,5,5
2026-01-25 17:38:37.174711,0x433abf20,13.2725,67.5,5.75,-77,1769391515,3,3
2026-01-25 17:39:46.364010,0x433acb14,13.3225,68.75,3.5,-92,1769391585,3,3
2026-01-25 17:42:35.217101,0x433ad35c,13.28625,65.0,6.75,-53,1769391753,3,3
2026-01-25 17:43:36.613852,0x433b0b38,13.25875,73.75,6.25,-74,1769391815,5,5
2026-01-25 17:43:38.950510,0x433abf20,13.27375,61.25,5.75,-76,1769391817,3,3
2026-01-25 17:44:48.675431,0x433acb14,13.32375,76.25,3.0,-92,1769391887,3,3
2026-01-25 17:45:51.698415,0x433b0098,13.25625,66.25,6.0,-60,1769391950,2,2
2026-01-25 17:48:36.896976,0x433b0b38,13.26375,66.25,6.25,-73,1769392115,5,5
2026-01-25 17:48:41.319897,0x433abf20,13.27125,66.25,5.75,-77,1769392120,3,3
2026-01-25 17:49:49.812548,0x433acb14,13.32375,75.0,3.0,-93,1769392188,3,3
2026-01-25 17:52:37.959154,0x433ad35c,13.2825,72.5,6.0,-53,1769392356,3,3
2026-01-25 17:53:37.122265,0x433b0b38,13.26125,65.0,5.5,-74,1769392415,5,5
2026-01-25 17:53:41.713986,0x433abf20,13.2725,63.75,6.0,-76,1769392420,3,3
2026-01-25 17:54:50.887129,0x433acb14,13.32375,61.25,2.75,-93,1769392489,3,3
2026-01-25 17:55:53.764957,0x433b0098,13.25,76.25,6.25,-61,1769392552,2,2
2026-01-25 17:58:41.952231,0x433b0b38,13.2625,58.75,6.0,-74,1769392720,5,5
2026-01-25 17:58:45.041431,0x433abf20,13.26875,75.0,5.5,-76,1769392723,3,3
2026-01-28 05:03:27.989443,0x433abf20,13.27,63.75,5.75,-75,1769605401,3,3
2026-01-28 05:04:24.872644,0x433b0b38,13.23875,96.25,5.75,-73,1769605457,5,5
2026-01-28 05:05:49.862043,0x433acb14,13.24875,65.0,4.75,-90,1769605542,3,3
2026-01-28 05:08:31.435301,0x433abf20,13.2675,63.75,5.75,-75,1769605704,3,3
2026-01-28 05:08:40.932974,0x433ad35c,13.26375,68.75,6.25,-53,1769605713,3,3
2026-01-28 05:09:26.797569,0x433b0b38,13.2525,60.0,6.0,-72,1769605759,5,5
2026-01-28 05:10:36.842160,0x433b0098,13.2425,60.0,6.0,-61,1769605829,2,2
2026-01-28 05:10:50.401463,0x433acb14,13.25125,65.0,5.25,-89,1769605843,3,3
2026-01-28 05:13:28.820907,0x433abf20,13.26875,67.5,5.75,-76,1769606001,3,3
2026-01-28 05:14:27.384859,0x433b0b38,13.25375,63.75,5.75,-72,1769606060,5,5
2026-01-28 05:15:52.481396,0x433acb14,13.245,78.75,5.25,-90,1769606145,3,3
2026-01-28 05:18:30.340315,0x433abf20,13.26375,72.5,5.75,-74,1769606303,3,3
2026-01-28 05:18:43.262679,0x433ad35c,13.26875,62.5,6.0,-53,1769606316,3,3
2026-01-28 05:19:28.862180,0x433b0b38,13.25,62.5,6.0,-72,1769606361,5,5
2026-01-28 05:20:38.722484,0x433b0098,13.2325,73.75,6.0,-61,1769606431,2,2
2026-01-28 05:20:53.745831,0x433acb14,13.25125,61.25,4.25,-90,1769606446,3,3
2026-01-28 05:23:34.188625,0x433abf20,13.2675,63.75,6.0,-75,1769606607,3,3
2026-01-28 05:24:30.578331,0x433b0b38,13.2475,75.0,6.0,-73,1769606663,5,5
2026-01-28 05:25:54.984059,0x433acb14,13.25,63.75,4.75,-90,1769606748,3,3
2026-01-28 05:28:34.098784,0x433abf20,13.2675,65.0,5.75,-75,1769606907,3,3
2026-01-28 05:28:47.070547,0x433ad35c,13.26875,66.25,6.5,-54,1769606920,3,3
2026-01-28 05:29:31.079482,0x433b0b38,13.24625,71.25,5.5,-72,1769606964,5,5
2026-01-28 05:30:41.412841,0x433b0098,13.23625,73.75,6.25,-61,1769607034,2,2
2026-01-28 05:30:56.527276,0x433acb14,13.2475,75.0,5.0,-91,1769607049,3,3
2026-01-28 05:32:50.216036,0x433af380,13.185,83.75,6.25,-39,1769607163,3,3
2026-01-28 05:33:35.061007,0x433abf20,13.265,75.0,6.25,-74,1769607208,3,3
2026-01-28 05:34:32.290017,0x433b0b38,13.245,75.0,6.0,-73,1769607265,5,5
2026-01-28 05:35:57.801898,0x433acb14,13.25125,66.25,5.0,-90,1769607350,3,3
2026-01-28 05:38:36.749083,0x433abf20,13.27,61.25,6.5,-75,1769607509,3,3
2026-01-28 05:38:50.523160,0x433ad35c,13.26875,61.25,6.0,-53,1769607523,3,3
2026-01-28 05:39:33.965276,0x433b0b38,13.25,63.75,6.25,-72,1769607566,5,5
2026-01-28 05:40:42.942766,0x433b0098,13.24,62.5,6.25,-62,1769607635,2,2
2026-01-28 05:40:58.049355,0x433acb14,13.24875,65.0,4.75,-89,1769607651,3,3
2026-01-28 05:43:36.799235,0x433abf20,13.26625,75.0,5.5,-76,1769607809,3,3
2026-01-28 05:44:35.303165,0x433b0b38,13.25125,60.0,5.75,-73,1769607868,5,5
2026-01-28 05:45:59.303264,0x433acb14,13.24625,72.5,4.5,-89,1769607952,3,3
2026-01-28 05:48:38.515866,0x433abf20,13.2675,66.25,6.0,-75,1769608111,3,3
2026-01-28 05:48:51.903289,0x433ad35c,13.26875,65.0,6.25,-53,1769608124,3,3
2026-01-28 05:49:36.723795,0x433b0b38,13.24625,75.0,6.0,-72,1769608169,5,5
2026-01-28 05:50:44.722250,0x433b0098,13.235,73.75,6.0,-61,1769608237,2,2
2026-01-28 05:51:00.572516,0x433acb14,13.24625,67.5,5.25,-90,1769608253,3,3
2026-01-28 05:53:39.564091,0x433abf20,13.26375,76.25,5.75,-76,1769608412,3,3
2026-01-28 05:54:38.408849,0x433b0b38,13.245,71.25,6.0,-72,1769608471,5,5
2026-01-28 05:56:03.122188,0x433acb14,13.24875,63.75,4.5,-90,1769608556,3,3
2026-01-28 05:58:42.792892,0x433abf20,13.26875,62.5,6.0,-75,1769608715,3,3
2026-01-28 05:58:53.852930,0x433ad35c,13.26875,63.75,6.0,-54,1769608726,3,3
2026-01-28 05:59:38.459750,0x433b0b38,13.2475,75.0,5.75,-73,1769608771,5,5
2026-01-28 06:00:47.246462,0x433b0098,13.23875,61.25,6.5,-60,1769608840,2,2
2026-01-28 06:01:03.914755,0x433acb14,13.2475,65.0,4.25,-89,1769608856,3,3
2026-01-30 20:05:28.886123,0x433ad35c,13.24875,60.0,6.75,-53,1769832315,3,3
2026-01-30 20:05:56.627590,0x433b0b38,13.24375,75.0,5.75,-72,1769832343,5,5
2026-01-30 20:06:11.049633,0x433abf20,13.27,63.75,5.75,-76,1769832357,3,3
2026-01-30 20:07:43.713316,0x433acb14,13.19,65.0,5.5,-88,1769832450,3,3
2026-01-30 20:10:58.665734,0x433b0b38,13.24875,83.75,5.75,-73,1769832645,5,5
2026-01-30 20:11:11.703004,0x433abf20,13.265,61.25,5.25,-76,1769832658,3,3
2026-01-30 20:13:00.366850,0x433b0098,13.24,75.0,6.25,-59,1769832767,2,2
2026-01-30 20:13:10.795582,0x433aad0c,13.26625,62.5,5.5,-76,1769832777,3,3
2026-01-30 20:15:31.138488,0x433ad35c,13.2475,62.5,5.75,-53,1769832917,3,3
2026-01-30 20:16:01.544633,0x433b0b38,13.24375,76.25,5.75,-73,1769832948,5,5
2026-01-30 20:16:13.368152,0x433abf20,13.26625,65.0,5.25,-76,1769832960,3,3
2026-01-30 20:17:46.451911,0x433acb14,13.18,93.75,4.75,-89,1769833053,3,3
2026-01-30 20:21:00.208078,0x433b0b38,13.25,65.0,5.75,-72,1769833246,5,5
2026-01-30 20:21:14.154864,0x433abf20,13.26625,66.25,4.5,-76,1769833260,3,3
2026-01-30 20:22:50.060241,0x433acb14,13.18875,66.25,5.0,-88,1769833356,3,3
2026-01-30 20:23:02.748278,0x433b0098,13.24375,58.75,6.25,-59,1769833369,2,2
2026-01-30 20:23:12.411524,0x433aad0c,13.26625,63.75,5.5,-76,1769833379,3,3
2026-01-30 20:25:33.665574,0x433ad35c,13.2475,65.0,6.5,-53,1769833520,3,3
2026-01-30 20:26:03.308895,0x433b0b38,13.25,61.25,5.5,-72,1769833550,5,5
2026-01-30 20:26:15.237295,0x433abf20,13.2625,72.5,6.5,-76,1769833561,3,3
2026-01-30 20:27:50.760663,0x433acb14,13.19,66.25,4.0,-88,1769833657,3,3
2026-01-30 20:31:06.851145,0x433b0b38,13.2425,71.25,5.5,-72,1769833853,5,5
2026-01-30 20:31:17.029594,0x433abf20,13.2625,75.0,5.5,-77,1769833863,3,3
2026-01-30 20:32:51.460460,0x433acb14,13.18875,63.75,3.75,-88,1769833958,3,3
2026-01-30 20:33:05.853475,0x433b0098,13.245,63.75,6.25,-60,1769833972,2,2
2026-01-30 20:33:15.419249,0x433aad0c,13.26125,73.75,5.75,-76,1769833982,3,3
2026-01-30 20:35:36.505276,0x433ad35c,13.245,63.75,6.0,-54,1769834123,3,3
2026-01-30 20:36:05.544588,0x433b0b38,13.24625,76.25,6.0,-73,1769834152,5,5
2026-01-30 20:36:19.744435,0x433abf20,13.26375,75.0,5.25,-77,1769834166,3,3
2026-01-30 20:37:53.262970,0x433acb14,13.18625,62.5,5.0,-88,1769834259,3,3
2026-01-30 20:41:05.560783,0x433b0b38,13.24875,63.75,5.5,-73,1769834452,5,5
2026-01-30 20:41:19.675106,0x433abf20,13.2625,77.5,5.0,-76,1769834466,3,3
2026-01-30 20:41:44.973644,0x433af380,13.1675,95.0,6.5,-38,1769834491,3,3
2026-01-30 20:42:54.628935,0x433acb14,13.1825,71.25,4.25,-88,1769834561,3,3
2026-01-30 20:43:08.439193,0x433b0098,13.2425,60.0,6.25,-60,1769834575,2,2
2026-01-30 20:43:17.469122,0x433aad0c,13.26125,72.5,5.25,-76,1769834584,3,3
2026-01-30 20:45:39.193492,0x433ad35c,13.245,61.25,6.25,-53,1769834725,3,3
2026-01-30 20:46:06.534556,0x433b0b38,13.2425,68.75,5.75,-72,1769834753,5,5
2026-01-30 20:46:22.549755,0x433abf20,13.26,75.0,6.0,-77,1769834769,3,3
2026-01-30 20:47:55.802772,0x433acb14,13.185,61.25,4.0,-88,1769834862,3,3
2026-01-30 20:51:07.832757,0x433b0b38,13.245,65.0,5.75,-73,1769835054,5,5
2026-01-30 20:51:22.632170,0x433abf20,13.2625,77.5,5.75,-76,1769835069,3,3
2026-01-30 20:52:59.133567,0x433acb14,13.18125,75.0,4.0,-87,1769835165,3,3
2026-01-30 20:53:10.398592,0x433b0098,13.24,61.25,6.25,-60,1769835177,2,2
2026-01-30 20:53:21.121558,0x433aad0c,13.2625,72.5,5.5,-76,1769835187,3,3
2026-01-30 20:55:44.051945,0x433ad35c,13.24,76.25,6.25,-53,1769835330,3,3
2026-01-30 20:56:10.340843,0x433b0b38,13.24625,57.5,6.0,-72,1769835356,5,5
2026-01-30 20:56:23.746808,0x433abf20,13.265,63.75,5.75,-76,1769835370,3,3
2026-01-30 20:57:59.938934,0x433acb14,13.17875,66.25,4.5,-88,1769835466,3,3
2026-01-30 21:01:11.680818,0x433b0b38,13.23625,86.25,5.5,-72,1769835658,5,5
2026-01-30 21:01:25.335759,0x433abf20,13.26,75.0,5.75,-76,1769835671,3,3
2026-01-30 21:03:03.396911,0x433acb14,13.1825,76.25,4.75,-89,1769835770,3,3
2026-01-30 21:03:10.168351,0x433b0098,13.24125,63.75,6.0,-60,1769835776,2,2
2026-01-30 21:03:24.338986,0x433aad0c,13.26125,71.25,5.75,-76,1769835790,3,3
2026-02-02 01:09:38.616914,0x433ad35c,13.0925,75.0,5.75,-53,1770023359,3,3
2026-02-02 01:10:14.020842,0x433b0b38,13.1275,63.75,5.25,-72,1770023395,5,5
2026-02-02 01:11:47.663414,0x433abf20,13.24,63.75,5.75,-76,1770023488,3,3
2026-02-02 01:11:59.974994,0x433acb14,13.11,75.0,4.25,-87,1770023501,3,3
2026-02-02 01:13:06.828394,0x433b0098,13.21875,62.5,6.75,-59,1770023567,2,2
2026-02-02 01:15:15.917240,0x433b0b38,13.12125,70.0,6.0,-73,1770023697,5,5
2026-02-02 01:16:47.864709,0x433abf20,13.23875,61.25,5.25,-75,1770023789,3,3
2026-02-02 01:17:00.293722,0x433acb14,13.11,77.5,4.0,-88,1770023801,3,3
2026-02-02 01:17:27.068607,0x433aad0c,13.24,73.75,5.75,-76,1770023828,3,3
2026-02-02 01:19:41.805203,0x433ad35c,13.095,65.0,6.0,-53,1770023962,3,3
2026-02-02 01:20:17.474732,0x433b0b38,13.12625,63.75,5.5,-72,1770023998,5,5
2026-02-02 01:21:47.612607,0x433abf20,13.2375,62.5,5.25,-75,1770024088,3,3
2026-02-02 01:22:02.019857,0x433acb14,13.10875,65.0,4.25,-87,1770024103,3,3
2026-02-02 01:23:07.344718,0x433b0098,13.22,62.5,5.75,-60,1770024168,2,2
2026-02-02 01:25:18.074703,0x433b0b38,13.12625,63.75,5.75,-72,1770024299,5,5
2026-02-02 01:26:50.357340,0x433abf20,13.2375,62.5,6.0,-76,1770024391,3,3
2026-02-02 01:27:03.491147,0x433acb14,13.10875,75.0,4.25,-87,1770024404,3,3
2026-02-02 01:27:29.274270,0x433aad0c,13.24375,65.0,5.5,-76,1770024430,3,3
2026-02-02 01:29:45.636156,0x433ad35c,13.0925,66.25,5.5,-53,1770024566,3,3
2026-02-02 01:30:19.090162,0x433b0b38,13.12375,65.0,5.75,-73,1770024600,5,5
2026-02-02 01:31:49.952150,0x433abf20,13.2375,63.75,5.5,-76,1770024691,3,3
2026-02-02 01:32:04.220171,0x433acb14,13.1075,77.5,4.5,-87,1770024705,3,3
2026-02-02 01:33:08.684692,0x433b0098,13.21375,60.0,7.0,-60,1770024769,2,2
2026-02-02 01:35:21.352244,0x433b0b38,13.125,65.0,5.5,-72,1770024902,5,5
2026-02-02 01:37:06.092211,0x433acb14,13.11125,66.25,4.0,-87,1770025007,3,3
2026-02-02 01:37:35.127902,0x433aad0c,13.23625,75.0,5.75,-75,1770025036,3,3
2026-02-02 01:39:47.730986,0x433ad35c,13.0925,63.75,6.25,-52,1770025168,3,3
2026-02-02 01:40:22.217539,0x433b0b38,13.12,70.0,5.75,-72,1770025203,5,5
2026-02-02 01:41:51.020245,0x433abf20,13.2375,63.75,5.5,-76,1770025292,3,3
2026-02-02 01:42:06.629545,0x433acb14,13.10625,75.0,4.25,-87,1770025307,3,3
2026-02-02 01:43:11.695837,0x433b0098,13.21,70.0,5.75,-60,1770025372,2,2
2026-02-02 01:45:22.877454,0x433b0b38,13.1175,75.0,5.5,-72,1770025503,5,5
2026-02-02 01:46:51.851116,0x433abf20,13.23875,65.0,5.5,-76,1770025592,3,3
2026-02-02 01:47:08.525177,0x433acb14,13.1075,72.5,4.0,-87,1770025609,3,3
2026-02-02 01:47:35.646918,0x433aad0c,13.24,66.25,5.5,-76,1770025636,3,3
2026-02-02 01:48:28.407497,0x433af380,13.015,75.0,6.25,-38,1770025689,3,3
2026-02-02 01:49:50.267817,0x433ad35c,13.09,77.5,6.0,-53,1770025771,3,3
2026-02-02 01:50:24.148360,0x433b0b38,13.1225,65.0,5.75,-72,1770025805,5,5
2026-02-02 01:51:53.150867,0x433abf20,13.23625,65.0,5.5,-76,1770025894,3,3
2026-02-02 01:52:09.953364,0x433acb14,13.10875,63.75,4.75,-87,1770025911,3,3
2026-02-02 01:53:13.468961,0x433b0098,13.215,58.75,6.0,-61,1770025974,2,2
2026-02-02 01:55:26.050400,0x433b0b38,13.1175,72.5,6.0,-73,1770026107,5,5
2026-02-02 01:56:54.130990,0x433abf20,13.235,63.75,5.5,-76,1770026195,3,3
2026-02-02 01:57:12.155397,0x433acb14,13.1075,77.5,3.75,-87,1770026213,3,3
2026-02-02 01:57:37.334491,0x433aad0c,13.2375,76.25,5.25,-76,1770026238,3,3
2026-02-02 01:59:52.106766,0x433ad35c,13.09,68.75,5.5,-53,1770026373,3,3
2026-02-02 02:00:27.954911,0x433b0b38,13.115,71.25,5.5,-72,1770026409,5,5
2026-02-02 02:01:56.792093,0x433abf20,13.23625,60.0,5.25,-76,1770026497,3,3
2026-02-02 02:02:12.854527,0x433acb14,13.1075,78.75,4.25,-87,1770026513,3,3
2026-02-02 02:03:14.905556,0x433b0098,13.21,72.5,6.0,-59,1770026575,2,2
2026-02-02 02:05:27.986746,0x433b0b38,13.11625,76.25,5.5,-73,1770026709,5,5
2026-02-02 02:06:56.708256,0x433abf20,13.23125,102.5,5.5,-75,1770026797,3,3
2026-02-02 02:07:13.809361,0x433acb14,13.11,61.25,4.25,-88,1770026814,3,3
2026-02-02 02:07:42.071371,0x433aad0c,13.24,61.25,5.5,-76,1770026843,3,3
2026-02-01 15:09:19.534032,0x433acb14,13.15,77.5,3.75,-92,1769987341,3,3
2026-02-01 15:09:46.292771,0x433abf20,13.26625,61.25,6.5,-77,1769987368,3,3
2026-02-01 15:11:03.491221,0x433b0098,13.245,60.0,6.0,-61,1769987445,2,2
2026-02-01 15:12:33.876805,0x433b0b38,13.185,62.5,6.5,-74,1769987536,5,5
2026-02-01 15:14:21.810888,0x433acb14,13.15375,62.5,3.5,-91,1769987644,3,3
2026-02-01 15:14:43.836761,0x433aad0c,13.26375,58.75,5.0,-89,1769987666,3,3
2026-02-01 15:14:46.861247,0x433abf20,13.265,61.25,5.5,-76,1769987669,3,3
2026-02-01 15:17:01.773647,0x433ad35c,13.12875,86.25,6.5,-53,1769987803,3,3
2026-02-01 15:17:35.760462,0x433b0b38,13.18125,76.25,6.0,-73,1769987837,5,5
2026-02-01 15:19:22.575087,0x433acb14,13.155,66.25,3.5,-90,1769987944,3,3
2026-02-01 15:19:48.485991,0x433abf20,13.2625,73.75,5.75,-76,1769987970,3,3
2026-02-01 15:21:05.662075,0x433b0098,13.2475,62.5,6.0,-61,1769988047,2,2
2026-02-01 15:22:36.018054,0x433b0b38,13.18625,62.5,6.0,-73,1769988138,5,5
2026-02-01 15:24:23.962909,0x433acb14,13.155,62.5,5.5,-89,1769988246,3,3
2026-02-01 15:24:48.171634,0x433aad0c,13.26,72.5,4.5,-89,1769988270,3,3
2026-02-01 15:24:51.321588,0x433abf20,13.2675,62.5,6.0,-77,1769988273,3,3
2026-02-01 15:27:05.002667,0x433ad35c,13.14375,63.75,6.0,-53,1769988407,3,3
2026-02-01 15:27:36.671590,0x433b0b38,13.1875,65.0,5.75,-73,1769988438,5,5
2026-02-01 15:29:23.976210,0x433acb14,13.15375,62.5,4.25,-92,1769988546,3,3
2026-02-01 15:29:53.681859,0x433abf20,13.26625,57.5,5.75,-76,1769988575,3,3
2026-02-01 15:31:11.828664,0x433b0098,13.24125,75.0,6.25,-61,1769988653,2,2
2026-02-01 15:32:41.575610,0x433b0b38,13.18,70.0,5.25,-72,1769988743,5,5
2026-02-01 15:34:26.076407,0x433acb14,13.15125,80.0,4.0,-92,1769988848,3,3
2026-02-01 15:34:50.088264,0x433aad0c,13.2625,75.0,3.75,-90,1769988872,3,3
2026-02-01 15:34:54.970781,0x433abf20,13.26375,75.0,7.5,-53,1769988877,3,2
2026-02-01 15:37:06.322033,0x433ad35c,13.14375,65.0,6.0,-54,1769989008,3,3
2026-02-01 15:37:39.307746,0x433b0b38,13.18625,62.5,6.25,-72,1769989041,5,5
2026-02-01 15:39:27.397134,0x433acb14,13.15375,65.0,2.25,-95,1769989149,3,3
2026-02-01 15:39:55.832375,0x433abf20,13.26625,62.5,6.0,-76,1769989177,3,3
2026-02-01 15:41:09.642949,0x433b0098,13.2475,61.25,6.5,-61,1769989251,2,2
2026-02-01 15:42:41.301751,0x433b0b38,13.1875,62.5,5.75,-73,1769989343,5,5
2026-02-01 15:44:28.470372,0x433acb14,13.15375,63.75,2.5,-95,1769989450,3,3
2026-02-01 15:44:52.794699,0x433aad0c,13.26625,60.0,5.5,-89,1769989474,3,3
2026-02-01 15:44:55.969849,0x433abf20,13.2625,75.0,5.5,-77,1769989478,3,3
2026-02-01 15:47:09.001802,0x433ad35c,13.14375,63.75,6.0,-53,1769989611,3,3
2026-02-01 15:47:18.042124,0x433af380,13.055,80.0,6.0,-37,1769989620,3,3
2026-02-01 15:47:42.682549,0x433b0b38,13.18625,62.5,5.75,-73,1769989644,5,5
2026-02-01 15:49:31.416725,0x433acb14,13.15375,61.25,3.5,-92,1769989753,3,3
2026-02-01 15:49:53.987061,0x433abf20,13.26375,75.0,6.0,-76,1769989776,3,3
2026-02-01 15:51:12.817280,0x433b0098,13.2475,60.0,6.0,-62,1769989854,2,2
2026-02-01 15:52:43.922965,0x433b0b38,13.18625,65.0,5.75,-73,1769989946,5,5
2026-02-01 15:54:30.432550,0x433acb14,13.15125,77.5,2.5,-94,1769990052,3,3
2026-02-01 15:54:55.445873,0x433abf20,13.26625,61.25,5.75,-77,1769990077,3,3
2026-02-01 15:54:59.746130,0x433aad0c,13.26375,73.75,4.75,-89,1769990081,3,3
2026-02-01 15:57:11.218876,0x433ad35c,13.14,75.0,6.0,-54,1769990213,3,3
2026-02-01 15:57:45.745858,0x433b0b38,13.18875,62.5,5.75,-72,1769990247,5,5
2026-02-01 15:59:33.535388,0x433acb14,13.145,87.5,3.25,-92,1769990355,3,3
2026-02-01 15:59:53.996031,0x433abf20,13.26375,73.75,5.25,-76,1769990376,3,3
2026-02-01 16:01:16.256900,0x433b0098,13.245,73.75,6.0,-62,1769990458,2,2
2026-02-01 16:02:47.053647,0x433b0b38,13.1875,62.5,5.75,-73,1769990549,5,5
2026-02-01 16:04:33.384411,0x433acb14,13.15625,65.0,3.75,-91,1769990655,3,3
2026-02-01 16:04:55.878082,0x433abf20,13.2625,73.75,6.0,-76,1769990677,3,3
2026-02-01 16:05:01.910927,0x433aad0c,13.26875,62.5,5.5,-88,1769990684,3,3
2026-02-01 16:07:14.405394,0x433ad35c,13.14375,63.75,6.25,-53,1769990816,3,3
2026-02-01 18:08:18.655897,0x433b0b38,13.1825,58.75,5.75,-72,1769998080,5,5
2026-02-01 18:10:09.433360,0x433acb14,13.1525,66.25,3.25,-91,1769998191,3,3
2026-02-01 18:10:21.752009,0x433abf20,13.2575,72.5,5.5,-76,1769998203,3,3
2026-02-01 18:11:44.332258,0x433b0098,13.24625,75.0,5.75,-62,1769998286,2,2
2026-02-01 18:13:19.926339,0x433b0b38,13.1775,75.0,6.25,-73,1769998381,5,5
2026-02-01 18:15:11.023571,0x433acb14,13.15125,65.0,3.75,-91,1769998492,3,3
2026-02-01 18:15:22.476903,0x433abf20,13.26625,63.75,5.5,-76,1769998504,3,3
2026-02-01 18:15:33.562798,0x433aad0c,13.265,75.0,5.5,-76,1769998515,3,3
2026-02-01 18:17:50.257845,0x433ad35c,13.12125,132.5,5.75,-53,1769998652,3,3
2026-02-01 18:18:21.901030,0x433b0b38,13.18125,63.75,6.25,-72,1769998683,5,5
2026-02-01 18:20:12.067799,0x433acb14,13.1475,72.5,3.75,-90,1769998793,3,3
2026-02-01 18:20:25.154324,0x433abf20,13.26125,75.0,5.75,-76,1769998807,3,3
2026-02-01 18:21:44.353333,0x433b0098,13.25125,62.5,6.0,-61,1769998886,2,2
2026-02-01 18:23:23.569905,0x433b0b38,13.17875,71.25,5.75,-72,1769998985,5,5
2026-02-01 18:25:11.566285,0x433acb14,13.15125,65.0,4.0,-90,1769999093,3,3
2026-02-01 18:25:25.949296,0x433abf20,13.26625,65.0,5.75,-76,1769999107,3,3
2026-02-01 18:25:35.314678,0x433aad0c,13.27,60.0,5.5,-76,1769999117,3,3
2026-02-01 18:27:52.491333,0x433ad35c,13.1375,65.0,6.25,-53,1769999254,3,3
2026-02-01 18:28:24.608612,0x433b0b38,13.1825,63.75,6.25,-72,1769999286,5,5
2026-02-01 18:30:13.706575,0x433acb14,13.15125,65.0,3.5,-90,1769999395,3,3
2026-02-01 18:30:26.723462,0x433abf20,13.26125,75.0,5.25,-76,1769999408,3,3
2026-02-01 18:31:47.366401,0x433b0098,13.24625,70.0,5.5,-61,1769999489,2,2
2026-02-01 18:33:25.932502,0x433b0b38,13.1825,58.75,6.0,-72,1769999587,5,5
2026-02-01 18:35:14.864775,0x433acb14,13.15,66.25,4.75,-90,1769999696,3,3
2026-02-01 18:35:30.023353,0x433abf20,13.2675,62.5,5.5,-76,1769999711,3,3
2026-02-01 18:35:37.822643,0x433aad0c,13.2675,75.0,5.5,-76,1769999719,3,3
2026-02-01 18:37:54.538865,0x433ad35c,13.13625,65.0,5.75,-53,1769999856,3,3
2026-02-01 18:38:27.169374,0x433b0b38,13.175,75.0,6.0,-72,1769999888,5,5
2026-02-01 18:40:16.007449,0x433acb14,13.1475,76.25,3.5,-91,1769999997,3,3
2026-02-01 18:40:31.150331,0x433abf20,13.26125,73.75,5.5,-75,1770000012,3,3
2026-02-01 18:41:46.841518,0x433b0098,13.24375,73.75,6.25,-60,1770000088,2,2
2026-02-01 18:43:28.876353,0x433b0b38,13.1825,63.75,6.0,-72,1770000190,5,5
2026-02-01 18:45:16.483116,0x433acb14,13.1425,73.75,4.75,-90,1770000298,3,3
2026-02-01 18:45:31.090962,0x433abf20,13.26625,66.25,5.25,-76,1770000312,3,3
2026-02-01 18:45:40.791927,0x433aad0c,13.27125,65.0,5.5,-76,1770000322,3,3
2026-02-01 18:47:38.595659,0x433af380,13.06,80.0,6.25,-39,1770000440,3,3
2026-02-01 18:47:56.163365,0x433ad35c,13.13375,66.25,6.25,-53,1770000457,3,3
2026-02-01 18:48:30.064607,0x433b0b38,13.1825,66.25,6.0,-72,1770000491,5,5
2026-02-01 18:50:17.765803,0x433acb14,13.14875,61.25,4.5,-90,1770000599,3,3
2026-02-01 18:50:32.161552,0x433abf20,13.26375,63.75,6.0,-76,1770000613,3,3
2026-02-01 18:51:50.447773,0x433b0098,13.21625,121.25,6.25,-61,1770000692,2,2
2026-02-01 18:53:30.801323,0x433b0b38,13.18,57.5,5.75,-72,1770000792,5,5
2026-02-01 18:55:19.016101,0x433acb14,13.14875,67.5,3.5,-91,1770000900,3,3
2026-02-01 18:55:33.182456,0x433abf20,13.26375,65.0,6.0,-76,1770000914,3,3
2026-02-01 18:55:43.567031,0x433aad0c,13.25875,81.25,5.75,-76,1770000925,3,3
2026-02-01 18:57:59.378167,0x433ad35c,13.13375,77.5,6.75,-53,1770001061,3,3
2026-02-01 18:58:31.595351,0x433b0b38,13.18,61.25,5.75,-72,1770001093,5,5
2026-02-01 19:00:20.279370,0x433acb14,13.14375,75.0,4.0,-91,1770001202,3,3
2026-02-01 19:00:35.246920,0x433abf20,13.26125,71.25,5.25,-75,1770001217,3,3
2026-02-01 19:01:50.722583,0x433b0098,13.24875,60.0,6.25,-60,1770001292,2,2
2026-02-01 19:03:33.560178,0x433b0b38,13.17125,80.0,5.75,-72,1770001395,5,5
2026-02-01 19:05:22.170266,0x433acb14,13.145,73.75,5.0,-90,1770001503,3,3
2026-02-01 19:05:35.693458,0x433abf20,13.26375,61.25,6.0,-76,1770001517,3,3
2026-02-01 19:05:45.896529,0x433aad0c,13.26625,62.5,6.0,-76,1770001527,3,3
2026-01-29 11:03:51.311430,0x433acb14,13.2175,63.75,4.25,-87,1769713421,3,3
2026-01-29 11:04:18.494627,0x433aad0c,13.24125,62.5,4.5,-81,1769713448,3,3
2026-01-29 11:04:58.468637,0x433abf20,13.23125,125.0,5.75,-75,1769713488,3,3
2026-01-29 11:06:43.548899,0x433ad35c,13.25625,61.25,6.25,-53,1769713593,3,3
2026-01-29 11:06:54.332141,0x433b0098,13.2125,72.5,6.25,-61,1769713604,2,2
2026-01-29 11:07:08.608775,0x433b0b38,13.2175,86.25,6.0,-74,1769713618,5,5
2026-01-29 11:08:59.406316,0x433acb14,13.2175,75.0,5.75,-75,1769713729,3,2
2026-01-29 11:09:58.580435,0x433abf20,13.23125,122.5,5.75,-76,1769713788,3,3
2026-01-29 11:12:09.258103,0x433b0b38,13.22625,61.25,5.75,-73,1769713919,5,5
2026-01-29 11:13:55.681618,0x433acb14,13.22125,65.0,4.0,-88,1769714025,3,3
2026-01-29 11:14:21.648567,0x433aad0c,13.2425,57.5,4.75,-84,1769714051,3,3
2026-01-29 11:15:01.282019,0x433abf20,13.24625,72.5,5.75,-75,1769714091,3,3
2026-01-29 11:16:46.405798,0x433ad35c,13.25375,72.5,6.0,-54,1769714196,3,3
2026-01-29 11:16:56.268507,0x433b0098,13.22,62.5,5.5,-61,1769714206,2,2
2026-01-29 11:17:10.433699,0x433b0b38,13.195,146.25,6.0,-73,1769714220,5,5
2026-01-29 11:20:02.078285,0x433abf20,13.25375,62.5,5.5,-75,1769714392,3,3
2026-01-29 11:22:12.533502,0x433b0b38,13.19875,113.75,5.5,-73,1769714522,5,5
2026-01-29 11:23:57.499821,0x433acb14,13.2175,76.25,6.5,-86,1769714627,3,3
2026-01-29 11:24:24.051101,0x433aad0c,13.24625,62.5,4.25,-90,1769714654,3,3
2026-01-29 11:25:01.761750,0x433abf20,13.2525,65.0,6.5,-74,1769714691,3,3
2026-01-29 11:26:49.152200,0x433ad35c,13.2575,75.0,6.5,-53,1769714799,3,3
2026-01-29 11:26:59.387434,0x433b0098,13.22375,60.0,5.75,-61,1769714809,2,2
2026-01-29 11:27:13.713572,0x433b0b38,13.22625,62.5,6.0,-73,1769714823,5,5
2026-01-29 11:28:58.454270,0x433acb14,13.2225,61.25,5.5,-89,1769714928,3,3
2026-01-29 11:30:02.292207,0x433abf20,13.255,66.25,6.25,-75,1769714992,3,3
2026-01-29 11:32:14.932754,0x433b0b38,13.22375,77.5,5.5,-74,1769715125,5,5
2026-01-29 11:34:00.236633,0x433acb14,13.225,63.75,4.25,-91,1769715230,3,3
2026-01-29 11:34:27.603032,0x433aad0c,13.23875,70.0,5.0,-89,1769715257,3,3
2026-01-29 11:35:03.740248,0x433abf20,13.25125,73.75,5.75,-76,1769715293,3,3
2026-01-29 11:36:51.903494,0x433ad35c,13.26125,77.5,5.75,-53,1769715401,3,3
2026-01-29 11:36:59.257556,0x433b0098,13.225,62.5,5.75,-61,1769715409,2,2
2026-01-29 11:37:05.214874,0x433af380,13.18625,70.0,6.25,-38,1769715415,3,3
2026-01-29 11:37:16.926706,0x433b0b38,13.23,62.5,5.5,-73,1769715427,5,5
2026-01-29 11:39:00.853141,0x433acb14,13.22375,62.5,6.75,-86,1769715530,3,3
2026-01-29 11:40:05.103547,0x433abf20,13.2525,75.0,6.75,-77,1769715595,3,3
2026-01-29 11:42:21.513833,0x433b0b38,13.23,61.25,6.25,-72,1769715731,5,5
2026-01-29 11:44:02.115938,0x433acb14,13.22,77.5,3.75,-88,1769715832,3,3
2026-01-29 11:44:29.876043,0x433aad0c,13.2475,60.0,4.5,-89,1769715859,3,3
2026-01-29 11:45:06.326748,0x433abf20,13.255,63.75,6.0,-77,1769715896,3,3
2026-01-29 11:46:55.949393,0x433ad35c,13.26,73.75,6.5,-54,1769716006,3,3
2026-01-29 11:47:01.083479,0x433b0098,13.22,71.25,6.0,-61,1769716011,2,2
2026-01-29 11:47:17.980880,0x433b0b38,13.23,61.25,6.0,-74,1769716028,5,5
2026-01-29 11:49:03.859721,0x433acb14,13.2275,63.75,4.25,-87,1769716133,3,3
2026-01-29 11:50:07.362186,0x433abf20,13.2525,72.5,5.5,-77,1769716197,3,3
2026-01-29 11:52:19.230999,0x433b0b38,13.2225,70.0,6.0,-74,1769716329,5,5
2026-01-29 11:54:05.837713,0x433acb14,13.22,77.5,-6.25,-88,1769716435,3,3
2026-01-29 11:54:32.182358,0x433aad0c,13.2475,63.75,-5.5,-87,1769716462,3,3
2026-01-29 11:55:07.553676,0x433abf20,13.25625,65.0,3.75,-76,1769716497,3,3
2026-01-29 11:56:57.891462,0x433ad35c,13.26625,62.5,7.5,-53,1769716607,3,3
2026-01-29 11:57:05.368575,0x433b0098,13.21875,71.25,5.75,-61,1769716615,2,2
2026-01-29 11:57:21.220179,0x433b0b38,13.2275,73.75,5.0,-74,1769716631,5,5
2026-01-29 11:59:06.874390,0x433acb14,13.22125,77.5,-7.0,-89,1769716736,3,3
2026-01-29 12:00:10.247774,0x433abf20,13.2525,77.5,3.0,-76,1769716800,3,3
2026-01-29 12:02:22.490103,0x433b0b38,13.22375,71.25,4.75,-73,1769716932,5,5
2026-02-02 21:10:34.605055,0x433abf20,13.18875,66.25,5.75,-75,1770095413,3,3
2026-02-02 21:10:38.214673,0x433b0b38,13.10625,66.25,6.25,-72,1770095417,5,5
2026-02-02 21:12:21.330970,0x433acb14,13.125,62.5,5.0,-90,1770095520,3,3
2026-02-02 21:12:50.228345,0x433aad0c,13.2575,63.75,5.75,-76,1770095549,3,3
2026-02-02 21:15:03.196888,0x433ad35c,13.10625,75.0,6.0,-53,1770095682,3,3
2026-02-02 21:15:35.199405,0x433abf20,13.195,65.0,6.25,-76,1770095714,3,3
2026-02-02 21:15:43.445769,0x433b0b38,13.105,65.0,6.5,-72,1770095722,5,5
2026-02-02 21:17:13.164961,0x433b0098,13.2375,76.25,6.25,-60,1770095812,2,2
2026-02-02 21:17:22.876928,0x433acb14,13.1275,66.25,5.0,-89,1770095821,3,3
2026-02-02 21:20:38.217508,0x433abf20,13.195,62.5,5.75,-76,1770096017,3,3
2026-02-02 21:20:44.144421,0x433b0b38,13.1025,73.75,5.75,-72,1770096023,5,5
2026-02-02 21:22:23.789864,0x433acb14,13.11875,72.5,5.0,-89,1770096122,3,3
2026-02-02 21:22:52.453503,0x433aad0c,13.25625,62.5,5.75,-75,1770096151,3,3
2026-02-02 21:25:05.785468,0x433ad35c,13.10875,65.0,5.75,-53,1770096284,3,3
2026-02-02 21:25:36.984571,0x433abf20,13.19375,66.25,5.25,-76,1770096315,3,3
2026-02-02 21:25:41.881800,0x433b0b38,13.10625,66.25,5.5,-72,1770096320,5,5
2026-02-02 21:27:12.988361,0x433b0098,13.2325,75.0,6.0,-60,1770096411,2,2
2026-02-02 21:27:25.238149,0x433acb14,13.125,65.0,4.0,-90,1770096424,3,3
2026-02-02 21:30:38.861310,0x433abf20,13.19375,61.25,5.5,-75,1770096617,3,3
2026-02-02 21:30:41.188506,0x433b0b38,13.105,62.5,5.75,-73,1770096620,5,5
2026-02-02 21:32:25.604746,0x433acb14,13.12375,66.25,5.0,-89,1770096724,3,3
2026-02-02 21:32:55.073707,0x433aad0c,13.25125,70.0,5.75,-75,1770096754,3,3
2026-02-02 21:35:08.648193,0x433ad35c,13.10625,61.25,5.75,-52,1770096887,3,3
2026-02-02 21:35:39.512369,0x433abf20,13.19125,65.0,5.5,-77,1770096918,3,3
2026-02-02 21:35:42.740518,0x433b0b38,13.10625,65.0,5.75,-72,1770096921,5,5
2026-02-02 21:37:13.800822,0x433b0098,13.23,73.75,6.0,-61,1770097012,2,2
2026-02-02 21:37:28.387009,0x433acb14,13.12375,65.0,4.75,-90,1770097027,3,3
2026-02-02 21:40:39.530456,0x433abf20,13.19,72.5,5.5,-76,1770097218,3,3
2026-02-02 21:40:44.248902,0x433b0b38,13.10625,63.75,5.75,-72,1770097223,5,5
2026-02-02 21:42:28.209049,0x433acb14,13.1225,67.5,4.75,-89,1770097327,3,3
2026-02-02 21:42:59.784099,0x433aad0c,13.255,58.75,5.5,-76,1770097358,3,3
2026-02-02 21:45:10.547313,0x433ad35c,13.10375,77.5,7.25,-52,1770097489,3,3
2026-02-02 21:45:40.494874,0x433abf20,13.1875,76.25,5.25,-76,1770097519,3,3
2026-02-02 21:45:43.552308,0x433b0b38,13.07625,118.75,5.75,-72,1770097522,5,5
2026-02-02 21:47:16.059572,0x433b0098,13.23125,71.25,6.25,-60,1770097615,2,2
2026-02-02 21:47:32.442773,0x433acb14,13.12125,75.0,5.25,-89,1770097631,3,3
2026-02-02 21:50:42.720596,0x433abf20,13.18625,73.75,5.25,-77,1770097821,3,3
2026-02-02 21:50:46.711300,0x433b0b38,13.1025,63.75,6.25,-72,1770097825,5,5
2026-02-02 21:51:04.445814,0x433af380,13.01125,81.25,7.0,-38,1770097843,3,3
2026-02-02 21:52:35.284901,0x433acb14,13.12375,67.5,4.75,-89,1770097934,3,3
2026-02-02 21:53:00.200093,0x433aad0c,13.255,63.75,5.75,-75,1770097959,3,3
2026-02-02 21:55:13.612705,0x433ad35c,13.105,66.25,7.5,-53,1770098092,3,3
2026-02-02 21:55:44.220215,0x433abf20,13.19,65.0,5.5,-76,1770098123,3,3
2026-02-02 21:55:47.831604,0x433b0b38,13.0975,75.0,5.75,-72,1770098126,5,5
2026-02-02 21:57:16.324515,0x433b0098,13.235,61.25,5.5,-61,1770098215,2,2
2026-02-02 21:57:35.215622,0x433acb14,13.12,73.75,5.5,-75,1770098234,3,2
2026-02-02 22:00:44.491679,0x433abf20,13.1675,121.25,6.0,-76,1770098423,3,3
2026-02-02 22:00:47.852112,0x433b0b38,13.10125,65.0,5.5,-72,1770098426,5,5
2026-02-02 22:02:34.635584,0x433acb14,13.12,63.75,4.75,-89,1770098533,3,3
2026-02-02 22:03:02.217103,0x433aad0c,13.2475,70.0,5.5,-75,1770098561,3,3
2026-02-02 22:05:16.316407,0x433ad35c,13.1,76.25,6.25,-53,1770098695,3,3
2026-02-02 22:05:46.953714,0x433abf20,13.185,63.75,5.5,-76,1770098725,3,3
2026-02-02 22:05:52.037908,0x433b0b38,13.10125,63.75,6.0,-72,1770098730,5,5
2026-02-02 22:07:19.636993,0x433b0098,13.23375,60.0,5.75,-61,1770098818,2,2
2026-02-02 22:07:38.863379,0x433acb14,13.11625,77.5,6.25,-61,1770098837,3,2
2026-02-01 12:08:29.850729,0x433acb14,13.13625,77.5,1.25,-95,1769976492,3,3
2026-02-01 12:09:13.192633,0x433abf20,13.25125,62.5,5.5,-76,1769976535,3,3
2026-02-01 12:10:34.146724,0x433b0098,13.2225,62.5,6.25,-61,1769976616,2,2
2026-02-01 12:11:46.201298,0x433b0b38,13.155,75.0,5.5,-74,1769976688,5,5
2026-02-01 12:13:31.359717,0x433acb14,13.14125,63.75,1.25,-96,1769976793,3,3
2026-02-01 12:13:57.752416,0x433aad0c,13.24125,68.75,3.5,-91,1769976820,3,3
2026-02-01 12:14:14.589271,0x433abf20,13.25375,66.25,5.75,-76,1769976837,3,3
2026-02-01 12:16:12.149040,0x433ad35c,13.1275,63.75,6.25,-54,1769976954,3,3
2026-02-01 12:16:47.977620,0x433b0b38,13.15625,61.25,5.75,-72,1769976990,5,5
2026-02-01 12:18:31.955264,0x433acb14,13.13625,81.25,3.5,-92,1769977094,3,3
2026-02-01 12:19:14.342108,0x433abf20,13.2525,63.75,5.5,-77,1769977136,3,3
2026-02-01 12:20:34.561570,0x433b0098,13.21625,75.0,6.25,-61,1769977217,2,2
2026-02-01 12:21:48.803632,0x433b0b38,13.1575,72.5,5.75,-73,1769977291,5,5
2026-02-01 12:23:41.027621,0x433acb14,13.1375,75.0,4.25,-93,1769977403,3,3
2026-02-01 12:24:00.718979,0x433aad0c,13.2425,65.0,4.75,-90,1769977423,3,3
2026-02-01 12:24:15.762856,0x433abf20,13.25,67.5,5.5,-76,1769977438,3,3
2026-02-01 12:26:16.624262,0x433ad35c,13.12875,61.25,5.75,-54,1769977559,3,3
2026-02-01 12:26:51.047439,0x433b0b38,13.15375,73.75,6.0,-74,1769977593,5,5
2026-02-01 12:28:36.230953,0x433acb14,13.1425,63.75,3.5,-93,1769977698,3,3
2026-02-01 12:29:16.318915,0x433abf20,13.25375,65.0,5.5,-76,1769977738,3,3
2026-02-01 12:30:39.096779,0x433b0098,13.225,60.0,6.25,-61,1769977821,2,2
2026-02-01 12:31:51.668766,0x433b0b38,13.155,71.25,6.0,-73,1769977894,5,5
2026-02-01 12:34:03.452686,0x433aad0c,13.24375,63.75,4.0,-91,1769978025,3,3
2026-02-01 12:34:15.271615,0x433abf20,13.25,73.75,5.5,-75,1769978037,3,3
2026-02-01 12:36:16.319211,0x433ad35c,13.1275,77.5,7.5,-54,1769978158,3,3
2026-02-01 12:36:53.570761,0x433b0b38,13.16,65.0,6.25,-73,1769978196,5,5
2026-02-01 12:38:38.533708,0x433acb14,13.1425,65.0,1.5,-96,1769978301,3,3
2026-02-01 12:39:16.840817,0x433abf20,13.255,63.75,6.0,-76,1769978339,3,3
2026-02-01 12:40:37.466575,0x433b0098,13.225,57.5,6.25,-61,1769978419,2,2
2026-02-01 12:41:53.356735,0x433b0b38,13.16375,65.0,6.25,-73,1769978495,5,5
2026-02-01 12:43:40.632283,0x433acb14,13.145,62.5,2.75,-94,1769978603,3,3
2026-02-01 12:44:06.523043,0x433aad0c,13.245,71.25,3.75,-91,1769978628,3,3
2026-02-01 12:44:17.510799,0x433abf20,13.2525,68.75,5.75,-76,1769978639,3,3
2026-02-01 12:46:19.498089,0x433ad35c,13.13,66.25,7.25,-54,1769978761,3,3
2026-02-01 12:46:52.150258,0x433af380,13.06375,67.5,6.75,-38,1769978794,3,3
2026-02-01 12:46:59.224653,0x433b0b38,13.16375,63.75,6.0,-73,1769978801,5,5
2026-02-01 12:48:42.851315,0x433acb14,13.14375,65.0,1.75,-96,1769978905,3,3
2026-02-01 12:49:17.065585,0x433abf20,13.25625,63.75,5.5,-77,1769978939,3,3
2026-02-01 12:50:40.744243,0x433b0098,13.22125,71.25,6.5,-62,1769979023,2,2
2026-02-01 12:52:00.715820,0x433b0b38,13.1575,76.25,6.0,-73,1769979103,5,5
2026-02-01 12:53:42.725307,0x433acb14,13.11875,127.5,2.5,-94,1769979205,3,3
2026-02-01 12:54:09.089971,0x433aad0c,13.24625,62.5,4.0,-91,1769979231,3,3
2026-02-01 12:54:18.434023,0x433abf20,13.25625,66.25,5.75,-76,1769979240,3,3
2026-02-01 12:56:23.454769,0x433ad35c,13.13375,63.75,6.0,-54,1769979365,3,3
2026-02-01 12:56:58.562326,0x433b0b38,13.1675,62.5,6.0,-72,1769979401,5,5
2026-02-01 12:58:43.598707,0x433acb14,13.13875,76.25,3.5,-93,1769979506,3,3
2026-02-01 12:59:20.569626,0x433abf20,13.2575,63.75,5.0,-76,1769979543,3,3
2026-02-01 13:00:41.328985,0x433b0098,13.23,61.25,6.0,-62,1769979623,2,2
2026-02-01 13:01:59.226310,0x433b0b38,13.1625,75.0,5.75,-73,1769979701,5,5
2026-02-01 13:03:44.549311,0x433acb14,13.14,75.0,3.5,-93,1769979806,3,3
2026-02-01 13:04:10.212446,0x433aad0c,13.24125,73.75,4.0,-91,1769979832,3,3
2026-02-01 13:04:19.086119,0x433abf20,13.25375,75.0,5.5,-76,1769979841,3,3
2026-02-01 13:06:24.842612,0x433ad35c,13.135,62.5,6.0,-54,1769979967,3,3
2026-02-01 13:07:00.895791,0x433b0b38,13.16875,83.75,5.5,-72,1769980003,5,5
2026-01-31 14:07:36.936797,0x433acb14,13.1625,86.25,3.5,-92,1769897241,3,3
2026-01-31 14:07:58.644441,0x433aad0c,13.2575,70.0,4.75,-88,1769897263,3,3
2026-01-31 14:10:00.585553,0x433abf20,13.2675,62.5,5.5,-76,1769897385,3,3
2026-01-31 14:10:21.908623,0x433ad35c,13.195,76.25,6.25,-54,1769897406,3,3
2026-01-31 14:10:50.237582,0x433b0b38,13.23125,72.5,6.0,-72,1769897435,5,5
2026-01-31 14:12:39.218582,0x433acb14,13.1725,63.75,-11.75,-94,1769897544,3,3
2026-01-31 14:15:01.744892,0x433abf20,13.26625,66.25,6.0,-77,1769897686,3,3
2026-01-31 14:15:52.367841,0x433b0b38,13.23,75.0,6.0,-73,1769897737,5,5
2026-01-31 14:16:12.697434,0x433b0098,13.23125,70.0,6.0,-61,1769897757,2,2
2026-01-31 14:17:46.786115,0x433acb14,13.17375,63.75,4.25,-92,1769897851,3,3
2026-01-31 14:18:00.334683,0x433aad0c,13.25875,70.0,5.75,-89,1769897865,3,3
2026-01-31 14:20:04.000626,0x433abf20,13.2625,75.0,5.5,-76,1769897988,3,3
2026-01-31 14:20:23.698600,0x433ad35c,13.2,62.5,6.0,-55,1769898008,3,3
2026-01-31 14:20:53.608910,0x433b0b38,13.23625,58.75,5.5,-73,1769898038,5,5
2026-01-31 14:22:39.977591,0x433acb14,13.17125,66.25,2.75,-95,1769898144,3,3
2026-01-31 14:25:05.727390,0x433abf20,13.26875,65.0,5.5,-77,1769898290,3,3
2026-01-31 14:25:55.477984,0x433b0b38,13.23125,72.5,5.75,-73,1769898340,5,5
2026-01-31 14:26:15.841331,0x433b0098,13.23,73.75,6.25,-61,1769898360,2,2
2026-01-31 14:27:41.276415,0x433acb14,13.17125,76.25,1.75,-96,1769898446,3,3
2026-01-31 14:28:03.627318,0x433aad0c,13.26,75.0,5.25,-88,1769898468,3,3
2026-01-31 14:30:05.533498,0x433abf20,13.26375,71.25,5.5,-77,1769898590,3,3
2026-01-31 14:30:26.964878,0x433ad35c,13.2,61.25,6.5,-54,1769898611,3,3
2026-01-31 14:30:58.490916,0x433b0b38,13.23625,63.75,1.5,-72,1769898643,5,5
2026-01-31 14:32:42.511913,0x433acb14,13.1725,77.5,3.25,-94,1769898747,3,3
2026-01-31 14:35:08.078509,0x433abf20,13.26875,61.25,6.5,-77,1769898892,3,3
2026-01-31 14:35:58.236502,0x433b0b38,13.23875,61.25,5.5,-73,1769898943,5,5
2026-01-31 14:36:15.354097,0x433b0098,13.235,75.0,6.25,-61,1769898960,2,2
2026-01-31 14:37:44.477883,0x433acb14,13.17,76.25,3.0,-94,1769899049,3,3
2026-01-31 14:38:05.659075,0x433aad0c,13.265,63.75,5.75,-89,1769899070,3,3
2026-01-31 14:40:10.700483,0x433abf20,13.26375,73.75,5.75,-76,1769899195,3,3
2026-01-31 14:40:31.049605,0x433ad35c,13.1925,77.5,6.25,-54,1769899215,3,3
2026-01-31 14:40:58.395811,0x433b0b38,13.2325,75.0,6.25,-73,1769899243,5,5
2026-01-31 14:42:45.849561,0x433acb14,13.17125,76.25,1.75,-95,1769899350,3,3
2026-01-31 14:43:50.189422,0x433af380,13.14625,67.5,6.25,-39,1769899414,3,3
2026-01-31 14:45:09.682523,0x433abf20,13.265,72.5,5.75,-76,1769899494,3,3
2026-01-31 14:45:59.348533,0x433b0b38,13.2375,62.5,5.5,-73,1769899544,5,5
2026-01-31 14:46:16.801067,0x433b0098,13.2025,131.25,6.5,-61,1769899561,2,2
2026-01-31 14:47:47.758718,0x433acb14,13.1675,75.0,2.5,-94,1769899652,3,3
2026-01-31 14:48:08.236978,0x433aad0c,13.26625,60.0,5.0,-89,1769899673,3,3
2026-01-31 14:50:11.627443,0x433abf20,13.265,77.5,5.5,-76,1769899796,3,3
2026-01-31 14:50:33.378862,0x433ad35c,13.195,77.5,6.25,-53,1769899818,3,3
2026-01-31 14:51:01.332445,0x433b0b38,13.23875,65.0,5.75,-73,1769899846,5,5
2026-01-31 14:52:50.884609,0x433acb14,13.175,63.75,4.0,-92,1769899955,3,3
2026-01-31 14:55:10.335259,0x433abf20,13.24875,118.75,5.5,-76,1769900095,3,3
2026-01-31 14:56:02.834510,0x433b0b38,13.235,58.75,5.5,-73,1769900147,5,5
2026-01-31 14:56:17.897197,0x433b0098,13.2425,62.5,6.25,-60,1769900162,2,2
2026-01-31 14:58:08.533564,0x433acb14,13.175,65.0,5.5,-73,1769900273,3,2
2026-01-31 14:58:13.573032,0x433aad0c,13.26375,72.5,3.25,-91,1769900278,3,3
2026-01-31 15:00:11.491034,0x433abf20,13.26875,62.5,5.75,-76,1769900396,3,3
2026-01-31 15:00:34.990857,0x433ad35c,13.1975,61.25,7.0,-54,1769900419,3,3
2026-01-31 15:01:03.978566,0x433b0b38,13.235,72.5,5.75,-72,1769900448,5,5
2026-01-31 15:02:51.842003,0x433acb14,13.17625,65.0,3.5,-91,1769900556,3,3
2026-01-31 15:05:12.042024,0x433abf20,13.26875,62.5,5.5,-76,1769900696,3,3
2026-01-31 15:06:05.372489,0x433b0b38,13.2325,72.5,5.75,-72,1769900750,5,5
2026-01-31 15:06:20.317238,0x433b0098,13.2375,73.75,5.75,-60,1769900765,2,2
2026-01-30 18:04:58.300961,0x433ad35c,13.265,65.0,6.25,-53,1769825085,3,3
2026-01-30 18:05:24.200275,0x433b0b38,13.2525,70.0,5.75,-72,1769825111,5,5
2026-01-30 18:05:54.022033,0x433abf20,13.27375,58.75,5.5,-76,1769825140,3,3
2026-01-30 18:07:12.176951,0x433acb14,13.20125,66.25,3.5,-91,1769825219,3,3
2026-01-30 18:10:24.848115,0x433b0b38,13.25875,61.25,6.0,-73,1769825411,5,5
2026-01-30 18:10:55.096774,0x433abf20,13.2725,62.5,5.25,-76,1769825442,3,3
2026-01-30 18:12:13.435078,0x433acb14,13.19875,77.5,4.0,-90,1769825520,3,3
2026-01-30 18:12:31.338913,0x433b0098,13.24375,73.75,6.0,-61,1769825538,2,2
2026-01-30 18:12:39.718549,0x433aad0c,13.26875,75.0,5.25,-76,1769825546,3,3
2026-01-30 18:15:00.983539,0x433ad35c,13.265,66.25,5.75,-53,1769825687,3,3
2026-01-30 18:15:25.733428,0x433b0b38,13.25875,63.75,6.25,-72,1769825712,5,5
2026-01-30 18:17:14.700497,0x433acb14,13.2,66.25,4.25,-91,1769825821,3,3
2026-01-30 18:20:30.136401,0x433b0b38,13.2575,60.0,6.25,-72,1769826017,5,5
2026-01-30 18:20:57.129321,0x433abf20,13.2725,62.5,5.5,-76,1769826044,3,3
2026-01-30 18:22:17.766214,0x433acb14,13.2,66.25,4.25,-90,1769826124,3,3
2026-01-30 18:22:33.311517,0x433b0098,13.24875,72.5,6.25,-60,1769826140,2,2
2026-01-30 18:22:41.478064,0x433aad0c,13.2725,62.5,5.5,-77,1769826148,3,3
2026-01-30 18:25:02.051276,0x433ad35c,13.26125,62.5,5.75,-53,1769826288,3,3
2026-01-30 18:25:30.849517,0x433b0b38,13.25875,62.5,6.0,-72,1769826317,5,5
2026-01-30 18:25:58.649502,0x433abf20,13.27125,63.75,6.75,-74,1769826345,3,2
2026-01-30 18:27:19.031072,0x433acb14,13.2,66.25,4.5,-89,1769826425,3,3
2026-01-30 18:30:37.614022,0x433b0b38,13.25625,62.5,6.25,-72,1769826624,5,5
2026-01-30 18:30:58.274081,0x433abf20,13.2675,75.0,5.5,-76,1769826645,3,3
2026-01-30 18:32:19.456079,0x433acb14,13.195,72.5,3.5,-91,1769826726,3,3
2026-01-30 18:32:34.686162,0x433b0098,13.21375,120.0,5.75,-61,1769826741,2,2
2026-01-30 18:32:43.816883,0x433aad0c,13.26875,75.0,5.5,-76,1769826750,3,3
2026-01-30 18:35:04.588204,0x433ad35c,13.26,72.5,6.0,-54,1769826891,3,3
2026-01-30 18:35:40.000488,0x433b0b38,13.255,58.75,6.0,-72,1769826926,5,5
2026-01-30 18:35:58.339868,0x433abf20,13.27125,65.0,5.25,-76,1769826945,3,3
2026-01-30 18:37:21.770082,0x433acb14,13.19375,73.75,4.0,-90,1769827028,3,3
2026-01-30 18:40:34.392378,0x433b0b38,13.25375,58.75,5.75,-72,1769827221,5,5
2026-01-30 18:40:58.720276,0x433abf20,13.2675,75.0,6.0,-76,1769827245,3,3
2026-01-30 18:41:22.986983,0x433af380,13.19375,83.75,6.25,-38,1769827269,3,3
2026-01-30 18:42:22.544275,0x433acb14,13.19625,63.75,3.75,-89,1769827329,3,3
2026-01-30 18:42:39.664630,0x433b0098,13.25125,62.5,6.25,-60,1769827346,2,2
2026-01-30 18:42:48.182838,0x433aad0c,13.27,72.5,5.25,-76,1769827355,3,3
2026-01-30 18:45:07.117939,0x433ad35c,13.26,66.25,6.5,-53,1769827493,3,3
2026-01-30 18:45:34.076949,0x433b0b38,13.25625,63.75,6.0,-72,1769827520,5,5
2026-01-30 18:45:59.191157,0x433abf20,13.27125,65.0,5.25,-76,1769827546,3,3
2026-01-30 18:47:24.696819,0x433acb14,13.1975,61.25,3.25,-91,1769827631,3,3
2026-01-30 18:50:36.205335,0x433b0b38,13.25125,76.25,6.0,-72,1769827823,5,5
2026-01-30 18:51:00.063790,0x433abf20,13.27,61.25,5.5,-76,1769827846,3,3
2026-01-30 18:52:25.728564,0x433acb14,13.19625,62.5,3.5,-90,1769827932,3,3
2026-01-30 18:52:40.621479,0x433b0098,13.24375,67.5,6.0,-61,1769827947,2,2
2026-01-30 18:52:55.893392,0x433aad0c,13.2675,73.75,5.75,-76,1769827962,3,3
2026-01-30 18:55:10.441631,0x433ad35c,13.2575,63.75,6.25,-53,1769828097,3,3
2026-01-30 18:55:38.561376,0x433b0b38,13.25,68.75,6.0,-72,1769828125,5,5
2026-01-30 18:56:00.332713,0x433abf20,13.27125,66.25,5.75,-77,1769828147,3,3
2026-01-30 18:57:26.412052,0x433acb14,13.18625,73.75,4.25,-90,1769828233,3,3
2026-01-30 19:00:38.196513,0x433b0b38,13.2575,66.25,6.0,-73,1769828425,5,5
2026-01-30 19:01:02.074194,0x433abf20,13.27,62.5,5.75,-76,1769828448,3,3
2026-01-30 19:02:26.840350,0x433acb14,13.1925,76.25,4.5,-89,1769828533,3,3
2026-01-30 19:02:42.526715,0x433b0098,13.20875,130.0,6.0,-61,1769828549,2,2
2026-01-30 19:02:54.256106,0x433aad0c,13.2675,72.5,5.5,-76,1769828561,3,3
2026-01-30 07:07:28.762445,0x433b0b38,13.21875,73.75,5.5,-73,1769785636,5,5
2026-01-30 07:08:50.079197,0x433abf20,13.24125,75.0,6.0,-74,1769785718,3,3
2026-01-30 07:09:18.375615,0x433acb14,13.175,78.75,4.25,-85,1769785746,3,3
2026-01-30 07:09:40.715934,0x433aad0c,13.24125,63.75,5.25,-76,1769785768,3,3
2026-01-30 07:10:30.450055,0x433b0098,13.21125,62.5,6.0,-59,1769785818,2,2
2026-01-30 07:12:04.032760,0x433ad35c,13.235,60.0,6.25,-54,1769785912,3,3
2026-01-30 07:12:29.022627,0x433b0b38,13.2175,73.75,5.25,-73,1769785937,5,5
2026-01-30 07:13:47.837420,0x433abf20,13.245,65.0,6.0,-76,1769786015,3,3
2026-01-30 07:14:19.389365,0x433acb14,13.1775,62.5,5.0,-85,1769786047,3,3
2026-01-30 07:17:31.076706,0x433b0b38,13.21875,73.75,5.75,-74,1769786239,5,5
2026-01-30 07:18:48.748364,0x433abf20,13.2425,57.5,6.5,-75,1769786316,3,3
2026-01-30 07:19:21.460198,0x433acb14,13.17875,67.5,4.75,-84,1769786349,3,3
2026-01-30 07:19:42.647781,0x433aad0c,13.24,61.25,6.0,-77,1769786370,3,3
2026-01-30 07:20:34.540718,0x433b0098,13.21125,63.75,6.0,-61,1769786422,2,2
2026-01-30 07:22:07.597319,0x433ad35c,13.23375,76.25,7.0,-53,1769786515,3,3
2026-01-30 07:22:31.566834,0x433b0b38,13.2225,61.25,5.75,-73,1769786539,5,5
2026-01-30 07:24:22.644502,0x433acb14,13.1775,65.0,5.0,-85,1769786650,3,3
2026-01-30 07:27:32.828281,0x433b0b38,13.22125,75.0,5.75,-73,1769786840,5,5
2026-01-30 07:28:56.959746,0x433abf20,13.245,66.25,6.0,-76,1769786925,3,3
2026-01-30 07:29:23.188078,0x433acb14,13.1775,67.5,5.75,-86,1769786951,3,3
2026-01-30 07:29:47.918643,0x433aad0c,13.2375,65.0,6.25,-76,1769786976,3,3
2026-01-30 07:30:36.692511,0x433b0098,13.205,71.25,6.25,-59,1769787024,2,2
2026-01-30 07:32:08.772247,0x433ad35c,13.235,61.25,6.0,-54,1769787116,3,3
2026-01-30 07:32:34.103886,0x433b0b38,13.21375,86.25,5.75,-72,1769787142,5,5
2026-01-30 07:33:52.072422,0x433abf20,13.2425,66.25,5.75,-75,1769787220,3,3
2026-01-30 07:34:25.517601,0x433acb14,13.1775,65.0,5.5,-85,1769787253,3,3
2026-01-30 07:37:35.547627,0x433b0b38,13.2225,63.75,6.0,-71,1769787443,5,5
2026-01-30 07:38:53.741828,0x433abf20,13.24375,63.75,5.25,-76,1769787521,3,3
2026-01-30 07:39:26.293048,0x433acb14,13.1775,63.75,6.0,-87,1769787554,3,3
2026-01-30 07:39:48.558473,0x433aad0c,13.24,65.0,5.25,-76,1769787576,3,3
2026-01-30 07:39:58.191007,0x433af380,13.15625,72.5,6.5,-38,1769787586,3,3
2026-01-30 07:40:38.256001,0x433b0098,13.20625,73.75,6.25,-60,1769787626,2,2
2026-01-30 07:42:14.200805,0x433ad35c,13.23375,63.75,6.5,-54,1769787722,3,3
2026-01-30 07:42:37.538104,0x433b0b38,13.225,65.0,6.25,-72,1769787745,5,5
2026-01-30 07:43:53.699420,0x433abf20,13.24625,62.5,6.25,-76,1769787821,3,3
2026-01-30 07:44:26.965892,0x433acb14,13.17625,62.5,3.5,-87,1769787855,3,3
2026-01-30 07:47:39.820798,0x433b0b38,13.2175,75.0,5.75,-73,1769788047,5,5
2026-01-30 07:48:56.387241,0x433abf20,13.245,65.0,5.25,-77,1769788124,3,3
2026-01-30 07:49:28.228919,0x433acb14,13.1775,63.75,4.5,-88,1769788156,3,3
2026-01-30 07:49:50.112445,0x433aad0c,13.23625,76.25,6.0,-77,1769788178,3,3
2026-01-30 07:50:37.721101,0x433b0098,13.21,62.5,6.0,-60,1769788225,2,2
2026-01-30 07:52:14.776599,0x433ad35c,13.23,75.0,6.25,-54,1769788322,3,3
2026-01-30 07:52:41.539808,0x433b0b38,13.21375,87.5,6.25,-72,1769788349,5,5
2026-01-30 07:53:58.474437,0x433abf20,13.245,66.25,5.5,-76,1769788426,3,3
2026-01-30 07:54:29.491909,0x433acb14,13.1725,78.75,3.75,-87,1769788457,3,3
2026-01-30 07:57:42.867402,0x433b0b38,13.215,70.0,6.0,-72,1769788650,5,5
2026-01-30 07:58:57.935431,0x433abf20,13.24375,61.25,5.75,-76,1769788725,3,3
2026-01-30 07:59:32.024777,0x433acb14,13.17875,65.0,4.5,-89,1769788760,3,3
2026-01-30 07:59:54.078418,0x433aad0c,13.24,62.5,5.5,-77,1769788782,3,3
2026-01-30 08:00:40.140831,0x433b0098,13.20375,71.25,5.75,-61,1769788828,2,2
2026-01-30 08:02:18.059092,0x433ad35c,13.23625,65.0,6.5,-53,1769788926,3,3
2026-01-30 08:02:43.267896,0x433b0b38,13.2225,66.25,5.5,-73,1769788951,5,5
2026-01-30 08:03:58.485959,0x433abf20,13.245,65.0,6.25,-74,1769789026,3,3
2026-01-30 08:04:32.785215,0x433acb14,13.17625,65.0,4.75,-89,1769789060,3,3
2026-01-27 07:02:37.353057,0x433abf20,13.2525,67.5,5.25,-75,1769526152,3,3
2026-01-27 07:02:45.824953,0x433ad35c,13.2475,61.25,6.0,-55,1769526161,3,3
2026-01-27 07:03:31.052251,0x433b0b38,13.23375,63.75,5.75,-71,1769526206,5,5
2026-01-27 07:04:49.184108,0x433b0098,13.20875,75.0,7.0,-59,1769526284,2,2
2026-01-27 07:04:56.827747,0x433acb14,13.2525,75.0,5.0,-86,1769526292,3,3
2026-01-27 07:07:37.483256,0x433abf20,13.24875,72.5,5.75,-75,1769526452,3,3
2026-01-27 07:08:33.030315,0x433b0b38,13.23,67.5,5.5,-71,1769526508,5,5
2026-01-27 07:10:02.941628,0x433acb14,13.25375,65.0,5.25,-85,1769526598,3,3
2026-01-27 07:12:38.677293,0x433abf20,13.2525,62.5,6.25,-74,1769526753,3,3
2026-01-27 07:12:48.051740,0x433ad35c,13.25125,62.5,6.75,-56,1769526763,3,3
2026-01-27 07:13:33.360367,0x433b0b38,13.2325,62.5,5.75,-72,1769526808,5,5
2026-01-27 07:14:51.349755,0x433b0098,13.21375,63.75,7.0,-60,1769526886,2,2
2026-01-27 07:14:59.889647,0x433acb14,13.23125,131.25,4.75,-85,1769526895,3,3
2026-01-27 07:17:39.164195,0x433abf20,13.25125,61.25,5.5,-75,1769527054,3,3
2026-01-27 07:18:42.317526,0x433b0b38,13.235,61.25,5.75,-72,1769527117,5,5
2026-01-27 07:20:01.236633,0x433acb14,13.25125,71.25,4.5,-86,1769527196,3,3
2026-01-27 07:22:40.296738,0x433abf20,13.2525,65.0,7.0,-73,1769527355,3,3
2026-01-27 07:22:50.267608,0x433ad35c,13.2475,76.25,6.75,-54,1769527365,3,3
2026-01-27 07:23:38.233735,0x433b0b38,13.235,61.25,6.0,-72,1769527413,5,5
2026-01-27 07:24:53.209442,0x433b0098,13.20875,75.0,6.75,-60,1769527488,2,2
2026-01-27 07:25:01.702776,0x433acb14,13.25375,63.75,5.75,-86,1769527496,3,3
2026-01-27 07:27:44.038428,0x433abf20,13.24875,75.0,6.25,-74,1769527659,3,3
2026-01-27 07:28:37.917770,0x433b0b38,13.23375,62.5,5.5,-72,1769527713,5,5
2026-01-27 07:28:46.632777,0x433af380,13.18875,72.5,6.25,-39,1769527721,3,3
2026-01-27 07:30:03.787065,0x433acb14,13.25125,77.5,4.25,-85,1769527798,3,3
2026-01-27 07:32:43.434697,0x433abf20,13.25,76.25,6.0,-75,1769527958,3,3
2026-01-27 07:32:53.669754,0x433ad35c,13.24875,62.5,6.0,-55,1769527968,3,3
2026-01-27 07:33:40.233243,0x433b0b38,13.2325,62.5,5.75,-70,1769528015,5,5
2026-01-27 07:34:56.532001,0x433b0098,13.2125,63.75,6.5,-59,1769528091,2,2
2026-01-27 07:35:04.221477,0x433acb14,13.25,77.5,4.75,-86,1769528099,3,3
2026-01-27 07:37:47.543045,0x433abf20,13.2525,66.25,5.5,-76,1769528262,3,3
2026-01-27 07:38:41.615383,0x433b0b38,13.22875,71.25,6.0,-71,1769528316,5,5
2026-01-27 07:40:05.480984,0x433acb14,13.25375,66.25,5.0,-86,1769528400,3,3
2026-01-27 07:42:47.033427,0x433abf20,13.24875,91.25,5.75,-75,1769528562,3,3
2026-01-27 07:42:55.368118,0x433ad35c,13.24875,65.0,6.25,-55,1769528570,3,3
2026-01-27 07:43:43.405650,0x433b0b38,13.2325,57.5,6.0,-73,1769528618,5,5
2026-01-27 07:44:59.229328,0x433b0098,13.2075,71.25,6.0,-60,1769528694,2,2
2026-01-27 07:45:06.751566,0x433acb14,13.25625,66.25,6.25,-86,1769528701,3,3
2026-01-27 07:47:51.036496,0x433abf20,13.2475,73.75,6.0,-74,1769528866,3,3
2026-01-27 07:48:43.267921,0x433b0b38,13.235,63.75,6.0,-70,1769528918,5,5
2026-01-27 07:50:08.850043,0x433acb14,13.25375,65.0,5.25,-85,1769529003,3,3
2026-01-27 07:52:48.364616,0x433abf20,13.25,62.5,5.75,-75,1769529163,3,3
2026-01-27 07:52:59.360749,0x433ad35c,13.2475,62.5,6.25,-55,1769529174,3,3
2026-01-27 07:53:44.684580,0x433b0b38,13.23,71.25,6.0,-70,1769529219,5,5
2026-01-27 07:55:02.024876,0x433b0098,13.2125,68.75,7.25,-60,1769529297,2,2
2026-01-27 07:55:12.222939,0x433acb14,13.25375,61.25,5.75,-85,1769529307,3,3
2026-01-27 07:57:49.610805,0x433abf20,13.2325,125.0,6.0,-75,1769529464,3,3
2026-01-27 07:58:45.790744,0x433b0b38,13.2325,60.0,5.25,-70,1769529520,5,5
2026-01-27 08:00:11.605858,0x433acb14,13.22875,128.75,6.25,-86,1769529606,3,3
2026-01-27 17:01:11.609566,0x433b0b38,13.2575,72.5,5.75,-73,1769562065,5,5
2026-01-27 17:02:37.294391,0x433acb14,13.27625,72.5,3.0,-92,1769562151,3,3
2026-01-27 17:05:13.367371,0x433abf20,13.2775,73.75,6.0,-76,1769562307,3,3
2026-01-27 17:05:25.515630,0x433ad35c,13.28125,72.5,6.25,-53,1769562319,3,3
2026-01-27 17:06:11.938410,0x433b0b38,13.2625,62.5,6.25,-73,1769562366,5,5
2026-01-27 17:07:35.142902,0x433b0098,13.2525,60.0,6.0,-60,1769562449,2,2
2026-01-27 17:07:37.782426,0x433acb14,13.27875,65.0,1.75,-96,1769562452,3,3
2026-01-27 17:10:14.853999,0x433abf20,13.28,65.0,5.75,-75,1769562609,3,3
2026-01-27 17:11:11.932026,0x433b0b38,13.26625,63.75,5.5,-72,1769562666,5,5
2026-01-27 17:12:40.003679,0x433acb14,13.27625,72.5,3.0,-93,1769562754,3,3
2026-01-27 17:15:16.327160,0x433abf20,13.27625,75.0,5.25,-75,1769562910,3,3
2026-01-27 17:15:28.066160,0x433ad35c,13.28625,63.75,6.0,-53,1769562922,3,3
2026-01-27 17:16:16.093500,0x433b0b38,13.2625,62.5,5.25,-72,1769562970,5,5
2026-01-27 17:17:35.424444,0x433b0098,13.2525,60.0,7.25,-60,1769563049,2,2
2026-01-27 17:17:43.572765,0x433acb14,13.27875,62.5,3.75,-93,1769563057,3,3
2026-01-27 17:20:17.391104,0x433abf20,13.28125,61.25,5.75,-76,1769563211,3,3
2026-01-27 17:21:15.469911,0x433b0b38,13.26375,61.25,5.5,-72,1769563269,5,5
2026-01-27 17:22:42.931120,0x433acb14,13.27375,76.25,3.75,-92,1769563357,3,3
2026-01-27 17:25:18.517685,0x433abf20,13.28,65.0,5.5,-77,1769563512,3,3
2026-01-27 17:25:31.998720,0x433ad35c,13.28625,63.75,6.0,-53,1769563526,3,3
2026-01-27 17:26:16.383607,0x433b0b38,13.2575,70.0,5.25,-74,1769563570,5,5
2026-01-27 17:27:39.358305,0x433b0098,13.2525,62.5,5.5,-60,1769563653,2,2
2026-01-27 17:27:43.355125,0x433acb14,13.2775,62.5,3.0,-93,1769563657,3,3
2026-01-27 17:30:19.199337,0x433abf20,13.27625,75.0,5.5,-75,1769563813,3,3
2026-01-27 17:30:31.392502,0x433af380,13.215,70.0,6.25,-38,1769563825,3,3
2026-01-27 17:31:17.029605,0x433b0b38,13.26375,58.75,5.75,-73,1769563871,5,5
2026-01-27 17:32:45.881398,0x433acb14,13.27375,75.0,3.75,-91,1769563960,3,3
2026-01-27 17:35:22.429973,0x433abf20,13.28,63.75,5.5,-76,1769564116,3,3
2026-01-27 17:35:35.880099,0x433ad35c,13.28625,61.25,6.0,-53,1769564130,3,3
2026-01-27 17:36:18.292780,0x433b0b38,13.26125,61.25,5.5,-74,1769564172,5,5
2026-01-27 17:37:40.057236,0x433b0098,13.2475,73.75,6.25,-60,1769564254,2,2
2026-01-27 17:37:50.075115,0x433acb14,13.2775,63.75,3.5,-91,1769564264,3,3
2026-01-27 17:40:23.312767,0x433abf20,13.28125,63.75,5.5,-76,1769564417,3,3
2026-01-27 17:41:20.878854,0x433b0b38,13.2625,60.0,5.75,-74,1769564475,5,5
2026-01-27 17:42:51.357980,0x433acb14,13.2725,77.5,3.5,-87,1769564565,3,3
2026-01-27 17:45:37.891130,0x433ad35c,13.28625,63.75,6.0,-54,1769564732,3,3
2026-01-27 17:46:21.744461,0x433b0b38,13.2625,61.25,6.25,-72,1769564775,5,5
2026-01-27 17:47:44.001459,0x433b0098,13.2475,75.0,6.75,-60,1769564858,2,2
2026-01-27 17:47:50.765220,0x433acb14,13.2775,60.0,2.5,-94,1769564864,3,3
2026-01-27 17:50:24.859773,0x433abf20,13.27875,66.25,5.5,-76,1769565019,3,3
2026-01-27 17:51:22.824500,0x433b0b38,13.26375,61.25,6.0,-73,1769565076,5,5
2026-01-27 17:52:51.128529,0x433acb14,13.27375,75.0,3.5,-91,1769565165,3,3
2026-01-27 17:55:25.530804,0x433abf20,13.27625,75.0,5.75,-76,1769565319,3,3
2026-01-27 17:55:40.883850,0x433ad35c,13.28625,63.75,5.75,-53,1769565335,3,3
2026-01-27 17:56:24.203400,0x433b0b38,13.26125,61.25,5.5,-73,1769565378,5,5
2026-01-27 17:57:44.880290,0x433b0098,13.2525,62.5,6.5,-60,1769565459,2,2
2026-01-27 17:57:55.086331,0x433acb14,13.25375,131.25,4.0,-90,1769565469,3,3
2026-01-27 18:00:26.621625,0x433abf20,13.28,65.0,6.0,-76,1769565620,3,3
2026-01-29 10:03:36.162207,0x433acb14,13.2125,63.75,0.25,-97,1769709806,3,3
2026-01-29 10:04:01.298704,0x433aad0c,13.24125,66.25,5.0,-77,1769709831,3,3
2026-01-29 10:04:47.410681,0x433abf20,13.24625,65.0,5.5,-76,1769709877,3,3
2026-01-29 10:06:27.604656,0x433ad35c,13.24375,76.25,6.25,-53,1769709977,3,3
2026-01-29 10:06:43.368800,0x433b0098,13.21125,61.25,6.0,-60,1769709993,2,2
2026-01-29 10:06:50.450031,0x433b0b38,13.22,68.75,5.75,-73,1769710000,5,5
2026-01-29 10:08:38.490074,0x433acb14,13.2125,67.5,1.0,-95,1769710108,3,3
2026-01-29 10:09:47.836484,0x433abf20,13.24875,65.0,6.0,-77,1769710178,3,3
2026-01-29 10:11:56.286713,0x433b0b38,13.22125,76.25,5.5,-74,1769710306,5,5
2026-01-29 10:13:39.377154,0x433acb14,13.2125,65.0,3.75,-92,1769710409,3,3
2026-01-29 10:14:07.822954,0x433aad0c,13.2425,63.75,6.0,-77,1769710438,3,3
2026-01-29 10:14:48.527741,0x433abf20,13.235,73.75,5.75,-79,1769710478,3,3
2026-01-29 10:16:30.051535,0x433ad35c,13.24625,73.75,6.0,-53,1769710580,3,3
2026-01-29 10:16:44.299392,0x433b0098,13.205,71.25,6.75,-60,1769710594,2,2
2026-01-29 10:16:53.686057,0x433b0b38,13.22375,62.5,5.5,-74,1769710603,5,5
2026-01-29 10:18:41.065749,0x433acb14,13.21375,62.5,4.25,-91,1769710711,3,3
2026-01-29 10:19:48.419370,0x433abf20,13.245,77.5,6.5,-76,1769710778,3,3
2026-01-29 10:21:55.937648,0x433b0b38,13.22375,61.25,5.25,-74,1769710906,5,5
2026-01-29 10:23:42.609391,0x433acb14,13.21625,66.25,3.25,-93,1769711012,3,3
2026-01-29 10:24:08.449729,0x433aad0c,13.2425,60.0,6.0,-77,1769711038,3,3
2026-01-29 10:24:49.677214,0x433abf20,13.24625,63.75,5.5,-74,1769711079,3,3
2026-01-29 10:26:33.329433,0x433ad35c,13.25,66.25,6.5,-54,1769711183,3,3
2026-01-29 10:26:45.615428,0x433b0098,13.21375,58.75,6.0,-62,1769711195,2,2
2026-01-29 10:26:58.662867,0x433b0b38,13.22375,61.25,6.25,-73,1769711208,5,5
2026-01-29 10:28:42.068331,0x433acb14,13.21,75.0,3.0,-93,1769711312,3,3
2026-01-29 10:29:51.409837,0x433abf20,13.2475,66.25,6.5,-73,1769711381,3,3
2026-01-29 10:31:58.627882,0x433b0b38,13.225,60.0,6.0,-73,1769711508,5,5
2026-01-29 10:33:43.166260,0x433acb14,13.21375,61.25,3.0,-93,1769711613,3,3
2026-01-29 10:34:10.676863,0x433aad0c,13.2425,62.5,5.75,-77,1769711640,3,3
2026-01-29 10:34:52.005854,0x433abf20,13.2475,65.0,6.75,-74,1769711682,3,3
2026-01-29 10:36:36.264439,0x433ad35c,13.2475,73.75,6.0,-53,1769711786,3,3
2026-01-29 10:36:47.368594,0x433b0098,13.20875,73.75,5.75,-62,1769711797,2,2
2026-01-29 10:36:55.213754,0x433af380,13.155,82.5,6.25,-39,1769711805,3,3
2026-01-29 10:37:01.318309,0x433b0b38,13.225,60.0,5.25,-53,1769711811,5,4
2026-01-29 10:38:44.935237,0x433acb14,13.21625,65.0,2.5,-95,1769711915,3,3
2026-01-29 10:39:53.000043,0x433abf20,13.2475,61.25,6.0,-76,1769711983,3,3
2026-01-29 10:42:00.518230,0x433b0b38,13.225,65.0,6.0,-73,1769712110,5,5
2026-01-29 10:43:47.083818,0x433acb14,13.19375,130.0,3.75,-92,1769712217,3,3
2026-01-29 10:44:12.821888,0x433aad0c,13.23875,62.5,5.5,-77,1769712242,3,3
2026-01-29 10:44:55.260623,0x433abf20,13.25,65.0,5.75,-76,1769712285,3,3
2026-01-29 10:46:38.553190,0x433ad35c,13.25375,61.25,6.5,-54,1769712388,3,3
2026-01-29 10:46:53.444801,0x433b0098,13.22125,58.75,6.75,-62,1769712403,2,2
2026-01-29 10:47:05.339199,0x433b0b38,13.22125,76.25,6.0,-73,1769712415,5,5
2026-01-29 10:48:47.502922,0x433acb14,13.2175,63.75,3.5,-93,1769712517,3,3
2026-01-29 10:49:54.453551,0x433abf20,13.25,60.0,6.0,-75,1769712584,3,3
2026-01-29 10:52:04.752438,0x433b0b38,13.2225,73.75,6.0,-73,1769712714,5,5
2026-01-29 10:53:49.873518,0x433acb14,13.21375,78.75,4.0,-92,1769712820,3,3
2026-01-29 10:54:15.462577,0x433aad0c,13.23625,72.5,7.0,-80,1769712845,3,3
2026-01-29 10:54:55.307363,0x433abf20,13.24625,72.5,6.0,-75,1769712885,3,3
2026-01-29 10:56:41.177426,0x433ad35c,13.25375,66.25,6.25,-54,1769712991,3,3
2026-01-29 10:56:55.662600,0x433b0098,13.21625,73.75,6.0,-61,1769713005,2,2
2026-01-29 10:57:06.754200,0x433b0b38,13.225,60.0,6.25,-73,1769713016,5,5
2026-01-29 10:58:50.734371,0x433acb14,13.22,65.0,4.75,-87,1769713120,3,3
2026-01-29 10:59:56.506433,0x433abf20,13.24625,75.0,6.25,-75,1769713186,3,3
2026-01-29 11:02:07.630152,0x433b0b38,13.19875,123.75,5.5,-73,1769713317,5,5
2026-02-02 14:09:17.810959,0x433abf20,13.2425,77.5,5.75,-76,1770070137,3,3
2026-02-02 14:10:30.495404,0x433acb14,13.1425,63.75,1.5,-95,1770070210,3,3
2026-02-02 14:10:56.112719,0x433aad0c,13.25,60.0,4.0,-92,1770070235,3,3
2026-02-02 14:13:10.750458,0x433ad35c,13.1275,77.5,6.75,-53,1770070370,3,3
2026-02-02 14:13:44.215218,0x433b0b38,13.1175,66.25,6.0,-72,1770070403,5,5
2026-02-02 14:14:19.540931,0x433abf20,13.24625,63.75,5.75,-75,1770070439,3,3
2026-02-02 14:15:32.691018,0x433acb14,13.14125,65.0,3.25,-93,1770070512,3,3
2026-02-02 14:15:47.239930,0x433b0098,13.23875,61.25,6.0,-61,1770070527,2,2
2026-02-02 14:18:46.137631,0x433b0b38,13.12,61.25,6.0,-72,1770070705,5,5
2026-02-02 14:19:21.835628,0x433abf20,13.23875,85.0,5.5,-76,1770070741,3,3
2026-02-02 14:20:32.105203,0x433acb14,13.1375,77.5,1.25,-96,1770070811,3,3
2026-02-02 14:20:58.083895,0x433aad0c,13.25375,63.75,4.0,-93,1770070837,3,3
2026-02-02 14:23:11.542173,0x433ad35c,13.13,66.25,6.0,-53,1770070971,3,3
2026-02-02 14:23:47.948300,0x433b0b38,13.11375,73.75,6.0,-72,1770071007,5,5
2026-02-02 14:24:20.668382,0x433abf20,13.24375,65.0,5.5,-77,1770071040,3,3
2026-02-02 14:25:33.465444,0x433acb14,13.1375,76.25,3.25,-93,1770071113,3,3
2026-02-02 14:25:48.975757,0x433b0098,13.23125,73.75,6.25,-62,1770071128,2,2
2026-02-02 14:28:48.285028,0x433b0b38,13.12125,62.5,6.0,-72,1770071308,5,5
2026-02-02 14:29:25.765380,0x433abf20,13.24125,77.5,5.75,-76,1770071345,3,3
2026-02-02 14:30:35.261890,0x433acb14,13.145,65.0,4.25,-92,1770071415,3,3
2026-02-02 14:31:00.599200,0x433aad0c,13.25125,83.75,4.0,-92,1770071440,3,3
2026-02-02 14:33:16.987167,0x433ad35c,13.12875,60.0,7.5,-54,1770071576,3,3
2026-02-02 14:33:49.078733,0x433b0b38,13.11375,72.5,5.75,-74,1770071608,5,5
2026-02-02 14:34:24.554213,0x433abf20,13.24125,75.0,5.25,-76,1770071644,3,3
2026-02-02 14:35:36.445453,0x433acb14,13.1425,65.0,3.75,-93,1770071716,3,3
2026-02-02 14:35:52.485798,0x433b0098,13.23125,71.25,6.25,-61,1770071732,2,2
2026-02-02 14:38:51.247298,0x433b0b38,13.12125,63.75,5.25,-74,1770071910,5,5
2026-02-02 14:39:23.681183,0x433abf20,13.23875,90.0,5.25,-77,1770071943,3,3
2026-02-02 14:40:39.578117,0x433acb14,13.14375,63.75,3.0,-94,1770072019,3,3
2026-02-02 14:41:03.231463,0x433aad0c,13.2575,61.25,3.75,-91,1770072042,3,3
2026-02-02 14:43:17.985211,0x433ad35c,13.12625,77.5,6.75,-54,1770072177,3,3
2026-02-02 14:43:54.692939,0x433b0b38,13.1225,63.75,6.25,-72,1770072214,5,5
2026-02-02 14:44:25.178679,0x433abf20,13.24125,75.0,6.0,-76,1770072244,3,3
2026-02-02 14:45:38.390060,0x433acb14,13.1375,77.5,2.25,-95,1770072318,3,3
2026-02-02 14:45:56.652163,0x433b0098,13.24125,61.25,6.0,-61,1770072336,2,2
2026-02-02 14:48:53.119687,0x433b0b38,13.1225,66.25,6.25,-73,1770072512,5,5
2026-02-02 14:49:29.838774,0x433abf20,13.24625,65.0,5.5,-75,1770072549,3,3
2026-02-02 14:50:11.433779,0x433af380,13.0525,70.0,6.5,-38,1770072591,3,3
2026-02-02 14:50:41.362602,0x433acb14,13.145,62.5,2.75,-95,1770072621,3,3
2026-02-02 14:51:05.759419,0x433aad0c,13.25375,72.5,5.5,-90,1770072645,3,3
2026-02-02 14:53:19.657851,0x433ad35c,13.1275,77.5,7.0,-53,1770072779,3,3
2026-02-02 14:53:54.857779,0x433b0b38,13.11,77.5,5.75,-72,1770072814,5,5
2026-02-02 14:54:27.030202,0x433abf20,13.24625,65.0,5.75,-76,1770072846,3,3
2026-02-02 14:55:41.233842,0x433acb14,13.145,65.0,-2.25,-100,1770072920,3,3
2026-02-02 14:55:57.359499,0x433b0098,13.2425,61.25,6.5,-62,1770072937,2,2
2026-02-02 14:58:55.582309,0x433b0b38,13.11875,76.25,5.75,-72,1770073115,5,5
2026-02-02 14:59:28.378070,0x433abf20,13.2425,73.75,6.0,-75,1770073148,3,3
2026-02-02 15:00:42.197248,0x433acb14,13.145,65.0,2.25,-95,1770073221,3,3
2026-02-02 15:01:10.711735,0x433aad0c,13.26,58.75,4.0,-91,1770073250,3,3
2026-02-02 15:03:22.335947,0x433ad35c,13.13125,63.75,6.25,-54,1770073382,3,3
2026-02-02 15:03:56.102829,0x433b0b38,13.125,61.25,6.0,-72,1770073415,5,5
2026-02-02 15:04:28.691409,0x433abf20,13.24375,66.25,5.5,-76,1770073448,3,3
2026-02-02 15:05:45.061718,0x433acb14,13.145,63.75,-1.0,-99,1770073524,3,3
2026-02-02 15:05:59.718928,0x433b0098,13.24375,62.5,6.25,-61,1770073539,2,2
2026-02-02 15:08:58.234827,0x433b0b38,13.11875,75.0,5.5,-73,1770073717,5,5
2026-02-01 20:08:18.801452,0x433ad35c,13.1275,63.75,6.25,-53,1770005280,3,3
2026-02-01 20:08:51.755571,0x433b0b38,13.165,76.25,6.0,-73,1770005313,5,5
2026-02-01 20:10:39.045264,0x433acb14,13.14,67.5,4.75,-89,1770005420,3,3
2026-02-01 20:10:47.588032,0x433abf20,13.25625,71.25,5.5,-76,1770005429,3,3
2026-02-01 20:12:08.386635,0x433b0098,13.245,58.75,5.75,-61,1770005510,2,2
2026-02-01 20:13:53.142588,0x433b0b38,13.17125,62.5,5.75,-72,1770005614,5,5
2026-02-01 20:15:39.888907,0x433acb14,13.1375,76.25,5.25,-89,1770005721,3,3
2026-02-01 20:15:50.458020,0x433abf20,13.25875,63.75,6.0,-76,1770005732,3,3
2026-02-01 20:16:10.520868,0x433aad0c,13.26,71.25,5.5,-76,1770005752,3,3
2026-02-01 20:18:22.034328,0x433ad35c,13.125,62.5,6.0,-53,1770005883,3,3
2026-02-01 20:18:54.845766,0x433b0b38,13.1675,75.0,5.75,-71,1770005916,5,5
2026-02-01 20:20:40.485974,0x433acb14,13.14,65.0,5.25,-89,1770006022,3,3
2026-02-01 20:20:51.676029,0x433abf20,13.25625,76.25,5.75,-76,1770006033,3,3
2026-02-01 20:22:08.731696,0x433b0098,13.24625,63.75,6.0,-60,1770006110,2,2
2026-02-01 20:23:56.889051,0x433b0b38,13.17,60.0,5.75,-72,1770006218,5,5
2026-02-01 20:25:42.233082,0x433acb14,13.14,65.0,5.0,-88,1770006323,3,3
2026-02-01 20:25:49.913297,0x433abf20,13.2575,62.5,5.5,-76,1770006331,3,3
2026-02-01 20:26:12.596227,0x433aad0c,13.26,77.5,5.75,-75,1770006354,3,3
2026-02-01 20:28:24.118895,0x433ad35c,13.12125,77.5,7.5,-52,1770006485,3,3
2026-02-01 20:28:56.119291,0x433b0b38,13.1675,65.0,5.75,-72,1770006517,5,5
2026-02-01 20:30:44.345426,0x433acb14,13.14,66.25,4.25,-88,1770006625,3,3
2026-02-01 20:30:52.008078,0x433abf20,13.25875,62.5,5.5,-76,1770006633,3,3
2026-02-01 20:32:09.402303,0x433b0098,13.24625,62.5,6.0,-61,1770006711,2,2
2026-02-01 20:33:57.418565,0x433b0b38,13.1625,71.25,6.0,-72,1770006819,5,5
2026-02-01 20:35:46.508524,0x433acb14,13.1375,76.25,5.25,-89,1770006928,3,3
2026-02-01 20:35:54.722691,0x433abf20,13.25875,86.25,5.5,-75,1770006936,3,3
2026-02-01 20:36:11.510607,0x433aad0c,13.26375,62.5,5.25,-76,1770006953,3,3
2026-02-01 20:38:26.776329,0x433ad35c,13.1175,73.75,5.75,-53,1770007088,3,3
2026-02-01 20:38:59.137379,0x433b0b38,13.14125,118.75,6.5,-72,1770007120,5,5
2026-02-01 20:40:47.009172,0x433acb14,13.13875,65.0,4.75,-89,1770007228,3,3
2026-02-01 20:40:52.201313,0x433abf20,13.26,65.0,5.75,-76,1770007233,3,3
2026-02-01 20:42:10.978810,0x433b0098,13.245,62.5,6.0,-61,1770007312,2,2
2026-02-01 20:44:00.384146,0x433b0b38,13.165,62.5,5.75,-72,1770007421,5,5
2026-02-01 20:45:48.677674,0x433acb14,13.135,77.5,5.0,-88,1770007530,3,3
2026-02-01 20:45:56.219802,0x433abf20,13.25875,63.75,5.5,-76,1770007537,3,3
2026-02-01 20:46:15.865856,0x433aad0c,13.2625,65.0,5.25,-75,1770007557,3,3
2026-02-01 20:48:11.868894,0x433af380,13.05875,71.25,6.5,-38,1770007673,3,3
2026-02-01 20:48:29.582387,0x433ad35c,13.12,77.5,6.0,-52,1770007691,3,3
2026-02-01 20:49:02.588245,0x433b0b38,13.165,61.25,5.5,-72,1770007724,5,5
2026-02-01 20:50:49.337003,0x433acb14,13.13875,65.0,4.25,-88,1770007830,3,3
2026-02-01 20:51:07.272222,0x433abf20,13.25875,61.25,5.5,-76,1770007848,3,3
2026-02-01 20:52:13.256701,0x433b0098,13.24375,62.5,6.25,-60,1770007914,2,2
2026-02-01 20:54:05.390407,0x433b0b38,13.16625,65.0,6.25,-72,1770008026,5,5
2026-02-01 20:55:50.345264,0x433acb14,13.13625,68.75,4.75,-89,1770008131,3,3
2026-02-01 20:55:55.974714,0x433abf20,13.2525,76.25,5.75,-76,1770008137,3,3
2026-02-01 20:56:18.818862,0x433aad0c,13.25875,73.75,5.25,-76,1770008160,3,3
2026-02-01 20:58:33.150926,0x433ad35c,13.12125,66.25,6.0,-53,1770008294,3,3
2026-02-01 20:59:11.632910,0x433b0b38,13.16375,58.75,5.5,-72,1770008333,5,5
2026-02-01 21:00:50.965537,0x433acb14,13.1375,66.25,5.0,-88,1770008432,3,3
2026-02-01 21:00:56.868452,0x433abf20,13.2525,72.5,5.5,-75,1770008438,3,3
2026-02-01 21:02:14.583069,0x433b0098,13.24125,62.5,6.25,-60,1770008516,2,2
2026-02-01 21:04:07.024005,0x433b0b38,13.1575,73.75,5.75,-72,1770008628,5,5
2026-02-01 21:05:52.724540,0x433acb14,13.1375,65.0,4.5,-88,1770008734,3,3
2026-02-01 21:06:00.844310,0x433abf20,13.255,76.25,5.25,-76,1770008742,3,3
2026-02-01 21:06:21.426439,0x433aad0c,13.26125,65.0,5.5,-76,1770008762,3,3
2026-02-01 03:07:37.706635,0x433abf20,13.23875,76.25,6.0,-76,1769944041,3,3
2026-02-01 03:08:42.907467,0x433b0098,13.21375,73.75,6.75,-59,1769944106,2,2
2026-02-01 03:09:17.892847,0x433b0b38,13.17875,71.25,5.75,-71,1769944141,5,5
2026-02-01 03:11:06.442333,0x433acb14,13.12375,76.25,6.0,-86,1769944249,3,3
2026-02-01 03:11:29.831241,0x433aad0c,13.2375,75.0,5.25,-76,1769944273,3,3
2026-02-01 03:12:36.962763,0x433abf20,13.24,61.25,5.25,-77,1769944340,3,3
2026-02-01 03:13:49.422659,0x433ad35c,13.1175,72.5,6.5,-54,1769944412,3,3
2026-02-01 03:14:19.629940,0x433b0b38,13.1775,76.25,5.75,-70,1769944443,5,5
2026-02-01 03:16:08.596605,0x433acb14,13.12625,62.5,6.0,-86,1769944552,3,3
2026-02-01 03:17:36.641619,0x433abf20,13.24125,62.5,5.25,-76,1769944640,3,3
2026-02-01 03:18:43.868894,0x433b0098,13.21,73.75,6.75,-60,1769944707,2,2
2026-02-01 03:19:22.207922,0x433b0b38,13.1825,61.25,5.5,-71,1769944745,5,5
2026-02-01 03:21:09.587563,0x433acb14,13.1275,68.75,5.5,-87,1769944853,3,3
2026-02-01 03:21:33.511420,0x433aad0c,13.24125,58.75,5.5,-76,1769944876,3,3
2026-02-01 03:22:38.720446,0x433abf20,13.2375,76.25,5.25,-76,1769944942,3,3
2026-02-01 03:23:52.140443,0x433ad35c,13.11375,72.5,6.5,-54,1769945015,3,3
2026-02-01 03:24:22.829568,0x433b0b38,13.18125,66.25,6.5,-71,1769945046,5,5
2026-02-01 03:26:10.206314,0x433acb14,13.1225,71.25,5.5,-86,1769945153,3,3
2026-02-01 03:27:37.837924,0x433abf20,13.23875,75.0,5.5,-76,1769945241,3,3
2026-02-01 03:28:45.977303,0x433b0098,13.21625,65.0,6.75,-59,1769945309,2,2
2026-02-01 03:29:24.795530,0x433b0b38,13.1575,123.75,6.0,-72,1769945348,5,5
2026-02-01 03:31:11.469701,0x433acb14,13.125,62.5,6.25,-86,1769945454,3,3
2026-02-01 03:31:36.330060,0x433aad0c,13.24125,62.5,5.5,-76,1769945479,3,3
2026-02-01 03:32:39.152891,0x433abf20,13.235,87.5,5.25,-75,1769945542,3,3
2026-02-01 03:33:53.658762,0x433ad35c,13.11375,76.25,6.25,-55,1769945617,3,3
2026-02-01 03:34:24.512258,0x433b0b38,13.175,73.75,6.0,-71,1769945647,5,5
2026-02-01 03:36:16.480885,0x433acb14,13.12625,67.5,5.5,-86,1769945759,3,3
2026-02-01 03:37:40.481727,0x433abf20,13.24,65.0,5.5,-76,1769945843,3,3
2026-02-01 03:38:45.654680,0x433b0098,13.21375,62.5,6.25,-60,1769945909,2,2
2026-02-01 03:39:27.026322,0x433b0b38,13.175,70.0,6.0,-71,1769945950,5,5
2026-02-01 03:41:17.291213,0x433acb14,13.1175,76.25,5.0,-85,1769946060,3,3
2026-02-01 03:41:37.494060,0x433aad0c,13.24,65.0,5.25,-76,1769946080,3,3
2026-02-01 03:42:41.853401,0x433abf20,13.23125,73.75,5.75,-76,1769946145,3,3
2026-02-01 03:43:55.459236,0x433ad35c,13.115,78.75,6.5,-56,1769946218,3,3
2026-02-01 03:44:29.539807,0x433b0b38,13.18125,65.0,5.75,-72,1769946252,5,5
2026-02-01 03:45:35.172404,0x433af380,13.045,72.5,7.0,-38,1769946318,3,3
2026-02-01 03:46:16.456882,0x433acb14,13.12625,65.0,6.0,-86,1769946359,3,3
2026-02-01 03:47:42.403937,0x433abf20,13.2375,72.5,5.75,-76,1769946445,3,3
2026-02-01 03:48:48.621731,0x433b0098,13.215,62.5,6.5,-59,1769946512,2,2
2026-02-01 03:49:29.094535,0x433b0b38,13.1775,63.75,6.25,-70,1769946552,5,5
2026-02-01 03:51:16.854570,0x433acb14,13.12125,76.25,5.0,-86,1769946660,3,3
2026-02-01 03:51:40.414771,0x433aad0c,13.23875,61.25,6.0,-77,1769946683,3,3
2026-02-01 03:52:44.366980,0x433abf20,13.2375,76.25,5.5,-75,1769946747,3,3
2026-02-01 03:53:58.764168,0x433ad35c,13.115,78.75,6.75,-55,1769946822,3,3
2026-02-01 03:54:32.785860,0x433b0b38,13.18,57.5,5.75,-70,1769946856,5,5
2026-02-01 03:56:18.110101,0x433acb14,13.12375,65.0,4.75,-86,1769946961,3,3
2026-02-01 03:57:47.695275,0x433abf20,13.2175,122.5,6.0,-86,1769947051,3,2
2026-02-01 03:58:53.864127,0x433b0098,13.21,73.75,6.25,-60,1769947117,2,2
2026-02-01 03:59:32.012746,0x433b0b38,13.17375,73.75,6.25,-71,1769947155,5,5
2026-02-01 04:01:19.381585,0x433acb14,13.125,61.25,5.5,-86,1769947262,3,3
2026-02-01 04:01:45.318023,0x433aad0c,13.24125,63.75,5.75,-76,1769947288,3,3
2026-02-01 04:02:45.531506,0x433abf20,13.24,66.25,5.5,-76,1769947348,3,3
2026-02-01 04:04:02.021381,0x433ad35c,13.115,63.75,6.5,-54,1769947425,3,3
2026-02-01 04:04:33.043470,0x433b0b38,13.17375,76.25,6.75,-71,1769947456,5,5
2026-02-01 04:06:20.643537,0x433acb14,13.12375,62.5,5.75,-86,1769947564,3,3
2026-01-27 10:00:43.634920,0x433acb14,13.25375,75.0,1.75,-96,1769536838,3,3
2026-01-27 10:03:22.366627,0x433abf20,13.25,62.5,5.75,-76,1769536997,3,3
2026-01-27 10:03:33.528877,0x433ad35c,13.25125,76.25,6.25,-54,1769537008,3,3
2026-01-27 10:04:21.314309,0x433b0b38,13.22875,75.0,5.25,-74,1769537056,5,5
2026-01-27 10:05:35.806761,0x433b0098,13.21625,62.5,5.75,-61,1769537130,2,2
2026-01-27 10:05:46.935534,0x433acb14,13.26,66.25,0.75,-97,1769537141,3,3
2026-01-27 10:08:25.033842,0x433abf20,13.2475,75.0,5.75,-75,1769537299,3,3
2026-01-27 10:09:27.433435,0x433b0b38,13.2275,70.0,6.5,-73,1769537362,5,5
2026-01-27 10:10:46.319725,0x433acb14,13.26,63.75,3.25,-93,1769537441,3,3
2026-01-27 10:13:29.759860,0x433abf20,13.2425,98.75,5.75,-76,1769537604,3,3
2026-01-27 10:13:35.697683,0x433ad35c,13.25375,63.75,6.5,-53,1769537610,3,3
2026-01-27 10:14:24.241216,0x433b0b38,13.23,63.75,6.0,-73,1769537659,5,5
2026-01-27 10:15:39.507151,0x433b0098,13.21,73.75,7.0,-60,1769537734,2,2
2026-01-27 10:15:48.048171,0x433acb14,13.26125,66.25,0.5,-96,1769537742,3,3
2026-01-27 10:18:26.854351,0x433abf20,13.25125,61.25,5.75,-75,1769537901,3,3
2026-01-27 10:19:26.345697,0x433b0b38,13.2275,76.25,5.75,-73,1769537961,5,5
2026-01-27 10:20:47.910412,0x433acb14,13.2575,76.25,1.25,-95,1769538042,3,3
2026-01-27 10:23:30.354363,0x433abf20,13.25125,63.75,6.0,-74,1769538205,3,3
2026-01-27 10:23:38.005748,0x433ad35c,13.25375,72.5,6.0,-55,1769538212,3,3
2026-01-27 10:24:26.466642,0x433b0b38,13.22625,73.75,6.0,-73,1769538261,5,5
2026-01-27 10:25:43.140318,0x433b0098,13.21,75.0,6.0,-61,1769538338,2,2
2026-01-27 10:25:55.678556,0x433acb14,13.25875,72.5,3.25,-53,1769538350,3,2
2026-01-27 10:28:30.662980,0x433abf20,13.255,63.75,5.75,-75,1769538505,3,3
2026-01-27 10:29:18.635472,0x433af380,13.18125,72.5,6.0,-40,1769538553,3,3
2026-01-27 10:29:28.055055,0x433b0b38,13.22875,71.25,6.0,-73,1769538562,5,5
2026-01-27 10:30:54.930429,0x433acb14,13.2625,63.75,1.75,-96,1769538649,3,3
2026-01-27 10:33:33.714185,0x433abf20,13.2525,61.25,5.5,-75,1769538808,3,3
2026-01-27 10:33:41.421666,0x433ad35c,13.2575,63.75,6.25,-54,1769538816,3,3
2026-01-27 10:34:29.643260,0x433b0b38,13.22,95.0,6.25,-74,1769538864,5,5
2026-01-27 10:35:43.666258,0x433b0098,13.21125,75.0,5.75,-60,1769538938,2,2
2026-01-27 10:35:53.333001,0x433acb14,13.26125,75.0,2.25,-94,1769538948,3,3
2026-01-27 10:38:35.998335,0x433abf20,13.25,73.75,5.5,-76,1769539110,3,3
2026-01-27 10:39:32.133400,0x433b0b38,13.235,65.0,6.0,-74,1769539167,5,5
2026-01-27 10:40:53.338939,0x433acb14,13.2625,60.0,1.0,-97,1769539248,3,3
2026-01-27 10:43:37.656513,0x433abf20,13.255,63.75,5.25,-76,1769539412,3,3
2026-01-27 10:43:43.933742,0x433ad35c,13.26,61.25,6.25,-54,1769539418,3,3
2026-01-27 10:44:31.767609,0x433b0b38,13.20625,117.5,6.5,-74,1769539466,5,5
2026-01-27 10:45:46.522859,0x433b0098,13.21375,71.25,6.0,-62,1769539541,2,2
2026-01-27 10:45:54.599399,0x433acb14,13.26375,65.0,2.0,-95,1769539549,3,3
2026-01-27 10:48:38.663450,0x433abf20,13.235,125.0,4.0,-92,1769539713,3,2
2026-01-27 10:49:34.004002,0x433b0b38,13.2275,68.75,6.25,-73,1769539768,5,5
2026-01-27 10:50:58.876501,0x433acb14,13.26625,63.75,3.75,-92,1769539853,3,3
2026-01-27 10:53:39.148865,0x433abf20,13.255,66.25,5.5,-76,1769540013,3,3
2026-01-27 10:53:46.786627,0x433ad35c,13.2625,62.5,5.75,-53,1769540021,3,3
2026-01-27 10:54:33.925526,0x433b0b38,13.23375,58.75,6.0,-74,1769540068,5,5
2026-01-27 10:55:49.012726,0x433b0098,13.2175,73.75,5.75,-62,1769540143,2,2
2026-01-27 10:55:58.208011,0x433acb14,13.26375,68.75,2.0,-95,1769540153,3,3
2026-01-27 10:58:40.255130,0x433abf20,13.25625,61.25,5.75,-75,1769540315,3,3
2026-01-27 10:59:36.381431,0x433b0b38,13.2325,58.75,5.5,-73,1769540371,5,5
