datetime,fromNode,pm10Standard,pm25Standard,pm100Standard,pm10Environmental,pm25Environmental,pm100Environmental,rxSnr,rxRssi,rxTime,hopStart,hopLimit
2026-01-24 06:01:48.360931,0x433af380,16,25,25,16,25,25,6.75,-34,,3,3
2026-01-24 06:01:50.873612,0x433ad35c,12,19,20,12,19,20,5.75,-59,,3,3
2026-01-24 06:01:56.785932,0x433b0b38,7,10,10,7,10,10,6.0,-76,,5,5
2026-01-24 06:02:48.718309,0x433af380,19,27,28,19,27,28,6.25,-34,,3,3
2026-01-24 06:02:52.112369,0x433ad35c,12,18,19,12,18,19,6.25,-57,,3,3
2026-01-24 06:02:58.030414,0x433b0b38,9,11,17,9,11,17,5.25,-76,,5,5
2026-01-24 06:03:48.928750,0x433af380,18,28,29,18,28,29,7.5,-33,,3,3
2026-01-24 06:03:51.437189,0x433ad35c,13,19,19,13,19,19,5.75,-59,,3,3
2026-01-24 06:03:57.355362,0x433b0b38,12,16,16,12,16,16,5.75,-76,,5,5
2026-01-24 06:04:49.126904,0x433af380,17,25,25,17,25,25,6.75,-34,,3,3
2026-01-24 06:04:51.575613,0x433ad35c,11,16,17,11,16,17,6.0,-59,,3,3
2026-01-24 06:04:59.540984,0x433b0b38,8,12,14,8,12,14,5.5,-76,,5,5
2026-01-24 06:05:49.562998,0x433af380,15,22,22,15,22,22,5.75,-34,,3,3
2026-01-24 06:05:54.336681,0x433ad35c,13,17,22,13,17,22,6.0,-58,,3,3
2026-01-24 06:05:57.747017,0x433b0b38,7,12,12,7,12,12,5.75,-77,,5,5
2026-01-24 06:06:50.089439,0x433af380,18,25,29,18,25,29,7.25,-34,,3,3
2026-01-24 06:06:52.710677,0x433ad35c,11,18,23,11,18,23,5.75,-59,,3,3
2026-01-24 06:06:58.195386,0x433b0b38,11,13,13,11,13,13,5.5,-76,,5,5
2026-01-24 06:07:50.488583,0x433af380,18,28,29,18,28,29,7.5,-33,,3,3
2026-01-24 06:07:52.920385,0x433ad35c,14,22,27,14,22,27,5.75,-59,,3,3
2026-01-24 06:07:59.762328,0x433b0b38,9,10,11,9,10,11,5.75,-77,,5,5
2026-01-24 06:08:50.603707,0x433af380,19,27,28,19,27,28,6.5,-34,,3,3
2026-01-24 06:08:53.093980,0x433ad35c,10,13,13,10,13,13,5.75,-59,,3,3
2026-01-24 06:08:58.574877,0x433b0b38,11,21,24,11,21,24,5.75,-76,,5,5
2026-01-24 06:09:50.678875,0x433af380,18,25,26,18,25,26,6.75,-35,,3,3
2026-01-24 06:09:53.093275,0x433ad35c,14,22,23,14,22,23,6.75,-58,,3,3
2026-01-24 06:09:58.694174,0x433b0b38,9,19,19,9,19,19,5.25,-76,,5,5
2026-01-24 06:10:50.845734,0x433af380,17,22,25,17,22,25,7.25,-34,,3,3
2026-01-24 06:10:53.404658,0x433ad35c,11,15,15,11,15,15,5.75,-59,,3,3
2026-01-24 06:10:58.932613,0x433b0b38,10,14,14,10,14,14,5.5,-77,,5,5
2026-01-24 06:11:51.284310,0x433af380,15,25,25,15,25,25,6.0,-34,,3,3
2026-01-24 06:11:55.112094,0x433ad35c,11,18,20,11,18,20,6.0,-58,,3,3
2026-01-24 06:11:59.205921,0x433b0b38,8,12,12,8,12,12,5.5,-77,,5,5
2026-01-24 06:12:51.431499,0x433af380,17,22,23,17,22,23,7.5,-34,,3,3
2026-01-24 06:12:53.953925,0x433ad35c,10,14,16,10,14,16,5.75,-59,,3,3
2026-01-24 06:13:00.270023,0x433b0b38,9,15,16,9,15,16,6.25,-77,,5,5
2026-01-24 06:13:51.979232,0x433af380,18,28,28,18,28,28,6.0,-34,,3,3
2026-01-24 06:13:56.554693,0x433ad35c,11,16,16,11,16,16,6.75,-59,,3,3
2026-01-24 06:13:59.669432,0x433b0b38,8,13,16,8,13,16,5.5,-77,,5,5
2026-01-24 06:14:52.124512,0x433af380,15,25,25,15,25,25,7.25,-34,,3,3
2026-01-24 06:14:54.655818,0x433ad35c,9,16,18,9,16,18,6.0,-58,,3,3
2026-01-24 06:15:00.407475,0x433b0b38,8,15,19,8,15,19,5.75,-76,,5,5
2026-01-24 06:15:52.140999,0x433af380,16,23,24,16,23,24,7.5,-34,,3,3
2026-01-24 06:15:56.401018,0x433ad35c,12,16,17,12,16,17,5.75,-59,,3,3
2026-01-24 06:16:00.133092,0x433b0b38,12,21,22,12,21,22,5.5,-76,,5,5
2026-01-24 06:16:52.580343,0x433af380,16,23,24,16,23,24,6.75,-34,,3,3
2026-01-24 06:16:55.013113,0x433ad35c,10,17,19,10,17,19,5.75,-58,,3,3
2026-01-24 06:17:00.351864,0x433b0b38,11,21,24,11,21,24,5.25,-77,,5,5
2026-01-24 06:17:53.062617,0x433af380,19,26,27,19,26,27,6.75,-34,,3,3
2026-01-24 06:17:55.523467,0x433ad35c,10,15,16,10,15,16,6.0,-59,,3,3
2026-01-24 06:18:01.601152,0x433b0b38,8,14,16,8,14,16,5.75,-76,,5,5
2026-01-24 06:18:52.922568,0x433af380,17,27,29,17,27,29,6.75,-34,,3,3
2026-01-24 06:18:55.353850,0x433ad35c,10,17,19,10,17,19,5.25,-59,,3,3
2026-01-24 06:19:00.843749,0x433b0b38,11,15,15,11,15,15,6.0,-77,,5,5
2026-01-24 06:19:53.297444,0x433af380,19,26,27,19,26,27,7.5,-34,,3,3
2026-01-24 06:19:55.798557,0x433ad35c,10,17,20,10,17,20,5.75,-59,,3,3
2026-01-24 06:20:01.007959,0x433b0b38,11,14,15,11,14,15,6.0,-76,,5,5
2026-01-24 06:20:53.496509,0x433af380,16,23,23,16,23,23,7.0,-34,,3,3
2026-01-24 06:20:55.943981,0x433ad35c,11,17,19,11,17,19,5.75,-59,,3,3
2026-01-24 06:21:01.257470,0x433b0b38,10,13,16,10,13,16,5.25,-77,,5,5
2026-01-24 06:21:53.877089,0x433af380,16,21,22,16,21,22,7.75,-33,,3,3
2026-01-24 06:21:58.700351,0x433ad35c,11,19,21,11,19,21,5.75,-58,,3,3
2026-01-24 06:22:03.403607,0x433b0b38,8,15,16,8,15,16,5.0,-77,,5,5
2026-01-24 06:22:54.031038,0x433af380,17,26,28,17,26,28,8.25,-34,,3,3
2026-01-24 06:22:56.463657,0x433ad35c,11,17,17,11,17,17,5.75,-59,,3,3
2026-01-24 06:23:02.550333,0x433b0b38,11,15,15,11,15,15,5.75,-77,,5,5
2026-01-24 06:23:54.342836,0x433af380,16,27,29,16,27,29,7.25,-34,,3,3
2026-01-24 06:23:56.865450,0x433ad35c,9,12,14,9,12,14,6.0,-59,,3,3
2026-01-24 06:24:02.281919,0x433b0b38,10,18,21,10,18,21,6.0,-77,,5,5
2026-01-24 06:24:54.570076,0x433af380,17,25,27,17,25,27,7.0,-34,,3,3
2026-01-24 06:24:57.187199,0x433ad35c,12,17,18,12,17,18,6.0,-59,,3,3
2026-01-24 06:25:02.351067,0x433b0b38,8,14,14,8,14,14,5.25,-77,,5,5
2026-01-24 06:25:55.067538,0x433af380,15,23,24,15,23,24,7.5,-34,,3,3
2026-01-24 06:25:57.571433,0x433ad35c,8,14,15,8,14,15,6.25,-59,,3,3
2026-01-24 06:26:02.436160,0x433b0b38,8,11,12,8,11,12,5.5,-77,,5,5
2026-01-24 06:26:55.165989,0x433af380,16,25,26,16,25,26,7.5,-34,,3,3
2026-01-24 06:26:57.611007,0x433ad35c,9,13,13,9,13,13,5.75,-59,,3,3
2026-01-24 06:27:04.525943,0x433b0b38,8,11,11,8,11,11,5.75,-76,,5,5
2026-01-24 06:27:55.332668,0x433af380,17,25,25,17,25,25,6.0,-34,,3,3
2026-01-24 06:28:03.779037,0x433b0b38,11,19,19,11,19,19,5.5,-76,,5,5
2026-01-24 06:28:55.899056,0x433af380,16,29,31,16,29,31,7.5,-34,,3,3
2026-01-24 06:28:58.536175,0x433ad35c,12,20,22,12,20,22,6.0,-59,,3,3
2026-01-24 06:29:03.172604,0x433b0b38,8,14,15,8,14,15,5.5,-77,,5,5
2026-01-24 06:29:56.167721,0x433af380,17,27,27,17,27,27,7.0,-34,,3,3
2026-01-24 06:29:58.659013,0x433ad35c,11,14,14,11,14,14,5.75,-59,,3,3
2026-01-24 06:30:04.622108,0x433b0b38,8,13,13,8,13,13,5.25,-77,,5,5
2026-01-24 06:30:56.250638,0x433af380,18,23,24,18,23,24,7.25,-34,,3,3
2026-01-24 06:30:58.761357,0x433ad35c,11,13,17,11,13,17,6.0,-58,,3,3
2026-01-24 06:31:04.081151,0x433b0b38,8,14,17,8,14,17,5.25,-77,,5,5
2026-01-24 06:31:56.900533,0x433af380,16,24,24,16,24,24,7.0,-34,,3,3
2026-01-24 06:31:59.494381,0x433ad35c,11,17,18,11,17,18,5.5,-59,,3,3
2026-01-24 06:32:03.860069,0x433b0b38,8,12,16,8,12,16,5.75,-76,,5,5
2026-01-24 06:32:57.134740,0x433af380,18,26,27,18,26,27,6.25,-34,,3,3
2026-01-24 06:32:59.683986,0x433ad35c,11,13,15,11,13,15,6.0,-58,,3,3
2026-01-24 06:33:06.793660,0x433b0b38,10,21,26,10,21,26,5.25,-77,,5,5
2026-01-24 06:33:56.926134,0x433af380,18,25,25,18,25,25,7.5,-34,,3,3
2026-01-24 06:34:01.160551,0x433ad35c,10,18,19,10,18,19,5.75,-59,,3,3
2026-01-24 06:34:04.300033,0x433b0b38,9,11,11,9,11,11,5.25,-76,,5,5
2026-01-24 06:34:57.319780,0x433af380,17,25,25,17,25,25,7.75,-34,,3,3
2026-01-24 06:34:59.820560,0x433ad35c,11,19,20,11,19,20,5.75,-59,,3,3
2026-01-24 06:35:04.547040,0x433b0b38,9,19,24,9,19,24,5.25,-77,,5,5
2026-01-24 06:35:57.738460,0x433af380,17,25,28,17,25,28,7.5,-33,,3,3
2026-01-24 06:36:00.236278,0x433ad35c,11,15,15,11,15,15,6.0,-58,,3,3
2026-01-24 06:36:05.496758,0x433b0b38,10,13,13,10,13,13,5.5,-76,,5,5
2026-01-24 06:36:57.694511,0x433af380,14,23,25,14,23,25,6.5,-34,,3,3
2026-01-24 06:37:00.144022,0x433ad35c,11,16,17,11,16,17,6.25,-59,,3,3
2026-01-24 06:37:05.031426,0x433b0b38,9,10,10,9,10,10,5.25,-77,,5,5
2026-01-24 06:37:57.900080,0x433af380,16,26,27,16,26,27,6.25,-34,,3,3
2026-01-24 06:38:02.195241,0x433ad35c,11,16,17,11,16,17,6.0,-59,,3,3
2026-01-24 06:38:05.827386,0x433b0b38,10,12,13,10,12,13,5.0,-76,,5,5
2026-01-24 06:38:58.599234,0x433af380,18,58,109,18,45,76,6.75,-34,,3,3
2026-01-24 06:39:01.032690,0x433ad35c,10,14,16,10,14,16,5.75,-59,,3,3
2026-01-24 06:39:06.482378,0x433b0b38,10,14,14,10,14,14,5.0,-76,,5,5
2026-01-24 06:39:59.562377,0x433af380,16,20,22,16,20,22,6.25,-34,,3,3
2026-01-24 06:40:02.044903,0x433ad35c,11,16,16,11,16,16,6.0,-59,,3,3
2026-01-24 06:40:05.768954,0x433b0b38,7,11,11,7,11,11,5.25,-77,,5,5
2026-01-24 06:40:58.721323,0x433af380,16,20,21,16,20,21,7.0,-34,,3,3
2026-01-24 06:41:02.713657,0x433ad35c,9,12,12,9,12,12,5.75,-58,,3,3
2026-01-24 06:41:06.032960,0x433b0b38,9,16,19,9,16,19,5.5,-76,,5,5
2026-01-24 06:41:59.153692,0x433af380,16,26,27,16,26,27,6.0,-35,,3,3
2026-01-24 06:42:04.098503,0x433ad35c,12,16,17,12,16,17,6.25,-59,,3,3
2026-01-24 06:42:08.866886,0x433b0b38,6,10,12,6,10,12,5.5,-76,,5,5
2026-01-24 06:42:59.361450,0x433af380,17,26,26,17,26,26,6.25,-34,,3,3
2026-01-24 06:43:04.336813,0x433ad35c,11,15,17,11,15,17,6.0,-59,,3,3
2026-01-24 06:43:08.186199,0x433b0b38,8,17,19,8,17,19,5.5,-76,,5,5
2026-01-24 06:43:59.534457,0x433af380,18,26,27,18,26,27,7.5,-34,,3,3
2026-01-24 06:44:02.054239,0x433ad35c,10,13,14,10,13,14,5.75,-59,,3,3
2026-01-24 06:44:06.729580,0x433b0b38,8,10,11,8,10,11,5.5,-77,,5,5
2026-01-24 06:44:59.883778,0x433af380,16,24,25,16,24,25,7.5,-34,,3,3
2026-01-24 06:45:02.403817,0x433ad35c,12,14,16,12,14,16,5.75,-59,,3,3
2026-01-24 06:45:07.019585,0x433b0b38,9,11,11,9,11,11,5.25,-77,,5,5
2026-01-24 06:46:02.023094,0x433ad35c,9,12,14,9,12,14,5.5,-59,,3,3
2026-01-24 06:46:04.742070,0x433af380,16,23,23,16,23,23,7.25,-34,,3,3
2026-01-24 06:46:07.335515,0x433b0b38,8,14,17,8,14,17,6.5,-77,,5,5
2026-01-24 06:47:00.779049,0x433af380,16,21,21,16,21,21,7.5,-34,,3,3
2026-01-24 06:47:03.357244,0x433ad35c,13,20,20,13,20,20,6.0,-59,,3,3
2026-01-24 06:47:07.480928,0x433b0b38,8,13,14,8,13,14,6.0,-77,,5,5
2026-01-24 06:48:01.197012,0x433af380,17,22,22,17,22,22,5.75,-34,,3,3
2026-01-24 06:48:03.699874,0x433ad35c,11,15,16,11,15,16,6.25,-58,,3,3
2026-01-24 06:48:07.881434,0x433b0b38,8,10,10,8,10,10,6.0,-77,,5,5
2026-01-24 06:49:01.505136,0x433af380,19,27,28,19,27,28,7.75,-33,,3,3
2026-01-24 06:49:03.952684,0x433ad35c,9,18,19,9,18,19,6.0,-58,,3,3
2026-01-24 06:49:07.897410,0x433b0b38,12,18,18,12,18,18,5.25,-76,,5,5
2026-01-24 06:50:01.400648,0x433af380,15,21,24,15,21,24,5.5,-34,,3,3
2026-01-24 06:50:03.831466,0x433ad35c,12,17,18,12,17,18,6.75,-58,,3,3
2026-01-24 06:50:08.134630,0x433b0b38,10,20,22,10,20,22,5.5,-77,,5,5
2026-01-24 06:51:01.921338,0x433af380,15,22,28,15,22,28,6.5,-34,,3,3
2026-01-24 06:51:04.386766,0x433ad35c,11,17,17,11,17,17,6.0,-59,,3,3
2026-01-24 06:51:08.478882,0x433b0b38,8,18,18,8,18,18,5.5,-77,,5,5
2026-01-24 06:52:03.461779,0x433af380,16,25,27,16,25,27,7.75,-35,,3,3
2026-01-24 06:52:05.990964,0x433ad35c,11,16,17,11,16,17,5.75,-59,,3,3
2026-01-24 06:52:09.114388,0x433b0b38,9,11,11,9,11,11,5.5,-76,,5,5
2026-01-24 06:53:02.007346,0x433af380,17,24,24,17,24,24,7.0,-34,,3,3
2026-01-24 06:53:04.532879,0x433ad35c,8,15,16,8,15,16,6.75,-59,,3,3
2026-01-24 06:53:09.089275,0x433b0b38,13,18,19,13,18,19,5.75,-77,,5,5
2026-01-24 06:54:02.308664,0x433af380,16,26,28,16,26,28,6.25,-34,,3,3
2026-01-24 06:54:04.892486,0x433ad35c,10,13,14,10,13,14,6.0,-59,,3,3
2026-01-24 06:54:09.143563,0x433b0b38,8,11,14,8,11,14,5.75,-77,,5,5
2026-01-24 06:55:02.531494,0x433af380,17,23,24,17,23,24,7.0,-35,,3,3
2026-01-24 06:55:05.193394,0x433ad35c,12,15,15,12,15,15,5.75,-58,,3,3
2026-01-24 06:55:10.587479,0x433b0b38,8,13,13,8,13,13,5.5,-76,,5,5
2026-01-24 06:56:02.738376,0x433af380,17,26,27,17,26,27,7.0,-34,,3,3
2026-01-24 06:56:05.224690,0x433ad35c,10,16,16,10,16,16,5.75,-59,,3,3
2026-01-24 06:56:09.600251,0x433b0b38,8,15,16,8,15,16,5.5,-76,,5,5
2026-01-24 06:57:02.976959,0x433af380,14,22,22,14,22,22,6.25,-34,,3,3
2026-01-24 06:57:06.320157,0x433ad35c,12,15,17,12,15,17,6.25,-59,,3,3
2026-01-24 06:57:09.830893,0x433b0b38,6,10,12,6,10,12,5.75,-77,,5,5
2026-01-24 06:58:03.659612,0x433af380,17,24,24,17,24,24,7.0,-34,,3,3
2026-01-24 06:58:09.946594,0x433ad35c,11,17,18,11,17,18,6.0,-59,,3,3
2026-01-24 06:58:10.617639,0x433b0b38,7,11,13,7,11,13,5.5,-76,,5,5
2026-01-24 06:59:03.869223,0x433af380,16,23,24,16,23,24,7.5,-34,,3,3
2026-01-24 06:59:09.106794,0x433ad35c,9,12,14,9,12,14,6.25,-59,,3,3
2026-01-24 06:59:12.681385,0x433b0b38,9,15,15,9,15,15,5.5,-76,,5,5
2026-01-24 07:00:03.877657,0x433af380,14,22,24,14,22,24,6.0,-34,,3,3
2026-01-24 07:00:07.110201,0x433ad35c,11,14,15,11,14,15,6.25,-59,,3,3
2026-01-24 07:00:10.636580,0x433b0b38,8,13,19,8,13,19,5.25,-77,,5,5
2026-01-24 07:01:04.090120,0x433af380,15,21,21,15,21,21,7.25,-34,,3,3
2026-01-24 07:01:06.604156,0x433ad35c,9,12,13,9,12,13,7.25,-59,,3,3
2026-01-24 07:01:10.903570,0x433b0b38,9,12,18,9,12,18,6.25,-77,,5,5
2026-01-24 22:03:03.686048,0x433af380,7,8,8,7,8,8,6.75,-34,,3,3
2026-01-24 22:03:06.182940,0x433ad35c,4,5,5,4,5,5,6.0,-56,,3,3
2026-01-24 22:03:08.546256,0x433b0b38,3,5,5,3,5,5,5.75,-77,,5,5
2026-01-24 22:04:03.937398,0x433af380,5,7,7,5,7,7,7.0,-34,,3,3
2026-01-24 22:04:06.545116,0x433ad35c,3,4,5,3,4,5,6.5,-56,,3,3
2026-01-24 22:04:08.295944,0x433b0b38,2,3,3,2,3,3,5.25,-78,,5,5
2026-01-24 22:05:04.402072,0x433af380,4,5,5,4,5,5,6.75,-34,,3,3
2026-01-24 22:05:06.929970,0x433ad35c,5,6,7,5,6,7,6.25,-57,,3,3
2026-01-24 22:05:08.560229,0x433b0b38,4,4,4,4,4,4,5.5,-78,,5,5
2026-01-24 22:06:04.737635,0x433af380,6,7,7,6,7,7,6.75,-34,,3,3
2026-01-24 22:06:07.821509,0x433ad35c,3,4,4,3,4,4,6.0,-56,,3,3
2026-01-24 22:06:10.688414,0x433b0b38,3,3,3,3,3,3,5.5,-78,,5,5
2026-01-24 22:07:04.809426,0x433af380,5,6,6,5,6,6,6.75,-34,,3,3
2026-01-24 22:07:08.031337,0x433b0b38,2,2,2,2,2,2,5.5,-77,,5,5
2026-01-24 22:07:10.374587,0x433ad35c,3,3,3,3,3,3,5.75,-56,,3,3
2026-01-24 22:08:05.441124,0x433af380,4,4,5,4,4,5,7.25,-34,,3,3
2026-01-24 22:08:07.981783,0x433ad35c,5,5,5,5,5,5,5.75,-56,,3,3
2026-01-24 22:08:13.884187,0x433b0b38,2,2,2,2,2,2,6.0,-78,,5,5
2026-01-24 22:09:05.292611,0x433af380,5,6,7,5,6,7,6.75,-34,,3,3
2026-01-24 22:09:07.773111,0x433ad35c,4,4,4,4,4,4,5.75,-56,,3,3
2026-01-24 22:09:09.486725,0x433b0b38,2,2,2,2,2,2,5.75,-77,,5,5
2026-01-24 22:10:05.847585,0x433af380,6,7,7,6,7,7,5.75,-34,,3,3
2026-01-24 22:10:08.312158,0x433ad35c,6,6,6,6,6,6,5.75,-55,,3,3
2026-01-24 22:10:16.774710,0x433b0b38,1,1,1,1,1,1,5.25,-75,,5,4
2026-01-24 22:11:05.860237,0x433af380,4,4,4,4,4,4,6.75,-33,,3,3
2026-01-24 22:11:08.382959,0x433b0b38,3,3,3,3,3,3,5.5,-78,,5,5
2026-01-24 22:11:10.131391,0x433ad35c,5,5,5,5,5,5,6.5,-56,,3,3
2026-01-24 22:12:06.116413,0x433af380,5,5,5,5,5,5,7.5,-34,,3,3
2026-01-24 22:12:08.709555,0x433ad35c,3,3,4,3,3,4,6.25,-56,,3,3
2026-01-24 22:12:10.459896,0x433b0b38,5,7,8,5,7,8,5.5,-78,,5,5
2026-01-24 22:13:06.468649,0x433af380,5,6,6,5,6,6,6.5,-34,,3,3
2026-01-24 22:13:09.042934,0x433ad35c,3,4,4,3,4,4,6.25,-56,,3,3
2026-01-24 22:13:11.371638,0x433b0b38,3,4,4,3,4,4,5.5,-78,,5,5
2026-01-24 22:14:06.595402,0x433af380,6,7,8,6,7,8,7.0,-34,,3,3
2026-01-24 22:14:09.042459,0x433b0b38,4,6,7,4,6,7,5.25,-78,,5,5
2026-01-24 22:14:10.749378,0x433ad35c,3,3,3,3,3,3,5.75,-56,,3,3
2026-01-24 22:15:06.916636,0x433af380,6,7,8,6,7,8,5.75,-34,,3,3
2026-01-24 22:15:09.525738,0x433ad35c,4,5,7,4,5,7,5.5,-56,,3,3
2026-01-24 22:15:15.385680,0x433b0b38,3,4,4,3,4,4,5.25,-76,,5,4
2026-01-24 22:16:07.957360,0x433af380,6,7,7,6,7,7,5.75,-34,,3,3
2026-01-24 22:16:11.585850,0x433ad35c,3,3,4,3,3,4,6.5,-55,,3,3
2026-01-24 22:16:15.194031,0x433b0b38,2,3,3,2,3,3,6.25,-78,,5,5
2026-01-24 22:17:07.370992,0x433af380,7,8,8,7,8,8,7.0,-34,,3,3
2026-01-24 22:17:09.836463,0x433ad35c,4,4,4,4,4,4,5.5,-56,,3,3
2026-01-24 22:17:18.313720,0x433b0b38,1,2,4,1,2,4,5.25,-75,,5,4
2026-01-24 22:18:07.867362,0x433af380,6,6,6,6,6,6,6.0,-34,,3,3
2026-01-24 22:18:10.327867,0x433ad35c,4,5,5,4,5,5,6.0,-56,,3,3
2026-01-24 22:18:13.722742,0x433b0b38,2,3,3,2,3,3,5.25,-78,,5,5
2026-01-24 22:19:08.276340,0x433af380,4,4,4,4,4,4,6.75,-33,,3,3
2026-01-24 22:19:10.758185,0x433ad35c,4,5,6,4,5,6,5.5,-55,,3,3
2026-01-24 22:19:14.382252,0x433b0b38,2,3,5,2,3,5,5.25,-75,,5,4
2026-01-24 22:20:08.268227,0x433af380,6,7,7,6,7,7,6.25,-34,,3,3
2026-01-24 22:20:10.749486,0x433b0b38,2,3,3,2,3,3,5.75,-77,,5,5
2026-01-24 22:20:12.509664,0x433ad35c,4,4,4,4,4,4,5.75,-56,,3,3
2026-01-24 22:21:08.374363,0x433af380,4,5,5,4,5,5,7.25,-34,,3,3
2026-01-24 22:21:10.983713,0x433b0b38,2,2,2,2,2,2,5.5,-78,,5,5
2026-01-24 22:21:13.441440,0x433ad35c,3,3,4,3,3,4,6.0,-56,,3,3
2026-01-24 22:22:08.956073,0x433af380,6,6,6,6,6,6,6.75,-33,,3,3
2026-01-24 22:22:11.512119,0x433ad35c,3,3,3,3,3,3,5.5,-56,,3,3
2026-01-24 22:22:14.793393,0x433b0b38,2,2,2,2,2,2,5.5,-77,,5,5
2026-01-24 22:23:08.942060,0x433af380,6,7,7,6,7,7,6.0,-33,,3,3
2026-01-24 22:23:11.541869,0x433ad35c,5,6,6,5,6,6,5.5,-56,,3,3
2026-01-24 22:23:18.451201,0x433b0b38,2,2,2,2,2,2,5.0,-76,,5,4
2026-01-24 22:24:09.256729,0x433af380,5,6,6,5,6,6,5.75,-35,,3,3
2026-01-24 22:24:11.830593,0x433ad35c,3,3,3,3,3,3,6.0,-56,,3,3
2026-01-24 22:24:17.899427,0x433b0b38,2,2,2,2,2,2,5.25,-75,,5,4
2026-01-24 22:25:09.443879,0x433af380,5,6,7,5,6,7,6.75,-34,,3,3
2026-01-24 22:25:12.026268,0x433ad35c,2,3,3,2,3,3,5.75,-56,,3,3
2026-01-24 22:25:17.333169,0x433b0b38,3,4,4,3,4,4,5.5,-75,,5,4
2026-01-24 22:26:09.942495,0x433af380,6,7,7,6,7,7,6.75,-33,,3,3
2026-01-24 22:26:12.541649,0x433ad35c,6,6,6,6,6,6,5.75,-56,,3,3
2026-01-24 22:26:17.566149,0x433b0b38,2,3,5,2,3,5,5.75,-76,,5,4
2026-01-24 22:27:10.087539,0x433af380,6,7,8,6,7,8,6.75,-34,,3,3
2026-01-24 22:27:12.542424,0x433ad35c,3,3,3,3,3,3,6.0,-56,,3,3
2026-01-24 22:27:26.932853,0x433b0b38,4,4,4,4,4,4,5.75,-75,,5,4
2026-01-24 22:28:10.602013,0x433af380,5,5,5,5,5,5,6.25,-34,,3,3
2026-01-24 22:28:13.161022,0x433ad35c,3,4,4,3,4,4,6.0,-56,,3,3
2026-01-24 22:28:17.445036,0x433b0b38,2,2,12,2,2,12,5.5,-75,,5,4
2026-01-24 22:29:10.824793,0x433af380,6,7,8,6,7,8,7.0,-34,,3,3
2026-01-24 22:29:14.035190,0x433ad35c,4,4,4,4,4,4,6.25,-56,,3,3
2026-01-24 22:29:17.430948,0x433b0b38,4,5,5,4,5,5,5.5,-78,,5,5
2026-01-24 22:30:10.643623,0x433af380,5,5,6,5,5,6,6.5,-34,,3,3
2026-01-24 22:30:13.107947,0x433b0b38,3,3,3,3,3,3,5.5,-78,,5,5
2026-01-24 22:30:14.816444,0x433ad35c,5,5,5,5,5,5,6.25,-56,,3,3
2026-01-24 22:31:11.512577,0x433af380,7,8,9,7,8,9,5.5,-34,,3,3
2026-01-24 22:31:14.088653,0x433ad35c,5,5,5,5,5,5,7.0,-55,,3,3
2026-01-24 22:31:16.215577,0x433b0b38,3,4,4,3,4,4,5.25,-76,,5,4
2026-01-24 22:32:11.328028,0x433af380,6,7,8,6,7,8,6.5,-34,,3,3
2026-01-24 22:32:13.892106,0x433ad35c,4,5,5,4,5,5,6.0,-56,,3,3
2026-01-24 22:32:16.417162,0x433b0b38,3,3,5,3,3,5,5.5,-78,,5,5
2026-01-24 22:33:11.638326,0x433af380,4,5,5,4,5,5,6.5,-33,,3,3
2026-01-24 22:33:14.071727,0x433b0b38,2,3,3,2,3,3,5.5,-78,,5,5
2026-01-24 22:33:16.663372,0x433ad35c,4,4,5,4,4,5,5.75,-56,,3,3
2026-01-24 22:34:11.903057,0x433af380,6,7,8,6,7,8,5.75,-34,,3,3
2026-01-24 22:34:14.502465,0x433b0b38,3,3,5,3,3,5,5.25,-78,,5,5
2026-01-24 22:34:16.407059,0x433ad35c,3,3,4,3,3,4,6.25,-56,,3,3
2026-01-24 22:35:12.241614,0x433af380,3,4,4,3,4,4,7.0,-34,,3,3
2026-01-24 22:35:15.528955,0x433ad35c,4,5,5,4,5,5,6.0,-55,,3,3
2026-01-24 22:35:19.877149,0x433b0b38,1,1,1,1,1,1,5.25,-76,,5,4
2026-01-24 22:36:12.295212,0x433af380,5,6,6,5,6,6,7.25,-33,,3,3
2026-01-24 22:36:14.818228,0x433b0b38,2,2,3,2,2,3,5.5,-77,,5,5
2026-01-24 22:36:18.588242,0x433ad35c,3,4,4,3,4,4,6.25,-56,,3,3
2026-01-24 22:37:12.574421,0x433af380,5,6,6,5,6,6,7.0,-34,,3,3
2026-01-24 22:37:15.057637,0x433ad35c,3,3,3,3,3,3,6.5,-56,,3,3
2026-01-24 22:37:17.660086,0x433b0b38,1,2,2,1,2,2,5.75,-77,,5,5
2026-01-24 22:38:12.920497,0x433af380,8,9,9,8,9,9,7.75,-34,,3,3
2026-01-24 22:38:15.377690,0x433b0b38,3,3,3,3,3,3,5.5,-78,,5,5
2026-01-24 22:38:17.092435,0x433ad35c,3,3,3,3,3,3,6.25,-56,,3,3
2026-01-24 22:39:14.525210,0x433af380,4,6,6,4,6,6,6.5,-34,,3,3
2026-01-24 22:39:17.041744,0x433ad35c,3,3,5,3,3,5,5.75,-55,,3,3
2026-01-24 22:39:18.373065,0x433b0b38,2,3,3,2,3,3,5.75,-76,,5,4
2026-01-24 22:40:13.395635,0x433af380,6,6,7,6,6,7,5.75,-34,,3,3
2026-01-24 22:40:15.859268,0x433b0b38,1,1,3,1,1,3,5.25,-77,,5,5
2026-01-24 22:40:17.571113,0x433ad35c,3,4,4,3,4,4,5.75,-56,,3,3
2026-01-24 22:41:14.002631,0x433af380,5,7,7,5,7,7,6.0,-34,,3,3
2026-01-24 22:41:16.561373,0x433ad35c,4,5,5,4,5,5,6.5,-56,,3,3
2026-01-24 22:41:26.717719,0x433b0b38,3,3,3,3,3,3,5.75,-75,,5,4
2026-01-24 22:42:15.677315,0x433af380,6,7,7,6,7,7,6.75,-34,,3,3
2026-01-24 22:42:18.173055,0x433b0b38,2,2,4,2,2,4,5.75,-77,,5,5
2026-01-24 22:42:21.304294,0x433ad35c,4,4,4,4,4,4,5.75,-56,,3,3
2026-01-24 22:43:14.411116,0x433af380,5,6,6,5,6,6,6.25,-34,,3,3
2026-01-24 22:43:17.283950,0x433ad35c,3,3,3,3,3,3,6.5,-55,,3,3
2026-01-24 22:43:25.396781,0x433b0b38,2,2,2,2,2,2,5.75,-76,,5,4
2026-01-24 22:44:14.581972,0x433af380,7,7,7,7,7,7,7.0,-34,,3,3
2026-01-24 22:44:17.306361,0x433b0b38,2,2,4,2,2,4,5.5,-77,,5,5
2026-01-24 22:44:19.624279,0x433ad35c,3,4,4,3,4,4,6.75,-55,,3,3
2026-01-24 22:45:17.712086,0x433af380,5,7,8,5,7,8,6.5,-34,,3,3
2026-01-24 22:45:20.177548,0x433ad35c,2,3,4,2,3,4,6.75,-56,,3,3
2026-01-24 22:45:28.776532,0x433b0b38,2,3,5,2,3,5,5.75,-75,,5,4
2026-01-24 22:46:14.700525,0x433af380,6,7,8,6,7,8,7.25,-34,,3,3
2026-01-24 22:46:17.263833,0x433b0b38,3,3,5,3,3,5,5.5,-78,,5,5
2026-01-24 22:46:19.489950,0x433ad35c,3,3,5,3,3,5,6.5,-56,,3,3
2026-01-24 22:47:15.157065,0x433af380,5,6,6,5,6,6,5.75,-33,,3,3
2026-01-24 22:47:18.490995,0x433ad35c,4,4,4,4,4,4,6.0,-56,,3,3
2026-01-24 22:47:22.664476,0x433b0b38,5,5,5,5,5,5,5.5,-78,,5,5
2026-01-24 22:48:17.609438,0x433ad35c,3,4,4,3,4,4,5.75,-56,,3,3
2026-01-24 22:48:20.318620,0x433af380,6,7,8,6,7,8,6.5,-33,,3,3
2026-01-24 22:48:23.248569,0x433b0b38,3,4,5,3,4,5,5.25,-76,,5,4
2026-01-24 22:49:15.886284,0x433af380,6,8,8,6,8,8,6.5,-33,,3,3
2026-01-24 22:49:18.446555,0x433ad35c,3,4,4,3,4,4,5.5,-56,,3,3
2026-01-24 22:49:20.859832,0x433b0b38,1,1,1,1,1,1,5.25,-78,,5,5
2026-01-24 22:50:15.975265,0x433af380,6,6,6,6,6,6,5.75,-33,,3,3
2026-01-24 22:50:18.499180,0x433ad35c,5,5,5,5,5,5,6.25,-56,,3,3
2026-01-24 22:50:20.156430,0x433b0b38,2,3,3,2,3,3,6.0,-78,,5,5
2026-01-24 22:51:17.772923,0x433af380,6,8,8,6,8,8,6.5,-34,,3,3
2026-01-24 22:51:20.342116,0x433ad35c,4,4,4,4,4,4,5.5,-56,,3,3
2026-01-24 22:51:22.814668,0x433b0b38,2,3,4,2,3,4,5.75,-77,,5,5
2026-01-24 22:52:16.926202,0x433af380,6,7,7,6,7,7,7.5,-34,,3,3
2026-01-24 22:52:21.921389,0x433ad35c,4,5,7,4,5,7,5.75,-56,,3,3
2026-01-24 22:52:23.552870,0x433b0b38,3,3,5,3,3,5,5.75,-78,,5,5
2026-01-24 22:53:16.802563,0x433af380,7,8,9,7,8,9,7.5,-34,,3,3
2026-01-24 22:53:19.519983,0x433ad35c,4,4,5,4,4,5,6.5,-56,,3,3
2026-01-24 22:53:22.828038,0x433b0b38,2,4,4,2,4,4,5.75,-77,,5,5
2026-01-24 22:54:17.383448,0x433af380,6,7,9,6,7,9,6.75,-33,,3,3
2026-01-24 22:54:19.979624,0x433b0b38,2,2,2,2,2,2,5.25,-79,,5,5
2026-01-24 22:54:21.681703,0x433ad35c,3,3,3,3,3,3,6.0,-56,,3,3
2026-01-24 22:55:17.805248,0x433af380,6,7,8,6,7,8,7.0,-34,,3,3
2026-01-24 22:55:20.271043,0x433b0b38,2,2,2,2,2,2,5.25,-78,,5,5
2026-01-24 22:55:21.902396,0x433ad35c,3,4,4,3,4,4,5.75,-56,,3,3
2026-01-24 22:56:17.679223,0x433af380,7,8,8,7,8,8,7.0,-34,,3,3
2026-01-24 22:56:23.450706,0x433b0b38,2,2,2,2,2,2,5.5,-77,,5,5
2026-01-24 22:56:26.603781,0x433ad35c,3,4,5,3,4,5,5.75,-56,,3,3
2026-01-24 22:57:17.994933,0x433af380,4,6,6,4,6,6,6.75,-34,,3,3
2026-01-24 22:57:20.741424,0x433ad35c,4,4,4,4,4,4,6.0,-56,,3,3
2026-01-24 22:57:24.999394,0x433b0b38,1,1,1,1,1,1,5.5,-78,,5,5
2026-01-24 22:58:18.187774,0x433af380,6,6,7,6,6,7,6.0,-33,,3,3
2026-01-24 22:58:20.663617,0x433ad35c,3,4,5,3,4,5,5.75,-55,,3,3
2026-01-24 22:58:23.410461,0x433b0b38,4,5,7,4,5,7,5.5,-78,,5,5
2026-01-24 22:59:20.091205,0x433af380,6,7,7,6,7,7,6.0,-34,,3,3
2026-01-24 22:59:22.601372,0x433ad35c,3,3,3,3,3,3,6.0,-56,,3,3
2026-01-24 22:59:23.454775,0x433b0b38,2,3,3,2,3,3,5.5,-78,,5,5
2026-01-24 23:00:19.919244,0x433af380,7,7,8,7,7,8,7.25,-34,,3,3
2026-01-24 23:00:22.387898,0x433ad35c,3,3,3,3,3,3,5.5,-56,,3,3
2026-01-24 23:00:24.003467,0x433b0b38,2,3,3,2,3,3,5.5,-78,,5,5
2026-01-24 23:01:19.031672,0x433af380,7,8,8,7,8,8,7.5,-35,,3,3
2026-01-24 23:01:21.565829,0x433b0b38,2,3,3,2,3,3,5.5,-78,,5,5
2026-01-24 23:01:24.880688,0x433ad35c,3,3,3,3,3,3,5.25,-56,,3,3
2026-01-24 23:02:19.464317,0x433af380,5,6,6,5,6,6,7.0,-34,,3,3
2026-01-23 18:01:38.938420,0x433af380,23,37,37,22,34,37,7.0,-34,,3,3
2026-01-23 18:01:41.384207,0x433ad35c,16,31,36,16,30,36,6.0,-57,,3,3
2026-01-23 18:02:06.912613,0x433b0b38,18,33,37,18,32,37,5.75,-76,,5,5
2026-01-23 18:02:39.096438,0x433af380,16,31,31,16,30,31,7.0,-34,,3,3
2026-01-23 18:02:41.634722,0x433ad35c,18,30,39,18,29,39,5.75,-58,,3,3
2026-01-23 18:03:06.941802,0x433b0b38,16,27,38,16,27,38,5.75,-76,,5,5
2026-01-23 18:03:39.180985,0x433af380,26,41,46,23,36,45,6.75,-34,,3,3
2026-01-23 18:03:41.681468,0x433ad35c,18,31,34,18,30,34,6.75,-57,,3,3
2026-01-23 18:04:06.828494,0x433b0b38,15,28,34,15,28,34,5.5,-76,,5,5
2026-01-23 18:04:39.608969,0x433af380,28,42,44,24,37,44,5.75,-34,,3,3
2026-01-23 18:04:42.116840,0x433ad35c,18,28,31,18,28,31,6.0,-57,,3,3
2026-01-23 18:05:07.387866,0x433b0b38,14,28,33,14,28,33,5.75,-76,,5,5
2026-01-23 18:05:39.736080,0x433af380,25,35,38,23,33,38,6.25,-33,,3,3
2026-01-23 18:05:42.462959,0x433ad35c,17,26,30,17,26,30,6.75,-57,,3,3
2026-01-23 18:06:09.362965,0x433b0b38,17,27,29,17,27,29,5.5,-76,,5,5
2026-01-23 18:06:40.223597,0x433af380,25,42,45,23,37,45,6.25,-33,,3,3
2026-01-23 18:06:42.844894,0x433ad35c,16,25,29,16,25,29,6.25,-57,,3,3
2026-01-23 18:07:07.741925,0x433b0b38,18,28,30,18,28,30,5.5,-76,,5,5
2026-01-23 18:07:40.510995,0x433af380,26,38,39,23,35,39,6.75,-34,,3,3
2026-01-23 18:07:43.042364,0x433ad35c,19,28,33,19,28,33,6.0,-58,,3,3
2026-01-23 18:08:07.824905,0x433b0b38,12,21,21,12,21,21,5.5,-76,,5,5
2026-01-23 18:08:41.109111,0x433af380,25,36,37,23,33,37,7.25,-35,,3,3
2026-01-23 18:08:44.841975,0x433ad35c,21,29,31,20,29,31,5.75,-57,,3,3
2026-01-23 18:09:08.106404,0x433b0b38,18,29,31,18,29,31,5.5,-76,,5,5
2026-01-23 18:09:40.963654,0x433af380,22,34,36,21,32,36,7.25,-33,,3,3
2026-01-23 18:09:43.540266,0x433ad35c,19,34,37,19,32,37,6.0,-58,,3,3
2026-01-23 18:10:08.457462,0x433b0b38,14,26,36,14,26,36,5.5,-76,,5,5
2026-01-23 18:10:41.351919,0x433af380,19,26,26,19,26,26,7.5,-33,,3,3
2026-01-23 18:10:43.825631,0x433ad35c,19,38,43,19,34,43,5.75,-57,,3,3
2026-01-23 18:11:08.477507,0x433b0b38,18,31,31,18,30,31,5.5,-76,,5,5
2026-01-23 18:11:41.302773,0x433af380,23,35,37,22,33,37,5.5,-34,,3,3
2026-01-23 18:11:45.368984,0x433ad35c,19,34,36,19,32,36,6.5,-58,,3,3
2026-01-23 18:12:08.723323,0x433b0b38,13,26,33,13,26,33,5.5,-76,,5,5
2026-01-23 18:12:41.625198,0x433af380,21,32,33,20,31,33,6.75,-34,,3,3
2026-01-23 18:12:47.652327,0x433ad35c,18,33,35,18,32,35,6.75,-57,,3,3
2026-01-23 18:13:08.941485,0x433b0b38,17,23,27,17,23,27,5.5,-76,,5,5
2026-01-23 18:13:41.773213,0x433af380,23,32,33,22,31,33,7.0,-34,,3,3
2026-01-23 18:13:44.355228,0x433ad35c,16,33,37,16,31,37,6.25,-57,,3,3
2026-01-23 18:14:09.166671,0x433b0b38,18,30,30,18,30,30,5.25,-76,,5,5
2026-01-23 18:14:42.335586,0x433af380,23,32,33,22,31,33,7.25,-34,,3,3
2026-01-23 18:14:46.510099,0x433ad35c,18,28,34,18,28,34,6.0,-58,,3,3
2026-01-23 18:15:10.209041,0x433b0b38,16,26,32,16,26,32,5.5,-76,,5,5
2026-01-23 18:15:42.928334,0x433af380,21,28,30,20,28,30,6.25,-33,,3,3
2026-01-23 18:15:46.246789,0x433ad35c,20,32,35,20,31,35,6.5,-57,,3,3
2026-01-23 18:16:09.644703,0x433b0b38,14,23,26,14,23,26,5.5,-77,,5,5
2026-01-23 18:16:42.507854,0x433af380,23,32,34,22,31,34,7.0,-34,,3,3
2026-01-23 18:16:45.025796,0x433ad35c,16,29,29,16,29,29,6.0,-58,,3,3
2026-01-23 18:17:09.861007,0x433b0b38,18,40,61,18,36,55,5.5,-77,,5,5
2026-01-23 18:17:42.977798,0x433af380,22,33,33,21,31,33,5.75,-34,,3,3
2026-01-23 18:17:45.486693,0x433ad35c,17,30,37,17,30,37,6.25,-57,,3,3
2026-01-23 18:18:10.100552,0x433b0b38,26,57,75,23,44,62,5.25,-76,,5,5
2026-01-23 18:18:43.677921,0x433af380,19,25,26,19,25,26,7.75,-34,,3,3
2026-01-23 18:18:46.764558,0x433ad35c,18,30,33,18,30,33,6.5,-57,,3,3
2026-01-23 18:19:10.372483,0x433b0b38,15,25,28,15,25,28,5.0,-76,,5,5
2026-01-23 18:19:43.717791,0x433af380,17,25,27,17,25,27,6.0,-33,,3,3
2026-01-23 18:19:46.206594,0x433ad35c,18,27,30,18,27,30,6.0,-58,,3,3
2026-01-23 18:20:10.779305,0x433b0b38,19,30,31,19,30,31,5.5,-76,,5,5
2026-01-23 18:20:43.958160,0x433af380,18,25,25,18,25,25,6.5,-33,,3,3
2026-01-23 18:20:46.464471,0x433ad35c,16,26,28,16,26,28,6.0,-59,,3,3
2026-01-23 18:21:10.822472,0x433b0b38,15,22,25,15,22,25,5.5,-76,,5,5
2026-01-23 18:21:43.798504,0x433af380,21,30,31,20,30,31,7.0,-33,,3,3
2026-01-23 18:21:46.378598,0x433ad35c,15,23,25,15,23,25,5.75,-58,,3,3
2026-01-23 18:22:11.068371,0x433b0b38,15,35,43,15,32,43,5.75,-77,,5,5
2026-01-23 18:22:44.422230,0x433af380,18,25,27,18,25,27,6.5,-34,,3,3
2026-01-23 18:22:47.399827,0x433ad35c,16,29,37,16,29,37,6.5,-58,,3,3
2026-01-23 18:23:11.250747,0x433b0b38,15,26,33,15,26,33,5.25,-76,,5,5
2026-01-23 18:23:44.774852,0x433af380,21,30,31,20,29,31,6.0,-34,,3,3
2026-01-23 18:23:48.333820,0x433ad35c,17,26,28,17,26,28,5.5,-57,,3,3
2026-01-23 18:24:11.813702,0x433b0b38,15,23,26,15,23,26,4.75,-76,,5,5
2026-01-23 18:24:44.581133,0x433af380,21,32,33,20,31,33,7.5,-34,,3,3
2026-01-23 18:24:47.168477,0x433ad35c,16,26,28,16,26,28,5.5,-57,,3,3
2026-01-23 18:25:12.516683,0x433b0b38,18,27,30,18,27,30,5.0,-76,,5,5
2026-01-23 18:25:45.184286,0x433af380,18,25,26,18,25,26,7.25,-34,,3,3
2026-01-23 18:25:47.615652,0x433ad35c,17,29,29,17,29,29,6.0,-57,,3,3
2026-01-23 18:26:11.960588,0x433b0b38,16,21,23,16,21,23,5.5,-76,,5,5
2026-01-23 18:26:45.192735,0x433af380,17,22,22,17,22,22,7.0,-33,,3,3
2026-01-23 18:26:47.692862,0x433ad35c,18,24,33,18,24,33,6.0,-58,,3,3
2026-01-23 18:27:12.226179,0x433b0b38,17,27,34,17,27,34,5.5,-76,,5,5
2026-01-23 18:27:45.443879,0x433af380,21,33,34,20,32,34,5.5,-33,,3,3
2026-01-23 18:27:49.661087,0x433ad35c,18,32,45,18,31,44,6.0,-58,,3,3
2026-01-23 18:28:12.416001,0x433b0b38,12,19,21,12,19,21,5.5,-76,,5,5
2026-01-23 18:28:45.968468,0x433af380,25,44,52,23,38,49,6.5,-34,,3,3
2026-01-23 18:28:48.467377,0x433ad35c,19,34,48,19,32,47,5.5,-58,,3,3
2026-01-23 18:29:12.649143,0x433b0b38,14,21,29,14,21,29,5.25,-76,,5,5
2026-01-23 18:29:45.852254,0x433af380,28,40,40,24,36,40,5.75,-33,,3,3
2026-01-23 18:29:48.351409,0x433ad35c,19,31,34,19,30,34,5.75,-58,,3,3
2026-01-23 18:30:13.765743,0x433b0b38,16,25,27,16,25,27,5.5,-76,,5,5
2026-01-23 18:30:46.211900,0x433af380,29,46,57,25,39,52,6.25,-33,,3,3
2026-01-23 18:30:49.674070,0x433ad35c,17,24,32,17,24,32,6.75,-57,,3,3
2026-01-23 18:31:13.103896,0x433b0b38,15,22,22,15,22,22,5.5,-77,,5,5
2026-01-23 18:31:46.312974,0x433af380,26,42,45,23,37,44,6.5,-34,,3,3
2026-01-23 18:31:51.799506,0x433ad35c,15,25,26,15,25,26,6.75,-58,,3,3
2026-01-23 18:32:13.936646,0x433b0b38,16,24,25,16,24,25,5.5,-76,,5,5
2026-01-23 18:32:46.677750,0x433af380,24,39,42,22,35,42,7.25,-34,,3,3
2026-01-23 18:32:49.195583,0x433ad35c,18,30,36,18,30,36,5.75,-58,,3,3
2026-01-23 18:33:14.192701,0x433b0b38,13,24,28,13,24,28,5.0,-77,,5,5
2026-01-23 18:33:47.152503,0x433af380,27,38,44,24,35,44,5.75,-34,,3,3
2026-01-23 18:33:49.641658,0x433ad35c,15,22,24,15,22,24,7.0,-58,,3,3
2026-01-23 18:34:13.808075,0x433b0b38,17,25,28,17,25,28,5.25,-77,,5,5
2026-01-23 18:34:49.009281,0x433ad35c,18,26,28,18,26,28,6.0,-57,,3,3
2026-01-23 18:34:52.016879,0x433af380,25,36,40,23,33,40,6.0,-34,,3,3
2026-01-23 18:35:15.218002,0x433b0b38,13,24,26,13,24,26,5.5,-77,,5,5
2026-01-23 18:35:47.726565,0x433af380,23,38,40,22,35,40,7.5,-34,,3,3
2026-01-23 18:35:50.227468,0x433ad35c,18,32,37,18,31,37,6.0,-57,,3,3
2026-01-23 18:36:14.382723,0x433b0b38,13,23,27,13,23,27,5.75,-76,,5,5
2026-01-23 18:36:48.104879,0x433af380,22,34,35,21,32,35,7.5,-33,,3,3
2026-01-23 18:36:52.200129,0x433ad35c,17,27,29,17,27,29,6.5,-57,,3,3
2026-01-23 18:37:14.563260,0x433b0b38,16,28,31,16,28,31,5.5,-77,,5,5
2026-01-23 18:37:48.655322,0x433af380,25,36,36,23,33,36,7.5,-34,,3,3
2026-01-23 18:37:51.147271,0x433ad35c,17,25,29,17,25,29,6.25,-57,,3,3
2026-01-23 18:38:14.752364,0x433b0b38,12,18,22,12,18,22,6.0,-77,,5,5
2026-01-23 18:38:48.471254,0x433af380,24,34,34,22,32,34,6.0,-33,,3,3
2026-01-23 18:38:53.096379,0x433ad35c,16,26,29,16,26,29,6.25,-57,,3,3
2026-01-23 18:39:14.978480,0x433b0b38,15,26,32,15,26,32,5.25,-76,,5,5
2026-01-23 18:39:50.422851,0x433ad35c,13,24,30,13,24,30,5.5,-58,,3,3
2026-01-23 18:39:53.291580,0x433af380,21,29,33,20,29,33,5.75,-34,,3,3
2026-01-23 18:40:16.125149,0x433b0b38,14,23,24,14,23,24,5.25,-76,,5,5
2026-01-23 18:40:49.173511,0x433af380,25,36,38,22,33,38,6.25,-33,,3,3
2026-01-23 18:40:51.664334,0x433ad35c,18,27,33,18,27,33,6.25,-57,,3,3
2026-01-23 18:41:15.498804,0x433b0b38,14,20,20,14,20,20,5.75,-77,,5,5
2026-01-23 18:41:50.082519,0x433af380,26,35,37,23,33,37,7.5,-34,,3,3
2026-01-23 18:41:52.513588,0x433ad35c,19,28,31,19,28,31,6.0,-57,,3,3
2026-01-23 18:42:15.681707,0x433b0b38,14,21,23,14,21,23,5.25,-76,,5,5
2026-01-23 18:42:49.507109,0x433af380,24,34,35,22,32,35,7.5,-34,,3,3
2026-01-23 18:42:52.163575,0x433ad35c,18,25,33,18,25,33,6.0,-57,,3,3
2026-01-23 18:43:16.024031,0x433b0b38,13,20,21,13,20,21,5.75,-76,,5,5
2026-01-23 18:43:49.680286,0x433af380,23,35,37,21,32,37,7.5,-34,,3,3
2026-01-23 18:43:52.231935,0x433ad35c,16,25,27,16,25,27,5.75,-58,,3,3
2026-01-23 18:44:16.136414,0x433b0b38,12,20,20,12,20,20,5.75,-76,,5,5
2026-01-23 18:44:51.308385,0x433af380,24,36,38,22,33,38,7.25,-34,,3,3
2026-01-23 18:44:53.794698,0x433ad35c,16,21,23,16,21,23,5.5,-58,,3,3
2026-01-23 18:45:17.361078,0x433b0b38,17,24,25,17,24,25,5.75,-77,,5,5
2026-01-23 18:45:51.225393,0x433af380,24,36,37,22,33,37,7.5,-34,,3,3
2026-01-23 18:45:53.730543,0x433ad35c,15,24,25,15,24,25,6.5,-57,,3,3
2026-01-23 18:46:17.074275,0x433b0b38,15,27,32,15,27,32,5.5,-77,,5,5
2026-01-23 18:46:50.518338,0x433af380,22,33,33,21,31,33,6.25,-33,,3,3
2026-01-23 18:46:53.824956,0x433ad35c,16,30,31,16,29,31,6.0,-58,,3,3
2026-01-23 18:47:17.048215,0x433b0b38,12,21,23,12,21,23,5.75,-77,,5,5
2026-01-23 18:47:50.875992,0x433af380,21,29,30,20,29,30,6.25,-34,,3,3
2026-01-23 18:47:53.411262,0x433ad35c,16,25,26,16,25,26,6.75,-57,,3,3
2026-01-23 18:48:17.096849,0x433b0b38,14,28,30,14,28,30,5.0,-76,,5,5
2026-01-23 18:48:51.655880,0x433af380,22,32,33,21,31,33,5.75,-33,,3,3
2026-01-23 18:48:54.115550,0x433ad35c,16,26,30,16,26,30,5.75,-58,,3,3
2026-01-23 18:49:17.322324,0x433b0b38,19,33,38,19,32,38,5.25,-77,,5,5
2026-01-23 18:49:51.692630,0x433af380,22,30,31,21,29,31,6.75,-35,,3,3
2026-01-23 18:49:54.192352,0x433ad35c,16,24,29,16,24,29,6.0,-57,,3,3
2026-01-23 18:50:17.765393,0x433b0b38,17,29,37,17,29,37,5.25,-76,,5,5
2026-01-23 18:50:51.192170,0x433af380,21,29,29,20,29,29,6.25,-34,,3,3
2026-01-23 18:50:54.727596,0x433ad35c,13,23,25,13,23,25,5.5,-58,,3,3
2026-01-23 18:51:17.828127,0x433b0b38,14,20,20,14,20,20,5.75,-77,,5,5
2026-01-23 18:51:52.602890,0x433af380,22,31,32,21,30,32,7.25,-34,,3,3
2026-01-23 18:51:55.333743,0x433ad35c,16,25,25,16,25,25,6.25,-57,,3,3
2026-01-23 18:52:18.067034,0x433b0b38,13,18,21,13,18,21,5.5,-76,,5,5
2026-01-23 18:52:51.781398,0x433af380,21,29,32,20,29,32,7.25,-33,,3,3
2026-01-23 18:52:54.206256,0x433ad35c,16,25,30,16,25,30,6.25,-57,,3,3
2026-01-23 18:53:18.248717,0x433b0b38,15,23,27,15,23,27,5.5,-76,,5,5
2026-01-23 18:53:52.929732,0x433af380,21,35,36,20,32,36,7.0,-34,,3,3
2026-01-23 18:53:55.344039,0x433ad35c,15,23,29,15,23,29,6.25,-57,,3,3
2026-01-23 18:54:18.480495,0x433b0b38,13,25,27,13,25,27,5.25,-77,,5,5
2026-01-23 18:54:53.647966,0x433af380,24,38,39,22,35,39,6.25,-33,,3,3
2026-01-23 18:54:56.072386,0x433ad35c,16,24,28,16,24,28,6.0,-57,,3,3
2026-01-23 18:55:22.981489,0x433b0b38,15,24,25,15,24,25,5.5,-76,,5,5
2026-01-23 18:55:52.827091,0x433af380,24,32,32,22,31,32,7.25,-34,,3,3
2026-01-23 18:55:55.276874,0x433ad35c,12,18,21,12,18,21,6.25,-58,,3,3
2026-01-23 18:56:19.061421,0x433b0b38,11,18,26,11,18,26,5.0,-76,,5,5
2026-01-23 18:56:55.531975,0x433ad35c,16,28,29,16,28,29,6.25,-57,,3,3
2026-01-23 18:57:00.252883,0x433af380,25,37,38,23,34,38,6.75,-33,,3,3
2026-01-23 18:57:20.669052,0x433b0b38,13,22,26,13,22,26,5.5,-77,,5,5
2026-01-23 18:57:54.317155,0x433af380,22,34,36,21,32,36,6.25,-34,,3,3
2026-01-23 18:57:56.813538,0x433ad35c,18,25,28,18,25,28,5.75,-58,,3,3
2026-01-23 18:58:19.836692,0x433b0b38,14,22,26,14,22,26,5.0,-76,,5,5
2026-01-23 18:58:54.000553,0x433af380,22,33,34,21,32,34,7.5,-33,,3,3
2026-01-23 18:58:57.131422,0x433ad35c,13,22,25,13,22,25,6.25,-57,,3,3
2026-01-23 18:59:21.226567,0x433b0b38,14,22,26,14,22,26,6.0,-77,,5,5
2026-01-23 18:59:54.290618,0x433af380,24,40,43,22,36,43,7.0,-34,,3,3
2026-01-23 18:59:56.728403,0x433ad35c,15,20,21,15,20,21,5.75,-57,,3,3
2026-01-23 19:00:20.329644,0x433b0b38,16,22,27,16,22,27,5.5,-76,,5,5
2026-01-23 19:00:54.141379,0x433af380,24,40,42,22,35,42,6.75,-33,,3,3
2026-01-23 19:00:56.862467,0x433ad35c,14,23,24,14,23,24,6.25,-58,,3,3
2026-01-25 03:03:22.818247,0x433af380,2,2,2,2,2,2,6.75,-34,,3,3
2026-01-25 03:03:25.259270,0x433ad35c,1,1,2,1,1,2,5.25,-56,,3,3
2026-01-25 03:03:28.266719,0x433b0b38,1,2,2,1,2,2,5.75,-77,,5,5
2026-01-25 03:04:23.086948,0x433af380,2,2,3,2,2,3,6.25,-34,,3,3
2026-01-25 03:04:25.816554,0x433ad35c,2,3,4,2,3,4,5.75,-56,,3,3
2026-01-25 03:04:27.475478,0x433b0b38,,1,2,,1,2,6.0,-78,,5,5
2026-01-25 03:05:23.519254,0x433af380,2,3,3,2,3,3,6.5,-33,,3,3
2026-01-25 03:05:26.213481,0x433b0b38,1,1,3,1,1,3,5.75,-78,,5,5
2026-01-25 03:05:28.966274,0x433ad35c,,1,1,,1,1,6.0,-56,,3,3
2026-01-25 03:06:23.580586,0x433af380,1,2,2,1,2,2,6.75,-34,,3,3
2026-01-25 03:06:25.938167,0x433b0b38,,,,,,,5.75,-77,,5,5
2026-01-25 03:06:27.496687,0x433ad35c,1,1,1,1,1,1,6.25,-56,,3,3
2026-01-25 03:07:24.027352,0x433af380,2,2,2,2,2,2,6.75,-34,,3,3
2026-01-25 03:07:26.646316,0x433b0b38,1,1,1,1,1,1,6.25,-77,,5,5
2026-01-25 03:07:29.769419,0x433ad35c,1,1,1,1,1,1,6.25,-56,,3,3
2026-01-25 03:08:24.614907,0x433af380,1,1,1,1,1,1,7.5,-34,,3,3
2026-01-25 03:08:27.161987,0x433ad35c,2,2,2,2,2,2,5.75,-56,,3,3
2026-01-25 03:08:28.845452,0x433b0b38,,,2,,,2,5.75,-78,,5,5
2026-01-25 03:09:24.411050,0x433af380,1,2,2,1,2,2,7.25,-33,,3,3
2026-01-25 03:09:27.102659,0x433ad35c,1,1,1,1,1,1,6.0,-56,,3,3
2026-01-25 03:09:28.810819,0x433b0b38,2,2,2,2,2,2,6.0,-77,,5,5
2026-01-25 03:10:24.495322,0x433af380,1,1,1,1,1,1,6.75,-33,,3,3
2026-01-25 03:10:26.876468,0x433b0b38,,1,1,,1,1,5.75,-77,,5,5
2026-01-25 03:10:28.494128,0x433ad35c,1,1,1,1,1,1,6.0,-56,,3,3
2026-01-25 03:11:24.798420,0x433af380,3,5,5,3,5,5,6.75,-34,,3,3
2026-01-25 03:11:27.311333,0x433ad35c,2,2,2,2,2,2,5.5,-56,,3,3
2026-01-25 03:11:30.473851,0x433b0b38,,,,,,,6.0,-78,,5,5
2026-01-25 03:12:25.128261,0x433af380,,1,1,,1,1,7.0,-34,,3,3
2026-01-25 03:12:27.561356,0x433ad35c,1,1,1,1,1,1,6.0,-56,,3,3
2026-01-25 03:12:29.077720,0x433b0b38,,,,,,,5.5,-78,,5,5
2026-01-25 03:13:25.354278,0x433af380,3,3,3,3,3,3,7.0,-33,,3,3
2026-01-25 03:13:27.797946,0x433ad35c,2,2,3,2,2,3,5.25,-56,,3,3
2026-01-25 03:13:33.691762,0x433b0b38,2,2,3,2,2,3,5.25,-76,,5,4
2026-01-25 03:14:25.690479,0x433af380,3,3,5,3,3,5,6.5,-34,,3,3
2026-01-25 03:14:28.023040,0x433ad35c,,,1,,,1,6.0,-56,,3,3
2026-01-25 03:14:29.588855,0x433b0b38,,,,,,,5.75,-77,,5,5
2026-01-25 03:15:25.835750,0x433af380,7,8,8,7,8,8,7.5,-34,,3,3
2026-01-25 03:15:28.352229,0x433ad35c,1,2,2,1,2,2,5.75,-56,,3,3
2026-01-25 03:16:26.122315,0x433af380,4,5,5,4,5,5,7.0,-34,,3,3
2026-01-25 03:16:28.633459,0x433ad35c,2,2,3,2,2,3,6.0,-56,,3,3
2026-01-25 03:16:30.267299,0x433b0b38,,,,,,,5.75,-77,,5,5
2026-01-25 03:17:26.552527,0x433af380,2,2,2,2,2,2,5.75,-35,,3,3
2026-01-25 03:17:30.463071,0x433ad35c,2,2,2,2,2,2,6.25,-55,,3,3
2026-01-25 03:17:32.700041,0x433b0b38,1,1,1,1,1,1,5.75,-70,,5,4
2026-01-25 03:18:26.597158,0x433af380,2,3,3,2,3,3,6.75,-34,,3,3
2026-01-25 03:18:29.095559,0x433ad35c,2,2,4,2,2,4,5.75,-56,,3,3
2026-01-25 03:18:30.748663,0x433b0b38,,,,,,,5.25,-77,,5,5
2026-01-25 03:19:27.121874,0x433af380,3,3,3,3,3,3,7.0,-34,,3,3
2026-01-25 03:19:29.606355,0x433ad35c,1,1,1,1,1,1,5.75,-56,,3,3
2026-01-25 03:19:31.933440,0x433b0b38,1,1,1,1,1,1,6.25,-76,,5,5
2026-01-25 03:20:27.509906,0x433af380,3,3,3,3,3,3,5.5,-34,,3,3
2026-01-25 03:20:30.019396,0x433b0b38,1,1,1,1,1,1,6.0,-78,,5,5
2026-01-25 03:20:31.664621,0x433ad35c,2,2,3,2,2,3,6.25,-57,,3,3
2026-01-25 03:21:27.379576,0x433af380,2,3,3,2,3,3,6.0,-33,,3,3
2026-01-25 03:21:29.795458,0x433b0b38,1,1,1,1,1,1,6.0,-77,,5,5
2026-01-25 03:21:31.505571,0x433ad35c,3,4,4,3,4,4,6.5,-56,,3,3
2026-01-25 03:22:27.817557,0x433af380,3,4,4,3,4,4,7.75,-34,,3,3
2026-01-25 03:22:30.191611,0x433ad35c,,1,3,,1,3,6.0,-56,,3,3
2026-01-25 03:22:31.782491,0x433b0b38,1,1,1,1,1,1,5.0,-77,,5,5
2026-01-25 03:23:27.951621,0x433af380,2,3,3,2,3,3,7.0,-34,,3,3
2026-01-25 03:23:31.904405,0x433b0b38,1,1,1,1,1,1,5.5,-78,,5,5
2026-01-25 03:23:36.555298,0x433ad35c,1,1,1,1,1,1,6.0,-56,,3,3
2026-01-25 03:24:28.373635,0x433af380,2,3,3,2,3,3,6.5,-34,,3,3
2026-01-25 03:24:30.891552,0x433ad35c,1,1,1,1,1,1,5.75,-56,,3,3
2026-01-25 03:24:38.261062,0x433b0b38,1,1,1,1,1,1,5.5,-76,,5,4
2026-01-25 03:25:28.854559,0x433af380,3,3,3,3,3,3,5.5,-34,,3,3
2026-01-25 03:25:31.276614,0x433ad35c,2,2,2,2,2,2,6.5,-56,,3,3
2026-01-25 03:25:34.403954,0x433b0b38,,,,,,,6.25,-76,,5,5
2026-01-25 03:26:28.652613,0x433af380,2,2,3,2,2,3,7.75,-34,,3,3
2026-01-25 03:26:30.968271,0x433ad35c,,,,,,,6.25,-56,,3,3
2026-01-25 03:26:38.031287,0x433b0b38,,,,,,,5.5,-75,,5,4
2026-01-25 03:27:29.390202,0x433af380,2,3,3,2,3,3,6.75,-34,,3,3
2026-01-25 03:27:32.485389,0x433b0b38,,,,,,,5.75,-77,,5,5
2026-01-25 03:27:35.517372,0x433ad35c,1,2,2,1,2,2,6.25,-56,,3,3
2026-01-25 03:28:29.410090,0x433af380,1,2,2,1,2,2,7.5,-34,,3,3
2026-01-25 03:28:31.834528,0x433ad35c,1,1,1,1,1,1,5.75,-56,,3,3
2026-01-25 03:28:35.024534,0x433b0b38,1,1,1,1,1,1,6.25,-77,,5,5
2026-01-25 03:29:29.573667,0x433af380,1,1,1,1,1,1,6.75,-34,,3,3
2026-01-25 03:29:32.802416,0x433ad35c,1,1,1,1,1,1,5.75,-56,,3,3
2026-01-25 03:29:35.184918,0x433b0b38,1,1,1,1,1,1,5.75,-77,,5,5
2026-01-25 03:30:29.878371,0x433af380,2,3,3,2,3,3,7.25,-34,,3,3
2026-01-25 03:30:32.319190,0x433ad35c,1,1,2,1,1,2,6.25,-56,,3,3
2026-01-25 03:30:38.499679,0x433b0b38,2,2,3,2,2,3,5.25,-75,,5,4
2026-01-25 03:31:30.137549,0x433af380,1,1,1,1,1,1,7.25,-34,,3,3
2026-01-25 03:31:32.788491,0x433ad35c,1,2,2,1,2,2,6.0,-56,,3,3
2026-01-25 03:31:36.176334,0x433b0b38,2,2,4,2,2,4,5.5,-77,,5,5
2026-01-25 03:32:30.508231,0x433af380,3,3,3,3,3,3,7.0,-34,,3,3
2026-01-25 03:32:33.000870,0x433ad35c,2,2,2,2,2,2,6.0,-56,,3,3
2026-01-25 03:32:35.593495,0x433b0b38,2,2,2,2,2,2,5.75,-78,,5,5
2026-01-25 03:33:30.465162,0x433af380,1,2,2,1,2,2,7.25,-34,,3,3
2026-01-25 03:33:32.888291,0x433ad35c,2,2,3,2,2,3,5.75,-55,,3,3
2026-01-25 03:33:33.402965,0x433b0b38,,,,,,,5.25,-77,,5,5
2026-01-25 03:34:31.023935,0x433af380,2,2,2,2,2,2,6.0,-34,,3,3
2026-01-25 03:34:33.475521,0x433ad35c,2,2,3,2,2,3,5.75,-56,,3,3
2026-01-25 03:34:36.096251,0x433b0b38,1,1,1,1,1,1,5.5,-77,,5,5
2026-01-25 03:35:31.001534,0x433af380,2,3,3,2,3,3,7.0,-34,,3,3
2026-01-25 03:35:33.519842,0x433ad35c,1,1,2,1,1,2,5.5,-56,,3,3
2026-01-25 03:35:43.293590,0x433b0b38,4,6,6,4,6,6,5.75,-76,,5,4
2026-01-25 03:36:31.273210,0x433af380,2,2,2,2,2,2,7.25,-34,,3,3
2026-01-25 03:36:33.829042,0x433b0b38,2,2,2,2,2,2,6.25,-78,,5,5
2026-01-25 03:36:37.527678,0x433ad35c,1,1,1,1,1,1,5.75,-56,,3,3
2026-01-25 03:37:31.679393,0x433af380,2,2,2,2,2,2,6.0,-33,,3,3
2026-01-25 03:37:34.161073,0x433ad35c,1,1,1,1,1,1,6.5,-56,,3,3
2026-01-25 03:37:39.072355,0x433b0b38,1,1,3,1,1,3,5.75,-76,,5,4
2026-01-25 03:38:32.140838,0x433af380,1,1,1,1,1,1,7.25,-34,,3,3
2026-01-25 03:38:34.650266,0x433ad35c,1,2,2,1,2,2,6.0,-56,,3,3
2026-01-25 03:38:37.208258,0x433b0b38,1,1,1,1,1,1,5.75,-77,,5,5
2026-01-25 03:39:32.076189,0x433af380,1,2,2,1,2,2,7.25,-34,,3,3
2026-01-25 03:39:34.609779,0x433ad35c,1,2,2,1,2,2,6.0,-56,,3,3
2026-01-25 03:39:35.368597,0x433b0b38,1,1,1,1,1,1,6.0,-77,,5,5
2026-01-25 03:40:32.373962,0x433af380,2,2,2,2,2,2,6.0,-34,,3,3
2026-01-25 03:40:34.799069,0x433b0b38,,1,1,,1,1,6.0,-77,,5,5
2026-01-25 03:40:38.050163,0x433ad35c,1,1,1,1,1,1,6.0,-56,,3,3
2026-01-25 03:41:32.558621,0x433af380,3,3,3,3,3,3,6.75,-34,,3,3
2026-01-25 03:41:35.021116,0x433ad35c,1,1,1,1,1,1,6.0,-56,,3,3
2026-01-25 03:41:38.049546,0x433b0b38,1,1,1,1,1,1,5.5,-77,,5,5
2026-01-25 03:42:32.964289,0x433af380,2,2,2,2,2,2,7.0,-33,,3,3
2026-01-25 03:42:35.399348,0x433ad35c,1,1,1,1,1,1,6.0,-56,,3,3
2026-01-25 03:42:42.566227,0x433b0b38,1,1,1,1,1,1,5.75,-75,,5,4
2026-01-25 03:43:33.132383,0x433af380,1,1,2,1,1,2,5.75,-34,,3,3
2026-01-25 03:43:35.457086,0x433ad35c,,,,,,,6.0,-56,,3,3
2026-01-25 03:43:36.971467,0x433b0b38,,1,1,,1,1,6.25,-78,,5,5
2026-01-25 03:44:33.517791,0x433af380,3,3,3,3,3,3,7.5,-35,,3,3
2026-01-25 03:44:36.050354,0x433ad35c,1,1,1,1,1,1,6.0,-56,,3,3
2026-01-25 03:44:38.439248,0x433b0b38,,,,,,,5.75,-78,,5,5
2026-01-25 03:45:33.565676,0x433af380,3,3,3,3,3,3,6.0,-34,,3,3
2026-01-25 03:45:36.065390,0x433ad35c,1,1,2,1,1,2,6.25,-56,,3,3
2026-01-25 03:45:43.862863,0x433b0b38,,,,,,,5.25,-75,,5,4
2026-01-25 03:46:33.881927,0x433af380,2,2,3,2,2,3,6.0,-35,,3,3
2026-01-25 03:46:36.323770,0x433b0b38,1,1,1,1,1,1,5.25,-78,,5,5
2026-01-25 03:46:39.677453,0x433ad35c,1,1,1,1,1,1,6.0,-56,,3,3
2026-01-25 03:47:35.344350,0x433af380,1,1,1,1,1,1,6.75,-34,,3,3
2026-01-25 03:47:37.768485,0x433ad35c,1,1,2,1,1,2,6.25,-56,,3,3
2026-01-25 03:47:40.773973,0x433b0b38,1,1,1,1,1,1,5.5,-77,,5,5
2026-01-25 03:48:34.701274,0x433af380,2,2,2,2,2,2,6.25,-34,,3,3
2026-01-25 03:48:37.161382,0x433ad35c,1,1,2,1,1,2,6.0,-55,,3,3
2026-01-25 03:48:37.903441,0x433b0b38,,1,1,,1,1,5.5,-77,,5,5
2026-01-25 03:49:35.037878,0x433af380,2,2,2,2,2,2,6.0,-35,,3,3
2026-01-25 03:49:37.514299,0x433ad35c,1,1,1,1,1,1,5.75,-56,,3,3
2026-01-25 03:49:39.338702,0x433b0b38,1,1,1,1,1,1,5.75,-77,,5,5
2026-01-25 03:50:35.021928,0x433af380,2,3,3,2,3,3,6.0,-34,,3,3
2026-01-25 03:50:38.342659,0x433ad35c,1,1,1,1,1,1,6.25,-57,,3,3
2026-01-25 03:50:43.789156,0x433b0b38,1,1,1,1,1,1,5.5,-77,,5,4
2026-01-25 03:51:35.195359,0x433af380,1,1,2,1,1,2,7.0,-34,,3,3
2026-01-25 03:51:37.729465,0x433b0b38,1,2,2,1,2,2,6.0,-78,,5,5
2026-01-25 03:51:41.021004,0x433ad35c,1,1,1,1,1,1,5.75,-56,,3,3
2026-01-25 03:52:35.651371,0x433af380,1,1,1,1,1,1,5.75,-34,,3,3
2026-01-25 03:52:37.968054,0x433ad35c,,,,,,,6.0,-55,,3,3
2026-01-25 03:52:43.136664,0x433b0b38,,,1,,,1,6.0,-77,,5,5
2026-01-25 03:53:36.496853,0x433af380,2,2,3,2,2,3,7.5,-34,,3,3
2026-01-25 03:53:39.549113,0x433b0b38,1,1,1,1,1,1,6.25,-77,,5,5
2026-01-25 03:53:43.445367,0x433ad35c,,,1,,,1,6.25,-56,,3,3
2026-01-25 03:54:35.923570,0x433af380,2,2,3,2,2,3,7.25,-34,,3,3
2026-01-25 03:54:39.156514,0x433b0b38,1,2,5,1,2,5,5.0,-77,,5,5
2026-01-25 03:54:41.546181,0x433ad35c,1,1,1,1,1,1,5.5,-56,,3,3
2026-01-25 03:55:36.792278,0x433af380,2,3,3,2,3,3,7.5,-34,,3,3
2026-01-25 03:55:39.353220,0x433ad35c,1,1,1,1,1,1,6.0,-57,,3,3
2026-01-25 03:55:41.861195,0x433b0b38,1,1,1,1,1,1,5.75,-76,,5,5
2026-01-25 03:56:36.465339,0x433af380,2,2,2,2,2,2,6.5,-34,,3,3
2026-01-25 03:56:38.937144,0x433ad35c,1,1,2,1,1,2,6.25,-56,,3,3
2026-01-25 03:56:41.353671,0x433b0b38,,1,1,,1,1,6.0,-78,,5,5
2026-01-25 03:57:36.687602,0x433af380,2,3,3,2,3,3,6.0,-34,,3,3
2026-01-25 03:57:39.074324,0x433b0b38,,,,,,,6.5,-77,,5,5
2026-01-25 03:57:42.258416,0x433ad35c,1,1,2,1,1,2,5.75,-56,,3,3
2026-01-25 03:58:38.964393,0x433af380,3,4,4,3,4,4,7.75,-34,,3,3
2026-01-25 03:58:41.449291,0x433ad35c,1,1,1,1,1,1,6.25,-56,,3,3
2026-01-25 03:58:43.820623,0x433b0b38,1,2,2,1,2,2,6.0,-77,,5,5
2026-01-25 03:59:39.217256,0x433af380,1,1,1,1,1,1,7.5,-34,,3,3
2026-01-25 03:59:41.532204,0x433b0b38,,,,,,,6.25,-78,,5,5
2026-01-25 03:59:43.010155,0x433ad35c,,,,,,,6.25,-56,,3,3
2026-01-25 04:00:38.988979,0x433af380,2,2,2,2,2,2,5.75,-34,,3,3
2026-01-25 04:00:41.402589,0x433ad35c,1,1,1,1,1,1,6.0,-56,,3,3
2026-01-25 04:00:45.450680,0x433b0b38,,,,,,,5.75,-76,,5,4
2026-01-25 04:01:39.421311,0x433af380,1,1,1,1,1,1,6.25,-35,,3,3
2026-01-25 04:01:41.862797,0x433ad35c,1,1,1,1,1,1,6.25,-56,,3,3
2026-01-25 04:01:43.488619,0x433b0b38,,,,,,,6.25,-77,,5,5
2026-01-24 01:01:31.507805,0x433ad35c,14,20,23,14,20,23,6.5,-59,,3,3
2026-01-24 01:01:45.550000,0x433b0b38,10,19,21,10,19,21,6.0,-77,,5,5
2026-01-24 01:02:29.887290,0x433af380,20,28,28,20,28,28,7.75,-34,,3,3
2026-01-24 01:02:34.233917,0x433ad35c,13,17,17,13,17,17,5.75,-59,,3,3
2026-01-24 01:02:45.398207,0x433b0b38,9,11,12,9,11,12,5.75,-77,,5,5
2026-01-24 01:03:29.540277,0x433af380,20,26,28,20,26,28,7.0,-34,,3,3
2026-01-24 01:03:32.058255,0x433ad35c,13,15,16,13,15,16,6.0,-59,,3,3
2026-01-24 01:03:45.679674,0x433b0b38,13,20,20,13,20,20,5.5,-77,,5,5
2026-01-24 01:04:29.874449,0x433af380,19,27,28,19,27,28,7.5,-34,,3,3
2026-01-24 01:04:32.393116,0x433ad35c,15,22,23,15,22,23,5.75,-59,,3,3
2026-01-24 01:04:45.854048,0x433b0b38,11,16,16,11,16,16,5.5,-76,,5,5
2026-01-24 01:05:30.096894,0x433af380,20,30,30,20,30,30,6.75,-34,,3,3
2026-01-24 01:05:32.633102,0x433ad35c,13,16,18,13,16,18,5.75,-59,,3,3
2026-01-24 01:05:46.085496,0x433b0b38,9,14,14,9,14,14,6.5,-76,,5,5
2026-01-24 01:06:31.568196,0x433af380,19,24,26,19,24,26,7.5,-34,,3,3
2026-01-24 01:06:33.981537,0x433ad35c,13,16,17,13,16,17,5.5,-59,,3,3
2026-01-24 01:06:46.808882,0x433b0b38,8,14,14,8,14,14,5.5,-77,,5,5
2026-01-24 01:07:30.710205,0x433af380,20,25,25,20,25,25,7.5,-35,,3,3
2026-01-24 01:07:33.166505,0x433ad35c,13,19,20,13,19,20,6.0,-59,,3,3
2026-01-24 01:07:46.564537,0x433b0b38,11,16,18,11,16,18,5.5,-77,,5,5
2026-01-24 01:08:30.668402,0x433af380,22,28,29,21,28,29,6.75,-34,,3,3
2026-01-24 01:08:33.273635,0x433ad35c,12,17,19,12,17,19,5.75,-59,,3,3
2026-01-24 01:08:46.779985,0x433b0b38,10,13,13,10,13,13,6.0,-77,,5,5
2026-01-24 01:09:31.370304,0x433af380,17,23,24,17,23,24,7.5,-34,,3,3
2026-01-24 01:09:33.801711,0x433ad35c,11,16,17,11,16,17,5.75,-59,,3,3
2026-01-24 01:09:47.062615,0x433b0b38,10,21,22,10,21,22,5.75,-77,,5,5
2026-01-24 01:10:31.517596,0x433af380,19,24,25,19,24,25,7.25,-34,,3,3
2026-01-24 01:10:37.528844,0x433ad35c,13,17,18,13,17,18,6.75,-59,,3,3
2026-01-24 01:10:47.245133,0x433b0b38,14,19,21,14,19,21,5.75,-76,,5,5
2026-01-24 01:11:31.590399,0x433af380,22,30,31,21,30,31,7.25,-34,,3,3
2026-01-24 01:11:35.878499,0x433ad35c,11,13,14,11,13,14,6.0,-59,,3,3
2026-01-24 01:11:47.686718,0x433b0b38,13,16,16,13,16,16,5.75,-77,,5,5
2026-01-24 01:12:34.098861,0x433ad35c,13,16,16,13,16,16,5.5,-59,,3,3
2026-01-24 01:12:42.164426,0x433af380,20,28,29,20,28,29,7.75,-34,,3,3
2026-01-24 01:12:48.382305,0x433b0b38,12,13,13,12,13,13,6.25,-77,,5,5
2026-01-24 01:13:31.980898,0x433af380,19,27,28,19,27,28,7.25,-34,,3,3
2026-01-24 01:13:34.487247,0x433ad35c,12,16,19,12,16,19,5.5,-58,,3,3
2026-01-24 01:13:48.226782,0x433b0b38,13,19,22,13,19,22,6.25,-77,,5,5
2026-01-24 01:14:36.134079,0x433ad35c,12,16,17,12,16,17,6.0,-59,,3,3
2026-01-24 01:14:38.768295,0x433af380,21,27,28,20,27,28,6.0,-34,,3,3
2026-01-24 01:14:48.311723,0x433b0b38,10,13,13,10,13,13,5.75,-77,,5,5
2026-01-24 01:15:32.778218,0x433af380,22,29,32,21,29,32,7.0,-34,,3,3
2026-01-24 01:15:35.259421,0x433ad35c,12,21,23,12,21,23,6.0,-58,,3,3
2026-01-24 01:15:48.528789,0x433b0b38,11,19,19,11,19,19,5.75,-77,,5,5
2026-01-24 01:16:32.962962,0x433af380,23,31,31,21,30,31,7.25,-33,,3,3
2026-01-24 01:16:35.494097,0x433ad35c,12,20,22,12,20,22,6.0,-59,,3,3
2026-01-24 01:16:48.891186,0x433b0b38,8,14,16,8,14,16,6.0,-77,,5,5
2026-01-24 01:17:36.625324,0x433ad35c,13,18,18,13,18,18,6.0,-58,,3,3
2026-01-24 01:17:39.518186,0x433af380,21,26,26,20,26,26,5.75,-34,,3,3
2026-01-24 01:17:49.308951,0x433b0b38,11,16,16,11,16,16,6.0,-77,,5,5
2026-01-24 01:18:38.631825,0x433ad35c,12,19,20,12,19,20,6.0,-59,,3,3
2026-01-24 01:18:41.401780,0x433af380,18,25,25,18,25,25,6.75,-34,,3,3
2026-01-24 01:18:49.146621,0x433b0b38,10,14,14,10,14,14,5.25,-77,,5,5
2026-01-24 01:19:33.995915,0x433af380,19,29,31,19,29,31,6.25,-34,,3,3
2026-01-24 01:19:36.502330,0x433ad35c,12,18,21,12,18,21,6.0,-59,,3,3
2026-01-24 01:19:49.417243,0x433b0b38,11,15,15,11,15,15,6.0,-76,,5,5
2026-01-24 01:20:37.288240,0x433ad35c,10,14,14,10,14,14,6.0,-59,,3,3
2026-01-24 01:20:44.417696,0x433af380,18,25,25,18,25,25,6.0,-35,,3,3
2026-01-24 01:20:49.602184,0x433b0b38,9,12,12,9,12,12,6.25,-77,,5,5
2026-01-24 01:21:34.598253,0x433af380,17,22,22,17,22,22,7.5,-34,,3,3
2026-01-24 01:21:37.088464,0x433ad35c,13,16,18,13,16,18,6.25,-58,,3,3
2026-01-24 01:21:50.656191,0x433b0b38,8,12,14,8,12,14,5.75,-76,,5,5
2026-01-24 01:22:38.089856,0x433ad35c,11,13,13,11,13,13,6.0,-59,,3,3
2026-01-24 01:22:50.072451,0x433b0b38,9,16,17,9,16,17,6.25,-77,,5,5
2026-01-24 01:23:38.270910,0x433ad35c,12,16,18,12,16,18,5.75,-59,,3,3
2026-01-24 01:23:41.481713,0x433af380,19,29,30,19,29,30,6.5,-34,,3,3
2026-01-24 01:23:50.302634,0x433b0b38,8,12,14,8,12,14,6.0,-76,,5,5
2026-01-24 01:24:37.568006,0x433ad35c,12,15,15,12,15,15,5.75,-59,,3,3
2026-01-24 01:24:40.280061,0x433af380,18,24,24,18,24,24,7.0,-34,,3,3
2026-01-24 01:24:50.544150,0x433b0b38,14,16,18,14,16,18,5.75,-76,,5,5
2026-01-24 01:25:35.630861,0x433af380,21,28,28,20,28,28,5.75,-34,,3,3
2026-01-24 01:25:38.225490,0x433ad35c,12,18,19,12,18,19,5.75,-59,,3,3
2026-01-24 01:25:50.773931,0x433b0b38,11,17,18,11,17,18,6.0,-76,,5,5
2026-01-24 01:26:37.915604,0x433af380,19,26,27,19,26,27,7.0,-34,,3,3
2026-01-24 01:26:40.329583,0x433ad35c,9,14,14,9,14,14,6.0,-59,,3,3
2026-01-24 01:26:51.210338,0x433b0b38,11,13,16,11,13,16,5.75,-77,,5,5
2026-01-24 01:27:35.588202,0x433af380,22,30,31,21,30,31,6.5,-34,,3,3
2026-01-24 01:27:38.049593,0x433ad35c,10,14,19,10,14,19,6.0,-59,,3,3
2026-01-24 01:27:51.231078,0x433b0b38,12,17,19,12,17,19,6.25,-77,,5,5
2026-01-24 01:28:38.158621,0x433af380,19,27,28,19,27,28,7.5,-34,,3,3
2026-01-24 01:28:40.572859,0x433ad35c,13,18,20,13,18,20,6.0,-59,,3,3
2026-01-24 01:28:51.463677,0x433b0b38,10,16,17,10,16,17,5.75,-78,,5,5
2026-01-24 01:29:38.746765,0x433ad35c,13,17,18,13,17,18,5.75,-59,,3,3
2026-01-24 01:29:41.463716,0x433af380,18,25,26,18,25,26,6.0,-34,,3,3
2026-01-24 01:29:52.173189,0x433b0b38,10,15,16,10,15,16,5.75,-77,,5,5
2026-01-24 01:30:38.300430,0x433af380,18,26,27,18,26,27,6.75,-34,,3,3
2026-01-24 01:30:41.476560,0x433ad35c,12,15,15,12,15,15,5.75,-59,,3,3
2026-01-24 01:30:51.935550,0x433b0b38,11,19,20,11,19,20,5.75,-77,,5,5
2026-01-24 01:31:39.238906,0x433ad35c,13,16,17,13,16,17,7.25,-59,,3,3
2026-01-24 01:31:42.219509,0x433af380,18,25,25,18,25,25,7.5,-34,,3,3
2026-01-24 01:31:52.393817,0x433b0b38,10,16,16,10,16,16,5.75,-78,,5,5
2026-01-24 01:32:38.770435,0x433af380,21,30,30,20,30,30,8.25,-34,,3,3
2026-01-24 01:32:41.290478,0x433ad35c,12,17,19,12,17,19,5.75,-59,,3,3
2026-01-24 01:32:52.425980,0x433b0b38,8,12,14,8,12,14,5.25,-77,,5,5
2026-01-24 01:33:39.722467,0x433ad35c,13,17,17,13,17,17,6.0,-59,,3,3
2026-01-24 01:33:42.415598,0x433af380,16,23,23,16,23,23,6.25,-35,,3,3
2026-01-24 01:33:52.873320,0x433b0b38,10,12,14,10,12,14,6.25,-76,,5,5
2026-01-24 01:34:39.996220,0x433ad35c,12,14,14,12,14,14,5.75,-59,,3,3
2026-01-24 01:34:43.008311,0x433af380,17,22,23,17,22,23,7.0,-34,,3,3
2026-01-24 01:34:53.333401,0x433b0b38,8,11,11,8,11,11,6.5,-76,,5,5
2026-01-24 01:35:40.486566,0x433af380,22,31,31,21,30,31,5.75,-33,,3,3
2026-01-24 01:35:43.039679,0x433ad35c,14,18,19,14,18,19,6.0,-59,,3,3
2026-01-24 01:35:53.230378,0x433b0b38,9,11,11,9,11,11,5.25,-78,,5,5
2026-01-24 01:36:40.417262,0x433ad35c,12,17,17,12,17,17,5.5,-58,,3,3
2026-01-24 01:36:43.312467,0x433af380,21,28,29,20,28,29,6.0,-35,,3,3
2026-01-24 01:36:54.622339,0x433b0b38,10,14,15,10,14,15,6.0,-77,,5,5
2026-01-24 01:37:40.651336,0x433ad35c,12,16,18,12,16,18,6.5,-59,,3,3
2026-01-24 01:37:43.598104,0x433af380,20,28,29,20,28,29,6.5,-34,,3,3
2026-01-24 01:37:53.597278,0x433b0b38,10,13,13,10,13,13,6.25,-77,,5,5
2026-01-24 01:38:40.933425,0x433af380,24,35,35,22,33,35,6.25,-34,,3,3
2026-01-24 01:38:43.431942,0x433ad35c,14,22,22,14,22,22,6.0,-59,,3,3
2026-01-24 01:38:53.778694,0x433b0b38,7,11,16,7,11,16,5.75,-77,,5,5
2026-01-24 01:39:40.626826,0x433af380,22,34,35,21,32,35,7.0,-34,,3,3
2026-01-24 01:39:43.115875,0x433ad35c,14,18,21,14,18,21,5.0,-59,,3,3
2026-01-24 01:39:54.122606,0x433b0b38,11,14,16,11,14,16,5.5,-77,,5,5
2026-01-24 01:40:41.585082,0x433ad35c,13,18,19,13,18,19,6.0,-59,,3,3
2026-01-24 01:40:47.561872,0x433af380,23,33,34,22,32,34,7.25,-35,,3,3
2026-01-24 01:40:54.501781,0x433b0b38,11,20,22,11,20,22,6.0,-77,,5,5
2026-01-24 01:41:40.202621,0x433af380,22,31,32,21,30,32,7.25,-34,,3,3
2026-01-24 01:41:42.917954,0x433ad35c,15,21,23,15,21,23,6.25,-59,,3,3
2026-01-24 01:41:54.680211,0x433b0b38,12,16,16,12,16,16,6.0,-78,,5,5
2026-01-24 01:42:41.844036,0x433ad35c,15,19,22,15,19,22,6.25,-59,,3,3
2026-01-24 01:42:44.835646,0x433af380,25,37,38,22,34,38,7.5,-34,,3,3
2026-01-24 01:42:55.405274,0x433b0b38,15,20,20,15,20,20,5.25,-77,,5,5
2026-01-24 01:43:40.502837,0x433af380,25,35,35,22,32,35,6.75,-34,,3,3
2026-01-24 01:43:42.951414,0x433ad35c,12,16,17,12,16,17,6.5,-59,,3,3
2026-01-24 01:43:55.118166,0x433b0b38,13,22,22,13,22,22,6.0,-77,,5,5
2026-01-24 01:44:40.895304,0x433af380,20,28,29,20,28,29,7.5,-34,,3,3
2026-01-24 01:44:43.411366,0x433ad35c,14,18,20,14,18,20,6.0,-59,,3,3
2026-01-24 01:44:55.168435,0x433b0b38,9,13,15,9,13,15,6.5,-76,,5,5
2026-01-24 01:45:41.094528,0x433af380,19,27,30,19,27,30,5.75,-34,,3,3
2026-01-24 01:45:43.577547,0x433ad35c,16,19,19,16,19,19,6.0,-59,,3,3
2026-01-24 01:45:55.393870,0x433b0b38,9,14,14,9,14,14,6.25,-77,,5,5
2026-01-24 01:46:41.938861,0x433af380,21,26,26,20,26,26,7.25,-34,,3,3
2026-01-24 01:46:44.483450,0x433ad35c,13,17,18,13,17,18,6.25,-59,,3,3
2026-01-24 01:46:55.835587,0x433b0b38,11,17,18,11,17,18,5.75,-78,,5,5
2026-01-24 01:47:41.806446,0x433af380,30,38,40,26,35,40,6.0,-35,,3,3
2026-01-24 01:47:44.223736,0x433ad35c,14,21,23,14,21,23,5.75,-58,,3,3
2026-01-24 01:47:55.899510,0x433b0b38,13,16,16,13,16,16,5.5,-77,,5,5
2026-01-24 01:48:42.386665,0x433af380,22,30,31,21,30,31,6.5,-33,,3,3
2026-01-24 01:48:44.921083,0x433ad35c,15,21,24,15,21,24,5.75,-58,,3,3
2026-01-24 01:48:56.091581,0x433b0b38,10,14,16,10,14,16,6.0,-77,,5,5
2026-01-24 01:49:44.014729,0x433af380,25,41,43,23,36,43,6.75,-34,,3,3
2026-01-24 01:49:46.555738,0x433ad35c,16,26,28,16,26,28,6.0,-59,,3,3
2026-01-24 01:49:56.320513,0x433b0b38,12,16,16,12,16,16,6.25,-77,,5,5
2026-01-24 01:50:44.040691,0x433af380,21,32,33,20,31,33,6.75,-35,,3,3
2026-01-24 01:50:47.109537,0x433ad35c,16,21,22,16,21,22,5.75,-58,,3,3
2026-01-24 01:50:56.558049,0x433b0b38,9,16,20,9,16,20,6.0,-76,,5,5
2026-01-24 01:51:42.976453,0x433af380,26,32,34,23,31,34,7.0,-34,,3,3
2026-01-24 01:51:45.527749,0x433ad35c,11,16,17,11,16,17,5.25,-59,,3,3
2026-01-24 01:51:57.306884,0x433b0b38,12,17,22,12,17,22,6.5,-77,,5,5
2026-01-24 01:52:42.968559,0x433af380,21,34,34,20,32,34,7.0,-34,,3,3
2026-01-24 01:52:45.716196,0x433ad35c,14,19,20,14,19,20,6.0,-59,,3,3
2026-01-24 01:52:57.023289,0x433b0b38,13,18,20,13,18,20,5.75,-77,,5,5
2026-01-24 01:53:43.424714,0x433af380,22,31,31,21,30,31,6.75,-33,,3,3
2026-01-24 01:53:45.855013,0x433ad35c,15,20,21,15,20,21,5.5,-59,,3,3
2026-01-24 01:53:57.261926,0x433b0b38,11,18,18,11,18,18,5.25,-77,,5,5
2026-01-24 01:54:43.947314,0x433af380,27,40,41,23,35,41,6.0,-34,,3,3
2026-01-24 01:54:46.377873,0x433ad35c,15,19,21,15,19,21,6.0,-59,,3,3
2026-01-24 01:54:57.484031,0x433b0b38,11,14,14,11,14,14,6.0,-78,,5,5
2026-01-24 01:55:43.687580,0x433af380,28,42,43,24,37,43,7.0,-33,,3,3
2026-01-24 01:55:46.103907,0x433ad35c,14,18,19,14,18,19,6.5,-59,,3,3
2026-01-24 01:55:57.980593,0x433b0b38,13,19,19,13,19,19,6.5,-77,,5,5
2026-01-24 01:56:43.916488,0x433af380,25,43,44,22,37,44,6.0,-34,,3,3
2026-01-24 01:56:51.147806,0x433ad35c,15,18,20,15,18,20,5.75,-59,,3,3
2026-01-24 01:56:58.649549,0x433b0b38,12,19,23,12,19,23,6.75,-77,,5,5
2026-01-24 01:57:45.992396,0x433af380,26,42,43,23,37,43,6.25,-33,,3,3
2026-01-24 01:57:48.572126,0x433ad35c,14,20,22,14,20,22,5.5,-59,,3,3
2026-01-24 01:57:58.282697,0x433b0b38,12,19,23,12,19,23,6.0,-77,,5,5
2026-01-24 01:58:44.407370,0x433af380,23,39,41,22,35,41,6.0,-34,,3,3
2026-01-24 01:58:46.824041,0x433ad35c,15,20,21,15,20,21,6.0,-59,,3,3
2026-01-24 01:58:58.403409,0x433b0b38,13,25,27,13,25,27,5.5,-77,,5,5
2026-01-24 01:59:44.744262,0x433af380,22,31,32,21,30,32,6.25,-33,,3,3
2026-01-24 01:59:47.176966,0x433ad35c,14,23,25,14,23,25,5.75,-59,,3,3
2026-01-24 01:59:58.658338,0x433b0b38,16,22,23,16,22,23,6.0,-78,,5,5
2026-01-24 02:00:45.368518,0x433af380,24,37,39,22,34,39,5.5,-33,,3,3
2026-01-24 02:00:47.926301,0x433ad35c,16,22,25,16,22,25,6.0,-59,,3,3
2026-01-24 02:00:58.890032,0x433b0b38,14,22,25,14,22,25,6.0,-77,,5,5
2026-01-24 14:02:55.328656,0x433af380,1,1,1,1,1,1,6.5,-34,,3,3
2026-01-24 14:02:57.660224,0x433ad35c,,,,,,,6.0,-60,,3,3
2026-01-24 14:03:01.040153,0x433b0b38,126,198,209,83,131,139,6.0,-77,,5,5
2026-01-24 14:03:55.676487,0x433af380,1,2,2,1,2,2,7.0,-34,,3,3
2026-01-24 14:03:59.059393,0x433ad35c,1,1,1,1,1,1,5.75,-59,,3,3
2026-01-24 14:04:01.427596,0x433b0b38,32,46,47,27,39,46,6.0,-77,,5,5
2026-01-24 14:04:55.830028,0x433af380,,,,,,,6.25,-34,,3,3
2026-01-24 14:04:58.238961,0x433ad35c,,,,,,,6.0,-60,,3,3
2026-01-24 14:05:02.826537,0x433b0b38,129,186,198,85,124,132,6.25,-77,,5,5
2026-01-24 14:05:55.982111,0x433af380,1,1,1,1,1,1,6.75,-34,,3,3
2026-01-24 14:05:58.486017,0x433ad35c,,,,,,,6.25,-59,,3,3
2026-01-24 14:06:00.866868,0x433b0b38,272,453,494,180,301,329,6.5,-77,,5,5
2026-01-24 14:06:56.862514,0x433af380,,,,,,,6.75,-34,,3,3
2026-01-24 14:07:01.058299,0x433b0b38,104,149,153,68,98,102,5.75,-79,,5,5
2026-01-24 14:07:03.364854,0x433ad35c,,,,,,,6.75,-60,,3,3
2026-01-24 14:07:56.937540,0x433af380,,,,,,,6.0,-33,,3,3
2026-01-24 14:07:59.463449,0x433ad35c,,,,,,,7.0,-57,,3,3
2026-01-24 14:08:03.045167,0x433b0b38,211,301,309,140,199,205,5.75,-81,,5,5
2026-01-24 14:08:57.003518,0x433af380,,,,,,,7.0,-34,,3,3
2026-01-24 14:08:59.467417,0x433ad35c,,,,,,,5.75,-60,,3,3
2026-01-24 14:09:02.965973,0x433b0b38,8,9,12,8,9,12,5.75,-75,,5,5
2026-01-24 14:09:57.516853,0x433af380,,,,,,,5.75,-34,,3,3
2026-01-24 14:09:59.978553,0x433ad35c,,,1,,,1,6.0,-60,,3,3
2026-01-24 14:10:03.729747,0x433b0b38,1,1,1,1,1,1,5.75,-78,,5,5
2026-01-24 14:10:57.384433,0x433af380,,1,1,,1,1,6.0,-34,,3,3
2026-01-24 14:10:59.988369,0x433ad35c,,,,,,,6.5,-59,,3,3
2026-01-24 14:11:02.761187,0x433b0b38,2,4,4,2,4,4,5.0,-79,,5,5
2026-01-24 14:11:57.930114,0x433af380,1,1,2,1,1,2,6.25,-33,,3,3
2026-01-24 14:12:00.353339,0x433ad35c,,,,,,,7.0,-58,,3,3
2026-01-24 14:12:03.240013,0x433b0b38,92,133,140,61,87,92,5.75,-78,,5,5
2026-01-24 14:12:58.139566,0x433af380,1,1,1,1,1,1,6.5,-34,,3,3
2026-01-24 14:13:00.616064,0x433ad35c,,,1,,,1,6.5,-60,,3,3
2026-01-24 14:13:02.812572,0x433b0b38,88,137,144,57,90,95,6.0,-76,,5,5
2026-01-24 14:13:58.683334,0x433af380,1,1,1,1,1,1,7.5,-34,,3,3
2026-01-24 14:14:02.501350,0x433ad35c,,,,,,,6.0,-59,,3,3
2026-01-24 14:14:06.250417,0x433b0b38,7,12,13,7,12,13,5.75,-77,,5,5
2026-01-24 14:14:58.435960,0x433af380,1,1,1,1,1,1,7.0,-34,,3,3
2026-01-24 14:15:00.871183,0x433ad35c,,,,,,,6.25,-58,,3,3
2026-01-24 14:15:06.998836,0x433b0b38,,,,,,,5.75,-78,,5,5
2026-01-24 14:15:59.047781,0x433af380,2,2,2,2,2,2,7.0,-34,,3,3
2026-01-24 14:16:01.527969,0x433ad35c,,,,,,,5.75,-58,,3,3
2026-01-24 14:16:07.003302,0x433b0b38,23,42,42,22,37,42,5.5,-79,,5,5
2026-01-24 14:16:59.556551,0x433af380,1,2,2,1,2,2,6.25,-33,,3,3
2026-01-24 14:17:02.106122,0x433ad35c,1,1,2,1,1,2,5.75,-59,,3,3
2026-01-24 14:17:04.626312,0x433b0b38,39,56,63,30,44,56,6.5,-80,,5,5
2026-01-24 14:17:59.235331,0x433af380,1,1,1,1,1,1,6.0,-34,,3,3
2026-01-24 14:18:01.658147,0x433ad35c,,,,,,,5.75,-59,,3,3
2026-01-24 14:18:05.156176,0x433b0b38,56,85,89,37,56,68,5.5,-79,,5,5
2026-01-24 14:19:00.067251,0x433af380,,,,,,,7.0,-34,,3,3
2026-01-24 14:19:02.489007,0x433ad35c,,,,,,,6.75,-58,,3,3
2026-01-24 14:19:05.456346,0x433b0b38,111,164,171,73,109,113,5.5,-78,,5,5
2026-01-24 14:19:59.573641,0x433af380,1,1,1,1,1,1,6.0,-34,,3,3
2026-01-24 14:20:02.256711,0x433ad35c,,,1,,,1,6.75,-59,,3,3
2026-01-24 14:20:06.352478,0x433b0b38,52,78,81,35,52,65,7.0,-80,,5,5
2026-01-24 14:21:00.614678,0x433af380,1,1,1,1,1,1,7.0,-34,,3,3
2026-01-24 14:21:03.235437,0x433ad35c,,1,1,,1,1,6.75,-57,,3,3
2026-01-24 14:21:10.723395,0x433b0b38,115,171,175,76,113,115,6.0,-80,,5,5
2026-01-24 14:22:00.591679,0x433af380,1,1,1,1,1,1,5.75,-34,,3,3
2026-01-24 14:22:02.928381,0x433ad35c,,,,,,,6.25,-58,,3,3
2026-01-24 14:22:05.299297,0x433b0b38,214,319,331,142,211,219,5.25,-79,,5,5
2026-01-24 14:23:00.708132,0x433af380,,,,,,,6.5,-34,,3,3
2026-01-24 14:23:03.158503,0x433ad35c,,,2,,,2,6.0,-59,,3,3
2026-01-24 14:23:06.611536,0x433b0b38,284,401,427,188,267,284,5.5,-79,,5,5
2026-01-24 14:24:00.958400,0x433af380,1,1,1,1,1,1,6.0,-34,,3,3
2026-01-24 14:24:04.103985,0x433ad35c,,,,,,,6.25,-60,,3,3
2026-01-24 14:24:06.377548,0x433b0b38,9,11,11,9,11,11,5.25,-79,,5,5
2026-01-24 14:25:01.581787,0x433af380,1,2,2,1,2,2,7.0,-34,,3,3
2026-01-24 14:25:05.866633,0x433b0b38,45,68,71,32,49,60,6.0,-77,,5,5
2026-01-24 14:25:11.201067,0x433ad35c,,,,,,,7.0,-58,,3,3
2026-01-24 14:26:01.800057,0x433af380,1,1,1,1,1,1,6.5,-35,,3,3
2026-01-24 14:26:04.375918,0x433ad35c,1,1,1,1,1,1,5.75,-59,,3,3
2026-01-24 14:26:07.318472,0x433b0b38,71,98,100,47,65,71,5.5,-79,,5,5
2026-01-24 14:27:01.453372,0x433af380,1,1,1,1,1,1,7.0,-34,,3,3
2026-01-24 14:27:04.113388,0x433ad35c,1,1,2,1,1,2,6.0,-57,,3,3
2026-01-24 14:27:07.787833,0x433b0b38,42,56,59,31,44,53,6.0,-79,,5,5
2026-01-24 14:28:01.668034,0x433af380,,,,,,,5.75,-34,,3,3
2026-01-24 14:28:04.226306,0x433ad35c,,,,,,,6.5,-59,,3,3
2026-01-24 14:28:08.790440,0x433b0b38,7,10,13,7,10,13,5.25,-81,,5,5
2026-01-24 14:29:01.993389,0x433af380,1,1,1,1,1,1,6.0,-34,,3,3
2026-01-24 14:29:04.646671,0x433ad35c,1,1,1,1,1,1,6.5,-58,,3,3
2026-01-24 14:29:08.013837,0x433b0b38,100,139,144,66,92,95,5.5,-79,,5,5
2026-01-24 14:30:02.347635,0x433af380,,,,,,,6.0,-34,,3,3
2026-01-24 14:30:04.841222,0x433ad35c,1,1,1,1,1,1,5.75,-58,,3,3
2026-01-24 14:30:09.525756,0x433b0b38,5,7,7,5,7,7,5.25,-80,,5,5
2026-01-24 14:31:03.400952,0x433af380,,1,1,,1,1,7.5,-34,,3,3
2026-01-24 14:31:05.905329,0x433ad35c,,,1,,,1,5.75,-59,,3,3
2026-01-24 14:31:08.356247,0x433b0b38,6,7,7,6,7,7,5.75,-80,,5,5
2026-01-24 14:32:02.842327,0x433af380,,,,,,,6.0,-34,,3,3
2026-01-24 14:32:05.211864,0x433ad35c,,,,,,,5.75,-59,,3,3
2026-01-24 14:32:09.379075,0x433b0b38,199,275,285,132,182,189,5.25,-79,,5,5
2026-01-24 14:33:03.045345,0x433af380,1,1,1,1,1,1,6.5,-34,,3,3
2026-01-24 14:33:05.523701,0x433ad35c,,,1,,,1,6.25,-59,,3,3
2026-01-24 14:33:10.198204,0x433b0b38,73,104,114,48,69,78,6.0,-78,,5,5
2026-01-24 14:34:03.559886,0x433af380,1,1,1,1,1,1,7.0,-34,,3,3
2026-01-24 14:34:06.012003,0x433ad35c,,,,,,,6.5,-59,,3,3
2026-01-24 14:34:08.884876,0x433b0b38,,1,3,,1,3,5.5,-79,,5,5
2026-01-24 14:35:03.760351,0x433af380,,1,3,,1,3,8.0,-34,,3,3
2026-01-24 14:35:06.133393,0x433ad35c,,,,,,,5.75,-59,,3,3
2026-01-24 14:35:10.177132,0x433b0b38,95,136,144,62,90,95,5.0,-79,,5,5
2026-01-24 14:36:04.360980,0x433af380,1,1,1,1,1,1,7.5,-34,,3,3
2026-01-24 14:36:09.578838,0x433ad35c,,,,,,,5.75,-58,,3,3
2026-01-24 14:36:15.142088,0x433b0b38,,,,,,,5.75,-78,,5,5
2026-01-24 14:37:04.509589,0x433af380,,,,,,,6.75,-34,,3,3
2026-01-24 14:37:08.859909,0x433ad35c,,,,,,,6.25,-59,,3,3
2026-01-24 14:37:10.668187,0x433b0b38,,,,,,,5.25,-78,,5,5
2026-01-24 14:38:04.973372,0x433af380,,,,,,,6.75,-34,,3,3
2026-01-24 14:38:10.036135,0x433ad35c,,,,,,,6.75,-60,,3,3
2026-01-24 14:38:12.845260,0x433b0b38,,1,1,,1,1,5.25,-79,,5,5
2026-01-24 14:39:08.649231,0x433ad35c,,,,,,,6.0,-58,,3,3
2026-01-24 14:39:11.905749,0x433b0b38,173,244,254,115,162,169,6.0,-82,,5,5
2026-01-24 14:39:14.802701,0x433af380,1,1,1,1,1,1,6.5,-34,,3,3
2026-01-24 14:40:05.394195,0x433af380,1,1,1,1,1,1,7.25,-34,,3,3
2026-01-24 14:40:08.608620,0x433ad35c,,,1,,,1,6.0,-59,,3,3
2026-01-24 14:40:10.716938,0x433b0b38,48,70,72,33,49,60,5.25,-79,,5,5
2026-01-24 14:41:05.232454,0x433af380,1,1,1,1,1,1,6.0,-33,,3,3
2026-01-24 14:41:07.623364,0x433ad35c,,,,,,,6.25,-58,,3,3
2026-01-24 14:41:10.757445,0x433b0b38,89,125,128,59,83,85,6.0,-79,,5,5
2026-01-24 14:42:05.413496,0x433af380,1,1,1,1,1,1,6.25,-33,,3,3
2026-01-24 14:42:10.519117,0x433ad35c,,,,,,,6.25,-59,,3,3
2026-01-24 14:42:12.881719,0x433b0b38,131,175,176,87,116,117,5.0,-80,,5,5
2026-01-24 14:43:05.876593,0x433af380,,,,,,,7.5,-33,,3,3
2026-01-24 14:43:10.340830,0x433ad35c,1,1,1,1,1,1,6.25,-58,,3,3
2026-01-24 14:43:13.339413,0x433b0b38,81,102,107,53,67,75,5.5,-79,,5,5
2026-01-24 14:44:06.218594,0x433af380,1,1,1,1,1,1,7.25,-33,,3,3
2026-01-24 14:44:09.350453,0x433ad35c,,,,,,,5.75,-59,,3,3
2026-01-24 14:44:14.158428,0x433b0b38,44,61,65,32,46,57,5.25,-79,,5,5
2026-01-24 14:45:06.471044,0x433af380,1,1,1,1,1,1,6.25,-34,,3,3
2026-01-24 14:45:09.757114,0x433ad35c,,,,,,,6.25,-59,,3,3
2026-01-24 14:45:13.777828,0x433b0b38,6,7,7,6,7,7,6.75,-77,,5,5
2026-01-24 14:46:06.720709,0x433af380,1,1,1,1,1,1,6.75,-34,,3,3
2026-01-24 14:46:09.053978,0x433ad35c,,,,,,,6.75,-59,,3,3
2026-01-24 14:46:12.207448,0x433b0b38,3,3,3,3,3,3,5.5,-78,,5,5
2026-01-24 14:47:06.821270,0x433af380,,,,,,,6.0,-34,,3,3
2026-01-24 14:47:09.300501,0x433ad35c,,,,,,,5.75,-59,,3,3
2026-01-24 14:47:11.582379,0x433b0b38,23,33,35,22,32,35,5.25,-79,,5,5
2026-01-24 14:48:07.363902,0x433af380,1,1,2,1,1,2,6.75,-33,,3,3
2026-01-24 14:48:11.818217,0x433ad35c,,,,,,,6.0,-60,,3,3
2026-01-24 14:48:15.112568,0x433b0b38,60,78,81,39,52,65,5.5,-78,,5,5
2026-01-24 14:49:08.000369,0x433af380,1,1,1,1,1,1,7.25,-34,,3,3
2026-01-24 14:49:10.314791,0x433ad35c,,,,,,,6.0,-59,,3,3
2026-01-24 14:49:15.072503,0x433b0b38,3,6,7,3,6,7,5.75,-81,,5,5
2026-01-24 14:50:07.939964,0x433af380,1,1,1,1,1,1,7.0,-34,,3,3
2026-01-24 14:50:12.295575,0x433ad35c,,,,,,,6.0,-59,,3,3
2026-01-24 14:50:13.813567,0x433b0b38,1,1,1,1,1,1,5.5,-79,,5,5
2026-01-24 14:51:08.360058,0x433af380,1,1,1,1,1,1,7.25,-33,,3,3
2026-01-24 14:51:10.781456,0x433ad35c,,,,,,,6.5,-58,,3,3
2026-01-24 14:51:14.859775,0x433b0b38,73,101,106,48,66,75,5.5,-78,,5,5
2026-01-24 14:52:08.687724,0x433af380,,,,,,,7.75,-34,,3,3
2026-01-24 14:52:11.132586,0x433ad35c,,,,,,,6.25,-59,,3,3
2026-01-24 14:52:18.712435,0x433b0b38,174,252,263,115,167,175,6.25,-79,,5,5
2026-01-24 14:53:08.300992,0x433af380,1,1,2,1,1,2,7.5,-35,,3,3
2026-01-24 14:53:12.810594,0x433ad35c,,,,,,,6.25,-58,,3,3
2026-01-24 14:53:16.388166,0x433b0b38,3,4,4,3,4,4,5.25,-78,,5,5
2026-01-24 14:54:11.078615,0x433ad35c,,,,,,,6.25,-59,,3,3
2026-01-24 14:54:14.943024,0x433b0b38,4,6,8,4,6,8,5.5,-78,,5,5
2026-01-24 14:54:19.472526,0x433af380,1,1,1,1,1,1,6.25,-33,,3,3
2026-01-24 14:55:09.802813,0x433af380,,,,,,,6.75,-34,,3,3
2026-01-24 14:55:12.280333,0x433ad35c,,,,,,,6.25,-60,,3,3
2026-01-24 14:55:14.225701,0x433b0b38,75,99,105,49,66,75,5.0,-79,,5,5
2026-01-24 14:56:12.465819,0x433ad35c,1,1,1,1,1,1,6.25,-59,,3,3
2026-01-24 14:56:14.180800,0x433b0b38,39,59,62,29,45,55,5.25,-78,,5,5
2026-01-24 14:56:15.903105,0x433af380,,,,,,,6.5,-34,,3,3
2026-01-24 14:57:12.065817,0x433ad35c,1,1,1,1,1,1,5.75,-59,,3,3
2026-01-24 14:57:14.785447,0x433af380,1,1,1,1,1,1,6.25,-34,,3,3
2026-01-24 14:57:18.031273,0x433b0b38,64,87,87,42,58,67,5.5,-79,,5,5
2026-01-24 14:58:11.654319,0x433ad35c,,,,,,,6.5,-58,,3,3
2026-01-24 14:58:14.335372,0x433af380,,,,,,,6.75,-33,,3,3
2026-01-24 14:58:20.070387,0x433b0b38,135,178,185,89,118,123,6.75,-59,,5,4
2026-01-24 14:59:10.599994,0x433af380,,,,,,,6.0,-34,,3,3
2026-01-24 14:59:13.112169,0x433ad35c,,,,,,,6.75,-59,,3,3
2026-01-24 14:59:19.869218,0x433b0b38,204,288,298,136,191,198,6.0,-75,,5,5
2026-01-24 15:00:12.825333,0x433ad35c,,,,,,,6.0,-59,,3,3
2026-01-24 15:00:15.403522,0x433af380,,1,1,,1,1,6.75,-33,,3,3
2026-01-24 15:00:28.908269,0x433b0b38,68,96,103,45,63,74,5.25,-83,,5,4
2026-01-24 15:01:12.646591,0x433ad35c,,,,,,,5.75,-58,,3,3
2026-01-24 15:01:17.048982,0x433b0b38,35,45,46,28,39,45,5.75,-78,,5,5
2026-01-24 15:01:22.104498,0x433af380,,1,1,,1,1,6.0,-34,,3,3
2026-01-25 05:02:54.375329,0x433af380,2,3,3,2,3,3,7.75,-34,,3,3
2026-01-25 05:02:56.872988,0x433ad35c,,1,1,,1,1,5.75,-56,,3,3
2026-01-25 05:02:58.465511,0x433b0b38,1,1,1,1,1,1,5.75,-78,,5,5
2026-01-25 05:03:54.714721,0x433af380,2,2,2,2,2,2,7.5,-33,,3,3
2026-01-25 05:03:57.138347,0x433ad35c,1,1,2,1,1,2,6.25,-56,,3,3
2026-01-25 05:03:58.452420,0x433b0b38,,1,1,,1,1,5.25,-76,,5,5
2026-01-25 05:04:55.077476,0x433af380,2,2,3,2,2,3,5.75,-34,,3,3
2026-01-25 05:04:57.522737,0x433ad35c,1,1,1,1,1,1,5.75,-56,,3,3
2026-01-25 05:04:59.270970,0x433b0b38,,1,1,,1,1,5.5,-77,,5,5
2026-01-25 05:05:55.400512,0x433af380,1,2,2,1,2,2,7.5,-34,,3,3
2026-01-25 05:05:57.698653,0x433ad35c,,,,,,,5.75,-56,,3,3
2026-01-25 05:06:01.084699,0x433b0b38,1,1,1,1,1,1,5.5,-77,,5,5
2026-01-25 05:06:55.364095,0x433af380,,,,,,,6.75,-34,,3,3
2026-01-25 05:06:57.826661,0x433ad35c,,1,1,,1,1,6.25,-56,,3,3
2026-01-25 05:06:59.397201,0x433b0b38,,,,,,,6.25,-77,,5,5
2026-01-25 05:07:55.706395,0x433af380,2,2,2,2,2,2,6.25,-34,,3,3
2026-01-25 05:07:58.829293,0x433ad35c,,,,,,,5.75,-56,,3,3
2026-01-25 05:08:01.647288,0x433b0b38,1,1,1,1,1,1,5.75,-78,,5,5
2026-01-25 05:08:56.096294,0x433af380,2,2,3,2,2,3,7.75,-34,,3,3
2026-01-25 05:08:58.477003,0x433ad35c,,,1,,,1,6.0,-56,,3,3
2026-01-25 05:09:00.615486,0x433b0b38,,,,,,,5.5,-78,,5,5
2026-01-25 05:09:56.157489,0x433af380,1,1,2,1,1,2,8.0,-35,,3,3
2026-01-25 05:09:58.691766,0x433ad35c,1,1,1,1,1,1,6.0,-56,,3,3
2026-01-25 05:10:00.356265,0x433b0b38,1,1,1,1,1,1,6.0,-78,,5,5
2026-01-25 05:10:56.514692,0x433af380,,2,2,,2,2,7.0,-34,,3,3
2026-01-25 05:10:58.806026,0x433ad35c,,,,,,,6.0,-55,,3,3
2026-01-25 05:11:00.275117,0x433b0b38,,,,,,,6.25,-77,,5,5
2026-01-25 05:11:56.703583,0x433af380,2,2,3,2,2,3,7.0,-35,,3,3
2026-01-25 05:11:59.093497,0x433b0b38,,,,,,,5.5,-78,,5,5
2026-01-25 05:12:00.630773,0x433ad35c,1,1,1,1,1,1,6.0,-56,,3,3
2026-01-25 05:12:56.986654,0x433af380,1,1,1,1,1,1,7.0,-34,,3,3
2026-01-25 05:12:59.451960,0x433b0b38,1,1,1,1,1,1,5.75,-77,,5,5
2026-01-25 05:13:01.202011,0x433ad35c,1,1,2,1,1,2,6.5,-56,,3,3
2026-01-25 05:13:57.712657,0x433af380,1,1,2,1,1,2,7.5,-35,,3,3
2026-01-25 05:14:00.203531,0x433b0b38,1,1,2,1,1,2,6.0,-78,,5,5
2026-01-25 05:14:05.399812,0x433ad35c,1,2,2,1,2,2,6.5,-56,,3,3
2026-01-25 05:14:57.354020,0x433af380,3,3,3,3,3,3,5.75,-33,,3,3
2026-01-25 05:14:59.759430,0x433b0b38,,,,,,,5.5,-77,,5,5
2026-01-25 05:15:01.179559,0x433ad35c,,,,,,,6.25,-56,,3,3
2026-01-25 05:15:57.703039,0x433af380,3,3,3,3,3,3,7.25,-34,,3,3
2026-01-25 05:16:00.134781,0x433ad35c,1,1,1,1,1,1,6.0,-56,,3,3
2026-01-25 05:16:01.746777,0x433b0b38,,,,,,,6.5,-77,,5,5
2026-01-25 05:16:58.062948,0x433af380,,,,,,,6.75,-34,,3,3
2026-01-25 05:17:00.578721,0x433ad35c,1,1,1,1,1,1,6.5,-56,,3,3
2026-01-25 05:17:03.427094,0x433b0b38,,,,,,,5.75,-76,,5,4
2026-01-25 05:17:58.387666,0x433af380,3,3,3,3,3,3,7.0,-34,,3,3
2026-01-25 05:18:02.288657,0x433ad35c,1,1,1,1,1,1,6.25,-56,,3,3
2026-01-25 05:18:11.189820,0x433b0b38,,,2,,,2,5.75,-76,,5,4
2026-01-25 05:18:58.464012,0x433af380,1,1,1,1,1,1,7.25,-34,,3,3
2026-01-25 05:19:00.809308,0x433ad35c,,,,,,,5.75,-56,,3,3
2026-01-25 05:19:02.501488,0x433b0b38,1,2,2,1,2,2,5.5,-77,,5,5
2026-01-25 05:19:58.767825,0x433af380,2,3,3,2,3,3,6.0,-34,,3,3
2026-01-25 05:20:01.967765,0x433b0b38,1,1,1,1,1,1,5.75,-77,,5,5
2026-01-25 05:20:04.274461,0x433ad35c,1,1,2,1,1,2,5.75,-56,,3,3
2026-01-25 05:20:58.996207,0x433af380,1,1,1,1,1,1,7.75,-34,,3,3
2026-01-25 05:21:01.413963,0x433ad35c,,,,,,,6.25,-56,,3,3
2026-01-25 05:21:02.916504,0x433b0b38,,,,,,,5.75,-77,,5,5
2026-01-25 05:21:59.248147,0x433af380,2,3,3,2,3,3,7.25,-34,,3,3
2026-01-25 05:22:01.643323,0x433ad35c,2,3,3,2,3,3,5.75,-56,,3,3
2026-01-25 05:22:02.235531,0x433b0b38,,1,1,,1,1,5.75,-77,,5,5
2026-01-25 05:22:59.534270,0x433af380,2,2,2,2,2,2,7.0,-34,,3,3
2026-01-25 05:23:01.869426,0x433ad35c,,,,,,,6.25,-56,,3,3
2026-01-25 05:23:03.454094,0x433b0b38,1,1,3,1,1,3,5.75,-77,,5,5
2026-01-25 05:24:00.132373,0x433af380,2,3,3,2,3,3,7.75,-34,,3,3
2026-01-25 05:24:03.184248,0x433b0b38,,,2,,,2,5.5,-78,,5,5
2026-01-25 05:24:05.449243,0x433ad35c,,,1,,,1,6.25,-55,,3,3
2026-01-25 05:25:00.152979,0x433af380,2,3,3,2,3,3,7.0,-34,,3,3
2026-01-25 05:25:02.497118,0x433ad35c,,,,,,,6.0,-56,,3,3
2026-01-25 05:25:04.009174,0x433b0b38,,,,,,,6.25,-77,,5,5
2026-01-25 05:26:01.014432,0x433af380,1,2,2,1,2,2,7.25,-34,,3,3
2026-01-25 05:26:03.391353,0x433ad35c,,,,,,,6.5,-56,,3,3
2026-01-25 05:26:04.166105,0x433b0b38,,,1,,,1,6.25,-78,,5,5
2026-01-25 05:27:00.968638,0x433af380,,1,1,,1,1,7.5,-34,,3,3
2026-01-25 05:27:03.445352,0x433ad35c,,1,1,,1,1,6.25,-56,,3,3
2026-01-25 05:27:05.047701,0x433b0b38,,,,,,,5.25,-76,,5,4
2026-01-25 05:28:00.958849,0x433af380,2,2,2,2,2,2,7.5,-34,,3,3
2026-01-25 05:28:03.274304,0x433b0b38,,,,,,,6.25,-77,,5,5
2026-01-25 05:28:04.785398,0x433ad35c,1,1,1,1,1,1,5.25,-56,,3,3
2026-01-25 05:29:01.148345,0x433af380,3,3,3,3,3,3,6.0,-34,,3,3
2026-01-25 05:29:03.742096,0x433ad35c,1,1,1,1,1,1,6.0,-56,,3,3
2026-01-25 05:29:05.990484,0x433b0b38,,1,1,,1,1,5.5,-76,,5,5
2026-01-25 05:30:01.683087,0x433af380,1,1,1,1,1,1,5.75,-34,,3,3
2026-01-25 05:30:04.082276,0x433b0b38,,1,1,,1,1,5.25,-78,,5,5
2026-01-25 05:30:05.598629,0x433ad35c,,,1,,,1,6.0,-57,,3,3
2026-01-25 05:31:01.674446,0x433af380,2,2,2,2,2,2,7.75,-34,,3,3
2026-01-25 05:31:03.973269,0x433ad35c,,,,,,,5.75,-56,,3,3
2026-01-25 05:31:07.851040,0x433b0b38,1,1,1,1,1,1,5.75,-76,,5,4
2026-01-25 05:32:01.804337,0x433af380,3,3,3,3,3,3,5.75,-34,,3,3
2026-01-25 05:32:04.321293,0x433ad35c,,1,2,,1,2,6.5,-56,,3,3
2026-01-25 05:32:05.946654,0x433b0b38,,1,1,,1,1,6.25,-77,,5,5
2026-01-25 05:33:02.125138,0x433af380,2,2,3,2,2,3,7.25,-34,,3,3
2026-01-25 05:33:04.546828,0x433ad35c,,1,1,,1,1,6.25,-56,,3,3
2026-01-25 05:33:12.004152,0x433b0b38,,,,,,,5.75,-77,,5,4
2026-01-25 05:34:02.817299,0x433af380,3,3,4,3,3,4,7.0,-34,,3,3
2026-01-25 05:34:05.277693,0x433ad35c,,,,,,,7.0,-56,,3,3
2026-01-25 05:34:06.114153,0x433b0b38,1,1,1,1,1,1,5.75,-77,,5,5
2026-01-25 05:35:02.733190,0x433af380,3,3,4,3,3,4,5.5,-34,,3,3
2026-01-25 05:35:05.232883,0x433ad35c,1,1,1,1,1,1,6.25,-56,,3,3
2026-01-25 05:35:06.892307,0x433b0b38,1,1,1,1,1,1,5.75,-78,,5,5
2026-01-25 05:36:03.074366,0x433af380,3,3,3,3,3,3,6.0,-34,,3,3
2026-01-25 05:36:07.109686,0x433ad35c,,1,1,,1,1,5.5,-56,,3,3
2026-01-25 05:36:10.650329,0x433b0b38,1,1,3,1,1,3,5.25,-76,,5,4
2026-01-25 05:37:03.459592,0x433af380,2,3,3,2,3,3,7.0,-34,,3,3
2026-01-25 05:37:05.918879,0x433ad35c,,,,,,,6.5,-57,,3,3
2026-01-25 05:37:07.506171,0x433b0b38,1,2,2,1,2,2,5.75,-76,,5,5
2026-01-25 05:38:04.369595,0x433af380,1,2,2,1,2,2,7.0,-33,,3,3
2026-01-25 05:38:07.676266,0x433ad35c,1,1,1,1,1,1,6.0,-56,,3,3
2026-01-25 05:38:11.016660,0x433b0b38,1,1,1,1,1,1,5.5,-77,,5,5
2026-01-25 05:39:03.800056,0x433af380,3,4,4,3,4,4,7.5,-34,,3,3
2026-01-25 05:39:06.266425,0x433ad35c,1,1,1,1,1,1,6.0,-56,,3,3
2026-01-25 05:39:07.975371,0x433b0b38,1,1,5,1,1,5,5.5,-77,,5,5
2026-01-25 05:40:06.036222,0x433ad35c,,,,,,,5.5,-56,,3,3
2026-01-25 05:40:07.621209,0x433b0b38,,1,1,,1,1,5.5,-78,,5,5
2026-01-25 05:40:10.457556,0x433af380,1,1,1,1,1,1,6.75,-34,,3,3
2026-01-25 05:41:04.226376,0x433af380,2,3,3,2,3,3,7.25,-34,,3,3
2026-01-25 05:41:06.855756,0x433ad35c,1,1,1,1,1,1,6.5,-56,,3,3
2026-01-25 05:41:14.729198,0x433b0b38,,,,,,,5.75,-75,,5,4
2026-01-25 05:42:04.487492,0x433af380,3,3,3,3,3,3,6.75,-33,,3,3
2026-01-25 05:42:06.827907,0x433ad35c,,,,,,,5.75,-56,,3,3
2026-01-25 05:42:21.128699,0x433b0b38,,,,,,,6.0,-76,,5,4
2026-01-25 05:43:04.762064,0x433af380,2,3,3,2,3,3,7.75,-34,,3,3
2026-01-25 05:43:07.215688,0x433b0b38,1,1,1,1,1,1,6.0,-77,,5,5
2026-01-25 05:43:08.927820,0x433ad35c,1,1,1,1,1,1,5.75,-56,,3,3
2026-01-25 05:44:07.633992,0x433af380,1,2,2,1,2,2,6.0,-34,,3,3
2026-01-25 05:44:10.234826,0x433ad35c,1,1,1,1,1,1,5.75,-56,,3,3
2026-01-25 05:44:10.910182,0x433b0b38,1,1,3,1,1,3,5.5,-77,,5,5
2026-01-25 05:45:05.733484,0x433af380,3,3,3,3,3,3,7.25,-34,,3,3
2026-01-25 05:45:08.186450,0x433ad35c,,,,,,,5.75,-56,,3,3
2026-01-25 05:45:09.952721,0x433b0b38,1,1,4,1,1,4,5.75,-76,,5,5
2026-01-25 05:46:05.996366,0x433af380,2,3,3,2,3,3,6.75,-34,,3,3
2026-01-25 05:46:08.387967,0x433ad35c,,1,2,,1,2,6.0,-56,,3,3
2026-01-25 05:46:12.365728,0x433b0b38,1,1,2,1,1,2,5.0,-77,,5,5
2026-01-25 05:47:06.169369,0x433af380,2,2,2,2,2,2,7.25,-34,,3,3
2026-01-25 05:47:10.292634,0x433b0b38,,1,1,,1,1,5.5,-77,,5,5
2026-01-25 05:47:11.763235,0x433ad35c,,,,,,,6.25,-57,,3,3
2026-01-25 05:48:06.649789,0x433af380,,1,1,,1,1,5.75,-34,,3,3
2026-01-25 05:48:09.089523,0x433b0b38,1,2,2,1,2,2,5.75,-77,,5,5
2026-01-25 05:48:14.164255,0x433ad35c,1,1,2,1,1,2,5.75,-56,,3,3
2026-01-25 05:49:06.897801,0x433af380,1,1,1,1,1,1,6.0,-35,,3,3
2026-01-25 05:49:09.398777,0x433b0b38,1,1,1,1,1,1,6.25,-78,,5,5
2026-01-25 05:49:12.389357,0x433ad35c,1,2,2,1,2,2,5.5,-56,,3,3
2026-01-25 05:50:08.558444,0x433af380,2,2,2,2,2,2,7.5,-34,,3,3
2026-01-25 05:50:11.092392,0x433ad35c,1,1,1,1,1,1,6.5,-56,,3,3
2026-01-25 05:50:13.313671,0x433b0b38,,1,1,,1,1,5.25,-78,,5,5
2026-01-25 05:51:07.183056,0x433af380,1,1,1,1,1,1,7.25,-34,,3,3
2026-01-25 05:51:09.552257,0x433ad35c,,,,,,,6.0,-56,,3,3
2026-01-25 05:51:13.351284,0x433b0b38,1,1,1,1,1,1,5.0,-75,,5,4
2026-01-25 05:52:07.450388,0x433af380,2,3,3,2,3,3,7.5,-34,,3,3
2026-01-25 05:52:09.892153,0x433ad35c,1,1,2,1,1,2,6.25,-56,,3,3
2026-01-25 05:52:11.641929,0x433b0b38,1,1,1,1,1,1,5.75,-77,,5,5
2026-01-25 05:53:08.969345,0x433af380,,1,1,,1,1,6.5,-34,,3,3
2026-01-25 05:53:11.403985,0x433ad35c,1,1,1,1,1,1,6.0,-56,,3,3
2026-01-25 05:53:15.905380,0x433b0b38,1,1,1,1,1,1,5.75,-76,,5,4
2026-01-25 05:54:07.933102,0x433af380,1,1,1,1,1,1,7.25,-34,,3,3
2026-01-25 05:54:10.389817,0x433ad35c,1,1,2,1,1,2,6.25,-56,,3,3
2026-01-25 05:54:12.097307,0x433b0b38,1,1,1,1,1,1,5.5,-77,,5,5
2026-01-25 05:55:08.220542,0x433af380,1,1,1,1,1,1,7.25,-34,,3,3
2026-01-25 05:55:10.730447,0x433ad35c,1,1,1,1,1,1,6.5,-55,,3,3
2026-01-25 05:55:11.958301,0x433b0b38,,,,,,,5.5,-75,,5,4
2026-01-25 05:56:09.829557,0x433af380,1,1,2,1,1,2,7.5,-34,,3,3
2026-01-25 05:56:12.223307,0x433ad35c,,,1,,,1,6.25,-56,,3,3
2026-01-25 05:56:17.310821,0x433b0b38,,,4,,,4,5.5,-76,,5,4
2026-01-25 05:57:09.133029,0x433af380,2,2,2,2,2,2,7.5,-34,,3,3
2026-01-25 05:57:11.572855,0x433b0b38,2,2,2,2,2,2,5.5,-77,,5,5
2026-01-25 05:57:13.205707,0x433ad35c,1,1,1,1,1,1,6.25,-56,,3,3
2026-01-25 05:58:09.139458,0x433af380,4,4,4,4,4,4,7.75,-34,,3,3
2026-01-25 05:58:11.637556,0x433b0b38,1,1,1,1,1,1,5.75,-77,,5,5
2026-01-25 05:58:14.002179,0x433ad35c,,,1,,,1,6.0,-56,,3,3
2026-01-25 05:59:11.257032,0x433ad35c,2,2,2,2,2,2,6.0,-56,,3,3
2026-01-25 05:59:12.834251,0x433b0b38,,,,,,,6.0,-77,,5,5
2026-01-25 05:59:18.435239,0x433af380,1,1,1,1,1,1,7.25,-34,,3,3
2026-01-25 06:00:09.580318,0x433af380,2,3,3,2,3,3,7.75,-34,,3,3
2026-01-25 06:00:11.912854,0x433ad35c,,,,,,,5.75,-56,,3,3
2026-01-25 06:00:13.416242,0x433b0b38,,,2,,,2,6.25,-77,,5,5
2026-01-25 06:01:09.797424,0x433af380,4,4,4,4,4,4,7.0,-34,,3,3
2026-01-25 06:01:12.258279,0x433ad35c,,,,,,,6.25,-56,,3,3
2026-01-25 06:01:13.712221,0x433b0b38,,,,,,,6.0,-79,,5,5
2026-01-25 06:02:10.562784,0x433af380,2,2,2,2,2,2,5.75,-34,,3,3
2026-01-25 06:02:13.054488,0x433ad35c,1,1,1,1,1,1,5.5,-56,,3,3
2026-01-25 06:02:14.721029,0x433b0b38,1,1,2,1,1,2,5.75,-77,,5,5
2026-01-25 09:02:58.889275,0x433af380,27,40,41,23,35,41,7.0,-34,,3,3
2026-01-25 09:03:01.391934,0x433ad35c,1,1,2,1,1,2,6.75,-57,,3,3
2026-01-25 09:03:05.734140,0x433b0b38,3,4,4,3,4,4,6.0,-75,,5,4
2026-01-25 09:03:58.812269,0x433af380,6,11,12,6,11,12,6.25,-34,,3,3
2026-01-25 09:04:01.390860,0x433ad35c,1,2,3,1,2,3,6.25,-57,,3,3
2026-01-25 09:04:03.090963,0x433b0b38,2,2,2,2,2,2,6.0,-78,,5,5
2026-01-25 09:04:58.939355,0x433af380,3,3,4,3,3,4,5.5,-34,,3,3
2026-01-25 09:05:01.449798,0x433ad35c,1,2,2,1,2,2,6.75,-57,,3,3
2026-01-25 09:05:03.081447,0x433b0b38,1,1,1,1,1,1,5.5,-78,,5,5
2026-01-25 09:05:59.891617,0x433af380,5,7,7,5,7,7,7.25,-34,,3,3
2026-01-25 09:06:02.451751,0x433ad35c,2,2,2,2,2,2,6.25,-57,,3,3
2026-01-25 09:06:04.744357,0x433b0b38,1,3,4,1,3,4,5.75,-71,,5,4
2026-01-25 09:06:59.595248,0x433af380,3,4,6,3,4,6,6.5,-35,,3,3
2026-01-25 09:07:02.418752,0x433ad35c,3,4,4,3,4,4,5.75,-58,,3,3
2026-01-25 09:07:04.288509,0x433b0b38,,1,1,,1,1,6.0,-78,,5,5
2026-01-25 09:07:59.864313,0x433af380,3,3,3,3,3,3,6.25,-35,,3,3
2026-01-25 09:08:03.972273,0x433b0b38,1,1,3,1,1,3,5.5,-78,,5,5
2026-01-25 09:08:05.736160,0x433ad35c,2,3,3,2,3,3,6.5,-57,,3,3
2026-01-25 09:09:00.109286,0x433af380,2,3,3,2,3,3,6.75,-34,,3,3
2026-01-25 09:09:02.570641,0x433ad35c,2,2,2,2,2,2,6.5,-57,,3,3
2026-01-25 09:09:05.512052,0x433b0b38,1,1,1,1,1,1,5.75,-77,,5,5
2026-01-25 09:10:00.230123,0x433af380,2,3,3,2,3,3,7.75,-35,,3,3
2026-01-25 09:10:02.774622,0x433ad35c,1,1,1,1,1,1,6.5,-56,,3,3
2026-01-25 09:10:05.656700,0x433b0b38,1,1,1,1,1,1,5.75,-78,,5,5
2026-01-25 09:11:01.222633,0x433af380,1,2,2,1,2,2,7.5,-35,,3,3
2026-01-25 09:11:03.646794,0x433ad35c,2,2,3,2,2,3,6.25,-57,,3,3
2026-01-25 09:11:05.952009,0x433b0b38,,1,1,,1,1,5.75,-78,,5,5
2026-01-25 09:12:00.886589,0x433af380,7,8,8,7,8,8,5.75,-34,,3,3
2026-01-25 09:12:03.431201,0x433ad35c,3,3,4,3,3,4,6.5,-56,,3,3
2026-01-25 09:12:06.519743,0x433b0b38,2,2,4,2,2,4,6.0,-78,,5,5
2026-01-25 09:13:01.192791,0x433af380,3,3,3,3,3,3,7.5,-35,,3,3
2026-01-25 09:13:03.792472,0x433b0b38,1,3,3,1,3,3,5.75,-77,,5,5
2026-01-25 09:13:06.148934,0x433ad35c,3,3,3,3,3,3,7.0,-57,,3,3
2026-01-25 09:14:01.469760,0x433af380,2,3,4,2,3,4,6.5,-34,,3,3
2026-01-25 09:14:04.038148,0x433ad35c,2,2,3,2,2,3,6.75,-57,,3,3
2026-01-25 09:14:05.545194,0x433b0b38,,,,,,,5.5,-78,,5,5
2026-01-25 09:15:01.776084,0x433af380,4,5,7,4,5,7,6.0,-34,,3,3
2026-01-25 09:15:04.321182,0x433ad35c,2,3,3,2,3,3,6.75,-56,,3,3
2026-01-25 09:15:06.029022,0x433b0b38,3,4,6,3,4,6,5.75,-78,,5,5
2026-01-25 09:16:01.819785,0x433af380,4,5,5,4,5,5,7.25,-35,,3,3
2026-01-25 09:16:04.234408,0x433ad35c,2,2,2,2,2,2,6.0,-57,,3,3
2026-01-25 09:16:05.867458,0x433b0b38,2,2,3,2,2,3,5.5,-78,,5,5
2026-01-25 09:17:02.080853,0x433af380,5,5,5,5,5,5,7.0,-34,,3,3
2026-01-25 09:17:04.522093,0x433ad35c,2,3,3,2,3,3,6.25,-57,,3,3
2026-01-25 09:17:06.280391,0x433b0b38,,1,1,,1,1,5.25,-78,,5,5
2026-01-25 09:18:02.477010,0x433af380,8,9,9,8,9,9,6.5,-34,,3,3
2026-01-25 09:18:05.655358,0x433ad35c,2,2,2,2,2,2,6.25,-57,,3,3
2026-01-25 09:18:08.473613,0x433b0b38,3,3,3,3,3,3,5.75,-77,,5,5
2026-01-25 09:19:03.133112,0x433af380,3,3,3,3,3,3,6.5,-34,,3,3
2026-01-25 09:19:07.962953,0x433ad35c,3,4,4,3,4,4,7.0,-56,,3,3
2026-01-25 09:19:12.836673,0x433b0b38,2,4,7,2,4,7,6.75,-74,,5,4
2026-01-25 09:20:02.992722,0x433af380,5,6,7,5,6,7,7.25,-34,,3,3
2026-01-25 09:20:05.450097,0x433ad35c,2,2,2,2,2,2,5.75,-57,,3,3
2026-01-25 09:20:06.067466,0x433b0b38,2,2,2,2,2,2,5.5,-77,,5,5
2026-01-25 09:21:03.355067,0x433af380,2,3,4,2,3,4,7.25,-33,,3,3
2026-01-25 09:21:05.894815,0x433b0b38,1,2,2,1,2,2,5.5,-79,,5,5
2026-01-25 09:21:08.361176,0x433ad35c,2,3,4,2,3,4,6.5,-57,,3,3
2026-01-25 09:22:03.764303,0x433af380,4,4,5,4,4,5,6.75,-33,,3,3
2026-01-25 09:22:06.197224,0x433b0b38,2,2,2,2,2,2,6.5,-77,,5,5
2026-01-25 09:22:08.601702,0x433ad35c,3,4,6,3,4,6,6.0,-57,,3,3
2026-01-25 09:23:03.782697,0x433af380,3,4,4,3,4,4,6.5,-35,,3,3
2026-01-25 09:23:06.280488,0x433ad35c,3,3,3,3,3,3,6.75,-56,,3,3
2026-01-25 09:23:08.074986,0x433b0b38,,1,1,,1,1,5.5,-78,,5,5
2026-01-25 09:24:04.400884,0x433af380,1,3,3,1,3,3,5.75,-35,,3,3
2026-01-25 09:24:06.823017,0x433b0b38,2,3,3,2,3,3,5.5,-78,,5,5
2026-01-25 09:24:08.489532,0x433ad35c,2,2,4,2,2,4,6.25,-57,,3,3
2026-01-25 09:25:04.221344,0x433af380,4,5,5,4,5,5,6.75,-34,,3,3
2026-01-25 09:25:06.654813,0x433ad35c,3,3,3,3,3,3,6.5,-57,,3,3
2026-01-25 09:25:08.192134,0x433b0b38,2,2,2,2,2,2,5.5,-77,,5,5
2026-01-25 09:26:04.404852,0x433af380,4,4,4,4,4,4,6.5,-34,,3,3
2026-01-25 09:26:06.902831,0x433ad35c,2,2,3,2,2,3,6.25,-58,,3,3
2026-01-25 09:26:08.647569,0x433b0b38,,1,1,,1,1,5.5,-78,,5,5
2026-01-25 09:27:04.926669,0x433af380,4,5,5,4,5,5,5.75,-34,,3,3
2026-01-25 09:27:07.339723,0x433b0b38,1,1,1,1,1,1,6.0,-78,,5,5
2026-01-25 09:27:09.096995,0x433ad35c,2,3,4,2,3,4,6.5,-58,,3,3
2026-01-25 09:28:04.928750,0x433af380,4,5,6,4,5,6,6.25,-35,,3,3
2026-01-25 09:28:07.368194,0x433ad35c,3,4,4,3,4,4,6.75,-57,,3,3
2026-01-25 09:28:09.013009,0x433b0b38,4,4,4,4,4,4,5.5,-78,,5,5
2026-01-25 09:29:05.184159,0x433af380,4,5,6,4,5,6,6.25,-36,,3,3
2026-01-25 09:29:07.709740,0x433ad35c,2,3,3,2,3,3,6.25,-63,,3,3
2026-01-25 09:29:10.657910,0x433b0b38,3,3,3,3,3,3,7.0,-74,,5,5
2026-01-25 09:30:05.596740,0x433af380,4,6,6,4,6,6,6.0,-36,,3,3
2026-01-25 09:30:08.453122,0x433ad35c,3,3,5,3,3,5,6.0,-59,,3,3
2026-01-25 09:30:10.610992,0x433b0b38,1,3,3,1,3,3,5.5,-73,,5,5
2026-01-25 09:31:06.066672,0x433af380,5,5,5,5,5,5,6.5,-35,,3,3
2026-01-25 09:31:08.874462,0x433b0b38,1,2,3,1,2,3,6.25,-74,,5,5
2026-01-25 09:31:11.400825,0x433ad35c,2,2,2,2,2,2,6.5,-59,,3,3
2026-01-25 09:32:06.191787,0x433af380,4,7,7,4,7,7,6.0,-36,,3,3
2026-01-25 09:32:08.709039,0x433b0b38,3,3,3,3,3,3,6.25,-70,,5,5
2026-01-25 09:32:11.183552,0x433ad35c,3,4,4,3,4,4,6.5,-65,,3,3
2026-01-25 09:33:06.372173,0x433af380,6,7,7,6,7,7,6.5,-38,,3,3
2026-01-25 09:33:08.890492,0x433ad35c,4,5,6,4,5,6,7.0,-51,,3,3
2026-01-25 09:33:10.684830,0x433b0b38,2,2,4,2,2,4,5.75,-70,,5,5
2026-01-25 09:34:06.542679,0x433af380,22,29,30,21,29,30,6.25,-41,,3,3
2026-01-25 09:34:08.929394,0x433ad35c,3,3,3,3,3,3,6.0,-52,,3,3
2026-01-25 09:34:10.802742,0x433b0b38,2,2,2,2,2,2,5.75,-71,,5,5
2026-01-25 09:35:06.807239,0x433af380,17,24,24,17,24,24,6.25,-41,,3,3
2026-01-25 09:35:09.248288,0x433ad35c,6,7,8,6,7,8,6.25,-52,,3,3
2026-01-25 09:35:11.837105,0x433b0b38,3,5,6,3,5,6,6.0,-70,,5,5
2026-01-25 09:36:07.013999,0x433af380,11,12,13,11,12,13,5.75,-37,,3,3
2026-01-25 09:36:09.446464,0x433ad35c,2,2,3,2,2,3,6.0,-51,,3,3
2026-01-25 09:36:11.093671,0x433b0b38,1,2,2,1,2,2,5.75,-71,,5,5
2026-01-25 09:37:07.388056,0x433af380,12,13,13,12,13,13,6.25,-38,,3,3
2026-01-25 09:37:09.818728,0x433b0b38,1,2,2,1,2,2,6.0,-72,,5,5
2026-01-25 09:37:11.459662,0x433ad35c,2,3,4,2,3,4,6.75,-51,,3,3
2026-01-25 09:38:07.903291,0x433af380,9,13,15,9,13,15,6.75,-37,,3,3
2026-01-25 09:38:10.451864,0x433ad35c,3,4,5,3,4,5,6.5,-51,,3,3
2026-01-25 09:38:12.684360,0x433b0b38,1,2,2,1,2,2,5.75,-72,,5,5
2026-01-25 09:39:08.306800,0x433af380,6,8,9,6,8,9,6.0,-37,,3,3
2026-01-25 09:39:10.864098,0x433b0b38,2,3,3,2,3,3,5.75,-70,,5,5
2026-01-25 09:39:14.030836,0x433ad35c,4,5,5,4,5,5,6.25,-53,,3,3
2026-01-25 09:40:08.433445,0x433af380,4,4,4,4,4,4,6.25,-39,,3,3
2026-01-25 09:40:10.981235,0x433b0b38,2,3,3,2,3,3,6.0,-71,,5,5
2026-01-25 09:40:14.841497,0x433ad35c,2,2,3,2,2,3,5.75,-52,,3,3
2026-01-25 09:41:08.428859,0x433af380,10,13,13,10,13,13,6.25,-39,,3,3
2026-01-25 09:41:10.933288,0x433ad35c,7,9,10,7,9,10,6.25,-52,,3,3
2026-01-25 09:41:13.030305,0x433b0b38,4,5,5,4,5,5,6.25,-74,,5,4
2026-01-25 09:42:08.639450,0x433af380,6,9,12,6,9,12,6.0,-39,,3,3
2026-01-25 09:42:11.196860,0x433ad35c,2,3,3,2,3,3,5.5,-52,,3,3
2026-01-25 09:42:15.856098,0x433b0b38,1,1,1,1,1,1,5.75,-74,,5,4
2026-01-25 09:43:09.046993,0x433af380,2,2,2,2,2,2,6.25,-39,,3,3
2026-01-25 09:43:11.731693,0x433b0b38,6,9,9,6,9,9,6.25,-70,,5,5
2026-01-25 09:43:14.137122,0x433ad35c,4,4,4,4,4,4,6.25,-52,,3,3
2026-01-25 09:44:09.184178,0x433af380,3,3,3,3,3,3,6.25,-39,,3,3
2026-01-25 09:44:11.606390,0x433ad35c,2,3,3,2,3,3,6.75,-53,,3,3
2026-01-25 09:44:15.625562,0x433b0b38,15,24,25,15,24,25,5.25,-70,,5,5
2026-01-25 09:45:09.337138,0x433af380,3,4,5,3,4,5,6.25,-39,,3,3
2026-01-25 09:45:11.892264,0x433ad35c,3,4,5,3,4,5,6.5,-53,,3,3
2026-01-25 09:45:13.521633,0x433b0b38,4,5,5,4,5,5,6.0,-70,,5,5
2026-01-24 12:02:23.337686,0x433af380,4,4,4,4,4,4,7.0,-34,,3,3
2026-01-24 12:02:25.942250,0x433ad35c,2,2,3,2,2,3,5.75,-58,,3,3
2026-01-24 12:02:29.360747,0x433b0b38,163,229,236,107,152,157,6.0,-77,,5,5
2026-01-24 12:03:23.616669,0x433af380,2,3,3,2,3,3,6.0,-34,,3,3
2026-01-24 12:03:26.284658,0x433ad35c,2,3,4,2,3,4,6.5,-58,,3,3
2026-01-24 12:03:29.295737,0x433b0b38,367,577,625,244,384,416,6.0,-78,,5,5
2026-01-24 12:04:23.336621,0x433af380,4,4,4,4,4,4,7.5,-34,,3,3
2026-01-24 12:04:26.029335,0x433ad35c,1,1,1,1,1,1,6.0,-59,,3,3
2026-01-24 12:04:29.440488,0x433b0b38,196,329,362,130,219,240,5.75,-78,,5,5
2026-01-24 12:05:25.337172,0x433af380,3,3,3,3,3,3,6.0,-34,,3,3
2026-01-24 12:05:27.806715,0x433ad35c,1,1,1,1,1,1,6.25,-57,,3,3
2026-01-24 12:05:31.077746,0x433b0b38,303,434,449,201,289,299,6.5,-77,,5,5
2026-01-24 12:06:24.430825,0x433af380,1,2,4,1,2,4,6.0,-34,,3,3
2026-01-24 12:06:26.898691,0x433ad35c,2,2,2,2,2,2,5.75,-58,,3,3
2026-01-24 12:06:29.583753,0x433b0b38,174,257,265,115,170,176,6.25,-78,,5,5
2026-01-24 12:07:24.823353,0x433af380,1,1,3,1,1,3,8.0,-34,,3,3
2026-01-24 12:07:27.278883,0x433ad35c,2,2,2,2,2,2,6.0,-59,,3,3
2026-01-24 12:07:30.785043,0x433b0b38,223,312,332,148,207,221,5.25,-76,,5,5
2026-01-24 12:08:25.346133,0x433af380,3,3,3,3,3,3,6.5,-34,,3,3
2026-01-24 12:08:27.954251,0x433ad35c,3,3,5,3,3,5,6.0,-58,,3,3
2026-01-24 12:08:30.748847,0x433b0b38,235,340,361,156,226,240,5.25,-77,,5,5
2026-01-24 12:09:25.599628,0x433af380,3,3,3,3,3,3,7.0,-34,,3,3
2026-01-24 12:09:28.088584,0x433ad35c,1,1,1,1,1,1,6.0,-58,,3,3
2026-01-24 12:09:31.091272,0x433b0b38,229,329,347,152,218,230,5.25,-78,,5,5
2026-01-24 12:10:25.612082,0x433af380,3,3,4,3,3,4,6.5,-34,,3,3
2026-01-24 12:10:28.126959,0x433ad35c,3,3,4,3,3,4,6.0,-59,,3,3
2026-01-24 12:10:30.481369,0x433b0b38,442,711,754,294,473,502,5.5,-75,,5,5
2026-01-24 12:11:25.640941,0x433af380,4,5,5,4,5,5,7.0,-34,,3,3
2026-01-24 12:11:28.111639,0x433ad35c,2,2,2,2,2,2,6.25,-59,,3,3
2026-01-24 12:11:31.318696,0x433b0b38,288,415,432,191,276,287,6.0,-77,,5,5
2026-01-24 12:12:25.967225,0x433af380,2,2,2,2,2,2,7.0,-34,,3,3
2026-01-24 12:12:28.440812,0x433ad35c,1,2,2,1,2,2,5.5,-59,,3,3
2026-01-24 12:12:31.766303,0x433b0b38,335,527,577,222,350,384,6.5,-77,,5,5
2026-01-24 12:13:27.123535,0x433af380,3,3,3,3,3,3,5.75,-33,,3,3
2026-01-24 12:13:31.089586,0x433ad35c,1,1,1,1,1,1,6.0,-59,,3,3
2026-01-24 12:13:34.043413,0x433b0b38,214,325,340,142,216,226,6.0,-75,,5,5
2026-01-24 12:14:27.113506,0x433af380,1,3,3,1,3,3,5.75,-34,,3,3
2026-01-24 12:14:29.671537,0x433ad35c,1,1,1,1,1,1,5.75,-60,,3,3
2026-01-24 12:14:33.335606,0x433b0b38,196,277,298,130,184,198,5.25,-78,,5,5
2026-01-24 12:15:28.470505,0x433af380,3,4,4,3,4,4,7.0,-33,,3,3
2026-01-24 12:15:31.028300,0x433ad35c,2,2,2,2,2,2,6.0,-59,,3,3
2026-01-24 12:15:32.810194,0x433b0b38,389,610,656,258,405,437,5.75,-78,,5,5
2026-01-24 12:16:27.339942,0x433af380,2,3,3,2,3,3,7.0,-34,,3,3
2026-01-24 12:16:29.831809,0x433ad35c,3,3,5,3,3,5,6.25,-59,,3,3
2026-01-24 12:16:32.957647,0x433b0b38,289,436,460,192,290,306,5.5,-78,,5,5
2026-01-24 12:17:27.652147,0x433af380,3,3,4,3,3,4,7.25,-34,,3,3
2026-01-24 12:17:30.123504,0x433ad35c,1,1,1,1,1,1,6.0,-59,,3,3
2026-01-24 12:17:33.227628,0x433b0b38,240,390,413,159,259,274,5.5,-78,,5,5
2026-01-24 12:18:27.612967,0x433af380,2,2,2,2,2,2,6.75,-34,,3,3
2026-01-24 12:18:30.135176,0x433ad35c,1,1,1,1,1,1,6.0,-59,,3,3
2026-01-24 12:18:33.961101,0x433b0b38,529,1116,1240,351,743,826,5.5,-76,,5,5
2026-01-24 12:19:28.163053,0x433af380,3,4,4,3,4,4,5.75,-34,,3,3
2026-01-24 12:19:30.745285,0x433ad35c,2,2,3,2,2,3,6.5,-59,,3,3
2026-01-24 12:19:33.236186,0x433b0b38,328,477,510,218,318,339,5.5,-76,,5,5
2026-01-24 12:20:28.330625,0x433af380,3,4,4,3,4,4,6.25,-33,,3,3
2026-01-24 12:20:30.968965,0x433ad35c,2,2,3,2,2,3,6.5,-59,,3,3
2026-01-24 12:20:34.177034,0x433b0b38,118,163,171,78,108,113,5.25,-78,,5,5
2026-01-24 12:21:28.710476,0x433af380,2,3,3,2,3,3,6.0,-34,,3,3
2026-01-24 12:21:33.739222,0x433ad35c,2,2,2,2,2,2,6.25,-59,,3,3
2026-01-24 12:21:36.045110,0x433b0b38,31,48,48,26,41,47,5.75,-76,,5,5
2026-01-24 12:22:28.574421,0x433af380,1,1,1,1,1,1,7.25,-34,,3,3
2026-01-24 12:22:31.105966,0x433ad35c,2,2,2,2,2,2,6.25,-59,,3,3
2026-01-24 12:22:33.673306,0x433b0b38,1,2,2,1,2,2,7.0,-77,,5,5
2026-01-24 12:23:29.964432,0x433af380,2,2,2,2,2,2,7.25,-34,,3,3
2026-01-24 12:23:33.208776,0x433ad35c,1,1,1,1,1,1,6.25,-59,,3,3
2026-01-24 12:23:35.431056,0x433b0b38,1,2,2,1,2,2,5.5,-76,,5,5
2026-01-24 12:24:29.606378,0x433af380,2,2,2,2,2,2,7.0,-34,,3,3
2026-01-24 12:24:32.138646,0x433ad35c,2,4,4,2,4,4,6.5,-59,,3,3
2026-01-24 12:24:34.411332,0x433b0b38,1,2,2,1,2,2,5.75,-77,,5,5
2026-01-24 12:25:29.384553,0x433af380,2,4,4,2,4,4,7.0,-33,,3,3
2026-01-24 12:25:31.958002,0x433ad35c,3,4,5,3,4,5,6.0,-58,,3,3
2026-01-24 12:25:34.509182,0x433b0b38,568,1051,1158,378,700,771,6.5,-77,,5,5
2026-01-24 12:26:29.976180,0x433af380,3,4,5,3,4,5,6.75,-34,,3,3
2026-01-24 12:26:32.506231,0x433ad35c,1,2,3,1,2,3,6.0,-58,,3,3
2026-01-24 12:26:35.554879,0x433b0b38,87,136,151,57,90,100,6.5,-77,,5,5
2026-01-24 12:27:29.817731,0x433af380,8,9,9,8,9,9,5.75,-33,,3,3
2026-01-24 12:27:32.458197,0x433ad35c,3,4,5,3,4,5,7.0,-59,,3,3
2026-01-24 12:27:35.507748,0x433b0b38,112,172,183,74,114,121,5.25,-79,,5,5
2026-01-24 12:28:30.223854,0x433af380,3,4,4,3,4,4,7.5,-34,,3,3
2026-01-24 12:28:32.753415,0x433ad35c,3,4,4,3,4,4,6.0,-57,,3,3
2026-01-24 12:28:35.236330,0x433b0b38,24,30,30,22,30,30,5.25,-78,,5,5
2026-01-24 12:29:30.729554,0x433af380,2,4,6,2,4,6,7.0,-34,,3,3
2026-01-24 12:29:33.217758,0x433ad35c,2,3,3,2,3,3,5.75,-59,,3,3
2026-01-24 12:29:35.606573,0x433b0b38,355,567,593,236,377,395,5.5,-77,,5,5
2026-01-24 12:30:30.603952,0x433af380,2,3,3,2,3,3,6.25,-33,,3,3
2026-01-24 12:30:33.131618,0x433ad35c,2,3,3,2,3,3,6.25,-58,,3,3
2026-01-24 12:30:36.695397,0x433b0b38,86,127,133,57,84,88,5.75,-78,,5,5
2026-01-24 12:31:31.453594,0x433af380,1,2,2,1,2,2,7.25,-34,,3,3
2026-01-24 12:31:34.070729,0x433ad35c,1,1,1,1,1,1,5.75,-58,,3,3
2026-01-24 12:31:36.881021,0x433b0b38,323,499,535,215,332,356,5.75,-80,,5,5
2026-01-24 12:32:31.672511,0x433af380,2,2,2,2,2,2,7.0,-34,,3,3
2026-01-24 12:32:34.335480,0x433ad35c,,,1,,,1,6.25,-59,,3,3
2026-01-24 12:32:36.856209,0x433b0b38,62,88,92,41,58,70,6.0,-77,,5,5
2026-01-24 12:33:31.943566,0x433af380,2,2,2,2,2,2,5.75,-34,,3,3
2026-01-24 12:33:34.494063,0x433ad35c,1,1,1,1,1,1,5.75,-58,,3,3
2026-01-24 12:33:37.804044,0x433b0b38,288,417,445,191,277,296,6.75,-77,,5,5
2026-01-24 12:34:31.780531,0x433af380,2,3,3,2,3,3,6.0,-33,,3,3
2026-01-24 12:34:34.434560,0x433ad35c,1,1,1,1,1,1,6.25,-58,,3,3
2026-01-24 12:34:38.424121,0x433b0b38,156,229,248,103,152,165,6.75,-77,,5,5
2026-01-24 12:35:32.475249,0x433af380,2,2,2,2,2,2,6.0,-34,,3,3
2026-01-24 12:35:35.097201,0x433ad35c,1,1,2,1,1,2,6.0,-59,,3,3
2026-01-24 12:35:37.858943,0x433b0b38,426,677,706,283,451,470,3.75,-76,,5,5
2026-01-24 12:36:32.572094,0x433af380,1,1,1,1,1,1,5.75,-33,,3,3
2026-01-24 12:36:35.103764,0x433ad35c,1,1,1,1,1,1,6.5,-59,,3,3
2026-01-24 12:36:38.786744,0x433b0b38,74,121,127,49,79,84,5.75,-79,,5,5
2026-01-24 12:37:32.746715,0x433af380,1,1,1,1,1,1,7.0,-33,,3,3
2026-01-24 12:37:35.317278,0x433ad35c,1,2,2,1,2,2,5.75,-59,,3,3
2026-01-24 12:37:37.785832,0x433b0b38,111,164,176,73,109,116,6.25,-80,,5,5
2026-01-24 12:38:32.919235,0x433af380,2,3,3,2,3,3,6.0,-33,,3,3
2026-01-24 12:38:35.284855,0x433ad35c,,,,,,,6.0,-58,,3,3
2026-01-24 12:38:37.678218,0x433b0b38,90,123,125,59,81,83,6.0,-77,,5,5
2026-01-24 12:39:33.211551,0x433af380,1,2,2,1,2,2,7.0,-33,,3,3
2026-01-24 12:39:35.620238,0x433ad35c,,,,,,,5.5,-58,,3,3
2026-01-24 12:39:39.056584,0x433b0b38,1,1,1,1,1,1,6.0,-77,,5,5
2026-01-24 12:40:33.378529,0x433af380,2,2,2,2,2,2,6.5,-34,,3,3
2026-01-24 12:40:35.909247,0x433ad35c,1,1,2,1,1,2,6.75,-58,,3,3
2026-01-24 12:40:38.512431,0x433b0b38,2,2,2,2,2,2,5.75,-78,,5,5
2026-01-24 12:41:33.889503,0x433af380,1,1,1,1,1,1,7.0,-34,,3,3
2026-01-24 12:41:36.689774,0x433ad35c,1,1,1,1,1,1,6.5,-59,,3,3
2026-01-24 12:41:40.531559,0x433b0b38,3,4,5,3,4,5,5.5,-78,,5,5
2026-01-24 12:42:34.084428,0x433af380,,,,,,,5.75,-33,,3,3
2026-01-24 12:42:36.634579,0x433ad35c,1,1,1,1,1,1,6.25,-59,,3,3
2026-01-24 12:42:40.461580,0x433b0b38,315,473,507,210,314,337,5.75,-78,,5,5
2026-01-24 12:43:34.463827,0x433af380,1,1,1,1,1,1,7.0,-34,,3,3
2026-01-24 12:43:37.988135,0x433ad35c,,,,,,,6.0,-58,,3,3
2026-01-24 12:43:39.758702,0x433b0b38,12,16,17,12,16,17,5.5,-76,,5,5
2026-01-24 12:44:34.859768,0x433af380,1,1,1,1,1,1,7.25,-34,,3,3
2026-01-24 12:44:40.149436,0x433b0b38,92,132,139,61,87,91,5.0,-79,,5,5
2026-01-24 12:44:42.407381,0x433ad35c,1,1,2,1,1,2,6.25,-58,,3,3
2026-01-24 12:45:34.858780,0x433af380,,1,1,,1,1,6.5,-33,,3,3
2026-01-24 12:45:39.377101,0x433b0b38,179,278,292,119,185,194,5.75,-78,,5,5
2026-01-24 12:45:41.713579,0x433ad35c,,,,,,,6.5,-58,,3,3
2026-01-24 12:46:35.298329,0x433af380,2,3,3,2,3,3,6.5,-34,,3,3
2026-01-24 12:46:37.825310,0x433ad35c,1,1,1,1,1,1,6.25,-58,,3,3
2026-01-24 12:46:40.224713,0x433b0b38,31,43,43,26,38,43,6.25,-77,,5,5
2026-01-24 12:47:34.997293,0x433af380,1,1,2,1,1,2,6.0,-34,,3,3
2026-01-24 12:47:39.252571,0x433ad35c,1,1,2,1,1,2,6.0,-59,,3,3
2026-01-24 12:47:40.874563,0x433b0b38,83,108,113,55,71,77,5.75,-77,,5,5
2026-01-24 12:48:35.605461,0x433af380,,,1,,,1,6.75,-34,,3,3
2026-01-24 12:48:38.153529,0x433ad35c,1,1,1,1,1,1,6.0,-59,,3,3
2026-01-24 12:48:41.193531,0x433b0b38,1,1,2,1,1,2,5.75,-78,,5,5
2026-01-24 12:49:36.022531,0x433af380,1,1,1,1,1,1,7.5,-33,,3,3
2026-01-24 12:49:38.494239,0x433ad35c,1,2,2,1,2,2,5.75,-58,,3,3
2026-01-24 12:49:41.227021,0x433b0b38,3,3,4,3,3,4,5.75,-77,,5,5
2026-01-24 12:50:35.828928,0x433af380,1,2,2,1,2,2,5.75,-34,,3,3
2026-01-24 12:50:38.360716,0x433ad35c,1,1,1,1,1,1,6.25,-57,,3,3
2026-01-24 12:50:42.057665,0x433b0b38,2,2,2,2,2,2,5.5,-77,,5,5
2026-01-24 12:51:36.778245,0x433af380,2,2,2,2,2,2,6.75,-33,,3,3
2026-01-24 12:51:39.268913,0x433ad35c,2,2,4,2,2,4,6.5,-59,,3,3
2026-01-24 12:51:41.812073,0x433b0b38,1,1,1,1,1,1,6.0,-77,,5,5
2026-01-24 12:52:36.512566,0x433af380,2,2,2,2,2,2,6.5,-34,,3,3
2026-01-24 12:52:39.103695,0x433ad35c,1,1,1,1,1,1,5.75,-59,,3,3
2026-01-24 12:52:42.103432,0x433b0b38,28,35,36,24,32,36,6.0,-77,,5,5
2026-01-24 12:53:37.184058,0x433af380,1,2,2,1,2,2,6.75,-34,,3,3
2026-01-24 12:53:40.498667,0x433ad35c,,,,,,,6.5,-59,,3,3
2026-01-24 12:53:43.759024,0x433b0b38,43,63,66,31,46,57,6.5,-76,,5,5
2026-01-24 12:54:37.334276,0x433af380,1,1,2,1,1,2,7.0,-33,,3,3
2026-01-24 12:54:39.759337,0x433ad35c,,,,,,,5.75,-59,,3,3
2026-01-24 12:54:42.561938,0x433b0b38,9,12,12,9,12,12,5.75,-79,,5,5
2026-01-24 12:55:37.536405,0x433af380,2,2,2,2,2,2,6.5,-34,,3,3
2026-01-24 12:55:39.868272,0x433ad35c,,,,,,,5.75,-59,,3,3
2026-01-24 12:55:43.508915,0x433b0b38,41,53,55,31,43,51,5.5,-78,,5,5
2026-01-24 12:56:37.955968,0x433af380,1,1,3,1,1,3,5.75,-34,,3,3
2026-01-24 12:56:40.525282,0x433ad35c,1,1,1,1,1,1,6.0,-58,,3,3
2026-01-24 12:56:48.268813,0x433b0b38,124,182,198,82,120,131,5.75,-78,,5,5
2026-01-24 12:57:38.431306,0x433af380,1,2,2,1,2,2,5.75,-33,,3,3
2026-01-24 12:57:40.938079,0x433ad35c,1,1,1,1,1,1,7.5,-59,,3,3
2026-01-24 12:57:43.782780,0x433b0b38,25,38,38,23,35,38,5.75,-78,,5,5
2026-01-24 12:58:37.998863,0x433af380,1,1,1,1,1,1,6.75,-34,,3,3
2026-01-24 12:58:40.473282,0x433ad35c,2,2,2,2,2,2,6.0,-58,,3,3
2026-01-24 12:58:43.595826,0x433b0b38,8,12,14,8,12,14,5.5,-77,,5,5
2026-01-24 12:59:40.668401,0x433ad35c,,,,,,,5.75,-59,,3,3
2026-01-24 12:59:43.231825,0x433af380,2,2,2,2,2,2,6.0,-33,,3,3
2026-01-24 12:59:46.438133,0x433b0b38,33,48,50,27,40,48,5.5,-78,,5,5
2026-01-24 13:00:39.002148,0x433af380,1,1,1,1,1,1,7.0,-34,,3,3
2026-01-24 13:00:41.756488,0x433ad35c,1,1,1,1,1,1,6.75,-58,,3,3
2026-01-24 13:00:44.156109,0x433b0b38,1,2,2,1,2,2,5.75,-77,,5,5
2026-01-24 13:01:38.883369,0x433af380,1,1,1,1,1,1,6.25,-34,,3,3
2026-01-24 13:01:41.374772,0x433ad35c,1,1,1,1,1,1,6.25,-58,,3,3
2026-01-24 13:01:44.233024,0x433b0b38,1,2,3,1,2,3,5.25,-76,,5,5
2026-01-23 16:01:37.784090,0x433b0b38,19,36,43,19,33,43,6.0,-75,,5,5
2026-01-23 16:02:09.266440,0x433ad35c,23,37,42,22,34,42,6.25,-59,,3,3
2026-01-23 16:02:13.953099,0x433af380,25,42,45,22,37,44,6.25,-34,,3,3
2026-01-23 16:02:37.541509,0x433b0b38,18,36,36,18,34,36,6.0,-74,,5,5
2026-01-23 16:03:09.588429,0x433ad35c,20,34,34,20,32,34,6.0,-59,,3,3
2026-01-23 16:03:14.624050,0x433af380,42,58,59,31,45,53,6.0,-35,,3,3
2026-01-23 16:03:37.757392,0x433b0b38,19,33,44,19,32,44,6.0,-75,,5,5
2026-01-23 16:04:09.714565,0x433ad35c,23,39,45,22,35,45,6.0,-59,,3,3
2026-01-23 16:04:18.856764,0x433af380,26,40,41,23,35,41,6.75,-34,,3,3
2026-01-23 16:04:38.794078,0x433b0b38,19,36,39,19,33,39,5.5,-73,,5,5
2026-01-23 16:05:09.948593,0x433ad35c,21,36,37,20,33,37,7.0,-59,,3,3
2026-01-23 16:05:21.025198,0x433af380,47,65,69,33,48,59,6.0,-34,,3,3
2026-01-23 16:05:40.057340,0x433b0b38,16,29,29,16,29,29,7.0,-74,,5,5
2026-01-23 16:06:10.307424,0x433ad35c,22,38,40,21,35,40,5.5,-59,,3,3
2026-01-23 16:06:14.961353,0x433af380,47,66,68,33,48,59,6.25,-34,,3,3
2026-01-23 16:06:39.163628,0x433b0b38,23,42,43,21,37,43,7.25,-74,,5,5
2026-01-23 16:07:10.433293,0x433ad35c,19,34,36,19,32,36,6.0,-58,,3,3
2026-01-23 16:07:17.327989,0x433af380,28,42,45,24,37,44,6.0,-34,,3,3
2026-01-23 16:07:38.765065,0x433b0b38,18,38,43,18,35,43,6.25,-74,,5,5
2026-01-23 16:08:10.876087,0x433ad35c,21,30,35,20,29,35,6.0,-59,,3,3
2026-01-23 16:08:17.236766,0x433af380,28,45,45,24,38,44,6.25,-34,,3,3
2026-01-23 16:08:38.939429,0x433b0b38,17,27,30,17,27,30,6.25,-76,,5,5
2026-01-23 16:09:11.356638,0x433ad35c,21,37,41,20,34,41,5.75,-59,,3,3
2026-01-23 16:09:19.043365,0x433af380,31,45,49,26,38,47,6.0,-34,,3,3
2026-01-23 16:09:41.244124,0x433b0b38,24,42,45,22,37,45,5.5,-76,,5,5
2026-01-23 16:10:11.650188,0x433ad35c,20,33,39,20,32,39,6.0,-59,,3,3
2026-01-23 16:10:17.431271,0x433af380,30,47,49,26,40,47,7.75,-34,,3,3
2026-01-23 16:10:39.563195,0x433b0b38,18,31,33,18,30,33,5.5,-76,,5,5
2026-01-23 16:11:11.436419,0x433ad35c,18,34,37,18,32,37,6.25,-58,,3,3
2026-01-23 16:11:14.693589,0x433af380,28,46,50,24,39,48,7.0,-35,,3,3
2026-01-23 16:11:39.691266,0x433b0b38,19,33,37,19,32,37,5.5,-76,,5,5
2026-01-23 16:12:11.655195,0x433ad35c,21,34,36,20,32,36,6.5,-58,,3,3
2026-01-23 16:12:17.547379,0x433af380,34,54,55,28,43,51,5.75,-34,,3,3
2026-01-23 16:12:39.865701,0x433b0b38,21,31,36,20,30,36,5.5,-75,,5,5
2026-01-23 16:13:11.974385,0x433ad35c,19,30,34,19,30,34,6.25,-58,,3,3
2026-01-23 16:13:17.502349,0x433af380,27,44,47,24,38,46,6.75,-34,,3,3
2026-01-23 16:13:40.791223,0x433b0b38,19,41,44,19,36,44,5.75,-75,,5,5
2026-01-23 16:14:12.240028,0x433ad35c,20,37,42,20,34,42,5.75,-58,,3,3
2026-01-23 16:14:17.455428,0x433af380,32,51,52,27,42,49,5.75,-34,,3,3
2026-01-23 16:14:43.795907,0x433b0b38,19,35,40,19,32,40,5.5,-75,,5,5
2026-01-23 16:15:13.326308,0x433ad35c,20,36,40,20,33,40,4.75,-58,,3,3
2026-01-23 16:15:24.140500,0x433af380,28,48,51,24,40,49,6.0,-34,,3,3
2026-01-23 16:15:42.678639,0x433b0b38,21,38,39,20,35,39,5.75,-75,,5,5
2026-01-23 16:16:12.951982,0x433ad35c,19,35,36,19,32,36,6.25,-59,,3,3
2026-01-23 16:16:17.904751,0x433af380,41,56,57,31,44,52,6.0,-34,,3,3
2026-01-23 16:16:41.221888,0x433b0b38,20,44,47,19,38,46,5.5,-76,,5,5
2026-01-23 16:17:13.089268,0x433ad35c,20,34,39,20,32,39,6.5,-58,,3,3
2026-01-23 16:17:17.773101,0x433af380,32,52,52,27,42,49,6.5,-34,,3,3
2026-01-23 16:17:41.418104,0x433b0b38,20,35,35,19,32,35,5.75,-75,,5,5
2026-01-23 16:18:14.126408,0x433ad35c,19,34,39,19,32,39,6.25,-57,,3,3
2026-01-23 16:18:18.443383,0x433af380,24,38,40,22,35,40,6.0,-34,,3,3
2026-01-23 16:18:41.641689,0x433b0b38,21,34,36,20,32,36,6.0,-75,,5,5
2026-01-23 16:19:13.424401,0x433ad35c,20,40,45,20,36,45,6.0,-59,,3,3
2026-01-23 16:19:18.140157,0x433af380,78,97,99,51,64,72,6.0,-34,,3,3
2026-01-23 16:19:42.098121,0x433b0b38,21,34,36,20,32,36,5.75,-76,,5,5
2026-01-23 16:20:13.842384,0x433ad35c,22,39,40,21,35,40,6.25,-58,,3,3
2026-01-23 16:20:27.202846,0x433af380,27,40,42,24,36,42,6.0,-34,,3,3
2026-01-23 16:20:42.155799,0x433b0b38,18,29,33,18,29,33,5.75,-76,,5,5
2026-01-23 16:21:15.298794,0x433ad35c,20,35,38,20,33,38,6.0,-59,,3,3
2026-01-23 16:21:19.016098,0x433af380,29,44,46,25,38,45,6.25,-33,,3,3
2026-01-23 16:21:42.489972,0x433b0b38,20,31,36,19,30,36,5.5,-76,,5,5
2026-01-23 16:22:15.135602,0x433ad35c,21,37,38,20,34,38,5.75,-58,,3,3
2026-01-23 16:22:18.788220,0x433af380,35,51,56,28,42,52,7.0,-34,,3,3
2026-01-23 16:22:42.648840,0x433b0b38,19,29,30,19,29,30,5.75,-76,,5,5
2026-01-23 16:23:14.520817,0x433ad35c,22,33,34,21,32,34,6.25,-59,,3,3
2026-01-23 16:23:19.066537,0x433af380,71,90,90,47,59,69,7.25,-34,,3,3
2026-01-23 16:23:42.985407,0x433b0b38,20,32,35,20,31,35,5.75,-76,,5,5
2026-01-23 16:24:16.012703,0x433ad35c,18,31,36,18,30,36,5.75,-59,,3,3
2026-01-23 16:24:17.934003,0x433af380,31,49,53,26,40,49,6.25,-34,,3,3
2026-01-23 16:24:45.474170,0x433b0b38,22,33,37,21,32,37,5.75,-75,,5,5
2026-01-23 16:25:14.903910,0x433ad35c,21,37,39,20,34,39,6.75,-58,,3,3
2026-01-23 16:25:19.195897,0x433af380,34,52,53,28,42,50,6.75,-34,,3,3
2026-01-23 16:25:43.631616,0x433b0b38,17,26,26,17,26,26,4.75,-75,,5,5
2026-01-23 16:26:16.047616,0x433ad35c,22,33,35,21,32,35,6.0,-58,,3,3
2026-01-23 16:26:20.662832,0x433af380,24,37,38,22,34,38,8.0,-34,,3,3
2026-01-23 16:26:44.135714,0x433b0b38,13,29,31,13,29,31,5.75,-76,,5,5
2026-01-23 16:27:17.172888,0x433ad35c,18,29,31,18,29,31,6.0,-58,,3,3
2026-01-23 16:27:20.911910,0x433af380,22,39,41,21,35,41,7.75,-34,,3,3
2026-01-23 16:27:44.118558,0x433b0b38,16,29,32,16,29,32,5.75,-75,,5,5
2026-01-23 16:28:16.675428,0x433ad35c,19,37,44,19,34,44,6.25,-58,,3,3
2026-01-23 16:28:23.008061,0x433af380,25,42,45,22,37,44,6.0,-34,,3,3
2026-01-23 16:28:44.063762,0x433b0b38,23,35,35,22,33,35,5.5,-75,,5,5
2026-01-23 16:29:16.296613,0x433ad35c,18,30,32,18,30,32,6.5,-58,,3,3
2026-01-23 16:29:26.110691,0x433af380,29,47,50,25,40,48,7.75,-34,,3,3
2026-01-23 16:29:45.140539,0x433b0b38,19,38,44,19,34,44,5.5,-76,,5,5
2026-01-23 16:30:18.534390,0x433ad35c,17,36,39,17,33,39,6.0,-58,,3,3
2026-01-23 16:30:20.388808,0x433af380,23,37,37,22,34,37,6.0,-34,,3,3
2026-01-23 16:30:44.493236,0x433b0b38,15,24,25,15,24,25,5.25,-76,,5,5
2026-01-23 16:31:19.188011,0x433ad35c,19,35,39,19,33,39,5.75,-59,,3,3
2026-01-23 16:31:25.868715,0x433af380,21,37,40,20,34,40,5.5,-33,,3,3
2026-01-23 16:31:44.723406,0x433b0b38,17,21,23,17,21,23,5.5,-75,,5,5
2026-01-23 16:32:18.327710,0x433ad35c,21,34,39,20,32,39,5.75,-58,,3,3
2026-01-23 16:32:20.186590,0x433af380,30,43,46,26,38,45,6.5,-34,,3,3
2026-01-23 16:32:44.957102,0x433b0b38,20,36,39,20,33,39,5.75,-76,,5,5
2026-01-23 16:33:18.470393,0x433ad35c,17,31,34,17,30,34,6.25,-58,,3,3
2026-01-23 16:33:21.267551,0x433af380,25,41,44,23,36,44,7.5,-34,,3,3
2026-01-23 16:33:45.299535,0x433b0b38,19,34,34,19,32,34,5.75,-75,,5,5
2026-01-23 16:34:17.456157,0x433ad35c,21,33,35,20,32,35,5.75,-58,,3,3
2026-01-23 16:34:25.086416,0x433af380,36,51,52,28,42,49,7.5,-34,,3,3
2026-01-23 16:34:45.621842,0x433b0b38,20,39,41,20,36,41,5.5,-75,,5,5
2026-01-23 16:35:17.745047,0x433ad35c,19,34,38,19,32,38,5.25,-58,,3,3
2026-01-23 16:35:23.735206,0x433af380,40,54,55,30,43,51,7.5,-34,,3,3
2026-01-23 16:35:45.650615,0x433b0b38,19,35,40,19,33,40,5.5,-75,,5,5
2026-01-23 16:36:20.067780,0x433ad35c,22,32,33,21,31,33,6.25,-58,,3,3
2026-01-23 16:36:21.789770,0x433af380,25,42,42,22,37,42,7.75,-34,,3,3
2026-01-23 16:36:47.581220,0x433b0b38,19,35,40,19,32,40,5.5,-75,,5,5
2026-01-23 16:37:19.558577,0x433ad35c,20,37,41,20,34,41,6.25,-58,,3,3
2026-01-23 16:37:21.232981,0x433af380,36,54,56,28,43,52,7.5,-34,,3,3
2026-01-23 16:37:46.508406,0x433b0b38,17,30,37,17,29,37,6.0,-75,,5,5
2026-01-23 16:38:20.184427,0x433ad35c,18,31,34,18,30,34,6.0,-58,,3,3
2026-01-23 16:38:23.355940,0x433af380,29,51,57,25,42,52,7.0,-34,,3,3
2026-01-23 16:38:46.847069,0x433b0b38,17,33,35,17,32,35,5.75,-75,,5,5
2026-01-23 16:39:20.874657,0x433ad35c,22,37,44,21,34,44,6.0,-58,,3,3
2026-01-23 16:39:23.627730,0x433af380,28,44,50,24,38,48,6.0,-34,,3,3
2026-01-23 16:39:47.197663,0x433b0b38,20,32,34,20,31,34,5.75,-75,,5,5
2026-01-23 16:40:20.132985,0x433ad35c,21,35,38,20,33,38,6.0,-58,,3,3
2026-01-23 16:40:21.994800,0x433af380,27,45,48,23,38,46,6.25,-34,,3,3
2026-01-23 16:40:47.753604,0x433b0b38,18,34,35,18,32,35,5.5,-75,,5,5
2026-01-23 16:41:20.275350,0x433ad35c,17,32,36,17,31,36,6.25,-59,,3,3
2026-01-23 16:41:22.137101,0x433af380,22,38,39,21,34,39,7.5,-34,,3,3
2026-01-23 16:41:48.035745,0x433b0b38,18,25,37,18,25,37,5.5,-75,,5,5
2026-01-23 16:42:20.192550,0x433ad35c,22,40,42,21,36,42,6.0,-58,,3,3
2026-01-23 16:42:24.381716,0x433af380,26,46,51,23,39,49,6.5,-35,,3,3
2026-01-23 16:42:48.719164,0x433b0b38,17,30,30,17,30,30,5.75,-75,,5,5
2026-01-23 16:43:19.749711,0x433ad35c,19,28,30,19,28,30,6.0,-58,,3,3
2026-01-23 16:43:22.405976,0x433af380,26,41,42,23,36,42,6.25,-34,,3,3
2026-01-23 16:43:47.929208,0x433b0b38,16,26,26,16,26,26,5.5,-76,,5,5
2026-01-23 16:44:21.319426,0x433ad35c,20,33,33,20,32,33,6.0,-58,,3,3
2026-01-23 16:44:23.076812,0x433af380,27,41,43,24,36,43,6.25,-34,,3,3
2026-01-23 16:44:49.522777,0x433b0b38,17,28,28,17,28,28,5.75,-75,,5,5
2026-01-23 16:45:21.413498,0x433ad35c,18,28,30,18,28,30,6.25,-58,,3,3
2026-01-23 16:45:23.191456,0x433af380,44,64,69,32,47,59,6.5,-34,,3,3
2026-01-23 16:45:49.229050,0x433b0b38,18,32,38,18,31,38,5.75,-76,,5,5
2026-01-23 16:46:20.925951,0x433ad35c,20,31,33,20,30,33,5.75,-58,,3,3
2026-01-23 16:46:23.533044,0x433af380,27,42,43,24,37,43,5.75,-33,,3,3
2026-01-23 16:46:49.218934,0x433b0b38,20,29,32,20,29,32,5.5,-75,,5,5
2026-01-23 16:47:20.695599,0x433ad35c,19,30,36,19,30,36,5.75,-58,,3,3
2026-01-23 16:47:23.730446,0x433af380,29,46,47,25,39,46,7.25,-34,,3,3
2026-01-23 16:47:48.910335,0x433b0b38,18,32,37,18,31,37,5.5,-75,,5,5
2026-01-23 16:48:22.488620,0x433ad35c,19,28,28,19,28,28,6.25,-57,,3,3
2026-01-23 16:48:27.106266,0x433af380,26,40,41,23,35,41,5.75,-33,,3,3
2026-01-23 16:48:49.093658,0x433b0b38,20,35,35,20,33,35,5.5,-75,,5,5
2026-01-23 16:49:22.852243,0x433ad35c,17,34,39,17,32,39,6.25,-58,,3,3
2026-01-23 16:49:24.613103,0x433af380,52,67,68,35,48,58,6.25,-34,,3,3
2026-01-23 16:49:49.538202,0x433b0b38,16,27,29,16,27,29,5.75,-75,,5,5
2026-01-23 16:50:22.811039,0x433ad35c,18,28,31,18,28,31,6.0,-58,,3,3
2026-01-23 16:50:26.490531,0x433af380,62,80,80,41,53,64,7.25,-33,,3,3
2026-01-23 16:50:49.557348,0x433b0b38,16,31,33,16,30,33,5.75,-76,,5,5
2026-01-23 16:51:21.675265,0x433ad35c,18,26,28,18,26,28,6.0,-59,,3,3
2026-01-23 16:51:25.650689,0x433af380,28,49,52,24,41,49,7.5,-33,,3,3
2026-01-23 16:51:49.795562,0x433b0b38,15,32,37,15,31,37,5.0,-75,,5,5
2026-01-23 16:52:21.907724,0x433ad35c,17,32,36,17,31,36,6.0,-58,,3,3
2026-01-23 16:52:24.645715,0x433af380,25,39,41,22,35,41,7.0,-34,,3,3
2026-01-23 16:52:50.028175,0x433b0b38,15,24,28,15,24,28,5.75,-76,,5,5
2026-01-23 16:53:23.418472,0x433ad35c,17,32,34,17,31,34,6.25,-58,,3,3
2026-01-23 16:53:25.164012,0x433af380,33,48,48,27,40,47,6.75,-34,,3,3
2026-01-23 16:53:50.253063,0x433b0b38,16,24,26,16,24,26,5.75,-75,,5,5
2026-01-23 16:54:22.420510,0x433ad35c,17,32,33,17,31,33,6.0,-58,,3,3
2026-01-23 16:54:25.192338,0x433af380,25,39,42,22,35,42,6.25,-34,,3,3
2026-01-23 16:54:50.702482,0x433b0b38,16,25,28,16,25,28,5.75,-75,,5,5
2026-01-23 16:55:24.613866,0x433ad35c,18,28,28,18,28,28,5.75,-58,,3,3
2026-01-23 16:55:26.469218,0x433af380,32,48,49,26,40,47,5.5,-33,,3,3
2026-01-23 16:55:50.801836,0x433b0b38,17,29,33,17,29,33,5.75,-75,,5,5
2026-01-23 16:56:22.837137,0x433ad35c,16,29,31,16,29,31,5.75,-58,,3,3
2026-01-23 16:56:25.428081,0x433af380,25,36,36,23,33,36,7.25,-34,,3,3
2026-01-23 16:56:50.954262,0x433b0b38,16,23,24,16,23,24,6.0,-75,,5,5
2026-01-23 16:57:24.546786,0x433ad35c,20,35,38,20,33,38,6.5,-59,,3,3
2026-01-23 16:57:26.542298,0x433af380,28,40,41,24,35,41,7.25,-34,,3,3
2026-01-23 16:57:51.178779,0x433b0b38,16,27,28,16,27,28,5.75,-76,,5,5
2026-01-23 16:58:24.623522,0x433af380,23,38,39,22,35,39,6.75,-34,,3,3
2026-01-23 16:58:27.736089,0x433ad35c,23,38,43,22,35,43,6.0,-58,,3,3
2026-01-23 16:58:51.422161,0x433b0b38,16,27,29,16,27,29,6.0,-75,,5,5
2026-01-23 16:59:25.064033,0x433ad35c,20,30,35,20,30,35,5.0,-59,,3,3
2026-01-23 16:59:25.959528,0x433af380,24,34,34,22,32,34,7.5,-34,,3,3
2026-01-23 16:59:51.850751,0x433b0b38,23,41,51,22,36,49,6.0,-75,,5,5
2026-01-23 17:00:24.435458,0x433ad35c,20,34,41,20,32,41,6.0,-58,,3,3
2026-01-23 17:00:26.378751,0x433af380,40,53,54,30,42,50,5.75,-34,,3,3
2026-01-23 17:00:52.258589,0x433b0b38,16,26,30,16,26,30,5.5,-75,,5,5
2026-01-23 20:01:34.571914,0x433b0b38,14,19,19,14,19,19,5.75,-76,,5,5
2026-01-23 20:02:10.538402,0x433af380,21,28,29,20,28,29,6.75,-33,,3,3
2026-01-23 20:02:13.087627,0x433ad35c,15,21,23,15,21,23,6.0,-58,,3,3
2026-01-23 20:02:34.867967,0x433b0b38,14,20,23,14,20,23,5.5,-77,,5,5
2026-01-23 20:03:10.634665,0x433af380,19,25,26,19,25,26,6.5,-34,,3,3
2026-01-23 20:03:13.153546,0x433ad35c,14,22,23,14,22,23,6.0,-58,,3,3
2026-01-23 20:03:35.026435,0x433b0b38,16,28,30,16,28,30,6.0,-77,,5,5
2026-01-23 20:04:10.818198,0x433af380,21,28,33,20,28,33,6.25,-34,,3,3
2026-01-23 20:04:13.362339,0x433ad35c,13,16,17,13,16,17,5.75,-57,,3,3
2026-01-23 20:04:35.224836,0x433b0b38,16,23,23,16,23,23,6.0,-76,,5,5
2026-01-23 20:05:11.446473,0x433af380,21,27,28,20,27,28,6.75,-34,,3,3
2026-01-23 20:05:13.880969,0x433ad35c,16,25,27,16,25,27,6.75,-57,,3,3
2026-01-23 20:05:35.659322,0x433b0b38,12,20,23,12,20,23,5.5,-76,,5,5
2026-01-23 20:06:11.440453,0x433af380,20,28,34,20,28,34,7.0,-33,,3,3
2026-01-23 20:06:13.885222,0x433ad35c,17,26,28,17,26,28,6.0,-57,,3,3
2026-01-23 20:06:35.680484,0x433b0b38,13,21,24,13,21,24,5.5,-77,,5,5
2026-01-23 20:07:11.771291,0x433af380,19,29,30,19,29,30,6.0,-34,,3,3
2026-01-23 20:07:14.351374,0x433ad35c,11,19,19,11,19,19,6.25,-57,,3,3
2026-01-23 20:07:35.953618,0x433b0b38,15,20,20,15,20,20,6.0,-76,,5,5
2026-01-23 20:08:12.649234,0x433af380,19,24,25,19,24,25,5.75,-33,,3,3
2026-01-23 20:08:15.079387,0x433ad35c,18,25,26,18,25,26,6.5,-57,,3,3
2026-01-23 20:08:36.679454,0x433b0b38,15,22,24,15,22,24,5.25,-77,,5,5
2026-01-23 20:09:12.407464,0x433af380,21,29,30,20,29,30,6.75,-34,,3,3
2026-01-23 20:09:16.292237,0x433ad35c,16,23,26,16,23,26,5.75,-57,,3,3
2026-01-23 20:09:36.376531,0x433b0b38,12,22,22,12,22,22,5.5,-76,,5,5
2026-01-23 20:10:12.438832,0x433af380,21,27,27,20,27,27,7.5,-33,,3,3
2026-01-23 20:10:14.971387,0x433ad35c,15,24,28,15,24,28,6.25,-58,,3,3
2026-01-23 20:10:37.411528,0x433b0b38,10,18,23,10,18,23,5.5,-77,,5,5
2026-01-23 20:11:12.905536,0x433af380,20,28,29,19,28,29,6.75,-34,,3,3
2026-01-23 20:11:15.355167,0x433ad35c,14,20,22,14,20,22,6.5,-57,,3,3
2026-01-23 20:11:37.326469,0x433b0b38,13,19,20,13,19,20,5.5,-77,,5,5
2026-01-23 20:12:14.774668,0x433af380,21,29,30,20,29,30,6.75,-34,,3,3
2026-01-23 20:12:17.325221,0x433ad35c,12,19,23,12,19,23,6.25,-57,,3,3
2026-01-23 20:12:37.765867,0x433b0b38,12,19,22,12,19,22,5.5,-77,,5,5
2026-01-23 20:13:13.187258,0x433af380,22,30,31,21,30,31,7.5,-34,,3,3
2026-01-23 20:13:15.654089,0x433ad35c,17,23,27,17,23,27,6.25,-57,,3,3
2026-01-23 20:13:37.287364,0x433b0b38,13,18,20,13,18,20,5.75,-77,,5,5
2026-01-23 20:14:13.849494,0x433af380,22,30,31,21,30,31,7.0,-33,,3,3
2026-01-23 20:14:16.365455,0x433ad35c,15,20,21,15,20,21,6.5,-57,,3,3
2026-01-23 20:14:37.570361,0x433b0b38,11,17,17,11,17,17,5.75,-77,,5,5
2026-01-23 20:15:13.626521,0x433af380,22,31,32,21,30,32,6.0,-33,,3,3
2026-01-23 20:15:16.040992,0x433ad35c,15,21,23,15,21,23,6.0,-57,,3,3
2026-01-23 20:15:37.975914,0x433b0b38,12,14,14,12,14,14,6.25,-77,,5,5
2026-01-23 20:16:13.801834,0x433af380,22,31,32,21,30,32,5.75,-34,,3,3
2026-01-23 20:16:16.270721,0x433ad35c,14,20,20,14,20,20,6.5,-57,,3,3
2026-01-23 20:16:38.100044,0x433b0b38,11,18,18,11,18,18,5.0,-77,,5,5
2026-01-23 20:17:14.230085,0x433af380,24,33,33,22,32,33,7.25,-34,,3,3
2026-01-23 20:17:16.738597,0x433ad35c,16,24,24,16,24,24,5.75,-57,,3,3
2026-01-23 20:17:38.303343,0x433b0b38,12,20,25,12,20,25,5.5,-78,,5,5
2026-01-23 20:18:16.659300,0x433ad35c,15,24,30,15,24,30,6.25,-57,,3,3
2026-01-23 20:18:19.684499,0x433af380,21,30,32,20,30,32,6.75,-34,,3,3
2026-01-23 20:18:38.461793,0x433b0b38,12,22,23,12,22,23,5.25,-78,,5,5
2026-01-23 20:19:17.016669,0x433af380,22,38,40,21,35,40,3.0,-70,,3,2
2026-01-23 20:19:17.740167,0x433ad35c,13,18,18,13,18,18,6.25,-57,,3,3
2026-01-23 20:19:38.676688,0x433b0b38,12,16,19,12,16,19,5.5,-77,,5,5
2026-01-23 20:20:15.004846,0x433af380,19,25,26,19,25,26,8.0,-34,,3,3
2026-01-23 20:20:17.536358,0x433ad35c,15,20,20,15,20,20,6.25,-57,,3,3
2026-01-23 20:20:39.132635,0x433b0b38,11,15,16,11,15,16,6.0,-77,,5,5
2026-01-23 20:21:15.479058,0x433af380,22,29,31,21,29,31,6.0,-34,,3,3
2026-01-23 20:21:17.989096,0x433ad35c,13,17,19,13,17,19,6.25,-57,,3,3
2026-01-23 20:21:39.145819,0x433b0b38,12,17,17,12,17,17,6.0,-77,,5,5
2026-01-23 20:22:15.863662,0x433af380,22,32,32,21,31,32,7.0,-33,,3,3
2026-01-23 20:22:19.169418,0x433ad35c,12,19,22,12,19,22,6.75,-57,,3,3
2026-01-23 20:22:39.387241,0x433b0b38,14,27,30,14,27,30,5.5,-76,,5,5
2026-01-23 20:23:15.956178,0x433af380,21,30,30,20,29,30,8.0,-34,,3,3
2026-01-23 20:23:18.373168,0x433ad35c,16,21,22,16,21,22,6.25,-58,,3,3
2026-01-23 20:23:39.633071,0x433b0b38,11,19,21,11,19,21,5.25,-77,,5,5
2026-01-23 20:24:18.699750,0x433af380,23,33,35,21,31,35,6.0,-33,,3,3
2026-01-23 20:24:21.249705,0x433ad35c,15,21,21,15,21,21,6.0,-58,,3,3
2026-01-23 20:24:40.004341,0x433b0b38,12,19,21,12,19,21,5.5,-78,,5,5
2026-01-23 20:25:16.218375,0x433af380,21,28,30,20,28,30,5.5,-33,,3,3
2026-01-23 20:25:18.648225,0x433ad35c,19,25,28,19,25,28,6.0,-57,,3,3
2026-01-23 20:25:40.962814,0x433b0b38,12,20,23,12,20,23,5.75,-77,,5,5
2026-01-23 20:26:17.124468,0x433af380,23,31,32,22,30,32,5.5,-34,,3,3
2026-01-23 20:26:19.538378,0x433ad35c,17,23,23,17,23,23,6.0,-58,,3,3
2026-01-23 20:26:40.356565,0x433b0b38,13,18,18,13,18,18,6.5,-77,,5,5
2026-01-23 20:27:16.923521,0x433af380,22,29,31,21,29,31,6.75,-34,,3,3
2026-01-23 20:27:19.336823,0x433ad35c,18,26,31,18,26,31,6.25,-58,,3,3
2026-01-23 20:27:40.733496,0x433b0b38,13,22,24,13,22,24,5.75,-77,,5,5
2026-01-23 20:28:17.000200,0x433af380,23,31,31,21,30,31,6.75,-34,,3,3
2026-01-23 20:28:19.495287,0x433ad35c,20,30,33,20,30,33,6.0,-58,,3,3
2026-01-23 20:28:41.322307,0x433b0b38,12,15,15,12,15,15,5.75,-78,,5,5
2026-01-23 20:29:17.861632,0x433af380,28,38,40,24,35,40,6.0,-34,,3,3
2026-01-23 20:29:21.719709,0x433ad35c,19,28,29,19,28,29,6.0,-57,,3,3
2026-01-23 20:29:41.153727,0x433b0b38,14,25,25,14,25,25,6.0,-76,,5,5
2026-01-23 20:30:17.712029,0x433af380,21,33,33,20,31,33,7.0,-34,,3,3
2026-01-23 20:30:20.929714,0x433ad35c,17,26,28,17,26,28,5.75,-57,,3,3
2026-01-23 20:30:41.478811,0x433b0b38,18,27,29,18,27,29,5.5,-76,,5,5
2026-01-23 20:31:17.831231,0x433af380,23,33,35,21,31,35,6.0,-35,,3,3
2026-01-23 20:31:20.246291,0x433ad35c,16,23,24,16,23,24,6.25,-57,,3,3
2026-01-23 20:31:41.524250,0x433b0b38,14,19,19,14,19,19,6.0,-77,,5,5
2026-01-23 20:32:18.001971,0x433af380,24,32,35,22,31,35,6.0,-34,,3,3
2026-01-23 20:32:20.418080,0x433ad35c,17,25,26,17,25,26,6.5,-57,,3,3
2026-01-23 20:32:41.885625,0x433b0b38,15,24,28,15,24,28,5.5,-77,,5,5
2026-01-23 20:33:18.809844,0x433af380,24,36,36,22,33,36,6.0,-34,,3,3
2026-01-23 20:33:21.371412,0x433ad35c,18,23,23,18,23,23,6.25,-57,,3,3
2026-01-23 20:33:41.956416,0x433b0b38,16,22,27,16,22,27,5.75,-78,,5,5
2026-01-23 20:34:18.618968,0x433af380,25,34,35,23,32,35,7.0,-34,,3,3
2026-01-23 20:34:21.120661,0x433ad35c,14,25,27,14,25,27,6.25,-57,,3,3
2026-01-23 20:34:42.187588,0x433b0b38,16,18,20,16,18,20,5.5,-77,,5,5
2026-01-23 20:35:18.893596,0x433af380,21,34,34,20,32,34,6.0,-34,,3,3
2026-01-23 20:35:21.345152,0x433ad35c,17,24,24,17,24,24,6.0,-57,,3,3
2026-01-23 20:35:43.301801,0x433b0b38,14,20,22,14,20,22,5.25,-76,,5,5
2026-01-23 20:36:20.190865,0x433af380,27,38,39,24,35,39,6.75,-34,,3,3
2026-01-23 20:36:22.740409,0x433ad35c,18,29,32,18,29,32,6.25,-57,,3,3
2026-01-23 20:36:42.636031,0x433b0b38,8,19,19,8,19,19,6.25,-76,,5,5
2026-01-23 20:37:19.354369,0x433af380,23,36,38,22,33,38,7.25,-34,,3,3
2026-01-23 20:37:21.836910,0x433ad35c,15,23,23,15,23,23,6.0,-57,,3,3
2026-01-23 20:37:42.922790,0x433b0b38,14,21,23,14,21,23,6.0,-77,,5,5
2026-01-23 20:38:19.693480,0x433af380,19,29,31,19,29,31,7.5,-34,,3,3
2026-01-23 20:38:22.221638,0x433ad35c,17,27,28,17,27,28,5.75,-57,,3,3
2026-01-23 20:38:43.098888,0x433b0b38,14,21,22,14,21,22,5.25,-77,,5,5
2026-01-23 20:39:20.166129,0x433af380,26,35,36,23,32,36,6.5,-33,,3,3
2026-01-23 20:39:23.186865,0x433ad35c,17,26,28,17,26,28,6.25,-56,,3,3
2026-01-23 20:39:43.888667,0x433b0b38,17,24,26,17,24,26,6.0,-77,,5,5
2026-01-23 20:40:20.203516,0x433af380,25,35,36,23,33,36,6.25,-34,,3,3
2026-01-23 20:40:22.616091,0x433ad35c,15,21,22,15,21,22,6.0,-56,,3,3
2026-01-23 20:40:44.451344,0x433b0b38,14,20,24,14,20,24,5.5,-77,,5,5
2026-01-23 20:41:20.624166,0x433af380,23,34,34,21,32,34,5.75,-34,,3,3
2026-01-23 20:41:23.039431,0x433ad35c,16,24,25,16,24,25,5.75,-56,,3,3
2026-01-23 20:41:43.841124,0x433b0b38,15,25,25,15,25,25,5.0,-77,,5,5
2026-01-23 20:42:20.587556,0x433af380,27,36,37,24,33,37,7.0,-34,,3,3
2026-01-23 20:42:23.078957,0x433ad35c,15,22,25,15,22,25,6.25,-57,,3,3
2026-01-23 20:42:44.025608,0x433b0b38,16,28,30,16,28,30,5.75,-77,,5,5
2026-01-23 20:43:20.985641,0x433af380,30,44,45,26,38,45,5.75,-34,,3,3
2026-01-23 20:43:23.397366,0x433ad35c,15,23,23,15,23,23,6.0,-57,,3,3
2026-01-23 20:43:44.256753,0x433b0b38,11,18,23,11,18,23,5.5,-76,,5,5
2026-01-23 20:44:21.242714,0x433af380,26,36,36,23,33,36,7.5,-34,,3,3
2026-01-23 20:44:23.656416,0x433ad35c,18,28,29,18,28,29,6.0,-56,,3,3
2026-01-23 20:44:44.496522,0x433b0b38,15,28,32,15,28,32,4.75,-77,,5,5
2026-01-23 20:45:21.822698,0x433af380,24,38,42,22,34,42,7.5,-34,,3,3
2026-01-23 20:45:24.314102,0x433ad35c,18,30,31,18,30,31,5.75,-58,,3,3
2026-01-23 20:45:44.937232,0x433b0b38,14,23,27,14,23,27,5.0,-76,,5,5
2026-01-23 20:46:22.042527,0x433af380,26,38,38,23,34,38,7.5,-33,,3,3
2026-01-23 20:46:24.569006,0x433ad35c,16,25,26,16,25,26,6.25,-57,,3,3
2026-01-23 20:46:44.958641,0x433b0b38,12,19,19,12,19,19,5.5,-77,,5,5
2026-01-23 20:47:22.213476,0x433af380,28,37,37,24,34,37,7.5,-34,,3,3
2026-01-23 20:47:24.762472,0x433ad35c,17,25,26,17,25,26,6.5,-57,,3,3
2026-01-23 20:47:45.184561,0x433b0b38,14,29,31,14,29,31,5.25,-78,,5,5
2026-01-23 20:48:22.128738,0x433af380,24,36,37,22,33,37,7.5,-34,,3,3
2026-01-23 20:48:26.976474,0x433ad35c,15,19,20,15,19,20,5.0,-57,,3,3
2026-01-23 20:48:45.992133,0x433b0b38,14,19,21,14,19,21,5.5,-77,,5,5
2026-01-23 20:49:22.957934,0x433af380,26,37,37,23,34,37,7.25,-34,,3,3
2026-01-23 20:49:28.735748,0x433ad35c,13,19,19,13,19,19,6.75,-57,,3,3
2026-01-23 20:49:45.676968,0x433b0b38,16,28,34,16,28,34,6.5,-77,,5,5
2026-01-23 20:50:22.672273,0x433af380,26,37,37,23,34,37,6.25,-34,,3,3
2026-01-23 20:50:25.085820,0x433ad35c,18,29,30,18,29,30,6.0,-57,,3,3
2026-01-23 20:50:46.758030,0x433b0b38,17,27,33,17,27,33,5.25,-77,,5,5
2026-01-23 20:51:22.919207,0x433af380,25,35,35,22,32,35,7.5,-34,,3,3
2026-01-23 20:51:25.334283,0x433ad35c,16,22,22,16,22,22,4.75,-58,,3,3
2026-01-23 20:51:46.109384,0x433b0b38,13,26,28,13,26,28,5.5,-77,,5,5
2026-01-23 20:52:23.184498,0x433af380,26,34,35,23,32,35,7.0,-33,,3,3
2026-01-23 20:52:25.599096,0x433ad35c,15,25,26,15,25,26,6.0,-57,,3,3
2026-01-23 20:52:46.339524,0x433b0b38,15,24,27,15,24,27,5.0,-77,,5,5
2026-01-23 20:53:23.492698,0x433af380,25,34,37,23,32,37,6.0,-33,,3,3
2026-01-23 20:53:25.985528,0x433ad35c,15,19,20,15,19,20,6.25,-57,,3,3
2026-01-23 20:53:46.588170,0x433b0b38,12,17,20,12,17,20,5.75,-77,,5,5
2026-01-23 20:54:23.921831,0x433af380,21,38,38,20,34,38,6.75,-34,,3,3
2026-01-23 20:54:26.411595,0x433ad35c,16,24,27,16,24,27,5.5,-56,,3,3
2026-01-23 20:54:46.861456,0x433b0b38,14,25,27,14,25,27,5.5,-76,,5,5
2026-01-23 20:55:23.922581,0x433af380,23,32,32,22,31,32,7.5,-34,,3,3
2026-01-23 20:55:26.353109,0x433ad35c,14,20,23,14,20,23,6.0,-58,,3,3
2026-01-23 20:55:47.981085,0x433b0b38,14,26,32,14,26,32,6.25,-77,,5,5
2026-01-23 20:56:24.485926,0x433af380,26,37,37,23,34,37,7.25,-34,,3,3
2026-01-23 20:56:26.988330,0x433ad35c,15,21,24,15,21,24,6.0,-58,,3,3
2026-01-23 20:56:47.317137,0x433b0b38,16,20,20,16,20,20,5.75,-77,,5,5
2026-01-23 20:57:24.536980,0x433af380,25,39,39,23,35,39,7.5,-34,,3,3
2026-01-23 20:57:30.628083,0x433ad35c,14,22,23,14,22,23,6.75,-57,,3,3
2026-01-23 20:57:47.547053,0x433b0b38,13,23,24,13,23,24,5.0,-77,,5,5
2026-01-23 20:58:24.826520,0x433af380,24,31,34,22,30,34,5.5,-34,,3,3
2026-01-23 20:58:27.343934,0x433ad35c,15,17,17,15,17,17,6.5,-56,,3,3
2026-01-23 20:58:47.886791,0x433b0b38,14,24,24,14,24,24,5.75,-76,,5,5
2026-01-23 20:59:25.339054,0x433af380,23,29,30,22,29,30,6.75,-34,,3,3
2026-01-23 20:59:32.149791,0x433ad35c,14,22,27,14,22,27,6.25,-58,,3,3
2026-01-23 20:59:48.019336,0x433b0b38,12,27,29,12,27,29,5.25,-76,,5,5
2026-01-23 21:00:25.232142,0x433af380,20,27,27,19,27,27,8.0,-34,,3,3
2026-01-23 21:00:27.754524,0x433ad35c,14,26,27,14,26,27,6.25,-57,,3,3
2026-01-23 21:00:48.426921,0x433b0b38,14,24,27,14,24,27,5.5,-77,,5,5
2026-01-25 06:03:10.790710,0x433af380,1,2,2,1,2,2,7.25,-34,,3,3
2026-01-25 06:03:13.166150,0x433b0b38,,,,,,,6.25,-78,,5,5
2026-01-25 06:03:14.752258,0x433ad35c,1,1,2,1,1,2,5.75,-56,,3,3
2026-01-25 06:04:10.657660,0x433af380,2,4,4,2,4,4,6.75,-34,,3,3
2026-01-25 06:04:12.989083,0x433b0b38,,,,,,,5.75,-77,,5,5
2026-01-25 06:04:15.818661,0x433ad35c,1,1,2,1,1,2,6.0,-56,,3,3
2026-01-25 06:05:12.626538,0x433af380,3,3,3,3,3,3,5.75,-34,,3,3
2026-01-25 06:05:14.466688,0x433ad35c,1,1,2,1,1,2,7.5,-56,,3,3
2026-01-25 06:05:20.825640,0x433b0b38,1,1,1,1,1,1,5.25,-75,,5,4
2026-01-25 06:06:13.536852,0x433af380,3,3,5,3,3,5,7.5,-33,,3,3
2026-01-25 06:06:18.436902,0x433b0b38,1,1,1,1,1,1,6.0,-77,,5,5
2026-01-25 06:06:20.330022,0x433ad35c,1,1,1,1,1,1,5.75,-56,,3,3
2026-01-25 06:07:11.717851,0x433af380,3,3,3,3,3,3,6.75,-34,,3,3
2026-01-25 06:07:14.093515,0x433ad35c,,,1,,,1,6.25,-56,,3,3
2026-01-25 06:07:15.720063,0x433b0b38,1,1,1,1,1,1,5.75,-77,,5,5
2026-01-25 06:08:11.980496,0x433af380,2,2,2,2,2,2,7.5,-34,,3,3
2026-01-25 06:08:15.178468,0x433ad35c,1,1,2,1,1,2,6.25,-56,,3,3
2026-01-25 06:08:21.160490,0x433b0b38,1,1,2,1,1,2,5.5,-75,,5,4
2026-01-25 06:09:12.101429,0x433af380,2,2,2,2,2,2,6.75,-34,,3,3
2026-01-25 06:09:14.727512,0x433ad35c,1,1,1,1,1,1,6.5,-56,,3,3
2026-01-25 06:09:18.551793,0x433b0b38,,,1,,,1,5.25,-78,,5,5
2026-01-25 06:10:12.502299,0x433af380,1,1,1,1,1,1,7.5,-34,,3,3
2026-01-25 06:10:14.929459,0x433ad35c,2,2,2,2,2,2,6.75,-56,,3,3
2026-01-25 06:10:16.637707,0x433b0b38,,1,1,,1,1,5.5,-78,,5,5
2026-01-25 06:11:14.703505,0x433af380,2,3,3,2,3,3,7.5,-33,,3,3
2026-01-25 06:11:17.084846,0x433b0b38,,1,1,,1,1,5.75,-78,,5,5
2026-01-25 06:11:18.733799,0x433ad35c,2,2,2,2,2,2,6.5,-56,,3,3
2026-01-25 06:12:12.910450,0x433af380,2,3,3,2,3,3,7.0,-34,,3,3
2026-01-25 06:12:16.244840,0x433ad35c,,1,1,,1,1,6.5,-56,,3,3
2026-01-25 06:12:20.994652,0x433b0b38,,,,,,,5.25,-76,,5,4
2026-01-25 06:13:13.168113,0x433af380,2,3,3,2,3,3,7.5,-34,,3,3
2026-01-25 06:13:15.657281,0x433ad35c,1,1,1,1,1,1,7.5,-56,,3,3
2026-01-25 06:13:20.655067,0x433b0b38,1,1,3,1,1,3,5.75,-70,,5,4
2026-01-25 06:14:13.521416,0x433af380,3,4,5,3,4,5,7.75,-34,,3,3
2026-01-25 06:14:16.579430,0x433b0b38,1,1,1,1,1,1,5.5,-77,,5,5
2026-01-25 06:14:19.650122,0x433ad35c,1,1,1,1,1,1,6.25,-56,,3,3
2026-01-25 06:15:13.800457,0x433af380,2,3,4,2,3,4,7.25,-34,,3,3
2026-01-25 06:15:17.100595,0x433ad35c,2,2,2,2,2,2,5.75,-56,,3,3
2026-01-25 06:15:19.599786,0x433b0b38,2,2,2,2,2,2,5.25,-78,,5,5
2026-01-25 06:16:14.082490,0x433af380,1,2,2,1,2,2,5.75,-34,,3,3
2026-01-25 06:16:16.597666,0x433ad35c,1,1,1,1,1,1,5.5,-56,,3,3
2026-01-25 06:16:25.051895,0x433b0b38,,,,,,,5.5,-76,,5,4
2026-01-25 06:17:14.184650,0x433af380,11,12,12,11,12,12,7.25,-33,,3,3
2026-01-25 06:17:16.650124,0x433b0b38,,,2,,,2,6.0,-78,,5,5
2026-01-25 06:17:18.336591,0x433ad35c,2,2,2,2,2,2,6.5,-56,,3,3
2026-01-25 06:18:14.654247,0x433af380,2,3,3,2,3,3,6.75,-33,,3,3
2026-01-25 06:18:18.470528,0x433ad35c,1,1,1,1,1,1,5.75,-56,,3,3
2026-01-25 06:18:26.701235,0x433b0b38,,1,1,,1,1,5.5,-76,,5,4
2026-01-25 06:19:15.061874,0x433af380,2,2,2,2,2,2,6.75,-35,,3,3
2026-01-25 06:19:17.477072,0x433ad35c,1,2,2,1,2,2,6.0,-57,,3,3
2026-01-25 06:19:19.112989,0x433b0b38,,,2,,,2,5.25,-78,,5,5
2026-01-25 06:20:15.074790,0x433af380,4,5,5,4,5,5,6.25,-34,,3,3
2026-01-25 06:20:17.496971,0x433b0b38,3,11,17,3,11,17,5.75,-77,,5,5
2026-01-25 06:20:19.186308,0x433ad35c,2,2,2,2,2,2,6.0,-57,,3,3
2026-01-25 06:21:15.292454,0x433af380,2,4,4,2,4,4,7.5,-34,,3,3
2026-01-25 06:21:18.604499,0x433ad35c,,1,2,,1,2,6.5,-56,,3,3
2026-01-25 06:21:21.018255,0x433b0b38,,1,1,,1,1,5.5,-77,,5,5
2026-01-25 06:22:15.586511,0x433af380,3,3,3,3,3,3,7.25,-35,,3,3
2026-01-25 06:22:18.002206,0x433ad35c,1,1,1,1,1,1,6.0,-56,,3,3
2026-01-25 06:22:24.542090,0x433b0b38,1,1,1,1,1,1,5.5,-75,,5,4
2026-01-25 06:23:16.078679,0x433af380,2,2,2,2,2,2,7.5,-34,,3,3
2026-01-25 06:23:18.529605,0x433ad35c,2,2,2,2,2,2,6.0,-56,,3,3
2026-01-25 06:23:20.456725,0x433b0b38,1,1,1,1,1,1,5.75,-77,,5,5
2026-01-25 06:24:16.016091,0x433af380,1,2,2,1,2,2,7.25,-34,,3,3
2026-01-25 06:24:19.411700,0x433ad35c,2,2,2,2,2,2,6.5,-56,,3,3
2026-01-25 06:24:22.029376,0x433b0b38,1,1,1,1,1,1,6.25,-78,,5,5
2026-01-25 06:25:16.413448,0x433af380,1,2,2,1,2,2,6.0,-34,,3,3
2026-01-25 06:25:18.711561,0x433ad35c,,,,,,,6.0,-56,,3,3
2026-01-25 06:25:21.567065,0x433b0b38,,,2,,,2,5.75,-70,,5,4
2026-01-25 06:26:16.486658,0x433af380,1,1,1,1,1,1,6.75,-34,,3,3
2026-01-25 06:26:19.005033,0x433b0b38,2,2,4,2,2,4,6.0,-76,,5,5
2026-01-25 06:26:20.670684,0x433ad35c,1,1,1,1,1,1,6.0,-56,,3,3
2026-01-25 06:27:17.827617,0x433af380,3,4,4,3,4,4,7.25,-34,,3,3
2026-01-25 06:27:21.166866,0x433ad35c,1,1,1,1,1,1,6.0,-56,,3,3
2026-01-25 06:27:22.795803,0x433b0b38,1,1,1,1,1,1,5.75,-77,,5,5
2026-01-25 06:28:17.169326,0x433af380,1,1,1,1,1,1,6.25,-35,,3,3
2026-01-25 06:28:19.772708,0x433ad35c,1,1,1,1,1,1,5.5,-57,,3,3
2026-01-25 06:28:25.020134,0x433b0b38,1,1,1,1,1,1,5.0,-75,,5,4
2026-01-25 06:29:17.378805,0x433af380,2,2,2,2,2,2,7.25,-34,,3,3
2026-01-25 06:29:19.920677,0x433b0b38,2,2,2,2,2,2,6.0,-77,,5,5
2026-01-25 06:29:22.920294,0x433ad35c,1,1,1,1,1,1,5.75,-56,,3,3
2026-01-25 06:30:18.914790,0x433af380,2,3,3,2,3,3,8.25,-35,,3,3
2026-01-25 06:30:21.413353,0x433ad35c,1,1,1,1,1,1,6.0,-56,,3,3
2026-01-25 06:30:25.419562,0x433b0b38,,,2,,,2,5.5,-75,,5,4
2026-01-25 06:31:18.116234,0x433af380,,1,1,,1,1,6.75,-34,,3,3
2026-01-25 06:31:20.640667,0x433b0b38,1,1,3,1,1,3,5.75,-78,,5,5
2026-01-25 06:31:22.388495,0x433ad35c,1,1,1,1,1,1,6.5,-56,,3,3
2026-01-25 06:32:18.049805,0x433af380,1,1,1,1,1,1,6.75,-34,,3,3
2026-01-25 06:32:20.642555,0x433ad35c,2,2,2,2,2,2,6.25,-56,,3,3
2026-01-25 06:32:22.351785,0x433b0b38,1,1,2,1,1,2,5.25,-77,,5,5
2026-01-25 06:33:19.958147,0x433af380,2,2,2,2,2,2,7.0,-34,,3,3
2026-01-25 06:33:21.812562,0x433ad35c,1,2,2,1,2,2,6.0,-56,,3,3
2026-01-25 06:33:23.037851,0x433b0b38,,,,,,,6.0,-78,,5,5
2026-01-25 06:34:18.734418,0x433af380,1,2,2,1,2,2,6.25,-34,,3,3
2026-01-25 06:34:21.333900,0x433ad35c,2,2,2,2,2,2,5.75,-56,,3,3
2026-01-25 06:34:30.855828,0x433b0b38,1,1,1,1,1,1,5.25,-75,,5,4
2026-01-25 06:35:19.025284,0x433af380,1,2,2,1,2,2,7.25,-34,,3,3
2026-01-25 06:35:21.480367,0x433ad35c,1,1,1,1,1,1,6.0,-56,,3,3
2026-01-25 06:35:23.001961,0x433b0b38,,,,,,,5.75,-77,,5,5
2026-01-25 06:36:19.450528,0x433af380,2,2,3,2,2,3,6.0,-34,,3,3
2026-01-25 06:36:21.944909,0x433ad35c,1,2,2,1,2,2,5.5,-56,,3,3
2026-01-25 06:36:24.224036,0x433b0b38,1,1,1,1,1,1,5.5,-75,,5,4
2026-01-25 06:37:19.512026,0x433af380,2,2,2,2,2,2,5.5,-34,,3,3
2026-01-25 06:37:21.835963,0x433b0b38,,,2,,,2,6.5,-78,,5,5
2026-01-25 06:37:23.380916,0x433ad35c,,,,,,,5.75,-56,,3,3
2026-01-25 06:38:19.697669,0x433af380,2,2,2,2,2,2,5.75,-35,,3,3
2026-01-25 06:38:22.160311,0x433b0b38,1,1,1,1,1,1,5.5,-77,,5,5
2026-01-25 06:38:25.118483,0x433ad35c,1,1,1,1,1,1,6.0,-56,,3,3
2026-01-25 06:39:19.972677,0x433af380,1,1,1,1,1,1,6.75,-34,,3,3
2026-01-25 06:39:22.505360,0x433ad35c,1,1,1,1,1,1,5.5,-56,,3,3
2026-01-25 06:39:24.753635,0x433b0b38,,,,,,,5.5,-78,,5,5
2026-01-25 06:40:20.758185,0x433af380,2,2,2,2,2,2,7.5,-34,,3,3
2026-01-25 06:40:23.089578,0x433ad35c,,,,,,,6.5,-57,,3,3
2026-01-25 06:40:24.467231,0x433b0b38,,,,,,,6.0,-77,,5,5
2026-01-25 06:41:20.447354,0x433af380,2,3,3,2,3,3,7.25,-33,,3,3
2026-01-25 06:41:22.970206,0x433ad35c,2,2,3,2,2,3,6.25,-56,,3,3
2026-01-25 06:41:26.641200,0x433b0b38,,,,,,,0.75,-76,,5,4
2026-01-25 06:42:22.121269,0x433af380,2,2,2,2,2,2,7.5,-34,,3,3
2026-01-25 06:42:24.640494,0x433ad35c,2,2,2,2,2,2,7.25,-56,,3,3
2026-01-25 06:42:29.064049,0x433b0b38,,,,,,,5.5,-77,,5,4
2026-01-25 06:43:21.203444,0x433af380,1,1,1,1,1,1,7.25,-34,,3,3
2026-01-25 06:43:23.493511,0x433b0b38,,,,,,,6.0,-78,,5,5
2026-01-25 06:43:24.962501,0x433ad35c,,,1,,,1,6.25,-56,,3,3
2026-01-25 06:44:21.598559,0x433af380,3,4,4,3,4,4,6.0,-34,,3,3
2026-01-25 06:44:24.091244,0x433ad35c,1,2,2,1,2,2,5.5,-56,,3,3
2026-01-25 06:44:27.060104,0x433b0b38,,,3,,,3,5.75,-78,,5,5
2026-01-25 06:45:22.640240,0x433af380,2,2,2,2,2,2,6.0,-35,,3,3
2026-01-25 06:45:25.064213,0x433ad35c,1,1,1,1,1,1,5.75,-57,,3,3
2026-01-25 06:45:28.982960,0x433b0b38,1,2,2,1,2,2,5.5,-76,,5,4
2026-01-25 06:46:21.889634,0x433af380,3,3,3,3,3,3,7.5,-34,,3,3
2026-01-25 06:46:24.474749,0x433ad35c,1,1,1,1,1,1,5.75,-56,,3,3
2026-01-25 06:47:22.135071,0x433af380,2,2,2,2,2,2,6.5,-34,,3,3
2026-01-25 06:47:24.585871,0x433ad35c,,,,,,,6.0,-56,,3,3
2026-01-25 06:47:30.354337,0x433b0b38,1,1,2,1,1,2,5.25,-76,,5,4
2026-01-25 06:48:22.267354,0x433af380,2,2,2,2,2,2,7.0,-34,,3,3
2026-01-25 06:48:25.718662,0x433ad35c,1,1,1,1,1,1,5.75,-56,,3,3
2026-01-25 06:48:28.167045,0x433b0b38,1,1,1,1,1,1,5.5,-78,,5,5
2026-01-25 06:49:22.937371,0x433af380,2,3,3,2,3,3,6.0,-33,,3,3
2026-01-25 06:49:25.413986,0x433ad35c,,,,,,,5.75,-56,,3,3
2026-01-25 06:49:30.437066,0x433b0b38,,,,,,,6.5,-77,,5,5
2026-01-25 06:50:22.717351,0x433af380,2,2,2,2,2,2,7.0,-34,,3,3
2026-01-25 06:50:25.118996,0x433ad35c,,,1,,,1,5.75,-56,,3,3
2026-01-25 06:50:28.794551,0x433b0b38,1,1,3,1,1,3,5.5,-76,,5,4
2026-01-25 06:51:23.493120,0x433af380,1,1,1,1,1,1,7.25,-34,,3,3
2026-01-25 06:51:25.956617,0x433b0b38,1,1,1,1,1,1,5.75,-78,,5,5
2026-01-25 06:51:27.505436,0x433ad35c,,,,,,,6.5,-56,,3,3
2026-01-25 06:52:23.647450,0x433af380,3,4,4,3,4,4,6.0,-34,,3,3
2026-01-25 06:52:26.166240,0x433b0b38,1,2,2,1,2,2,5.75,-78,,5,5
2026-01-25 06:52:27.799191,0x433ad35c,1,1,1,1,1,1,6.5,-56,,3,3
2026-01-25 06:53:23.502432,0x433af380,2,2,2,2,2,2,7.0,-35,,3,3
2026-01-25 06:53:25.993297,0x433b0b38,,1,1,,1,1,5.5,-78,,5,5
2026-01-25 06:53:26.645038,0x433ad35c,1,1,1,1,1,1,6.0,-56,,3,3
2026-01-25 06:54:24.101167,0x433af380,5,5,6,5,5,6,6.25,-34,,3,3
2026-01-25 06:54:26.760979,0x433ad35c,1,1,2,1,1,2,5.75,-56,,3,3
2026-01-25 06:54:33.198490,0x433b0b38,,,,,,,5.25,-75,,5,4
2026-01-25 06:55:24.381364,0x433af380,6,7,7,6,7,7,5.75,-33,,3,3
2026-01-25 06:55:26.921283,0x433ad35c,2,2,2,2,2,2,7.5,-56,,3,3
2026-01-25 06:55:29.693828,0x433b0b38,,1,1,,1,1,5.5,-69,,5,4
2026-01-25 06:56:24.591611,0x433af380,7,8,9,7,8,9,7.25,-34,,3,3
2026-01-25 06:56:27.091503,0x433ad35c,2,2,3,2,2,3,5.25,-56,,3,3
2026-01-25 06:56:28.896086,0x433b0b38,1,2,2,1,2,2,5.75,-76,,5,4
2026-01-25 06:57:24.710797,0x433af380,6,7,8,6,7,8,6.5,-33,,3,3
2026-01-25 06:57:27.034860,0x433b0b38,,,,,,,5.75,-77,,5,5
2026-01-25 06:57:28.579056,0x433ad35c,1,2,3,1,2,3,6.25,-57,,3,3
2026-01-25 06:58:25.019393,0x433af380,5,6,6,5,6,6,6.75,-34,,3,3
2026-01-25 06:58:27.517787,0x433b0b38,1,1,1,1,1,1,5.75,-77,,5,5
2026-01-25 06:58:31.502475,0x433ad35c,1,1,2,1,1,2,6.0,-56,,3,3
2026-01-25 06:59:25.097643,0x433af380,6,7,8,6,7,8,7.5,-33,,3,3
2026-01-25 06:59:27.535607,0x433ad35c,1,1,1,1,1,1,6.25,-57,,3,3
2026-01-25 06:59:28.847388,0x433b0b38,1,2,2,1,2,2,5.5,-77,,5,5
2026-01-25 07:00:25.502812,0x433af380,5,6,8,5,6,8,7.0,-34,,3,3
2026-01-25 07:00:28.013160,0x433b0b38,1,1,1,1,1,1,5.75,-77,,5,5
2026-01-25 07:00:30.421155,0x433ad35c,1,1,4,1,1,4,6.0,-56,,3,3
2026-01-25 07:01:25.599593,0x433af380,3,5,5,3,5,5,5.75,-34,,3,3
2026-01-25 07:01:28.090545,0x433ad35c,2,2,2,2,2,2,6.0,-56,,3,3
2026-01-25 07:01:30.954526,0x433b0b38,2,2,2,2,2,2,5.25,-75,,5,4
2026-01-25 07:02:25.932353,0x433af380,3,4,4,3,4,4,7.5,-34,,3,3
2026-01-25 07:02:28.574781,0x433b0b38,1,1,1,1,1,1,5.25,-78,,5,5
2026-01-25 07:02:30.205964,0x433ad35c,1,1,1,1,1,1,6.25,-56,,3,3
2026-01-24 04:02:16.871970,0x433af380,24,37,42,22,34,42,7.0,-34,,3,3
2026-01-24 04:02:19.470101,0x433ad35c,15,24,29,15,24,29,6.25,-59,,3,3
2026-01-24 04:02:27.989893,0x433b0b38,12,26,31,12,26,31,5.5,-78,,5,5
2026-01-24 04:03:17.240036,0x433af380,28,49,51,24,41,49,5.75,-34,,3,3
2026-01-24 04:03:19.756581,0x433ad35c,16,27,28,16,27,28,6.0,-59,,3,3
2026-01-24 04:03:28.016485,0x433b0b38,13,23,26,13,23,26,5.5,-77,,5,5
2026-01-24 04:04:17.212324,0x433af380,25,39,44,23,35,44,7.0,-34,,3,3
2026-01-24 04:04:20.338408,0x433ad35c,14,22,26,14,22,26,5.75,-59,,3,3
2026-01-24 04:04:28.272332,0x433b0b38,13,24,29,13,24,29,5.75,-77,,5,5
2026-01-24 04:05:17.900752,0x433af380,23,37,38,21,34,38,5.75,-34,,3,3
2026-01-24 04:05:23.321902,0x433ad35c,18,29,31,18,29,31,6.25,-59,,3,3
2026-01-24 04:05:28.480816,0x433b0b38,15,29,35,15,29,35,5.75,-77,,5,5
2026-01-24 04:06:17.767311,0x433af380,23,37,40,22,34,40,7.5,-34,,3,3
2026-01-24 04:06:20.312345,0x433ad35c,13,29,30,13,29,30,6.0,-58,,3,3
2026-01-24 04:06:28.710858,0x433b0b38,17,32,34,17,31,34,6.0,-77,,5,5
2026-01-24 04:07:18.192170,0x433af380,24,42,43,22,37,43,7.25,-34,,3,3
2026-01-24 04:07:20.690607,0x433ad35c,16,32,36,16,31,36,6.0,-59,,3,3
2026-01-24 04:07:29.745554,0x433b0b38,12,25,32,12,25,32,6.0,-76,,5,5
2026-01-24 04:08:18.354973,0x433af380,26,37,39,23,34,39,8.0,-34,,3,3
2026-01-24 04:08:20.847642,0x433ad35c,18,32,37,18,31,37,6.5,-59,,3,3
2026-01-24 04:08:29.173224,0x433b0b38,16,28,29,16,28,29,6.0,-77,,5,5
2026-01-24 04:09:18.605476,0x433af380,23,42,42,22,37,42,7.5,-34,,3,3
2026-01-24 04:09:21.115281,0x433ad35c,16,33,38,16,32,38,6.75,-59,,3,3
2026-01-24 04:09:29.407205,0x433b0b38,18,37,43,18,34,43,6.5,-76,,5,5
2026-01-24 04:10:18.767754,0x433af380,25,39,43,23,35,43,6.25,-34,,3,3
2026-01-24 04:10:22.069447,0x433ad35c,17,32,35,17,31,35,6.0,-58,,3,3
2026-01-24 04:10:29.637433,0x433b0b38,12,19,22,12,19,22,6.0,-77,,5,5
2026-01-24 04:11:19.536791,0x433af380,23,41,42,22,36,42,7.5,-34,,3,3
2026-01-24 04:11:24.169725,0x433ad35c,17,33,37,17,32,37,6.5,-58,,3,3
2026-01-24 04:11:29.919185,0x433b0b38,18,33,36,18,32,36,5.5,-77,,5,5
2026-01-24 04:12:19.404017,0x433af380,23,41,42,21,36,42,6.75,-34,,3,3
2026-01-24 04:12:22.215846,0x433ad35c,17,28,29,17,28,29,5.5,-59,,3,3
2026-01-24 04:12:30.344633,0x433b0b38,14,23,24,14,23,24,6.25,-77,,5,5
2026-01-24 04:13:19.752516,0x433af380,27,42,43,24,37,43,8.0,-34,,3,3
2026-01-24 04:13:22.256183,0x433ad35c,18,33,35,18,32,35,5.75,-59,,3,3
2026-01-24 04:13:30.362232,0x433b0b38,15,25,26,15,25,26,5.75,-78,,5,5
2026-01-24 04:14:20.095394,0x433af380,24,44,46,22,38,45,7.5,-34,,3,3
2026-01-24 04:14:22.604648,0x433ad35c,17,30,36,17,30,36,5.75,-59,,3,3
2026-01-24 04:14:30.712251,0x433b0b38,16,32,38,16,31,38,6.0,-77,,5,5
2026-01-24 04:15:20.380483,0x433af380,27,42,46,24,37,45,6.0,-34,,3,3
2026-01-24 04:15:26.413565,0x433ad35c,16,31,33,16,30,33,6.0,-59,,3,3
2026-01-24 04:15:30.958719,0x433b0b38,13,28,29,13,28,29,6.25,-77,,5,5
2026-01-24 04:16:20.598452,0x433af380,28,48,53,24,40,49,7.25,-34,,3,3
2026-01-24 04:16:23.012426,0x433ad35c,17,29,31,17,29,31,5.75,-58,,3,3
2026-01-24 04:16:31.064100,0x433b0b38,18,35,38,18,33,38,5.75,-77,,5,5
2026-01-24 04:17:20.507547,0x433af380,28,44,46,24,38,45,6.5,-34,,3,3
2026-01-24 04:17:22.999770,0x433ad35c,15,26,31,15,26,31,6.5,-59,,3,3
2026-01-24 04:17:31.506740,0x433b0b38,18,29,30,18,29,30,6.25,-76,,5,5
2026-01-24 04:18:21.399653,0x433af380,26,43,44,23,38,44,7.25,-34,,3,3
2026-01-24 04:18:23.831937,0x433ad35c,12,20,22,12,20,22,6.25,-58,,3,3
2026-01-24 04:18:31.544632,0x433b0b38,18,33,36,18,32,36,6.25,-77,,5,5
2026-01-24 04:19:21.384899,0x433af380,25,43,45,22,37,44,5.75,-34,,3,3
2026-01-24 04:19:23.873448,0x433ad35c,15,25,27,15,25,27,6.0,-58,,3,3
2026-01-24 04:19:31.759754,0x433b0b38,15,25,32,15,25,32,6.75,-77,,5,5
2026-01-24 04:20:21.840568,0x433af380,25,41,41,23,36,41,7.25,-33,,3,3
2026-01-24 04:20:24.389703,0x433ad35c,16,25,26,16,25,26,6.0,-59,,3,3
2026-01-24 04:20:32.134336,0x433b0b38,16,27,28,16,27,28,6.0,-77,,5,5
2026-01-24 04:21:22.196897,0x433af380,26,41,42,23,36,42,6.5,-34,,3,3
2026-01-24 04:21:27.814810,0x433ad35c,16,35,39,16,33,39,6.75,-59,,3,3
2026-01-24 04:21:32.223071,0x433b0b38,13,25,27,13,25,27,6.25,-77,,5,5
2026-01-24 04:22:23.686128,0x433af380,24,41,41,22,36,41,7.25,-34,,3,3
2026-01-24 04:22:26.217525,0x433ad35c,17,33,35,17,31,35,6.5,-59,,3,3
2026-01-24 04:22:33.384466,0x433b0b38,15,23,29,15,23,29,5.75,-77,,5,5
2026-01-24 04:23:22.105838,0x433af380,23,35,37,22,33,37,7.25,-33,,3,3
2026-01-24 04:23:24.594617,0x433ad35c,13,23,24,13,23,24,6.0,-59,,3,3
2026-01-24 04:23:32.689572,0x433b0b38,17,27,31,17,27,31,6.0,-77,,5,5
2026-01-24 04:24:22.890391,0x433af380,23,44,46,22,38,45,7.25,-34,,3,3
2026-01-24 04:24:25.521783,0x433ad35c,15,25,28,15,25,28,5.75,-58,,3,3
2026-01-24 04:24:32.937738,0x433b0b38,14,25,27,14,25,27,5.5,-78,,5,5
2026-01-24 04:25:23.225119,0x433af380,22,37,41,21,34,41,6.75,-34,,3,3
2026-01-24 04:25:25.651239,0x433ad35c,15,29,30,15,29,30,5.75,-59,,3,3
2026-01-24 04:25:33.166708,0x433b0b38,16,26,28,16,26,28,5.0,-77,,5,5
2026-01-24 04:26:23.000990,0x433af380,26,59,91,23,45,69,7.5,-34,,3,3
2026-01-24 04:26:25.473198,0x433ad35c,12,24,27,12,24,27,7.0,-59,,3,3
2026-01-24 04:26:34.781818,0x433b0b38,22,32,32,21,31,32,5.5,-77,,5,5
2026-01-24 04:27:23.769184,0x433af380,28,66,115,24,48,78,7.0,-33,,3,3
2026-01-24 04:27:26.202732,0x433ad35c,14,22,23,14,22,23,5.75,-58,,3,3
2026-01-24 04:27:34.667441,0x433b0b38,13,27,28,13,27,28,5.5,-77,,5,5
2026-01-24 04:28:25.648486,0x433ad35c,16,28,29,16,28,29,5.75,-59,,3,3
2026-01-24 04:28:28.500376,0x433af380,25,44,56,23,38,52,5.5,-34,,3,3
2026-01-24 04:28:33.870083,0x433b0b38,20,29,31,20,29,31,5.5,-76,,5,5
2026-01-24 04:29:24.383455,0x433af380,22,33,34,21,31,34,6.25,-34,,3,3
2026-01-24 04:29:26.912988,0x433ad35c,15,27,30,15,27,30,5.75,-59,,3,3
2026-01-24 04:29:36.502825,0x433b0b38,14,27,28,14,27,28,6.0,-76,,5,5
2026-01-24 04:30:24.281232,0x433af380,22,37,48,21,34,46,7.0,-34,,3,3
2026-01-24 04:30:27.752196,0x433ad35c,15,28,30,15,28,30,6.0,-59,,3,3
2026-01-24 04:30:34.574932,0x433b0b38,15,29,34,15,29,34,5.5,-77,,5,5
2026-01-24 04:31:24.701364,0x433af380,22,35,36,21,33,36,7.0,-34,,3,3
2026-01-24 04:31:27.220593,0x433ad35c,15,21,24,15,21,24,5.5,-58,,3,3
2026-01-24 04:31:34.790360,0x433b0b38,19,36,38,19,34,38,5.0,-78,,5,5
2026-01-24 04:32:24.674543,0x433af380,23,35,37,22,33,37,6.75,-35,,3,3
2026-01-24 04:32:27.154719,0x433ad35c,17,29,32,17,29,32,6.25,-59,,3,3
2026-01-24 04:32:36.303617,0x433b0b38,10,23,24,10,23,24,5.0,-77,,5,5
2026-01-24 04:33:24.836768,0x433af380,21,33,40,20,32,40,6.25,-34,,3,3
2026-01-24 04:33:27.409723,0x433ad35c,12,25,31,12,25,31,5.75,-59,,3,3
2026-01-24 04:33:35.970078,0x433b0b38,12,23,23,12,23,23,5.25,-76,,5,5
2026-01-24 04:34:25.372179,0x433af380,22,35,36,21,33,36,5.75,-34,,3,3
2026-01-24 04:34:27.854349,0x433ad35c,14,23,24,14,23,24,5.75,-58,,3,3
2026-01-24 04:34:35.564511,0x433b0b38,14,26,27,14,26,27,5.5,-77,,5,5
2026-01-24 04:35:25.423560,0x433af380,22,33,39,21,32,39,7.75,-34,,3,3
2026-01-24 04:35:27.854936,0x433ad35c,14,20,21,14,20,21,6.0,-59,,3,3
2026-01-24 04:35:36.055632,0x433b0b38,16,24,29,16,24,29,6.0,-77,,5,5
2026-01-24 04:36:25.649033,0x433af380,23,29,31,22,29,31,6.25,-34,,3,3
2026-01-24 04:36:28.155413,0x433ad35c,16,26,28,16,26,28,5.75,-59,,3,3
2026-01-24 04:36:35.999796,0x433b0b38,16,27,27,16,27,27,6.5,-77,,5,5
2026-01-24 04:37:26.012130,0x433af380,21,30,32,20,30,32,7.75,-35,,3,3
2026-01-24 04:37:28.580013,0x433ad35c,15,25,27,15,25,27,5.75,-59,,3,3
2026-01-24 04:37:36.437503,0x433b0b38,13,18,22,13,18,22,5.5,-77,,5,5
2026-01-24 04:38:26.193981,0x433af380,19,28,29,19,28,29,7.0,-33,,3,3
2026-01-24 04:38:28.667457,0x433ad35c,14,21,24,14,21,24,6.0,-59,,3,3
2026-01-24 04:38:36.455501,0x433b0b38,11,20,22,11,20,22,6.25,-76,,5,5
2026-01-24 04:39:26.901664,0x433af380,20,32,34,20,31,34,6.25,-34,,3,3
2026-01-24 04:39:29.316711,0x433ad35c,16,24,25,16,24,25,6.75,-59,,3,3
2026-01-24 04:39:36.687489,0x433b0b38,12,25,26,12,25,26,5.25,-77,,5,5
2026-01-24 04:40:26.806925,0x433af380,22,32,34,21,31,34,6.75,-34,,3,3
2026-01-24 04:40:32.631555,0x433ad35c,14,22,23,14,22,23,5.75,-59,,3,3
2026-01-24 04:40:36.924049,0x433b0b38,13,26,27,13,26,27,6.0,-77,,5,5
2026-01-24 04:41:27.317819,0x433af380,22,34,37,21,32,37,5.75,-33,,3,3
2026-01-24 04:41:30.019672,0x433ad35c,12,21,23,12,21,23,6.25,-59,,3,3
2026-01-24 04:41:37.270368,0x433b0b38,15,28,30,15,28,30,5.75,-76,,5,5
2026-01-24 04:42:27.259580,0x433af380,21,35,37,20,33,37,7.25,-34,,3,3
2026-01-24 04:42:29.851783,0x433ad35c,14,23,27,14,23,27,5.75,-58,,3,3
2026-01-24 04:42:40.328426,0x433b0b38,14,23,26,14,23,26,6.25,-77,,5,5
2026-01-24 04:43:27.915419,0x433af380,16,27,29,16,27,29,7.5,-34,,3,3
2026-01-24 04:43:30.334775,0x433ad35c,12,20,22,12,20,22,5.75,-59,,3,3
2026-01-24 04:43:37.670128,0x433b0b38,14,26,28,14,26,28,5.75,-77,,5,5
2026-01-24 04:44:28.004097,0x433af380,20,30,30,20,30,30,7.0,-35,,3,3
2026-01-24 04:44:30.450107,0x433ad35c,16,28,30,16,28,30,5.75,-59,,3,3
2026-01-24 04:44:37.964550,0x433b0b38,15,20,20,15,20,20,6.0,-77,,5,5
2026-01-24 04:45:28.470108,0x433af380,21,31,35,20,30,35,6.25,-34,,3,3
2026-01-24 04:45:31.003543,0x433ad35c,12,22,24,12,22,24,5.5,-59,,3,3
2026-01-24 04:45:38.289548,0x433b0b38,14,24,26,14,24,26,6.0,-77,,5,5
2026-01-24 04:46:28.273557,0x433af380,18,29,29,18,29,29,5.5,-34,,3,3
2026-01-24 04:46:30.833256,0x433ad35c,14,22,22,14,22,22,5.75,-59,,3,3
2026-01-24 04:46:38.327213,0x433b0b38,11,27,30,11,27,30,6.25,-77,,5,5
2026-01-24 04:47:28.636496,0x433af380,19,28,29,19,28,29,7.25,-34,,3,3
2026-01-24 04:47:31.083643,0x433ad35c,13,23,24,13,23,24,6.0,-59,,3,3
2026-01-24 04:47:39.661153,0x433b0b38,13,33,34,13,32,34,6.25,-77,,5,5
2026-01-24 04:48:28.980942,0x433af380,23,33,36,22,32,36,7.25,-33,,3,3
2026-01-24 04:48:31.617681,0x433ad35c,13,22,27,13,22,27,7.0,-58,,3,3
2026-01-24 04:48:40.067735,0x433b0b38,9,18,18,9,18,18,6.25,-76,,5,5
2026-01-24 04:49:29.196230,0x433af380,19,29,30,19,29,30,7.25,-34,,3,3
2026-01-24 04:49:31.703572,0x433ad35c,14,21,24,14,21,24,5.75,-59,,3,3
2026-01-24 04:49:40.677302,0x433b0b38,11,26,32,11,26,32,5.25,-76,,5,5
2026-01-24 04:50:29.272146,0x433af380,20,31,34,20,30,34,7.5,-33,,3,3
2026-01-24 04:50:31.719807,0x433ad35c,14,24,26,14,24,26,6.0,-58,,3,3
2026-01-24 04:50:40.364778,0x433b0b38,13,18,19,13,18,19,6.25,-77,,5,5
2026-01-24 04:51:29.780521,0x433af380,17,27,28,17,27,28,7.25,-34,,3,3
2026-01-24 04:51:38.305962,0x433ad35c,15,25,27,15,25,27,6.25,-58,,3,3
2026-01-24 04:51:41.532618,0x433b0b38,13,23,23,13,23,23,5.5,-77,,5,5
2026-01-24 04:52:29.959975,0x433af380,20,32,32,20,31,32,7.0,-34,,3,3
2026-01-24 04:52:33.646928,0x433ad35c,12,23,24,12,23,24,6.75,-59,,3,3
2026-01-24 04:52:40.329647,0x433b0b38,12,21,23,12,21,23,6.0,-77,,5,5
2026-01-24 04:53:30.602693,0x433af380,19,28,30,19,28,30,6.75,-34,,3,3
2026-01-24 04:53:33.028804,0x433ad35c,15,24,27,15,24,27,6.25,-58,,3,3
2026-01-24 04:53:40.565593,0x433b0b38,11,21,23,11,21,23,5.75,-77,,5,5
2026-01-24 04:54:30.864415,0x433af380,20,29,29,20,29,29,6.25,-34,,3,3
2026-01-24 04:54:33.390194,0x433ad35c,15,26,27,15,26,27,5.75,-59,,3,3
2026-01-24 04:54:40.608281,0x433b0b38,12,23,23,12,23,23,6.25,-77,,5,5
2026-01-24 04:55:30.944749,0x433af380,21,30,31,20,30,31,7.25,-34,,3,3
2026-01-24 04:55:33.368979,0x433ad35c,14,20,21,14,20,21,7.0,-59,,3,3
2026-01-24 04:55:40.790224,0x433b0b38,18,25,28,18,25,28,5.5,-77,,5,5
2026-01-24 04:56:31.090229,0x433af380,19,28,29,19,28,29,7.75,-34,,3,3
2026-01-24 04:56:33.668204,0x433ad35c,13,18,20,13,18,20,5.5,-58,,3,3
2026-01-24 04:56:41.023078,0x433b0b38,14,20,20,14,20,20,5.25,-76,,5,5
2026-01-24 04:57:31.483298,0x433af380,19,30,30,19,30,30,7.0,-34,,3,3
2026-01-24 04:57:33.908486,0x433ad35c,12,20,20,12,20,20,6.0,-59,,3,3
2026-01-24 04:57:42.034222,0x433b0b38,10,16,16,10,16,16,5.25,-76,,5,5
2026-01-24 04:58:31.389717,0x433af380,20,24,24,19,24,24,7.25,-34,,3,3
2026-01-24 04:58:33.954786,0x433ad35c,12,18,18,12,18,18,6.0,-59,,3,3
2026-01-24 04:58:41.478267,0x433b0b38,12,20,21,12,20,21,5.25,-77,,5,5
2026-01-24 04:59:31.990138,0x433af380,17,26,28,17,26,28,7.5,-34,,3,3
2026-01-24 04:59:34.592995,0x433ad35c,13,20,22,13,20,22,6.0,-59,,3,3
2026-01-24 04:59:42.211446,0x433b0b38,9,22,22,9,22,22,6.0,-77,,5,5
2026-01-24 05:00:32.245468,0x433af380,15,21,21,15,21,21,7.0,-34,,3,3
2026-01-24 05:00:34.790110,0x433ad35c,11,18,18,11,18,18,7.0,-59,,3,3
2026-01-24 05:00:42.489437,0x433b0b38,10,15,17,10,15,17,6.5,-77,,5,5
2026-01-24 05:01:32.211670,0x433af380,17,27,29,17,27,29,7.75,-33,,3,3
2026-01-24 05:01:35.345464,0x433ad35c,15,23,25,15,23,25,6.25,-58,,3,3
2026-01-24 19:02:14.720200,0x433af380,3,4,4,3,4,4,6.25,-33,,3,3
2026-01-24 19:02:17.276337,0x433ad35c,2,2,3,2,2,3,5.25,-57,,3,3
2026-01-24 19:02:20.253437,0x433b0b38,1,1,1,1,1,1,5.5,-78,,5,5
2026-01-24 19:03:15.634426,0x433af380,4,4,4,4,4,4,5.75,-33,,3,3
2026-01-24 19:03:20.045153,0x433ad35c,2,2,2,2,2,2,6.0,-56,,3,3
2026-01-24 19:03:21.789810,0x433b0b38,2,3,3,2,3,3,5.75,-78,,5,5
2026-01-24 19:04:16.245242,0x433af380,3,3,3,3,3,3,6.25,-34,,3,3
2026-01-24 19:04:18.708532,0x433ad35c,1,1,4,1,1,4,5.75,-56,,3,3
2026-01-24 19:04:20.050718,0x433b0b38,2,3,3,2,3,3,5.75,-78,,5,5
2026-01-24 19:05:15.487759,0x433af380,3,4,5,3,4,5,6.25,-33,,3,3
2026-01-24 19:05:19.915432,0x433ad35c,2,2,2,2,2,2,5.75,-56,,3,3
2026-01-24 19:05:23.109109,0x433b0b38,,1,1,,1,1,5.5,-78,,5,5
2026-01-24 19:06:19.848835,0x433af380,4,4,6,4,4,6,5.75,-34,,3,3
2026-01-24 19:06:20.796365,0x433ad35c,1,2,2,1,2,2,5.5,-70,,3,2
2026-01-24 19:06:26.292165,0x433b0b38,2,2,2,2,2,2,5.5,-78,,5,5
2026-01-24 19:07:16.280807,0x433af380,3,3,4,3,3,4,6.25,-34,,3,3
2026-01-24 19:07:18.743322,0x433ad35c,2,2,2,2,2,2,5.5,-57,,3,3
2026-01-24 19:07:20.859334,0x433b0b38,1,1,1,1,1,1,5.5,-78,,5,5
2026-01-24 19:08:16.541979,0x433af380,3,4,4,3,4,4,6.75,-34,,3,3
2026-01-24 19:08:19.091894,0x433ad35c,,1,1,,1,1,6.0,-57,,3,3
2026-01-24 19:08:20.956874,0x433b0b38,1,1,1,1,1,1,5.5,-78,,5,5
2026-01-24 19:09:16.522523,0x433af380,1,1,3,1,1,3,6.75,-34,,3,3
2026-01-24 19:09:20.943449,0x433ad35c,2,2,2,2,2,2,6.5,-57,,3,3
2026-01-24 19:09:23.681485,0x433b0b38,2,3,3,2,3,3,5.75,-78,,5,5
2026-01-24 19:10:16.792097,0x433af380,2,3,4,2,3,4,6.5,-34,,3,3
2026-01-24 19:10:21.885169,0x433ad35c,2,2,3,2,2,3,5.5,-56,,3,3
2026-01-24 19:10:23.587899,0x433b0b38,1,1,1,1,1,1,5.5,-78,,5,5
2026-01-24 19:11:17.366869,0x433af380,3,4,4,3,4,4,6.5,-34,,3,3
2026-01-24 19:11:21.753678,0x433ad35c,3,3,3,3,3,3,6.25,-56,,3,3
2026-01-24 19:11:23.037299,0x433b0b38,2,2,2,2,2,2,5.5,-77,,5,5
2026-01-24 19:12:17.370687,0x433af380,2,2,2,2,2,2,7.0,-33,,3,3
2026-01-24 19:12:19.920342,0x433ad35c,3,3,5,3,3,5,6.0,-56,,3,3
2026-01-24 19:12:22.369972,0x433b0b38,2,2,2,2,2,2,5.25,-78,,5,5
2026-01-24 19:13:18.081552,0x433af380,3,4,4,3,4,4,6.5,-34,,3,3
2026-01-24 19:13:20.612290,0x433ad35c,2,3,3,2,3,3,6.0,-56,,3,3
2026-01-24 19:13:23.204497,0x433b0b38,2,3,3,2,3,3,5.5,-77,,5,5
2026-01-24 19:14:17.844449,0x433af380,4,4,4,4,4,4,5.75,-34,,3,3
2026-01-24 19:14:22.314495,0x433ad35c,2,2,2,2,2,2,6.25,-56,,3,3
2026-01-24 19:14:24.015000,0x433b0b38,2,3,3,2,3,3,6.0,-78,,5,5
2026-01-24 19:15:21.428843,0x433af380,3,4,4,3,4,4,6.5,-34,,3,3
2026-01-24 19:15:25.055001,0x433ad35c,2,2,2,2,2,2,6.25,-57,,3,3
2026-01-24 19:15:27.337788,0x433b0b38,1,1,1,1,1,1,5.25,-78,,5,5
2026-01-24 19:16:18.501422,0x433af380,3,3,3,3,3,3,6.5,-34,,3,3
2026-01-24 19:16:22.884399,0x433ad35c,,,1,,,1,6.25,-57,,3,3
2026-01-24 19:16:24.263347,0x433b0b38,1,2,2,1,2,2,5.75,-78,,5,5
2026-01-24 19:17:20.873427,0x433ad35c,2,2,2,2,2,2,6.0,-57,,3,3
2026-01-24 19:17:23.672588,0x433af380,3,4,4,3,4,4,5.75,-34,,3,3
2026-01-24 19:17:26.128475,0x433b0b38,5,5,6,5,5,6,5.5,-78,,5,5
2026-01-24 19:18:18.869134,0x433af380,3,3,3,3,3,3,6.25,-34,,3,3
2026-01-24 19:18:21.349260,0x433ad35c,3,3,4,3,3,4,5.75,-55,,3,3
2026-01-24 19:18:24.726478,0x433b0b38,2,3,5,2,3,5,5.75,-78,,5,5
2026-01-24 19:19:21.102062,0x433af380,3,4,5,3,4,5,6.0,-33,,3,3
2026-01-24 19:19:23.617411,0x433ad35c,2,2,2,2,2,2,5.5,-57,,3,3
2026-01-24 19:19:25.208917,0x433b0b38,,1,1,,1,1,5.5,-78,,5,5
2026-01-24 19:20:21.933126,0x433ad35c,3,3,3,3,3,3,6.25,-57,,3,3
2026-01-24 19:20:24.694249,0x433af380,4,4,5,4,4,5,6.75,-34,,3,3
2026-01-24 19:20:27.290997,0x433b0b38,1,1,1,1,1,1,5.5,-78,,5,5
2026-01-24 19:21:20.968325,0x433af380,3,3,3,3,3,3,6.0,-33,,3,3
2026-01-24 19:21:23.523522,0x433ad35c,2,2,2,2,2,2,6.25,-56,,3,3
2026-01-24 19:21:25.457904,0x433b0b38,1,2,2,1,2,2,5.75,-78,,5,5
2026-01-24 19:22:21.478201,0x433af380,4,4,5,4,4,5,7.25,-33,,3,3
2026-01-24 19:22:23.946556,0x433ad35c,2,3,3,2,3,3,6.0,-57,,3,3
2026-01-24 19:22:25.676945,0x433b0b38,,,,,,,5.75,-78,,5,5
2026-01-24 19:23:23.145538,0x433af380,2,2,3,2,2,3,7.0,-34,,3,3
2026-01-24 19:23:25.609572,0x433ad35c,2,4,4,2,4,4,5.75,-56,,3,3
2026-01-24 19:23:32.677940,0x433b0b38,2,4,4,2,4,4,5.75,-74,,5,4
2026-01-24 19:24:22.805763,0x433af380,3,4,5,3,4,5,7.25,-33,,3,3
2026-01-24 19:24:25.358240,0x433ad35c,1,1,1,1,1,1,6.0,-56,,3,3
2026-01-24 19:24:31.454862,0x433b0b38,1,1,1,1,1,1,5.5,-74,,5,4
2026-01-24 19:25:22.970822,0x433af380,3,4,4,3,4,4,7.0,-34,,3,3
2026-01-24 19:25:25.430553,0x433ad35c,3,4,4,3,4,4,6.0,-56,,3,3
2026-01-24 19:25:32.906124,0x433b0b38,1,1,2,1,1,2,5.5,-75,,5,4
2026-01-24 19:26:23.765565,0x433ad35c,2,2,2,2,2,2,6.0,-56,,3,3
2026-01-24 19:26:26.469210,0x433af380,3,4,4,3,4,4,6.25,-34,,3,3
2026-01-24 19:26:29.711712,0x433b0b38,1,1,3,1,1,3,5.75,-78,,5,5
2026-01-24 19:27:26.396512,0x433ad35c,2,2,2,2,2,2,6.25,-56,,3,3
2026-01-24 19:27:28.116784,0x433af380,1,2,2,1,2,2,5.75,-33,,3,3
2026-01-24 19:27:30.028165,0x433b0b38,2,2,2,2,2,2,5.75,-78,,5,5
2026-01-24 19:28:23.147990,0x433af380,2,3,3,2,3,3,5.75,-33,,3,3
2026-01-24 19:28:25.686586,0x433ad35c,2,3,4,2,3,4,5.75,-56,,3,3
2026-01-24 19:28:27.399844,0x433b0b38,,1,2,,1,2,5.75,-78,,5,5
2026-01-24 19:29:22.379416,0x433af380,3,4,4,3,4,4,6.25,-34,,3,3
2026-01-24 19:29:24.856626,0x433ad35c,1,1,2,1,1,2,6.25,-57,,3,3
2026-01-24 19:29:27.247293,0x433b0b38,1,1,1,1,1,1,6.0,-78,,5,5
2026-01-24 19:30:23.730854,0x433af380,4,4,5,4,4,5,6.5,-33,,3,3
2026-01-24 19:30:26.221177,0x433ad35c,,1,1,,1,1,6.0,-56,,3,3
2026-01-24 19:30:27.808587,0x433b0b38,2,3,3,2,3,3,5.5,-78,,5,5
2026-01-24 19:31:25.245205,0x433ad35c,2,2,2,2,2,2,5.5,-57,,3,3
2026-01-24 19:31:28.033639,0x433af380,2,3,3,2,3,3,6.5,-34,,3,3
2026-01-24 19:31:30.565703,0x433b0b38,2,3,5,2,3,5,5.5,-78,,5,5
2026-01-24 19:32:25.904135,0x433af380,3,3,3,3,3,3,7.0,-34,,3,3
2026-01-24 19:32:28.449157,0x433b0b38,1,1,1,1,1,1,5.25,-78,,5,5
2026-01-24 19:32:30.167984,0x433ad35c,2,3,3,2,3,3,6.25,-56,,3,3
2026-01-24 19:33:24.478236,0x433af380,2,3,3,2,3,3,6.25,-34,,3,3
2026-01-24 19:33:27.229131,0x433ad35c,2,2,2,2,2,2,6.0,-56,,3,3
2026-01-24 19:33:28.986172,0x433b0b38,1,2,2,1,2,2,5.5,-78,,5,5
2026-01-24 19:34:24.750046,0x433af380,4,4,6,4,4,6,6.5,-33,,3,3
2026-01-24 19:34:27.229074,0x433ad35c,1,2,2,1,2,2,5.75,-56,,3,3
2026-01-24 19:34:30.395681,0x433b0b38,1,1,2,1,1,2,5.75,-78,,5,5
2026-01-24 19:35:24.127698,0x433af380,4,4,4,4,4,4,6.5,-33,,3,3
2026-01-24 19:35:27.219382,0x433ad35c,1,2,4,1,2,4,5.5,-56,,3,3
2026-01-24 19:35:30.275370,0x433b0b38,1,2,2,1,2,2,5.5,-78,,5,5
2026-01-24 19:36:25.489763,0x433af380,2,2,2,2,2,2,6.5,-34,,3,3
2026-01-24 19:36:28.032502,0x433ad35c,2,3,3,2,3,3,6.0,-56,,3,3
2026-01-24 19:36:28.693674,0x433b0b38,1,1,1,1,1,1,5.75,-78,,5,5
2026-01-24 19:37:24.362172,0x433af380,4,4,4,4,4,4,6.0,-33,,3,3
2026-01-24 19:37:27.148640,0x433ad35c,2,2,3,2,2,3,6.25,-56,,3,3
2026-01-24 19:37:30.006039,0x433b0b38,3,3,5,3,3,5,5.5,-77,,5,5
2026-01-24 19:38:24.545728,0x433af380,3,4,4,3,4,4,6.75,-33,,3,3
2026-01-24 19:38:27.325804,0x433ad35c,1,1,1,1,1,1,6.5,-56,,3,3
2026-01-24 19:38:29.384396,0x433b0b38,2,3,3,2,3,3,5.5,-77,,5,5
2026-01-24 19:39:24.858954,0x433af380,5,5,5,5,5,5,6.5,-34,,3,3
2026-01-24 19:39:27.568909,0x433ad35c,2,3,3,2,3,3,6.0,-56,,3,3
2026-01-24 19:39:31.324782,0x433b0b38,1,1,3,1,1,3,5.75,-78,,5,5
2026-01-24 19:40:25.064792,0x433af380,23,25,25,21,25,25,6.0,-33,,3,3
2026-01-24 19:40:27.791394,0x433ad35c,1,2,2,1,2,2,5.5,-56,,3,3
2026-01-24 19:40:30.201958,0x433b0b38,1,1,1,1,1,1,5.25,-79,,5,5
2026-01-24 19:41:25.683353,0x433af380,2,3,3,2,3,3,6.0,-34,,3,3
2026-01-24 19:41:28.233335,0x433ad35c,1,2,2,1,2,2,6.0,-57,,3,3
2026-01-24 19:41:31.578694,0x433b0b38,2,2,2,2,2,2,5.5,-78,,5,5
2026-01-24 19:42:28.276052,0x433ad35c,3,4,5,3,4,5,6.5,-56,,3,3
2026-01-24 19:42:30.003452,0x433b0b38,1,1,2,1,1,2,6.0,-78,,5,5
2026-01-24 19:42:32.618106,0x433af380,4,4,4,4,4,4,6.75,-33,,3,3
2026-01-24 19:43:26.384853,0x433af380,4,5,5,4,5,5,5.75,-33,,3,3
2026-01-24 19:43:28.925427,0x433ad35c,2,2,4,2,2,4,5.75,-56,,3,3
2026-01-24 19:43:30.010090,0x433b0b38,2,2,2,2,2,2,5.75,-77,,5,5
2026-01-24 19:44:26.714130,0x433af380,3,4,4,3,4,4,6.75,-34,,3,3
2026-01-24 19:44:29.230705,0x433ad35c,1,2,2,1,2,2,6.25,-57,,3,3
2026-01-24 19:44:31.367066,0x433b0b38,1,1,3,1,1,3,5.5,-77,,5,5
2026-01-24 19:45:26.942573,0x433af380,3,3,4,3,3,4,6.0,-33,,3,3
2026-01-24 19:45:30.019615,0x433ad35c,1,1,2,1,1,2,5.75,-56,,3,3
2026-01-24 19:45:32.319824,0x433b0b38,1,1,1,1,1,1,5.25,-78,,5,5
2026-01-24 19:46:27.090404,0x433af380,3,3,3,3,3,3,6.0,-33,,3,3
2026-01-24 19:46:29.640233,0x433ad35c,1,2,3,1,2,3,6.0,-56,,3,3
2026-01-24 19:46:31.882366,0x433b0b38,1,1,1,1,1,1,5.75,-77,,5,5
2026-01-24 19:47:27.452422,0x433af380,5,5,6,5,5,6,5.75,-33,,3,3
2026-01-24 19:47:30.058781,0x433ad35c,1,2,3,1,2,3,6.5,-56,,3,3
2026-01-24 19:47:32.677763,0x433b0b38,2,3,3,2,3,3,5.25,-77,,5,5
2026-01-24 19:48:27.899205,0x433af380,4,5,7,4,5,7,6.75,-34,,3,3
2026-01-24 19:48:30.451116,0x433ad35c,3,3,4,3,3,4,6.25,-57,,3,3
2026-01-24 19:48:32.827906,0x433b0b38,2,2,2,2,2,2,5.5,-78,,5,5
2026-01-24 19:49:27.950705,0x433af380,5,5,6,5,5,6,6.75,-33,,3,3
2026-01-24 19:49:32.169548,0x433ad35c,2,3,3,2,3,3,6.0,-56,,3,3
2026-01-24 19:49:33.879336,0x433b0b38,1,2,2,1,2,2,5.75,-78,,5,5
2026-01-24 19:50:28.347801,0x433af380,4,5,5,4,5,5,6.75,-34,,3,3
2026-01-24 19:50:32.186487,0x433b0b38,2,6,8,2,6,8,5.5,-78,,5,5
2026-01-24 19:50:34.550465,0x433ad35c,4,5,7,4,5,7,5.75,-56,,3,3
2026-01-24 19:51:28.423435,0x433af380,20,21,23,20,21,23,6.75,-34,,3,3
2026-01-24 19:51:30.903972,0x433ad35c,5,6,7,5,6,7,5.5,-56,,3,3
2026-01-24 19:51:33.950562,0x433b0b38,1,2,4,1,2,4,5.25,-77,,5,5
2026-01-24 19:52:29.496365,0x433af380,6,8,8,6,8,8,6.0,-33,,3,3
2026-01-24 19:52:32.712582,0x433ad35c,2,3,4,2,3,4,6.25,-56,,3,3
2026-01-24 19:52:34.460254,0x433b0b38,2,2,2,2,2,2,6.0,-78,,5,5
2026-01-24 19:53:29.141758,0x433af380,7,10,10,7,10,10,6.5,-33,,3,3
2026-01-24 19:53:31.692214,0x433ad35c,5,5,7,5,5,7,6.25,-57,,3,3
2026-01-24 19:53:34.027708,0x433b0b38,2,3,3,2,3,3,5.25,-77,,5,5
2026-01-24 19:54:29.264401,0x433af380,4,6,7,4,6,7,6.25,-34,,3,3
2026-01-24 19:54:31.754359,0x433ad35c,3,4,5,3,4,5,6.25,-56,,3,3
2026-01-24 19:54:34.074959,0x433b0b38,4,5,5,4,5,5,5.5,-77,,5,5
2026-01-24 19:55:29.546313,0x433af380,3,4,4,3,4,4,6.5,-34,,3,3
2026-01-24 19:55:33.756631,0x433ad35c,4,5,5,4,5,5,6.0,-56,,3,3
2026-01-24 19:55:36.796438,0x433b0b38,2,4,4,2,4,4,5.5,-78,,5,5
2026-01-24 19:56:29.787343,0x433af380,4,5,5,4,5,5,6.5,-33,,3,3
2026-01-24 19:56:32.283412,0x433ad35c,3,3,3,3,3,3,6.5,-56,,3,3
2026-01-24 19:56:34.025598,0x433b0b38,4,6,6,4,6,6,5.75,-78,,5,5
2026-01-24 19:57:30.187438,0x433af380,6,9,9,6,9,9,5.5,-33,,3,3
2026-01-24 19:57:32.644535,0x433ad35c,3,3,3,3,3,3,5.5,-56,,3,3
2026-01-24 19:57:36.214422,0x433b0b38,2,3,6,2,3,6,5.75,-78,,5,5
2026-01-24 19:58:30.476642,0x433af380,6,6,6,6,6,6,6.5,-34,,3,3
2026-01-24 19:58:33.085864,0x433ad35c,2,3,3,2,3,3,5.75,-56,,3,3
2026-01-24 19:58:35.428057,0x433b0b38,2,2,2,2,2,2,5.5,-78,,5,5
2026-01-24 19:59:30.571546,0x433af380,4,5,6,4,5,6,6.25,-33,,3,3
2026-01-24 19:59:33.170331,0x433ad35c,2,2,2,2,2,2,6.0,-56,,3,3
2026-01-24 19:59:35.954854,0x433b0b38,2,2,2,2,2,2,5.5,-78,,5,5
2026-01-24 20:00:30.940808,0x433af380,3,4,4,3,4,4,6.25,-34,,3,3
2026-01-24 20:00:33.405564,0x433ad35c,2,2,3,2,2,3,6.25,-56,,3,3
2026-01-24 20:00:35.725786,0x433b0b38,1,1,1,1,1,1,5.5,-78,,5,5
2026-01-24 20:01:32.241410,0x433af380,5,6,6,5,6,6,5.75,-34,,3,3
2026-01-24 20:01:34.848460,0x433ad35c,3,4,4,3,4,4,5.75,-56,,3,3
2026-01-24 20:01:36.550525,0x433b0b38,1,2,2,1,2,2,5.5,-78,,5,5
2026-01-25 08:02:41.889449,0x433af380,4,4,4,4,4,4,7.5,-34,,3,3
2026-01-25 08:02:47.332132,0x433b0b38,,1,1,,1,1,6.0,-78,,5,5
2026-01-25 08:02:49.755505,0x433ad35c,1,1,1,1,1,1,6.0,-57,,3,3
2026-01-25 08:03:42.232307,0x433af380,2,2,4,2,2,4,5.5,-34,,3,3
2026-01-25 08:03:44.747462,0x433ad35c,1,1,1,1,1,1,6.75,-57,,3,3
2026-01-25 08:03:47.026355,0x433b0b38,,,,,,,5.25,-78,,5,5
2026-01-25 08:04:43.082407,0x433af380,3,4,4,3,4,4,7.25,-34,,3,3
2026-01-25 08:04:45.697638,0x433ad35c,1,2,2,1,2,2,6.5,-57,,3,3
2026-01-25 08:04:50.972187,0x433b0b38,,1,1,,1,1,5.5,-77,,5,5
2026-01-25 08:05:42.838222,0x433af380,3,3,3,3,3,3,7.5,-34,,3,3
2026-01-25 08:05:45.442616,0x433b0b38,,,2,,,2,5.75,-79,,5,5
2026-01-25 08:05:48.640494,0x433ad35c,1,2,2,1,2,2,6.25,-56,,3,3
2026-01-25 08:06:43.051357,0x433af380,3,3,4,3,3,4,6.75,-35,,3,3
2026-01-25 08:06:45.508293,0x433b0b38,1,1,1,1,1,1,5.5,-77,,5,5
2026-01-25 08:06:48.768034,0x433ad35c,1,2,3,1,2,3,6.5,-57,,3,3
2026-01-25 08:07:43.231651,0x433af380,3,4,4,3,4,4,7.75,-34,,3,3
2026-01-25 08:07:45.771399,0x433ad35c,2,2,2,2,2,2,5.75,-57,,3,3
2026-01-25 08:07:48.237520,0x433b0b38,1,2,3,1,2,3,5.5,-78,,5,5
2026-01-25 08:08:43.479177,0x433af380,3,4,4,3,4,4,7.25,-34,,3,3
2026-01-25 08:08:48.555594,0x433b0b38,1,1,1,1,1,1,5.5,-78,,5,5
2026-01-25 08:09:43.828203,0x433af380,3,3,3,3,3,3,7.75,-33,,3,3
2026-01-25 08:09:46.251847,0x433ad35c,3,3,3,3,3,3,5.5,-57,,3,3
2026-01-25 08:09:48.684707,0x433b0b38,,,,,,,6.0,-78,,5,5
2026-01-25 08:10:44.335943,0x433af380,4,4,5,4,4,5,6.75,-34,,3,3
2026-01-25 08:10:46.854270,0x433ad35c,,,1,,,1,6.25,-56,,3,3
2026-01-25 08:10:49.400861,0x433b0b38,1,1,1,1,1,1,5.75,-78,,5,5
2026-01-25 08:11:44.347358,0x433af380,4,5,5,4,5,5,7.75,-34,,3,3
2026-01-25 08:11:46.862973,0x433b0b38,1,1,1,1,1,1,5.5,-78,,5,5
2026-01-25 08:11:50.304698,0x433ad35c,1,1,2,1,1,2,5.5,-56,,3,3
2026-01-25 08:12:44.432750,0x433af380,3,4,4,3,4,4,6.0,-34,,3,3
2026-01-25 08:12:47.722931,0x433b0b38,1,1,1,1,1,1,5.25,-78,,5,5
2026-01-25 08:12:51.514569,0x433ad35c,2,2,2,2,2,2,6.25,-56,,3,3
2026-01-25 08:13:44.698227,0x433af380,2,3,3,2,3,3,7.0,-34,,3,3
2026-01-25 08:13:47.199104,0x433ad35c,2,3,3,2,3,3,7.0,-57,,3,3
2026-01-25 08:13:48.915746,0x433b0b38,1,1,3,1,1,3,5.5,-78,,5,5
2026-01-25 08:14:45.429546,0x433af380,4,4,4,4,4,4,6.75,-34,,3,3
2026-01-25 08:14:47.912436,0x433ad35c,1,1,1,1,1,1,6.25,-56,,3,3
2026-01-25 08:14:51.070725,0x433b0b38,,1,1,,1,1,5.75,-78,,5,5
2026-01-25 08:15:45.431659,0x433af380,3,3,3,3,3,3,7.25,-34,,3,3
2026-01-25 08:15:47.934826,0x433ad35c,1,1,1,1,1,1,7.0,-57,,3,3
2026-01-25 08:15:48.702918,0x433b0b38,1,2,2,1,2,2,5.25,-78,,5,5
2026-01-25 08:16:45.708113,0x433af380,3,4,4,3,4,4,7.0,-33,,3,3
2026-01-25 08:16:48.292744,0x433ad35c,1,2,2,1,2,2,5.75,-56,,3,3
2026-01-25 08:16:51.266429,0x433b0b38,,,2,,,2,5.25,-78,,5,5
2026-01-25 08:17:45.781601,0x433af380,3,3,4,3,3,4,7.75,-35,,3,3
2026-01-25 08:17:49.111250,0x433b0b38,1,1,4,1,1,4,5.5,-78,,5,5
2026-01-25 08:17:52.146253,0x433ad35c,,,,,,,5.75,-58,,3,3
2026-01-25 08:18:46.430943,0x433af380,6,8,8,6,8,8,7.25,-34,,3,3
2026-01-25 08:18:50.281003,0x433ad35c,1,1,1,1,1,1,6.0,-57,,3,3
2026-01-25 08:18:54.333325,0x433b0b38,1,1,3,1,1,3,5.75,-77,,5,5
2026-01-25 08:19:48.442646,0x433af380,1,2,2,1,2,2,6.75,-35,,3,3
2026-01-25 08:19:50.891307,0x433b0b38,,,2,,,2,6.0,-78,,5,5
2026-01-25 08:19:53.887480,0x433ad35c,2,3,4,2,3,4,6.75,-57,,3,3
2026-01-25 08:20:48.510638,0x433af380,3,4,4,3,4,4,7.0,-34,,3,3
2026-01-25 08:20:51.049599,0x433ad35c,1,1,2,1,1,2,6.0,-56,,3,3
2026-01-25 08:20:53.036835,0x433b0b38,1,1,1,1,1,1,5.5,-78,,5,5
2026-01-25 08:21:49.714955,0x433ad35c,2,2,2,2,2,2,6.75,-57,,3,3
2026-01-25 08:21:52.130901,0x433b0b38,2,3,4,2,3,4,5.75,-78,,5,5
2026-01-25 08:21:53.791288,0x433af380,3,3,3,3,3,3,7.0,-34,,3,3
2026-01-25 08:22:48.672494,0x433af380,3,4,4,3,4,4,6.5,-34,,3,3
2026-01-25 08:22:51.164073,0x433ad35c,2,3,3,2,3,3,6.0,-57,,3,3
2026-01-25 08:22:52.984439,0x433b0b38,1,2,2,1,2,2,5.5,-78,,5,5
2026-01-25 08:23:49.137954,0x433af380,3,4,4,3,4,4,7.25,-34,,3,3
2026-01-25 08:23:53.401097,0x433ad35c,1,2,3,1,2,3,6.0,-57,,3,3
2026-01-25 08:23:56.502759,0x433b0b38,1,1,3,1,1,3,5.5,-78,,5,5
2026-01-25 08:24:49.042202,0x433af380,3,4,4,3,4,4,7.0,-34,,3,3
2026-01-25 08:24:51.571662,0x433b0b38,1,1,1,1,1,1,5.25,-78,,5,5
2026-01-25 08:24:54.620070,0x433ad35c,2,3,3,2,3,3,7.0,-57,,3,3
2026-01-25 08:25:50.524691,0x433ad35c,2,2,2,2,2,2,6.75,-57,,3,3
2026-01-25 08:25:52.104773,0x433b0b38,,1,1,,1,1,5.75,-77,,5,5
2026-01-25 08:25:54.943984,0x433af380,3,4,4,3,4,4,7.5,-34,,3,3
2026-01-25 08:26:50.835579,0x433af380,3,4,4,3,4,4,5.75,-34,,3,3
2026-01-25 08:26:53.299279,0x433ad35c,1,2,2,1,2,2,5.5,-57,,3,3
2026-01-25 08:26:55.253179,0x433b0b38,1,1,1,1,1,1,5.5,-78,,5,5
2026-01-25 08:27:50.473182,0x433af380,3,3,3,3,3,3,5.25,-34,,3,3
2026-01-25 08:27:52.900938,0x433ad35c,,1,1,,1,1,6.0,-57,,3,3
2026-01-25 08:27:54.501667,0x433b0b38,1,1,1,1,1,1,5.25,-78,,5,5
2026-01-25 08:28:49.964725,0x433af380,2,3,3,2,3,3,7.0,-34,,3,3
2026-01-25 08:28:52.438749,0x433b0b38,1,1,1,1,1,1,5.0,-78,,5,5
2026-01-25 08:28:54.077567,0x433ad35c,2,2,2,2,2,2,6.5,-57,,3,3
2026-01-25 08:29:51.489206,0x433ad35c,2,2,2,2,2,2,7.0,-57,,3,3
2026-01-25 08:29:56.267665,0x433b0b38,,1,1,,1,1,5.25,-78,,5,5
2026-01-25 08:30:00.191700,0x433af380,3,3,3,3,3,3,6.75,-34,,3,3
2026-01-25 08:30:51.737025,0x433ad35c,1,1,2,1,1,2,7.0,-57,,3,3
2026-01-25 08:30:54.590656,0x433af380,2,3,3,2,3,3,7.0,-34,,3,3
2026-01-25 08:30:58.285459,0x433b0b38,1,1,2,1,1,2,6.0,-75,,5,4
2026-01-25 08:31:52.971987,0x433af380,2,3,4,2,3,4,6.25,-34,,3,3
2026-01-25 08:31:55.482702,0x433b0b38,1,1,4,1,1,4,5.5,-78,,5,5
2026-01-25 08:31:57.634042,0x433ad35c,,,,,,,6.75,-57,,3,3
2026-01-25 08:32:52.569055,0x433af380,2,3,3,2,3,3,6.75,-34,,3,3
2026-01-25 08:32:55.110127,0x433ad35c,1,2,2,1,2,2,5.75,-57,,3,3
2026-01-25 08:33:00.277623,0x433b0b38,1,2,4,1,2,4,5.5,-75,,5,4
2026-01-25 08:33:52.802875,0x433af380,2,2,2,2,2,2,7.25,-34,,3,3
2026-01-25 08:33:55.266646,0x433b0b38,2,2,2,2,2,2,5.25,-79,,5,5
2026-01-25 08:33:57.008870,0x433ad35c,1,1,3,1,1,3,6.0,-58,,3,3
2026-01-25 08:34:51.287403,0x433af380,2,2,2,2,2,2,6.5,-33,,3,3
2026-01-25 08:34:53.785945,0x433ad35c,1,1,1,1,1,1,6.75,-57,,3,3
2026-01-25 08:34:57.414480,0x433b0b38,1,1,1,1,1,1,5.5,-77,,5,5
2026-01-25 08:35:53.998183,0x433af380,3,3,3,3,3,3,7.0,-34,,3,3
2026-01-25 08:35:54.949269,0x433ad35c,1,1,2,1,1,2,5.75,-69,,3,2
2026-01-25 08:35:57.781364,0x433b0b38,1,1,2,1,1,2,5.75,-78,,5,5
2026-01-25 08:36:51.386345,0x433af380,3,3,4,3,3,4,7.0,-33,,3,3
2026-01-25 08:36:54.043467,0x433b0b38,1,1,1,1,1,1,5.25,-79,,5,5
2026-01-25 08:36:56.522089,0x433ad35c,2,2,2,2,2,2,6.0,-58,,3,3
2026-01-25 08:37:52.618531,0x433af380,4,4,4,4,4,4,7.0,-34,,3,3
2026-01-25 08:37:55.179067,0x433ad35c,2,2,2,2,2,2,7.25,-57,,3,3
2026-01-25 08:37:57.850871,0x433b0b38,1,2,2,1,2,2,5.5,-77,,5,5
2026-01-25 08:38:54.153499,0x433af380,2,3,3,2,3,3,6.0,-34,,3,3
2026-01-25 08:38:57.353454,0x433ad35c,1,1,2,1,1,2,7.0,-57,,3,3
2026-01-25 08:39:01.156723,0x433b0b38,2,2,2,2,2,2,5.75,-75,,5,4
2026-01-25 08:39:53.896458,0x433ad35c,1,1,1,1,1,1,5.75,-56,,3,3
2026-01-25 08:39:57.487574,0x433af380,1,1,2,1,1,2,7.0,-34,,3,3
2026-01-25 08:39:59.080647,0x433b0b38,1,2,2,1,2,2,5.0,-78,,5,5
2026-01-25 08:40:52.455561,0x433af380,3,3,4,3,3,4,6.75,-34,,3,3
2026-01-25 08:40:55.040433,0x433ad35c,1,1,1,1,1,1,5.75,-58,,3,3
2026-01-25 08:40:56.746991,0x433b0b38,2,2,6,2,2,6,5.5,-78,,5,5
2026-01-25 08:41:54.445971,0x433af380,3,4,4,3,4,4,7.0,-34,,3,3
2026-01-25 08:41:56.985627,0x433ad35c,1,1,1,1,1,1,6.5,-57,,3,3
2026-01-25 08:42:04.184763,0x433b0b38,1,1,1,1,1,1,5.75,-76,,5,4
2026-01-25 08:42:52.987337,0x433af380,3,3,3,3,3,3,6.5,-35,,3,3
2026-01-25 08:42:55.465418,0x433ad35c,1,1,1,1,1,1,7.25,-57,,3,3
2026-01-25 08:42:57.284267,0x433b0b38,1,2,2,1,2,2,5.25,-78,,5,5
2026-01-25 08:43:53.319998,0x433af380,2,2,2,2,2,2,7.0,-34,,3,3
2026-01-25 08:43:55.804392,0x433ad35c,1,1,1,1,1,1,6.75,-56,,3,3
2026-01-25 08:43:57.512875,0x433b0b38,,1,3,,1,3,5.25,-78,,5,5
2026-01-25 08:44:53.630012,0x433af380,3,3,4,3,3,4,7.0,-34,,3,3
2026-01-25 08:44:56.139327,0x433ad35c,1,1,1,1,1,1,6.0,-58,,3,3
2026-01-25 08:44:59.492839,0x433b0b38,2,2,3,2,2,3,5.75,-78,,5,5
2026-01-25 08:45:53.946203,0x433af380,3,3,3,3,3,3,6.5,-34,,3,3
2026-01-25 08:45:56.538036,0x433ad35c,2,3,3,2,3,3,7.0,-56,,3,3
2026-01-25 08:45:58.286489,0x433b0b38,1,1,1,1,1,1,5.25,-78,,5,5
2026-01-25 08:46:54.343607,0x433af380,4,5,5,4,5,5,5.75,-34,,3,3
2026-01-25 08:46:56.802306,0x433ad35c,2,2,3,2,2,3,6.5,-57,,3,3
2026-01-25 08:46:58.553653,0x433b0b38,1,1,1,1,1,1,5.75,-78,,5,5
2026-01-25 08:47:55.940841,0x433af380,5,7,7,5,7,7,7.25,-34,,3,3
2026-01-25 08:47:58.388712,0x433b0b38,,1,1,,1,1,5.5,-78,,5,5
2026-01-25 08:48:00.062334,0x433ad35c,2,2,2,2,2,2,6.25,-57,,3,3
2026-01-25 08:48:54.684869,0x433af380,7,8,8,7,8,8,7.25,-34,,3,3
2026-01-25 08:48:57.369786,0x433b0b38,,1,1,,1,1,5.5,-78,,5,5
2026-01-25 08:49:00.533351,0x433ad35c,2,2,3,2,2,3,6.5,-57,,3,3
2026-01-25 08:49:54.890235,0x433af380,3,4,4,3,4,4,6.0,-34,,3,3
2026-01-25 08:49:57.313539,0x433ad35c,2,2,2,2,2,2,6.5,-57,,3,3
2026-01-25 08:49:59.682707,0x433b0b38,1,1,1,1,1,1,5.0,-78,,5,5
2026-01-25 08:50:55.220964,0x433af380,7,8,8,7,8,8,6.0,-34,,3,3
2026-01-25 08:50:57.644572,0x433ad35c,2,3,3,2,3,3,6.25,-57,,3,3
2026-01-25 08:50:59.407188,0x433b0b38,1,1,1,1,1,1,5.5,-77,,5,5
2026-01-25 08:51:55.682741,0x433af380,4,7,7,4,7,7,7.5,-34,,3,3
2026-01-25 08:51:58.124616,0x433ad35c,,1,2,,1,2,6.75,-57,,3,3
2026-01-25 08:51:59.747473,0x433b0b38,2,2,2,2,2,2,5.5,-78,,5,5
2026-01-25 08:52:55.679896,0x433af380,2,2,3,2,2,3,6.75,-34,,3,3
2026-01-25 08:52:58.252866,0x433ad35c,2,2,3,2,2,3,6.25,-56,,3,3
2026-01-25 08:53:00.390249,0x433b0b38,1,2,5,1,2,5,5.5,-78,,5,5
2026-01-25 08:53:57.456359,0x433ad35c,1,2,2,1,2,2,6.5,-57,,3,3
2026-01-25 08:54:00.169199,0x433af380,7,7,7,7,7,7,6.25,-34,,3,3
2026-01-25 08:54:01.019623,0x433b0b38,,,,,,,5.75,-70,,5,4
2026-01-25 08:54:56.707632,0x433af380,4,6,6,4,6,6,6.25,-35,,3,3
2026-01-25 08:54:59.291975,0x433ad35c,2,3,3,2,3,3,6.5,-57,,3,3
2026-01-25 08:55:01.593722,0x433b0b38,1,2,2,1,2,2,5.5,-79,,5,5
2026-01-25 08:55:56.500597,0x433af380,5,7,7,5,7,7,5.75,-34,,3,3
2026-01-25 08:55:58.922411,0x433ad35c,1,1,2,1,1,2,6.5,-57,,3,3
2026-01-25 08:56:00.626367,0x433b0b38,1,1,1,1,1,1,5.25,-78,,5,5
2026-01-25 08:56:57.110569,0x433af380,2,2,2,2,2,2,6.5,-34,,3,3
2026-01-25 08:56:59.534303,0x433ad35c,1,2,2,1,2,2,6.25,-57,,3,3
2026-01-25 08:57:01.311261,0x433b0b38,2,7,13,2,7,13,5.5,-78,,5,5
2026-01-25 08:57:57.180438,0x433af380,3,3,4,3,3,4,6.0,-34,,3,3
2026-01-25 08:57:59.681334,0x433ad35c,2,2,2,2,2,2,5.75,-58,,3,3
2026-01-25 08:58:01.423444,0x433b0b38,1,2,2,1,2,2,5.5,-78,,5,5
2026-01-25 08:58:57.656876,0x433af380,4,7,7,4,7,7,7.25,-34,,3,3
2026-01-25 08:59:00.820131,0x433ad35c,2,2,2,2,2,2,7.0,-57,,3,3
2026-01-25 08:59:06.403204,0x433b0b38,,1,1,,1,1,7.0,-74,,5,4
2026-01-25 08:59:59.792111,0x433af380,4,4,4,4,4,4,6.5,-34,,3,3
2026-01-25 09:00:02.191736,0x433ad35c,1,1,1,1,1,1,6.0,-58,,3,3
2026-01-25 09:00:04.419474,0x433b0b38,1,1,1,1,1,1,5.5,-78,,5,5
2026-01-25 09:00:57.824702,0x433af380,6,9,9,6,9,9,6.75,-34,,3,3
2026-01-25 09:01:00.331589,0x433ad35c,1,1,2,1,1,2,5.75,-57,,3,3
2026-01-25 09:01:02.221331,0x433b0b38,1,2,2,1,2,2,5.75,-78,,5,5
2026-01-25 09:01:58.253140,0x433af380,4,4,4,4,4,4,7.25,-34,,3,3
2026-01-25 09:02:00.727371,0x433ad35c,1,1,1,1,1,1,6.0,-58,,3,3
2026-01-25 09:02:02.521473,0x433b0b38,2,2,2,2,2,2,5.75,-78,,5,5
2026-01-24 23:02:22.174973,0x433ad35c,5,5,6,5,5,6,5.5,-56,,3,3
2026-01-24 23:02:25.544985,0x433b0b38,1,2,3,1,2,3,5.5,-78,,5,5
2026-01-24 23:03:19.569644,0x433af380,6,7,10,6,7,10,6.75,-34,,3,3
2026-01-24 23:03:22.051406,0x433ad35c,4,4,4,4,4,4,5.75,-56,,3,3
2026-01-24 23:03:24.628912,0x433b0b38,2,2,2,2,2,2,5.75,-78,,5,5
2026-01-24 23:04:20.040911,0x433af380,5,5,7,5,5,7,6.5,-34,,3,3
2026-01-24 23:04:22.598099,0x433ad35c,3,4,4,3,4,4,6.25,-56,,3,3
2026-01-24 23:04:23.414808,0x433b0b38,2,3,3,2,3,3,5.75,-77,,5,5
2026-01-24 23:05:22.381880,0x433ad35c,3,4,4,3,4,4,6.0,-56,,3,3
2026-01-24 23:05:24.991983,0x433b0b38,2,3,4,2,3,4,6.0,-78,,5,5
2026-01-24 23:05:30.690161,0x433af380,7,9,9,7,9,9,6.5,-34,,3,3
2026-01-24 23:06:20.397608,0x433af380,7,9,9,7,9,9,7.0,-34,,3,3
2026-01-24 23:06:22.984966,0x433ad35c,6,6,6,6,6,6,6.0,-56,,3,3
2026-01-24 23:06:26.251602,0x433b0b38,3,3,5,3,3,5,5.5,-77,,5,5
2026-01-24 23:07:20.889597,0x433af380,6,9,9,6,9,9,6.75,-34,,3,3
2026-01-24 23:07:23.430255,0x433ad35c,3,4,5,3,4,5,6.25,-56,,3,3
2026-01-24 23:07:30.459573,0x433b0b38,3,3,3,3,3,3,5.25,-76,,5,4
2026-01-24 23:08:20.860766,0x433af380,5,7,7,5,7,7,7.0,-34,,3,3
2026-01-24 23:08:23.444790,0x433ad35c,5,8,9,5,8,9,5.5,-56,,3,3
2026-01-24 23:08:25.070023,0x433b0b38,1,2,2,1,2,2,5.5,-78,,5,5
2026-01-24 23:09:21.147527,0x433af380,5,7,7,5,7,7,6.5,-34,,3,3
2026-01-24 23:09:23.616370,0x433ad35c,5,5,5,5,5,5,5.75,-56,,3,3
2026-01-24 23:09:25.282223,0x433b0b38,5,6,8,5,6,8,5.5,-78,,5,5
2026-01-24 23:10:21.653716,0x433af380,6,7,7,6,7,7,6.75,-34,,3,3
2026-01-24 23:10:24.156427,0x433ad35c,5,5,5,5,5,5,6.5,-56,,3,3
2026-01-24 23:10:26.789453,0x433b0b38,3,3,3,3,3,3,5.75,-78,,5,5
2026-01-24 23:11:23.859853,0x433af380,5,5,6,5,5,6,6.75,-34,,3,3
2026-01-24 23:11:27.184990,0x433b0b38,4,5,5,4,5,5,5.75,-78,,5,5
2026-01-24 23:11:29.700714,0x433ad35c,4,4,4,4,4,4,6.0,-55,,3,3
2026-01-24 23:12:21.933616,0x433af380,5,6,6,5,6,6,6.0,-33,,3,3
2026-01-24 23:12:24.391959,0x433ad35c,3,3,3,3,3,3,6.0,-56,,3,3
2026-01-24 23:12:27.508011,0x433b0b38,2,2,2,2,2,2,5.5,-78,,5,5
2026-01-24 23:13:22.283225,0x433af380,5,6,6,5,6,6,6.5,-33,,3,3
2026-01-24 23:13:25.111774,0x433ad35c,3,4,4,3,4,4,5.75,-55,,3,3
2026-01-24 23:13:26.789423,0x433b0b38,1,2,2,1,2,2,5.25,-78,,5,5
2026-01-24 23:14:22.520762,0x433af380,4,5,6,4,5,6,7.0,-34,,3,3
2026-01-24 23:14:24.945827,0x433ad35c,4,5,7,4,5,7,6.25,-56,,3,3
2026-01-24 23:14:26.611221,0x433b0b38,1,2,2,1,2,2,5.75,-77,,5,5
2026-01-24 23:15:22.825541,0x433af380,5,6,6,5,6,6,7.5,-34,,3,3
2026-01-24 23:15:25.352337,0x433ad35c,3,4,5,3,4,5,6.25,-56,,3,3
2026-01-24 23:15:26.188315,0x433b0b38,3,4,8,3,4,8,5.75,-77,,5,5
2026-01-24 23:16:23.258482,0x433af380,6,7,7,6,7,7,7.0,-34,,3,3
2026-01-24 23:16:27.167371,0x433ad35c,3,3,4,3,3,4,6.0,-56,,3,3
2026-01-24 23:16:31.072756,0x433b0b38,4,5,8,4,5,8,5.75,-78,,5,5
2026-01-24 23:17:23.286500,0x433af380,7,8,8,7,8,8,6.0,-34,,3,3
2026-01-24 23:17:25.769959,0x433ad35c,4,6,6,4,6,6,6.25,-56,,3,3
2026-01-24 23:17:28.090959,0x433b0b38,2,3,3,2,3,3,5.5,-77,,5,5
2026-01-24 23:18:23.586502,0x433af380,12,14,14,12,14,14,6.75,-33,,3,3
2026-01-24 23:18:27.101497,0x433b0b38,1,1,1,1,1,1,5.5,-78,,5,5
2026-01-24 23:18:30.593609,0x433ad35c,4,4,4,4,4,4,5.75,-56,,3,3
2026-01-24 23:19:24.081286,0x433af380,6,6,6,6,6,6,6.5,-33,,3,3
2026-01-24 23:19:27.369800,0x433b0b38,2,2,2,2,2,2,5.5,-78,,5,5
2026-01-24 23:19:30.667602,0x433ad35c,3,3,3,3,3,3,6.0,-56,,3,3
2026-01-24 23:20:24.362796,0x433af380,6,7,7,6,7,7,6.25,-34,,3,3
2026-01-24 23:20:26.848514,0x433b0b38,3,3,3,3,3,3,5.75,-78,,5,5
2026-01-24 23:20:30.656676,0x433ad35c,1,1,1,1,1,1,5.75,-55,,3,3
2026-01-24 23:21:24.404063,0x433af380,5,6,6,5,6,6,6.75,-34,,3,3
2026-01-24 23:21:26.867932,0x433ad35c,6,7,8,6,7,8,6.25,-56,,3,3
2026-01-24 23:21:28.503919,0x433b0b38,3,3,5,3,3,5,5.5,-78,,5,5
2026-01-24 23:22:25.082291,0x433af380,5,6,6,5,6,6,7.5,-34,,3,3
2026-01-24 23:22:27.631359,0x433b0b38,2,2,2,2,2,2,5.5,-77,,5,5
2026-01-24 23:22:32.592059,0x433ad35c,3,4,4,3,4,4,6.25,-56,,3,3
2026-01-24 23:23:24.971437,0x433af380,6,7,7,6,7,7,6.0,-34,,3,3
2026-01-24 23:23:27.482226,0x433ad35c,3,4,4,3,4,4,6.25,-56,,3,3
2026-01-24 23:23:28.300350,0x433b0b38,3,4,4,3,4,4,5.5,-78,,5,5
2026-01-24 23:24:25.122593,0x433af380,5,6,6,5,6,6,6.75,-33,,3,3
2026-01-24 23:24:27.738970,0x433ad35c,5,6,9,5,6,9,5.5,-56,,3,3
2026-01-24 23:24:35.126081,0x433b0b38,2,2,2,2,2,2,5.25,-75,,5,4
2026-01-24 23:25:25.263182,0x433af380,7,8,9,7,8,9,6.0,-34,,3,3
2026-01-24 23:25:27.788992,0x433ad35c,4,5,5,4,5,5,5.75,-56,,3,3
2026-01-24 23:25:29.537523,0x433b0b38,3,4,4,3,4,4,5.5,-78,,5,5
2026-01-24 23:26:25.645424,0x433af380,5,5,5,5,5,5,7.25,-33,,3,3
2026-01-24 23:26:28.086675,0x433ad35c,3,3,3,3,3,3,6.25,-56,,3,3
2026-01-24 23:26:31.120721,0x433b0b38,2,3,3,2,3,3,5.75,-78,,5,5
2026-01-24 23:27:25.959342,0x433af380,5,6,7,5,6,7,7.0,-34,,3,3
2026-01-24 23:27:28.493526,0x433ad35c,4,4,4,4,4,4,6.0,-56,,3,3
2026-01-24 23:27:31.662781,0x433b0b38,2,4,4,2,4,4,4.75,-78,,5,5
2026-01-24 23:28:26.270848,0x433af380,4,4,6,4,4,6,7.25,-34,,3,3
2026-01-24 23:28:28.801475,0x433ad35c,2,3,3,2,3,3,6.0,-56,,3,3
2026-01-24 23:28:29.637662,0x433b0b38,2,2,2,2,2,2,5.75,-78,,5,5
2026-01-24 23:29:26.289290,0x433af380,5,7,7,5,7,7,7.0,-34,,3,3
2026-01-24 23:29:28.815591,0x433ad35c,4,5,5,4,5,5,5.75,-56,,3,3
2026-01-24 23:29:31.314046,0x433b0b38,3,4,6,3,4,6,5.5,-77,,5,5
2026-01-24 23:30:26.765882,0x433af380,6,8,8,6,8,8,7.0,-34,,3,3
2026-01-24 23:30:29.394224,0x433ad35c,3,3,3,3,3,3,6.0,-57,,3,3
2026-01-24 23:30:39.810682,0x433b0b38,2,2,3,2,2,3,5.75,-76,,5,4
2026-01-24 23:31:26.878574,0x433af380,5,6,6,5,6,6,5.75,-34,,3,3
2026-01-24 23:31:29.437421,0x433ad35c,3,4,5,3,4,5,6.0,-56,,3,3
2026-01-24 23:31:35.373062,0x433b0b38,3,4,4,3,4,4,5.5,-77,,5,4
2026-01-24 23:32:27.543071,0x433af380,5,6,6,5,6,6,5.75,-34,,3,3
2026-01-24 23:32:30.188618,0x433ad35c,3,4,4,3,4,4,6.0,-56,,3,3
2026-01-24 23:32:33.059654,0x433b0b38,3,3,4,3,3,4,5.5,-78,,5,5
2026-01-24 23:33:27.462995,0x433af380,4,4,4,4,4,4,7.75,-34,,3,3
2026-01-24 23:33:29.960477,0x433ad35c,4,5,6,4,5,6,5.75,-56,,3,3
2026-01-24 23:33:37.575625,0x433b0b38,3,4,4,3,4,4,5.0,-75,,5,4
2026-01-24 23:34:27.630559,0x433af380,6,6,7,6,6,7,5.5,-33,,3,3
2026-01-24 23:34:30.020734,0x433ad35c,4,5,5,4,5,5,6.0,-56,,3,3
2026-01-24 23:34:31.777556,0x433b0b38,3,4,4,3,4,4,5.75,-78,,5,5
2026-01-24 23:35:27.837378,0x433af380,4,5,5,4,5,5,6.25,-34,,3,3
2026-01-24 23:35:30.277159,0x433ad35c,4,4,5,4,4,5,6.25,-56,,3,3
2026-01-24 23:35:32.027891,0x433b0b38,4,5,5,4,5,5,5.75,-77,,5,5
2026-01-24 23:36:30.093887,0x433af380,5,6,6,5,6,6,5.75,-33,,3,3
2026-01-24 23:36:33.172952,0x433ad35c,4,4,5,4,4,5,6.0,-56,,3,3
2026-01-24 23:36:37.010576,0x433b0b38,3,3,3,3,3,3,5.75,-77,,5,5
2026-01-24 23:37:30.092850,0x433af380,6,7,7,6,7,7,5.75,-34,,3,3
2026-01-24 23:37:32.633463,0x433ad35c,4,6,6,4,6,6,5.75,-56,,3,3
2026-01-24 23:37:37.202703,0x433b0b38,4,5,5,4,5,5,1.75,-75,,5,4
2026-01-24 23:38:29.456251,0x433af380,6,8,8,6,8,8,6.25,-34,,3,3
2026-01-24 23:38:32.868379,0x433ad35c,4,5,7,4,5,7,6.0,-56,,3,3
2026-01-24 23:38:39.501934,0x433b0b38,3,3,3,3,3,3,5.25,-77,,5,4
2026-01-24 23:39:31.386703,0x433ad35c,3,4,4,3,4,4,5.75,-56,,3,3
2026-01-24 23:39:32.146887,0x433b0b38,2,3,3,2,3,3,5.5,-78,,5,5
2026-01-24 23:39:38.850789,0x433af380,6,7,7,6,7,7,5.75,-33,,3,3
2026-01-24 23:40:32.169395,0x433af380,7,8,9,7,8,9,6.5,-34,,3,3
2026-01-24 23:40:34.634780,0x433b0b38,2,3,5,2,3,5,5.5,-78,,5,5
2026-01-24 23:40:36.376519,0x433ad35c,4,4,4,4,4,4,6.0,-56,,3,3
2026-01-24 23:41:31.836654,0x433ad35c,4,5,6,4,5,6,6.75,-55,,3,3
2026-01-24 23:41:34.633281,0x433af380,4,6,6,4,6,6,7.0,-34,,3,3
2026-01-24 23:41:39.415804,0x433b0b38,2,3,3,2,3,3,5.25,-76,,5,4
2026-01-24 23:42:32.217834,0x433ad35c,3,3,3,3,3,3,6.25,-56,,3,3
2026-01-24 23:42:34.607473,0x433b0b38,3,3,3,3,3,3,5.75,-78,,5,5
2026-01-24 23:42:40.566502,0x433af380,5,6,6,5,6,6,7.25,-33,,3,3
2026-01-24 23:43:32.484554,0x433af380,5,5,5,5,5,5,6.0,-34,,3,3
2026-01-24 23:43:34.949712,0x433ad35c,4,4,5,4,4,5,5.75,-56,,3,3
2026-01-24 23:43:37.570921,0x433b0b38,3,4,4,3,4,4,5.5,-78,,5,5
2026-01-24 23:44:32.528586,0x433ad35c,4,4,4,4,4,4,5.75,-56,,3,3
2026-01-24 23:44:34.250201,0x433af380,6,7,8,6,7,8,7.0,-34,,3,3
2026-01-24 23:44:38.606421,0x433b0b38,3,4,7,3,4,7,5.75,-76,,5,4
2026-01-24 23:45:32.773046,0x433b0b38,3,3,3,3,3,3,5.5,-78,,5,5
2026-01-24 23:45:35.327590,0x433ad35c,3,4,5,3,4,5,5.5,-56,,3,3
2026-01-24 23:45:37.928317,0x433af380,5,6,6,5,6,6,5.75,-34,,3,3
2026-01-24 23:46:31.145033,0x433af380,16,18,18,16,18,18,6.75,-33,,3,3
2026-01-24 23:46:33.693253,0x433ad35c,3,4,4,3,4,4,5.75,-56,,3,3
2026-01-24 23:46:36.606732,0x433b0b38,3,7,7,3,7,7,5.75,-77,,5,5
2026-01-24 23:47:33.019246,0x433af380,6,6,6,6,6,6,6.25,-34,,3,3
2026-01-24 23:47:35.560346,0x433ad35c,4,5,6,4,5,6,6.25,-56,,3,3
2026-01-24 23:47:37.119489,0x433b0b38,1,2,3,1,2,3,5.0,-69,,5,4
2026-01-24 23:48:31.765257,0x433af380,6,7,7,6,7,7,5.5,-34,,3,3
2026-01-24 23:48:34.199292,0x433ad35c,4,4,5,4,4,5,6.0,-56,,3,3
2026-01-24 23:48:35.917695,0x433b0b38,4,5,6,4,5,6,5.5,-77,,5,5
2026-01-24 23:49:34.101325,0x433ad35c,4,5,6,4,5,6,5.75,-56,,3,3
2026-01-24 23:49:36.856498,0x433af380,5,7,7,5,7,7,5.75,-34,,3,3
2026-01-24 23:49:43.111975,0x433b0b38,2,3,3,2,3,3,5.5,-76,,5,4
2026-01-24 23:50:34.031491,0x433af380,5,6,8,5,6,8,6.75,-33,,3,3
2026-01-24 23:50:36.549490,0x433ad35c,4,5,5,4,5,5,6.0,-56,,3,3
2026-01-24 23:50:38.265657,0x433b0b38,3,4,7,3,4,7,5.75,-79,,5,5
2026-01-24 23:51:32.489838,0x433af380,18,18,18,18,18,18,7.25,-35,,3,3
2026-01-24 23:51:35.048607,0x433b0b38,2,4,4,2,4,4,5.25,-78,,5,5
2026-01-24 23:51:36.756934,0x433ad35c,4,4,5,4,4,5,5.5,-56,,3,3
2026-01-24 23:52:35.055901,0x433ad35c,3,4,4,3,4,4,5.5,-56,,3,3
2026-01-24 23:52:37.791193,0x433af380,6,8,8,6,8,8,6.0,-34,,3,3
2026-01-24 23:52:38.744867,0x433b0b38,2,3,6,2,3,6,5.75,-70,,5,4
2026-01-24 23:53:33.176491,0x433af380,5,6,7,5,6,7,7.25,-34,,3,3
2026-01-24 23:53:35.824675,0x433ad35c,3,3,3,3,3,3,5.5,-56,,3,3
2026-01-24 23:53:48.565820,0x433b0b38,2,2,2,2,2,2,5.5,-75,,5,4
2026-01-24 23:54:33.381457,0x433af380,6,6,8,6,6,8,7.0,-34,,3,3
2026-01-24 23:54:36.075425,0x433b0b38,4,4,4,4,4,4,5.75,-78,,5,5
2026-01-24 23:54:37.790292,0x433ad35c,3,4,4,3,4,4,6.5,-54,,3,3
2026-01-24 23:55:33.572786,0x433af380,16,18,18,16,18,18,5.75,-33,,3,3
2026-01-24 23:55:36.029963,0x433ad35c,3,3,4,3,3,4,5.75,-56,,3,3
2026-01-24 23:55:37.752759,0x433b0b38,1,2,2,1,2,2,5.75,-78,,5,5
2026-01-24 23:56:34.602841,0x433af380,5,7,7,5,7,7,6.0,-33,,3,3
2026-01-24 23:56:37.858462,0x433ad35c,5,5,5,5,5,5,5.75,-56,,3,3
2026-01-24 23:56:41.233200,0x433b0b38,2,2,2,2,2,2,5.5,-76,,5,4
2026-01-24 23:57:35.269356,0x433af380,6,8,8,6,8,8,6.75,-33,,3,3
2026-01-24 23:57:37.693375,0x433ad35c,3,3,3,3,3,3,5.75,-56,,3,3
2026-01-24 23:57:39.406537,0x433b0b38,2,2,2,2,2,2,5.5,-77,,5,5
2026-01-24 23:58:34.774486,0x433af380,7,7,8,7,7,8,5.75,-33,,3,3
2026-01-24 23:58:38.254034,0x433ad35c,5,6,6,5,6,6,6.75,-56,,3,3
2026-01-24 23:58:39.901718,0x433b0b38,2,3,5,2,3,5,5.5,-79,,5,5
2026-01-24 23:59:34.547365,0x433af380,5,7,7,5,7,7,7.25,-34,,3,3
2026-01-24 23:59:37.043488,0x433b0b38,3,4,6,3,4,6,5.5,-78,,5,5
2026-01-24 23:59:38.791991,0x433ad35c,4,4,4,4,4,4,6.0,-56,,3,3
2026-01-25 00:00:34.933602,0x433af380,6,7,7,6,7,7,7.25,-33,,3,3
2026-01-25 00:00:37.442526,0x433ad35c,4,5,5,4,5,5,6.0,-56,,3,3
2026-01-25 00:00:39.272542,0x433b0b38,3,5,5,3,5,5,5.75,-78,,5,5
2026-01-25 00:01:35.233933,0x433af380,5,7,7,5,7,7,7.5,-34,,3,3
2026-01-25 00:01:37.762366,0x433b0b38,2,3,4,2,3,4,5.75,-77,,5,5
2026-01-25 00:01:39.387592,0x433ad35c,2,3,3,2,3,3,6.0,-56,,3,3
2026-01-24 00:01:32.151212,0x433b0b38,12,14,17,12,14,17,6.0,-77,,5,5
2026-01-24 00:02:13.383975,0x433af380,17,25,26,17,25,26,6.75,-34,,3,3
2026-01-24 00:02:15.825507,0x433ad35c,14,17,17,14,17,17,6.0,-59,,3,3
2026-01-24 00:02:33.235706,0x433b0b38,10,18,19,10,18,19,6.0,-77,,5,5
2026-01-24 00:03:13.782994,0x433af380,21,28,29,20,28,29,5.75,-34,,3,3
2026-01-24 00:03:16.282959,0x433ad35c,11,16,17,11,16,17,5.5,-59,,3,3
2026-01-24 00:03:31.269366,0x433b0b38,11,16,18,11,16,18,5.5,-76,,5,5
2026-01-24 00:04:13.922708,0x433af380,22,29,30,21,29,30,7.25,-34,,3,3
2026-01-24 00:04:16.472810,0x433ad35c,13,16,19,13,16,19,6.25,-58,,3,3
2026-01-24 00:04:32.488826,0x433b0b38,11,15,15,11,15,15,6.0,-76,,5,5
2026-01-24 00:05:14.348893,0x433af380,19,24,26,19,24,26,7.25,-34,,3,3
2026-01-24 00:05:18.897171,0x433ad35c,12,17,17,12,17,17,5.75,-59,,3,3
2026-01-24 00:05:33.818570,0x433b0b38,10,14,15,10,14,15,5.75,-77,,5,5
2026-01-24 00:06:14.608530,0x433af380,19,24,26,19,24,26,7.5,-34,,3,3
2026-01-24 00:06:17.125205,0x433ad35c,14,18,19,14,18,19,6.0,-59,,3,3
2026-01-24 00:06:33.443509,0x433b0b38,10,17,19,10,17,19,5.75,-76,,5,5
2026-01-24 00:07:15.285095,0x433af380,19,25,26,19,25,26,7.0,-34,,3,3
2026-01-24 00:07:17.776845,0x433ad35c,12,14,16,12,14,16,5.75,-58,,3,3
2026-01-24 00:07:32.800506,0x433b0b38,14,24,26,14,24,26,5.5,-77,,5,5
2026-01-24 00:08:15.088031,0x433af380,20,26,26,19,26,26,7.25,-34,,3,3
2026-01-24 00:08:17.588742,0x433ad35c,12,16,17,12,16,17,6.0,-58,,3,3
2026-01-24 00:08:33.949033,0x433b0b38,11,15,15,11,15,15,5.5,-77,,5,5
2026-01-24 00:09:15.326668,0x433af380,20,23,26,19,23,26,7.0,-34,,3,3
2026-01-24 00:09:17.837682,0x433ad35c,13,17,18,13,17,18,5.75,-59,,3,3
2026-01-24 00:09:33.136507,0x433b0b38,9,14,16,9,14,16,5.75,-77,,5,5
2026-01-24 00:10:15.755054,0x433af380,19,28,28,19,28,28,7.25,-34,,3,3
2026-01-24 00:10:20.313940,0x433ad35c,11,14,16,11,14,16,6.0,-59,,3,3
2026-01-24 00:10:33.548812,0x433b0b38,10,16,18,10,16,18,5.5,-77,,5,5
2026-01-24 00:11:16.312225,0x433af380,20,26,26,19,26,26,7.5,-33,,3,3
2026-01-24 00:11:18.871394,0x433ad35c,13,16,17,13,16,17,5.75,-59,,3,3
2026-01-24 00:11:34.739070,0x433b0b38,9,17,17,9,17,17,5.5,-77,,5,5
2026-01-24 00:12:16.374516,0x433af380,21,29,29,20,29,29,6.75,-35,,3,3
2026-01-24 00:12:21.154383,0x433ad35c,11,13,14,11,13,14,5.75,-59,,3,3
2026-01-24 00:12:33.830570,0x433b0b38,13,16,16,13,16,16,5.75,-77,,5,5
2026-01-24 00:13:16.391204,0x433af380,21,28,28,20,28,28,7.25,-34,,3,3
2026-01-24 00:13:18.869183,0x433ad35c,12,15,20,12,15,20,6.0,-59,,3,3
2026-01-24 00:13:34.030767,0x433b0b38,12,14,14,12,14,14,5.25,-77,,5,5
2026-01-24 00:14:18.559497,0x433af380,18,26,26,18,26,26,7.0,-34,,3,3
2026-01-24 00:14:21.096389,0x433ad35c,11,16,17,11,16,17,6.0,-59,,3,3
2026-01-24 00:14:34.410938,0x433b0b38,14,24,27,14,24,27,6.0,-77,,5,5
2026-01-24 00:15:17.016887,0x433af380,23,31,32,22,30,32,6.75,-34,,3,3
2026-01-24 00:15:19.565939,0x433ad35c,12,17,17,12,17,17,6.0,-58,,3,3
2026-01-24 00:15:34.474422,0x433b0b38,13,19,24,13,19,24,6.0,-77,,5,5
2026-01-24 00:16:17.092293,0x433af380,18,24,25,18,24,25,7.25,-34,,3,3
2026-01-24 00:16:19.542329,0x433ad35c,10,16,17,10,16,17,6.0,-59,,3,3
2026-01-24 00:16:36.461255,0x433b0b38,14,19,20,14,19,20,5.25,-77,,5,5
2026-01-24 00:17:17.524283,0x433af380,20,30,30,20,30,30,7.25,-34,,3,3
2026-01-24 00:17:19.937227,0x433ad35c,13,18,18,13,18,18,6.0,-59,,3,3
2026-01-24 00:17:35.761115,0x433b0b38,13,22,22,13,22,22,5.5,-77,,5,5
2026-01-24 00:18:17.995499,0x433af380,19,26,27,19,26,27,7.5,-34,,3,3
2026-01-24 00:18:20.489573,0x433ad35c,13,15,15,13,15,15,6.25,-59,,3,3
2026-01-24 00:18:35.285491,0x433b0b38,12,17,18,12,17,18,6.0,-77,,5,5
2026-01-24 00:19:18.376543,0x433af380,20,27,27,20,27,27,7.75,-34,,3,3
2026-01-24 00:19:20.936207,0x433ad35c,14,21,22,14,21,22,5.75,-59,,3,3
2026-01-24 00:19:35.384431,0x433b0b38,11,18,20,11,18,20,6.0,-77,,5,5
2026-01-24 00:20:18.773626,0x433af380,20,25,25,19,25,25,6.5,-34,,3,3
2026-01-24 00:20:23.284614,0x433ad35c,11,16,17,11,16,17,6.0,-59,,3,3
2026-01-24 00:20:36.501356,0x433b0b38,14,19,19,14,19,19,5.5,-76,,5,5
2026-01-24 00:21:18.848844,0x433af380,17,23,24,17,23,24,6.0,-35,,3,3
2026-01-24 00:21:23.645688,0x433ad35c,13,18,22,13,18,22,6.25,-59,,3,3
2026-01-24 00:21:36.354486,0x433b0b38,12,20,21,12,20,21,7.0,-77,,5,5
2026-01-24 00:22:19.280289,0x433af380,18,29,30,18,29,30,5.75,-34,,3,3
2026-01-24 00:22:22.647753,0x433ad35c,14,18,19,14,18,19,5.5,-59,,3,3
2026-01-24 00:22:36.138699,0x433b0b38,10,13,17,10,13,17,6.0,-77,,5,5
2026-01-24 00:23:19.076999,0x433af380,18,23,23,18,23,23,7.5,-34,,3,3
2026-01-24 00:23:21.630523,0x433ad35c,14,21,22,14,21,22,6.0,-59,,3,3
2026-01-24 00:23:36.441898,0x433b0b38,15,17,17,15,17,17,6.5,-77,,5,5
2026-01-24 00:24:19.523712,0x433af380,18,25,26,18,25,26,6.0,-33,,3,3
2026-01-24 00:24:22.035332,0x433ad35c,12,17,20,12,17,20,6.25,-59,,3,3
2026-01-24 00:24:36.677156,0x433b0b38,13,21,21,13,21,21,5.5,-76,,5,5
2026-01-24 00:25:19.680735,0x433af380,19,27,29,19,27,29,7.25,-34,,3,3
2026-01-24 00:25:22.188714,0x433ad35c,12,16,16,12,16,16,5.75,-59,,3,3
2026-01-24 00:25:36.825296,0x433b0b38,9,17,20,9,17,20,6.75,-77,,5,5
2026-01-24 00:26:20.466555,0x433af380,19,26,26,19,26,26,6.0,-34,,3,3
2026-01-24 00:26:22.974698,0x433ad35c,13,16,16,13,16,16,5.75,-59,,3,3
2026-01-24 00:26:37.448498,0x433b0b38,10,18,18,10,18,18,5.75,-77,,5,5
2026-01-24 00:27:20.023487,0x433af380,18,24,24,18,24,24,5.5,-34,,3,3
2026-01-24 00:27:22.632255,0x433ad35c,13,17,18,13,17,18,6.25,-59,,3,3
2026-01-24 00:27:38.614877,0x433b0b38,12,15,15,12,15,15,5.5,-77,,5,5
2026-01-24 00:28:20.454274,0x433af380,18,22,23,18,22,23,7.0,-33,,3,3
2026-01-24 00:28:22.904026,0x433ad35c,10,15,16,10,15,16,6.25,-59,,3,3
2026-01-24 00:28:37.493616,0x433b0b38,8,12,14,8,12,14,5.75,-76,,5,5
2026-01-24 00:29:20.966621,0x433af380,19,26,27,19,26,27,7.5,-34,,3,3
2026-01-24 00:29:23.527515,0x433ad35c,13,17,18,13,17,18,5.75,-59,,3,3
2026-01-24 00:29:37.941484,0x433b0b38,10,17,19,10,17,19,6.5,-77,,5,5
2026-01-24 00:30:21.019877,0x433af380,21,31,32,20,30,32,6.75,-34,,3,3
2026-01-24 00:30:23.435581,0x433ad35c,11,16,18,11,16,18,5.75,-58,,3,3
2026-01-24 00:30:37.934693,0x433b0b38,11,16,18,11,16,18,6.25,-77,,5,5
2026-01-24 00:31:21.398717,0x433af380,21,27,27,20,27,27,7.75,-34,,3,3
2026-01-24 00:31:25.844688,0x433ad35c,14,18,19,14,18,19,6.0,-58,,3,3
2026-01-24 00:31:38.385337,0x433b0b38,13,20,25,13,20,25,6.25,-77,,5,5
2026-01-24 00:32:22.045504,0x433af380,17,26,28,17,26,28,7.5,-34,,3,3
2026-01-24 00:32:24.490943,0x433ad35c,13,16,17,13,16,17,6.75,-59,,3,3
2026-01-24 00:32:38.396733,0x433b0b38,11,14,18,11,14,18,5.0,-77,,5,5
2026-01-24 00:33:21.622939,0x433af380,19,27,31,19,27,31,6.75,-34,,3,3
2026-01-24 00:33:24.038248,0x433ad35c,10,14,15,10,14,15,5.75,-59,,3,3
2026-01-24 00:33:39.726385,0x433b0b38,11,17,17,11,17,17,6.25,-77,,5,5
2026-01-24 00:34:21.984715,0x433af380,21,27,29,20,27,29,7.75,-34,,3,3
2026-01-24 00:34:24.473692,0x433ad35c,13,15,16,13,15,16,6.0,-59,,3,3
2026-01-24 00:34:38.931366,0x433b0b38,12,15,17,12,15,17,5.75,-77,,5,5
2026-01-24 00:35:22.600267,0x433af380,19,26,27,19,26,27,6.5,-34,,3,3
2026-01-24 00:35:25.130290,0x433ad35c,12,17,19,12,17,19,5.75,-59,,3,3
2026-01-24 00:35:39.292517,0x433b0b38,12,19,19,12,19,19,6.25,-77,,5,5
2026-01-24 00:36:22.526209,0x433af380,19,26,28,19,26,28,7.25,-34,,3,3
2026-01-24 00:36:24.974949,0x433ad35c,13,17,18,13,17,18,6.25,-59,,3,3
2026-01-24 00:36:39.575057,0x433b0b38,10,14,14,10,14,14,5.75,-77,,5,5
2026-01-24 00:37:22.805503,0x433af380,18,25,26,18,25,26,7.0,-34,,3,3
2026-01-24 00:37:25.255550,0x433ad35c,11,15,16,11,15,16,5.75,-59,,3,3
2026-01-24 00:37:39.591463,0x433b0b38,10,13,15,10,13,15,6.25,-77,,5,5
2026-01-24 00:38:23.308184,0x433af380,15,20,20,15,20,20,7.25,-34,,3,3
2026-01-24 00:38:25.723178,0x433ad35c,15,18,19,15,18,19,5.75,-59,,3,3
2026-01-24 00:38:39.832999,0x433b0b38,9,17,19,9,17,19,5.75,-77,,5,5
2026-01-24 00:39:23.453001,0x433af380,17,24,24,17,24,24,6.0,-34,,3,3
2026-01-24 00:39:25.955988,0x433ad35c,11,13,16,11,13,16,6.0,-59,,3,3
2026-01-24 00:39:40.223589,0x433b0b38,10,17,17,10,17,17,5.75,-76,,5,5
2026-01-24 00:40:23.580835,0x433af380,15,19,19,15,19,19,6.5,-34,,3,3
2026-01-24 00:40:29.911992,0x433ad35c,12,16,17,12,16,17,6.0,-59,,3,3
2026-01-24 00:40:40.518072,0x433b0b38,10,14,14,10,14,14,6.25,-77,,5,5
2026-01-24 00:41:24.057449,0x433af380,16,23,23,16,23,23,6.5,-35,,3,3
2026-01-24 00:41:26.558908,0x433ad35c,12,16,19,12,16,19,5.75,-59,,3,3
2026-01-24 00:41:41.327668,0x433b0b38,10,16,16,10,16,16,6.0,-77,,5,5
2026-01-24 00:42:23.977954,0x433af380,17,21,21,17,21,21,7.0,-33,,3,3
2026-01-24 00:42:26.470609,0x433ad35c,12,17,20,12,17,20,5.5,-59,,3,3
2026-01-24 00:42:40.758002,0x433b0b38,11,17,19,11,17,19,5.5,-77,,5,5
2026-01-24 00:43:24.504842,0x433af380,18,25,26,18,25,26,6.0,-34,,3,3
2026-01-24 00:43:28.572979,0x433ad35c,11,15,16,11,15,16,6.0,-59,,3,3
2026-01-24 00:43:41.568352,0x433b0b38,11,16,16,11,16,16,6.0,-76,,5,5
2026-01-24 00:44:24.475179,0x433af380,19,23,23,19,23,23,7.75,-33,,3,3
2026-01-24 00:44:26.947231,0x433ad35c,12,18,20,12,18,20,6.0,-59,,3,3
2026-01-24 00:44:41.882688,0x433b0b38,12,17,19,12,17,19,5.75,-77,,5,5
2026-01-24 00:45:25.088672,0x433af380,20,26,26,20,26,26,7.25,-34,,3,3
2026-01-24 00:45:30.952088,0x433ad35c,13,16,16,13,16,16,6.0,-59,,3,3
2026-01-24 00:45:41.458924,0x433b0b38,10,16,18,10,16,18,6.0,-76,,5,5
2026-01-24 00:46:24.999290,0x433af380,17,21,22,17,21,22,7.5,-33,,3,3
2026-01-24 00:46:27.496809,0x433ad35c,14,20,20,14,20,20,6.0,-59,,3,3
2026-01-24 00:46:41.893391,0x433b0b38,10,14,17,10,14,17,6.5,-76,,5,5
2026-01-24 00:47:25.351381,0x433af380,17,25,27,17,25,27,6.5,-34,,3,3
2026-01-24 00:47:27.765414,0x433ad35c,14,18,20,14,18,20,6.0,-59,,3,3
2026-01-24 00:47:41.929105,0x433b0b38,9,10,10,9,10,10,5.75,-77,,5,5
2026-01-24 00:48:25.463674,0x433af380,19,25,25,19,25,25,6.75,-34,,3,3
2026-01-24 00:48:27.879329,0x433ad35c,12,18,20,12,18,20,5.25,-58,,3,3
2026-01-24 00:48:42.576484,0x433b0b38,12,17,19,12,17,19,5.25,-77,,5,5
2026-01-24 00:49:26.156232,0x433af380,19,24,24,19,24,24,7.0,-34,,3,3
2026-01-24 00:49:28.581314,0x433ad35c,12,15,17,12,15,17,6.25,-59,,3,3
2026-01-24 00:49:42.428074,0x433b0b38,9,12,12,9,12,12,5.75,-77,,5,5
2026-01-24 00:50:26.508178,0x433af380,18,24,24,18,24,24,6.75,-34,,3,3
2026-01-24 00:50:29.006790,0x433ad35c,10,13,14,10,13,14,7.0,-59,,3,3
2026-01-24 00:50:42.618387,0x433b0b38,10,18,21,10,18,21,5.25,-78,,5,5
2026-01-24 00:51:26.376731,0x433af380,19,26,27,19,26,27,5.75,-33,,3,3
2026-01-24 00:51:31.314685,0x433ad35c,10,12,15,10,12,15,6.75,-58,,3,3
2026-01-24 00:51:43.051625,0x433b0b38,12,17,20,12,17,20,6.0,-77,,5,5
2026-01-24 00:52:26.562172,0x433af380,18,24,24,18,24,24,7.0,-34,,3,3
2026-01-24 00:52:29.089955,0x433ad35c,13,16,18,13,16,18,6.0,-58,,3,3
2026-01-24 00:52:43.073677,0x433b0b38,13,18,20,13,18,20,5.5,-78,,5,5
2026-01-24 00:53:26.733413,0x433af380,22,30,30,21,30,30,6.75,-34,,3,3
2026-01-24 00:53:29.236821,0x433ad35c,14,17,19,14,17,19,5.75,-59,,3,3
2026-01-24 00:53:43.305890,0x433b0b38,11,16,19,11,16,19,5.75,-77,,5,5
2026-01-24 00:54:27.055300,0x433af380,20,29,30,19,29,30,6.25,-34,,3,3
2026-01-24 00:54:29.481471,0x433ad35c,12,17,17,12,17,17,6.75,-59,,3,3
2026-01-24 00:54:43.586860,0x433b0b38,11,16,17,11,16,17,6.25,-76,,5,5
2026-01-24 00:55:27.433180,0x433af380,22,28,29,21,28,29,7.0,-34,,3,3
2026-01-24 00:55:29.996121,0x433ad35c,12,17,21,12,17,21,5.75,-59,,3,3
2026-01-24 00:55:44.365533,0x433b0b38,10,13,13,10,13,13,5.25,-77,,5,5
2026-01-24 00:56:27.556776,0x433af380,20,26,27,20,26,27,7.0,-34,,3,3
2026-01-24 00:56:30.079451,0x433ad35c,11,18,20,11,18,20,5.75,-59,,3,3
2026-01-24 00:56:45.188152,0x433b0b38,8,13,14,8,13,14,6.25,-77,,5,5
2026-01-24 00:57:28.159022,0x433af380,20,27,27,20,27,27,6.25,-34,,3,3
2026-01-24 00:57:30.721932,0x433ad35c,11,16,17,11,16,17,5.75,-59,,3,3
2026-01-24 00:57:44.282248,0x433b0b38,14,20,20,14,20,20,6.25,-77,,5,5
2026-01-24 00:58:28.246969,0x433af380,20,29,30,20,29,30,6.0,-34,,3,3
2026-01-24 00:58:34.010471,0x433ad35c,11,14,15,11,14,15,6.0,-59,,3,3
2026-01-24 00:58:44.549959,0x433b0b38,13,17,23,13,17,23,5.75,-78,,5,5
2026-01-24 00:59:28.782497,0x433af380,20,27,27,20,27,27,6.75,-34,,3,3
2026-01-24 00:59:33.027581,0x433ad35c,14,20,22,14,20,22,6.0,-59,,3,3
2026-01-24 00:59:44.744074,0x433b0b38,9,14,15,9,14,15,5.5,-76,,5,5
2026-01-24 01:00:28.969644,0x433af380,20,24,25,19,24,25,7.0,-34,,3,3
2026-01-24 01:00:33.203053,0x433ad35c,12,15,15,12,15,15,5.75,-59,,3,3
2026-01-24 01:00:44.927918,0x433b0b38,8,14,14,8,14,14,6.25,-77,,5,5
2026-01-24 01:01:28.960435,0x433af380,21,27,27,20,27,27,6.0,-34,,3,3
2026-01-25 02:03:07.155413,0x433af380,1,2,2,1,2,2,7.25,-34,,3,3
2026-01-25 02:03:09.605681,0x433ad35c,1,1,4,1,1,4,6.0,-56,,3,3
2026-01-25 02:03:11.907624,0x433b0b38,,1,2,,1,2,5.0,-78,,5,5
2026-01-25 02:04:07.308256,0x433af380,1,1,1,1,1,1,7.0,-34,,3,3
2026-01-25 02:04:09.834635,0x433ad35c,2,2,2,2,2,2,6.25,-56,,3,3
2026-01-25 02:04:18.224062,0x433b0b38,1,1,6,1,1,6,5.25,-76,,5,4
2026-01-25 02:05:07.631523,0x433af380,1,1,1,1,1,1,7.75,-34,,3,3
2026-01-25 02:05:10.058757,0x433ad35c,,,,,,,6.0,-56,,3,3
2026-01-25 02:05:16.045091,0x433b0b38,1,1,1,1,1,1,5.25,-76,,5,4
2026-01-25 02:06:07.846813,0x433af380,1,1,1,1,1,1,6.0,-35,,3,3
2026-01-25 02:06:10.301298,0x433b0b38,1,1,1,1,1,1,6.0,-77,,5,5
2026-01-25 02:06:12.059859,0x433ad35c,1,1,1,1,1,1,5.75,-56,,3,3
2026-01-25 02:07:08.157360,0x433af380,2,2,2,2,2,2,6.25,-34,,3,3
2026-01-25 02:07:10.572456,0x433b0b38,,1,1,,1,1,5.75,-78,,5,5
2026-01-25 02:07:12.192918,0x433ad35c,,,1,,,1,7.0,-56,,3,3
2026-01-25 02:08:08.370000,0x433af380,2,2,2,2,2,2,5.75,-34,,3,3
2026-01-25 02:08:11.555926,0x433b0b38,1,1,3,1,1,3,5.5,-77,,5,5
2026-01-25 02:08:13.780299,0x433ad35c,1,1,1,1,1,1,5.75,-56,,3,3
2026-01-25 02:09:08.622258,0x433af380,3,3,3,3,3,3,7.5,-34,,3,3
2026-01-25 02:09:11.030000,0x433b0b38,,1,3,,1,3,5.5,-77,,5,5
2026-01-25 02:09:12.588101,0x433ad35c,,1,2,,1,2,6.5,-56,,3,3
2026-01-25 02:10:09.032422,0x433af380,2,3,3,2,3,3,7.0,-34,,3,3
2026-01-25 02:10:11.441202,0x433b0b38,2,2,4,2,2,4,5.25,-77,,5,5
2026-01-25 02:10:13.109198,0x433ad35c,1,1,2,1,1,2,6.0,-56,,3,3
2026-01-25 02:11:09.234416,0x433af380,2,2,2,2,2,2,6.25,-34,,3,3
2026-01-25 02:11:11.715098,0x433ad35c,2,2,2,2,2,2,5.5,-56,,3,3
2026-01-25 02:11:13.484517,0x433b0b38,1,1,2,1,1,2,5.5,-76,,5,4
2026-01-25 02:12:09.457207,0x433af380,3,3,3,3,3,3,7.25,-34,,3,3
2026-01-25 02:12:11.989911,0x433ad35c,2,2,2,2,2,2,6.0,-56,,3,3
2026-01-25 02:12:17.719501,0x433b0b38,1,1,1,1,1,1,6.0,-76,,5,4
2026-01-25 02:13:09.626006,0x433af380,2,3,3,2,3,3,7.0,-34,,3,3
2026-01-25 02:13:12.740743,0x433b0b38,,1,1,,1,1,5.0,-77,,5,5
2026-01-25 02:13:14.931457,0x433ad35c,2,2,2,2,2,2,5.75,-56,,3,3
2026-01-25 02:14:10.014604,0x433af380,3,3,4,3,3,4,7.5,-34,,3,3
2026-01-25 02:14:12.433751,0x433ad35c,,,1,,,1,6.0,-56,,3,3
2026-01-25 02:14:14.136608,0x433b0b38,1,1,3,1,1,3,5.5,-77,,5,5
2026-01-25 02:15:10.281545,0x433af380,2,2,2,2,2,2,6.5,-34,,3,3
2026-01-25 02:15:12.621581,0x433ad35c,,,1,,,1,5.75,-55,,3,3
2026-01-25 02:15:16.710515,0x433b0b38,1,1,1,1,1,1,5.75,-78,,5,5
2026-01-25 02:16:10.453527,0x433af380,4,5,5,4,5,5,8.0,-34,,3,3
2026-01-25 02:16:12.886593,0x433ad35c,2,2,2,2,2,2,6.0,-56,,3,3
2026-01-25 02:16:14.603727,0x433b0b38,2,2,2,2,2,2,5.75,-78,,5,5
2026-01-25 02:17:10.917676,0x433af380,2,3,3,2,3,3,6.75,-33,,3,3
2026-01-25 02:17:14.636907,0x433b0b38,1,1,1,1,1,1,5.75,-77,,5,5
2026-01-25 02:17:17.825441,0x433ad35c,1,2,2,1,2,2,6.0,-56,,3,3
2026-01-25 02:18:11.135660,0x433af380,1,1,2,1,1,2,7.5,-34,,3,3
2026-01-25 02:18:14.452365,0x433ad35c,1,1,1,1,1,1,5.75,-56,,3,3
2026-01-25 02:18:18.385172,0x433b0b38,1,1,1,1,1,1,5.5,-78,,5,5
2026-01-25 02:19:11.434145,0x433af380,2,2,2,2,2,2,6.5,-34,,3,3
2026-01-25 02:19:13.976287,0x433ad35c,1,1,2,1,1,2,5.75,-56,,3,3
2026-01-25 02:19:23.464638,0x433b0b38,1,1,1,1,1,1,5.5,-77,,5,4
2026-01-25 02:20:11.500492,0x433af380,4,4,4,4,4,4,7.0,-34,,3,3
2026-01-25 02:20:13.932054,0x433ad35c,2,3,4,2,3,4,5.5,-56,,3,3
2026-01-25 02:20:15.604273,0x433b0b38,1,1,1,1,1,1,5.5,-77,,5,5
2026-01-25 02:21:11.715962,0x433af380,2,3,3,2,3,3,7.25,-34,,3,3
2026-01-25 02:21:15.103404,0x433ad35c,2,2,2,2,2,2,6.0,-56,,3,3
2026-01-25 02:21:22.850537,0x433b0b38,2,2,2,2,2,2,5.25,-76,,5,4
2026-01-25 02:22:11.906499,0x433af380,2,2,3,2,2,3,6.75,-34,,3,3
2026-01-25 02:22:14.490876,0x433ad35c,2,2,4,2,2,4,6.0,-56,,3,3
2026-01-25 02:22:16.879542,0x433b0b38,1,1,1,1,1,1,5.75,-69,,5,4
2026-01-25 02:23:12.191397,0x433af380,3,4,4,3,4,4,7.0,-34,,3,3
2026-01-25 02:23:14.616574,0x433b0b38,2,3,4,2,3,4,5.75,-78,,5,5
2026-01-25 02:23:17.701534,0x433ad35c,1,2,2,1,2,2,6.0,-56,,3,3
2026-01-25 02:24:12.712928,0x433af380,3,3,3,3,3,3,6.5,-34,,3,3
2026-01-25 02:24:16.067672,0x433ad35c,1,1,1,1,1,1,6.0,-56,,3,3
2026-01-25 02:24:18.845556,0x433b0b38,1,2,3,1,2,3,6.5,-78,,5,5
2026-01-25 02:25:12.867061,0x433af380,4,4,4,4,4,4,7.75,-34,,3,3
2026-01-25 02:25:15.357318,0x433ad35c,2,2,2,2,2,2,6.0,-56,,3,3
2026-01-25 02:25:16.910742,0x433b0b38,1,1,1,1,1,1,5.5,-76,,5,4
2026-01-25 02:26:13.449856,0x433af380,3,4,5,3,4,5,7.0,-34,,3,3
2026-01-25 02:26:15.924284,0x433ad35c,3,3,3,3,3,3,6.5,-56,,3,3
2026-01-25 02:26:17.588620,0x433b0b38,2,3,3,2,3,3,6.0,-78,,5,5
2026-01-25 02:27:13.918497,0x433af380,3,4,4,3,4,4,5.75,-34,,3,3
2026-01-25 02:27:16.377737,0x433b0b38,,1,1,,1,1,6.5,-79,,5,5
2026-01-25 02:27:21.002674,0x433ad35c,,,,,,,6.5,-56,,3,3
2026-01-25 02:28:13.585312,0x433af380,3,3,3,3,3,3,6.5,-34,,3,3
2026-01-25 02:28:16.084487,0x433ad35c,2,2,4,2,2,4,6.25,-56,,3,3
2026-01-25 02:28:16.765142,0x433b0b38,1,1,3,1,1,3,5.5,-78,,5,5
2026-01-25 02:29:13.716839,0x433af380,1,2,2,1,2,2,7.75,-34,,3,3
2026-01-25 02:29:16.247241,0x433ad35c,2,2,3,2,2,3,5.75,-56,,3,3
2026-01-25 02:29:18.390714,0x433b0b38,1,2,2,1,2,2,5.75,-76,,5,4
2026-01-25 02:30:13.963192,0x433af380,2,3,3,2,3,3,5.75,-34,,3,3
2026-01-25 02:30:16.460455,0x433ad35c,1,1,1,1,1,1,5.5,-56,,3,3
2026-01-25 02:30:24.376656,0x433b0b38,1,1,1,1,1,1,5.5,-76,,5,4
2026-01-25 02:31:14.180988,0x433af380,3,4,4,3,4,4,7.25,-34,,3,3
2026-01-25 02:31:16.480885,0x433ad35c,,,,,,,6.25,-56,,3,3
2026-01-25 02:31:22.583762,0x433b0b38,1,2,2,1,2,2,6.0,-76,,5,4
2026-01-25 02:32:14.620210,0x433af380,1,1,1,1,1,1,7.0,-34,,3,3
2026-01-25 02:32:17.059160,0x433ad35c,,,1,,,1,5.75,-56,,3,3
2026-01-25 02:32:19.415697,0x433b0b38,1,1,1,1,1,1,5.75,-78,,5,5
2026-01-25 02:33:15.819438,0x433af380,2,3,3,2,3,3,6.25,-33,,3,3
2026-01-25 02:33:19.063682,0x433b0b38,1,1,1,1,1,1,5.5,-78,,5,5
2026-01-25 02:33:22.058744,0x433ad35c,,,,,,,5.75,-56,,3,3
2026-01-25 02:34:15.096358,0x433af380,,,,,,,5.75,-34,,3,3
2026-01-25 02:34:17.545427,0x433ad35c,1,1,2,1,1,2,6.25,-56,,3,3
2026-01-25 02:34:20.020518,0x433b0b38,1,1,1,1,1,1,5.75,-77,,5,5
2026-01-25 02:35:15.341461,0x433af380,1,2,2,1,2,2,7.25,-34,,3,3
2026-01-25 02:35:17.853668,0x433b0b38,1,2,4,1,2,4,5.75,-78,,5,5
2026-01-25 02:35:19.553585,0x433ad35c,2,2,3,2,2,3,6.0,-56,,3,3
2026-01-25 02:36:16.999725,0x433af380,2,2,2,2,2,2,7.5,-34,,3,3
2026-01-25 02:36:19.316206,0x433ad35c,,,,,,,5.75,-56,,3,3
2026-01-25 02:36:20.944314,0x433b0b38,1,1,1,1,1,1,5.75,-78,,5,5
2026-01-25 02:37:15.862942,0x433af380,1,2,3,1,2,3,6.0,-33,,3,3
2026-01-25 02:37:18.360121,0x433b0b38,1,1,2,1,1,2,5.5,-78,,5,5
2026-01-25 02:37:20.869518,0x433ad35c,1,2,2,1,2,2,6.25,-56,,3,3
2026-01-25 02:38:16.073319,0x433af380,1,2,2,1,2,2,5.75,-34,,3,3
2026-01-25 02:38:18.531345,0x433ad35c,1,1,1,1,1,1,6.25,-56,,3,3
2026-01-25 02:38:20.650402,0x433b0b38,,,,,,,5.25,-77,,5,5
2026-01-25 02:39:17.590822,0x433af380,2,2,2,2,2,2,7.0,-34,,3,3
2026-01-25 02:39:20.074351,0x433ad35c,2,2,3,2,2,3,5.5,-56,,3,3
2026-01-25 02:39:22.188131,0x433b0b38,1,1,1,1,1,1,5.0,-76,,5,4
2026-01-25 02:40:16.877338,0x433af380,1,2,2,1,2,2,7.5,-34,,3,3
2026-01-25 02:40:19.378724,0x433ad35c,1,1,1,1,1,1,5.75,-56,,3,3
2026-01-25 02:40:22.013965,0x433b0b38,3,3,5,3,3,5,5.75,-77,,5,4
2026-01-25 02:41:16.938856,0x433af380,2,3,4,2,3,4,6.0,-35,,3,3
2026-01-25 02:41:19.369406,0x433b0b38,,1,1,,1,1,6.0,-78,,5,5
2026-01-25 02:41:21.088370,0x433ad35c,1,1,1,1,1,1,6.25,-56,,3,3
2026-01-25 02:42:19.555103,0x433b0b38,1,1,2,1,1,2,5.75,-77,,5,5
2026-01-25 02:42:22.159522,0x433af380,3,3,3,3,3,3,6.0,-35,,3,3
2026-01-25 02:42:24.640224,0x433ad35c,1,1,1,1,1,1,5.75,-56,,3,3
2026-01-25 02:43:17.930328,0x433af380,4,5,5,4,5,5,7.0,-35,,3,3
2026-01-25 02:43:20.472914,0x433ad35c,2,2,2,2,2,2,5.75,-56,,3,3
2026-01-25 02:43:22.836571,0x433b0b38,1,1,2,1,1,2,5.75,-78,,5,5
2026-01-25 02:44:17.882049,0x433af380,3,3,3,3,3,3,6.75,-34,,3,3
2026-01-25 02:44:20.330600,0x433b0b38,,1,1,,1,1,6.0,-78,,5,5
2026-01-25 02:44:21.961840,0x433ad35c,2,2,3,2,2,3,6.0,-56,,3,3
2026-01-25 02:45:19.076645,0x433af380,1,1,2,1,1,2,5.75,-34,,3,3
2026-01-25 02:45:21.576391,0x433b0b38,1,1,3,1,1,3,5.25,-77,,5,5
2026-01-25 02:45:23.209608,0x433ad35c,1,1,1,1,1,1,6.25,-55,,3,3
2026-01-25 02:46:18.368592,0x433af380,3,3,3,3,3,3,5.5,-34,,3,3
2026-01-25 02:46:20.878455,0x433ad35c,1,1,2,1,1,2,6.75,-55,,3,3
2026-01-25 02:46:24.369392,0x433b0b38,1,1,1,1,1,1,5.5,-69,,5,4
2026-01-25 02:47:18.589047,0x433af380,4,5,5,4,5,5,6.5,-34,,3,3
2026-01-25 02:47:21.188331,0x433ad35c,1,2,2,1,2,2,6.0,-56,,3,3
2026-01-25 02:47:34.563033,0x433b0b38,1,1,3,1,1,3,5.25,-76,,5,4
2026-01-25 02:48:18.686335,0x433af380,4,5,8,4,5,8,5.75,-34,,3,3
2026-01-25 02:48:21.233545,0x433ad35c,,,1,,,1,5.75,-56,,3,3
2026-01-25 02:48:23.659285,0x433b0b38,,,,,,,5.75,-78,,5,5
2026-01-25 02:49:19.025183,0x433af380,3,4,4,3,4,4,5.75,-34,,3,3
2026-01-25 02:49:21.575412,0x433ad35c,2,2,2,2,2,2,6.0,-56,,3,3
2026-01-25 02:49:23.292286,0x433b0b38,1,2,2,1,2,2,5.75,-77,,5,5
2026-01-25 02:50:19.286189,0x433af380,2,2,3,2,2,3,7.0,-34,,3,3
2026-01-25 02:50:21.750685,0x433ad35c,1,1,1,1,1,1,6.5,-57,,3,3
2026-01-25 02:50:23.384185,0x433b0b38,1,1,1,1,1,1,5.75,-78,,5,5
2026-01-25 02:51:20.214809,0x433af380,2,3,3,2,3,3,7.0,-34,,3,3
2026-01-25 02:51:22.633191,0x433ad35c,2,3,3,2,3,3,5.5,-57,,3,3
2026-01-25 02:51:28.605594,0x433b0b38,1,2,2,1,2,2,5.5,-76,,5,4
2026-01-25 02:52:19.850359,0x433af380,3,4,4,3,4,4,7.0,-33,,3,3
2026-01-25 02:52:22.334403,0x433ad35c,1,1,2,1,1,2,6.25,-56,,3,3
2026-01-25 02:52:24.049461,0x433b0b38,1,1,1,1,1,1,5.5,-77,,5,5
2026-01-25 02:53:20.199594,0x433af380,3,4,5,3,4,5,5.75,-34,,3,3
2026-01-25 02:53:22.666330,0x433ad35c,1,1,1,1,1,1,5.5,-56,,3,3
2026-01-25 02:53:23.403677,0x433b0b38,1,1,1,1,1,1,5.25,-77,,5,5
2026-01-25 02:54:20.343735,0x433af380,3,3,3,3,3,3,7.25,-34,,3,3
2026-01-25 02:54:22.792793,0x433ad35c,1,2,2,1,2,2,5.0,-56,,3,3
2026-01-25 02:54:23.687898,0x433b0b38,1,1,1,1,1,1,6.25,-77,,5,5
2026-01-25 02:55:20.811847,0x433af380,3,4,4,3,4,4,7.0,-34,,3,3
2026-01-25 02:55:23.572138,0x433ad35c,2,2,2,2,2,2,6.25,-56,,3,3
2026-01-25 02:55:25.279529,0x433b0b38,1,1,1,1,1,1,6.25,-78,,5,5
2026-01-25 02:56:21.176072,0x433af380,3,3,3,3,3,3,6.25,-34,,3,3
2026-01-25 02:56:23.759442,0x433ad35c,1,2,2,1,2,2,5.75,-56,,3,3
2026-01-25 02:56:25.032881,0x433b0b38,,1,1,,1,1,5.5,-76,,5,4
2026-01-25 02:57:21.081278,0x433af380,3,4,5,3,4,5,6.75,-33,,3,3
2026-01-25 02:57:23.380449,0x433b0b38,,,,,,,6.75,-77,,5,5
2026-01-25 02:57:24.097886,0x433ad35c,2,2,2,2,2,2,6.25,-56,,3,3
2026-01-25 02:58:21.485508,0x433af380,3,4,4,3,4,4,5.75,-33,,3,3
2026-01-25 02:58:23.946360,0x433ad35c,1,1,1,1,1,1,6.25,-56,,3,3
2026-01-25 02:58:25.610028,0x433b0b38,1,1,1,1,1,1,6.0,-77,,5,5
2026-01-25 02:59:21.952830,0x433af380,1,1,1,1,1,1,5.75,-33,,3,3
2026-01-25 02:59:26.780759,0x433b0b38,1,1,1,1,1,1,6.0,-77,,5,5
2026-01-25 02:59:28.433533,0x433ad35c,2,3,3,2,3,3,6.75,-56,,3,3
2026-01-25 03:00:22.163524,0x433af380,2,2,3,2,2,3,8.0,-34,,3,3
2026-01-25 03:00:24.589447,0x433ad35c,1,1,2,1,1,2,5.75,-56,,3,3
2026-01-25 03:00:26.180730,0x433b0b38,,1,1,,1,1,5.75,-77,,5,5
2026-01-25 03:01:22.173920,0x433af380,3,3,4,3,3,4,8.0,-34,,3,3
2026-01-25 03:01:24.614194,0x433b0b38,1,1,1,1,1,1,5.5,-77,,5,5
2026-01-25 03:01:26.366804,0x433ad35c,1,1,1,1,1,1,5.75,-56,,3,3
2026-01-25 03:02:22.852253,0x433af380,1,1,1,1,1,1,7.5,-34,,3,3
2026-01-25 03:02:25.537462,0x433b0b38,,1,1,,1,1,5.25,-76,,5,5
2026-01-25 03:02:29.260517,0x433ad35c,,,,,,,6.25,-56,,3,3
2026-01-23 21:01:25.604764,0x433af380,21,31,32,20,30,32,7.0,-34,,3,3
2026-01-23 21:01:30.021810,0x433ad35c,15,20,21,15,20,21,6.0,-57,,3,3
2026-01-23 21:01:48.474756,0x433b0b38,13,26,28,13,26,28,5.75,-76,,5,5
2026-01-23 21:02:26.033080,0x433af380,23,32,33,22,31,33,5.75,-34,,3,3
2026-01-23 21:02:28.442586,0x433ad35c,15,21,21,15,21,21,6.75,-57,,3,3
2026-01-23 21:02:48.681230,0x433b0b38,13,26,28,13,26,28,5.5,-77,,5,5
2026-01-23 21:03:29.205763,0x433ad35c,13,17,19,13,17,19,5.75,-58,,3,3
2026-01-23 21:03:31.812695,0x433af380,20,29,29,20,29,29,5.75,-34,,3,3
2026-01-23 21:03:49.075013,0x433b0b38,13,19,20,13,19,20,5.5,-77,,5,5
2026-01-23 21:04:26.215213,0x433af380,21,29,30,20,29,30,7.0,-34,,3,3
2026-01-23 21:04:30.275786,0x433ad35c,14,19,21,14,19,21,6.25,-57,,3,3
2026-01-23 21:04:49.167904,0x433b0b38,17,22,23,17,22,23,6.0,-77,,5,5
2026-01-23 21:05:29.556743,0x433ad35c,15,24,25,15,24,25,5.0,-56,,3,3
2026-01-23 21:05:32.381731,0x433af380,22,30,30,21,30,30,7.0,-34,,3,3
2026-01-23 21:05:50.093539,0x433b0b38,13,18,19,13,18,19,6.5,-77,,5,5
2026-01-23 21:06:30.336535,0x433ad35c,18,22,23,18,22,23,6.0,-57,,3,3
2026-01-23 21:06:32.041294,0x433af380,21,28,28,20,28,28,7.5,-34,,3,3
2026-01-23 21:06:49.597266,0x433b0b38,11,18,18,11,18,18,6.0,-77,,5,5
2026-01-23 21:07:28.761065,0x433af380,23,30,30,21,29,30,7.25,-34,,3,3
2026-01-23 21:07:31.176121,0x433ad35c,15,20,22,15,20,22,6.25,-57,,3,3
2026-01-23 21:07:50.548376,0x433b0b38,16,20,20,16,20,20,5.75,-77,,5,5
2026-01-23 21:08:31.188044,0x433ad35c,14,21,22,14,21,22,6.5,-57,,3,3
2026-01-23 21:08:38.993889,0x433af380,24,34,34,22,32,34,7.75,-34,,3,3
2026-01-23 21:08:50.236980,0x433b0b38,14,22,22,14,22,22,5.5,-76,,5,5
2026-01-23 21:09:30.780264,0x433ad35c,16,20,20,16,20,20,6.25,-57,,3,3
2026-01-23 21:09:36.335913,0x433af380,22,33,33,21,31,33,6.75,-34,,3,3
2026-01-23 21:09:50.739925,0x433b0b38,15,22,24,15,22,24,5.5,-77,,5,5
2026-01-23 21:10:29.348025,0x433af380,25,34,36,23,32,36,7.5,-34,,3,3
2026-01-23 21:10:31.815041,0x433ad35c,16,26,29,16,26,29,6.5,-57,,3,3
2026-01-23 21:10:51.469007,0x433b0b38,15,21,23,15,21,23,5.25,-76,,5,5
2026-01-23 21:11:31.022961,0x433ad35c,15,20,20,15,20,20,6.0,-58,,3,3
2026-01-23 21:11:33.905154,0x433af380,24,32,33,22,31,33,7.25,-34,,3,3
2026-01-23 21:11:50.848373,0x433b0b38,13,20,20,13,20,20,5.75,-77,,5,5
2026-01-23 21:12:32.195731,0x433af380,23,32,33,22,31,33,5.75,-34,,3,3
2026-01-23 21:12:39.361480,0x433ad35c,15,26,30,15,26,30,5.75,-71,,3,2
2026-01-23 21:12:51.016584,0x433b0b38,15,26,26,15,26,26,5.0,-77,,5,5
2026-01-23 21:13:31.403305,0x433af380,27,38,40,24,35,40,5.75,-33,,3,3
2026-01-23 21:13:33.893673,0x433ad35c,15,26,27,15,26,27,6.5,-57,,3,3
2026-01-23 21:13:51.261813,0x433b0b38,13,19,20,13,19,20,6.0,-77,,5,5
2026-01-23 21:14:31.720240,0x433af380,24,35,36,22,33,36,6.0,-34,,3,3
2026-01-23 21:14:34.874713,0x433ad35c,16,22,24,16,22,24,6.0,-57,,3,3
2026-01-23 21:14:52.078735,0x433b0b38,16,27,30,16,27,30,6.0,-77,,5,5
2026-01-23 21:15:32.019436,0x433af380,26,38,38,23,35,38,6.75,-33,,3,3
2026-01-23 21:15:34.569893,0x433ad35c,15,20,22,15,20,22,5.75,-58,,3,3
2026-01-23 21:15:52.048606,0x433b0b38,12,20,22,12,20,22,5.75,-77,,5,5
2026-01-23 21:16:32.799514,0x433af380,23,34,36,22,32,36,6.0,-32,,3,3
2026-01-23 21:16:35.550741,0x433ad35c,13,21,24,13,21,24,5.25,-70,,3,2
2026-01-23 21:16:52.500651,0x433b0b38,15,24,24,15,24,24,5.75,-77,,5,5
2026-01-23 21:17:31.805218,0x433af380,26,34,36,23,32,36,5.75,-34,,3,3
2026-01-23 21:17:34.278754,0x433ad35c,14,20,21,14,20,21,6.25,-58,,3,3
2026-01-23 21:17:52.230907,0x433b0b38,15,24,27,15,24,27,5.5,-77,,5,5
2026-01-23 21:18:30.357012,0x433af380,27,37,38,24,34,38,6.0,-33,,3,3
2026-01-23 21:18:32.945120,0x433ad35c,16,24,25,16,24,25,6.0,-57,,3,3
2026-01-23 21:18:52.463017,0x433b0b38,14,22,24,14,22,24,5.75,-77,,5,5
2026-01-23 21:19:32.624018,0x433af380,22,35,36,21,32,36,6.5,-34,,3,3
2026-01-23 21:19:34.130584,0x433ad35c,15,21,22,15,21,22,6.0,-57,,3,3
2026-01-23 21:19:53.198837,0x433b0b38,14,17,19,14,17,19,5.25,-77,,5,5
2026-01-23 21:20:32.211090,0x433af380,25,35,36,23,33,36,7.0,-34,,3,3
2026-01-23 21:20:34.720150,0x433ad35c,19,24,26,19,24,26,6.0,-57,,3,3
2026-01-23 21:20:53.112407,0x433b0b38,11,24,27,11,24,27,6.0,-76,,5,5
2026-01-23 21:21:33.258687,0x433af380,23,32,33,22,31,33,7.25,-34,,3,3
2026-01-23 21:21:36.556577,0x433ad35c,15,19,21,15,19,21,6.0,-58,,3,3
2026-01-23 21:21:53.123427,0x433b0b38,9,18,18,9,18,18,5.5,-77,,5,5
2026-01-23 21:22:31.355453,0x433af380,26,34,35,23,32,35,7.5,-34,,3,3
2026-01-23 21:22:33.775480,0x433ad35c,16,24,28,16,24,28,6.5,-57,,3,3
2026-01-23 21:22:53.352627,0x433b0b38,13,22,26,13,22,26,5.25,-77,,5,5
2026-01-23 21:23:33.705878,0x433ad35c,15,19,21,15,19,21,6.0,-58,,3,3
2026-01-23 21:23:36.514909,0x433af380,26,37,37,23,34,37,5.5,-34,,3,3
2026-01-23 21:23:53.587024,0x433b0b38,13,18,20,13,18,20,5.5,-77,,5,5
2026-01-23 21:24:31.946901,0x433af380,27,39,40,24,35,40,6.25,-34,,3,3
2026-01-23 21:24:34.359184,0x433ad35c,17,22,24,17,22,24,6.0,-58,,3,3
2026-01-23 21:24:53.811240,0x433b0b38,13,21,23,13,21,23,5.75,-77,,5,5
2026-01-23 21:25:32.701460,0x433af380,21,30,30,20,29,30,7.75,-34,,3,3
2026-01-23 21:25:35.292030,0x433ad35c,15,20,24,15,20,24,5.75,-58,,3,3
2026-01-23 21:25:54.252764,0x433b0b38,13,19,20,13,19,20,5.5,-77,,5,5
2026-01-23 21:26:34.483761,0x433ad35c,15,23,24,15,23,24,6.25,-58,,3,3
2026-01-23 21:26:37.032502,0x433af380,24,35,36,22,33,36,6.25,-34,,3,3
2026-01-23 21:26:56.077770,0x433b0b38,13,23,23,13,23,23,6.0,-76,,5,5
2026-01-23 21:27:34.714697,0x433af380,24,32,33,22,31,33,6.75,-33,,3,3
2026-01-23 21:27:37.265750,0x433ad35c,14,25,27,14,25,27,6.25,-58,,3,3
2026-01-23 21:27:54.554713,0x433b0b38,13,23,23,13,23,23,4.75,-77,,5,5
2026-01-23 21:28:33.882295,0x433af380,23,35,36,22,33,36,7.5,-34,,3,3
2026-01-23 21:28:36.415936,0x433ad35c,15,26,27,15,26,27,6.25,-58,,3,3
2026-01-23 21:28:54.817872,0x433b0b38,14,23,25,14,23,25,5.0,-78,,5,5
2026-01-23 21:29:35.730264,0x433af380,23,35,35,22,33,35,7.25,-33,,3,3
2026-01-23 21:29:38.156766,0x433ad35c,16,23,25,16,23,25,6.5,-57,,3,3
2026-01-23 21:29:55.029233,0x433b0b38,11,15,17,11,15,17,6.0,-77,,5,5
2026-01-23 21:30:33.441915,0x433af380,24,32,32,22,31,32,7.5,-34,,3,3
2026-01-23 21:30:35.915816,0x433ad35c,15,22,23,15,22,23,6.5,-57,,3,3
2026-01-23 21:30:55.641405,0x433b0b38,15,31,31,15,31,31,5.25,-78,,5,5
2026-01-23 21:31:33.877719,0x433af380,24,32,33,22,31,33,7.25,-34,,3,3
2026-01-23 21:31:36.453751,0x433ad35c,15,25,26,15,25,26,6.0,-58,,3,3
2026-01-23 21:31:55.464960,0x433b0b38,14,19,19,14,19,19,5.25,-77,,5,5
2026-01-23 21:32:34.481967,0x433af380,21,31,33,20,30,33,6.75,-34,,3,3
2026-01-23 21:32:36.995462,0x433ad35c,15,19,20,15,19,20,6.25,-58,,3,3
2026-01-23 21:32:55.745479,0x433b0b38,12,16,16,12,16,16,5.5,-77,,5,5
2026-01-23 21:33:35.729199,0x433af380,24,37,40,22,34,40,7.25,-34,,3,3
2026-01-23 21:33:38.277336,0x433ad35c,13,19,20,13,19,20,6.0,-57,,3,3
2026-01-23 21:33:57.133220,0x433b0b38,11,15,20,11,15,20,5.75,-77,,5,5
2026-01-23 21:34:34.482585,0x433af380,23,32,34,22,31,34,6.25,-33,,3,3
2026-01-23 21:34:36.983466,0x433ad35c,16,21,21,16,21,21,6.5,-57,,3,3
2026-01-23 21:34:56.167114,0x433b0b38,11,18,21,11,18,21,5.75,-76,,5,5
2026-01-23 21:35:36.890696,0x433ad35c,17,26,26,17,26,26,6.0,-58,,3,3
2026-01-23 21:35:39.530207,0x433af380,24,32,32,22,31,32,7.25,-34,,3,3
2026-01-23 21:35:57.217841,0x433b0b38,11,21,24,11,21,24,5.5,-77,,5,5
2026-01-23 21:36:35.358338,0x433af380,28,39,39,24,35,39,6.0,-34,,3,3
2026-01-23 21:36:37.859103,0x433ad35c,15,23,24,15,23,24,6.0,-58,,3,3
2026-01-23 21:36:56.653051,0x433b0b38,13,17,19,13,17,19,5.5,-77,,5,5
2026-01-23 21:37:35.859694,0x433af380,27,42,46,24,37,45,7.0,-34,,3,3
2026-01-23 21:37:38.355896,0x433ad35c,16,25,28,16,25,28,6.5,-58,,3,3
2026-01-23 21:37:56.916265,0x433b0b38,16,24,28,16,24,28,6.0,-77,,5,5
2026-01-23 21:38:35.698253,0x433af380,28,39,39,24,35,39,6.25,-34,,3,3
2026-01-23 21:38:38.188651,0x433ad35c,17,28,29,17,28,29,6.25,-57,,3,3
2026-01-23 21:38:57.141588,0x433b0b38,13,24,24,13,24,24,5.25,-77,,5,5
2026-01-23 21:39:37.276855,0x433af380,28,37,38,24,34,38,7.0,-34,,3,3
2026-01-23 21:39:39.824576,0x433ad35c,15,22,23,15,22,23,6.5,-58,,3,3
2026-01-23 21:39:58.373465,0x433b0b38,14,20,24,14,20,24,6.0,-77,,5,5
2026-01-23 21:40:36.383399,0x433af380,27,37,40,23,34,40,6.0,-34,,3,3
2026-01-23 21:40:38.960553,0x433ad35c,13,19,21,13,19,21,6.0,-57,,3,3
2026-01-23 21:40:57.809472,0x433b0b38,16,26,32,16,26,32,5.5,-77,,5,5
2026-01-23 21:41:37.873368,0x433af380,25,39,40,22,35,40,7.25,-34,,3,3
2026-01-23 21:41:40.347498,0x433ad35c,15,27,29,15,27,29,6.0,-58,,3,3
2026-01-23 21:41:59.496830,0x433b0b38,14,22,29,14,22,29,6.0,-76,,5,5
2026-01-23 21:42:37.147251,0x433af380,23,36,37,22,33,37,5.75,-34,,3,3
2026-01-23 21:42:39.692346,0x433ad35c,17,25,25,17,25,25,6.25,-58,,3,3
2026-01-23 21:42:58.039619,0x433b0b38,11,20,20,11,20,20,5.75,-77,,5,5
2026-01-23 21:43:37.337092,0x433af380,26,33,34,23,32,34,7.25,-33,,3,3
2026-01-23 21:43:39.783494,0x433ad35c,18,24,25,18,24,25,6.0,-57,,3,3
2026-01-23 21:43:58.431352,0x433b0b38,13,21,23,13,21,23,5.5,-76,,5,5
2026-01-23 21:44:37.403362,0x433af380,27,41,41,24,36,41,7.25,-34,,3,3
2026-01-23 21:44:39.814983,0x433ad35c,17,21,22,17,21,22,6.0,-58,,3,3
2026-01-23 21:45:01.330255,0x433b0b38,13,21,23,13,21,23,5.5,-77,,5,5
2026-01-23 21:45:37.611985,0x433af380,26,34,34,23,32,34,7.25,-34,,3,3
2026-01-23 21:45:40.095583,0x433ad35c,19,23,24,19,23,24,5.75,-57,,3,3
2026-01-23 21:46:00.261860,0x433b0b38,15,24,28,15,24,28,5.75,-76,,5,5
2026-01-23 21:46:38.050691,0x433af380,25,32,33,23,31,33,7.5,-34,,3,3
2026-01-23 21:46:40.627583,0x433ad35c,16,22,24,16,22,24,6.0,-58,,3,3
2026-01-23 21:46:59.379861,0x433b0b38,16,20,20,16,20,20,5.75,-77,,5,5
2026-01-23 21:47:38.279089,0x433af380,25,35,39,23,33,39,7.5,-35,,3,3
2026-01-23 21:47:40.691919,0x433ad35c,17,21,21,17,21,21,6.0,-58,,3,3
2026-01-23 21:48:00.694520,0x433b0b38,12,18,18,12,18,18,5.5,-77,,5,5
2026-01-23 21:48:38.508919,0x433af380,25,33,33,23,32,33,6.25,-34,,3,3
2026-01-23 21:48:40.958572,0x433ad35c,15,20,21,15,20,21,6.25,-57,,3,3
2026-01-23 21:48:59.877329,0x433b0b38,12,20,22,12,20,22,6.0,-77,,5,5
2026-01-23 21:49:39.084559,0x433af380,22,32,32,21,31,32,5.75,-34,,3,3
2026-01-23 21:49:41.633445,0x433ad35c,15,22,24,15,22,24,6.0,-58,,3,3
2026-01-23 21:50:00.111004,0x433b0b38,14,23,27,14,23,27,5.75,-77,,5,5
2026-01-23 21:50:38.883845,0x433af380,22,32,32,21,31,32,5.75,-34,,3,3
2026-01-23 21:50:41.298399,0x433ad35c,12,18,21,12,18,21,6.25,-58,,3,3
2026-01-23 21:51:03.427504,0x433b0b38,13,26,28,13,26,28,6.0,-77,,5,5
2026-01-23 21:51:39.179437,0x433af380,23,31,34,22,30,34,7.25,-34,,3,3
2026-01-23 21:51:41.670329,0x433ad35c,14,19,21,14,19,21,5.75,-59,,3,3
2026-01-23 21:52:00.740770,0x433b0b38,13,19,26,13,19,26,6.75,-77,,5,5
2026-01-23 21:52:39.455058,0x433af380,22,30,31,21,30,31,7.5,-33,,3,3
2026-01-23 21:52:41.913057,0x433ad35c,16,21,24,16,21,24,6.0,-58,,3,3
2026-01-23 21:53:00.825814,0x433b0b38,13,22,23,13,22,23,5.0,-77,,5,5
2026-01-23 21:53:39.870698,0x433af380,22,31,33,21,30,33,7.0,-34,,3,3
2026-01-23 21:53:42.450685,0x433ad35c,13,17,19,13,17,19,6.25,-57,,3,3
2026-01-23 21:54:01.098322,0x433b0b38,13,24,25,13,24,25,6.0,-77,,5,5
2026-01-23 21:54:40.031584,0x433af380,22,32,34,21,31,34,6.75,-35,,3,3
2026-01-23 21:54:42.582015,0x433ad35c,13,17,17,13,17,17,6.25,-58,,3,3
2026-01-23 21:55:01.859980,0x433b0b38,13,19,21,13,19,21,5.25,-77,,5,5
2026-01-23 21:55:40.202104,0x433af380,20,24,24,20,24,24,6.0,-34,,3,3
2026-01-23 21:55:42.763262,0x433ad35c,15,23,24,15,23,24,5.75,-59,,3,3
2026-01-23 21:56:01.883347,0x433b0b38,11,17,17,11,17,17,5.0,-77,,5,5
2026-01-23 21:56:40.614105,0x433af380,20,27,29,19,27,29,7.0,-34,,3,3
2026-01-23 21:56:43.174793,0x433ad35c,14,18,18,14,18,18,6.0,-58,,3,3
2026-01-23 21:57:01.829552,0x433b0b38,13,21,22,13,21,22,5.25,-77,,5,5
2026-01-23 21:57:40.622546,0x433af380,18,24,24,18,24,24,7.0,-34,,3,3
2026-01-23 21:57:43.143597,0x433ad35c,15,22,24,15,22,24,6.0,-57,,3,3
2026-01-23 21:58:01.984465,0x433b0b38,11,17,20,11,17,20,5.75,-76,,5,5
2026-01-23 21:58:40.956395,0x433af380,18,29,29,18,29,29,6.75,-34,,3,3
2026-01-23 21:58:43.467865,0x433ad35c,13,16,17,13,16,17,6.25,-57,,3,3
2026-01-23 21:59:02.214234,0x433b0b38,11,18,19,11,18,19,5.5,-77,,5,5
2026-01-23 21:59:41.310642,0x433af380,18,25,25,18,25,25,6.0,-34,,3,3
2026-01-23 21:59:44.438524,0x433ad35c,13,17,18,13,17,18,5.75,-58,,3,3
2026-01-23 22:00:02.479576,0x433b0b38,12,20,20,12,20,20,5.5,-76,,5,5
2026-01-23 22:00:41.376249,0x433af380,19,25,26,19,25,26,5.75,-34,,3,3
2026-01-23 22:00:43.862882,0x433ad35c,15,19,20,15,19,20,6.0,-57,,3,3
2026-01-23 22:01:02.950928,0x433b0b38,11,17,18,11,17,18,5.5,-77,,5,5
2026-01-25 04:02:40.903523,0x433ad35c,1,2,2,1,2,2,6.25,-56,,3,3
2026-01-25 04:02:43.784230,0x433af380,2,3,3,2,3,3,7.25,-34,,3,3
2026-01-25 04:02:49.349336,0x433b0b38,,,,,,,5.75,-75,,5,4
2026-01-25 04:03:39.573279,0x433af380,1,1,1,1,1,1,7.25,-34,,3,3
2026-01-25 04:03:42.033774,0x433ad35c,1,1,2,1,1,2,6.25,-56,,3,3
2026-01-25 04:03:45.117722,0x433b0b38,,,,,,,6.25,-77,,5,5
2026-01-25 04:04:40.143618,0x433af380,2,2,3,2,2,3,6.75,-34,,3,3
2026-01-25 04:04:42.524294,0x433b0b38,,1,1,,1,1,5.75,-78,,5,5
2026-01-25 04:04:44.037881,0x433ad35c,,,,,,,6.25,-56,,3,3
2026-01-25 04:05:42.128992,0x433af380,1,1,1,1,1,1,7.5,-34,,3,3
2026-01-25 04:05:44.552774,0x433b0b38,1,1,1,1,1,1,5.25,-77,,5,5
2026-01-25 04:05:48.863555,0x433ad35c,,,,,,,6.0,-57,,3,3
2026-01-25 04:06:40.761046,0x433af380,,,,,,,7.25,-34,,3,3
2026-01-25 04:06:43.277662,0x433ad35c,,,1,,,1,6.25,-57,,3,3
2026-01-25 04:06:44.770155,0x433b0b38,,1,1,,1,1,5.75,-77,,5,5
2026-01-25 04:07:41.965173,0x433af380,2,3,3,2,3,3,5.75,-34,,3,3
2026-01-25 04:07:45.095759,0x433ad35c,1,1,1,1,1,1,5.75,-56,,3,3
2026-01-25 04:07:58.075658,0x433b0b38,1,1,1,1,1,1,5.75,-76,,5,4
2026-01-25 04:08:42.858032,0x433af380,2,2,3,2,2,3,7.5,-34,,3,3
2026-01-25 04:08:45.275380,0x433ad35c,,,1,,,1,5.75,-56,,3,3
2026-01-25 04:08:45.980899,0x433b0b38,,1,4,,1,4,5.5,-78,,5,5
2026-01-25 04:09:41.470845,0x433af380,1,2,2,1,2,2,6.25,-34,,3,3
2026-01-25 04:09:43.867384,0x433b0b38,,,,,,,6.5,-78,,5,5
2026-01-25 04:09:45.661689,0x433ad35c,1,1,1,1,1,1,6.0,-57,,3,3
2026-01-25 04:10:43.127689,0x433af380,2,3,3,2,3,3,7.5,-34,,3,3
2026-01-25 04:10:45.558170,0x433b0b38,,,3,,,3,5.75,-78,,5,5
2026-01-25 04:10:47.178689,0x433ad35c,1,1,1,1,1,1,6.0,-56,,3,3
2026-01-25 04:11:41.871925,0x433af380,2,2,2,2,2,2,7.25,-34,,3,3
2026-01-25 04:11:44.362479,0x433ad35c,2,3,4,2,3,4,6.0,-56,,3,3
2026-01-25 04:11:50.765593,0x433b0b38,1,1,1,1,1,1,5.5,-77,,5,4
2026-01-25 04:12:41.570018,0x433af380,1,1,1,1,1,1,6.0,-34,,3,3
2026-01-25 04:12:44.121023,0x433b0b38,1,1,3,1,1,3,5.75,-77,,5,5
2026-01-25 04:12:45.871063,0x433ad35c,1,1,1,1,1,1,6.5,-56,,3,3
2026-01-25 04:13:41.386676,0x433af380,,1,1,,1,1,7.75,-34,,3,3
2026-01-25 04:13:44.273301,0x433ad35c,2,2,2,2,2,2,6.25,-56,,3,3
2026-01-25 04:13:46.491611,0x433b0b38,,,,,,,5.5,-78,,5,5
2026-01-25 04:14:42.772944,0x433af380,2,3,4,2,3,4,7.25,-34,,3,3
2026-01-25 04:14:45.151088,0x433b0b38,,,,,,,5.5,-78,,5,5
2026-01-25 04:14:46.737363,0x433ad35c,1,1,2,1,1,2,6.0,-56,,3,3
2026-01-25 04:15:42.674560,0x433af380,3,3,3,3,3,3,7.0,-34,,3,3
2026-01-25 04:15:45.201201,0x433ad35c,1,1,1,1,1,1,5.5,-56,,3,3
2026-01-25 04:15:52.820650,0x433b0b38,1,1,1,1,1,1,5.0,-75,,5,4
2026-01-25 04:16:43.897151,0x433af380,3,3,3,3,3,3,7.25,-33,,3,3
2026-01-25 04:16:46.220094,0x433b0b38,,,,,,,6.0,-77,,5,5
2026-01-25 04:16:47.918732,0x433ad35c,1,1,1,1,1,1,6.0,-56,,3,3
2026-01-25 04:17:42.871541,0x433af380,3,3,3,3,3,3,7.0,-34,,3,3
2026-01-25 04:17:47.599487,0x433ad35c,1,2,2,1,2,2,6.5,-56,,3,3
2026-01-25 04:17:51.627352,0x433b0b38,1,1,1,1,1,1,5.5,-77,,5,5
2026-01-25 04:18:42.824890,0x433af380,3,3,3,3,3,3,6.25,-34,,3,3
2026-01-25 04:18:45.832291,0x433ad35c,1,1,1,1,1,1,6.0,-56,,3,3
2026-01-25 04:18:47.436922,0x433b0b38,,,,,,,6.5,-77,,5,5
2026-01-25 04:19:43.229460,0x433af380,2,2,2,2,2,2,7.0,-34,,3,3
2026-01-25 04:19:45.797621,0x433ad35c,,,,,,,5.75,-56,,3,3
2026-01-25 04:19:47.350669,0x433b0b38,2,2,2,2,2,2,5.0,-78,,5,5
2026-01-25 04:20:43.396842,0x433af380,3,4,4,3,4,4,7.5,-34,,3,3
2026-01-25 04:20:46.005917,0x433ad35c,,,,,,,6.0,-57,,3,3
2026-01-25 04:20:50.957714,0x433b0b38,,,,,,,5.5,-76,,5,4
2026-01-25 04:21:43.507555,0x433af380,,,1,,,1,7.75,-34,,3,3
2026-01-25 04:21:46.239476,0x433ad35c,,,,,,,5.75,-56,,3,3
2026-01-25 04:21:53.298680,0x433b0b38,1,1,1,1,1,1,5.25,-76,,5,4
2026-01-25 04:22:43.721472,0x433af380,2,2,2,2,2,2,6.0,-35,,3,3
2026-01-25 04:22:46.464686,0x433ad35c,,,,,,,6.0,-56,,3,3
2026-01-25 04:22:51.264451,0x433b0b38,,,,,,,5.75,-76,,5,4
2026-01-25 04:23:44.585991,0x433af380,1,1,1,1,1,1,7.0,-34,,3,3
2026-01-25 04:23:47.648415,0x433b0b38,,,1,,,1,5.75,-78,,5,5
2026-01-25 04:23:52.368368,0x433ad35c,,,1,,,1,6.0,-56,,3,3
2026-01-25 04:24:44.794484,0x433af380,2,3,3,2,3,3,6.75,-34,,3,3
2026-01-25 04:24:47.271095,0x433ad35c,,1,1,,1,1,6.0,-57,,3,3
2026-01-25 04:24:50.910264,0x433b0b38,,,,,,,5.25,-76,,5,4
2026-01-25 04:25:44.587716,0x433af380,1,2,2,1,2,2,6.75,-34,,3,3
2026-01-25 04:25:47.191806,0x433b0b38,,,,,,,6.0,-77,,5,5
2026-01-25 04:25:47.922353,0x433ad35c,1,1,1,1,1,1,5.75,-56,,3,3
2026-01-25 04:26:45.008144,0x433af380,2,2,2,2,2,2,6.75,-34,,3,3
2026-01-25 04:26:47.737783,0x433ad35c,1,1,2,1,1,2,6.25,-56,,3,3
2026-01-25 04:26:49.252346,0x433b0b38,,,,,,,5.5,-78,,5,5
2026-01-25 04:27:45.031956,0x433af380,2,3,3,2,3,3,6.0,-34,,3,3
2026-01-25 04:27:47.769982,0x433b0b38,,,,,,,5.75,-77,,5,5
2026-01-25 04:27:49.327427,0x433ad35c,,1,1,,1,1,5.75,-56,,3,3
2026-01-25 04:28:45.516389,0x433af380,1,2,2,1,2,2,6.5,-33,,3,3
2026-01-25 04:28:48.188617,0x433ad35c,1,1,1,1,1,1,6.25,-56,,3,3
2026-01-25 04:28:50.411044,0x433b0b38,1,1,1,1,1,1,6.25,-76,,5,5
2026-01-25 04:29:45.843583,0x433af380,6,6,6,6,6,6,6.75,-34,,3,3
2026-01-25 04:29:48.173212,0x433ad35c,,,,,,,5.75,-56,,3,3
2026-01-25 04:29:49.629709,0x433b0b38,,,2,,,2,5.75,-79,,5,5
2026-01-25 04:30:45.885775,0x433af380,2,2,2,2,2,2,6.75,-35,,3,3
2026-01-25 04:30:48.505824,0x433ad35c,,1,1,,1,1,5.75,-56,,3,3
2026-01-25 04:30:52.767436,0x433b0b38,,,,,,,5.75,-76,,5,4
2026-01-25 04:31:46.158970,0x433af380,1,1,1,1,1,1,7.0,-34,,3,3
2026-01-25 04:31:48.681177,0x433ad35c,,,,,,,6.0,-56,,3,3
2026-01-25 04:32:01.297700,0x433b0b38,,,2,,,2,5.5,-76,,5,4
2026-01-25 04:32:46.539673,0x433af380,1,2,2,1,2,2,7.5,-34,,3,3
2026-01-25 04:32:50.849386,0x433ad35c,1,1,1,1,1,1,5.5,-56,,3,3
2026-01-25 04:32:55.613479,0x433b0b38,,,,,,,5.5,-76,,5,4
2026-01-25 04:33:46.886279,0x433af380,1,1,2,1,1,2,7.25,-34,,3,3
2026-01-25 04:33:49.341621,0x433ad35c,,1,1,,1,1,6.0,-56,,3,3
2026-01-25 04:33:50.674617,0x433b0b38,,,,,,,6.0,-78,,5,5
2026-01-25 04:34:46.971178,0x433af380,2,3,3,2,3,3,7.0,-34,,3,3
2026-01-25 04:34:49.625713,0x433ad35c,1,1,2,1,1,2,5.5,-56,,3,3
2026-01-25 04:34:57.400705,0x433b0b38,,1,1,,1,1,5.75,-76,,5,4
2026-01-25 04:35:47.625307,0x433af380,2,3,3,2,3,3,7.25,-34,,3,3
2026-01-25 04:35:49.958112,0x433ad35c,,,,,,,6.25,-55,,3,3
2026-01-25 04:35:50.792019,0x433b0b38,,,,,,,6.25,-70,,5,4
2026-01-25 04:36:47.617553,0x433af380,2,2,2,2,2,2,7.0,-34,,3,3
2026-01-25 04:36:50.773379,0x433ad35c,1,2,3,1,2,3,5.75,-56,,3,3
2026-01-25 04:36:57.772344,0x433b0b38,,1,1,,1,1,5.75,-76,,5,4
2026-01-25 04:37:47.677077,0x433af380,16,17,17,16,17,17,5.75,-34,,3,3
2026-01-25 04:37:50.291377,0x433b0b38,,,,,,,5.75,-78,,5,5
2026-01-25 04:37:52.548208,0x433ad35c,1,1,1,1,1,1,6.25,-56,,3,3
2026-01-25 04:38:48.761416,0x433af380,1,1,1,1,1,1,7.75,-34,,3,3
2026-01-25 04:38:52.007635,0x433ad35c,1,1,1,1,1,1,7.0,-56,,3,3
2026-01-25 04:38:53.514584,0x433b0b38,,,2,,,2,5.75,-70,,5,4
2026-01-25 04:39:48.171992,0x433af380,2,2,2,2,2,2,7.5,-34,,3,3
2026-01-25 04:39:50.786397,0x433ad35c,,,,,,,6.0,-56,,3,3
2026-01-25 04:39:57.777619,0x433b0b38,1,2,2,1,2,2,5.5,-76,,5,4
2026-01-25 04:40:48.431754,0x433af380,2,2,3,2,2,3,7.5,-34,,3,3
2026-01-25 04:40:51.092712,0x433ad35c,,,2,,,2,6.0,-56,,3,3
2026-01-25 04:40:55.871690,0x433b0b38,,,,,,,5.5,-76,,5,4
2026-01-25 04:41:50.348432,0x433af380,3,3,4,3,3,4,5.75,-34,,3,3
2026-01-25 04:41:52.798594,0x433ad35c,1,1,1,1,1,1,6.0,-56,,3,3
2026-01-25 04:41:54.514510,0x433b0b38,,1,1,,1,1,6.5,-77,,5,5
2026-01-25 04:42:49.128408,0x433af380,1,1,2,1,1,2,6.75,-34,,3,3
2026-01-25 04:42:51.693526,0x433b0b38,,,,,,,5.5,-77,,5,5
2026-01-25 04:42:53.272158,0x433ad35c,,,,,,,6.5,-56,,3,3
2026-01-25 04:43:49.316038,0x433af380,2,2,2,2,2,2,7.0,-33,,3,3
2026-01-25 04:43:52.032380,0x433ad35c,,,,,,,6.0,-56,,3,3
2026-01-25 04:43:54.405999,0x433b0b38,,1,1,,1,1,6.0,-78,,5,5
2026-01-25 04:44:52.865852,0x433af380,14,15,17,14,15,17,6.75,-34,,3,3
2026-01-25 04:44:55.357650,0x433ad35c,,1,1,,1,1,6.0,-56,,3,3
2026-01-25 04:45:03.152079,0x433b0b38,1,1,2,1,1,2,5.5,-76,,5,4
2026-01-25 04:45:50.076872,0x433af380,1,2,2,1,2,2,7.25,-33,,3,3
2026-01-25 04:45:52.560571,0x433b0b38,,,,,,,5.75,-78,,5,5
2026-01-25 04:45:53.034037,0x433ad35c,,,,,,,7.0,-55,,3,3
2026-01-25 04:46:50.212095,0x433af380,2,2,2,2,2,2,7.0,-34,,3,3
2026-01-25 04:46:52.760262,0x433ad35c,,,,,,,6.0,-55,,3,3
2026-01-25 04:46:57.955783,0x433b0b38,,,2,,,2,5.5,-76,,5,4
2026-01-25 04:47:52.896676,0x433b0b38,,,,,,,5.5,-77,,5,5
2026-01-25 04:47:55.520037,0x433af380,2,2,2,2,2,2,7.25,-35,,3,3
2026-01-25 04:47:59.428954,0x433ad35c,1,1,1,1,1,1,6.0,-56,,3,3
2026-01-25 04:48:50.863811,0x433af380,1,2,2,1,2,2,7.5,-34,,3,3
2026-01-25 04:48:54.162022,0x433b0b38,,,,,,,5.5,-77,,5,5
2026-01-25 04:48:56.211354,0x433ad35c,,,1,,,1,6.0,-56,,3,3
2026-01-25 04:49:50.982177,0x433af380,3,3,3,3,3,3,7.0,-35,,3,3
2026-01-25 04:49:53.508228,0x433ad35c,,1,1,,1,1,6.0,-56,,3,3
2026-01-25 04:49:56.002156,0x433b0b38,,,,,,,6.0,-77,,5,5
2026-01-25 04:50:52.188689,0x433af380,,,,,,,7.5,-34,,3,3
2026-01-25 04:50:54.725785,0x433ad35c,1,1,1,1,1,1,6.0,-56,,3,3
2026-01-25 04:50:56.580045,0x433b0b38,,,2,,,2,6.25,-75,,5,4
2026-01-25 04:51:51.523014,0x433af380,,,,,,,7.25,-34,,3,3
2026-01-25 04:51:53.995956,0x433ad35c,,,,,,,6.25,-56,,3,3
2026-01-25 04:52:03.129943,0x433b0b38,1,1,1,1,1,1,5.25,-75,,5,4
2026-01-25 04:52:51.898313,0x433af380,2,3,3,2,3,3,7.0,-35,,3,3
2026-01-25 04:52:54.337196,0x433ad35c,,,,,,,6.0,-56,,3,3
2026-01-25 04:53:02.120818,0x433b0b38,,,,,,,6.25,-76,,5,4
2026-01-25 04:53:52.800887,0x433af380,2,3,3,2,3,3,6.25,-34,,3,3
2026-01-25 04:53:55.175395,0x433ad35c,,,,,,,6.75,-56,,3,3
2026-01-25 04:53:57.412859,0x433b0b38,,,,,,,6.25,-76,,5,5
2026-01-25 04:54:52.390140,0x433af380,1,1,2,1,1,2,7.25,-34,,3,3
2026-01-25 04:54:54.948647,0x433ad35c,1,1,2,1,1,2,5.75,-56,,3,3
2026-01-25 04:54:56.532669,0x433b0b38,,,,,,,5.75,-77,,5,5
2026-01-25 04:55:52.543576,0x433af380,2,3,3,2,3,3,6.0,-34,,3,3
2026-01-25 04:55:54.999809,0x433ad35c,,1,1,,1,1,6.0,-56,,3,3
2026-01-25 04:55:57.185205,0x433b0b38,,,,,,,5.25,-77,,5,5
2026-01-25 04:56:52.889514,0x433af380,1,2,2,1,2,2,6.75,-34,,3,3
2026-01-25 04:56:55.214054,0x433b0b38,,,,,,,6.25,-77,,5,5
2026-01-25 04:56:56.759120,0x433ad35c,1,1,1,1,1,1,6.25,-56,,3,3
2026-01-25 04:57:53.152773,0x433af380,2,2,2,2,2,2,5.5,-35,,3,3
2026-01-25 04:57:57.881332,0x433ad35c,,,1,,,1,6.0,-56,,3,3
2026-01-25 04:58:01.189951,0x433b0b38,,,,,,,6.0,-76,,5,4
2026-01-25 04:58:53.729414,0x433af380,1,2,2,1,2,2,6.25,-34,,3,3
2026-01-25 04:58:56.227448,0x433ad35c,1,1,1,1,1,1,5.75,-57,,3,3
2026-01-25 04:58:57.824394,0x433b0b38,,1,1,,1,1,6.25,-77,,5,5
2026-01-25 04:59:54.096300,0x433af380,2,3,3,2,3,3,6.25,-34,,3,3
2026-01-25 04:59:56.487574,0x433b0b38,,,,,,,6.25,-76,,5,5
2026-01-25 04:59:58.694096,0x433ad35c,1,1,1,1,1,1,5.75,-56,,3,3
2026-01-25 05:00:53.935311,0x433af380,1,2,2,1,2,2,5.75,-34,,3,3
2026-01-25 05:00:56.324464,0x433ad35c,,,,,,,6.25,-56,,3,3
2026-01-25 05:00:58.655288,0x433b0b38,,,,,,,6.25,-77,,5,5
2026-01-25 05:01:54.102379,0x433af380,2,2,3,2,2,3,7.0,-34,,3,3
2026-01-25 05:01:56.766866,0x433ad35c,1,1,1,1,1,1,6.75,-56,,3,3
2026-01-25 05:01:57.424715,0x433b0b38,,,,,,,5.75,-77,,5,5
2026-01-24 07:02:04.299046,0x433af380,15,22,22,15,22,22,6.0,-34,,3,3
2026-01-24 07:02:07.540016,0x433ad35c,10,16,17,10,16,17,6.0,-58,,3,3
2026-01-24 07:02:11.100512,0x433b0b38,9,13,15,9,13,15,6.0,-76,,5,5
2026-01-24 07:03:06.747222,0x433af380,13,20,20,13,20,20,6.0,-34,,3,3
2026-01-24 07:03:09.203216,0x433ad35c,9,11,12,9,11,12,6.25,-59,,3,3
2026-01-24 07:03:14.040287,0x433b0b38,8,11,11,8,11,11,5.5,-77,,5,5
2026-01-24 07:04:04.937826,0x433af380,16,22,25,16,22,25,6.0,-34,,3,3
2026-01-24 07:04:07.499259,0x433ad35c,9,13,15,9,13,15,5.75,-59,,3,3
2026-01-24 07:04:12.562525,0x433b0b38,9,15,16,9,15,16,5.5,-77,,5,5
2026-01-24 07:05:05.506177,0x433af380,14,20,20,14,20,20,7.25,-34,,3,3
2026-01-24 07:05:08.876475,0x433ad35c,11,16,18,11,16,18,6.5,-59,,3,3
2026-01-24 07:05:12.824596,0x433b0b38,8,14,14,8,14,14,6.0,-76,,5,5
2026-01-24 07:06:08.053840,0x433af380,15,19,19,15,19,19,7.25,-33,,3,3
2026-01-24 07:06:10.507049,0x433ad35c,8,12,13,8,12,13,6.0,-59,,3,3
2026-01-24 07:06:12.214978,0x433b0b38,9,15,15,9,15,15,5.5,-76,,5,5
2026-01-24 07:07:05.792304,0x433af380,15,21,22,15,21,22,5.5,-34,,3,3
2026-01-24 07:07:08.365392,0x433ad35c,8,12,14,8,12,14,5.75,-59,,3,3
2026-01-24 07:07:12.316943,0x433b0b38,6,9,10,6,9,10,6.0,-76,,5,5
2026-01-24 07:08:06.274729,0x433af380,15,20,21,15,20,21,7.5,-34,,3,3
2026-01-24 07:08:08.729146,0x433ad35c,9,12,13,9,12,13,6.5,-59,,3,3
2026-01-24 07:08:12.879929,0x433b0b38,7,13,13,7,13,13,6.0,-76,,5,5
2026-01-24 07:09:07.593327,0x433af380,14,18,19,14,18,19,6.75,-34,,3,3
2026-01-24 07:09:10.155555,0x433ad35c,9,12,14,9,12,14,5.75,-59,,3,3
2026-01-24 07:09:13.097066,0x433b0b38,7,11,16,7,11,16,5.25,-77,,5,5
2026-01-24 07:10:06.163630,0x433af380,15,24,24,15,24,24,6.25,-34,,3,3
2026-01-24 07:10:08.693667,0x433ad35c,12,21,22,12,21,22,5.75,-58,,3,3
2026-01-24 07:10:12.978161,0x433b0b38,7,8,8,7,8,8,6.0,-77,,5,5
2026-01-24 07:11:07.105064,0x433af380,16,26,26,16,26,26,6.75,-34,,3,3
2026-01-24 07:11:09.694856,0x433ad35c,10,12,13,10,12,13,6.0,-59,,3,3
2026-01-24 07:11:13.244748,0x433b0b38,11,18,18,11,18,18,5.5,-77,,5,5
2026-01-24 07:12:09.769145,0x433ad35c,9,12,12,9,12,12,5.75,-59,,3,3
2026-01-24 07:12:13.442596,0x433b0b38,8,10,10,8,10,10,6.0,-77,,5,5
2026-01-24 07:12:16.624750,0x433af380,15,22,22,15,22,22,6.75,-33,,3,3
2026-01-24 07:13:07.018533,0x433af380,15,21,24,15,21,24,7.0,-34,,3,3
2026-01-24 07:13:09.475089,0x433ad35c,10,13,14,10,13,14,6.0,-59,,3,3
2026-01-24 07:13:13.894249,0x433b0b38,8,16,17,8,16,17,5.25,-77,,5,5
2026-01-24 07:14:07.745475,0x433af380,15,25,26,15,25,26,6.75,-34,,3,3
2026-01-24 07:14:10.346856,0x433ad35c,9,13,14,9,13,14,6.25,-59,,3,3
2026-01-24 07:14:13.915630,0x433b0b38,7,10,17,7,10,17,5.75,-76,,5,5
2026-01-24 07:15:09.680957,0x433ad35c,11,14,14,11,14,14,5.5,-59,,3,3
2026-01-24 07:15:14.128582,0x433af380,16,22,22,16,22,22,6.5,-34,,3,3
2026-01-24 07:15:16.730841,0x433b0b38,8,13,16,8,13,16,6.25,-76,,5,5
2026-01-24 07:16:08.176876,0x433af380,16,23,23,16,23,23,7.25,-34,,3,3
2026-01-24 07:16:10.795200,0x433ad35c,11,19,23,11,19,23,6.0,-59,,3,3
2026-01-24 07:16:14.719835,0x433b0b38,6,11,14,6,11,14,5.75,-77,,5,5
2026-01-24 07:17:08.289230,0x433af380,13,19,21,13,19,21,7.25,-35,,3,3
2026-01-24 07:17:10.846589,0x433ad35c,9,12,14,9,12,14,6.0,-59,,3,3
2026-01-24 07:17:15.885390,0x433b0b38,11,16,18,11,16,18,5.5,-76,,5,5
2026-01-24 07:18:10.416759,0x433ad35c,11,19,26,11,19,26,5.75,-59,,3,3
2026-01-24 07:18:13.237957,0x433af380,17,21,24,17,21,24,6.75,-33,,3,3
2026-01-24 07:18:16.351683,0x433b0b38,7,11,14,7,11,14,6.0,-76,,5,5
2026-01-24 07:19:08.913650,0x433af380,14,19,21,14,19,21,6.5,-34,,3,3
2026-01-24 07:19:11.391454,0x433ad35c,13,16,16,13,16,16,5.75,-59,,3,3
2026-01-24 07:19:15.481424,0x433b0b38,6,14,17,6,14,17,5.75,-76,,5,5
2026-01-24 07:20:09.182003,0x433af380,13,20,21,13,20,21,7.0,-34,,3,3
2026-01-24 07:20:15.708110,0x433b0b38,6,10,11,6,10,11,5.25,-76,,5,5
2026-01-24 07:20:18.388223,0x433ad35c,10,13,13,10,13,13,6.0,-58,,3,3
2026-01-24 07:21:10.563270,0x433af380,16,25,26,16,25,26,7.25,-34,,3,3
2026-01-24 07:21:13.054152,0x433ad35c,10,15,16,10,15,16,5.75,-59,,3,3
2026-01-24 07:21:16.423651,0x433b0b38,8,14,14,8,14,14,5.5,-76,,5,5
2026-01-24 07:22:09.561220,0x433af380,16,21,21,16,21,21,7.0,-34,,3,3
2026-01-24 07:22:14.747977,0x433ad35c,11,15,18,11,15,18,6.0,-59,,3,3
2026-01-24 07:22:17.660469,0x433b0b38,8,11,11,8,11,11,5.25,-76,,5,5
2026-01-24 07:23:09.883304,0x433af380,14,19,19,14,19,19,6.25,-35,,3,3
2026-01-24 07:23:12.440069,0x433ad35c,8,14,15,8,14,15,5.5,-58,,3,3
2026-01-24 07:23:17.735571,0x433b0b38,9,17,19,9,17,19,5.75,-76,,5,5
2026-01-24 07:24:11.058306,0x433af380,15,20,22,15,20,22,7.0,-34,,3,3
2026-01-24 07:24:13.593018,0x433ad35c,11,18,20,11,18,20,6.5,-59,,3,3
2026-01-24 07:24:17.086111,0x433b0b38,9,11,14,9,11,14,6.25,-76,,5,5
2026-01-24 07:25:10.733802,0x433af380,13,18,20,13,18,20,7.0,-34,,3,3
2026-01-24 07:25:14.832682,0x433ad35c,9,11,12,9,11,12,5.75,-58,,3,3
2026-01-24 07:25:17.391189,0x433b0b38,10,12,14,10,12,14,5.75,-76,,5,5
2026-01-24 07:26:10.596012,0x433af380,14,20,22,14,20,22,6.5,-33,,3,3
2026-01-24 07:26:13.068851,0x433ad35c,9,12,17,9,12,17,6.0,-59,,3,3
2026-01-24 07:26:17.537141,0x433b0b38,8,9,9,8,9,9,5.75,-76,,5,5
2026-01-24 07:27:10.853292,0x433af380,16,23,23,16,23,23,6.25,-34,,3,3
2026-01-24 07:27:15.929653,0x433ad35c,11,14,14,11,14,14,6.5,-59,,3,3
2026-01-24 07:27:18.645626,0x433b0b38,8,14,16,8,14,16,6.0,-76,,5,5
2026-01-24 07:28:11.508441,0x433af380,14,21,22,14,21,22,7.25,-34,,3,3
2026-01-24 07:28:14.109514,0x433ad35c,10,12,13,10,12,13,7.25,-59,,3,3
2026-01-24 07:28:18.259474,0x433b0b38,9,11,11,9,11,11,5.5,-76,,5,5
2026-01-24 07:29:11.737387,0x433af380,14,23,24,14,23,24,7.5,-35,,3,3
2026-01-24 07:29:18.375320,0x433b0b38,9,14,14,9,14,14,5.75,-77,,5,5
2026-01-24 07:29:19.993226,0x433ad35c,9,12,12,9,12,12,6.0,-59,,3,3
2026-01-24 07:30:11.653615,0x433af380,17,21,21,17,21,21,6.0,-34,,3,3
2026-01-24 07:30:14.213966,0x433ad35c,9,13,17,9,13,17,6.5,-58,,3,3
2026-01-24 07:30:18.552390,0x433b0b38,5,8,8,5,8,8,5.5,-76,,5,5
2026-01-24 07:31:11.908479,0x433af380,16,22,24,16,22,24,7.25,-34,,3,3
2026-01-24 07:31:14.382385,0x433ad35c,10,14,15,10,14,15,6.25,-59,,3,3
2026-01-24 07:31:18.783712,0x433b0b38,10,15,20,10,15,20,5.5,-76,,5,5
2026-01-24 07:32:12.438333,0x433af380,19,23,23,19,23,23,7.5,-34,,3,3
2026-01-24 07:32:19.616907,0x433ad35c,10,14,14,10,14,14,5.75,-59,,3,3
2026-01-24 07:32:22.622106,0x433b0b38,6,10,10,6,10,10,5.75,-70,,5,4
2026-01-24 07:33:12.604782,0x433af380,14,19,20,14,19,20,7.5,-34,,3,3
2026-01-24 07:33:15.386976,0x433ad35c,9,11,13,9,11,13,5.5,-59,,3,3
2026-01-24 07:33:19.416483,0x433b0b38,8,12,12,8,12,12,5.25,-76,,5,5
2026-01-24 07:34:12.725877,0x433af380,13,20,20,13,20,20,7.0,-33,,3,3
2026-01-24 07:34:15.314302,0x433ad35c,8,13,14,8,13,14,5.75,-59,,3,3
2026-01-24 07:34:19.429868,0x433b0b38,6,10,12,6,10,12,5.25,-76,,5,5
2026-01-24 07:35:12.998802,0x433af380,15,21,21,15,21,21,7.5,-34,,3,3
2026-01-24 07:35:15.542643,0x433ad35c,8,12,15,8,12,15,6.5,-59,,3,3
2026-01-24 07:35:19.659857,0x433b0b38,9,17,18,9,17,18,5.0,-76,,5,5
2026-01-24 07:36:13.399706,0x433af380,18,24,24,18,24,24,6.75,-34,,3,3
2026-01-24 07:36:15.958922,0x433ad35c,9,12,13,9,12,13,5.75,-59,,3,3
2026-01-24 07:36:19.941668,0x433b0b38,10,14,14,10,14,14,5.5,-77,,5,5
2026-01-24 07:37:13.576406,0x433af380,14,18,18,14,18,18,6.75,-33,,3,3
2026-01-24 07:37:16.695351,0x433ad35c,9,11,12,9,11,12,6.75,-59,,3,3
2026-01-24 07:37:20.152827,0x433b0b38,9,12,12,9,12,12,5.5,-77,,5,5
2026-01-24 07:38:14.221457,0x433af380,14,20,21,14,20,21,7.0,-33,,3,3
2026-01-24 07:38:16.677117,0x433ad35c,7,11,11,7,11,11,5.75,-59,,3,3
2026-01-24 07:38:20.585936,0x433b0b38,8,10,10,8,10,10,5.5,-76,,5,5
2026-01-24 07:39:14.292196,0x433af380,15,19,21,15,19,21,6.0,-34,,3,3
2026-01-24 07:39:16.894201,0x433ad35c,9,10,12,9,10,12,6.25,-59,,3,3
2026-01-24 07:39:20.615179,0x433b0b38,8,17,19,8,17,19,5.5,-77,,5,5
2026-01-24 07:40:14.293542,0x433af380,17,24,25,17,24,25,7.75,-34,,3,3
2026-01-24 07:40:16.821109,0x433ad35c,9,11,12,9,11,12,5.75,-59,,3,3
2026-01-24 07:40:20.887695,0x433b0b38,8,12,12,8,12,12,5.5,-76,,5,5
2026-01-24 07:41:14.807841,0x433af380,16,23,23,16,23,23,5.75,-34,,3,3
2026-01-24 07:41:18.206233,0x433ad35c,8,12,12,8,12,12,7.0,-59,,3,3
2026-01-24 07:41:21.120049,0x433b0b38,7,15,17,7,15,17,5.5,-77,,5,5
2026-01-24 07:42:17.052575,0x433af380,16,23,23,16,23,23,6.25,-34,,3,3
2026-01-24 07:42:18.904972,0x433ad35c,9,15,16,9,15,16,5.25,-59,,3,3
2026-01-24 07:42:22.373873,0x433b0b38,6,7,16,6,7,16,5.75,-77,,5,5
2026-01-24 07:43:15.612700,0x433af380,16,24,26,16,24,26,6.75,-34,,3,3
2026-01-24 07:43:18.196687,0x433ad35c,9,12,12,9,12,12,5.75,-59,,3,3
2026-01-24 07:43:21.799307,0x433b0b38,7,12,12,7,12,12,6.0,-76,,5,5
2026-01-24 07:44:15.595692,0x433af380,15,21,22,15,21,22,7.0,-34,,3,3
2026-01-24 07:44:18.157346,0x433ad35c,11,14,15,11,14,15,6.75,-59,,3,3
2026-01-24 07:44:21.843249,0x433b0b38,7,13,14,7,13,14,5.5,-76,,5,5
2026-01-24 07:45:16.750268,0x433af380,13,17,18,13,17,18,6.0,-35,,3,3
2026-01-24 07:45:19.399211,0x433ad35c,9,13,13,9,13,13,6.5,-59,,3,3
2026-01-24 07:45:22.888589,0x433b0b38,6,11,13,6,11,13,5.75,-76,,5,5
2026-01-24 07:46:15.909629,0x433af380,16,23,24,16,23,24,7.25,-34,,3,3
2026-01-24 07:46:18.396110,0x433ad35c,12,16,18,12,16,18,5.75,-59,,3,3
2026-01-24 07:46:22.319778,0x433b0b38,6,9,9,6,9,9,5.25,-76,,5,5
2026-01-24 07:47:16.211887,0x433af380,17,23,23,17,23,23,7.0,-33,,3,3
2026-01-24 07:47:18.745322,0x433ad35c,10,14,15,10,14,15,5.75,-59,,3,3
2026-01-24 07:47:22.516021,0x433b0b38,8,12,15,8,12,15,6.0,-77,,5,5
2026-01-24 07:48:16.363245,0x433af380,16,20,20,16,20,20,5.75,-35,,3,3
2026-01-24 07:48:18.831175,0x433ad35c,9,12,12,9,12,12,6.5,-59,,3,3
2026-01-24 07:48:22.942305,0x433b0b38,8,14,14,8,14,14,6.0,-76,,5,5
2026-01-24 07:49:16.609206,0x433af380,14,18,19,14,18,19,5.5,-34,,3,3
2026-01-24 07:49:19.156200,0x433ad35c,7,8,9,7,8,9,6.0,-58,,3,3
2026-01-24 07:49:22.965283,0x433b0b38,7,12,14,7,12,14,5.25,-76,,5,5
2026-01-24 07:50:17.346474,0x433af380,15,22,22,15,22,22,5.75,-34,,3,3
2026-01-24 07:50:19.889633,0x433ad35c,10,14,17,10,14,17,5.5,-59,,3,3
2026-01-24 07:50:23.252454,0x433b0b38,6,9,11,6,9,11,5.0,-77,,5,5
2026-01-24 07:51:17.392265,0x433af380,14,20,20,14,20,20,7.25,-34,,3,3
2026-01-24 07:51:19.865179,0x433ad35c,9,11,11,9,11,11,5.5,-59,,3,3
2026-01-24 07:51:23.447795,0x433b0b38,8,12,17,8,12,17,5.5,-76,,5,5
2026-01-24 07:52:17.424177,0x433af380,16,19,20,16,19,20,7.5,-34,,3,3
2026-01-24 07:52:20.753603,0x433ad35c,9,14,16,9,14,16,6.0,-59,,3,3
2026-01-24 07:52:23.680465,0x433b0b38,7,8,8,7,8,8,5.25,-76,,5,5
2026-01-24 07:53:17.776057,0x433af380,15,20,21,15,20,21,7.25,-34,,3,3
2026-01-24 07:53:20.311372,0x433ad35c,11,15,16,11,15,16,6.0,-59,,3,3
2026-01-24 07:53:24.158166,0x433b0b38,7,10,13,7,10,13,5.75,-77,,5,5
2026-01-24 07:54:18.075580,0x433af380,14,19,19,14,19,19,7.5,-34,,3,3
2026-01-24 07:54:20.558360,0x433ad35c,11,13,15,11,13,15,5.5,-59,,3,3
2026-01-24 07:54:24.208606,0x433b0b38,7,9,9,7,9,9,5.5,-76,,5,5
2026-01-24 07:55:19.167748,0x433af380,13,16,18,13,16,18,6.75,-34,,3,3
2026-01-24 07:55:21.697516,0x433ad35c,9,12,15,9,12,15,6.25,-59,,3,3
2026-01-24 07:55:24.516595,0x433b0b38,9,16,17,9,16,17,5.5,-77,,5,5
2026-01-24 07:56:18.596704,0x433af380,12,17,17,12,17,17,7.25,-34,,3,3
2026-01-24 07:56:21.085894,0x433ad35c,11,13,13,11,13,13,6.25,-59,,3,3
2026-01-24 07:56:24.607037,0x433b0b38,6,11,11,6,11,11,5.5,-78,,5,5
2026-01-24 07:57:18.789079,0x433af380,14,18,18,14,18,18,7.0,-34,,3,3
2026-01-24 07:57:21.393635,0x433ad35c,9,13,14,9,13,14,5.75,-59,,3,3
2026-01-24 07:57:24.895167,0x433b0b38,8,11,13,8,11,13,5.5,-77,,5,5
2026-01-24 07:58:19.345697,0x433af380,13,18,19,13,18,19,7.5,-34,,3,3
2026-01-24 07:58:21.905693,0x433ad35c,10,14,15,10,14,15,6.25,-59,,3,3
2026-01-24 07:58:25.278241,0x433b0b38,6,14,14,6,14,14,5.0,-77,,5,5
2026-01-24 07:59:19.297676,0x433af380,12,17,18,12,17,18,7.5,-34,,3,3
2026-01-24 07:59:21.770203,0x433ad35c,10,12,12,10,12,12,5.75,-59,,3,3
2026-01-24 07:59:25.309390,0x433b0b38,7,9,9,7,9,9,5.25,-77,,5,5
2026-01-24 08:00:19.547506,0x433af380,11,14,14,11,14,14,5.5,-34,,3,3
2026-01-24 08:00:22.072482,0x433ad35c,9,11,11,9,11,11,5.75,-59,,3,3
2026-01-24 08:00:25.580423,0x433b0b38,9,11,11,9,11,11,5.0,-76,,5,5
2026-01-24 08:01:19.937798,0x433af380,12,16,16,12,16,16,7.25,-34,,3,3
2026-01-24 08:01:22.390873,0x433ad35c,7,9,10,7,9,10,6.5,-59,,3,3
2026-01-24 08:01:25.765049,0x433b0b38,8,11,13,8,11,13,5.75,-76,,5,5
2026-01-25 01:02:51.243475,0x433af380,7,7,7,7,7,7,7.25,-34,,3,3
2026-01-25 01:02:53.973238,0x433ad35c,2,3,7,2,3,7,5.5,-56,,3,3
2026-01-25 01:02:56.373993,0x433b0b38,1,1,1,1,1,1,5.5,-77,,5,5
2026-01-25 01:03:51.760360,0x433af380,3,4,4,3,4,4,7.5,-33,,3,3
2026-01-25 01:03:54.230440,0x433ad35c,3,4,4,3,4,4,5.75,-56,,3,3
2026-01-25 01:04:00.186274,0x433b0b38,1,1,1,1,1,1,5.75,-77,,5,4
2026-01-25 01:04:52.063892,0x433af380,6,7,7,6,7,7,6.0,-34,,3,3
2026-01-25 01:04:56.239108,0x433ad35c,3,4,5,3,4,5,6.0,-56,,3,3
2026-01-25 01:05:01.113008,0x433b0b38,2,2,2,2,2,2,5.75,-76,,5,4
2026-01-25 01:05:52.074593,0x433af380,6,6,6,6,6,6,6.75,-34,,3,3
2026-01-25 01:05:55.247542,0x433ad35c,3,4,4,3,4,4,6.0,-56,,3,3
2026-01-25 01:05:58.260439,0x433b0b38,2,2,2,2,2,2,5.75,-77,,5,5
2026-01-25 01:06:52.218503,0x433af380,4,5,5,4,5,5,6.0,-34,,3,3
2026-01-25 01:06:55.131860,0x433b0b38,2,2,4,2,2,4,5.5,-78,,5,5
2026-01-25 01:06:57.588371,0x433ad35c,2,2,3,2,2,3,6.0,-56,,3,3
2026-01-25 01:07:52.497179,0x433af380,6,7,7,6,7,7,6.0,-34,,3,3
2026-01-25 01:07:55.328173,0x433ad35c,2,3,3,2,3,3,5.75,-56,,3,3
2026-01-25 01:07:58.239849,0x433b0b38,1,2,2,1,2,2,5.5,-77,,5,5
2026-01-25 01:08:52.774442,0x433af380,7,8,8,7,8,8,7.75,-34,,3,3
2026-01-25 01:08:55.459730,0x433b0b38,2,2,2,2,2,2,5.75,-78,,5,5
2026-01-25 01:08:58.742623,0x433ad35c,3,3,5,3,3,5,5.75,-56,,3,3
2026-01-25 01:09:53.623665,0x433af380,6,6,6,6,6,6,5.75,-34,,3,3
2026-01-25 01:09:56.091288,0x433b0b38,3,3,3,3,3,3,5.75,-78,,5,5
2026-01-25 01:09:57.860579,0x433ad35c,2,2,2,2,2,2,6.0,-56,,3,3
2026-01-25 01:10:53.417573,0x433af380,4,5,7,4,5,7,7.0,-34,,3,3
2026-01-25 01:10:56.013665,0x433ad35c,3,3,4,3,3,4,6.5,-56,,3,3
2026-01-25 01:11:03.436319,0x433b0b38,2,2,2,2,2,2,5.0,-76,,5,4
2026-01-25 01:11:53.566680,0x433af380,4,6,6,4,6,6,7.25,-34,,3,3
2026-01-25 01:11:56.284905,0x433ad35c,4,4,5,4,4,5,6.0,-56,,3,3
2026-01-25 01:12:02.323700,0x433b0b38,1,2,2,1,2,2,5.75,-75,,5,4
2026-01-25 01:12:53.915301,0x433af380,5,6,7,5,6,7,5.75,-34,,3,3
2026-01-25 01:12:56.496167,0x433ad35c,4,5,7,4,5,7,6.0,-56,,3,3
2026-01-25 01:12:57.262427,0x433b0b38,2,2,2,2,2,2,6.25,-77,,5,5
2026-01-25 01:13:54.116561,0x433af380,4,5,5,4,5,5,6.0,-34,,3,3
2026-01-25 01:13:56.778335,0x433ad35c,4,4,4,4,4,4,5.75,-55,,3,3
2026-01-25 01:13:58.526568,0x433b0b38,1,1,1,1,1,1,5.5,-78,,5,5
2026-01-25 01:14:54.476748,0x433af380,6,7,8,6,7,8,7.25,-34,,3,3
2026-01-25 01:14:56.991506,0x433b0b38,2,3,3,2,3,3,5.75,-78,,5,5
2026-01-25 01:14:58.661937,0x433ad35c,3,4,4,3,4,4,6.0,-56,,3,3
2026-01-25 01:15:56.445265,0x433af380,5,6,7,5,6,7,7.0,-33,,3,3
2026-01-25 01:15:58.915057,0x433ad35c,1,1,1,1,1,1,6.0,-57,,3,3
2026-01-25 01:16:00.674292,0x433b0b38,2,4,4,2,4,4,5.75,-78,,5,5
2026-01-25 01:16:56.417693,0x433af380,6,7,8,6,7,8,7.25,-34,,3,3
2026-01-25 01:17:00.091421,0x433b0b38,2,2,4,2,2,4,5.5,-76,,5,5
2026-01-25 01:17:04.524831,0x433ad35c,3,3,3,3,3,3,6.25,-56,,3,3
2026-01-25 01:17:55.347385,0x433af380,5,9,9,5,9,9,6.75,-34,,3,3
2026-01-25 01:17:57.958248,0x433ad35c,2,3,3,2,3,3,6.0,-56,,3,3
2026-01-25 01:18:00.441524,0x433b0b38,1,1,1,1,1,1,5.5,-78,,5,5
2026-01-25 01:18:55.579672,0x433af380,4,5,6,4,5,6,7.75,-34,,3,3
2026-01-25 01:18:58.265464,0x433ad35c,2,4,5,2,4,5,5.75,-56,,3,3
2026-01-25 01:18:59.896362,0x433b0b38,2,2,4,2,2,4,5.75,-78,,5,5
2026-01-25 01:19:55.709387,0x433af380,4,5,5,4,5,5,7.0,-34,,3,3
2026-01-25 01:19:58.511709,0x433ad35c,3,3,3,3,3,3,5.5,-56,,3,3
2026-01-25 01:20:00.212635,0x433b0b38,2,2,2,2,2,2,6.0,-77,,5,5
2026-01-25 01:20:56.158589,0x433af380,12,14,14,12,14,14,7.5,-33,,3,3
2026-01-25 01:20:58.790974,0x433b0b38,2,2,2,2,2,2,5.75,-78,,5,5
2026-01-25 01:21:00.422435,0x433ad35c,3,3,3,3,3,3,6.25,-55,,3,3
2026-01-25 01:21:56.250209,0x433af380,5,5,5,5,5,5,6.0,-34,,3,3
2026-01-25 01:21:58.892086,0x433b0b38,2,3,3,2,3,3,5.5,-77,,5,5
2026-01-25 01:22:00.556365,0x433ad35c,3,4,5,3,4,5,6.0,-56,,3,3
2026-01-25 01:22:57.754835,0x433af380,5,6,6,5,6,6,6.75,-34,,3,3
2026-01-25 01:23:00.219889,0x433ad35c,2,2,2,2,2,2,5.75,-56,,3,3
2026-01-25 01:23:00.864941,0x433b0b38,3,3,3,3,3,3,5.5,-78,,5,5
2026-01-25 01:23:56.758218,0x433af380,21,23,25,20,23,25,6.5,-34,,3,3
2026-01-25 01:23:59.396152,0x433b0b38,2,3,3,2,3,3,5.5,-78,,5,5
2026-01-25 01:24:01.068652,0x433ad35c,2,2,2,2,2,2,6.5,-56,,3,3
2026-01-25 01:24:57.385666,0x433af380,5,5,5,5,5,5,6.75,-33,,3,3
2026-01-25 01:24:59.950691,0x433ad35c,4,4,4,4,4,4,6.0,-56,,3,3
2026-01-25 01:25:01.589247,0x433b0b38,1,1,1,1,1,1,5.75,-78,,5,5
2026-01-25 01:25:58.667712,0x433af380,4,4,4,4,4,4,5.75,-34,,3,3
2026-01-25 01:26:01.160521,0x433ad35c,4,4,7,4,4,7,6.5,-55,,3,3
2026-01-25 01:26:03.989813,0x433b0b38,1,1,2,1,1,2,5.75,-76,,5,4
2026-01-25 01:26:57.381775,0x433af380,4,4,4,4,4,4,7.5,-34,,3,3
2026-01-25 01:27:00.240321,0x433b0b38,3,4,4,3,4,4,5.25,-79,,5,5
2026-01-25 01:27:02.661414,0x433ad35c,3,4,4,3,4,4,6.25,-56,,3,3
2026-01-25 01:27:57.735508,0x433af380,5,5,5,5,5,5,7.0,-34,,3,3
2026-01-25 01:28:00.686358,0x433ad35c,3,3,4,3,3,4,6.25,-56,,3,3
2026-01-25 01:28:02.952984,0x433b0b38,2,3,3,2,3,3,5.5,-78,,5,5
2026-01-25 01:28:59.828389,0x433af380,2,3,3,2,3,3,7.75,-34,,3,3
2026-01-25 01:29:02.326121,0x433ad35c,2,2,2,2,2,2,5.5,-56,,3,3
2026-01-25 01:29:09.941576,0x433b0b38,5,7,7,5,7,7,5.5,-76,,5,4
2026-01-25 01:29:58.191498,0x433af380,2,2,2,2,2,2,6.5,-34,,3,3
2026-01-25 01:30:01.316612,0x433ad35c,2,3,3,2,3,3,5.75,-56,,3,3
2026-01-25 01:30:02.901394,0x433b0b38,,,,,,,5.75,-78,,5,5
2026-01-25 01:30:58.578912,0x433af380,4,4,4,4,4,4,7.0,-34,,3,3
2026-01-25 01:31:01.545947,0x433ad35c,1,1,1,1,1,1,6.0,-56,,3,3
2026-01-25 01:31:03.304227,0x433b0b38,1,1,1,1,1,1,5.5,-79,,5,5
2026-01-25 01:31:58.961061,0x433af380,25,27,27,22,27,27,6.0,-34,,3,3
2026-01-25 01:32:01.822477,0x433ad35c,2,2,2,2,2,2,6.25,-55,,3,3
2026-01-25 01:32:03.739776,0x433b0b38,4,4,4,4,4,4,5.5,-76,,5,4
2026-01-25 01:32:59.215063,0x433af380,2,2,2,2,2,2,7.75,-34,,3,3
2026-01-25 01:33:02.012525,0x433ad35c,2,2,3,2,2,3,5.75,-56,,3,3
2026-01-25 01:33:03.678504,0x433b0b38,3,3,3,3,3,3,5.75,-78,,5,5
2026-01-25 01:33:59.795391,0x433af380,2,2,2,2,2,2,6.5,-34,,3,3
2026-01-25 01:34:02.354097,0x433ad35c,3,3,3,3,3,3,6.0,-56,,3,3
2026-01-25 01:34:04.074537,0x433b0b38,1,1,1,1,1,1,5.5,-78,,5,5
2026-01-25 01:35:01.347092,0x433af380,3,5,5,3,5,5,7.5,-34,,3,3
2026-01-25 01:35:03.864311,0x433ad35c,1,1,1,1,1,1,5.5,-56,,3,3
2026-01-25 01:35:05.936942,0x433b0b38,2,3,3,2,3,3,5.5,-69,,5,4
2026-01-25 01:36:00.285394,0x433af380,22,22,22,21,22,22,6.5,-34,,3,3
2026-01-25 01:36:02.897256,0x433ad35c,3,4,5,3,4,5,6.5,-56,,3,3
2026-01-25 01:36:05.168520,0x433b0b38,1,1,1,1,1,1,5.25,-77,,5,5
2026-01-25 01:37:00.199986,0x433af380,4,4,4,4,4,4,6.75,-34,,3,3
2026-01-25 01:37:03.107374,0x433b0b38,1,1,1,1,1,1,5.5,-77,,5,5
2026-01-25 01:37:04.739384,0x433ad35c,3,3,3,3,3,3,6.5,-56,,3,3
2026-01-25 01:38:00.624871,0x433af380,4,5,5,4,5,5,6.75,-34,,3,3
2026-01-25 01:38:03.375680,0x433ad35c,3,3,4,3,3,4,6.0,-56,,3,3
2026-01-25 01:38:05.560270,0x433b0b38,,,,,,,5.5,-79,,5,5
2026-01-25 01:39:00.801938,0x433af380,3,3,4,3,3,4,5.75,-34,,3,3
2026-01-25 01:39:03.509550,0x433b0b38,2,2,2,2,2,2,5.5,-78,,5,5
2026-01-25 01:39:05.140226,0x433ad35c,2,2,2,2,2,2,6.0,-57,,3,3
2026-01-25 01:40:01.011991,0x433af380,4,5,5,4,5,5,7.0,-33,,3,3
2026-01-25 01:40:03.798209,0x433b0b38,1,1,1,1,1,1,5.75,-78,,5,5
2026-01-25 01:40:06.114232,0x433ad35c,3,3,4,3,3,4,6.25,-56,,3,3
2026-01-25 01:41:02.652797,0x433af380,3,3,4,3,3,4,7.0,-33,,3,3
2026-01-25 01:41:05.145844,0x433ad35c,1,2,3,1,2,3,6.0,-56,,3,3
2026-01-25 01:41:06.798295,0x433b0b38,1,1,1,1,1,1,5.5,-78,,5,5
2026-01-25 01:42:01.497820,0x433af380,2,2,2,2,2,2,7.75,-34,,3,3
2026-01-25 01:42:04.234458,0x433b0b38,1,2,2,1,2,2,5.75,-78,,5,5
2026-01-25 01:42:05.963177,0x433ad35c,1,1,1,1,1,1,6.0,-56,,3,3
2026-01-25 01:43:01.812293,0x433af380,2,2,2,2,2,2,7.75,-34,,3,3
2026-01-25 01:43:04.574765,0x433ad35c,2,2,2,2,2,2,6.5,-56,,3,3
2026-01-25 01:43:06.875685,0x433b0b38,1,1,7,1,1,7,5.75,-78,,5,5
2026-01-25 01:44:02.018755,0x433af380,3,4,4,3,4,4,6.75,-34,,3,3
2026-01-25 01:44:04.748919,0x433b0b38,1,2,2,1,2,2,5.25,-78,,5,5
2026-01-25 01:44:06.380864,0x433ad35c,2,2,2,2,2,2,5.75,-56,,3,3
2026-01-25 01:45:02.341182,0x433af380,1,2,3,1,2,3,7.25,-33,,3,3
2026-01-25 01:45:05.055942,0x433b0b38,1,1,1,1,1,1,5.25,-77,,5,5
2026-01-25 01:45:06.763990,0x433ad35c,2,3,3,2,3,3,5.75,-56,,3,3
2026-01-25 01:46:02.568181,0x433af380,2,3,4,2,3,4,7.5,-34,,3,3
2026-01-25 01:46:05.319528,0x433ad35c,1,1,1,1,1,1,5.5,-56,,3,3
2026-01-25 01:46:09.067347,0x433b0b38,2,3,3,2,3,3,5.25,-76,,5,4
2026-01-25 01:47:03.023230,0x433af380,2,4,5,2,4,5,7.75,-34,,3,3
2026-01-25 01:47:05.592749,0x433b0b38,1,1,1,1,1,1,5.5,-78,,5,5
2026-01-25 01:47:06.263246,0x433ad35c,2,2,4,2,2,4,5.5,-56,,3,3
2026-01-25 01:48:03.182014,0x433af380,1,2,2,1,2,2,5.75,-34,,3,3
2026-01-25 01:48:05.947627,0x433ad35c,1,2,3,1,2,3,6.25,-56,,3,3
2026-01-25 01:48:08.502035,0x433b0b38,1,1,3,1,1,3,5.5,-78,,5,5
2026-01-25 01:49:03.824576,0x433af380,4,4,4,4,4,4,6.0,-34,,3,3
2026-01-25 01:49:06.335934,0x433ad35c,1,1,1,1,1,1,6.0,-55,,3,3
2026-01-25 01:49:13.366169,0x433b0b38,1,1,1,1,1,1,5.5,-76,,5,4
2026-01-25 01:50:04.088225,0x433af380,4,4,5,4,4,5,6.0,-34,,3,3
2026-01-25 01:50:06.565697,0x433ad35c,2,2,2,2,2,2,6.25,-56,,3,3
2026-01-25 01:50:11.471588,0x433b0b38,1,1,1,1,1,1,5.75,-76,,5,4
2026-01-25 01:51:03.842712,0x433af380,2,2,3,2,2,3,7.5,-34,,3,3
2026-01-25 01:51:06.372510,0x433b0b38,,,,,,,5.75,-78,,5,5
2026-01-25 01:51:07.880626,0x433ad35c,2,2,2,2,2,2,6.0,-56,,3,3
2026-01-25 01:52:04.276742,0x433af380,3,3,4,3,3,4,7.5,-34,,3,3
2026-01-25 01:52:07.414749,0x433ad35c,1,1,1,1,1,1,6.0,-57,,3,3
2026-01-25 01:52:09.752184,0x433b0b38,1,2,2,1,2,2,5.25,-76,,5,4
2026-01-25 01:53:04.544401,0x433af380,3,4,4,3,4,4,7.25,-34,,3,3
2026-01-25 01:53:06.977236,0x433ad35c,,,,,,,6.0,-56,,3,3
2026-01-25 01:53:09.288083,0x433b0b38,1,1,1,1,1,1,5.75,-78,,5,5
2026-01-25 01:54:04.805782,0x433af380,2,2,3,2,2,3,7.0,-34,,3,3
2026-01-25 01:54:07.465310,0x433ad35c,3,3,4,3,3,4,5.75,-56,,3,3
2026-01-25 01:54:20.691381,0x433b0b38,1,1,1,1,1,1,5.5,-76,,5,4
2026-01-25 01:55:05.040346,0x433af380,3,4,4,3,4,4,7.0,-33,,3,3
2026-01-25 01:55:07.423006,0x433b0b38,,,,,,,5.75,-78,,5,5
2026-01-25 01:55:09.011716,0x433ad35c,1,1,3,1,1,3,6.25,-56,,3,3
2026-01-25 01:56:05.123749,0x433af380,2,2,2,2,2,2,6.75,-34,,3,3
2026-01-25 01:56:07.758283,0x433b0b38,1,1,1,1,1,1,5.5,-77,,5,5
2026-01-25 01:56:09.513845,0x433ad35c,3,3,4,3,3,4,6.5,-56,,3,3
2026-01-25 01:57:05.490049,0x433af380,2,2,2,2,2,2,7.0,-34,,3,3
2026-01-25 01:57:08.012671,0x433b0b38,1,1,3,1,1,3,5.5,-77,,5,5
2026-01-25 01:57:09.296574,0x433ad35c,2,2,2,2,2,2,6.5,-56,,3,3
2026-01-25 01:58:05.770848,0x433af380,1,2,2,1,2,2,7.0,-34,,3,3
2026-01-25 01:58:08.356597,0x433ad35c,2,2,3,2,2,3,5.25,-56,,3,3
2026-01-25 01:58:10.734225,0x433b0b38,1,1,1,1,1,1,5.75,-78,,5,5
2026-01-25 01:59:06.722315,0x433af380,2,3,3,2,3,3,7.25,-33,,3,3
2026-01-25 01:59:09.189785,0x433b0b38,,1,1,,1,1,5.5,-78,,5,5
2026-01-25 01:59:10.825793,0x433ad35c,,1,2,,1,2,6.25,-56,,3,3
2026-01-25 02:00:06.352553,0x433af380,4,4,4,4,4,4,7.25,-34,,3,3
2026-01-25 02:00:08.852705,0x433ad35c,2,2,2,2,2,2,5.75,-56,,3,3
2026-01-25 02:00:11.313035,0x433b0b38,1,1,1,1,1,1,5.25,-76,,5,4
2026-01-25 02:01:06.601034,0x433af380,3,4,4,3,4,4,5.5,-34,,3,3
2026-01-25 02:01:09.042494,0x433b0b38,1,1,1,1,1,1,5.5,-78,,5,5
2026-01-25 02:01:09.695646,0x433ad35c,3,3,3,3,3,3,6.25,-56,,3,3
2026-01-25 02:02:06.920355,0x433af380,3,3,3,3,3,3,6.75,-34,,3,3
2026-01-25 02:02:09.394701,0x433b0b38,1,1,1,1,1,1,6.0,-78,,5,5
2026-01-25 02:02:11.123386,0x433ad35c,2,2,2,2,2,2,6.5,-56,,3,3
2026-01-23 14:01:09.263632,0x433b0b38,15,26,30,15,26,30,5.5,-75,,5,5
2026-01-23 14:01:40.933200,0x433ad35c,17,24,25,17,24,25,5.75,-59,,3,3
2026-01-23 14:01:46.055495,0x433af380,23,35,36,21,32,36,5.75,-33,,3,3
2026-01-23 14:02:09.486316,0x433b0b38,18,26,28,18,26,28,5.5,-75,,5,5
2026-01-23 14:02:41.197442,0x433ad35c,14,24,28,14,24,28,5.75,-59,,3,3
2026-01-23 14:02:45.926733,0x433af380,31,42,44,26,37,44,6.75,-33,,3,3
2026-01-23 14:03:09.275431,0x433b0b38,19,28,32,19,28,32,5.5,-76,,5,5
2026-01-23 14:03:41.427908,0x433ad35c,17,24,26,17,24,26,6.0,-59,,3,3
2026-01-23 14:03:45.388916,0x433af380,41,54,54,31,43,50,6.25,-34,,3,3
2026-01-23 14:04:09.682538,0x433b0b38,17,30,30,17,29,30,5.75,-75,,5,5
2026-01-23 14:04:41.628593,0x433ad35c,15,23,23,15,23,23,5.75,-59,,3,3
2026-01-23 14:04:44.088848,0x433af380,22,31,32,21,30,32,7.0,-34,,3,3
2026-01-23 14:05:09.704638,0x433b0b38,14,24,26,14,24,26,5.75,-75,,5,5
2026-01-23 14:05:41.852985,0x433ad35c,17,32,36,17,31,36,5.75,-59,,3,3
2026-01-23 14:05:45.909236,0x433af380,20,29,30,20,29,30,6.75,-34,,3,3
2026-01-23 14:06:09.928044,0x433b0b38,15,24,25,15,24,25,6.25,-75,,5,5
2026-01-23 14:06:43.292114,0x433ad35c,17,26,29,17,26,29,6.0,-59,,3,3
2026-01-23 14:06:47.520084,0x433af380,35,49,50,28,41,48,6.0,-34,,3,3
2026-01-23 14:07:10.173097,0x433b0b38,12,21,22,12,21,22,5.75,-75,,5,5
2026-01-23 14:07:43.139375,0x433ad35c,15,23,24,15,23,24,6.0,-59,,3,3
2026-01-23 14:07:48.638771,0x433af380,30,44,46,26,38,45,6.0,-33,,3,3
2026-01-23 14:08:10.395688,0x433b0b38,17,27,29,17,27,29,5.75,-75,,5,5
2026-01-23 14:08:42.568757,0x433ad35c,15,27,30,15,27,30,5.25,-59,,3,3
2026-01-23 14:08:48.148768,0x433af380,43,57,59,31,44,53,6.5,-34,,3,3
2026-01-23 14:09:12.749580,0x433b0b38,14,26,31,14,26,31,5.75,-75,,5,5
2026-01-23 14:09:42.809702,0x433ad35c,18,29,32,18,29,32,6.25,-59,,3,3
2026-01-23 14:09:44.948904,0x433af380,43,55,56,31,44,52,7.75,-34,,3,3
2026-01-23 14:10:12.060527,0x433b0b38,17,34,38,17,32,38,6.75,-76,,5,5
2026-01-23 14:10:43.031690,0x433ad35c,17,27,28,17,27,28,7.0,-59,,3,3
2026-01-23 14:10:45.689630,0x433af380,37,49,49,29,41,47,7.0,-34,,3,3
2026-01-23 14:11:11.467664,0x433b0b38,19,29,31,19,29,31,5.75,-76,,5,5
2026-01-23 14:11:43.297602,0x433ad35c,14,27,30,14,27,30,6.5,-59,,3,3
2026-01-23 14:11:46.881944,0x433af380,19,31,31,19,30,31,6.0,-34,,3,3
2026-01-23 14:12:12.614730,0x433b0b38,15,27,32,15,27,32,5.5,-76,,5,5
2026-01-23 14:12:43.495465,0x433ad35c,16,28,29,16,28,29,7.0,-59,,3,3
2026-01-23 14:12:49.348127,0x433af380,60,77,78,39,52,63,6.0,-33,,3,3
2026-01-23 14:13:11.826563,0x433b0b38,14,21,22,14,21,22,5.5,-75,,5,5
2026-01-23 14:13:43.729032,0x433ad35c,17,31,33,17,30,33,5.5,-58,,3,3
2026-01-23 14:13:45.950592,0x433af380,22,33,33,21,31,33,7.75,-34,,3,3
2026-01-23 14:14:14.412343,0x433b0b38,18,28,32,18,28,32,5.5,-75,,5,5
2026-01-23 14:14:44.152093,0x433ad35c,16,25,28,16,25,28,5.75,-59,,3,3
2026-01-23 14:14:47.712671,0x433af380,19,28,29,19,28,29,7.25,-34,,3,3
2026-01-23 14:15:13.505407,0x433b0b38,15,26,27,15,26,27,5.5,-76,,5,5
2026-01-23 14:15:44.322214,0x433ad35c,18,25,28,18,25,28,7.0,-58,,3,3
2026-01-23 14:15:51.107288,0x433af380,23,39,41,21,35,41,5.25,-34,,3,3
2026-01-23 14:16:12.497299,0x433b0b38,14,26,29,14,26,29,5.25,-76,,5,5
2026-01-23 14:16:44.683453,0x433ad35c,15,26,31,15,26,31,6.25,-59,,3,3
2026-01-23 14:16:48.650683,0x433af380,45,55,55,32,44,51,6.0,-34,,3,3
2026-01-23 14:17:13.122313,0x433b0b38,16,25,26,16,25,26,5.75,-76,,5,5
2026-01-23 14:17:44.896761,0x433ad35c,15,26,26,15,26,26,6.25,-59,,3,3
2026-01-23 14:17:48.579728,0x433af380,43,55,55,31,44,51,7.0,-34,,3,3
2026-01-23 14:18:13.264527,0x433b0b38,16,22,22,16,22,22,5.75,-76,,5,5
2026-01-23 14:18:44.970010,0x433ad35c,18,29,30,18,29,30,5.5,-60,,3,3
2026-01-23 14:18:50.265676,0x433af380,65,81,81,42,53,64,7.0,-34,,3,3
2026-01-23 14:19:14.857262,0x433b0b38,16,26,28,16,26,28,5.5,-76,,5,5
2026-01-23 14:19:45.163008,0x433ad35c,15,24,26,15,24,26,5.75,-59,,3,3
2026-01-23 14:19:51.217075,0x433af380,66,81,83,44,54,66,6.0,-34,,3,3
2026-01-23 14:20:14.100261,0x433b0b38,17,33,38,17,32,38,5.5,-76,,5,5
2026-01-23 14:20:45.427728,0x433ad35c,15,26,27,15,26,27,5.75,-59,,3,3
2026-01-23 14:20:49.542344,0x433af380,34,52,54,27,42,50,6.25,-34,,3,3
2026-01-23 14:21:13.747504,0x433b0b38,16,25,26,16,25,26,6.0,-76,,5,5
2026-01-23 14:21:45.634237,0x433ad35c,16,28,31,16,28,31,5.5,-59,,3,3
2026-01-23 14:21:50.586754,0x433af380,32,45,47,27,39,46,6.0,-33,,3,3
2026-01-23 14:22:13.953595,0x433b0b38,19,30,30,19,30,30,5.5,-75,,5,5
2026-01-23 14:22:45.858799,0x433ad35c,15,24,26,15,24,26,5.75,-59,,3,3
2026-01-23 14:22:50.127295,0x433af380,20,34,35,20,32,35,7.25,-34,,3,3
2026-01-23 14:23:14.285731,0x433b0b38,13,25,26,13,25,26,5.75,-76,,5,5
2026-01-23 14:23:46.090169,0x433ad35c,15,28,36,15,28,36,5.5,-59,,3,3
2026-01-23 14:23:49.896041,0x433af380,39,52,52,30,42,49,6.0,-34,,3,3
2026-01-23 14:24:15.398729,0x433b0b38,14,22,26,14,22,26,5.75,-76,,5,5
2026-01-23 14:24:46.825326,0x433ad35c,16,29,33,16,29,33,6.0,-59,,3,3
2026-01-23 14:24:48.592688,0x433af380,19,28,29,19,28,29,7.5,-34,,3,3
2026-01-23 14:25:14.682345,0x433b0b38,16,25,29,16,25,29,5.5,-76,,5,5
2026-01-23 14:25:46.656615,0x433ad35c,16,29,30,16,29,30,5.75,-59,,3,3
2026-01-23 14:25:50.246684,0x433af380,21,31,33,20,30,33,6.25,-34,,3,3
2026-01-23 14:26:14.879493,0x433b0b38,14,26,27,14,26,27,5.5,-76,,5,5
2026-01-23 14:26:46.792434,0x433ad35c,17,30,36,17,30,36,6.0,-58,,3,3
2026-01-23 14:26:58.940483,0x433af380,27,44,47,24,38,46,5.75,-34,,3,3
2026-01-23 14:27:16.369416,0x433b0b38,14,21,24,14,21,24,5.75,-76,,5,5
2026-01-23 14:27:47.860688,0x433ad35c,18,28,30,18,28,30,6.5,-59,,3,3
2026-01-23 14:27:52.795480,0x433af380,20,33,34,20,32,34,7.25,-34,,3,3
2026-01-23 14:28:15.442837,0x433b0b38,13,25,25,13,25,25,5.75,-75,,5,5
2026-01-23 14:28:47.258704,0x433ad35c,19,27,29,19,27,29,5.75,-58,,3,3
2026-01-23 14:28:50.297596,0x433af380,24,35,36,22,32,36,6.25,-34,,3,3
2026-01-23 14:29:15.965069,0x433b0b38,15,23,23,15,23,23,6.0,-75,,5,5
2026-01-23 14:29:47.480758,0x433ad35c,15,24,28,15,24,28,6.0,-58,,3,3
2026-01-23 14:29:56.273339,0x433af380,38,53,54,29,43,50,6.0,-33,,3,3
2026-01-23 14:30:15.973118,0x433b0b38,16,26,29,16,26,29,5.75,-76,,5,5
2026-01-23 14:30:47.713634,0x433ad35c,17,26,28,17,26,28,7.25,-59,,3,3
2026-01-23 14:30:52.739702,0x433af380,36,52,53,28,43,50,8.0,-33,,3,3
2026-01-23 14:31:16.518782,0x433b0b38,15,25,28,15,25,28,5.75,-76,,5,5
2026-01-23 14:31:47.977452,0x433ad35c,16,24,26,16,24,26,6.0,-59,,3,3
2026-01-23 14:31:52.425861,0x433af380,36,48,48,28,40,47,7.25,-34,,3,3
2026-01-23 14:32:16.452241,0x433b0b38,18,31,31,18,30,31,5.5,-76,,5,5
2026-01-23 14:32:48.206803,0x433ad35c,18,28,30,18,28,30,5.75,-59,,3,3
2026-01-23 14:32:51.337831,0x433af380,36,50,53,28,41,49,7.0,-34,,3,3
2026-01-23 14:33:16.689221,0x433b0b38,13,21,21,13,21,21,5.75,-76,,5,5
2026-01-23 14:33:48.436623,0x433ad35c,16,27,29,16,27,29,6.0,-59,,3,3
2026-01-23 14:33:52.269217,0x433af380,23,35,35,21,32,35,6.0,-34,,3,3
2026-01-23 14:34:17.140210,0x433b0b38,15,22,23,15,22,23,5.5,-76,,5,5
2026-01-23 14:34:48.660832,0x433ad35c,17,28,30,17,28,30,7.0,-59,,3,3
2026-01-23 14:34:51.935761,0x433af380,33,45,46,27,38,45,7.25,-34,,3,3
2026-01-23 14:35:17.159376,0x433b0b38,14,22,23,14,22,23,5.5,-75,,5,5
2026-01-23 14:35:49.109560,0x433ad35c,17,26,31,17,26,31,6.0,-59,,3,3
2026-01-23 14:35:53.934147,0x433af380,31,43,45,26,37,44,6.25,-34,,3,3
2026-01-23 14:36:17.391990,0x433b0b38,12,25,28,12,25,28,5.25,-76,,5,5
2026-01-23 14:36:49.236154,0x433ad35c,17,30,32,17,30,32,5.25,-59,,3,3
2026-01-23 14:36:52.347562,0x433af380,27,39,41,24,35,41,6.75,-34,,3,3
2026-01-23 14:37:17.623096,0x433b0b38,11,23,28,11,23,28,5.5,-75,,5,5
2026-01-23 14:37:50.287463,0x433ad35c,16,23,25,16,23,25,5.75,-59,,3,3
2026-01-23 14:37:53.410165,0x433af380,28,38,41,24,35,41,5.5,-33,,3,3
2026-01-23 14:38:17.891227,0x433b0b38,13,21,23,13,21,23,5.75,-75,,5,5
2026-01-23 14:38:49.628739,0x433ad35c,15,23,24,15,23,24,6.0,-59,,3,3
2026-01-23 14:38:53.112071,0x433af380,35,49,50,27,40,48,6.5,-35,,3,3
2026-01-23 14:39:19.080052,0x433b0b38,14,24,27,14,24,27,6.0,-75,,5,5
2026-01-23 14:39:49.828740,0x433ad35c,16,22,24,16,22,24,5.75,-59,,3,3
2026-01-23 14:39:53.993525,0x433af380,16,24,25,16,24,25,5.75,-34,,3,3
2026-01-23 14:40:18.327345,0x433b0b38,15,27,34,15,27,34,5.75,-75,,5,5
2026-01-23 14:40:50.092162,0x433ad35c,13,26,27,13,26,27,6.0,-59,,3,3
2026-01-23 14:40:55.188044,0x433af380,40,55,57,30,43,52,6.25,-33,,3,3
2026-01-23 14:41:18.559165,0x433b0b38,17,30,32,17,30,32,5.75,-76,,5,5
2026-01-23 14:41:50.292785,0x433ad35c,16,31,34,16,30,34,5.75,-59,,3,3
2026-01-23 14:41:54.601458,0x433af380,29,39,41,25,35,41,6.0,-34,,3,3
2026-01-23 14:42:18.781059,0x433b0b38,11,20,21,11,20,21,6.0,-75,,5,5
2026-01-23 14:42:50.524760,0x433ad35c,19,25,28,19,25,28,6.25,-59,,3,3
2026-01-23 14:42:56.101177,0x433af380,26,37,39,23,34,39,6.5,-34,,3,3
2026-01-23 14:43:19.026161,0x433b0b38,14,21,24,14,21,24,6.0,-75,,5,5
2026-01-23 14:43:50.797231,0x433ad35c,16,24,24,16,24,24,6.5,-59,,3,3
2026-01-23 14:43:55.778718,0x433af380,56,67,67,37,48,58,6.0,-34,,3,3
2026-01-23 14:44:19.492629,0x433b0b38,12,23,24,12,23,24,5.75,-76,,5,5
2026-01-23 14:44:50.997276,0x433ad35c,15,24,27,15,24,27,5.5,-59,,3,3
2026-01-23 14:44:55.360546,0x433af380,30,41,42,26,36,42,6.5,-33,,3,3
2026-01-23 14:45:19.716724,0x433b0b38,15,22,24,15,22,24,5.25,-76,,5,5
2026-01-23 14:45:51.219976,0x433ad35c,16,28,30,16,28,30,5.5,-59,,3,3
2026-01-23 14:45:54.985616,0x433af380,44,59,62,32,45,55,5.75,-33,,3,3
2026-01-23 14:46:19.962273,0x433b0b38,15,27,27,15,27,27,5.75,-75,,5,5
2026-01-23 14:46:51.555197,0x433ad35c,16,27,29,16,27,29,6.75,-59,,3,3
2026-01-23 14:46:56.337769,0x433af380,33,43,43,27,37,43,6.25,-33,,3,3
2026-01-23 14:47:19.972199,0x433b0b38,15,22,27,15,22,27,5.5,-76,,5,5
2026-01-23 14:47:51.908491,0x433ad35c,15,29,31,15,29,31,7.0,-58,,3,3
2026-01-23 14:47:58.041469,0x433af380,43,53,54,31,43,50,6.5,-34,,3,3
2026-01-23 14:48:20.196887,0x433b0b38,15,23,27,15,23,27,5.25,-76,,5,5
2026-01-23 14:48:51.938661,0x433ad35c,18,24,26,18,24,26,6.5,-59,,3,3
2026-01-23 14:48:55.409481,0x433af380,70,84,88,46,55,68,6.25,-34,,3,3
2026-01-23 14:49:20.674570,0x433b0b38,15,26,27,15,26,27,5.25,-76,,5,5
2026-01-23 14:49:52.168796,0x433ad35c,17,29,34,17,29,34,7.0,-58,,3,3
2026-01-23 14:49:55.036758,0x433af380,18,30,32,18,29,32,6.75,-33,,3,3
2026-01-23 14:50:20.668011,0x433b0b38,11,17,17,11,17,17,5.75,-76,,5,5
2026-01-23 14:50:52.409902,0x433ad35c,16,28,29,16,28,29,7.0,-59,,3,3
2026-01-23 14:50:58.122665,0x433af380,22,35,36,21,33,36,6.25,-34,,3,3
2026-01-23 14:51:20.899093,0x433b0b38,14,21,22,14,21,22,5.25,-76,,5,5
2026-01-23 14:51:52.751963,0x433ad35c,15,20,22,15,20,22,6.75,-59,,3,3
2026-01-23 14:52:00.308903,0x433af380,20,28,30,19,28,30,6.25,-34,,3,3
2026-01-23 14:52:21.163082,0x433b0b38,15,25,25,15,25,25,5.75,-75,,5,5
2026-01-23 14:52:52.899530,0x433ad35c,18,29,31,18,29,31,5.75,-59,,3,3
2026-01-23 14:52:56.096353,0x433af380,32,43,43,26,37,43,6.0,-34,,3,3
2026-01-23 14:53:21.354550,0x433b0b38,14,24,24,14,24,24,5.75,-76,,5,5
2026-01-23 14:53:53.354436,0x433ad35c,16,26,29,16,26,29,5.75,-59,,3,3
2026-01-23 14:54:01.980590,0x433af380,22,31,32,21,30,32,6.75,-35,,3,3
2026-01-23 14:54:22.634559,0x433b0b38,14,30,31,14,29,31,5.75,-75,,5,5
2026-01-23 14:54:53.330600,0x433ad35c,15,24,25,15,24,25,6.25,-59,,3,3
2026-01-23 14:54:57.839470,0x433af380,22,32,34,21,31,34,7.75,-34,,3,3
2026-01-23 14:55:21.985996,0x433b0b38,13,27,30,13,27,30,5.75,-75,,5,5
2026-01-23 14:55:53.590818,0x433ad35c,16,26,29,16,26,29,5.75,-59,,3,3
2026-01-23 14:55:57.845663,0x433af380,22,32,32,21,31,32,7.25,-34,,3,3
2026-01-23 14:56:22.070148,0x433b0b38,14,22,22,14,22,22,5.75,-75,,5,5
2026-01-23 14:56:54.171725,0x433ad35c,14,26,30,14,26,30,6.25,-59,,3,3
2026-01-23 14:57:00.855289,0x433af380,27,40,40,24,36,40,6.25,-34,,3,3
2026-01-23 14:57:22.656920,0x433b0b38,17,27,27,17,27,27,5.75,-76,,5,5
2026-01-23 14:57:54.897594,0x433ad35c,15,23,25,15,23,25,6.25,-59,,3,3
2026-01-23 14:57:58.577017,0x433af380,21,30,31,20,30,31,7.75,-34,,3,3
2026-01-23 14:58:22.540740,0x433b0b38,14,25,27,14,25,27,5.5,-75,,5,5
2026-01-23 14:58:54.380838,0x433ad35c,16,26,27,16,26,27,7.25,-57,,3,3
2026-01-23 14:58:59.238971,0x433af380,33,49,51,27,40,48,6.5,-33,,3,3
2026-01-23 14:59:23.960597,0x433b0b38,11,19,19,11,19,19,4.75,-74,,5,5
2026-01-23 14:59:54.527538,0x433ad35c,16,28,32,16,28,32,5.75,-59,,3,3
2026-01-23 15:00:00.001714,0x433af380,22,32,32,21,31,32,7.25,-34,,3,3
2026-01-23 15:00:23.710883,0x433b0b38,12,21,24,12,21,24,6.0,-74,,5,5
2026-01-23 15:00:54.741626,0x433ad35c,16,23,25,16,23,25,5.75,-59,,3,3
2026-01-23 15:01:01.241473,0x433af380,17,28,30,17,28,30,6.5,-34,,3,3
2026-01-23 17:01:25.806994,0x433af380,24,38,41,22,34,41,6.0,-34,,3,3
2026-01-23 17:01:28.308744,0x433ad35c,20,36,43,20,33,43,5.75,-58,,3,3
2026-01-23 17:01:52.111305,0x433b0b38,17,33,39,17,31,39,5.5,-75,,5,5
2026-01-23 17:02:25.464392,0x433af380,24,37,38,22,34,38,7.25,-34,,3,3
2026-01-23 17:02:29.128624,0x433ad35c,17,28,30,17,28,30,6.0,-58,,3,3
2026-01-23 17:02:52.344117,0x433b0b38,19,28,29,19,28,29,5.75,-76,,5,5
2026-01-23 17:03:26.284833,0x433af380,33,48,49,27,40,48,6.0,-34,,3,3
2026-01-23 17:03:28.010983,0x433ad35c,17,30,35,17,30,35,5.75,-59,,3,3
2026-01-23 17:03:52.876154,0x433b0b38,21,31,33,20,30,33,5.5,-75,,5,5
2026-01-23 17:04:25.409597,0x433ad35c,17,27,29,17,27,29,6.0,-58,,3,3
2026-01-23 17:04:27.100228,0x433af380,25,41,46,22,36,45,6.75,-33,,3,3
2026-01-23 17:04:54.436773,0x433b0b38,17,35,37,17,33,37,5.75,-76,,5,5
2026-01-23 17:05:27.493506,0x433ad35c,16,22,24,16,22,24,6.0,-57,,3,3
2026-01-23 17:05:29.314511,0x433af380,25,44,45,23,38,45,6.0,-34,,3,3
2026-01-23 17:05:53.044824,0x433b0b38,15,26,30,15,26,30,5.75,-76,,5,5
2026-01-23 17:06:26.064683,0x433ad35c,18,27,28,18,27,28,6.0,-58,,3,3
2026-01-23 17:06:27.738069,0x433af380,35,45,45,28,39,45,7.0,-34,,3,3
2026-01-23 17:06:53.642047,0x433b0b38,20,31,33,20,30,33,5.5,-76,,5,5
2026-01-23 17:07:26.618375,0x433af380,30,44,44,26,38,44,6.75,-34,,3,3
2026-01-23 17:07:29.190783,0x433ad35c,16,30,30,16,30,30,6.5,-58,,3,3
2026-01-23 17:07:53.538096,0x433b0b38,17,30,35,17,30,35,5.75,-75,,5,5
2026-01-23 17:08:28.665682,0x433ad35c,17,24,26,17,24,26,6.5,-58,,3,3
2026-01-23 17:08:32.483089,0x433af380,30,44,47,26,38,46,6.0,-33,,3,3
2026-01-23 17:08:53.732427,0x433b0b38,15,24,26,15,24,26,6.0,-76,,5,5
2026-01-23 17:09:26.745197,0x433af380,35,48,50,28,40,48,7.5,-34,,3,3
2026-01-23 17:09:29.311499,0x433ad35c,17,28,30,17,28,30,5.5,-58,,3,3
2026-01-23 17:09:54.847386,0x433b0b38,16,29,30,16,29,30,5.75,-75,,5,5
2026-01-23 17:10:27.566556,0x433ad35c,15,30,34,15,29,34,6.0,-58,,3,3
2026-01-23 17:10:29.441594,0x433af380,26,46,48,23,39,47,6.0,-34,,3,3
2026-01-23 17:10:54.226837,0x433b0b38,16,23,28,16,23,28,5.5,-75,,5,5
2026-01-23 17:11:27.283897,0x433ad35c,16,28,34,16,28,34,5.75,-58,,3,3
2026-01-23 17:11:29.936885,0x433af380,23,34,38,22,32,38,7.0,-33,,3,3
2026-01-23 17:11:54.423916,0x433b0b38,15,29,32,15,29,32,5.25,-76,,5,5
2026-01-23 17:12:28.776282,0x433af380,25,41,44,22,36,44,4.75,-58,,3,2
2026-01-23 17:12:29.444570,0x433ad35c,16,27,31,16,27,31,6.0,-58,,3,3
2026-01-23 17:12:54.983041,0x433b0b38,17,30,35,17,30,35,5.5,-75,,5,5
2026-01-23 17:13:27.539679,0x433af380,36,53,53,28,43,50,6.0,-34,,3,3
2026-01-23 17:13:29.953540,0x433ad35c,17,25,28,17,25,28,6.0,-58,,3,3
2026-01-23 17:13:55.608649,0x433b0b38,19,32,35,19,31,35,5.75,-75,,5,5
2026-01-23 17:14:30.299004,0x433af380,23,39,43,22,35,43,5.75,-33,,3,3
2026-01-23 17:14:32.713338,0x433ad35c,15,23,25,15,23,25,6.25,-57,,3,3
2026-01-23 17:14:56.586898,0x433b0b38,20,33,37,20,32,37,5.75,-75,,5,5
2026-01-23 17:15:27.943670,0x433af380,23,35,37,21,32,37,5.75,-34,,3,3
2026-01-23 17:15:30.552080,0x433ad35c,17,29,33,17,29,33,6.25,-57,,3,3
2026-01-23 17:15:55.368407,0x433b0b38,14,23,23,14,23,23,5.5,-76,,5,5
2026-01-23 17:16:28.589205,0x433ad35c,18,27,31,18,27,31,5.5,-58,,3,3
2026-01-23 17:16:30.640016,0x433af380,25,35,35,23,33,35,7.25,-34,,3,3
2026-01-23 17:16:56.050063,0x433b0b38,15,27,32,15,27,32,5.5,-76,,5,5
2026-01-23 17:17:29.346341,0x433af380,24,37,38,22,34,38,7.25,-34,,3,3
2026-01-23 17:17:31.879215,0x433ad35c,19,30,31,19,30,31,6.5,-58,,3,3
2026-01-23 17:17:57.175962,0x433b0b38,14,26,26,14,26,26,5.5,-76,,5,5
2026-01-23 17:18:28.627818,0x433af380,39,61,61,29,45,54,7.25,-33,,3,3
2026-01-23 17:18:31.107266,0x433ad35c,20,32,36,20,31,36,6.5,-57,,3,3
2026-01-23 17:18:56.250861,0x433b0b38,15,24,26,15,24,26,5.75,-76,,5,5
2026-01-23 17:19:28.655279,0x433af380,43,57,57,31,44,52,6.25,-34,,3,3
2026-01-23 17:19:31.149628,0x433ad35c,16,30,34,16,30,34,5.75,-58,,3,3
2026-01-23 17:19:57.647591,0x433b0b38,14,29,33,14,29,33,5.5,-75,,5,5
2026-01-23 17:20:29.252524,0x433ad35c,18,33,35,18,32,35,5.25,-59,,3,3
2026-01-23 17:20:32.048735,0x433af380,28,40,42,24,36,42,7.75,-33,,3,3
2026-01-23 17:20:57.651576,0x433b0b38,15,27,34,15,27,34,5.5,-76,,5,5
2026-01-23 17:21:28.909097,0x433af380,36,50,50,28,41,48,8.0,-34,,3,3
2026-01-23 17:21:31.516834,0x433ad35c,20,29,30,20,29,30,6.75,-58,,3,3
2026-01-23 17:21:57.098686,0x433b0b38,15,28,32,15,28,32,5.75,-75,,5,5
2026-01-23 17:22:29.130912,0x433af380,32,48,51,27,40,49,6.0,-34,,3,3
2026-01-23 17:22:31.638255,0x433ad35c,16,30,34,16,29,34,6.0,-57,,3,3
2026-01-23 17:22:57.314237,0x433b0b38,15,26,28,15,26,28,5.75,-76,,5,5
2026-01-23 17:23:29.679595,0x433af380,25,43,44,22,37,44,7.5,-33,,3,3
2026-01-23 17:23:32.189022,0x433ad35c,17,27,28,17,27,28,5.75,-58,,3,3
2026-01-23 17:23:57.655905,0x433b0b38,15,35,38,15,32,38,5.75,-75,,5,5
2026-01-23 17:24:29.514176,0x433af380,33,46,47,27,39,46,5.5,-33,,3,3
2026-01-23 17:24:31.943741,0x433ad35c,18,31,31,18,30,31,6.0,-58,,3,3
2026-01-23 17:24:58.598870,0x433b0b38,19,34,37,19,32,37,5.75,-76,,5,5
2026-01-23 17:25:30.131710,0x433af380,46,66,67,32,47,57,6.0,-34,,3,3
2026-01-23 17:25:32.684104,0x433ad35c,16,29,34,16,29,34,6.25,-58,,3,3
2026-01-23 17:25:57.926135,0x433b0b38,14,25,27,14,25,27,5.5,-76,,5,5
2026-01-23 17:26:30.170883,0x433af380,24,40,42,22,35,42,7.25,-33,,3,3
2026-01-23 17:26:32.599262,0x433ad35c,17,27,29,17,27,29,6.0,-58,,3,3
2026-01-23 17:26:58.165952,0x433b0b38,15,25,26,15,25,26,5.5,-75,,5,5
2026-01-23 17:27:30.178830,0x433af380,38,56,56,29,43,51,6.0,-34,,3,3
2026-01-23 17:27:32.593591,0x433ad35c,18,25,29,18,25,29,6.5,-58,,3,3
2026-01-23 17:27:58.397573,0x433b0b38,15,30,38,15,29,38,5.75,-76,,5,5
2026-01-23 17:28:30.309648,0x433af380,34,50,51,28,41,49,6.25,-34,,3,3
2026-01-23 17:28:32.756183,0x433ad35c,19,28,34,19,28,34,5.5,-58,,3,3
2026-01-23 17:28:58.682221,0x433b0b38,16,25,25,16,25,25,5.75,-75,,5,5
2026-01-23 17:29:30.552470,0x433af380,44,62,64,31,47,57,5.75,-34,,3,3
2026-01-23 17:29:33.084337,0x433ad35c,18,31,31,18,30,31,6.5,-57,,3,3
2026-01-23 17:29:59.225410,0x433b0b38,15,21,21,15,21,21,5.75,-75,,5,5
2026-01-23 17:30:30.711519,0x433af380,27,42,47,24,37,46,7.25,-33,,3,3
2026-01-23 17:30:33.260648,0x433ad35c,18,31,34,18,30,34,6.5,-57,,3,3
2026-01-23 17:30:59.098939,0x433b0b38,14,22,22,14,22,22,5.75,-76,,5,5
2026-01-23 17:31:31.325499,0x433af380,34,48,52,28,40,49,7.0,-33,,3,3
2026-01-23 17:31:33.830777,0x433ad35c,17,25,26,17,25,26,6.5,-57,,3,3
2026-01-23 17:31:59.831328,0x433b0b38,18,24,24,18,24,24,5.75,-75,,5,5
2026-01-23 17:32:31.089793,0x433af380,32,49,49,26,40,47,7.0,-34,,3,3
2026-01-23 17:32:33.521286,0x433ad35c,17,26,26,17,26,26,6.0,-58,,3,3
2026-01-23 17:32:59.855711,0x433b0b38,19,27,29,19,27,29,5.75,-76,,5,5
2026-01-23 17:33:31.330483,0x433af380,23,36,38,21,33,38,6.0,-34,,3,3
2026-01-23 17:33:33.792167,0x433ad35c,18,28,30,18,28,30,6.0,-57,,3,3
2026-01-23 17:33:59.824529,0x433b0b38,13,26,34,13,26,34,5.75,-76,,5,5
2026-01-23 17:34:31.532131,0x433af380,25,37,38,22,34,38,7.25,-34,,3,3
2026-01-23 17:34:34.091482,0x433ad35c,17,28,33,17,28,33,6.25,-57,,3,3
2026-01-23 17:35:01.208071,0x433b0b38,12,21,28,12,21,28,5.75,-75,,5,5
2026-01-23 17:35:31.737343,0x433af380,24,38,41,22,34,41,7.75,-34,,3,3
2026-01-23 17:35:34.340210,0x433ad35c,15,26,29,15,26,29,6.25,-57,,3,3
2026-01-23 17:36:00.502309,0x433b0b38,16,27,28,16,27,28,5.5,-75,,5,5
2026-01-23 17:36:32.591091,0x433af380,25,35,35,23,33,35,6.5,-35,,3,3
2026-01-23 17:36:35.090695,0x433ad35c,17,31,32,17,30,32,6.0,-57,,3,3
2026-01-23 17:37:00.549721,0x433b0b38,14,21,21,14,21,21,6.0,-75,,5,5
2026-01-23 17:37:32.119620,0x433af380,25,42,42,23,37,42,7.25,-34,,3,3
2026-01-23 17:37:34.561490,0x433ad35c,18,29,31,18,29,31,6.25,-58,,3,3
2026-01-23 17:38:00.832866,0x433b0b38,14,19,21,14,19,21,5.5,-76,,5,5
2026-01-23 17:38:32.967056,0x433af380,27,37,39,24,34,39,6.75,-33,,3,3
2026-01-23 17:38:35.976131,0x433ad35c,18,30,33,18,30,33,6.75,-57,,3,3
2026-01-23 17:39:01.015894,0x433b0b38,14,24,30,14,24,30,5.75,-76,,5,5
2026-01-23 17:39:33.124749,0x433af380,24,35,38,22,33,38,6.5,-34,,3,3
2026-01-23 17:39:35.534219,0x433ad35c,15,20,21,15,20,21,5.75,-58,,3,3
2026-01-23 17:40:01.461389,0x433b0b38,17,31,42,17,30,42,5.75,-75,,5,5
2026-01-23 17:40:32.864499,0x433af380,24,37,39,22,34,39,7.25,-34,,3,3
2026-01-23 17:40:35.450420,0x433ad35c,18,28,30,18,28,30,6.0,-58,,3,3
2026-01-23 17:41:01.478828,0x433b0b38,11,21,21,11,21,21,5.75,-76,,5,5
2026-01-23 17:41:33.906562,0x433af380,23,34,35,21,32,35,6.75,-34,,3,3
2026-01-23 17:41:36.396973,0x433ad35c,18,30,34,18,30,34,6.75,-57,,3,3
2026-01-23 17:42:02.512291,0x433b0b38,14,21,22,14,21,22,5.75,-76,,5,5
2026-01-23 17:42:33.431667,0x433af380,25,39,39,22,35,39,7.75,-33,,3,3
2026-01-23 17:42:36.008346,0x433ad35c,19,33,38,19,32,38,6.25,-57,,3,3
2026-01-23 17:43:01.940337,0x433b0b38,15,23,24,15,23,24,6.0,-75,,5,5
2026-01-23 17:43:34.081386,0x433af380,24,33,35,22,32,35,7.25,-34,,3,3
2026-01-23 17:43:36.495518,0x433ad35c,19,31,33,19,30,33,6.25,-58,,3,3
2026-01-23 17:44:02.182228,0x433b0b38,17,23,24,17,23,24,5.5,-75,,5,5
2026-01-23 17:44:34.058253,0x433af380,26,38,40,23,35,40,7.75,-34,,3,3
2026-01-23 17:44:36.472332,0x433ad35c,20,27,29,20,27,29,6.5,-57,,3,3
2026-01-23 17:45:02.651496,0x433b0b38,17,27,31,17,27,31,5.5,-75,,5,5
2026-01-23 17:45:34.454016,0x433af380,23,36,37,22,33,37,7.0,-34,,3,3
2026-01-23 17:45:40.084307,0x433ad35c,18,32,34,18,31,34,6.25,-57,,3,3
2026-01-23 17:46:02.654339,0x433b0b38,17,29,31,17,29,31,5.75,-75,,5,5
2026-01-23 17:46:34.868405,0x433af380,23,35,35,21,32,35,7.25,-34,,3,3
2026-01-23 17:46:37.404401,0x433ad35c,18,28,35,18,28,35,6.5,-57,,3,3
2026-01-23 17:47:02.884082,0x433b0b38,14,21,21,14,21,21,5.5,-75,,5,5
2026-01-23 17:47:35.059510,0x433af380,25,33,34,23,32,34,6.5,-33,,3,3
2026-01-23 17:47:37.619912,0x433ad35c,18,31,34,18,30,34,6.25,-57,,3,3
2026-01-23 17:48:03.139404,0x433b0b38,19,39,43,19,35,43,5.5,-76,,5,5
2026-01-23 17:48:35.507059,0x433af380,23,35,36,22,33,36,6.5,-34,,3,3
2026-01-23 17:48:38.652282,0x433ad35c,17,25,28,17,25,28,6.5,-57,,3,3
2026-01-23 17:49:03.382183,0x433b0b38,14,26,31,14,26,31,5.75,-75,,5,5
2026-01-23 17:49:35.759034,0x433af380,24,34,36,22,32,36,7.0,-34,,3,3
2026-01-23 17:49:38.315677,0x433ad35c,16,28,29,16,28,29,6.25,-58,,3,3
2026-01-23 17:50:04.787300,0x433b0b38,16,21,23,16,21,23,5.5,-75,,5,5
2026-01-23 17:50:35.961175,0x433af380,34,43,44,27,37,44,7.5,-34,,3,3
2026-01-23 17:50:38.433463,0x433ad35c,16,22,23,16,22,23,6.0,-58,,3,3
2026-01-23 17:51:03.804855,0x433b0b38,20,32,36,20,31,36,5.75,-75,,5,5
2026-01-23 17:51:36.065532,0x433af380,23,40,41,22,36,41,7.0,-34,,3,3
2026-01-23 17:51:38.616066,0x433ad35c,19,33,41,19,32,41,6.0,-58,,3,3
2026-01-23 17:52:04.028478,0x433b0b38,15,27,29,15,27,29,5.25,-75,,5,5
2026-01-23 17:52:36.595494,0x433af380,25,33,33,23,32,33,7.0,-34,,3,3
2026-01-23 17:52:39.032081,0x433ad35c,17,33,33,17,32,33,6.0,-57,,3,3
2026-01-23 17:53:04.265458,0x433b0b38,17,25,28,17,25,28,6.0,-76,,5,5
2026-01-23 17:53:36.565021,0x433af380,22,34,34,21,32,34,6.25,-34,,3,3
2026-01-23 17:53:40.907111,0x433ad35c,16,24,24,16,24,24,6.25,-57,,3,3
2026-01-23 17:54:04.907994,0x433b0b38,19,35,40,19,33,40,5.5,-75,,5,5
2026-01-23 17:54:36.750888,0x433af380,25,32,36,23,31,36,6.75,-34,,3,3
2026-01-23 17:54:39.182795,0x433ad35c,19,30,31,19,29,31,6.5,-57,,3,3
2026-01-23 17:55:05.602597,0x433b0b38,14,23,31,14,23,31,5.5,-76,,5,5
2026-01-23 17:55:37.111987,0x433af380,22,33,36,21,32,36,6.0,-34,,3,3
2026-01-23 17:55:39.664534,0x433ad35c,18,36,43,18,33,43,6.25,-58,,3,3
2026-01-23 17:56:04.976598,0x433b0b38,18,29,32,18,29,32,5.75,-75,,5,5
2026-01-23 17:56:37.453911,0x433af380,25,38,39,23,35,39,6.75,-33,,3,3
2026-01-23 17:56:39.969011,0x433ad35c,14,21,22,14,21,22,6.0,-57,,3,3
2026-01-23 17:57:05.194980,0x433b0b38,16,27,27,16,27,27,5.75,-76,,5,5
2026-01-23 17:57:37.518434,0x433af380,23,34,36,21,32,36,6.25,-34,,3,3
2026-01-23 17:57:40.068520,0x433ad35c,17,26,27,17,26,27,6.25,-57,,3,3
2026-01-23 17:58:05.427790,0x433b0b38,18,32,34,18,31,34,5.75,-75,,5,5
2026-01-23 17:58:38.073844,0x433af380,22,32,32,21,31,32,6.75,-33,,3,3
2026-01-23 17:58:41.135347,0x433ad35c,18,30,32,18,29,32,6.25,-57,,3,3
2026-01-23 17:59:05.686406,0x433b0b38,18,30,33,18,30,33,5.25,-76,,5,5
2026-01-23 17:59:37.992803,0x433af380,23,34,35,21,32,35,7.0,-33,,3,3
2026-01-23 17:59:40.589211,0x433ad35c,19,31,44,19,30,44,6.25,-58,,3,3
2026-01-23 18:00:07.375929,0x433b0b38,18,31,32,18,30,32,5.75,-76,,5,5
2026-01-23 18:00:38.363259,0x433af380,27,39,41,24,35,41,6.25,-34,,3,3
2026-01-23 18:00:41.035094,0x433ad35c,17,32,36,17,31,36,6.25,-56,,3,3
2026-01-23 18:01:06.190369,0x433b0b38,16,32,35,16,31,35,5.5,-76,,5,5
2026-01-24 13:02:40.709620,0x433af380,1,2,2,1,2,2,6.75,-33,,3,3
2026-01-24 13:02:43.241357,0x433ad35c,1,1,1,1,1,1,6.5,-59,,3,3
2026-01-24 13:02:44.775332,0x433b0b38,,,,,,,6.0,-76,,5,5
2026-01-24 13:03:39.413859,0x433af380,1,1,1,1,1,1,6.75,-33,,3,3
2026-01-24 13:03:41.944331,0x433ad35c,1,1,1,1,1,1,6.0,-58,,3,3
2026-01-24 13:03:47.275449,0x433b0b38,,1,3,,1,3,5.75,-77,,5,5
2026-01-24 13:04:39.494869,0x433af380,2,2,2,2,2,2,5.75,-33,,3,3
2026-01-24 13:04:42.084355,0x433ad35c,1,1,1,1,1,1,6.0,-60,,3,3
2026-01-24 13:04:45.313535,0x433b0b38,11,14,14,11,14,14,5.5,-76,,5,5
2026-01-24 13:05:41.917541,0x433ad35c,1,1,1,1,1,1,6.5,-59,,3,3
2026-01-24 13:05:44.718861,0x433af380,1,1,1,1,1,1,6.0,-34,,3,3
2026-01-24 13:05:47.416760,0x433b0b38,11,18,24,11,18,24,5.5,-78,,5,5
2026-01-24 13:06:39.904137,0x433af380,2,2,2,2,2,2,6.0,-34,,3,3
2026-01-24 13:06:42.464650,0x433ad35c,,,,,,,6.25,-57,,3,3
2026-01-24 13:06:44.788257,0x433b0b38,3,4,6,3,4,6,6.5,-77,,5,5
2026-01-24 13:07:41.162220,0x433af380,1,2,2,1,2,2,5.75,-33,,3,3
2026-01-24 13:07:43.747588,0x433ad35c,1,1,1,1,1,1,6.5,-59,,3,3
2026-01-24 13:07:46.316189,0x433b0b38,107,154,160,71,102,106,6.5,-77,,5,5
2026-01-24 13:08:41.603957,0x433af380,2,3,3,2,3,3,6.0,-33,,3,3
2026-01-24 13:08:43.993111,0x433ad35c,,,1,,,1,6.5,-58,,3,3
2026-01-24 13:08:47.116634,0x433b0b38,16,21,23,16,21,23,5.0,-78,,5,5
2026-01-24 13:09:40.800273,0x433af380,1,1,1,1,1,1,6.75,-34,,3,3
2026-01-24 13:09:43.233407,0x433ad35c,,,1,,,1,6.25,-60,,3,3
2026-01-24 13:09:45.876293,0x433b0b38,,,,,,,5.5,-76,,5,5
2026-01-24 13:10:41.324019,0x433af380,1,1,1,1,1,1,6.5,-34,,3,3
2026-01-24 13:10:43.853720,0x433ad35c,1,1,1,1,1,1,6.5,-57,,3,3
2026-01-24 13:10:46.261758,0x433b0b38,,1,1,,1,1,7.0,-76,,5,5
2026-01-24 13:11:41.853633,0x433af380,,,,,,,7.0,-33,,3,3
2026-01-24 13:11:44.329693,0x433ad35c,1,1,1,1,1,1,5.75,-59,,3,3
2026-01-24 13:11:47.210908,0x433b0b38,,,,,,,5.75,-78,,5,5
2026-01-24 13:12:42.371964,0x433af380,1,1,2,1,1,2,5.75,-33,,3,3
2026-01-24 13:12:44.783563,0x433ad35c,,1,1,,1,1,6.0,-60,,3,3
2026-01-24 13:12:47.782742,0x433b0b38,45,60,78,32,46,63,5.5,-79,,5,5
2026-01-24 13:13:42.637413,0x433af380,1,1,2,1,1,2,6.25,-34,,3,3
2026-01-24 13:13:45.021604,0x433ad35c,,,1,,,1,7.5,-59,,3,3
2026-01-24 13:13:47.996421,0x433b0b38,30,52,63,26,42,56,6.5,-77,,5,5
2026-01-24 13:14:43.899473,0x433af380,1,1,2,1,1,2,6.0,-35,,3,3
2026-01-24 13:14:48.315219,0x433b0b38,9,14,14,9,14,14,5.25,-79,,5,5
2026-01-24 13:14:51.128159,0x433ad35c,,,,,,,5.75,-59,,3,3
2026-01-24 13:15:43.133600,0x433af380,1,1,1,1,1,1,7.5,-34,,3,3
2026-01-24 13:15:45.541058,0x433ad35c,,,,,,,6.25,-60,,3,3
2026-01-24 13:15:47.983858,0x433b0b38,15,17,19,15,17,19,6.75,-77,,5,5
2026-01-24 13:16:43.555748,0x433af380,1,1,1,1,1,1,6.0,-33,,3,3
2026-01-24 13:16:46.271861,0x433ad35c,1,1,2,1,1,2,6.25,-59,,3,3
2026-01-24 13:16:49.356277,0x433b0b38,12,14,19,12,14,19,5.5,-78,,5,5
2026-01-24 13:17:43.023786,0x433af380,1,1,1,1,1,1,5.75,-33,,3,3
2026-01-24 13:17:45.491443,0x433ad35c,1,1,1,1,1,1,5.75,-59,,3,3
2026-01-24 13:17:48.680766,0x433b0b38,29,39,42,25,35,42,5.5,-76,,5,5
2026-01-24 13:18:43.583196,0x433af380,,,,,,,5.75,-34,,3,3
2026-01-24 13:18:46.004192,0x433ad35c,,,,,,,6.25,-59,,3,3
2026-01-24 13:18:50.092774,0x433b0b38,1,1,1,1,1,1,5.5,-76,,5,5
2026-01-24 13:19:43.496735,0x433af380,,,,,,,6.5,-33,,3,3
2026-01-24 13:19:45.943911,0x433ad35c,,,,,,,6.25,-59,,3,3
2026-01-24 13:19:50.756432,0x433b0b38,22,33,33,21,31,33,5.5,-79,,5,5
2026-01-24 13:20:43.681606,0x433af380,1,1,2,1,1,2,6.75,-34,,3,3
2026-01-24 13:20:46.124446,0x433ad35c,,,1,,,1,7.25,-59,,3,3
2026-01-24 13:20:48.699477,0x433b0b38,1,1,4,1,1,4,5.5,-78,,5,5
2026-01-24 13:21:45.741011,0x433af380,,,,,,,6.75,-34,,3,3
2026-01-24 13:21:48.170265,0x433ad35c,,,,,,,6.0,-58,,3,3
2026-01-24 13:21:49.606320,0x433b0b38,,,,,,,5.75,-76,,5,5
2026-01-24 13:22:44.677084,0x433af380,,1,1,,1,1,6.5,-33,,3,3
2026-01-24 13:22:49.895589,0x433ad35c,1,1,1,1,1,1,6.0,-59,,3,3
2026-01-24 13:22:52.390731,0x433b0b38,26,42,43,23,37,43,6.75,-77,,5,5
2026-01-24 13:23:44.600172,0x433af380,,,,,,,6.0,-33,,3,3
2026-01-24 13:23:47.815546,0x433ad35c,,1,1,,1,1,6.25,-59,,3,3
2026-01-24 13:23:50.064057,0x433b0b38,6,7,8,6,7,8,6.0,-77,,5,5
2026-01-24 13:24:45.457730,0x433af380,1,1,1,1,1,1,6.75,-34,,3,3
2026-01-24 13:24:47.863450,0x433ad35c,,,,,,,6.0,-59,,3,3
2026-01-24 13:24:50.571253,0x433b0b38,,,1,,,1,5.75,-78,,5,5
2026-01-24 13:25:45.062605,0x433af380,1,1,1,1,1,1,6.0,-33,,3,3
2026-01-24 13:25:47.537761,0x433ad35c,1,1,1,1,1,1,6.25,-58,,3,3
2026-01-24 13:25:49.882650,0x433b0b38,23,33,35,22,32,35,6.5,-80,,5,5
2026-01-24 13:26:45.435966,0x433af380,,,,,,,6.25,-34,,3,3
2026-01-24 13:26:47.888339,0x433ad35c,,,,,,,6.25,-58,,3,3
2026-01-24 13:26:50.448346,0x433b0b38,14,22,30,14,22,30,5.75,-77,,5,5
2026-01-24 13:27:45.558298,0x433af380,,,,,,,5.75,-34,,3,3
2026-01-24 13:27:47.920426,0x433ad35c,,,,,,,6.25,-60,,3,3
2026-01-24 13:27:50.742445,0x433b0b38,16,22,24,16,22,24,5.75,-77,,5,5
2026-01-24 13:28:45.872413,0x433af380,1,1,1,1,1,1,6.75,-33,,3,3
2026-01-24 13:28:49.046421,0x433ad35c,,,,,,,6.0,-60,,3,3
2026-01-24 13:28:51.412551,0x433b0b38,23,35,35,22,33,35,5.5,-77,,5,5
2026-01-24 13:29:46.130957,0x433af380,,,,,,,6.0,-34,,3,3
2026-01-24 13:29:48.595848,0x433ad35c,,,,,,,6.5,-59,,3,3
2026-01-24 13:29:51.140465,0x433b0b38,12,15,17,12,15,17,6.0,-75,,5,5
2026-01-24 13:30:46.405292,0x433af380,1,1,1,1,1,1,5.75,-33,,3,3
2026-01-24 13:30:48.908266,0x433ad35c,,1,1,,1,1,6.25,-59,,3,3
2026-01-24 13:30:51.769491,0x433b0b38,,,,,,,5.75,-78,,5,5
2026-01-24 13:31:47.138138,0x433af380,,,,,,,6.25,-34,,3,3
2026-01-24 13:31:49.485259,0x433ad35c,,,,,,,6.5,-59,,3,3
2026-01-24 13:31:52.439410,0x433b0b38,7,10,11,7,10,11,6.0,-79,,5,5
2026-01-24 13:32:47.338134,0x433af380,,,,,,,6.5,-34,,3,3
2026-01-24 13:32:49.836699,0x433ad35c,,,,,,,6.25,-60,,3,3
2026-01-24 13:32:53.487264,0x433b0b38,5,7,9,5,7,9,5.25,-79,,5,5
2026-01-24 13:33:47.141980,0x433af380,,,1,,,1,6.25,-34,,3,3
2026-01-24 13:33:49.502151,0x433ad35c,,,,,,,6.5,-59,,3,3
2026-01-24 13:33:52.544173,0x433b0b38,104,189,203,69,126,135,5.5,-77,,5,5
2026-01-24 13:34:47.881540,0x433af380,1,1,1,1,1,1,6.25,-33,,3,3
2026-01-24 13:34:51.207001,0x433ad35c,,,,,,,6.25,-59,,3,3
2026-01-24 13:34:55.218904,0x433b0b38,2,2,2,2,2,2,5.75,-77,,5,5
2026-01-24 13:35:47.985233,0x433af380,1,1,1,1,1,1,6.75,-34,,3,3
2026-01-24 13:35:50.509926,0x433ad35c,,1,1,,1,1,6.25,-59,,3,3
2026-01-24 13:35:53.214243,0x433b0b38,1,3,3,1,3,3,5.75,-77,,5,5
2026-01-24 13:36:48.390149,0x433af380,1,1,1,1,1,1,6.25,-34,,3,3
2026-01-24 13:36:50.796041,0x433ad35c,,,,,,,6.25,-59,,3,3
2026-01-24 13:36:52.814416,0x433b0b38,,,,,,,6.5,-76,,5,5
2026-01-24 13:37:48.608425,0x433af380,1,1,1,1,1,1,6.5,-34,,3,3
2026-01-24 13:37:51.016143,0x433ad35c,,,,,,,6.25,-59,,3,3
2026-01-24 13:37:59.300455,0x433b0b38,9,15,15,9,15,15,6.75,-58,,5,4
2026-01-24 13:38:48.820125,0x433af380,1,1,1,1,1,1,6.0,-34,,3,3
2026-01-24 13:38:51.412401,0x433ad35c,1,1,1,1,1,1,6.5,-59,,3,3
2026-01-24 13:38:53.984962,0x433b0b38,,,,,,,6.5,-78,,5,5
2026-01-24 13:39:49.136801,0x433af380,1,1,1,1,1,1,6.5,-34,,3,3
2026-01-24 13:39:51.630453,0x433ad35c,,,,,,,6.0,-61,,3,3
2026-01-24 13:39:55.536679,0x433b0b38,,,,,,,5.5,-76,,5,5
2026-01-24 13:40:49.971219,0x433af380,,,,,,,5.75,-34,,3,3
2026-01-24 13:40:52.372509,0x433ad35c,,,1,,,1,6.5,-59,,3,3
2026-01-24 13:40:54.055376,0x433b0b38,,1,2,,1,2,5.75,-77,,5,5
2026-01-24 13:41:49.568117,0x433af380,1,1,1,1,1,1,7.0,-33,,3,3
2026-01-24 13:41:51.900449,0x433ad35c,,,,,,,6.5,-59,,3,3
2026-01-24 13:41:54.301599,0x433b0b38,,,,,,,5.5,-77,,5,5
2026-01-24 13:42:50.141493,0x433af380,2,2,2,2,2,2,6.5,-33,,3,3
2026-01-24 13:42:52.472291,0x433ad35c,,,,,,,6.25,-59,,3,3
2026-01-24 13:42:55.325385,0x433b0b38,,,,,,,6.75,-77,,5,5
2026-01-24 13:43:50.197937,0x433af380,1,1,1,1,1,1,6.75,-33,,3,3
2026-01-24 13:43:53.372669,0x433ad35c,,,,,,,6.25,-59,,3,3
2026-01-24 13:43:55.842152,0x433b0b38,20,29,29,20,29,29,6.5,-77,,5,5
2026-01-24 13:44:50.387343,0x433af380,,,,,,,6.0,-34,,3,3
2026-01-24 13:44:52.739478,0x433ad35c,,,,,,,6.25,-57,,3,3
2026-01-24 13:44:55.938704,0x433b0b38,14,17,19,14,17,19,6.0,-80,,5,5
2026-01-24 13:45:50.279290,0x433af380,,,,,,,6.25,-34,,3,3
2026-01-24 13:45:52.728863,0x433ad35c,,,,,,,6.5,-59,,3,3
2026-01-24 13:45:55.229805,0x433b0b38,3,4,5,3,4,5,6.0,-78,,5,5
2026-01-24 13:46:52.821344,0x433ad35c,1,1,1,1,1,1,6.25,-60,,3,3
2026-01-24 13:46:55.588345,0x433af380,1,1,1,1,1,1,5.75,-34,,3,3
2026-01-24 13:46:57.937192,0x433b0b38,,,,,,,5.5,-78,,5,5
2026-01-24 13:47:51.255252,0x433af380,1,1,1,1,1,1,6.25,-34,,3,3
2026-01-24 13:47:53.750760,0x433ad35c,,,,,,,5.75,-60,,3,3
2026-01-24 13:47:56.028241,0x433b0b38,,,,,,,5.5,-76,,5,5
2026-01-24 13:48:51.738279,0x433af380,,,,,,,7.0,-34,,3,3
2026-01-24 13:48:54.190686,0x433ad35c,,1,1,,1,1,5.75,-60,,3,3
2026-01-24 13:49:52.248588,0x433af380,1,1,1,1,1,1,6.75,-34,,3,3
2026-01-24 13:49:54.710281,0x433ad35c,,,,,,,6.25,-60,,3,3
2026-01-24 13:49:58.174449,0x433b0b38,3,4,4,3,4,4,5.5,-78,,5,5
2026-01-24 13:50:51.990209,0x433af380,,,,,,,7.0,-34,,3,3
2026-01-24 13:50:54.468304,0x433ad35c,,,,,,,6.5,-60,,3,3
2026-01-24 13:50:57.006190,0x433b0b38,195,303,318,129,201,211,5.75,-77,,5,5
2026-01-24 13:51:53.128099,0x433af380,1,1,2,1,1,2,6.5,-34,,3,3
2026-01-24 13:51:55.505772,0x433ad35c,,,1,,,1,6.25,-59,,3,3
2026-01-24 13:51:57.934260,0x433b0b38,132,194,206,87,129,137,5.25,-79,,5,5
2026-01-24 13:52:53.581574,0x433af380,,,1,,,1,6.0,-34,,3,3
2026-01-24 13:52:56.020545,0x433ad35c,,,,,,,6.25,-59,,3,3
2026-01-24 13:52:58.449214,0x433b0b38,54,87,88,35,57,67,5.5,-79,,5,5
2026-01-24 13:53:53.691696,0x433af380,,,1,,,1,6.25,-34,,3,3
2026-01-24 13:53:56.062058,0x433ad35c,,,1,,,1,5.5,-59,,3,3
2026-01-24 13:53:59.140516,0x433b0b38,9,13,13,9,13,13,5.5,-78,,5,5
2026-01-24 13:54:53.274211,0x433af380,,,,,,,6.0,-34,,3,3
2026-01-24 13:54:55.743231,0x433ad35c,,,1,,,1,6.25,-57,,3,3
2026-01-24 13:54:59.329605,0x433b0b38,22,30,32,21,29,32,5.25,-79,,5,5
2026-01-24 13:55:53.713583,0x433af380,,,,,,,5.75,-34,,3,3
2026-01-24 13:55:56.162883,0x433ad35c,,,,,,,6.25,-59,,3,3
2026-01-24 13:55:59.342386,0x433b0b38,105,157,171,69,104,113,5.5,-78,,5,5
2026-01-24 13:56:54.170962,0x433af380,1,1,1,1,1,1,6.25,-34,,3,3
2026-01-24 13:56:56.586829,0x433ad35c,,,,,,,6.25,-59,,3,3
2026-01-24 13:56:58.755214,0x433b0b38,111,163,167,73,108,111,5.75,-79,,5,5
2026-01-24 13:57:54.120810,0x433af380,1,1,1,1,1,1,7.5,-34,,3,3
2026-01-24 13:57:56.512485,0x433ad35c,,,,,,,6.5,-60,,3,3
2026-01-24 13:57:59.745296,0x433b0b38,11,12,14,11,12,14,5.5,-75,,5,5
2026-01-24 13:58:56.224743,0x433af380,1,1,1,1,1,1,6.5,-34,,3,3
2026-01-24 13:58:58.573904,0x433ad35c,,,,,,,6.75,-59,,3,3
2026-01-24 13:58:59.243470,0x433b0b38,36,56,64,28,43,56,5.5,-79,,5,5
2026-01-24 13:59:54.571847,0x433af380,1,1,1,1,1,1,6.5,-34,,3,3
2026-01-24 13:59:57.055226,0x433ad35c,,,,,,,6.25,-59,,3,3
2026-01-24 14:00:00.430607,0x433b0b38,5,6,6,5,6,6,5.5,-78,,5,5
2026-01-24 14:00:55.131495,0x433af380,1,1,2,1,1,2,6.5,-33,,3,3
2026-01-24 14:00:57.682081,0x433ad35c,,,1,,,1,6.0,-60,,3,3
2026-01-24 14:00:59.953429,0x433b0b38,4,5,7,4,5,7,5.5,-78,,5,5
2026-01-24 14:01:54.950203,0x433af380,,,,,,,7.0,-33,,3,3
2026-01-24 14:01:57.502265,0x433ad35c,,,,,,,6.0,-59,,3,3
2026-01-24 14:01:59.779100,0x433b0b38,8,11,11,8,11,11,6.25,-77,,5,5
2026-01-23 19:01:21.402386,0x433b0b38,11,26,33,11,26,33,5.75,-77,,5,5
2026-01-23 19:01:54.774434,0x433af380,24,34,34,22,32,34,6.25,-34,,3,3
2026-01-23 19:01:57.423109,0x433ad35c,16,24,26,16,24,26,6.0,-56,,3,3
2026-01-23 19:02:22.193703,0x433b0b38,13,18,24,13,18,24,5.5,-76,,5,5
2026-01-23 19:02:54.980169,0x433af380,22,33,34,21,31,34,7.25,-34,,3,3
2026-01-23 19:02:57.769726,0x433ad35c,16,22,25,16,22,25,6.75,-57,,3,3
2026-01-23 19:03:22.011265,0x433b0b38,17,26,33,17,26,33,5.25,-76,,5,5
2026-01-23 19:03:54.864218,0x433af380,20,30,32,19,29,32,7.5,-34,,3,3
2026-01-23 19:03:57.404298,0x433ad35c,14,21,23,14,21,23,6.25,-57,,3,3
2026-01-23 19:04:22.704773,0x433b0b38,13,21,24,13,21,24,5.5,-76,,5,5
2026-01-23 19:04:55.576992,0x433af380,23,35,35,21,32,35,7.0,-34,,3,3
2026-01-23 19:04:59.465106,0x433ad35c,14,20,23,14,20,23,5.75,-58,,3,3
2026-01-23 19:05:21.501924,0x433b0b38,13,25,29,13,25,29,5.75,-76,,5,5
2026-01-23 19:05:56.231826,0x433af380,25,33,34,23,32,34,6.75,-34,,3,3
2026-01-23 19:05:59.895721,0x433ad35c,17,28,30,17,28,30,6.0,-57,,3,3
2026-01-23 19:06:22.168722,0x433b0b38,14,25,29,14,25,29,5.5,-76,,5,5
2026-01-23 19:06:56.214570,0x433af380,39,51,52,30,42,49,7.0,-34,,3,3
2026-01-23 19:06:58.808610,0x433ad35c,17,31,42,17,30,42,6.25,-57,,3,3
2026-01-23 19:07:22.041373,0x433b0b38,15,21,24,15,21,24,5.75,-76,,5,5
2026-01-23 19:07:56.210523,0x433af380,24,33,35,22,32,35,7.0,-34,,3,3
2026-01-23 19:07:58.648476,0x433ad35c,16,22,28,16,22,28,5.75,-58,,3,3
2026-01-23 19:08:23.030631,0x433b0b38,17,26,26,17,26,26,5.75,-76,,5,5
2026-01-23 19:08:57.856024,0x433af380,25,39,39,23,35,39,7.5,-34,,3,3
2026-01-23 19:09:02.618325,0x433ad35c,18,28,32,18,28,32,6.0,-57,,3,3
2026-01-23 19:09:22.470466,0x433b0b38,13,18,24,13,18,24,5.5,-77,,5,5
2026-01-23 19:09:56.535527,0x433af380,21,29,31,20,29,31,6.5,-34,,3,3
2026-01-23 19:09:59.081568,0x433ad35c,13,21,22,13,21,22,5.5,-58,,3,3
2026-01-23 19:10:23.675168,0x433b0b38,13,20,22,13,20,22,5.75,-70,,5,4
2026-01-23 19:10:56.745290,0x433af380,24,34,34,22,32,34,6.25,-33,,3,3
2026-01-23 19:10:59.178949,0x433ad35c,16,23,26,16,23,26,6.5,-56,,3,3
2026-01-23 19:11:22.723478,0x433b0b38,16,29,30,16,29,30,5.5,-76,,5,5
2026-01-23 19:11:59.376773,0x433ad35c,16,24,26,16,24,26,6.25,-58,,3,3
2026-01-23 19:12:02.236401,0x433af380,27,41,44,24,36,44,6.0,-33,,3,3
2026-01-23 19:12:22.953639,0x433b0b38,16,25,27,16,25,27,5.5,-77,,5,5
2026-01-23 19:12:57.699262,0x433af380,25,33,36,23,32,36,7.0,-34,,3,3
2026-01-23 19:13:01.200538,0x433ad35c,16,25,29,16,25,29,6.5,-58,,3,3
2026-01-23 19:13:24.107524,0x433b0b38,16,28,29,16,28,29,5.0,-77,,5,5
2026-01-23 19:13:57.997788,0x433af380,23,29,29,21,29,29,7.25,-34,,3,3
2026-01-23 19:14:00.421401,0x433ad35c,15,28,30,15,28,30,6.0,-57,,3,3
2026-01-23 19:14:24.606336,0x433b0b38,14,29,29,14,29,29,5.75,-76,,5,5
2026-01-23 19:15:00.153558,0x433ad35c,15,25,27,15,25,27,5.75,-58,,3,3
2026-01-23 19:15:02.992515,0x433af380,22,31,31,21,30,31,6.5,-34,,3,3
2026-01-23 19:15:24.850520,0x433b0b38,15,22,22,15,22,22,5.25,-76,,5,5
2026-01-23 19:15:58.224896,0x433af380,20,31,33,19,30,33,7.5,-34,,3,3
2026-01-23 19:16:00.836114,0x433ad35c,16,24,25,16,24,25,6.5,-57,,3,3
2026-01-23 19:16:24.412078,0x433b0b38,12,19,19,12,19,19,5.75,-77,,5,5
2026-01-23 19:16:59.012620,0x433af380,16,24,24,16,24,24,5.75,-34,,3,3
2026-01-23 19:17:01.644653,0x433ad35c,15,21,24,15,21,24,5.75,-57,,3,3
2026-01-23 19:17:24.273996,0x433b0b38,14,25,31,14,25,31,5.5,-76,,5,5
2026-01-23 19:18:00.581926,0x433af380,21,29,30,20,29,30,6.0,-34,,3,3
2026-01-23 19:18:03.066573,0x433ad35c,16,22,29,16,22,29,6.0,-57,,3,3
2026-01-23 19:18:24.376632,0x433b0b38,12,20,20,12,20,20,5.5,-76,,5,5
2026-01-23 19:18:59.952257,0x433af380,24,36,38,22,33,38,6.5,-34,,3,3
2026-01-23 19:19:02.399646,0x433ad35c,15,22,24,15,22,24,6.0,-57,,3,3
2026-01-23 19:19:24.617173,0x433b0b38,12,20,22,12,20,22,5.75,-76,,5,5
2026-01-23 19:19:59.365386,0x433af380,21,31,31,20,30,31,7.25,-33,,3,3
2026-01-23 19:20:01.813345,0x433ad35c,15,24,28,15,24,28,6.75,-57,,3,3
2026-01-23 19:20:25.670810,0x433b0b38,12,19,21,12,19,21,5.5,-76,,5,5
2026-01-23 19:21:02.075070,0x433af380,19,31,33,19,30,33,6.5,-33,,3,3
2026-01-23 19:21:04.524132,0x433ad35c,12,15,17,12,15,17,6.25,-58,,3,3
2026-01-23 19:21:25.050174,0x433b0b38,12,21,21,12,21,21,5.75,-77,,5,5
2026-01-23 19:21:59.966724,0x433af380,36,80,110,28,53,76,6.5,-34,,3,3
2026-01-23 19:22:02.457711,0x433ad35c,15,23,25,15,23,25,6.5,-58,,3,3
2026-01-23 19:22:25.262954,0x433b0b38,16,22,25,16,22,25,5.5,-77,,5,5
2026-01-23 19:23:00.218169,0x433af380,25,36,41,23,33,41,6.0,-33,,3,3
2026-01-23 19:23:02.723365,0x433ad35c,16,26,27,16,26,27,6.25,-56,,3,3
2026-01-23 19:23:25.534376,0x433b0b38,13,23,25,13,23,25,6.0,-77,,5,5
2026-01-23 19:24:02.288026,0x433af380,30,79,140,26,53,93,6.25,-34,,3,3
2026-01-23 19:24:04.796811,0x433ad35c,18,27,29,18,27,29,6.5,-57,,3,3
2026-01-23 19:24:25.725317,0x433b0b38,13,20,21,13,20,21,5.75,-76,,5,5
2026-01-23 19:25:00.660331,0x433af380,24,37,42,22,33,42,7.0,-34,,3,3
2026-01-23 19:25:03.181004,0x433ad35c,17,30,33,17,30,33,6.25,-58,,3,3
2026-01-23 19:25:26.160157,0x433b0b38,15,26,34,15,26,34,5.25,-76,,5,5
2026-01-23 19:26:01.150706,0x433af380,23,33,36,22,32,36,6.75,-34,,3,3
2026-01-23 19:26:03.565913,0x433ad35c,16,26,26,16,26,26,6.25,-57,,3,3
2026-01-23 19:26:26.179899,0x433b0b38,12,21,23,12,21,23,6.0,-76,,5,5
2026-01-23 19:27:03.290740,0x433af380,20,33,37,20,32,37,5.75,-34,,3,3
2026-01-23 19:27:05.848905,0x433ad35c,18,23,23,18,23,23,6.0,-58,,3,3
2026-01-23 19:27:26.493240,0x433b0b38,15,25,27,15,25,27,5.75,-76,,5,5
2026-01-23 19:28:01.879536,0x433af380,22,32,32,21,31,32,6.25,-33,,3,3
2026-01-23 19:28:04.526413,0x433ad35c,15,23,24,15,23,24,6.5,-57,,3,3
2026-01-23 19:28:26.671837,0x433b0b38,12,19,21,12,19,21,5.5,-77,,5,5
2026-01-23 19:29:02.701701,0x433af380,22,31,33,21,30,33,7.5,-33,,3,3
2026-01-23 19:29:05.237203,0x433ad35c,14,24,27,14,24,27,6.25,-57,,3,3
2026-01-23 19:29:28.598100,0x433b0b38,15,24,25,15,24,25,5.75,-76,,5,5
2026-01-23 19:30:03.610886,0x433af380,24,33,35,22,32,35,6.0,-33,,3,3
2026-01-23 19:30:06.027827,0x433ad35c,15,21,22,15,21,22,5.75,-57,,3,3
2026-01-23 19:30:27.374199,0x433b0b38,11,20,20,11,20,20,5.25,-76,,5,5
2026-01-23 19:31:02.741017,0x433af380,24,32,35,22,31,35,7.25,-34,,3,3
2026-01-23 19:31:05.241785,0x433ad35c,15,22,25,15,22,25,6.0,-56,,3,3
2026-01-23 19:31:27.387458,0x433b0b38,11,19,20,11,19,20,5.25,-77,,5,5
2026-01-23 19:32:02.668916,0x433af380,24,35,38,22,33,38,5.75,-34,,3,3
2026-01-23 19:32:05.334386,0x433ad35c,16,24,25,16,24,25,6.75,-57,,3,3
2026-01-23 19:32:29.598013,0x433b0b38,13,22,25,13,22,25,5.0,-76,,5,5
2026-01-23 19:33:02.741172,0x433af380,27,40,42,24,36,42,7.25,-34,,3,3
2026-01-23 19:33:05.581767,0x433ad35c,16,24,25,16,24,25,5.75,-58,,3,3
2026-01-23 19:33:27.962721,0x433b0b38,15,27,40,15,27,40,5.0,-76,,5,5
2026-01-23 19:34:03.093362,0x433af380,24,35,38,22,33,38,7.0,-34,,3,3
2026-01-23 19:34:05.816758,0x433ad35c,15,22,23,15,22,23,6.0,-57,,3,3
2026-01-23 19:34:28.162655,0x433b0b38,13,20,23,13,20,23,5.5,-77,,5,5
2026-01-23 19:35:03.274159,0x433af380,22,33,33,21,31,33,7.5,-34,,3,3
2026-01-23 19:35:06.050633,0x433ad35c,15,22,24,15,22,24,5.75,-58,,3,3
2026-01-23 19:35:30.068759,0x433b0b38,11,21,23,11,21,23,5.25,-77,,5,5
2026-01-23 19:36:03.465639,0x433af380,25,37,42,23,34,42,7.5,-34,,3,3
2026-01-23 19:36:06.282586,0x433ad35c,16,26,28,16,26,28,5.5,-57,,3,3
2026-01-23 19:36:28.889690,0x433b0b38,13,18,24,13,18,24,5.5,-77,,5,5
2026-01-23 19:37:04.410829,0x433af380,30,40,44,25,35,44,7.25,-33,,3,3
2026-01-23 19:37:06.855496,0x433ad35c,16,27,29,16,27,29,6.25,-57,,3,3
2026-01-23 19:37:28.899758,0x433b0b38,17,39,43,17,36,43,5.25,-76,,5,5
2026-01-23 19:38:04.308095,0x433af380,24,35,36,22,33,36,7.25,-34,,3,3
2026-01-23 19:38:06.908310,0x433ad35c,15,23,26,15,23,26,5.75,-57,,3,3
2026-01-23 19:38:29.977217,0x433b0b38,12,18,22,12,18,22,6.0,-76,,5,5
2026-01-23 19:39:04.991571,0x433af380,27,38,38,23,34,38,5.75,-34,,3,3
2026-01-23 19:39:07.448038,0x433ad35c,17,26,27,17,26,27,6.0,-57,,3,3
2026-01-23 19:39:29.382952,0x433b0b38,14,23,27,14,23,27,5.5,-76,,5,5
2026-01-23 19:40:04.889352,0x433af380,23,34,36,22,32,36,7.25,-34,,3,3
2026-01-23 19:40:07.427215,0x433ad35c,19,27,31,19,27,31,6.75,-57,,3,3
2026-01-23 19:40:29.824540,0x433b0b38,15,28,34,15,28,34,5.5,-76,,5,5
2026-01-23 19:41:05.255047,0x433af380,24,38,39,22,35,39,7.0,-34,,3,3
2026-01-23 19:41:07.687637,0x433ad35c,15,22,24,15,22,24,6.0,-57,,3,3
2026-01-23 19:41:29.837482,0x433b0b38,13,21,25,13,21,25,5.5,-77,,5,5
2026-01-23 19:42:05.247872,0x433af380,47,62,69,32,46,59,6.25,-33,,3,3
2026-01-23 19:42:08.589409,0x433ad35c,16,25,26,16,25,26,6.25,-57,,3,3
2026-01-23 19:42:30.260151,0x433b0b38,13,18,20,13,18,20,5.5,-77,,5,5
2026-01-23 19:43:05.959702,0x433af380,23,36,38,21,33,38,6.25,-34,,3,3
2026-01-23 19:43:08.438727,0x433ad35c,19,26,28,19,26,28,5.75,-58,,3,3
2026-01-23 19:43:30.330762,0x433b0b38,15,28,29,15,28,29,5.0,-77,,5,5
2026-01-23 19:44:05.999722,0x433af380,24,31,34,22,30,34,7.5,-34,,3,3
2026-01-23 19:44:08.562094,0x433ad35c,16,24,26,16,24,26,6.5,-57,,3,3
2026-01-23 19:44:30.541807,0x433b0b38,14,20,20,14,20,20,5.5,-76,,5,5
2026-01-23 19:45:05.763705,0x433af380,27,37,39,24,34,39,6.75,-34,,3,3
2026-01-23 19:45:08.526714,0x433ad35c,17,22,23,17,22,23,5.5,-58,,3,3
2026-01-23 19:45:31.094432,0x433b0b38,14,24,27,14,24,27,5.5,-78,,5,5
2026-01-23 19:46:06.310169,0x433af380,25,35,36,22,32,36,6.75,-34,,3,3
2026-01-23 19:46:08.875843,0x433ad35c,19,27,27,19,27,27,6.25,-58,,3,3
2026-01-23 19:46:31.016995,0x433b0b38,11,19,21,11,19,21,5.5,-76,,5,5
2026-01-23 19:47:06.690733,0x433af380,23,31,31,21,30,31,6.25,-34,,3,3
2026-01-23 19:47:09.113272,0x433ad35c,18,31,34,18,30,34,5.75,-57,,3,3
2026-01-23 19:47:31.291018,0x433b0b38,13,21,26,13,21,26,5.75,-76,,5,5
2026-01-23 19:48:06.957416,0x433af380,24,34,34,22,32,34,6.0,-34,,3,3
2026-01-23 19:48:09.434303,0x433ad35c,17,27,29,17,27,29,6.25,-57,,3,3
2026-01-23 19:48:31.655112,0x433b0b38,16,26,29,16,26,29,5.75,-77,,5,5
2026-01-23 19:49:06.945026,0x433af380,24,36,37,22,33,37,6.75,-33,,3,3
2026-01-23 19:49:09.795682,0x433ad35c,21,41,58,20,36,52,6.5,-58,,3,3
2026-01-23 19:49:31.728657,0x433b0b38,14,24,25,14,24,25,5.75,-77,,5,5
2026-01-23 19:50:07.150156,0x433af380,24,36,38,22,33,38,7.25,-34,,3,3
2026-01-23 19:50:09.815759,0x433ad35c,18,27,35,18,27,35,5.5,-57,,3,3
2026-01-23 19:50:32.214934,0x433b0b38,13,19,24,13,19,24,5.25,-77,,5,5
2026-01-23 19:51:07.595644,0x433af380,21,30,30,20,29,30,7.0,-35,,3,3
2026-01-23 19:51:10.200543,0x433ad35c,16,28,29,16,28,29,6.25,-57,,3,3
2026-01-23 19:51:32.273408,0x433b0b38,14,23,23,14,23,23,5.5,-77,,5,5
2026-01-23 19:52:08.030531,0x433af380,23,40,42,22,36,42,7.5,-34,,3,3
2026-01-23 19:52:10.464559,0x433ad35c,16,22,25,16,22,25,6.25,-57,,3,3
2026-01-23 19:52:32.428618,0x433b0b38,15,22,24,15,22,24,5.25,-77,,5,5
2026-01-23 19:53:07.925025,0x433af380,25,37,39,23,34,39,5.75,-34,,3,3
2026-01-23 19:53:11.199907,0x433ad35c,16,24,27,16,24,27,6.0,-58,,3,3
2026-01-23 19:53:32.656137,0x433b0b38,12,20,21,12,20,21,5.75,-77,,5,5
2026-01-23 19:54:08.310205,0x433af380,21,39,52,20,35,49,7.25,-34,,3,3
2026-01-23 19:54:12.703620,0x433ad35c,13,22,24,13,22,24,6.25,-57,,3,3
2026-01-23 19:54:32.886612,0x433b0b38,12,26,29,12,26,29,5.5,-77,,5,5
2026-01-23 19:55:08.485659,0x433af380,22,35,47,21,32,46,7.0,-34,,3,3
2026-01-23 19:55:11.152656,0x433ad35c,16,26,28,16,26,28,6.25,-57,,3,3
2026-01-23 19:55:33.913008,0x433b0b38,12,20,22,12,20,22,6.0,-76,,5,5
2026-01-23 19:56:08.687521,0x433af380,20,28,39,20,28,39,7.0,-33,,3,3
2026-01-23 19:56:11.291469,0x433ad35c,15,21,21,15,21,21,6.5,-57,,3,3
2026-01-23 19:56:33.690968,0x433b0b38,14,24,27,14,24,27,5.5,-77,,5,5
2026-01-23 19:57:09.062989,0x433af380,21,27,27,20,27,27,7.25,-33,,3,3
2026-01-23 19:57:11.649047,0x433ad35c,14,22,23,14,22,23,6.25,-58,,3,3
2026-01-23 19:57:33.605887,0x433b0b38,13,17,19,13,17,19,6.0,-76,,5,5
2026-01-23 19:58:10.159512,0x433af380,18,22,22,18,22,22,7.0,-33,,3,3
2026-01-23 19:58:12.729355,0x433ad35c,14,20,21,14,20,21,6.0,-58,,3,3
2026-01-23 19:58:33.812429,0x433b0b38,14,25,25,14,25,25,5.0,-78,,5,5
2026-01-23 19:59:10.159192,0x433af380,17,22,22,17,22,22,6.75,-34,,3,3
2026-01-23 19:59:15.672687,0x433ad35c,13,22,26,13,22,26,6.75,-56,,3,3
2026-01-23 19:59:34.074325,0x433b0b38,11,19,23,11,19,23,6.25,-77,,5,5
2026-01-23 20:00:09.784258,0x433af380,18,30,30,18,30,30,7.0,-33,,3,3
2026-01-23 20:00:14.235087,0x433ad35c,14,23,23,14,23,23,6.5,-57,,3,3
2026-01-23 20:00:34.521608,0x433b0b38,13,23,28,13,23,28,5.25,-77,,5,5
2026-01-23 20:01:10.254501,0x433af380,21,28,30,20,28,30,5.25,-34,,3,3
2026-01-23 20:01:12.770311,0x433ad35c,15,25,27,15,25,27,6.0,-57,,3,3
2026-01-24 15:02:12.749242,0x433ad35c,,,,,,,6.25,-59,,3,3
2026-01-24 15:02:15.881558,0x433af380,,,,,,,7.5,-34,,3,3
2026-01-24 15:02:18.505372,0x433b0b38,101,150,153,67,99,101,5.5,-78,,5,5
2026-01-24 15:03:11.357755,0x433af380,,1,1,,1,1,6.25,-33,,3,3
2026-01-24 15:03:13.982551,0x433ad35c,,,3,,,3,6.0,-59,,3,3
2026-01-24 15:03:17.535700,0x433b0b38,17,26,26,17,26,26,6.75,-80,,5,5
2026-01-24 15:04:14.110271,0x433ad35c,,,,,,,6.25,-59,,3,3
2026-01-24 15:04:16.675458,0x433b0b38,126,175,180,84,116,119,5.5,-78,,5,5
2026-01-24 15:04:20.245351,0x433af380,1,1,1,1,1,1,6.5,-34,,3,3
2026-01-24 15:05:13.431602,0x433ad35c,,,,,,,7.0,-58,,3,3
2026-01-24 15:05:15.193821,0x433af380,,,,,,,6.0,-34,,3,3
2026-01-24 15:05:18.582038,0x433b0b38,3,3,3,3,3,3,5.75,-78,,5,5
2026-01-24 15:06:13.941098,0x433ad35c,,,,,,,6.25,-59,,3,3
2026-01-24 15:06:18.298612,0x433af380,1,1,1,1,1,1,6.0,-34,,3,3
2026-01-24 15:06:24.479383,0x433b0b38,17,20,24,17,20,24,6.0,-79,,5,5
2026-01-24 15:07:14.500812,0x433af380,1,1,1,1,1,1,7.0,-33,,3,3
2026-01-24 15:07:16.963416,0x433ad35c,,,,,,,6.0,-59,,3,3
2026-01-24 15:07:19.667344,0x433b0b38,38,59,63,29,45,56,7.0,-80,,5,5
2026-01-24 15:08:13.995478,0x433af380,,,,,,,6.25,-33,,3,3
2026-01-24 15:08:16.422541,0x433ad35c,,,,,,,6.5,-59,,3,3
2026-01-24 15:08:19.426853,0x433b0b38,82,112,118,54,74,79,5.25,-80,,5,5
2026-01-24 15:09:14.702442,0x433ad35c,,,,,,,7.0,-60,,3,3
2026-01-24 15:09:17.385543,0x433af380,,,,,,,7.5,-33,,3,3
2026-01-24 15:09:19.989171,0x433b0b38,58,82,93,38,54,69,5.75,-80,,5,5
2026-01-24 15:10:14.937273,0x433ad35c,,,,,,,6.75,-59,,3,3
2026-01-24 15:10:17.569642,0x433af380,,,,,,,6.75,-34,,3,3
2026-01-24 15:10:22.331553,0x433b0b38,14,20,21,14,20,21,5.5,-78,,5,5
2026-01-24 15:11:15.931194,0x433af380,1,2,2,1,2,2,7.5,-34,,3,3
2026-01-24 15:11:18.460339,0x433ad35c,,,,,,,6.75,-59,,3,3
2026-01-24 15:11:27.162416,0x433b0b38,73,115,123,48,76,81,5.0,-81,,5,4
2026-01-24 15:12:16.771233,0x433ad35c,,,1,,,1,6.0,-59,,3,3
2026-01-24 15:12:18.705666,0x433af380,,1,1,,1,1,5.75,-34,,3,3
2026-01-24 15:12:20.620661,0x433b0b38,164,229,239,109,152,159,4.5,-84,,5,4
2026-01-24 15:13:17.008089,0x433ad35c,,,,,,,7.25,-60,,3,3
2026-01-24 15:13:19.704949,0x433af380,,,,,,,6.75,-34,,3,3
2026-01-24 15:13:22.195249,0x433b0b38,72,102,106,47,67,75,5.5,-78,,5,5
2026-01-24 15:14:17.155893,0x433af380,1,1,1,1,1,1,7.5,-34,,3,3
2026-01-24 15:14:20.982047,0x433ad35c,,1,1,,1,1,6.25,-59,,3,3
2026-01-24 15:14:26.096643,0x433b0b38,58,78,79,38,52,64,5.25,-76,,5,5
2026-01-24 15:15:16.561752,0x433af380,1,1,2,1,1,2,6.0,-34,,3,3
2026-01-24 15:15:19.330353,0x433ad35c,1,1,1,1,1,1,6.0,-58,,3,3
2026-01-24 15:15:22.110517,0x433b0b38,73,109,111,48,72,77,5.25,-78,,5,5
2026-01-24 15:16:17.618496,0x433af380,1,1,1,1,1,1,6.5,-33,,3,3
2026-01-24 15:16:20.076927,0x433b0b38,147,219,229,97,145,152,5.75,-77,,5,5
2026-01-24 15:17:15.329614,0x433af380,,,,,,,6.25,-34,,3,3
2026-01-24 15:17:17.777287,0x433ad35c,,1,1,,1,1,6.0,-59,,3,3
2026-01-24 15:17:20.244948,0x433b0b38,24,33,45,22,32,45,5.25,-79,,5,5
2026-01-24 15:18:16.862346,0x433ad35c,,,,,,,6.25,-58,,3,3
2026-01-24 15:18:20.168930,0x433b0b38,79,110,118,52,73,79,5.75,-78,,5,5
2026-01-24 15:18:22.852945,0x433af380,,,2,,,2,7.5,-34,,3,3
2026-01-24 15:19:15.842549,0x433af380,15,15,15,15,15,15,5.75,-34,,3,3
2026-01-24 15:19:18.335948,0x433ad35c,,,1,,,1,6.5,-59,,3,3
2026-01-24 15:19:23.081116,0x433b0b38,22,34,35,21,32,35,5.5,-78,,5,5
2026-01-24 15:20:16.291533,0x433af380,,,,,,,7.25,-34,,3,3
2026-01-24 15:20:19.147260,0x433ad35c,,,,,,,5.75,-58,,3,3
2026-01-24 15:20:22.721358,0x433b0b38,18,26,26,18,26,26,5.25,-79,,5,5
2026-01-24 15:21:16.907298,0x433af380,,,,,,,6.0,-34,,3,3
2026-01-24 15:21:19.473781,0x433ad35c,1,1,3,1,1,3,6.0,-60,,3,3
2026-01-24 15:21:22.622372,0x433b0b38,60,84,84,39,55,66,5.5,-79,,5,5
2026-01-24 15:22:18.326583,0x433af380,,,,,,,7.25,-34,,3,3
2026-01-24 15:22:20.795349,0x433ad35c,,,,,,,5.75,-59,,3,3
2026-01-24 15:22:22.454736,0x433b0b38,2,3,5,2,3,5,6.0,-76,,5,5
2026-01-24 15:23:17.249977,0x433af380,,,,,,,7.25,-34,,3,3
2026-01-24 15:23:19.770224,0x433ad35c,,,1,,,1,5.75,-59,,3,3
2026-01-24 15:23:23.724721,0x433b0b38,66,90,90,44,59,68,5.25,-78,,5,5
2026-01-24 15:24:18.023397,0x433af380,,,,,,,6.5,-35,,3,3
2026-01-24 15:24:20.371833,0x433ad35c,,,,,,,6.0,-60,,3,3
2026-01-24 15:24:23.321005,0x433b0b38,83,114,116,55,75,78,5.75,-80,,5,5
2026-01-24 15:25:19.052191,0x433af380,1,1,1,1,1,1,6.5,-34,,3,3
2026-01-24 15:25:21.497056,0x433ad35c,,,1,,,1,6.75,-58,,3,3
2026-01-24 15:25:24.023953,0x433b0b38,15,22,22,15,22,22,6.25,-77,,5,5
2026-01-24 15:26:17.755927,0x433af380,1,1,1,1,1,1,6.75,-34,,3,3
2026-01-24 15:26:20.227041,0x433ad35c,,,1,,,1,5.75,-59,,3,3
2026-01-24 15:26:22.891094,0x433b0b38,150,223,238,99,148,158,5.0,-79,,5,5
2026-01-24 15:27:18.383812,0x433af380,1,1,1,1,1,1,6.0,-34,,3,3
2026-01-24 15:27:21.957123,0x433ad35c,,,1,,,1,7.25,-59,,3,3
2026-01-24 15:27:25.166196,0x433b0b38,57,87,94,37,57,70,6.25,-78,,5,5
2026-01-24 15:28:18.420590,0x433af380,1,1,1,1,1,1,6.5,-34,,3,3
2026-01-24 15:28:21.011884,0x433ad35c,1,1,1,1,1,1,6.0,-60,,3,3
2026-01-24 15:28:24.471713,0x433b0b38,16,22,22,16,22,22,6.5,-77,,5,5
2026-01-24 15:29:18.698991,0x433af380,1,1,1,1,1,1,7.5,-33,,3,3
2026-01-24 15:29:21.198210,0x433ad35c,,,,,,,6.25,-58,,3,3
2026-01-24 15:29:23.615490,0x433b0b38,33,44,45,27,38,44,5.0,-78,,5,5
2026-01-24 15:30:19.691260,0x433af380,,,,,,,5.75,-33,,3,3
2026-01-24 15:30:22.206644,0x433ad35c,,,,,,,5.75,-59,,3,3
2026-01-24 15:30:25.415003,0x433b0b38,38,54,56,29,43,51,5.0,-79,,5,5
2026-01-24 15:31:21.141087,0x433ad35c,,1,1,,1,1,6.5,-58,,3,3
2026-01-24 15:31:23.895199,0x433af380,,1,2,,1,2,7.0,-34,,3,3
2026-01-24 15:31:26.429532,0x433b0b38,31,43,44,26,37,44,5.5,-78,,5,5
2026-01-24 15:32:19.598013,0x433af380,1,1,1,1,1,1,6.25,-34,,3,3
2026-01-24 15:32:22.117831,0x433ad35c,,1,2,,1,2,5.5,-58,,3,3
2026-01-24 15:32:24.440750,0x433b0b38,38,47,51,29,40,49,5.25,-78,,5,5
2026-01-24 15:33:20.195352,0x433af380,,,1,,,1,7.0,-34,,3,3
2026-01-24 15:33:22.529335,0x433ad35c,,,,,,,6.0,-59,,3,3
2026-01-24 15:33:25.291015,0x433b0b38,4,5,5,4,5,5,5.75,-77,,5,5
2026-01-24 15:34:20.014661,0x433af380,1,1,1,1,1,1,7.5,-34,,3,3
2026-01-24 15:34:24.776431,0x433ad35c,,,,,,,6.25,-60,,3,3
2026-01-24 15:34:27.903306,0x433b0b38,39,56,65,30,44,57,5.75,-78,,5,5
2026-01-24 15:35:20.804223,0x433af380,1,1,2,1,1,2,5.75,-34,,3,3
2026-01-24 15:35:23.254799,0x433ad35c,,,,,,,5.75,-59,,3,3
2026-01-24 15:35:25.393414,0x433b0b38,7,14,15,7,14,15,5.75,-78,,5,5
2026-01-24 15:36:21.085985,0x433af380,,,,,,,7.25,-34,,3,3
2026-01-24 15:36:23.476059,0x433ad35c,,,2,,,2,6.0,-59,,3,3
2026-01-24 15:36:26.385803,0x433b0b38,3,3,3,3,3,3,6.0,-77,,5,5
2026-01-24 15:37:23.590150,0x433af380,1,1,2,1,1,2,7.0,-33,,3,3
2026-01-24 15:37:28.527790,0x433b0b38,17,24,24,17,24,24,5.0,-81,,5,4
2026-01-24 15:37:29.471616,0x433ad35c,1,1,1,1,1,1,6.75,-83,,3,2
2026-01-24 15:38:21.183297,0x433af380,,,,,,,7.25,-34,,3,3
2026-01-24 15:38:25.496393,0x433b0b38,5,5,7,5,5,7,5.75,-78,,5,5
2026-01-24 15:38:27.938477,0x433ad35c,,,,,,,6.0,-59,,3,3
2026-01-24 15:39:21.349012,0x433af380,21,21,21,20,21,21,7.25,-35,,3,3
2026-01-24 15:39:23.795855,0x433ad35c,,,,,,,6.0,-58,,3,3
2026-01-24 15:39:26.101265,0x433b0b38,,,,,,,6.75,-77,,5,5
2026-01-24 15:40:21.635602,0x433af380,,,,,,,6.5,-34,,3,3
2026-01-24 15:40:24.082451,0x433ad35c,,,,,,,6.0,-59,,3,3
2026-01-24 15:40:26.357746,0x433b0b38,34,50,51,28,41,49,5.5,-77,,5,5
2026-01-24 15:41:22.490728,0x433af380,,,,,,,7.0,-34,,3,3
2026-01-24 15:41:25.024940,0x433ad35c,,1,1,,1,1,5.75,-59,,3,3
2026-01-24 15:41:28.103946,0x433b0b38,27,39,41,24,35,41,6.25,-80,,5,5
2026-01-24 15:42:22.493482,0x433af380,1,1,1,1,1,1,6.5,-34,,3,3
2026-01-24 15:42:25.090264,0x433ad35c,1,1,1,1,1,1,6.0,-59,,3,3
2026-01-24 15:42:28.506262,0x433b0b38,1,3,3,1,3,3,7.0,-77,,5,5
2026-01-24 15:43:22.398824,0x433af380,1,1,2,1,1,2,6.75,-34,,3,3
2026-01-24 15:43:24.874454,0x433ad35c,,,1,,,1,7.0,-58,,3,3
2026-01-24 15:43:28.244641,0x433b0b38,1,2,5,1,2,5,6.25,-77,,5,5
2026-01-24 15:44:22.742372,0x433af380,,,,,,,6.75,-33,,3,3
2026-01-24 15:44:26.233466,0x433ad35c,,,,,,,6.0,-58,,3,3
2026-01-24 15:44:29.970032,0x433b0b38,,,,,,,5.75,-78,,5,5
2026-01-24 15:45:23.006820,0x433af380,,,,,,,7.5,-34,,3,3
2026-01-24 15:45:25.467114,0x433ad35c,,,1,,,1,6.0,-59,,3,3
2026-01-24 15:45:28.839540,0x433b0b38,17,24,24,17,24,24,6.0,-77,,5,5
2026-01-24 15:46:23.525630,0x433af380,1,1,1,1,1,1,7.25,-33,,3,3
2026-01-24 15:46:26.060839,0x433ad35c,1,1,1,1,1,1,6.75,-57,,3,3
2026-01-24 15:46:29.235087,0x433b0b38,,,,,,,5.5,-77,,5,5
2026-01-24 15:47:23.529423,0x433af380,,,,,,,7.25,-34,,3,3
2026-01-24 15:47:31.249125,0x433ad35c,,,,,,,5.5,-78,,3,1
2026-01-24 15:47:31.880684,0x433b0b38,74,103,112,49,68,77,5.5,-78,,5,5
2026-01-24 15:48:23.832665,0x433af380,,,,,,,7.0,-33,,3,3
2026-01-24 15:48:26.291202,0x433ad35c,,,,,,,6.5,-58,,3,3
2026-01-24 15:48:29.150332,0x433b0b38,28,40,43,24,36,43,6.25,-79,,5,5
2026-01-24 15:49:24.129994,0x433af380,1,1,2,1,1,2,6.0,-34,,3,3
2026-01-24 15:49:28.714815,0x433ad35c,,,,,,,6.75,-59,,3,3
2026-01-24 15:49:32.740016,0x433b0b38,48,70,71,33,50,60,5.5,-77,,5,5
2026-01-24 15:50:24.258757,0x433af380,,1,1,,1,1,7.0,-35,,3,3
2026-01-24 15:50:26.717122,0x433ad35c,,,,,,,6.25,-59,,3,3
2026-01-24 15:50:29.679783,0x433b0b38,18,26,26,18,26,26,6.0,-78,,5,5
2026-01-24 15:51:24.757002,0x433af380,,1,1,,1,1,6.25,-34,,3,3
2026-01-24 15:51:27.249240,0x433ad35c,,,,,,,6.25,-59,,3,3
2026-01-24 15:51:30.052396,0x433b0b38,1,1,1,1,1,1,5.75,-77,,5,5
2026-01-24 15:52:24.787922,0x433af380,,1,1,,1,1,7.25,-33,,3,3
2026-01-24 15:52:27.246018,0x433ad35c,,,,,,,6.5,-58,,3,3
2026-01-24 15:52:31.391311,0x433b0b38,,,,,,,6.25,-77,,5,5
2026-01-24 15:53:25.513470,0x433af380,,1,1,,1,1,6.0,-33,,3,3
2026-01-24 15:53:27.967344,0x433ad35c,,,,,,,7.5,-58,,3,3
2026-01-24 15:53:29.924610,0x433b0b38,48,72,73,33,51,62,5.5,-78,,5,5
2026-01-24 15:54:25.551858,0x433af380,,,,,,,5.75,-33,,3,3
2026-01-24 15:54:29.546377,0x433b0b38,15,21,21,15,21,21,6.0,-76,,5,5
2026-01-24 15:54:31.969422,0x433ad35c,,,,,,,6.25,-59,,3,3
2026-01-24 15:55:25.808568,0x433af380,1,1,1,1,1,1,6.5,-34,,3,3
2026-01-24 15:55:28.159518,0x433ad35c,,,,,,,6.25,-58,,3,3
2026-01-24 15:55:31.883887,0x433b0b38,33,47,51,27,39,48,5.5,-78,,5,5
2026-01-24 15:56:26.047046,0x433af380,,,,,,,6.5,-34,,3,3
2026-01-24 15:56:28.586620,0x433ad35c,1,1,1,1,1,1,6.5,-59,,3,3
2026-01-24 15:56:31.850096,0x433b0b38,37,60,60,29,46,54,5.5,-78,,5,5
2026-01-24 15:57:26.487188,0x433af380,1,1,1,1,1,1,7.5,-34,,3,3
2026-01-24 15:57:30.483744,0x433b0b38,18,28,31,18,28,31,5.5,-78,,5,5
2026-01-24 15:57:32.018214,0x433ad35c,,,,,,,6.0,-59,,3,3
2026-01-24 15:58:26.757824,0x433af380,1,1,1,1,1,1,6.75,-34,,3,3
2026-01-24 15:58:29.224053,0x433ad35c,,1,1,,1,1,6.0,-59,,3,3
2026-01-24 15:58:30.734016,0x433b0b38,,,,,,,6.25,-77,,5,5
2026-01-24 15:59:26.506975,0x433af380,,,1,,,1,6.75,-34,,3,3
2026-01-24 15:59:28.920871,0x433ad35c,,,,,,,6.25,-59,,3,3
2026-01-24 15:59:33.448904,0x433b0b38,,,,,,,5.75,-78,,5,5
2026-01-24 16:00:26.785165,0x433af380,1,2,3,1,2,3,7.0,-34,,3,3
2026-01-24 16:00:29.244516,0x433ad35c,,,,,,,6.5,-58,,3,3
2026-01-24 16:00:35.097711,0x433b0b38,25,37,37,23,34,37,6.0,-77,,5,5
2026-01-24 16:01:27.166040,0x433af380,2,2,2,2,2,2,5.75,-33,,3,3
2026-01-24 16:01:29.650880,0x433ad35c,,,1,,,1,6.5,-59,,3,3
2026-01-24 16:01:32.835749,0x433b0b38,,,,,,,5.75,-78,,5,5
2026-01-24 18:02:59.747451,0x433af380,2,2,2,2,2,2,6.5,-33,,3,3
2026-01-24 18:03:02.269115,0x433ad35c,8,19,30,8,19,30,6.5,-57,,3,3
2026-01-24 18:03:05.205624,0x433b0b38,2,5,10,2,5,10,5.5,-78,,5,5
2026-01-24 18:03:59.743295,0x433af380,7,9,10,7,9,10,6.75,-34,,3,3
2026-01-24 18:04:02.218963,0x433ad35c,8,21,33,8,21,33,6.75,-57,,3,3
2026-01-24 18:04:04.554920,0x433b0b38,1,1,5,1,1,5,5.25,-78,,5,5
2026-01-24 18:04:59.366354,0x433af380,5,6,6,5,6,6,5.75,-33,,3,3
2026-01-24 18:05:03.333245,0x433ad35c,6,12,22,6,12,22,6.25,-56,,3,3
2026-01-24 18:05:07.869062,0x433b0b38,,,5,,,5,5.75,-78,,5,5
2026-01-24 18:06:00.267603,0x433af380,7,8,8,7,8,8,7.0,-34,,3,3
2026-01-24 18:06:02.738434,0x433ad35c,3,3,9,3,3,9,6.0,-58,,3,3
2026-01-24 18:06:04.767940,0x433b0b38,,,,,,,5.5,-78,,5,5
2026-01-24 18:07:00.160666,0x433af380,4,4,4,4,4,4,6.75,-34,,3,3
2026-01-24 18:07:02.622857,0x433ad35c,1,1,1,1,1,1,6.75,-57,,3,3
2026-01-24 18:07:04.943346,0x433b0b38,,1,2,,1,2,5.5,-78,,5,5
2026-01-24 18:08:00.324767,0x433af380,10,16,17,10,16,17,6.75,-33,,3,3
2026-01-24 18:08:02.781007,0x433ad35c,1,1,1,1,1,1,7.0,-57,,3,3
2026-01-24 18:08:06.000498,0x433b0b38,,,,,,,5.5,-79,,5,5
2026-01-24 18:09:00.593489,0x433af380,22,35,35,21,33,35,7.25,-34,,3,3
2026-01-24 18:09:03.174506,0x433ad35c,17,27,31,17,27,31,6.5,-56,,3,3
2026-01-24 18:09:05.478664,0x433b0b38,,,,,,,5.75,-78,,5,5
2026-01-24 18:10:01.295039,0x433af380,1,2,2,1,2,2,6.0,-33,,3,3
2026-01-24 18:10:03.877332,0x433ad35c,13,19,19,13,19,19,6.75,-57,,3,3
2026-01-24 18:10:06.233183,0x433b0b38,1,1,1,1,1,1,5.5,-78,,5,5
2026-01-24 18:11:01.355222,0x433af380,3,4,6,3,4,6,7.25,-34,,3,3
2026-01-24 18:11:04.561332,0x433ad35c,8,10,11,8,10,11,6.25,-57,,3,3
2026-01-24 18:11:07.549481,0x433b0b38,1,1,3,1,1,3,5.5,-78,,5,5
2026-01-24 18:12:01.388109,0x433af380,5,7,13,5,7,13,7.0,-34,,3,3
2026-01-24 18:12:03.888431,0x433ad35c,4,4,7,4,4,7,6.5,-56,,3,3
2026-01-24 18:12:07.139958,0x433b0b38,,,,,,,5.75,-78,,5,5
2026-01-24 18:13:01.560723,0x433af380,5,8,9,5,8,9,6.25,-33,,3,3
2026-01-24 18:13:04.022960,0x433ad35c,2,3,5,2,3,5,6.5,-56,,3,3
2026-01-24 18:13:07.084344,0x433b0b38,,,,,,,6.25,-78,,5,5
2026-01-24 18:14:01.852519,0x433af380,6,9,14,6,9,14,6.5,-34,,3,3
2026-01-24 18:14:04.525685,0x433ad35c,3,6,7,3,6,7,7.25,-57,,3,3
2026-01-24 18:14:06.967984,0x433b0b38,,,,,,,5.5,-78,,5,5
2026-01-24 18:15:02.209321,0x433af380,2,2,3,2,2,3,6.75,-34,,3,3
2026-01-24 18:15:06.813301,0x433ad35c,5,7,14,5,7,14,6.75,-57,,3,3
2026-01-24 18:15:09.053836,0x433b0b38,1,1,2,1,1,2,5.5,-77,,5,5
2026-01-24 18:16:02.612390,0x433af380,2,2,3,2,2,3,7.0,-34,,3,3
2026-01-24 18:16:05.376457,0x433ad35c,4,4,10,4,4,10,6.75,-57,,3,3
2026-01-24 18:16:07.850122,0x433b0b38,,,,,,,5.5,-78,,5,5
2026-01-24 18:17:04.762506,0x433ad35c,1,1,1,1,1,1,6.5,-56,,3,3
2026-01-24 18:17:07.503469,0x433af380,1,1,1,1,1,1,6.0,-33,,3,3
2026-01-24 18:17:09.871458,0x433b0b38,,,,,,,6.25,-78,,5,5
2026-01-24 18:18:03.056671,0x433af380,1,1,1,1,1,1,6.0,-34,,3,3
2026-01-24 18:18:07.616154,0x433b0b38,1,1,1,1,1,1,5.5,-78,,5,5
2026-01-24 18:18:10.079527,0x433ad35c,2,2,2,2,2,2,7.0,-57,,3,3
2026-01-24 18:19:03.680665,0x433af380,2,2,2,2,2,2,7.25,-34,,3,3
2026-01-24 18:19:06.143479,0x433ad35c,1,2,4,1,2,4,6.25,-57,,3,3
2026-01-24 18:19:08.727060,0x433b0b38,,1,4,,1,4,5.75,-78,,5,5
2026-01-24 18:20:03.499478,0x433af380,1,1,1,1,1,1,6.5,-34,,3,3
2026-01-24 18:20:06.073603,0x433ad35c,1,1,2,1,1,2,6.0,-57,,3,3
2026-01-24 18:20:08.774256,0x433b0b38,1,1,1,1,1,1,5.5,-78,,5,5
2026-01-24 18:21:04.161634,0x433af380,2,2,4,2,2,4,7.25,-34,,3,3
2026-01-24 18:21:06.625370,0x433ad35c,1,1,2,1,1,2,6.25,-57,,3,3
2026-01-24 18:21:19.620593,0x433b0b38,,1,1,,1,1,6.0,-75,,5,4
2026-01-24 18:22:04.027759,0x433af380,1,1,1,1,1,1,6.5,-34,,3,3
2026-01-24 18:22:06.462018,0x433ad35c,,,,,,,6.0,-58,,3,3
2026-01-24 18:22:08.994069,0x433b0b38,,1,1,,1,1,5.5,-78,,5,5
2026-01-24 18:23:06.261911,0x433ad35c,2,2,2,2,2,2,5.75,-57,,3,3
2026-01-24 18:23:08.821714,0x433af380,,,,,,,5.75,-33,,3,3
2026-01-24 18:23:11.344973,0x433b0b38,2,4,6,2,4,6,5.5,-78,,5,5
2026-01-24 18:24:04.717491,0x433af380,1,1,1,1,1,1,7.0,-33,,3,3
2026-01-24 18:24:10.505458,0x433b0b38,7,14,19,7,14,19,5.25,-78,,5,5
2026-01-24 18:24:13.547726,0x433ad35c,1,1,1,1,1,1,6.0,-57,,3,3
2026-01-24 18:25:05.349034,0x433af380,1,2,2,1,2,2,6.5,-34,,3,3
2026-01-24 18:25:08.636898,0x433ad35c,1,1,2,1,1,2,6.0,-57,,3,3
2026-01-24 18:25:11.164859,0x433b0b38,7,18,28,7,18,28,5.5,-78,,5,5
2026-01-24 18:26:05.471947,0x433af380,2,3,3,2,3,3,6.75,-34,,3,3
2026-01-24 18:26:08.014798,0x433ad35c,2,2,4,2,2,4,6.5,-56,,3,3
2026-01-24 18:26:11.017855,0x433b0b38,17,34,49,17,32,47,5.5,-78,,5,5
2026-01-24 18:27:05.614183,0x433af380,2,3,3,2,3,3,6.5,-34,,3,3
2026-01-24 18:27:08.176855,0x433ad35c,2,3,4,2,3,4,6.0,-57,,3,3
2026-01-24 18:27:11.624842,0x433b0b38,15,27,40,15,27,40,5.25,-78,,5,5
2026-01-24 18:28:06.096469,0x433af380,47,84,91,33,55,69,7.25,-34,,3,3
2026-01-24 18:28:08.682807,0x433ad35c,4,7,13,4,7,13,6.0,-57,,3,3
2026-01-24 18:28:11.155092,0x433b0b38,5,11,18,5,11,18,5.5,-78,,5,5
2026-01-24 18:29:06.172631,0x433af380,83,126,134,55,83,89,6.25,-34,,3,3
2026-01-24 18:29:08.644429,0x433ad35c,7,17,23,7,17,23,6.0,-57,,3,3
2026-01-24 18:29:10.870512,0x433b0b38,5,9,12,5,9,12,5.75,-78,,5,5
2026-01-24 18:30:06.391617,0x433af380,12,18,21,12,18,21,6.75,-34,,3,3
2026-01-24 18:30:09.972107,0x433ad35c,7,12,17,7,12,17,7.5,-56,,3,3
2026-01-24 18:30:12.454240,0x433b0b38,5,16,19,5,16,19,5.25,-77,,5,5
2026-01-24 18:31:06.891280,0x433af380,6,8,9,6,8,9,6.75,-34,,3,3
2026-01-24 18:31:09.448587,0x433ad35c,6,11,18,6,11,18,6.25,-57,,3,3
2026-01-24 18:31:12.174502,0x433b0b38,2,2,5,2,2,5,5.25,-78,,5,5
2026-01-24 18:32:07.391660,0x433af380,8,10,10,8,10,10,6.0,-34,,3,3
2026-01-24 18:32:09.879491,0x433ad35c,7,9,13,7,9,13,6.25,-56,,3,3
2026-01-24 18:32:12.592807,0x433b0b38,4,6,7,4,6,7,5.25,-78,,5,5
2026-01-24 18:33:07.257178,0x433af380,8,13,15,8,13,15,6.0,-34,,3,3
2026-01-24 18:33:10.723223,0x433ad35c,8,11,14,8,11,14,5.75,-57,,3,3
2026-01-24 18:33:13.139211,0x433b0b38,1,2,5,1,2,5,5.0,-77,,5,5
2026-01-24 18:34:07.820628,0x433af380,10,19,23,10,19,23,6.25,-34,,3,3
2026-01-24 18:34:10.330454,0x433ad35c,7,10,16,7,10,16,6.5,-57,,3,3
2026-01-24 18:34:12.648645,0x433b0b38,2,2,4,2,2,4,5.5,-78,,5,5
2026-01-24 18:35:07.744746,0x433af380,9,15,18,9,15,18,6.0,-34,,3,3
2026-01-24 18:35:11.937243,0x433b0b38,1,1,1,1,1,1,5.25,-78,,5,5
2026-01-24 18:35:14.581386,0x433ad35c,4,6,8,4,6,8,6.0,-56,,3,3
2026-01-24 18:36:07.877956,0x433af380,7,10,15,7,10,15,6.0,-34,,3,3
2026-01-24 18:36:10.539799,0x433ad35c,2,4,7,2,4,7,6.0,-56,,3,3
2026-01-24 18:36:14.113192,0x433b0b38,1,2,2,1,2,2,5.75,-78,,5,5
2026-01-24 18:37:08.123920,0x433af380,7,11,12,7,11,12,6.25,-33,,3,3
2026-01-24 18:37:10.738037,0x433ad35c,5,6,13,5,6,13,6.25,-56,,3,3
2026-01-24 18:37:15.261935,0x433b0b38,2,3,5,2,3,5,5.25,-77,,5,5
2026-01-24 18:38:08.572966,0x433af380,5,6,7,5,6,7,6.75,-34,,3,3
2026-01-24 18:38:12.680777,0x433b0b38,2,3,3,2,3,3,5.75,-77,,5,5
2026-01-24 18:38:15.220034,0x433ad35c,6,7,13,6,7,13,6.25,-57,,3,3
2026-01-24 18:39:08.627340,0x433af380,5,8,11,5,8,11,7.25,-33,,3,3
2026-01-24 18:39:11.090062,0x433ad35c,6,7,11,6,7,11,6.25,-57,,3,3
2026-01-24 18:39:15.661590,0x433b0b38,2,3,3,2,3,3,5.75,-78,,5,5
2026-01-24 18:40:09.000508,0x433af380,6,8,8,6,8,8,6.75,-33,,3,3
2026-01-24 18:40:11.548819,0x433ad35c,7,12,16,7,12,16,6.0,-57,,3,3
2026-01-24 18:40:15.528002,0x433b0b38,2,4,6,2,4,6,5.75,-77,,5,5
2026-01-24 18:41:09.146271,0x433af380,51,53,56,34,43,52,6.25,-34,,3,3
2026-01-24 18:41:11.636179,0x433ad35c,6,9,13,6,9,13,6.0,-56,,3,3
2026-01-24 18:41:15.443061,0x433b0b38,1,1,6,1,1,6,5.75,-78,,5,5
2026-01-24 18:42:09.424955,0x433af380,6,8,8,6,8,8,6.25,-34,,3,3
2026-01-24 18:42:12.782074,0x433ad35c,3,6,8,3,6,8,6.25,-57,,3,3
2026-01-24 18:42:15.163473,0x433b0b38,2,4,8,2,4,8,5.5,-78,,5,5
2026-01-24 18:43:09.835030,0x433af380,4,8,12,4,8,12,6.25,-34,,3,3
2026-01-24 18:43:12.444119,0x433ad35c,2,4,7,2,4,7,6.25,-56,,3,3
2026-01-24 18:43:15.892251,0x433b0b38,1,2,2,1,2,2,5.5,-77,,5,5
2026-01-24 18:44:09.953739,0x433af380,6,7,10,6,7,10,5.75,-33,,3,3
2026-01-24 18:44:12.494629,0x433ad35c,3,4,6,3,4,6,6.75,-57,,3,3
2026-01-24 18:44:15.856049,0x433b0b38,1,1,1,1,1,1,5.5,-78,,5,5
2026-01-24 18:45:13.660160,0x433af380,5,6,7,5,6,7,6.25,-34,,3,3
2026-01-24 18:45:16.171561,0x433ad35c,3,3,4,3,3,4,5.75,-56,,3,3
2026-01-24 18:45:19.930048,0x433b0b38,1,1,2,1,1,2,5.75,-78,,5,5
2026-01-24 18:46:10.669385,0x433af380,3,3,3,3,3,3,6.0,-33,,3,3
2026-01-24 18:46:13.298662,0x433ad35c,4,4,5,4,4,5,6.5,-57,,3,3
2026-01-24 18:46:16.336089,0x433b0b38,1,1,1,1,1,1,6.0,-77,,5,5
2026-01-24 18:47:13.291740,0x433af380,3,4,7,3,4,7,5.75,-57,,3,2
2026-01-24 18:47:13.939718,0x433ad35c,3,4,4,3,4,4,5.5,-56,,3,3
2026-01-24 18:47:16.462848,0x433b0b38,,,,,,,5.5,-78,,5,5
2026-01-24 18:48:12.308513,0x433af380,3,4,4,3,4,4,7.0,-34,,3,3
2026-01-24 18:48:14.827396,0x433ad35c,2,2,2,2,2,2,6.0,-57,,3,3
2026-01-24 18:48:17.614671,0x433b0b38,,,,,,,5.5,-78,,5,5
2026-01-24 18:49:12.017386,0x433af380,1,2,3,1,2,3,6.5,-33,,3,3
2026-01-24 18:49:14.480418,0x433ad35c,2,2,4,2,2,4,6.5,-56,,3,3
2026-01-24 18:49:17.110975,0x433b0b38,1,1,1,1,1,1,5.5,-78,,5,5
2026-01-24 18:50:11.970764,0x433af380,2,2,2,2,2,2,6.5,-34,,3,3
2026-01-24 18:50:14.468441,0x433ad35c,2,2,3,2,2,3,5.75,-57,,3,3
2026-01-24 18:50:17.332284,0x433b0b38,2,2,2,2,2,2,5.5,-78,,5,5
2026-01-24 18:51:12.912119,0x433af380,3,3,3,3,3,3,6.0,-33,,3,3
2026-01-24 18:51:15.402622,0x433ad35c,2,3,3,2,3,3,6.25,-56,,3,3
2026-01-24 18:51:20.448656,0x433b0b38,1,1,2,1,1,2,5.5,-79,,5,5
2026-01-24 18:52:12.747267,0x433af380,3,4,4,3,4,4,5.5,-33,,3,3
2026-01-24 18:52:15.332967,0x433ad35c,1,2,2,1,2,2,5.75,-56,,3,3
2026-01-24 18:52:17.846702,0x433b0b38,2,2,3,2,2,3,5.5,-78,,5,5
2026-01-24 18:53:12.239980,0x433af380,1,2,2,1,2,2,6.5,-34,,3,3
2026-01-24 18:53:14.891856,0x433ad35c,1,2,2,1,2,2,6.5,-56,,3,3
2026-01-24 18:53:17.435507,0x433b0b38,1,3,5,1,3,5,5.5,-78,,5,5
2026-01-24 18:54:14.861241,0x433ad35c,2,3,3,2,3,3,6.0,-57,,3,3
2026-01-24 18:54:19.607876,0x433b0b38,1,2,2,1,2,2,5.75,-78,,5,5
2026-01-24 18:54:24.570840,0x433af380,2,3,3,2,3,3,6.25,-34,,3,3
2026-01-24 18:55:12.820188,0x433af380,2,3,3,2,3,3,7.0,-34,,3,3
2026-01-24 18:55:18.016287,0x433ad35c,2,2,4,2,2,4,5.75,-56,,3,3
2026-01-24 18:55:20.391272,0x433b0b38,1,2,2,1,2,2,5.5,-78,,5,5
2026-01-24 18:56:13.518549,0x433af380,3,3,3,3,3,3,6.0,-34,,3,3
2026-01-24 18:56:18.217696,0x433ad35c,2,3,5,2,3,5,6.25,-57,,3,3
2026-01-24 18:56:19.842066,0x433b0b38,1,1,1,1,1,1,5.5,-78,,5,5
2026-01-24 18:57:15.746389,0x433af380,3,3,5,3,3,5,7.0,-34,,3,3
2026-01-24 18:57:18.210292,0x433ad35c,3,5,6,3,5,6,6.5,-56,,3,3
2026-01-24 18:57:19.917478,0x433b0b38,2,2,4,2,2,4,5.5,-77,,5,5
2026-01-24 18:58:13.733730,0x433af380,3,4,4,3,4,4,6.25,-33,,3,3
2026-01-24 18:58:16.286715,0x433ad35c,2,3,3,2,3,3,6.25,-57,,3,3
2026-01-24 18:58:18.825469,0x433b0b38,,,,,,,5.25,-78,,5,5
2026-01-24 18:59:13.802295,0x433af380,4,5,5,4,5,5,6.75,-33,,3,3
2026-01-24 18:59:18.228803,0x433ad35c,2,3,4,2,3,4,6.25,-56,,3,3
2026-01-24 18:59:19.972933,0x433b0b38,1,1,1,1,1,1,5.5,-78,,5,5
2026-01-24 19:00:15.265996,0x433af380,3,3,3,3,3,3,6.75,-33,,3,3
2026-01-24 19:00:17.813006,0x433ad35c,2,2,2,2,2,2,6.0,-57,,3,3
2026-01-24 19:00:18.955691,0x433b0b38,1,1,1,1,1,1,6.0,-77,,5,5
2026-01-24 19:01:15.185012,0x433af380,3,3,4,3,3,4,7.0,-34,,3,3
2026-01-24 19:01:17.643034,0x433ad35c,3,4,5,3,4,5,6.5,-56,,3,3
2026-01-24 19:01:19.541623,0x433b0b38,1,1,1,1,1,1,5.5,-78,,5,5
2026-01-24 05:01:43.020512,0x433b0b38,12,22,22,12,22,22,5.75,-77,,5,5
2026-01-24 05:02:36.251040,0x433af380,18,26,28,18,26,28,7.0,-34,,3,3
2026-01-24 05:02:38.676532,0x433ad35c,15,19,20,15,19,20,6.0,-58,,3,3
2026-01-24 05:02:43.479024,0x433b0b38,10,13,14,10,13,14,6.25,-77,,5,5
2026-01-24 05:03:33.157122,0x433af380,17,27,28,17,27,28,7.5,-34,,3,3
2026-01-24 05:03:35.886641,0x433ad35c,10,15,19,10,15,19,5.75,-59,,3,3
2026-01-24 05:03:42.687336,0x433b0b38,12,18,18,12,18,18,5.75,-76,,5,5
2026-01-24 05:04:32.970450,0x433af380,20,28,30,20,28,30,6.5,-33,,3,3
2026-01-24 05:04:35.472786,0x433ad35c,11,23,24,11,23,24,6.75,-59,,3,3
2026-01-24 05:04:43.078073,0x433b0b38,12,16,16,12,16,16,6.0,-77,,5,5
2026-01-24 05:05:33.249581,0x433af380,18,24,25,18,24,25,7.75,-34,,3,3
2026-01-24 05:05:35.681647,0x433ad35c,13,17,19,13,17,19,5.75,-59,,3,3
2026-01-24 05:05:43.298668,0x433b0b38,10,19,21,10,19,21,5.0,-77,,5,5
2026-01-24 05:06:33.433312,0x433af380,20,27,29,20,27,29,7.25,-34,,3,3
2026-01-24 05:06:35.877554,0x433ad35c,10,15,15,10,15,15,5.75,-59,,3,3
2026-01-24 05:06:43.374706,0x433b0b38,11,15,16,11,15,16,5.5,-76,,5,5
2026-01-24 05:07:33.742595,0x433af380,21,31,33,20,30,33,5.75,-34,,3,3
2026-01-24 05:07:36.259478,0x433ad35c,13,21,24,13,21,24,6.0,-58,,3,3
2026-01-24 05:07:44.410962,0x433b0b38,13,17,18,13,17,18,6.25,-77,,5,5
2026-01-24 05:08:33.973620,0x433af380,17,26,27,17,26,27,7.5,-34,,3,3
2026-01-24 05:08:36.506681,0x433ad35c,13,20,20,13,20,20,6.0,-59,,3,3
2026-01-24 05:08:43.861463,0x433b0b38,10,23,24,10,23,24,6.0,-77,,5,5
2026-01-24 05:09:34.240708,0x433af380,19,25,26,19,25,26,7.25,-34,,3,3
2026-01-24 05:09:36.730562,0x433ad35c,11,15,15,11,15,15,6.0,-59,,3,3
2026-01-24 05:09:44.076721,0x433b0b38,12,18,19,12,18,19,5.25,-77,,5,5
2026-01-24 05:10:34.527200,0x433af380,17,27,28,17,27,28,7.25,-33,,3,3
2026-01-24 05:10:37.045552,0x433ad35c,12,16,18,12,16,18,6.0,-58,,3,3
2026-01-24 05:10:44.320746,0x433b0b38,10,14,16,10,14,16,5.5,-77,,5,5
2026-01-24 05:11:37.340215,0x433ad35c,15,22,22,15,22,22,5.75,-58,,3,3
2026-01-24 05:11:43.618637,0x433af380,18,27,29,18,27,29,7.0,-34,,3,3
2026-01-24 05:11:47.465707,0x433b0b38,12,19,20,12,19,20,6.25,-77,,5,5
2026-01-24 05:12:35.396482,0x433af380,19,24,26,19,24,26,7.25,-34,,3,3
2026-01-24 05:12:38.118254,0x433ad35c,12,20,20,12,20,20,5.75,-59,,3,3
2026-01-24 05:12:45.414201,0x433b0b38,11,16,19,11,16,19,5.25,-76,,5,5
2026-01-24 05:13:35.482839,0x433af380,20,25,26,20,25,26,7.0,-34,,3,3
2026-01-24 05:13:37.971350,0x433ad35c,12,20,21,12,20,21,5.75,-59,,3,3
2026-01-24 05:13:45.422849,0x433b0b38,12,18,18,12,18,18,5.75,-76,,5,5
2026-01-24 05:14:36.850633,0x433af380,16,23,25,16,23,25,6.0,-34,,3,3
2026-01-24 05:14:39.365361,0x433ad35c,11,17,19,11,17,19,5.5,-59,,3,3
2026-01-24 05:14:45.680376,0x433b0b38,10,15,15,10,15,15,5.25,-76,,5,5
2026-01-24 05:15:35.925929,0x433af380,18,28,30,18,28,30,5.75,-33,,3,3
2026-01-24 05:15:38.444063,0x433ad35c,13,18,18,13,18,18,5.75,-58,,3,3
2026-01-24 05:15:45.817953,0x433b0b38,11,22,22,11,22,22,5.25,-77,,5,5
2026-01-24 05:16:35.792871,0x433af380,18,22,25,18,22,25,7.5,-34,,3,3
2026-01-24 05:16:38.581986,0x433ad35c,13,17,20,13,17,20,6.75,-58,,3,3
2026-01-24 05:16:45.998783,0x433b0b38,10,16,19,10,16,19,5.75,-76,,5,5
2026-01-24 05:17:36.930584,0x433af380,19,28,29,19,28,29,7.5,-34,,3,3
2026-01-24 05:17:39.480784,0x433ad35c,14,18,21,14,18,21,6.0,-58,,3,3
2026-01-24 05:17:46.459993,0x433b0b38,11,14,14,11,14,14,5.75,-78,,5,5
2026-01-24 05:18:36.615372,0x433af380,18,25,26,18,25,26,6.0,-34,,3,3
2026-01-24 05:18:39.200197,0x433ad35c,13,19,21,13,19,21,5.5,-59,,3,3
2026-01-24 05:18:46.487382,0x433b0b38,12,21,22,12,21,22,6.0,-77,,5,5
2026-01-24 05:19:36.800484,0x433af380,18,27,29,18,27,29,7.25,-34,,3,3
2026-01-24 05:19:39.428486,0x433ad35c,15,19,22,15,19,22,6.0,-59,,3,3
2026-01-24 05:19:46.712960,0x433b0b38,10,17,17,10,17,17,5.25,-78,,5,5
2026-01-24 05:20:38.095698,0x433af380,19,30,32,19,29,32,7.0,-34,,3,3
2026-01-24 05:20:40.658537,0x433ad35c,12,20,21,12,20,21,6.0,-59,,3,3
2026-01-24 05:20:47.001065,0x433b0b38,9,14,14,9,14,14,5.5,-76,,5,5
2026-01-24 05:21:37.124418,0x433af380,17,22,22,17,22,22,6.75,-35,,3,3
2026-01-24 05:21:40.023276,0x433ad35c,14,23,26,14,23,26,6.0,-59,,3,3
2026-01-24 05:21:47.174457,0x433b0b38,12,19,23,12,19,23,5.0,-77,,5,5
2026-01-24 05:22:37.688387,0x433af380,16,26,27,16,26,27,7.5,-34,,3,3
2026-01-24 05:22:40.169011,0x433ad35c,13,22,22,13,22,22,5.5,-59,,3,3
2026-01-24 05:22:47.625868,0x433b0b38,9,14,16,9,14,16,5.5,-76,,5,5
2026-01-24 05:23:41.010707,0x433af380,16,22,23,16,22,23,6.75,-33,,3,3
2026-01-24 05:23:43.458028,0x433ad35c,10,15,18,10,15,18,6.0,-59,,3,3
2026-01-24 05:23:48.203379,0x433b0b38,10,21,22,10,21,22,5.5,-76,,5,5
2026-01-24 05:24:38.036030,0x433af380,16,21,22,16,21,22,6.75,-34,,3,3
2026-01-24 05:24:40.671599,0x433ad35c,9,15,17,9,15,17,6.5,-59,,3,3
2026-01-24 05:24:47.920134,0x433b0b38,10,16,21,10,16,21,5.5,-76,,5,5
2026-01-24 05:25:38.566567,0x433af380,16,24,25,16,24,25,7.75,-34,,3,3
2026-01-24 05:25:41.069631,0x433ad35c,11,17,17,11,17,17,5.75,-59,,3,3
2026-01-24 05:25:48.117313,0x433b0b38,12,18,18,12,18,18,5.5,-77,,5,5
2026-01-24 05:26:38.650254,0x433af380,17,24,25,17,24,25,7.5,-34,,3,3
2026-01-24 05:26:41.168619,0x433ad35c,13,17,17,13,17,17,6.0,-58,,3,3
2026-01-24 05:26:48.998778,0x433b0b38,10,23,23,10,23,23,6.25,-77,,5,5
2026-01-24 05:27:39.027678,0x433af380,15,19,19,15,19,19,6.0,-34,,3,3
2026-01-24 05:27:41.476831,0x433ad35c,13,19,19,13,19,19,6.0,-59,,3,3
2026-01-24 05:27:48.776407,0x433b0b38,11,17,17,11,17,17,6.5,-77,,5,5
2026-01-24 05:28:39.159720,0x433af380,16,20,20,16,20,20,7.25,-34,,3,3
2026-01-24 05:28:41.620086,0x433ad35c,12,15,16,12,15,16,5.5,-59,,3,3
2026-01-24 05:28:48.812075,0x433b0b38,8,14,14,8,14,14,5.75,-76,,5,5
2026-01-24 05:29:39.652463,0x433af380,16,21,21,16,21,21,7.0,-34,,3,3
2026-01-24 05:29:42.090865,0x433ad35c,11,20,20,11,20,20,5.75,-58,,3,3
2026-01-24 05:29:49.035528,0x433b0b38,12,19,21,12,19,21,5.75,-77,,5,5
2026-01-24 05:30:40.169627,0x433af380,16,21,21,16,21,21,7.0,-34,,3,3
2026-01-24 05:30:42.729707,0x433ad35c,11,14,16,11,14,16,5.5,-58,,3,3
2026-01-24 05:30:49.370869,0x433b0b38,9,14,18,9,14,18,6.0,-76,,5,5
2026-01-24 05:31:39.987068,0x433af380,15,23,26,15,23,26,6.0,-34,,3,3
2026-01-24 05:31:43.911577,0x433ad35c,11,14,14,11,14,14,5.75,-59,,3,3
2026-01-24 05:31:49.508723,0x433b0b38,11,20,20,11,20,20,5.75,-77,,5,5
2026-01-24 05:32:40.535879,0x433af380,18,22,22,18,22,22,5.75,-33,,3,3
2026-01-24 05:32:42.966059,0x433ad35c,11,16,19,11,16,19,6.0,-59,,3,3
2026-01-24 05:32:50.087199,0x433b0b38,9,12,12,9,12,12,5.5,-77,,5,5
2026-01-24 05:33:40.871465,0x433af380,14,24,25,14,24,25,7.0,-34,,3,3
2026-01-24 05:33:45.985957,0x433ad35c,12,19,22,12,19,22,6.25,-58,,3,3
2026-01-24 05:33:49.954319,0x433b0b38,10,14,14,10,14,14,6.5,-76,,5,5
2026-01-24 05:34:40.735978,0x433af380,16,28,37,16,28,37,7.25,-34,,3,3
2026-01-24 05:34:43.233666,0x433ad35c,10,15,15,10,15,15,5.75,-59,,3,3
2026-01-24 05:34:50.360541,0x433b0b38,9,12,12,9,12,12,5.5,-76,,5,5
2026-01-24 05:35:41.080195,0x433af380,17,22,22,17,22,22,5.5,-34,,3,3
2026-01-24 05:35:43.642677,0x433ad35c,13,16,19,13,16,19,6.0,-58,,3,3
2026-01-24 05:35:50.438401,0x433b0b38,10,12,12,10,12,12,5.5,-76,,5,5
2026-01-24 05:36:41.300543,0x433af380,14,24,24,14,24,24,5.75,-34,,3,3
2026-01-24 05:36:43.789118,0x433ad35c,10,14,15,10,14,15,5.5,-58,,3,3
2026-01-24 05:36:51.212991,0x433b0b38,9,14,15,9,14,15,5.25,-76,,5,5
2026-01-24 05:37:41.540365,0x433af380,16,24,25,16,24,25,7.75,-34,,3,3
2026-01-24 05:37:44.029539,0x433ad35c,12,18,18,12,18,18,6.0,-58,,3,3
2026-01-24 05:37:51.244533,0x433b0b38,9,16,16,9,16,16,6.25,-77,,5,5
2026-01-24 05:38:41.760778,0x433af380,15,28,34,15,28,34,6.25,-34,,3,3
2026-01-24 05:38:46.316330,0x433ad35c,11,13,15,11,13,15,6.0,-59,,3,3
2026-01-24 05:38:51.135033,0x433b0b38,10,18,18,10,18,18,5.5,-77,,5,5
2026-01-24 05:39:42.541809,0x433af380,20,35,45,20,33,45,6.0,-34,,3,3
2026-01-24 05:39:46.930486,0x433ad35c,12,19,19,12,19,19,6.75,-59,,3,3
2026-01-24 05:39:51.363899,0x433b0b38,11,22,24,11,22,24,6.0,-77,,5,5
2026-01-24 05:40:42.407059,0x433af380,18,25,26,18,25,26,5.75,-34,,3,3
2026-01-24 05:40:46.739653,0x433ad35c,9,12,12,9,12,12,5.75,-58,,3,3
2026-01-24 05:40:51.645993,0x433b0b38,11,15,15,11,15,15,5.75,-76,,5,5
2026-01-24 05:41:42.572447,0x433af380,19,27,29,19,27,29,7.75,-34,,3,3
2026-01-24 05:41:46.414547,0x433ad35c,13,17,19,13,17,19,6.25,-59,,3,3
2026-01-24 05:41:51.827948,0x433b0b38,10,14,18,10,14,18,5.75,-76,,5,5
2026-01-24 05:42:43.059695,0x433af380,18,28,31,18,28,31,7.75,-34,,3,3
2026-01-24 05:42:45.668806,0x433ad35c,12,20,20,12,20,20,5.5,-58,,3,3
2026-01-24 05:42:52.289176,0x433b0b38,10,15,17,10,15,17,5.75,-76,,5,5
2026-01-24 05:43:43.428481,0x433af380,17,33,35,17,32,35,7.5,-34,,3,3
2026-01-24 05:43:47.930074,0x433ad35c,10,19,20,10,19,20,5.75,-59,,3,3
2026-01-24 05:43:52.292045,0x433b0b38,12,24,26,12,24,26,5.75,-77,,5,5
2026-01-24 05:44:43.325559,0x433af380,15,22,24,15,22,24,6.0,-34,,3,3
2026-01-24 05:44:47.432312,0x433ad35c,14,21,24,14,21,24,6.0,-58,,3,3
2026-01-24 05:44:52.573103,0x433b0b38,7,13,17,7,13,17,5.75,-77,,5,5
2026-01-24 05:45:44.007001,0x433af380,20,26,28,20,26,28,7.25,-34,,3,3
2026-01-24 05:45:46.439436,0x433ad35c,12,16,18,12,16,18,6.25,-59,,3,3
2026-01-24 05:45:54.771960,0x433b0b38,10,18,23,10,18,23,5.5,-77,,5,5
2026-01-24 05:46:45.427003,0x433af380,17,27,27,17,27,27,6.75,-34,,3,3
2026-01-24 05:46:47.840972,0x433ad35c,11,17,17,11,17,17,5.75,-59,,3,3
2026-01-24 05:46:52.984835,0x433b0b38,11,19,25,11,19,25,5.0,-77,,5,5
2026-01-24 05:47:45.351403,0x433af380,19,29,30,19,29,30,7.5,-34,,3,3
2026-01-24 05:47:47.861219,0x433ad35c,10,15,15,10,15,15,6.25,-59,,3,3
2026-01-24 05:47:53.436965,0x433b0b38,7,14,14,7,14,14,5.5,-77,,5,5
2026-01-24 05:48:46.848310,0x433ad35c,11,15,16,11,15,16,6.5,-59,,3,3
2026-01-24 05:48:49.645486,0x433af380,21,31,31,20,30,31,7.25,-34,,3,3
2026-01-24 05:48:53.458447,0x433b0b38,13,21,26,13,21,26,5.25,-76,,5,5
2026-01-24 05:49:47.072570,0x433ad35c,11,18,19,11,18,19,5.75,-59,,3,3
2026-01-24 05:49:49.875038,0x433af380,17,26,29,17,26,29,8.0,-34,,3,3
2026-01-24 05:49:53.682927,0x433b0b38,10,17,20,10,17,20,5.5,-76,,5,5
2026-01-24 05:50:46.431757,0x433af380,16,23,23,16,23,23,5.5,-34,,3,3
2026-01-24 05:50:48.922128,0x433ad35c,11,16,17,11,16,17,6.0,-58,,3,3
2026-01-24 05:50:53.962687,0x433b0b38,8,11,11,8,11,11,5.25,-76,,5,5
2026-01-24 05:51:48.095531,0x433ad35c,11,13,14,11,13,14,6.25,-58,,3,3
2026-01-24 05:51:54.283570,0x433b0b38,10,17,19,10,17,19,6.0,-76,,5,5
2026-01-24 05:51:56.978761,0x433af380,15,21,22,15,21,22,6.0,-34,,3,3
2026-01-24 05:52:46.831529,0x433af380,16,23,25,16,23,25,5.75,-34,,3,3
2026-01-24 05:52:49.244943,0x433ad35c,10,12,12,10,12,12,6.0,-59,,3,3
2026-01-24 05:52:54.616542,0x433b0b38,9,17,19,9,17,19,5.75,-77,,5,5
2026-01-24 05:53:46.379595,0x433af380,19,31,32,19,30,32,7.0,-34,,3,3
2026-01-24 05:53:48.866462,0x433ad35c,12,15,16,12,15,16,5.75,-58,,3,3
2026-01-24 05:53:54.629645,0x433b0b38,8,14,14,8,14,14,5.75,-77,,5,5
2026-01-24 05:54:48.650880,0x433ad35c,12,20,20,12,20,20,6.25,-59,,3,3
2026-01-24 05:54:51.279444,0x433af380,18,26,28,18,26,28,6.75,-34,,3,3
2026-01-24 05:54:54.974748,0x433b0b38,9,18,24,9,18,24,5.25,-77,,5,5
2026-01-24 05:55:48.944112,0x433ad35c,10,14,15,10,14,15,6.0,-58,,3,3
2026-01-24 05:55:55.787907,0x433af380,18,29,30,18,29,30,7.25,-34,,3,3
2026-01-24 05:55:58.352679,0x433b0b38,14,25,27,14,25,27,5.0,-77,,5,5
2026-01-24 05:56:47.169653,0x433af380,15,25,28,15,25,28,7.25,-34,,3,3
2026-01-24 05:56:49.583706,0x433ad35c,13,19,21,13,19,21,7.0,-58,,3,3
2026-01-24 05:56:55.420842,0x433b0b38,10,20,22,10,20,22,5.75,-76,,5,5
2026-01-24 05:57:48.715726,0x433af380,16,24,25,16,24,25,7.75,-34,,3,3
2026-01-24 05:57:51.148048,0x433ad35c,11,16,17,11,16,17,6.25,-59,,3,3
2026-01-24 05:57:56.799556,0x433b0b38,9,15,15,9,15,15,5.5,-76,,5,5
2026-01-24 05:58:49.114812,0x433af380,21,42,63,20,37,56,7.0,-34,,3,3
2026-01-24 05:58:51.623881,0x433ad35c,13,18,19,13,18,19,6.0,-59,,3,3
2026-01-24 05:58:56.023403,0x433b0b38,8,14,17,8,14,17,5.5,-77,,5,5
2026-01-24 05:59:51.218983,0x433af380,16,26,28,16,26,28,5.5,-34,,3,3
2026-01-24 05:59:55.066858,0x433ad35c,11,17,19,11,17,19,5.5,-70,,3,2
2026-01-24 05:59:58.098332,0x433b0b38,8,13,13,8,13,13,5.75,-76,,5,5
2026-01-24 06:00:49.535755,0x433af380,17,27,29,17,27,29,7.25,-34,,3,3
2026-01-24 06:00:52.084427,0x433ad35c,12,16,16,12,16,16,6.0,-58,,3,3
2026-01-24 06:00:56.548113,0x433b0b38,11,20,20,11,20,20,5.25,-76,,5,5
2026-01-23 22:01:41.698639,0x433af380,21,26,27,20,26,27,6.25,-34,,3,3
2026-01-23 22:01:44.206312,0x433ad35c,11,19,21,11,19,21,6.0,-58,,3,3
2026-01-23 22:02:02.996739,0x433b0b38,12,17,17,12,17,17,5.75,-77,,5,5
2026-01-23 22:02:42.225166,0x433af380,23,34,35,22,32,35,6.75,-33,,3,3
2026-01-23 22:02:44.725894,0x433ad35c,14,19,19,14,19,19,6.25,-58,,3,3
2026-01-23 22:03:03.126240,0x433b0b38,10,13,16,10,13,16,4.75,-77,,5,5
2026-01-23 22:03:42.353478,0x433af380,18,25,26,18,25,26,7.0,-33,,3,3
2026-01-23 22:03:45.977543,0x433ad35c,15,21,22,15,21,22,6.0,-57,,3,3
2026-01-23 22:04:03.357735,0x433b0b38,11,19,21,11,19,21,5.5,-76,,5,5
2026-01-23 22:04:42.577972,0x433af380,22,32,32,21,31,32,6.0,-34,,3,3
2026-01-23 22:04:44.994291,0x433ad35c,14,19,21,14,19,21,6.25,-57,,3,3
2026-01-23 22:05:04.190952,0x433b0b38,10,23,26,10,23,26,6.0,-76,,5,5
2026-01-23 22:05:42.710369,0x433af380,19,27,28,19,27,28,6.5,-34,,3,3
2026-01-23 22:05:45.261225,0x433ad35c,14,21,23,14,21,23,6.5,-57,,3,3
2026-01-23 22:06:05.451866,0x433b0b38,12,17,17,12,17,17,5.25,-77,,5,5
2026-01-23 22:06:43.083361,0x433af380,22,28,29,21,28,29,7.25,-33,,3,3
2026-01-23 22:06:45.788205,0x433ad35c,13,21,22,13,21,22,6.0,-58,,3,3
2026-01-23 22:07:04.087198,0x433b0b38,12,15,15,12,15,15,6.0,-76,,5,5
2026-01-23 22:07:43.458142,0x433af380,23,30,30,22,30,30,7.5,-34,,3,3
2026-01-23 22:07:49.153322,0x433ad35c,12,16,17,12,16,17,6.25,-58,,3,3
2026-01-23 22:08:04.873208,0x433b0b38,13,20,22,13,20,22,5.5,-77,,5,5
2026-01-23 22:08:43.821305,0x433af380,26,38,39,23,35,39,5.75,-34,,3,3
2026-01-23 22:08:46.320566,0x433ad35c,15,24,24,15,24,24,6.0,-58,,3,3
2026-01-23 22:09:04.650487,0x433b0b38,11,19,22,11,19,22,5.75,-77,,5,5
2026-01-23 22:09:44.017857,0x433af380,24,36,37,22,33,37,6.5,-34,,3,3
2026-01-23 22:09:47.920812,0x433ad35c,12,18,20,12,18,20,5.75,-58,,3,3
2026-01-23 22:10:04.818708,0x433b0b38,9,12,16,9,12,16,5.25,-77,,5,5
2026-01-23 22:10:44.134715,0x433af380,22,29,32,21,29,32,6.5,-33,,3,3
2026-01-23 22:10:46.728282,0x433ad35c,14,21,25,14,21,25,6.25,-57,,3,3
2026-01-23 22:11:06.496670,0x433b0b38,11,15,15,11,15,15,5.5,-77,,5,5
2026-01-23 22:11:44.472001,0x433af380,24,37,37,22,34,37,7.75,-34,,3,3
2026-01-23 22:11:46.938969,0x433ad35c,15,20,20,15,20,20,6.25,-58,,3,3
2026-01-23 22:12:05.247044,0x433b0b38,10,17,17,10,17,17,5.5,-77,,5,5
2026-01-23 22:12:44.996173,0x433af380,24,32,33,22,31,33,7.5,-34,,3,3
2026-01-23 22:12:47.426357,0x433ad35c,12,17,19,12,17,19,6.0,-58,,3,3
2026-01-23 22:13:05.487501,0x433b0b38,11,14,18,11,14,18,5.75,-77,,5,5
2026-01-23 22:13:45.040795,0x433af380,24,36,36,22,33,36,6.5,-34,,3,3
2026-01-23 22:13:47.567455,0x433ad35c,14,19,20,14,19,20,6.0,-58,,3,3
2026-01-23 22:14:05.744878,0x433b0b38,9,19,22,9,19,22,6.25,-76,,5,5
2026-01-23 22:14:47.167750,0x433af380,24,36,38,22,33,38,7.25,-33,,3,3
2026-01-23 22:14:49.610502,0x433ad35c,14,20,25,14,20,25,6.0,-58,,3,3
2026-01-23 22:15:05.950945,0x433b0b38,10,16,16,10,16,16,5.75,-77,,5,5
2026-01-23 22:15:45.445836,0x433af380,24,33,34,22,31,34,8.0,-34,,3,3
2026-01-23 22:15:47.994348,0x433ad35c,15,19,19,15,19,19,6.25,-58,,3,3
2026-01-23 22:16:07.066861,0x433b0b38,13,23,25,13,23,25,5.5,-77,,5,5
2026-01-23 22:16:46.170698,0x433af380,23,33,36,22,32,36,6.75,-34,,3,3
2026-01-23 22:16:48.642154,0x433ad35c,14,18,18,14,18,18,6.0,-58,,3,3
2026-01-23 22:17:06.559384,0x433b0b38,10,26,29,10,26,29,6.25,-77,,5,5
2026-01-23 22:17:46.496097,0x433af380,22,32,32,21,31,32,7.25,-34,,3,3
2026-01-23 22:17:48.984727,0x433ad35c,15,22,23,15,22,23,6.0,-58,,3,3
2026-01-23 22:18:06.637884,0x433b0b38,12,18,22,12,18,22,5.25,-76,,5,5
2026-01-23 22:18:46.727571,0x433af380,22,36,37,21,33,37,6.0,-34,,3,3
2026-01-23 22:18:49.283197,0x433ad35c,18,22,22,18,22,22,6.0,-57,,3,3
2026-01-23 22:19:06.896970,0x433b0b38,15,22,26,15,22,26,6.25,-77,,5,5
2026-01-23 22:19:46.959366,0x433af380,22,32,32,21,31,32,6.25,-34,,3,3
2026-01-23 22:19:49.494237,0x433ad35c,15,20,24,15,20,24,6.25,-58,,3,3
2026-01-23 22:20:07.098219,0x433b0b38,16,25,27,16,25,27,5.5,-77,,5,5
2026-01-23 22:20:46.922396,0x433af380,25,33,34,23,32,34,7.75,-34,,3,3
2026-01-23 22:20:49.432491,0x433ad35c,14,21,22,14,21,22,6.25,-58,,3,3
2026-01-23 22:21:08.750361,0x433b0b38,11,18,24,11,18,24,5.75,-77,,5,5
2026-01-23 22:21:47.059416,0x433af380,22,33,35,21,32,35,7.0,-34,,3,3
2026-01-23 22:21:49.648188,0x433ad35c,17,22,22,17,22,22,6.0,-58,,3,3
2026-01-23 22:22:07.564590,0x433b0b38,13,19,19,13,19,19,5.25,-76,,5,5
2026-01-23 22:22:47.309247,0x433af380,17,26,26,17,26,26,7.5,-34,,3,3
2026-01-23 22:22:49.888207,0x433ad35c,15,21,22,15,21,22,6.25,-58,,3,3
2026-01-23 22:23:07.796985,0x433b0b38,12,18,18,12,18,18,6.25,-77,,5,5
2026-01-23 22:23:47.633582,0x433af380,25,37,37,23,34,37,7.5,-34,,3,3
2026-01-23 22:23:50.125777,0x433ad35c,15,21,21,15,21,21,6.25,-58,,3,3
2026-01-23 22:24:08.062184,0x433b0b38,14,19,24,14,19,24,6.25,-77,,5,5
2026-01-23 22:24:47.725339,0x433af380,24,34,35,22,32,35,6.0,-33,,3,3
2026-01-23 22:24:50.371093,0x433ad35c,16,28,31,16,28,31,5.75,-58,,3,3
2026-01-23 22:25:08.763420,0x433b0b38,11,20,20,11,20,20,6.25,-77,,5,5
2026-01-23 22:25:48.402879,0x433af380,22,30,31,21,30,31,7.25,-34,,3,3
2026-01-23 22:25:50.875480,0x433ad35c,12,22,26,12,22,26,6.0,-58,,3,3
2026-01-23 22:26:09.336486,0x433b0b38,13,22,25,13,22,25,5.5,-77,,5,5
2026-01-23 22:26:48.404374,0x433af380,22,33,34,21,31,34,7.0,-33,,3,3
2026-01-23 22:26:50.841707,0x433ad35c,15,20,22,15,20,22,6.5,-58,,3,3
2026-01-23 22:27:08.720719,0x433b0b38,12,21,25,12,21,25,5.75,-77,,5,5
2026-01-23 22:27:48.582584,0x433af380,21,29,30,20,29,30,7.25,-33,,3,3
2026-01-23 22:27:51.904709,0x433ad35c,17,24,24,17,24,24,6.5,-59,,3,3
2026-01-23 22:28:09.013292,0x433b0b38,14,21,26,14,21,26,6.5,-76,,5,5
2026-01-23 22:28:49.016376,0x433af380,20,29,29,20,29,29,7.25,-34,,3,3
2026-01-23 22:28:51.449374,0x433ad35c,15,25,29,15,25,29,5.75,-58,,3,3
2026-01-23 22:29:09.410258,0x433b0b38,10,21,21,10,21,21,5.75,-77,,5,5
2026-01-23 22:29:49.296951,0x433af380,24,32,34,22,31,34,7.0,-34,,3,3
2026-01-23 22:29:51.754570,0x433ad35c,15,23,27,15,23,27,6.25,-58,,3,3
2026-01-23 22:30:09.419861,0x433b0b38,15,24,29,15,24,29,5.75,-76,,5,5
2026-01-23 22:30:49.275810,0x433af380,24,32,33,22,31,33,7.25,-34,,3,3
2026-01-23 22:30:51.741316,0x433ad35c,13,23,24,13,23,24,6.0,-58,,3,3
2026-01-23 22:31:09.858507,0x433b0b38,14,26,27,14,26,27,6.0,-77,,5,5
2026-01-23 22:31:49.556929,0x433af380,23,32,33,22,31,33,6.0,-33,,3,3
2026-01-23 22:31:52.090258,0x433ad35c,15,23,23,15,23,23,6.25,-58,,3,3
2026-01-23 22:32:09.881515,0x433b0b38,14,21,23,14,21,23,5.25,-77,,5,5
2026-01-23 22:32:49.860485,0x433af380,18,24,25,18,24,25,6.0,-34,,3,3
2026-01-23 22:32:52.353021,0x433ad35c,14,17,18,14,17,18,5.75,-58,,3,3
2026-01-23 22:33:10.147327,0x433b0b38,12,16,22,12,16,22,6.25,-77,,5,5
2026-01-23 22:33:50.020783,0x433af380,22,30,33,21,30,33,7.0,-34,,3,3
2026-01-23 22:33:52.495763,0x433ad35c,13,20,21,13,20,21,6.0,-58,,3,3
2026-01-23 22:34:10.344379,0x433b0b38,12,18,20,12,18,20,6.5,-77,,5,5
2026-01-23 22:34:50.276662,0x433af380,22,29,29,21,29,29,7.0,-33,,3,3
2026-01-23 22:34:54.384591,0x433ad35c,13,19,21,13,19,21,5.75,-58,,3,3
2026-01-23 22:35:10.571070,0x433b0b38,13,23,30,13,23,30,6.0,-77,,5,5
2026-01-23 22:35:50.951486,0x433af380,21,27,29,20,27,29,6.0,-34,,3,3
2026-01-23 22:35:54.979418,0x433ad35c,16,24,26,16,24,26,6.25,-58,,3,3
2026-01-23 22:36:11.623395,0x433b0b38,11,19,22,11,19,22,5.25,-77,,5,5
2026-01-23 22:36:51.448000,0x433af380,19,25,26,19,25,26,6.75,-34,,3,3
2026-01-23 22:36:53.938646,0x433ad35c,14,18,20,14,18,20,5.75,-58,,3,3
2026-01-23 22:37:11.093013,0x433b0b38,11,16,16,11,16,16,6.25,-77,,5,5
2026-01-23 22:37:51.719453,0x433af380,21,29,31,20,29,31,6.0,-34,,3,3
2026-01-23 22:37:54.296437,0x433ad35c,12,17,18,12,17,18,6.0,-58,,3,3
2026-01-23 22:38:11.337893,0x433b0b38,10,13,13,10,13,13,5.75,-77,,5,5
2026-01-23 22:38:51.418351,0x433af380,20,28,30,19,28,30,7.25,-33,,3,3
2026-01-23 22:38:53.906788,0x433ad35c,14,20,24,14,20,24,6.0,-58,,3,3
2026-01-23 22:39:11.513320,0x433b0b38,10,20,20,10,20,20,6.0,-77,,5,5
2026-01-23 22:39:51.479057,0x433af380,19,24,25,19,24,25,7.0,-33,,3,3
2026-01-23 22:39:54.156765,0x433ad35c,12,17,17,12,17,17,6.5,-58,,3,3
2026-01-23 22:40:11.773909,0x433b0b38,13,22,24,13,22,24,5.75,-76,,5,5
2026-01-23 22:40:51.951108,0x433af380,20,26,27,19,26,27,7.25,-34,,3,3
2026-01-23 22:40:54.375432,0x433ad35c,13,19,20,13,19,20,6.0,-58,,3,3
2026-01-23 22:41:12.788912,0x433b0b38,12,19,19,12,19,19,5.5,-77,,5,5
2026-01-23 22:41:52.028218,0x433af380,18,27,28,18,27,28,6.75,-33,,3,3
2026-01-23 22:41:54.527085,0x433ad35c,13,18,18,13,18,18,6.0,-58,,3,3
2026-01-23 22:42:12.210217,0x433b0b38,9,17,18,9,17,18,5.75,-76,,5,5
2026-01-23 22:42:52.487107,0x433af380,22,30,32,21,30,32,7.0,-33,,3,3
2026-01-23 22:42:54.997393,0x433ad35c,13,17,18,13,17,18,6.25,-58,,3,3
2026-01-23 22:43:12.482029,0x433b0b38,10,17,17,10,17,17,6.75,-76,,5,5
2026-01-23 22:43:53.070832,0x433af380,22,31,31,21,30,31,7.5,-34,,3,3
2026-01-23 22:43:55.505025,0x433ad35c,14,18,20,14,18,20,5.75,-59,,3,3
2026-01-23 22:44:12.664453,0x433b0b38,12,17,17,12,17,17,5.75,-77,,5,5
2026-01-23 22:44:53.262980,0x433af380,21,30,34,20,30,34,7.0,-34,,3,3
2026-01-23 22:44:55.691923,0x433ad35c,13,17,17,13,17,17,5.75,-58,,3,3
2026-01-23 22:45:12.912829,0x433b0b38,12,14,16,12,14,16,6.25,-76,,5,5
2026-01-23 22:45:53.248151,0x433af380,21,29,30,20,29,30,6.5,-34,,3,3
2026-01-23 22:45:55.757782,0x433ad35c,16,21,21,16,21,21,6.0,-58,,3,3
2026-01-23 22:46:13.956671,0x433b0b38,12,15,16,12,15,16,5.75,-77,,5,5
2026-01-23 22:46:53.434744,0x433af380,20,28,29,19,28,29,7.25,-34,,3,3
2026-01-23 22:46:55.887534,0x433ad35c,14,22,22,14,22,22,7.25,-58,,3,3
2026-01-23 22:47:13.730649,0x433b0b38,11,20,21,11,20,21,5.5,-77,,5,5
2026-01-23 22:47:53.947871,0x433af380,20,29,30,19,29,30,7.0,-34,,3,3
2026-01-23 22:47:56.498682,0x433ad35c,13,17,18,13,17,18,6.5,-59,,3,3
2026-01-23 22:48:13.591357,0x433b0b38,11,18,23,11,18,23,6.75,-77,,5,5
2026-01-23 22:48:54.519622,0x433af380,22,30,30,21,30,30,6.0,-34,,3,3
2026-01-23 22:48:57.055598,0x433ad35c,15,21,22,15,21,22,6.0,-59,,3,3
2026-01-23 22:49:13.822135,0x433b0b38,9,16,16,9,16,16,5.5,-77,,5,5
2026-01-23 22:49:54.477839,0x433af380,23,37,38,22,34,38,6.0,-34,,3,3
2026-01-23 22:49:57.023570,0x433ad35c,13,19,20,13,19,20,6.0,-59,,3,3
2026-01-23 22:50:14.564876,0x433b0b38,13,20,22,13,20,22,5.75,-76,,5,5
2026-01-23 22:50:54.741244,0x433af380,24,34,35,22,32,35,6.25,-34,,3,3
2026-01-23 22:50:57.156118,0x433ad35c,12,17,19,12,17,19,6.25,-58,,3,3
2026-01-23 22:51:15.222387,0x433b0b38,11,15,15,11,15,15,5.25,-77,,5,5
2026-01-23 22:51:54.686307,0x433af380,22,29,30,21,29,30,6.25,-34,,3,3
2026-01-23 22:51:57.413193,0x433ad35c,13,18,18,13,18,18,5.75,-59,,3,3
2026-01-23 22:52:14.543584,0x433b0b38,13,22,25,13,22,25,6.0,-77,,5,5
2026-01-23 22:52:54.960521,0x433af380,22,31,33,21,30,33,6.75,-33,,3,3
2026-01-23 22:52:57.512772,0x433ad35c,12,19,21,12,19,21,5.75,-58,,3,3
2026-01-23 22:53:14.783486,0x433b0b38,13,18,19,13,18,19,6.0,-77,,5,5
2026-01-23 22:53:55.492130,0x433af380,21,28,28,20,28,28,7.75,-34,,3,3
2026-01-23 22:53:58.893583,0x433ad35c,15,20,23,15,20,23,6.0,-58,,3,3
2026-01-23 22:54:15.002318,0x433b0b38,13,20,25,13,20,25,5.5,-77,,5,5
2026-01-23 22:54:55.789914,0x433af380,22,31,33,21,30,33,7.75,-34,,3,3
2026-01-23 22:54:58.299043,0x433ad35c,13,21,21,13,21,21,5.75,-59,,3,3
2026-01-23 22:55:15.246900,0x433b0b38,11,16,18,11,16,18,6.0,-77,,5,5
2026-01-23 22:55:55.900328,0x433af380,24,32,33,22,31,33,6.75,-34,,3,3
2026-01-23 22:55:58.333316,0x433ad35c,14,19,21,14,19,21,5.5,-59,,3,3
2026-01-23 22:56:15.690682,0x433b0b38,13,18,18,13,18,18,6.25,-76,,5,5
2026-01-23 22:56:56.947607,0x433af380,27,34,34,24,32,34,7.5,-34,,3,3
2026-01-23 22:57:00.282994,0x433ad35c,15,22,23,15,22,23,6.75,-59,,3,3
2026-01-23 22:57:15.694962,0x433b0b38,11,14,15,11,14,15,5.0,-77,,5,5
2026-01-23 22:57:56.164384,0x433af380,20,26,29,20,26,29,6.25,-35,,3,3
2026-01-23 22:57:58.692203,0x433ad35c,15,20,21,15,20,21,5.75,-59,,3,3
2026-01-23 22:58:15.979985,0x433b0b38,13,18,25,13,18,25,6.5,-77,,5,5
2026-01-23 22:58:56.764757,0x433af380,21,27,28,20,27,28,7.0,-34,,3,3
2026-01-23 22:58:59.181828,0x433ad35c,13,16,16,13,16,16,6.25,-58,,3,3
2026-01-23 22:59:16.187668,0x433b0b38,8,12,18,8,12,18,6.0,-76,,5,5
2026-01-23 22:59:57.178730,0x433af380,20,26,28,20,26,28,6.25,-33,,3,3
2026-01-23 23:00:01.065105,0x433ad35c,13,17,18,13,17,18,6.25,-59,,3,3
2026-01-23 23:00:16.449098,0x433b0b38,12,23,23,12,23,23,5.25,-77,,5,5
2026-01-23 23:00:57.094568,0x433af380,21,29,29,20,29,29,7.5,-34,,3,3
2026-01-23 23:01:00.141062,0x433ad35c,13,17,17,13,17,17,6.25,-58,,3,3
2026-01-23 23:01:17.396022,0x433b0b38,12,17,17,12,17,17,5.75,-78,,5,5
2026-01-23 12:00:47.942421,0x433b0b38,11,22,25,11,22,25,5.5,-69,,5,5
2026-01-23 12:01:12.749257,0x433ad35c,17,27,27,17,27,27,7.75,-49,,3,3
2026-01-23 12:01:41.051525,0x433b0b38,15,26,29,15,26,29,5.75,-69,,5,5
2026-01-23 12:02:12.984815,0x433ad35c,14,26,30,14,26,30,7.5,-49,,3,3
2026-01-23 12:02:41.164441,0x433b0b38,11,21,22,11,21,22,7.0,-66,,5,5
2026-01-23 12:03:13.222599,0x433ad35c,17,25,29,17,25,29,6.25,-49,,3,3
2026-01-23 12:03:42.487967,0x433b0b38,15,22,24,15,22,24,5.75,-65,,5,5
2026-01-23 12:04:13.451850,0x433ad35c,14,23,26,14,23,26,6.25,-49,,3,3
2026-01-23 12:04:41.577501,0x433b0b38,13,20,23,13,20,23,6.5,-65,,5,5
2026-01-23 12:05:14.229979,0x433ad35c,16,25,27,16,25,27,6.5,-48,,3,3
2026-01-23 12:05:41.982764,0x433b0b38,12,25,30,12,25,30,6.75,-66,,5,5
2026-01-23 12:06:13.940862,0x433ad35c,18,30,33,18,30,33,6.0,-49,,3,3
2026-01-23 12:06:42.051399,0x433b0b38,16,24,27,16,24,27,6.25,-65,,5,5
2026-01-23 12:07:15.458659,0x433ad35c,15,26,29,15,26,29,6.0,-49,,3,3
2026-01-23 12:07:21.609229,0x433af380,21,31,32,20,30,32,6.0,-36,,3,3
2026-01-23 12:07:42.320506,0x433b0b38,12,23,25,12,23,25,6.0,-65,,5,5
2026-01-23 12:08:14.368385,0x433ad35c,15,26,29,15,26,29,5.75,-49,,3,3
2026-01-23 12:08:20.092823,0x433af380,36,46,53,28,39,49,7.0,-35,,3,3
2026-01-23 12:08:42.719730,0x433b0b38,13,19,20,13,19,20,6.5,-65,,5,5
2026-01-23 12:09:14.646993,0x433ad35c,15,24,26,15,24,26,6.0,-48,,3,3
2026-01-23 12:09:18.743512,0x433af380,19,31,33,19,30,33,6.0,-36,,3,3
2026-01-23 12:09:43.333921,0x433b0b38,13,17,21,13,17,21,6.25,-66,,5,5
2026-01-23 12:10:14.830639,0x433ad35c,13,29,34,13,29,34,7.25,-63,,3,3
2026-01-23 12:10:20.784372,0x433af380,22,39,39,21,35,39,7.0,-53,,3,3
2026-01-23 12:10:43.226510,0x433b0b38,17,31,34,17,30,34,6.25,-75,,5,5
2026-01-23 12:11:15.061817,0x433ad35c,15,27,29,15,27,29,6.25,-61,,3,3
2026-01-23 12:11:19.485404,0x433af380,14,29,31,14,29,31,6.5,-36,,3,3
2026-01-23 12:11:43.816495,0x433b0b38,12,22,23,12,22,23,5.75,-74,,5,5
2026-01-23 12:12:15.292290,0x433ad35c,16,20,21,16,20,21,5.25,-58,,3,3
2026-01-23 12:12:20.233782,0x433af380,19,29,31,19,29,31,7.25,-35,,3,3
2026-01-23 12:12:44.031444,0x433b0b38,13,23,28,13,23,28,5.25,-70,,5,5
2026-01-23 12:13:15.530744,0x433ad35c,15,22,27,15,22,27,6.5,-57,,3,3
2026-01-23 12:13:18.142375,0x433af380,19,34,34,19,32,34,6.25,-37,,3,3
2026-01-23 12:13:43.872527,0x433b0b38,15,26,28,15,26,28,5.75,-74,,5,5
2026-01-23 12:14:16.292799,0x433ad35c,14,21,23,14,21,23,5.75,-60,,3,3
2026-01-23 12:14:21.546153,0x433af380,16,32,36,16,31,36,6.0,-36,,3,3
2026-01-23 12:14:43.910148,0x433b0b38,11,16,19,11,16,19,5.5,-73,,5,5
2026-01-23 12:15:16.008435,0x433ad35c,13,20,21,13,20,21,6.75,-57,,3,3
2026-01-23 12:15:20.012510,0x433af380,19,31,34,19,30,34,6.25,-34,,3,3
2026-01-23 12:15:44.135622,0x433b0b38,14,25,31,14,25,31,5.75,-72,,5,5
2026-01-23 12:16:16.275087,0x433ad35c,17,24,25,17,24,25,6.25,-58,,3,3
2026-01-23 12:16:21.331642,0x433af380,20,32,33,19,31,33,6.75,-34,,3,3
2026-01-23 12:16:44.359075,0x433b0b38,13,16,18,13,16,18,5.75,-74,,5,5
2026-01-23 12:17:16.668933,0x433ad35c,17,26,29,17,26,29,7.25,-57,,3,3
2026-01-23 12:17:22.093030,0x433af380,15,25,27,15,25,27,5.75,-34,,3,3
2026-01-23 12:17:46.052086,0x433b0b38,14,24,30,14,24,30,5.5,-78,,5,5
2026-01-23 12:18:16.697510,0x433ad35c,12,19,22,12,19,22,6.75,-57,,3,3
2026-01-23 12:18:23.189934,0x433af380,21,28,28,20,28,28,6.5,-35,,3,3
2026-01-23 12:18:45.558465,0x433b0b38,12,22,22,12,22,22,5.5,-73,,5,5
2026-01-23 12:19:16.968730,0x433ad35c,16,25,28,16,25,28,7.0,-57,,3,3
2026-01-23 12:19:19.669363,0x433af380,20,28,28,20,28,28,6.25,-36,,3,3
2026-01-23 12:19:45.654375,0x433b0b38,16,24,26,16,24,26,5.5,-73,,5,5
2026-01-23 12:20:17.166435,0x433ad35c,14,22,23,14,22,23,6.0,-57,,3,3
2026-01-23 12:20:23.940475,0x433af380,19,29,32,19,29,32,6.5,-39,,3,3
2026-01-23 12:20:45.420773,0x433b0b38,15,22,22,15,22,22,5.25,-72,,5,5
2026-01-23 12:21:17.482820,0x433ad35c,15,23,26,15,23,26,6.25,-57,,3,3
2026-01-23 12:21:22.451949,0x433af380,21,34,37,20,32,37,6.25,-48,,3,3
2026-01-23 12:21:46.036298,0x433b0b38,13,21,22,13,21,22,5.75,-71,,5,5
2026-01-23 12:22:17.624000,0x433ad35c,13,21,23,13,21,23,6.5,-59,,3,3
2026-01-23 12:22:20.704855,0x433af380,34,47,47,27,39,46,6.5,-34,,3,3
2026-01-23 12:22:45.772061,0x433b0b38,12,19,19,12,19,19,5.75,-76,,5,5
2026-01-23 12:23:17.895601,0x433ad35c,14,26,27,14,26,27,5.75,-58,,3,3
2026-01-23 12:23:24.796879,0x433af380,20,33,33,20,32,33,5.75,-33,,3,3
2026-01-23 12:23:46.918884,0x433b0b38,14,23,27,14,23,27,5.5,-76,,5,5
2026-01-23 12:24:18.787315,0x433ad35c,17,26,28,17,26,28,5.75,-59,,3,3
2026-01-23 12:24:22.841701,0x433af380,22,36,38,21,33,38,6.25,-34,,3,3
2026-01-23 12:24:46.244497,0x433b0b38,16,25,34,16,25,34,5.25,-77,,5,5
2026-01-23 12:25:18.308348,0x433ad35c,16,23,23,16,23,23,5.5,-58,,3,3
2026-01-23 12:25:21.739191,0x433af380,22,36,37,21,33,37,6.25,-34,,3,3
2026-01-23 12:25:46.487295,0x433b0b38,13,19,23,13,19,23,5.75,-76,,5,5
2026-01-23 12:26:19.037800,0x433ad35c,16,28,30,16,28,30,5.75,-58,,3,3
2026-01-23 12:26:23.983517,0x433af380,22,34,35,21,32,35,5.5,-34,,3,3
2026-01-23 12:26:46.776681,0x433b0b38,18,28,37,18,28,37,5.75,-75,,5,5
2026-01-23 12:27:18.980960,0x433ad35c,16,32,37,16,31,37,6.25,-58,,3,3
2026-01-23 12:27:25.292530,0x433af380,22,39,41,21,35,41,5.75,-33,,3,3
2026-01-23 12:27:47.036668,0x433b0b38,16,25,25,16,25,25,5.75,-77,,5,5
2026-01-23 12:28:19.547616,0x433ad35c,16,24,25,16,24,25,5.75,-59,,3,3
2026-01-23 12:28:22.625747,0x433af380,39,49,49,30,41,47,7.75,-34,,3,3
2026-01-23 12:28:47.405222,0x433b0b38,14,21,28,14,21,28,6.0,-75,,5,5
2026-01-23 12:29:19.822657,0x433ad35c,16,29,30,16,29,30,6.0,-59,,3,3
2026-01-23 12:29:28.066899,0x433af380,18,31,34,18,30,34,6.25,-34,,3,3
2026-01-23 12:29:48.478066,0x433b0b38,16,24,26,16,24,26,6.5,-69,,5,4
2026-01-23 12:30:19.554133,0x433ad35c,15,24,28,15,24,28,5.75,-58,,3,3
2026-01-23 12:30:23.531683,0x433af380,38,49,50,29,40,48,5.5,-34,,3,3
2026-01-23 12:30:47.652355,0x433b0b38,19,25,29,19,25,29,6.0,-76,,5,5
2026-01-23 12:31:19.743660,0x433ad35c,16,21,21,16,21,21,6.25,-58,,3,3
2026-01-23 12:31:22.070553,0x433af380,19,31,33,19,30,33,6.75,-33,,3,3
2026-01-23 12:31:47.885263,0x433b0b38,13,21,23,13,21,23,5.25,-76,,5,5
2026-01-23 12:32:19.932980,0x433ad35c,18,27,28,18,27,28,5.75,-58,,3,3
2026-01-23 12:32:24.683583,0x433af380,23,34,36,21,32,36,5.75,-34,,3,3
2026-01-23 12:32:48.374832,0x433b0b38,13,23,25,13,23,25,5.5,-75,,5,5
2026-01-23 12:33:20.734435,0x433ad35c,15,27,29,15,27,29,6.0,-57,,3,3
2026-01-23 12:33:25.216400,0x433af380,19,32,32,19,31,32,6.25,-33,,3,3
2026-01-23 12:33:48.556675,0x433b0b38,14,21,21,14,21,21,5.5,-77,,5,5
2026-01-23 12:34:20.409202,0x433ad35c,15,29,31,15,29,31,6.25,-58,,3,3
2026-01-23 12:34:25.629647,0x433af380,32,49,49,27,41,47,6.25,-33,,3,3
2026-01-23 12:34:48.579346,0x433b0b38,12,23,25,12,23,25,5.75,-75,,5,5
2026-01-23 12:35:20.638891,0x433ad35c,15,22,22,15,22,22,6.25,-58,,3,3
2026-01-23 12:35:26.041144,0x433af380,36,51,51,28,41,48,6.25,-33,,3,3
2026-01-23 12:35:48.861826,0x433b0b38,17,32,40,17,31,40,6.25,-75,,5,5
2026-01-23 12:36:21.596024,0x433ad35c,17,28,31,17,28,31,5.75,-59,,3,3
2026-01-23 12:36:23.864143,0x433af380,33,47,49,27,40,47,6.5,-35,,3,3
2026-01-23 12:36:49.560516,0x433b0b38,16,28,29,16,28,29,5.75,-75,,5,5
2026-01-23 12:37:22.020782,0x433ad35c,15,25,27,15,25,27,6.0,-59,,3,3
2026-01-23 12:37:27.826969,0x433af380,20,31,32,19,30,32,6.75,-35,,3,3
2026-01-23 12:37:50.034431,0x433b0b38,15,22,24,15,22,24,5.75,-75,,5,5
2026-01-23 12:38:21.388882,0x433ad35c,17,32,32,17,31,32,6.75,-59,,3,3
2026-01-23 12:38:25.177456,0x433af380,23,32,32,22,31,32,7.0,-34,,3,3
2026-01-23 12:38:50.779169,0x433b0b38,16,27,27,16,27,27,5.75,-74,,5,5
2026-01-23 12:39:21.612007,0x433ad35c,18,29,35,18,29,35,5.75,-58,,3,3
2026-01-23 12:39:25.804390,0x433af380,20,30,30,20,30,30,6.0,-35,,3,3
2026-01-23 12:39:49.927101,0x433b0b38,15,25,26,15,25,26,5.5,-75,,5,5
2026-01-23 12:40:21.791887,0x433ad35c,13,22,25,13,22,25,7.0,-59,,3,3
2026-01-23 12:40:24.375071,0x433af380,15,22,24,15,22,24,7.0,-39,,3,3
2026-01-23 12:40:50.038751,0x433b0b38,13,22,22,13,22,22,5.75,-75,,5,5
2026-01-23 12:41:22.073790,0x433ad35c,17,26,27,17,26,27,4.75,-59,,3,3
2026-01-23 12:41:29.290345,0x433af380,21,28,30,20,28,30,6.25,-34,,3,3
2026-01-23 12:41:50.291957,0x433b0b38,14,25,27,14,25,27,6.25,-75,,5,5
2026-01-23 12:42:22.254389,0x433ad35c,16,23,24,16,23,24,5.75,-59,,3,3
2026-01-23 12:42:26.180391,0x433af380,40,52,53,30,42,50,7.5,-34,,3,3
2026-01-23 12:42:50.647952,0x433b0b38,15,33,42,15,32,42,5.5,-75,,5,5
2026-01-23 12:43:22.492352,0x433ad35c,16,29,32,16,29,32,5.75,-59,,3,3
2026-01-23 12:43:26.391867,0x433af380,33,45,45,27,39,45,6.0,-34,,3,3
2026-01-23 12:43:50.913609,0x433b0b38,13,23,25,13,23,25,5.75,-75,,5,5
2026-01-23 12:44:24.046873,0x433ad35c,17,23,25,17,23,25,6.25,-58,,3,3
2026-01-23 12:44:25.913374,0x433af380,20,33,34,19,31,34,5.75,-34,,3,3
2026-01-23 12:44:51.529390,0x433b0b38,13,21,25,13,21,25,6.0,-75,,5,5
2026-01-23 12:45:23.493463,0x433ad35c,14,27,28,14,27,28,6.5,-59,,3,3
2026-01-23 12:45:28.474620,0x433af380,22,34,34,21,32,34,6.0,-34,,3,3
2026-01-23 12:45:51.175353,0x433b0b38,15,27,32,15,27,32,5.75,-75,,5,5
2026-01-23 12:46:23.231627,0x433ad35c,16,26,29,16,26,29,5.75,-58,,3,3
2026-01-23 12:46:28.129880,0x433af380,10,22,24,10,22,24,7.5,-34,,3,3
2026-01-23 12:46:53.632751,0x433b0b38,14,19,22,14,19,22,5.75,-34,,5,4
2026-01-23 12:47:26.105650,0x433ad35c,16,26,28,16,26,28,6.25,-58,,3,3
2026-01-23 12:47:29.659512,0x433af380,28,40,43,24,35,43,6.25,-34,,3,3
2026-01-23 12:47:53.661888,0x433b0b38,16,21,24,16,21,24,6.0,-75,,5,5
2026-01-23 12:48:23.885278,0x433ad35c,15,20,21,15,20,21,5.75,-59,,3,3
2026-01-23 12:48:27.796450,0x433af380,21,32,35,20,31,35,5.5,-34,,3,3
2026-01-23 12:48:52.563293,0x433b0b38,17,23,24,17,23,24,5.25,-75,,5,5
2026-01-23 12:49:24.117838,0x433ad35c,17,23,25,17,23,25,5.75,-59,,3,3
2026-01-23 12:49:26.701448,0x433af380,19,32,35,19,31,35,5.5,-34,,3,3
2026-01-23 12:49:52.086813,0x433b0b38,17,28,32,17,28,32,6.0,-75,,5,5
2026-01-23 12:50:25.216509,0x433ad35c,14,24,25,14,24,25,6.25,-58,,3,3
2026-01-23 12:50:29.141055,0x433af380,22,34,36,21,32,36,6.0,-34,,3,3
2026-01-23 12:50:53.991098,0x433b0b38,13,20,22,13,20,22,5.75,-75,,5,5
2026-01-23 12:51:25.170711,0x433ad35c,14,23,24,14,23,24,6.25,-59,,3,3
2026-01-23 12:51:32.285994,0x433af380,21,37,41,20,34,41,6.75,-34,,3,3
2026-01-23 12:51:53.384648,0x433b0b38,13,21,25,13,21,25,6.0,-75,,5,5
2026-01-23 12:52:24.824277,0x433ad35c,15,25,28,15,25,28,5.75,-59,,3,3
2026-01-23 12:52:28.126924,0x433af380,18,30,31,18,29,31,6.0,-34,,3,3
2026-01-23 12:52:53.280451,0x433b0b38,19,32,35,19,31,35,5.5,-75,,5,5
2026-01-23 12:53:25.193492,0x433ad35c,15,25,25,15,25,25,6.0,-58,,3,3
2026-01-23 12:53:33.581160,0x433af380,28,39,39,24,35,39,5.75,-35,,3,3
2026-01-23 12:53:55.283506,0x433b0b38,14,21,21,14,21,21,6.25,-75,,5,5
2026-01-23 12:54:25.314198,0x433ad35c,15,24,26,15,24,26,6.5,-59,,3,3
2026-01-23 12:54:28.076329,0x433af380,37,47,51,29,40,49,6.25,-34,,3,3
2026-01-23 12:54:53.908381,0x433b0b38,13,21,21,13,21,21,6.25,-75,,5,5
2026-01-23 12:55:25.542825,0x433ad35c,17,25,27,17,25,27,6.75,-59,,3,3
2026-01-23 12:55:32.507898,0x433af380,24,39,39,22,35,39,7.0,-33,,3,3
2026-01-23 12:55:53.563319,0x433b0b38,13,24,26,13,24,26,5.75,-75,,5,5
2026-01-23 12:56:25.777516,0x433ad35c,15,20,21,15,20,21,7.25,-59,,3,3
2026-01-23 12:56:30.745664,0x433af380,23,34,35,22,32,35,6.0,-35,,3,3
2026-01-23 12:56:54.829508,0x433b0b38,14,21,24,14,21,24,5.5,-76,,5,5
2026-01-23 12:57:26.209235,0x433ad35c,12,20,22,12,20,22,5.75,-59,,3,3
2026-01-23 12:57:30.709361,0x433af380,20,30,31,19,29,31,6.0,-33,,3,3
2026-01-23 12:57:54.040808,0x433b0b38,14,24,27,14,24,27,5.25,-75,,5,5
2026-01-23 12:58:26.288610,0x433ad35c,14,19,21,14,19,21,6.75,-57,,3,3
2026-01-23 12:58:33.272352,0x433af380,39,50,51,30,41,49,7.5,-34,,3,3
2026-01-23 12:58:54.967880,0x433b0b38,17,26,26,17,26,26,5.5,-75,,5,5
2026-01-23 12:59:26.518567,0x433ad35c,14,26,28,14,26,28,5.5,-59,,3,3
2026-01-23 12:59:31.932171,0x433af380,16,29,29,16,29,29,7.0,-33,,3,3
2026-01-23 12:59:55.007570,0x433b0b38,11,18,22,11,18,22,6.0,-75,,5,5
2026-01-23 13:00:26.700533,0x433ad35c,16,23,23,16,23,23,5.5,-58,,3,3
2026-01-23 13:00:32.588727,0x433af380,20,29,33,20,29,33,6.0,-34,,3,3
2026-01-24 09:02:35.633599,0x433af380,10,12,12,10,12,12,6.75,-34,,3,3
2026-01-24 09:02:38.123685,0x433ad35c,6,10,10,6,10,10,6.25,-57,,3,3
2026-01-24 09:02:42.877424,0x433b0b38,10,13,13,10,13,13,5.75,-77,,5,5
2026-01-24 09:03:36.080191,0x433af380,9,13,13,9,13,13,5.75,-34,,3,3
2026-01-24 09:03:38.742202,0x433ad35c,7,9,10,7,9,10,6.25,-57,,3,3
2026-01-24 09:03:41.640377,0x433b0b38,4,7,9,4,7,9,6.0,-75,,5,5
2026-01-24 09:04:38.091238,0x433af380,9,12,12,9,12,12,6.75,-35,,3,3
2026-01-24 09:04:40.717287,0x433ad35c,6,8,8,6,8,8,6.0,-57,,3,3
2026-01-24 09:04:42.619759,0x433b0b38,4,5,5,4,5,5,5.75,-74,,5,5
2026-01-24 09:05:37.388603,0x433af380,10,12,12,10,12,12,7.0,-34,,3,3
2026-01-24 09:05:40.672305,0x433ad35c,6,7,8,6,7,8,6.25,-57,,3,3
2026-01-24 09:05:44.257747,0x433b0b38,5,7,7,5,7,7,6.0,-75,,5,5
2026-01-24 09:06:37.159575,0x433af380,9,12,12,9,12,12,7.25,-34,,3,3
2026-01-24 09:06:39.771642,0x433ad35c,6,9,10,6,9,10,6.25,-57,,3,3
2026-01-24 09:06:43.092328,0x433b0b38,4,6,8,4,6,8,5.75,-75,,5,5
2026-01-24 09:07:37.283399,0x433af380,11,12,13,11,12,13,6.0,-34,,3,3
2026-01-24 09:07:39.815498,0x433ad35c,8,9,10,8,9,10,6.0,-57,,3,3
2026-01-24 09:07:42.620868,0x433b0b38,6,8,8,6,8,8,5.75,-75,,5,5
2026-01-24 09:08:39.529529,0x433ad35c,6,7,7,6,7,7,6.0,-57,,3,3
2026-01-24 09:08:43.585234,0x433b0b38,11,17,18,11,17,18,5.5,-75,,5,5
2026-01-24 09:08:53.563371,0x433af380,9,11,11,9,11,11,5.75,-34,,3,3
2026-01-24 09:09:37.984268,0x433af380,10,12,12,10,12,12,6.25,-35,,3,3
2026-01-24 09:09:40.627838,0x433ad35c,6,7,8,6,7,8,6.0,-57,,3,3
2026-01-24 09:09:45.199007,0x433b0b38,5,6,6,5,6,6,5.5,-74,,5,5
2026-01-24 09:10:40.013182,0x433ad35c,7,8,8,7,8,8,6.0,-57,,3,3
2026-01-24 09:10:42.681699,0x433af380,8,11,11,8,11,11,7.25,-33,,3,3
2026-01-24 09:10:45.224710,0x433b0b38,5,7,11,5,7,11,5.75,-75,,5,5
2026-01-24 09:11:39.843370,0x433af380,10,11,12,10,11,12,7.25,-34,,3,3
2026-01-24 09:11:42.417166,0x433ad35c,6,9,11,6,9,11,6.25,-58,,3,3
2026-01-24 09:11:44.688177,0x433b0b38,5,6,9,5,6,9,5.5,-75,,5,5
2026-01-24 09:12:39.039844,0x433af380,9,11,11,9,11,11,6.25,-34,,3,3
2026-01-24 09:12:43.489973,0x433ad35c,6,7,8,6,7,8,6.75,-57,,3,3
2026-01-24 09:12:45.815304,0x433b0b38,5,7,7,5,7,7,5.5,-75,,5,5
2026-01-24 09:13:38.994859,0x433af380,9,11,11,9,11,11,7.5,-34,,3,3
2026-01-24 09:13:41.450741,0x433ad35c,7,9,9,7,9,9,6.75,-57,,3,3
2026-01-24 09:13:45.189468,0x433b0b38,6,7,7,6,7,7,6.0,-75,,5,5
2026-01-24 09:14:39.901289,0x433af380,9,12,12,9,12,12,5.75,-34,,3,3
2026-01-24 09:14:42.355428,0x433ad35c,6,7,7,6,7,7,6.0,-58,,3,3
2026-01-24 09:14:46.218496,0x433b0b38,7,12,14,7,12,14,6.0,-75,,5,5
2026-01-24 09:15:39.302608,0x433af380,8,9,9,8,9,9,6.0,-34,,3,3
2026-01-24 09:15:41.845804,0x433ad35c,5,6,7,5,6,7,6.25,-58,,3,3
2026-01-24 09:15:44.848711,0x433b0b38,6,7,9,6,7,9,6.0,-75,,5,5
2026-01-24 09:16:41.194674,0x433af380,8,11,11,8,11,11,8.0,-34,,3,3
2026-01-24 09:16:43.623623,0x433ad35c,6,7,8,6,7,8,7.25,-57,,3,3
2026-01-24 09:16:46.279676,0x433b0b38,6,7,8,6,7,8,5.75,-75,,5,5
2026-01-24 09:17:40.619501,0x433af380,9,11,11,9,11,11,7.25,-34,,3,3
2026-01-24 09:17:43.192438,0x433ad35c,7,9,9,7,9,9,6.5,-57,,3,3
2026-01-24 09:17:45.528952,0x433b0b38,5,7,7,5,7,7,5.75,-74,,5,5
2026-01-24 09:18:40.365579,0x433af380,10,13,13,10,13,13,7.0,-34,,3,3
2026-01-24 09:18:42.896553,0x433ad35c,7,9,9,7,9,9,6.0,-56,,3,3
2026-01-24 09:18:45.787222,0x433b0b38,4,6,6,4,6,6,5.75,-75,,5,5
2026-01-24 09:19:40.790447,0x433af380,7,9,9,7,9,9,6.75,-34,,3,3
2026-01-24 09:19:43.246229,0x433ad35c,6,6,6,6,6,6,6.75,-57,,3,3
2026-01-24 09:19:46.000705,0x433b0b38,8,10,12,8,10,12,5.5,-75,,5,5
2026-01-24 09:20:41.875549,0x433af380,8,10,10,8,10,10,5.75,-34,,3,3
2026-01-24 09:20:44.467348,0x433ad35c,5,6,6,5,6,6,6.75,-56,,3,3
2026-01-24 09:20:48.170963,0x433b0b38,5,6,9,5,6,9,5.75,-76,,5,5
2026-01-24 09:21:41.048257,0x433af380,6,7,7,6,7,7,6.0,-34,,3,3
2026-01-24 09:21:43.557440,0x433ad35c,5,6,7,5,6,7,5.5,-56,,3,3
2026-01-24 09:21:47.319380,0x433b0b38,6,12,15,6,12,15,6.25,-75,,5,5
2026-01-24 09:22:41.106402,0x433af380,9,10,10,9,10,10,7.5,-34,,3,3
2026-01-24 09:22:44.629949,0x433ad35c,5,7,7,5,7,7,6.0,-57,,3,3
2026-01-24 09:22:46.881688,0x433b0b38,7,8,8,7,8,8,6.0,-75,,5,5
2026-01-24 09:23:41.347081,0x433af380,18,23,23,18,23,23,7.75,-33,,3,3
2026-01-24 09:23:43.939612,0x433ad35c,7,8,8,7,8,8,6.0,-58,,3,3
2026-01-24 09:23:48.224635,0x433b0b38,7,12,14,7,12,14,5.75,-75,,5,5
2026-01-24 09:24:41.453570,0x433af380,9,9,9,9,9,9,7.75,-34,,3,3
2026-01-24 09:24:44.238310,0x433ad35c,7,9,9,7,9,9,6.0,-57,,3,3
2026-01-24 09:24:48.083343,0x433b0b38,7,9,9,7,9,9,5.75,-75,,5,5
2026-01-24 09:25:41.819870,0x433af380,7,9,9,7,9,9,7.25,-34,,3,3
2026-01-24 09:25:44.381553,0x433ad35c,7,8,8,7,8,8,5.75,-57,,3,3
2026-01-24 09:25:47.630262,0x433b0b38,6,11,13,6,11,13,5.75,-75,,5,5
2026-01-24 09:26:41.994028,0x433af380,9,11,12,9,11,12,6.0,-34,,3,3
2026-01-24 09:26:44.577220,0x433ad35c,7,9,9,7,9,9,6.0,-57,,3,3
2026-01-24 09:26:47.871319,0x433b0b38,7,8,8,7,8,8,5.5,-76,,5,5
2026-01-24 09:27:42.934433,0x433af380,9,11,11,9,11,11,6.0,-34,,3,3
2026-01-24 09:27:45.546641,0x433ad35c,6,8,10,6,8,10,6.5,-57,,3,3
2026-01-24 09:27:49.296632,0x433b0b38,6,7,8,6,7,8,5.75,-75,,5,5
2026-01-24 09:28:43.122439,0x433af380,7,9,9,7,9,9,7.0,-34,,3,3
2026-01-24 09:28:48.242755,0x433b0b38,4,6,6,4,6,6,5.25,-75,,5,5
2026-01-24 09:28:52.693193,0x433ad35c,6,7,7,6,7,7,6.25,-58,,3,3
2026-01-24 09:29:44.374001,0x433af380,7,9,10,7,9,10,7.5,-34,,3,3
2026-01-24 09:29:46.925712,0x433ad35c,6,8,8,6,8,8,5.75,-58,,3,3
2026-01-24 09:29:49.923007,0x433b0b38,6,8,8,6,8,8,5.75,-75,,5,5
2026-01-24 09:30:43.615738,0x433af380,9,10,10,9,10,10,7.5,-34,,3,3
2026-01-24 09:30:46.154885,0x433ad35c,4,5,6,4,5,6,6.0,-58,,3,3
2026-01-24 09:30:49.022984,0x433b0b38,6,11,11,6,11,11,5.75,-74,,5,5
2026-01-24 09:31:43.788158,0x433af380,7,10,11,7,10,11,7.0,-34,,3,3
2026-01-24 09:31:46.351651,0x433ad35c,6,7,7,6,7,7,5.75,-57,,3,3
2026-01-24 09:31:49.613945,0x433b0b38,6,7,7,6,7,7,5.75,-75,,5,5
2026-01-24 09:32:44.036575,0x433af380,8,10,10,8,10,10,7.75,-34,,3,3
2026-01-24 09:32:46.726940,0x433ad35c,5,7,7,5,7,7,6.0,-57,,3,3
2026-01-24 09:32:50.685331,0x433b0b38,7,7,7,7,7,7,6.0,-75,,5,5
2026-01-24 09:33:44.062730,0x433af380,7,10,10,7,10,10,7.5,-35,,3,3
2026-01-24 09:33:46.719407,0x433ad35c,3,4,4,3,4,4,6.0,-57,,3,3
2026-01-24 09:33:50.283754,0x433b0b38,5,6,6,5,6,6,6.0,-75,,5,5
2026-01-24 09:34:44.114211,0x433af380,8,9,10,8,9,10,7.0,-33,,3,3
2026-01-24 09:34:46.864843,0x433ad35c,5,7,8,5,7,8,6.0,-57,,3,3
2026-01-24 09:34:51.296475,0x433b0b38,6,9,11,6,9,11,5.75,-75,,5,5
2026-01-24 09:35:44.597784,0x433af380,8,9,10,8,9,10,6.0,-34,,3,3
2026-01-24 09:35:47.220612,0x433ad35c,5,6,6,5,6,6,6.0,-57,,3,3
2026-01-24 09:35:49.965909,0x433b0b38,6,8,11,6,8,11,5.75,-75,,5,5
2026-01-24 09:36:44.588953,0x433af380,7,8,8,7,8,8,6.25,-34,,3,3
2026-01-24 09:36:47.353005,0x433ad35c,4,7,9,4,7,9,6.75,-57,,3,3
2026-01-24 09:36:50.995958,0x433b0b38,6,9,9,6,9,9,5.5,-75,,5,5
2026-01-24 09:37:45.371317,0x433af380,7,8,8,7,8,8,6.75,-33,,3,3
2026-01-24 09:37:47.826862,0x433ad35c,3,4,4,3,4,4,6.25,-56,,3,3
2026-01-24 09:37:50.569754,0x433b0b38,4,7,8,4,7,8,5.5,-76,,5,5
2026-01-24 09:38:45.398678,0x433af380,8,10,10,8,10,10,7.0,-34,,3,3
2026-01-24 09:38:47.888145,0x433ad35c,6,7,7,6,7,7,6.25,-57,,3,3
2026-01-24 09:38:52.439376,0x433b0b38,5,6,6,5,6,6,5.75,-76,,5,5
2026-01-24 09:39:46.071472,0x433af380,8,9,9,8,9,9,6.0,-33,,3,3
2026-01-24 09:39:48.527724,0x433ad35c,5,8,8,5,8,8,6.25,-57,,3,3
2026-01-24 09:39:51.071105,0x433b0b38,4,6,6,4,6,6,5.75,-75,,5,5
2026-01-24 09:40:45.901618,0x433af380,7,8,8,7,8,8,7.25,-34,,3,3
2026-01-24 09:40:48.493368,0x433ad35c,7,8,9,7,8,9,6.25,-57,,3,3
2026-01-24 09:40:52.345961,0x433b0b38,5,6,6,5,6,6,5.75,-75,,5,5
2026-01-24 09:41:46.503521,0x433af380,6,9,9,6,9,9,6.0,-34,,3,3
2026-01-24 09:41:49.021268,0x433ad35c,5,6,6,5,6,6,5.5,-58,,3,3
2026-01-24 09:41:52.814611,0x433b0b38,3,4,6,3,4,6,5.75,-75,,5,5
2026-01-24 09:42:46.468427,0x433af380,8,8,8,8,8,8,6.25,-34,,3,3
2026-01-24 09:42:49.172135,0x433ad35c,5,6,6,5,6,6,6.5,-57,,3,3
2026-01-24 09:42:52.155960,0x433b0b38,5,6,7,5,6,7,5.75,-75,,5,5
2026-01-24 09:43:46.530504,0x433af380,9,12,14,9,12,14,6.0,-34,,3,3
2026-01-24 09:43:49.076850,0x433ad35c,6,7,7,6,7,7,6.5,-56,,3,3
2026-01-24 09:43:53.214073,0x433b0b38,5,7,7,5,7,7,5.75,-75,,5,5
2026-01-24 09:44:46.889250,0x433af380,7,8,10,7,8,10,7.0,-34,,3,3
2026-01-24 09:44:49.407507,0x433ad35c,6,6,7,6,6,7,6.5,-56,,3,3
2026-01-24 09:44:52.352744,0x433b0b38,3,4,5,3,4,5,5.5,-76,,5,5
2026-01-24 09:45:46.897306,0x433af380,6,8,8,6,8,8,7.0,-33,,3,3
2026-01-24 09:45:49.560519,0x433ad35c,5,6,7,5,6,7,6.25,-58,,3,3
2026-01-24 09:45:53.363308,0x433b0b38,4,8,10,4,8,10,5.75,-75,,5,5
2026-01-24 09:46:49.818895,0x433ad35c,4,5,6,4,5,6,5.75,-57,,3,3
2026-01-24 09:46:52.564175,0x433af380,5,6,6,5,6,6,7.0,-34,,3,3
2026-01-24 09:46:55.093781,0x433b0b38,1,2,2,1,2,2,6.0,-75,,5,5
2026-01-24 09:47:47.524476,0x433af380,19,22,22,19,22,22,7.25,-33,,3,3
2026-01-24 09:47:50.123762,0x433ad35c,4,4,5,4,4,5,6.75,-57,,3,3
2026-01-24 09:47:52.718671,0x433b0b38,4,6,7,4,6,7,5.75,-75,,5,5
2026-01-24 09:48:48.254532,0x433af380,6,8,8,6,8,8,7.0,-34,,3,3
2026-01-24 09:48:50.745837,0x433ad35c,4,5,7,4,5,7,6.0,-56,,3,3
2026-01-24 09:48:55.614068,0x433b0b38,5,6,6,5,6,6,5.25,-75,,5,5
2026-01-24 09:49:48.281434,0x433af380,6,7,7,6,7,7,6.75,-34,,3,3
2026-01-24 09:49:50.871871,0x433ad35c,5,6,6,5,6,6,6.75,-57,,3,3
2026-01-24 09:49:55.137629,0x433b0b38,3,4,6,3,4,6,5.5,-76,,5,5
2026-01-24 09:50:51.886881,0x433af380,4,6,7,4,6,7,6.75,-34,,3,3
2026-01-24 09:50:55.198403,0x433b0b38,3,4,4,3,4,4,5.75,-76,,5,5
2026-01-24 09:50:57.561476,0x433ad35c,5,7,8,5,7,8,6.0,-57,,3,3
2026-01-24 09:51:49.075669,0x433af380,6,6,6,6,6,6,6.75,-35,,3,3
2026-01-24 09:51:51.614201,0x433ad35c,4,4,4,4,4,4,7.0,-57,,3,3
2026-01-24 09:51:54.999053,0x433b0b38,5,7,7,5,7,7,5.75,-76,,5,5
2026-01-24 09:52:48.852512,0x433af380,6,7,7,6,7,7,5.75,-33,,3,3
2026-01-24 09:52:51.593126,0x433ad35c,2,4,4,2,4,4,5.75,-58,,3,3
2026-01-24 09:52:55.165376,0x433b0b38,3,4,4,3,4,4,5.75,-75,,5,5
2026-01-24 09:53:48.996880,0x433af380,6,7,8,6,7,8,7.0,-35,,3,3
2026-01-24 09:53:51.596993,0x433ad35c,5,6,6,5,6,6,5.75,-57,,3,3
2026-01-24 09:53:56.024500,0x433b0b38,4,5,5,4,5,5,5.75,-75,,5,5
2026-01-24 09:54:49.700145,0x433af380,6,7,8,6,7,8,6.0,-33,,3,3
2026-01-24 09:54:52.216890,0x433ad35c,3,4,4,3,4,4,5.75,-58,,3,3
2026-01-24 09:54:56.767958,0x433b0b38,4,5,6,4,5,6,5.75,-75,,5,5
2026-01-24 09:55:50.012709,0x433af380,6,6,6,6,6,6,6.0,-34,,3,3
2026-01-24 09:55:52.584775,0x433ad35c,2,4,5,2,4,5,6.5,-57,,3,3
2026-01-24 09:55:55.097933,0x433b0b38,3,4,4,3,4,4,5.75,-76,,5,5
2026-01-24 09:56:49.916474,0x433af380,4,5,6,4,5,6,7.0,-33,,3,3
2026-01-24 09:56:52.478512,0x433ad35c,3,4,4,3,4,4,6.25,-57,,3,3
2026-01-24 09:56:55.313633,0x433b0b38,6,7,8,6,7,8,6.0,-76,,5,5
2026-01-24 09:57:50.686429,0x433af380,3,3,3,3,3,3,6.0,-33,,3,3
2026-01-24 09:57:53.484596,0x433ad35c,4,5,6,4,5,6,6.75,-57,,3,3
2026-01-24 09:57:58.013904,0x433b0b38,3,4,4,3,4,4,2.25,-75,,5,5
2026-01-24 09:58:50.762753,0x433af380,5,6,6,5,6,6,6.75,-33,,3,3
2026-01-24 09:58:54.878501,0x433ad35c,4,4,5,4,4,5,6.5,-57,,3,3
2026-01-24 09:58:57.602627,0x433b0b38,4,4,4,4,4,4,5.75,-76,,5,5
2026-01-24 09:59:51.073397,0x433af380,6,8,8,6,8,8,6.25,-34,,3,3
2026-01-24 09:59:53.631295,0x433ad35c,4,4,5,4,4,5,5.75,-57,,3,3
2026-01-24 09:59:57.384889,0x433b0b38,5,9,9,5,9,9,5.75,-76,,5,5
2026-01-24 10:00:50.815264,0x433af380,6,7,7,6,7,7,6.0,-34,,3,3
2026-01-24 10:00:53.348202,0x433ad35c,4,4,4,4,4,4,5.75,-57,,3,3
2026-01-24 10:00:57.854371,0x433b0b38,4,4,4,4,4,4,2.25,-75,,5,5
2026-01-24 10:01:51.708467,0x433af380,5,5,5,5,5,5,6.0,-34,,3,3
2026-01-24 10:01:56.430348,0x433b0b38,3,5,6,3,5,6,5.5,-75,,5,5
2026-01-24 10:02:00.724382,0x433ad35c,3,5,5,3,5,5,6.0,-57,,3,3
2026-01-24 10:02:51.498445,0x433af380,5,6,6,5,6,6,6.0,-34,,3,3
2026-01-24 10:02:54.743941,0x433ad35c,4,4,5,4,4,5,6.0,-58,,3,3
2026-01-24 10:02:57.425711,0x433b0b38,2,2,2,2,2,2,5.75,-75,,5,5
2026-01-24 10:03:52.020154,0x433af380,5,7,7,5,7,7,5.75,-34,,3,3
2026-01-24 10:03:54.797216,0x433ad35c,2,4,4,2,4,4,5.75,-57,,3,3
2026-01-24 10:03:59.820773,0x433b0b38,3,5,6,3,5,6,5.5,-75,,5,5
2026-01-24 10:04:51.924358,0x433af380,6,8,8,6,8,8,7.25,-34,,3,3
2026-01-24 10:04:54.396567,0x433ad35c,4,4,5,4,4,5,6.5,-57,,3,3
2026-01-24 10:04:58.676531,0x433b0b38,2,3,5,2,3,5,5.5,-76,,5,5
2026-01-24 10:05:52.436407,0x433af380,6,7,8,6,7,8,6.0,-33,,3,3
2026-01-24 10:05:55.007251,0x433ad35c,4,5,6,4,5,6,5.75,-57,,3,3
2026-01-24 10:06:00.099082,0x433b0b38,2,2,2,2,2,2,2.0,-76,,5,5
2026-01-24 10:06:52.821498,0x433af380,4,5,5,4,5,5,7.0,-33,,3,3
2026-01-24 10:06:57.937252,0x433ad35c,2,3,3,2,3,3,6.0,-57,,3,3
2026-01-24 10:06:59.633600,0x433b0b38,1,1,1,1,1,1,5.5,-76,,5,5
2026-01-24 10:07:53.235245,0x433af380,6,7,9,6,7,9,6.25,-34,,3,3
2026-01-24 10:07:55.689027,0x433ad35c,2,2,2,2,2,2,6.0,-56,,3,3
2026-01-24 10:07:59.302492,0x433b0b38,5,5,5,5,5,5,5.5,-76,,5,5
2026-01-24 10:08:53.230981,0x433af380,6,6,8,6,6,8,6.5,-34,,3,3
2026-01-24 10:08:55.771051,0x433ad35c,3,4,4,3,4,4,6.0,-58,,3,3
2026-01-24 10:08:59.435999,0x433b0b38,3,3,5,3,3,5,5.5,-75,,5,5
2026-01-24 10:09:53.719991,0x433af380,4,5,5,4,5,5,6.75,-34,,3,3
2026-01-24 10:09:56.206631,0x433ad35c,3,4,4,3,4,4,6.25,-57,,3,3
2026-01-24 10:09:59.360323,0x433b0b38,3,3,3,3,3,3,5.5,-75,,5,5
2026-01-24 10:10:53.770504,0x433af380,5,6,7,5,6,7,7.0,-33,,3,3
2026-01-24 10:10:58.608675,0x433ad35c,3,3,3,3,3,3,6.0,-58,,3,3
2026-01-24 10:11:00.307071,0x433b0b38,4,4,4,4,4,4,5.75,-76,,5,5
2026-01-24 10:11:53.699671,0x433af380,2,3,3,2,3,3,7.25,-34,,3,3
2026-01-24 10:11:56.249611,0x433ad35c,3,3,4,3,3,4,5.75,-58,,3,3
2026-01-24 10:11:59.454177,0x433b0b38,1,2,3,1,2,3,6.0,-75,,5,5
2026-01-24 10:12:54.164441,0x433af380,4,4,4,4,4,4,7.0,-33,,3,3
2026-01-24 10:12:58.010342,0x433ad35c,2,2,3,2,2,3,6.25,-58,,3,3
2026-01-24 10:13:03.309204,0x433b0b38,2,3,3,2,3,3,5.5,-76,,5,5
2026-01-24 10:13:54.473026,0x433af380,4,5,5,4,5,5,6.75,-34,,3,3
2026-01-24 10:13:57.059405,0x433ad35c,1,2,2,1,2,2,6.0,-58,,3,3
2026-01-24 10:14:00.593126,0x433b0b38,2,2,2,2,2,2,6.0,-75,,5,5
2026-01-24 10:14:54.772262,0x433af380,2,4,5,2,4,5,6.5,-34,,3,3
2026-01-24 10:14:57.344638,0x433ad35c,2,2,2,2,2,2,6.5,-57,,3,3
2026-01-24 10:15:01.111945,0x433b0b38,1,2,3,1,2,3,5.5,-76,,5,5
2026-01-24 10:15:55.185592,0x433af380,4,4,4,4,4,4,6.25,-34,,3,3
2026-01-24 10:16:00.704796,0x433b0b38,2,3,3,2,3,3,5.75,-76,,5,5
2026-01-24 10:16:03.190899,0x433ad35c,4,5,5,4,5,5,6.5,-57,,3,3
2026-01-24 10:16:55.013503,0x433af380,4,5,6,4,5,6,6.25,-34,,3,3
2026-01-24 10:16:57.522459,0x433ad35c,3,5,6,3,5,6,6.0,-58,,3,3
2026-01-24 10:17:00.783429,0x433b0b38,3,6,8,3,6,8,5.5,-76,,5,5
2026-01-24 10:17:55.565016,0x433af380,3,3,3,3,3,3,6.5,-34,,3,3
2026-01-24 10:17:58.038536,0x433ad35c,4,5,6,4,5,6,5.75,-57,,3,3
2026-01-24 10:18:01.074102,0x433b0b38,1,1,1,1,1,1,5.25,-77,,5,5
2026-01-24 10:18:56.004297,0x433af380,4,5,6,4,5,6,5.75,-33,,3,3
2026-01-24 10:18:58.115349,0x433ad35c,3,3,4,3,3,4,5.5,-57,,3,3
2026-01-24 10:19:01.953402,0x433b0b38,3,3,3,3,3,3,5.5,-77,,5,5
2026-01-24 10:19:56.176871,0x433af380,4,4,4,4,4,4,6.25,-34,,3,3
2026-01-24 10:19:58.704961,0x433ad35c,2,2,3,2,2,3,6.0,-58,,3,3
2026-01-24 10:20:02.996568,0x433b0b38,4,6,6,4,6,6,5.5,-77,,5,5
2026-01-24 10:20:56.147390,0x433af380,4,4,4,4,4,4,7.0,-33,,3,3
2026-01-24 10:20:58.681459,0x433ad35c,3,3,4,3,3,4,6.75,-58,,3,3
2026-01-24 10:21:01.482126,0x433b0b38,3,3,7,3,3,7,5.5,-76,,5,5
2026-01-24 10:21:56.790113,0x433af380,3,3,3,3,3,3,6.0,-34,,3,3
2026-01-24 10:22:01.520810,0x433ad35c,2,3,3,2,3,3,6.0,-58,,3,3
2026-01-24 10:22:02.255826,0x433b0b38,4,5,5,4,5,5,5.75,-75,,5,5
2026-01-24 10:22:56.719520,0x433af380,4,5,5,4,5,5,7.0,-34,,3,3
2026-01-24 10:23:01.061257,0x433ad35c,2,2,3,2,2,3,6.5,-57,,3,3
2026-01-24 10:23:05.342362,0x433b0b38,2,3,6,2,3,6,5.75,-75,,5,5
2026-01-24 10:23:57.070666,0x433af380,4,5,5,4,5,5,7.0,-35,,3,3
2026-01-24 10:23:59.602832,0x433ad35c,3,3,3,3,3,3,5.5,-58,,3,3
2026-01-24 10:24:03.354416,0x433b0b38,1,2,2,1,2,2,5.75,-75,,5,5
2026-01-24 10:24:57.742373,0x433af380,5,6,6,5,6,6,6.25,-34,,3,3
2026-01-24 10:25:04.456176,0x433ad35c,3,3,4,3,3,4,6.75,-57,,3,3
2026-01-24 10:25:06.272645,0x433b0b38,1,2,2,1,2,2,6.0,-74,,5,5
2026-01-24 10:25:57.321157,0x433af380,5,6,6,5,6,6,6.0,-34,,3,3
2026-01-24 10:25:59.895056,0x433ad35c,3,3,4,3,3,4,6.0,-56,,3,3
2026-01-24 10:26:05.827626,0x433b0b38,2,3,3,2,3,3,6.0,-75,,5,5
2026-01-24 10:26:57.694598,0x433af380,6,6,6,6,6,6,6.25,-33,,3,3
2026-01-24 10:27:00.148406,0x433ad35c,2,3,3,2,3,3,6.0,-58,,3,3
2026-01-24 10:27:03.703601,0x433b0b38,1,1,1,1,1,1,5.75,-75,,5,5
2026-01-24 10:27:57.913558,0x433af380,6,6,6,6,6,6,6.5,-34,,3,3
2026-01-24 10:28:00.459902,0x433ad35c,2,2,2,2,2,2,6.5,-57,,3,3
2026-01-24 10:28:03.917437,0x433b0b38,3,3,3,3,3,3,6.0,-75,,5,5
2026-01-24 10:28:58.645055,0x433af380,5,5,5,5,5,5,6.75,-34,,3,3
2026-01-24 10:29:03.217566,0x433ad35c,2,3,3,2,3,3,6.25,-57,,3,3
2026-01-24 10:29:07.410151,0x433b0b38,2,2,4,2,2,4,6.0,-75,,5,5
2026-01-24 10:29:58.335672,0x433af380,4,5,5,4,5,5,5.75,-33,,3,3
2026-01-24 10:30:00.840553,0x433ad35c,2,3,3,2,3,3,7.0,-57,,3,3
2026-01-24 10:30:12.509334,0x433b0b38,2,3,3,2,3,3,3.75,-73,,5,4
2026-01-24 10:30:58.929005,0x433af380,3,4,4,3,4,4,6.5,-33,,3,3
2026-01-24 10:31:04.214576,0x433ad35c,2,3,3,2,3,3,6.0,-57,,3,3
2026-01-24 10:31:04.969132,0x433b0b38,2,2,2,2,2,2,5.75,-76,,5,5
2026-01-24 10:31:58.977803,0x433af380,4,5,5,4,5,5,6.0,-34,,3,3
2026-01-24 10:32:01.467362,0x433ad35c,2,2,2,2,2,2,6.0,-56,,3,3
2026-01-24 10:32:07.686963,0x433b0b38,2,2,2,2,2,2,1.5,-76,,5,5
2026-01-24 10:32:59.800184,0x433af380,3,3,4,3,3,4,7.0,-34,,3,3
2026-01-24 10:33:02.288013,0x433ad35c,3,3,4,3,3,4,6.25,-57,,3,3
2026-01-24 10:33:07.908666,0x433b0b38,2,3,5,2,3,5,5.5,-75,,5,5
2026-01-24 10:33:59.835220,0x433af380,3,4,4,3,4,4,6.0,-33,,3,3
2026-01-24 10:34:05.222324,0x433ad35c,3,4,5,3,4,5,6.0,-57,,3,3
2026-01-24 10:34:09.577728,0x433b0b38,3,5,5,3,5,5,5.75,-75,,5,5
2026-01-24 10:35:00.165580,0x433af380,3,5,5,3,5,5,7.0,-33,,3,3
2026-01-24 10:35:04.593435,0x433ad35c,3,3,4,3,3,4,6.5,-58,,3,3
2026-01-24 10:35:07.535560,0x433b0b38,2,4,4,2,4,4,2.5,-75,,5,5
2026-01-24 10:35:59.821184,0x433af380,5,6,7,5,6,7,5.75,-33,,3,3
2026-01-24 10:36:04.247981,0x433ad35c,3,4,4,3,4,4,6.0,-57,,3,3
2026-01-24 10:36:08.019571,0x433b0b38,3,3,4,3,3,4,5.75,-75,,5,5
2026-01-24 10:37:00.520101,0x433af380,5,5,5,5,5,5,6.25,-34,,3,3
2026-01-24 10:37:03.095361,0x433ad35c,1,2,2,1,2,2,6.25,-57,,3,3
2026-01-24 10:37:08.200876,0x433b0b38,1,1,1,1,1,1,5.75,-76,,5,5
2026-01-24 10:38:03.092674,0x433ad35c,2,2,3,2,2,3,6.25,-57,,3,3
2026-01-24 10:38:05.925290,0x433af380,4,4,4,4,4,4,6.25,-34,,3,3
2026-01-24 10:38:08.402736,0x433b0b38,2,3,3,2,3,3,6.25,-75,,5,5
2026-01-24 10:39:01.994631,0x433af380,4,5,5,4,5,5,6.5,-33,,3,3
2026-01-24 10:39:07.018765,0x433ad35c,3,4,7,3,4,7,6.0,-57,,3,3
2026-01-24 10:39:09.715654,0x433b0b38,3,5,6,3,5,6,5.75,-76,,5,5
2026-01-24 10:40:03.080606,0x433af380,4,4,4,4,4,4,6.0,-33,,3,3
2026-01-24 10:40:05.554446,0x433ad35c,2,3,3,2,3,3,6.5,-57,,3,3
2026-01-24 10:40:10.534459,0x433b0b38,2,3,3,2,3,3,3.5,-76,,5,5
2026-01-24 10:41:02.865149,0x433af380,4,6,6,4,6,6,6.25,-33,,3,3
2026-01-24 10:41:05.365958,0x433ad35c,3,3,3,3,3,3,5.75,-57,,3,3
2026-01-24 10:41:07.504710,0x433b0b38,1,1,1,1,1,1,5.75,-75,,5,5
2026-01-24 10:42:02.884374,0x433af380,4,4,5,4,4,5,7.0,-34,,3,3
2026-01-24 10:42:05.429099,0x433ad35c,1,1,1,1,1,1,6.25,-57,,3,3
2026-01-24 10:42:08.737977,0x433b0b38,1,2,4,1,2,4,5.5,-76,,5,5
2026-01-24 10:43:05.778628,0x433ad35c,2,2,3,2,2,3,6.25,-57,,3,3
2026-01-24 10:43:08.000518,0x433b0b38,3,4,7,3,4,7,6.25,-76,,5,5
2026-01-24 10:43:15.414495,0x433af380,4,4,4,4,4,4,6.0,-34,,3,3
2026-01-24 10:44:03.577989,0x433af380,4,4,4,4,4,4,6.0,-33,,3,3
2026-01-24 10:44:06.032270,0x433ad35c,3,3,3,3,3,3,6.0,-57,,3,3
2026-01-24 10:44:08.493110,0x433b0b38,2,4,4,2,4,4,5.25,-75,,5,5
2026-01-24 10:45:04.304450,0x433ad35c,3,3,3,3,3,3,5.75,-56,,3,3
2026-01-24 10:45:07.337378,0x433af380,4,5,5,4,5,5,7.25,-33,,3,3
2026-01-24 10:45:11.490553,0x433b0b38,1,1,1,1,1,1,5.75,-76,,5,5
2026-01-24 10:46:04.412230,0x433af380,4,5,5,4,5,5,7.0,-34,,3,3
2026-01-24 10:46:06.282937,0x433ad35c,3,3,3,3,3,3,6.25,-57,,3,3
2026-01-24 10:46:09.521678,0x433b0b38,2,3,3,2,3,3,5.5,-76,,5,5
2026-01-24 10:47:04.767865,0x433af380,4,5,5,4,5,5,6.5,-34,,3,3
2026-01-24 10:47:07.297069,0x433ad35c,1,2,2,1,2,2,6.0,-56,,3,3
2026-01-24 10:47:11.249644,0x433b0b38,2,3,3,2,3,3,5.25,-76,,5,5
2026-01-24 10:48:06.284777,0x433ad35c,2,3,3,2,3,3,5.75,-57,,3,3
2026-01-24 10:48:09.197290,0x433b0b38,3,5,5,3,5,5,2.25,-76,,5,5
2026-01-24 10:48:11.959855,0x433af380,3,4,4,3,4,4,6.25,-33,,3,3
2026-01-24 10:49:05.674689,0x433af380,4,4,5,4,4,5,6.5,-34,,3,3
2026-01-24 10:49:08.130197,0x433ad35c,1,1,2,1,1,2,6.25,-56,,3,3
2026-01-24 10:49:10.533704,0x433b0b38,3,3,3,3,3,3,5.5,-76,,5,5
2026-01-24 10:50:06.024031,0x433af380,2,3,5,2,3,5,8.25,-34,,3,3
2026-01-24 10:50:08.513671,0x433ad35c,2,2,2,2,2,2,6.25,-57,,3,3
2026-01-24 10:50:10.756137,0x433b0b38,11,14,14,11,14,14,6.0,-75,,5,5
2026-01-24 10:51:04.641828,0x433af380,4,4,5,4,4,5,5.75,-34,,3,3
2026-01-24 10:51:07.185952,0x433ad35c,2,3,3,2,3,3,6.25,-57,,3,3
2026-01-24 10:51:10.568134,0x433b0b38,8,9,9,8,9,9,5.25,-76,,5,5
2026-01-24 10:52:04.723756,0x433af380,2,3,3,2,3,3,6.25,-34,,3,3
2026-01-24 10:52:07.273338,0x433ad35c,2,2,2,2,2,2,6.75,-57,,3,3
2026-01-24 10:52:12.808374,0x433b0b38,273,386,413,181,257,275,5.25,-79,,5,5
2026-01-24 10:53:04.811061,0x433af380,3,3,3,3,3,3,5.75,-33,,3,3
2026-01-24 10:53:07.278980,0x433ad35c,4,4,4,4,4,4,5.75,-57,,3,3
2026-01-24 10:53:10.615176,0x433b0b38,190,276,283,126,183,188,6.0,-76,,5,5
2026-01-24 10:54:04.586685,0x433af380,4,5,5,4,5,5,6.0,-34,,3,3
2026-01-24 10:54:07.969392,0x433ad35c,2,2,2,2,2,2,5.75,-58,,3,3
2026-01-24 10:54:11.643840,0x433b0b38,179,267,281,118,177,187,6.0,-77,,5,5
2026-01-24 10:55:07.054186,0x433ad35c,2,2,3,2,2,3,6.0,-57,,3,3
2026-01-24 10:55:09.841105,0x433af380,3,3,3,3,3,3,6.5,-34,,3,3
2026-01-24 10:55:12.373588,0x433b0b38,106,147,153,70,97,101,5.25,-79,,5,5
2026-01-24 10:56:05.470576,0x433af380,3,3,3,3,3,3,6.0,-34,,3,3
2026-01-24 10:56:10.024762,0x433ad35c,3,3,3,3,3,3,6.0,-57,,3,3
2026-01-24 10:56:13.654474,0x433b0b38,68,93,101,45,61,73,5.5,-75,,5,5
2026-01-24 10:57:05.697004,0x433af380,4,5,5,4,5,5,6.5,-34,,3,3
2026-01-24 10:57:08.995727,0x433ad35c,2,3,3,2,3,3,6.25,-58,,3,3
2026-01-24 10:57:11.687942,0x433b0b38,268,404,435,177,269,290,6.25,-76,,5,5
2026-01-24 10:58:06.042614,0x433af380,3,3,3,3,3,3,6.75,-34,,3,3
2026-01-24 10:58:11.345358,0x433ad35c,2,2,2,2,2,2,5.75,-57,,3,3
2026-01-24 10:58:13.081275,0x433b0b38,9,15,16,9,15,16,6.0,-73,,5,5
2026-01-24 10:59:07.860361,0x433af380,4,4,4,4,4,4,7.25,-34,,3,3
2026-01-24 10:59:10.390526,0x433ad35c,3,3,3,3,3,3,6.25,-58,,3,3
2026-01-24 10:59:14.047810,0x433b0b38,3,3,5,3,3,5,5.5,-74,,5,5
2026-01-24 11:00:06.601215,0x433af380,3,4,4,3,4,4,6.25,-34,,3,3
2026-01-24 11:00:09.337985,0x433ad35c,3,3,4,3,3,4,5.75,-59,,3,3
2026-01-24 11:00:12.915499,0x433b0b38,,1,1,,1,1,6.75,-75,,5,5
2026-01-24 11:01:06.685318,0x433af380,3,3,3,3,3,3,6.75,-34,,3,3
2026-01-24 11:01:09.140347,0x433ad35c,1,2,3,1,2,3,6.25,-58,,3,3
2026-01-24 11:01:12.520802,0x433b0b38,101,158,177,67,104,117,6.0,-75,,5,5
2026-01-24 20:02:31.265016,0x433af380,6,7,7,6,7,7,6.5,-34,,3,3
2026-01-24 20:02:33.823489,0x433ad35c,2,4,6,2,4,6,6.25,-56,,3,3
2026-01-24 20:02:36.142500,0x433b0b38,2,2,2,2,2,2,5.25,-78,,5,5
2026-01-24 20:03:31.609998,0x433af380,24,26,26,22,26,26,7.25,-35,,3,3
2026-01-24 20:03:34.072688,0x433ad35c,4,4,4,4,4,4,6.5,-56,,3,3
2026-01-24 20:03:36.353340,0x433b0b38,2,3,4,2,3,4,5.5,-77,,5,5
2026-01-24 20:04:31.839400,0x433af380,3,5,5,3,5,5,6.5,-34,,3,3
2026-01-24 20:04:34.304655,0x433ad35c,2,3,4,2,3,4,5.75,-56,,3,3
2026-01-24 20:04:36.919235,0x433b0b38,1,1,3,1,1,3,5.5,-78,,5,5
2026-01-24 20:05:31.965471,0x433af380,4,5,5,4,5,5,6.0,-34,,3,3
2026-01-24 20:05:34.805747,0x433ad35c,4,4,4,4,4,4,5.75,-56,,3,3
2026-01-24 20:05:37.727093,0x433b0b38,2,2,2,2,2,2,5.5,-78,,5,5
2026-01-24 20:06:32.207173,0x433af380,4,5,5,4,5,5,6.0,-33,,3,3
2026-01-24 20:06:34.862926,0x433ad35c,2,3,3,2,3,3,6.0,-56,,3,3
2026-01-24 20:06:37.191321,0x433b0b38,2,3,3,2,3,3,5.5,-78,,5,5
2026-01-24 20:07:35.900276,0x433af380,5,5,5,5,5,5,6.25,-34,,3,3
2026-01-24 20:07:40.198169,0x433ad35c,3,4,6,3,4,6,6.0,-56,,3,3
2026-01-24 20:07:41.869413,0x433b0b38,1,2,4,1,2,4,5.5,-77,,5,5
2026-01-24 20:08:32.943826,0x433af380,3,3,4,3,3,4,6.75,-33,,3,3
2026-01-24 20:08:35.526869,0x433ad35c,2,3,3,2,3,3,6.25,-56,,3,3
2026-01-24 20:08:39.202624,0x433b0b38,2,2,2,2,2,2,5.5,-77,,5,5
2026-01-24 20:09:33.129596,0x433af380,5,6,6,5,6,6,6.25,-33,,3,3
2026-01-24 20:09:35.712559,0x433ad35c,1,1,1,1,1,1,6.25,-56,,3,3
2026-01-24 20:09:39.498912,0x433b0b38,2,2,2,2,2,2,5.5,-78,,5,5
2026-01-24 20:10:33.387891,0x433af380,5,6,7,5,6,7,6.25,-34,,3,3
2026-01-24 20:10:35.892602,0x433ad35c,4,5,6,4,5,6,5.75,-56,,3,3
2026-01-24 20:10:40.032543,0x433b0b38,2,2,2,2,2,2,5.5,-78,,5,5
2026-01-24 20:11:33.851707,0x433af380,5,5,6,5,5,6,6.5,-34,,3,3
2026-01-24 20:11:36.326725,0x433ad35c,1,1,2,1,1,2,6.0,-56,,3,3
2026-01-24 20:11:38.774012,0x433b0b38,2,2,2,2,2,2,5.25,-78,,5,5
2026-01-24 20:12:34.395706,0x433af380,6,7,7,6,7,7,6.5,-33,,3,3
2026-01-24 20:12:36.998552,0x433ad35c,3,3,4,3,3,4,6.0,-56,,3,3
2026-01-24 20:12:40.009970,0x433b0b38,2,2,4,2,2,4,5.5,-77,,5,5
2026-01-24 20:13:34.281573,0x433af380,42,43,43,31,38,43,6.0,-34,,3,3
2026-01-24 20:13:36.833354,0x433ad35c,2,3,4,2,3,4,6.0,-56,,3,3
2026-01-24 20:13:39.851755,0x433b0b38,2,3,3,2,3,3,5.5,-78,,5,5
2026-01-24 20:14:34.541480,0x433af380,3,7,7,3,7,7,7.0,-34,,3,3
2026-01-24 20:14:37.143952,0x433ad35c,4,5,5,4,5,5,6.0,-56,,3,3
2026-01-24 20:14:40.160013,0x433b0b38,2,2,5,2,2,5,5.25,-78,,5,5
2026-01-24 20:15:35.070926,0x433af380,7,9,9,7,9,9,6.25,-33,,3,3
2026-01-24 20:15:39.601376,0x433ad35c,3,3,4,3,3,4,6.5,-55,,3,3
2026-01-24 20:15:41.825178,0x433b0b38,3,4,4,3,4,4,5.5,-77,,5,5
2026-01-24 20:16:35.347206,0x433af380,6,7,8,6,7,8,6.25,-34,,3,3
2026-01-24 20:16:40.691670,0x433ad35c,3,3,3,3,3,3,6.5,-56,,3,3
2026-01-24 20:16:42.448864,0x433b0b38,3,3,3,3,3,3,5.75,-79,,5,5
2026-01-24 20:17:35.417083,0x433af380,19,20,20,19,20,20,7.0,-33,,3,3
2026-01-24 20:17:38.549282,0x433ad35c,5,6,7,5,6,7,5.75,-56,,3,3
2026-01-24 20:17:41.278218,0x433b0b38,2,2,2,2,2,2,5.75,-78,,5,5
2026-01-24 20:18:35.589613,0x433af380,4,4,5,4,4,5,6.0,-34,,3,3
2026-01-24 20:18:38.053406,0x433ad35c,5,6,7,5,6,7,5.5,-56,,3,3
2026-01-24 20:18:41.783275,0x433b0b38,3,4,4,3,4,4,5.5,-78,,5,5
2026-01-24 20:19:36.480478,0x433af380,5,5,6,5,5,6,6.75,-33,,3,3
2026-01-24 20:19:38.950664,0x433ad35c,4,4,4,4,4,4,6.0,-56,,3,3
2026-01-24 20:19:41.409212,0x433b0b38,3,4,4,3,4,4,5.25,-77,,5,5
2026-01-24 20:20:36.116699,0x433af380,6,7,8,6,7,8,7.0,-33,,3,3
2026-01-24 20:20:38.694377,0x433ad35c,5,6,6,5,6,6,5.75,-56,,3,3
2026-01-24 20:20:42.500897,0x433b0b38,2,3,3,2,3,3,5.25,-78,,5,5
2026-01-24 20:21:36.403087,0x433af380,6,7,7,6,7,7,6.0,-34,,3,3
2026-01-24 20:21:38.902550,0x433ad35c,4,4,4,4,4,4,6.25,-56,,3,3
2026-01-24 20:21:41.884341,0x433b0b38,3,3,3,3,3,3,5.5,-78,,5,5
2026-01-24 20:22:36.635477,0x433af380,4,5,6,4,5,6,7.5,-34,,3,3
2026-01-24 20:22:39.133271,0x433ad35c,3,3,3,3,3,3,5.75,-56,,3,3
2026-01-24 20:22:42.618631,0x433b0b38,3,3,5,3,3,5,6.0,-77,,5,5
2026-01-24 20:23:36.842814,0x433af380,5,7,7,5,7,7,6.75,-33,,3,3
2026-01-24 20:23:39.375173,0x433ad35c,6,6,6,6,6,6,6.0,-56,,3,3
2026-01-24 20:23:48.849442,0x433b0b38,2,2,5,2,2,5,5.75,-33,,5,4
2026-01-24 20:24:37.265386,0x433af380,6,7,7,6,7,7,6.25,-34,,3,3
2026-01-24 20:24:39.864192,0x433ad35c,5,5,6,5,5,6,5.75,-56,,3,3
2026-01-24 20:24:44.250372,0x433b0b38,3,4,4,3,4,4,5.75,-77,,5,5
2026-01-24 20:25:37.466030,0x433af380,11,12,12,11,12,12,6.0,-34,,3,3
2026-01-24 20:25:40.678383,0x433ad35c,4,4,4,4,4,4,5.75,-56,,3,3
2026-01-24 20:25:45.504844,0x433b0b38,5,6,6,5,6,6,6.25,-34,,5,4
2026-01-24 20:26:37.696172,0x433af380,6,7,7,6,7,7,6.25,-34,,3,3
2026-01-24 20:26:40.306320,0x433ad35c,4,5,6,4,5,6,6.25,-56,,3,3
2026-01-24 20:26:48.324465,0x433b0b38,2,3,3,2,3,3,5.25,-75,,5,4
2026-01-24 20:27:37.935791,0x433af380,28,29,29,24,29,29,6.0,-34,,3,3
2026-01-24 20:27:40.430976,0x433ad35c,4,4,4,4,4,4,5.75,-56,,3,3
2026-01-24 20:27:42.742677,0x433b0b38,3,3,3,3,3,3,5.5,-77,,5,5
2026-01-24 20:28:38.509595,0x433af380,5,6,7,5,6,7,6.0,-33,,3,3
2026-01-24 20:28:41.098416,0x433ad35c,4,4,4,4,4,4,5.25,-56,,3,3
2026-01-24 20:28:45.274275,0x433b0b38,3,3,3,3,3,3,5.5,-77,,5,5
2026-01-24 20:29:38.776581,0x433af380,8,9,10,8,9,10,5.75,-34,,3,3
2026-01-24 20:29:41.356921,0x433ad35c,3,3,3,3,3,3,6.5,-56,,3,3
2026-01-24 20:29:43.138319,0x433b0b38,1,3,3,1,3,3,5.75,-78,,5,5
2026-01-24 20:30:39.170438,0x433af380,6,6,6,6,6,6,6.25,-33,,3,3
2026-01-24 20:30:41.669497,0x433ad35c,3,4,5,3,4,5,6.25,-56,,3,3
2026-01-24 20:30:45.605360,0x433b0b38,2,3,3,2,3,3,5.5,-78,,5,5
2026-01-24 20:31:38.975541,0x433af380,5,6,8,5,6,8,6.5,-34,,3,3
2026-01-24 20:31:41.566900,0x433ad35c,2,3,4,2,3,4,6.0,-56,,3,3
2026-01-24 20:31:45.433187,0x433b0b38,3,3,3,3,3,3,5.25,-78,,5,5
2026-01-24 20:32:39.238942,0x433af380,5,5,5,5,5,5,6.0,-34,,3,3
2026-01-24 20:32:41.772384,0x433ad35c,5,6,6,5,6,6,6.0,-56,,3,3
2026-01-24 20:32:45.508088,0x433b0b38,2,2,4,2,2,4,5.75,-78,,5,5
2026-01-24 20:33:39.678228,0x433af380,6,6,6,6,6,6,6.0,-33,,3,3
2026-01-24 20:33:42.198025,0x433ad35c,3,3,3,3,3,3,5.5,-56,,3,3
2026-01-24 20:33:44.746266,0x433b0b38,2,3,3,2,3,3,5.25,-78,,5,5
2026-01-24 20:34:39.849586,0x433af380,5,7,8,5,7,8,6.5,-33,,3,3
2026-01-24 20:34:42.400483,0x433ad35c,4,5,5,4,5,5,6.25,-56,,3,3
2026-01-24 20:34:47.995075,0x433b0b38,3,5,5,3,5,5,5.5,-78,,5,5
2026-01-24 20:35:40.000554,0x433af380,2,4,4,2,4,4,7.0,-34,,3,3
2026-01-24 20:35:42.576368,0x433ad35c,2,2,2,2,2,2,6.0,-56,,3,3
2026-01-24 20:35:53.667088,0x433b0b38,2,3,3,2,3,3,5.25,-75,,5,4
2026-01-24 20:36:40.243839,0x433af380,6,6,6,6,6,6,7.0,-34,,3,3
2026-01-24 20:36:42.785072,0x433ad35c,4,4,4,4,4,4,6.5,-56,,3,3
2026-01-24 20:36:45.843212,0x433b0b38,3,5,5,3,5,5,5.5,-78,,5,5
2026-01-24 20:37:40.560324,0x433af380,4,5,5,4,5,5,7.0,-34,,3,3
2026-01-24 20:37:43.077063,0x433ad35c,4,4,5,4,4,5,6.0,-56,,3,3
2026-01-24 20:37:46.201472,0x433b0b38,1,2,2,1,2,2,6.0,-77,,5,5
2026-01-24 20:38:40.914316,0x433af380,6,7,7,6,7,7,6.5,-33,,3,3
2026-01-24 20:38:46.051514,0x433ad35c,4,4,5,4,4,5,6.25,-56,,3,3
2026-01-24 20:38:47.719094,0x433b0b38,3,4,7,3,4,7,5.5,-78,,5,5
2026-01-24 20:39:41.084606,0x433af380,7,8,8,7,8,8,5.5,-33,,3,3
2026-01-24 20:39:44.245075,0x433ad35c,3,4,4,3,4,4,6.25,-56,,3,3
2026-01-24 20:39:46.333386,0x433b0b38,3,3,4,3,3,4,5.5,-78,,5,5
2026-01-24 20:40:43.732890,0x433ad35c,2,3,3,2,3,3,6.25,-56,,3,3
2026-01-24 20:40:46.423278,0x433af380,6,7,7,6,7,7,6.75,-34,,3,3
2026-01-24 20:40:48.896520,0x433b0b38,3,5,5,3,5,5,5.5,-78,,5,5
2026-01-24 20:41:41.489725,0x433af380,6,7,9,6,7,9,6.75,-34,,3,3
2026-01-24 20:41:44.017458,0x433ad35c,5,5,5,5,5,5,5.75,-56,,3,3
2026-01-24 20:41:48.585847,0x433b0b38,3,5,6,3,5,6,5.5,-78,,5,5
2026-01-24 20:42:42.299073,0x433af380,6,7,7,6,7,7,6.5,-33,,3,3
2026-01-24 20:42:44.853338,0x433ad35c,5,5,5,5,5,5,5.5,-56,,3,3
2026-01-24 20:42:49.470163,0x433b0b38,2,3,3,2,3,3,6.0,-77,,5,5
2026-01-24 20:43:42.203271,0x433af380,7,9,9,7,9,9,7.0,-34,,3,3
2026-01-24 20:43:44.712968,0x433ad35c,6,6,6,6,6,6,6.0,-56,,3,3
2026-01-24 20:43:47.349536,0x433b0b38,3,4,6,3,4,6,5.5,-78,,5,5
2026-01-24 20:44:42.334458,0x433af380,7,9,9,7,9,9,5.5,-34,,3,3
2026-01-24 20:44:44.932908,0x433ad35c,4,4,4,4,4,4,5.5,-56,,3,3
2026-01-24 20:44:51.795928,0x433b0b38,1,1,1,1,1,1,5.75,-77,,5,5
2026-01-24 20:45:43.091792,0x433af380,6,7,8,6,7,8,6.5,-34,,3,3
2026-01-24 20:45:47.116260,0x433b0b38,4,5,5,4,5,5,6.0,-79,,5,5
2026-01-24 20:45:49.282441,0x433ad35c,5,6,7,5,6,7,5.75,-56,,3,3
2026-01-24 20:46:45.388975,0x433af380,9,10,10,9,10,10,7.75,-34,,3,3
2026-01-24 20:46:47.851659,0x433ad35c,4,5,5,4,5,5,5.75,-56,,3,3
2026-01-24 20:46:56.594687,0x433b0b38,4,4,4,4,4,4,5.75,-76,,5,4
2026-01-24 20:47:45.250404,0x433af380,7,8,8,7,8,8,5.75,-33,,3,3
2026-01-24 20:47:47.775116,0x433b0b38,2,3,3,2,3,3,5.75,-78,,5,5
2026-01-24 20:47:49.482824,0x433ad35c,5,5,5,5,5,5,5.75,-56,,3,3
2026-01-24 20:48:43.800388,0x433af380,7,7,9,7,7,9,6.0,-34,,3,3
2026-01-24 20:48:46.352553,0x433ad35c,3,4,4,3,4,4,5.75,-56,,3,3
2026-01-24 20:48:49.186077,0x433b0b38,1,2,2,1,2,2,5.75,-78,,5,5
2026-01-24 20:49:44.129835,0x433af380,6,7,7,6,7,7,6.5,-33,,3,3
2026-01-24 20:49:46.629864,0x433ad35c,6,7,7,6,7,7,6.25,-56,,3,3
2026-01-24 20:49:49.745410,0x433b0b38,2,4,4,2,4,4,5.5,-78,,5,5
2026-01-24 20:50:45.970413,0x433ad35c,5,5,5,5,5,5,5.75,-56,,3,3
2026-01-24 20:50:48.726060,0x433af380,7,8,8,7,8,8,6.25,-33,,3,3
2026-01-24 20:50:51.353362,0x433b0b38,5,5,5,5,5,5,5.75,-78,,5,5
2026-01-24 20:51:45.352479,0x433af380,6,6,7,6,6,7,6.5,-34,,3,3
2026-01-24 20:51:47.893696,0x433ad35c,4,6,10,4,6,10,5.75,-56,,3,3
2026-01-24 20:51:50.540262,0x433b0b38,1,1,1,1,1,1,5.75,-78,,5,5
2026-01-24 20:52:45.821628,0x433af380,5,6,6,5,6,6,6.5,-34,,3,3
2026-01-24 20:52:48.347232,0x433ad35c,4,4,4,4,4,4,6.25,-56,,3,3
2026-01-24 20:52:50.096761,0x433b0b38,3,3,4,3,3,4,5.5,-77,,5,5
2026-01-24 20:53:47.277570,0x433ad35c,4,4,4,4,4,4,5.5,-56,,3,3
2026-01-24 20:53:49.908636,0x433af380,6,7,7,6,7,7,7.25,-34,,3,3
2026-01-24 20:53:53.419949,0x433b0b38,4,4,5,4,4,5,5.75,-78,,5,5
2026-01-24 20:54:46.197336,0x433af380,7,7,7,7,7,7,6.75,-34,,3,3
2026-01-24 20:54:48.692684,0x433ad35c,5,5,6,5,5,6,6.25,-56,,3,3
2026-01-24 20:54:50.454941,0x433b0b38,3,3,5,3,3,5,5.5,-78,,5,5
2026-01-24 20:55:47.921277,0x433af380,5,6,6,5,6,6,6.0,-34,,3,3
2026-01-24 20:55:50.645081,0x433b0b38,3,5,5,3,5,5,0.75,-78,,5,5
2026-01-24 20:55:52.715602,0x433ad35c,3,4,4,3,4,4,6.5,-55,,3,3
2026-01-24 20:56:47.984714,0x433af380,6,7,7,6,7,7,6.25,-34,,3,3
2026-01-24 20:56:50.458206,0x433ad35c,4,5,6,4,5,6,6.0,-56,,3,3
2026-01-24 20:56:52.773272,0x433b0b38,2,3,3,2,3,3,5.75,-77,,5,5
2026-01-24 20:57:46.847203,0x433af380,5,8,8,5,8,8,6.75,-34,,3,3
2026-01-24 20:57:49.415009,0x433ad35c,2,3,3,2,3,3,6.0,-56,,3,3
2026-01-24 20:57:51.131847,0x433b0b38,2,2,2,2,2,2,5.75,-78,,5,5
2026-01-24 20:58:47.096554,0x433af380,6,7,7,6,7,7,6.75,-33,,3,3
2026-01-24 20:58:49.662747,0x433ad35c,4,4,4,4,4,4,6.0,-56,,3,3
2026-01-24 20:58:51.560532,0x433b0b38,1,2,6,1,2,6,5.5,-78,,5,5
2026-01-24 20:59:47.481762,0x433af380,4,5,5,4,5,5,6.5,-33,,3,3
2026-01-24 20:59:50.126775,0x433ad35c,4,5,5,4,5,5,6.25,-57,,3,3
2026-01-24 20:59:51.896482,0x433b0b38,1,2,3,1,2,3,6.0,-77,,5,5
2026-01-24 21:00:47.598546,0x433af380,7,8,8,7,8,8,6.0,-34,,3,3
2026-01-24 21:00:50.145023,0x433ad35c,3,4,4,3,4,4,6.75,-56,,3,3
2026-01-24 21:00:51.858610,0x433b0b38,1,1,3,1,1,3,5.75,-78,,5,5
2026-01-24 21:01:47.657142,0x433af380,6,7,7,6,7,7,6.25,-33,,3,3
2026-01-24 21:01:50.195436,0x433ad35c,3,4,6,3,4,6,5.25,-56,,3,3
2026-01-24 21:01:52.864329,0x433b0b38,1,2,4,1,2,4,5.5,-78,,5,5
2026-01-24 03:02:01.400772,0x433af380,27,45,45,24,39,45,7.25,-34,,3,3
2026-01-24 03:02:03.832694,0x433ad35c,13,21,22,13,21,22,6.0,-59,,3,3
2026-01-24 03:02:13.983312,0x433b0b38,17,38,41,17,35,41,5.75,-77,,5,5
2026-01-24 03:03:01.295804,0x433af380,29,43,46,25,38,45,7.25,-33,,3,3
2026-01-24 03:03:04.667984,0x433ad35c,13,27,33,13,27,33,6.75,-59,,3,3
2026-01-24 03:03:14.045602,0x433b0b38,15,28,30,15,28,30,5.75,-77,,5,5
2026-01-24 03:04:01.634389,0x433af380,28,43,43,24,38,43,6.0,-34,,3,3
2026-01-24 03:04:04.084431,0x433ad35c,16,29,32,16,29,32,6.0,-59,,3,3
2026-01-24 03:04:15.327332,0x433b0b38,16,29,30,16,29,30,5.5,-77,,5,5
2026-01-24 03:05:01.900462,0x433af380,23,43,44,21,37,44,5.75,-34,,3,3
2026-01-24 03:05:04.375901,0x433ad35c,15,25,28,15,25,28,5.25,-59,,3,3
2026-01-24 03:05:14.521266,0x433b0b38,16,28,33,16,28,33,6.0,-77,,5,5
2026-01-24 03:06:05.046895,0x433af380,25,42,43,23,37,43,5.5,-34,,3,3
2026-01-24 03:06:07.604112,0x433ad35c,16,25,29,16,25,29,6.0,-58,,3,3
2026-01-24 03:06:14.930401,0x433b0b38,17,29,33,17,29,33,5.5,-76,,5,5
2026-01-24 03:07:02.577685,0x433af380,27,42,44,23,37,44,5.75,-35,,3,3
2026-01-24 03:07:06.458364,0x433ad35c,20,34,35,20,32,35,6.25,-59,,3,3
2026-01-24 03:07:16.145096,0x433b0b38,17,27,28,17,27,28,5.75,-77,,5,5
2026-01-24 03:08:03.305342,0x433af380,28,49,51,24,40,48,7.0,-34,,3,3
2026-01-24 03:08:05.795559,0x433ad35c,17,32,33,17,31,33,6.0,-59,,3,3
2026-01-24 03:08:15.174974,0x433b0b38,17,34,37,17,32,37,5.25,-77,,5,5
2026-01-24 03:09:04.479048,0x433af380,26,46,49,23,39,47,7.5,-34,,3,3
2026-01-24 03:09:06.908965,0x433ad35c,17,34,39,17,32,39,6.5,-58,,3,3
2026-01-24 03:09:15.462149,0x433b0b38,17,34,37,17,32,37,6.0,-77,,5,5
2026-01-24 03:10:03.005963,0x433af380,29,49,52,25,41,49,7.5,-34,,3,3
2026-01-24 03:10:05.418122,0x433ad35c,15,29,30,15,29,30,6.0,-59,,3,3
2026-01-24 03:10:15.653116,0x433b0b38,15,25,25,15,25,25,5.75,-76,,5,5
2026-01-24 03:11:03.336485,0x433af380,29,49,51,25,41,49,7.25,-34,,3,3
2026-01-24 03:11:08.974606,0x433ad35c,18,36,38,18,33,38,7.0,-59,,3,3
2026-01-24 03:11:16.109674,0x433b0b38,17,28,30,17,28,30,5.75,-76,,5,5
2026-01-24 03:12:06.412555,0x433ad35c,19,38,40,19,35,40,7.0,-58,,3,3
2026-01-24 03:12:09.227185,0x433af380,27,44,47,24,38,46,7.25,-34,,3,3
2026-01-24 03:12:16.311567,0x433b0b38,16,26,28,16,26,28,5.5,-77,,5,5
2026-01-24 03:13:03.839432,0x433af380,24,59,99,22,45,71,5.75,-33,,3,3
2026-01-24 03:13:06.271090,0x433ad35c,19,27,29,19,27,29,5.75,-59,,3,3
2026-01-24 03:13:16.341696,0x433b0b38,19,32,32,19,31,32,6.5,-76,,5,5
2026-01-24 03:14:04.609842,0x433af380,25,44,49,23,38,47,7.25,-34,,3,3
2026-01-24 03:14:07.024957,0x433ad35c,17,32,39,17,31,39,5.75,-58,,3,3
2026-01-24 03:14:16.565284,0x433b0b38,16,24,26,16,24,26,6.5,-77,,5,5
2026-01-24 03:15:06.892190,0x433af380,24,47,52,22,40,49,7.5,-34,,3,3
2026-01-24 03:15:09.319607,0x433ad35c,17,31,32,17,30,32,5.75,-59,,3,3
2026-01-24 03:15:16.844900,0x433b0b38,19,30,30,19,30,30,6.0,-77,,5,5
2026-01-24 03:16:04.659997,0x433af380,28,71,96,24,50,71,6.75,-33,,3,3
2026-01-24 03:16:07.150576,0x433ad35c,16,26,26,16,26,26,6.5,-59,,3,3
2026-01-24 03:16:17.028730,0x433b0b38,13,20,22,13,20,22,6.25,-77,,5,5
2026-01-24 03:17:05.749252,0x433af380,27,47,48,24,40,47,5.75,-33,,3,3
2026-01-24 03:17:08.944715,0x433ad35c,16,25,27,16,25,27,6.25,-59,,3,3
2026-01-24 03:17:17.624764,0x433b0b38,13,24,25,13,24,25,5.25,-76,,5,5
2026-01-24 03:18:07.771200,0x433af380,27,47,51,24,40,49,6.75,-34,,3,3
2026-01-24 03:18:10.202868,0x433ad35c,16,29,32,16,29,32,5.75,-59,,3,3
2026-01-24 03:18:17.500408,0x433b0b38,13,21,23,13,21,23,5.75,-77,,5,5
2026-01-24 03:19:05.914859,0x433af380,26,46,47,23,39,46,6.0,-34,,3,3
2026-01-24 03:19:08.406387,0x433ad35c,17,30,31,17,30,31,6.0,-59,,3,3
2026-01-24 03:19:17.735265,0x433b0b38,23,39,40,22,35,40,6.0,-76,,5,5
2026-01-24 03:20:05.847196,0x433af380,23,39,40,21,35,40,7.5,-34,,3,3
2026-01-24 03:20:08.260531,0x433ad35c,17,31,32,17,30,32,5.75,-59,,3,3
2026-01-24 03:20:18.460687,0x433b0b38,12,25,28,12,25,28,6.25,-77,,5,5
2026-01-24 03:21:06.611986,0x433af380,27,58,82,24,45,65,6.75,-33,,3,3
2026-01-24 03:21:10.918900,0x433ad35c,17,30,34,17,29,34,5.75,-58,,3,3
2026-01-24 03:21:18.195995,0x433b0b38,13,26,26,13,26,26,6.25,-77,,5,5
2026-01-24 03:22:06.409489,0x433af380,27,54,68,24,43,58,6.5,-34,,3,3
2026-01-24 03:22:08.823213,0x433ad35c,17,32,35,17,31,35,6.0,-58,,3,3
2026-01-24 03:22:19.223657,0x433b0b38,14,25,27,14,25,27,5.25,-76,,5,5
2026-01-24 03:23:06.579744,0x433af380,23,37,40,22,34,40,7.0,-33,,3,3
2026-01-24 03:23:09.025618,0x433ad35c,20,33,37,20,32,37,5.75,-59,,3,3
2026-01-24 03:23:18.760856,0x433b0b38,15,30,35,15,30,35,6.0,-76,,5,5
2026-01-24 03:24:08.549929,0x433af380,26,47,53,23,40,50,5.75,-34,,3,3
2026-01-24 03:24:11.013087,0x433ad35c,17,26,34,17,26,34,6.0,-58,,3,3
2026-01-24 03:24:18.890034,0x433b0b38,16,24,28,16,24,28,5.75,-77,,5,5
2026-01-24 03:25:09.323781,0x433ad35c,17,30,30,17,29,30,6.75,-59,,3,3
2026-01-24 03:25:12.114701,0x433af380,29,50,53,25,41,50,5.75,-34,,3,3
2026-01-24 03:25:19.122503,0x433b0b38,16,27,30,16,27,30,5.75,-77,,5,5
2026-01-24 03:26:07.347191,0x433af380,30,52,53,26,42,50,7.25,-34,,3,3
2026-01-24 03:26:09.797073,0x433ad35c,18,30,34,18,30,34,6.25,-58,,3,3
2026-01-24 03:26:19.402212,0x433b0b38,13,21,21,13,21,21,6.5,-77,,5,5
2026-01-24 03:27:08.875172,0x433af380,29,56,60,25,44,54,6.25,-34,,3,3
2026-01-24 03:27:12.212115,0x433ad35c,18,39,44,18,35,44,6.0,-59,,3,3
2026-01-24 03:27:20.394033,0x433b0b38,13,28,33,13,28,33,5.5,-76,,5,5
2026-01-24 03:28:08.052472,0x433af380,29,61,62,25,45,55,7.0,-35,,3,3
2026-01-24 03:28:10.524111,0x433ad35c,22,42,44,21,37,44,6.0,-58,,3,3
2026-01-24 03:28:19.823617,0x433b0b38,17,30,34,17,30,34,5.5,-76,,5,5
2026-01-24 03:29:09.037519,0x433af380,25,46,49,23,39,47,6.0,-34,,3,3
2026-01-24 03:29:11.528835,0x433ad35c,16,40,40,16,35,40,6.5,-59,,3,3
2026-01-24 03:29:20.522727,0x433b0b38,19,38,43,19,35,43,6.5,-77,,5,5
2026-01-24 03:30:11.319513,0x433ad35c,15,27,31,15,27,31,6.0,-58,,3,3
2026-01-24 03:30:13.044838,0x433af380,26,50,55,23,41,51,6.75,-34,,3,3
2026-01-24 03:30:20.482310,0x433b0b38,17,29,32,17,29,32,5.75,-77,,5,5
2026-01-24 03:31:09.025140,0x433af380,28,51,58,24,42,53,5.75,-33,,3,3
2026-01-24 03:31:12.175233,0x433ad35c,18,37,38,18,34,38,6.0,-58,,3,3
2026-01-24 03:31:20.529909,0x433b0b38,16,34,35,16,32,35,6.0,-77,,5,5
2026-01-24 03:32:09.091947,0x433af380,28,51,65,24,41,56,6.0,-34,,3,3
2026-01-24 03:32:11.583287,0x433ad35c,17,34,39,17,32,39,6.25,-58,,3,3
2026-01-24 03:32:21.155487,0x433b0b38,18,33,35,18,32,35,5.25,-77,,5,5
2026-01-24 03:33:09.386101,0x433af380,27,51,57,24,42,52,7.25,-34,,3,3
2026-01-24 03:33:11.930704,0x433ad35c,17,29,33,17,29,33,6.75,-59,,3,3
2026-01-24 03:33:21.581047,0x433b0b38,14,24,27,14,24,27,6.5,-77,,5,5
2026-01-24 03:34:09.618092,0x433af380,29,53,61,25,43,55,5.75,-34,,3,3
2026-01-24 03:34:12.147571,0x433ad35c,18,35,36,18,33,36,6.0,-58,,3,3
2026-01-24 03:34:21.274054,0x433b0b38,17,33,40,17,32,40,5.5,-78,,5,5
2026-01-24 03:35:09.780765,0x433af380,26,52,56,23,42,51,7.0,-34,,3,3
2026-01-24 03:35:12.263654,0x433ad35c,17,32,36,17,31,36,6.75,-59,,3,3
2026-01-24 03:35:21.477302,0x433b0b38,17,31,33,17,31,33,6.0,-77,,5,5
2026-01-24 03:36:10.009171,0x433af380,28,53,58,24,43,53,7.25,-34,,3,3
2026-01-24 03:36:12.540222,0x433ad35c,21,36,36,20,33,36,6.0,-59,,3,3
2026-01-24 03:36:21.716031,0x433b0b38,17,31,36,17,30,36,5.75,-77,,5,5
2026-01-24 03:37:10.303513,0x433af380,31,48,49,26,40,47,7.5,-35,,3,3
2026-01-24 03:37:12.823682,0x433ad35c,16,27,28,16,27,28,5.5,-59,,3,3
2026-01-24 03:37:22.143626,0x433b0b38,19,37,39,19,34,39,5.5,-77,,5,5
2026-01-24 03:38:10.548117,0x433af380,25,51,54,23,42,51,7.5,-33,,3,3
2026-01-24 03:38:13.091404,0x433ad35c,20,38,42,20,35,42,6.5,-59,,3,3
2026-01-24 03:38:22.172895,0x433b0b38,16,33,33,16,32,33,5.75,-77,,5,5
2026-01-24 03:39:10.816885,0x433af380,25,48,51,22,40,48,6.0,-35,,3,3
2026-01-24 03:39:13.273945,0x433ad35c,16,33,40,16,31,40,6.0,-58,,3,3
2026-01-24 03:39:22.405765,0x433b0b38,20,38,47,20,35,46,6.5,-77,,5,5
2026-01-24 03:40:11.532983,0x433af380,24,47,56,22,40,52,5.75,-34,,3,3
2026-01-24 03:40:14.026473,0x433ad35c,20,37,39,20,34,39,5.75,-58,,3,3
2026-01-24 03:40:22.676439,0x433b0b38,13,24,24,13,24,24,6.0,-77,,5,5
2026-01-24 03:41:11.287894,0x433af380,28,51,58,24,42,53,7.5,-34,,3,3
2026-01-24 03:41:14.546723,0x433ad35c,21,34,39,20,32,39,6.25,-58,,3,3
2026-01-24 03:41:23.042457,0x433b0b38,16,23,25,16,23,25,5.75,-77,,5,5
2026-01-24 03:42:11.589310,0x433af380,26,45,47,23,39,46,6.0,-34,,3,3
2026-01-24 03:42:14.039727,0x433ad35c,19,33,34,19,32,34,4.75,-59,,3,3
2026-01-24 03:42:23.302007,0x433b0b38,16,33,36,16,32,36,5.5,-76,,5,5
2026-01-24 03:43:11.812045,0x433af380,27,46,50,24,39,48,7.5,-34,,3,3
2026-01-24 03:43:14.354412,0x433ad35c,18,36,39,18,33,39,6.0,-59,,3,3
2026-01-24 03:43:23.336581,0x433b0b38,16,30,35,16,30,35,5.5,-77,,5,5
2026-01-24 03:44:12.145005,0x433af380,22,40,43,21,35,43,7.25,-33,,3,3
2026-01-24 03:44:14.711407,0x433ad35c,18,31,36,18,30,36,6.0,-58,,3,3
2026-01-24 03:44:23.562086,0x433b0b38,14,31,39,14,30,39,5.5,-76,,5,5
2026-01-24 03:45:12.518251,0x433af380,28,52,54,24,42,50,7.0,-34,,3,3
2026-01-24 03:45:15.018745,0x433ad35c,19,36,39,19,33,39,6.0,-59,,3,3
2026-01-24 03:45:23.906474,0x433b0b38,16,27,36,16,27,36,6.25,-76,,5,5
2026-01-24 03:46:12.643973,0x433af380,23,38,40,22,35,40,7.75,-34,,3,3
2026-01-24 03:46:15.130008,0x433ad35c,17,34,36,17,32,36,5.75,-59,,3,3
2026-01-24 03:46:24.603181,0x433b0b38,15,32,33,15,31,33,5.75,-77,,5,5
2026-01-24 03:47:12.861498,0x433af380,31,50,54,26,41,50,6.5,-34,,3,3
2026-01-24 03:47:15.422802,0x433ad35c,16,33,36,16,32,36,6.25,-57,,3,3
2026-01-24 03:47:24.468522,0x433b0b38,13,23,25,13,23,25,5.5,-78,,5,5
2026-01-24 03:48:13.179102,0x433af380,29,48,57,25,40,52,7.0,-33,,3,3
2026-01-24 03:48:15.693981,0x433ad35c,16,29,32,16,29,32,6.0,-58,,3,3
2026-01-24 03:48:24.482359,0x433b0b38,16,27,32,16,27,32,5.75,-77,,5,5
2026-01-24 03:49:13.399654,0x433af380,27,49,55,23,40,51,7.0,-34,,3,3
2026-01-24 03:49:15.874440,0x433ad35c,17,33,38,17,32,38,6.0,-58,,3,3
2026-01-24 03:49:24.719901,0x433b0b38,17,27,29,17,27,29,5.5,-77,,5,5
2026-01-24 03:50:13.603479,0x433af380,23,45,47,21,38,46,6.75,-34,,3,3
2026-01-24 03:50:16.078758,0x433ad35c,16,31,34,16,30,34,5.75,-59,,3,3
2026-01-24 03:50:25.518689,0x433b0b38,19,35,36,19,33,36,5.25,-77,,5,5
2026-01-24 03:51:13.989057,0x433af380,30,52,54,26,42,50,7.25,-34,,3,3
2026-01-24 03:51:16.463091,0x433ad35c,17,27,29,17,27,29,5.75,-58,,3,3
2026-01-24 03:51:25.205325,0x433b0b38,19,31,37,19,30,37,5.25,-76,,5,5
2026-01-24 03:52:14.133677,0x433af380,26,43,48,23,38,47,8.0,-33,,3,3
2026-01-24 03:52:16.549966,0x433ad35c,17,28,33,17,28,33,6.0,-59,,3,3
2026-01-24 03:52:25.638655,0x433b0b38,20,34,34,20,32,34,5.5,-77,,5,5
2026-01-24 03:53:14.757821,0x433af380,26,48,50,23,40,48,7.5,-33,,3,3
2026-01-24 03:53:17.285052,0x433ad35c,18,30,32,18,29,32,6.0,-58,,3,3
2026-01-24 03:53:25.686416,0x433b0b38,16,26,28,16,26,28,6.0,-77,,5,5
2026-01-24 03:54:14.657090,0x433af380,25,41,43,23,36,43,6.25,-34,,3,3
2026-01-24 03:54:17.122496,0x433ad35c,18,37,41,18,34,41,6.0,-59,,3,3
2026-01-24 03:54:25.912423,0x433b0b38,13,21,24,13,21,24,6.25,-77,,5,5
2026-01-24 03:55:15.088485,0x433af380,28,49,51,24,40,48,7.25,-34,,3,3
2026-01-24 03:55:20.942678,0x433ad35c,18,30,37,18,29,37,6.25,-58,,3,3
2026-01-24 03:55:26.150681,0x433b0b38,15,27,32,15,27,32,6.0,-77,,5,5
2026-01-24 03:56:15.354064,0x433af380,26,46,48,23,39,46,6.5,-34,,3,3
2026-01-24 03:56:17.854313,0x433ad35c,19,28,29,19,28,29,5.5,-59,,3,3
2026-01-24 03:56:26.382700,0x433b0b38,15,25,29,15,25,29,6.25,-76,,5,5
2026-01-24 03:57:15.840235,0x433af380,25,41,44,22,36,44,5.75,-34,,3,3
2026-01-24 03:57:18.338379,0x433ad35c,17,25,28,17,25,28,6.0,-59,,3,3
2026-01-24 03:57:27.528406,0x433b0b38,16,27,29,16,27,29,6.0,-77,,5,5
2026-01-24 03:58:15.713214,0x433af380,27,45,46,24,39,45,6.25,-33,,3,3
2026-01-24 03:58:18.918551,0x433ad35c,18,34,34,18,32,34,6.0,-59,,3,3
2026-01-24 03:58:26.838635,0x433b0b38,20,33,35,20,32,35,5.5,-77,,5,5
2026-01-24 03:59:16.353705,0x433af380,26,46,47,23,39,46,7.5,-34,,3,3
2026-01-24 03:59:18.843204,0x433ad35c,15,29,31,15,29,31,5.75,-59,,3,3
2026-01-24 03:59:27.119452,0x433b0b38,14,26,31,14,26,31,5.5,-76,,5,5
2026-01-24 04:00:16.170301,0x433af380,24,34,34,22,32,34,7.25,-33,,3,3
2026-01-24 04:00:18.708667,0x433ad35c,17,29,29,17,29,29,6.0,-58,,3,3
2026-01-24 04:00:27.310279,0x433b0b38,13,21,26,13,21,26,5.5,-77,,5,5
2026-01-24 04:01:16.426813,0x433af380,24,40,41,22,36,41,8.0,-35,,3,3
2026-01-24 04:01:18.929525,0x433ad35c,13,29,31,13,29,31,6.0,-59,,3,3
2026-01-24 04:01:27.547355,0x433b0b38,14,29,31,14,29,31,6.0,-77,,5,5
2026-01-24 16:02:27.714385,0x433af380,1,1,1,1,1,1,6.25,-34,,3,3
2026-01-24 16:02:30.178142,0x433ad35c,,,,,,,6.0,-59,,3,3
2026-01-24 16:02:32.387745,0x433b0b38,22,33,34,21,32,34,6.75,-77,,5,5
2026-01-24 16:03:27.913206,0x433af380,,,,,,,7.5,-33,,3,3
2026-01-24 16:03:30.338287,0x433ad35c,,,,,,,5.5,-59,,3,3
2026-01-24 16:03:32.298000,0x433b0b38,3,3,3,3,3,3,5.5,-78,,5,5
2026-01-24 16:04:29.772833,0x433af380,1,1,1,1,1,1,7.75,-34,,3,3
2026-01-24 16:04:31.168035,0x433ad35c,,,,,,,6.0,-59,,3,3
2026-01-24 16:04:35.479960,0x433b0b38,2,2,2,2,2,2,7.25,-77,,5,5
2026-01-24 16:05:28.207376,0x433af380,,,,,,,7.25,-34,,3,3
2026-01-24 16:05:30.724616,0x433ad35c,1,2,3,1,2,3,5.5,-59,,3,3
2026-01-24 16:05:42.211577,0x433b0b38,,1,1,,1,1,6.25,-79,,5,5
2026-01-24 16:06:28.503476,0x433af380,1,1,1,1,1,1,6.5,-33,,3,3
2026-01-24 16:06:31.215569,0x433ad35c,,,,,,,6.5,-59,,3,3
2026-01-24 16:06:34.001965,0x433b0b38,17,25,30,17,25,30,5.5,-78,,5,5
2026-01-24 16:07:28.715495,0x433af380,1,1,2,1,1,2,6.75,-33,,3,3
2026-01-24 16:07:31.751305,0x433ad35c,,,,,,,6.25,-58,,3,3
2026-01-24 16:07:35.574168,0x433b0b38,45,67,72,32,48,61,6.0,-77,,5,5
2026-01-24 16:08:29.617133,0x433af380,1,1,2,1,1,2,6.0,-34,,3,3
2026-01-24 16:08:32.097315,0x433ad35c,,,,,,,7.25,-59,,3,3
2026-01-24 16:08:34.438141,0x433b0b38,1,1,1,1,1,1,5.25,-79,,5,5
2026-01-24 16:09:29.751742,0x433af380,,,,,,,5.75,-34,,3,3
2026-01-24 16:09:32.342678,0x433ad35c,1,1,4,1,1,4,6.0,-59,,3,3
2026-01-24 16:09:35.377695,0x433b0b38,4,4,4,4,4,4,5.5,-78,,5,5
2026-01-24 16:10:32.194221,0x433af380,,1,1,,1,1,6.25,-33,,3,3
2026-01-24 16:10:34.574389,0x433ad35c,,,2,,,2,6.25,-58,,3,3
2026-01-24 16:10:43.446482,0x433b0b38,,,3,,,3,6.5,-78,,5,5
2026-01-24 16:11:30.133192,0x433af380,,,,,,,6.0,-33,,3,3
2026-01-24 16:11:32.754518,0x433ad35c,,1,1,,1,1,6.0,-59,,3,3
2026-01-24 16:11:35.250733,0x433b0b38,9,15,17,9,15,17,5.75,-76,,5,5
2026-01-24 16:12:30.352312,0x433af380,,,,,,,6.0,-34,,3,3
2026-01-24 16:12:32.927254,0x433ad35c,,,,,,,7.25,-58,,3,3
2026-01-24 16:12:35.384488,0x433b0b38,14,28,32,14,28,32,5.5,-78,,5,5
2026-01-24 16:13:30.601274,0x433af380,,,,,,,6.5,-34,,3,3
2026-01-24 16:13:33.148213,0x433ad35c,,,,,,,7.0,-59,,3,3
2026-01-24 16:13:35.047540,0x433b0b38,74,114,116,49,75,78,5.5,-77,,5,5
2026-01-24 16:14:30.854810,0x433af380,,,1,,,1,5.75,-33,,3,3
2026-01-24 16:14:34.803803,0x433ad35c,,,,,,,5.75,-59,,3,3
2026-01-24 16:14:37.721879,0x433b0b38,1,2,4,1,2,4,5.75,-77,,5,5
2026-01-24 16:15:31.608290,0x433af380,,,,,,,6.25,-34,,3,3
2026-01-24 16:15:34.336249,0x433ad35c,,,1,,,1,5.75,-58,,3,3
2026-01-24 16:15:40.237275,0x433b0b38,1,1,1,1,1,1,5.25,-83,,5,4
2026-01-24 16:16:32.147726,0x433af380,,,,,,,7.25,-34,,3,3
2026-01-24 16:16:34.486084,0x433ad35c,,,,,,,6.5,-57,,3,3
2026-01-24 16:16:37.693249,0x433b0b38,,,1,,,1,5.5,-78,,5,5
2026-01-24 16:17:31.693666,0x433af380,,,1,,,1,6.75,-34,,3,3
2026-01-24 16:17:34.414122,0x433ad35c,1,1,2,1,1,2,6.5,-58,,3,3
2026-01-24 16:17:38.693239,0x433b0b38,,,,,,,5.75,-78,,5,5
2026-01-24 16:18:31.893782,0x433af380,,,,,,,6.75,-34,,3,3
2026-01-24 16:18:34.489222,0x433ad35c,,1,1,,1,1,7.0,-57,,3,3
2026-01-24 16:18:37.062919,0x433b0b38,1,1,1,1,1,1,5.75,-78,,5,5
2026-01-24 16:19:32.400685,0x433af380,,,,,,,7.75,-34,,3,3
2026-01-24 16:19:34.816933,0x433ad35c,,,,,,,6.5,-58,,3,3
2026-01-24 16:19:37.305064,0x433b0b38,,,,,,,6.0,-78,,5,5
2026-01-24 16:20:32.989785,0x433af380,,,,,,,6.0,-34,,3,3
2026-01-24 16:20:35.448139,0x433ad35c,,,,,,,6.5,-58,,3,3
2026-01-24 16:20:42.005085,0x433b0b38,15,19,19,15,19,19,5.5,-77,,5,5
2026-01-24 16:21:32.878013,0x433af380,,,,,,,7.0,-34,,3,3
2026-01-24 16:21:35.372210,0x433ad35c,,,1,,,1,5.5,-59,,3,3
2026-01-24 16:21:37.893180,0x433b0b38,2,2,2,2,2,2,5.5,-78,,5,5
2026-01-24 16:22:35.719275,0x433af380,,,,,,,6.0,-34,,3,3
2026-01-24 16:22:38.178130,0x433ad35c,,,1,,,1,6.75,-58,,3,3
2026-01-24 16:22:41.085552,0x433b0b38,4,4,4,4,4,4,5.75,-77,,5,5
2026-01-24 16:23:33.105558,0x433af380,,,,,,,6.75,-33,,3,3
2026-01-24 16:23:35.521320,0x433ad35c,,,,,,,6.25,-59,,3,3
2026-01-24 16:23:38.185495,0x433b0b38,3,4,6,3,4,6,5.5,-77,,5,5
2026-01-24 16:24:34.147919,0x433af380,1,2,2,1,2,2,5.75,-33,,3,3
2026-01-24 16:24:36.521012,0x433ad35c,,,,,,,6.5,-58,,3,3
2026-01-24 16:24:39.400588,0x433b0b38,1,1,1,1,1,1,5.75,-78,,5,5
2026-01-24 16:25:33.932025,0x433af380,,,,,,,6.0,-34,,3,3
2026-01-24 16:25:38.079167,0x433ad35c,,,1,,,1,6.25,-58,,3,3
2026-01-24 16:25:38.809429,0x433b0b38,,,,,,,5.75,-78,,5,5
2026-01-24 16:26:34.266169,0x433af380,,,,,,,5.75,-34,,3,3
2026-01-24 16:26:36.694976,0x433ad35c,,,,,,,6.5,-57,,3,3
2026-01-24 16:26:38.563620,0x433b0b38,,,,,,,6.25,-78,,5,5
2026-01-24 16:27:34.346546,0x433af380,18,19,20,18,19,20,6.75,-34,,3,3
2026-01-24 16:27:36.729174,0x433ad35c,,,,,,,5.75,-59,,3,3
2026-01-24 16:27:39.176740,0x433b0b38,1,2,2,1,2,2,5.5,-78,,5,5
2026-01-24 16:28:34.550166,0x433af380,1,1,1,1,1,1,6.25,-34,,3,3
2026-01-24 16:28:37.040236,0x433ad35c,,,1,,,1,7.0,-59,,3,3
2026-01-24 16:28:39.830822,0x433b0b38,2,3,3,2,3,3,5.5,-78,,5,5
2026-01-24 16:29:34.514530,0x433af380,1,1,1,1,1,1,7.25,-34,,3,3
2026-01-24 16:29:37.149088,0x433ad35c,1,2,2,1,2,2,6.0,-59,,3,3
2026-01-24 16:29:41.285238,0x433b0b38,,,1,,,1,5.5,-78,,5,5
2026-01-24 16:30:35.068395,0x433af380,1,1,1,1,1,1,5.75,-34,,3,3
2026-01-24 16:30:37.406910,0x433ad35c,,,,,,,7.5,-60,,3,3
2026-01-24 16:30:41.067995,0x433b0b38,,,,,,,5.75,-79,,5,5
2026-01-24 16:31:35.431375,0x433af380,,,,,,,7.5,-34,,3,3
2026-01-24 16:31:38.041009,0x433ad35c,2,3,4,2,3,4,6.75,-58,,3,3
2026-01-24 16:31:40.465154,0x433b0b38,2,2,2,2,2,2,5.5,-78,,5,5
2026-01-24 16:32:35.331412,0x433af380,,,,,,,5.75,-34,,3,3
2026-01-24 16:32:37.901011,0x433ad35c,17,18,18,17,18,18,6.0,-59,,3,3
2026-01-24 16:32:47.517369,0x433b0b38,,,2,,,2,6.25,-34,,5,4
2026-01-24 16:33:35.607728,0x433af380,15,19,19,15,19,19,7.25,-34,,3,3
2026-01-24 16:33:38.113397,0x433ad35c,1,1,1,1,1,1,6.0,-58,,3,3
2026-01-24 16:33:40.318479,0x433b0b38,,,,,,,5.5,-77,,5,5
2026-01-24 16:34:35.894140,0x433af380,11,15,15,11,15,15,6.0,-34,,3,3
2026-01-24 16:34:38.400184,0x433ad35c,,,,,,,6.25,-58,,3,3
2026-01-24 16:34:41.081307,0x433b0b38,,,,,,,6.0,-78,,5,5
2026-01-24 16:35:38.346095,0x433ad35c,,,,,,,6.0,-58,,3,3
2026-01-24 16:35:42.992426,0x433af380,1,2,2,1,2,2,6.5,-35,,3,3
2026-01-24 16:35:52.505908,0x433b0b38,,,,,,,6.75,-74,,5,4
2026-01-24 16:36:36.812595,0x433af380,6,8,8,6,8,8,6.5,-34,,3,3
2026-01-24 16:36:39.232327,0x433ad35c,,,,,,,6.25,-58,,3,3
2026-01-24 16:36:42.824322,0x433b0b38,1,1,1,1,1,1,6.25,-77,,5,5
2026-01-24 16:37:37.137452,0x433af380,3,3,3,3,3,3,6.25,-34,,3,3
2026-01-24 16:37:39.503700,0x433ad35c,,,,,,,6.25,-58,,3,3
2026-01-24 16:37:42.263060,0x433b0b38,,,,,,,5.75,-78,,5,5
2026-01-24 16:38:37.153941,0x433af380,,,,,,,7.5,-33,,3,3
2026-01-24 16:38:41.561565,0x433ad35c,,,1,,,1,7.25,-58,,3,3
2026-01-24 16:38:43.593361,0x433b0b38,,,1,,,1,6.0,-78,,5,5
2026-01-24 16:39:37.782319,0x433af380,1,2,2,1,2,2,7.25,-35,,3,3
2026-01-24 16:39:40.220240,0x433ad35c,,,,,,,5.75,-58,,3,3
2026-01-24 16:39:44.022039,0x433b0b38,,,,,,,5.75,-78,,5,5
2026-01-24 16:40:37.805324,0x433af380,1,1,1,1,1,1,5.75,-34,,3,3
2026-01-24 16:40:42.668744,0x433b0b38,,,,,,,5.75,-77,,5,5
2026-01-24 16:40:45.275455,0x433ad35c,,,,,,,6.0,-58,,3,3
2026-01-24 16:41:38.493092,0x433af380,,,,,,,7.0,-34,,3,3
2026-01-24 16:41:40.871803,0x433ad35c,,,,,,,5.0,-58,,3,3
2026-01-24 16:41:46.771734,0x433b0b38,,,,,,,5.75,-76,,5,5
2026-01-24 16:42:38.520400,0x433af380,,,,,,,7.25,-34,,3,3
2026-01-24 16:42:41.000365,0x433ad35c,,,,,,,6.0,-58,,3,3
2026-01-24 16:42:43.055302,0x433b0b38,,,,,,,5.5,-76,,5,5
2026-01-24 16:43:38.381672,0x433af380,,1,1,,1,1,7.25,-34,,3,3
2026-01-24 16:43:40.788953,0x433ad35c,,,,,,,6.0,-59,,3,3
2026-01-24 16:43:43.536086,0x433b0b38,,,,,,,6.0,-78,,5,5
2026-01-24 16:44:38.686476,0x433af380,3,4,4,3,4,4,6.5,-34,,3,3
2026-01-24 16:44:43.814635,0x433ad35c,,,,,,,6.0,-58,,3,3
2026-01-24 16:44:45.868729,0x433b0b38,,,,,,,6.0,-78,,5,5
2026-01-24 16:45:41.747192,0x433af380,3,3,3,3,3,3,7.0,-34,,3,3
2026-01-24 16:45:44.165444,0x433ad35c,,,,,,,5.75,-59,,3,3
2026-01-24 16:45:46.531564,0x433b0b38,,,,,,,6.0,-78,,5,5
2026-01-24 16:46:39.599921,0x433af380,2,2,2,2,2,2,7.0,-35,,3,3
2026-01-24 16:46:42.116392,0x433ad35c,1,1,1,1,1,1,6.0,-58,,3,3
2026-01-24 16:46:44.793357,0x433b0b38,,,,,,,5.75,-77,,5,5
2026-01-24 16:47:39.487742,0x433af380,1,2,2,1,2,2,5.75,-34,,3,3
2026-01-24 16:47:41.984695,0x433ad35c,1,1,1,1,1,1,6.5,-58,,3,3
2026-01-24 16:47:45.462791,0x433b0b38,,,,,,,6.0,-77,,5,5
2026-01-24 16:48:39.659336,0x433af380,2,3,3,2,3,3,7.0,-34,,3,3
2026-01-24 16:48:42.077087,0x433ad35c,,,,,,,6.0,-58,,3,3
2026-01-24 16:48:44.196149,0x433b0b38,,,,,,,5.5,-77,,5,5
2026-01-24 16:49:40.279109,0x433af380,13,18,19,13,18,19,7.0,-34,,3,3
2026-01-24 16:49:42.869602,0x433ad35c,,1,3,,1,3,6.75,-58,,3,3
2026-01-24 16:49:45.790125,0x433b0b38,,,,,,,5.25,-78,,5,5
2026-01-24 16:50:40.524467,0x433af380,29,46,51,25,39,49,7.25,-34,,3,3
2026-01-24 16:50:46.494054,0x433b0b38,,,,,,,5.75,-79,,5,5
2026-01-24 16:50:48.604052,0x433ad35c,3,3,5,3,3,5,6.25,-58,,3,3
2026-01-24 16:51:40.633584,0x433af380,8,10,12,8,10,12,7.5,-34,,3,3
2026-01-24 16:51:43.041939,0x433ad35c,,,,,,,6.0,-57,,3,3
2026-01-24 16:51:46.792603,0x433b0b38,,,,,,,6.0,-79,,5,5
2026-01-24 16:52:41.087670,0x433af380,3,4,5,3,4,5,6.0,-34,,3,3
2026-01-24 16:52:43.531005,0x433ad35c,,,,,,,5.75,-59,,3,3
2026-01-24 16:52:46.195243,0x433b0b38,,,,,,,5.75,-78,,5,5
2026-01-24 16:53:41.891452,0x433af380,2,2,3,2,2,3,5.75,-34,,3,3
2026-01-24 16:53:45.116636,0x433ad35c,2,3,4,2,3,4,6.25,-57,,3,3
2026-01-24 16:53:48.294189,0x433b0b38,,,,,,,6.75,-78,,5,5
2026-01-24 16:54:42.119996,0x433af380,5,7,8,5,7,8,6.0,-34,,3,3
2026-01-24 16:54:45.378590,0x433ad35c,2,6,19,2,6,19,6.25,-57,,3,3
2026-01-24 16:54:47.733690,0x433b0b38,,,,,,,5.25,-78,,5,5
2026-01-24 16:55:41.396147,0x433af380,5,9,9,5,9,9,6.5,-34,,3,3
2026-01-24 16:55:43.987238,0x433ad35c,2,3,5,2,3,5,6.25,-57,,3,3
2026-01-24 16:55:46.553226,0x433b0b38,,,,,,,6.0,-77,,5,5
2026-01-24 16:56:43.870268,0x433ad35c,1,1,4,1,1,4,6.0,-57,,3,3
2026-01-24 16:56:46.935263,0x433af380,3,3,3,3,3,3,7.25,-34,,3,3
2026-01-24 16:56:49.420304,0x433b0b38,,,,,,,5.75,-77,,5,5
2026-01-24 16:57:41.896253,0x433af380,,2,2,,2,2,7.5,-34,,3,3
2026-01-24 16:57:44.346497,0x433ad35c,,,1,,,1,6.0,-57,,3,3
2026-01-24 16:57:46.590670,0x433b0b38,,,,,,,6.5,-77,,5,5
2026-01-24 16:58:42.107634,0x433af380,1,1,1,1,1,1,5.75,-34,,3,3
2026-01-24 16:58:44.524236,0x433ad35c,,,,,,,6.0,-58,,3,3
2026-01-24 16:58:46.834647,0x433b0b38,,,,,,,6.0,-78,,5,5
2026-01-24 16:59:43.925539,0x433af380,1,2,2,1,2,2,6.0,-34,,3,3
2026-01-24 16:59:46.475978,0x433ad35c,,,2,,,2,6.0,-58,,3,3
2026-01-24 16:59:48.088246,0x433b0b38,,,,,,,5.75,-77,,5,5
2026-01-24 17:00:43.398519,0x433af380,2,3,3,2,3,3,6.75,-34,,3,3
2026-01-24 17:00:45.896497,0x433ad35c,,1,2,,1,2,5.75,-58,,3,3
2026-01-24 17:00:48.026184,0x433b0b38,,,,,,,5.75,-77,,5,5
2026-01-24 17:01:43.262570,0x433af380,2,3,3,2,3,3,6.5,-34,,3,3
2026-01-24 17:01:45.753018,0x433ad35c,,,,,,,6.25,-57,,3,3
2026-01-24 17:01:48.575977,0x433b0b38,,,,,,,5.75,-78,,5,5
2026-01-23 13:00:54.757661,0x433b0b38,15,25,25,15,25,25,5.75,-75,,5,5
2026-01-23 13:01:26.939288,0x433ad35c,14,23,29,14,23,29,6.25,-59,,3,3
2026-01-23 13:01:30.800333,0x433af380,32,43,44,27,38,44,6.0,-34,,3,3
2026-01-23 13:01:55.108269,0x433b0b38,16,25,25,16,25,25,5.5,-75,,5,5
2026-01-23 13:02:27.161776,0x433ad35c,15,26,30,15,26,30,5.75,-58,,3,3
2026-01-23 13:02:32.499443,0x433af380,20,30,31,19,29,31,7.0,-34,,3,3
2026-01-23 13:02:57.032516,0x433b0b38,15,23,29,15,23,29,5.75,-75,,5,5
2026-01-23 13:03:27.434760,0x433ad35c,16,25,28,16,25,28,5.75,-59,,3,3
2026-01-23 13:03:33.171509,0x433af380,21,32,33,20,31,33,7.0,-34,,3,3
2026-01-23 13:03:55.948099,0x433b0b38,13,19,23,13,19,23,5.75,-74,,5,5
2026-01-23 13:04:28.169468,0x433ad35c,15,23,25,15,23,25,5.75,-59,,3,3
2026-01-23 13:04:33.306274,0x433af380,20,30,31,19,29,31,7.75,-34,,3,3
2026-01-23 13:04:55.704373,0x433b0b38,15,22,26,15,22,26,5.75,-75,,5,5
2026-01-23 13:05:28.930020,0x433ad35c,15,24,25,15,24,25,7.0,-59,,3,3
2026-01-23 13:05:31.018583,0x433af380,21,30,30,20,30,30,7.25,-34,,3,3
2026-01-23 13:05:56.051797,0x433b0b38,15,25,27,15,25,27,5.75,-75,,5,5
2026-01-23 13:06:28.086047,0x433ad35c,14,24,25,14,24,25,5.5,-59,,3,3
2026-01-23 13:06:30.407466,0x433af380,31,43,43,26,38,43,5.75,-34,,3,3
2026-01-23 13:06:57.113187,0x433b0b38,15,21,25,15,21,25,5.75,-75,,5,5
2026-01-23 13:07:28.526825,0x433ad35c,15,26,29,15,26,29,5.5,-59,,3,3
2026-01-23 13:07:35.358808,0x433af380,23,32,34,22,31,34,7.0,-34,,3,3
2026-01-23 13:07:56.962097,0x433b0b38,13,24,24,13,24,24,5.75,-76,,5,5
2026-01-23 13:08:28.548245,0x433ad35c,16,24,26,16,24,26,6.5,-59,,3,3
2026-01-23 13:08:35.447565,0x433af380,38,48,50,29,40,48,7.5,-34,,3,3
2026-01-23 13:08:56.839794,0x433b0b38,16,27,27,16,27,27,5.75,-75,,5,5
2026-01-23 13:09:28.819668,0x433ad35c,17,28,31,17,28,31,5.75,-59,,3,3
2026-01-23 13:09:33.088007,0x433af380,42,57,63,31,44,56,6.0,-33,,3,3
2026-01-23 13:09:57.360034,0x433b0b38,13,24,24,13,24,24,6.0,-76,,5,5
2026-01-23 13:10:29.016778,0x433ad35c,17,24,24,17,24,24,6.25,-59,,3,3
2026-01-23 13:10:34.053255,0x433af380,26,39,42,23,35,42,5.75,-34,,3,3
2026-01-23 13:10:57.142496,0x433b0b38,18,27,28,18,27,28,5.75,-75,,5,5
2026-01-23 13:11:29.246574,0x433ad35c,16,22,23,16,22,23,6.25,-59,,3,3
2026-01-23 13:11:34.133204,0x433af380,21,32,34,20,31,34,5.75,-34,,3,3
2026-01-23 13:11:57.444552,0x433b0b38,15,27,29,15,27,29,5.75,-75,,5,5
2026-01-23 13:12:29.953353,0x433ad35c,15,23,27,15,23,27,5.75,-58,,3,3
2026-01-23 13:12:36.385474,0x433af380,35,48,48,28,40,47,7.5,-33,,3,3
2026-01-23 13:12:58.137008,0x433b0b38,14,24,25,14,24,25,5.5,-76,,5,5
2026-01-23 13:13:29.695446,0x433ad35c,14,22,24,14,22,24,6.25,-58,,3,3
2026-01-23 13:13:32.996513,0x433af380,20,31,32,19,30,32,6.5,-34,,3,3
2026-01-23 13:14:00.482176,0x433b0b38,17,29,33,17,29,33,6.0,-75,,5,5
2026-01-23 13:14:29.932742,0x433ad35c,17,23,24,17,23,24,6.0,-59,,3,3
2026-01-23 13:14:36.448423,0x433af380,18,31,33,18,30,33,6.75,-34,,3,3
2026-01-23 13:14:58.029375,0x433b0b38,14,20,23,14,20,23,5.75,-75,,5,5
2026-01-23 13:15:30.165771,0x433ad35c,18,29,31,18,29,31,6.0,-58,,3,3
2026-01-23 13:15:35.739759,0x433af380,25,37,38,23,34,38,5.75,-34,,3,3
2026-01-23 13:15:58.290023,0x433b0b38,16,29,29,16,29,29,5.75,-75,,5,5
2026-01-23 13:16:30.397689,0x433ad35c,17,27,31,17,27,31,6.0,-59,,3,3
2026-01-23 13:16:33.128773,0x433af380,21,34,37,20,32,37,7.5,-34,,3,3
2026-01-23 13:16:58.492508,0x433b0b38,16,23,23,16,23,23,5.5,-76,,5,5
2026-01-23 13:17:31.629908,0x433ad35c,13,27,36,13,27,36,6.0,-58,,3,3
2026-01-23 13:17:35.247103,0x433af380,23,37,38,22,34,38,6.0,-33,,3,3
2026-01-23 13:17:58.891298,0x433b0b38,16,26,28,16,26,28,5.75,-75,,5,5
2026-01-23 13:18:30.872019,0x433ad35c,15,27,28,15,27,28,5.75,-58,,3,3
2026-01-23 13:18:36.163026,0x433af380,24,36,36,22,33,36,6.0,-34,,3,3
2026-01-23 13:19:00.486446,0x433b0b38,12,27,31,12,27,31,5.75,-75,,5,5
2026-01-23 13:19:31.094534,0x433ad35c,16,30,33,16,29,33,5.75,-59,,3,3
2026-01-23 13:19:33.555581,0x433af380,40,55,57,30,44,52,7.0,-34,,3,3
2026-01-23 13:19:59.734760,0x433b0b38,14,26,28,14,26,28,5.25,-76,,5,5
2026-01-23 13:20:31.327909,0x433ad35c,14,25,27,14,25,27,6.25,-59,,3,3
2026-01-23 13:20:35.161662,0x433af380,38,50,51,29,41,49,6.0,-34,,3,3
2026-01-23 13:20:59.415822,0x433b0b38,13,24,24,13,24,24,6.0,-75,,5,5
2026-01-23 13:21:31.819673,0x433ad35c,15,28,30,15,28,30,5.75,-59,,3,3
2026-01-23 13:21:36.413319,0x433af380,24,35,36,22,32,36,7.25,-34,,3,3
2026-01-23 13:21:59.699348,0x433b0b38,16,28,33,16,28,33,6.0,-75,,5,5
2026-01-23 13:22:31.783727,0x433ad35c,18,26,26,18,26,26,5.5,-59,,3,3
2026-01-23 13:22:38.272593,0x433af380,25,40,42,23,36,42,6.25,-34,,3,3
2026-01-23 13:22:59.932691,0x433b0b38,16,29,32,16,29,32,5.75,-75,,5,5
2026-01-23 13:23:34.843298,0x433ad35c,18,28,32,18,28,32,5.75,-71,,3,2
2026-01-23 13:23:37.716415,0x433af380,26,40,40,23,36,40,6.25,-34,,3,3
2026-01-23 13:24:01.093458,0x433b0b38,14,26,32,14,26,32,5.75,-75,,5,5
2026-01-23 13:24:32.973860,0x433ad35c,17,26,28,17,26,28,6.5,-59,,3,3
2026-01-23 13:24:34.780544,0x433af380,35,52,52,27,42,49,6.25,-34,,3,3
2026-01-23 13:25:00.881477,0x433b0b38,12,21,21,12,21,21,5.5,-75,,5,5
2026-01-23 13:25:32.495607,0x433ad35c,17,30,32,17,30,32,5.75,-59,,3,3
2026-01-23 13:25:37.063271,0x433af380,16,29,31,16,29,31,6.25,-34,,3,3
2026-01-23 13:26:01.308677,0x433b0b38,16,25,26,16,25,26,7.0,-74,,5,5
2026-01-23 13:26:32.780865,0x433ad35c,17,29,32,17,29,32,5.5,-58,,3,3
2026-01-23 13:26:37.846415,0x433af380,36,47,49,28,39,47,7.25,-34,,3,3
2026-01-23 13:27:00.929779,0x433b0b38,14,23,25,14,23,25,6.0,-75,,5,5
2026-01-23 13:27:33.838383,0x433ad35c,20,30,36,19,29,36,5.75,-58,,3,3
2026-01-23 13:27:37.858246,0x433af380,36,48,51,28,40,49,7.25,-34,,3,3
2026-01-23 13:28:01.058160,0x433b0b38,11,20,20,11,20,20,5.75,-74,,5,5
2026-01-23 13:28:33.242473,0x433ad35c,17,29,35,17,29,35,7.0,-59,,3,3
2026-01-23 13:28:38.687813,0x433af380,23,38,40,22,35,40,6.0,-34,,3,3
2026-01-23 13:29:02.615901,0x433b0b38,18,31,35,18,30,35,6.5,-76,,5,5
2026-01-23 13:29:39.662534,0x433ad35c,17,25,25,17,25,25,6.25,-33,,3,2
2026-01-23 13:29:40.321691,0x433af380,39,54,54,30,43,50,7.0,-34,,3,3
2026-01-23 13:30:01.614625,0x433b0b38,14,32,36,14,31,36,6.0,-74,,5,5
2026-01-23 13:30:34.341979,0x433ad35c,18,31,34,18,30,34,6.0,-59,,3,3
2026-01-23 13:30:36.191327,0x433af380,16,29,32,16,29,32,7.25,-34,,3,3
2026-01-23 13:31:01.750860,0x433b0b38,11,22,24,11,22,24,5.75,-75,,5,5
2026-01-23 13:31:33.939506,0x433ad35c,15,30,34,15,30,34,6.25,-59,,3,3
2026-01-23 13:31:40.158889,0x433af380,26,39,39,23,35,39,7.0,-34,,3,3
2026-01-23 13:32:02.019854,0x433b0b38,16,26,26,16,26,26,5.75,-75,,5,5
2026-01-23 13:32:34.142879,0x433ad35c,16,29,32,16,29,32,5.5,-59,,3,3
2026-01-23 13:32:38.776999,0x433af380,49,61,63,34,46,56,7.75,-34,,3,3
2026-01-23 13:33:02.436673,0x433b0b38,14,25,28,14,25,28,6.0,-76,,5,5
2026-01-23 13:33:34.392543,0x433ad35c,15,24,26,15,24,26,5.75,-59,,3,3
2026-01-23 13:33:37.733226,0x433af380,23,34,34,22,32,34,6.0,-34,,3,3
2026-01-23 13:34:03.285840,0x433b0b38,17,28,30,17,28,30,5.5,-75,,5,5
2026-01-23 13:34:35.233717,0x433ad35c,15,25,28,15,25,28,5.5,-59,,3,3
2026-01-23 13:34:38.399246,0x433af380,59,72,74,38,50,61,7.0,-34,,3,3
2026-01-23 13:35:03.253639,0x433b0b38,12,20,22,12,20,22,6.0,-75,,5,5
2026-01-23 13:35:34.844720,0x433ad35c,15,27,30,15,27,30,6.0,-59,,3,3
2026-01-23 13:35:41.870448,0x433af380,25,34,35,23,32,35,6.0,-34,,3,3
2026-01-23 13:36:02.962633,0x433b0b38,16,26,33,16,26,33,6.0,-74,,5,5
2026-01-23 13:36:35.120311,0x433ad35c,16,25,25,16,25,25,5.75,-58,,3,3
2026-01-23 13:36:38.642125,0x433af380,33,45,47,27,38,46,7.0,-34,,3,3
2026-01-23 13:37:03.231555,0x433b0b38,15,25,27,15,25,27,5.75,-76,,5,5
2026-01-23 13:37:36.238297,0x433ad35c,17,27,30,17,27,30,5.75,-59,,3,3
2026-01-23 13:37:42.262951,0x433af380,27,39,41,24,35,41,6.25,-34,,3,3
2026-01-23 13:38:03.394560,0x433b0b38,16,25,27,16,25,27,5.75,-75,,5,5
2026-01-23 13:38:35.534770,0x433ad35c,17,32,32,17,31,32,6.5,-59,,3,3
2026-01-23 13:38:40.659050,0x433af380,47,61,61,32,45,54,7.75,-34,,3,3
2026-01-23 13:39:05.164447,0x433b0b38,14,24,26,14,24,26,6.0,-75,,5,5
2026-01-23 13:39:35.813949,0x433ad35c,15,26,27,15,26,27,6.0,-58,,3,3
2026-01-23 13:39:40.467332,0x433af380,35,49,49,27,40,47,6.25,-34,,3,3
2026-01-23 13:40:03.888534,0x433b0b38,15,23,26,15,23,26,6.0,-74,,5,5
2026-01-23 13:40:35.997377,0x433ad35c,16,27,30,16,27,30,6.0,-59,,3,3
2026-01-23 13:40:42.163845,0x433af380,30,42,43,26,37,43,6.0,-33,,3,3
2026-01-23 13:41:04.089092,0x433b0b38,16,26,30,16,26,30,5.75,-75,,5,5
2026-01-23 13:41:36.262716,0x433ad35c,16,30,32,16,29,32,6.5,-59,,3,3
2026-01-23 13:41:41.421612,0x433af380,31,48,49,26,40,47,8.0,-33,,3,3
2026-01-23 13:42:04.352069,0x433b0b38,15,25,28,15,25,28,6.0,-75,,5,5
2026-01-23 13:42:36.506254,0x433ad35c,17,26,28,17,26,28,5.75,-58,,3,3
2026-01-23 13:42:40.934967,0x433af380,27,41,42,23,36,42,5.5,-34,,3,3
2026-01-23 13:43:04.557875,0x433b0b38,14,27,32,14,27,32,5.5,-74,,5,5
2026-01-23 13:43:36.741926,0x433ad35c,17,29,32,17,29,32,6.0,-59,,3,3
2026-01-23 13:43:41.523106,0x433af380,35,50,53,27,41,49,6.0,-34,,3,3
2026-01-23 13:44:05.595502,0x433b0b38,17,30,34,17,29,34,5.5,-76,,5,5
2026-01-23 13:44:38.033884,0x433ad35c,18,31,33,18,30,33,6.0,-58,,3,3
2026-01-23 13:44:39.868927,0x433af380,23,37,40,21,34,40,7.75,-34,,3,3
2026-01-23 13:45:06.914336,0x433b0b38,17,24,24,17,24,24,5.75,-75,,5,5
2026-01-23 13:45:37.212029,0x433ad35c,19,28,30,19,28,30,6.0,-59,,3,3
2026-01-23 13:45:42.511264,0x433af380,26,44,45,23,38,44,7.0,-34,,3,3
2026-01-23 13:46:05.909924,0x433b0b38,14,25,27,14,25,27,6.0,-75,,5,5
2026-01-23 13:46:37.445754,0x433ad35c,16,33,40,16,31,40,5.75,-59,,3,3
2026-01-23 13:46:41.413985,0x433af380,38,52,55,29,42,51,6.75,-33,,3,3
2026-01-23 13:47:06.015363,0x433b0b38,14,23,23,14,23,23,5.75,-76,,5,5
2026-01-23 13:47:37.887767,0x433ad35c,17,24,28,17,24,28,5.75,-59,,3,3
2026-01-23 13:47:42.575806,0x433af380,35,50,51,28,41,49,7.0,-34,,3,3
2026-01-23 13:48:05.731201,0x433b0b38,13,24,26,13,24,26,5.75,-74,,5,5
2026-01-23 13:48:38.012956,0x433ad35c,18,24,28,18,24,28,5.75,-59,,3,3
2026-01-23 13:48:41.145595,0x433af380,26,40,43,23,36,43,6.0,-34,,3,3
2026-01-23 13:49:06.172863,0x433b0b38,14,24,27,14,24,27,5.75,-75,,5,5
2026-01-23 13:49:38.174494,0x433ad35c,18,28,32,18,28,32,6.5,-59,,3,3
2026-01-23 13:49:43.266400,0x433af380,34,47,48,28,40,47,5.75,-33,,3,3
2026-01-23 13:50:06.696060,0x433b0b38,16,26,29,16,26,29,5.75,-76,,5,5
2026-01-23 13:50:38.413466,0x433ad35c,19,31,38,19,30,38,6.0,-59,,3,3
2026-01-23 13:50:41.998723,0x433af380,25,37,41,23,34,41,7.5,-34,,3,3
2026-01-23 13:51:06.549764,0x433b0b38,16,26,33,16,26,33,5.5,-75,,5,5
2026-01-23 13:51:38.603827,0x433ad35c,13,25,26,13,25,26,6.0,-59,,3,3
2026-01-23 13:51:43.038035,0x433af380,22,33,36,21,32,36,7.25,-34,,3,3
2026-01-23 13:52:06.718835,0x433b0b38,16,27,31,16,27,31,6.0,-75,,5,5
2026-01-23 13:52:39.355765,0x433ad35c,16,25,25,16,25,25,6.5,-58,,3,3
2026-01-23 13:52:41.367261,0x433af380,43,54,57,31,43,52,6.5,-34,,3,3
2026-01-23 13:53:06.949056,0x433b0b38,15,26,31,15,26,31,5.75,-75,,5,5
2026-01-23 13:53:39.068427,0x433ad35c,16,24,28,16,24,28,6.75,-59,,3,3
2026-01-23 13:53:44.403697,0x433af380,22,32,36,21,31,36,7.0,-33,,3,3
2026-01-23 13:54:08.027524,0x433b0b38,15,24,26,15,24,26,5.75,-75,,5,5
2026-01-23 13:54:39.572915,0x433ad35c,18,31,33,18,30,33,6.0,-58,,3,3
2026-01-23 13:54:43.018769,0x433af380,31,43,45,26,38,45,6.0,-34,,3,3
2026-01-23 13:55:07.908583,0x433b0b38,17,26,26,17,26,26,5.5,-76,,5,5
2026-01-23 13:55:39.538477,0x433ad35c,16,30,35,16,29,35,6.0,-59,,3,3
2026-01-23 13:55:44.364859,0x433af380,16,27,27,16,27,27,7.0,-34,,3,3
2026-01-23 13:56:07.615920,0x433b0b38,16,26,26,16,26,26,5.25,-75,,5,5
2026-01-23 13:56:39.772977,0x433ad35c,19,29,36,19,29,36,5.5,-59,,3,3
2026-01-23 13:56:42.271194,0x433af380,32,46,48,27,39,47,6.0,-34,,3,3
2026-01-23 13:57:07.841332,0x433b0b38,13,26,33,13,26,33,5.75,-76,,5,5
2026-01-23 13:57:40.206613,0x433ad35c,19,27,27,19,27,27,5.75,-59,,3,3
2026-01-23 13:57:45.934623,0x433af380,19,30,31,19,30,31,5.75,-34,,3,3
2026-01-23 13:58:08.218891,0x433b0b38,15,21,21,15,21,21,5.75,-76,,5,5
2026-01-23 13:58:40.210854,0x433ad35c,15,24,24,15,24,24,6.0,-59,,3,3
2026-01-23 13:58:45.472680,0x433af380,19,35,35,19,33,35,6.75,-34,,3,3
2026-01-23 13:59:08.555412,0x433b0b38,17,32,39,17,31,39,6.0,-75,,5,5
2026-01-23 13:59:40.961181,0x433ad35c,18,28,29,18,28,29,6.0,-58,,3,3
2026-01-23 13:59:46.307346,0x433af380,34,45,48,28,39,47,6.0,-34,,3,3
2026-01-23 14:00:08.551370,0x433b0b38,14,26,28,14,26,28,5.75,-76,,5,5
2026-01-23 14:00:40.692698,0x433ad35c,14,26,28,14,26,28,6.75,-58,,3,3
2026-01-23 14:00:46.539806,0x433af380,23,34,34,22,32,34,6.25,-33,,3,3
2026-01-23 15:01:23.231852,0x433b0b38,14,24,28,14,24,28,6.5,-74,,5,5
2026-01-23 15:01:55.160538,0x433ad35c,17,24,25,17,24,25,6.25,-59,,3,3
2026-01-23 15:02:00.579587,0x433af380,18,29,31,18,29,31,6.5,-34,,3,3
2026-01-23 15:02:23.512510,0x433b0b38,13,17,20,13,17,20,7.0,-74,,5,5
2026-01-23 15:02:55.388802,0x433ad35c,14,26,26,14,26,26,6.5,-59,,3,3
2026-01-23 15:03:00.123747,0x433af380,25,38,40,22,34,40,6.25,-34,,3,3
2026-01-23 15:03:23.753853,0x433b0b38,15,22,28,15,22,28,6.25,-75,,5,5
2026-01-23 15:03:55.447814,0x433ad35c,19,28,29,19,28,29,6.25,-58,,3,3
2026-01-23 15:03:59.287232,0x433af380,25,33,33,23,32,33,5.75,-34,,3,3
2026-01-23 15:04:24.270625,0x433b0b38,15,25,29,15,25,29,6.25,-74,,5,5
2026-01-23 15:04:55.676377,0x433ad35c,16,25,30,16,25,30,6.75,-60,,3,3
2026-01-23 15:05:01.405816,0x433af380,19,28,29,19,28,29,7.75,-34,,3,3
2026-01-23 15:05:26.050217,0x433b0b38,18,28,35,18,28,35,5.75,-75,,5,5
2026-01-23 15:05:55.924858,0x433ad35c,14,27,27,14,27,27,6.0,-59,,3,3
2026-01-23 15:06:00.157411,0x433af380,13,29,31,13,29,31,7.25,-34,,3,3
2026-01-23 15:06:24.486934,0x433b0b38,12,22,25,12,22,25,6.5,-74,,5,5
2026-01-23 15:06:56.131385,0x433ad35c,16,26,27,16,26,27,6.0,-59,,3,3
2026-01-23 15:07:00.529250,0x433af380,28,40,41,24,36,41,7.25,-34,,3,3
2026-01-23 15:07:25.473594,0x433b0b38,13,27,29,13,27,29,6.75,-73,,5,5
2026-01-23 15:07:57.313390,0x433ad35c,15,23,24,15,23,24,6.0,-59,,3,3
2026-01-23 15:08:03.814490,0x433af380,63,76,80,41,52,65,6.0,-33,,3,3
2026-01-23 15:08:26.315330,0x433b0b38,14,25,26,14,25,26,6.75,-74,,5,5
2026-01-23 15:08:57.559869,0x433ad35c,18,30,32,18,30,32,6.75,-58,,3,3
2026-01-23 15:08:59.558684,0x433af380,23,39,43,22,35,43,6.0,-33,,3,3
2026-01-23 15:09:26.043503,0x433b0b38,14,24,27,14,24,27,6.25,-74,,5,5
2026-01-23 15:09:56.869107,0x433ad35c,17,27,29,17,27,29,6.0,-59,,3,3
2026-01-23 15:10:02.156914,0x433af380,54,65,67,35,47,57,8.0,-34,,3,3
2026-01-23 15:10:25.738393,0x433b0b38,16,22,23,16,22,23,5.75,-75,,5,5
2026-01-23 15:10:57.069793,0x433ad35c,15,25,29,15,25,29,6.25,-59,,3,3
2026-01-23 15:11:02.767268,0x433af380,45,56,57,32,44,52,7.75,-34,,3,3
2026-01-23 15:11:25.884636,0x433b0b38,15,29,30,15,29,30,6.75,-74,,5,5
2026-01-23 15:11:58.756674,0x433ad35c,15,23,26,15,23,26,6.25,-59,,3,3
2026-01-23 15:12:00.583516,0x433af380,33,45,49,27,38,47,5.75,-33,,3,3
2026-01-23 15:12:25.823584,0x433b0b38,19,26,30,19,26,30,6.25,-74,,5,5
2026-01-23 15:12:57.523220,0x433ad35c,18,29,31,18,29,31,6.0,-59,,3,3
2026-01-23 15:13:00.404461,0x433af380,17,27,28,17,27,28,6.0,-33,,3,3
2026-01-23 15:13:26.594997,0x433b0b38,19,31,34,19,30,34,6.75,-74,,5,5
2026-01-23 15:13:57.757137,0x433ad35c,18,29,31,18,29,31,5.75,-59,,3,3
2026-01-23 15:14:00.175186,0x433af380,21,34,35,20,32,35,6.25,-34,,3,3
2026-01-23 15:14:27.903841,0x433b0b38,14,26,32,14,26,32,6.5,-74,,5,5
2026-01-23 15:14:58.023798,0x433ad35c,17,33,35,17,31,35,6.75,-59,,3,3
2026-01-23 15:15:01.276625,0x433af380,24,38,40,22,35,40,7.0,-34,,3,3
2026-01-23 15:15:26.548793,0x433b0b38,14,25,25,14,25,25,6.25,-74,,5,5
2026-01-23 15:15:58.331493,0x433ad35c,16,23,24,16,23,24,6.0,-59,,3,3
2026-01-23 15:16:03.079367,0x433af380,54,67,68,35,48,58,5.75,-34,,3,3
2026-01-23 15:16:26.841133,0x433b0b38,17,25,25,17,25,25,6.25,-74,,5,5
2026-01-23 15:16:58.485228,0x433ad35c,15,31,36,15,30,36,6.0,-59,,3,3
2026-01-23 15:17:01.390273,0x433af380,22,32,34,21,31,34,7.75,-34,,3,3
2026-01-23 15:17:27.003967,0x433b0b38,18,26,26,18,26,26,7.25,-74,,5,5
2026-01-23 15:18:00.946272,0x433ad35c,16,31,34,16,30,34,6.25,-58,,3,3
2026-01-23 15:18:04.424155,0x433af380,26,43,45,23,38,45,7.5,-34,,3,3
2026-01-23 15:18:27.269477,0x433b0b38,18,26,27,18,26,27,6.25,-74,,5,5
2026-01-23 15:18:58.970608,0x433ad35c,18,34,36,18,32,36,6.5,-58,,3,3
2026-01-23 15:19:03.954591,0x433af380,23,39,42,22,35,42,7.75,-33,,3,3
2026-01-23 15:19:27.713187,0x433b0b38,15,27,32,15,27,32,5.5,-74,,5,5
2026-01-23 15:19:59.202554,0x433ad35c,19,33,33,19,32,33,5.75,-59,,3,3
2026-01-23 15:20:01.741786,0x433af380,28,48,51,24,40,49,6.5,-33,,3,3
2026-01-23 15:20:27.774729,0x433b0b38,14,26,28,14,26,28,6.5,-74,,5,5
2026-01-23 15:21:00.620505,0x433ad35c,18,27,31,18,27,31,6.5,-59,,3,3
2026-01-23 15:21:02.485392,0x433af380,28,40,41,24,36,41,7.5,-34,,3,3
2026-01-23 15:21:28.633291,0x433b0b38,18,26,29,18,26,29,5.75,-75,,5,5
2026-01-23 15:21:59.669757,0x433ad35c,16,22,24,16,22,24,5.75,-58,,3,3
2026-01-23 15:22:04.136329,0x433af380,23,36,36,21,33,36,6.25,-33,,3,3
2026-01-23 15:22:28.327502,0x433b0b38,18,25,26,18,25,26,6.0,-74,,5,5
2026-01-23 15:23:00.379524,0x433ad35c,18,32,37,18,31,37,6.0,-58,,3,3
2026-01-23 15:23:02.354922,0x433af380,23,37,38,22,34,38,7.5,-34,,3,3
2026-01-23 15:23:28.446485,0x433b0b38,16,26,30,16,26,30,6.0,-75,,5,5
2026-01-23 15:24:01.954703,0x433af380,48,65,66,33,48,57,6.5,-34,,3,3
2026-01-23 15:24:04.531336,0x433ad35c,18,32,33,18,31,33,6.25,-71,,3,2
2026-01-23 15:24:29.940136,0x433b0b38,19,32,35,19,31,35,6.25,-74,,5,5
2026-01-23 15:25:00.329303,0x433ad35c,17,30,35,17,30,35,5.75,-59,,3,3
2026-01-23 15:25:04.303254,0x433af380,29,44,44,25,38,44,7.75,-34,,3,3
2026-01-23 15:25:28.919850,0x433b0b38,15,25,27,15,25,27,5.25,-74,,5,5
2026-01-23 15:26:00.686024,0x433ad35c,16,33,36,16,32,36,5.5,-58,,3,3
2026-01-23 15:26:07.448325,0x433af380,28,44,46,24,38,45,6.25,-34,,3,3
2026-01-23 15:26:29.144514,0x433b0b38,17,33,41,17,32,41,6.25,-75,,5,5
2026-01-23 15:27:02.092529,0x433ad35c,17,29,29,17,29,29,6.0,-59,,3,3
2026-01-23 15:27:03.819086,0x433af380,32,45,47,27,39,46,7.75,-34,,3,3
2026-01-23 15:27:29.374248,0x433b0b38,16,26,29,16,26,29,6.0,-74,,5,5
2026-01-23 15:28:01.064773,0x433ad35c,18,25,27,18,25,27,6.0,-59,,3,3
2026-01-23 15:28:05.326207,0x433af380,47,64,65,34,47,58,7.0,-34,,3,3
2026-01-23 15:28:29.692729,0x433b0b38,18,34,36,18,32,36,6.25,-74,,5,5
2026-01-23 15:29:01.271055,0x433ad35c,17,33,39,17,32,39,6.5,-59,,3,3
2026-01-23 15:29:04.767944,0x433af380,33,47,48,27,40,47,6.25,-34,,3,3
2026-01-23 15:29:30.796422,0x433b0b38,14,28,35,14,28,35,6.5,-74,,5,5
2026-01-23 15:30:01.685656,0x433ad35c,16,29,39,16,29,39,5.25,-59,,3,3
2026-01-23 15:30:05.186289,0x433af380,58,73,75,38,51,62,6.25,-34,,3,3
2026-01-23 15:30:30.111494,0x433b0b38,17,29,36,17,29,36,6.0,-75,,5,5
2026-01-23 15:31:01.771554,0x433ad35c,20,31,35,20,30,35,6.0,-59,,3,3
2026-01-23 15:31:07.373141,0x433af380,34,49,50,27,40,48,7.25,-34,,3,3
2026-01-23 15:31:30.326043,0x433b0b38,17,25,26,17,25,26,6.25,-74,,5,5
2026-01-23 15:32:02.037472,0x433ad35c,19,31,33,19,30,33,6.5,-58,,3,3
2026-01-23 15:32:05.130385,0x433af380,69,84,85,45,55,67,6.75,-35,,3,3
2026-01-23 15:32:30.542479,0x433b0b38,17,30,30,17,30,30,6.75,-74,,5,5
2026-01-23 15:33:03.246843,0x433ad35c,20,29,29,20,29,29,5.25,-59,,3,3
2026-01-23 15:33:05.073526,0x433af380,37,55,56,29,44,52,6.0,-34,,3,3
2026-01-23 15:33:30.765809,0x433b0b38,16,28,28,16,28,28,6.25,-75,,5,5
2026-01-23 15:34:02.540729,0x433ad35c,20,33,37,20,32,37,6.75,-59,,3,3
2026-01-23 15:34:07.718828,0x433af380,35,47,51,27,39,48,6.25,-34,,3,3
2026-01-23 15:34:31.215925,0x433b0b38,18,38,49,18,34,47,5.25,-72,,5,5
2026-01-23 15:35:03.051984,0x433ad35c,18,32,34,18,31,34,6.0,-58,,3,3
2026-01-23 15:35:05.495118,0x433af380,40,52,57,30,42,52,8.0,-34,,3,3
2026-01-23 15:35:31.277573,0x433b0b38,20,30,32,20,30,32,6.5,-75,,5,5
2026-01-23 15:36:02.961415,0x433ad35c,16,26,27,16,26,27,5.5,-59,,3,3
2026-01-23 15:36:06.213133,0x433af380,35,48,50,27,40,48,7.0,-34,,3,3
2026-01-23 15:36:31.474334,0x433b0b38,13,21,22,13,21,22,5.75,-74,,5,5
2026-01-23 15:37:03.308720,0x433ad35c,18,28,31,18,28,31,6.25,-59,,3,3
2026-01-23 15:37:08.703970,0x433af380,25,39,41,23,35,41,5.75,-34,,3,3
2026-01-23 15:37:32.496113,0x433b0b38,16,30,37,16,30,37,6.0,-75,,5,5
2026-01-23 15:38:04.346171,0x433ad35c,18,29,29,18,29,29,6.25,-58,,3,3
2026-01-23 15:38:09.511653,0x433af380,25,35,35,22,32,35,6.75,-34,,3,3
2026-01-23 15:38:31.982117,0x433b0b38,21,38,40,20,35,40,7.25,-74,,5,5
2026-01-23 15:39:03.843655,0x433ad35c,17,31,32,17,30,32,5.75,-58,,3,3
2026-01-23 15:39:07.355765,0x433af380,57,75,77,37,51,62,6.0,-34,,3,3
2026-01-23 15:39:33.071390,0x433b0b38,18,27,28,18,27,28,6.0,-74,,5,5
2026-01-23 15:40:03.901984,0x433ad35c,18,32,32,18,31,32,5.75,-58,,3,3
2026-01-23 15:40:08.254331,0x433af380,38,51,53,29,42,50,6.25,-34,,3,3
2026-01-23 15:40:32.773815,0x433b0b38,21,29,31,20,29,31,6.25,-76,,5,5
2026-01-23 15:41:04.201628,0x433ad35c,14,28,30,14,28,30,5.5,-58,,3,3
2026-01-23 15:41:08.349337,0x433af380,59,76,79,39,52,64,6.5,-34,,3,3
2026-01-23 15:41:32.626248,0x433b0b38,17,29,33,17,29,33,6.0,-74,,5,5
2026-01-23 15:42:06.059894,0x433ad35c,18,32,37,18,31,37,5.75,-59,,3,3
2026-01-23 15:42:07.892200,0x433af380,39,51,52,30,42,49,5.75,-34,,3,3
2026-01-23 15:42:33.422217,0x433b0b38,18,30,34,18,30,34,6.0,-75,,5,5
2026-01-23 15:43:04.677543,0x433ad35c,16,27,33,16,27,33,6.0,-58,,3,3
2026-01-23 15:43:07.218944,0x433af380,44,61,62,31,45,55,7.25,-34,,3,3
2026-01-23 15:43:33.646198,0x433b0b38,20,37,39,20,34,39,6.5,-74,,5,5
2026-01-23 15:44:05.043215,0x433ad35c,18,32,34,18,31,34,6.25,-58,,3,3
2026-01-23 15:44:10.809164,0x433af380,28,40,41,24,36,41,5.75,-34,,3,3
2026-01-23 15:44:34.475695,0x433b0b38,16,31,38,16,30,38,6.25,-74,,5,5
2026-01-23 15:45:05.297977,0x433ad35c,21,36,38,20,33,38,6.25,-58,,3,3
2026-01-23 15:45:08.904301,0x433af380,42,63,72,31,47,61,6.0,-33,,3,3
2026-01-23 15:45:34.107446,0x433b0b38,15,29,32,15,29,32,5.75,-75,,5,5
2026-01-23 15:46:05.513968,0x433ad35c,21,37,38,20,34,38,6.75,-59,,3,3
2026-01-23 15:46:11.238712,0x433af380,39,56,57,29,45,53,7.25,-34,,3,3
2026-01-23 15:46:33.883519,0x433b0b38,18,33,41,18,31,41,6.5,-74,,5,5
2026-01-23 15:47:05.754387,0x433ad35c,19,32,34,19,31,34,7.0,-59,,3,3
2026-01-23 15:47:13.426235,0x433af380,26,42,44,23,37,44,7.25,-34,,3,3
2026-01-23 15:47:34.254116,0x433b0b38,20,31,31,20,30,31,6.0,-76,,5,5
2026-01-23 15:48:06.105683,0x433ad35c,18,33,36,18,31,36,6.25,-58,,3,3
2026-01-23 15:48:09.833599,0x433af380,22,37,37,21,34,37,7.0,-34,,3,3
2026-01-23 15:48:34.436617,0x433b0b38,19,33,36,19,31,36,6.0,-74,,5,5
2026-01-23 15:49:06.119222,0x433ad35c,21,39,44,20,35,44,6.75,-58,,3,3
2026-01-23 15:49:13.292027,0x433af380,52,69,70,35,49,60,6.75,-34,,3,3
2026-01-23 15:49:34.704554,0x433b0b38,18,34,38,18,32,38,6.25,-74,,5,5
2026-01-23 15:50:06.351241,0x433ad35c,17,31,32,17,30,32,5.75,-58,,3,3
2026-01-23 15:50:13.112788,0x433af380,66,81,81,43,53,65,5.5,-34,,3,3
2026-01-23 15:50:34.783119,0x433b0b38,23,36,37,22,33,37,6.75,-74,,5,5
2026-01-23 15:51:06.705888,0x433ad35c,22,36,39,21,33,39,7.25,-59,,3,3
2026-01-23 15:51:11.234161,0x433af380,32,50,52,27,41,49,6.0,-34,,3,3
2026-01-23 15:51:34.965279,0x433b0b38,19,31,36,19,30,36,6.5,-75,,5,5
2026-01-23 15:52:06.841334,0x433ad35c,20,30,35,20,30,35,6.25,-58,,3,3
2026-01-23 15:52:12.390269,0x433af380,27,43,46,24,38,45,5.75,-33,,3,3
2026-01-23 15:52:35.370092,0x433b0b38,16,30,35,16,30,35,6.5,-74,,5,5
2026-01-23 15:53:07.076651,0x433ad35c,19,35,41,19,33,41,6.75,-59,,3,3
2026-01-23 15:53:11.814676,0x433af380,43,59,62,31,45,55,6.25,-34,,3,3
2026-01-23 15:53:35.447881,0x433b0b38,16,28,29,16,28,29,6.0,-74,,5,5
2026-01-23 15:54:07.298639,0x433ad35c,18,33,37,18,32,37,6.0,-59,,3,3
2026-01-23 15:54:13.204148,0x433af380,24,39,40,22,35,40,5.75,-34,,3,3
2026-01-23 15:54:35.919012,0x433b0b38,17,35,39,17,32,39,6.25,-73,,5,5
2026-01-23 15:55:07.538845,0x433ad35c,20,36,45,20,33,45,6.0,-58,,3,3
2026-01-23 15:55:11.764467,0x433af380,28,47,50,24,40,48,6.25,-34,,3,3
2026-01-23 15:55:35.917825,0x433b0b38,21,34,42,20,32,42,6.5,-75,,5,5
2026-01-23 15:56:07.961632,0x433ad35c,20,33,36,20,32,36,6.0,-59,,3,3
2026-01-23 15:56:12.104379,0x433af380,68,87,94,45,57,70,7.5,-34,,3,3
2026-01-23 15:56:36.150832,0x433b0b38,21,35,38,20,33,38,6.0,-74,,5,5
2026-01-23 15:57:08.535114,0x433ad35c,21,31,37,20,30,37,7.0,-59,,3,3
2026-01-23 15:57:12.781961,0x433af380,27,42,48,24,37,47,7.5,-34,,3,3
2026-01-23 15:57:36.368393,0x433b0b38,19,34,36,19,32,36,6.25,-74,,5,5
2026-01-23 15:58:08.486415,0x433ad35c,21,40,43,20,36,43,5.75,-58,,3,3
2026-01-23 15:58:17.397531,0x433af380,27,45,48,23,38,46,6.0,-34,,3,3
2026-01-23 15:58:36.761217,0x433b0b38,20,36,38,20,33,38,5.5,-74,,5,5
2026-01-23 15:59:08.541387,0x433ad35c,20,38,45,19,34,44,5.75,-59,,3,3
2026-01-23 15:59:14.609849,0x433af380,46,66,67,33,48,58,6.5,-34,,3,3
2026-01-23 15:59:37.929505,0x433b0b38,22,38,40,21,35,40,6.75,-74,,5,5
2026-01-23 16:00:09.188363,0x433ad35c,18,36,40,18,33,40,6.25,-58,,3,3
2026-01-23 16:00:13.667899,0x433af380,64,86,88,42,57,68,6.0,-34,,3,3
2026-01-23 16:00:37.167798,0x433b0b38,18,36,42,18,33,42,6.0,-74,,5,5
2026-01-23 16:01:09.009149,0x433ad35c,19,37,42,19,34,42,5.5,-59,,3,3
2026-01-23 16:01:12.843055,0x433af380,72,86,87,47,57,67,6.25,-34,,3,3
2026-01-24 21:02:48.126816,0x433af380,20,22,23,20,22,23,7.0,-34,,3,3
2026-01-24 21:02:50.583991,0x433ad35c,4,5,5,4,5,5,6.0,-56,,3,3
2026-01-24 21:02:52.258269,0x433b0b38,3,3,3,3,3,3,5.5,-77,,5,5
2026-01-24 21:03:48.255338,0x433af380,5,6,6,5,6,6,6.5,-34,,3,3
2026-01-24 21:03:50.826557,0x433ad35c,3,4,4,3,4,4,6.25,-56,,3,3
2026-01-24 21:03:53.762477,0x433b0b38,2,2,2,2,2,2,0.75,-78,,5,5
2026-01-24 21:04:48.650425,0x433af380,7,8,8,7,8,8,7.0,-34,,3,3
2026-01-24 21:04:51.115201,0x433ad35c,3,3,4,3,3,4,5.5,-56,,3,3
2026-01-24 21:04:52.816734,0x433b0b38,3,4,4,3,4,4,5.5,-78,,5,5
2026-01-24 21:05:48.998050,0x433af380,6,7,7,6,7,7,5.75,-34,,3,3
2026-01-24 21:05:51.538272,0x433ad35c,5,5,5,5,5,5,6.5,-56,,3,3
2026-01-24 21:05:54.616829,0x433b0b38,2,3,4,2,3,4,5.0,-77,,5,5
2026-01-24 21:06:49.494710,0x433af380,4,5,7,4,5,7,6.25,-33,,3,3
2026-01-24 21:06:52.110861,0x433b0b38,3,3,3,3,3,3,6.25,-78,,5,5
2026-01-24 21:06:55.938053,0x433ad35c,3,5,5,3,5,5,6.25,-56,,3,3
2026-01-24 21:07:49.359775,0x433af380,3,5,5,3,5,5,6.5,-33,,3,3
2026-01-24 21:07:51.961336,0x433ad35c,3,3,4,3,3,4,6.0,-56,,3,3
2026-01-24 21:07:53.601205,0x433b0b38,2,3,3,2,3,3,5.5,-78,,5,5
2026-01-24 21:08:50.837451,0x433af380,5,6,6,5,6,6,6.0,-34,,3,3
2026-01-24 21:08:53.322581,0x433ad35c,2,3,3,2,3,3,6.5,-56,,3,3
2026-01-24 21:08:55.072031,0x433b0b38,2,3,9,2,3,9,5.5,-78,,5,5
2026-01-24 21:09:50.169539,0x433af380,6,7,7,6,7,7,5.75,-34,,3,3
2026-01-24 21:09:52.709471,0x433ad35c,4,4,5,4,4,5,5.75,-56,,3,3
2026-01-24 21:09:54.464248,0x433b0b38,2,3,3,2,3,3,5.5,-78,,5,5
2026-01-24 21:10:50.249113,0x433af380,5,6,6,5,6,6,6.5,-33,,3,3
2026-01-24 21:10:52.869691,0x433ad35c,3,3,3,3,3,3,6.0,-56,,3,3
2026-01-24 21:10:54.510491,0x433b0b38,1,2,2,1,2,2,5.75,-78,,5,5
2026-01-24 21:11:50.366837,0x433af380,6,9,10,6,9,10,6.25,-34,,3,3
2026-01-24 21:11:52.924217,0x433ad35c,4,5,5,4,5,5,6.25,-56,,3,3
2026-01-24 21:11:54.619402,0x433b0b38,1,2,4,1,2,4,6.5,-78,,5,5
2026-01-24 21:12:50.642003,0x433af380,6,7,7,6,7,7,5.5,-33,,3,3
2026-01-24 21:12:53.197685,0x433ad35c,2,2,2,2,2,2,5.75,-56,,3,3
2026-01-24 21:12:54.948227,0x433b0b38,2,3,3,2,3,3,5.75,-77,,5,5
2026-01-24 21:13:51.008846,0x433af380,7,7,7,7,7,7,7.0,-34,,3,3
2026-01-24 21:13:53.560344,0x433ad35c,3,3,4,3,3,4,6.0,-56,,3,3
2026-01-24 21:13:54.216190,0x433b0b38,2,3,3,2,3,3,5.5,-77,,5,5
2026-01-24 21:14:51.089327,0x433af380,5,6,7,5,6,7,6.25,-33,,3,3
2026-01-24 21:14:53.630130,0x433ad35c,3,3,3,3,3,3,6.5,-56,,3,3
2026-01-24 21:14:55.338045,0x433b0b38,2,2,4,2,2,4,5.25,-79,,5,5
2026-01-24 21:15:51.624243,0x433af380,6,6,6,6,6,6,6.0,-34,,3,3
2026-01-24 21:15:55.448287,0x433ad35c,3,4,5,3,4,5,6.25,-56,,3,3
2026-01-24 21:15:58.403494,0x433b0b38,3,3,4,3,3,4,5.5,-78,,5,5
2026-01-24 21:16:51.805885,0x433af380,6,7,7,6,7,7,6.5,-34,,3,3
2026-01-24 21:16:54.322149,0x433ad35c,4,4,4,4,4,4,5.25,-56,,3,3
2026-01-24 21:16:56.679275,0x433b0b38,3,3,3,3,3,3,5.5,-78,,5,5
2026-01-24 21:17:51.993150,0x433af380,3,4,4,3,4,4,6.75,-34,,3,3
2026-01-24 21:17:54.678522,0x433b0b38,3,3,3,3,3,3,5.5,-78,,5,5
2026-01-24 21:17:56.429648,0x433ad35c,4,5,6,4,5,6,5.75,-56,,3,3
2026-01-24 21:18:52.126307,0x433af380,5,5,6,5,5,6,7.0,-34,,3,3
2026-01-24 21:18:54.728131,0x433ad35c,4,4,4,4,4,4,6.25,-56,,3,3
2026-01-24 21:18:57.577814,0x433b0b38,3,4,4,3,4,4,5.25,-78,,5,5
2026-01-24 21:19:52.396582,0x433af380,6,7,7,6,7,7,6.75,-33,,3,3
2026-01-24 21:19:54.860784,0x433ad35c,3,3,4,3,3,4,5.5,-56,,3,3
2026-01-24 21:19:56.569385,0x433b0b38,2,2,2,2,2,2,5.75,-78,,5,5
2026-01-24 21:20:52.824280,0x433af380,4,6,6,4,6,6,6.0,-33,,3,3
2026-01-24 21:20:55.282373,0x433ad35c,4,4,4,4,4,4,6.0,-56,,3,3
2026-01-24 21:20:56.922395,0x433b0b38,3,3,3,3,3,3,5.5,-78,,5,5
2026-01-24 21:21:53.185647,0x433af380,7,7,9,7,7,9,6.25,-33,,3,3
2026-01-24 21:21:55.806436,0x433ad35c,3,4,5,3,4,5,6.0,-57,,3,3
2026-01-24 21:21:58.110448,0x433b0b38,2,2,2,2,2,2,5.75,-77,,5,5
2026-01-24 21:22:53.382379,0x433af380,5,5,5,5,5,5,6.25,-34,,3,3
2026-01-24 21:22:55.966175,0x433ad35c,2,3,3,2,3,3,5.75,-56,,3,3
2026-01-24 21:22:57.743845,0x433b0b38,2,2,2,2,2,2,5.5,-78,,5,5
2026-01-24 21:23:53.682854,0x433af380,6,7,10,6,7,10,6.5,-33,,3,3
2026-01-24 21:23:56.243101,0x433ad35c,4,5,5,4,5,5,6.0,-56,,3,3
2026-01-24 21:23:59.445649,0x433b0b38,2,2,5,2,2,5,5.5,-70,,5,4
2026-01-24 21:24:53.888432,0x433af380,5,7,8,5,7,8,6.75,-33,,3,3
2026-01-24 21:24:56.420157,0x433ad35c,3,3,3,3,3,3,6.0,-56,,3,3
2026-01-24 21:24:57.044383,0x433b0b38,3,3,3,3,3,3,5.75,-77,,5,5
2026-01-24 21:25:54.345496,0x433af380,5,7,7,5,7,7,6.0,-34,,3,3
2026-01-24 21:25:57.569919,0x433ad35c,4,4,5,4,4,5,6.0,-56,,3,3
2026-01-24 21:26:02.341247,0x433b0b38,3,3,5,3,3,5,5.5,-77,,5,4
2026-01-24 21:26:54.392255,0x433af380,7,8,8,7,8,8,6.75,-34,,3,3
2026-01-24 21:26:56.866038,0x433ad35c,4,4,4,4,4,4,6.0,-56,,3,3
2026-01-24 21:26:58.528260,0x433b0b38,2,3,5,2,3,5,5.5,-78,,5,5
2026-01-24 21:27:54.573201,0x433af380,4,5,5,4,5,5,6.25,-34,,3,3
2026-01-24 21:27:57.116676,0x433ad35c,3,3,4,3,3,4,6.0,-56,,3,3
2026-01-24 21:27:58.831515,0x433b0b38,2,3,3,2,3,3,5.5,-78,,5,5
2026-01-24 21:28:54.991296,0x433af380,6,7,7,6,7,7,6.5,-34,,3,3
2026-01-24 21:28:57.451692,0x433ad35c,5,5,5,5,5,5,6.0,-55,,3,3
2026-01-24 21:29:00.922726,0x433b0b38,1,2,2,1,2,2,5.5,-75,,5,4
2026-01-24 21:29:55.342231,0x433af380,6,7,7,6,7,7,7.0,-33,,3,3
2026-01-24 21:29:57.811531,0x433ad35c,3,4,4,3,4,4,6.5,-56,,3,3
2026-01-24 21:30:00.481016,0x433b0b38,1,2,3,1,2,3,5.5,-79,,5,5
2026-01-24 21:30:55.360449,0x433af380,5,6,6,5,6,6,5.75,-34,,3,3
2026-01-24 21:30:57.959426,0x433ad35c,4,4,4,4,4,4,5.5,-56,,3,3
2026-01-24 21:31:06.750616,0x433b0b38,4,4,4,4,4,4,6.0,-76,,5,4
2026-01-24 21:31:55.577400,0x433af380,6,7,7,6,7,7,6.0,-34,,3,3
2026-01-24 21:31:58.076002,0x433ad35c,3,3,3,3,3,3,6.25,-56,,3,3
2026-01-24 21:32:00.550755,0x433b0b38,3,3,3,3,3,3,5.75,-78,,5,5
2026-01-24 21:32:55.887086,0x433af380,7,8,8,7,8,8,7.5,-33,,3,3
2026-01-24 21:32:58.352461,0x433ad35c,3,4,4,3,4,4,5.75,-56,,3,3
2026-01-24 21:32:59.975527,0x433b0b38,2,2,2,2,2,2,6.0,-77,,5,5
2026-01-24 21:33:56.182826,0x433af380,6,6,6,6,6,6,6.5,-34,,3,3
2026-01-24 21:33:58.716074,0x433ad35c,5,5,5,5,5,5,5.75,-56,,3,3
2026-01-24 21:34:02.069600,0x433b0b38,2,2,2,2,2,2,5.5,-76,,5,4
2026-01-24 21:34:56.343835,0x433af380,5,6,7,5,6,7,7.0,-33,,3,3
2026-01-24 21:34:58.818722,0x433b0b38,2,3,4,2,3,4,5.5,-78,,5,5
2026-01-24 21:35:00.533461,0x433ad35c,3,3,3,3,3,3,5.75,-56,,3,3
2026-01-24 21:35:56.790324,0x433af380,6,7,7,6,7,7,6.75,-34,,3,3
2026-01-24 21:35:59.369668,0x433b0b38,1,1,1,1,1,1,5.5,-78,,5,5
2026-01-24 21:36:01.579024,0x433ad35c,2,2,3,2,2,3,6.25,-56,,3,3
2026-01-24 21:36:56.903972,0x433af380,6,8,9,6,8,9,7.0,-33,,3,3
2026-01-24 21:36:59.495678,0x433ad35c,4,4,5,4,4,5,6.25,-56,,3,3
2026-01-24 21:37:01.954164,0x433b0b38,5,6,6,5,6,6,5.5,-78,,5,5
2026-01-24 21:37:57.167473,0x433af380,6,8,8,6,8,8,6.75,-33,,3,3
2026-01-24 21:37:59.690373,0x433b0b38,2,3,3,2,3,3,5.25,-78,,5,5
2026-01-24 21:38:01.440555,0x433ad35c,3,3,3,3,3,3,6.25,-56,,3,3
2026-01-24 21:38:57.597178,0x433af380,5,5,5,5,5,5,7.0,-34,,3,3
2026-01-24 21:39:00.170430,0x433b0b38,3,3,5,3,3,5,5.75,-78,,5,5
2026-01-24 21:39:02.675746,0x433ad35c,4,5,6,4,5,6,6.25,-56,,3,3
2026-01-24 21:39:57.827496,0x433af380,7,7,7,7,7,7,5.75,-34,,3,3
2026-01-24 21:40:00.268249,0x433ad35c,4,5,5,4,5,5,6.25,-56,,3,3
2026-01-24 21:40:02.017736,0x433b0b38,4,5,5,4,5,5,5.5,-78,,5,5
2026-01-24 21:40:57.949469,0x433af380,4,4,4,4,4,4,6.0,-34,,3,3
2026-01-24 21:41:00.407310,0x433ad35c,3,4,5,3,4,5,6.0,-56,,3,3
2026-01-24 21:41:02.305948,0x433b0b38,4,4,4,4,4,4,5.25,-79,,5,5
2026-01-24 21:41:58.460605,0x433af380,3,7,7,3,7,7,6.75,-34,,3,3
2026-01-24 21:42:01.053547,0x433b0b38,2,2,4,2,2,4,5.75,-78,,5,5
2026-01-24 21:42:03.961929,0x433ad35c,4,4,4,4,4,4,5.75,-56,,3,3
2026-01-24 21:42:58.770651,0x433af380,5,6,7,5,6,7,5.75,-34,,3,3
2026-01-24 21:43:01.380105,0x433b0b38,1,2,2,1,2,2,5.5,-78,,5,5
2026-01-24 21:43:03.038074,0x433ad35c,5,6,7,5,6,7,6.0,-56,,3,3
2026-01-24 21:43:58.700786,0x433af380,6,7,7,6,7,7,5.75,-33,,3,3
2026-01-24 21:44:01.165152,0x433ad35c,4,4,5,4,4,5,5.75,-57,,3,3
2026-01-24 21:44:06.142521,0x433b0b38,2,2,2,2,2,2,5.5,-76,,5,4
2026-01-24 21:44:59.049348,0x433af380,5,6,7,5,6,7,7.25,-34,,3,3
2026-01-24 21:45:01.513549,0x433b0b38,3,3,5,3,3,5,5.75,-77,,5,5
2026-01-24 21:45:03.146408,0x433ad35c,4,4,5,4,4,5,6.25,-56,,3,3
2026-01-24 21:45:59.427086,0x433af380,5,5,5,5,5,5,6.75,-35,,3,3
2026-01-24 21:46:01.881968,0x433ad35c,4,4,5,4,4,5,6.0,-56,,3,3
2026-01-24 21:46:04.991369,0x433b0b38,3,5,5,3,5,5,5.25,-78,,5,5
2026-01-24 21:46:59.663844,0x433af380,9,11,11,9,11,11,6.25,-34,,3,3
2026-01-24 21:47:02.790508,0x433b0b38,3,4,4,3,4,4,5.5,-78,,5,5
2026-01-24 21:47:05.097929,0x433ad35c,5,5,5,5,5,5,6.25,-56,,3,3
2026-01-24 21:47:59.865375,0x433af380,6,8,8,6,8,8,6.75,-34,,3,3
2026-01-24 21:48:02.468805,0x433b0b38,3,4,4,3,4,4,5.5,-78,,5,5
2026-01-24 21:48:04.193735,0x433ad35c,3,3,3,3,3,3,6.25,-56,,3,3
2026-01-24 21:49:00.212491,0x433af380,7,8,8,7,8,8,5.75,-34,,3,3
2026-01-24 21:49:02.801411,0x433ad35c,5,5,5,5,5,5,5.5,-55,,3,3
2026-01-24 21:50:00.639386,0x433af380,6,7,7,6,7,7,6.5,-34,,3,3
2026-01-24 21:50:03.103215,0x433ad35c,5,5,5,5,5,5,5.75,-55,,3,3
2026-01-24 21:50:04.752781,0x433b0b38,2,2,3,2,2,3,5.5,-78,,5,5
2026-01-24 21:51:00.691473,0x433af380,5,6,6,5,6,6,7.0,-34,,3,3
2026-01-24 21:51:03.184994,0x433b0b38,2,3,3,2,3,3,5.5,-78,,5,5
2026-01-24 21:51:04.919335,0x433ad35c,4,5,5,4,5,5,6.0,-56,,3,3
2026-01-24 21:52:00.993607,0x433af380,9,10,10,9,10,10,7.0,-34,,3,3
2026-01-24 21:52:03.506163,0x433b0b38,2,2,4,2,2,4,5.75,-78,,5,5
2026-01-24 21:52:06.597292,0x433ad35c,3,4,4,3,4,4,6.0,-56,,3,3
2026-01-24 21:53:01.469074,0x433af380,5,6,6,5,6,6,5.75,-34,,3,3
2026-01-24 21:53:04.004665,0x433ad35c,5,5,5,5,5,5,6.0,-56,,3,3
2026-01-24 21:53:08.038146,0x433b0b38,2,3,6,2,3,6,5.25,-75,,5,4
2026-01-24 21:54:01.449844,0x433af380,6,7,7,6,7,7,7.0,-35,,3,3
2026-01-24 21:54:03.950791,0x433ad35c,5,5,5,5,5,5,6.0,-55,,3,3
2026-01-24 21:54:05.707258,0x433b0b38,3,3,3,3,3,3,5.25,-78,,5,5
2026-01-24 21:55:01.713454,0x433af380,4,6,8,4,6,8,5.75,-34,,3,3
2026-01-24 21:55:04.177604,0x433ad35c,4,4,4,4,4,4,5.75,-56,,3,3
2026-01-24 21:55:09.018761,0x433b0b38,3,5,5,3,5,5,5.75,-75,,5,4
2026-01-24 21:56:01.926517,0x433af380,6,7,7,6,7,7,6.0,-34,,3,3
2026-01-24 21:56:04.450838,0x433b0b38,2,2,2,2,2,2,5.75,-78,,5,5
2026-01-24 21:56:07.052189,0x433ad35c,3,3,3,3,3,3,6.0,-56,,3,3
2026-01-24 21:57:02.200393,0x433af380,6,7,7,6,7,7,6.25,-34,,3,3
2026-01-24 21:57:04.733477,0x433ad35c,3,3,3,3,3,3,7.0,-55,,3,3
2026-01-24 21:57:05.486308,0x433b0b38,3,4,4,3,4,4,5.5,-78,,5,5
2026-01-24 21:58:02.526408,0x433af380,7,7,7,7,7,7,6.5,-33,,3,3
2026-01-24 21:58:05.023276,0x433b0b38,2,2,2,2,2,2,5.75,-78,,5,5
2026-01-24 21:58:06.773581,0x433ad35c,4,5,5,4,5,5,6.25,-56,,3,3
2026-01-24 21:59:03.045065,0x433af380,9,9,9,9,9,9,6.75,-34,,3,3
2026-01-24 21:59:05.501923,0x433ad35c,4,4,5,4,4,5,6.0,-56,,3,3
2026-01-24 21:59:06.946352,0x433b0b38,2,3,3,2,3,3,5.5,-75,,5,4
2026-01-24 22:00:02.920288,0x433af380,6,7,7,6,7,7,7.0,-34,,3,3
2026-01-24 22:00:05.398208,0x433b0b38,2,3,3,2,3,3,5.5,-77,,5,5
2026-01-24 22:00:07.140208,0x433ad35c,4,5,7,4,5,7,5.75,-56,,3,3
2026-01-24 22:01:03.585901,0x433af380,5,6,6,5,6,6,6.5,-34,,3,3
2026-01-24 22:01:06.102585,0x433ad35c,4,5,5,4,5,5,6.25,-56,,3,3
2026-01-24 22:01:07.808094,0x433b0b38,2,3,5,2,3,5,5.5,-77,,5,5
2026-01-24 22:02:03.451361,0x433af380,6,8,8,6,8,8,5.5,-34,,3,3
2026-01-24 22:02:05.907522,0x433ad35c,4,5,5,4,5,5,6.0,-56,,3,3
2026-01-24 22:02:08.443088,0x433b0b38,2,3,6,2,3,6,5.25,-78,,5,5
2026-01-23 23:01:58.113131,0x433af380,22,28,29,21,28,29,6.25,-34,,3,3
2026-01-23 23:02:00.697972,0x433ad35c,13,17,18,13,17,18,6.0,-59,,3,3
2026-01-23 23:02:16.912880,0x433b0b38,10,16,18,10,16,18,5.75,-76,,5,5
2026-01-23 23:02:57.696170,0x433af380,19,29,31,19,29,31,7.25,-34,,3,3
2026-01-23 23:03:00.188869,0x433ad35c,12,19,22,12,19,22,5.75,-58,,3,3
2026-01-23 23:03:17.102173,0x433b0b38,15,28,40,15,28,40,5.75,-77,,5,5
2026-01-23 23:03:58.156186,0x433af380,19,24,25,19,24,25,6.25,-34,,3,3
2026-01-23 23:04:01.521068,0x433ad35c,16,26,32,16,26,32,6.5,-59,,3,3
2026-01-23 23:04:17.342147,0x433b0b38,12,19,19,12,19,19,5.75,-77,,5,5
2026-01-23 23:05:00.859243,0x433af380,21,32,33,20,31,33,7.5,-34,,3,3
2026-01-23 23:05:03.285819,0x433ad35c,13,18,19,13,18,19,5.75,-58,,3,3
2026-01-23 23:05:17.752957,0x433b0b38,10,16,17,10,16,17,6.25,-77,,5,5
2026-01-23 23:05:58.456226,0x433af380,20,28,29,19,28,29,6.75,-34,,3,3
2026-01-23 23:06:01.060525,0x433ad35c,12,16,16,12,16,16,6.0,-59,,3,3
2026-01-23 23:06:19.260228,0x433b0b38,13,19,19,13,19,19,5.75,-77,,5,5
2026-01-23 23:06:58.760775,0x433af380,22,31,31,21,30,31,6.75,-33,,3,3
2026-01-23 23:07:02.053343,0x433ad35c,14,21,22,14,21,22,5.75,-58,,3,3
2026-01-23 23:07:18.019650,0x433b0b38,11,19,19,11,19,19,6.0,-77,,5,5
2026-01-23 23:07:58.878641,0x433af380,22,28,28,21,28,28,6.25,-34,,3,3
2026-01-23 23:08:01.589490,0x433ad35c,12,17,17,12,17,17,6.25,-59,,3,3
2026-01-23 23:08:18.258769,0x433b0b38,13,20,22,13,20,22,6.0,-77,,5,5
2026-01-23 23:08:59.653799,0x433af380,25,32,33,23,31,33,7.0,-34,,3,3
2026-01-23 23:09:02.153663,0x433ad35c,15,19,21,15,19,21,6.0,-59,,3,3
2026-01-23 23:09:18.525990,0x433b0b38,13,18,21,13,18,21,5.25,-77,,5,5
2026-01-23 23:09:59.872257,0x433af380,22,30,30,21,30,30,5.5,-33,,3,3
2026-01-23 23:10:04.986297,0x433ad35c,16,23,26,16,23,26,5.75,-59,,3,3
2026-01-23 23:10:18.723385,0x433b0b38,13,21,21,13,21,21,6.25,-76,,5,5
2026-01-23 23:10:59.965234,0x433af380,20,26,26,19,26,26,5.75,-34,,3,3
2026-01-23 23:11:02.449495,0x433ad35c,12,20,20,12,20,20,6.0,-58,,3,3
2026-01-23 23:11:19.885714,0x433b0b38,10,20,20,10,20,20,5.75,-77,,5,5
2026-01-23 23:12:02.528238,0x433ad35c,15,22,23,15,22,23,5.75,-59,,3,3
2026-01-23 23:12:05.303579,0x433af380,20,27,27,20,27,27,6.25,-33,,3,3
2026-01-23 23:12:20.088125,0x433b0b38,13,18,18,13,18,18,5.75,-77,,5,5
2026-01-23 23:13:00.178137,0x433af380,21,27,27,20,27,27,7.25,-34,,3,3
2026-01-23 23:13:02.921518,0x433ad35c,14,18,20,14,18,20,6.0,-59,,3,3
2026-01-23 23:13:19.403471,0x433b0b38,12,17,18,12,17,18,5.75,-78,,5,5
2026-01-23 23:14:00.815788,0x433af380,21,27,28,20,27,28,7.5,-34,,3,3
2026-01-23 23:14:03.278186,0x433ad35c,13,17,18,13,17,18,5.75,-58,,3,3
2026-01-23 23:14:19.650451,0x433b0b38,10,13,13,10,13,13,5.75,-77,,5,5
2026-01-23 23:15:02.110029,0x433af380,22,29,29,21,29,29,7.25,-34,,3,3
2026-01-23 23:15:04.668195,0x433ad35c,14,23,26,14,23,26,6.0,-59,,3,3
2026-01-23 23:15:20.041929,0x433b0b38,10,18,24,10,18,24,5.25,-78,,5,5
2026-01-23 23:16:01.438885,0x433af380,22,28,30,21,28,30,7.5,-34,,3,3
2026-01-23 23:16:03.981775,0x433ad35c,11,15,17,11,15,17,6.0,-59,,3,3
2026-01-23 23:16:20.922646,0x433b0b38,14,18,18,14,18,18,6.25,-76,,5,5
2026-01-23 23:17:01.605484,0x433af380,26,36,37,23,33,37,7.0,-34,,3,3
2026-01-23 23:17:04.196643,0x433ad35c,13,16,17,13,16,17,6.0,-59,,3,3
2026-01-23 23:17:20.379443,0x433b0b38,12,17,18,12,17,18,6.25,-77,,5,5
2026-01-23 23:18:06.007902,0x433af380,20,26,27,20,26,27,7.5,-33,,3,3
2026-01-23 23:18:06.959269,0x433ad35c,14,18,18,14,18,18,6.0,-70,,3,2
2026-01-23 23:18:20.882554,0x433b0b38,12,20,26,12,20,26,5.5,-77,,5,5
2026-01-23 23:19:02.554610,0x433af380,19,23,23,19,23,23,7.75,-34,,3,3
2026-01-23 23:19:05.071645,0x433ad35c,14,18,19,14,18,19,5.75,-59,,3,3
2026-01-23 23:19:20.849163,0x433b0b38,13,20,22,13,20,22,5.0,-77,,5,5
2026-01-23 23:20:02.533156,0x433af380,22,32,33,21,31,33,7.25,-34,,3,3
2026-01-23 23:20:05.907244,0x433ad35c,13,21,23,13,21,23,6.0,-59,,3,3
2026-01-23 23:20:21.075919,0x433b0b38,11,20,23,11,20,23,6.25,-77,,5,5
2026-01-23 23:21:03.499476,0x433af380,20,30,32,20,30,32,7.75,-34,,3,3
2026-01-23 23:21:05.996573,0x433ad35c,13,18,21,13,18,21,6.0,-59,,3,3
2026-01-23 23:21:21.489113,0x433b0b38,14,21,21,14,21,21,6.0,-77,,5,5
2026-01-23 23:22:03.748880,0x433af380,19,27,27,19,27,27,7.0,-34,,3,3
2026-01-23 23:22:06.021614,0x433ad35c,16,23,24,16,23,24,5.75,-59,,3,3
2026-01-23 23:22:21.642624,0x433b0b38,11,16,17,11,16,17,5.75,-76,,5,5
2026-01-23 23:23:03.663951,0x433af380,21,30,31,20,30,31,6.0,-34,,3,3
2026-01-23 23:23:06.184947,0x433ad35c,11,17,18,11,17,18,6.0,-59,,3,3
2026-01-23 23:23:21.734446,0x433b0b38,10,20,21,10,20,21,6.0,-78,,5,5
2026-01-23 23:24:03.788484,0x433af380,22,28,28,21,28,28,7.25,-34,,3,3
2026-01-23 23:24:06.323911,0x433ad35c,12,17,18,12,17,18,6.0,-59,,3,3
2026-01-23 23:24:22.642757,0x433b0b38,12,16,18,12,16,18,6.0,-77,,5,5
2026-01-23 23:25:03.675206,0x433af380,21,30,30,20,30,30,6.75,-34,,3,3
2026-01-23 23:25:06.245024,0x433ad35c,14,23,23,14,23,23,6.25,-59,,3,3
2026-01-23 23:25:22.232880,0x433b0b38,11,15,17,11,15,17,5.25,-76,,5,5
2026-01-23 23:26:04.072624,0x433af380,20,27,27,20,27,27,7.0,-34,,3,3
2026-01-23 23:26:06.544688,0x433ad35c,13,17,20,13,17,20,6.0,-59,,3,3
2026-01-23 23:26:23.605943,0x433b0b38,11,22,24,11,22,24,5.5,-77,,5,5
2026-01-23 23:27:06.762494,0x433af380,22,29,30,21,29,30,7.5,-34,,3,3
2026-01-23 23:27:09.269754,0x433ad35c,15,18,18,15,18,18,6.0,-59,,3,3
2026-01-23 23:27:22.682763,0x433b0b38,9,12,14,9,12,14,5.75,-77,,5,5
2026-01-23 23:28:05.775950,0x433af380,21,30,31,20,29,31,6.0,-35,,3,3
2026-01-23 23:28:08.414773,0x433ad35c,13,17,18,13,17,18,5.75,-59,,3,3
2026-01-23 23:28:23.504486,0x433b0b38,10,14,18,10,14,18,6.25,-77,,5,5
2026-01-23 23:29:05.038766,0x433af380,20,27,28,20,27,28,5.75,-34,,3,3
2026-01-23 23:29:07.515235,0x433ad35c,14,17,19,14,17,19,6.0,-59,,3,3
2026-01-23 23:29:23.152265,0x433b0b38,10,14,14,10,14,14,6.0,-78,,5,5
2026-01-23 23:30:05.463501,0x433af380,22,29,30,21,29,30,7.0,-34,,3,3
2026-01-23 23:30:08.055751,0x433ad35c,11,14,15,11,14,15,7.0,-58,,3,3
2026-01-23 23:30:23.781552,0x433b0b38,13,20,20,13,20,20,6.0,-77,,5,5
2026-01-23 23:31:05.526880,0x433af380,21,28,30,20,28,30,7.0,-33,,3,3
2026-01-23 23:31:07.940951,0x433ad35c,14,18,18,14,18,18,7.0,-59,,3,3
2026-01-23 23:31:24.412756,0x433b0b38,14,19,19,14,19,19,5.5,-77,,5,5
2026-01-23 23:32:05.570370,0x433af380,19,27,28,19,27,28,6.25,-33,,3,3
2026-01-23 23:32:08.065670,0x433ad35c,15,20,21,15,20,21,6.25,-59,,3,3
2026-01-23 23:32:23.874214,0x433b0b38,9,18,21,9,18,21,5.25,-77,,5,5
2026-01-23 23:33:05.946894,0x433af380,18,26,27,18,26,27,6.25,-34,,3,3
2026-01-23 23:33:08.446386,0x433ad35c,11,14,15,11,14,15,5.75,-59,,3,3
2026-01-23 23:33:24.081037,0x433b0b38,13,21,21,13,21,21,5.75,-77,,5,5
2026-01-23 23:34:09.200330,0x433af380,19,25,25,19,25,25,7.75,-34,,3,3
2026-01-23 23:34:11.700773,0x433ad35c,13,19,21,13,19,21,6.0,-59,,3,3
2026-01-23 23:34:24.302470,0x433b0b38,12,18,24,12,18,24,6.0,-77,,5,5
2026-01-23 23:35:06.312570,0x433af380,20,28,29,20,28,29,6.25,-34,,3,3
2026-01-23 23:35:08.899043,0x433ad35c,14,21,23,14,21,23,6.25,-59,,3,3
2026-01-23 23:35:24.535496,0x433b0b38,13,24,24,13,24,24,5.5,-77,,5,5
2026-01-23 23:36:06.837279,0x433af380,20,27,28,20,27,28,6.0,-34,,3,3
2026-01-23 23:36:09.330339,0x433ad35c,15,20,23,15,20,23,5.75,-58,,3,3
2026-01-23 23:36:24.995662,0x433b0b38,14,22,24,14,22,24,6.0,-77,,5,5
2026-01-23 23:37:06.919309,0x433af380,21,31,31,20,30,31,7.0,-34,,3,3
2026-01-23 23:37:09.453447,0x433ad35c,13,20,20,13,20,20,6.0,-59,,3,3
2026-01-23 23:37:25.033052,0x433b0b38,15,18,22,15,18,22,5.75,-77,,5,5
2026-01-23 23:38:08.025469,0x433af380,20,29,29,19,29,29,5.75,-34,,3,3
2026-01-23 23:38:10.290305,0x433ad35c,14,16,16,14,16,16,5.75,-59,,3,3
2026-01-23 23:38:25.901642,0x433b0b38,12,14,14,12,14,14,5.5,-78,,5,5
2026-01-23 23:39:07.435534,0x433af380,19,26,26,19,26,26,6.25,-34,,3,3
2026-01-23 23:39:09.925688,0x433ad35c,13,18,21,13,18,21,6.0,-59,,3,3
2026-01-23 23:39:25.469395,0x433b0b38,11,16,16,11,16,16,6.0,-77,,5,5
2026-01-23 23:40:08.217915,0x433af380,20,29,29,20,29,29,7.25,-34,,3,3
2026-01-23 23:40:11.283597,0x433ad35c,11,15,15,11,15,15,6.0,-59,,3,3
2026-01-23 23:40:25.726517,0x433b0b38,13,17,17,13,17,17,5.0,-78,,5,5
2026-01-23 23:41:08.361092,0x433af380,18,26,27,18,26,27,7.0,-35,,3,3
2026-01-23 23:41:13.219804,0x433ad35c,14,16,18,14,16,18,5.75,-59,,3,3
2026-01-23 23:41:26.728388,0x433b0b38,9,15,16,9,15,16,6.0,-76,,5,5
2026-01-23 23:42:08.692283,0x433af380,21,29,31,20,29,31,6.0,-34,,3,3
2026-01-23 23:42:14.418965,0x433ad35c,13,17,17,13,17,17,6.0,-59,,3,3
2026-01-23 23:42:30.222646,0x433b0b38,12,20,20,12,20,20,6.0,-59,,5,4
2026-01-23 23:43:08.476143,0x433af380,18,23,24,18,23,24,7.5,-34,,3,3
2026-01-23 23:43:10.937454,0x433ad35c,13,16,16,13,16,16,6.0,-59,,3,3
2026-01-23 23:43:26.388763,0x433b0b38,11,16,17,11,16,17,6.25,-77,,5,5
2026-01-23 23:44:08.871569,0x433af380,18,23,24,18,23,24,7.0,-34,,3,3
2026-01-23 23:44:11.407519,0x433ad35c,12,14,14,12,14,14,5.25,-59,,3,3
2026-01-23 23:44:26.653680,0x433b0b38,13,21,21,13,21,21,5.5,-78,,5,5
2026-01-23 23:45:09.222768,0x433af380,19,28,28,19,28,28,7.5,-33,,3,3
2026-01-23 23:45:11.712999,0x433ad35c,13,17,22,13,17,22,6.0,-59,,3,3
2026-01-23 23:45:26.893178,0x433b0b38,12,16,17,12,16,17,5.75,-77,,5,5
2026-01-23 23:46:09.374149,0x433af380,19,23,23,19,23,23,6.75,-34,,3,3
2026-01-23 23:46:11.977266,0x433ad35c,11,15,18,11,15,18,6.0,-59,,3,3
2026-01-23 23:46:27.294979,0x433b0b38,12,16,17,12,16,17,5.5,-77,,5,5
2026-01-23 23:47:09.660744,0x433af380,20,29,30,20,29,30,7.5,-34,,3,3
2026-01-23 23:47:12.161624,0x433ad35c,10,13,14,10,13,14,5.5,-59,,3,3
2026-01-23 23:47:27.313339,0x433b0b38,13,17,19,13,17,19,6.0,-77,,5,5
2026-01-23 23:48:10.169367,0x433af380,18,27,28,18,27,28,5.75,-34,,3,3
2026-01-23 23:48:12.685542,0x433ad35c,12,15,16,12,15,16,6.0,-59,,3,3
2026-01-23 23:48:27.547045,0x433b0b38,15,23,25,15,23,25,5.75,-77,,5,5
2026-01-23 23:49:10.417362,0x433af380,16,24,26,16,24,26,6.0,-34,,3,3
2026-01-23 23:49:12.850614,0x433ad35c,11,14,18,11,14,18,6.0,-59,,3,3
2026-01-23 23:49:27.785471,0x433b0b38,13,21,21,13,21,21,6.0,-76,,5,5
2026-01-23 23:50:10.313923,0x433af380,21,28,29,20,28,29,7.25,-34,,3,3
2026-01-23 23:50:12.810523,0x433ad35c,12,15,18,12,15,18,6.25,-59,,3,3
2026-01-23 23:50:28.008978,0x433b0b38,10,16,18,10,16,18,5.0,-77,,5,5
2026-01-23 23:51:10.545198,0x433af380,22,30,30,21,30,30,7.0,-34,,3,3
2026-01-23 23:51:13.013115,0x433ad35c,13,18,18,13,18,18,6.25,-58,,3,3
2026-01-23 23:51:29.525842,0x433b0b38,13,18,20,13,18,20,6.0,-77,,5,5
2026-01-23 23:52:10.920282,0x433af380,18,24,24,18,24,24,6.75,-34,,3,3
2026-01-23 23:52:13.468615,0x433ad35c,12,16,16,12,16,16,6.0,-59,,3,3
2026-01-23 23:52:29.625328,0x433b0b38,13,23,25,13,23,25,6.25,-77,,5,5
2026-01-23 23:53:11.718505,0x433af380,21,28,28,20,28,28,6.25,-35,,3,3
2026-01-23 23:53:14.130149,0x433ad35c,11,17,18,11,17,18,7.0,-59,,3,3
2026-01-23 23:53:29.748402,0x433b0b38,11,15,15,11,15,15,6.25,-77,,5,5
2026-01-23 23:54:11.426901,0x433af380,20,30,31,20,30,31,7.0,-34,,3,3
2026-01-23 23:54:13.876543,0x433ad35c,15,19,20,15,19,20,5.5,-58,,3,3
2026-01-23 23:54:29.183093,0x433b0b38,8,13,14,8,13,14,6.0,-76,,5,5
2026-01-23 23:55:11.855294,0x433af380,21,28,30,20,28,30,7.75,-34,,3,3
2026-01-23 23:55:14.398709,0x433ad35c,13,18,20,13,18,20,5.75,-59,,3,3
2026-01-23 23:55:29.417239,0x433b0b38,9,14,14,9,14,14,5.75,-76,,5,5
2026-01-23 23:56:11.879449,0x433af380,20,30,31,20,30,31,6.0,-34,,3,3
2026-01-23 23:56:14.296875,0x433ad35c,13,16,17,13,16,17,6.25,-59,,3,3
2026-01-23 23:56:30.851955,0x433b0b38,11,18,18,11,18,18,6.0,-76,,5,5
2026-01-23 23:57:12.204447,0x433af380,21,30,32,20,29,32,6.5,-34,,3,3
2026-01-23 23:57:14.824660,0x433ad35c,13,16,17,13,16,17,6.25,-58,,3,3
2026-01-23 23:57:31.016417,0x433b0b38,9,16,16,9,16,16,6.25,-76,,5,5
2026-01-23 23:58:12.904503,0x433af380,21,29,29,20,29,29,7.0,-34,,3,3
2026-01-23 23:58:15.482034,0x433ad35c,14,19,21,14,19,21,6.0,-59,,3,3
2026-01-23 23:58:30.119328,0x433b0b38,10,14,14,10,14,14,5.5,-76,,5,5
2026-01-23 23:59:13.029862,0x433af380,19,27,28,19,27,28,7.75,-34,,3,3
2026-01-23 23:59:15.535614,0x433ad35c,13,18,19,13,18,19,5.75,-58,,3,3
2026-01-23 23:59:30.350229,0x433b0b38,13,18,19,13,18,19,6.0,-77,,5,5
2026-01-24 00:00:13.251731,0x433af380,20,28,28,20,28,28,7.5,-34,,3,3
2026-01-24 00:00:15.790583,0x433ad35c,12,17,18,12,17,18,6.0,-59,,3,3
2026-01-24 00:00:31.492682,0x433b0b38,12,22,25,12,22,25,5.75,-77,,5,5
2026-01-24 00:01:13.184852,0x433af380,17,21,21,17,21,21,7.0,-34,,3,3
2026-01-24 00:01:15.618639,0x433ad35c,10,15,16,10,15,16,5.75,-59,,3,3
2026-01-25 00:02:35.496001,0x433af380,6,7,7,6,7,7,6.25,-33,,3,3
2026-01-25 00:02:37.974233,0x433ad35c,3,4,5,3,4,5,5.75,-56,,3,3
2026-01-25 00:02:40.938648,0x433b0b38,2,2,2,2,2,2,5.0,-75,,5,4
2026-01-25 00:03:35.728891,0x433af380,5,6,6,5,6,6,6.5,-35,,3,3
2026-01-25 00:03:38.287478,0x433ad35c,4,5,5,4,5,5,5.75,-55,,3,3
2026-01-25 00:03:39.947887,0x433b0b38,2,2,2,2,2,2,0.75,-77,,5,5
2026-01-25 00:04:35.919214,0x433af380,4,5,8,4,5,8,7.25,-34,,3,3
2026-01-25 00:04:38.532971,0x433ad35c,4,6,7,4,6,7,6.0,-56,,3,3
2026-01-25 00:04:40.175333,0x433b0b38,2,3,3,2,3,3,5.25,-78,,5,5
2026-01-25 00:05:36.290456,0x433af380,6,7,8,6,7,8,7.0,-34,,3,3
2026-01-25 00:05:38.824797,0x433ad35c,3,3,4,3,3,4,6.0,-56,,3,3
2026-01-25 00:05:40.465500,0x433b0b38,4,4,4,4,4,4,5.75,-77,,5,5
2026-01-25 00:06:36.497428,0x433af380,5,7,7,5,7,7,7.5,-34,,3,3
2026-01-25 00:06:39.570345,0x433ad35c,4,4,5,4,4,5,6.0,-56,,3,3
2026-01-25 00:06:41.940214,0x433b0b38,2,3,7,2,3,7,5.75,-77,,5,5
2026-01-25 00:07:36.791548,0x433af380,4,6,6,4,6,6,7.5,-34,,3,3
2026-01-25 00:07:39.314372,0x433ad35c,3,4,4,3,4,4,6.0,-55,,3,3
2026-01-25 00:07:40.950176,0x433b0b38,2,2,2,2,2,2,5.5,-77,,5,5
2026-01-25 00:08:37.165100,0x433af380,5,5,5,5,5,5,7.0,-34,,3,3
2026-01-25 00:08:39.717180,0x433ad35c,3,4,5,3,4,5,5.75,-57,,3,3
2026-01-25 00:08:41.411707,0x433b0b38,2,2,2,2,2,2,6.0,-78,,5,5
2026-01-25 00:09:37.431826,0x433af380,6,7,7,6,7,7,7.0,-34,,3,3
2026-01-25 00:09:39.965557,0x433b0b38,2,3,3,2,3,3,5.75,-78,,5,5
2026-01-25 00:09:41.675053,0x433ad35c,4,6,6,4,6,6,6.25,-56,,3,3
2026-01-25 00:10:37.614518,0x433af380,6,6,6,6,6,6,6.0,-33,,3,3
2026-01-25 00:10:40.117701,0x433ad35c,3,4,5,3,4,5,7.0,-56,,3,3
2026-01-25 00:10:41.946232,0x433b0b38,4,4,4,4,4,4,5.75,-78,,5,5
2026-01-25 00:11:38.246314,0x433af380,24,26,27,22,26,27,7.0,-34,,3,3
2026-01-25 00:11:40.774580,0x433b0b38,4,4,4,4,4,4,5.25,-78,,5,5
2026-01-25 00:11:42.488240,0x433ad35c,5,6,8,5,6,8,5.75,-56,,3,3
2026-01-25 00:12:38.082310,0x433af380,6,8,8,6,8,8,7.25,-34,,3,3
2026-01-25 00:12:41.209751,0x433b0b38,2,3,5,2,3,5,5.5,-78,,5,5
2026-01-25 00:12:44.014415,0x433ad35c,3,4,5,3,4,5,6.5,-56,,3,3
2026-01-25 00:13:38.539717,0x433af380,4,5,5,4,5,5,7.75,-34,,3,3
2026-01-25 00:13:40.997009,0x433ad35c,4,5,5,4,5,5,6.0,-55,,3,3
2026-01-25 00:13:42.649254,0x433b0b38,2,2,2,2,2,2,5.75,-78,,5,5
2026-01-25 00:14:38.616853,0x433af380,7,8,9,7,8,9,7.75,-34,,3,3
2026-01-25 00:14:41.063335,0x433b0b38,2,4,4,2,4,4,5.75,-77,,5,5
2026-01-25 00:14:42.771172,0x433ad35c,3,4,4,3,4,4,6.25,-56,,3,3
2026-01-25 00:15:39.352601,0x433af380,4,5,5,4,5,5,6.75,-34,,3,3
2026-01-25 00:15:41.983868,0x433ad35c,2,3,4,2,3,4,6.0,-56,,3,3
2026-01-25 00:15:46.285433,0x433b0b38,3,4,6,3,4,6,5.75,-77,,5,5
2026-01-25 00:16:39.301177,0x433af380,6,7,7,6,7,7,5.5,-34,,3,3
2026-01-25 00:16:43.975946,0x433ad35c,3,4,5,3,4,5,5.75,-55,,3,3
2026-01-25 00:16:55.020410,0x433b0b38,2,2,2,2,2,2,5.5,-76,,5,4
2026-01-25 00:17:39.403730,0x433af380,5,6,6,5,6,6,7.25,-34,,3,3
2026-01-25 00:17:41.866677,0x433ad35c,6,8,8,6,8,8,5.5,-56,,3,3
2026-01-25 00:17:43.575461,0x433b0b38,3,4,6,3,4,6,5.75,-78,,5,5
2026-01-25 00:18:39.754529,0x433af380,5,6,6,5,6,6,7.0,-33,,3,3
2026-01-25 00:18:42.296097,0x433ad35c,4,4,5,4,4,5,5.5,-56,,3,3
2026-01-25 00:18:43.926943,0x433b0b38,2,2,2,2,2,2,5.5,-78,,5,5
2026-01-25 00:19:40.098566,0x433af380,6,7,7,6,7,7,5.75,-34,,3,3
2026-01-25 00:19:42.657585,0x433ad35c,4,4,4,4,4,4,6.75,-55,,3,3
2026-01-25 00:19:45.241595,0x433b0b38,3,4,4,3,4,4,5.75,-77,,5,5
2026-01-25 00:20:40.329648,0x433af380,16,18,18,16,18,18,6.25,-34,,3,3
2026-01-25 00:20:43.070611,0x433ad35c,5,6,7,5,6,7,5.75,-56,,3,3
2026-01-25 00:20:47.283053,0x433b0b38,3,4,4,3,4,4,7.25,-34,,5,4
2026-01-25 00:21:40.466645,0x433af380,5,6,6,5,6,6,6.25,-33,,3,3
2026-01-25 00:21:42.882478,0x433b0b38,3,3,3,3,3,3,5.5,-77,,5,5
2026-01-25 00:21:44.630437,0x433ad35c,2,3,4,2,3,4,6.0,-56,,3,3
2026-01-25 00:22:40.730257,0x433af380,4,5,5,4,5,5,7.25,-34,,3,3
2026-01-25 00:22:43.212627,0x433ad35c,3,4,5,3,4,5,6.25,-56,,3,3
2026-01-25 00:22:45.611452,0x433b0b38,3,3,3,3,3,3,5.5,-77,,5,5
2026-01-25 00:23:41.019309,0x433af380,5,7,7,5,7,7,7.25,-35,,3,3
2026-01-25 00:23:43.560082,0x433b0b38,2,2,2,2,2,2,5.5,-78,,5,5
2026-01-25 00:23:45.268085,0x433ad35c,4,5,5,4,5,5,5.75,-56,,3,3
2026-01-25 00:24:41.325179,0x433af380,6,6,8,6,6,8,5.75,-34,,3,3
2026-01-25 00:24:43.716844,0x433b0b38,3,5,7,3,5,7,5.75,-77,,5,5
2026-01-25 00:24:46.086472,0x433ad35c,2,2,2,2,2,2,5.5,-56,,3,3
2026-01-25 00:25:41.610654,0x433af380,7,8,9,7,8,9,6.5,-34,,3,3
2026-01-25 00:25:44.761066,0x433b0b38,3,4,4,3,4,4,5.5,-78,,5,5
2026-01-25 00:25:47.080051,0x433ad35c,3,3,3,3,3,3,6.0,-56,,3,3
2026-01-25 00:26:41.779273,0x433af380,6,6,7,6,6,7,6.0,-34,,3,3
2026-01-25 00:26:44.331100,0x433ad35c,3,4,4,3,4,4,6.0,-56,,3,3
2026-01-25 00:26:53.506338,0x433b0b38,2,2,2,2,2,2,5.25,-76,,5,4
2026-01-25 00:27:42.629849,0x433af380,6,7,7,6,7,7,6.75,-33,,3,3
2026-01-25 00:27:46.610302,0x433ad35c,4,6,6,4,6,6,5.75,-56,,3,3
2026-01-25 00:27:47.332525,0x433b0b38,2,3,3,2,3,3,5.5,-78,,5,5
2026-01-25 00:28:42.427787,0x433af380,6,6,6,6,6,6,6.75,-34,,3,3
2026-01-25 00:28:44.994930,0x433ad35c,3,4,4,3,4,4,7.0,-55,,3,3
2026-01-25 00:28:48.126751,0x433b0b38,2,3,3,2,3,3,6.25,-69,,5,4
2026-01-25 00:29:42.577972,0x433af380,4,5,5,4,5,5,7.0,-34,,3,3
2026-01-25 00:29:45.136824,0x433b0b38,3,3,3,3,3,3,5.75,-77,,5,5
2026-01-25 00:29:46.816232,0x433ad35c,2,3,3,2,3,3,5.25,-56,,3,3
2026-01-25 00:30:42.848510,0x433af380,5,6,6,5,6,6,7.0,-34,,3,3
2026-01-25 00:30:45.526603,0x433b0b38,3,4,4,3,4,4,5.5,-78,,5,5
2026-01-25 00:30:47.291286,0x433ad35c,3,4,5,3,4,5,6.25,-56,,3,3
2026-01-25 00:31:43.171404,0x433af380,7,8,8,7,8,8,6.75,-34,,3,3
2026-01-25 00:31:45.654344,0x433ad35c,4,5,5,4,5,5,6.0,-56,,3,3
2026-01-25 00:31:48.098426,0x433b0b38,2,2,2,2,2,2,5.5,-78,,5,5
2026-01-25 00:32:43.323466,0x433af380,5,6,6,5,6,6,7.0,-34,,3,3
2026-01-25 00:32:45.898459,0x433ad35c,3,3,6,3,3,6,6.25,-56,,3,3
2026-01-25 00:32:46.608459,0x433b0b38,2,2,2,2,2,2,6.0,-77,,5,5
2026-01-25 00:33:43.868995,0x433af380,5,6,6,5,6,6,6.0,-33,,3,3
2026-01-25 00:33:46.326673,0x433b0b38,4,4,6,4,4,6,6.0,-77,,5,5
2026-01-25 00:33:48.051297,0x433ad35c,4,5,8,4,5,8,5.75,-55,,3,3
2026-01-25 00:34:43.948459,0x433af380,5,5,5,5,5,5,5.5,-34,,3,3
2026-01-25 00:34:46.442437,0x433b0b38,4,5,5,4,5,5,6.25,-76,,5,5
2026-01-25 00:34:48.193336,0x433ad35c,3,4,5,3,4,5,5.75,-56,,3,3
2026-01-25 00:35:44.089052,0x433af380,5,7,7,5,7,7,6.0,-34,,3,3
2026-01-25 00:35:48.629130,0x433ad35c,3,5,7,3,5,7,6.25,-56,,3,3
2026-01-25 00:35:57.312034,0x433b0b38,1,1,11,1,1,11,5.5,-76,,5,4
2026-01-25 00:36:44.511482,0x433af380,6,7,8,6,7,8,6.25,-34,,3,3
2026-01-25 00:36:47.864613,0x433ad35c,4,4,4,4,4,4,6.25,-55,,3,3
2026-01-25 00:36:52.942500,0x433b0b38,2,3,3,2,3,3,5.25,-76,,5,4
2026-01-25 00:37:45.036942,0x433af380,3,4,4,3,4,4,6.5,-34,,3,3
2026-01-25 00:37:49.534058,0x433b0b38,1,1,1,1,1,1,5.5,-77,,5,5
2026-01-25 00:37:53.832520,0x433ad35c,4,5,6,4,5,6,5.5,-56,,3,3
2026-01-25 00:38:45.454319,0x433af380,5,5,6,5,5,6,7.5,-34,,3,3
2026-01-25 00:38:49.853869,0x433ad35c,3,4,4,3,4,4,5.75,-55,,3,3
2026-01-25 00:38:51.484852,0x433b0b38,4,4,4,4,4,4,5.25,-76,,5,4
2026-01-25 00:39:45.328909,0x433af380,5,6,6,5,6,6,7.5,-33,,3,3
2026-01-25 00:39:47.792510,0x433b0b38,2,2,2,2,2,2,5.25,-78,,5,5
2026-01-25 00:39:49.423508,0x433ad35c,2,2,6,2,2,6,6.25,-56,,3,3
2026-01-25 00:40:45.595728,0x433af380,5,6,6,5,6,6,5.75,-34,,3,3
2026-01-25 00:40:48.017928,0x433ad35c,2,3,4,2,3,4,5.25,-56,,3,3
2026-01-25 00:40:59.899022,0x433b0b38,2,3,3,2,3,3,5.25,-77,,5,4
2026-01-25 00:41:47.627485,0x433af380,3,6,7,3,6,7,7.25,-34,,3,3
2026-01-25 00:41:50.130432,0x433ad35c,4,5,5,4,5,5,6.25,-56,,3,3
2026-01-25 00:41:51.829710,0x433b0b38,2,3,3,2,3,3,6.0,-77,,5,5
2026-01-25 00:42:46.049547,0x433af380,5,7,8,5,7,8,7.75,-34,,3,3
2026-01-25 00:42:48.627515,0x433ad35c,3,4,4,3,4,4,6.0,-56,,3,3
2026-01-25 00:42:55.233465,0x433b0b38,3,4,4,3,4,4,5.5,-76,,5,4
2026-01-25 00:43:47.481258,0x433af380,5,5,5,5,5,5,5.75,-34,,3,3
2026-01-25 00:43:49.997517,0x433ad35c,4,5,5,4,5,5,6.0,-56,,3,3
2026-01-25 00:43:51.495396,0x433b0b38,1,2,2,1,2,2,5.25,-76,,5,4
2026-01-25 00:44:47.737210,0x433af380,5,6,6,5,6,6,7.25,-34,,3,3
2026-01-25 00:44:50.193346,0x433ad35c,4,4,6,4,4,6,6.0,-55,,3,3
2026-01-25 00:44:51.903080,0x433b0b38,3,3,4,3,3,4,5.5,-78,,5,5
2026-01-25 00:45:46.994963,0x433af380,5,6,6,5,6,6,6.5,-34,,3,3
2026-01-25 00:45:49.463223,0x433b0b38,2,3,3,2,3,3,6.0,-78,,5,5
2026-01-25 00:45:51.249087,0x433ad35c,4,5,6,4,5,6,6.25,-55,,3,3
2026-01-25 00:46:47.113539,0x433af380,4,4,5,4,4,5,5.75,-34,,3,3
2026-01-25 00:46:49.665119,0x433b0b38,3,3,5,3,3,5,5.75,-77,,5,5
2026-01-25 00:46:54.360026,0x433ad35c,4,4,4,4,4,4,6.25,-56,,3,3
2026-01-25 00:47:49.400580,0x433af380,4,5,5,4,5,5,6.75,-34,,3,3
2026-01-25 00:47:51.940852,0x433ad35c,3,3,3,3,3,3,5.75,-56,,3,3
2026-01-25 00:47:54.738300,0x433b0b38,2,2,2,2,2,2,5.5,-77,,5,5
2026-01-25 00:48:47.465253,0x433af380,6,6,6,6,6,6,7.75,-33,,3,3
2026-01-25 00:48:50.161039,0x433ad35c,4,4,5,4,4,5,5.5,-56,,3,3
2026-01-25 00:48:53.971812,0x433b0b38,2,3,6,2,3,6,5.25,-76,,5,4
2026-01-25 00:49:49.908495,0x433af380,7,8,8,7,8,8,5.25,-33,,3,3
2026-01-25 00:49:52.425038,0x433ad35c,1,2,3,1,2,3,6.75,-56,,3,3
2026-01-25 00:49:54.175326,0x433b0b38,2,2,2,2,2,2,5.75,-77,,5,5
2026-01-25 00:50:50.102832,0x433af380,7,8,9,7,8,9,7.25,-34,,3,3
2026-01-25 00:50:52.672241,0x433ad35c,4,4,5,4,4,5,6.25,-56,,3,3
2026-01-25 00:50:54.451748,0x433b0b38,2,2,4,2,2,4,5.5,-78,,5,5
2026-01-25 00:51:48.368617,0x433af380,5,5,5,5,5,5,6.25,-33,,3,3
2026-01-25 00:51:51.028767,0x433ad35c,4,5,5,4,5,5,7.0,-56,,3,3
2026-01-25 00:51:54.565706,0x433b0b38,1,1,1,1,1,1,5.5,-76,,5,4
2026-01-25 00:52:48.927314,0x433af380,7,8,9,7,8,9,6.75,-34,,3,3
2026-01-25 00:52:51.390005,0x433ad35c,2,2,2,2,2,2,5.5,-56,,3,3
2026-01-25 00:52:54.871557,0x433b0b38,3,4,4,3,4,4,5.75,-78,,5,5
2026-01-25 00:53:50.190825,0x433af380,5,6,6,5,6,6,6.0,-34,,3,3
2026-01-25 00:53:52.715032,0x433b0b38,2,3,4,2,3,4,5.25,-77,,5,5
2026-01-25 00:53:54.339795,0x433ad35c,2,3,3,2,3,3,6.0,-56,,3,3
2026-01-25 00:54:49.272211,0x433af380,6,7,7,6,7,7,7.5,-34,,3,3
2026-01-25 00:54:51.795451,0x433b0b38,2,3,5,2,3,5,5.5,-78,,5,5
2026-01-25 00:54:53.481356,0x433ad35c,2,2,3,2,2,3,6.0,-56,,3,3
2026-01-25 00:55:53.170333,0x433ad35c,4,4,4,4,4,4,6.5,-56,,3,3
2026-01-25 00:55:54.803266,0x433b0b38,3,4,4,3,4,4,5.75,-78,,5,5
2026-01-25 00:55:57.615996,0x433af380,5,6,7,5,6,7,6.5,-34,,3,3
2026-01-25 00:56:50.062091,0x433af380,5,7,7,5,7,7,6.75,-33,,3,3
2026-01-25 00:56:52.665480,0x433b0b38,1,1,1,1,1,1,5.25,-78,,5,5
2026-01-25 00:56:55.192392,0x433ad35c,4,5,5,4,5,5,5.5,-56,,3,3
2026-01-25 00:57:50.442470,0x433af380,5,5,5,5,5,5,6.0,-34,,3,3
2026-01-25 00:57:52.924503,0x433b0b38,1,1,1,1,1,1,5.75,-77,,5,5
2026-01-25 00:57:55.983464,0x433ad35c,3,3,4,3,3,4,5.75,-56,,3,3
2026-01-25 00:58:50.494459,0x433af380,4,4,6,4,4,6,7.0,-34,,3,3
2026-01-25 00:58:52.950399,0x433ad35c,4,6,6,4,6,6,6.0,-56,,3,3
2026-01-25 00:58:53.925353,0x433b0b38,3,4,4,3,4,4,6.75,-78,,5,5
2026-01-25 00:59:52.828768,0x433af380,5,6,6,5,6,6,7.0,-34,,3,3
2026-01-25 00:59:55.339536,0x433ad35c,4,4,5,4,4,5,5.75,-56,,3,3
2026-01-25 00:59:57.088541,0x433b0b38,1,2,3,1,2,3,5.75,-78,,5,5
2026-01-25 01:00:50.753191,0x433af380,4,5,5,4,5,5,6.75,-33,,3,3
2026-01-25 01:00:53.425600,0x433ad35c,3,4,4,3,4,4,5.75,-55,,3,3
2026-01-25 01:00:55.174453,0x433b0b38,2,2,2,2,2,2,5.5,-78,,5,5
2026-01-25 01:01:51.094566,0x433af380,5,5,5,5,5,5,6.75,-34,,3,3
2026-01-25 01:01:53.746243,0x433b0b38,2,3,3,2,3,3,5.5,-78,,5,5
2026-01-25 01:01:55.497602,0x433ad35c,4,4,4,4,4,4,6.25,-56,,3,3
2026-01-25 07:03:26.192713,0x433af380,7,8,8,7,8,8,5.75,-34,,3,3
2026-01-25 07:03:28.733760,0x433ad35c,2,3,3,2,3,3,5.75,-56,,3,3
2026-01-25 07:03:33.171898,0x433b0b38,1,1,1,1,1,1,5.75,-76,,5,4
2026-01-25 07:04:27.037375,0x433af380,3,5,5,3,5,5,5.75,-34,,3,3
2026-01-25 07:04:29.640938,0x433ad35c,2,3,3,2,3,3,5.5,-56,,3,3
2026-01-25 07:04:32.210097,0x433b0b38,2,2,2,2,2,2,5.5,-78,,5,5
2026-01-25 07:05:26.755520,0x433af380,6,7,8,6,7,8,6.25,-34,,3,3
2026-01-25 07:05:29.417480,0x433ad35c,2,2,2,2,2,2,6.0,-56,,3,3
2026-01-25 07:05:31.174957,0x433b0b38,1,1,1,1,1,1,5.5,-78,,5,5
2026-01-25 07:06:27.072470,0x433af380,4,5,5,4,5,5,6.0,-35,,3,3
2026-01-25 07:06:29.557736,0x433ad35c,2,2,2,2,2,2,5.75,-56,,3,3
2026-01-25 07:06:31.264833,0x433b0b38,1,2,2,1,2,2,5.5,-78,,5,5
2026-01-25 07:07:27.694739,0x433af380,4,5,5,4,5,5,5.75,-34,,3,3
2026-01-25 07:07:30.159635,0x433ad35c,2,2,2,2,2,2,6.25,-57,,3,3
2026-01-25 07:07:31.868505,0x433b0b38,3,4,6,3,4,6,5.75,-78,,5,5
2026-01-25 07:08:27.517263,0x433af380,5,7,7,5,7,7,6.0,-34,,3,3
2026-01-25 07:08:30.068389,0x433b0b38,1,1,2,1,1,2,6.0,-78,,5,5
2026-01-25 07:08:33.115511,0x433ad35c,1,2,2,1,2,2,5.75,-56,,3,3
2026-01-25 07:09:28.052690,0x433af380,4,6,6,4,6,6,7.5,-34,,3,3
2026-01-25 07:09:30.653633,0x433ad35c,2,2,2,2,2,2,6.25,-57,,3,3
2026-01-25 07:09:33.141844,0x433b0b38,1,2,6,1,2,6,5.5,-78,,5,5
2026-01-25 07:10:28.066643,0x433af380,4,6,6,4,6,6,6.5,-34,,3,3
2026-01-25 07:10:30.626160,0x433ad35c,1,2,2,1,2,2,6.0,-56,,3,3
2026-01-25 07:10:35.863992,0x433b0b38,1,1,1,1,1,1,5.5,-76,,5,4
2026-01-25 07:11:28.327441,0x433af380,4,5,5,4,5,5,6.0,-34,,3,3
2026-01-25 07:11:30.875511,0x433ad35c,2,2,3,2,2,3,6.75,-56,,3,3
2026-01-25 07:11:34.052114,0x433b0b38,2,2,2,2,2,2,6.0,-69,,5,4
2026-01-25 07:12:28.746387,0x433af380,4,4,4,4,4,4,7.0,-34,,3,3
2026-01-25 07:12:31.301621,0x433b0b38,1,2,2,1,2,2,6.5,-78,,5,5
2026-01-25 07:12:32.968292,0x433ad35c,1,2,2,1,2,2,6.75,-56,,3,3
2026-01-25 07:13:28.764277,0x433af380,2,3,4,2,3,4,7.25,-34,,3,3
2026-01-25 07:13:31.259451,0x433ad35c,1,2,3,1,2,3,5.75,-56,,3,3
2026-01-25 07:13:32.893203,0x433b0b38,1,1,2,1,1,2,5.75,-78,,5,5
2026-01-25 07:14:29.034723,0x433af380,3,5,5,3,5,5,7.25,-34,,3,3
2026-01-25 07:14:32.161904,0x433b0b38,1,1,1,1,1,1,6.0,-77,,5,5
2026-01-25 07:14:34.411793,0x433ad35c,2,2,2,2,2,2,5.75,-56,,3,3
2026-01-25 07:15:29.374203,0x433af380,5,6,6,5,6,6,6.5,-34,,3,3
2026-01-25 07:15:31.933042,0x433b0b38,2,3,3,2,3,3,5.25,-78,,5,5
2026-01-25 07:15:33.570110,0x433ad35c,1,1,1,1,1,1,6.25,-56,,3,3
2026-01-25 07:16:29.754058,0x433af380,3,4,4,3,4,4,5.75,-34,,3,3
2026-01-25 07:16:32.244402,0x433b0b38,1,1,3,1,1,3,6.0,-78,,5,5
2026-01-25 07:16:35.193298,0x433ad35c,3,3,3,3,3,3,6.25,-56,,3,3
2026-01-25 07:17:30.221005,0x433af380,3,3,3,3,3,3,7.25,-34,,3,3
2026-01-25 07:17:32.743311,0x433ad35c,2,4,4,2,4,4,6.0,-56,,3,3
2026-01-25 07:17:34.465761,0x433b0b38,1,2,2,1,2,2,6.25,-77,,5,5
2026-01-25 07:18:30.399040,0x433af380,2,2,2,2,2,2,7.5,-34,,3,3
2026-01-25 07:18:34.388848,0x433ad35c,2,2,2,2,2,2,6.25,-55,,3,3
2026-01-25 07:18:48.535991,0x433b0b38,2,2,4,2,2,4,5.5,-76,,5,4
2026-01-25 07:19:30.702061,0x433af380,3,3,3,3,3,3,6.5,-34,,3,3
2026-01-25 07:19:33.863927,0x433b0b38,1,2,3,1,2,3,5.75,-77,,5,5
2026-01-25 07:19:36.199533,0x433ad35c,1,2,2,1,2,2,6.25,-56,,3,3
2026-01-25 07:20:30.679434,0x433af380,4,4,4,4,4,4,7.25,-34,,3,3
2026-01-25 07:20:33.169442,0x433b0b38,1,1,1,1,1,1,6.0,-78,,5,5
2026-01-25 07:20:35.580710,0x433ad35c,2,2,2,2,2,2,6.0,-56,,3,3
2026-01-25 07:21:31.696187,0x433af380,3,4,5,3,4,5,6.25,-33,,3,3
2026-01-25 07:21:34.119380,0x433ad35c,2,2,3,2,2,3,6.75,-56,,3,3
2026-01-25 07:21:35.875332,0x433b0b38,2,2,2,2,2,2,6.0,-78,,5,5
2026-01-25 07:22:31.290988,0x433af380,4,5,5,4,5,5,7.25,-34,,3,3
2026-01-25 07:22:33.753512,0x433b0b38,2,3,3,2,3,3,6.25,-77,,5,5
2026-01-25 07:22:35.437195,0x433ad35c,2,2,2,2,2,2,6.75,-56,,3,3
2026-01-25 07:23:31.728240,0x433af380,5,6,6,5,6,6,6.25,-34,,3,3
2026-01-25 07:23:34.152712,0x433ad35c,,,,,,,6.25,-55,,3,3
2026-01-25 07:23:37.172897,0x433b0b38,1,2,3,1,2,3,5.5,-70,,5,4
2026-01-25 07:24:31.572490,0x433af380,6,6,6,6,6,6,7.25,-34,,3,3
2026-01-25 07:24:33.911340,0x433ad35c,,,,,,,5.75,-56,,3,3
2026-01-25 07:24:35.312766,0x433b0b38,2,2,2,2,2,2,6.25,-78,,5,5
2026-01-25 07:25:32.276903,0x433af380,3,4,4,3,4,4,7.75,-34,,3,3
2026-01-25 07:25:34.738032,0x433ad35c,2,2,2,2,2,2,6.0,-57,,3,3
2026-01-25 07:25:38.735338,0x433b0b38,1,1,1,1,1,1,5.5,-75,,5,4
2026-01-25 07:26:32.223487,0x433af380,3,4,5,3,4,5,6.75,-34,,3,3
2026-01-25 07:26:34.746354,0x433b0b38,3,3,6,3,3,6,5.5,-78,,5,5
2026-01-25 07:26:37.034298,0x433ad35c,2,3,3,2,3,3,6.25,-57,,3,3
2026-01-25 07:27:32.523191,0x433af380,3,3,3,3,3,3,5.75,-34,,3,3
2026-01-25 07:27:35.099398,0x433ad35c,2,2,2,2,2,2,7.25,-56,,3,3
2026-01-25 07:27:39.522896,0x433b0b38,1,1,1,1,1,1,5.25,-70,,5,4
2026-01-25 07:28:32.649495,0x433af380,2,3,3,2,3,3,7.5,-34,,3,3
2026-01-25 07:28:35.158369,0x433b0b38,1,1,1,1,1,1,5.75,-78,,5,5
2026-01-25 07:28:37.619727,0x433ad35c,1,1,1,1,1,1,6.25,-56,,3,3
2026-01-25 07:29:33.022325,0x433af380,2,3,3,2,3,3,7.25,-34,,3,3
2026-01-25 07:29:36.149517,0x433b0b38,,,,,,,5.5,-78,,5,5
2026-01-25 07:29:39.051481,0x433ad35c,1,2,2,1,2,2,6.25,-56,,3,3
2026-01-25 07:30:33.462662,0x433af380,2,3,3,2,3,3,6.25,-34,,3,3
2026-01-25 07:30:35.990435,0x433ad35c,2,2,2,2,2,2,6.25,-56,,3,3
2026-01-25 07:30:37.751838,0x433b0b38,1,2,2,1,2,2,5.75,-78,,5,5
2026-01-25 07:31:33.493622,0x433af380,3,3,3,3,3,3,7.25,-34,,3,3
2026-01-25 07:31:35.947913,0x433ad35c,3,3,4,3,3,4,6.0,-56,,3,3
2026-01-25 07:31:37.619414,0x433b0b38,1,1,1,1,1,1,5.75,-78,,5,5
2026-01-25 07:32:33.675817,0x433af380,4,4,5,4,4,5,7.25,-33,,3,3
2026-01-25 07:32:36.232792,0x433ad35c,2,2,2,2,2,2,5.5,-56,,3,3
2026-01-25 07:32:39.320441,0x433b0b38,1,1,1,1,1,1,5.5,-70,,5,4
2026-01-25 07:33:34.344344,0x433af380,3,4,4,3,4,4,7.0,-35,,3,3
2026-01-25 07:33:36.726487,0x433ad35c,,,1,,,1,5.75,-57,,3,3
2026-01-25 07:33:44.888545,0x433b0b38,1,1,1,1,1,1,5.75,-75,,5,4
2026-01-25 07:34:34.279357,0x433af380,2,2,2,2,2,2,6.5,-34,,3,3
2026-01-25 07:34:36.837399,0x433b0b38,1,1,1,1,1,1,5.25,-78,,5,5
2026-01-25 07:34:40.791380,0x433ad35c,2,2,3,2,2,3,6.0,-56,,3,3
2026-01-25 07:35:34.506558,0x433af380,3,3,3,3,3,3,7.5,-34,,3,3
2026-01-25 07:35:36.881922,0x433ad35c,,,1,,,1,6.5,-56,,3,3
2026-01-25 07:35:38.397743,0x433b0b38,,,,,,,6.25,-78,,5,5
2026-01-25 07:36:34.729038,0x433af380,4,5,5,4,5,5,8.0,-34,,3,3
2026-01-25 07:36:37.212357,0x433b0b38,1,1,1,1,1,1,5.25,-77,,5,5
2026-01-25 07:36:38.915241,0x433ad35c,,1,1,,1,1,6.5,-57,,3,3
2026-01-25 07:37:35.050223,0x433af380,2,2,2,2,2,2,7.5,-34,,3,3
2026-01-25 07:37:37.507389,0x433b0b38,1,1,1,1,1,1,5.25,-77,,5,5
2026-01-25 07:37:39.132934,0x433ad35c,1,1,1,1,1,1,6.0,-57,,3,3
2026-01-25 07:38:35.377478,0x433af380,2,3,3,2,3,3,6.5,-34,,3,3
2026-01-25 07:38:37.861714,0x433ad35c,1,2,2,1,2,2,5.75,-57,,3,3
2026-01-25 07:38:42.091638,0x433b0b38,,1,1,,1,1,5.5,-75,,5,4
2026-01-25 07:39:35.754047,0x433af380,5,5,5,5,5,5,5.75,-34,,3,3
2026-01-25 07:39:38.272018,0x433ad35c,1,1,1,1,1,1,6.0,-56,,3,3
2026-01-25 07:39:40.607953,0x433b0b38,1,1,1,1,1,1,6.25,-77,,5,5
2026-01-25 07:40:36.003249,0x433af380,2,3,3,2,3,3,6.5,-33,,3,3
2026-01-25 07:40:38.606526,0x433b0b38,1,3,3,1,3,3,5.25,-77,,5,5
2026-01-25 07:40:40.349303,0x433ad35c,1,1,1,1,1,1,6.0,-56,,3,3
2026-01-25 07:41:36.170412,0x433af380,2,2,3,2,2,3,7.25,-34,,3,3
2026-01-25 07:41:38.728597,0x433ad35c,1,1,1,1,1,1,5.75,-56,,3,3
2026-01-25 07:41:40.359367,0x433b0b38,1,1,1,1,1,1,5.5,-78,,5,5
2026-01-25 07:42:38.318637,0x433ad35c,1,1,1,1,1,1,5.75,-57,,3,3
2026-01-25 07:42:41.107090,0x433af380,1,1,1,1,1,1,7.25,-34,,3,3
2026-01-25 07:42:44.480606,0x433b0b38,1,1,1,1,1,1,5.5,-77,,5,5
2026-01-25 07:43:36.963490,0x433af380,1,2,2,1,2,2,7.5,-34,,3,3
2026-01-25 07:43:39.585141,0x433ad35c,1,1,1,1,1,1,6.0,-56,,3,3
2026-01-25 07:43:42.157384,0x433b0b38,1,1,1,1,1,1,5.75,-70,,5,4
2026-01-25 07:44:37.320830,0x433af380,2,2,4,2,2,4,6.0,-34,,3,3
2026-01-25 07:44:39.744516,0x433ad35c,1,1,1,1,1,1,5.5,-56,,3,3
2026-01-25 07:44:42.073218,0x433b0b38,,,2,,,2,5.75,-78,,5,5
2026-01-25 07:45:37.461464,0x433af380,3,3,3,3,3,3,7.75,-34,,3,3
2026-01-25 07:45:39.970441,0x433ad35c,1,2,2,1,2,2,6.0,-56,,3,3
2026-01-25 07:45:43.702342,0x433b0b38,,,,,,,5.75,-75,,5,4
2026-01-25 07:46:37.840277,0x433af380,1,1,1,1,1,1,7.0,-33,,3,3
2026-01-25 07:46:40.305368,0x433ad35c,1,1,1,1,1,1,6.75,-57,,3,3
2026-01-25 07:46:42.076869,0x433b0b38,1,2,2,1,2,2,6.0,-78,,5,5
2026-01-25 07:47:38.096379,0x433af380,2,2,2,2,2,2,7.0,-34,,3,3
2026-01-25 07:47:40.543676,0x433ad35c,2,2,2,2,2,2,7.0,-56,,3,3
2026-01-25 07:47:42.212345,0x433b0b38,1,1,1,1,1,1,5.5,-77,,5,5
2026-01-25 07:48:38.621948,0x433af380,2,3,3,2,3,3,6.0,-34,,3,3
2026-01-25 07:48:41.270323,0x433ad35c,1,2,2,1,2,2,6.75,-56,,3,3
2026-01-25 07:48:45.197154,0x433b0b38,,,,,,,5.75,-78,,5,5
2026-01-25 07:49:39.085648,0x433af380,2,3,3,2,3,3,6.75,-34,,3,3
2026-01-25 07:49:41.597390,0x433ad35c,2,2,3,2,2,3,6.25,-57,,3,3
2026-01-25 07:49:44.803264,0x433b0b38,,,2,,,2,5.5,-79,,5,5
2026-01-25 07:50:38.926446,0x433af380,1,2,2,1,2,2,6.0,-34,,3,3
2026-01-25 07:50:41.505316,0x433ad35c,1,3,3,1,3,3,6.0,-57,,3,3
2026-01-25 07:50:54.246634,0x433b0b38,1,1,5,1,1,5,5.25,-75,,5,4
2026-01-25 07:51:39.198752,0x433af380,3,4,4,3,4,4,6.0,-34,,3,3
2026-01-25 07:51:41.631694,0x433ad35c,2,2,2,2,2,2,6.0,-56,,3,3
2026-01-25 07:51:47.123981,0x433b0b38,1,1,1,1,1,1,5.75,-70,,5,3
2026-01-25 07:52:39.280959,0x433af380,3,3,3,3,3,3,7.0,-34,,3,3
2026-01-25 07:52:42.098568,0x433ad35c,2,2,3,2,2,3,6.25,-56,,3,3
2026-01-25 07:52:44.610178,0x433b0b38,1,1,1,1,1,1,5.75,-78,,5,5
2026-01-25 07:53:41.940805,0x433b0b38,1,2,3,1,2,3,5.5,-78,,5,5
2026-01-25 07:53:46.089274,0x433ad35c,,,,,,,6.0,-56,,3,3
2026-01-25 07:54:39.822418,0x433af380,3,3,3,3,3,3,7.25,-34,,3,3
2026-01-25 07:54:42.707241,0x433ad35c,2,2,2,2,2,2,6.0,-56,,3,3
2026-01-25 07:54:43.691687,0x433b0b38,1,1,1,1,1,1,5.5,-78,,5,5
2026-01-25 07:55:40.012616,0x433af380,1,2,2,1,2,2,7.25,-35,,3,3
2026-01-25 07:55:42.476804,0x433ad35c,2,3,3,2,3,3,6.25,-57,,3,3
2026-01-25 07:55:44.276327,0x433b0b38,,,,,,,5.5,-76,,5,4
2026-01-25 07:56:40.904981,0x433af380,3,4,5,3,4,5,7.0,-34,,3,3
2026-01-25 07:56:43.351567,0x433ad35c,,1,1,,1,1,6.75,-57,,3,3
2026-01-25 07:56:45.752663,0x433b0b38,2,2,3,2,2,3,6.0,-78,,5,5
2026-01-25 07:57:40.668395,0x433af380,2,3,3,2,3,3,7.0,-34,,3,3
2026-01-25 07:57:43.219614,0x433ad35c,2,2,2,2,2,2,6.0,-56,,3,3
2026-01-25 07:57:47.276869,0x433b0b38,2,3,3,2,3,3,5.5,-75,,5,4
2026-01-25 07:58:40.817318,0x433af380,2,2,3,2,2,3,7.5,-33,,3,3
2026-01-25 07:58:43.315974,0x433b0b38,1,1,1,1,1,1,5.25,-79,,5,5
2026-01-25 07:58:47.780230,0x433ad35c,,1,1,,1,1,6.0,-57,,3,3
2026-01-25 07:59:41.069357,0x433af380,3,4,4,3,4,4,6.75,-34,,3,3
2026-01-25 07:59:43.495647,0x433ad35c,,,,,,,6.25,-57,,3,3
2026-01-25 08:00:41.724526,0x433af380,2,3,3,2,3,3,7.0,-34,,3,3
2026-01-25 08:00:44.160391,0x433ad35c,,,,,,,6.25,-57,,3,3
2026-01-25 08:00:46.422343,0x433b0b38,,,,,,,5.25,-78,,5,5
2026-01-25 08:01:41.755371,0x433af380,2,3,3,2,3,3,5.75,-34,,3,3
2026-01-25 08:01:44.344528,0x433ad35c,1,1,2,1,1,2,5.75,-57,,3,3
2026-01-25 08:01:44.986592,0x433b0b38,,,,,,,5.75,-78,,5,5
2026-01-24 02:01:45.397329,0x433af380,26,38,38,23,35,38,5.75,-34,,3,3
2026-01-24 02:01:48.074626,0x433ad35c,15,22,25,15,22,25,6.0,-59,,3,3
2026-01-24 02:01:59.325207,0x433b0b38,10,18,18,10,18,18,6.25,-77,,5,5
2026-01-24 02:02:45.580955,0x433af380,25,44,45,23,38,45,7.25,-34,,3,3
2026-01-24 02:02:48.113394,0x433ad35c,14,20,20,14,20,20,5.75,-59,,3,3
2026-01-24 02:02:59.381809,0x433b0b38,14,23,23,14,23,23,6.5,-77,,5,5
2026-01-24 02:03:47.131219,0x433af380,24,42,43,22,37,43,7.25,-33,,3,3
2026-01-24 02:03:49.622151,0x433ad35c,14,22,25,14,22,25,5.75,-59,,3,3
2026-01-24 02:03:59.576838,0x433b0b38,12,22,22,12,22,22,6.0,-77,,5,5
2026-01-24 02:04:45.994577,0x433af380,25,40,43,23,36,43,6.25,-34,,3,3
2026-01-24 02:04:48.527527,0x433ad35c,14,25,26,14,25,26,6.25,-59,,3,3
2026-01-24 02:04:59.818217,0x433b0b38,12,18,21,12,18,21,6.25,-77,,5,5
2026-01-24 02:05:46.749934,0x433af380,25,42,44,23,37,44,5.75,-34,,3,3
2026-01-24 02:05:49.162513,0x433ad35c,18,28,29,18,28,29,6.0,-59,,3,3
2026-01-24 02:06:01.893064,0x433b0b38,15,27,27,15,27,27,5.5,-76,,5,5
2026-01-24 02:06:46.626953,0x433af380,27,44,45,23,38,44,7.25,-34,,3,3
2026-01-24 02:06:49.256004,0x433ad35c,16,24,24,16,24,24,7.0,-59,,3,3
2026-01-24 02:07:04.149395,0x433b0b38,15,28,35,15,28,35,5.75,-76,,5,5
2026-01-24 02:07:46.860827,0x433af380,24,41,43,22,36,43,7.75,-34,,3,3
2026-01-24 02:07:50.570530,0x433ad35c,19,33,35,19,31,35,6.0,-58,,3,3
2026-01-24 02:08:00.972927,0x433b0b38,15,26,29,15,26,29,5.75,-77,,5,5
2026-01-24 02:08:47.037347,0x433af380,27,40,40,24,36,40,5.75,-34,,3,3
2026-01-24 02:08:49.614626,0x433ad35c,17,27,31,17,27,31,6.25,-57,,3,3
2026-01-24 02:09:02.304560,0x433b0b38,13,21,21,13,21,21,6.5,-77,,5,5
2026-01-24 02:09:50.654657,0x433ad35c,19,34,39,19,32,39,6.0,-59,,3,3
2026-01-24 02:09:52.681974,0x433af380,28,46,47,24,39,46,6.0,-34,,3,3
2026-01-24 02:10:01.614596,0x433b0b38,12,26,28,12,26,28,6.25,-77,,5,5
2026-01-24 02:10:47.677388,0x433af380,27,44,47,24,38,46,6.0,-34,,3,3
2026-01-24 02:10:52.185484,0x433ad35c,18,28,30,18,28,30,6.25,-59,,3,3
2026-01-24 02:11:01.860163,0x433b0b38,17,27,28,17,27,28,6.0,-77,,5,5
2026-01-24 02:11:48.026579,0x433af380,17,34,34,17,32,34,7.0,-34,,3,3
2026-01-24 02:11:50.443601,0x433ad35c,16,26,28,16,26,28,6.25,-59,,3,3
2026-01-24 02:12:03.215285,0x433b0b38,12,15,15,12,15,15,5.75,-76,,5,5
2026-01-24 02:12:48.838442,0x433af380,27,36,37,24,33,37,7.0,-35,,3,3
2026-01-24 02:12:51.413152,0x433ad35c,17,27,27,17,27,27,6.0,-59,,3,3
2026-01-24 02:13:02.357461,0x433b0b38,16,24,28,16,24,28,5.5,-76,,5,5
2026-01-24 02:13:48.303568,0x433af380,25,38,39,23,35,39,6.0,-35,,3,3
2026-01-24 02:13:50.738571,0x433ad35c,15,25,26,15,25,26,6.25,-59,,3,3
2026-01-24 02:14:02.598382,0x433b0b38,11,17,18,11,17,18,5.25,-77,,5,5
2026-01-24 02:14:48.880517,0x433af380,23,35,37,22,33,37,7.5,-34,,3,3
2026-01-24 02:14:52.674527,0x433ad35c,16,27,27,16,27,27,6.5,-59,,3,3
2026-01-24 02:15:08.451641,0x433b0b38,13,18,18,13,18,18,6.25,-74,,5,4
2026-01-24 02:15:50.905874,0x433ad35c,16,26,26,16,26,26,5.5,-58,,3,3
2026-01-24 02:15:53.756723,0x433af380,24,34,35,22,32,35,7.0,-35,,3,3
2026-01-24 02:16:03.073912,0x433b0b38,15,22,25,15,22,25,5.75,-77,,5,5
2026-01-24 02:16:49.337144,0x433af380,22,31,32,21,30,32,7.0,-34,,3,3
2026-01-24 02:16:54.342354,0x433ad35c,16,23,24,16,23,24,6.0,-58,,3,3
2026-01-24 02:17:03.475929,0x433b0b38,10,14,18,10,14,18,6.25,-77,,5,5
2026-01-24 02:17:49.858204,0x433af380,22,32,34,21,31,34,7.5,-34,,3,3
2026-01-24 02:17:52.545953,0x433ad35c,12,23,26,12,23,26,6.25,-59,,3,3
2026-01-24 02:18:04.397070,0x433b0b38,11,17,19,11,17,19,6.0,-77,,5,5
2026-01-24 02:18:49.668889,0x433af380,23,36,38,22,33,38,6.25,-34,,3,3
2026-01-24 02:18:52.082810,0x433ad35c,12,17,17,12,17,17,6.0,-59,,3,3
2026-01-24 02:19:03.767752,0x433b0b38,12,17,17,12,17,17,6.5,-77,,5,5
2026-01-24 02:19:50.741910,0x433af380,22,34,35,21,32,35,6.25,-34,,3,3
2026-01-24 02:19:53.277956,0x433ad35c,16,25,26,16,25,26,6.75,-59,,3,3
2026-01-24 02:20:04.048149,0x433b0b38,9,14,17,9,14,17,6.0,-77,,5,5
2026-01-24 02:20:50.515213,0x433af380,18,30,31,18,30,31,7.25,-34,,3,3
2026-01-24 02:20:54.908474,0x433ad35c,15,23,25,15,23,25,6.25,-59,,3,3
2026-01-24 02:21:04.425597,0x433b0b38,12,22,23,12,22,23,6.0,-77,,5,5
2026-01-24 02:21:50.592023,0x433af380,34,52,52,28,42,49,7.5,-34,,3,3
2026-01-24 02:21:53.142620,0x433ad35c,13,20,23,13,20,23,5.75,-59,,3,3
2026-01-24 02:22:04.665612,0x433b0b38,13,20,20,13,20,20,6.25,-77,,5,5
2026-01-24 02:22:51.323416,0x433af380,25,41,43,23,36,43,5.75,-34,,3,3
2026-01-24 02:22:53.876510,0x433ad35c,17,28,29,17,28,29,6.5,-59,,3,3
2026-01-24 02:23:04.686211,0x433b0b38,12,22,28,12,22,28,5.0,-78,,5,5
2026-01-24 02:23:51.276921,0x433af380,26,44,44,23,38,44,7.75,-34,,3,3
2026-01-24 02:23:54.790120,0x433ad35c,13,19,19,13,19,19,6.25,-58,,3,3
2026-01-24 02:24:04.932340,0x433b0b38,11,18,18,11,18,18,5.5,-78,,5,5
2026-01-24 02:24:51.477849,0x433af380,24,37,40,22,34,40,6.75,-34,,3,3
2026-01-24 02:24:53.986260,0x433ad35c,12,19,21,12,19,21,5.75,-58,,3,3
2026-01-24 02:25:05.159924,0x433b0b38,10,14,16,10,14,16,5.25,-77,,5,5
2026-01-24 02:25:51.640816,0x433af380,15,30,30,15,29,30,7.0,-34,,3,3
2026-01-24 02:25:54.160907,0x433ad35c,15,23,26,15,23,26,5.75,-59,,3,3
2026-01-24 02:26:05.390074,0x433b0b38,12,24,25,12,24,25,5.75,-77,,5,5
2026-01-24 02:26:51.744054,0x433af380,23,31,32,22,30,32,7.5,-34,,3,3
2026-01-24 02:26:54.217391,0x433ad35c,12,16,16,12,16,16,5.5,-59,,3,3
2026-01-24 02:27:07.397579,0x433b0b38,13,18,18,13,18,18,6.0,-76,,5,5
2026-01-24 02:27:51.992824,0x433af380,25,38,38,22,34,38,7.5,-34,,3,3
2026-01-24 02:27:54.538359,0x433ad35c,12,16,17,12,16,17,5.75,-58,,3,3
2026-01-24 02:28:06.055619,0x433b0b38,12,17,17,12,17,17,5.0,-77,,5,5
2026-01-24 02:28:52.634226,0x433af380,24,37,39,22,34,39,7.75,-34,,3,3
2026-01-24 02:28:55.181585,0x433ad35c,12,18,19,12,18,19,6.0,-58,,3,3
2026-01-24 02:29:06.119024,0x433b0b38,11,16,16,11,16,16,5.25,-77,,5,5
2026-01-24 02:29:52.748470,0x433af380,25,35,36,23,33,36,7.75,-34,,3,3
2026-01-24 02:29:55.240300,0x433ad35c,13,18,18,13,18,18,5.75,-58,,3,3
2026-01-24 02:30:06.393712,0x433b0b38,13,23,23,13,23,23,5.75,-77,,5,5
2026-01-24 02:30:52.869214,0x433af380,24,40,42,22,36,42,7.75,-34,,3,3
2026-01-24 02:30:55.317628,0x433ad35c,14,22,23,14,22,23,6.0,-59,,3,3
2026-01-24 02:31:06.581014,0x433b0b38,12,17,18,12,17,18,6.0,-76,,5,5
2026-01-24 02:31:53.230182,0x433af380,25,44,46,22,38,45,7.25,-34,,3,3
2026-01-24 02:31:55.729382,0x433ad35c,15,21,23,15,21,23,5.75,-58,,3,3
2026-01-24 02:32:07.144883,0x433b0b38,13,18,23,13,18,23,5.5,-77,,5,5
2026-01-24 02:32:53.509428,0x433af380,28,43,45,24,38,45,7.5,-34,,3,3
2026-01-24 02:32:55.924909,0x433ad35c,16,27,30,16,27,30,6.25,-59,,3,3
2026-01-24 02:33:07.542416,0x433b0b38,11,18,18,11,18,18,6.0,-77,,5,5
2026-01-24 02:33:53.643738,0x433af380,26,41,42,23,36,42,7.25,-34,,3,3
2026-01-24 02:33:56.169227,0x433ad35c,12,19,20,12,19,20,6.0,-58,,3,3
2026-01-24 02:34:07.276535,0x433b0b38,14,24,28,14,24,28,5.5,-77,,5,5
2026-01-24 02:34:54.070072,0x433af380,26,40,41,23,36,41,6.75,-34,,3,3
2026-01-24 02:34:56.531223,0x433ad35c,14,26,26,14,26,26,6.25,-58,,3,3
2026-01-24 02:35:07.514466,0x433b0b38,12,19,19,12,19,19,5.5,-77,,5,5
2026-01-24 02:35:54.190033,0x433af380,27,47,48,24,40,47,7.0,-34,,3,3
2026-01-24 02:35:56.723257,0x433ad35c,17,26,28,17,26,28,6.0,-58,,3,3
2026-01-24 02:36:07.797330,0x433b0b38,9,13,16,9,13,16,5.25,-77,,5,5
2026-01-24 02:36:54.767861,0x433af380,24,42,42,22,37,42,7.25,-34,,3,3
2026-01-24 02:36:57.278924,0x433ad35c,14,24,27,14,24,27,6.25,-58,,3,3
2026-01-24 02:37:08.188312,0x433b0b38,9,13,15,9,13,15,6.0,-76,,5,5
2026-01-24 02:37:55.172872,0x433af380,24,40,42,22,35,42,6.0,-33,,3,3
2026-01-24 02:37:57.684579,0x433ad35c,14,23,25,14,23,25,6.75,-59,,3,3
2026-01-24 02:38:08.251899,0x433b0b38,11,16,16,11,16,16,5.25,-77,,5,5
2026-01-24 02:38:55.445702,0x433af380,26,46,47,23,39,46,7.5,-33,,3,3
2026-01-24 02:39:08.440200,0x433b0b38,15,21,21,15,21,21,6.0,-76,,5,5
2026-01-24 02:39:55.237753,0x433af380,28,55,57,24,44,52,7.0,-33,,3,3
2026-01-24 02:39:57.863523,0x433ad35c,18,28,29,18,28,29,6.25,-58,,3,3
2026-01-24 02:40:08.665598,0x433b0b38,12,20,24,12,20,24,6.0,-77,,5,5
2026-01-24 02:40:55.974787,0x433af380,29,55,60,25,43,54,7.5,-33,,3,3
2026-01-24 02:40:58.523060,0x433ad35c,15,30,31,15,30,31,6.5,-58,,3,3
2026-01-24 02:41:08.905244,0x433b0b38,12,20,21,12,20,21,5.5,-77,,5,5
2026-01-24 02:41:55.754081,0x433af380,28,45,49,24,39,47,7.25,-34,,3,3
2026-01-24 02:41:58.271617,0x433ad35c,16,28,30,16,28,30,5.75,-58,,3,3
2026-01-24 02:42:10.010531,0x433b0b38,16,20,20,16,20,20,5.5,-76,,5,5
2026-01-24 02:42:56.084730,0x433af380,29,54,58,25,43,53,7.75,-34,,3,3
2026-01-24 02:42:58.601968,0x433ad35c,14,29,32,14,29,32,6.0,-59,,3,3
2026-01-24 02:43:09.474011,0x433b0b38,15,20,22,15,20,22,5.25,-76,,5,5
2026-01-24 02:43:56.263771,0x433af380,32,50,54,27,41,50,6.75,-34,,3,3
2026-01-24 02:43:58.778751,0x433ad35c,17,28,32,17,28,32,6.0,-59,,3,3
2026-01-24 02:44:10.358151,0x433b0b38,15,29,29,15,29,29,5.25,-76,,5,5
2026-01-24 02:44:56.530680,0x433af380,26,48,49,23,40,47,6.75,-34,,3,3
2026-01-24 02:44:59.058997,0x433ad35c,19,31,35,19,30,35,6.0,-58,,3,3
2026-01-24 02:45:09.861089,0x433b0b38,11,24,26,11,24,26,5.25,-76,,5,5
2026-01-24 02:45:56.792631,0x433af380,28,50,51,24,41,49,7.25,-34,,3,3
2026-01-24 02:45:59.326560,0x433ad35c,18,31,33,18,30,33,5.75,-58,,3,3
2026-01-24 02:46:10.106591,0x433b0b38,18,33,35,18,31,35,5.75,-77,,5,5
2026-01-24 02:46:57.089064,0x433af380,32,52,55,27,42,51,7.0,-33,,3,3
2026-01-24 02:46:59.651653,0x433ad35c,17,29,32,17,29,32,5.75,-58,,3,3
2026-01-24 02:47:10.778350,0x433b0b38,19,33,33,19,32,33,5.5,-77,,5,5
2026-01-24 02:47:57.934894,0x433af380,29,47,50,25,40,48,7.5,-34,,3,3
2026-01-24 02:48:01.120460,0x433ad35c,15,30,33,15,30,33,6.0,-58,,3,3
2026-01-24 02:48:10.556622,0x433b0b38,15,31,39,15,30,39,5.75,-76,,5,5
2026-01-24 02:48:57.637359,0x433af380,31,49,51,26,41,49,6.75,-34,,3,3
2026-01-24 02:49:00.145315,0x433ad35c,19,33,34,19,32,34,5.75,-58,,3,3
2026-01-24 02:49:11.614070,0x433b0b38,15,31,32,15,30,32,5.25,-77,,5,5
2026-01-24 02:49:57.933208,0x433af380,26,46,48,23,39,47,6.5,-34,,3,3
2026-01-24 02:50:00.345822,0x433ad35c,17,34,38,17,32,38,6.0,-58,,3,3
2026-01-24 02:50:11.319433,0x433b0b38,13,22,25,13,22,25,5.5,-76,,5,5
2026-01-24 02:50:58.168407,0x433af380,26,50,50,23,41,48,6.5,-34,,3,3
2026-01-24 02:51:02.860332,0x433ad35c,17,33,34,17,32,34,6.25,-58,,3,3
2026-01-24 02:51:11.265347,0x433b0b38,17,27,32,17,27,32,5.25,-77,,5,5
2026-01-24 02:51:58.677966,0x433af380,24,41,41,22,36,41,7.25,-35,,3,3
2026-01-24 02:52:01.169978,0x433ad35c,18,34,36,18,32,36,5.75,-58,,3,3
2026-01-24 02:52:11.671212,0x433b0b38,12,27,28,12,27,28,5.25,-76,,5,5
2026-01-24 02:52:58.849185,0x433af380,31,53,56,26,42,51,7.75,-34,,3,3
2026-01-24 02:53:01.357007,0x433ad35c,17,34,36,17,32,36,6.5,-58,,3,3
2026-01-24 02:53:11.679645,0x433b0b38,13,27,34,13,27,34,5.75,-76,,5,5
2026-01-24 02:53:59.350313,0x433af380,26,47,49,23,39,47,7.0,-34,,3,3
2026-01-24 02:54:01.920808,0x433ad35c,16,29,34,16,29,34,6.0,-58,,3,3
2026-01-24 02:54:11.926672,0x433b0b38,19,28,29,19,28,29,5.5,-77,,5,5
2026-01-24 02:54:59.239646,0x433af380,28,47,48,24,40,47,7.25,-33,,3,3
2026-01-24 02:55:01.765297,0x433ad35c,18,30,32,18,30,32,6.0,-58,,3,3
2026-01-24 02:55:12.148097,0x433b0b38,17,24,26,17,24,26,6.0,-77,,5,5
2026-01-24 02:56:00.097105,0x433af380,27,46,48,24,39,47,6.25,-34,,3,3
2026-01-24 02:56:02.629429,0x433ad35c,15,30,33,15,30,33,6.5,-58,,3,3
2026-01-24 02:56:12.423202,0x433b0b38,14,31,35,14,30,35,6.0,-77,,5,5
2026-01-24 02:57:00.274970,0x433af380,28,44,47,24,38,46,7.75,-35,,3,3
2026-01-24 02:57:02.738574,0x433ad35c,18,37,40,18,34,40,5.75,-58,,3,3
2026-01-24 02:57:13.726393,0x433b0b38,15,28,36,15,28,36,5.75,-77,,5,5
2026-01-24 02:58:00.203177,0x433af380,25,66,114,22,47,77,7.5,-34,,3,3
2026-01-24 02:58:02.711486,0x433ad35c,19,34,34,19,32,34,5.75,-59,,3,3
2026-01-24 02:58:14.037072,0x433b0b38,16,26,26,16,26,26,6.25,-76,,5,5
2026-01-24 02:59:00.816159,0x433af380,26,48,55,23,40,51,7.0,-34,,3,3
2026-01-24 02:59:03.336091,0x433ad35c,14,23,24,14,23,24,6.0,-59,,3,3
2026-01-24 02:59:13.077735,0x433b0b38,17,33,36,17,32,36,5.5,-77,,5,5
2026-01-24 03:00:00.729955,0x433af380,26,45,46,23,39,45,7.25,-34,,3,3
2026-01-24 03:00:07.209122,0x433ad35c,16,26,26,16,26,26,6.0,-58,,3,3
2026-01-24 03:00:13.321653,0x433b0b38,13,26,30,13,26,30,6.0,-77,,5,5
2026-01-24 03:01:03.945424,0x433af380,29,50,51,25,41,49,6.0,-58,,3,2
2026-01-24 03:01:04.601587,0x433ad35c,16,34,36,16,32,36,5.75,-59,,3,3
2026-01-24 03:01:13.558046,0x433b0b38,18,33,34,18,32,34,6.25,-77,,5,5
2026-01-24 11:02:08.144328,0x433af380,4,4,4,4,4,4,6.25,-34,,3,3
2026-01-24 11:02:10.633607,0x433ad35c,3,3,3,3,3,3,6.25,-58,,3,3
2026-01-24 11:02:12.943206,0x433b0b38,68,101,110,44,67,77,5.25,-76,,5,5
2026-01-24 11:03:10.150397,0x433af380,3,3,3,3,3,3,7.0,-33,,3,3
2026-01-24 11:03:12.682757,0x433ad35c,2,2,2,2,2,2,5.75,-57,,3,3
2026-01-24 11:03:15.654274,0x433b0b38,142,217,225,94,144,149,5.25,-76,,5,5
2026-01-24 11:04:07.671386,0x433af380,2,3,3,2,3,3,6.75,-33,,3,3
2026-01-24 11:04:10.163392,0x433ad35c,3,4,4,3,4,4,6.0,-58,,3,3
2026-01-24 11:04:21.581344,0x433b0b38,177,250,265,118,165,176,6.0,-75,,5,4
2026-01-24 11:05:08.094359,0x433af380,3,3,3,3,3,3,6.25,-34,,3,3
2026-01-24 11:05:10.629207,0x433ad35c,2,3,3,2,3,3,6.5,-58,,3,3
2026-01-24 11:05:13.552711,0x433b0b38,2,2,2,2,2,2,5.75,-75,,5,5
2026-01-24 11:06:09.973394,0x433af380,3,4,4,3,4,4,6.0,-33,,3,3
2026-01-24 11:06:12.560633,0x433ad35c,3,3,3,3,3,3,6.5,-57,,3,3
2026-01-24 11:06:15.227301,0x433b0b38,1,1,2,1,1,2,5.75,-76,,5,5
2026-01-24 11:07:08.420942,0x433af380,3,4,5,3,4,5,6.0,-33,,3,3
2026-01-24 11:07:10.964580,0x433ad35c,2,2,3,2,2,3,5.75,-59,,3,3
2026-01-24 11:07:14.091189,0x433b0b38,11,16,18,11,16,18,6.0,-76,,5,5
2026-01-24 11:08:08.734066,0x433af380,3,4,4,3,4,4,5.75,-33,,3,3
2026-01-24 11:08:11.218839,0x433ad35c,1,2,2,1,2,2,6.75,-57,,3,3
2026-01-24 11:08:14.322221,0x433b0b38,134,194,204,88,129,135,5.5,-76,,5,5
2026-01-24 11:09:11.703331,0x433af380,3,4,4,3,4,4,6.0,-33,,3,3
2026-01-24 11:09:14.160932,0x433ad35c,2,2,3,2,2,3,6.25,-57,,3,3
2026-01-24 11:09:16.809690,0x433b0b38,72,103,107,47,68,75,5.5,-76,,5,5
2026-01-24 11:10:09.528937,0x433af380,3,4,4,3,4,4,6.0,-33,,3,3
2026-01-24 11:10:12.060515,0x433ad35c,2,3,4,2,3,4,5.0,-59,,3,3
2026-01-24 11:10:20.046184,0x433b0b38,7,12,12,7,12,12,6.25,-77,,5,5
2026-01-24 11:11:09.449434,0x433af380,3,4,4,3,4,4,6.75,-33,,3,3
2026-01-24 11:11:11.964974,0x433ad35c,2,2,3,2,2,3,6.25,-57,,3,3
2026-01-24 11:11:15.003740,0x433b0b38,2,3,3,2,3,3,5.75,-75,,5,5
2026-01-24 11:12:11.626844,0x433af380,3,4,4,3,4,4,6.75,-34,,3,3
2026-01-24 11:12:14.201349,0x433ad35c,2,2,3,2,2,3,6.25,-57,,3,3
2026-01-24 11:12:16.911297,0x433b0b38,,,2,,,2,5.75,-76,,5,5
2026-01-24 11:13:10.187830,0x433af380,4,5,5,4,5,5,7.0,-34,,3,3
2026-01-24 11:13:15.065148,0x433ad35c,2,2,2,2,2,2,5.75,-59,,3,3
2026-01-24 11:13:17.409704,0x433b0b38,2,2,2,2,2,2,5.5,-75,,5,5
2026-01-24 11:14:10.303817,0x433af380,4,5,5,4,5,5,6.25,-33,,3,3
2026-01-24 11:14:12.777135,0x433ad35c,3,3,3,3,3,3,6.25,-58,,3,3
2026-01-24 11:14:16.193076,0x433b0b38,2,2,7,2,2,7,6.0,-77,,5,5
2026-01-24 11:15:10.948964,0x433af380,2,2,2,2,2,2,7.75,-34,,3,3
2026-01-24 11:15:13.434824,0x433ad35c,,,1,,,1,6.0,-58,,3,3
2026-01-24 11:15:16.195466,0x433b0b38,99,133,136,65,88,90,5.5,-76,,5,5
2026-01-24 11:16:11.315175,0x433af380,3,4,4,3,4,4,6.25,-34,,3,3
2026-01-24 11:16:13.873867,0x433ad35c,2,3,4,2,3,4,5.25,-58,,3,3
2026-01-24 11:16:16.552808,0x433b0b38,116,167,174,77,110,115,5.75,-76,,5,5
2026-01-24 11:17:11.079743,0x433af380,3,3,3,3,3,3,5.25,-33,,3,3
2026-01-24 11:17:13.534230,0x433ad35c,2,2,2,2,2,2,6.5,-57,,3,3
2026-01-24 11:17:16.706136,0x433b0b38,89,118,119,59,78,79,6.0,-77,,5,5
2026-01-24 11:18:11.374889,0x433af380,3,3,3,3,3,3,7.0,-34,,3,3
2026-01-24 11:18:13.864771,0x433ad35c,2,3,3,2,3,3,6.0,-59,,3,3
2026-01-24 11:18:17.883180,0x433b0b38,38,48,51,29,40,48,5.75,-76,,5,5
2026-01-24 11:19:12.541358,0x433af380,3,3,3,3,3,3,7.5,-34,,3,3
2026-01-24 11:19:15.071358,0x433ad35c,2,2,2,2,2,2,5.75,-60,,3,3
2026-01-24 11:19:18.240598,0x433b0b38,334,472,496,222,314,330,5.75,-78,,5,5
2026-01-24 11:20:11.813902,0x433af380,3,3,3,3,3,3,7.0,-34,,3,3
2026-01-24 11:20:15.233323,0x433ad35c,2,2,2,2,2,2,6.0,-59,,3,3
2026-01-24 11:20:19.837463,0x433b0b38,8,10,10,8,10,10,6.0,-76,,5,5
2026-01-24 11:21:12.122294,0x433af380,3,3,3,3,3,3,7.75,-34,,3,3
2026-01-24 11:21:14.716715,0x433ad35c,2,2,2,2,2,2,6.25,-58,,3,3
2026-01-24 11:21:17.733041,0x433b0b38,141,191,196,94,126,130,5.25,-76,,5,5
2026-01-24 11:22:13.721608,0x433af380,2,3,3,2,3,3,6.5,-34,,3,3
2026-01-24 11:22:16.250589,0x433ad35c,1,1,2,1,1,2,5.75,-58,,3,3
2026-01-24 11:22:18.817197,0x433b0b38,44,62,62,31,46,55,6.5,-77,,5,5
2026-01-24 11:23:12.680543,0x433af380,2,2,2,2,2,2,6.0,-34,,3,3
2026-01-24 11:23:16.268649,0x433ad35c,2,3,3,2,3,3,6.25,-58,,3,3
2026-01-24 11:23:19.452487,0x433b0b38,89,126,127,59,83,84,5.5,-76,,5,5
2026-01-24 11:24:14.570236,0x433af380,3,3,3,3,3,3,6.0,-34,,3,3
2026-01-24 11:24:17.080462,0x433ad35c,2,3,3,2,3,3,6.25,-58,,3,3
2026-01-24 11:24:19.256266,0x433b0b38,137,200,203,91,133,135,5.75,-75,,5,5
2026-01-24 11:25:13.543253,0x433af380,3,3,3,3,3,3,6.5,-34,,3,3
2026-01-24 11:25:16.243428,0x433ad35c,2,4,4,2,4,4,5.75,-58,,3,3
2026-01-24 11:25:18.921239,0x433b0b38,72,106,109,47,70,75,5.75,-75,,5,5
2026-01-24 11:26:13.385127,0x433af380,3,3,3,3,3,3,7.5,-33,,3,3
2026-01-24 11:26:16.312433,0x433ad35c,1,1,1,1,1,1,6.25,-58,,3,3
2026-01-24 11:26:20.018616,0x433b0b38,449,856,930,299,570,619,5.5,-75,,5,5
2026-01-24 11:27:13.529038,0x433af380,23,25,25,21,25,25,7.75,-34,,3,3
2026-01-24 11:27:16.592468,0x433ad35c,3,3,3,3,3,3,6.0,-60,,3,3
2026-01-24 11:27:19.509459,0x433b0b38,17,24,24,17,24,24,5.5,-76,,5,5
2026-01-24 11:28:16.783190,0x433ad35c,2,3,3,2,3,3,6.0,-60,,3,3
2026-01-24 11:28:19.318262,0x433af380,1,3,3,1,3,3,7.5,-34,,3,3
2026-01-24 11:28:22.835638,0x433b0b38,3,5,5,3,5,5,6.75,-73,,5,5
2026-01-24 11:29:14.212563,0x433af380,3,4,4,3,4,4,5.75,-33,,3,3
2026-01-24 11:29:17.008310,0x433ad35c,1,2,2,1,2,2,5.75,-58,,3,3
2026-01-24 11:29:20.004474,0x433b0b38,1,1,1,1,1,1,5.75,-76,,5,5
2026-01-24 11:30:14.583951,0x433af380,2,2,2,2,2,2,6.0,-34,,3,3
2026-01-24 11:30:17.381354,0x433ad35c,1,1,1,1,1,1,6.25,-58,,3,3
2026-01-24 11:30:23.681118,0x433b0b38,14,19,19,14,19,19,6.0,-58,,5,4
2026-01-24 11:31:15.182679,0x433af380,2,3,4,2,3,4,7.25,-34,,3,3
2026-01-24 11:31:17.637278,0x433ad35c,1,1,1,1,1,1,5.75,-59,,3,3
2026-01-24 11:31:20.288447,0x433b0b38,236,394,410,156,262,273,5.75,-75,,5,5
2026-01-24 11:32:15.383363,0x433af380,3,3,3,3,3,3,7.25,-33,,3,3
2026-01-24 11:32:18.643946,0x433ad35c,3,3,3,3,3,3,6.0,-59,,3,3
2026-01-24 11:32:20.970056,0x433b0b38,101,141,145,67,93,96,5.5,-75,,5,5
2026-01-24 11:33:15.654129,0x433af380,2,2,2,2,2,2,7.5,-34,,3,3
2026-01-24 11:33:19.013493,0x433ad35c,1,1,1,1,1,1,6.5,-59,,3,3
2026-01-24 11:33:21.678332,0x433b0b38,19,28,28,19,28,28,5.75,-76,,5,5
2026-01-24 11:34:15.977828,0x433af380,3,3,3,3,3,3,6.75,-33,,3,3
2026-01-24 11:34:18.549405,0x433ad35c,2,3,3,2,3,3,6.0,-59,,3,3
2026-01-24 11:34:23.927863,0x433b0b38,1,1,1,1,1,1,6.0,-75,,5,5
2026-01-24 11:35:16.240719,0x433af380,3,3,3,3,3,3,7.0,-34,,3,3
2026-01-24 11:35:18.768349,0x433ad35c,2,3,4,2,3,4,6.5,-59,,3,3
2026-01-24 11:35:22.489078,0x433b0b38,99,139,145,65,92,96,5.5,-77,,5,5
2026-01-24 11:36:16.206696,0x433af380,1,1,1,1,1,1,6.0,-34,,3,3
2026-01-24 11:36:18.688418,0x433ad35c,,,,,,,5.75,-60,,3,3
2026-01-24 11:36:22.199662,0x433b0b38,4,5,5,4,5,5,5.5,-76,,5,5
2026-01-24 11:37:16.562700,0x433af380,3,3,4,3,3,4,6.25,-34,,3,3
2026-01-24 11:37:19.094682,0x433ad35c,2,2,2,2,2,2,6.25,-59,,3,3
2026-01-24 11:37:23.307698,0x433b0b38,1,3,3,1,3,3,5.75,-75,,5,5
2026-01-24 11:38:16.681043,0x433af380,2,2,2,2,2,2,7.0,-34,,3,3
2026-01-24 11:38:19.275434,0x433ad35c,2,2,3,2,2,3,6.5,-58,,3,3
2026-01-24 11:38:22.255113,0x433b0b38,10,13,14,10,13,14,5.5,-75,,5,5
2026-01-24 11:39:17.120799,0x433af380,2,2,3,2,2,3,6.5,-34,,3,3
2026-01-24 11:39:19.591109,0x433ad35c,2,2,2,2,2,2,5.75,-59,,3,3
2026-01-24 11:39:23.075618,0x433b0b38,4,5,5,4,5,5,5.5,-77,,5,5
2026-01-24 11:40:18.322333,0x433af380,2,3,3,2,3,3,6.0,-34,,3,3
2026-01-24 11:40:20.655090,0x433ad35c,,,,,,,5.75,-58,,3,3
2026-01-24 11:40:23.002451,0x433b0b38,78,109,118,51,72,79,6.25,-76,,5,5
2026-01-24 11:41:17.498590,0x433af380,2,2,2,2,2,2,6.5,-33,,3,3
2026-01-24 11:41:20.095474,0x433ad35c,3,5,8,3,5,8,5.75,-59,,3,3
2026-01-24 11:41:22.716816,0x433b0b38,40,61,62,30,46,55,5.75,-76,,5,5
2026-01-24 11:42:17.754204,0x433af380,3,3,4,3,3,4,7.25,-34,,3,3
2026-01-24 11:42:20.334257,0x433ad35c,2,2,2,2,2,2,5.75,-59,,3,3
2026-01-24 11:42:23.021677,0x433b0b38,347,544,571,231,362,380,6.0,-75,,5,5
2026-01-24 11:43:17.980521,0x433af380,3,4,4,3,4,4,7.25,-34,,3,3
2026-01-24 11:43:21.422231,0x433ad35c,3,3,3,3,3,3,6.0,-59,,3,3
2026-01-24 11:43:23.647054,0x433b0b38,137,199,211,91,131,139,5.5,-76,,5,5
2026-01-24 11:44:18.557807,0x433af380,3,3,4,3,3,4,6.25,-34,,3,3
2026-01-24 11:44:21.116097,0x433ad35c,3,3,4,3,3,4,6.25,-59,,3,3
2026-01-24 11:44:23.924456,0x433b0b38,257,379,402,171,252,267,5.5,-78,,5,5
2026-01-24 11:45:18.465150,0x433af380,3,3,3,3,3,3,6.5,-34,,3,3
2026-01-24 11:45:20.950707,0x433ad35c,1,1,1,1,1,1,6.75,-59,,3,3
2026-01-24 11:45:24.010892,0x433b0b38,522,857,907,347,571,603,6.25,-77,,5,5
2026-01-24 11:46:18.831797,0x433af380,4,4,4,4,4,4,7.0,-34,,3,3
2026-01-24 11:46:21.288524,0x433ad35c,1,1,1,1,1,1,5.75,-59,,3,3
2026-01-24 11:46:24.175492,0x433b0b38,178,258,272,118,171,180,5.75,-74,,5,5
2026-01-24 11:47:19.407924,0x433af380,3,3,3,3,3,3,7.0,-34,,3,3
2026-01-24 11:47:23.590936,0x433ad35c,2,2,2,2,2,2,5.75,-58,,3,3
2026-01-24 11:47:25.242715,0x433b0b38,2,4,4,2,4,4,5.5,-78,,5,5
2026-01-24 11:48:19.351541,0x433af380,3,3,3,3,3,3,6.0,-34,,3,3
2026-01-24 11:48:21.885401,0x433ad35c,2,2,3,2,2,3,6.25,-59,,3,3
2026-01-24 11:48:25.498330,0x433b0b38,2,3,4,2,3,4,5.5,-76,,5,5
2026-01-24 11:49:19.782403,0x433af380,2,2,2,2,2,2,7.25,-34,,3,3
2026-01-24 11:49:22.401200,0x433ad35c,1,1,1,1,1,1,6.0,-59,,3,3
2026-01-24 11:49:25.818574,0x433b0b38,143,207,220,95,137,145,5.75,-75,,5,5
2026-01-24 11:50:19.874925,0x433af380,3,3,3,3,3,3,5.75,-33,,3,3
2026-01-24 11:50:22.435234,0x433ad35c,2,2,4,2,2,4,6.0,-58,,3,3
2026-01-24 11:50:26.251506,0x433b0b38,54,71,71,35,50,60,5.5,-78,,5,5
2026-01-24 11:51:19.985154,0x433af380,2,4,4,2,4,4,7.25,-34,,3,3
2026-01-24 11:51:22.587825,0x433ad35c,2,3,4,2,3,4,6.25,-58,,3,3
2026-01-24 11:51:25.634041,0x433b0b38,444,769,828,295,512,551,5.25,-76,,5,5
2026-01-24 11:52:21.092974,0x433af380,2,3,3,2,3,3,7.0,-34,,3,3
2026-01-24 11:52:23.581766,0x433ad35c,1,1,2,1,1,2,5.75,-59,,3,3
2026-01-24 11:52:25.807578,0x433b0b38,363,563,593,241,374,394,6.0,-76,,5,5
2026-01-24 11:53:21.092761,0x433af380,3,4,4,3,4,4,7.5,-34,,3,3
2026-01-24 11:53:25.840335,0x433ad35c,2,3,3,2,3,3,6.25,-59,,3,3
2026-01-24 11:53:28.262068,0x433b0b38,305,447,482,203,297,321,5.75,-78,,5,5
2026-01-24 11:54:20.912039,0x433af380,3,4,4,3,4,4,6.75,-34,,3,3
2026-01-24 11:54:23.486812,0x433ad35c,2,2,2,2,2,2,6.75,-59,,3,3
2026-01-24 11:54:27.379072,0x433b0b38,243,356,389,161,237,259,6.5,-77,,5,5
2026-01-24 11:55:21.355510,0x433af380,3,3,3,3,3,3,6.75,-34,,3,3
2026-01-24 11:55:23.905470,0x433ad35c,2,3,3,2,3,3,6.25,-59,,3,3
2026-01-24 11:55:30.428949,0x433b0b38,12,17,17,12,17,17,6.0,-75,,5,5
2026-01-24 11:56:21.854736,0x433af380,3,3,3,3,3,3,7.25,-34,,3,3
2026-01-24 11:56:24.368526,0x433ad35c,1,1,1,1,1,1,6.0,-59,,3,3
2026-01-24 11:56:26.580489,0x433b0b38,141,203,218,93,135,145,5.5,-76,,5,5
2026-01-24 11:57:22.845421,0x433af380,3,3,3,3,3,3,6.0,-34,,3,3
2026-01-24 11:57:25.995896,0x433ad35c,1,1,2,1,1,2,7.0,-58,,3,3
2026-01-24 11:57:27.795648,0x433b0b38,32,47,50,27,40,48,5.5,-78,,5,5
2026-01-24 11:58:22.030299,0x433af380,3,5,6,3,5,6,5.75,-34,,3,3
2026-01-24 11:58:24.503439,0x433ad35c,2,3,3,2,3,3,5.5,-59,,3,3
2026-01-24 11:58:28.429520,0x433b0b38,122,184,192,81,122,127,6.0,-76,,5,5
2026-01-24 11:59:22.833690,0x433af380,4,4,4,4,4,4,6.75,-33,,3,3
2026-01-24 11:59:28.308222,0x433ad35c,1,2,2,1,2,2,6.25,-59,,3,3
2026-01-24 11:59:30.019551,0x433b0b38,5,6,7,5,6,7,6.5,-77,,5,5
2026-01-24 12:00:22.772484,0x433af380,4,4,4,4,4,4,6.75,-33,,3,3
2026-01-24 12:00:25.226374,0x433ad35c,3,3,4,3,3,4,6.0,-58,,3,3
2026-01-24 12:00:28.130340,0x433b0b38,122,199,215,81,131,142,6.25,-77,,5,5
2026-01-24 12:01:22.981236,0x433af380,3,4,4,3,4,4,6.5,-34,,3,3
2026-01-24 12:01:25.594343,0x433ad35c,3,3,4,3,3,4,6.25,-57,,3,3
2026-01-24 17:02:45.800608,0x433af380,1,1,1,1,1,1,7.25,-33,,3,3
2026-01-24 17:02:48.164534,0x433b0b38,,,,,,,6.5,-77,,5,5
2026-01-24 17:02:49.658910,0x433ad35c,,,,,,,7.0,-58,,3,3
2026-01-24 17:03:44.176068,0x433af380,1,1,1,1,1,1,7.0,-34,,3,3
2026-01-24 17:03:46.652762,0x433ad35c,,,,,,,6.5,-58,,3,3
2026-01-24 17:03:49.388938,0x433b0b38,,,,,,,5.25,-78,,5,5
2026-01-24 17:04:44.612393,0x433af380,1,1,1,1,1,1,6.25,-34,,3,3
2026-01-24 17:04:47.010393,0x433ad35c,,,,,,,6.5,-58,,3,3
2026-01-24 17:04:49.732780,0x433b0b38,,,,,,,5.5,-77,,5,5
2026-01-24 17:05:44.055532,0x433af380,1,1,1,1,1,1,6.75,-34,,3,3
2026-01-24 17:05:46.471948,0x433ad35c,,,1,,,1,6.25,-58,,3,3
2026-01-24 17:05:49.152452,0x433b0b38,,,,,,,5.75,-78,,5,5
2026-01-24 17:06:44.573053,0x433af380,,,,,,,6.0,-34,,3,3
2026-01-24 17:06:47.148512,0x433ad35c,1,1,1,1,1,1,6.0,-58,,3,3
2026-01-24 17:06:51.870226,0x433b0b38,,,,,,,6.25,-77,,5,5
2026-01-24 17:07:45.073509,0x433af380,1,1,1,1,1,1,7.5,-34,,3,3
2026-01-24 17:07:47.530696,0x433ad35c,2,2,2,2,2,2,6.0,-58,,3,3
2026-01-24 17:07:50.379584,0x433b0b38,,,,,,,6.0,-77,,5,5
2026-01-24 17:08:47.703657,0x433af380,1,1,2,1,1,2,7.0,-34,,3,3
2026-01-24 17:08:50.239204,0x433ad35c,5,5,6,5,5,6,6.5,-58,,3,3
2026-01-24 17:08:53.077685,0x433b0b38,,,,,,,6.0,-78,,5,5
2026-01-24 17:09:45.428192,0x433af380,1,3,3,1,3,3,6.25,-34,,3,3
2026-01-24 17:09:49.383533,0x433ad35c,6,7,8,6,7,8,6.5,-58,,3,3
2026-01-24 17:09:51.909386,0x433b0b38,,,,,,,6.25,-78,,5,5
2026-01-24 17:10:45.363380,0x433af380,,,,,,,5.75,-33,,3,3
2026-01-24 17:10:47.929232,0x433ad35c,5,5,6,5,5,6,6.25,-57,,3,3
2026-01-24 17:10:50.787732,0x433b0b38,,,,,,,5.75,-77,,5,5
2026-01-24 17:11:45.637968,0x433af380,1,1,1,1,1,1,7.25,-34,,3,3
2026-01-24 17:11:48.322118,0x433ad35c,5,7,10,5,7,10,6.25,-58,,3,3
2026-01-24 17:11:50.945167,0x433b0b38,,,,,,,6.25,-78,,5,5
2026-01-24 17:12:46.202309,0x433af380,1,1,1,1,1,1,5.75,-34,,3,3
2026-01-24 17:12:48.671174,0x433ad35c,1,1,4,1,1,4,6.0,-57,,3,3
2026-01-24 17:12:51.076959,0x433b0b38,,,,,,,6.0,-77,,5,5
2026-01-24 17:13:46.499246,0x433af380,1,1,2,1,1,2,6.5,-34,,3,3
2026-01-24 17:13:49.048475,0x433ad35c,1,2,2,1,2,2,6.25,-57,,3,3
2026-01-24 17:13:51.223829,0x433b0b38,,,,,,,5.5,-78,,5,5
2026-01-24 17:14:47.619940,0x433af380,1,1,1,1,1,1,7.0,-33,,3,3
2026-01-24 17:14:51.555952,0x433ad35c,4,4,5,4,4,5,5.75,-56,,3,3
2026-01-24 17:14:54.528284,0x433b0b38,1,1,1,1,1,1,5.5,-78,,5,5
2026-01-24 17:15:46.827006,0x433af380,3,3,3,3,3,3,6.5,-34,,3,3
2026-01-24 17:15:49.311537,0x433ad35c,4,5,6,4,5,6,6.75,-57,,3,3
2026-01-24 17:15:52.348338,0x433b0b38,,,,,,,6.25,-78,,5,5
2026-01-24 17:16:47.421541,0x433af380,4,5,6,4,5,6,6.0,-33,,3,3
2026-01-24 17:16:50.025815,0x433ad35c,1,2,4,1,2,4,6.0,-57,,3,3
2026-01-24 17:16:53.042227,0x433b0b38,,,,,,,5.75,-78,,5,5
2026-01-24 17:17:47.226084,0x433af380,5,6,6,5,6,6,6.75,-33,,3,3
2026-01-24 17:17:49.661126,0x433ad35c,,1,1,,1,1,6.25,-58,,3,3
2026-01-24 17:17:52.479719,0x433b0b38,,,,,,,6.25,-79,,5,5
2026-01-24 17:18:47.494313,0x433af380,2,3,3,2,3,3,6.25,-34,,3,3
2026-01-24 17:18:50.075678,0x433ad35c,1,1,1,1,1,1,5.75,-58,,3,3
2026-01-24 17:18:52.287168,0x433b0b38,,,,,,,5.75,-78,,5,5
2026-01-24 17:19:47.673293,0x433af380,3,4,4,3,4,4,7.25,-33,,3,3
2026-01-24 17:19:50.284788,0x433ad35c,3,3,4,3,3,4,6.25,-57,,3,3
2026-01-24 17:19:52.700029,0x433b0b38,,,,,,,6.25,-78,,5,5
2026-01-24 17:20:48.141886,0x433af380,3,4,4,3,4,4,7.25,-34,,3,3
2026-01-24 17:20:50.701551,0x433ad35c,1,1,1,1,1,1,6.0,-57,,3,3
2026-01-24 17:20:54.425474,0x433b0b38,,,1,,,1,5.75,-78,,5,5
2026-01-24 17:21:48.536812,0x433af380,2,3,3,2,3,3,6.0,-34,,3,3
2026-01-24 17:21:51.040892,0x433ad35c,,,,,,,6.5,-58,,3,3
2026-01-24 17:21:52.955074,0x433b0b38,,,,,,,6.25,-78,,5,5
2026-01-24 17:22:48.498234,0x433af380,2,3,3,2,3,3,6.5,-34,,3,3
2026-01-24 17:22:51.090610,0x433ad35c,1,1,2,1,1,2,6.0,-57,,3,3
2026-01-24 17:22:53.669162,0x433b0b38,,,,,,,5.5,-78,,5,5
2026-01-24 17:23:48.717974,0x433af380,2,2,3,2,2,3,6.75,-34,,3,3
2026-01-24 17:23:51.320510,0x433ad35c,1,1,2,1,1,2,6.5,-58,,3,3
2026-01-24 17:23:54.075450,0x433b0b38,,,2,,,2,5.5,-78,,5,5
2026-01-24 17:24:49.364347,0x433af380,2,2,2,2,2,2,7.25,-34,,3,3
2026-01-24 17:24:53.386521,0x433b0b38,,,,,,,5.5,-78,,5,5
2026-01-24 17:24:56.340651,0x433ad35c,1,1,2,1,1,2,5.75,-57,,3,3
2026-01-24 17:25:49.368984,0x433af380,1,2,2,1,2,2,5.75,-33,,3,3
2026-01-24 17:25:51.876328,0x433ad35c,1,1,1,1,1,1,6.5,-58,,3,3
2026-01-24 17:25:55.332461,0x433b0b38,,,,,,,6.0,-78,,5,5
2026-01-24 17:26:49.449404,0x433af380,1,1,1,1,1,1,6.25,-33,,3,3
2026-01-24 17:26:52.058780,0x433ad35c,3,4,5,3,4,5,6.5,-58,,3,3
2026-01-24 17:26:54.017810,0x433b0b38,,,,,,,5.75,-78,,5,5
2026-01-24 17:27:50.169730,0x433af380,3,5,5,3,5,5,7.0,-34,,3,3
2026-01-24 17:27:52.691256,0x433ad35c,2,3,3,2,3,3,6.5,-56,,3,3
2026-01-24 17:27:55.560549,0x433b0b38,,,,,,,5.75,-78,,5,5
2026-01-24 17:28:50.051328,0x433af380,9,11,11,9,11,11,7.75,-34,,3,3
2026-01-24 17:28:52.573406,0x433ad35c,2,2,2,2,2,2,6.5,-56,,3,3
2026-01-24 17:28:54.862172,0x433b0b38,,,,,,,5.75,-78,,5,5
2026-01-24 17:29:50.341819,0x433af380,5,6,6,5,6,6,7.25,-34,,3,3
2026-01-24 17:29:52.882047,0x433ad35c,1,1,1,1,1,1,6.5,-57,,3,3
2026-01-24 17:29:55.167764,0x433b0b38,,,,,,,5.75,-77,,5,5
2026-01-24 17:30:51.430775,0x433af380,7,8,8,7,8,8,7.5,-34,,3,3
2026-01-24 17:30:53.941556,0x433ad35c,1,1,1,1,1,1,6.25,-57,,3,3
2026-01-24 17:30:57.312002,0x433b0b38,,,,,,,5.75,-77,,5,5
2026-01-24 17:31:50.764697,0x433af380,4,6,7,4,6,7,5.75,-34,,3,3
2026-01-24 17:31:53.278732,0x433ad35c,1,3,3,1,3,3,6.0,-57,,3,3
2026-01-24 17:31:56.156384,0x433b0b38,,,,,,,6.0,-77,,5,5
2026-01-24 17:32:51.078818,0x433af380,5,6,6,5,6,6,7.5,-34,,3,3
2026-01-24 17:32:53.411341,0x433ad35c,,,,,,,6.0,-57,,3,3
2026-01-24 17:32:55.646925,0x433b0b38,,,,,,,5.75,-78,,5,5
2026-01-24 17:33:51.793881,0x433af380,2,3,3,2,3,3,6.0,-34,,3,3
2026-01-24 17:33:55.641464,0x433ad35c,3,4,6,3,4,6,6.25,-57,,3,3
2026-01-24 17:33:57.312569,0x433b0b38,,2,2,,2,2,5.75,-78,,5,5
2026-01-24 17:34:52.239473,0x433af380,2,3,3,2,3,3,7.25,-34,,3,3
2026-01-24 17:34:55.843878,0x433ad35c,2,2,3,2,2,3,6.75,-57,,3,3
2026-01-24 17:34:58.730100,0x433b0b38,,,,,,,6.0,-78,,5,5
2026-01-24 17:35:51.842885,0x433af380,3,4,4,3,4,4,6.0,-34,,3,3
2026-01-24 17:35:54.459107,0x433ad35c,1,1,2,1,1,2,5.75,-58,,3,3
2026-01-24 17:35:57.274931,0x433b0b38,,,4,,,4,5.5,-78,,5,5
2026-01-24 17:36:52.301599,0x433af380,2,2,2,2,2,2,6.75,-34,,3,3
2026-01-24 17:36:54.925181,0x433ad35c,1,1,1,1,1,1,6.75,-57,,3,3
2026-01-24 17:36:57.877742,0x433b0b38,1,1,1,1,1,1,5.5,-78,,5,5
2026-01-24 17:37:52.723583,0x433af380,2,2,3,2,2,3,7.5,-34,,3,3
2026-01-24 17:37:55.363710,0x433ad35c,8,9,9,8,9,9,5.75,-58,,3,3
2026-01-24 17:37:57.624449,0x433b0b38,,,,,,,5.75,-78,,5,5
2026-01-24 17:38:52.592436,0x433af380,3,4,4,3,4,4,7.0,-34,,3,3
2026-01-24 17:38:55.150473,0x433ad35c,6,8,14,6,8,14,5.75,-58,,3,3
2026-01-24 17:38:58.959986,0x433b0b38,,,2,,,2,5.5,-78,,5,5
2026-01-24 17:39:52.833691,0x433af380,4,4,6,4,4,6,7.5,-34,,3,3
2026-01-24 17:39:55.296796,0x433ad35c,6,7,14,6,7,14,6.5,-57,,3,3
2026-01-24 17:39:58.325066,0x433b0b38,1,1,1,1,1,1,5.5,-78,,5,5
2026-01-24 17:40:53.312129,0x433af380,4,4,5,4,4,5,6.25,-33,,3,3
2026-01-24 17:40:55.894356,0x433ad35c,6,8,13,6,8,13,6.25,-56,,3,3
2026-01-24 17:40:58.661513,0x433b0b38,,,,,,,6.0,-77,,5,5
2026-01-24 17:41:53.669328,0x433af380,4,6,6,4,6,6,6.75,-33,,3,3
2026-01-24 17:41:56.160022,0x433ad35c,3,4,6,3,4,6,6.0,-58,,3,3
2026-01-24 17:41:58.568159,0x433b0b38,,,,,,,6.0,-78,,5,5
2026-01-24 17:42:54.073918,0x433af380,,,,,,,6.75,-33,,3,3
2026-01-24 17:42:58.905471,0x433ad35c,3,4,5,3,4,5,6.0,-56,,3,3
2026-01-24 17:43:01.340982,0x433b0b38,,,,,,,6.0,-77,,5,5
2026-01-24 17:43:54.601572,0x433af380,1,1,2,1,1,2,6.0,-34,,3,3
2026-01-24 17:43:56.965928,0x433ad35c,,,,,,,6.0,-58,,3,3
2026-01-24 17:43:59.364423,0x433b0b38,,,,,,,5.75,-78,,5,5
2026-01-24 17:44:54.324456,0x433af380,2,2,6,2,2,6,6.25,-33,,3,3
2026-01-24 17:44:57.434740,0x433ad35c,1,1,3,1,1,3,6.75,-57,,3,3
2026-01-24 17:44:59.534087,0x433b0b38,,,,,,,5.75,-78,,5,5
2026-01-24 17:45:54.412905,0x433af380,,,,,,,6.5,-33,,3,3
2026-01-24 17:45:56.915187,0x433ad35c,1,1,2,1,1,2,6.0,-57,,3,3
2026-01-24 17:46:01.586154,0x433b0b38,,,,,,,5.75,-77,,5,5
2026-01-24 17:46:55.189989,0x433af380,,,,,,,7.25,-34,,3,3
2026-01-24 17:46:57.752376,0x433ad35c,,1,1,,1,1,6.75,-57,,3,3
2026-01-24 17:47:01.545597,0x433b0b38,,1,1,,1,1,5.75,-78,,5,5
2026-01-24 17:47:55.152592,0x433af380,1,1,1,1,1,1,6.25,-34,,3,3
2026-01-24 17:47:57.701147,0x433ad35c,2,2,2,2,2,2,5.5,-57,,3,3
2026-01-24 17:48:00.981229,0x433b0b38,1,3,9,1,3,9,5.5,-77,,5,5
2026-01-24 17:48:55.247317,0x433af380,1,1,1,1,1,1,6.5,-34,,3,3
2026-01-24 17:48:57.764941,0x433ad35c,1,1,3,1,1,3,6.25,-56,,3,3
2026-01-24 17:48:59.824265,0x433b0b38,1,1,1,1,1,1,5.5,-78,,5,5
2026-01-24 17:49:55.587454,0x433af380,2,3,3,2,3,3,6.75,-34,,3,3
2026-01-24 17:49:58.110107,0x433ad35c,2,2,2,2,2,2,6.75,-57,,3,3
2026-01-24 17:50:01.583529,0x433b0b38,,,,,,,5.5,-78,,5,5
2026-01-24 17:50:56.305135,0x433af380,2,3,3,2,3,3,6.5,-34,,3,3
2026-01-24 17:50:58.760828,0x433ad35c,7,9,9,7,9,9,7.0,-57,,3,3
2026-01-24 17:51:02.469258,0x433b0b38,1,1,1,1,1,1,5.5,-78,,5,5
2026-01-24 17:51:56.231106,0x433af380,6,8,9,6,8,9,5.75,-33,,3,3
2026-01-24 17:51:58.988572,0x433ad35c,8,9,9,8,9,9,6.25,-58,,3,3
2026-01-24 17:52:01.721914,0x433b0b38,,1,1,,1,1,6.0,-77,,5,5
2026-01-24 17:52:56.271829,0x433af380,4,5,5,4,5,5,5.75,-34,,3,3
2026-01-24 17:52:58.787786,0x433ad35c,2,4,4,2,4,4,7.0,-56,,3,3
2026-01-24 17:53:01.774207,0x433b0b38,,,,,,,6.0,-77,,5,5
2026-01-24 17:53:56.607979,0x433af380,10,13,13,10,13,13,6.0,-33,,3,3
2026-01-24 17:53:59.133954,0x433ad35c,4,4,4,4,4,4,6.5,-56,,3,3
2026-01-24 17:54:03.057482,0x433b0b38,,,,,,,5.75,-78,,5,5
2026-01-24 17:54:56.930683,0x433af380,9,10,11,9,10,11,6.0,-34,,3,3
2026-01-24 17:54:59.419928,0x433ad35c,5,6,7,5,6,7,6.25,-57,,3,3
2026-01-24 17:55:02.199290,0x433b0b38,,,,,,,6.0,-78,,5,5
2026-01-24 17:55:57.293236,0x433af380,2,2,3,2,2,3,7.0,-34,,3,3
2026-01-24 17:55:59.854244,0x433ad35c,10,14,15,10,14,15,6.0,-57,,3,3
2026-01-24 17:56:02.567691,0x433b0b38,,,,,,,5.75,-78,,5,5
2026-01-24 17:56:57.397287,0x433af380,3,3,3,3,3,3,7.0,-34,,3,3
2026-01-24 17:56:59.955359,0x433ad35c,4,4,6,4,4,6,6.5,-58,,3,3
2026-01-24 17:57:03.437312,0x433b0b38,,1,2,,1,2,6.0,-78,,5,5
2026-01-24 17:57:58.431045,0x433af380,3,3,4,3,3,4,6.5,-34,,3,3
2026-01-24 17:58:00.886660,0x433ad35c,4,5,6,4,5,6,7.0,-56,,3,3
2026-01-24 17:58:03.432414,0x433b0b38,1,3,6,1,3,6,5.5,-78,,5,5
2026-01-24 17:58:58.419068,0x433af380,4,4,4,4,4,4,6.5,-33,,3,3
2026-01-24 17:59:01.666495,0x433ad35c,2,2,2,2,2,2,6.5,-57,,3,3
2026-01-24 17:59:04.982293,0x433b0b38,,,,,,,5.5,-79,,5,5
2026-01-24 17:59:58.150365,0x433af380,4,4,4,4,4,4,7.0,-33,,3,3
2026-01-24 18:00:00.750855,0x433ad35c,1,1,1,1,1,1,6.5,-56,,3,3
2026-01-24 18:00:04.328427,0x433b0b38,1,2,2,1,2,2,5.75,-78,,5,5
2026-01-24 18:00:58.677583,0x433af380,1,1,2,1,1,2,6.25,-33,,3,3
2026-01-24 18:01:01.229955,0x433ad35c,1,4,6,1,4,6,6.25,-57,,3,3
2026-01-24 18:01:04.093677,0x433b0b38,,1,1,,1,1,5.5,-78,,5,5
2026-01-24 18:01:58.972836,0x433af380,,,,,,,5.75,-33,,3,3
2026-01-24 18:02:01.381636,0x433ad35c,,,,,,,6.0,-56,,3,3
2026-01-24 18:02:03.764673,0x433b0b38,1,1,1,1,1,1,5.75,-78,,5,5
2026-01-24 08:02:20.258319,0x433af380,13,16,17,13,16,17,8.0,-35,,3,3
2026-01-24 08:02:26.288151,0x433ad35c,9,12,13,9,12,13,6.0,-59,,3,3
2026-01-24 08:02:30.777650,0x433b0b38,8,15,17,8,15,17,5.75,-77,,5,5
2026-01-24 08:03:20.434183,0x433af380,13,17,18,13,17,18,6.5,-34,,3,3
2026-01-24 08:03:22.967244,0x433ad35c,8,10,11,8,10,11,6.75,-58,,3,3
2026-01-24 08:03:28.072048,0x433b0b38,7,9,12,7,9,12,5.5,-76,,5,5
2026-01-24 08:04:20.699022,0x433af380,14,17,17,14,17,17,7.25,-34,,3,3
2026-01-24 08:04:23.257454,0x433ad35c,10,12,13,10,12,13,6.25,-59,,3,3
2026-01-24 08:04:26.529690,0x433b0b38,7,8,10,7,8,10,5.25,-76,,5,5
2026-01-24 08:05:20.830079,0x433af380,13,17,19,13,17,19,7.75,-34,,3,3
2026-01-24 08:05:24.088202,0x433ad35c,8,10,11,8,10,11,5.75,-59,,3,3
2026-01-24 08:05:26.738163,0x433b0b38,7,10,10,7,10,10,5.5,-76,,5,5
2026-01-24 08:06:21.137219,0x433af380,13,19,20,13,19,20,8.25,-34,,3,3
2026-01-24 08:06:23.604431,0x433ad35c,9,12,13,9,12,13,5.75,-59,,3,3
2026-01-24 08:06:28.157822,0x433b0b38,7,11,11,7,11,11,5.5,-76,,5,5
2026-01-24 08:07:21.428627,0x433af380,12,17,19,12,17,19,6.25,-34,,3,3
2026-01-24 08:07:24.040164,0x433ad35c,7,13,15,7,13,15,5.75,-58,,3,3
2026-01-24 08:07:27.272780,0x433b0b38,9,15,17,9,15,17,5.5,-76,,5,5
2026-01-24 08:08:21.657045,0x433af380,15,19,19,15,19,19,7.5,-34,,3,3
2026-01-24 08:08:24.130541,0x433ad35c,9,11,12,9,11,12,5.75,-58,,3,3
2026-01-24 08:08:28.261899,0x433b0b38,5,9,9,5,9,9,6.0,-76,,5,5
2026-01-24 08:09:21.898400,0x433af380,14,17,18,14,17,18,7.25,-35,,3,3
2026-01-24 08:09:27.721244,0x433b0b38,9,17,17,9,17,17,5.5,-76,,5,5
2026-01-24 08:10:22.448257,0x433af380,12,16,17,12,16,17,7.5,-33,,3,3
2026-01-24 08:10:24.154599,0x433ad35c,9,12,13,9,12,13,6.0,-59,,3,3
2026-01-24 08:10:27.917200,0x433b0b38,8,11,13,8,11,13,5.5,-76,,5,5
2026-01-24 08:11:22.383015,0x433af380,12,15,15,12,15,15,6.25,-34,,3,3
2026-01-24 08:11:24.971502,0x433ad35c,8,10,11,8,10,11,6.0,-59,,3,3
2026-01-24 08:11:28.199295,0x433b0b38,5,6,10,5,6,10,5.5,-76,,5,5
2026-01-24 08:12:23.312753,0x433af380,14,17,17,14,17,17,7.0,-34,,3,3
2026-01-24 08:12:27.828577,0x433ad35c,9,13,14,9,13,14,6.25,-58,,3,3
2026-01-24 08:12:30.199108,0x433b0b38,7,8,10,7,8,10,5.5,-76,,5,5
2026-01-24 08:13:22.966614,0x433af380,13,18,18,13,18,18,7.75,-34,,3,3
2026-01-24 08:13:25.498190,0x433ad35c,9,11,12,9,11,12,5.5,-59,,3,3
2026-01-24 08:13:29.707049,0x433b0b38,7,9,9,7,9,9,5.25,-75,,5,5
2026-01-24 08:14:23.605678,0x433af380,14,18,18,14,18,18,6.75,-34,,3,3
2026-01-24 08:14:26.121226,0x433ad35c,7,10,10,7,10,10,5.75,-59,,3,3
2026-01-24 08:14:28.925675,0x433b0b38,9,12,13,9,12,13,5.5,-75,,5,5
2026-01-24 08:15:23.791640,0x433af380,13,18,19,13,18,19,7.0,-34,,3,3
2026-01-24 08:15:26.331626,0x433ad35c,9,12,13,9,12,13,6.0,-58,,3,3
2026-01-24 08:15:29.128174,0x433b0b38,6,11,12,6,11,12,5.25,-76,,5,5
2026-01-24 08:16:23.749423,0x433af380,12,17,17,12,17,17,6.0,-34,,3,3
2026-01-24 08:16:27.214715,0x433ad35c,10,13,14,10,13,14,7.0,-59,,3,3
2026-01-24 08:16:29.709208,0x433b0b38,8,12,12,8,12,12,5.75,-76,,5,5
2026-01-24 08:17:23.942710,0x433af380,11,15,15,11,15,15,6.75,-34,,3,3
2026-01-24 08:17:26.413748,0x433ad35c,9,11,11,9,11,11,6.0,-59,,3,3
2026-01-24 08:17:29.703109,0x433b0b38,7,9,11,7,9,11,6.0,-76,,5,5
2026-01-24 08:18:24.229352,0x433af380,11,17,18,11,17,18,7.0,-34,,3,3
2026-01-24 08:18:26.733623,0x433ad35c,7,10,10,7,10,10,6.5,-59,,3,3
2026-01-24 08:18:31.038389,0x433b0b38,9,12,12,9,12,12,5.25,-76,,5,5
2026-01-24 08:19:24.943591,0x433af380,14,17,19,14,17,19,7.5,-34,,3,3
2026-01-24 08:19:27.519638,0x433ad35c,9,12,13,9,12,13,5.75,-59,,3,3
2026-01-24 08:19:31.532169,0x433b0b38,8,12,12,8,12,12,5.5,-76,,5,5
2026-01-24 08:20:24.769539,0x433af380,14,19,19,14,19,19,7.25,-34,,3,3
2026-01-24 08:20:27.230340,0x433ad35c,10,12,13,10,12,13,6.5,-57,,3,3
2026-01-24 08:20:30.373106,0x433b0b38,7,9,9,7,9,9,5.5,-76,,5,5
2026-01-24 08:21:24.926040,0x433af380,14,20,20,14,20,20,7.5,-34,,3,3
2026-01-24 08:21:29.132294,0x433ad35c,9,11,11,9,11,11,6.5,-58,,3,3
2026-01-24 08:21:31.409174,0x433b0b38,7,8,8,7,8,8,5.5,-76,,5,5
2026-01-24 08:22:25.540833,0x433af380,14,18,19,14,18,19,6.0,-33,,3,3
2026-01-24 08:22:28.083379,0x433ad35c,9,10,10,9,10,10,5.75,-58,,3,3
2026-01-24 08:22:30.953362,0x433b0b38,8,9,9,8,9,9,6.0,-75,,5,5
2026-01-24 08:23:25.651964,0x433af380,13,17,18,13,17,18,6.0,-34,,3,3
2026-01-24 08:23:28.211818,0x433ad35c,8,11,12,8,11,12,6.0,-59,,3,3
2026-01-24 08:23:31.964861,0x433b0b38,8,14,14,8,14,14,5.75,-75,,5,5
2026-01-24 08:24:25.835177,0x433af380,10,14,15,10,14,15,7.25,-34,,3,3
2026-01-24 08:24:28.410824,0x433ad35c,7,8,8,7,8,8,6.75,-59,,3,3
2026-01-24 08:24:31.364639,0x433b0b38,7,9,11,7,9,11,5.5,-76,,5,5
2026-01-24 08:25:26.007764,0x433af380,11,15,15,11,15,15,6.75,-34,,3,3
2026-01-24 08:25:30.308649,0x433ad35c,10,11,12,10,11,12,6.0,-59,,3,3
2026-01-24 08:25:32.596677,0x433b0b38,8,11,11,8,11,11,6.0,-76,,5,5
2026-01-24 08:26:26.355614,0x433af380,10,15,15,10,15,15,6.0,-35,,3,3
2026-01-24 08:26:28.920334,0x433ad35c,9,12,13,9,12,13,6.0,-58,,3,3
2026-01-24 08:26:31.798922,0x433b0b38,7,12,16,7,12,16,5.5,-76,,5,5
2026-01-24 08:27:26.990780,0x433af380,13,16,16,13,16,16,6.25,-35,,3,3
2026-01-24 08:27:29.505072,0x433ad35c,8,12,12,8,12,12,6.0,-59,,3,3
2026-01-24 08:27:32.036146,0x433b0b38,6,8,8,6,8,8,5.75,-75,,5,5
2026-01-24 08:28:26.898918,0x433af380,10,13,16,10,13,16,6.0,-34,,3,3
2026-01-24 08:28:29.474695,0x433ad35c,7,9,10,7,9,10,6.0,-58,,3,3
2026-01-24 08:28:34.179572,0x433b0b38,8,10,10,8,10,10,6.0,-75,,5,5
2026-01-24 08:29:27.719545,0x433af380,11,16,17,11,16,17,7.75,-34,,3,3
2026-01-24 08:29:30.269733,0x433ad35c,7,9,10,7,9,10,5.75,-59,,3,3
2026-01-24 08:29:32.865294,0x433b0b38,6,6,6,6,6,6,5.75,-76,,5,5
2026-01-24 08:30:27.305413,0x433af380,13,15,16,13,15,16,5.75,-34,,3,3
2026-01-24 08:30:29.896135,0x433ad35c,8,12,13,8,12,13,6.0,-59,,3,3
2026-01-24 08:30:32.984275,0x433b0b38,10,12,12,10,12,12,5.5,-75,,5,5
2026-01-24 08:31:28.098848,0x433af380,12,15,16,12,15,16,7.5,-34,,3,3
2026-01-24 08:31:30.628375,0x433ad35c,6,9,9,6,9,9,6.0,-58,,3,3
2026-01-24 08:31:33.213778,0x433b0b38,9,12,12,9,12,12,5.5,-75,,5,5
2026-01-24 08:32:28.177773,0x433af380,10,12,13,10,12,13,6.25,-34,,3,3
2026-01-24 08:32:31.346149,0x433ad35c,8,10,11,8,10,11,6.25,-58,,3,3
2026-01-24 08:32:33.640538,0x433b0b38,7,12,14,7,12,14,5.5,-76,,5,5
2026-01-24 08:33:29.103290,0x433af380,10,15,17,10,15,17,7.25,-34,,3,3
2026-01-24 08:33:31.604639,0x433ad35c,7,8,9,7,8,9,6.25,-58,,3,3
2026-01-24 08:33:34.490664,0x433b0b38,6,12,14,6,12,14,6.0,-76,,5,5
2026-01-24 08:34:28.407687,0x433af380,11,15,15,11,15,15,7.25,-34,,3,3
2026-01-24 08:34:30.981840,0x433ad35c,6,9,10,6,9,10,6.0,-58,,3,3
2026-01-24 08:34:34.132357,0x433b0b38,7,10,10,7,10,10,5.75,-75,,5,5
2026-01-24 08:35:28.750509,0x433af380,12,14,15,12,14,15,6.5,-33,,3,3
2026-01-24 08:35:31.228886,0x433ad35c,8,10,10,8,10,10,5.75,-57,,3,3
2026-01-24 08:35:34.508637,0x433b0b38,8,9,11,8,9,11,5.25,-76,,5,5
2026-01-24 08:36:29.040649,0x433af380,9,12,12,9,12,12,7.25,-34,,3,3
2026-01-24 08:36:31.571558,0x433ad35c,7,9,9,7,9,9,6.0,-58,,3,3
2026-01-24 08:36:34.482084,0x433b0b38,9,11,11,9,11,11,5.5,-75,,5,5
2026-01-24 08:37:29.470559,0x433af380,10,12,13,10,12,13,7.0,-34,,3,3
2026-01-24 08:37:34.369019,0x433ad35c,8,12,13,8,12,13,6.0,-58,,3,3
2026-01-24 08:37:36.109416,0x433b0b38,5,9,11,5,9,11,5.75,-75,,5,5
2026-01-24 08:38:29.409566,0x433af380,9,12,12,9,12,12,7.5,-34,,3,3
2026-01-24 08:38:31.861611,0x433ad35c,9,10,11,9,10,11,6.0,-59,,3,3
2026-01-24 08:38:37.084653,0x433b0b38,9,13,18,9,13,18,6.0,-75,,5,5
2026-01-24 08:39:30.065934,0x433af380,11,14,14,11,14,14,7.5,-35,,3,3
2026-01-24 08:39:32.624117,0x433ad35c,9,12,13,9,12,13,6.0,-58,,3,3
2026-01-24 08:39:35.185646,0x433b0b38,6,10,11,6,10,11,5.25,-75,,5,5
2026-01-24 08:40:30.110241,0x433af380,11,16,17,11,16,17,7.0,-34,,3,3
2026-01-24 08:40:34.699875,0x433ad35c,8,10,12,8,10,12,6.0,-59,,3,3
2026-01-24 08:40:37.023627,0x433b0b38,9,11,12,9,11,12,5.75,-75,,5,5
2026-01-24 08:41:30.545847,0x433af380,11,13,13,11,13,13,7.0,-34,,3,3
2026-01-24 08:41:33.058806,0x433ad35c,9,11,12,9,11,12,6.5,-58,,3,3
2026-01-24 08:41:35.733527,0x433b0b38,7,12,14,7,12,14,6.25,-74,,5,5
2026-01-24 08:42:30.441555,0x433af380,12,15,15,12,15,15,7.25,-34,,3,3
2026-01-24 08:42:32.950332,0x433ad35c,7,9,9,7,9,9,5.5,-58,,3,3
2026-01-24 08:42:35.961829,0x433b0b38,9,11,17,9,11,17,6.0,-75,,5,5
2026-01-24 08:43:31.290136,0x433af380,10,12,14,10,12,14,6.0,-34,,3,3
2026-01-24 08:43:33.841588,0x433ad35c,9,10,11,9,10,11,5.5,-58,,3,3
2026-01-24 08:43:38.109340,0x433b0b38,7,11,13,7,11,13,6.0,-76,,5,5
2026-01-24 08:44:31.893516,0x433af380,11,12,12,11,12,12,7.0,-34,,3,3
2026-01-24 08:44:34.351852,0x433ad35c,6,7,7,6,7,7,6.25,-57,,3,3
2026-01-24 08:44:38.047947,0x433b0b38,9,10,11,9,10,11,5.75,-75,,5,5
2026-01-24 08:45:31.406939,0x433af380,12,15,16,12,15,16,7.0,-34,,3,3
2026-01-24 08:45:34.015596,0x433ad35c,8,10,11,8,10,11,6.0,-58,,3,3
2026-01-24 08:45:37.100728,0x433b0b38,9,12,12,9,12,12,5.5,-75,,5,5
2026-01-24 08:46:31.647319,0x433af380,12,17,17,12,17,17,6.25,-34,,3,3
2026-01-24 08:46:34.989188,0x433ad35c,9,10,10,9,10,10,6.0,-58,,3,3
2026-01-24 08:46:40.919506,0x433b0b38,8,9,9,8,9,9,6.0,-75,,5,5
2026-01-24 08:47:31.919387,0x433af380,11,14,15,11,14,15,7.0,-34,,3,3
2026-01-24 08:47:34.393898,0x433ad35c,10,14,14,10,14,14,5.75,-59,,3,3
2026-01-24 08:47:40.500368,0x433b0b38,6,8,8,6,8,8,5.75,-75,,5,5
2026-01-24 08:48:32.173246,0x433af380,10,14,15,10,14,15,6.75,-34,,3,3
2026-01-24 08:48:34.712091,0x433ad35c,7,9,10,7,9,10,6.0,-58,,3,3
2026-01-24 08:48:40.178768,0x433b0b38,6,7,7,6,7,7,5.5,-75,,5,5
2026-01-24 08:49:32.575723,0x433af380,12,15,16,12,15,16,7.0,-35,,3,3
2026-01-24 08:49:35.107669,0x433ad35c,7,9,9,7,9,9,6.0,-57,,3,3
2026-01-24 08:49:38.095899,0x433b0b38,8,11,11,8,11,11,5.5,-75,,5,5
2026-01-24 08:50:32.830780,0x433af380,11,13,14,11,13,14,6.5,-34,,3,3
2026-01-24 08:50:38.417156,0x433ad35c,6,7,8,6,7,8,6.5,-58,,3,3
2026-01-24 08:50:40.225284,0x433b0b38,6,8,8,6,8,8,5.75,-75,,5,5
2026-01-24 08:51:33.112476,0x433af380,11,14,14,11,14,14,7.5,-33,,3,3
2026-01-24 08:51:35.697481,0x433ad35c,5,8,8,5,8,8,6.5,-58,,3,3
2026-01-24 08:51:38.539324,0x433b0b38,7,8,8,7,8,8,5.75,-75,,5,5
2026-01-24 08:52:33.085234,0x433af380,11,12,12,11,12,12,7.0,-34,,3,3
2026-01-24 08:52:35.619328,0x433ad35c,9,10,10,9,10,10,5.0,-57,,3,3
2026-01-24 08:52:39.448824,0x433b0b38,6,9,9,6,9,9,5.75,-75,,5,5
2026-01-24 08:53:33.766673,0x433af380,9,13,13,9,13,13,7.25,-34,,3,3
2026-01-24 08:53:36.252573,0x433ad35c,7,9,13,7,9,13,6.5,-57,,3,3
2026-01-24 08:53:40.265637,0x433b0b38,7,11,12,7,11,12,5.75,-75,,5,5
2026-01-24 08:54:33.562088,0x433af380,9,12,12,9,12,12,7.25,-34,,3,3
2026-01-24 08:54:36.017479,0x433ad35c,6,8,9,6,8,9,6.5,-58,,3,3
2026-01-24 08:54:39.113931,0x433b0b38,7,10,10,7,10,10,5.5,-75,,5,5
2026-01-24 08:55:33.820043,0x433af380,9,13,13,9,13,13,6.75,-34,,3,3
2026-01-24 08:55:36.322212,0x433ad35c,8,9,10,8,9,10,6.25,-58,,3,3
2026-01-24 08:55:39.483647,0x433b0b38,7,8,10,7,8,10,5.5,-75,,5,5
2026-01-24 08:56:34.655193,0x433af380,11,13,14,11,13,14,6.75,-34,,3,3
2026-01-24 08:56:37.120483,0x433ad35c,6,8,11,6,8,11,6.0,-58,,3,3
2026-01-24 08:56:40.845722,0x433b0b38,8,10,10,8,10,10,6.0,-74,,5,5
2026-01-24 08:57:34.585790,0x433af380,9,10,10,9,10,10,6.0,-34,,3,3
2026-01-24 08:57:37.128426,0x433ad35c,8,9,10,8,9,10,6.25,-58,,3,3
2026-01-24 08:57:39.909379,0x433b0b38,7,11,11,7,11,11,5.5,-76,,5,5
2026-01-24 08:58:34.889394,0x433af380,11,13,14,11,13,14,6.75,-34,,3,3
2026-01-24 08:58:37.449204,0x433ad35c,5,7,7,5,7,7,6.25,-58,,3,3
2026-01-24 08:58:41.273338,0x433b0b38,7,8,10,7,8,10,5.75,-75,,5,5
2026-01-24 08:59:35.237271,0x433af380,10,11,11,10,11,11,6.5,-34,,3,3
2026-01-24 08:59:37.768374,0x433ad35c,7,9,9,7,9,9,4.75,-57,,3,3
2026-01-24 08:59:40.517329,0x433b0b38,7,8,12,7,8,12,5.75,-75,,5,5
2026-01-24 09:00:35.070649,0x433af380,9,11,11,9,11,11,7.0,-34,,3,3
2026-01-24 09:00:37.530030,0x433ad35c,5,6,6,5,6,6,6.25,-57,,3,3
2026-01-24 09:00:40.612546,0x433b0b38,7,12,13,7,12,13,5.75,-75,,5,5
2026-01-24 09:01:35.831531,0x433af380,9,10,10,9,10,10,6.5,-34,,3,3
2026-01-24 09:01:38.322283,0x433ad35c,7,8,9,7,8,9,5.5,-58,,3,3
2026-01-24 09:01:42.142603,0x433b0b38,5,8,8,5,8,8,2.0,-75,,5,5
