datetime,fromNode,temperature,relativeHumidity,barometricPressure,gasResistance,iaq,windDirection,windSpeed,rxSnr,rxRssi,rxTime,hopStart,hopLimit
2026-01-25 08:02:46.583917,0x433b0b38,6.028699,64.85657,1008.1491,247.46254,175,,,5.25,-78,,5,5
2026-01-25 08:02:51.508406,0x433aad0c,6.670283,63.761955,1008.45184,270.48672,189,,,6.0,-70,,3,3
2026-01-25 08:03:16.279591,0x433ad35c,6.0634828,66.803856,1008.2864,219.56992,184,,,6.25,-57,,3,3
2026-01-25 08:03:41.465055,0x433af380,4.503641,71.492836,1008.6851,238.7588,123,,,6.0,-34,,3,3
2026-01-25 08:03:46.569138,0x433b0b38,6.1213193,64.84321,1008.18097,246.56876,176,,,5.5,-78,,5,5
2026-01-25 08:04:42.130820,0x433af380,4.6816783,71.1302,1008.71216,237.55777,122,,,5.5,-34,,3,3
2026-01-25 08:04:50.347871,0x433b0b38,6.1161027,64.716995,1008.20123,246.92549,175,,,6.0,-78,,5,5
2026-01-25 08:05:42.212678,0x433af380,4.5773993,71.22769,1008.7102,236.03122,124,,,8.0,-34,,3,3
2026-01-25 08:05:46.394153,0x433b0b38,6.0621557,65.11112,1008.1995,247.46254,174,,,5.5,-78,,5,5
2026-01-25 08:05:51.170853,0x433aad0c,6.71587,64.19036,1008.504,259.204,192,,,6.25,-70,,3,3
2026-01-25 08:06:16.261708,0x433ad35c,6.160361,67.293884,1008.3484,217.54697,184,,,6.5,-57,,3,3
2026-01-25 08:06:42.249441,0x433af380,4.638629,71.12995,1008.7344,225.40895,134,,,5.5,-34,,3,3
2026-01-25 08:06:46.443824,0x433b0b38,6.1675544,65.16568,1008.239,246.21303,174,,,5.5,-78,,5,5
2026-01-25 08:07:42.514237,0x433af380,4.8649907,70.97663,1008.7542,221.33406,139,,,5.75,-34,,3,3
2026-01-25 08:07:47.579551,0x433b0b38,6.25768,65.01101,1008.2306,246.03557,174,,,5.5,-78,,5,5
2026-01-25 08:08:42.797206,0x433af380,5.2058063,70.13795,1008.7789,225.56277,130,,,5.75,-34,,3,3
2026-01-25 08:08:47.800384,0x433b0b38,6.345159,64.88807,1008.23883,243.57755,176,,,5.5,-79,,5,5
2026-01-25 08:08:51.220018,0x433aad0c,6.870253,64.14026,1008.5117,256.77887,193,,,6.0,-70,,3,3
2026-01-25 08:09:16.782822,0x433ad35c,6.1936927,67.38128,1008.3484,208.75471,187,,,7.0,-56,,3,3
2026-01-25 08:09:43.062712,0x433af380,5.6534843,68.85858,1008.8024,223.42842,127,,,5.75,-34,,3,3
2026-01-25 08:09:49.557618,0x433b0b38,6.3269386,64.856186,1008.22516,244.97607,175,,,5.5,-78,,5,5
2026-01-25 08:10:43.661166,0x433af380,5.9917216,68.211205,1008.79,223.73083,126,,,7.25,-35,,3,3
2026-01-25 08:10:50.356546,0x433b0b38,6.3783145,65.04051,1008.23883,242.36685,176,,,5.5,-78,,5,5
2026-01-25 08:11:43.581964,0x433af380,6.3933954,67.303276,1008.83014,222.9763,122,,,5.75,-34,,3,3
2026-01-25 08:11:47.792305,0x433b0b38,6.4066677,65.091835,1008.2751,243.40384,174,,,5.5,-78,,5,5
2026-01-25 08:11:52.369000,0x433aad0c,7.1803284,63.572674,1008.56976,254.98964,192,,,5.5,-78,,3,2
2026-01-25 08:12:16.852861,0x433ad35c,6.223758,67.77571,1008.41266,207.31462,188,,,6.25,-56,,3,3
2026-01-25 08:12:43.827936,0x433af380,6.4849596,65.98131,1008.85223,224.33818,119,,,6.25,-34,,3,3
2026-01-25 08:12:47.066237,0x433b0b38,6.365762,64.84454,1008.3023,247.10425,172,,,5.25,-78,,5,5
2026-01-25 08:13:44.090713,0x433af380,6.17466,65.62529,1008.8496,229.95618,117,,,6.0,-34,,3,3
2026-01-25 08:13:49.796629,0x433b0b38,6.2498546,65.24033,1008.3291,248.7248,171,,,5.5,-78,,5,5
2026-01-25 08:14:44.803470,0x433af380,5.9381213,66.4303,1008.8679,231.24306,121,,,5.5,-34,,3,3
2026-01-25 08:14:50.520809,0x433aad0c,7.0247884,63.91347,1008.62866,257.98575,191,,,3.75,-69,,3,3
2026-01-25 08:14:58.448264,0x433b0b38,6.219006,65.42319,1008.345,249.26971,170,,,5.5,-75,,5,4
2026-01-25 08:15:16.887311,0x433ad35c,6.501867,67.36156,1008.49207,211.69576,184,,,7.5,-56,,3,3
2026-01-25 08:15:44.620114,0x433af380,5.5288196,68.212616,1008.8815,224.18604,132,,,7.25,-34,,3,3
2026-01-25 08:15:53.854704,0x433b0b38,6.101017,65.895966,1008.3722,248.54369,172,,,6.0,-74,,5,4
2026-01-25 08:16:44.899003,0x433af380,4.8446436,70.4504,1008.8851,222.9763,137,,,6.25,-34,,3,3
2026-01-25 08:16:50.766850,0x433b0b38,6.162451,65.969765,1008.38745,245.68138,173,,,5.5,-77,,5,5
2026-01-25 08:17:45.174579,0x433af380,4.4936557,71.825615,1008.9049,227.42493,134,,,5.5,-34,,3,3
2026-01-25 08:17:48.454253,0x433b0b38,6.4067054,65.83338,1008.4081,241.68044,174,,,5.5,-78,,5,5
2026-01-25 08:17:54.735723,0x433aad0c,7.1892977,64.247,1008.6862,257.38092,191,,,6.0,-70,,3,3
2026-01-25 08:18:16.879971,0x433ad35c,6.514432,67.84335,1008.5523,211.0201,184,,,6.25,-57,,3,3
2026-01-25 08:18:45.617770,0x433af380,4.4936557,72.324486,1008.9166,233.36523,126,,,6.0,-35,,3,3
2026-01-25 08:18:53.591657,0x433b0b38,6.536747,65.59916,1008.4082,238.47227,175,,,5.5,-78,,5,5
2026-01-25 08:19:45.612715,0x433b0b38,6.6071835,65.39578,1008.4222,239.47614,175,,,5.25,-78,,5,5
2026-01-25 08:19:47.730875,0x433af380,4.811579,72.15012,1008.9477,224.7958,132,,,7.0,-34,,3,3
2026-01-25 08:20:45.625362,0x433b0b38,6.638032,64.91542,1008.45984,239.30824,175,,,5.5,-78,,5,5
2026-01-25 08:20:47.821759,0x433af380,5.1522064,71.41965,1008.95917,224.64308,128,,,7.0,-34,,3,3
2026-01-25 08:20:52.394967,0x433aad0c,7.3401523,64.08435,1008.74176,242.41473,195,,,5.5,-78,,3,2
2026-01-25 08:21:16.389344,0x433ad35c,6.4768496,67.79418,1008.58527,211.42497,184,,,7.5,-57,,3,3
2026-01-25 08:21:46.190034,0x433af380,5.6278243,69.78018,1009.04956,223.57951,124,,,5.5,-34,,3,3
2026-01-25 08:21:47.173036,0x433b0b38,6.625141,64.96379,1008.46985,237.64214,176,,,5.25,-78,,5,5
2026-01-25 08:22:45.683049,0x433b0b38,6.6482773,64.774994,1008.4778,238.80597,176,,,5.5,-78,,5,5
2026-01-25 08:22:47.797768,0x433af380,5.7473645,68.737366,1009.0444,225.10199,122,,,6.25,-35,,3,3
2026-01-25 08:23:46.174869,0x433b0b38,6.697196,64.73901,1008.5257,239.47614,175,,,5.5,-78,,5,5
2026-01-25 08:23:48.454978,0x433af380,5.9255924,68.43076,1009.05536,220.15485,129,,,6.0,-34,,3,3
2026-01-25 08:23:51.697604,0x433aad0c,7.565256,63.580185,1008.78864,238.20673,197,,,5.5,-69,,3,3
2026-01-25 08:24:16.931532,0x433ad35c,6.885245,67.39919,1008.64764,209.68158,184,,,6.0,-57,,3,3
2026-01-25 08:24:45.682118,0x433b0b38,6.667854,64.94453,1008.52344,240.99788,174,,,5.25,-78,,5,5
2026-01-25 08:24:48.360669,0x433af380,5.734836,69.009834,1009.067,221.63087,126,,,6.0,-33,,3,3
2026-01-25 08:25:45.758550,0x433b0b38,6.5634437,65.22749,1008.55695,240.82785,174,,,5.5,-78,,5,5
2026-01-25 08:25:54.153857,0x433af380,5.569514,69.47551,1009.0969,214.72087,136,,,5.75,-35,,3,3
2026-01-25 08:26:45.735907,0x433b0b38,6.614858,65.6026,1008.6013,239.81264,174,,,5.5,-78,,5,5
2026-01-25 08:26:50.032535,0x433af380,5.137134,70.86848,1009.117,222.2268,132,,,7.0,-34,,3,3
2026-01-25 08:26:54.645440,0x433aad0c,7.674926,63.399822,1008.88153,242.41473,195,,,5.0,-77,,3,2
2026-01-25 08:27:16.424771,0x433ad35c,6.990551,67.63494,1008.7493,207.83598,184,,,6.75,-57,,3,3
2026-01-25 08:27:45.799693,0x433b0b38,6.602004,65.88734,1008.62274,240.4885,174,,,5.5,-78,,5,5
2026-01-25 08:27:49.791750,0x433af380,5.022681,71.804245,1009.1471,220.8904,131,,,7.25,-34,,3,3
2026-01-25 08:28:45.769562,0x433b0b38,6.7333364,65.721405,1008.655,238.3058,174,,,5.25,-78,,5,5
2026-01-25 08:28:49.360508,0x433af380,5.1752853,71.98325,1009.1552,216.97583,134,,,6.75,-34,,3,3
2026-01-25 08:29:45.786581,0x433b0b38,6.9028163,65.456635,1008.6313,238.47227,174,,,5.0,-78,,5,5
2026-01-25 08:29:49.565535,0x433aad0c,7.649416,63.981335,1008.9174,242.05836,195,,,5.75,-70,,3,3
2026-01-25 08:29:59.508571,0x433af380,5.5008435,71.80071,1009.21326,210.21492,138,,,7.0,-35,,3,3
2026-01-25 08:30:16.477212,0x433ad35c,7.2385583,67.00087,1008.77234,206.02257,184,,,7.0,-57,,3,3
2026-01-25 08:30:45.796018,0x433b0b38,7.0675683,65.0158,1008.6293,239.30824,172,,,5.0,-78,,5,5
2026-01-25 08:30:53.725151,0x433af380,5.4774976,71.245316,1009.21906,213.47295,133,,,5.75,-34,,3,3
2026-01-25 08:31:46.455700,0x433b0b38,7.123823,64.53782,1008.61426,237.3117,172,,,5.75,-78,,5,5
2026-01-25 08:31:52.234498,0x433af380,5.4470906,70.81081,1009.22894,220.44849,125,,,7.25,-34,,3,3
2026-01-25 08:32:45.830974,0x433b0b38,7.1984878,64.59828,1008.63544,238.80597,172,,,5.25,-78,,5,5
2026-01-25 08:32:49.489535,0x433aad0c,7.9857693,63.113914,1008.9717,239.7675,195,,,5.75,-69,,3,3
2026-01-25 08:32:51.581980,0x433af380,5.451835,71.8112,1009.2338,216.1247,129,,,7.25,-33,,3,3
2026-01-25 08:33:16.986217,0x433ad35c,7.388851,67.09307,1008.82874,203.73701,184,,,7.75,-58,,3,3
2026-01-25 08:33:45.840719,0x433b0b38,7.3167043,64.6549,1008.65326,238.13953,171,,,5.25,-78,,5,5
2026-01-25 08:33:52.090951,0x433af380,6.0140066,71.01537,1009.26184,210.21492,131,,,6.0,-34,,3,3
2026-01-25 08:34:45.864677,0x433b0b38,7.39651,64.63119,1008.69324,237.80771,171,,,5.5,-78,,5,5
2026-01-25 08:34:50.522117,0x433af380,6.7342167,69.40974,1009.2705,201.50162,135,,,7.5,-35,,3,3
2026-01-25 08:35:45.878321,0x433b0b38,7.4505706,64.57109,1008.69305,237.4768,170,,,5.5,-78,,5,5
2026-01-25 08:35:49.503362,0x433aad0c,7.990789,63.595306,1009.01733,240.11711,194,,,5.5,-69,,3,3
2026-01-25 08:35:53.317960,0x433af380,7.0766687,68.032326,1009.25336,199.31479,136,,,6.75,-34,,3,3
2026-01-25 08:36:16.484850,0x433ad35c,7.720661,66.335754,1008.85974,203.98846,183,,,7.25,-56,,3,3
2026-01-25 08:36:46.097704,0x433b0b38,7.514613,64.47112,1008.7255,239.64429,169,,,5.5,-78,,5,5
2026-01-25 08:36:50.540538,0x433af380,7.3696637,66.87288,1009.27606,205.12767,125,,,7.0,-34,,3,3
2026-01-25 08:37:45.956465,0x433b0b38,7.5994477,64.39363,1008.7419,238.97316,168,,,5.5,-78,,5,5
2026-01-25 08:37:51.885854,0x433af380,7.652669,66.14394,1009.3187,203.73701,124,,,5.75,-34,,3,3
2026-01-25 08:38:45.921609,0x433b0b38,7.661108,64.207756,1008.7715,240.82785,167,,,5.25,-79,,5,5
2026-01-25 08:38:49.541691,0x433aad0c,8.253214,63.26151,1009.0869,241.34883,193,,,5.5,-69,,3,3
2026-01-25 08:38:53.362935,0x433af380,7.382571,66.53669,1009.3156,206.02257,123,,,6.0,-34,,3,3
2026-01-25 08:39:16.498765,0x433ad35c,7.8849435,66.09072,1008.9103,206.02257,182,,,7.0,-57,,3,3
2026-01-25 08:39:45.983185,0x433b0b38,7.6097684,64.12462,1008.7907,239.81264,167,,,5.25,-79,,5,5
2026-01-25 08:39:56.566124,0x433af380,6.6640706,66.84702,1009.3459,214.86041,120,,,7.25,-34,,3,3
2026-01-25 08:40:46.060754,0x433b0b38,7.550641,64.30537,1008.7866,242.36685,166,,,5.5,-78,,5,5
2026-01-25 08:40:51.796010,0x433af380,6.2609477,68.658,1009.3498,211.28986,129,,,6.25,-34,,3,3
2026-01-25 08:41:45.959954,0x433b0b38,7.5146885,64.76788,1008.8003,241.16815,166,,,5.25,-79,,5,5
2026-01-25 08:41:49.571249,0x433aad0c,8.334843,63.518196,1009.12964,241.34883,193,,,5.25,-69,,3,3
2026-01-25 08:41:53.611179,0x433af380,6.0059566,70.620575,1009.3974,209.28334,132,,,5.75,-34,,3,3
2026-01-25 08:42:16.554988,0x433ad35c,7.884906,66.659096,1008.96063,204.49324,182,,,6.0,-57,,3,3
2026-01-25 08:42:46.042651,0x433b0b38,7.501722,65.16857,1008.8202,239.47614,167,,,5.75,-78,,5,5
2026-01-25 08:42:52.361460,0x433af380,6.0215616,71.33895,1009.4109,207.31462,132,,,5.5,-35,,3,3
2026-01-25 08:43:46.002108,0x433b0b38,7.44267,64.981445,1008.8714,241.33867,166,,,5.5,-78,,5,5
2026-01-25 08:43:52.658757,0x433af380,5.7015834,72.01422,1009.4443,209.0187,130,,,6.0,-33,,3,3
2026-01-25 08:44:46.054317,0x433b0b38,7.409175,65.11743,1008.8895,240.99788,167,,,5.25,-78,,5,5
2026-01-25 08:44:49.580551,0x433aad0c,8.018639,64.882576,1009.23505,244.7567,191,,,5.25,-69,,3,3
2026-01-25 08:44:53.026027,0x433af380,5.270986,74.00743,1009.45685,210.61673,129,,0.1659751,6.25,-34,,3,3
2026-01-25 08:45:17.067436,0x433ad35c,8.090472,66.35852,1009.0441,201.62453,183,,,7.5,-58,,3,3
2026-01-25 08:45:46.061349,0x433b0b38,7.347515,65.31976,1008.9056,238.3058,168,,,5.25,-79,,5,5
2026-01-25 08:45:53.182254,0x433af380,5.014064,74.876274,1009.4772,211.42497,130,,0.8296414,6.25,-34,,3,3
2026-01-25 08:46:46.122622,0x433b0b38,7.463198,65.28962,1008.93005,241.68044,167,,,5.25,-77,,5,5
2026-01-25 08:46:53.605899,0x433af380,4.9634256,75.34378,1009.48,214.5815,126,,0.43135628,5.25,-33,,3,3
2026-01-25 08:47:46.073623,0x433b0b38,7.6662874,65.01636,1008.9463,239.1406,166,,,5.25,-78,,5,5
2026-01-25 08:47:49.618423,0x433aad0c,8.314727,64.87155,1009.25604,246.95906,189,,,6.25,-70,,3,3
2026-01-25 08:47:55.349340,0x433af380,5.138806,75.87393,1009.4339,211.15488,126,,,7.0,-34,,3,3
2026-01-25 08:48:16.693225,0x433ad35c,8.270796,66.85687,1009.1072,206.27968,180,,,7.25,-56,,3,3
2026-01-25 08:48:46.588576,0x433b0b38,7.8850265,64.87732,1008.9744,239.30824,166,,,5.25,-78,,5,5
2026-01-25 08:48:54.020378,0x433af380,5.693192,75.73585,1009.5459,203.236,128,,,8.0,-34,,3,3
2026-01-25 08:49:46.121311,0x433b0b38,8.049366,64.572716,1008.9929,240.31917,163,,,5.25,-78,,5,5
2026-01-25 08:49:54.285961,0x433af380,6.2686157,73.23309,1009.57623,205.12767,119,,,7.5,-34,,3,3
2026-01-25 08:50:46.140693,0x433b0b38,8.188149,64.27021,1009.00073,242.02316,161,,,5.25,-78,,5,5
2026-01-25 08:50:50.160070,0x433aad0c,8.647419,64.08997,1009.30505,249.95796,187,,,5.25,-70,,3,3
2026-01-25 08:50:54.539602,0x433af380,6.4993443,71.33012,1009.5612,201.01154,117,,,6.5,-34,,3,3
2026-01-25 08:51:16.658868,0x433ad35c,8.575712,65.63469,1009.1154,211.69576,176,,,6.75,-56,,3,3
2026-01-25 08:51:46.142659,0x433b0b38,8.303871,64.01409,1008.9696,245.68138,159,,,6.75,-79,,5,5
2026-01-25 08:51:54.920716,0x433af380,7.0699525,69.93253,1009.5659,202.36511,123,,,5.75,-34,,3,3
2026-01-25 08:52:46.150324,0x433b0b38,8.380994,63.805534,1009.0081,242.36685,158,,,6.25,-78,,5,5
2026-01-25 08:52:55.054588,0x433af380,7.593222,67.7275,1009.55756,208.09764,111,,,7.5,-34,,3,3
2026-01-25 08:53:46.177810,0x433b0b38,8.401598,63.551678,1009.02936,248.18227,155,,,5.25,-78,,5,5
2026-01-25 08:53:49.651439,0x433aad0c,8.738252,63.536835,1009.326,254.2024,186,,,5.25,-70,,3,3
2026-01-25 08:53:59.506446,0x433af380,7.969579,65.48396,1009.59216,204.24052,118,,,7.5,-34,,3,3
2026-01-25 08:54:17.114861,0x433ad35c,8.93727,65.47181,1009.17554,213.47295,174,,,6.5,-57,,3,3
2026-01-25 08:54:46.187353,0x433b0b38,8.360428,63.959408,1009.0406,247.64207,155,,,5.25,-78,,5,5
2026-01-25 08:54:55.861181,0x433af380,7.9400067,66.08738,1009.61255,199.67593,118,,,5.75,-34,,3,3
2026-01-25 08:55:46.767887,0x433b0b38,8.476075,63.934284,1009.0486,246.92549,157,,,5.5,-78,,5,5
2026-01-25 08:55:55.895052,0x433af380,7.609166,65.66186,1009.5997,212.23943,109,,,6.25,-34,,3,3
2026-01-25 08:56:46.212116,0x433b0b38,8.522348,63.891445,1009.09344,248.18227,155,,,5.5,-79,,5,5
2026-01-25 08:56:49.682676,0x433aad0c,9.229682,62.801926,1009.3737,254.79237,184,,,5.75,-69,,3,3
2026-01-25 08:56:56.154583,0x433af380,7.5991054,67.89905,1009.6671,206.27968,117,,,5.75,-35,,3,3
2026-01-25 08:57:16.709928,0x433ad35c,9.155291,65.36334,1009.25995,214.16444,172,,,5.75,-57,,3,3
2026-01-25 08:57:46.241607,0x433b0b38,8.625179,63.832874,1009.10815,244.97607,154,,,5.75,-78,,5,5
2026-01-25 08:57:56.415842,0x433af380,7.601536,68.53993,1009.67975,204.87343,114,,,5.25,-34,,3,3
2026-01-25 08:58:46.909086,0x433b0b38,8.802638,63.75469,1009.1667,246.92549,152,,,5.25,-79,,5,5
2026-01-25 08:58:56.994348,0x433af380,7.726166,68.00473,1009.70074,201.99416,115,,,7.25,-34,,3,3
2026-01-25 08:59:46.319039,0x433b0b38,8.769143,63.89514,1009.18317,247.64207,152,,,5.25,-78,,5,5
2026-01-25 08:59:49.762702,0x433aad0c,9.525323,62.09823,1009.4415,259.00015,183,,,5.75,-70,,3,3
2026-01-25 08:59:59.185279,0x433af380,7.7531953,68.11549,1009.74695,199.07472,119,,,6.0,-34,,3,3
2026-01-25 09:00:16.686940,0x433ad35c,9.440888,64.14384,1009.27246,216.54942,171,,,5.75,-57,,3,3
2026-01-25 09:00:46.276702,0x433b0b38,8.704949,64.0313,1009.1868,246.39076,152,,,5.75,-78,,5,5
2026-01-25 09:00:57.217622,0x433af380,7.7975717,68.396866,1009.7478,197.41034,120,,,7.75,-34,,3,3
2026-01-25 09:01:46.331795,0x433b0b38,8.594293,63.0309,1009.2044,252.40324,150,,,5.0,-78,,5,5
2026-01-25 09:01:57.533490,0x433af380,7.515247,69.16039,1009.754,195.54198,124,,,6.0,-34,,3,3
2026-01-25 04:02:36.162319,0x433b0b38,4.2473335,65.33838,1006.6902,272.99387,177,,,6.5,-78,,5,5
2026-01-25 04:02:43.015658,0x433af380,2.2911105,75.425606,1007.23035,284.35205,106,,,7.0,-35,,3,3
2026-01-25 04:02:46.716428,0x433aad0c,5.0522494,63.632458,1006.97186,298.9693,192,,,5.75,-69,,3,3
2026-01-25 04:03:14.919409,0x433ad35c,4.279565,67.2966,1006.79974,249.95161,179,,,5.75,-56,,3,3
2026-01-25 04:03:36.183332,0x433b0b38,4.300368,65.16676,1006.6632,273.43124,177,,,6.75,-78,,5,5
2026-01-25 04:03:38.891612,0x433af380,2.3038273,75.471176,1007.20294,285.82724,105,,,6.75,-34,,3,3
2026-01-25 04:04:36.180213,0x433b0b38,4.3655457,64.96301,1006.64594,273.87003,177,,,5.5,-78,,5,5
2026-01-25 04:04:39.535912,0x433af380,2.2911105,75.23544,1007.1786,287.8181,103,,,7.0,-34,,3,3
2026-01-25 04:05:36.786689,0x433b0b38,4.360367,64.99128,1006.65485,273.43124,177,,,5.25,-78,,5,5
2026-01-25 04:05:41.362638,0x433af380,2.5316243,74.99075,1007.18536,280.72992,107,,,6.0,-34,,3,3
2026-01-25 04:05:47.207271,0x433aad0c,5.2316084,62.833225,1006.94305,297.34976,192,,,5.5,-70,,3,3
2026-01-25 04:06:15.086765,0x433ad35c,4.3998256,67.40879,1006.7749,250.90016,178,,,5.75,-55,,3,3
2026-01-25 04:06:36.230662,0x433b0b38,4.367472,65.00232,1006.6424,272.5579,177,,,5.5,-78,,5,5
2026-01-25 04:06:40.155221,0x433af380,2.7483046,74.1798,1007.1663,286.5706,100,,,7.25,-34,,3,3
2026-01-25 04:07:36.258920,0x433b0b38,4.3424096,64.974144,1006.6508,273.43124,177,,,6.25,-78,,5,5
2026-01-25 04:07:41.297963,0x433af380,2.9244003,73.23077,1007.18164,290.09128,93,,,5.75,-34,,3,3
2026-01-25 04:08:36.733620,0x433b0b38,4.3681917,64.911064,1006.6488,275.4169,176,,,5.75,-78,,5,5
2026-01-25 04:08:42.093741,0x433af380,3.0185041,72.75103,1007.18396,281.44693,101,,,7.75,-34,,3,3
2026-01-25 04:08:49.708227,0x433aad0c,5.272746,62.629597,1006.9613,299.78574,192,,,5.5,-70,,3,3
2026-01-25 04:09:14.868052,0x433ad35c,4.302114,67.07972,1006.7543,252.62582,178,,,6.0,-56,,3,3
2026-01-25 04:09:36.267005,0x433b0b38,4.3887196,64.7285,1006.64435,275.6393,176,,,6.25,-79,,5,5
2026-01-25 04:09:40.732762,0x433af380,2.8779767,73.018394,1007.17084,276.2722,108,,,7.25,-35,,3,3
2026-01-25 04:10:36.333465,0x433b0b38,4.406638,64.6765,1006.64825,276.08517,175,,,5.25,-78,,5,5
2026-01-25 04:10:42.327034,0x433af380,2.8656774,73.06249,1007.18835,276.73474,108,,,5.75,-34,,3,3
2026-01-25 04:11:36.436526,0x433b0b38,4.3706493,64.71006,1006.6469,276.3087,175,,,5.5,-78,,5,5
2026-01-25 04:11:41.188806,0x433af380,2.7708511,72.89018,1007.17084,286.8192,102,,0.53100574,6.0,-33,,3,3
2026-01-25 04:11:46.820926,0x433aad0c,5.181989,62.973976,1006.9462,301.1564,191,,,5.5,-69,,3,3
2026-01-25 04:12:14.991755,0x433ad35c,4.131783,67.78847,1006.78485,250.90016,178,,,5.25,-55,,3,3
2026-01-25 04:12:36.310317,0x433b0b38,4.3106885,64.961205,1006.644,276.53253,175,,,5.25,-77,,5,5
2026-01-25 04:12:40.769611,0x433af380,2.5826828,73.348305,1007.1678,281.68677,107,,0.7467269,5.5,-34,,3,3
2026-01-25 04:13:36.314812,0x433b0b38,4.2010612,65.24427,1006.63196,278.56366,174,,,6.75,-78,,5,5
2026-01-25 04:13:40.725706,0x433af380,2.425605,73.84316,1007.14825,282.65018,108,,0.71337324,7.0,-34,,3,3
2026-01-25 04:14:36.320526,0x433b0b38,4.072491,65.61439,1006.60803,278.7912,175,,,5.75,-77,,5,5
2026-01-25 04:14:41.876307,0x433af380,2.5313447,73.67039,1007.15344,293.1786,100,,0.5972526,8.0,-33,,3,3
2026-01-25 04:14:48.497691,0x433aad0c,5.0277605,63.51131,1006.9362,302.53958,190,,,5.75,-70,,3,3
2026-01-25 04:15:14.924183,0x433ad35c,4.0265174,69.02429,1006.7742,255.75299,176,,,5.5,-56,,3,3
2026-01-25 04:15:36.917495,0x433b0b38,3.9594207,66.0945,1006.6385,280.16415,174,,,5.25,-77,,5,5
2026-01-25 04:15:42.049827,0x433af380,2.586174,73.72885,1007.14526,278.83557,111,,0.4647457,5.5,-34,,3,3
2026-01-25 04:16:36.920560,0x433b0b38,3.9568124,66.63209,1006.66156,279.24734,174,,,6.25,-77,,5,5
2026-01-25 04:16:43.094964,0x433af380,2.7626696,73.461685,1007.1406,269.7348,116,,0.19917013,5.25,-34,,3,3
2026-01-25 04:17:38.362941,0x433b0b38,3.882264,66.91454,1006.6622,278.3365,174,,,5.5,-77,,5,5
2026-01-25 04:17:42.107014,0x433af380,2.7656496,73.42974,1007.1441,246.9639,137,,0.29852727,7.75,-35,,3,3
2026-01-25 04:17:50.885233,0x433aad0c,4.779683,64.75927,1006.94745,310.23416,189,,,5.75,-78,,3,2
2026-01-25 04:18:14.476012,0x433ad35c,4.1593046,68.2794,1006.7947,250.5199,178,,,5.75,-56,,3,3
2026-01-25 04:18:36.329519,0x433b0b38,3.8745518,67.04348,1006.67633,277.43158,175,,,6.0,-78,,5,5
2026-01-25 04:18:42.056700,0x433af380,2.7351296,73.50021,1007.18036,253.40042,131,,0.39829397,8.0,-34,,3,3
2026-01-25 04:19:36.399817,0x433b0b38,3.9363978,66.829735,1006.68866,277.8833,174,,,6.25,-77,,5,5
2026-01-25 04:19:42.490517,0x433af380,2.8016007,73.28919,1007.1747,256.9457,129,,0.3484552,6.0,-34,,3,3
2026-01-25 04:20:36.371971,0x433b0b38,4.0364647,66.615204,1006.6826,277.20627,175,,,5.5,-77,,5,5
2026-01-25 04:20:42.592859,0x433af380,2.865526,72.8852,1007.2168,262.24542,124,,,5.5,-34,,3,3
2026-01-25 04:20:47.812752,0x433aad0c,4.771461,65.12385,1006.9925,309.06964,189,,,5.5,-69,,3,3
2026-01-25 04:21:15.052703,0x433ad35c,4.2996087,67.73251,1006.8298,254.96396,177,,,5.75,-56,,3,3
2026-01-25 04:21:36.389423,0x433b0b38,4.1290083,66.31569,1006.7149,277.8833,174,,,6.25,-77,,5,5
2026-01-25 04:21:42.847262,0x433af380,3.0257945,72.797325,1007.24176,265.6169,118,,,6.0,-34,,3,3
2026-01-25 04:22:36.467023,0x433b0b38,4.200986,66.01381,1006.7144,275.86206,174,,,5.5,-78,,5,5
2026-01-25 04:22:43.116951,0x433af380,3.070635,72.43522,1007.22144,277.19885,109,,,5.5,-33,,3,3
2026-01-25 04:23:37.541244,0x433b0b38,4.3141327,65.912636,1006.697,279.9344,173,,,6.0,-78,,5,5
2026-01-25 04:23:43.866072,0x433af380,2.999943,72.59146,1007.2263,277.66452,106,,,7.5,-33,,3,3
2026-01-25 04:23:47.113878,0x433aad0c,5.0401883,64.401474,1007.0292,311.70224,188,,,5.75,-70,,3,3
2026-01-25 04:24:14.544150,0x433ad35c,4.379782,67.82364,1006.8164,257.74707,175,,,5.75,-55,,3,3
2026-01-25 04:24:36.482592,0x433b0b38,4.3707247,65.54727,1006.72296,279.47598,172,,,6.75,-78,,5,5
2026-01-25 04:24:44.085272,0x433af380,3.081406,72.44785,1007.22253,276.50333,107,,,6.25,-34,,3,3
2026-01-25 04:25:37.134287,0x433b0b38,4.357796,65.356476,1006.70215,279.47598,173,,,6.25,-78,,5,5
2026-01-25 04:25:43.926153,0x433af380,3.1295063,72.091484,1007.2306,274.89377,109,,,5.75,-34,,3,3
2026-01-25 04:26:36.508988,0x433b0b38,4.357796,65.3159,1006.715,279.01907,172,,,6.0,-78,,5,5
2026-01-25 04:26:44.297579,0x433af380,2.914302,72.676094,1007.19147,277.19885,107,,,7.5,-34,,3,3
2026-01-25 04:26:53.832321,0x433aad0c,5.0730076,64.17178,1007.0182,314.6805,187,,,5.5,-69,,3,3
2026-01-25 04:27:15.248998,0x433ad35c,4.5225916,67.214836,1006.8327,257.74707,175,,,5.75,-56,,3,3
2026-01-25 04:27:36.503863,0x433b0b38,4.365508,65.37009,1006.70245,279.705,172,,,6.0,-78,,5,5
2026-01-25 04:27:44.444230,0x433af380,2.7005866,72.996994,1007.2249,282.65018,105,,,5.75,-34,,3,3
2026-01-25 04:28:36.531584,0x433b0b38,4.3167033,65.39695,1006.6884,280.62485,171,,,6.5,-76,,5,5
2026-01-25 04:28:44.704934,0x433af380,2.5098367,73.34495,1007.21075,287.0683,103,,,6.0,-34,,3,3
2026-01-25 04:29:36.782395,0x433b0b38,4.244988,65.589584,1006.6987,280.62485,171,,,6.0,-78,,5,5
2026-01-25 04:29:44.948553,0x433af380,2.4409783,73.533455,1007.21216,291.88425,102,,,5.5,-33,,3,3
2026-01-25 04:29:51.402959,0x433aad0c,5.1134605,64.4814,1006.9985,311.70224,187,,,5.5,-70,,3,3
2026-01-25 04:30:15.061451,0x433ad35c,4.432434,67.69914,1006.8284,258.95853,175,,,5.75,-56,,3,3
2026-01-25 04:30:36.647702,0x433b0b38,4.30385,65.7608,1006.6644,281.3187,172,,,5.75,-76,,5,5
2026-01-25 04:30:45.223680,0x433af380,2.2782052,73.96211,1007.21936,286.5706,107,,,5.75,-35,,3,3
2026-01-25 04:31:36.632450,0x433b0b38,4.4297743,65.65117,1006.6951,279.47598,172,,,6.0,-77,,5,5
2026-01-25 04:31:45.481204,0x433af380,2.3977416,74.38273,1007.2189,286.0746,105,,,5.5,-34,,3,3
2026-01-25 04:32:36.653147,0x433b0b38,4.5377417,65.285286,1006.69116,275.86206,173,,,5.75,-77,,5,5
2026-01-25 04:32:45.737949,0x433af380,2.252772,75.78967,1007.19714,282.89206,107,,,7.75,-34,,3,3
2026-01-25 04:32:49.145119,0x433aad0c,5.1791973,64.38793,1006.9945,305.0617,189,,,6.0,-69,,3,3
2026-01-25 04:33:14.596651,0x433ad35c,4.479999,67.45451,1006.7933,258.95853,175,,,5.5,-56,,3,3
2026-01-25 04:33:36.656492,0x433b0b38,4.655955,64.9693,1006.6725,276.53253,172,,,7.0,-78,,5,5
2026-01-25 04:33:45.990944,0x433af380,2.1281493,76.68267,1007.2124,281.44693,107,,,7.5,-34,,3,3
2026-01-25 04:34:37.337226,0x433b0b38,4.6713786,64.794716,1006.65753,274.08994,173,,,6.25,-77,,5,5
2026-01-25 04:34:46.254727,0x433af380,1.9724759,77.23128,1007.1901,276.9666,108,,,6.0,-34,,3,3
2026-01-25 04:35:37.509199,0x433b0b38,4.6601443,64.703026,1006.68646,276.08517,173,,,5.75,-77,,5,5
2026-01-25 04:35:46.914636,0x433af380,1.8333131,77.952934,1007.1982,274.2097,114,,,6.0,-34,,3,3
2026-01-25 04:35:51.777418,0x433aad0c,5.348596,63.921566,1007.0103,301.432,189,,,5.75,-70,,3,3
2026-01-25 04:36:15.133525,0x433ad35c,4.632793,67.012146,1006.8352,256.14932,175,,,6.25,-56,,3,3
2026-01-25 04:36:36.701536,0x433b0b38,4.6174326,64.69053,1006.69904,275.6393,174,,,6.0,-77,,5,5
2026-01-25 04:36:46.936990,0x433af380,1.7665817,78.34492,1007.2071,278.6006,109,,,5.5,-34,,3,3
2026-01-25 04:37:36.730786,0x433b0b38,4.5454917,64.93484,1006.7288,274.08994,175,,,5.25,-77,,5,5
2026-01-25 04:37:47.049432,0x433af380,1.726494,78.392944,1007.2529,280.9685,107,,,6.0,-34,,3,3
2026-01-25 04:38:36.760444,0x433b0b38,4.5865846,64.923004,1006.7181,272.77573,175,,,5.75,-77,,5,5
2026-01-25 04:38:47.286745,0x433aad0c,5.424446,63.708317,1007.03625,301.432,189,,,5.75,-69,,3,3
2026-01-25 04:38:48.172269,0x433af380,1.6069585,78.42381,1007.24286,286.0746,104,,,7.75,-34,,3,3
2026-01-25 04:39:14.637523,0x433ad35c,4.7380967,66.6566,1006.8355,254.1798,176,,,6.0,-55,,3,3
2026-01-25 04:39:36.804036,0x433b0b38,4.6637044,64.74382,1006.72656,274.97314,175,,,6.0,-77,,5,5
2026-01-25 04:39:47.566051,0x433af380,1.7086908,78.25057,1007.26855,282.40872,106,,,7.25,-34,,3,3
2026-01-25 04:40:37.275641,0x433b0b38,4.6945524,64.62138,1006.7398,274.3102,175,,,5.75,-76,,5,5
2026-01-25 04:40:47.812820,0x433af380,1.9299589,78.15205,1007.25867,279.54297,106,,,5.5,-34,,3,3
2026-01-25 04:41:39.401020,0x433b0b38,4.70705,64.481094,1006.7595,273.21237,175,,,5.5,-77,,5,5
2026-01-25 04:41:47.589977,0x433aad0c,5.452258,63.376797,1007.06976,299.78574,190,,,5.5,-71,,3,3
2026-01-25 04:41:49.685529,0x433af380,2.1128895,77.61943,1007.28723,280.9685,104,,,7.0,-34,,3,3
2026-01-25 04:42:14.656259,0x433ad35c,4.818233,66.73211,1006.91547,250.33015,177,,,6.0,-56,,3,3
2026-01-25 04:42:36.863320,0x433b0b38,4.72487,64.42422,1006.77594,274.3102,175,,,5.75,-77,,5,5
2026-01-25 04:42:48.332249,0x433af380,2.1459525,77.47057,1007.3006,279.07098,103,,,8.0,-34,,3,3
2026-01-25 04:43:36.879843,0x433b0b38,4.7022266,64.45773,1006.7907,272.99387,175,,,6.0,-77,,5,5
2026-01-25 04:43:48.690451,0x433af380,2.0594797,77.55512,1007.3223,281.927,101,,,6.0,-35,,3,3
2026-01-25 04:44:37.511582,0x433b0b38,4.666275,64.48984,1006.79266,272.99387,175,,,6.5,-77,,5,5
2026-01-25 04:44:47.350074,0x433aad0c,5.4649,63.124413,1007.1024,302.81778,190,,,5.5,-70,,3,3
2026-01-25 04:44:51.954324,0x433af380,2.0037153,77.65158,1007.3195,283.37708,101,,,5.5,-33,,3,3
2026-01-25 04:45:15.223195,0x433ad35c,4.680472,66.783226,1006.91833,250.33015,177,,,6.25,-57,,3,3
2026-01-25 04:45:36.876785,0x433b0b38,4.630361,64.57846,1006.783,272.77573,176,,,6.0,-78,,5,5
2026-01-25 04:45:49.366872,0x433af380,2.008802,77.68307,1007.3263,280.72992,103,,,5.5,-34,,3,3
2026-01-25 04:46:37.439317,0x433b0b38,4.658563,64.49935,1006.7872,274.3102,175,,,5.75,-77,,5,5
2026-01-25 04:46:49.606792,0x433af380,1.955392,77.67332,1007.30927,281.20752,104,,,5.5,-34,,3,3
2026-01-25 04:47:38.665478,0x433b0b38,4.668808,64.378105,1006.78406,273.21237,175,,,6.75,-77,,5,5
2026-01-25 04:47:47.409978,0x433aad0c,5.4547863,62.96481,1007.1023,301.1564,190,,,5.75,-70,,3,3
2026-01-25 04:47:54.717564,0x433af380,1.9121557,77.83289,1007.3277,282.65018,105,,,7.5,-33,,3,3
2026-01-25 04:48:14.703279,0x433ad35c,4.805706,66.521454,1006.93524,250.14076,177,,,5.5,-56,,3,3
2026-01-25 04:48:37.097226,0x433b0b38,4.6970854,64.26385,1006.77356,273.21237,175,,,5.5,-77,,5,5
2026-01-25 04:48:50.131451,0x433af380,2.0266051,77.75316,1007.32904,283.62018,102,,,6.0,-34,,3,3
2026-01-25 04:49:37.014585,0x433b0b38,4.7562485,64.13818,1006.786,273.43124,176,,,6.5,-77,,5,5
2026-01-25 04:49:50.372031,0x433af380,2.2300708,77.32391,1007.3263,281.20752,101,,,7.5,-34,,3,3
2026-01-25 04:50:37.588541,0x433b0b38,4.7742434,64.17958,1006.7883,270.1847,176,,,6.25,-78,,5,5
2026-01-25 04:50:47.418141,0x433aad0c,5.4193897,63.100006,1007.0982,298.15738,191,,,5.5,-70,,3,3
2026-01-25 04:50:51.525837,0x433af380,2.3666525,76.72107,1007.3488,278.83557,103,,,6.0,-34,,3,3
2026-01-25 04:51:15.259901,0x433ad35c,4.8157277,66.011826,1006.9027,251.2816,177,,,5.75,-56,,3,3
2026-01-25 04:51:37.048255,0x433b0b38,4.820515,64.11402,1006.78827,272.99387,175,,,5.75,-78,,5,5
2026-01-25 04:51:50.897863,0x433af380,2.3672216,76.34659,1007.3488,284.1077,100,,,5.75,-34,,3,3
2026-01-25 04:52:37.564279,0x433b0b38,4.802558,64.037766,1006.8151,272.5579,175,,,6.0,-77,,5,5
2026-01-25 04:52:51.133807,0x433af380,2.8936918,75.19282,1007.3605,276.73474,99,,,6.25,-34,,3,3
2026-01-25 04:53:39.089389,0x433b0b38,4.7691016,63.940533,1006.7843,272.12332,176,,,5.75,-76,,5,5
2026-01-25 04:53:47.403072,0x433aad0c,5.43456,62.731487,1007.1089,297.8877,191,,,6.0,-71,,3,3
2026-01-25 04:53:52.121128,0x433af380,3.4865558,73.68702,1007.3814,273.07712,100,,,5.5,-34,,3,3
2026-01-25 04:54:14.747736,0x433ad35c,4.6353364,66.81026,1006.9245,250.5199,177,,,5.75,-57,,3,3
2026-01-25 04:54:37.329289,0x433b0b38,4.689411,63.934696,1006.7941,271.6901,176,,,6.25,-77,,5,5
2026-01-25 04:54:51.669462,0x433af380,3.6261768,72.946434,1007.35394,267.11932,102,,,6.0,-34,,3,3
2026-01-25 04:55:37.345881,0x433b0b38,4.596905,64.02647,1006.8363,274.7518,176,,,6.25,-77,,5,5
2026-01-25 04:55:51.939353,0x433af380,3.6492558,72.53085,1007.3566,267.7684,103,,,6.75,-34,,3,3
2026-01-25 04:56:37.926254,0x433b0b38,4.530068,64.10716,1006.82324,276.08517,176,,,5.5,-78,,5,5
2026-01-25 04:56:47.459980,0x433aad0c,5.4016914,62.586445,1007.13403,300.05887,191,,,5.75,-70,,3,3
2026-01-25 04:56:52.181152,0x433af380,3.849538,72.27392,1007.33484,264.55408,106,,,7.5,-34,,3,3
2026-01-25 04:57:15.303861,0x433ad35c,4.798152,67.3995,1006.9721,252.24028,176,,,5.75,-56,,3,3
2026-01-25 04:57:37.513410,0x433b0b38,4.5377417,64.4032,1006.80615,275.19485,176,,,6.25,-77,,5,5
2026-01-25 04:57:52.415659,0x433af380,3.7738805,71.99588,1007.33887,268.8573,101,,,5.75,-34,,3,3
2026-01-25 04:58:37.517297,0x433b0b38,4.6328564,64.597466,1006.836,273.87003,176,,,6.25,-78,,5,5
2026-01-25 04:58:53.021005,0x433af380,3.6619725,72.356705,1007.35266,257.54626,114,,,6.0,-35,,3,3
2026-01-25 04:59:40.490906,0x433b0b38,4.68427,64.434654,1006.8047,273.65048,175,,,6.25,-77,,5,5
2026-01-25 04:59:47.916770,0x433aad0c,5.580638,62.353523,1007.136,299.51312,191,,,6.0,-70,,3,3
2026-01-25 04:59:53.293170,0x433af380,3.6538131,72.227974,1007.345,263.70987,108,,,6.0,-34,,3,3
2026-01-25 05:00:14.837614,0x433ad35c,4.793141,66.80109,1006.9617,249.5742,177,,,5.25,-55,,3,3
2026-01-25 05:00:37.463673,0x433b0b38,4.6379976,64.699135,1006.8193,274.3102,175,,,5.25,-78,,5,5
2026-01-25 05:00:53.301191,0x433af380,3.5983884,72.248665,1007.3577,259.9768,114,,,5.75,-34,,3,3
2026-01-25 05:01:37.543538,0x433b0b38,4.7331123,64.61804,1006.85754,274.53085,174,,,6.25,-77,,5,5
2026-01-25 05:01:53.442885,0x433af380,3.5958452,71.99267,1007.3603,263.9204,109,,,5.75,-35,,3,3
2026-01-23 21:01:24.837908,0x433af380,7.754333,73.068306,1000.92316,212.78587,58,,,6.0,-33,,3,3
2026-01-23 21:01:28.196396,0x433b0b38,9.064783,64.025856,1000.37976,232.78017,186,,,5.5,-76,,5,5
2026-01-23 21:02:25.090886,0x433af380,7.4109645,73.54105,1000.9157,216.97583,55,,,6.0,-34,,3,3
2026-01-23 21:02:30.286560,0x433b0b38,8.941385,64.289345,1000.40106,231.20343,187,,,5.0,-78,,5,5
2026-01-23 21:02:32.313954,0x433aad0c,9.667106,62.77374,1000.72784,231.67178,195,,,5.25,-70,,3,3
2026-01-23 21:02:57.569579,0x433ad35c,9.01498,66.67899,1000.60016,210.21492,181,,,6.75,-58,,3,3
2026-01-23 21:03:25.504420,0x433b0b38,9.026182,64.287384,1000.41254,229.80252,188,,,5.75,-77,,5,5
2026-01-23 21:03:31.149336,0x433af380,7.365182,73.693306,1000.93646,221.77956,50,,,7.0,-34,,3,3
2026-01-23 21:04:25.611082,0x433af380,7.238009,74.058395,1000.9567,221.18599,51,,,5.75,-33,,3,3
2026-01-23 21:04:27.332556,0x433b0b38,9.100774,63.809948,1000.4142,230.11237,187,,,6.0,-70,,5,4
2026-01-23 21:05:26.030169,0x433b0b38,9.108486,63.502357,1000.4081,232.78017,186,,,6.25,-76,,5,5
2026-01-23 21:05:31.579519,0x433af380,7.561029,73.76845,1000.95984,220.00833,52,,,6.0,-34,,3,3
2026-01-23 21:05:56.966454,0x433ad35c,8.952304,66.03362,1000.5858,212.649,180,,,6.25,-58,,3,3
2026-01-23 21:06:25.554322,0x433b0b38,9.036504,63.754284,1000.4402,231.36014,188,,,5.5,-77,,5,5
2026-01-23 21:06:28.251449,0x433af380,7.586275,73.23449,1000.9393,217.40388,54,,,6.0,-33,,3,3
2026-01-23 21:07:25.557784,0x433b0b38,8.882182,63.970207,1000.44073,229.18532,188,,,6.0,-77,,5,5
2026-01-23 21:07:27.757091,0x433af380,8.158746,72.03127,1000.9733,217.97733,53,,,5.75,-34,,3,3
2026-01-23 21:08:25.573137,0x433b0b38,8.805096,64.50931,1000.4604,232.62154,188,,,6.5,-77,,5,5
2026-01-23 21:08:27.930217,0x433aad0c,9.421882,63.185173,1000.7881,229.2528,196,,,5.25,-70,,3,3
2026-01-23 21:08:38.227746,0x433af380,8.28592,71.464905,1000.96265,215.14009,55,,,5.5,-33,,3,3
2026-01-23 21:08:57.026130,0x433ad35c,8.857281,66.44774,1000.61566,212.3758,182,,,5.75,-57,,3,3
2026-01-23 21:09:25.612733,0x433b0b38,8.812846,64.67832,1000.4526,231.51706,189,,,5.5,-77,,5,5
2026-01-23 21:09:35.673574,0x433af380,8.12568,72.26984,1000.9495,212.78587,59,,,8.25,-33,,3,3
2026-01-23 21:10:25.673018,0x433b0b38,8.784567,64.72609,1000.4428,232.4631,189,,,5.75,-76,,5,5
2026-01-23 21:10:28.596236,0x433af380,8.263028,71.90397,1000.9504,216.26608,53,,,7.0,-34,,3,3
2026-01-23 21:11:25.667953,0x433b0b38,8.841125,64.64288,1000.4281,227.20212,188,,,5.25,-77,,5,5
2026-01-23 21:11:29.192405,0x433aad0c,9.472414,62.861156,1000.75836,230.0535,196,,,6.0,-70,,3,3
2026-01-23 21:11:33.013466,0x433af380,8.316442,71.744896,1000.93506,212.3758,58,,,7.75,-34,,3,3
2026-01-23 21:11:57.013668,0x433ad35c,8.674338,67.76034,1000.5798,210.21492,183,,,5.75,-57,,3,3
2026-01-23 21:12:25.669504,0x433b0b38,8.861652,64.2012,1000.40515,232.62154,189,,,5.0,-77,,5,5
2026-01-23 21:12:30.404506,0x433af380,8.059361,72.195465,1000.91516,214.86041,56,,,7.25,-34,,3,3
2026-01-23 21:13:25.754891,0x433b0b38,8.848837,64.2408,1000.41547,232.4631,187,,,5.25,-78,,5,5
2026-01-23 21:13:30.008856,0x433af380,7.80171,72.950195,1000.9217,214.72087,55,,0.23220712,5.5,-34,,3,3
2026-01-23 21:14:25.745509,0x433b0b38,8.815378,64.37603,1000.42755,231.04694,188,,,6.0,-76,,5,5
2026-01-23 21:14:28.978971,0x433aad0c,9.51287,63.18631,1000.7474,227.51079,197,,,5.25,-70,,3,3
2026-01-23 21:14:31.012079,0x433af380,7.955079,72.81764,1000.9428,215.28018,54,,,7.75,-34,,3,3
2026-01-23 21:14:57.013781,0x433ad35c,8.51154,68.23447,1000.61255,209.0187,185,,,5.75,-57,,3,3
2026-01-23 21:15:25.826846,0x433b0b38,8.740865,64.66803,1000.4308,231.51706,189,,,6.5,-77,,5,5
2026-01-23 21:15:31.412475,0x433af380,7.7492456,72.716606,1000.9317,218.98811,51,,,7.5,-34,,3,3
2026-01-23 21:16:25.784555,0x433b0b38,8.704874,64.62123,1000.43365,228.87798,189,,,5.75,-77,,5,5
2026-01-23 21:16:32.137221,0x433af380,7.4972534,73.55292,1000.9481,210.61673,63,,0.09952724,8.0,-34,,3,3
2026-01-23 21:17:25.808098,0x433b0b38,8.643175,64.96419,1000.42303,226.90005,191,,,5.25,-77,,5,5
2026-01-23 21:17:28.764008,0x433aad0c,9.105788,64.48257,1000.75287,224.87,198,,,5.5,-71,,3,3
2026-01-23 21:17:31.002814,0x433af380,7.367196,73.66501,1000.95917,217.69025,54,,0.09951734,7.25,-34,,3,3
2026-01-23 21:17:57.038147,0x433ad35c,8.485931,68.001625,1000.627,207.31462,187,,,5.75,-58,,3,3
2026-01-23 21:18:25.840235,0x433b0b38,8.702303,64.75823,1000.4275,227.505,191,,,5.5,-76,,5,5
2026-01-23 21:18:29.640076,0x433af380,7.2331095,73.33485,1000.96857,221.03807,51,,,7.75,-33,,3,3
2026-01-23 21:19:25.890480,0x433b0b38,8.622609,64.87954,1000.4184,227.96082,192,,,5.75,-77,,5,5
2026-01-23 21:19:32.013003,0x433af380,7.0341167,74.62028,1000.9541,220.00833,52,,0.46477658,5.5,-34,,3,3
2026-01-23 21:20:26.377704,0x433b0b38,8.548057,65.056854,1000.4084,229.03152,191,,,5.5,-76,,5,5
2026-01-23 21:20:29.510173,0x433aad0c,9.077975,64.179115,1000.7431,225.17749,199,,,5.25,-71,,3,3
2026-01-23 21:20:31.529948,0x433af380,6.9881825,74.32527,1000.9412,222.6759,50,,0.082998574,7.25,-34,,3,3
2026-01-23 21:20:57.120934,0x433ad35c,8.410613,67.87201,1000.6109,208.88663,187,,,6.0,-57,,3,3
2026-01-23 21:21:25.875118,0x433b0b38,8.542915,65.37832,1000.4335,228.26572,193,,,5.5,-77,,5,5
2026-01-23 21:21:32.491722,0x433af380,6.9348836,73.98796,1000.94434,223.88237,50,,,7.5,-34,,3,3
2026-01-23 21:22:25.909692,0x433b0b38,8.491499,65.45577,1000.4276,222.174,196,,,5.25,-77,,5,5
2026-01-23 21:22:30.696385,0x433af380,7.009022,73.72241,1000.97296,223.1268,51,,,7.5,-34,,3,3
2026-01-23 21:23:26.294402,0x433b0b38,8.5068865,65.58235,1000.4267,226.44847,195,,,5.75,-76,,5,5
2026-01-23 21:23:29.010490,0x433aad0c,9.153941,64.19273,1000.77716,223.19371,199,,,6.0,-71,,3,3
2026-01-23 21:23:35.711958,0x433af380,7.1336145,74.146126,1000.99255,219.862,55,,,7.0,-34,,3,3
2026-01-23 21:23:57.103595,0x433ad35c,8.37128,68.319275,1000.64215,209.94794,186,,,6.0,-58,,3,3
2026-01-23 21:24:25.925011,0x433b0b38,8.656029,65.0065,1000.45844,225.6998,195,,,6.0,-77,,5,5
2026-01-23 21:24:31.237436,0x433af380,6.7998533,74.43116,1000.9872,220.74289,54,,,7.75,-34,,3,3
2026-01-23 21:25:26.063187,0x433b0b38,8.769105,64.655426,1000.4534,222.75397,194,,,5.25,-76,,5,5
2026-01-23 21:25:31.898582,0x433af380,6.9376545,73.604034,1000.98395,226.02544,49,,,7.25,-33,,3,3
2026-01-23 21:26:25.976423,0x433b0b38,8.72801,64.664825,1000.4053,222.6087,194,,,4.75,-77,,5,5
2026-01-23 21:26:30.159232,0x433aad0c,9.219569,63.540554,1000.7348,223.19371,199,,,5.5,-70,,3,3
2026-01-23 21:26:36.426992,0x433af380,7.3015575,73.8206,1000.9398,221.63087,54,,,7.75,-34,,3,3
2026-01-23 21:26:58.795018,0x433ad35c,8.385786,68.19977,1000.57605,205.25504,188,,,6.0,-57,,3,3
2026-01-23 21:27:26.061801,0x433b0b38,8.715157,64.84943,1000.3879,225.6998,193,,,5.25,-78,,5,5
2026-01-23 21:27:33.946813,0x433af380,7.708475,73.0062,1000.94086,219.42421,54,,,6.0,-34,,3,3
2026-01-23 21:28:26.003050,0x433b0b38,8.699769,64.5159,1000.3856,222.46361,195,,,5.5,-76,,5,5
2026-01-23 21:28:32.988001,0x433af380,8.040912,71.59129,1000.9078,221.33406,54,,,8.25,-33,,3,3
2026-01-23 21:29:26.572365,0x433b0b38,8.730581,64.29946,1000.39996,225.10442,194,,,5.5,-77,,5,5
2026-01-23 21:29:29.378525,0x433aad0c,9.170329,63.26052,1000.7166,225.48584,199,,,5.5,-70,,3,3
2026-01-23 21:29:34.947289,0x433af380,8.419891,71.086845,1000.91046,215.28018,56,,,7.5,-33,,3,3
2026-01-23 21:29:57.948369,0x433ad35c,8.508783,68.6783,1000.60724,206.27968,187,,,6.25,-58,,3,3
2026-01-23 21:30:26.130401,0x433b0b38,8.722869,64.427635,1000.3801,226.74933,193,,,5.75,-76,,5,5
2026-01-23 21:30:32.759321,0x433af380,7.8942986,71.82502,1000.92865,222.6759,52,,,7.5,-34,,3,3
2026-01-23 21:31:26.063318,0x433b0b38,8.625179,64.69148,1000.3545,224.8079,195,,,5.5,-77,,5,5
2026-01-23 21:31:33.034698,0x433af380,7.660036,72.29765,1000.90186,224.33818,51,,,5.5,-34,,3,3
2026-01-23 21:32:26.595179,0x433b0b38,8.614897,64.80025,1000.3366,223.04509,196,,,6.5,-76,,5,5
2026-01-23 21:32:29.661804,0x433aad0c,9.050162,64.220215,1000.6818,224.56335,199,,,5.0,-71,,3,3
2026-01-23 21:32:33.771715,0x433af380,7.6776505,72.733536,1000.8991,218.98811,55,,,5.75,-34,,3,3
2026-01-23 21:33:00.477909,0x433ad35c,8.507593,67.81727,1000.545,208.22871,187,,,6.0,-57,,3,3
2026-01-23 21:33:26.154690,0x433b0b38,8.607184,64.66374,1000.35913,225.40172,194,,,6.0,-77,,5,5
2026-01-23 21:33:35.020344,0x433af380,7.5762143,72.420334,1000.89374,219.71587,54,,,5.75,-34,,3,3
2026-01-23 21:34:26.135859,0x433b0b38,8.599472,64.71663,1000.35394,228.41847,194,,,5.75,-76,,5,5
2026-01-23 21:34:33.856277,0x433af380,7.7011075,72.85879,1000.89636,219.862,55,,,5.75,-34,,3,3
2026-01-23 21:35:26.708315,0x433b0b38,8.566052,65.05278,1000.3776,225.40172,194,,,5.5,-76,,5,5
2026-01-23 21:35:31.326011,0x433aad0c,9.110846,63.81322,1000.6937,224.25755,199,,,5.0,-70,,3,3
2026-01-23 21:35:38.922247,0x433af380,7.5400753,73.54862,1000.8977,218.4094,55,,0.03319557,7.0,-34,,3,3
2026-01-23 21:35:58.577387,0x433ad35c,8.120463,68.38391,1000.5874,205.63809,193,,,6.25,-58,,3,3
2026-01-23 21:36:26.151515,0x433b0b38,8.458079,65.28837,1000.3813,223.77621,195,,,6.5,-77,,5,5
2026-01-23 21:36:34.565836,0x433af380,7.598575,73.63705,1000.9061,217.97733,56,,0.28206873,5.5,-34,,3,3
2026-01-23 21:37:26.154175,0x433b0b38,8.527491,65.20559,1000.3906,222.89944,195,,,5.5,-76,,5,5
2026-01-23 21:37:35.167657,0x433af380,7.6449633,73.63822,1000.9426,216.26608,58,,,5.75,-34,,3,3
2026-01-23 21:38:26.192860,0x433b0b38,8.612326,65.02981,1000.40234,227.35347,193,,,5.0,-77,,5,5
2026-01-23 21:38:29.403288,0x433aad0c,9.072919,63.5446,1000.73083,223.95255,199,,,6.0,-70,,3,3
2026-01-23 21:38:35.072536,0x433af380,7.6338406,73.35674,1000.93286,215.00017,59,,,5.75,-34,,3,3
2026-01-23 21:38:59.453455,0x433ad35c,7.8799324,69.55461,1000.63855,200.76738,199,,,5.75,-58,,3,3
2026-01-23 21:39:26.254847,0x433b0b38,8.5454855,65.33723,1000.4333,221.30971,197,,,5.5,-76,,5,5
2026-01-23 21:39:36.654515,0x433af380,7.71507,72.97319,1000.9669,214.72087,59,,,6.25,-34,,3,3
2026-01-23 21:40:26.776182,0x433b0b38,8.501783,65.27254,1000.45544,223.48318,196,,,5.75,-76,,5,5
2026-01-23 21:40:35.593860,0x433af380,7.7339854,73.43781,1001.00116,212.649,61,,,6.25,-34,,3,3
2026-01-23 21:41:26.233363,0x433b0b38,8.527452,65.463524,1000.4542,217.9187,199,,,5.75,-76,,5,5
2026-01-23 21:41:29.383974,0x433aad0c,9.201869,63.61298,1000.78467,223.04254,199,,,5.0,-70,,3,3
2026-01-23 21:41:37.069774,0x433af380,7.7640533,73.06234,1000.98553,212.649,61,,,5.75,-34,,3,3
2026-01-23 21:41:57.690182,0x433ad35c,7.78218,70.31186,1000.6687,196.93993,200,,,6.0,-57,,3,3
2026-01-23 21:42:26.259200,0x433b0b38,8.51974,65.26083,1000.43427,221.74101,198,,,5.5,-77,,5,5
2026-01-23 21:42:36.541754,0x433af380,7.815188,72.733665,1001.00507,211.69576,62,,,5.75,-33,,3,3
2026-01-23 21:43:26.280501,0x433b0b38,8.566014,65.1235,1000.45905,223.62961,197,,,5.5,-77,,5,5
2026-01-23 21:43:36.349223,0x433af380,7.8101006,72.63596,1001.01355,212.23943,61,,,5.5,-34,,3,3
2026-01-23 21:44:26.288859,0x433b0b38,8.614859,64.97138,1000.4441,222.31873,198,,,5.75,-76,,5,5
2026-01-23 21:44:29.685704,0x433aad0c,9.307265,63.074905,1000.77136,223.80037,199,,,5.75,-70,,3,3
2026-01-23 21:44:36.633925,0x433af380,7.8787746,72.55171,1000.9778,213.61089,61,,,6.0,-34,,3,3
2026-01-23 21:44:57.699682,0x433ad35c,8.23272,68.55417,1000.61316,199.43501,195,,,5.75,-57,,3,3
2026-01-23 21:45:26.782791,0x433b0b38,8.658675,64.79728,1000.4399,221.74101,197,,,5.25,-78,,5,5
2026-01-23 21:45:37.022599,0x433af380,8.049451,72.54138,1000.9725,200.03842,65,,,7.25,-34,,3,3
2026-01-23 21:46:26.373854,0x433b0b38,8.668882,64.82802,1000.4267,219.45992,198,,,6.25,-77,,5,5
2026-01-23 21:46:37.368045,0x433af380,7.9883323,72.3985,1000.9532,209.15092,66,,,5.5,-34,,3,3
2026-01-23 21:47:26.335167,0x433b0b38,8.691981,64.502975,1000.4197,225.10442,194,,,6.25,-77,,5,5
2026-01-23 21:47:29.089458,0x433aad0c,9.343463,62.537403,1000.72296,225.33154,198,,,5.75,-71,,3,3
2026-01-23 21:47:37.616351,0x433af380,7.8179193,72.380104,1000.9349,214.30327,60,,,8.0,-34,,3,3
2026-01-23 21:47:57.685782,0x433ad35c,8.338407,68.55241,1000.60254,198.59631,195,,,6.0,-58,,3,3
2026-01-23 21:48:26.349209,0x433b0b38,8.5249195,65.00268,1000.39764,220.16771,197,,,6.0,-76,,5,5
2026-01-23 21:48:37.883235,0x433af380,7.0574236,72.93484,1000.9295,220.5956,55,,,6.25,-34,,3,3
2026-01-23 21:49:26.390122,0x433b0b38,8.578905,64.701035,1000.36414,223.33698,196,,,5.75,-77,,5,5
2026-01-23 21:49:38.290780,0x433af380,6.6146746,74.045845,1000.8771,214.44229,58,,,6.25,-34,,3,3
2026-01-23 21:50:26.426269,0x433b0b38,8.483863,64.69979,1000.32,225.6998,195,,,5.75,-76,,5,5
2026-01-23 21:50:30.399554,0x433aad0c,9.18417,63.18032,1000.6865,223.95255,199,,,5.25,-70,,3,3
2026-01-23 21:50:38.200380,0x433af380,6.2840276,74.29336,1000.8619,226.6453,53,,,5.5,-34,,3,3
2026-01-23 21:50:58.271229,0x433ad35c,8.263354,67.79132,1000.5146,203.61153,190,,,6.0,-57,,3,3
2026-01-23 21:51:26.450664,0x433b0b38,8.445263,64.79984,1000.3266,225.55066,196,,,6.25,-76,,5,5
2026-01-23 21:51:38.468751,0x433af380,6.5125585,73.95753,1000.8446,227.26859,50,,,5.5,-34,,3,3
2026-01-23 21:52:26.474079,0x433b0b38,8.489004,64.55609,1000.2995,224.07002,195,,,5.25,-77,,5,5
2026-01-23 21:52:38.735614,0x433af380,6.7496657,73.19306,1000.87823,226.95651,52,,,6.25,-34,,3,3
2026-01-23 21:53:26.502339,0x433b0b38,8.632967,64.24371,1000.34344,230.11237,193,,,5.5,-76,,5,5
2026-01-23 21:53:29.957209,0x433aad0c,9.194246,62.94366,1000.6496,224.87,199,,,6.25,-71,,3,3
2026-01-23 21:53:38.976063,0x433af380,7.0259533,72.961334,1000.8709,214.72087,57,,,5.75,-34,,3,3
2026-01-23 21:53:57.702253,0x433ad35c,8.198134,67.43858,1000.504,205.25504,189,,,6.0,-58,,3,3
2026-01-23 21:54:26.478497,0x433b0b38,8.668882,63.71409,1000.32245,225.40172,194,,,6.0,-77,,5,5
2026-01-23 21:54:39.234080,0x433af380,7.337204,71.835945,1000.88715,223.73083,53,,,6.25,-34,,3,3
2026-01-23 21:55:26.624044,0x433b0b38,8.620038,63.8901,1000.3162,226.44847,194,,,4.75,-77,,5,5
2026-01-23 21:55:39.483967,0x433af380,7.512703,70.64502,1000.8517,226.80081,51,,,6.5,-34,,3,3
2026-01-23 21:56:26.559704,0x433b0b38,8.6252165,63.696957,1000.2844,228.87798,193,,,5.75,-77,,5,5
2026-01-23 21:56:28.900891,0x433aad0c,9.141187,62.613613,1000.62976,226.57172,198,,,5.75,-70,,3,3
2026-01-23 21:56:39.756039,0x433af380,7.9347315,69.66076,1000.8015,223.42842,54,,,5.75,-34,,3,3
2026-01-23 21:56:58.252636,0x433ad35c,8.0856495,68.049805,1000.47644,206.66658,189,,,6.0,-58,,3,3
2026-01-23 21:57:26.550712,0x433b0b38,8.607222,63.654266,1000.2615,225.25298,195,,,5.5,-77,,5,5
2026-01-23 21:57:39.997703,0x433af380,8.25521,68.529175,1000.791,224.33818,54,,,5.75,-34,,3,3
2026-01-23 21:58:26.572617,0x433b0b38,8.557619,63.64266,1000.24866,228.26572,194,,,6.0,-77,,5,5
2026-01-23 21:58:40.247085,0x433af380,8.301181,67.787796,1000.75964,227.8953,50,,,5.75,-34,,3,3
2026-01-23 21:59:26.598225,0x433b0b38,8.536822,63.5366,1000.2131,226.74933,195,,,6.0,-76,,5,5
2026-01-23 21:59:30.638053,0x433aad0c,9.206926,61.900894,1000.5459,228.7751,198,,,6.25,-70,,3,3
2026-01-23 21:59:40.517157,0x433af380,8.471595,67.46436,1000.74066,211.56027,57,,,5.5,-34,,3,3
2026-01-23 21:59:58.270956,0x433ad35c,8.087892,68.13669,1000.4306,209.0187,186,,,5.5,-58,,3,3
2026-01-23 22:00:26.984491,0x433b0b38,8.53781,63.65627,1000.2195,227.96082,194,,,6.0,-77,,5,5
2026-01-23 22:00:40.770020,0x433af380,9.002429,65.93574,1000.7733,221.63087,56,,,6.75,-34,,3,3
2026-01-24 00:01:31.229745,0x433b0b38,10.640722,65.30694,1000.2727,228.7246,170,,,6.25,-77,,5,5
2026-01-24 00:02:12.719919,0x433af380,8.474138,73.96741,1000.85974,213.61089,67,,0.5144972,7.0,-34,,3,3
2026-01-24 00:02:30.652159,0x433aad0c,11.376361,63.643814,1000.5968,231.50896,179,,,6.25,-71,,3,3
2026-01-24 00:02:32.656332,0x433b0b38,10.622727,65.60887,1000.30194,226.1484,172,,,6.25,-76,,5,5
2026-01-24 00:02:59.565836,0x433ad35c,11.332613,66.33242,1000.47046,197.05733,165,,,5.75,-59,,3,3
2026-01-24 00:03:12.986776,0x433af380,8.329159,74.943306,1000.8598,210.34871,69,,0.36505434,6.0,-34,,3,3
2026-01-24 00:03:32.151051,0x433b0b38,10.740948,65.23911,1000.31335,226.44847,171,,,5.75,-77,,5,5
2026-01-24 00:04:13.239844,0x433af380,8.349507,75.188934,1000.8578,211.69576,68,,0.21576764,7.75,-34,,3,3
2026-01-24 00:04:31.830784,0x433b0b38,10.7795105,65.03161,1000.30475,227.65674,170,,,6.0,-78,,5,5
2026-01-24 00:05:13.500068,0x433af380,8.326427,75.7892,1000.8421,212.5123,67,,,5.5,-34,,3,3
2026-01-24 00:05:30.621424,0x433aad0c,11.578641,63.050163,1000.5897,230.5366,179,,,5.75,-70,,3,3
2026-01-24 00:05:33.118035,0x433b0b38,10.746089,64.9874,1000.27313,228.11317,170,,,6.0,-77,,5,5
2026-01-24 00:05:59.074395,0x433ad35c,11.39529,66.186295,1000.4388,196.70555,168,,,5.75,-58,,3,3
2026-01-24 00:06:13.926718,0x433af380,8.214022,75.95107,1000.84576,214.86041,64,,,7.25,-34,,3,3
2026-01-24 00:06:32.742746,0x433b0b38,10.722952,65.04727,1000.28546,228.87798,171,,,6.25,-76,,5,5
2026-01-24 00:07:14.491506,0x433af380,8.143297,76.641106,1000.83014,214.5815,65,,,7.0,-34,,3,3
2026-01-24 00:07:32.100610,0x433b0b38,10.730627,65.18289,1000.2907,227.35347,170,,,5.5,-77,,5,5
2026-01-24 00:08:14.405883,0x433af380,7.840623,77.49437,1000.8578,215.56097,64,,,5.75,-34,,3,3
2026-01-24 00:08:30.652851,0x433aad0c,11.720238,62.76083,1000.5782,231.83485,178,,,5.5,-71,,3,3
2026-01-24 00:08:33.290581,0x433b0b38,10.797506,65.189705,1000.29,226.74933,170,,,6.5,-76,,5,5
2026-01-24 00:08:59.556687,0x433ad35c,11.4604,66.28416,1000.4534,197.64641,166,,,6.25,-59,,3,3
2026-01-24 00:09:14.643871,0x433af380,7.8662453,77.48489,1000.8457,212.649,68,,,6.0,-34,,3,3
2026-01-24 00:09:32.091258,0x433b0b38,10.807865,65.24311,1000.2506,227.80867,170,,,5.75,-77,,5,5
2026-01-24 00:10:15.114339,0x433af380,8.087528,77.377174,1000.85645,208.35997,72,,,5.75,-34,,3,3
2026-01-24 00:10:32.271889,0x433b0b38,10.859206,65.16315,1000.29675,228.57143,169,,,5.5,-77,,5,5
2026-01-24 00:11:15.628554,0x433af380,7.9552674,77.64155,1000.8282,213.47295,65,,,5.5,-34,,3,3
2026-01-24 00:11:30.669279,0x433aad0c,11.831643,62.736065,1000.57086,230.69812,178,,,6.5,-71,,3,3
2026-01-24 00:11:33.427648,0x433b0b38,10.990318,64.92393,1000.26654,227.20212,169,,,6.0,-77,,5,5
2026-01-24 00:11:59.605610,0x433ad35c,11.543085,66.31735,1000.45795,191.9094,168,,,5.5,-59,,3,3
2026-01-24 00:12:15.435073,0x433af380,8.00868,77.62235,1000.83484,213.74898,65,,,5.75,-34,,3,3
2026-01-24 00:12:32.159979,0x433b0b38,11.057122,64.755066,1000.2919,225.99867,170,,,6.75,-77,,5,5
2026-01-24 00:13:15.707941,0x433af380,8.385117,77.07073,1000.8757,211.15488,67,,,5.5,-34,,3,3
2026-01-24 00:13:32.165770,0x433b0b38,11.229444,64.252525,1000.29474,225.99867,169,,,5.5,-77,,5,5
2026-01-24 00:14:17.798543,0x433af380,8.720291,76.32551,1000.92,208.35997,69,,,5.75,-34,,3,3
2026-01-24 00:14:30.734907,0x433aad0c,11.960448,62.58743,1000.6284,228.45767,178,,,6.0,-70,,3,3
2026-01-24 00:14:33.453622,0x433b0b38,11.285965,64.17935,1000.32196,226.74933,169,,,6.0,-77,,5,5
2026-01-24 00:14:59.825415,0x433ad35c,11.75367,65.8688,1000.531,195.54198,165,,,5.5,-59,,3,3
2026-01-24 00:15:16.221302,0x433af380,9.229559,75.36397,1000.9686,202.9864,75,,,7.5,-33,,3,3
2026-01-24 00:15:32.662969,0x433b0b38,11.291068,64.28666,1000.3603,227.505,168,,,5.5,-76,,5,5
2026-01-24 00:16:16.480958,0x433af380,9.6694,74.163445,1000.97144,201.74757,75,,,6.25,-34,,3,3
2026-01-24 00:16:32.345686,0x433b0b38,11.270502,64.66621,1000.36566,225.99867,168,,,5.75,-77,,5,5
2026-01-24 00:17:16.805227,0x433af380,9.97208,72.83696,1001.02264,196.00575,81,,,5.5,-35,,3,3
2026-01-24 00:17:30.824035,0x433aad0c,12.16273,62.377823,1000.68787,229.41254,177,,,5.25,-71,,3,3
2026-01-24 00:17:33.298123,0x433b0b38,11.278214,64.57343,1000.42645,225.84914,167,,,6.5,-77,,5,5
2026-01-24 00:17:59.639427,0x433ad35c,11.853784,65.7109,1000.57745,195.31094,164,,,7.0,-59,,3,3
2026-01-24 00:18:17.333723,0x433af380,10.122337,71.90195,1001.0282,196.12206,81,,,8.25,-33,,3,3
2026-01-24 00:18:32.272500,0x433b0b38,11.337381,64.63554,1000.45483,226.29834,167,,,5.5,-77,,5,5
2026-01-24 00:19:17.770092,0x433af380,10.053661,71.33493,1001.04407,196.58858,81,,,5.75,-34,,3,3
2026-01-24 00:19:32.245608,0x433b0b38,11.442748,64.453674,1000.4714,225.10442,167,,,5.75,-78,,5,5
2026-01-24 00:20:18.019694,0x433af380,9.814569,71.83075,1001.0501,200.03842,78,,,5.5,-34,,3,3
2026-01-24 00:20:30.908737,0x433aad0c,12.231,62.16611,1000.7475,229.41254,177,,,6.5,-70,,3,3
2026-01-24 00:20:34.098292,0x433b0b38,11.314206,64.701515,1000.4655,224.95607,168,,,7.25,-76,,5,5
2026-01-24 00:20:59.770945,0x433ad35c,11.863843,65.48779,1000.64685,193.70865,165,,,5.5,-59,,3,3
2026-01-24 00:21:18.139842,0x433af380,9.570391,72.32944,1001.0627,203.36102,75,,,5.75,-34,,3,3
2026-01-24 00:21:32.864957,0x433b0b38,11.118936,65.10984,1000.4638,226.1484,168,,,6.25,-77,,5,5
2026-01-24 00:22:18.618901,0x433af380,9.435584,72.72909,1001.0631,203.36102,74,,,6.25,-34,,3,3
2026-01-24 00:22:32.307687,0x433b0b38,10.972284,65.32092,1000.46094,224.95607,169,,,6.25,-77,,5,5
2026-01-24 00:23:18.310693,0x433af380,9.054057,73.975975,1001.02405,206.4085,72,,,5.75,-34,,3,3
2026-01-24 00:23:30.736647,0x433aad0c,11.678945,63.781918,1000.7448,229.41254,178,,,6.0,-70,,3,3
2026-01-24 00:23:34.779431,0x433b0b38,10.808053,66.12436,1000.4696,221.88516,171,,,6.75,-77,,5,5
2026-01-24 00:23:59.149807,0x433ad35c,11.778651,66.17413,1000.6046,194.621,165,,,5.75,-59,,3,3
2026-01-24 00:24:18.815198,0x433af380,8.433442,75.652435,1000.965,208.22871,72,,0.28206873,5.5,-34,,3,3
2026-01-24 00:24:32.355751,0x433b0b38,10.789755,66.242424,1000.50867,220.30981,172,,,6.75,-77,,5,5
2026-01-24 00:25:18.878683,0x433af380,8.138209,77.0243,1000.97363,210.21492,69,,0.5975104,5.75,-34,,3,3
2026-01-24 00:25:32.358736,0x433b0b38,10.815539,65.92431,1000.41583,224.51218,171,,,6.25,-77,,5,5
2026-01-24 00:26:19.478533,0x433af380,8.049188,77.46365,1000.9371,212.5123,66,,0.54757243,7.0,-34,,3,3
2026-01-24 00:26:31.740768,0x433aad0c,11.532976,64.48148,1000.7174,227.04027,179,,,6.5,-70,,3,3
2026-01-24 00:26:33.716051,0x433b0b38,10.805219,65.96256,1000.37683,223.92303,171,,,5.5,-76,,5,5
2026-01-24 00:27:00.218797,0x433ad35c,11.823753,66.364655,1000.55774,192.2442,166,,,5.75,-58,,3,3
2026-01-24 00:27:19.341664,0x433af380,8.044101,77.723274,1000.9526,213.61089,65,,0.5145484,5.75,-34,,3,3
2026-01-24 00:27:32.453715,0x433b0b38,10.764086,66.14138,1000.39734,223.19093,171,,,6.25,-76,,5,5
2026-01-24 00:28:19.606361,0x433af380,8.163833,77.76503,1000.95123,212.649,65,,0.14935528,5.5,-34,,3,3
2026-01-24 00:28:32.446970,0x433b0b38,10.828393,66.11967,1000.4134,224.3646,171,,,6.25,-77,,5,5
2026-01-24 00:29:20.172873,0x433af380,8.321529,77.756,1001.0009,208.4914,69,,,6.25,-34,,3,3
2026-01-24 00:29:30.807321,0x433aad0c,11.270164,65.33867,1000.74133,226.41592,180,,,6.0,-70,,3,3
2026-01-24 00:29:34.613416,0x433b0b38,10.913231,65.861275,1000.4374,224.21721,171,,,5.25,-77,,5,5
2026-01-24 00:29:59.691778,0x433ad35c,11.933964,65.98313,1000.5958,193.14278,165,,,6.5,-60,,3,3
2026-01-24 00:30:20.414038,0x433af380,8.827684,77.12602,1001.0428,204.74652,74,,,5.75,-34,,3,3
2026-01-24 00:30:32.466969,0x433b0b38,11.006043,65.54281,1000.5268,223.33698,170,,,6.5,-77,,5,5
2026-01-24 00:31:20.716374,0x433af380,9.191406,76.031715,1001.03107,201.62453,75,,,8.25,-33,,3,3
2026-01-24 00:31:32.469300,0x433b0b38,11.018409,65.62432,1000.4362,223.77621,170,,,5.75,-77,,5,5
2026-01-24 00:32:20.731866,0x433af380,9.42541,74.85031,1001.0565,202.48907,75,,,5.5,-33,,3,3
2026-01-24 00:32:30.811956,0x433aad0c,11.806583,64.03772,1000.7246,225.94992,179,,,5.75,-71,,3,3
2026-01-24 00:32:33.596646,0x433b0b38,11.1496725,65.664955,1000.4417,221.30971,171,,,6.25,-77,,5,5
2026-01-24 00:32:59.347840,0x433ad35c,12.106853,65.43412,1000.6006,191.24326,166,,,5.75,-59,,3,3
2026-01-24 00:33:20.940275,0x433af380,9.494085,74.17533,1001.0593,201.74757,75,,,7.5,-34,,3,3
2026-01-24 00:33:32.533011,0x433b0b38,11.280786,65.17665,1000.439,223.33698,169,,,5.75,-77,,5,5
2026-01-24 00:34:21.187681,0x433af380,9.578022,73.79092,1001.0227,199.43501,78,,,6.0,-34,,3,3
2026-01-24 00:34:32.488455,0x433b0b38,11.301352,65.210724,1000.42883,221.45328,170,,,5.25,-76,,5,5
2026-01-24 00:35:21.566984,0x433af380,9.2319145,74.59475,1001.02026,204.74652,73,,,6.0,-34,,3,3
2026-01-24 00:35:31.282912,0x433aad0c,12.096228,63.180065,1000.716,226.72768,178,,,6.0,-71,,3,3
2026-01-24 00:35:34.987474,0x433b0b38,11.2574215,65.37011,1000.40247,220.73723,170,,,6.25,-77,,5,5
2026-01-24 00:35:59.303380,0x433ad35c,11.95397,65.67466,1000.5952,190.25267,169,,,5.75,-58,,3,3
2026-01-24 00:36:21.732651,0x433af380,8.92415,75.0532,1000.992,207.31462,71,,,5.75,-34,,3,3
2026-01-24 00:36:32.808260,0x433b0b38,11.432541,64.732056,1000.5174,220.30981,170,,,6.0,-77,,5,5
2026-01-24 00:37:22.005966,0x433af380,8.715583,75.87115,1000.99945,205.00047,74,,,5.75,-34,,3,3
2026-01-24 00:37:33.220366,0x433b0b38,11.579004,64.50199,1000.4119,223.62961,168,,,5.75,-76,,5,5
2026-01-24 00:38:22.589828,0x433af380,8.690335,75.94167,1000.99835,209.54868,69,,,5.75,-34,,3,3
2026-01-24 00:38:30.929387,0x433aad0c,12.223414,62.549465,1000.7072,225.02365,179,,,6.25,-70,,3,3
2026-01-24 00:38:33.939739,0x433b0b38,11.552421,64.47331,1000.4086,222.75397,168,,,6.5,-77,,5,5
2026-01-24 00:38:59.842739,0x433ad35c,11.979065,65.742874,1000.60126,191.57573,167,,,5.75,-59,,3,3
2026-01-24 00:39:22.826634,0x433af380,8.957403,75.54532,1001.0512,207.83598,69,,,8.0,-33,,3,3
2026-01-24 00:39:32.773459,0x433b0b38,11.512199,64.64367,1000.4816,223.04509,169,,,5.75,-77,,5,5
2026-01-24 00:40:22.779362,0x433af380,9.646697,74.10405,1001.0812,202.11766,74,,,7.75,-33,,3,3
2026-01-24 00:40:32.857582,0x433b0b38,11.488264,64.62816,1000.48755,223.48318,168,,,5.5,-77,,5,5
2026-01-24 00:41:23.393172,0x433af380,10.1859255,71.99428,1001.14246,198.23904,80,,,6.0,-34,,3,3
2026-01-24 00:41:30.849724,0x433aad0c,12.374785,62.264973,1000.79834,225.64032,178,,,6.5,-71,,3,3
2026-01-24 00:41:33.874606,0x433b0b38,11.606867,64.476395,1000.482,222.02948,168,,,5.25,-77,,5,5
2026-01-24 00:41:59.835673,0x433ad35c,12.136883,65.417076,1000.6929,191.79805,167,,,5.75,-58,,3,3
2026-01-24 00:42:23.297521,0x433af380,10.864866,69.59958,1001.1335,188.30197,91,,,6.25,-33,,3,3
2026-01-24 00:42:33.057057,0x433b0b38,11.717679,63.999557,1000.5124,223.92303,167,,,5.75,-78,,5,5
2026-01-24 00:43:23.829574,0x433af380,10.765667,69.358315,1001.1236,196.00575,80,,0.31528467,6.0,-34,,3,3
2026-01-24 00:43:32.892861,0x433b0b38,11.716955,63.883816,1000.5336,224.07002,167,,,5.75,-76,,5,5
2026-01-24 00:44:23.812894,0x433af380,10.684274,68.978355,1001.119,203.73701,75,,1.0291481,5.5,-33,,3,3
2026-01-24 00:44:31.252555,0x433aad0c,12.445622,61.954243,1000.80914,225.94992,178,,,5.75,-71,,3,3
2026-01-24 00:44:34.773730,0x433b0b38,11.735219,63.825882,1000.53186,224.8079,166,,,5.75,-77,,5,5
2026-01-24 00:45:00.607931,0x433ad35c,11.52304,66.514626,1000.718,192.80482,168,,,5.5,-59,,3,3
2026-01-24 00:45:24.048254,0x433af380,10.4377365,69.35115,1001.13684,200.15956,78,,0.59758973,7.75,-33,,3,3
2026-01-24 00:45:34.610768,0x433b0b38,11.552803,63.97991,1000.53625,224.51218,168,,,5.0,-77,,5,5
2026-01-24 00:46:24.316155,0x433af380,10.648851,68.6798,1001.1165,200.64552,78,,0.54750884,7.0,-34,,3,3
2026-01-24 00:46:32.876991,0x433b0b38,11.275795,64.81687,1000.5609,222.31873,170,,,6.25,-76,,5,5
2026-01-24 00:47:24.584257,0x433af380,10.628503,68.810104,1001.11224,204.74652,75,,0.3982345,7.0,-33,,3,3
2026-01-24 00:47:30.855927,0x433aad0c,12.665681,61.366623,1000.8461,225.48584,178,,,5.75,-70,,3,3
2026-01-24 00:47:33.447222,0x433b0b38,11.400741,64.35701,1000.55914,223.04509,169,,,6.5,-76,,5,5
2026-01-24 00:47:59.399302,0x433ad35c,11.284967,67.315796,1000.71844,192.58018,172,,,5.75,-58,,3,3
2026-01-24 00:48:24.837397,0x433af380,10.234253,70.187805,1001.115,200.88937,76,,0.033195022,7.25,-34,,3,3
2026-01-24 00:48:33.748945,0x433b0b38,11.313942,64.54726,1000.55066,222.02948,170,,,6.0,-77,,5,5
2026-01-24 00:49:25.436407,0x433af380,9.600725,72.23692,1001.1329,200.76738,78,,,6.0,-34,,3,3
2026-01-24 00:49:32.960590,0x433b0b38,11.413786,64.46959,1000.5585,222.6087,170,,,5.75,-77,,5,5
2026-01-24 00:50:25.741341,0x433af380,9.605812,72.9886,1001.1531,202.11766,76,,,7.75,-33,,3,3
2026-01-24 00:50:32.183019,0x433aad0c,12.74184,60.987835,1000.834,227.3537,177,,,6.75,-70,,3,3
2026-01-24 00:50:34.139957,0x433b0b38,11.39167,64.363,1000.6575,221.88516,170,,,5.5,-76,,5,5
2026-01-24 00:50:59.367621,0x433ad35c,11.67835,66.79514,1000.7399,191.9094,168,,,6.25,-59,,3,3
2026-01-24 00:51:25.610347,0x433af380,9.931384,73.03828,1001.1776,199.43501,78,,,5.5,-34,,3,3
2026-01-24 00:51:34.670735,0x433b0b38,11.517642,64.38205,1000.5739,224.3646,168,,,6.0,-77,,5,5
2026-01-24 00:52:25.881784,0x433af380,10.307828,72.41308,1001.1513,195.54198,84,,,5.75,-35,,3,3
2026-01-24 00:52:33.021504,0x433b0b38,11.669354,64.197365,1000.5665,223.48318,167,,,5.75,-77,,5,5
2026-01-24 00:53:26.126962,0x433af380,10.3052845,72.03293,1001.12,193.82224,84,,,7.5,-34,,3,3
2026-01-24 00:53:31.686020,0x433aad0c,12.536953,61.866714,1000.8274,225.33154,178,,,6.0,-71,,3,3
2026-01-24 00:53:35.267476,0x433b0b38,11.578892,64.3162,1000.528,222.6087,168,,,6.5,-76,,5,5
2026-01-24 00:53:59.391088,0x433ad35c,11.740992,67.074165,1000.7048,191.68681,167,,,5.25,-58,,3,3
2026-01-24 00:54:26.378062,0x433af380,10.058561,72.27465,1001.122,194.39212,82,,,5.25,-34,,3,3
2026-01-24 00:54:34.657672,0x433b0b38,11.419309,64.827614,1000.5181,222.89944,169,,,6.0,-77,,5,5
2026-01-24 00:55:26.699847,0x433af380,10.213717,72.25716,1001.1154,195.31094,83,,,7.25,-34,,3,3
2026-01-24 00:55:33.455087,0x433b0b38,11.447207,65.073685,1000.53925,223.62961,168,,,6.25,-77,,5,5
2026-01-24 00:56:26.875898,0x433af380,10.129968,72.332344,1001.14886,197.64641,80,,,5.5,-34,,3,3
2026-01-24 00:56:32.046898,0x433aad0c,12.643602,61.90439,1000.80225,227.04027,177,,,5.5,-70,,3,3
2026-01-24 00:56:37.055594,0x433b0b38,11.560629,64.93297,1000.50366,220.45209,168,,,6.25,-77,,5,5
2026-01-24 00:57:01.118515,0x433ad35c,11.838105,66.82385,1000.70483,189.92473,167,,,7.75,-58,,3,3
2026-01-24 00:57:27.552931,0x433af380,10.058749,72.406296,1001.1271,195.31094,83,,,5.75,-34,,3,3
2026-01-24 00:57:33.481235,0x433b0b38,11.673556,64.82591,1000.509,222.6087,167,,,6.75,-76,,5,5
2026-01-24 00:58:27.566536,0x433af380,10.035857,72.78612,1001.1455,198.23904,79,,,5.75,-34,,3,3
2026-01-24 00:58:35.830903,0x433b0b38,11.681535,64.72183,1000.54193,223.19093,166,,,5.5,-77,,5,5
2026-01-24 00:59:27.914719,0x433af380,10.137411,72.582664,1001.1649,198.00156,79,,,5.5,-34,,3,3
2026-01-24 00:59:31.287336,0x433aad0c,12.733419,61.950993,1000.8489,227.3537,176,,,5.25,-72,,3,3
2026-01-24 00:59:35.156448,0x433b0b38,11.712043,64.82465,1000.56726,222.02948,166,,,5.25,-76,,5,5
2026-01-24 00:59:59.424751,0x433ad35c,12.07929,66.45574,1000.7571,190.58174,165,,,5.5,-58,,3,3
2026-01-24 01:00:28.094145,0x433af380,10.44518,71.74393,1001.1527,198.00156,79,,,6.0,-34,,3,3
2026-01-24 01:00:37.353324,0x433b0b38,11.781019,64.66626,1000.5484,222.174,167,,,5.75,-77,,5,5
2026-01-24 01:01:28.166828,0x433af380,10.137411,72.32217,1001.1683,199.31479,78,,,6.25,-34,,3,3
2026-01-25 02:02:30.703643,0x433b0b38,3.8822262,65.72501,1006.69617,290.66138,170,,,5.5,-78,,5,5
2026-01-25 02:02:45.605491,0x433aad0c,4.634846,64.208855,1006.9934,370.63315,177,,,5.5,-69,,3,3
2026-01-25 02:03:06.389071,0x433af380,3.7713373,68.931526,1007.1722,271.73032,96,,,7.5,-33,,3,3
2026-01-25 02:03:14.411350,0x433ad35c,3.9518523,68.1942,1006.774,220.15485,194,,,5.5,-56,,3,3
2026-01-25 02:03:30.199427,0x433b0b38,3.9465675,65.482414,1006.6904,291.15726,169,,,5.5,-78,,5,5
2026-01-25 02:04:06.646799,0x433af380,3.4076366,69.48395,1007.17334,282.89206,86,,,5.75,-34,,3,3
2026-01-25 02:04:30.166041,0x433b0b38,3.8616607,65.558586,1006.686,294.67624,168,,,5.25,-78,,5,5
2026-01-25 02:05:06.912294,0x433af380,3.633807,69.46248,1007.1889,267.55173,98,,,7.5,-34,,3,3
2026-01-25 02:05:30.229125,0x433b0b38,3.789,65.80724,1006.6945,295.18594,168,,,5.5,-78,,5,5
2026-01-25 02:05:45.788123,0x433aad0c,4.5875683,64.55316,1007.02246,364.0776,178,,,5.5,-70,,3,3
2026-01-25 02:06:07.183272,0x433af380,3.8067558,68.6284,1007.1759,270.17572,94,,,8.0,-34,,3,3
2026-01-25 02:06:13.949615,0x433ad35c,3.7809117,67.47569,1006.90625,225.25536,192,,,5.5,-56,,3,3
2026-01-25 02:06:30.188837,0x433b0b38,3.8925464,65.64106,1006.7028,295.44144,167,,,5.75,-77,,5,5
2026-01-25 02:07:07.418693,0x433af380,3.6363502,69.002304,1007.1931,277.66452,90,,,5.5,-34,,3,3
2026-01-25 02:07:30.261711,0x433b0b38,3.967095,65.33127,1006.7392,295.44144,167,,,5.25,-78,,5,5
2026-01-25 02:08:07.687503,0x433af380,3.4812052,69.50127,1007.197,271.2843,96,,,5.75,-34,,3,3
2026-01-25 02:08:30.248029,0x433b0b38,3.9696279,65.2757,1006.7309,294.93088,167,,,5.5,-79,,5,5
2026-01-25 02:08:45.640878,0x433aad0c,4.754438,64.06717,1007.0308,360.09686,178,,,5.75,-69,,3,3
2026-01-25 02:09:07.938765,0x433af380,3.4178102,69.95754,1007.22723,266.47336,100,,,6.0,-34,,3,3
2026-01-25 02:09:13.575309,0x433ad35c,3.8201604,68.25854,1006.88763,217.26102,195,,,6.25,-55,,3,3
2026-01-25 02:09:30.238257,0x433b0b38,3.8384874,65.53455,1006.7331,296.7256,167,,,6.0,-78,,5,5
2026-01-25 02:10:08.216744,0x433af380,3.2067118,70.28834,1007.2436,267.7684,100,,,5.75,-34,,3,3
2026-01-25 02:10:30.278035,0x433b0b38,3.964449,65.41673,1006.7719,295.44144,167,,,6.5,-77,,5,5
2026-01-25 02:11:08.466860,0x433af380,3.1100647,70.7833,1007.25226,226.1801,138,,,6.0,-34,,3,3
2026-01-25 02:11:30.290956,0x433b0b38,4.0324903,65.0427,1006.7706,295.44144,168,,,5.5,-77,,5,5
2026-01-25 02:11:45.717683,0x433aad0c,4.71938,64.0102,1007.0662,347.92374,181,,,5.75,-70,,3,3
2026-01-25 02:12:08.716865,0x433af380,2.6751533,71.81131,1007.2881,219.56992,149,,,6.0,-34,,3,3
2026-01-25 02:12:13.444077,0x433ad35c,3.9190853,67.47338,1006.9156,195.8896,202,,,6.0,-56,,3,3
2026-01-25 02:12:30.339959,0x433b0b38,3.9542418,65.31162,1006.7895,294.67624,168,,,5.5,-78,,5,5
2026-01-25 02:13:08.964552,0x433af380,2.7056732,71.949066,1007.287,222.526,145,,,7.5,-33,,3,3
2026-01-25 02:13:30.338289,0x433b0b38,3.9979424,65.1381,1006.76886,295.44144,168,,,5.5,-77,,5,5
2026-01-25 02:14:09.221379,0x433af380,3.0895293,71.52524,1007.25696,257.3458,114,,,5.75,-34,,3,3
2026-01-25 02:14:30.376249,0x433b0b38,4.018432,65.13509,1006.7548,291.40582,169,,,5.5,-79,,5,5
2026-01-25 02:14:45.741902,0x433aad0c,4.6785884,63.426163,1007.0395,340.37268,183,,,5.75,-70,,3,3
2026-01-25 02:15:09.543540,0x433af380,3.8856003,69.87722,1007.26825,268.20294,96,,,5.75,-34,,3,3
2026-01-25 02:15:13.564447,0x433ad35c,3.9611878,67.4445,1006.92505,210.21492,195,,,6.0,-55,,3,3
2026-01-25 02:15:30.391521,0x433b0b38,4.026182,64.681305,1006.77795,288.93906,170,,,5.75,-78,,5,5
2026-01-25 02:16:09.745278,0x433af380,4.028255,69.21777,1007.263,271.95386,89,,,5.5,-34,,3,3
2026-01-25 02:16:30.414944,0x433b0b38,4.0672746,64.58583,1006.7527,288.4507,172,,,6.25,-78,,5,5
2026-01-25 02:17:10.179189,0x433af380,3.7993143,69.39631,1007.2655,271.95386,91,,,5.5,-34,,3,3
2026-01-25 02:17:30.462895,0x433b0b38,4.0970926,64.06594,1006.73083,285.31625,173,,,5.5,-78,,5,5
2026-01-25 02:17:47.187579,0x433aad0c,4.7417965,63.38036,1007.0643,328.16324,186,,,5.5,-69,,3,3
2026-01-25 02:18:10.399218,0x433af380,3.6136487,69.6499,1007.2289,272.6267,91,,,6.0,-34,,3,3
2026-01-25 02:18:13.869856,0x433ad35c,4.0615935,67.23631,1006.8803,209.15092,195,,,5.5,-56,,3,3
2026-01-25 02:18:31.226566,0x433b0b38,3.9532995,64.85754,1006.73865,283.89243,174,,,6.75,-78,,5,5
2026-01-25 02:19:10.807937,0x433af380,3.7637072,69.46741,1007.23334,272.6267,92,,,5.5,-34,,3,3
2026-01-25 02:19:30.446598,0x433b0b38,4.056537,64.55177,1006.74615,281.55072,175,,,6.5,-78,,5,5
2026-01-25 02:20:10.764199,0x433af380,3.443055,70.493385,1007.2476,279.77954,86,,,5.75,-34,,3,3
2026-01-25 02:20:30.467076,0x433b0b38,4.121296,64.273056,1006.7193,281.55072,175,,,5.5,-78,,5,5
2026-01-25 02:20:46.394152,0x433aad0c,4.7165127,62.84311,1007.0385,314.6805,189,,,6.0,-70,,3,3
2026-01-25 02:21:11.033556,0x433af380,3.6109169,70.39956,1007.22125,275.3517,88,,,5.5,-34,,3,3
2026-01-25 02:21:14.408640,0x433ad35c,4.0113716,67.77841,1006.8845,233.20059,186,,,6.5,-55,,3,3
2026-01-25 02:21:30.504532,0x433b0b38,4.10001,64.19064,1006.7707,279.705,177,,,6.75,-78,,5,5
2026-01-25 02:22:11.279789,0x433af380,4.0839834,69.47575,1007.24866,269.7348,89,,,5.5,-34,,3,3
2026-01-25 02:22:30.502259,0x433b0b38,4.0981226,64.14625,1006.73553,279.24734,177,,,5.25,-78,,5,5
2026-01-25 02:23:11.529686,0x433af380,4.0967,69.296814,1007.26117,262.03757,95,,,6.0,-34,,3,3
2026-01-25 02:23:30.522189,0x433b0b38,4.115357,64.12747,1006.72974,279.47598,177,,,5.25,-77,,5,5
2026-01-25 02:23:46.299445,0x433aad0c,4.8227024,62.613033,1007.06287,301.70816,192,,,5.5,-69,,3,3
2026-01-25 02:24:12.086747,0x433af380,3.9010487,69.562904,1007.23816,258.55347,99,,,5.5,-34,,3,3
2026-01-25 02:24:15.338627,0x433ad35c,3.7985249,67.42389,1006.9002,237.0467,185,,,6.0,-55,,3,3
2026-01-25 02:24:30.530589,0x433b0b38,4.1033015,64.334885,1006.7363,278.56366,177,,,6.0,-78,,5,5
2026-01-25 02:25:12.074149,0x433af380,3.9722633,69.3718,1007.24225,261.83002,97,,,5.75,-34,,3,3
2026-01-25 02:25:30.616025,0x433b0b38,4.1213336,64.53796,1006.72906,279.24734,177,,,6.25,-78,,5,5
2026-01-25 02:26:12.789702,0x433af380,3.796771,69.7296,1007.23615,265.6169,94,,,7.25,-34,,3,3
2026-01-25 02:26:30.581231,0x433b0b38,4.141824,64.357445,1006.7277,277.43158,177,,,5.25,-78,,5,5
2026-01-25 02:26:46.339755,0x433aad0c,4.8125896,63.267456,1007.0282,306.1962,191,,,5.75,-69,,3,3
2026-01-25 02:27:13.137748,0x433af380,3.8196611,69.799934,1007.2624,264.1313,95,,,6.25,-34,,3,3
2026-01-25 02:27:20.450633,0x433ad35c,3.5230055,67.78332,1006.9045,236.53789,186,,,6.5,-56,,3,3
2026-01-25 02:27:30.641744,0x433b0b38,4.1135464,64.46261,1006.72363,278.56366,177,,,5.0,-78,,5,5
2026-01-25 02:28:12.819472,0x433af380,4.0104136,69.65267,1007.2451,266.25873,94,,,5.5,-34,,3,3
2026-01-25 02:28:30.606079,0x433b0b38,4.141899,64.4713,1006.75366,279.705,176,,,6.5,-78,,5,5
2026-01-25 02:29:13.092204,0x433af380,3.9061356,69.26198,1007.2716,269.29535,89,,,5.75,-35,,3,3
2026-01-25 02:29:30.658678,0x433b0b38,4.1288195,64.780106,1006.73755,278.1097,176,,,5.5,-77,,5,5
2026-01-25 02:29:45.806598,0x433aad0c,4.8429294,63.803528,1007.0565,311.99753,190,,,5.5,-69,,3,3
2026-01-25 02:30:13.339062,0x433af380,3.5600493,69.498146,1007.22394,270.8398,93,,,7.75,-34,,3,3
2026-01-25 02:30:17.340605,0x433ad35c,3.39766,68.47463,1006.9069,223.88237,191,,,6.0,-56,,3,3
2026-01-25 02:30:30.646600,0x433b0b38,4.1188006,64.93469,1006.7325,278.1097,176,,,5.75,-77,,5,5
2026-01-25 02:31:13.574215,0x433af380,3.2166965,70.33204,1007.2705,279.77954,89,,,5.5,-34,,3,3
2026-01-25 02:31:30.645730,0x433b0b38,4.059108,64.69442,1006.778,279.705,176,,,5.5,-78,,5,5
2026-01-25 02:32:13.855377,0x433af380,3.1914518,70.38109,1007.2667,290.09128,82,,,5.75,-34,,3,3
2026-01-25 02:32:30.678862,0x433b0b38,3.9673579,65.20747,1006.7634,279.705,176,,,5.5,-77,,5,5
2026-01-25 02:32:45.895580,0x433aad0c,4.8254943,63.757694,1007.0741,314.98148,189,,,5.75,-69,,3,3
2026-01-25 02:33:14.263683,0x433ad35c,3.6958408,68.224655,1006.9322,229.63672,188,,,5.25,-56,,3,3
2026-01-25 02:33:15.127496,0x433af380,2.70313,71.18521,1007.26105,301.4669,77,,,7.25,-34,,3,3
2026-01-25 02:33:30.760876,0x433b0b38,4.0434556,65.00028,1006.78357,278.7912,176,,,5.0,-78,,5,5
2026-01-25 02:34:14.378019,0x433af380,3.1176946,70.06654,1007.26984,311.70007,69,,,7.75,-34,,3,3
2026-01-25 02:34:30.714094,0x433b0b38,4.0904107,64.7377,1006.7576,280.16415,176,,,5.5,-77,,5,5
2026-01-25 02:35:14.654915,0x433af380,2.8811636,70.34772,1007.2286,315.86978,66,,,5.75,-35,,3,3
2026-01-25 02:35:32.867049,0x433b0b38,4.10753,64.8722,1006.73566,279.705,175,,,5.5,-70,,5,4
2026-01-25 02:35:45.870941,0x433aad0c,4.9468536,63.017868,1007.0564,313.78107,189,,,5.75,-71,,3,3
2026-01-25 02:36:13.716473,0x433ad35c,3.8102543,67.880844,1006.8888,237.55777,185,,,5.75,-56,,3,3
2026-01-25 02:36:16.318282,0x433af380,2.4842148,71.05232,1007.2154,317.9967,89,,,5.5,-33,,3,3
2026-01-25 02:36:30.786932,0x433b0b38,4.10591,64.86708,1006.7295,281.78314,175,,,6.25,-78,,5,5
2026-01-25 02:37:15.060166,0x433af380,2.6215546,71.2088,1007.2227,315.56824,90,,,7.25,-34,,3,3
2026-01-25 02:37:30.811520,0x433b0b38,4.028753,64.89314,1006.75,280.62485,175,,,5.5,-77,,5,5
2026-01-25 02:38:15.306205,0x433af380,2.7258313,71.173645,1007.2488,312.5843,91,,,6.0,-34,,3,3
2026-01-25 02:38:30.810964,0x433b0b38,3.9927258,64.906784,1006.747,279.47598,175,,,5.5,-78,,5,5
2026-01-25 02:38:46.382860,0x433aad0c,4.7713757,63.706238,1007.06116,314.38013,189,,,6.0,-69,,3,3
2026-01-25 02:39:13.760680,0x433ad35c,3.4101868,69.243645,1006.87714,225.56277,190,,,6.25,-56,,3,3
2026-01-25 02:39:16.826329,0x433af380,2.6523259,71.58139,1007.2342,303.96167,96,,,7.25,-34,,3,3
2026-01-25 02:39:30.829056,0x433b0b38,3.9130359,64.98063,1006.7501,281.55072,175,,,5.5,-78,,5,5
2026-01-25 02:40:16.195645,0x433af380,2.5530732,72.50172,1007.2108,269.29535,116,,0.49756193,5.75,-34,,3,3
2026-01-25 02:40:30.834899,0x433b0b38,3.820606,65.32052,1006.721,281.3187,176,,,5.5,-78,,5,5
2026-01-25 02:41:16.138508,0x433af380,2.3979301,72.695015,1007.23724,231.24306,158,,0.34851882,5.5,-34,,3,3
2026-01-25 02:41:30.836352,0x433b0b38,3.7976205,65.694855,1006.7338,279.47598,177,,,5.0,-77,,5,5
2026-01-25 02:41:46.058251,0x433aad0c,4.703034,63.833965,1007.00903,309.94223,190,,,5.75,-69,,3,3
2026-01-25 02:42:14.212159,0x433ad35c,3.6132374,69.190994,1006.8924,227.8953,188,,,5.25,-55,,3,3
2026-01-25 02:42:21.479841,0x433af380,2.3012838,72.96456,1007.2172,255.75299,139,,0.16592279,5.5,-34,,3,3
2026-01-25 02:42:30.849850,0x433b0b38,3.7822526,66.08899,1006.7448,278.3365,177,,,5.5,-78,,5,5
2026-01-25 02:43:17.166166,0x433af380,2.2834806,73.312225,1007.2312,253.78949,139,,,5.75,-34,,3,3
2026-01-25 02:43:30.867688,0x433b0b38,3.7176676,66.35442,1006.7207,279.01907,177,,,6.0,-78,,5,5
2026-01-25 02:44:17.157349,0x433af380,2.4996634,73.17562,1007.2458,269.29535,126,,,8.0,-34,,3,3
2026-01-25 02:44:30.878511,0x433b0b38,3.7331288,66.17506,1006.74756,277.20627,178,,,5.5,-78,,5,5
2026-01-25 02:44:46.439648,0x433aad0c,4.610361,64.32783,1007.0289,310.52667,190,,,5.5,-69,,3,3
2026-01-25 02:45:13.726679,0x433ad35c,3.698459,68.609184,1006.8951,235.02435,185,,,6.5,-55,,3,3
2026-01-25 02:45:18.337006,0x433af380,2.6285775,73.09064,1007.2322,273.98245,117,,,6.0,-33,,3,3
2026-01-25 02:45:30.948968,0x433b0b38,3.7125638,66.15142,1006.72473,276.3087,178,,,5.5,-78,,5,5
2026-01-25 02:46:17.575193,0x433af380,2.8150368,72.7795,1007.2511,269.7348,117,,,6.25,-34,,3,3
2026-01-25 02:46:30.911837,0x433b0b38,3.8976874,65.61191,1006.76825,275.19485,178,,,5.75,-78,,5,5
2026-01-25 02:47:17.823578,0x433af380,2.8531868,72.555115,1007.27594,246.04482,134,,,6.25,-34,,3,3
2026-01-25 02:47:32.821694,0x433b0b38,3.915607,65.851166,1006.77405,275.86206,177,,,5.75,-69,,5,4
2026-01-25 02:47:48.341947,0x433aad0c,4.741985,64.012566,1007.0593,306.48108,190,,,5.25,-69,,3,3
2026-01-25 02:48:14.224523,0x433ad35c,3.6106193,68.74159,1006.9113,226.33495,189,,,5.5,-56,,3,3
2026-01-25 02:48:18.079643,0x433af380,2.7185776,72.7462,1007.263,234.85739,151,,,5.5,-34,,3,3
2026-01-25 02:48:31.507243,0x433b0b38,3.8822262,65.471634,1006.7657,276.3087,177,,,6.0,-78,,5,5
2026-01-25 02:49:18.341754,0x433af380,2.6929567,72.64666,1007.2775,243.14922,143,,,6.0,-34,,3,3
2026-01-25 02:49:30.975697,0x433b0b38,3.882264,65.54368,1006.79156,276.75674,177,,,5.5,-77,,5,5
2026-01-25 02:50:18.604334,0x433af380,3.0261343,72.32369,1007.27527,250.14076,137,,,6.0,-34,,3,3
2026-01-25 02:50:33.905695,0x433b0b38,3.9928012,65.30684,1006.77295,277.6573,176,,,5.25,-76,,5,4
2026-01-25 02:50:46.025372,0x433aad0c,4.8682127,63.565456,1007.0574,310.23416,189,,,5.5,-69,,3,3
2026-01-25 02:51:14.373795,0x433ad35c,3.6683187,68.21204,1006.93225,219.27866,192,,,5.75,-55,,3,3
2026-01-25 02:51:19.554871,0x433af380,3.1574392,71.665405,1007.2839,256.5469,126,,,7.75,-34,,3,3
2026-01-25 02:51:31.714422,0x433b0b38,4.113754,64.792206,1006.76965,280.16415,176,,,5.5,-77,,5,5
2026-01-25 02:52:19.134221,0x433af380,3.150758,71.4227,1007.2662,249.01024,134,,,5.75,-34,,3,3
2026-01-25 02:52:31.085355,0x433b0b38,4.0032344,65.4661,1006.7909,277.8833,176,,,5.75,-77,,5,5
2026-01-25 02:53:19.404923,0x433af380,3.0413942,71.28277,1007.28217,253.40042,134,,,5.5,-33,,3,3
2026-01-25 02:53:31.428292,0x433b0b38,4.064855,65.17152,1006.7677,277.43158,176,,,5.5,-77,,5,5
2026-01-25 02:53:46.784588,0x433aad0c,4.9443254,63.388187,1007.0735,315.58508,188,,,5.75,-70,,3,3
2026-01-25 02:54:13.818427,0x433ad35c,3.851101,68.23904,1006.92395,224.33818,190,,,5.75,-56,,3,3
2026-01-25 02:54:19.660911,0x433af380,2.5658274,72.397575,1007.257,272.40204,123,,,7.5,-34,,3,3
2026-01-25 02:54:33.003622,0x433b0b38,3.988226,65.100136,1006.79706,276.53253,177,,,5.75,-76,,5,5
2026-01-25 02:55:20.206530,0x433af380,2.63446,72.30182,1007.2758,263.9204,126,,,7.5,-35,,3,3
2026-01-25 02:55:31.286629,0x433b0b38,4.1106353,64.78077,1006.7822,281.55072,176,,,5.25,-76,,5,5
2026-01-25 02:56:20.372894,0x433af380,2.76417,72.02691,1007.2687,271.73032,122,,,6.0,-34,,3,3
2026-01-25 02:56:31.290242,0x433b0b38,3.8713746,65.289215,1006.7849,280.16415,176,,,6.75,-78,,5,5
2026-01-25 02:56:46.149072,0x433aad0c,4.7670794,63.53591,1007.0801,313.4824,188,,,5.5,-70,,3,3
2026-01-25 02:57:13.877018,0x433ad35c,3.866171,68.38587,1006.937,239.97205,184,,,5.5,-56,,3,3
2026-01-25 02:57:20.419549,0x433af380,2.71076,72.11749,1007.27026,277.89795,115,,,6.25,-34,,3,3
2026-01-25 02:57:31.317674,0x433b0b38,3.7039778,65.738205,1006.80005,278.3365,177,,,6.0,-78,,5,5
2026-01-25 02:58:20.682256,0x433af380,2.5020182,72.28004,1007.2517,281.68677,114,,,6.0,-34,,3,3
2026-01-25 02:58:31.346141,0x433b0b38,3.888062,65.5799,1006.7868,281.55072,176,,,6.0,-77,,5,5
2026-01-25 02:59:21.324686,0x433af380,2.288567,72.65305,1007.2681,280.72992,117,,,6.0,-34,,3,3
2026-01-25 02:59:31.710222,0x433b0b38,3.800116,65.59192,1006.7626,283.18585,176,,,6.0,-78,,5,5
2026-01-25 02:59:46.143882,0x433aad0c,4.5395303,64.48074,1007.0533,313.78107,189,,,5.25,-70,,3,3
2026-01-25 03:00:14.418497,0x433ad35c,3.8811657,67.95174,1006.96155,249.19794,180,,,5.5,-56,,3,3
2026-01-25 03:00:21.382041,0x433af380,2.1530516,73.582115,1007.2632,287.3178,111,,,6.0,-34,,3,3
2026-01-25 03:00:31.370934,0x433b0b38,3.8282425,65.316025,1006.83777,282.95108,175,,,5.75,-77,,5,5
2026-01-25 03:01:21.512419,0x433af380,2.55053,73.19356,1007.30536,284.84213,110,,,5.5,-35,,3,3
2026-01-25 03:01:31.382795,0x433b0b38,4.022766,64.99246,1006.8204,284.36548,175,,,6.0,-78,,5,5
2026-01-25 03:02:22.115286,0x433af380,2.47423,74.26517,1007.3223,284.1077,108,,,5.75,-34,,3,3
2026-01-24 23:02:24.910677,0x433b0b38,5.3397603,65.395645,1005.7474,260.89172,176,,,5.75,-78,,5,5
2026-01-24 23:02:43.858285,0x433aad0c,6.200651,63.88357,1006.1131,290.78635,191,,,5.75,-69,,3,3
2026-01-24 23:03:11.778113,0x433ad35c,5.108827,67.5141,1005.96545,230.27657,186,,,6.0,-56,,3,3
2026-01-24 23:03:18.885709,0x433af380,3.8923166,73.25984,1006.29156,239.1042,140,,,7.0,-33,,3,3
2026-01-24 23:03:23.982273,0x433b0b38,5.4683633,65.03011,1005.73773,261.89258,175,,,5.75,-78,,5,5
2026-01-24 23:04:19.434976,0x433af380,4.170684,73.08273,1006.3301,239.45059,136,,,5.5,-34,,3,3
2026-01-24 23:04:28.085258,0x433b0b38,5.427006,64.68114,1005.76337,262.09366,175,,,5.25,-76,,5,4
2026-01-24 23:05:24.363047,0x433af380,4.402094,72.56392,1006.30945,239.62416,135,,,6.0,-34,,3,3
2026-01-24 23:05:26.133265,0x433b0b38,5.324178,64.73957,1005.78,260.69247,176,,,5.75,-70,,5,4
2026-01-24 23:05:44.030686,0x433aad0c,5.8871346,64.362045,1006.1203,289.00018,192,,,6.0,-70,,3,3
2026-01-24 23:06:12.539631,0x433ad35c,5.0787992,69.037155,1005.9496,232.7081,185,,,5.5,-56,,3,3
2026-01-24 23:06:19.596572,0x433af380,3.8802106,73.529625,1006.2888,249.19794,130,,,6.0,-34,,3,3
2026-01-24 23:06:27.350800,0x433b0b38,5.3374085,64.83742,1005.762,261.29114,176,,,5.75,-78,,5,5
2026-01-24 23:07:20.121661,0x433af380,3.031221,75.27515,1006.2204,256.14932,131,,,7.0,-33,,3,3
2026-01-24 23:07:24.986847,0x433b0b38,5.0967326,65.52357,1005.7619,263.51004,176,,,5.75,-78,,5,5
2026-01-24 23:08:20.124074,0x433af380,2.5149233,76.95031,1006.2321,266.25873,129,,0.6969913,5.5,-33,,3,3
2026-01-24 23:08:25.964112,0x433b0b38,5.0378284,65.88584,1005.7414,262.4968,176,,,5.5,-78,,5,5
2026-01-24 23:08:43.368566,0x433aad0c,5.71015,64.50167,1006.05835,294.16275,191,,,5.25,-69,,3,3
2026-01-24 23:09:11.838955,0x433ad35c,4.77063,69.3977,1005.9223,236.03122,184,,,5.75,-56,,3,3
2026-01-24 23:09:20.381474,0x433af380,2.7438233,75.70124,1006.274,258.55347,134,,0.016595857,5.5,-34,,3,3
2026-01-24 23:09:26.239420,0x433b0b38,4.8950644,66.341934,1005.7897,260.29486,177,,,5.5,-78,,5,5
2026-01-24 23:10:20.990589,0x433af380,3.288099,75.29895,1006.2832,254.37535,134,,,5.75,-34,,3,3
2026-01-24 23:10:26.090713,0x433b0b38,5.0338807,66.073204,1005.80176,259.8985,177,,,5.5,-77,,5,5
2026-01-24 23:11:23.198108,0x433af380,3.653775,74.35766,1006.3528,247.88983,135,,,7.5,-34,,3,3
2026-01-24 23:11:26.569157,0x433b0b38,5.088934,65.29752,1005.8216,263.10382,176,,,5.5,-78,,5,5
2026-01-24 23:11:43.399019,0x433aad0c,5.5407505,65.08156,1006.1804,292.335,192,,,5.0,-69,,3,3
2026-01-24 23:12:12.334434,0x433ad35c,4.500043,70.128075,1006.01685,235.5267,185,,,5.5,-55,,3,3
2026-01-24 23:12:21.273079,0x433af380,3.8172302,73.92479,1006.36615,246.77953,135,,,5.5,-34,,3,3
2026-01-24 23:12:26.893059,0x433b0b38,4.7710276,66.601944,1005.8367,260.89172,178,,,5.5,-78,,5,5
2026-01-24 23:13:21.518600,0x433af380,4.1755447,73.35387,1006.3787,246.77953,132,,,5.75,-34,,3,3
2026-01-24 23:13:27.600370,0x433b0b38,4.805091,67.17796,1005.8673,240.99788,186,,,5.5,-79,,5,5
2026-01-24 23:14:21.784266,0x433af380,4.427528,72.489525,1006.37164,252.24028,125,,,5.5,-34,,3,3
2026-01-24 23:14:27.540398,0x433b0b38,4.918087,66.79468,1005.8703,223.77621,197,,,5.75,-78,,5,5
2026-01-24 23:14:43.441623,0x433aad0c,5.333426,65.825836,1006.15466,266.33075,199,,,5.75,-70,,3,3
2026-01-24 23:15:12.408711,0x433ad35c,4.7931786,70.58818,1006.02496,239.798,182,,,5.25,-56,,3,3
2026-01-24 23:15:22.142899,0x433af380,4.0053267,73.32861,1006.3546,258.75583,120,,,8.0,-34,,3,3
2026-01-24 23:15:31.312232,0x433b0b38,4.9795184,66.604195,1005.83875,230.89064,194,,,5.75,-75,,5,4
2026-01-24 23:16:22.458316,0x433af380,3.2550354,74.57345,1006.3171,258.14963,126,,,5.75,-34,,3,3
2026-01-24 23:16:30.421818,0x433b0b38,4.943033,66.09234,1005.865,233.57664,192,,,6.0,-77,,5,5
2026-01-24 23:17:22.550729,0x433af380,2.6113436,75.93333,1006.32574,262.66223,130,,,7.75,-34,,3,3
2026-01-24 23:17:28.985885,0x433b0b38,4.714549,66.56046,1005.83203,233.2574,193,,,5.75,-78,,5,5
2026-01-24 23:17:44.704686,0x433aad0c,5.4371257,65.046936,1006.16754,254.39874,200,,,5.5,-69,,3,3
2026-01-24 23:18:12.436389,0x433ad35c,4.5877333,69.801834,1006.0233,237.0467,184,,,6.0,-56,,3,3
2026-01-24 23:18:22.923650,0x433af380,2.702143,76.67703,1006.3522,268.4207,128,,,5.75,-34,,3,3
2026-01-24 23:18:26.241502,0x433b0b38,4.6431394,67.12563,1005.85516,236.48961,192,,,5.75,-78,,5,5
2026-01-24 23:19:23.094938,0x433af380,3.1429398,76.26741,1006.3709,262.87106,127,,,7.25,-33,,3,3
2026-01-24 23:19:26.754529,0x433b0b38,4.766531,67.01613,1005.8812,237.14684,190,,,5.75,-78,,5,5
2026-01-24 23:20:23.699346,0x433af380,3.7094622,75.33667,1006.42035,247.70409,133,,,6.0,-34,,3,3
2026-01-24 23:20:27.659301,0x433b0b38,4.8102703,66.33431,1005.8991,238.97316,189,,,5.5,-78,,5,5
2026-01-24 23:20:43.523453,0x433aad0c,5.3814645,65.73686,1006.2378,261.05313,198,,,5.75,-70,,3,3
2026-01-24 23:21:12.420945,0x433ad35c,4.4023314,70.57311,1006.07635,218.55377,191,,,5.25,-56,,3,3
2026-01-24 23:21:23.601076,0x433af380,4.1299524,73.89841,1006.41693,247.88983,129,,,5.5,-34,,3,3
2026-01-24 23:21:29.433395,0x433b0b38,4.789667,66.51349,1005.9118,244.10013,187,,,5.5,-78,,5,5
2026-01-24 23:22:24.291490,0x433af380,4.3817844,72.94498,1006.43835,244.22705,129,,,5.5,-33,,3,3
2026-01-24 23:22:28.586937,0x433b0b38,4.8516264,66.3573,1005.9141,245.50467,186,,,5.5,-78,,5,5
2026-01-24 23:23:24.208300,0x433af380,4.5599713,72.28815,1006.40106,246.22807,127,,,5.75,-34,,3,3
2026-01-24 23:23:35.392669,0x433b0b38,4.979556,66.17804,1005.9198,249.45189,183,,,5.25,-76,,5,4
2026-01-24 23:23:43.549594,0x433aad0c,5.500635,65.6361,1006.2316,266.33075,196,,,5.5,-70,,3,3
2026-01-24 23:24:12.415852,0x433ad35c,4.5250974,71.37863,1006.0574,227.5815,187,,,5.5,-56,,3,3
2026-01-24 23:24:24.412789,0x433af380,4.6488023,71.80613,1006.40594,238.2426,133,,,6.25,-34,,3,3
2026-01-24 23:24:28.551807,0x433b0b38,5.05955,65.99546,1005.88855,250.91888,182,,,6.0,-78,,5,5
2026-01-24 23:25:24.638566,0x433af380,4.5536714,71.760345,1006.4028,246.04482,128,,0.38157174,7.25,-33,,3,3
2026-01-24 23:25:30.348618,0x433b0b38,5.06987,65.95599,1005.90497,254.28358,179,,,5.5,-78,,5,5
2026-01-24 23:26:24.908016,0x433af380,4.646259,71.114426,1006.442,250.5199,125,,0.630517,5.75,-33,,3,3
2026-01-24 23:26:32.007582,0x433b0b38,5.0775824,66.0972,1005.9233,258.12958,178,,,5.75,-78,,5,5
2026-01-24 23:26:43.682192,0x433aad0c,5.641884,64.991104,1006.27795,277.31946,193,,,6.0,-69,,3,3
2026-01-24 23:27:12.466738,0x433ad35c,4.2895865,70.27294,1006.11456,223.27751,188,,,6.0,-55,,3,3
2026-01-24 23:27:25.166568,0x433af380,4.486026,71.04521,1006.45844,229.95618,145,,0.69701445,5.5,-34,,3,3
2026-01-24 23:27:30.979776,0x433b0b38,5.039022,66.27539,1005.9467,259.8985,177,,,4.75,-78,,5,5
2026-01-24 23:28:25.422830,0x433af380,4.3679276,71.38665,1006.48285,217.97733,157,,0.46469173,5.5,-34,,3,3
2026-01-24 23:28:33.680522,0x433b0b38,4.987609,66.155975,1005.9689,262.4968,176,,,5.25,-75,,5,4
2026-01-24 23:29:25.683882,0x433af380,3.7991257,72.47498,1006.46075,239.62416,142,,0.531041,5.5,-33,,3,3
2026-01-24 23:29:30.656793,0x433b0b38,4.9358544,66.43662,1005.9731,265.14758,175,,,5.25,-78,,5,5
2026-01-24 23:29:43.582504,0x433aad0c,5.72532,65.29119,1006.2975,295.48233,189,,,5.5,-69,,3,3
2026-01-24 23:30:12.454344,0x433ad35c,4.592706,70.36427,1006.12695,210.61673,193,,,5.75,-56,,3,3
2026-01-24 23:30:26.146829,0x433af380,3.077001,74.16203,1006.4136,249.38593,139,,0.5643154,6.0,-33,,3,3
2026-01-24 23:30:35.335930,0x433b0b38,4.9901795,66.41841,1005.9668,265.97403,174,,,5.75,-75,,5,4
2026-01-24 23:31:26.197307,0x433af380,3.3898332,73.670975,1006.43695,245.6791,142,,,5.75,-33,,3,3
2026-01-24 23:31:30.283951,0x433b0b38,5.118713,66.01573,1005.953,268.48453,172,,,5.5,-78,,5,5
2026-01-24 23:32:26.935660,0x433af380,3.5602753,73.22419,1006.4329,256.14932,133,,,5.5,-34,,3,3
2026-01-24 23:32:33.850461,0x433b0b38,4.9387655,65.78509,1005.94836,271.6901,171,,,5.5,-78,,5,5
2026-01-24 23:32:43.649863,0x433aad0c,5.6646395,64.44314,1006.3025,301.70816,188,,,5.75,-69,,3,3
2026-01-24 23:33:12.466679,0x433ad35c,4.795684,69.150764,1006.1176,224.18604,188,,,7.0,-56,,3,3
2026-01-24 23:33:26.696998,0x433af380,3.8145745,72.493355,1006.47766,266.47336,123,,,5.75,-34,,3,3
2026-01-24 23:33:30.806077,0x433b0b38,4.94644,65.94528,1005.97473,273.43124,171,,,5.75,-77,,5,5
2026-01-24 23:34:26.947733,0x433af380,4.0434775,71.65498,1006.45483,274.2097,118,,,7.0,-33,,3,3
2026-01-24 23:34:32.733909,0x433b0b38,4.982505,65.83393,1005.9663,272.99387,171,,,5.5,-79,,5,5
2026-01-24 23:35:27.210476,0x433af380,4.0409346,71.523895,1006.46735,271.0619,119,,,7.5,-34,,3,3
2026-01-24 23:35:32.914209,0x433b0b38,4.9952826,65.731606,1005.97253,273.43124,171,,,5.75,-78,,5,5
2026-01-24 23:35:44.204813,0x433aad0c,5.748075,64.60067,1006.3036,300.3325,188,,,5.75,-70,,3,3
2026-01-24 23:36:12.559808,0x433ad35c,4.778108,68.67421,1006.15375,234.85739,185,,,5.5,-55,,3,3
2026-01-24 23:36:27.233821,0x433b0b38,5.0493045,65.30534,1005.9842,271.47403,172,,,5.75,-77,,5,5
2026-01-24 23:36:29.412369,0x433af380,3.4457872,72.88051,1006.4442,262.03757,127,,,7.25,-34,,3,3
2026-01-24 23:37:27.252771,0x433b0b38,4.9901795,65.14498,1005.9376,271.25827,172,,,5.5,-77,,5,5
2026-01-24 23:37:29.289315,0x433af380,3.237232,73.23426,1006.4031,259.3649,133,,,6.0,-34,,3,3
2026-01-24 23:38:27.821989,0x433b0b38,4.8333683,65.67215,1005.9298,270.1847,174,,,5.25,-78,,5,5
2026-01-24 23:38:28.676200,0x433af380,3.1838217,73.41757,1006.43,254.57126,138,,,7.25,-34,,3,3
2026-01-24 23:38:43.665386,0x433aad0c,5.3330073,65.49598,1006.26086,295.74768,189,,,5.75,-69,,3,3
2026-01-24 23:39:12.012265,0x433ad35c,4.4273853,68.635475,1006.1201,239.798,185,,,5.25,-56,,3,3
2026-01-24 23:39:27.312779,0x433b0b38,4.866787,65.61912,1005.9249,268.0628,174,,,5.25,-78,,5,5
2026-01-24 23:39:38.167256,0x433af380,3.3972747,73.497154,1006.4428,252.819,140,,,6.0,-34,,3,3
2026-01-24 23:40:27.322912,0x433b0b38,4.9336247,65.49864,1005.9555,267.2234,175,,,5.75,-78,,5,5
2026-01-24 23:40:31.432288,0x433af380,3.6492558,72.52659,1006.4699,254.37535,136,,0.31523758,5.5,-34,,3,3
2026-01-24 23:41:27.280571,0x433b0b38,4.9413743,65.667114,1005.9998,264.7363,175,,,5.5,-77,,5,5
2026-01-24 23:41:33.953261,0x433af380,3.9620895,72.00369,1006.5059,254.76746,133,,0.06610041,5.75,-34,,3,3
2026-01-24 23:41:43.686832,0x433aad0c,5.390664,65.45439,1006.3419,292.5947,190,,,5.75,-70,,3,3
2026-01-24 23:42:12.568738,0x433ad35c,4.362244,70.45506,1006.14124,220.30156,191,,,6.0,-56,,3,3
2026-01-24 23:42:27.328078,0x433b0b38,4.964473,65.82498,1005.9899,265.56015,175,,,5.25,-77,,5,5
2026-01-24 23:42:39.763940,0x433af380,3.9417803,72.49231,1006.4958,248.82277,137,,0.6801254,7.0,-34,,3,3
2026-01-24 23:43:27.349196,0x433b0b38,4.751145,66.23555,1005.97406,268.48453,175,,,5.5,-78,,5,5
2026-01-24 23:43:31.823813,0x433af380,3.5704114,73.25022,1006.4432,253.5948,133,,1.0121962,6.0,-33,,3,3
2026-01-24 23:44:27.874090,0x433b0b38,4.661096,66.76764,1005.95636,265.35373,176,,,5.25,-77,,5,5
2026-01-24 23:44:33.465525,0x433af380,3.0261343,74.34586,1006.43976,239.62416,148,,0.6967716,8.0,-34,,3,3
2026-01-24 23:44:43.730287,0x433aad0c,5.269839,65.94878,1006.2923,295.48233,190,,,5.5,-69,,3,3
2026-01-24 23:45:12.537778,0x433ad35c,4.550189,69.83505,1006.12946,222.6759,189,,,6.0,-56,,3,3
2026-01-24 23:45:27.420549,0x433b0b38,4.7742434,66.956696,1005.96906,266.3892,175,,,5.75,-78,,5,5
2026-01-24 23:45:34.753271,0x433af380,3.0226803,74.70602,1006.4506,251.66422,142,,0.14927106,6.25,-34,,3,3
2026-01-24 23:46:27.439288,0x433b0b38,4.9002056,66.6355,1005.959,270.3987,172,,,5.5,-78,,5,5
2026-01-24 23:46:30.409019,0x433af380,3.407259,74.62626,1006.47473,253.01253,135,,,5.75,-34,,3,3
2026-01-24 23:47:27.462960,0x433b0b38,4.9438696,66.59359,1006.0059,273.21237,169,,,5.5,-78,,5,5
2026-01-24 23:47:32.281584,0x433af380,3.8238375,73.42555,1006.528,258.95853,126,,,7.25,-34,,3,3
2026-01-24 23:47:46.419800,0x433aad0c,5.456328,64.58863,1006.3221,298.15738,189,,,5.75,-70,,3,3
2026-01-24 23:48:12.284717,0x433ad35c,4.5476837,69.18514,1006.1566,228.20993,188,,,5.75,-56,,3,3
2026-01-24 23:48:27.475874,0x433b0b38,5.062158,65.68412,1006.0162,274.08994,169,,,5.75,-78,,5,5
2026-01-24 23:48:31.000069,0x433af380,3.8999465,72.54828,1006.51715,270.8398,116,,,5.5,-34,,3,3
2026-01-24 23:49:27.499964,0x433b0b38,5.051913,65.29341,1006.02576,274.7518,170,,,5.5,-78,,5,5
2026-01-24 23:49:36.174712,0x433af380,3.0668278,73.92962,1006.4569,274.66537,118,,0.7290562,7.5,-33,,3,3
2026-01-24 23:50:27.497072,0x433b0b38,4.967081,65.30284,1005.9976,274.08994,170,,,5.25,-78,,5,5
2026-01-24 23:50:33.321460,0x433af380,2.7798796,74.65163,1006.47894,271.73032,125,,0.21576406,7.5,-33,,3,3
2026-01-24 23:50:43.790832,0x433aad0c,5.3250422,64.868004,1006.29645,295.48233,190,,,5.5,-69,,3,3
2026-01-24 23:51:12.694312,0x433ad35c,4.329674,69.245995,1006.12787,229.95618,188,,,6.0,-55,,3,3
2026-01-24 23:51:27.547558,0x433b0b38,4.7999496,65.6444,1005.9686,278.7912,169,,,5.25,-78,,5,5
2026-01-24 23:51:31.827946,0x433af380,2.8791814,74.4147,1006.4778,267.7684,129,,0.54771787,5.25,-33,,3,3
2026-01-24 23:52:28.110769,0x433b0b38,4.805091,65.92707,1005.9565,281.08704,169,,,5.25,-78,,5,5
2026-01-24 23:52:37.110208,0x433af380,2.9035623,75.0836,1006.46136,273.98245,125,,0.31536317,6.0,-34,,3,3
2026-01-24 23:53:27.556740,0x433b0b38,4.6996937,66.18253,1005.9766,279.705,169,,,6.5,-78,,5,5
2026-01-24 23:53:32.365796,0x433af380,2.7938943,75.59473,1006.46735,274.66537,123,,,5.75,-34,,3,3
2026-01-24 23:53:43.789915,0x433aad0c,5.260142,65.84551,1006.30707,301.9848,188,,,5.75,-69,,3,3
2026-01-24 23:54:12.138189,0x433ad35c,4.5225916,68.249435,1006.148,238.2426,185,,,5.75,-56,,3,3
2026-01-24 23:54:27.578828,0x433b0b38,4.7176886,66.10991,1005.99176,279.24734,169,,,6.25,-78,,5,5
2026-01-24 23:54:32.615944,0x433af380,2.9131632,75.29066,1006.5067,271.2843,124,,,7.5,-34,,3,3
2026-01-24 23:55:27.646969,0x433b0b38,4.859075,65.6425,1006.0313,278.1097,169,,,5.25,-78,,5,5
2026-01-24 23:55:32.890005,0x433af380,2.9794436,75.11029,1006.5378,269.29535,126,,,5.75,-34,,3,3
2026-01-24 23:56:28.160448,0x433b0b38,4.9130216,65.39185,1006.02655,277.20627,169,,,5.25,-78,,5,5
2026-01-24 23:56:33.882921,0x433af380,3.2317677,74.7814,1006.50684,267.7684,125,,,5.75,-33,,3,3
2026-01-24 23:56:45.162940,0x433aad0c,5.4567456,64.80498,1006.33295,307.3391,187,,,5.5,-69,,3,3
2026-01-24 23:57:12.703296,0x433ad35c,4.467472,68.49654,1006.19,244.95091,183,,,5.5,-55,,3,3
2026-01-24 23:57:27.644280,0x433b0b38,4.8436513,65.7156,1006.01575,278.3365,170,,,5.5,-78,,5,5
2026-01-24 23:57:34.561117,0x433af380,3.3743846,74.809555,1006.50195,262.24542,126,,,5.75,-34,,3,3
2026-01-24 23:58:27.638995,0x433b0b38,4.7459655,66.092,1006.01685,276.98135,170,,,5.25,-78,,5,5
2026-01-24 23:58:34.037323,0x433af380,3.300665,74.52639,1006.47504,258.55347,129,,1.0951449,5.75,-34,,3,3
2026-01-24 23:59:27.670073,0x433b0b38,4.701696,66.279495,1005.944,275.19485,171,,,5.5,-78,,5,5
2026-01-24 23:59:33.903415,0x433af380,3.189021,74.64019,1006.47363,257.94818,130,,0.9294143,5.5,-34,,3,3
2026-01-24 23:59:44.131914,0x433aad0c,5.5510144,64.55567,1006.3177,301.9848,188,,,5.75,-70,,3,3
2026-01-25 00:00:12.670099,0x433ad35c,4.4123526,69.33768,1006.13055,230.92,187,,,6.0,-56,,3,3
2026-01-25 00:00:27.726692,0x433b0b38,4.6456723,66.5034,1005.9681,274.3102,172,,,5.75,-78,,5,5
2026-01-25 00:00:34.167462,0x433af380,3.2144544,74.60013,1006.4707,246.77953,140,,0.5310498,5.5,-34,,3,3
2026-01-25 00:01:27.700705,0x433b0b38,4.5892305,66.68813,1005.9795,275.19485,171,,,5.5,-78,,5,5
2026-01-25 00:01:34.423372,0x433af380,3.3507338,74.44402,1006.48413,228.84184,154,,,5.75,-34,,3,3
2026-01-23 14:01:12.956133,0x433b0b38,17.632755,53.126877,999.7292,355.43216,80,,,6.75,-58,,5,4
2026-01-23 14:01:34.264633,0x433af380,16.654377,55.45411,1000.28357,138.14708,114,,0.13274704,6.25,-34,,3,3
2026-01-23 14:02:11.744072,0x433b0b38,17.596912,52.63904,999.7189,364.15363,78,,,5.5,-75,,5,5
2026-01-23 14:02:22.937324,0x433aad0c,16.89124,55.021404,1000.1394,572.56683,57,,,5.75,-71,,3,3
2026-01-23 14:02:34.499176,0x433af380,16.862963,55.27929,1000.2788,140.33806,108,,0.38167304,6.25,-34,,3,3
2026-01-23 14:02:52.405589,0x433ad35c,17.751598,55.52935,1000.0092,288.3202,63,,,6.25,-59,,3,3
2026-01-23 14:03:11.220508,0x433b0b38,17.458422,53.222782,999.74524,364.54254,78,,,5.75,-75,,5,5
2026-01-23 14:03:35.970652,0x433af380,17.445478,53.313618,1000.29395,138.14708,113,,0.33196124,7.0,-34,,3,3
2026-01-23 14:04:11.374142,0x433b0b38,17.662024,52.3126,999.7051,362.22144,77,,,6.0,-75,,5,5
2026-01-23 14:04:35.323176,0x433af380,16.705063,55.43122,1000.2687,143.57387,108,252,1.3278008,5.75,-34,,3,3
2026-01-23 14:05:11.214474,0x433b0b38,17.718584,52.379246,999.7079,361.07193,75,,,5.5,-75,,5,5
2026-01-23 14:05:23.029856,0x433aad0c,17.563828,53.071045,1000.14514,577.507,55,,,6.25,-71,,3,3
2026-01-23 14:05:35.274198,0x433af380,16.308243,56.833874,1000.2563,143.32907,103,,0.86288434,5.75,-34,,3,3
2026-01-23 14:05:53.063199,0x433ad35c,17.25632,56.24051,999.95654,285.58035,64,,,6.25,-58,,3,3
2026-01-23 14:06:11.224147,0x433b0b38,17.587385,53.31114,999.6996,364.15363,77,,,5.75,-75,,5,5
2026-01-23 14:06:36.035519,0x433af380,16.560072,55.59813,1000.2213,143.94264,106,,0.049795836,8.25,-35,,3,3
2026-01-23 14:07:11.283054,0x433b0b38,17.683226,53.526806,999.70715,363.3783,77,,,5.5,-75,,5,5
2026-01-23 14:07:36.077801,0x433af380,16.934187,55.459137,1000.27826,133.22108,120,,,5.75,-34,,3,3
2026-01-23 14:08:11.360479,0x433b0b38,17.732948,52.92536,999.68787,362.60623,77,,,5.75,-75,,5,5
2026-01-23 14:08:23.548941,0x433aad0c,17.12131,54.2097,1000.1278,578.0057,55,,,7.0,-71,,3,3
2026-01-23 14:08:36.311546,0x433af380,16.974886,54.260666,1000.27936,141.75801,108,,1.012465,5.75,-34,,3,3
2026-01-23 14:08:52.477054,0x433ad35c,17.555994,54.88632,999.9787,286.8192,63,,,6.5,-59,,3,3
2026-01-23 14:09:11.288957,0x433b0b38,17.59254,53.404243,999.68085,353.59116,79,,,5.5,-75,,5,5
2026-01-23 14:09:38.488730,0x433af380,16.702707,55.47769,1000.2459,137.80737,113,198,1.7420447,5.75,-34,,3,3
2026-01-23 14:10:11.331478,0x433b0b38,17.412558,53.26449,999.71204,354.69348,80,,,5.5,-78,,5,5
2026-01-23 14:10:36.580387,0x433af380,16.514473,55.229275,1000.2168,140.33806,111,192,1.8584894,6.0,-34,,3,3
2026-01-23 14:11:12.429171,0x433b0b38,17.291796,54.304855,999.7295,353.59116,80,,,6.0,-75,,5,5
2026-01-23 14:11:23.072350,0x433aad0c,16.157892,56.29725,1000.0847,579.0057,56,,,6.5,-71,,3,3
2026-01-23 14:11:36.738202,0x433af380,16.537178,55.214775,1000.2387,143.8195,104,,0.38174275,6.25,-34,,3,3
2026-01-23 14:11:52.897665,0x433ad35c,17.373604,55.272686,999.9541,290.34607,63,,,7.0,-58,,3,3
2026-01-23 14:12:11.878499,0x433b0b38,17.492373,53.95087,999.67694,352.4957,80,,,5.5,-75,,5,5
2026-01-23 14:12:37.302508,0x433af380,16.801725,55.027187,1000.22754,142.84198,106,,0.3319447,6.25,-34,,3,3
2026-01-23 14:13:12.636456,0x433b0b38,17.476948,53.512676,999.6586,361.83746,78,,,5.5,-75,,5,5
2026-01-23 14:13:37.235917,0x433af380,16.804268,54.49349,1000.1992,143.0851,107,,1.0789635,7.75,-34,,3,3
2026-01-23 14:14:13.777044,0x433b0b38,17.535852,53.34927,999.65936,358.04196,78,,,5.5,-76,,5,5
2026-01-23 14:14:23.587855,0x433aad0c,16.577648,55.459698,1000.08374,580.0092,55,,,6.75,-70,,3,3
2026-01-23 14:14:38.113178,0x433af380,16.608402,54.82418,1000.19904,143.20699,106,,1.178521,6.0,-34,,3,3
2026-01-23 14:14:52.524886,0x433ad35c,17.88019,53.575474,999.9031,288.3202,61,,,5.5,-58,,3,3
2026-01-23 14:15:12.440965,0x433b0b38,17.804897,51.972996,999.6923,363.3783,77,,,5.5,-76,,5,5
2026-01-23 14:15:42.107628,0x433af380,16.310257,55.676888,1000.1836,145.56277,102,204,1.4436479,6.75,-34,,3,3
2026-01-23 14:16:13.614196,0x433b0b38,17.81099,52.4772,999.67957,361.45428,77,,,5.5,-75,,5,5
2026-01-23 14:16:38.384208,0x433af380,16.25247,56.244934,1000.196,146.83406,101,,0.79617834,6.0,-34,,3,3
2026-01-23 14:17:12.464710,0x433b0b38,17.903622,51.69722,999.69293,359.1722,78,,,5.25,-76,,5,5
2026-01-23 14:17:23.265780,0x433aad0c,16.820398,55.62948,1000.0796,573.5481,55,,,5.5,-71,,3,3
2026-01-23 14:17:38.570763,0x433af380,16.406727,56.377155,1000.2398,142.96342,105,,0.66364706,5.5,-33,,3,3
2026-01-23 14:17:53.928016,0x433ad35c,18.13491,53.53096,999.94617,287.8181,61,,,5.75,-58,,3,3
2026-01-23 14:18:12.451285,0x433b0b38,18.08609,51.75545,999.6799,366.10654,75,,,5.25,-76,,5,5
2026-01-23 14:18:39.128656,0x433af380,16.751038,55.304928,1000.22015,140.33806,109,,0.29868576,5.75,-34,,3,3
2026-01-23 14:19:13.622545,0x433b0b38,18.122086,52.53204,999.65894,363.3783,76,,,5.75,-75,,5,5
2026-01-23 14:19:39.186749,0x433af380,16.522104,55.65452,1000.19,147.21979,100,,0.6304543,7.25,-33,,3,3
2026-01-23 14:20:13.007913,0x433b0b38,18.119514,52.138527,999.6496,361.45428,76,,,5.5,-75,,5,5
2026-01-23 14:20:23.123499,0x433aad0c,16.64845,55.47266,1000.04755,571.1012,56,,,6.0,-71,,3,3
2026-01-23 14:20:39.719096,0x433af380,16.791739,54.950516,1000.20074,142.59966,104,,0.21569961,7.75,-34,,3,3
2026-01-23 14:20:54.141023,0x433ad35c,18.21525,53.157417,999.9031,289.07657,61,,,7.25,-58,,3,3
2026-01-23 14:21:12.497638,0x433b0b38,18.078377,51.553734,999.6388,362.22144,75,,,5.5,-76,,5,5
2026-01-23 14:21:39.519875,0x433af380,17.2793,53.467964,1000.2207,135.80373,119,,,5.5,-34,,3,3
2026-01-23 14:22:13.209764,0x433b0b38,17.787851,52.395023,999.6136,363.76553,76,,,5.75,-76,,5,5
2026-01-23 14:22:40.119291,0x433af380,17.07899,54.06161,1000.1818,141.28151,108,,,6.0,-34,,3,3
2026-01-23 14:23:12.606471,0x433b0b38,17.957539,52.112846,999.6564,356.54596,78,,,5.75,-76,,5,5
2026-01-23 14:23:23.198991,0x433aad0c,17.384293,53.5987,1000.04614,569.64307,56,,,5.5,-71,,3,3
2026-01-23 14:23:40.238692,0x433af380,17.218895,53.77303,1000.19684,144.56148,104,,0.4813278,7.75,-34,,3,3
2026-01-23 14:23:54.131506,0x433ad35c,18.561583,52.498657,999.88367,289.07657,60,,,6.0,-58,,3,3
2026-01-23 14:24:13.281383,0x433b0b38,18.006388,52.320694,999.6343,361.45428,77,,,5.75,-77,,5,5
2026-01-23 14:24:41.425285,0x433af380,16.386986,55.237137,1000.18115,149.71059,96,,1.2283177,7.5,-34,,3,3
2026-01-23 14:25:12.701730,0x433b0b38,18.21207,52.158882,999.6659,359.1722,77,,,5.75,-75,,5,5
2026-01-23 14:25:40.910682,0x433af380,16.290438,56.024426,1000.17615,146.83406,100,,0.64706665,5.5,-35,,3,3
2026-01-23 14:26:13.304224,0x433b0b38,18.3638,51.824142,999.6544,359.55057,76,,,5.25,-76,,5,5
2026-01-23 14:26:23.180654,0x433aad0c,17.740723,52.822834,1000.02356,570.6143,55,,,5.75,-70,,3,3
2026-01-23 14:26:40.692414,0x433af380,16.186335,56.249966,1000.18256,149.9777,97,,0.8132375,6.0,-34,,3,3
2026-01-23 14:26:52.629298,0x433ad35c,17.589405,54.353016,999.90375,291.88425,61,,,6.0,-58,,3,3
2026-01-23 14:27:13.097292,0x433b0b38,18.147945,52.84712,999.6186,356.9188,77,,,5.75,-76,,5,5
2026-01-23 14:27:40.967445,0x433af380,16.434107,56.29554,1000.1765,136.1336,113,,0.6470559,7.0,-34,,3,3
2026-01-23 14:28:12.648946,0x433b0b38,18.268595,51.72316,999.6353,356.54596,77,,,5.5,-75,,5,5
2026-01-23 14:28:41.839909,0x433af380,16.679815,55.080135,1000.1984,142.47882,107,,0.18259989,5.5,-34,,3,3
2026-01-23 14:29:13.262633,0x433b0b38,18.356087,52.247574,999.6413,356.54596,77,,,5.25,-75,,5,5
2026-01-23 14:29:23.176402,0x433aad0c,16.67638,55.30045,1000.04474,570.6143,56,,,6.75,-70,,3,3
2026-01-23 14:29:41.594007,0x433af380,16.768845,55.054317,1000.16693,141.87764,106,,0.6639225,7.5,-33,,3,3
2026-01-23 14:29:53.548667,0x433ad35c,17.792599,53.67884,999.8891,294.48444,60,,,5.75,-58,,3,3
2026-01-23 14:30:12.682536,0x433b0b38,18.330338,51.623405,999.63196,355.0624,77,,,5.75,-76,,5,5
2026-01-23 14:30:41.708200,0x433af380,16.809357,55.557888,1000.1664,131.04054,123,,0.7469376,5.5,-34,,3,3
2026-01-23 14:31:13.205805,0x433b0b38,18.31491,51.238396,999.61725,360.30966,77,,,5.5,-75,,5,5
2026-01-23 14:31:42.348294,0x433af380,16.959623,54.682743,1000.157,140.4553,108,,0.48135975,7.75,-33,,3,3
2026-01-23 14:32:12.722964,0x433b0b38,18.482029,50.605083,999.5939,362.99185,75,,,6.0,-75,,5,5
2026-01-23 14:32:23.302827,0x433aad0c,17.639952,52.823174,999.9541,579.5071,54,,,5.0,-70,,3,3
2026-01-23 14:32:42.802030,0x433af380,16.98252,54.44076,1000.13763,138.03366,110,,0.5309353,8.0,-33,,3,3
2026-01-23 14:32:53.830924,0x433ad35c,18.245888,52.84299,999.7827,292.9188,59,,,5.75,-58,,3,3
2026-01-23 14:33:13.250485,0x433b0b38,18.73043,50.003326,999.60406,365.7143,74,,,5.5,-77,,5,5
2026-01-23 14:33:42.516150,0x433af380,17.409676,53.579117,1000.14386,132.38188,121,,0.14939247,7.5,-34,,3,3
2026-01-23 14:34:12.770627,0x433b0b38,18.70828,51.044453,999.58246,367.28836,73,,,5.25,-76,,5,5
2026-01-23 14:34:43.081030,0x433af380,17.79868,53.204834,1000.1351,134.93178,116,,0.38176176,7.25,-34,,3,3
2026-01-23 14:35:12.801520,0x433b0b38,18.613152,51.8876,999.57184,362.99185,73,,,5.75,-76,,5,5
2026-01-23 14:35:23.487950,0x433aad0c,17.654936,52.610786,999.92194,582.0266,53,,,6.5,-71,,3,3
2026-01-23 14:35:43.358720,0x433af380,18.648674,51.042156,1000.1025,133.53853,116,,0.43143502,5.5,-34,,3,3
2026-01-23 14:35:57.430562,0x433ad35c,18.067179,53.10068,999.7962,292.4006,59,,,6.0,-71,,3,2
2026-01-23 14:36:12.843080,0x433b0b38,18.800838,50.890213,999.58374,362.60623,73,,,5.5,-76,,5,5
2026-01-23 14:36:43.650968,0x433af380,18.732244,50.661915,1000.093,134.07097,116,,0.71345615,8.0,-34,,3,3
2026-01-23 14:37:13.539179,0x433b0b38,18.893396,50.52281,999.5088,364.54254,73,,,5.75,-76,,5,5
2026-01-23 14:37:43.743328,0x433af380,18.134794,51.786377,1000.06116,141.40034,105,301,1.9248002,6.0,-34,,3,3
2026-01-23 14:38:13.415827,0x433b0b38,18.703178,50.2777,999.50446,364.54254,73,,,6.0,-74,,5,5
2026-01-23 14:38:23.786969,0x433aad0c,17.629004,54.023598,999.8468,581.0161,53,,,5.25,-71,,3,3
2026-01-23 14:38:44.208455,0x433af380,17.740364,52.244972,1000.0385,139.40714,109,301,1.2614317,7.0,-34,,3,3
2026-01-23 14:38:56.121270,0x433ad35c,17.49897,55.672253,999.715,288.3202,61,,,6.5,-70,,3,2
2026-01-23 14:39:13.759818,0x433b0b38,18.108356,51.907104,999.48315,364.15363,74,,,6.0,-75,,5,5
2026-01-23 14:39:44.067826,0x433af380,17.277592,53.4146,999.9974,149.31174,97,301,1.5104988,5.75,-34,,3,3
2026-01-23 14:40:13.458553,0x433b0b38,17.954967,51.555305,999.43396,376.6783,71,,,5.75,-75,,5,5
2026-01-23 14:40:44.361450,0x433af380,17.145315,54.395878,999.99146,137.13295,114,,0.6139652,5.5,-34,,3,3
2026-01-23 14:41:12.970045,0x433b0b38,18.170935,51.17444,999.44,377.09448,70,,,5.5,-75,,5,5
2026-01-23 14:41:23.268832,0x433aad0c,17.479834,53.503292,999.83545,580.51227,53,,,7.5,-71,,3,3
2026-01-23 14:41:44.776049,0x433af380,17.226715,54.420513,999.9919,140.80821,108,,0.53096175,5.75,-34,,3,3
2026-01-23 14:41:58.498895,0x433ad35c,17.29338,55.723446,999.67255,289.32956,62,,,7.25,-72,,3,2
2026-01-23 14:42:13.168702,0x433b0b38,17.980679,52.106762,999.43823,379.39978,69,,,5.75,-75,,5,5
2026-01-23 14:42:45.187274,0x433af380,17.226715,54.13138,1000.01074,139.9875,105,,0.5975699,6.0,-34,,3,3
2026-01-23 14:43:12.965426,0x433b0b38,18.21207,51.77201,999.45917,377.09448,69,,,5.5,-76,,5,5
2026-01-23 14:43:45.095196,0x433af380,17.824495,53.520226,1000.0342,133.96414,114,,,6.0,-34,,3,3
2026-01-23 14:44:12.978076,0x433b0b38,18.412611,51.70411,999.4653,376.05582,67,,,5.25,-76,,5,5
2026-01-23 14:44:23.390787,0x433aad0c,17.339748,54.980457,999.8679,581.0161,52,,,6.0,-70,,3,3
2026-01-23 14:44:45.340007,0x433af380,17.447226,54.86891,1000.0483,146.06863,101,,0.5144887,5.5,-34,,3,3
2026-01-23 14:44:53.538073,0x433ad35c,17.536291,55.2755,999.7167,287.56775,62,,,7.25,-58,,3,3
2026-01-23 14:45:13.206648,0x433b0b38,18.276308,52.43448,999.5165,377.09448,69,,,5.75,-75,,5,5
2026-01-23 14:45:45.697827,0x433af380,16.534634,56.42022,1000.0073,150.24574,96,,1.2278489,6.25,-34,,3,3
2026-01-23 14:46:13.501698,0x433b0b38,18.016672,51.70496,999.42395,377.09448,68,,,5.5,-76,,5,5
2026-01-23 14:46:45.987298,0x433af380,16.745308,55.68212,1000.02026,149.31174,93,,0.92887473,6.75,-34,,3,3
2026-01-23 14:47:13.628500,0x433b0b38,18.348335,50.949593,999.43945,379.61075,67,,,5.5,-76,,5,5
2026-01-23 14:47:23.429720,0x433aad0c,18.378067,51.913406,999.83075,586.61755,50,,,7.0,-74,,3,3
2026-01-23 14:47:46.535923,0x433af380,18.284916,52.57757,1000.00305,141.16289,103,,0.84637475,5.5,-33,,3,3
2026-01-23 14:47:53.331832,0x433ad35c,18.59752,52.73496,999.684,291.36972,57,,,6.75,-59,,3,3
2026-01-23 14:48:13.112469,0x433b0b38,18.515491,50.95488,999.4791,383.0185,66,,,5.5,-76,,5,5
2026-01-23 14:48:46.437225,0x433af380,18.41719,50.827225,999.99286,143.8195,100,301,1.7921742,6.25,-34,,3,3
2026-01-23 14:49:13.128836,0x433b0b38,18.888254,50.02361,999.4256,385.39706,64,,,5.75,-77,,5,5
2026-01-23 14:49:46.689016,0x433af380,18.633413,50.59371,999.9919,138.717,108,,0.23236515,5.5,-33,,3,3
2026-01-23 14:50:13.097246,0x433b0b38,19.22249,49.586334,999.44446,383.88004,62,,,5.75,-76,,5,5
2026-01-23 14:50:24.008449,0x433aad0c,19.070211,50.31485,999.8234,603.00055,48,,,5.75,-75,,3,3
2026-01-23 14:50:47.089252,0x433af380,19.11673,49.506805,1000.0169,135.04018,113,,0.6970954,5.5,-34,,3,3
2026-01-23 14:50:53.421953,0x433ad35c,18.283363,53.662235,999.6393,295.01004,54,,,6.0,-58,,3,3
2026-01-23 14:51:13.130888,0x433b0b38,19.28079,49.691315,999.41473,385.61475,60,,,5.5,-76,,5,5
2026-01-23 14:51:47.660875,0x433af380,18.465523,50.77645,999.9753,145.56277,102,301,1.6757367,5.75,-34,,3,3
2026-01-23 14:52:13.184730,0x433b0b38,19.327904,50.159718,999.4227,384.74542,59,,,5.75,-75,,5,5
2026-01-23 14:52:47.858828,0x433af380,16.924011,54.964035,999.9811,152.28714,91,,1.1119963,6.75,-34,,3,3
2026-01-23 14:53:13.183882,0x433b0b38,19.078512,49.99442,999.4449,388.91,59,,,5.25,-75,,5,5
2026-01-23 14:53:24.445983,0x433aad0c,19.920586,48.278248,999.7917,611.2608,49,,,6.25,-76,,3,3
2026-01-23 14:53:47.753403,0x433af380,17.450565,54.158817,999.996,139.6387,106,,0.5310851,7.0,-34,,3,3
2026-01-23 14:53:54.203648,0x433ad35c,18.08707,53.54721,999.6639,297.93475,55,,,6.0,-59,,3,3
2026-01-23 14:54:13.176536,0x433b0b38,19.250772,49.666553,999.39014,388.68857,60,,,5.75,-76,,5,5
2026-01-23 14:54:48.061195,0x433af380,17.926056,53.99133,999.9989,141.99747,106,,0.697107,7.5,-34,,3,3
2026-01-23 14:55:13.663496,0x433b0b38,19.155682,49.185925,999.3831,392.93936,59,,,5.5,-76,,5,5
2026-01-23 14:55:48.370426,0x433af380,17.926245,52.363533,999.95605,144.18953,102,,0.53098816,7.0,-34,,3,3
2026-01-23 14:56:13.232757,0x433b0b38,18.859972,50.262104,999.35565,390.69055,59,,,5.5,-76,,5,5
2026-01-23 14:56:24.265514,0x433aad0c,20.530016,46.56235,999.74426,618.0338,48,,,6.25,-80,,3,3
2026-01-23 14:56:48.560678,0x433af380,18.014788,53.751816,999.9565,144.8105,101,,0.514446,5.5,-34,,3,3
2026-01-23 14:56:53.587681,0x433ad35c,18.035023,54.138966,999.5687,297.13138,55,,,5.5,-59,,3,3
2026-01-23 14:57:13.239001,0x433b0b38,19.191828,50.35112,999.36035,388.91,59,,,5.25,-75,,5,5
2026-01-23 14:57:49.088007,0x433af380,18.859808,51.47047,999.91974,138.94627,108,,0.8795221,7.25,-34,,3,3
2026-01-23 14:58:13.267171,0x433b0b38,19.518164,48.83301,999.32733,388.0258,57,,,6.0,-76,,5,5
2026-01-23 14:58:49.146684,0x433af380,19.05059,50.08595,999.932,141.99747,105,,0.5475179,6.0,-34,,3,3
2026-01-23 14:59:13.331010,0x433b0b38,19.615938,48.640545,999.3403,389.5758,57,,,6.5,-76,,5,5
2026-01-23 14:59:25.092612,0x433aad0c,19.751085,48.217087,999.6887,630.2548,51,,,6.5,-80,,3,3
2026-01-23 14:59:49.756743,0x433af380,18.216234,52.47731,999.8882,143.45137,103,,0.5476724,5.5,-34,,3,3
2026-01-23 14:59:53.565654,0x433ad35c,18.556723,52.718853,999.59436,293.69952,55,,,6.25,-59,,3,3
2026-01-23 15:00:13.548448,0x433b0b38,19.654392,49.59664,999.35657,386.48804,58,,,6.5,-75,,5,5
2026-01-23 15:00:50.070595,0x433af380,19.544088,48.853664,999.9674,134.5,111,,0.6307682,5.75,-33,,3,3
2026-01-25 01:02:28.696326,0x433b0b38,4.470867,64.45887,1006.2409,276.08517,174,,,5.5,-78,,5,5
2026-01-25 01:02:45.058411,0x433aad0c,5.1286306,63.311653,1006.56305,307.05258,189,,,6.0,-70,,3,3
2026-01-25 01:02:50.579692,0x433af380,2.7461405,73.88694,1006.74023,287.3178,119,,,6.5,-34,,3,3
2026-01-25 01:03:12.645527,0x433ad35c,4.124229,68.34141,1006.4071,242.97049,185,,,6.0,-55,,3,3
2026-01-25 01:03:28.794471,0x433b0b38,4.380932,64.43014,1006.24567,278.7912,174,,,6.25,-78,,5,5
2026-01-25 01:03:51.134903,0x433af380,2.4411669,75.06452,1006.78217,287.3178,120,,,5.75,-34,,3,3
2026-01-25 01:04:28.751732,0x433b0b38,4.2266927,65.30001,1006.2645,279.705,174,,,5.25,-79,,5,5
2026-01-25 01:04:51.225946,0x433af380,2.4664116,74.77939,1006.79443,280.2539,125,,,6.5,-34,,3,3
2026-01-25 01:05:28.759837,0x433b0b38,4.259771,65.20672,1006.2855,280.16415,174,,,5.5,-78,,5,5
2026-01-25 01:05:45.048920,0x433aad0c,4.987044,63.912136,1006.6056,305.34454,190,,,6.0,-70,,3,3
2026-01-25 01:05:51.355386,0x433af380,2.5555036,74.80352,1006.8,278.36597,126,,,6.25,-34,,3,3
2026-01-25 01:06:12.611176,0x433ad35c,3.7584758,68.71775,1006.4275,235.69463,187,,,5.5,-56,,3,3
2026-01-25 01:06:30.061206,0x433b0b38,4.301242,64.987976,1006.2878,277.8833,174,,,6.0,-78,,5,5
2026-01-25 01:06:51.615359,0x433af380,2.6215546,74.739136,1006.7976,274.43735,129,,,6.25,-34,,3,3
2026-01-25 01:07:28.840244,0x433b0b38,4.1238666,65.793755,1006.29834,281.08704,173,,,5.5,-77,,5,5
2026-01-25 01:07:51.892845,0x433af380,2.7888458,74.64106,1006.79034,246.04482,147,,,5.5,-34,,3,3
2026-01-25 01:08:28.819924,0x433b0b38,4.1289706,65.98279,1006.27985,281.55072,173,,,5.25,-78,,5,5
2026-01-25 01:08:45.561758,0x433aad0c,4.7670794,64.85333,1006.6406,310.52667,189,,,5.5,-69,,3,3
2026-01-25 01:08:52.167993,0x433af380,2.7763953,74.169716,1006.8044,239.27728,156,,,5.5,-34,,3,3
2026-01-25 01:09:12.647913,0x433ad35c,3.793476,68.85887,1006.4738,225.7168,191,,,5.5,-56,,3,3
2026-01-25 01:09:28.863818,0x433b0b38,4.0596004,66.04436,1006.3009,280.39432,173,,,6.25,-79,,5,5
2026-01-25 01:09:52.962303,0x433af380,2.860817,73.70089,1006.85,234.52412,158,,,5.75,-34,,3,3
2026-01-25 01:10:28.890015,0x433b0b38,4.1238666,65.83612,1006.3307,281.3187,173,,,6.0,-79,,5,5
2026-01-25 01:10:52.682359,0x433af380,2.8887937,73.13215,1006.8312,250.14076,148,,,5.75,-34,,3,3
2026-01-25 01:11:28.903677,0x433b0b38,4.1389885,65.8995,1006.33014,282.7167,172,,,5.5,-78,,5,5
2026-01-25 01:11:45.068075,0x433aad0c,4.896024,64.96559,1006.64655,314.08032,188,,,5.75,-69,,3,3
2026-01-25 01:11:52.958653,0x433af380,3.2061825,72.447495,1006.86,266.47336,133,,,6.0,-34,,3,3
2026-01-25 01:12:13.181021,0x433ad35c,3.770965,69.71552,1006.4761,238.93138,186,,,5.5,-56,,3,3
2026-01-25 01:12:28.878497,0x433b0b38,4.21641,65.895744,1006.3095,283.42096,172,,,5.5,-77,,5,5
2026-01-25 01:12:53.216678,0x433af380,4.1096053,70.13348,1006.8546,265.19073,128,,,5.75,-34,,3,3
2026-01-25 01:13:28.882978,0x433b0b38,4.3372307,65.29675,1006.3263,283.89243,171,,,5.75,-77,,5,5
2026-01-25 01:13:53.491381,0x433af380,3.7026663,70.194885,1006.8368,273.52902,123,,,7.5,-34,,3,3
2026-01-25 01:14:28.921144,0x433b0b38,4.2550073,65.098366,1006.32996,282.48276,172,,,5.5,-78,,5,5
2026-01-25 01:14:45.131548,0x433aad0c,4.7847776,64.37861,1006.6412,311.70224,188,,,5.5,-69,,3,3
2026-01-25 01:14:53.759096,0x433af380,3.822016,69.610214,1006.8273,278.13174,123,,,5.75,-34,,3,3
2026-01-25 01:15:12.721209,0x433ad35c,3.515376,70.6999,1006.5271,239.45059,187,,,6.0,-56,,3,3
2026-01-25 01:15:28.962292,0x433b0b38,4.2960625,64.78335,1006.3483,280.8557,172,,,6.5,-77,,5,5
2026-01-25 01:15:55.707525,0x433af380,3.526986,69.674,1006.8138,276.50333,126,,,6.0,-34,,3,3
2026-01-25 01:16:29.000202,0x433b0b38,4.144507,65.11644,1006.323,281.3187,174,,,6.25,-77,,5,5
2026-01-25 01:16:55.756285,0x433af380,2.9471018,71.11932,1006.84125,284.5969,125,,,5.75,-34,,3,3
2026-01-25 01:17:28.986042,0x433b0b38,4.1213336,65.28166,1006.3294,279.24734,175,,,5.5,-78,,5,5
2026-01-25 01:17:47.025471,0x433aad0c,4.7797213,64.506805,1006.6518,306.1962,190,,,5.75,-69,,3,3
2026-01-25 01:17:54.637665,0x433af380,2.142687,74.62434,1006.81805,277.89795,134,,,5.25,-34,,3,3
2026-01-25 01:18:12.821599,0x433ad35c,3.7509596,70.37261,1006.50757,242.61388,185,,,6.0,-56,,3,3
2026-01-25 01:18:29.588788,0x433b0b38,4.082736,65.24516,1006.31067,278.56366,175,,,5.5,-77,,5,5
2026-01-25 01:18:54.841701,0x433af380,2.3368902,75.27947,1006.85815,271.95386,137,,,6.5,-34,,3,3
2026-01-25 01:19:29.037083,0x433b0b38,4.1675677,64.88902,1006.35693,277.6573,176,,,5.5,-77,,5,5
2026-01-25 01:19:55.119793,0x433af380,2.26807,75.69938,1006.8697,277.19885,130,,,5.75,-33,,3,3
2026-01-25 01:20:29.020869,0x433b0b38,4.108443,65.02553,1006.34436,276.98135,176,,,5.25,-77,,5,5
2026-01-25 01:20:45.324366,0x433aad0c,4.7974195,64.22433,1006.6738,300.88123,191,,,5.5,-70,,3,3
2026-01-25 01:20:55.364187,0x433af380,1.7086908,76.75325,1006.84576,280.9685,130,,,5.5,-34,,3,3
2026-01-25 01:21:12.894986,0x433ad35c,3.7784817,70.28973,1006.5041,243.50742,184,,,5.75,-55,,3,3
2026-01-25 01:21:29.033954,0x433b0b38,4.1418614,65.025734,1006.3282,276.53253,177,,,5.5,-77,,5,5
2026-01-25 01:21:55.624538,0x433af380,1.754508,77.0553,1006.85156,280.49173,130,,0.14935528,7.0,-34,,3,3
2026-01-25 01:22:29.060939,0x433b0b38,4.1084805,65.05411,1006.3832,276.98135,176,,,5.5,-79,,5,5
2026-01-25 01:22:57.149226,0x433af380,1.703416,77.89806,1006.90076,277.66452,132,,0.29878,7.75,-34,,3,3
2026-01-25 01:23:29.073614,0x433b0b38,3.9946132,65.583626,1006.33264,273.87003,178,,,5.25,-78,,5,5
2026-01-25 01:23:45.298789,0x433aad0c,4.6583614,65.01994,1006.66125,298.15738,192,,,5.75,-69,,3,3
2026-01-25 01:23:55.961067,0x433af380,2.0493064,77.4059,1006.86066,278.83557,128,,0.7799794,6.0,-34,,3,3
2026-01-25 01:24:12.783653,0x433ad35c,3.5154514,70.83348,1006.53876,243.14922,185,,,6.0,-57,,3,3
2026-01-25 01:24:29.071788,0x433b0b38,3.8899379,66.095024,1006.3605,273.21237,178,,,5.25,-78,,5,5
2026-01-25 01:24:56.722791,0x433af380,2.5528846,76.32159,1006.92474,276.2722,124,,0.34857664,5.75,-34,,3,3
2026-01-25 01:25:29.074934,0x433b0b38,3.9130359,66.86016,1006.35724,272.5579,179,,,6.5,-78,,5,5
2026-01-25 01:25:57.985771,0x433af380,2.6414084,75.51879,1006.8918,284.84213,117,,0.365121,5.5,-34,,3,3
2026-01-25 01:26:29.093303,0x433b0b38,3.9953718,66.340965,1006.3422,270.1847,179,,,5.5,-78,,5,5
2026-01-25 01:26:45.333437,0x433aad0c,4.69123,64.56016,1006.6642,295.74768,192,,,5.75,-70,,3,3
2026-01-25 01:26:56.719867,0x433af380,2.3903003,75.89971,1006.9169,285.58035,117,,0.14932059,5.75,-34,,3,3
2026-01-25 01:27:12.845871,0x433ad35c,3.5629787,70.229866,1006.5954,244.76955,184,,,7.0,-54,,3,3
2026-01-25 01:27:29.163009,0x433b0b38,3.9824433,65.99388,1006.3896,267.64243,180,,,5.5,-78,,5,5
2026-01-25 01:27:56.970038,0x433af380,2.5683334,75.97489,1006.9148,276.73474,124,,,6.0,-34,,3,3
2026-01-25 01:28:29.119505,0x433b0b38,4.0158997,65.62035,1006.3768,268.90756,180,,,5.5,-78,,5,5
2026-01-25 01:28:59.091642,0x433af380,2.9422038,75.26456,1006.9466,281.20752,88,,,7.75,-33,,3,3
2026-01-25 01:29:29.125022,0x433b0b38,4.046747,65.41905,1006.38855,269.1196,180,,,5.5,-78,,5,5
2026-01-25 01:29:45.328685,0x433aad0c,4.693758,64.67841,1006.7018,295.74768,192,,,5.75,-70,,3,3
2026-01-25 01:29:57.510602,0x433af380,3.0210476,74.817184,1006.9336,283.13434,86,,,5.75,-34,,3,3
2026-01-25 01:30:12.828909,0x433ad35c,3.8411167,70.65429,1006.55365,247.70409,182,,,5.25,-56,,3,3
2026-01-25 01:30:29.136899,0x433b0b38,4.0081873,65.519966,1006.36816,269.971,180,,,5.75,-78,,5,5
2026-01-25 01:30:57.971783,0x433af380,3.351494,73.69814,1006.913,281.20752,88,,,6.0,-35,,3,3
2026-01-25 01:31:29.679273,0x433b0b38,3.931068,65.18528,1006.38684,270.3987,180,,,5.75,-77,,5,5
2026-01-25 01:31:58.225248,0x433af380,3.745715,72.70461,1006.9674,269.7348,93,,,5.75,-33,,3,3
2026-01-25 01:32:29.206317,0x433b0b38,3.8128185,65.744865,1006.4085,271.25827,181,,,5.5,-78,,5,5
2026-01-25 01:32:45.529428,0x433aad0c,4.5066624,64.967865,1006.7214,296.2798,193,,,5.5,-69,,3,3
2026-01-25 01:32:58.495271,0x433af380,3.8525364,71.58006,1006.93335,280.2539,85,,,5.75,-34,,3,3
2026-01-25 01:33:12.853956,0x433ad35c,3.8135197,70.81772,1006.56537,253.40042,180,,,6.5,-56,,3,3
2026-01-25 01:33:29.182465,0x433b0b38,3.8410957,66.28563,1006.44653,274.3102,179,,,5.25,-78,,5,5
2026-01-25 01:33:59.114104,0x433af380,4.061093,70.85408,1006.9772,276.9666,86,,,5.25,-34,,3,3
2026-01-25 01:34:29.245552,0x433b0b38,3.8128185,66.19466,1006.4521,272.77573,179,,,5.5,-78,,5,5
2026-01-25 01:35:00.638153,0x433af380,3.9642558,70.38472,1006.9764,291.36972,77,,,5.5,-34,,3,3
2026-01-25 01:35:29.214362,0x433b0b38,3.8738694,66.27451,1006.4953,274.3102,178,,,5.5,-78,,5,5
2026-01-25 01:35:45.415972,0x433aad0c,4.7215695,64.32472,1006.7966,299.51312,192,,,5.75,-70,,3,3
2026-01-25 01:35:59.300479,0x433af380,4.2103148,70.01354,1007.0116,276.9666,87,,,7.5,-34,,3,3
2026-01-25 01:36:12.889628,0x433ad35c,3.9538603,69.83902,1006.6672,257.74707,179,,,5.25,-57,,3,3
2026-01-25 01:36:29.328953,0x433b0b38,3.9772642,66.126144,1006.49536,277.6573,176,,,5.5,-78,,5,5
2026-01-25 01:36:59.573700,0x433af380,3.8908753,70.17954,1006.9864,281.20752,86,,,7.5,-34,,3,3
2026-01-25 01:37:29.270978,0x433b0b38,3.9721608,65.852684,1006.488,279.24734,175,,,5.75,-78,,5,5
2026-01-25 01:37:59.830391,0x433af380,3.5576947,70.6884,1007.0202,272.1778,98,,,5.75,-34,,3,3
2026-01-25 01:38:29.371753,0x433b0b38,3.9516335,65.81313,1006.5474,279.01907,175,,,5.5,-78,,5,5
2026-01-25 01:38:45.360920,0x433aad0c,4.756966,64.271774,1006.88007,310.23416,189,,,5.5,-69,,3,3
2026-01-25 01:39:00.081579,0x433af380,3.2624772,71.40853,1007.04333,279.54297,85,,,6.0,-34,,3,3
2026-01-25 01:39:12.895944,0x433ad35c,3.5700402,70.094215,1006.7082,256.14932,181,,,5.5,-56,,3,3
2026-01-25 01:39:29.314510,0x433b0b38,3.9850516,65.96821,1006.5459,278.56366,175,,,5.5,-78,,5,5
2026-01-25 01:40:00.331592,0x433af380,2.997969,72.17379,1007.05786,279.07098,84,,0.033197224,7.75,-34,,3,3
2026-01-25 01:40:29.391026,0x433b0b38,3.8334217,66.15844,1006.559,282.48276,173,,,5.25,-78,,5,5
2026-01-25 01:41:02.045615,0x433af380,2.7048008,72.491264,1007.0544,264.1313,81,,0.5973815,6.0,-34,,3,3
2026-01-25 01:41:29.364724,0x433b0b38,3.815276,66.32587,1006.5956,282.95108,173,,,5.75,-78,,5,5
2026-01-25 01:41:45.406038,0x433aad0c,4.4940205,64.94671,1006.8935,315.8878,188,,,6.0,-69,,3,3
2026-01-25 01:42:00.870623,0x433af380,2.7436347,72.41455,1007.0808,268.20294,80,,0.86272687,5.5,-34,,3,3
2026-01-25 01:42:12.961649,0x433ad35c,3.5654843,70.80186,1006.7562,229.47728,190,,,5.25,-56,,3,3
2026-01-25 01:42:31.193848,0x433b0b38,3.7382703,66.56272,1006.5773,285.79404,172,,,5.5,-78,,5,5
2026-01-25 01:43:01.129931,0x433af380,2.0493064,73.426346,1007.08136,305.08377,85,,0.71361005,5.75,-34,,3,3
2026-01-25 01:43:29.816868,0x433b0b38,3.8153892,66.40059,1006.6328,284.84006,172,,,5.25,-78,,5,5
2026-01-25 01:44:01.413046,0x433af380,2.0876446,74.03372,1007.10785,287.3178,90,,0.08297516,7.5,-33,,3,3
2026-01-25 01:44:29.842964,0x433b0b38,3.8026114,66.23338,1006.6279,286.2734,172,,,5.25,-78,,5,5
2026-01-25 01:44:45.443341,0x433aad0c,4.638135,64.81502,1006.9138,321.75128,186,,,5.75,-69,,3,3
2026-01-25 01:45:01.657863,0x433af380,2.4208202,73.761925,1007.1282,292.4006,85,,,7.0,-34,,3,3
2026-01-25 01:45:13.072360,0x433ad35c,3.7549438,69.86251,1006.726,251.85594,182,,,5.75,-56,,3,3
2026-01-25 01:45:29.849602,0x433b0b38,3.8668022,65.95685,1006.63055,287.23703,170,,,6.5,-78,,5,5
2026-01-25 01:46:01.943302,0x433af380,2.514089,73.588264,1007.1156,294.747,79,,,5.25,-34,,3,3
2026-01-25 01:46:29.874073,0x433b0b38,3.853949,66.07806,1006.59186,293.15775,169,,,5.5,-78,,5,5
2026-01-25 01:47:02.221082,0x433af380,2.863473,73.01348,1007.13885,291.11313,80,,,5.75,-34,,3,3
2026-01-25 01:47:29.939215,0x433b0b38,3.9053245,65.838066,1006.625,293.91504,168,,,5.25,-78,,5,5
2026-01-25 01:47:46.767490,0x433aad0c,4.66089,64.366135,1006.935,334.83594,184,,,5.75,-69,,3,3
2026-01-25 01:48:02.472936,0x433af380,3.3262494,72.007,1007.1254,288.824,78,,,5.75,-34,,3,3
2026-01-25 01:48:13.145941,0x433ad35c,3.7651951,69.20035,1006.7884,254.1798,181,,,5.5,-56,,3,3
2026-01-25 01:48:29.912574,0x433b0b38,3.8102481,65.96504,1006.6109,292.9062,168,,,5.25,-78,,5,5
2026-01-25 01:49:03.024388,0x433af380,3.689761,70.36899,1007.10565,279.54297,83,,,5.25,-34,,3,3
2026-01-25 01:49:29.924121,0x433b0b38,3.8488452,65.95876,1006.61505,294.16833,168,,,5.75,-77,,5,5
2026-01-25 01:50:03.222813,0x433af380,3.849993,69.16445,1007.07996,294.22235,73,,,5.5,-34,,3,3
2026-01-25 01:50:29.946396,0x433b0b38,3.838525,65.90057,1006.6215,293.15775,168,,,5.75,-78,,5,5
2026-01-25 01:50:45.554109,0x433aad0c,4.523485,64.80279,1006.9235,335.1767,184,,,5.75,-70,,3,3
2026-01-25 01:51:03.236468,0x433af380,4.053463,68.38604,1007.1005,296.0669,71,,,5.75,-34,,3,3
2026-01-25 01:51:12.953010,0x433ad35c,3.9355628,69.18744,1006.76984,260.18143,178,,,5.75,-56,,3,3
2026-01-25 01:51:29.972918,0x433b0b38,3.9258895,65.62646,1006.6432,296.7256,167,,,5.5,-77,,5,5
2026-01-25 01:52:03.482262,0x433af380,3.9720747,67.75457,1007.09973,302.29395,67,,,5.5,-34,,3,3
2026-01-25 01:52:30.484373,0x433b0b38,3.8153892,65.74218,1006.63605,292.65503,169,,,5.5,-78,,5,5
2026-01-25 01:53:03.749752,0x433af380,3.3769279,69.20497,1007.12274,289.07657,82,,,7.5,-33,,3,3
2026-01-25 01:53:29.990594,0x433b0b38,3.8361046,65.87134,1006.63153,292.9062,169,,,6.0,-77,,5,5
2026-01-25 01:53:46.030537,0x433aad0c,4.5648136,64.798294,1006.9105,348.66043,181,,,5.25,-70,,3,3
2026-01-25 01:54:04.004460,0x433af380,3.178735,69.89365,1007.1268,292.1422,81,,,6.0,-33,,3,3
2026-01-25 01:54:13.521902,0x433ad35c,3.9186714,68.37523,1006.77747,257.74707,180,,,5.75,-56,,3,3
2026-01-25 01:54:30.020412,0x433b0b38,3.9148471,65.557495,1006.6527,296.46786,167,,,5.5,-78,,5,5
2026-01-25 01:55:04.248133,0x433af380,3.5576947,69.76378,1007.1242,280.01654,89,,,5.25,-33,,3,3
2026-01-25 01:55:30.000099,0x433b0b38,3.8950791,65.65877,1006.6506,290.66138,169,,,5.5,-78,,5,5
2026-01-25 01:56:04.516421,0x433af380,3.6874063,69.04138,1007.1334,295.53754,77,,,5.5,-34,,3,3
2026-01-25 01:56:30.026917,0x433b0b38,3.923356,65.800446,1006.6468,285.31625,173,,,5.75,-78,,5,5
2026-01-25 01:56:45.572025,0x433aad0c,4.6103234,64.67824,1006.95294,356.58795,180,,,6.0,-70,,3,3
2026-01-25 01:57:04.773884,0x433af380,3.4228966,69.2254,1007.0966,285.3338,83,,,5.25,-34,,3,3
2026-01-25 01:57:16.596268,0x433ad35c,3.6870935,69.22477,1006.73553,218.26518,195,,,6.5,-56,,3,3
2026-01-25 01:57:30.218220,0x433b0b38,3.9721608,65.49613,1006.6594,282.01596,174,,,5.5,-78,,5,5
2026-01-25 01:58:05.034079,0x433af380,3.435425,69.75441,1007.1462,260.5916,101,,,7.25,-34,,3,3
2026-01-25 01:58:30.070072,0x433b0b38,3.9465299,65.41755,1006.64685,285.55493,172,,,5.25,-78,,5,5
2026-01-25 01:59:05.769555,0x433af380,3.5091822,69.84871,1007.11444,230.75877,132,,,6.0,-34,,3,3
2026-01-25 01:59:30.096673,0x433b0b38,3.9587388,65.269714,1006.64343,286.51373,172,,,5.5,-78,,5,5
2026-01-25 01:59:45.567032,0x433aad0c,4.622965,64.19763,1006.9591,365.6947,178,,,6.0,-69,,3,3
2026-01-25 02:00:05.590166,0x433af380,3.7914956,69.01775,1007.14215,276.50333,94,,,7.75,-34,,3,3
2026-01-25 02:00:13.667613,0x433ad35c,3.9481668,68.480125,1006.8234,215.42049,196,,,5.75,-56,,3,3
2026-01-25 02:00:30.221912,0x433b0b38,3.7639766,65.83555,1006.6608,286.7544,173,,,5.75,-78,,5,5
2026-01-25 02:01:05.883680,0x433af380,3.3591244,69.65188,1007.18365,267.7684,96,,,5.25,-34,,3,3
2026-01-25 02:01:30.119020,0x433b0b38,3.7896829,66.00525,1006.6767,285.31625,172,,,5.75,-79,,5,5
2026-01-25 02:02:06.124973,0x433af380,3.5119143,69.41382,1007.14215,264.1313,100,,,7.5,-34,,3,3
2026-01-24 07:01:44.024808,0x433b0b38,6.8744636,65.572556,1001.86646,237.4768,197,,,5.5,-77,,5,5
2026-01-24 07:02:03.694281,0x433af380,5.8007765,74.84659,1002.4548,249.19794,193,,,5.5,-34,,3,3
2026-01-24 07:02:34.134827,0x433aad0c,7.543223,64.72135,1002.1889,238.72469,198,,,5.75,-70,,3,3
2026-01-24 07:02:44.104502,0x433b0b38,6.94391,65.294426,1001.8781,238.47227,197,,,5.75,-76,,5,5
2026-01-24 07:03:03.823389,0x433ad35c,6.8602276,67.70037,1002.0378,218.98811,196,,,7.0,-57,,3,3
2026-01-24 07:03:06.037073,0x433af380,5.930491,74.35113,1002.45844,244.76955,196,,,7.0,-34,,3,3
2026-01-24 07:03:44.078679,0x433b0b38,6.9619055,65.17957,1001.901,237.4768,196,,,5.0,-77,,5,5
2026-01-24 07:04:04.200949,0x433af380,6.309424,73.38523,1002.49225,237.55777,200,,,5.75,-34,,3,3
2026-01-24 07:04:44.138879,0x433b0b38,6.928486,65.07707,1001.9114,240.31917,196,,,5.5,-77,,5,5
2026-01-24 07:05:04.880056,0x433af380,6.373048,73.37237,1002.4758,242.61388,194,,,7.25,-34,,3,3
2026-01-24 07:05:34.175711,0x433aad0c,7.2954392,64.96031,1002.19336,239.07127,199,,,5.5,-71,,3,3
2026-01-24 07:05:44.169997,0x433b0b38,6.879605,65.33172,1001.9111,239.47614,196,,,5.25,-77,,5,5
2026-01-24 07:06:03.859217,0x433ad35c,6.887788,68.26992,1002.0489,217.11835,198,,,6.0,-59,,3,3
2026-01-24 07:06:07.315320,0x433af380,6.1646748,73.39711,1002.4689,244.40758,193,,,6.25,-34,,3,3
2026-01-24 07:06:44.113345,0x433b0b38,6.7896667,65.3432,1001.89954,240.1501,196,,,5.75,-76,,5,5
2026-01-24 07:07:04.990012,0x433af380,6.0731115,73.85236,1002.4761,234.19185,202,,,5.75,-34,,3,3
2026-01-24 07:07:44.202754,0x433b0b38,6.7897043,65.51267,1001.90765,239.81264,197,,,5.0,-77,,5,5
2026-01-24 07:08:05.251636,0x433af380,6.2460647,73.365654,1002.47,242.97049,193,,,6.25,-34,,3,3
2026-01-24 07:08:34.208282,0x433aad0c,7.487598,64.42307,1002.217,239.7675,198,,,5.25,-70,,3,3
2026-01-24 07:08:44.167757,0x433b0b38,6.802483,65.597626,1001.9186,237.80771,198,,,5.25,-77,,5,5
2026-01-24 07:09:04.383605,0x433ad35c,6.830124,68.13994,1002.09106,216.97583,198,,,6.0,-59,,3,3
2026-01-24 07:09:06.717469,0x433af380,7.0394306,71.956,1002.49725,233.20059,196,,,7.5,-35,,3,3
2026-01-24 07:09:44.201808,0x433b0b38,6.841081,65.107895,1001.901,237.64214,199,,,5.25,-77,,5,5
2026-01-24 07:10:05.535346,0x433af380,6.9351487,71.4717,1002.4636,235.69463,193,,,6.0,-34,,3,3
2026-01-24 07:10:44.194032,0x433b0b38,6.787059,65.07659,1001.9437,239.64429,197,,,5.5,-76,,5,5
2026-01-24 07:11:06.338881,0x433af380,6.927707,71.31278,1002.47974,232.87204,196,,,7.25,-34,,3,3
2026-01-24 07:11:34.242749,0x433aad0c,7.297968,64.73409,1002.19763,241.17209,198,,,6.0,-70,,3,3
2026-01-24 07:11:44.259628,0x433b0b38,6.7305026,65.58779,1001.9496,237.64214,199,,,5.5,-77,,5,5
2026-01-24 07:12:03.914875,0x433ad35c,6.7023816,67.88435,1002.0885,217.26102,199,,,5.75,-59,,3,3
2026-01-24 07:12:15.757607,0x433af380,6.84123,71.50793,1002.4924,227.5815,203,,,5.75,-34,,3,3
2026-01-24 07:12:44.227947,0x433b0b38,6.6662726,65.92766,1001.9517,239.64429,198,,,5.25,-76,,5,5
2026-01-24 07:13:06.413371,0x433af380,6.563994,72.03195,1002.5444,234.69066,197,,,6.0,-34,,3,3
2026-01-24 07:13:44.745196,0x433b0b38,6.733111,65.73984,1001.9849,238.3058,198,,,6.0,-76,,5,5
2026-01-24 07:14:07.026435,0x433af380,6.4978647,71.85799,1002.5297,238.07103,195,,,5.5,-34,,3,3
2026-01-24 07:14:34.258573,0x433aad0c,7.4092174,64.54565,1002.26245,241.34883,198,,,5.75,-69,,3,3
2026-01-24 07:14:45.360243,0x433b0b38,6.6868763,65.80122,1001.9825,237.64214,198,,,5.5,-77,,5,5
2026-01-24 07:15:04.466098,0x433ad35c,6.53197,68.74794,1002.14386,220.5956,197,,,7.5,-59,,3,3
2026-01-24 07:15:13.260795,0x433af380,6.2562385,72.19013,1002.53046,241.55017,195,,,6.5,-34,,3,3
2026-01-24 07:15:44.273020,0x433b0b38,6.674022,66.17267,1001.99756,238.47227,199,,,6.0,-76,,5,5
2026-01-24 07:16:07.459080,0x433af380,6.2460647,72.64741,1002.549,240.14638,196,,0.149276,5.75,-34,,3,3
2026-01-24 07:16:44.315096,0x433b0b38,6.6379943,66.28704,1002.00336,232.78017,201,,,5.75,-76,,5,5
2026-01-24 07:17:07.578881,0x433af380,6.474786,72.82428,1002.5745,230.75877,202,,0.3651513,7.0,-35,,3,3
2026-01-24 07:17:34.784468,0x433aad0c,7.2954392,64.919235,1002.316,239.94215,198,,,6.5,-70,,3,3
2026-01-24 07:17:44.318335,0x433b0b38,6.5889997,66.10751,1002.0241,211.83284,225,,,5.5,-76,,5,5
2026-01-24 07:18:04.013605,0x433ad35c,6.0834894,71.038315,1002.1775,202.11766,218,,,6.0,-58,,3,3
2026-01-24 07:18:12.473289,0x433af380,6.477253,72.728226,1002.5972,238.2426,192,,0.049784265,6.0,-34,,3,3
2026-01-24 07:18:44.897831,0x433b0b38,6.5634437,66.83359,1002.0216,206.70166,228,,,5.5,-76,,5,5
2026-01-24 07:19:08.232411,0x433af380,5.966099,74.0379,1002.5759,244.76955,188,,,5.75,-34,,3,3
2026-01-24 07:19:44.345824,0x433b0b38,6.5248833,67.27035,1002.0197,207.7079,224,,,5.5,-76,,5,5
2026-01-24 07:20:08.389500,0x433af380,5.2770214,76.15587,1002.5219,250.33015,187,,0.39824772,6.25,-34,,3,3
2026-01-24 07:20:34.362711,0x433aad0c,7.4345016,64.51442,1002.30597,235.98782,199,,,5.0,-70,,3,3
2026-01-24 07:20:44.521946,0x433b0b38,6.578868,66.75482,1002.0272,209.62129,216,,,5.75,-77,,5,5
2026-01-24 07:21:04.479304,0x433ad35c,6.4543,70.51972,1002.1712,197.17487,211,,,5.75,-59,,3,3
2026-01-24 07:21:09.954586,0x433af380,4.5689316,77.980095,1002.5324,249.95161,193,,0.7133851,7.25,-34,,3,3
2026-01-24 07:21:44.424614,0x433b0b38,6.3654613,66.82507,1002.0207,218.47664,206,,,5.0,-77,,5,5
2026-01-24 07:22:08.934606,0x433af380,4.2850986,78.8473,1002.5654,257.74707,189,,0.2987056,6.0,-34,,3,3
2026-01-24 07:22:44.412928,0x433b0b38,6.1161027,67.76625,1002.0534,216.12495,205,,,5.75,-76,,5,5
2026-01-24 07:23:09.198725,0x433af380,4.2571216,78.73694,1002.59644,257.74707,190,,0.33190614,5.5,-34,,3,3
2026-01-24 07:23:34.367711,0x433aad0c,7.0577707,65.5475,1002.3612,236.4962,199,,,5.5,-70,,3,3
2026-01-24 07:23:44.491719,0x433b0b38,6.1573467,67.72754,1002.08417,213.68948,203,,,6.0,-76,,5,5
2026-01-24 07:24:04.533773,0x433ad35c,6.3992167,68.66235,1002.2009,208.4914,194,,,5.75,-58,,3,3
2026-01-24 07:24:10.257950,0x433af380,4.162297,78.962204,1002.62555,260.7972,190,,0.41484138,5.25,-34,,3,3
2026-01-24 07:24:44.481379,0x433b0b38,6.1906533,67.401955,1002.07904,212.62457,203,,,6.25,-76,,5,5
2026-01-24 07:25:09.939960,0x433af380,4.19608,78.53298,1002.6786,260.38635,190,,0.29865107,6.5,-34,,3,3
2026-01-24 07:25:45.054230,0x433b0b38,6.345009,67.154655,1002.1374,209.1076,202,,,6.0,-77,,5,5
2026-01-24 07:26:09.989632,0x433af380,4.5368934,77.90671,1002.63904,255.951,193,,0.04979005,5.5,-34,,3,3
2026-01-24 07:26:34.977905,0x433aad0c,6.848066,66.30474,1002.4113,229.57243,200,,,6.25,-70,,3,3
2026-01-24 07:26:44.522284,0x433b0b38,6.4854093,66.58707,1002.1167,210.26694,199,,,5.5,-76,,5,5
2026-01-24 07:27:03.956066,0x433ad35c,5.918128,70.59681,1002.251,209.15092,194,,,5.75,-59,,3,3
2026-01-24 07:27:10.245775,0x433af380,4.996413,77.356544,1002.6633,249.95161,194,,,6.0,-34,,3,3
2026-01-24 07:27:44.538159,0x433b0b38,6.5300245,66.42821,1002.1261,214.76509,194,,,6.25,-77,,5,5
2026-01-24 07:28:10.521777,0x433af380,4.9769,77.13538,1002.6971,248.26219,193,,0.016591452,7.25,-34,,3,3
2026-01-24 07:28:44.542644,0x433b0b38,6.4683275,66.80312,1002.17804,217.77968,191,,,5.25,-77,,5,5
2026-01-24 07:29:11.110692,0x433af380,4.9896173,76.562485,1002.6911,242.25826,199,,,5.5,-35,,3,3
2026-01-24 07:29:34.367970,0x433aad0c,7.0805264,65.597855,1002.4518,223.19371,199,,,5.75,-70,,3,3
2026-01-24 07:29:44.565038,0x433b0b38,6.5222745,66.398476,1002.1792,218.33688,190,,,5.5,-77,,5,5
2026-01-24 07:30:04.526665,0x433ad35c,6.3565865,70.64048,1002.3274,206.53746,192,,,5.5,-58,,3,3
2026-01-24 07:30:11.027655,0x433af380,4.797837,76.79083,1002.75085,248.63565,195,,,6.0,-34,,3,3
2026-01-24 07:30:44.596097,0x433b0b38,6.604575,66.32637,1002.1824,221.1663,187,,,5.5,-76,,5,5
2026-01-24 07:31:11.281786,0x433af380,4.7656097,76.75148,1002.73474,252.04797,194,,,5.5,-34,,3,3
2026-01-24 07:31:44.614342,0x433b0b38,6.681659,66.472176,1002.1734,223.33698,184,,,5.25,-76,,5,5
2026-01-24 07:32:11.672858,0x433af380,5.1829157,75.90258,1002.7211,249.19794,195,,,6.25,-34,,3,3
2026-01-24 07:32:34.430611,0x433aad0c,7.2221165,65.31218,1002.46655,224.7166,197,,,6.0,-70,,3,3
2026-01-24 07:32:44.693449,0x433b0b38,6.640603,66.255264,1002.1538,223.04509,184,,,5.5,-77,,5,5
2026-01-24 07:33:04.002270,0x433ad35c,6.411744,69.81025,1002.3078,207.70538,190,,,5.5,-58,,3,3
2026-01-24 07:33:11.810671,0x433af380,5.4749923,76.04133,1002.74506,246.4116,192,,,6.25,-34,,3,3
2026-01-24 07:33:44.659336,0x433b0b38,6.727969,65.91084,1002.1692,224.8079,182,,,5.5,-77,,5,5
2026-01-24 07:34:12.065151,0x433af380,5.6407294,75.83125,1002.7941,242.25826,193,,,6.25,-33,,3,3
2026-01-24 07:34:44.720079,0x433b0b38,6.756285,66.14722,1002.2312,227.20212,180,,,5.75,-76,,5,5
2026-01-24 07:35:12.393034,0x433af380,5.6051216,75.48794,1002.8042,248.82277,186,,,5.5,-34,,3,3
2026-01-24 07:35:34.946308,0x433aad0c,7.4193306,64.689186,1002.57245,230.85982,192,,,5.75,-71,,3,3
2026-01-24 07:35:44.681670,0x433b0b38,6.7716346,65.98703,1002.26776,225.99867,180,,,5.5,-76,,5,5
2026-01-24 07:36:04.143384,0x433ad35c,6.72235,68.71165,1002.4191,211.0201,185,,,5.5,-59,,3,3
2026-01-24 07:36:12.595848,0x433af380,5.378758,76.503716,1002.836,238.2426,189,,0.033185657,6.0,-35,,3,3
2026-01-24 07:36:44.719493,0x433b0b38,6.509459,66.67165,1002.2884,227.35347,181,,,5.75,-76,,5,5
2026-01-24 07:37:12.987464,0x433af380,5.3232803,74.95299,1002.86633,249.38593,189,,0.48112816,7.25,-34,,3,3
2026-01-24 07:37:45.244061,0x433b0b38,6.3629656,67.13651,1002.32294,226.74933,182,,,5.25,-77,,5,5
2026-01-24 07:38:13.449619,0x433af380,5.0837226,74.97729,1002.86835,251.85594,192,,0.38176176,5.75,-34,,3,3
2026-01-24 07:38:34.439018,0x433aad0c,6.9313517,66.194176,1002.6238,228.9341,194,,,5.25,-71,,3,3
2026-01-24 07:38:44.744962,0x433b0b38,6.2447133,67.47896,1002.32367,226.74933,182,,,5.75,-76,,5,5
2026-01-24 07:39:04.107480,0x433ad35c,6.664799,68.79834,1002.48444,213.74898,183,,,5.5,-58,,3,3
2026-01-24 07:39:13.510740,0x433af380,4.900598,74.843765,1002.8768,253.01253,195,,0.13278669,6.0,-34,,3,3
2026-01-24 07:39:44.750102,0x433b0b38,6.388635,67.53409,1002.3253,226.1484,182,,,5.0,-77,,5,5
2026-01-24 07:40:13.626623,0x433af380,5.2846518,74.86407,1002.85535,251.85594,193,,,5.25,-34,,3,3
2026-01-24 07:40:45.312055,0x433b0b38,6.350037,67.33612,1002.299,226.90005,182,,,5.25,-76,,5,5
2026-01-24 07:41:14.085692,0x433af380,5.8162255,74.65026,1002.87836,241.55017,196,,,7.75,-34,,3,3
2026-01-24 07:41:34.997819,0x433aad0c,6.921238,66.18872,1002.6089,230.5366,193,,,5.75,-70,,3,3
2026-01-24 07:41:44.837497,0x433b0b38,6.275524,67.75906,1002.2911,227.20212,182,,,5.5,-77,,5,5
2026-01-24 07:42:04.125937,0x433ad35c,6.6397066,69.12899,1002.4527,213.61089,181,,,5.75,-59,,3,3
2026-01-24 07:42:16.246184,0x433af380,6.2918468,73.57738,1002.92395,238.2426,192,,,7.75,-34,,3,3
2026-01-24 07:42:44.818754,0x433b0b38,6.3603578,68.2318,1002.3201,224.95607,182,,,5.0,-77,,5,5
2026-01-24 07:43:14.780298,0x433af380,6.9707575,72.22041,1002.9335,224.7958,199,,,7.5,-34,,3,3
2026-01-24 07:43:44.841368,0x433b0b38,6.542916,67.81847,1002.3319,225.6998,180,,,5.0,-76,,5,5
2026-01-24 07:44:14.933661,0x433af380,6.7036953,72.09865,1002.94324,237.8997,186,,,6.0,-33,,3,3
2026-01-24 07:44:34.547673,0x433aad0c,7.113395,66.45645,1002.6532,230.0535,193,,,5.5,-70,,3,3
2026-01-24 07:44:44.929521,0x433b0b38,6.5531607,67.79178,1002.3497,226.59882,179,,,5.75,-77,,5,5
2026-01-24 07:45:04.081956,0x433ad35c,6.952931,69.309555,1002.52466,211.83142,180,,,6.25,-58,,3,3
2026-01-24 07:45:16.070155,0x433af380,5.902702,73.27961,1002.9267,244.95091,186,,,7.25,-34,,3,3
2026-01-24 07:45:44.866937,0x433b0b38,6.6405654,67.266945,1002.3762,225.99867,179,,,5.25,-77,,5,5
2026-01-24 07:46:15.191470,0x433af380,5.7322927,74.07251,1002.93,243.14922,192,,,5.5,-34,,3,3
2026-01-24 07:46:44.919514,0x433b0b38,6.6739845,67.12988,1002.31903,226.90005,178,,,5.75,-76,,5,5
2026-01-24 07:47:15.587643,0x433af380,6.042665,73.77753,1002.9153,233.8605,198,,,8.25,-34,,3,3
2026-01-24 07:47:34.533769,0x433aad0c,7.2448716,65.914406,1002.6101,231.83485,191,,,7.0,-70,,3,3
2026-01-24 07:47:44.960011,0x433b0b38,6.5890756,68.546364,1002.30505,226.59882,177,,,5.5,-77,,5,5
2026-01-24 07:48:04.574689,0x433ad35c,6.9128428,68.39691,1002.4718,213.8873,178,,,5.75,-59,,3,3
2026-01-24 07:48:15.701279,0x433af380,6.6072326,73.15741,1002.90356,235.69463,191,,,6.25,-34,,3,3
2026-01-24 07:48:44.906682,0x433b0b38,6.6508484,68.405014,1002.292,228.11317,176,,,5.75,-77,,5,5
2026-01-24 07:49:15.946585,0x433af380,7.339747,71.588394,1002.8903,232.87204,186,,,5.5,-34,,3,3
2026-01-24 07:49:44.927685,0x433b0b38,6.655952,67.962875,1002.28625,230.89064,173,,,5.75,-76,,5,5
2026-01-24 07:50:16.219880,0x433af380,7.5686593,71.05196,1002.8827,229.79634,185,,,6.0,-34,,3,3
2026-01-24 07:50:34.548760,0x433aad0c,6.878256,67.7867,1002.60333,231.34631,190,,,6.25,-69,,3,3
2026-01-24 07:50:44.952518,0x433b0b38,6.604575,68.625725,1002.3025,230.2676,173,,,5.25,-77,,5,5
2026-01-24 07:51:04.110657,0x433ad35c,7.3513055,69.91308,1002.4494,213.19757,172,,,6.25,-58,,3,3
2026-01-24 07:51:16.674208,0x433af380,7.6727533,70.872406,1002.90265,227.5815,186,,,5.75,-34,,3,3
2026-01-24 07:51:44.977117,0x433b0b38,6.699692,68.246864,1002.2987,231.36014,171,,,5.75,-76,,5,5
2026-01-24 07:52:16.742610,0x433af380,7.113379,72.86905,1002.8546,230.59782,182,,0.29865107,7.25,-33,,3,3
2026-01-24 07:52:44.986546,0x433b0b38,6.743356,68.015594,1002.2934,232.62154,170,,,5.0,-76,,5,5
2026-01-24 07:53:17.004421,0x433af380,7.072684,72.09778,1002.8871,236.03122,180,,0.34843785,5.5,-34,,3,3
2026-01-24 07:53:34.752600,0x433aad0c,7.2777405,66.35902,1002.5495,235.3134,186,,,5.5,-71,,3,3
2026-01-24 07:53:44.996746,0x433b0b38,6.7125826,67.98684,1002.29504,231.51706,170,,,5.0,-77,,5,5
2026-01-24 07:54:04.692707,0x433ad35c,7.641908,68.605255,1002.45135,212.3758,169,,,7.0,-59,,3,3
2026-01-24 07:54:17.281570,0x433af380,7.8331804,70.55225,1002.88293,224.64308,184,,,6.25,-34,,3,3
2026-01-24 07:54:45.029270,0x433b0b38,6.812766,67.94512,1002.2871,233.09811,170,,,5.5,-78,,5,5
2026-01-24 07:55:18.431853,0x433af380,8.100058,69.95129,1002.90234,228.68355,180,,,6.25,-34,,3,3
2026-01-24 07:55:45.015637,0x433b0b38,6.8847837,68.12254,1002.30817,233.73659,168,,,5.0,-76,,5,5
2026-01-24 07:56:17.814008,0x433af380,7.258168,70.92978,1002.88104,232.7081,184,,,5.75,-34,,3,3
2026-01-24 07:56:34.588606,0x433aad0c,7.4370303,66.38789,1002.61426,237.69096,183,,,5.75,-71,,3,3
2026-01-24 07:56:45.046697,0x433b0b38,6.9053874,68.23206,1002.3,234.7009,167,,,4.75,-76,,5,5
2026-01-24 07:57:04.202346,0x433ad35c,7.7972503,68.19455,1002.4696,213.19757,168,,,6.0,-59,,3,3
2026-01-24 07:57:18.073129,0x433af380,8.237707,68.89063,1002.95953,224.03409,186,,0.4813278,5.75,-34,,3,3
2026-01-24 07:57:45.103103,0x433b0b38,6.8051286,67.75038,1002.3648,235.99908,166,,,5.75,-76,,5,5
2026-01-24 07:58:18.738105,0x433af380,8.680161,68.23923,1002.94257,224.94879,182,,0.016592555,6.0,-34,,3,3
2026-01-24 07:58:45.436824,0x433b0b38,6.7176867,68.19772,1002.36066,236.48961,167,,,5.5,-77,,5,5
2026-01-24 07:59:18.578091,0x433af380,7.3702693,70.48217,1002.8901,234.69066,179,,0.41498595,6.0,-34,,3,3
2026-01-24 07:59:35.082056,0x433aad0c,7.0830545,67.542435,1002.59875,237.86263,184,,,5.5,-70,,3,3
2026-01-24 07:59:45.109627,0x433b0b38,6.7407856,68.75038,1002.33606,237.64214,164,,,5.25,-77,,5,5
2026-01-24 08:00:04.761571,0x433ad35c,8.070353,68.26519,1002.4789,216.1247,158,,,6.0,-59,,3,3
2026-01-24 08:00:18.868605,0x433af380,6.739492,72.69249,1002.9329,235.19156,186,,0.46454525,6.0,-34,,3,3
2026-01-24 08:00:45.138446,0x433b0b38,6.4708986,69.80004,1002.33997,235.83601,166,,,5.25,-76,,5,5
2026-01-24 08:01:19.133291,0x433af380,7.476906,71.966805,1002.90906,229.79634,186,,0.13275364,6.0,-34,,3,3
2026-01-24 05:01:39.909709,0x433b0b38,8.13609,69.03835,1000.39844,239.98125,179,,,7.0,-77,,5,5
2026-01-24 05:02:33.509116,0x433aad0c,8.981019,68.44606,1000.75793,259.81744,172,,,6.25,-71,,3,3
2026-01-24 05:02:35.541589,0x433af380,7.071888,77.74388,1001.04724,222.2268,60,,0.97931814,7.75,-35,,3,3
2026-01-24 05:02:42.058504,0x433b0b38,8.267313,69.40429,1000.4738,246.39076,174,,,6.0,-77,,5,5
2026-01-24 05:03:02.367648,0x433ad35c,8.170611,73.538506,1000.6556,222.6759,153,,,7.0,-59,,3,3
2026-01-24 05:03:32.362974,0x433af380,7.2202044,76.54467,1001.1094,222.826,58,,0.53114676,7.25,-34,,3,3
2026-01-24 05:03:40.171943,0x433b0b38,8.406852,69.10286,1000.61804,246.92549,169,,,6.0,-76,,5,5
2026-01-24 05:04:32.308231,0x433af380,7.446573,75.95507,1001.1292,218.12114,66,,0.016591176,7.5,-34,,3,3
2026-01-24 05:04:40.157204,0x433b0b38,8.527785,68.65839,1000.52716,245.50467,169,,,5.5,-76,,5,5
2026-01-24 05:05:32.566293,0x433af380,7.215118,76.82131,1001.0673,228.05252,54,,,8.0,-34,,3,3
2026-01-24 05:05:37.507735,0x433aad0c,9.315838,66.96377,1000.7966,262.09183,169,,,5.75,-71,,3,3
2026-01-24 05:05:40.984234,0x433b0b38,8.419154,68.671974,1000.4923,242.88425,170,,,6.25,-76,,5,5
2026-01-24 05:06:01.784135,0x433ad35c,8.376065,72.255424,1000.6306,224.49052,151,,,5.25,-59,,3,3
2026-01-24 05:06:32.813975,0x433af380,6.268955,78.560135,1001.02856,233.69518,49,,0.91292363,7.5,-33,,3,3
2026-01-24 05:06:40.371029,0x433b0b38,8.208903,69.88895,1000.45123,246.03557,170,,,5.5,-77,,5,5
2026-01-24 05:07:33.059798,0x433af380,6.459713,77.536545,1001.05475,234.52412,50,,0.24898747,7.5,-34,,3,3
2026-01-24 05:07:40.229603,0x433b0b38,8.156999,69.22989,1000.5038,246.74698,171,,,6.25,-77,,5,5
2026-01-24 05:08:33.313457,0x433af380,7.2914214,76.079956,1001.2046,228.05252,55,,0.11618257,8.25,-34,,3,3
2026-01-24 05:08:39.409076,0x433aad0c,8.850567,68.05234,1000.8789,263.77112,170,,,5.0,-77,,3,2
2026-01-24 05:08:40.365643,0x433b0b38,7.8867264,70.238754,1000.6176,242.71155,175,,,5.25,-76,,5,5
2026-01-24 05:09:02.315905,0x433ad35c,7.966714,73.74075,1000.80206,219.71587,158,,,5.75,-59,,3,3
2026-01-24 05:09:33.558679,0x433af380,7.6371446,75.11053,1001.2135,222.37631,62,,,5.75,-34,,3,3
2026-01-24 05:09:40.322886,0x433b0b38,7.6914263,70.68801,1000.7284,243.75148,176,,,5.25,-77,,5,5
2026-01-24 05:10:33.806579,0x433af380,7.509971,76.22386,1001.2033,210.08136,71,,0.36515734,6.0,-34,,3,3
2026-01-24 05:10:41.308170,0x433b0b38,7.537333,70.365875,1000.69366,243.75148,177,,,5.5,-77,,5,5
2026-01-24 05:11:33.416584,0x433aad0c,8.567231,69.00319,1000.88995,265.04474,169,,,6.25,-70,,3,3
2026-01-24 05:11:40.461713,0x433b0b38,7.6818247,70.65317,1000.65027,244.97607,176,,,6.25,-77,,5,5
2026-01-24 05:11:42.678949,0x433af380,7.3168564,76.55907,1001.1755,218.55377,67,,1.6266371,6.0,-34,,3,3
2026-01-24 05:12:01.845098,0x433ad35c,7.769689,73.96711,1000.78436,217.69025,161,,,5.5,-58,,3,3
2026-01-24 05:12:34.654125,0x433af380,6.0705676,78.375854,1001.1044,230.43707,56,,1.0784622,6.25,-34,,3,3
2026-01-24 05:12:41.759557,0x433b0b38,7.6403146,71.0833,1000.60516,245.50467,175,,,5.25,-76,,5,5
2026-01-24 05:13:34.877976,0x433af380,5.6000347,79.254326,1001.1267,238.2426,49,,0.6305484,7.25,-34,,3,3
2026-01-24 05:13:40.874529,0x433b0b38,7.560914,71.13881,1000.5989,242.53908,177,,,5.75,-76,,5,5
2026-01-24 05:14:33.573919,0x433aad0c,8.69795,68.580864,1000.8856,265.2582,169,,,5.5,-70,,3,3
2026-01-24 05:14:36.134112,0x433af380,5.513559,79.99781,1001.1339,238.93138,50,,0.38176176,7.25,-34,,3,3
2026-01-24 05:14:41.468651,0x433b0b38,7.645683,71.19543,1000.6125,240.65805,179,,,5.5,-77,,5,5
2026-01-24 05:15:01.859777,0x433ad35c,8.088004,72.82648,1000.764,220.00833,160,,,5.5,-58,,3,3
2026-01-24 05:15:35.262715,0x433af380,5.8645506,80.7866,1001.1889,227.26859,61,,0.09959002,7.5,-34,,3,3
2026-01-24 05:15:41.048781,0x433b0b38,7.856258,71.328896,1000.60815,242.88425,176,,,5.75,-76,,5,5
2026-01-24 05:16:35.185614,0x433af380,6.9300623,78.65474,1001.2577,220.8904,69,,0.38170475,6.0,-34,,3,3
2026-01-24 05:16:41.065486,0x433b0b38,7.9405985,70.57129,1000.6834,241.33867,176,,,5.25,-76,,5,5
2026-01-24 05:17:33.517217,0x433aad0c,8.759392,67.883255,1000.98065,262.09183,171,,,6.25,-70,,3,3
2026-01-24 05:17:36.324720,0x433af380,7.069192,77.37011,1001.24524,230.43707,57,,0.54763603,6.0,-33,,3,3
2026-01-24 05:17:41.535805,0x433b0b38,8.135746,69.88878,1000.68976,239.98125,176,,,5.5,-76,,5,5
2026-01-24 05:18:01.874814,0x433ad35c,7.9601474,73.523544,1000.83594,222.07755,156,,,7.5,-59,,3,3
2026-01-24 05:18:35.851412,0x433af380,5.8518333,79.0083,1001.2085,236.87688,51,,1.0283629,5.75,-34,,3,3
2026-01-24 05:18:41.349232,0x433b0b38,8.139078,69.65546,1000.66974,242.36685,175,,,5.5,-77,,5,5
2026-01-24 05:19:36.090068,0x433af380,5.6000347,81.03315,1001.2443,234.02608,54,,1.1117564,5.75,-34,,3,3
2026-01-24 05:19:42.392320,0x433b0b38,7.9024177,69.38664,1000.6981,239.1406,179,,,6.0,-76,,5,5
2026-01-24 05:20:33.440717,0x433aad0c,8.562175,68.24797,1000.9923,259.61267,175,,,5.5,-70,,3,3
2026-01-24 05:20:37.417286,0x433af380,5.742466,80.55985,1001.3142,233.03621,55,,0.1991437,8.25,-34,,3,3
2026-01-24 05:20:42.456479,0x433b0b38,7.9982142,69.08467,1000.74066,239.64429,181,,,5.5,-76,,5,5
2026-01-24 05:21:02.421959,0x433ad35c,8.092939,73.422455,1000.9184,219.13329,161,,,5.25,-58,,3,3
2026-01-24 05:21:36.519193,0x433af380,6.2918468,80.547844,1001.3237,228.52548,60,,0.06637352,5.75,-34,,3,3
2026-01-24 05:21:43.246450,0x433b0b38,8.077833,68.972786,1000.7648,238.80597,181,,,5.75,-76,,5,5
2026-01-24 05:22:36.969723,0x433af380,6.6352105,79.58863,1001.32495,223.88237,63,,,6.0,-34,,3,3
2026-01-24 05:22:41.965863,0x433b0b38,8.090611,69.4857,1000.79504,240.65805,179,,,5.25,-76,,5,5
2026-01-24 05:23:34.050523,0x433aad0c,8.453452,69.05287,1001.08563,261.88345,173,,,6.25,-71,,3,3
2026-01-24 05:23:40.299873,0x433af380,7.3735514,77.966896,1001.40497,221.03807,65,,0.26547644,5.5,-34,,3,3
2026-01-24 05:23:45.468127,0x433b0b38,8.135746,69.32842,1000.7923,240.4885,178,,,5.25,-77,,5,5
2026-01-24 05:24:01.937847,0x433ad35c,8.258306,73.55811,1000.9716,224.7958,148,,,6.25,-57,,3,3
2026-01-24 05:24:37.355712,0x433af380,7.807557,76.52793,1001.367,222.37631,66,,0.8960871,8.0,-35,,3,3
2026-01-24 05:24:42.500952,0x433b0b38,8.262964,68.978836,1000.8117,242.53908,175,,,5.75,-77,,5,5
2026-01-24 05:25:37.829474,0x433af380,8.023753,75.19275,1001.3848,228.05252,57,,1.0125489,5.75,-34,,3,3
2026-01-24 05:25:43.723448,0x433b0b38,8.375665,68.480835,1000.7682,242.36685,175,,,6.5,-71,,5,4
2026-01-24 05:26:33.511252,0x433aad0c,8.938911,67.48009,1001.09,259.81744,172,,,5.25,-70,,3,3
2026-01-24 05:26:38.023723,0x433af380,8.226663,73.92788,1001.40344,222.37631,62,,0.7800053,5.25,-34,,3,3
2026-01-24 05:26:43.635958,0x433b0b38,8.3732815,68.60498,1000.7719,245.32822,174,,,6.0,-76,,5,5
2026-01-24 05:27:01.958948,0x433ad35c,8.40617,72.482994,1000.96765,230.75877,138,,,6.25,-59,,3,3
2026-01-24 05:27:38.262533,0x433af380,8.07481,74.03235,1001.39233,223.73083,64,,0.66373515,5.75,-34,,3,3
2026-01-24 05:27:43.573379,0x433b0b38,8.488891,67.88104,1000.77985,245.15201,174,,,5.5,-77,,5,5
2026-01-24 05:28:38.517504,0x433af380,7.726354,74.59607,1001.3732,227.8953,56,,0.14936769,7.5,-33,,3,3
2026-01-24 05:28:44.423619,0x433b0b38,8.509457,67.644585,1000.7959,242.53908,172,,,5.75,-77,,5,5
2026-01-24 05:29:34.072321,0x433aad0c,9.054382,66.80881,1001.08997,262.30057,171,,,5.75,-70,,3,3
2026-01-24 05:29:38.789552,0x433af380,7.3544025,75.35246,1001.3848,228.52548,57,,,7.75,-34,,3,3
2026-01-24 05:29:43.887401,0x433b0b38,8.388594,67.75722,1000.77747,246.03557,171,,,5.25,-77,,5,5
2026-01-24 05:30:02.531418,0x433ad35c,8.553959,70.814705,1000.9769,231.4049,140,,,5.25,-59,,3,3
2026-01-24 05:30:39.545926,0x433af380,7.329385,75.49343,1001.3938,221.92844,66,,,5.25,-35,,3,3
2026-01-24 05:30:46.710275,0x433b0b38,8.306556,67.82443,1000.8061,244.97607,174,,,5.25,-70,,5,4
2026-01-24 05:31:39.276850,0x433af380,7.278516,75.686584,1001.4077,227.73828,60,,,7.0,-34,,3,3
2026-01-24 05:31:42.597356,0x433b0b38,8.3527155,67.62158,1000.79645,243.0572,173,,,5.25,-78,,5,5
2026-01-24 05:32:33.498132,0x433aad0c,8.936382,66.62822,1001.1339,265.9007,170,,,5.75,-70,,3,3
2026-01-24 05:32:39.825699,0x433af380,6.975958,76.369225,1001.38855,230.43707,58,,,5.75,-35,,3,3
2026-01-24 05:32:44.861225,0x433b0b38,8.333605,67.154015,1000.83887,247.28326,173,,,6.0,-77,,5,5
2026-01-24 05:33:01.977031,0x433ad35c,8.541393,69.63633,1000.98883,228.05252,149,,,5.5,-58,,3,3
2026-01-24 05:33:40.070584,0x433af380,6.9404244,76.1033,1001.4346,225.56277,62,,,6.25,-34,,3,3
2026-01-24 05:33:43.462465,0x433b0b38,8.229243,67.48451,1000.89545,244.44975,176,,,5.5,-77,,5,5
2026-01-24 05:34:40.053487,0x433af380,6.757296,76.199,1001.43317,225.7168,62,,,5.75,-34,,3,3
2026-01-24 05:34:45.721596,0x433b0b38,8.29113,67.360596,1000.90137,245.15201,177,,,5.0,-71,,5,4
2026-01-24 05:35:33.576879,0x433aad0c,9.029175,66.10594,1001.1911,259.61267,174,,,5.75,-70,,3,3
2026-01-24 05:35:40.314732,0x433af380,6.7140574,76.34934,1001.44934,223.57951,66,,,7.75,-34,,3,3
2026-01-24 05:35:45.517475,0x433b0b38,8.391503,67.14046,1000.87787,247.82187,175,,,5.75,-76,,5,5
2026-01-24 05:36:02.043875,0x433ad35c,8.568157,69.51385,1001.0481,225.7168,155,,,5.5,-59,,3,3
2026-01-24 05:36:40.579605,0x433af380,6.6502833,76.371445,1001.44745,228.20993,61,,,6.0,-34,,3,3
2026-01-24 05:36:44.660142,0x433b0b38,8.465792,66.605255,1000.89624,242.53908,178,,,5.25,-76,,5,5
2026-01-24 05:37:40.820487,0x433af380,6.6324787,76.6958,1001.4569,227.73828,60,,,6.0,-35,,3,3
2026-01-24 05:37:45.827271,0x433b0b38,8.440122,66.2416,1000.88904,245.32822,178,,,5.25,-76,,5,5
2026-01-24 05:38:33.587646,0x433aad0c,8.897542,65.7894,1001.2257,258.18802,177,,,6.0,-70,,3,3
2026-01-24 05:38:41.096686,0x433af380,6.5790668,76.566795,1001.4667,228.20993,60,,,6.0,-34,,3,3
2026-01-24 05:38:44.397995,0x433b0b38,8.211513,66.72392,1000.9375,245.15201,180,,,5.75,-76,,5,5
2026-01-24 05:39:02.033526,0x433ad35c,8.378533,68.83319,1001.1328,225.10199,159,,,5.75,-58,,3,3
2026-01-24 05:39:41.861444,0x433af380,6.5638056,76.46934,1001.5073,225.40895,64,,,5.75,-34,,3,3
2026-01-24 05:39:45.239765,0x433b0b38,8.136772,67.21509,1000.9778,242.02316,182,,,5.5,-76,,5,5
2026-01-24 05:40:41.638555,0x433af380,6.757296,76.13851,1001.5427,228.20993,62,,,6.0,-35,,3,3
2026-01-24 05:40:45.014893,0x433b0b38,8.216465,67.321106,1000.997,244.62494,182,,,6.25,-76,,5,5
2026-01-24 05:41:33.561745,0x433aad0c,8.931326,65.65256,1001.27435,255.3851,180,,,6.5,-70,,3,3
2026-01-24 05:41:41.909103,0x433af380,6.78744,76.15562,1001.54407,224.03409,66,,,6.0,-34,,3,3
2026-01-24 05:41:45.196070,0x433b0b38,8.252494,67.23509,1001.0039,240.99788,182,,,6.25,-76,,5,5
2026-01-24 05:42:02.052626,0x433ad35c,8.39611,69.12699,1001.1765,222.9763,163,,,5.5,-58,,3,3
2026-01-24 05:42:42.376969,0x433af380,6.6759057,76.30002,1001.5215,229.00038,59,,,5.75,-35,,3,3
2026-01-24 05:42:46.507206,0x433b0b38,8.297934,66.68127,1000.9961,239.81264,184,,,5.75,-77,,5,5
2026-01-24 05:43:42.746865,0x433af380,6.243521,76.35762,1001.5756,234.52412,55,,,7.25,-34,,3,3
2026-01-24 05:43:46.094829,0x433b0b38,8.23351,66.6137,1001.0492,239.30824,184,,,5.5,-76,,5,5
2026-01-24 05:44:33.689270,0x433aad0c,8.918684,65.31699,1001.3383,254.98964,181,,,5.5,-70,,3,3
2026-01-24 05:44:42.662649,0x433af380,6.1237917,75.90604,1001.62805,237.38718,51,,,6.0,-33,,3,3
2026-01-24 05:44:44.443241,0x433b0b38,8.255027,66.425316,1001.0702,243.23041,183,,,6.0,-71,,5,4
2026-01-24 05:45:02.062807,0x433ad35c,8.175622,68.67254,1001.2373,221.63087,170,,,6.0,-59,,3,3
2026-01-24 05:45:43.204661,0x433af380,6.58161,75.72874,1001.65106,230.75877,57,,,5.75,-34,,3,3
2026-01-24 05:45:50.499491,0x433b0b38,8.278315,66.09362,1001.0989,238.3058,186,,,6.25,-70,,5,4
2026-01-24 05:46:42.685002,0x433b0b38,8.29873,65.849144,1001.1117,243.23041,185,,,6.0,-76,,5,5
2026-01-24 05:46:44.800315,0x433af380,7.235277,74.62841,1001.68726,226.1801,64,,,7.25,-33,,3,3
2026-01-24 05:47:33.591817,0x433aad0c,8.933854,64.78946,1001.372,252.44872,184,,,5.25,-70,,3,3
2026-01-24 05:47:42.647651,0x433b0b38,8.362962,65.802475,1001.10895,243.57755,185,,,6.25,-77,,5,5
2026-01-24 05:47:44.725915,0x433af380,6.772368,75.59722,1001.6316,228.05252,61,,,7.25,-34,,3,3
2026-01-24 05:48:02.140395,0x433ad35c,8.20064,68.83528,1001.2203,220.30156,170,,,5.75,-58,,3,3
2026-01-24 05:48:43.193846,0x433b0b38,8.239565,65.83708,1001.0906,241.16815,187,,,5.0,-77,,5,5
2026-01-24 05:48:48.934988,0x433af380,6.268955,77.11298,1001.6647,230.43707,60,,,7.75,-34,,3,3
2026-01-24 05:49:42.674011,0x433b0b38,8.1058855,66.24306,1001.0886,239.81264,188,,,5.0,-77,,5,5
2026-01-24 05:49:49.110384,0x433af380,6.2994766,77.288315,1001.7081,233.53009,55,,,7.25,-34,,3,3
2026-01-24 05:50:33.634362,0x433aad0c,8.835245,64.98746,1001.40027,249.39014,186,,,5.5,-71,,3,3
2026-01-24 05:50:42.754355,0x433b0b38,8.165277,66.07776,1001.18304,239.64429,188,,,5.5,-76,,5,5
2026-01-24 05:50:45.805473,0x433af380,6.5156684,76.81311,1001.68365,229.79634,58,,,7.5,-34,,3,3
2026-01-24 05:51:02.112586,0x433ad35c,8.228313,67.70271,1001.2931,220.8904,173,,,5.75,-58,,3,3
2026-01-24 05:51:42.783593,0x433b0b38,8.208903,66.01997,1001.13324,239.30824,188,,,6.0,-77,,5,5
2026-01-24 05:51:56.213550,0x433af380,6.9582286,75.65718,1001.71985,224.7958,64,,,7.5,-33,,3,3
2026-01-24 05:52:42.753984,0x433b0b38,8.136772,65.79082,1001.14703,239.81264,189,,,6.25,-76,,5,5
2026-01-24 05:52:46.029765,0x433af380,7.1439013,74.87541,1001.70514,226.1801,62,,,7.25,-34,,3,3
2026-01-24 05:53:33.924184,0x433aad0c,8.782148,64.68038,1001.42847,249.20143,188,,,6.25,-70,,3,3
2026-01-24 05:53:42.822543,0x433b0b38,8.046796,66.206345,1001.1522,237.9735,190,,,6.0,-77,,5,5
2026-01-24 05:53:45.601849,0x433af380,7.0826693,74.67876,1001.6923,226.33495,63,,0.016589526,6.25,-34,,3,3
2026-01-24 05:54:02.149988,0x433ad35c,7.7495317,69.372734,1001.30896,218.69835,178,,,6.75,-59,,3,3
2026-01-24 05:54:42.786099,0x433b0b38,8.046759,66.278534,1001.175,237.9735,191,,,5.25,-76,,5,5
2026-01-24 05:54:50.652765,0x433af380,7.2685304,74.622955,1001.7518,222.9763,66,,,7.0,-34,,3,3
2026-01-24 05:55:43.342847,0x433b0b38,8.088116,66.01768,1001.1584,237.4768,191,,,5.5,-77,,5,5
2026-01-24 05:55:54.920527,0x433af380,7.436474,73.861015,1001.73456,222.826,66,,,5.75,-35,,3,3
2026-01-24 05:56:34.292252,0x433aad0c,8.653197,65.44654,1001.45575,248.07518,189,,,6.0,-71,,3,3
2026-01-24 05:56:42.932834,0x433b0b38,8.026267,66.21208,1001.19965,239.1406,191,,,5.75,-76,,5,5
2026-01-24 05:56:46.366969,0x433af380,7.4720078,72.94005,1001.7323,227.42493,60,,,5.5,-34,,3,3
2026-01-24 05:57:02.184919,0x433ad35c,7.7322946,69.706215,1001.3304,217.11835,181,,,5.75,-58,,3,3
2026-01-24 05:57:43.565730,0x433b0b38,8.075074,66.31646,1001.185,237.80771,191,,,5.25,-77,,5,5
2026-01-24 05:57:47.913330,0x433af380,7.538138,72.45625,1001.7485,226.33495,62,,,7.75,-34,,3,3
2026-01-24 05:58:42.854888,0x433b0b38,8.05447,65.81974,1001.1558,239.47614,190,,,5.25,-77,,5,5
2026-01-24 05:58:48.348887,0x433af380,6.5689306,74.76161,1001.67914,233.8605,55,,,7.0,-34,,3,3
2026-01-24 05:59:34.371681,0x433aad0c,8.660784,64.08738,1001.42615,248.07518,190,,,5.5,-70,,3,3
2026-01-24 05:59:42.877022,0x433b0b38,7.9336452,65.68932,1001.16296,240.1501,191,,,6.5,-76,,5,5
2026-01-24 05:59:49.327763,0x433af380,5.6270256,76.40202,1001.71075,242.79207,48,,0.3980958,6.0,-35,,3,3
2026-01-24 06:00:02.188624,0x433ad35c,7.734688,68.726906,1001.3112,218.55377,182,,,5.75,-59,,3,3
2026-01-24 06:00:43.497131,0x433b0b38,7.6987934,66.585014,1001.1677,238.13953,194,,,6.0,-76,,5,5
2026-01-24 06:00:48.769746,0x433af380,5.6397038,77.15694,1001.7266,240.14638,52,,0.016595032,8.25,-34,,3,3
2026-01-24 18:02:13.510722,0x433b0b38,11.126535,54.834568,1002.62555,278.56366,161,,,5.25,-78,,5,5
2026-01-24 18:02:40.742060,0x433aad0c,11.672196,52.76165,1003.00714,457.19302,186,,,5.5,-70,,3,3
2026-01-24 18:02:58.483658,0x433af380,10.526761,56.48464,1003.11365,181.16917,152,,0.46471485,5.75,-33,,3,3
2026-01-24 18:03:08.972243,0x433ad35c,9.916494,59.987747,1002.8736,226.02544,195,,,7.5,-56,,3,3
2026-01-24 18:03:13.316734,0x433b0b38,11.139683,54.84339,1002.6532,274.08994,163,,,5.25,-78,,5,5
2026-01-24 18:03:59.082751,0x433af380,10.478434,56.55007,1003.12585,171.38126,161,,0.3650301,5.75,-33,,3,3
2026-01-24 18:04:13.362275,0x433b0b38,11.072622,54.84685,1002.6728,271.6901,164,,,5.5,-78,,5,5
2026-01-24 18:04:58.759893,0x433af380,10.615786,56.342094,1003.1547,171.03256,165,,,6.75,-33,,3,3
2026-01-24 18:05:13.365892,0x433b0b38,10.923364,55.29655,1002.6716,267.64243,166,,,5.25,-78,,5,5
2026-01-24 18:05:40.769618,0x433aad0c,11.742806,52.739555,1003.0769,432.38412,189,,,5.5,-70,,3,3
2026-01-24 18:05:59.607813,0x433af380,10.903207,55.368053,1003.1687,162.91183,168,,,5.75,-33,,3,3
2026-01-24 18:06:09.030628,0x433ad35c,9.938891,60.121143,1002.94617,211.96725,199,,,6.75,-57,,3,3
2026-01-24 18:06:15.436909,0x433b0b38,10.935572,55.11249,1002.70526,269.971,165,,,4.75,-78,,5,5
2026-01-24 18:06:59.356846,0x433af380,11.098874,54.583412,1003.18835,174.58464,158,,,6.0,-33,,3,3
2026-01-24 18:07:13.461109,0x433b0b38,11.011036,54.818302,1002.72296,269.33194,165,,,5.25,-78,,5,5
2026-01-24 18:07:59.606371,0x433af380,11.020023,54.54316,1003.1896,172.43591,158,,,5.5,-34,,3,3
2026-01-24 18:08:13.441333,0x433b0b38,10.982606,54.92345,1002.72,259.8985,169,,,5.25,-78,,5,5
2026-01-24 18:08:41.191592,0x433aad0c,11.677253,52.73573,1003.0932,420.16986,191,,,5.5,-71,,3,3
2026-01-24 18:08:59.876205,0x433af380,10.890302,54.926174,1003.2191,157.71576,174,,,5.75,-34,,3,3
2026-01-24 18:09:10.509397,0x433ad35c,9.705461,61.076744,1002.95746,223.42842,194,,,6.0,-57,,3,3
2026-01-24 18:09:13.455679,0x433b0b38,10.822761,55.439167,1002.7401,255.4253,172,,,5.5,-78,,5,5
2026-01-24 18:10:00.530074,0x433af380,10.651207,55.563343,1003.2031,178.09851,157,,,5.75,-34,,3,3
2026-01-24 18:10:13.467637,0x433b0b38,10.622652,55.632122,1002.7493,254.66301,173,,,5.5,-78,,5,5
2026-01-24 18:11:00.406052,0x433af380,10.152672,56.96124,1003.218,184.956,153,,,5.75,-33,,3,3
2026-01-24 18:11:13.480278,0x433b0b38,10.4833355,55.939423,1002.73474,257.3511,171,,,5.5,-78,,5,5
2026-01-24 18:11:40.793704,0x433aad0c,11.404174,53.212196,1003.15485,425.51215,191,,,6.25,-70,,3,3
2026-01-24 18:12:00.708584,0x433af380,9.46865,59.024395,1003.21265,180.5854,157,,,5.75,-34,,3,3
2026-01-24 18:12:11.374866,0x433ad35c,10.062082,59.608032,1002.98224,210.61673,199,,,6.75,-57,,3,3
2026-01-24 18:12:15.230772,0x433b0b38,10.638115,55.358273,1002.7974,264.53113,169,,,5.5,-79,,5,5
2026-01-24 18:13:00.879226,0x433af380,9.232102,59.73175,1003.27716,176.6019,162,,,5.75,-34,,3,3
2026-01-24 18:13:13.570080,0x433b0b38,10.704197,55.37383,1002.8101,263.71362,169,,,5.5,-79,,5,5
2026-01-24 18:14:01.134751,0x433af380,9.695024,58.857082,1003.2716,174.22281,162,,,5.75,-34,,3,3
2026-01-24 18:14:13.527899,0x433b0b38,10.711909,55.58294,1002.8217,263.30676,169,,,4.75,-77,,5,5
2026-01-24 18:14:40.833411,0x433aad0c,11.285335,53.561085,1003.1965,414.703,193,,,5.0,-70,,3,3
2026-01-24 18:15:01.601209,0x433af380,9.903593,58.084633,1003.30115,184.3476,153,,,6.0,-34,,3,3
2026-01-24 18:15:10.950437,0x433ad35c,9.863724,59.786285,1003.0497,221.63087,195,,,6.5,-57,,3,3
2026-01-24 18:15:15.306379,0x433b0b38,10.753839,55.41085,1002.94037,262.90115,169,,,5.75,-78,,5,5
2026-01-24 18:16:01.952089,0x433af380,10.628503,55.799057,1003.33325,187.44777,148,,0.33197227,7.5,-33,,3,3
2026-01-24 18:16:13.668520,0x433b0b38,10.822803,55.10534,1002.8764,260.49353,170,,,5.5,-78,,5,5
2026-01-24 18:17:06.738733,0x433af380,10.890302,54.771637,1003.38855,182.9434,150,,0.2987552,6.5,-33,,3,3
2026-01-24 18:17:13.686974,0x433b0b38,10.675918,55.47592,1002.86896,256.96362,171,,,5.5,-78,,5,5
2026-01-24 18:17:40.874684,0x433aad0c,11.32579,53.08574,1003.24524,400.79678,195,,,5.25,-69,,3,3
2026-01-24 18:18:02.360017,0x433af380,10.76821,55.095398,1003.3528,182.34816,151,,,5.25,-34,,3,3
2026-01-24 18:18:10.898467,0x433ad35c,9.834549,59.748703,1003.12964,235.02435,192,,,6.5,-56,,3,3
2026-01-24 18:18:13.856989,0x433b0b38,10.673386,55.262352,1002.9822,256.0,172,,,5.75,-78,,5,5
2026-01-24 18:19:02.727728,0x433af380,10.587619,55.743694,1003.3545,180.97417,153,,,6.0,-33,,3,3
2026-01-24 18:19:13.720670,0x433b0b38,10.491503,55.455452,1003.0176,255.61658,173,,,5.25,-78,,5,5
2026-01-24 18:20:02.705990,0x433af380,10.218804,57.200886,1003.3791,183.34242,153,,,6.75,-34,,3,3
2026-01-24 18:20:13.742328,0x433b0b38,10.356906,56.21603,1002.9234,254.66301,174,,,5.5,-78,,5,5
2026-01-24 18:20:40.900955,0x433aad0c,11.029956,54.381317,1003.331,387.5684,198,,,6.0,-71,,3,3
2026-01-24 18:21:03.554112,0x433af380,9.788947,58.4512,1003.37897,186.80556,151,,,6.0,-33,,3,3
2026-01-24 18:21:11.592282,0x433ad35c,9.976939,58.994762,1003.1803,246.9639,188,,,5.75,-57,,3,3
2026-01-24 18:21:14.027811,0x433b0b38,10.371088,56.01956,1002.9588,252.96442,175,,,5.25,-78,,5,5
2026-01-24 18:22:03.262642,0x433af380,9.748438,58.63099,1003.4016,185.56844,151,,,7.5,-33,,3,3
2026-01-24 18:22:14.200936,0x433b0b38,10.313965,56.575,1002.9653,253.33994,174,,,5.75,-78,,5,5
2026-01-24 18:23:08.195790,0x433af380,9.969726,58.053555,1003.4454,176.41658,160,,,6.5,-34,,3,3
2026-01-24 18:23:13.821134,0x433b0b38,10.30701,56.59454,1002.9705,253.52809,174,,,5.5,-78,,5,5
2026-01-24 18:23:40.896590,0x433aad0c,10.9667425,54.472687,1003.3548,376.13593,199,,,5.75,-71,,3,3
2026-01-24 18:24:04.112175,0x433af380,10.213717,57.688957,1003.48065,175.49583,158,,,6.0,-34,,3,3
2026-01-24 18:24:14.401394,0x433ad35c,9.573569,60.23053,1003.2669,249.5742,188,,,6.5,-56,,3,3
2026-01-24 18:24:17.006223,0x433b0b38,10.264815,56.699203,1002.99347,260.49353,174,,,6.0,-77,,5,5
2026-01-24 18:25:04.391814,0x433af380,10.417201,56.973392,1003.51514,179.04686,154,,,5.75,-34,,3,3
2026-01-24 18:25:22.072791,0x433b0b38,10.236154,56.81996,1003.0277,247.46254,176,,,5.25,-74,,5,4
2026-01-24 18:26:04.670455,0x433af380,10.40957,56.832165,1003.5247,181.36461,151,,,5.75,-33,,3,3
2026-01-24 18:26:13.946909,0x433b0b38,10.146787,56.821125,1003.18066,235.3482,182,,,5.5,-78,,5,5
2026-01-24 18:26:40.975934,0x433aad0c,10.724008,55.388557,1003.46136,367.7363,200,,,5.5,-70,,3,3
2026-01-24 18:27:04.931203,0x433af380,10.307828,56.926174,1003.5456,176.9737,156,,,6.0,-33,,3,3
2026-01-24 18:27:09.221329,0x433ad35c,9.315647,61.515533,1003.31683,247.70409,188,,,6.25,-56,,3,3
2026-01-24 18:27:15.058016,0x433b0b38,10.057222,57.01525,1003.07855,225.10442,188,,,5.5,-70,,5,4
2026-01-24 18:28:05.490092,0x433af380,10.216261,57.528763,1003.5425,152.97998,177,,,5.5,-34,,3,3
2026-01-24 18:28:14.762658,0x433b0b38,10.084515,57.105034,1003.08514,222.174,191,,,5.25,-78,,5,5
2026-01-24 18:29:05.455307,0x433af380,10.223664,57.637753,1003.56024,135.47542,202,,,7.0,-34,,3,3
2026-01-24 18:29:13.969562,0x433b0b38,10.126557,57.06482,1003.08124,223.19093,191,,,5.5,-78,,5,5
2026-01-24 18:29:40.950884,0x433aad0c,10.863074,54.72158,1003.47644,343.56833,202,,,5.5,-70,,3,3
2026-01-24 18:30:05.785336,0x433af380,10.3919525,56.88702,1003.5767,161.34836,175,,,7.5,-34,,3,3
2026-01-24 18:30:09.348078,0x433ad35c,9.222677,62.056454,1003.3425,229.47728,193,,,7.0,-56,,3,3
2026-01-24 18:30:14.014662,0x433b0b38,9.992877,57.475315,1003.07996,226.1484,189,,,5.5,-78,,5,5
2026-01-24 18:31:05.940468,0x433af380,10.508995,55.69315,1003.5944,179.23775,156,,,5.75,-34,,3,3
2026-01-24 18:31:14.675418,0x433b0b38,9.823505,57.86407,1003.1011,228.87798,188,,,5.5,-78,,5,5
2026-01-24 18:32:06.592138,0x433af380,10.226623,56.15652,1003.5777,184.3476,152,,,6.25,-33,,3,3
2026-01-24 18:32:14.031430,0x433b0b38,9.799308,57.791145,1003.1035,231.36014,186,,,5.5,-78,,5,5
2026-01-24 18:32:40.913783,0x433aad0c,10.688609,55.5064,1003.55,340.72482,200,,,5.5,-70,,3,3
2026-01-24 18:33:06.456923,0x433af380,9.578022,58.460598,1003.61395,169.82323,171,,0.58087426,5.75,-33,,3,3
2026-01-24 18:33:10.014813,0x433ad35c,8.987382,62.847103,1003.38403,203.98846,201,,,6.0,-56,,3,3
2026-01-24 18:33:14.104085,0x433b0b38,9.83806,57.68187,1003.23895,238.63902,183,,,5.5,-78,,5,5
2026-01-24 18:34:07.138858,0x433af380,9.066774,59.736027,1003.6172,176.41658,163,,0.21575332,5.75,-33,,3,3
2026-01-24 18:34:14.172305,0x433b0b38,9.94312,57.34638,1003.15875,241.85167,180,,,6.0,-78,,5,5
2026-01-24 18:35:06.944984,0x433af380,9.009977,60.16897,1003.6561,175.49583,165,,,7.25,-34,,3,3
2026-01-24 18:35:18.014832,0x433b0b38,9.975144,57.222992,1003.1696,246.74698,179,,,5.5,-77,,5,5
2026-01-24 18:35:40.963821,0x433aad0c,10.738457,55.182137,1003.56854,358.139,197,,,5.5,-70,,3,3
2026-01-24 18:36:07.198685,0x433af380,9.188675,59.99138,1003.61847,182.9434,157,,,5.75,-33,,3,3
2026-01-24 18:36:11.358862,0x433ad35c,9.070065,62.16203,1003.4334,206.9253,199,,,6.25,-56,,3,3
2026-01-24 18:36:14.999216,0x433b0b38,9.925961,57.362877,1003.17163,251.47348,177,,,5.5,-78,,5,5
2026-01-24 18:37:07.439868,0x433af380,9.097109,59.955605,1003.63354,188.73198,152,,,6.0,-33,,3,3
2026-01-24 18:37:16.067077,0x433b0b38,9.920707,57.230682,1003.1724,252.59003,175,,,5.5,-78,,5,5
2026-01-24 18:38:07.806502,0x433af380,8.743561,60.858494,1003.63324,193.82224,149,,,6.0,-33,,3,3
2026-01-24 18:38:17.303917,0x433b0b38,9.7870245,57.594437,1003.1449,257.1572,174,,,5.5,-78,,5,5
2026-01-24 18:38:41.552299,0x433aad0c,10.450931,55.19617,1003.547,355.05023,198,,,5.75,-70,,3,3
2026-01-24 18:39:07.945666,0x433af380,8.690147,61.11145,1003.6536,191.57573,150,,,6.25,-34,,3,3
2026-01-24 18:39:11.935939,0x433ad35c,9.227915,61.57911,1003.43005,216.40764,195,,,6.75,-57,,3,3
2026-01-24 18:39:14.511507,0x433b0b38,9.727097,57.60876,1003.17474,257.3511,174,,,5.5,-78,,5,5
2026-01-24 18:40:08.198540,0x433af380,9.387069,59.62158,1003.6742,187.02357,152,,,6.25,-33,,3,3
2026-01-24 18:40:14.715828,0x433b0b38,9.715381,57.598858,1003.1899,256.96362,174,,,5.25,-77,,5,5
2026-01-24 18:41:08.464467,0x433af380,9.346222,59.635384,1003.67816,192.2442,147,,,7.5,-34,,3,3
2026-01-24 18:41:16.383091,0x433b0b38,9.584087,58.115673,1003.23883,258.52057,174,,,5.5,-78,,5,5
2026-01-24 18:41:41.128232,0x433aad0c,10.455989,55.53168,1003.5893,353.1467,198,,,5.25,-70,,3,3
2026-01-24 18:42:08.703485,0x433af380,9.0897045,60.016132,1003.70044,186.91783,152,,,6.0,-33,,3,3
2026-01-24 18:42:12.124159,0x433ad35c,9.077619,61.647934,1003.4532,214.44229,196,,,5.75,-56,,3,3
2026-01-24 18:42:16.126994,0x433b0b38,9.48125,58.42637,1003.23157,259.70074,173,,,5.5,-78,,5,5
2026-01-24 18:43:08.960677,0x433af380,8.888729,60.55317,1003.70966,184.14568,156,,,5.75,-33,,3,3
2026-01-24 18:43:15.164031,0x433b0b38,9.533497,58.200134,1003.2487,258.32492,173,,,5.25,-78,,5,5
2026-01-24 18:44:09.279205,0x433af380,8.374943,61.854214,1003.71545,186.49602,156,,,5.25,-34,,3,3
2026-01-24 18:44:16.667200,0x433b0b38,9.404052,58.481438,1003.2593,262.4968,172,,,5.5,-78,,5,5
2026-01-24 18:44:41.040629,0x433aad0c,10.210726,56.633507,1003.6323,355.05023,198,,,5.5,-70,,3,3
2026-01-24 18:45:09.977152,0x433af380,8.390015,62.139587,1003.7169,187.55411,155,,,5.5,-33,,3,3
2026-01-24 18:45:10.786752,0x433ad35c,8.8796425,62.323154,1003.4876,213.19757,197,,,6.25,-57,,3,3
2026-01-24 18:45:19.262891,0x433b0b38,9.391084,58.52741,1003.2796,261.4913,172,,,6.0,-78,,5,5
2026-01-24 18:46:09.905625,0x433af380,8.641822,62.033047,1003.7514,187.55411,154,,,5.75,-33,,3,3
2026-01-24 18:46:17.130685,0x433b0b38,9.419437,58.347946,1003.2828,260.29486,173,,,6.0,-78,,5,5
2026-01-24 18:47:10.013709,0x433af380,8.7283,61.886642,1003.76373,186.59822,154,,,6.25,-33,,3,3
2026-01-24 18:47:17.406558,0x433b0b38,9.426274,58.24975,1003.2831,260.49353,173,,,5.75,-77,,5,5
2026-01-24 18:47:41.151672,0x433aad0c,10.179892,56.22534,1003.6313,351.26346,199,,,5.75,-71,,3,3
2026-01-24 18:48:09.484371,0x433ad35c,8.656649,63.27234,1003.5018,225.7168,193,,,6.5,-57,,3,3
2026-01-24 18:48:11.571591,0x433af380,9.041378,60.606216,1003.7681,185.76242,153,,,6.0,-34,,3,3
2026-01-24 18:48:17.033207,0x433b0b38,9.365526,58.424164,1003.2888,260.09653,174,,,5.5,-78,,5,5
2026-01-24 18:49:10.932190,0x433af380,9.567885,59.212936,1003.7782,185.77348,151,,,5.75,-33,,3,3
2026-01-24 18:49:16.522714,0x433b0b38,9.359472,58.493107,1003.28656,257.9345,174,,,5.5,-78,,5,5
2026-01-24 18:50:11.169099,0x433af380,9.661958,58.41021,1003.7673,186.91783,151,,,6.5,-34,,3,3
2026-01-24 18:50:16.480162,0x433b0b38,9.288365,58.593796,1003.3034,256.77032,175,,,5.75,-78,,5,5
2026-01-24 18:50:41.759055,0x433aad0c,9.902252,57.38978,1003.67365,334.83594,200,,,5.5,-71,,3,3
2026-01-24 18:51:10.081014,0x433ad35c,8.654143,63.15772,1003.5076,236.53789,189,,,6.25,-57,,3,3
2026-01-24 18:51:12.306682,0x433af380,9.516976,58.587097,1003.76044,184.14568,154,,,6.5,-33,,3,3
2026-01-24 18:51:19.216455,0x433b0b38,9.269609,58.748184,1003.29504,254.66301,176,,,5.5,-78,,5,5
2026-01-24 18:52:11.583623,0x433af380,9.310763,59.220062,1003.7449,183.74318,156,,,7.5,-34,,3,3
2026-01-24 18:52:17.258052,0x433b0b38,9.277437,59.15412,1003.28723,254.66301,176,,,5.5,-77,,5,5
2026-01-24 18:53:11.557756,0x433af380,9.165784,59.711647,1003.7347,186.59822,154,,,6.0,-34,,3,3
2026-01-24 18:53:16.784804,0x433b0b38,9.197704,59.72645,1003.3073,248.54369,178,,,5.75,-78,,5,5
2026-01-24 18:53:41.055019,0x433aad0c,10.013505,56.935055,1003.66125,332.46985,200,,,5.5,-70,,3,3
2026-01-24 18:54:09.979171,0x433ad35c,8.298357,64.688965,1003.5343,234.85739,190,,,6.0,-56,,3,3
2026-01-24 18:54:16.978713,0x433af380,9.238666,59.419514,1003.74445,185.44978,154,,,6.25,-34,,3,3
2026-01-24 18:54:18.949104,0x433b0b38,9.1980095,59.576233,1003.3154,242.36685,181,,,5.5,-78,,5,5
2026-01-24 18:55:12.110389,0x433af380,9.171059,59.416916,1003.7733,190.03392,151,,,6.0,-34,,3,3
2026-01-24 18:55:15.635787,0x433b0b38,9.254738,59.40573,1003.3372,237.9735,183,,,5.25,-77,,5,5
2026-01-24 18:56:12.653688,0x433af380,9.071861,59.582798,1003.776,192.2442,151,,,5.5,-33,,3,3
2026-01-24 18:56:16.498532,0x433b0b38,9.147273,59.773464,1003.33716,228.87798,188,,,5.5,-78,,5,5
2026-01-24 18:56:41.072954,0x433aad0c,9.826398,57.96991,1003.6862,326.21298,200,,,5.5,-71,,3,3
2026-01-24 18:57:10.030592,0x433ad35c,8.025253,65.85539,1003.55817,186.39085,203,,,6.75,-56,,3,3
2026-01-24 18:57:14.985300,0x433af380,8.873467,60.59815,1003.8062,187.44777,153,,,7.25,-33,,3,3
2026-01-24 18:57:20.720917,0x433b0b38,9.079371,59.936913,1003.3484,223.19093,192,,,5.5,-78,,5,5
2026-01-24 18:58:13.127117,0x433af380,8.652184,61.210495,1003.80707,183.14268,160,,0.3151487,5.5,-34,,3,3
2026-01-24 18:58:18.250051,0x433b0b38,9.013329,60.134624,1003.3613,223.77621,192,,,5.5,-78,,5,5
2026-01-24 18:59:13.194710,0x433af380,8.349507,61.783936,1003.8003,181.36461,162,,0.5973121,5.75,-34,,3,3
2026-01-24 18:59:16.517258,0x433b0b38,8.9490595,60.383583,1003.3736,229.18532,189,,,5.75,-78,,5,5
2026-01-24 18:59:41.700748,0x433aad0c,9.788471,57.80493,1003.7298,289.00018,205,,,5.25,-69,,3,3
2026-01-24 19:00:10.070891,0x433ad35c,8.122969,65.8326,1003.6089,178.85638,206,,,6.25,-56,,3,3
2026-01-24 19:00:14.599542,0x433af380,8.06164,62.715168,1003.80475,181.16917,162,,0.51443744,7.0,-33,,3,3
2026-01-24 19:00:27.943817,0x433b0b38,8.945652,60.390854,1003.40027,234.21774,186,,,5.5,-74,,5,4
2026-01-24 19:01:13.855704,0x433af380,7.9576225,63.16886,1003.83044,174.22281,169,,0.066364706,6.0,-34,,3,3
2026-01-24 19:01:21.072254,0x433b0b38,8.897643,60.38228,1003.39044,240.31917,184,,,5.75,-78,,5,5
2026-01-24 15:02:10.044768,0x433b0b38,22.829756,23.4933,1001.1292,424.72003,122,,,5.5,-78,,5,5
2026-01-24 15:02:14.559035,0x433af380,24.199354,21.515522,1001.68866,224.03409,183,,1.0286871,6.0,-34,,3,3
2026-01-24 15:02:38.752546,0x433aad0c,21.144884,24.178053,1001.5699,3519.3696,49,,,6.25,-82,,3,3
2026-01-24 15:03:08.103206,0x433ad35c,21.435883,24.363705,1001.3254,2249.1638,54,,,6.5,-60,,3,3
2026-01-24 15:03:10.675496,0x433af380,24.787004,20.901165,1001.75684,207.83598,190,,1.045487,6.25,-34,,3,3
2026-01-24 15:03:16.556971,0x433b0b38,23.223145,23.326006,1001.2175,438.0749,120,,,4.75,-84,,5,4
2026-01-24 15:04:09.596585,0x433b0b38,23.313133,23.69067,1001.231,449.3199,114,,,5.75,-78,,5,5
2026-01-24 15:04:19.510758,0x433af380,25.089544,21.201475,1001.78406,207.83598,188,,0.7302662,5.75,-34,,3,3
2026-01-24 15:05:09.560662,0x433b0b38,22.811758,23.277012,1001.19995,463.97824,114,,,6.5,-80,,5,5
2026-01-24 15:05:14.607606,0x433af380,25.153334,20.373003,1001.76013,209.54868,184,188,1.2900238,5.5,-34,,3,3
2026-01-24 15:05:38.987388,0x433aad0c,21.262867,23.98017,1001.6341,3366.834,53,,,4.25,-84,,3,3
2026-01-24 15:06:07.572873,0x433ad35c,21.237879,23.645473,1001.3633,2234.2192,53,,,6.25,-59,,3,3
2026-01-24 15:06:10.421225,0x433b0b38,22.598103,23.296244,1001.2342,467.47318,113,,,5.5,-79,,5,5
2026-01-24 15:06:17.421910,0x433af380,25.69789,20.503721,1001.7858,186.59822,206,,0.46439114,6.25,-34,,3,3
2026-01-24 15:07:10.124580,0x433b0b38,22.292385,23.571014,1001.247,464.6098,115,,,5.5,-79,,5,5
2026-01-24 15:07:13.764539,0x433af380,24.901482,20.689333,1001.7699,226.80081,175,218,1.7920552,6.0,-34,,3,3
2026-01-24 15:08:10.168985,0x433b0b38,22.4158,24.300156,1001.2365,451.69827,118,,,4.75,-83,,5,5
2026-01-24 15:08:13.406778,0x433af380,24.415588,20.415005,1001.7881,241.72679,167,210,1.4599751,6.75,-33,,3,3
2026-01-24 15:08:38.806034,0x433aad0c,21.564285,24.298372,1001.6623,2835.9788,61,,,5.75,-86,,3,3
2026-01-24 15:09:08.174369,0x433ad35c,21.232868,24.26524,1001.40607,2256.7114,53,,,5.5,-59,,3,3
2026-01-24 15:09:10.590354,0x433b0b38,21.971031,23.48879,1001.2186,440.90417,123,,,5.25,-82,,5,5
2026-01-24 15:09:16.583054,0x433af380,23.817692,20.480247,1001.7439,258.75583,161,210,2.4719212,7.0,-34,,3,3
2026-01-24 15:10:10.196703,0x433b0b38,21.883537,23.856537,1001.25903,472.3247,116,,,5.5,-78,,5,5
2026-01-24 15:10:16.802960,0x433af380,23.616835,21.354252,1001.74286,254.1798,168,207,2.4714293,6.0,-34,,3,3
2026-01-24 15:11:09.640954,0x433b0b38,22.477509,24.745413,1001.2487,490.30402,109,,,6.0,-80,,5,5
2026-01-24 15:11:15.305839,0x433af380,23.630997,21.151417,1001.7657,252.819,169,219,1.7916093,7.5,-34,,3,3
2026-01-24 15:11:38.751541,0x433aad0c,21.852606,24.083714,1001.6812,2648.2212,68,,,5.0,-83,,3,3
2026-01-24 15:12:07.633691,0x433ad35c,21.25542,24.514315,1001.44464,2262.4055,53,,,6.5,-59,,3,3
2026-01-24 15:12:10.730661,0x433b0b38,22.912222,25.101406,1001.2579,494.56653,104,,,6.0,-77,,5,5
2026-01-24 15:12:14.788781,0x433af380,23.268133,21.45781,1001.76764,262.87106,162,214,2.2229226,6.0,-34,,3,3
2026-01-24 15:13:09.700856,0x433b0b38,22.901749,23.243567,1001.2836,463.66312,112,,,6.25,-77,,5,5
2026-01-24 15:13:18.842085,0x433af380,23.509954,22.16882,1001.8123,244.76955,170,195,1.6256655,7.0,-34,,3,3
2026-01-24 15:14:09.747228,0x433b0b38,23.102337,23.469574,1001.2795,451.10132,115,,,5.0,-80,,5,5
2026-01-24 15:14:16.390699,0x433af380,23.20685,21.441103,1001.7883,256.34796,166,195,3.018893,6.5,-34,,3,3
2026-01-24 15:14:38.800503,0x433aad0c,22.044794,23.47014,1001.68964,2734.694,66,,,7.25,-83,,3,3
2026-01-24 15:15:07.653844,0x433ad35c,21.297644,25.242788,1001.45233,2208.5386,53,,,5.5,-59,,3,3
2026-01-24 15:15:10.451750,0x433b0b38,23.256832,23.553898,1001.31433,418.9853,120,,,6.5,-77,,5,5
2026-01-24 15:15:15.882415,0x433af380,23.415613,21.838062,1001.81464,246.04482,177,212,1.7089763,6.25,-33,,3,3
2026-01-24 15:16:09.773380,0x433b0b38,23.41341,23.16685,1001.31036,404.8231,123,,,6.5,-80,,5,5
2026-01-24 15:16:16.745235,0x433af380,23.763626,21.725052,1001.7927,227.11244,182,201,1.1283685,6.25,-34,,3,3
2026-01-24 15:17:09.887592,0x433b0b38,23.27967,22.928707,1001.31067,389.5758,130,,,5.0,-78,,5,5
2026-01-24 15:17:14.622630,0x433af380,23.759295,21.901619,1001.8121,222.07755,179,,1.2448959,5.75,-34,,3,3
2026-01-24 15:17:38.798410,0x433aad0c,21.979006,24.790207,1001.706,2427.5361,71,,,4.75,-84,,3,3
2026-01-24 15:18:07.684921,0x433ad35c,21.182749,25.790989,1001.5084,2146.8474,54,,,5.5,-60,,3,3
2026-01-24 15:18:11.200501,0x433b0b38,23.297668,23.146757,1001.3164,384.9624,131,,,6.75,-76,,5,5
2026-01-24 15:18:22.169361,0x433af380,24.237062,21.489153,1001.85046,226.80081,177,,0.9956688,5.5,-34,,3,3
2026-01-24 15:19:10.557367,0x433b0b38,23.629427,24.801775,1001.3254,347.82608,140,,,5.75,-78,,5,5
2026-01-24 15:19:15.237012,0x433af380,23.639353,20.817684,1001.7988,248.07588,169,196,2.8860028,7.5,-34,,3,3
2026-01-24 15:20:09.868732,0x433b0b38,23.534256,23.669498,1001.34485,366.49966,134,,,5.5,-78,,5,5
2026-01-24 15:20:15.490250,0x433af380,23.600624,21.679445,1001.7908,239.62416,175,198,1.6428263,7.5,-34,,3,3
2026-01-24 15:20:38.809579,0x433aad0c,22.22713,24.509344,1001.71576,2564.5935,69,,,4.75,-84,,3,3
2026-01-24 15:21:07.739293,0x433ad35c,21.070023,25.031475,1001.4783,2091.7573,57,,,6.25,-59,,3,3
2026-01-24 15:21:12.309439,0x433b0b38,23.42819,22.432222,1001.3223,409.19083,126,,,6.25,-79,,5,5
2026-01-24 15:21:16.108259,0x433af380,22.827888,21.143421,1001.8028,272.40204,158,200,3.6302755,7.25,-34,,3,3
2026-01-24 15:22:10.478717,0x433b0b38,22.978882,22.180786,1001.25714,444.92722,121,,,5.0,-78,,5,5
2026-01-24 15:22:17.479832,0x433af380,22.150913,21.1493,1001.78754,282.16763,158,191,3.948438,5.75,-34,,3,3
2026-01-24 15:23:10.270735,0x433b0b38,22.444046,22.227274,1001.29144,469.7248,115,,,5.0,-79,,5,5
2026-01-24 15:23:16.300478,0x433af380,22.347055,21.717915,1001.8265,274.43735,164,209,2.2406266,5.75,-33,,3,3
2026-01-24 15:23:38.834278,0x433aad0c,21.1396,23.0474,1001.6728,2881.7207,66,,,4.5,-85,,3,3
2026-01-24 15:24:07.702041,0x433ad35c,20.538774,24.55316,1001.54706,2206.727,58,,,6.0,-59,,3,3
2026-01-24 15:24:10.771370,0x433b0b38,22.59835,22.768559,1001.3084,376.2631,138,,,6.75,-80,,5,5
2026-01-24 15:24:17.220608,0x433af380,22.473986,21.671661,1001.83545,267.11932,168,212,1.6095312,7.0,-34,,3,3
2026-01-24 15:25:10.535385,0x433b0b38,22.68838,23.040405,1001.31067,352.4957,146,,,5.25,-78,,5,5
2026-01-24 15:25:18.160178,0x433af380,22.917889,20.9605,1001.85614,275.58127,162,203,1.6931146,7.25,-33,,3,3
2026-01-24 15:26:10.437931,0x433b0b38,22.971169,23.638918,1001.3206,321.91135,153,,,5.5,-79,,5,5
2026-01-24 15:26:17.073821,0x433af380,23.049168,21.360184,1001.822,264.1313,164,212,1.7591026,5.75,-34,,3,3
2026-01-24 15:26:38.850740,0x433aad0c,21.766588,23.37277,1001.7347,2661.3706,69,,,4.75,-84,,3,3
2026-01-24 15:27:08.366868,0x433ad35c,20.405964,25.30596,1001.5148,2223.1404,56,,,7.0,-59,,3,3
2026-01-24 15:27:10.990403,0x433b0b38,23.156256,23.398586,1001.31836,320.70154,154,,,5.75,-77,,5,5
2026-01-24 15:27:17.545146,0x433af380,23.254921,21.501451,1001.8456,256.34796,169,,0.94593245,7.0,-34,,3,3
2026-01-24 15:28:10.133799,0x433b0b38,23.248894,23.178438,1001.3095,347.472,145,,,5.5,-79,,5,5
2026-01-24 15:28:17.656352,0x433af380,22.878233,20.791704,1001.7934,285.3338,153,209,2.721224,5.75,-34,,3,3
2026-01-24 15:29:09.986300,0x433b0b38,23.092014,22.788883,1001.3034,352.4957,143,,,6.0,-78,,5,5
2026-01-24 15:29:17.859914,0x433af380,22.871511,21.788496,1001.82263,282.89206,160,189,2.0412564,8.0,-34,,3,3
2026-01-24 15:29:38.880837,0x433aad0c,21.655436,22.782236,1001.69086,2835.9788,66,,,5.5,-84,,3,3
2026-01-24 15:30:07.732986,0x433ad35c,20.869476,25.689617,1001.4722,2203.1123,55,,,5.5,-58,,3,3
2026-01-24 15:30:11.050622,0x433b0b38,22.593208,22.456347,1001.2746,381.94702,137,,,6.0,-80,,5,5
2026-01-24 15:30:18.513522,0x433af380,23.475628,21.212515,1001.8171,253.98448,171,,0.58081645,6.0,-34,,3,3
2026-01-24 15:31:10.617868,0x433b0b38,22.631739,22.970837,1001.2873,341.2196,149,,,5.25,-78,,5,5
2026-01-24 15:31:23.103491,0x433af380,23.49921,20.85351,1001.8322,260.7972,166,202,1.7549088,7.75,-34,,3,3
2026-01-24 15:32:10.033087,0x433b0b38,22.176683,22.641129,1001.20575,358.79468,145,,,6.5,-79,,5,5
2026-01-24 15:32:18.829976,0x433af380,23.204685,20.896399,1001.8152,273.98245,158,208,2.2224803,7.0,-35,,3,3
2026-01-24 15:32:38.916317,0x433aad0c,21.546583,22.839386,1001.6769,2967.885,63,,,4.5,-84,,3,3
2026-01-24 15:33:07.752530,0x433ad35c,20.899584,24.115417,1001.4998,2208.5386,56,,,7.25,-59,,3,3
2026-01-24 15:33:11.553833,0x433b0b38,22.462044,22.953587,1001.254,389.79825,137,,,5.25,-79,,5,5
2026-01-24 15:33:19.431693,0x433af380,23.196865,20.610044,1001.79944,268.8573,161,192,2.0406132,5.5,-33,,3,3
2026-01-24 15:34:10.278241,0x433b0b38,22.69095,23.041473,1001.2818,415.16318,127,,,6.0,-78,,5,5
2026-01-24 15:34:19.353324,0x433af380,22.83077,20.306528,1001.826,297.93475,152,203,2.6556015,5.75,-34,,3,3
2026-01-24 15:35:10.120731,0x433b0b38,22.724377,23.086325,1001.3122,386.70694,133,,,5.5,-77,,5,5
2026-01-24 15:35:20.010943,0x433af380,22.820368,20.791845,1001.85614,278.36597,163,201,2.0241573,6.75,-34,,3,3
2026-01-24 15:35:38.934069,0x433aad0c,21.039991,22.832672,1001.67633,3383.8381,56,,,4.25,-85,,3,3
2026-01-24 15:36:08.262063,0x433ad35c,20.561289,24.201836,1001.5498,2275.8037,56,,,5.5,-59,,3,3
2026-01-24 15:36:11.011846,0x433b0b38,22.557175,23.717691,1001.2933,426.3114,125,,,6.5,-76,,5,5
2026-01-24 15:36:19.938946,0x433af380,23.066824,21.128914,1001.8059,256.5469,174,201,1.5103233,7.25,-34,,3,3
2026-01-24 15:37:10.597947,0x433b0b38,22.498077,22.530758,1001.27527,463.66312,117,,,5.75,-76,,5,5
2026-01-24 15:37:22.930056,0x433af380,23.39806,20.131834,1001.8511,268.20294,170,207,1.3776848,7.25,-34,,3,3
2026-01-24 15:38:10.658306,0x433b0b38,22.374624,22.987284,1001.2743,499.26865,110,,,5.25,-78,,5,5
2026-01-24 15:38:20.402673,0x433af380,23.525217,19.92886,1001.8509,261.20935,175,187,1.5598035,6.0,-34,,3,3
2026-01-24 15:38:39.048606,0x433aad0c,20.76772,23.577509,1001.6831,3624.0703,51,,,6.25,-83,,3,3
2026-01-24 15:39:08.380546,0x433ad35c,20.388422,24.479424,1001.5204,2297.182,55,,,5.5,-58,,3,3
2026-01-24 15:39:10.916860,0x433b0b38,22.066162,24.270523,1001.2847,520.98706,105,,,6.25,-77,,5,5
2026-01-24 15:39:20.663831,0x433af380,23.644781,19.824915,1001.8122,262.66223,173,185,1.427149,6.0,-34,,3,3
2026-01-24 15:40:10.153848,0x433b0b38,22.284672,23.55709,1001.3072,549.5036,98,,,5.5,-78,,5,5
2026-01-24 15:40:20.926480,0x433af380,23.616608,20.307034,1001.812,263.4997,170,191,1.543133,6.25,-34,,3,3
2026-01-24 15:41:10.166330,0x433b0b38,21.778196,22.653194,1001.28656,536.1256,102,,,5.75,-79,,5,5
2026-01-24 15:41:21.885585,0x433af380,23.48687,20.435759,1001.8393,266.68832,168,208,1.6927775,6.0,-34,,3,3
2026-01-24 15:41:39.113651,0x433aad0c,20.99278,23.503618,1001.66254,3379.5713,55,,,6.75,-83,,3,3
2026-01-24 15:42:07.988773,0x433ad35c,20.283138,24.971455,1001.5455,2293.2651,54,,,6.75,-59,,3,3
2026-01-24 15:42:11.169249,0x433b0b38,21.566986,22.628479,1001.2654,509.32602,110,,,6.75,-76,,5,5
2026-01-24 15:42:21.470155,0x433af380,23.234417,19.998123,1001.81616,285.82724,162,195,2.23966,7.5,-34,,3,3
2026-01-24 15:43:11.060903,0x433b0b38,21.703596,22.641665,1001.3271,554.41254,103,,,6.25,-77,,5,5
2026-01-24 15:43:21.719587,0x433af380,22.657675,20.6837,1001.8553,303.96167,158,208,2.4065192,7.5,-34,,3,3
2026-01-24 15:44:10.793153,0x433b0b38,22.019844,23.703535,1001.3188,575.928,96,,,5.5,-79,,5,5
2026-01-24 15:44:22.024271,0x433af380,23.359863,20.948252,1001.8828,244.40758,187,,0.6140977,6.75,-33,,3,3
2026-01-24 15:44:39.026723,0x433aad0c,20.325188,22.832182,1001.6965,3478.2607,57,,,4.75,-83,,3,3
2026-01-24 15:45:07.842802,0x433ad35c,20.260508,24.297792,1001.5989,2324.9785,54,,,7.5,-59,,3,3
2026-01-24 15:45:10.778817,0x433b0b38,21.863007,22.924002,1001.3153,613.72485,88,,,5.5,-78,,5,5
2026-01-24 15:45:22.240466,0x433af380,24.112862,19.87198,1001.907,228.68355,195,,0.34843785,6.0,-34,,3,3
2026-01-24 15:46:10.841043,0x433b0b38,21.549328,23.533163,1001.321,629.5727,87,,,6.0,-76,,5,5
2026-01-24 15:46:22.759628,0x433af380,24.3062,19.259136,1001.91113,239.27728,186,,1.0287553,5.5,-34,,3,3
2026-01-24 15:47:10.424383,0x433b0b38,21.523579,23.25832,1001.3287,643.21606,83,,,6.25,-77,,5,5
2026-01-24 15:47:22.763860,0x433af380,24.11013,19.640263,1001.89435,252.04797,179,,0.9128934,6.25,-34,,3,3
2026-01-24 15:47:39.174867,0x433aad0c,19.975765,23.589968,1001.73047,3709.3425,52,,,5.75,-82,,3,3
2026-01-24 15:48:07.988742,0x433ad35c,20.25056,24.678568,1001.6074,2355.5166,54,,,6.0,-59,,3,3
2026-01-24 15:48:11.735721,0x433b0b38,21.373962,23.668266,1001.35944,608.25665,91,,,6.5,-80,,5,5
2026-01-24 15:48:23.039728,0x433af380,23.78652,19.918127,1001.8711,247.70409,177,258,1.2942835,5.75,-34,,3,3
2026-01-24 15:49:10.390790,0x433b0b38,20.901407,23.326351,1001.30615,614.8304,90,,,6.25,-77,,5,5
2026-01-24 15:49:23.312801,0x433af380,23.995878,19.88911,1001.91364,232.05469,192,,1.0452615,7.5,-34,,3,3
2026-01-24 15:50:10.890398,0x433b0b38,21.099382,23.338818,1001.35425,591.9075,96,,,5.0,-76,,5,5
2026-01-24 15:50:23.577240,0x433af380,23.527573,20.182585,1001.88617,268.63882,171,198,1.659393,6.0,-34,,3,3
2026-01-24 15:50:39.151914,0x433aad0c,19.763803,23.536894,1001.72516,3842.2937,50,,,5.0,-82,,3,3
2026-01-24 15:51:07.929871,0x433ad35c,20.042574,24.425522,1001.57245,2388.9878,53,,,6.5,-59,,3,3
2026-01-24 15:51:11.485853,0x433b0b38,21.065466,23.528748,1001.312,631.90375,88,,,5.0,-79,,5,5
2026-01-24 15:51:23.976267,0x433af380,22.792385,20.341055,1001.8903,276.9666,165,218,2.2905705,5.75,-34,,3,3
2026-01-24 15:52:11.007197,0x433b0b38,21.104486,24.288994,1001.3447,658.73267,82,,,5.25,-78,,5,5
2026-01-24 15:52:24.076986,0x433af380,22.359926,20.198797,1001.86597,304.2414,157,212,3.2694383,6.0,-34,,3,3
2026-01-24 15:53:11.049350,0x433b0b38,20.973398,24.712322,1001.31976,596.56274,90,,,5.5,-78,,5,5
2026-01-24 15:53:24.536020,0x433af380,22.240591,20.609741,1001.86426,305.36557,157,202,2.5894694,8.0,-34,,3,3
2026-01-24 15:53:39.135656,0x433aad0c,19.404724,23.963966,1001.7185,4135.8027,48,,,5.75,-81,,3,3
2026-01-24 15:54:08.414627,0x433ad35c,20.175346,24.358313,1001.5966,2380.531,53,,,6.25,-59,,3,3
2026-01-24 15:54:11.334559,0x433b0b38,20.919594,24.210962,1001.302,511.61627,107,,,6.75,-80,,5,5
2026-01-24 15:54:24.842903,0x433af380,22.16678,21.07142,1001.84827,285.3338,166,213,2.0906966,6.25,-33,,3,3
2026-01-24 15:55:11.089459,0x433b0b38,20.726572,24.013304,1001.2545,544.68085,104,,,5.5,-78,,5,5
2026-01-24 15:55:25.100822,0x433af380,22.02854,21.492987,1001.81415,294.48444,160,208,2.32342,5.75,-34,,3,3
2026-01-24 15:56:10.530743,0x433b0b38,20.500317,23.511673,1001.2392,568.2575,101,,,6.5,-78,,5,5
2026-01-24 15:56:25.253453,0x433af380,22.156605,21.487558,1001.8439,297.13138,155,266,1.3272722,5.75,-34,,3,3
2026-01-24 15:56:39.165094,0x433aad0c,19.414915,24.05358,1001.7211,4167.963,49,,,5.5,-79,,3,3
2026-01-24 15:57:08.421345,0x433ad35c,20.222998,24.319437,1001.58765,2406.0823,52,,,7.5,-61,,3,3
2026-01-24 15:57:11.788759,0x433b0b38,20.774044,23.983625,1001.29047,527.42725,107,,,6.5,-79,,5,5
2026-01-24 15:57:25.880935,0x433af380,21.80559,21.28048,1001.8176,306.21414,151,197,2.7715082,6.0,-34,,3,3
2026-01-24 15:58:11.125559,0x433b0b38,20.88598,24.772236,1001.28485,534.8655,105,,,6.5,-77,,5,5
2026-01-24 15:58:26.047882,0x433af380,21.428871,21.46801,1001.8095,320.77386,146,207,2.6715784,5.75,-34,,3,3
2026-01-24 15:59:11.136655,0x433b0b38,20.824312,23.782536,1001.2656,592.9357,95,,,5.5,-78,,5,5
2026-01-24 15:59:25.901091,0x433af380,21.896942,21.262144,1001.8381,304.2414,155,,0.9129691,5.75,-33,,3,3
2026-01-24 15:59:39.167776,0x433aad0c,18.896261,24.095684,1001.6817,4270.9165,49,,,5.5,-77,,3,3
2026-01-24 16:00:08.008065,0x433ad35c,20.2831,24.467499,1001.56256,2401.7856,52,,,7.25,-59,,3,3
2026-01-24 16:00:10.748063,0x433b0b38,20.551777,23.840826,1001.25574,633.6634,87,,,6.25,-76,,5,5
2026-01-24 16:00:26.181635,0x433af380,22.273434,21.298948,1001.8539,285.82724,164,205,0.94560295,5.75,-34,,3,3
2026-01-24 16:01:11.189826,0x433b0b38,20.533741,24.706831,1001.2598,638.404,87,,,5.75,-78,,5,5
2026-01-24 16:01:26.456957,0x433af380,22.354837,20.739824,1001.8647,293.69952,161,209,1.6259893,7.75,-34,,3,3
2026-01-24 13:02:02.377784,0x433b0b38,21.976097,28.529879,1001.0827,366.10654,127,,,5.75,-76,,5,5
2026-01-24 13:02:37.848171,0x433aad0c,19.99392,27.062407,1001.4844,1723.4728,48,,,6.5,-82,,3,3
2026-01-24 13:02:39.943857,0x433af380,24.168829,23.990385,1001.66364,192.2442,202,,0.1991569,7.25,-34,,3,3
2026-01-24 13:03:02.386557,0x433b0b38,21.911858,26.22044,1001.0695,416.9381,116,,,5.5,-78,,5,5
2026-01-24 13:03:06.554893,0x433ad35c,22.865965,25.364557,1001.3238,1558.5168,50,,,7.25,-58,,3,3
2026-01-24 13:03:38.610758,0x433af380,24.959991,22.640955,1001.7101,181.95348,207,,0.2655866,6.0,-34,,3,3
2026-01-24 13:04:02.993068,0x433b0b38,22.084122,27.163443,1001.1059,456.83694,108,,,5.5,-77,,5,5
2026-01-24 13:04:38.889691,0x433af380,24.430853,23.88153,1001.7298,186.49602,199,199,1.0287553,5.75,-34,,3,3
2026-01-24 13:05:02.961655,0x433b0b38,21.832191,27.79076,1001.09125,455.61734,106,,,5.75,-76,,5,5
2026-01-24 13:05:37.885699,0x433aad0c,20.049553,28.469297,1001.5456,1879.383,42,,,5.25,-82,,3,3
2026-01-24 13:05:44.037555,0x433af380,24.268042,22.111372,1001.67816,202.73743,190,,1.3777077,6.0,-33,,3,3
2026-01-24 13:06:02.438497,0x433b0b38,21.693274,27.55606,1001.13495,448.7292,109,,,6.0,-76,,5,5
2026-01-24 13:06:06.863507,0x433ad35c,22.439808,26.375452,1001.3757,1561.2303,50,,,6.5,-58,,3,3
2026-01-24 13:06:39.197739,0x433af380,24.496994,23.641607,1001.7326,196.35503,192,188,1.0953994,5.75,-34,,3,3
2026-01-24 13:07:02.448646,0x433b0b38,21.724165,26.516842,1001.13446,477.61194,104,,,5.25,-77,,5,5
2026-01-24 13:07:40.138902,0x433af380,24.20171,23.736546,1001.6856,207.83598,182,209,1.4436959,5.75,-34,,3,3
2026-01-24 13:08:02.582590,0x433b0b38,21.559612,27.095076,1001.12415,431.4304,113,,,6.5,-80,,5,5
2026-01-24 13:08:37.920589,0x433aad0c,19.996449,27.923191,1001.5413,1892.6554,46,,,6.25,-83,,3,3
2026-01-24 13:08:40.868858,0x433af380,24.064528,23.12371,1001.677,214.5815,178,258,1.543594,7.0,-33,,3,3
2026-01-24 13:09:02.476602,0x433b0b38,21.791014,27.724277,1001.0974,424.45596,116,,,6.75,-74,,5,5
2026-01-24 13:09:06.573185,0x433ad35c,22.871702,25.539297,1001.3555,1580.4935,50,,,5.75,-60,,3,3
2026-01-24 13:09:39.997828,0x433af380,23.36495,22.54374,1001.6871,236.70726,168,249,1.8246359,5.5,-33,,3,3
2026-01-24 13:10:02.533954,0x433b0b38,21.500477,27.058224,1001.07965,462.72028,108,,,5.75,-75,,5,5
2026-01-24 13:10:40.542377,0x433af380,23.81268,23.465557,1001.6337,204.24052,190,,0.9955863,5.5,-33,,3,3
2026-01-24 13:11:02.582752,0x433b0b38,21.407917,26.236729,1001.0561,516.25916,99,,,5.75,-76,,5,5
2026-01-24 13:11:37.959001,0x433aad0c,20.125414,26.895788,1001.4886,2150.8828,41,,,6.25,-83,,3,3
2026-01-24 13:11:41.043779,0x433af380,24.453749,22.908371,1001.6318,203.61153,189,,0.8460939,6.0,-33,,3,3
2026-01-24 13:12:03.296889,0x433b0b38,21.796194,26.413805,1001.0165,531.94806,94,,,7.25,-77,,5,5
2026-01-24 13:12:07.772094,0x433ad35c,22.919086,26.587036,1001.28076,1666.6666,49,,,5.5,-60,,3,3
2026-01-24 13:12:41.441269,0x433af380,23.352232,22.996353,1001.5768,232.38095,168,244,2.107464,6.25,-34,,3,3
2026-01-24 13:13:02.562460,0x433b0b38,21.904219,26.453766,1001.0114,449.6158,108,,,6.75,-77,,5,5
2026-01-24 13:13:41.957503,0x433af380,23.614254,23.222261,1001.51074,218.98811,178,212,1.4274807,6.0,-34,,3,3
2026-01-24 13:14:02.597491,0x433b0b38,21.98381,26.884907,1000.9963,394.7571,122,,,5.25,-79,,5,5
2026-01-24 13:14:38.036863,0x433aad0c,20.345415,26.124382,1001.40546,2222.2222,40,,,5.75,-83,,3,3
2026-01-24 13:14:43.219679,0x433af380,23.548113,23.473934,1001.5181,224.7958,177,221,1.5933346,6.25,-33,,3,3
2026-01-24 13:15:02.605448,0x433b0b38,21.726736,26.146957,1000.93616,420.53387,117,,,6.0,-78,,5,5
2026-01-24 13:15:06.628193,0x433ad35c,23.257656,24.971312,1001.2111,1693.9546,49,,,6.25,-59,,3,3
2026-01-24 13:15:42.341434,0x433af380,23.003717,22.736006,1001.50446,244.04675,166,213,2.4714293,6.0,-34,,3,3
2026-01-24 13:16:02.672839,0x433b0b38,21.6676,25.637281,1000.9664,435.28162,116,,,5.25,-78,,5,5
2026-01-24 13:16:42.601313,0x433af380,22.596733,23.313423,1001.51514,257.3458,166,219,2.6220584,5.75,-33,,3,3
2026-01-24 13:17:02.794769,0x433b0b38,21.153337,25.591616,1000.9666,438.91983,117,,,5.5,-79,,5,5
2026-01-24 13:17:38.020868,0x433aad0c,20.413692,27.262312,1001.4144,2187.755,44,,,6.5,-83,,3,3
2026-01-24 13:17:42.305661,0x433af380,23.236732,23.713646,1001.59393,219.42421,186,248,1.4108351,5.75,-34,,3,3
2026-01-24 13:18:02.638227,0x433b0b38,21.148308,26.878092,1001.0176,432.2499,118,,,6.5,-74,,5,5
2026-01-24 13:18:06.699798,0x433ad35c,23.179592,23.876862,1001.23315,1766.2509,49,,,6.0,-58,,3,3
2026-01-24 13:18:42.864109,0x433af380,23.58122,23.143173,1001.51935,228.68355,178,193,1.6598612,6.0,-34,,3,3
2026-01-24 13:19:02.658756,0x433b0b38,21.256182,26.981762,1001.026,471.99817,111,,,6.75,-77,,5,5
2026-01-24 13:19:42.799504,0x433af380,23.820349,22.362892,1001.54926,226.49002,178,198,1.3445098,6.75,-33,,3,3
2026-01-24 13:20:02.662606,0x433b0b38,20.834558,25.681805,1000.9876,413.15314,123,,,5.5,-78,,5,5
2026-01-24 13:20:38.050875,0x433aad0c,19.981277,26.52708,1001.45355,2371.6812,44,,,4.25,-83,,3,3
2026-01-24 13:20:43.053820,0x433af380,23.682789,21.866896,1001.5488,235.35902,174,207,2.0913906,6.0,-33,,3,3
2026-01-24 13:21:02.919612,0x433b0b38,21.137987,26.665943,1001.00824,444.92722,118,,,6.5,-80,,5,5
2026-01-24 13:21:06.703588,0x433ad35c,22.904469,23.003641,1001.2775,1887.7192,49,,,6.25,-59,,3,3
2026-01-24 13:21:44.286803,0x433af380,23.420956,21.798756,1001.49756,261.41592,165,268,2.306097,6.25,-33,,3,3
2026-01-24 13:22:02.711254,0x433b0b38,21.379635,25.213531,1000.99615,499.26865,106,,,5.5,-76,,5,5
2026-01-24 13:22:43.875396,0x433af380,23.146175,22.474308,1001.5531,252.4329,170,297,1.7919066,7.25,-33,,3,3
2026-01-24 13:23:02.880413,0x433b0b38,21.36417,26.021858,1001.02454,515.4795,100,,,6.25,-80,,5,5
2026-01-24 13:23:38.119253,0x433aad0c,20.449097,27.963278,1001.4518,2511.7153,40,,,5.5,-82,,3,3
2026-01-24 13:23:43.864083,0x433af380,23.660082,22.562082,1001.5327,220.00833,190,,1.0120786,5.5,-33,,3,3
2026-01-24 13:24:03.238755,0x433b0b38,20.870516,26.184093,1000.98773,544.24664,98,,,6.0,-77,,5,5
2026-01-24 13:24:06.700826,0x433ad35c,22.783424,23.292065,1001.235,1917.32,49,,,6.75,-58,,3,3
2026-01-24 13:24:44.689979,0x433af380,24.06707,21.72742,1001.5461,227.73828,183,,1.0457473,6.0,-34,,3,3
2026-01-24 13:25:02.769662,0x433b0b38,21.307604,25.769516,1001.016,568.73096,93,,,5.75,-76,,5,5
2026-01-24 13:25:44.380684,0x433af380,24.962536,21.820011,1001.57227,191.79805,206,,0.0829724,6.0,-33,,3,3
2026-01-24 13:26:02.983347,0x433b0b38,21.662458,26.057095,1001.03394,537.3917,96,,,6.5,-80,,5,5
2026-01-24 13:26:38.112017,0x433aad0c,21.238071,26.053247,1001.46045,2334.4946,48,,,6.5,-82,,3,3
2026-01-24 13:26:44.683857,0x433af380,24.893625,21.719995,1001.5932,209.15092,188,,0.96257573,5.75,-34,,3,3
2026-01-24 13:27:02.915773,0x433b0b38,21.527885,25.269104,1001.0367,545.1158,95,,,5.75,-78,,5,5
2026-01-24 13:27:06.756843,0x433ad35c,22.88427,23.779455,1001.2364,1982.3137,49,,,6.0,-58,,3,3
2026-01-24 13:27:44.952625,0x433af380,24.713268,20.405926,1001.5636,219.27866,182,229,1.8085883,5.75,-33,,3,3
2026-01-24 13:28:03.308968,0x433b0b38,21.798765,25.547691,1000.99255,527.0201,99,,,6.25,-80,,5,5
2026-01-24 13:28:45.189590,0x433af380,24.364521,21.573294,1001.5815,218.98811,183,204,1.8418956,6.25,-33,,3,3
2026-01-24 13:29:03.381208,0x433b0b38,21.52872,25.400146,1000.9968,534.4468,97,,,5.5,-78,,5,5
2026-01-24 13:29:38.120867,0x433aad0c,20.901745,25.98895,1001.4103,2292.5579,51,,,4.5,-84,,3,3
2026-01-24 13:29:45.433980,0x433af380,24.15516,22.32836,1001.53577,222.37631,184,213,1.5599588,5.75,-33,,3,3
2026-01-24 13:30:02.876238,0x433b0b38,21.53133,26.206497,1000.988,525.8023,98,,,5.5,-76,,5,5
2026-01-24 13:30:06.764504,0x433ad35c,22.72385,23.391674,1001.2387,2022.5563,50,,,6.0,-59,,3,3
2026-01-24 13:30:45.685981,0x433af380,24.858234,21.496847,1001.56866,207.18468,192,,0.94591683,6.0,-33,,3,3
2026-01-24 13:31:03.453445,0x433b0b38,21.945244,25.61697,1000.9735,549.0617,93,,,5.75,-78,,5,5
2026-01-24 13:31:46.265852,0x433af380,24.804811,21.104313,1001.51715,204.24052,195,,0.7965351,5.5,-34,,3,3
2026-01-24 13:32:02.920426,0x433b0b38,22.096752,25.00718,1000.92175,564.9655,91,,,5.5,-77,,5,5
2026-01-24 13:32:38.157125,0x433aad0c,21.255774,25.764462,1001.34265,2547.5288,47,,,6.0,-83,,3,3
2026-01-24 13:32:46.501920,0x433af380,25.598526,21.78262,1001.5048,184.3476,206,,0.43149948,5.75,-34,,3,3
2026-01-24 13:33:03.008475,0x433b0b38,21.809052,24.52194,1000.9054,592.4212,87,,,5.5,-78,,5,5
2026-01-24 13:33:06.737830,0x433ad35c,23.593641,23.800812,1001.17114,2037.8788,49,,,6.75,-59,,3,3
2026-01-24 13:33:46.457416,0x433af380,25.328865,21.026724,1001.5316,208.35997,187,,1.1286308,6.0,-34,,3,3
2026-01-24 13:34:02.978562,0x433b0b38,21.960709,25.29261,1000.93506,576.9014,89,,,5.25,-76,,5,5
2026-01-24 13:34:47.275878,0x433af380,24.972712,20.536877,1001.4933,223.88237,178,266,1.6429899,5.75,-34,,3,3
2026-01-24 13:35:03.733831,0x433b0b38,22.300137,25.795242,1000.8976,597.08453,84,,,5.5,-77,,5,5
2026-01-24 13:35:38.172992,0x433aad0c,20.866491,25.105953,1001.31714,2559.6946,49,,,4.25,-84,,3,3
2026-01-24 13:35:46.981575,0x433af380,25.422842,20.499931,1001.4997,193.14278,203,,0.5807972,5.75,-33,,3,3
2026-01-24 13:36:03.021648,0x433b0b38,22.382376,24.679846,1000.90137,617.0533,80,,,6.0,-77,,5,5
2026-01-24 13:36:07.508490,0x433ad35c,23.04875,22.715685,1001.1447,2078.8254,50,,,5.75,-59,,3,3
2026-01-24 13:36:47.706963,0x433af380,25.435713,20.687374,1001.48883,204.11443,193,,0.78007,6.0,-33,,3,3
2026-01-24 13:37:03.053251,0x433b0b38,22.562355,24.102924,1000.8976,643.8227,79,,,6.25,-76,,5,5
2026-01-24 13:37:47.815512,0x433af380,25.188759,21.480068,1001.49005,206.66658,187,,1.0619763,5.75,-33,,3,3
2026-01-24 13:38:03.125928,0x433b0b38,22.441174,24.931864,1000.891,663.85736,75,,,6.25,-79,,5,5
2026-01-24 13:38:38.231962,0x433aad0c,21.078758,25.469007,1001.3265,2906.7246,43,,,5.0,-83,,3,3
2026-01-24 13:38:48.139016,0x433af380,24.049263,20.40473,1001.4102,249.19794,167,247,2.3070538,6.0,-34,,3,3
2026-01-24 13:39:03.056882,0x433b0b38,22.323278,24.415869,1000.88715,694.2373,70,,,5.5,-76,,5,5
2026-01-24 13:39:06.870720,0x433ad35c,23.22261,22.233583,1001.1086,2140.016,50,,,6.25,-60,,3,3
2026-01-24 13:39:48.530553,0x433af380,24.311287,22.118742,1001.46594,218.55377,187,,0.97900933,6.5,-33,,3,3
2026-01-24 13:40:03.274513,0x433b0b38,21.983887,24.665998,1000.9032,746.62775,66,,,5.25,-78,,5,5
2026-01-24 13:40:49.269393,0x433af380,24.522434,21.785847,1001.4671,219.56992,182,311,1.1615173,7.0,-34,,3,3
2026-01-24 13:41:03.225204,0x433b0b38,21.73475,25.081211,1000.83124,765.17834,62,,,6.0,-77,,5,5
2026-01-24 13:41:38.215433,0x433aad0c,20.790478,25.668123,1001.29144,3217.287,40,,,6.25,-83,,3,3
2026-01-24 13:41:48.779643,0x433af380,24.336727,21.551546,1001.4465,227.42493,178,,1.1120702,6.5,-34,,3,3
2026-01-24 13:42:03.124647,0x433b0b38,21.880966,24.386984,1000.8654,800.15625,57,,,5.75,-80,,5,5
2026-01-24 13:42:06.779623,0x433ad35c,22.354643,24.475327,1001.1208,2150.2798,50,,,6.25,-58,,3,3
2026-01-24 13:42:49.155369,0x433af380,24.344358,21.093542,1001.41547,208.75471,192,311,1.6762372,5.75,-34,,3,3
2026-01-24 13:43:03.337798,0x433b0b38,22.060299,25.47317,1000.8874,818.38165,54,,,5.25,-78,,5,5
2026-01-24 13:43:49.403691,0x433af380,23.670258,21.981321,1001.3521,232.54442,177,225,2.604901,5.75,-33,,3,3
2026-01-24 13:44:03.165501,0x433b0b38,22.014133,25.206944,1000.8626,783.6235,57,,,5.25,-76,,5,5
2026-01-24 13:44:38.780094,0x433aad0c,20.712088,26.521286,1001.27155,3316.8315,39,,,5.25,-85,,3,3
2026-01-24 13:44:49.706598,0x433af380,23.224203,22.438374,1001.3628,237.21683,175,196,2.5861213,6.0,-34,,3,3
2026-01-24 13:45:03.283488,0x433b0b38,21.664991,25.987968,1000.83734,719.10114,66,,,6.0,-77,,5,5
2026-01-24 13:45:06.973412,0x433ad35c,22.606148,24.397566,1001.1355,2099.922,50,,,6.75,-60,,3,3
2026-01-24 13:45:49.654952,0x433af380,23.171614,22.865517,1001.41296,229.15913,177,216,2.091078,5.75,-34,,3,3
2026-01-24 13:46:03.331616,0x433b0b38,21.842438,25.899166,1000.8329,737.7522,64,,,5.75,-76,,5,5
2026-01-24 13:46:54.823062,0x433af380,22.851084,22.60363,1001.3979,251.85594,163,250,2.1268878,6.25,-34,,3,3
2026-01-24 13:47:03.290922,0x433b0b38,21.569935,25.964111,1000.8991,760.06683,62,,,5.5,-78,,5,5
2026-01-24 13:47:38.240793,0x433aad0c,20.600822,25.70545,1001.26794,3469.2559,40,,,4.75,-84,,3,3
2026-01-24 13:47:50.593924,0x433af380,22.741697,23.324562,1001.3731,249.76277,162,253,2.0401053,5.75,-34,,3,3
2026-01-24 13:48:03.244647,0x433b0b38,21.552124,25.666418,1000.8785,756.69684,61,,,5.5,-76,,5,5
2026-01-24 13:48:06.953002,0x433ad35c,22.738317,24.64888,1001.1049,2148.5623,49,,,6.5,-60,,3,3
2026-01-24 13:48:51.028726,0x433af380,23.265738,23.319164,1001.4078,231.8919,167,221,1.31079,6.0,-34,,3,3
2026-01-24 13:49:03.752089,0x433b0b38,21.59039,25.580868,1000.8246,793.64465,57,,,5.5,-79,,5,5
2026-01-24 13:49:51.401004,0x433af380,22.698488,23.71208,1001.37573,250.14076,158,273,2.273406,6.0,-34,,3,3
2026-01-24 13:50:03.320442,0x433b0b38,21.67308,26.91936,1000.94183,800.6255,55,,,5.0,-82,,5,5
2026-01-24 13:50:38.245555,0x433aad0c,20.927032,26.918114,1001.2567,3420.549,40,,,6.0,-82,,3,3
2026-01-24 13:50:51.385794,0x433af380,22.99358,22.967056,1001.38617,241.02185,163,209,1.9419732,5.75,-33,,3,3
2026-01-24 13:51:03.402126,0x433b0b38,21.644499,26.492474,1000.8255,646.2606,75,,,5.75,-78,,5,5
2026-01-24 13:51:06.851977,0x433ad35c,22.818888,24.086756,1001.096,2124.8025,50,,,6.0,-59,,3,3
2026-01-24 13:51:52.178253,0x433af380,23.342094,22.770395,1001.3477,232.38095,173,199,1.8084382,7.5,-34,,3,3
2026-01-24 13:52:03.304710,0x433b0b38,22.191807,25.688946,1000.78796,573.5088,87,,,5.0,-79,,5,5
2026-01-24 13:52:52.530553,0x433af380,23.163795,22.676922,1001.39374,243.50742,164,253,1.8254535,5.5,-33,,3,3
2026-01-24 13:53:03.326854,0x433b0b38,22.508211,26.075539,1000.83203,491.71667,101,,,5.25,-79,,5,5
2026-01-24 13:53:38.264956,0x433aad0c,20.833467,25.887236,1001.2439,2829.9893,56,,,5.25,-82,,3,3
2026-01-24 13:53:52.852516,0x433af380,23.827753,22.723986,1001.3645,221.18599,177,212,1.1118486,6.75,-34,,3,3
2026-01-24 13:54:03.450413,0x433b0b38,22.687735,26.150831,1000.8463,468.4355,106,,,6.0,-77,,5,5
2026-01-24 13:54:06.863201,0x433ad35c,23.169264,25.352669,1001.0548,2093.3853,50,,,7.0,-59,,3,3
2026-01-24 13:54:52.566964,0x433af380,23.499777,22.501778,1001.32764,239.62416,165,239,1.8250598,6.25,-33,,3,3
2026-01-24 13:55:03.551603,0x433b0b38,22.607723,25.423193,1000.8317,496.72568,100,,,5.25,-78,,5,5
2026-01-24 13:55:53.051070,0x433af380,23.5928,22.525696,1001.32404,237.8997,168,196,1.7922634,6.25,-33,,3,3
2026-01-24 13:56:04.305158,0x433b0b38,22.74411,25.85518,1000.83295,475.61542,104,,,5.25,-79,,5,5
2026-01-24 13:56:38.321533,0x433aad0c,21.227957,26.815975,1001.2649,2304.3853,67,,,5.0,-84,,3,3
2026-01-24 13:56:53.096359,0x433af380,24.237553,22.284876,1001.38684,224.49052,179,260,0.9127873,7.5,-34,,3,3
2026-01-24 13:57:03.396065,0x433b0b38,22.8169,25.494831,1000.9841,409.68195,118,,,5.25,-78,,5,5
2026-01-24 13:57:07.911894,0x433ad35c,23.334848,23.411171,1001.06067,2111.46,50,,,5.5,-59,,3,3
2026-01-24 13:57:53.495405,0x433af380,23.54048,22.032265,1001.281,249.38593,160,249,2.224288,5.75,-34,,3,3
2026-01-24 13:58:03.523629,0x433b0b38,22.891615,25.380611,1000.78143,407.72446,121,,,5.75,-75,,5,5
2026-01-24 13:58:55.562569,0x433af380,23.608725,22.131596,1001.2961,236.87688,172,192,1.8751763,6.0,-33,,3,3
2026-01-24 13:59:06.073080,0x433b0b38,22.731674,25.820982,1000.78754,442.61942,113,,,6.75,-77,,5,5
2026-01-24 13:59:38.929464,0x433aad0c,20.914427,24.519428,1001.1954,2604.4702,63,,,5.5,-84,,3,3
2026-01-24 13:59:53.964644,0x433af380,23.881176,21.793741,1001.2863,236.03122,171,214,1.7926204,7.0,-34,,3,3
2026-01-24 14:00:03.481916,0x433b0b38,22.883825,25.418308,1000.81506,443.19412,113,,,5.25,-78,,5,5
2026-01-24 14:00:06.891783,0x433ad35c,23.182703,23.823233,1000.96985,2176.3752,49,,,5.75,-60,,3,3
2026-01-24 14:00:54.328600,0x433af380,23.970213,21.712358,1001.2933,226.1801,176,189,1.9249917,6.0,-33,,3,3
2026-01-24 14:01:03.948336,0x433b0b38,22.804314,24.350733,1000.759,473.9644,107,,,5.25,-78,,5,5
2026-01-24 14:01:54.268866,0x433af380,24.06358,22.049751,1001.3121,222.826,179,190,2.0910435,6.25,-34,,3,3
2026-01-23 19:01:20.526298,0x433b0b38,11.005743,63.75836,1000.00854,221.02309,184,,,5.0,-77,,5,5
2026-01-23 19:01:54.169491,0x433af380,9.77133,71.19804,1000.53094,190.69165,52,,,6.75,-33,,3,3
2026-01-23 19:02:21.431007,0x433b0b38,11.005705,63.764084,999.9824,220.59457,184,,,5.25,-77,,5,5
2026-01-23 19:02:26.053610,0x433aad0c,11.770201,62.031982,1000.32745,232.16171,193,,,5.25,-70,,3,3
2026-01-23 19:02:53.919341,0x433af380,9.979899,70.46905,1000.50195,189.92473,52,,,7.5,-34,,3,3
2026-01-23 19:02:58.654711,0x433ad35c,10.733808,67.7142,1000.19324,204.49324,174,,,6.0,-58,,3,3
2026-01-23 19:03:22.821921,0x433b0b38,10.928618,64.04303,1000.0129,222.89944,183,,,5.5,-76,,5,5
2026-01-23 19:03:54.188641,0x433af380,10.231748,69.589424,1000.51825,191.35396,50,,,7.0,-34,,3,3
2026-01-23 19:04:21.780966,0x433b0b38,10.864385,63.901115,1000.0294,224.95607,182,,,5.5,-76,,5,5
2026-01-23 19:04:54.964780,0x433af380,10.513855,68.66332,1000.4945,180.39165,55,,,5.75,-34,,3,3
2026-01-23 19:05:23.425736,0x433b0b38,10.756334,64.00382,1000.0099,224.3646,183,,,5.0,-76,,5,5
2026-01-23 19:05:27.440620,0x433aad0c,11.324915,62.838577,1000.3547,229.89294,195,,,6.25,-71,,3,3
2026-01-23 19:05:55.569955,0x433af380,11.108576,67.04427,1000.5391,186.18494,56,,,5.5,-34,,3,3
2026-01-23 19:05:58.923781,0x433ad35c,10.848384,67.49333,1000.187,197.17487,175,,,6.0,-57,,3,3
2026-01-23 19:06:23.267217,0x433b0b38,10.737695,64.10979,1000.0098,225.6998,183,,,5.75,-77,,5,5
2026-01-23 19:06:55.174834,0x433af380,11.286338,65.75922,1000.54614,189.81569,54,,,7.5,-35,,3,3
2026-01-23 19:07:21.306370,0x433b0b38,10.738378,63.987137,1000.0066,225.99867,183,,,5.75,-77,,5,5
2026-01-23 19:07:55.217106,0x433af380,10.750406,66.88254,1000.50214,191.57573,50,,,7.5,-34,,3,3
2026-01-23 19:08:21.909717,0x433b0b38,10.753801,63.921883,1000.01855,225.25298,183,,,6.0,-77,,5,5
2026-01-23 19:08:26.216830,0x433aad0c,11.474972,62.3737,1000.31836,231.67178,195,,,5.75,-71,,3,3
2026-01-23 19:08:55.971812,0x433af380,10.658838,67.524574,1000.5116,187.34155,53,,,6.0,-34,,3,3
2026-01-23 19:09:03.532173,0x433ad35c,10.693719,67.59567,1000.1948,202.9864,174,,,6.5,-57,,3,3
2026-01-23 19:09:21.819636,0x433b0b38,10.658719,64.34818,1000.01624,225.55066,183,,,5.5,-76,,5,5
2026-01-23 19:09:55.730680,0x433af380,10.62805,68.05262,1000.5057,185.97142,57,,,7.0,-34,,3,3
2026-01-23 19:10:21.417532,0x433b0b38,10.669002,64.43602,1000.0289,225.6998,182,,,5.5,-76,,5,5
2026-01-23 19:10:56.006932,0x433af380,10.659026,68.30219,1000.5183,186.59822,58,,,5.75,-34,,3,3
2026-01-23 19:11:21.392835,0x433b0b38,10.512144,64.83402,1000.01965,225.25298,183,,,5.5,-76,,5,5
2026-01-23 19:11:26.239380,0x433aad0c,11.42368,62.293182,1000.3486,230.37535,195,,,5.25,-70,,3,3
2026-01-23 19:11:55.787970,0x433ad35c,10.232727,68.57025,1000.2097,203.236,177,,,6.0,-57,,3,3
2026-01-23 19:12:01.498400,0x433af380,10.81927,67.83773,1000.5417,187.6606,55,,,7.25,-34,,3,3
2026-01-23 19:12:21.908847,0x433b0b38,10.535282,64.66664,1000.0106,224.95607,183,,,5.5,-77,,5,5
2026-01-23 19:12:57.094702,0x433af380,10.966609,66.807,1000.5288,191.13268,53,,,5.5,-34,,3,3
2026-01-23 19:13:21.511451,0x433b0b38,10.604656,64.371506,1000.0258,225.40172,183,,,5.0,-77,,5,5
2026-01-23 19:13:57.204221,0x433af380,10.941173,66.7922,1000.5295,190.14323,51,,,5.5,-34,,3,3
2026-01-23 19:14:21.954442,0x433b0b38,10.604656,64.54515,1000.00476,224.95607,183,,,5.25,-77,,5,5
2026-01-23 19:14:26.885344,0x433aad0c,11.366622,62.970818,1000.35,231.67178,195,,,5.75,-70,,3,3
2026-01-23 19:14:55.870582,0x433ad35c,10.379684,68.311676,1000.2129,201.74757,179,,,6.5,-58,,3,3
2026-01-23 19:15:02.190701,0x433af380,11.195529,66.25513,1000.53546,187.44777,53,,,5.75,-34,,3,3
2026-01-23 19:15:23.531638,0x433b0b38,10.586699,64.592125,1000.021,224.3646,183,,,5.75,-76,,5,5
2026-01-23 19:15:57.292632,0x433af380,11.248944,66.21194,1000.55,189.0558,56,,,6.0,-34,,3,3
2026-01-23 19:16:21.502518,0x433b0b38,10.55324,64.44085,1000.0173,223.48318,184,,,5.75,-76,,5,5
2026-01-23 19:16:58.023796,0x433af380,11.152289,66.527054,1000.54956,190.8017,52,,,6.0,-33,,3,3
2026-01-23 19:17:22.138715,0x433b0b38,10.4350195,64.580246,1000.014,225.6998,184,,,5.5,-77,,5,5
2026-01-23 19:17:27.844368,0x433aad0c,11.085845,62.685238,1000.39233,231.50896,197,,,5.25,-70,,3,3
2026-01-23 19:17:56.402672,0x433ad35c,10.58108,67.49495,1000.2256,202.61319,176,,,6.25,-57,,3,3
2026-01-23 19:17:59.781547,0x433af380,11.038016,66.670555,1000.564,191.24326,51,,,5.75,-34,,3,3
2026-01-23 19:18:21.568225,0x433b0b38,10.378424,64.69695,1000.03406,225.84914,184,,,5.0,-77,,5,5
2026-01-23 19:18:58.921323,0x433af380,10.44791,68.38535,1000.51324,187.55411,58,,,5.75,-34,,3,3
2026-01-23 19:19:21.532619,0x433b0b38,10.401599,64.36752,1000.0233,226.44847,183,,,5.5,-77,,5,5
2026-01-23 19:19:58.702248,0x433af380,10.257145,68.96003,1000.53625,194.16377,49,,,7.5,-33,,3,3
2026-01-23 19:20:21.548628,0x433b0b38,10.332187,64.56848,1000.0373,225.6998,184,,,5.25,-77,,5,5
2026-01-23 19:20:28.150636,0x433aad0c,10.988778,63.080025,1000.39136,229.41254,197,,,6.0,-71,,3,3
2026-01-23 19:20:55.856564,0x433ad35c,10.588446,66.61849,1000.2556,205.00047,174,,,6.0,-58,,3,3
2026-01-23 19:21:01.393299,0x433af380,10.366291,67.94207,1000.55615,187.34155,59,,,7.5,-34,,3,3
2026-01-23 19:21:23.800516,0x433b0b38,10.26213,65.03531,1000.05133,225.40172,185,,,6.5,-76,,5,5
2026-01-23 19:21:59.199987,0x433af380,10.483333,67.90484,1000.55133,193.59521,53,,,5.5,-34,,3,3
2026-01-23 19:22:22.217607,0x433b0b38,10.316762,64.80278,1000.05646,224.8079,185,,,6.0,-76,,5,5
2026-01-23 19:22:59.454122,0x433af380,10.206086,68.09656,1000.5595,194.5065,50,,,7.75,-34,,3,3
2026-01-23 19:23:21.646152,0x433b0b38,10.334758,64.92025,1000.05005,223.48318,186,,,5.5,-77,,5,5
2026-01-23 19:23:27.750988,0x433aad0c,11.234388,62.684242,1000.4312,228.45767,197,,,5.25,-70,,3,3
2026-01-23 19:23:55.902581,0x433ad35c,10.197685,67.32158,1000.2786,203.36102,180,,,5.75,-57,,3,3
2026-01-23 19:24:01.608779,0x433af380,10.081755,68.43203,1000.56714,195.31094,51,,,6.0,-34,,3,3
2026-01-23 19:24:21.661907,0x433b0b38,10.365569,64.55363,1000.077,224.95607,185,,,6.25,-76,,5,5
2026-01-23 19:24:59.999118,0x433af380,9.79149,69.28936,1000.5861,195.54198,50,,,6.0,-34,,3,3
2026-01-23 19:25:22.227942,0x433b0b38,10.291016,64.80349,1000.07733,224.3646,186,,,5.75,-77,,5,5
2026-01-23 19:26:00.469067,0x433af380,9.65429,69.38741,1000.6217,198.23904,50,,,6.25,-33,,3,3
2026-01-23 19:26:21.734690,0x433b0b38,10.234496,64.9298,1000.0907,225.40172,186,,,5.5,-76,,5,5
2026-01-23 19:26:28.050024,0x433aad0c,11.143888,62.874065,1000.44934,228.9341,197,,,5.75,-70,,3,3
2026-01-23 19:26:56.428017,0x433ad35c,10.03957,67.28035,1000.30035,203.61153,182,,,6.0,-57,,3,3
2026-01-23 19:27:02.574171,0x433af380,9.613631,69.77111,1000.6161,197.64641,51,,,5.75,-33,,3,3
2026-01-23 19:27:25.177874,0x433b0b38,10.265307,64.904274,1000.10657,222.46361,187,,,5.75,-77,,5,5
2026-01-23 19:28:01.113607,0x433af380,9.427954,70.21338,1000.6211,194.73564,54,,,7.25,-34,,3,3
2026-01-23 19:28:21.755863,0x433b0b38,10.288445,64.58609,1000.12024,222.46361,187,,,6.0,-77,,5,5
2026-01-23 19:29:01.333550,0x433af380,9.300777,70.315346,1000.6325,197.76466,51,,,5.75,-34,,3,3
2026-01-23 19:29:21.783282,0x433b0b38,10.396458,64.14121,1000.1009,222.89944,187,,,5.5,-77,,5,5
2026-01-23 19:29:26.672776,0x433aad0c,11.1061125,62.92414,1000.47687,227.51079,198,,,5.75,-70,,3,3
2026-01-23 19:29:56.509345,0x433ad35c,10.039721,68.51166,1000.3541,202.2413,182,,,6.0,-57,,3,3
2026-01-23 19:30:02.744552,0x433af380,9.315964,70.483864,1000.6456,195.77359,55,,,6.0,-34,,3,3
2026-01-23 19:30:21.824317,0x433b0b38,10.458158,64.01068,1000.1126,224.3646,187,,,5.25,-77,,5,5
2026-01-23 19:31:01.952747,0x433af380,9.42541,70.50452,1000.64233,193.48189,54,,,7.5,-34,,3,3
2026-01-23 19:31:21.884619,0x433b0b38,10.489007,64.16133,1000.1122,223.48318,186,,,5.0,-76,,5,5
2026-01-23 19:32:02.062976,0x433af380,9.682118,70.1781,1000.6625,197.17487,51,,,7.25,-34,,3,3
2026-01-23 19:32:21.902882,0x433b0b38,10.476114,63.76996,1000.0997,224.65994,186,,,5.75,-76,,5,5
2026-01-23 19:32:26.448821,0x433aad0c,11.143624,62.65859,1000.461,229.89294,197,,,5.75,-70,,3,3
2026-01-23 19:32:56.658320,0x433ad35c,10.013791,67.31839,1000.33936,202.2413,184,,,6.25,-56,,3,3
2026-01-23 19:33:02.061815,0x433af380,9.864569,69.66429,1000.6884,194.5065,54,,,5.75,-33,,3,3
2026-01-23 19:33:23.485496,0x433b0b38,10.437666,63.623894,1000.12787,224.65994,186,,,5.75,-76,,5,5
2026-01-23 19:34:02.326715,0x433af380,10.155215,69.12757,1000.6913,194.85043,52,,,5.5,-34,,3,3
2026-01-23 19:34:21.906462,0x433b0b38,10.411882,63.65578,1000.15216,225.25298,186,,,6.25,-77,,5,5
2026-01-23 19:35:02.592134,0x433af380,10.401939,68.15264,1000.6822,197.17487,50,,,5.5,-34,,3,3
2026-01-23 19:35:21.968819,0x433b0b38,10.319295,63.738503,1000.17194,225.25298,187,,,4.75,-77,,5,5
2026-01-23 19:35:26.529604,0x433aad0c,10.887905,62.812202,1000.5414,228.7751,198,,,5.5,-70,,3,3
2026-01-23 19:35:56.558163,0x433ad35c,9.8619,68.18704,1000.403,199.07472,187,,,6.5,-57,,3,3
2026-01-23 19:36:02.857814,0x433af380,10.610699,67.425385,1000.6967,194.04979,52,,,8.0,-34,,3,3
2026-01-23 19:36:22.010589,0x433b0b38,10.193363,64.539856,1000.1977,221.59706,190,,,6.0,-76,,5,5
2026-01-23 19:37:03.270851,0x433af380,10.755681,67.08067,1000.7511,192.91734,54,,,6.0,-33,,3,3
2026-01-23 19:37:21.995603,0x433b0b38,10.188259,64.77807,1000.2003,222.02948,189,,,5.5,-77,,5,5
2026-01-23 19:38:03.643603,0x433af380,10.847249,66.50966,1000.7705,194.16377,52,,,6.0,-34,,3,3
2026-01-23 19:38:22.001829,0x433b0b38,10.229316,64.720695,1000.2549,220.88007,190,,,6.0,-76,,5,5
2026-01-23 19:38:26.783607,0x433aad0c,10.9364,62.844242,1000.61365,228.61629,199,,,5.75,-70,,3,3
2026-01-23 19:38:56.539624,0x433ad35c,9.756552,69.22356,1000.46655,191.68681,195,,,6.0,-56,,3,3
2026-01-23 19:39:03.632590,0x433af380,10.991666,66.30644,1000.7875,190.8017,57,,,5.25,-34,,3,3
2026-01-23 19:39:23.801027,0x433b0b38,10.226784,64.84694,1000.25714,220.30981,190,,,5.25,-76,,5,5
2026-01-23 19:40:03.882017,0x433af380,11.045647,65.937294,1000.8154,195.31094,52,,,5.75,-34,,3,3
2026-01-23 19:40:22.631422,0x433b0b38,10.231887,64.803604,1000.2839,218.33688,191,,,5.0,-77,,5,5
2026-01-23 19:41:04.463074,0x433af380,10.984413,65.90583,1000.83936,198.23904,50,,,6.25,-34,,3,3
2026-01-23 19:41:22.062389,0x433b0b38,10.21393,64.75789,1000.28546,216.94916,193,,,5.5,-76,,5,5
2026-01-23 19:41:26.534213,0x433aad0c,10.946816,62.45737,1000.6584,225.64032,200,,,5.5,-71,,3,3
2026-01-23 19:41:56.041241,0x433ad35c,9.654646,68.82841,1000.5187,186.07611,200,,,5.75,-58,,3,3
2026-01-23 19:42:04.393127,0x433af380,10.961521,66.15553,1000.85425,195.19559,54,,,7.5,-34,,3,3
2026-01-23 19:42:22.280335,0x433b0b38,10.234458,64.26055,1000.3193,213.68948,195,,,5.5,-77,,5,5
2026-01-23 19:43:05.065197,0x433af380,11.017668,65.32183,1000.8647,190.8017,56,,,6.25,-34,,3,3
2026-01-23 19:43:22.182269,0x433b0b38,10.2422085,64.285034,1000.3523,211.04698,199,,,6.0,-77,,5,5
2026-01-23 19:44:05.316726,0x433af380,11.012581,65.15423,1000.8715,192.13245,58,,,6.0,-34,,3,3
2026-01-23 19:44:22.186914,0x433b0b38,10.247351,64.38242,1000.35144,208.59645,200,,,6.0,-76,,5,5
2026-01-23 19:44:26.553993,0x433aad0c,11.002104,62.284447,1000.70074,220.35637,200,,,5.25,-70,,3,3
2026-01-23 19:44:56.075474,0x433ad35c,9.79926,68.40005,1000.6039,186.39134,199,,,5.75,-57,,3,3
2026-01-23 19:45:05.156592,0x433af380,11.093975,65.21145,1000.8963,185.1597,66,,,5.75,-34,,3,3
2026-01-23 19:45:23.470558,0x433b0b38,10.247388,63.98982,1000.38885,209.36414,199,,,5.5,-76,,5,5
2026-01-23 19:46:05.450565,0x433af380,11.175181,64.91576,1000.9378,184.75275,63,,,6.0,-34,,3,3
2026-01-23 19:46:22.185639,0x433b0b38,10.190679,63.98018,1000.3909,209.49265,199,,,5.0,-77,,5,5
2026-01-23 19:47:05.707566,0x433af380,11.175181,64.18499,1000.9548,186.18091,58,,,5.5,-34,,3,3
2026-01-23 19:47:22.202684,0x433b0b38,10.141909,64.11782,1000.4175,208.9796,200,,,6.0,-77,,5,5
2026-01-23 19:47:27.156645,0x433aad0c,11.034175,61.884434,1000.78613,217.87816,200,,,6.25,-71,,3,3
2026-01-23 19:47:56.133904,0x433ad35c,9.796717,67.41375,1000.64996,185.1382,200,,,6.0,-57,,3,3
2026-01-23 19:48:06.280591,0x433af380,10.691904,64.97378,1000.94684,195.65773,53,,,5.75,-33,,3,3
2026-01-23 19:48:22.289128,0x433b0b38,10.170225,64.0133,1000.4385,209.1076,200,,,5.5,-77,,5,5
2026-01-23 19:49:06.224684,0x433af380,9.745707,66.7913,1000.9494,199.55539,50,,,6.0,-34,,3,3
2026-01-23 19:49:22.255957,0x433b0b38,10.208788,63.53458,1000.4448,209.36414,199,,,4.75,-76,,5,5
2026-01-23 19:50:06.470800,0x433af380,9.593095,67.40201,1000.985,199.31479,51,,,5.5,-34,,3,3
2026-01-23 19:50:22.333664,0x433b0b38,10.211472,63.48811,1000.47046,207.83438,200,,,6.25,-77,,5,5
2026-01-23 19:50:26.653796,0x433aad0c,10.86741,62.300682,1000.8156,216.30411,199,,,5.5,-70,,3,3
2026-01-23 19:50:56.716072,0x433ad35c,9.972108,67.148056,1000.7144,186.80556,198,,,6.0,-57,,3,3
2026-01-23 19:51:06.712037,0x433af380,10.340932,66.08953,1000.9971,193.14278,57,,,8.0,-34,,3,3
2026-01-23 19:51:23.771974,0x433b0b38,10.141947,63.667046,1000.4714,206.8269,200,,,6.0,-76,,5,5
2026-01-23 19:52:06.986988,0x433af380,10.956622,65.0833,1001.0292,191.9094,58,,,6.5,-34,,3,3
2026-01-23 19:52:22.315467,0x433b0b38,10.067393,63.6918,1000.5075,207.83438,199,,,5.75,-77,,5,5
2026-01-23 19:53:07.262549,0x433af380,10.572545,66.25048,1000.9799,194.5065,56,,,5.75,-34,,3,3
2026-01-23 19:53:22.361733,0x433b0b38,10.05454,63.902725,1000.5179,206.32681,200,,,5.75,-77,,5,5
2026-01-23 19:53:26.624650,0x433aad0c,10.810315,61.397152,1000.83527,213.22324,199,,,5.5,-70,,3,3
2026-01-23 19:53:56.148745,0x433ad35c,9.711527,67.44276,1000.7077,187.87389,198,,,6.0,-58,,3,3
2026-01-23 19:54:07.507465,0x433af380,10.198644,66.57092,1000.9788,201.01154,50,,,5.75,-34,,3,3
2026-01-23 19:54:22.376949,0x433b0b38,10.095709,63.383068,1000.4731,208.72401,199,,,5.5,-76,,5,5
2026-01-23 19:55:07.775710,0x433af380,9.972268,66.31707,1001.03613,204.24052,48,,,8.0,-34,,3,3
2026-01-23 19:55:22.411546,0x433b0b38,9.931102,63.8322,1000.5056,210.26694,198,,,5.5,-77,,5,5
2026-01-23 19:56:08.026023,0x433af380,9.427766,66.790215,1001.01685,210.34871,44,,,6.0,-33,,3,3
2026-01-23 19:56:22.412226,0x433b0b38,9.96199,63.699043,1000.5099,211.57025,196,,,6.0,-76,,5,5
2026-01-23 19:56:26.666499,0x433aad0c,10.652372,62.42077,1000.83765,214.19395,199,,,5.0,-70,,3,3
2026-01-23 19:56:56.162926,0x433ad35c,9.703215,66.29537,1000.71497,193.70865,194,,,6.25,-57,,3,3
2026-01-23 19:57:08.295969,0x433af380,9.328568,66.84232,1001.013,212.649,44,,,5.75,-34,,3,3
2026-01-23 19:57:23.568979,0x433b0b38,10.028792,63.504284,1000.5143,213.2889,195,,,6.0,-76,,5,5
2026-01-23 19:58:09.030772,0x433af380,9.3313,66.40931,1001.0342,208.62296,51,,,5.25,-34,,3,3
2026-01-23 19:58:22.761981,0x433b0b38,9.995373,63.472343,1000.53485,213.68948,194,,,5.25,-77,,5,5
2026-01-23 19:59:09.111493,0x433af380,9.351648,66.297775,1001.076,210.48264,50,,,5.75,-34,,3,3
2026-01-23 19:59:22.679608,0x433b0b38,10.0468645,63.18481,1000.57153,217.9187,191,,,5.0,-77,,5,5
2026-01-23 19:59:26.980897,0x433aad0c,10.744574,61.539806,1000.8882,216.30411,198,,,6.0,-70,,3,3
2026-01-23 19:59:56.713021,0x433ad35c,9.641371,66.51297,1000.76465,197.17487,190,,,6.0,-57,,3,3
2026-01-23 20:00:09.104682,0x433af380,9.366909,66.18258,1001.08417,203.236,54,,,5.75,-34,,3,3
2026-01-23 20:00:22.744559,0x433b0b38,10.062138,63.15103,1000.5753,218.05792,190,,,6.0,-78,,5,5
2026-01-23 20:01:09.360122,0x433af380,9.466106,65.70326,1001.10474,214.30327,49,,,5.75,-34,,3,3
2026-01-23 17:01:17.013836,0x433b0b38,16.16555,57.405766,999.3472,294.67624,120,,,5.5,-75,,5,5
2026-01-23 17:01:22.270091,0x433af380,15.794039,58.818317,999.8906,148.12775,93,,,7.5,-34,,3,3
2026-01-23 17:02:17.048830,0x433b0b38,16.075567,57.545315,999.34125,292.40436,122,,,5.75,-76,,5,5
2026-01-23 17:02:22.765605,0x433af380,15.913286,58.464657,999.8683,146.83406,93,,,7.0,-34,,3,3
2026-01-23 17:02:27.274317,0x433aad0c,17.05515,54.942387,999.7031,422.82413,107,,,6.0,-71,,3,3
2026-01-23 17:02:54.796991,0x433ad35c,16.336138,58.2677,999.54333,246.9639,97,,,5.75,-59,,3,3
2026-01-23 17:03:17.391677,0x433b0b38,15.918626,57.95992,999.3291,295.18594,121,,,5.5,-76,,5,5
2026-01-23 17:03:24.266738,0x433af380,16.028399,58.102535,999.8784,142.47882,105,,,6.0,-34,,3,3
2026-01-23 17:04:17.079941,0x433b0b38,15.889699,58.049553,999.34973,292.65503,123,,,5.25,-77,,5,5
2026-01-23 17:04:22.937816,0x433af380,16.11021,57.560432,999.9116,144.06598,98,,,6.5,-34,,3,3
2026-01-23 17:05:17.095765,0x433b0b38,15.8971815,58.040558,999.35144,292.15405,123,,,5.5,-76,,5,5
2026-01-23 17:05:23.104590,0x433af380,16.104368,57.505596,999.89984,143.0851,99,,,8.0,-34,,3,3
2026-01-23 17:05:25.733170,0x433aad0c,16.992348,54.910667,999.72754,415.73328,111,,,5.25,-70,,3,3
2026-01-23 17:05:56.947687,0x433ad35c,16.095963,58.402157,999.59235,242.43596,102,,,5.5,-58,,3,3
2026-01-23 17:06:17.636710,0x433b0b38,15.939343,57.90135,999.37256,292.15405,123,,,5.5,-76,,5,5
2026-01-23 17:06:23.376583,0x433af380,16.038157,57.613163,999.9033,144.56148,97,,,7.75,-34,,3,3
2026-01-23 17:07:17.122009,0x433b0b38,15.944448,57.83931,999.4078,290.41406,124,,,5.75,-76,,5,5
2026-01-23 17:07:23.943534,0x433af380,16.038536,57.844616,999.93756,143.69658,100,,,5.5,-34,,3,3
2026-01-23 17:08:17.738627,0x433b0b38,15.911026,57.882915,999.38007,288.69464,126,,,5.75,-75,,5,5
2026-01-23 17:08:24.905672,0x433af380,16.009794,57.913853,999.923,144.8105,98,,,7.75,-34,,3,3
2026-01-23 17:08:26.880997,0x433aad0c,16.652134,55.55634,999.77655,407.3832,115,,,5.75,-70,,3,3
2026-01-23 17:08:55.762394,0x433ad35c,15.634867,59.944813,999.61865,240.32095,105,,,5.75,-58,,3,3
2026-01-23 17:09:17.389191,0x433b0b38,15.759262,58.11187,999.4032,286.2734,128,,,5.75,-75,,5,5
2026-01-23 17:09:24.769774,0x433af380,16.068682,57.80278,999.9582,143.45137,98,,,6.0,-34,,3,3
2026-01-23 17:10:17.290289,0x433b0b38,15.620731,58.421516,999.3921,282.24918,131,,,5.75,-76,,5,5
2026-01-23 17:10:24.346265,0x433af380,16.02255,57.812756,999.92804,147.8672,95,,,5.75,-34,,3,3
2026-01-23 17:11:17.259408,0x433b0b38,15.461068,58.793194,999.39844,278.7912,135,,,5.25,-75,,5,5
2026-01-23 17:11:24.966835,0x433aad0c,16.317198,56.535934,999.7835,397.7009,119,,,6.0,-70,,3,3
2026-01-23 17:11:29.228677,0x433af380,15.875946,57.321323,999.9467,151.19154,91,,,6.25,-34,,3,3
2026-01-23 17:11:56.337447,0x433ad35c,15.461933,60.279667,999.67786,231.4049,114,,,6.25,-58,,3,3
2026-01-23 17:12:17.193531,0x433b0b38,15.4405,58.87294,999.3926,274.97314,138,,,5.5,-76,,5,5
2026-01-23 17:12:25.009175,0x433af380,14.873792,59.970116,999.96906,152.84091,86,,,6.0,-34,,3,3
2026-01-23 17:13:17.236657,0x433b0b38,15.412258,58.76776,999.4298,266.59726,144,,,5.5,-75,,5,5
2026-01-23 17:13:25.643788,0x433af380,14.458986,61.790478,999.93823,150.9201,89,,,5.75,-35,,3,3
2026-01-23 17:14:17.223584,0x433b0b38,15.360801,58.980145,999.38586,261.6918,149,,,6.0,-75,,5,5
2026-01-23 17:14:25.088796,0x433aad0c,16.258318,56.3726,999.7763,369.80084,129,,,5.75,-71,,3,3
2026-01-23 17:14:29.495477,0x433af380,14.67808,61.469227,999.9605,150.24574,91,,,6.5,-34,,3,3
2026-01-23 17:14:54.792617,0x433ad35c,14.848029,61.24173,999.6402,222.9763,126,,,6.0,-57,,3,3
2026-01-23 17:15:18.292065,0x433b0b38,15.384166,58.751846,999.3827,255.80814,153,,,5.25,-76,,5,5
2026-01-23 17:15:26.029106,0x433af380,14.8643265,60.57173,999.9713,150.24574,91,,,7.75,-34,,3,3
2026-01-23 17:16:17.312480,0x433b0b38,15.355809,58.775444,999.3753,249.26971,159,,,5.5,-76,,5,5
2026-01-23 17:16:26.178415,0x433af380,14.843079,61.069794,999.96375,139.9875,95,,,6.25,-34,,3,3
2026-01-23 17:17:17.345732,0x433b0b38,15.319741,58.81856,999.40735,245.32822,163,,,5.5,-76,,5,5
2026-01-23 17:17:25.578003,0x433aad0c,15.892387,57.43851,999.7671,343.21036,140,,,5.0,-70,,3,3
2026-01-23 17:17:28.684125,0x433af380,14.914302,60.574764,999.9995,150.24574,90,,,6.75,-33,,3,3
2026-01-23 17:17:54.786289,0x433ad35c,14.524832,62.792194,999.65894,214.30327,135,,,5.25,-58,,3,3
2026-01-23 17:18:17.334400,0x433b0b38,15.209153,59.10649,999.4414,241.68044,168,,,5.25,-76,,5,5
2026-01-23 17:18:26.460300,0x433af380,14.756595,61.136436,999.99524,146.70593,97,,,5.75,-34,,3,3
2026-01-23 17:19:17.342710,0x433b0b38,15.147489,59.245335,999.48016,238.47227,171,,,5.25,-76,,5,5
2026-01-23 17:19:26.848915,0x433af380,14.659935,61.226826,999.98944,149.9777,91,,,6.5,-33,,3,3
2026-01-23 17:20:17.346825,0x433b0b38,15.142271,59.166336,999.4731,237.3117,173,,,5.5,-75,,5,5
2026-01-23 17:20:25.106393,0x433aad0c,15.801356,57.367126,999.80396,317.10437,153,,,5.75,-70,,3,3
2026-01-23 17:20:31.255481,0x433af380,14.583814,61.474194,1000.0135,148.38922,94,,,8.0,-34,,3,3
2026-01-23 17:20:55.337901,0x433ad35c,14.259263,63.45061,999.6678,208.88663,141,,,6.5,-57,,3,3
2026-01-23 17:21:19.247696,0x433b0b38,15.091078,59.13496,999.449,234.21774,174,,,6.0,-76,,5,5
2026-01-23 17:21:27.573138,0x433af380,14.509784,61.669743,999.982,151.05571,89,,,7.5,-34,,3,3
2026-01-23 17:22:17.387477,0x433b0b38,14.98034,59.371902,999.468,234.21774,176,,,5.5,-76,,5,5
2026-01-23 17:22:27.506786,0x433af380,14.448999,61.836998,999.98975,151.05571,89,,,7.5,-34,,3,3
2026-01-23 17:23:17.377984,0x433b0b38,14.916102,59.533543,999.48083,233.73659,177,,,6.0,-76,,5,5
2026-01-23 17:23:25.014781,0x433aad0c,15.750971,57.46962,999.8302,305.34454,159,,,5.75,-70,,3,3
2026-01-23 17:23:27.840721,0x433af380,14.346875,62.16495,999.9844,151.19154,90,,,7.5,-34,,3,3
2026-01-23 17:23:54.873959,0x433ad35c,13.865793,64.19707,999.7068,204.3668,147,,,6.0,-58,,3,3
2026-01-23 17:24:17.987420,0x433b0b38,14.887822,59.79445,999.50464,235.51057,175,,,5.5,-75,,5,5
2026-01-23 17:24:28.015419,0x433af380,14.237876,62.4543,999.99695,148.52031,95,,,5.5,-34,,3,3
2026-01-23 17:25:17.476026,0x433b0b38,14.869788,59.68895,999.50836,233.57664,177,,,5.0,-75,,5,5
2026-01-23 17:25:28.377817,0x433af380,14.110694,62.731808,1000.02466,152.84091,87,,,7.75,-34,,3,3
2026-01-23 17:26:17.462753,0x433b0b38,14.736137,59.829212,999.5171,233.57664,178,,,5.25,-75,,5,5
2026-01-23 17:26:25.036242,0x433aad0c,15.512751,57.996178,999.8775,297.61847,163,,,5.75,-71,,3,3
2026-01-23 17:26:29.507269,0x433af380,13.950067,63.238377,1000.0242,153.81976,85,,,7.75,-35,,3,3
2026-01-23 17:26:54.866389,0x433ad35c,13.745521,64.04393,999.7233,198.71568,155,,,5.75,-58,,3,3
2026-01-23 17:27:18.198133,0x433b0b38,14.528005,60.457928,999.5208,230.89064,181,,,5.25,-75,,5,5
2026-01-23 17:27:28.822589,0x433af380,13.586702,63.571938,1000.02704,162.43962,76,,,5.75,-33,,3,3
2026-01-23 17:28:17.495057,0x433b0b38,14.473864,60.475983,999.5004,229.33931,183,,,5.25,-75,,5,5
2026-01-23 17:28:29.187892,0x433af380,12.212962,67.711845,999.9568,165.47736,71,,,5.75,-34,,3,3
2026-01-23 17:29:17.519293,0x433b0b38,14.527891,59.962547,999.4781,226.29834,186,,,5.5,-75,,5,5
2026-01-23 17:29:25.223304,0x433aad0c,15.441836,57.55996,999.8224,287.48657,170,,,5.25,-69,,3,3
2026-01-23 17:29:29.458710,0x433af380,11.838827,69.5832,999.96405,162.43962,74,,,7.25,-34,,3,3
2026-01-23 17:29:55.361312,0x433ad35c,13.941003,62.741653,999.6722,195.42638,160,,,6.5,-58,,3,3
2026-01-23 17:30:17.546090,0x433b0b38,14.54067,59.78557,999.45917,226.74933,187,,,5.25,-75,,5,5
2026-01-23 17:30:29.667949,0x433af380,12.052904,69.2787,999.96497,156.25,84,,,7.0,-33,,3,3
2026-01-23 17:31:18.132988,0x433b0b38,14.473939,59.82489,999.43964,224.95607,188,,,5.0,-75,,5,5
2026-01-23 17:31:30.477964,0x433af380,12.271653,68.458916,999.9657,157.56793,83,,,8.0,-34,,3,3
2026-01-23 17:32:17.549738,0x433b0b38,14.40441,60.066635,999.4568,226.29834,187,,,5.75,-75,,5,5
2026-01-23 17:32:25.082824,0x433aad0c,15.1515,57.616222,999.8121,278.7277,176,,,6.25,-71,,3,3
2026-01-23 17:32:30.222511,0x433af380,12.46159,67.89322,1000.0155,161.50336,77,,,7.75,-34,,3,3
2026-01-23 17:32:54.882437,0x433ad35c,13.935952,62.917416,999.67535,193.70865,162,,,6.0,-57,,3,3
2026-01-23 17:33:17.847352,0x433b0b38,14.342747,60.203857,999.4526,225.99867,188,,,5.75,-75,,5,5
2026-01-23 17:33:30.422838,0x433af380,12.846508,66.147575,1000.012,157.42041,80,,,6.0,-34,,3,3
2026-01-23 17:34:17.629792,0x433b0b38,14.322255,60.177864,999.45184,226.29834,188,,,5.75,-76,,5,5
2026-01-23 17:34:30.821864,0x433af380,13.009299,64.909355,1000.0038,158.90833,81,,,5.75,-34,,3,3
2026-01-23 17:35:17.642532,0x433b0b38,14.3401375,59.936977,999.4613,226.44847,187,,,5.5,-75,,5,5
2026-01-23 17:35:25.106964,0x433aad0c,15.0900545,57.632446,999.80347,274.31668,178,,,5.25,-71,,3,3
2026-01-23 17:35:30.980548,0x433af380,13.19195,64.5307,999.96765,162.12633,74,,,7.5,-34,,3,3
2026-01-23 17:35:55.468096,0x433ad35c,13.850798,63.164883,999.6574,194.85043,162,,,5.5,-58,,3,3
2026-01-23 17:36:17.613991,0x433b0b38,14.257906,60.171394,999.4515,225.6998,189,,,5.75,-75,,5,5
2026-01-23 17:36:31.697684,0x433af380,13.149012,65.22487,999.99915,160.27168,77,,,6.0,-34,,3,3
2026-01-23 17:37:18.103832,0x433b0b38,14.201346,60.084488,999.4724,226.59882,189,,,5.25,-75,,5,5
2026-01-23 17:37:31.456887,0x433af380,12.983676,65.785126,1000.02515,161.65866,74,,,5.5,-33,,3,3
2026-01-23 17:38:17.666289,0x433b0b38,14.155069,60.144054,999.48816,225.84914,190,,,5.5,-75,,5,5
2026-01-23 17:38:25.285078,0x433aad0c,14.84301,58.267178,999.874,270.93173,181,,,5.5,-71,,3,3
2026-01-23 17:38:32.034663,0x433af380,13.146468,64.8497,1000.03235,164.66698,72,,,6.0,-34,,3,3
2026-01-23 17:38:55.426128,0x433ad35c,13.522513,63.4498,999.75543,193.25569,165,,,5.75,-58,,3,3
2026-01-23 17:39:18.351319,0x433b0b38,14.052195,60.228477,999.5119,225.84914,191,,,6.0,-75,,5,5
2026-01-23 17:39:32.517837,0x433af380,13.278923,64.36964,1000.0508,164.02438,72,,,6.25,-34,,3,3
2026-01-23 17:40:18.196745,0x433b0b38,13.877485,60.81958,999.52325,225.84914,192,,,5.5,-75,,5,5
2026-01-23 17:40:32.201635,0x433af380,13.464609,64.27806,1000.06616,158.6085,83,,,5.75,-34,,3,3
2026-01-23 17:41:17.705700,0x433b0b38,13.815708,60.724785,999.5256,226.74933,191,,,5.75,-75,,5,5
2026-01-23 17:41:25.162316,0x433aad0c,14.377786,59.605934,999.8684,267.84695,183,,,6.0,-70,,3,3
2026-01-23 17:41:33.318732,0x433af380,13.547602,63.735485,1000.0634,163.06984,73,,,6.0,-34,,3,3
2026-01-23 17:41:54.923757,0x433ad35c,13.409797,64.19145,999.76263,199.31479,159,,,6.25,-57,,3,3
2026-01-23 17:42:17.779622,0x433b0b38,13.694838,60.8714,999.49176,226.1484,192,,,6.0,-76,,5,5
2026-01-23 17:42:32.721808,0x433af380,13.657925,63.51682,1000.0768,159.05867,80,,,5.75,-34,,3,3
2026-01-23 17:43:17.805025,0x433b0b38,13.617748,61.306744,999.4872,225.25298,193,,,5.5,-76,,5,5
2026-01-23 17:43:33.278145,0x433af380,13.930094,62.82479,1000.0677,155.24008,81,,,7.5,-34,,3,3
2026-01-23 17:44:17.848570,0x433b0b38,13.538125,61.78396,999.5077,226.74933,193,,,5.5,-75,,5,5
2026-01-23 17:44:25.855892,0x433aad0c,14.061675,60.69236,999.8788,263.98254,186,,,5.75,-70,,3,3
2026-01-23 17:44:33.451258,0x433af380,14.227701,62.08407,1000.0637,148.65164,94,,,5.5,-34,,3,3
2026-01-23 17:44:55.537623,0x433ad35c,13.239411,64.590675,999.75836,198.83524,158,,,5.75,-57,,3,3
2026-01-23 17:45:18.605379,0x433b0b38,13.527767,61.309063,999.549,225.55066,194,,,5.5,-76,,5,5
2026-01-23 17:45:33.672057,0x433af380,14.555644,61.291798,1000.10077,148.52031,95,,,7.25,-33,,3,3
2026-01-23 17:46:18.337545,0x433b0b38,13.499487,61.40709,999.54803,224.21721,195,,,5.5,-75,,5,5
2026-01-23 17:46:34.066030,0x433af380,14.616881,61.097084,1000.1252,153.39871,85,,,5.5,-34,,3,3
2026-01-23 17:47:18.261041,0x433b0b38,13.460923,61.637463,999.59656,224.07002,195,,,5.75,-75,,5,5
2026-01-23 17:47:25.236956,0x433aad0c,14.306759,59.432213,999.9506,263.56003,187,,,5.5,-71,,3,3
2026-01-23 17:47:34.378626,0x433af380,14.764377,59.970676,1000.1354,156.39534,83,,,5.75,-33,,3,3
2026-01-23 17:47:55.450595,0x433ad35c,13.096624,64.3009,999.8268,204.87343,154,,,6.0,-57,,3,3
2026-01-23 17:48:17.887390,0x433b0b38,13.401754,61.53821,999.6114,222.46361,197,,,5.5,-76,,5,5
2026-01-23 17:48:34.846294,0x433af380,13.678273,62.380116,1000.14746,166.29575,69,,,7.5,-35,,3,3
2026-01-23 17:49:17.944703,0x433b0b38,13.275819,61.892094,999.6324,222.89944,198,,,5.75,-76,,5,5
2026-01-23 17:49:35.077074,0x433af380,13.5129385,62.950687,1000.1552,164.34506,71,,,7.0,-34,,3,3
2026-01-23 17:50:17.909746,0x433b0b38,13.198691,62.202473,999.62616,222.75397,198,,,5.75,-75,,5,5
2026-01-23 17:50:25.332961,0x433aad0c,14.137077,59.391724,999.9718,259.00015,190,,,5.5,-70,,3,3
2026-01-23 17:50:35.009829,0x433af380,13.118675,64.447495,1000.1772,165.6404,74,,,5.25,-34,,3,3
2026-01-23 17:50:54.989183,0x433ad35c,12.983832,64.459206,999.84875,206.9253,154,,,6.0,-58,,3,3
2026-01-23 17:51:18.606611,0x433b0b38,13.216688,62.076866,999.65686,222.6087,198,,,5.0,-76,,5,5
2026-01-23 17:51:35.273259,0x433af380,12.541275,65.34121,1000.1749,171.20674,63,,0.016596684,5.75,-34,,3,3
2026-01-23 17:52:17.937530,0x433b0b38,13.208976,62.134182,999.6749,223.19093,198,,,5.75,-75,,5,5
2026-01-23 17:52:35.793104,0x433af380,12.14193,67.337585,1000.19867,172.43591,62,,,6.0,-33,,3,3
2026-01-23 17:53:18.445593,0x433b0b38,13.211547,61.85894,999.69904,222.31873,198,,,5.75,-75,,5,5
2026-01-23 17:53:25.229903,0x433aad0c,14.124625,59.61491,1000.0564,256.57886,191,,,5.0,-70,,3,3
2026-01-23 17:53:35.797735,0x433af380,11.994213,68.00351,1000.21063,171.90695,61,,,7.5,-34,,3,3
2026-01-23 17:53:55.005829,0x433ad35c,12.850994,64.66454,999.92413,203.236,158,,,5.5,-57,,3,3
2026-01-23 17:54:18.210638,0x433b0b38,13.22183,61.792236,999.72003,223.77621,197,,,5.5,-75,,5,5
2026-01-23 17:54:36.068805,0x433af380,12.009475,68.10192,1000.2475,168.29327,65,,,7.25,-34,,3,3
2026-01-23 17:55:18.125645,0x433b0b38,13.095857,61.985046,999.7411,223.77621,198,,,5.25,-75,,5,5
2026-01-23 17:55:36.309983,0x433af380,12.215694,67.01909,1000.2903,164.18456,74,,,6.0,-33,,3,3
2026-01-23 17:56:18.008883,0x433b0b38,13.080468,62.141506,999.7619,222.89944,199,,,5.25,-76,,5,5
2026-01-23 17:56:25.304063,0x433aad0c,13.798628,60.124905,1000.13226,254.59541,194,,,5.5,-70,,3,3
2026-01-23 17:56:36.577154,0x433af380,12.655738,66.80097,1000.3379,163.86453,70,,,7.25,-34,,3,3
2026-01-23 17:56:55.087676,0x433ad35c,12.5979595,65.54972,999.9981,201.01154,161,,,6.25,-58,,3,3
2026-01-23 17:57:19.519249,0x433b0b38,12.971541,62.55846,999.81555,221.88516,199,,,5.5,-75,,5,5
2026-01-23 17:57:36.854712,0x433af380,13.151743,65.13379,1000.36035,155.81557,83,,,5.5,-34,,3,3
2026-01-23 17:58:18.009261,0x433b0b38,12.969845,62.7004,999.8243,220.73723,199,,,5.0,-75,,5,5
2026-01-23 17:58:37.468010,0x433af380,13.095783,64.57006,1000.3796,161.65866,75,,,7.25,-34,,3,3
2026-01-23 17:59:18.050655,0x433b0b38,12.97506,62.72595,999.8248,220.45209,199,,,5.5,-77,,5,5
2026-01-23 17:59:25.309566,0x433aad0c,13.778361,60.245872,1000.1717,252.25536,195,,,5.5,-71,,3,3
2026-01-23 17:59:37.374101,0x433af380,12.978852,64.606606,1000.35693,165.6404,70,,,6.0,-33,,3,3
2026-01-23 17:59:55.692109,0x433ad35c,12.259697,66.55053,1000.0581,196.23848,168,,,5.75,-58,,3,3
2026-01-23 18:00:18.126771,0x433b0b38,12.900431,63.07705,999.84576,220.30981,199,,,5.5,-76,,5,5
2026-01-23 18:00:37.645232,0x433af380,12.8032675,65.21537,1000.3866,163.22815,75,,,5.25,-33,,3,3
2026-01-25 03:02:32.266602,0x433b0b38,3.9326878,65.09325,1006.8022,280.62485,176,,,5.25,-77,,5,5
2026-01-25 03:02:46.085746,0x433aad0c,4.496549,64.627426,1007.0665,309.65082,190,,,5.75,-70,,3,3
2026-01-25 03:03:14.429699,0x433ad35c,3.7534275,69.77483,1006.9545,250.5199,179,,,5.75,-56,,3,3
2026-01-25 03:03:22.026687,0x433af380,2.0978181,75.1956,1007.2853,284.35205,109,,,5.5,-34,,3,3
2026-01-25 03:03:31.578543,0x433b0b38,3.994345,64.97976,1006.8097,279.01907,176,,,6.25,-77,,5,5
2026-01-25 03:04:22.290996,0x433af380,2.006296,75.502655,1007.2736,283.13434,110,,,6.0,-35,,3,3
2026-01-25 03:04:31.473009,0x433b0b38,4.0465584,64.59371,1006.822,281.3187,176,,,5.5,-76,,5,5
2026-01-25 03:05:22.836081,0x433af380,2.184291,75.22598,1007.3104,283.62018,108,,,7.0,-34,,3,3
2026-01-25 03:05:31.498547,0x433b0b38,4.038695,64.83207,1006.8489,280.8557,176,,,6.0,-78,,5,5
2026-01-25 03:05:46.679548,0x433aad0c,4.686173,63.72885,1007.0929,307.6262,191,,,5.5,-69,,3,3
2026-01-25 03:06:15.168879,0x433ad35c,3.6757598,69.32817,1006.9519,249.76277,180,,,6.0,-56,,3,3
2026-01-25 03:06:22.843111,0x433af380,2.4730818,74.308815,1007.2016,279.07098,110,,,5.75,-34,,3,3
2026-01-25 03:06:31.633420,0x433b0b38,3.9869013,64.796875,1006.8302,279.9344,176,,,5.75,-78,,5,5
2026-01-25 03:07:23.365778,0x433af380,2.6929567,74.26296,1007.3177,279.07098,109,,,7.75,-34,,3,3
2026-01-25 03:07:32.191061,0x433b0b38,3.9077811,65.367546,1006.8074,278.56366,177,,,5.5,-77,,5,5
2026-01-25 03:08:23.851035,0x433af380,2.708254,73.818825,1007.343,280.49173,104,,,7.25,-34,,3,3
2026-01-25 03:08:31.814625,0x433b0b38,3.8898246,65.540054,1006.80023,278.7912,176,,,6.0,-77,,5,5
2026-01-25 03:08:46.181456,0x433aad0c,4.7775693,63.473648,1007.11975,304.21634,192,,,5.5,-70,,3,3
2026-01-25 03:09:14.060717,0x433ad35c,3.723438,68.99536,1006.96875,248.26219,180,,,5.5,-56,,3,3
2026-01-25 03:09:23.615615,0x433af380,2.4895275,73.64206,1007.3242,280.49173,108,,,6.0,-34,,3,3
2026-01-25 03:09:31.597949,0x433b0b38,3.8693728,65.68128,1006.7998,276.75674,176,,,5.5,-77,,5,5
2026-01-25 03:10:23.870201,0x433af380,2.2936537,73.70733,1007.30334,282.89206,108,,,5.25,-34,,3,3
2026-01-25 03:10:31.738411,0x433b0b38,3.8501248,65.85916,1006.8516,282.48276,176,,,5.75,-78,,5,5
2026-01-25 03:11:24.114687,0x433af380,2.2046375,73.794426,1007.3092,284.35205,111,,0.06639445,6.0,-34,,3,3
2026-01-25 03:11:31.648387,0x433b0b38,3.9048316,65.843346,1006.85785,280.8557,176,,,5.5,-77,,5,5
2026-01-25 03:11:46.177835,0x433aad0c,4.817646,63.859737,1007.11005,303.9356,191,,,5.75,-70,,3,3
2026-01-25 03:12:14.426268,0x433ad35c,3.9112687,68.07762,1007.0023,250.33015,179,,,6.0,-57,,3,3
2026-01-25 03:12:24.391980,0x433af380,2.0851388,74.36701,1007.2994,285.3338,110,,0.16590902,5.5,-34,,3,3
2026-01-25 03:12:31.642499,0x433b0b38,4.003197,65.7171,1006.83453,275.19485,177,,,5.75,-77,,5,5
2026-01-25 03:13:24.638492,0x433af380,2.1995509,74.357346,1007.32733,282.65018,112,,,5.5,-35,,3,3
2026-01-25 03:13:31.669585,0x433b0b38,4.0700707,65.35523,1006.8882,277.8833,176,,,5.5,-78,,5,5
2026-01-25 03:14:24.896938,0x433af380,2.1868343,74.35498,1007.328,278.36597,115,,,5.75,-34,,3,3
2026-01-25 03:14:31.679716,0x433b0b38,4.170917,64.86826,1006.8324,276.53253,176,,,6.25,-78,,5,5
2026-01-25 03:14:46.363634,0x433aad0c,4.805004,63.938393,1007.14343,306.48108,191,,,5.25,-69,,3,3
2026-01-25 03:15:14.711171,0x433ad35c,3.8887196,67.94003,1007.0028,249.19794,180,,,6.25,-56,,3,3
2026-01-25 03:15:25.176748,0x433af380,2.2046375,74.65655,1007.3376,269.9551,115,,,5.75,-34,,3,3
2026-01-25 03:15:31.678665,0x433b0b38,4.021396,65.18146,1006.85443,276.08517,177,,,6.75,-78,,5,5
2026-01-25 03:16:25.442091,0x433af380,2.4106467,74.280396,1007.36395,276.0415,116,,,5.75,-33,,3,3
2026-01-25 03:16:31.769191,0x433b0b38,3.8713367,65.76289,1006.83026,276.75674,178,,,5.75,-77,,5,5
2026-01-25 03:17:25.873928,0x433af380,2.43608,74.15223,1007.371,279.54297,111,,,6.25,-34,,3,3
2026-01-25 03:17:40.454772,0x433b0b38,3.8327012,65.97281,1006.8307,275.4169,178,,,5.25,-76,,5,4
2026-01-25 03:17:46.240847,0x433aad0c,4.660928,64.02126,1007.15295,304.77942,191,,,5.5,-69,,3,3
2026-01-25 03:18:14.109274,0x433ad35c,3.9463444,67.84372,1007.007,252.24028,179,,,5.5,-56,,3,3
2026-01-25 03:18:25.970864,0x433af380,2.4131901,73.8295,1007.36646,266.47336,119,,,5.75,-33,,3,3
2026-01-25 03:18:32.683880,0x433b0b38,3.7847672,66.2449,1006.86835,275.4169,178,,,6.0,-77,,5,5
2026-01-25 03:19:26.516766,0x433af380,2.2656772,73.75759,1007.3454,281.20752,112,,,5.25,-33,,3,3
2026-01-25 03:19:32.746410,0x433b0b38,3.7533157,66.46511,1006.8435,276.75674,178,,,5.25,-77,,5,5
2026-01-25 03:20:26.791010,0x433af380,2.1512277,73.939606,1007.31903,285.82724,110,,,8.0,-34,,3,3
2026-01-25 03:20:33.552634,0x433b0b38,3.8128185,66.47278,1006.8207,275.6393,177,,,5.75,-77,,5,5
2026-01-25 03:20:46.234817,0x433aad0c,4.5193043,64.98444,1007.0928,304.4976,191,,,6.0,-70,,3,3
2026-01-25 03:21:14.570986,0x433ad35c,4.0390444,67.43653,1006.96747,251.09073,180,,,5.5,-56,,3,3
2026-01-25 03:21:26.719453,0x433af380,2.2733445,73.79314,1007.31793,281.68677,113,,,5.75,-34,,3,3
2026-01-25 03:21:32.425102,0x433b0b38,3.9227114,66.11744,1006.8166,274.53085,178,,,5.25,-78,,5,5
2026-01-25 03:22:27.107239,0x433af380,2.385025,73.709404,1007.31165,282.16763,112,,,6.0,-35,,3,3
2026-01-25 03:22:32.678491,0x433b0b38,4.018205,65.70906,1006.8195,272.77573,178,,,6.25,-77,,5,5
2026-01-25 03:23:27.270987,0x433af380,2.7539968,73.49273,1007.33374,270.39673,119,,,5.5,-34,,3,3
2026-01-25 03:23:32.699757,0x433b0b38,4.111634,65.17061,1006.80316,274.53085,177,,,6.75,-77,,5,5
2026-01-25 03:23:46.327281,0x433aad0c,4.6579823,64.95325,1007.0907,303.37567,191,,,5.5,-70,,3,3
2026-01-25 03:24:14.631701,0x433ad35c,4.1091967,67.5493,1006.92194,255.35785,178,,,6.0,-57,,3,3
2026-01-25 03:24:27.528504,0x433af380,2.876077,72.864784,1007.3206,280.2539,107,,,5.75,-34,,3,3
2026-01-25 03:24:31.945798,0x433b0b38,4.1238666,65.27405,1006.75934,275.19485,177,,,6.5,-78,,5,5
2026-01-25 03:25:28.106981,0x433af380,3.0591977,72.21469,1007.30505,282.16763,104,,,6.0,-34,,3,3
2026-01-25 03:25:33.946529,0x433b0b38,4.1848793,64.99082,1006.7604,276.75674,176,,,5.75,-77,,5,5
2026-01-25 03:26:28.045086,0x433af380,3.5958452,70.9233,1007.28156,275.12256,108,,,6.0,-34,,3,3
2026-01-25 03:26:32.015094,0x433b0b38,4.1131296,65.271866,1006.7657,277.8833,175,,,6.0,-77,,5,5
2026-01-25 03:26:46.637165,0x433aad0c,4.736017,64.10474,1007.08636,301.70816,191,,,5.25,-70,,3,3
2026-01-25 03:27:14.609115,0x433ad35c,3.896236,68.122604,1006.9445,255.55528,178,,,6.0,-56,,3,3
2026-01-25 03:27:28.613076,0x433af380,4.4656787,68.592926,1007.3495,266.90366,107,,,5.25,-34,,3,3
2026-01-25 03:27:32.044501,0x433b0b38,4.0251927,65.06444,1006.79254,279.24734,175,,,5.75,-77,,5,5
2026-01-25 03:28:28.543459,0x433af380,4.7200174,67.26062,1007.3131,263.70987,108,,,5.5,-34,,3,3
2026-01-25 03:28:34.424849,0x433b0b38,3.8701215,65.15584,1006.7869,277.8833,177,,,6.25,-77,,5,5
2026-01-25 03:29:28.807653,0x433af380,4.7937756,66.52581,1007.2909,264.97815,108,,,5.75,-34,,3,3
2026-01-25 03:29:35.988006,0x433b0b38,3.9619536,65.26011,1006.782,277.43158,177,,,6.0,-77,,5,5
2026-01-25 03:29:46.381808,0x433aad0c,4.5799837,64.33439,1007.05176,300.88123,192,,,5.5,-70,,3,3
2026-01-25 03:30:14.772790,0x433ad35c,3.8135574,68.97372,1006.9082,253.5948,178,,,5.75,-56,,3,3
2026-01-25 03:30:29.081745,0x433af380,4.5010977,67.10321,1007.2692,269.07614,108,,,6.0,-34,,3,3
2026-01-25 03:30:33.232756,0x433b0b38,4.064742,65.060196,1006.75305,275.4169,177,,,5.5,-77,,5,5
2026-01-25 03:31:29.427222,0x433af380,4.427528,67.15752,1007.2896,268.20294,111,,,6.0,-34,,3,3
2026-01-25 03:31:35.595785,0x433b0b38,4.0746083,64.722244,1006.76953,276.08517,177,,,5.25,-79,,5,5
2026-01-25 03:32:29.799532,0x433af380,4.012957,67.9416,1007.2443,276.73474,105,,,5.75,-34,,3,3
2026-01-25 03:32:34.928320,0x433b0b38,3.9795938,64.91458,1006.7933,277.6573,178,,,6.0,-78,,5,5
2026-01-25 03:32:47.066472,0x433aad0c,4.6052666,64.53787,1007.0808,298.69815,193,,,5.5,-69,,3,3
2026-01-25 03:33:14.630444,0x433ad35c,3.7759385,68.639496,1006.9656,252.819,179,,,5.75,-56,,3,3
2026-01-25 03:33:29.838623,0x433af380,3.4050934,69.850334,1007.2697,262.24542,120,,,5.75,-34,,3,3
2026-01-25 03:33:34.920760,0x433b0b38,3.936172,65.279396,1006.797,277.8833,178,,,6.0,-77,,5,5
2026-01-25 03:34:30.100993,0x433af380,2.9549205,70.67148,1007.249,270.61807,119,,0.066385634,6.0,-34,,3,3
2026-01-25 03:34:35.401675,0x433b0b38,3.843629,65.67944,1006.7905,275.19485,179,,,5.75,-78,,5,5
2026-01-25 03:35:30.342098,0x433af380,2.7514534,71.77297,1007.2643,261.00314,126,,0.9461366,5.75,-33,,3,3
2026-01-25 03:35:34.337924,0x433b0b38,3.8436666,65.91261,1006.79535,273.87003,179,,,5.75,-78,,5,5
2026-01-25 03:35:47.129719,0x433aad0c,4.740959,64.28554,1007.0676,297.8877,192,,,5.5,-69,,3,3
2026-01-25 03:36:14.123271,0x433ad35c,3.7609437,69.44131,1006.95605,251.66422,179,,,5.75,-56,,3,3
2026-01-25 03:36:30.607896,0x433af380,2.6166565,72.264656,1007.28296,245.6791,144,,0.6471203,6.0,-34,,3,3
2026-01-25 03:36:34.776133,0x433b0b38,3.8024983,66.11266,1006.7994,279.24734,177,,,6.0,-77,,5,5
2026-01-25 03:37:30.901704,0x433af380,2.66498,72.57748,1007.3047,256.7462,137,,0.54749066,6.0,-34,,3,3
2026-01-25 03:37:36.619642,0x433b0b38,3.8668022,66.10156,1006.80347,276.98135,177,,,5.75,-78,,5,5
2026-01-25 03:38:31.459091,0x433af380,2.8964236,72.32292,1007.32764,270.17572,121,,0.08295313,5.75,-34,,3,3
2026-01-25 03:38:36.464788,0x433b0b38,3.9156446,65.96628,1006.8241,277.8833,176,,,5.5,-76,,5,5
2026-01-25 03:38:46.439550,0x433aad0c,4.8429294,63.96752,1007.0763,303.65536,191,,,5.5,-69,,3,3
2026-01-25 03:39:14.679480,0x433ad35c,3.836106,68.955734,1006.95935,248.82277,180,,,5.5,-56,,3,3
2026-01-25 03:39:31.449795,0x433af380,3.173648,71.59735,1007.31757,282.40872,106,,,5.5,-34,,3,3
2026-01-25 03:39:39.489306,0x433b0b38,3.9567747,66.024574,1006.8184,275.19485,177,,,5.25,-76,,5,4
2026-01-25 03:40:31.690828,0x433af380,3.1380415,71.21305,1007.3137,273.3029,111,,,6.0,-34,,3,3
2026-01-25 03:40:35.716623,0x433b0b38,3.9534447,66.18073,1006.82513,278.3365,175,,,5.5,-78,,5,5
2026-01-25 03:41:31.951181,0x433af380,2.74128,72.212585,1007.3177,271.95386,119,,,7.0,-33,,3,3
2026-01-25 03:41:38.896429,0x433b0b38,4.023687,66.02615,1006.809,278.3365,175,,,6.25,-77,,5,5
2026-01-25 03:41:46.504683,0x433aad0c,4.9213076,64.28187,1007.08875,313.18433,188,,,6.0,-70,,3,3
2026-01-25 03:42:14.656311,0x433ad35c,3.9914794,68.302,1006.96094,243.68692,181,,,6.0,-56,,3,3
2026-01-25 03:42:32.200767,0x433af380,2.570688,72.7404,1007.30896,281.927,111,,,5.75,-34,,3,3
2026-01-25 03:42:36.365993,0x433b0b38,4.0930185,65.78283,1006.81067,280.16415,174,,,5.75,-76,,5,5
2026-01-25 03:43:32.450664,0x433af380,2.6548066,72.73774,1007.2997,270.61807,119,,,5.25,-34,,3,3
2026-01-25 03:43:38.386351,0x433b0b38,3.9901934,65.69311,1006.82336,280.16415,174,,,6.0,-78,,5,5
2026-01-25 03:44:32.912065,0x433af380,2.9422038,72.349945,1007.3217,268.8573,120,,,5.75,-34,,3,3
2026-01-25 03:44:37.942685,0x433b0b38,3.9800985,65.69167,1006.8282,278.1097,175,,,5.75,-76,,5,5
2026-01-25 03:44:46.478025,0x433aad0c,4.873269,64.02879,1007.0781,315.58508,187,,,5.5,-70,,3,3
2026-01-25 03:45:14.361193,0x433ad35c,3.9563284,68.30443,1006.9513,237.38718,185,,,6.0,-57,,3,3
2026-01-25 03:45:32.959668,0x433af380,3.2117987,71.736885,1007.3191,267.9855,117,,,5.75,-33,,3,3
2026-01-25 03:45:36.872635,0x433b0b38,4.051964,65.630135,1006.8099,279.47598,175,,,5.75,-77,,5,5
2026-01-25 03:46:33.220291,0x433af380,3.216885,71.412315,1007.2924,267.9855,117,,,5.5,-34,,3,3
2026-01-25 03:46:37.244718,0x433b0b38,4.1445446,65.39101,1006.78406,278.1097,175,,,6.0,-77,,5,5
2026-01-25 03:47:34.645827,0x433af380,3.199082,71.51292,1007.29785,256.7462,125,,,6.5,-33,,3,3
2026-01-25 03:47:41.659382,0x433b0b38,4.16182,65.36189,1006.76184,279.01907,175,,,5.5,-77,,5,5
2026-01-25 03:47:47.053048,0x433aad0c,5.050441,63.670094,1007.08453,313.78107,188,,,6.0,-69,,3,3
2026-01-25 03:48:14.442705,0x433ad35c,4.141804,68.39099,1006.92535,244.22705,180,,,5.75,-56,,3,3
2026-01-25 03:48:33.713334,0x433af380,2.957464,72.13974,1007.2683,268.20294,117,,,5.5,-34,,3,3
2026-01-25 03:48:44.165349,0x433b0b38,4.1315784,65.32478,1006.7518,279.01907,175,,,5.75,-76,,5,4
2026-01-25 03:49:34.299383,0x433af380,2.64972,73.21389,1007.26434,270.8398,118,,,6.0,-33,,3,3
2026-01-25 03:49:40.235119,0x433b0b38,4.145044,65.20704,1006.7374,276.75674,175,,,5.5,-76,,5,5
2026-01-25 03:50:34.258168,0x433af380,2.43608,73.70032,1007.269,275.3517,115,,,5.25,-34,,3,3
2026-01-25 03:50:39.152472,0x433b0b38,4.149799,65.157196,1006.75085,276.08517,176,,,5.5,-76,,5,5
2026-01-25 03:50:47.943757,0x433aad0c,5.049492,63.616867,1007.0548,309.35995,189,,,5.75,-69,,3,3
2026-01-25 03:51:14.247727,0x433ad35c,4.1292396,67.88315,1006.8837,248.82277,179,,,5.5,-56,,3,3
2026-01-25 03:51:34.513585,0x433af380,2.202094,74.35727,1007.2462,280.72992,111,,,6.0,-34,,3,3
2026-01-25 03:51:38.625063,0x433b0b38,4.131616,65.15212,1006.7551,275.6393,176,,,5.75,-78,,5,5
2026-01-25 03:52:35.025457,0x433af380,2.2249842,74.58888,1007.2208,282.16763,110,,,7.75,-33,,3,3
2026-01-25 03:52:42.568499,0x433b0b38,4.1357303,65.300575,1006.7172,277.43158,176,,,6.25,-77,,5,5
2026-01-25 03:53:35.889124,0x433af380,2.247874,74.541336,1007.24896,283.37708,110,,,6.0,-34,,3,3
2026-01-25 03:53:40.461422,0x433b0b38,4.0615644,65.898865,1006.7502,276.3087,177,,,6.25,-77,,5,5
2026-01-25 03:53:47.098832,0x433aad0c,5.0251575,63.714893,1007.04407,303.9356,190,,,5.75,-70,,3,3
2026-01-25 03:54:14.252411,0x433ad35c,4.236935,67.79368,1006.8588,248.82277,179,,,5.5,-56,,3,3
2026-01-25 03:54:35.315662,0x433af380,2.3419771,74.43772,1007.25977,274.43735,117,,,5.5,-34,,3,3
2026-01-25 03:54:38.575563,0x433b0b38,4.0418315,66.13061,1006.7224,274.53085,177,,,6.0,-77,,5,5
2026-01-25 03:55:35.842206,0x433af380,2.3521502,74.39503,1007.255,276.2722,113,,,5.25,-34,,3,3
2026-01-25 03:55:41.195643,0x433b0b38,4.018545,66.25432,1006.71436,272.77573,178,,,5.0,-77,,5,5
2026-01-25 03:56:35.840854,0x433af380,2.3519616,74.65861,1007.2415,274.89377,114,,,5.75,-34,,3,3
2026-01-25 03:56:40.820937,0x433b0b38,4.018432,66.3671,1006.7175,272.77573,178,,,5.5,-76,,5,5
2026-01-25 03:56:46.570764,0x433aad0c,4.9937534,63.499046,1007.0059,300.60663,191,,,5.75,-70,,3,3
2026-01-25 03:57:14.278406,0x433ad35c,4.3021517,67.15229,1006.84753,250.90016,179,,,5.5,-57,,3,3
2026-01-25 03:57:36.082614,0x433af380,2.306182,74.61414,1007.2207,281.44693,110,,,7.5,-34,,3,3
2026-01-25 03:57:40.005134,0x433b0b38,4.1290836,66.21073,1006.70685,270.6131,178,,,6.5,-78,,5,5
2026-01-25 03:58:36.100427,0x433b0b38,4.1830297,65.98231,1006.69604,271.04288,178,,,6.0,-77,,5,5
2026-01-25 03:58:38.198463,0x433af380,2.3826702,74.61966,1007.2504,279.54297,109,,,7.25,-34,,3,3
2026-01-25 03:59:36.445584,0x433b0b38,4.2037826,65.67448,1006.71576,271.25827,178,,,6.0,-76,,5,5
2026-01-25 03:59:38.524826,0x433af380,2.4538834,74.61565,1007.22833,276.2722,113,,,5.75,-34,,3,3
2026-01-25 03:59:46.784121,0x433aad0c,5.1027017,63.42928,1006.9951,297.08157,192,,,5.5,-69,,3,3
2026-01-25 04:00:14.308962,0x433ad35c,4.339733,67.016975,1006.8165,249.01024,179,,,6.0,-56,,3,3
2026-01-25 04:00:36.083231,0x433b0b38,4.2575784,65.79935,1006.69037,269.75763,178,,,6.5,-77,,5,5
2026-01-25 04:00:38.326614,0x433af380,2.1817474,75.02786,1007.23083,280.49173,109,,,6.75,-34,,3,3
2026-01-25 04:01:36.137422,0x433b0b38,4.221589,65.36234,1006.67926,272.34042,178,,,6.0,-78,,5,5
2026-01-25 04:01:38.620579,0x433af380,2.0520382,75.476265,1007.22437,285.08774,107,,,5.75,-34,,3,3
2026-01-23 18:01:18.106523,0x433b0b38,12.746215,63.325954,999.86383,218.61656,200,,,5.25,-75,,5,5
2026-01-23 18:01:37.885777,0x433af380,12.533645,66.054474,1000.36957,170.68529,64,,,6.0,-34,,3,3
2026-01-23 18:02:18.148983,0x433b0b38,12.689656,63.29565,999.8631,216.94916,200,,,5.5,-76,,5,5
2026-01-23 18:02:25.318410,0x433aad0c,13.568452,61.089878,1000.2292,250.14783,197,,,5.5,-71,,3,3
2026-01-23 18:02:38.150394,0x433af380,12.268922,67.06288,1000.39276,168.125,67,,,6.0,-34,,3,3
2026-01-23 18:02:55.055351,0x433ad35c,11.678389,67.58107,1000.11163,191.35396,176,,,6.0,-57,,3,3
2026-01-23 18:03:19.073061,0x433b0b38,12.688744,63.46315,999.88116,214.63007,200,,,5.75,-75,,5,5
2026-01-23 18:03:38.414293,0x433af380,12.073065,67.05083,1000.38367,170.51218,64,,,5.75,-34,,3,3
2026-01-23 18:04:18.193771,0x433b0b38,12.700166,63.24181,999.8841,212.75711,200,,,5.5,-76,,5,5
2026-01-23 18:04:38.661241,0x433af380,12.004576,67.126595,1000.36816,166.62538,71,,,5.75,-33,,3,3
2026-01-23 18:05:18.333532,0x433b0b38,12.694759,63.145042,999.9015,211.70146,200,,,5.75,-76,,5,5
2026-01-23 18:05:25.364800,0x433aad0c,13.566111,60.88691,1000.23975,246.77402,199,,,5.25,-70,,3,3
2026-01-23 18:05:39.026585,0x433af380,11.885027,67.4778,1000.41046,168.125,68,,,5.5,-34,,3,3
2026-01-23 18:05:55.105864,0x433ad35c,11.989088,66.96417,1000.1145,188.8398,179,,,6.5,-57,,3,3
2026-01-23 18:06:18.354211,0x433b0b38,12.72304,62.77467,999.92065,211.96439,199,,,5.25,-76,,5,5
2026-01-23 18:06:39.541520,0x433af380,11.981684,67.10953,1000.4038,170.68529,63,,,5.5,-33,,3,3
2026-01-23 18:07:18.265373,0x433b0b38,12.702473,62.86225,999.91144,213.1557,198,,,5.25,-76,,5,5
2026-01-23 18:07:39.903044,0x433af380,12.704065,65.80158,1000.46106,158.75827,77,,,6.0,-34,,3,3
2026-01-23 18:08:18.398437,0x433b0b38,12.656272,62.546383,999.9515,213.68948,198,,,5.25,-76,,5,5
2026-01-23 18:08:25.338731,0x433aad0c,13.485161,60.248165,1000.2701,244.93874,200,,,5.75,-70,,3,3
2026-01-23 18:08:40.242407,0x433af380,13.306904,64.10802,1000.4945,155.6713,87,,,5.75,-34,,3,3
2026-01-23 18:08:55.172174,0x433ad35c,12.192082,66.39207,1000.17773,191.13268,175,,,6.25,-57,,3,3
2026-01-23 18:09:19.139810,0x433b0b38,12.468561,62.74573,999.94763,215.57895,197,,,5.25,-77,,5,5
2026-01-23 18:09:40.357608,0x433af380,13.683173,62.634064,1000.49615,157.56793,82,,,6.25,-34,,3,3
2026-01-23 18:10:18.346123,0x433b0b38,12.383684,62.83833,999.967,216.53627,198,,,5.5,-76,,5,5
2026-01-23 18:10:40.689063,0x433af380,13.838335,61.749493,1000.51605,164.34506,72,,,7.75,-34,,3,3
2026-01-23 18:11:18.425756,0x433b0b38,12.301415,62.79332,999.971,217.08713,198,,,5.5,-76,,5,5
2026-01-23 18:11:25.974731,0x433aad0c,12.885437,61.426537,1000.336,239.94215,200,,,5.75,-71,,3,3
2026-01-23 18:11:40.584952,0x433af380,13.489858,61.86858,1000.5279,162.91183,75,,,5.5,-34,,3,3
2026-01-23 18:11:55.138639,0x433ad35c,12.232021,66.73875,1000.22144,193.25569,172,,,5.5,-58,,3,3
2026-01-23 18:12:18.388358,0x433b0b38,12.270565,62.546856,999.99976,216.39899,199,,,5.25,-76,,5,5
2026-01-23 18:12:40.858339,0x433af380,13.192441,62.371983,1000.52545,165.15227,73,,,7.5,-34,,3,3
2026-01-23 18:13:18.440394,0x433b0b38,12.121492,63.09969,1000.02454,215.7152,200,,,5.75,-76,,5,5
2026-01-23 18:13:41.112081,0x433af380,12.925361,62.569595,1000.5486,168.96985,65,,,5.75,-34,,3,3
2026-01-23 18:14:18.459654,0x433b0b38,11.990416,63.667572,1000.0328,215.17125,199,,,5.75,-77,,5,5
2026-01-23 18:14:25.405159,0x433aad0c,12.809088,61.30117,1000.3904,235.98782,200,,,5.75,-70,,3,3
2026-01-23 18:14:41.380524,0x433af380,12.775288,62.936253,1000.567,173.86247,62,,,5.75,-34,,3,3
2026-01-23 18:14:55.153111,0x433ad35c,12.0992985,65.88356,1000.2404,196.00575,172,,,6.25,-58,,3,3
2026-01-23 18:15:20.371068,0x433b0b38,12.070075,63.28501,1000.031,214.4952,199,,,5.75,-76,,5,5
2026-01-23 18:15:41.960139,0x433af380,12.335243,64.78468,1000.52124,178.47664,54,,,8.25,-34,,3,3
2026-01-23 18:16:18.414156,0x433b0b38,12.062325,63.192715,1000.03406,214.09158,199,,,5.75,-76,,5,5
2026-01-23 18:16:41.884063,0x433af380,12.197888,65.207,1000.56165,177.53432,56,,,5.75,-34,,3,3
2026-01-23 18:17:18.651674,0x433b0b38,12.057183,63.138706,1000.0448,195.68124,210,,,4.75,-76,,5,5
2026-01-23 18:17:25.434289,0x433aad0c,12.870112,61.365856,1000.3994,236.15706,198,,,5.5,-70,,3,3
2026-01-23 18:17:42.136639,0x433af380,12.419182,64.74713,1000.57007,172.61293,59,,,6.0,-33,,3,3
2026-01-23 18:17:55.183088,0x433ad35c,12.0191555,66.10831,1000.2726,194.621,174,,,5.75,-58,,3,3
2026-01-23 18:18:18.640043,0x433b0b38,12.034121,63.345737,1000.0657,160.35077,250,,,5.5,-76,,5,5
2026-01-23 18:18:42.689750,0x433af380,12.869212,63.456787,1000.6034,159.36018,80,,,7.5,-33,,3,3
2026-01-23 18:19:18.473178,0x433b0b38,12.046446,63.124985,1000.0796,159.15448,252,,,5.5,-76,,5,5
2026-01-23 18:19:43.036387,0x433af380,12.937891,62.735104,1000.6101,161.50336,79,,,7.75,-34,,3,3
2026-01-23 18:20:18.477216,0x433b0b38,11.9131775,63.530914,1000.0489,164.20782,243,,,5.5,-76,,5,5
2026-01-23 18:20:25.541401,0x433aad0c,12.758134,61.51023,1000.42914,221.24454,203,,,6.0,-70,,3,3
2026-01-23 18:20:43.131048,0x433af380,12.970958,62.50497,1000.6234,161.50336,78,,,5.75,-34,,3,3
2026-01-23 18:20:55.254990,0x433ad35c,11.969117,66.16783,1000.32605,201.99416,168,,,5.75,-58,,3,3
2026-01-23 18:21:20.762071,0x433b0b38,11.962174,63.074005,1000.084,174.98291,230,,,6.0,-76,,5,5
2026-01-23 18:21:43.137754,0x433af380,12.935535,62.525963,1000.6332,157.42041,84,,,5.75,-34,,3,3
2026-01-23 18:22:18.583426,0x433b0b38,11.943535,63.041008,1000.08887,181.11072,220,,,5.75,-76,,5,5
2026-01-23 18:22:43.371676,0x433af380,12.86177,62.690132,1000.6657,159.81464,82,,,7.0,-33,,3,3
2026-01-23 18:23:18.803080,0x433b0b38,11.827998,63.61352,1000.1251,190.86673,208,,,5.75,-77,,5,5
2026-01-23 18:23:26.981486,0x433aad0c,12.625489,61.757668,1000.47327,220.35637,200,,,6.0,-70,,3,3
2026-01-23 18:23:43.789371,0x433af380,12.894836,62.55539,1000.67035,166.13142,71,,,5.75,-34,,3,3
2026-01-23 18:23:55.238248,0x433ad35c,11.87637,66.22282,1000.3651,205.12767,163,,,6.0,-58,,3,3
2026-01-23 18:24:18.567760,0x433b0b38,11.815106,63.91434,1000.12756,198.41116,198,,,5.75,-76,,5,5
2026-01-23 18:24:43.899939,0x433af380,13.189898,61.791485,1000.6539,168.46193,69,,,7.5,-34,,3,3
2026-01-23 18:25:18.661804,0x433b0b38,11.903045,63.61015,1000.10803,204.10605,193,,,5.25,-76,,5,5
2026-01-23 18:25:44.568878,0x433af380,12.561436,62.89856,1000.6345,176.9737,57,,,6.0,-34,,3,3
2026-01-23 18:26:18.609872,0x433b0b38,11.954387,63.25106,1000.1164,207.07787,189,,,5.5,-77,,5,5
2026-01-23 18:26:25.800085,0x433aad0c,12.718439,61.082535,1000.4656,223.19371,199,,,5.5,-70,,3,3
2026-01-23 18:26:44.393246,0x433af380,12.067977,64.00096,1000.58417,181.16917,51,,,5.75,-34,,3,3
2026-01-23 18:26:55.300894,0x433ad35c,11.680288,67.447075,1000.3552,200.76738,164,,,5.25,-58,,3,3
2026-01-23 18:27:20.851656,0x433b0b38,11.815824,63.32412,1000.0949,204.84097,190,,,5.5,-76,,5,5
2026-01-23 18:27:44.655651,0x433af380,11.23877,67.0403,1000.6164,181.95348,53,,,6.25,-34,,3,3
2026-01-23 18:28:18.657681,0x433b0b38,11.622178,63.986187,1000.2322,208.59645,189,,,5.25,-76,,5,5
2026-01-23 18:28:45.178739,0x433af380,10.506225,69.263824,1000.5717,184.14568,50,,,6.25,-34,,3,3
2026-01-23 18:29:18.919577,0x433b0b38,11.527737,64.25658,1000.1154,206.70166,191,,,5.25,-77,,5,5
2026-01-23 18:29:26.014631,0x433aad0c,12.408373,62.223793,1000.41895,221.09601,200,,,5.75,-70,,3,3
2026-01-23 18:29:45.169863,0x433af380,10.389409,69.469795,1000.5867,183.94421,51,,,7.5,-34,,3,3
2026-01-23 18:29:55.761702,0x433ad35c,11.532533,65.928825,1000.3244,195.54198,179,,,6.0,-57,,3,3
2026-01-23 18:30:18.825724,0x433b0b38,11.545091,64.26029,1000.194,197.60709,193,,,5.75,-76,,5,5
2026-01-23 18:30:45.444164,0x433af380,10.361431,70.29209,1000.5664,174.40353,63,,,5.5,-34,,3,3
2026-01-23 18:31:18.720836,0x433b0b38,11.527624,64.265945,1000.1058,206.70166,192,,,6.0,-77,,5,5
2026-01-23 18:31:45.693693,0x433af380,10.452998,70.24766,1000.5656,176.41658,61,,,7.0,-34,,3,3
2026-01-23 18:32:18.700170,0x433b0b38,11.583309,63.93578,1000.1017,205.08713,192,,,6.0,-77,,5,5
2026-01-23 18:32:25.842835,0x433aad0c,12.336971,62.039417,1000.4451,217.4466,199,,,5.5,-70,,3,3
2026-01-23 18:32:45.958867,0x433af380,10.674287,69.77905,1000.60425,174.58464,65,,,5.75,-33,,3,3
2026-01-23 18:32:55.279883,0x433ad35c,11.341761,65.9054,1000.3161,195.54198,179,,,5.75,-57,,3,3
2026-01-23 18:33:20.103226,0x433b0b38,11.625167,63.62199,1000.091,206.20218,192,,,6.0,-77,,5,5
2026-01-23 18:33:46.385961,0x433af380,11.012393,68.709236,1000.6291,177.53432,58,,,7.5,-34,,3,3
2026-01-23 18:34:18.952064,0x433b0b38,11.645163,63.41179,1000.1199,207.45543,191,,,5.25,-76,,5,5
2026-01-23 18:34:51.093569,0x433af380,11.223509,67.06234,1000.6338,180.97417,53,,,7.0,-34,,3,3
2026-01-23 18:35:19.242130,0x433b0b38,11.45031,64.062195,1000.13477,205.82915,191,,,5.0,-77,,5,5
2026-01-23 18:35:26.165300,0x433aad0c,12.104573,62.387432,1000.45544,215.87875,200,,,5.25,-70,,3,3
2026-01-23 18:35:47.063809,0x433af380,11.294728,66.99267,1000.6672,183.14268,52,,,6.0,-34,,3,3
2026-01-23 18:35:55.621127,0x433ad35c,10.971501,68.043884,1000.33466,196.00575,179,,,5.75,-57,,3,3
2026-01-23 18:36:18.946750,0x433b0b38,11.28037,64.71117,1000.246,209.2358,188,,,5.5,-77,,5,5
2026-01-23 18:36:47.020777,0x433af380,11.432082,66.7951,1000.6697,180.19829,56,,,5.75,-34,,3,3
2026-01-23 18:37:19.064812,0x433b0b38,11.234586,64.74079,1000.1614,213.42227,187,,,5.0,-76,,5,5
2026-01-23 18:37:47.890327,0x433af380,11.620495,66.393745,1000.6382,181.75676,55,,,7.25,-34,,3,3
2026-01-23 18:38:18.969582,0x433b0b38,11.175155,64.76637,1000.1346,212.62457,187,,,4.5,-76,,5,5
2026-01-23 18:38:25.975671,0x433aad0c,12.142689,61.64657,1000.4145,216.44623,199,,,5.5,-70,,3,3
2026-01-23 18:38:47.790519,0x433af380,11.556905,66.64938,1000.5988,180.5854,56,,,5.75,-35,,3,3
2026-01-23 18:38:55.640575,0x433ad35c,11.107424,68.16056,1000.3257,196.12206,176,,,5.75,-58,,3,3
2026-01-23 18:39:21.479903,0x433b0b38,11.1977215,64.62293,1000.13367,213.68948,187,,,5.0,-77,,5,5
2026-01-23 18:39:52.579715,0x433af380,11.584885,66.105385,1000.6088,183.74318,50,,,7.0,-34,,3,3
2026-01-23 18:40:19.644692,0x433b0b38,11.187666,64.541504,1000.10443,214.63007,186,,,5.0,-76,,5,5
2026-01-23 18:40:48.378173,0x433af380,11.414464,66.89278,1000.6321,183.74318,51,,,6.0,-33,,3,3
2026-01-23 18:41:19.720954,0x433b0b38,11.223696,64.30141,1000.1174,215.0357,186,,,6.0,-76,,5,5
2026-01-23 18:41:25.944339,0x433aad0c,12.046605,61.928688,1000.4239,221.69131,197,,,5.5,-71,,3,3
2026-01-23 18:41:49.374011,0x433af380,11.39666,66.51596,1000.64374,185.77348,50,,,5.75,-35,,3,3
2026-01-23 18:41:55.327323,0x433ad35c,11.149702,68.267525,1000.33014,201.99416,172,,,5.75,-58,,3,3
2026-01-23 18:42:19.463942,0x433b0b38,11.241654,64.17524,1000.1338,215.30699,186,,,5.5,-76,,5,5
2026-01-23 18:42:48.902102,0x433af380,11.549087,66.19813,1000.6184,183.54257,51,,,5.75,-34,,3,3
2026-01-23 18:43:19.438971,0x433b0b38,11.340171,63.855385,1000.1263,216.67372,186,,,4.75,-76,,5,5
2026-01-23 18:43:48.840239,0x433af380,11.505845,66.06226,1000.6326,185.6581,50,,,7.0,-34,,3,3
2026-01-23 18:44:19.722488,0x433b0b38,11.242223,64.1849,1000.1061,216.39899,185,,,5.75,-76,,5,5
2026-01-23 18:44:25.934061,0x433aad0c,12.076418,62.439163,1000.42615,225.02365,195,,,5.5,-70,,3,3
2026-01-23 18:44:50.598231,0x433af380,11.630026,65.453,1000.6261,176.23164,65,,,7.5,-34,,3,3
2026-01-23 18:44:56.031323,0x433ad35c,11.269175,67.79305,1000.3154,203.73701,168,,,5.5,-58,,3,3
2026-01-23 18:45:21.577766,0x433b0b38,11.243843,64.26375,1000.10547,218.61656,184,,,5.25,-76,,5,5
2026-01-23 18:45:50.589883,0x433af380,12.149561,64.38509,1000.56934,174.22281,65,,,6.0,-34,,3,3
2026-01-23 18:46:19.916112,0x433b0b38,11.169557,64.36664,1000.0978,217.77968,184,,,5.5,-77,,5,5
2026-01-23 18:46:49.767686,0x433af380,11.783359,65.05728,1000.58875,183.74318,54,,,6.0,-34,,3,3
2026-01-23 18:47:19.550469,0x433b0b38,11.220859,64.416245,1000.07367,220.16771,183,,,5.75,-76,,5,5
2026-01-23 18:47:25.936629,0x433aad0c,11.943087,62.441868,1000.408,228.14117,193,,,5.5,-71,,3,3
2026-01-23 18:47:49.713412,0x433af380,11.33307,65.853546,1000.5701,187.02357,50,,,7.5,-33,,3,3
2026-01-23 18:47:55.414521,0x433ad35c,11.211762,68.442955,1000.29083,207.0549,164,,,6.0,-58,,3,3
2026-01-23 18:48:20.425187,0x433b0b38,11.208991,64.08855,1000.0581,221.30971,182,,,5.0,-77,,5,5
2026-01-23 18:48:50.852577,0x433af380,11.2845545,66.09659,1000.5589,181.75676,61,,,5.75,-34,,3,3
2026-01-23 18:49:20.223631,0x433b0b38,11.201128,64.05574,1000.04315,222.174,181,,,5.25,-76,,5,5
2026-01-23 18:49:50.981397,0x433af380,11.40919,65.708755,1000.52374,186.70668,51,,,6.5,-34,,3,3
2026-01-23 18:50:20.925396,0x433b0b38,11.175419,64.06848,1000.01685,223.62961,180,,,5.75,-76,,5,5
2026-01-23 18:50:26.455920,0x433aad0c,12.122612,61.80175,1000.3383,231.67178,191,,,5.5,-71,,3,3
2026-01-23 18:50:50.585691,0x433af380,11.02511,66.72076,1000.5229,189.70677,48,,,7.75,-34,,3,3
2026-01-23 18:50:55.619742,0x433ad35c,11.272655,66.63632,1000.22784,203.98846,166,,,6.25,-57,,3,3
2026-01-23 18:51:19.775651,0x433b0b38,11.031489,64.322945,1000.0204,224.8079,179,,,5.5,-77,,5,5
2026-01-23 18:51:51.891743,0x433af380,10.752266,67.24664,1000.5216,193.02998,49,,,7.5,-33,,3,3
2026-01-23 18:52:19.844537,0x433b0b38,10.999766,64.82281,1000.02686,225.6998,179,,,5.5,-76,,5,5
2026-01-23 18:52:51.069607,0x433af380,10.465716,68.20314,1000.495,190.25267,54,,,6.0,-34,,3,3
2026-01-23 18:53:19.644969,0x433b0b38,10.9589,64.804474,1000.0433,225.55066,179,,,6.0,-76,,5,5
2026-01-23 18:53:25.989775,0x433aad0c,12.023547,61.4895,1000.33325,234.81006,190,,,6.0,-70,,3,3
2026-01-23 18:53:52.305221,0x433af380,10.28258,69.070984,1000.5049,189.0558,52,,,5.75,-34,,3,3
2026-01-23 18:53:56.302068,0x433ad35c,11.148094,66.21292,1000.23,210.21492,165,,,6.25,-57,,3,3
2026-01-23 18:54:19.924377,0x433b0b38,10.905481,64.87817,1000.05634,225.10442,180,,,5.5,-77,,5,5
2026-01-23 18:54:52.791991,0x433af380,10.304378,69.38529,1000.54834,189.27228,53,,,7.5,-34,,3,3
2026-01-23 18:55:19.844531,0x433b0b38,10.96461,64.58253,1000.0799,223.62961,180,,,5.25,-77,,5,5
2026-01-23 18:55:52.060257,0x433af380,10.081641,70.06171,1000.5485,189.48929,54,,,5.75,-34,,3,3
2026-01-23 18:56:20.097594,0x433b0b38,10.810322,65.02108,1000.0654,221.45328,183,,,5.5,-76,,5,5
2026-01-23 18:56:26.546355,0x433aad0c,11.926663,61.551167,1000.39954,233.313,192,,,5.5,-70,,3,3
2026-01-23 18:56:52.695897,0x433af380,9.76841,71.11818,1000.5539,191.13268,51,,,7.5,-34,,3,3
2026-01-23 18:56:56.419019,0x433ad35c,10.843639,66.63294,1000.22546,207.57497,170,,,6.25,-57,,3,3
2026-01-23 18:57:21.479591,0x433b0b38,10.730665,65.229355,1000.02765,222.31873,183,,,5.75,-76,,5,5
2026-01-23 18:57:53.507055,0x433af380,9.750944,70.994354,1000.5144,188.8398,54,,,7.75,-33,,3,3
2026-01-23 18:58:20.647936,0x433b0b38,10.758905,65.30058,1000.0127,219.74248,185,,,5.5,-76,,5,5
2026-01-23 18:58:53.232815,0x433af380,9.58292,71.23803,1000.51013,187.76718,57,,,7.0,-34,,3,3
2026-01-23 18:59:20.569343,0x433b0b38,10.9494505,64.596436,999.9986,221.30971,183,,,5.0,-77,,5,5
2026-01-23 18:59:26.212915,0x433aad0c,11.760958,62.038612,1000.3078,231.02174,194,,,5.25,-70,,3,3
2026-01-23 18:59:53.627786,0x433af380,9.366909,71.349,1000.4789,191.02223,53,,,6.0,-33,,3,3
2026-01-23 18:59:57.614822,0x433ad35c,10.845802,66.177895,1000.1927,203.73701,174,,,5.75,-57,,3,3
2026-01-23 19:00:21.139728,0x433b0b38,11.016027,64.04571,999.9953,221.45328,183,,,5.5,-76,,5,5
2026-01-23 19:00:53.373625,0x433af380,9.405062,71.57796,1000.499,188.40929,54,,,6.0,-33,,3,3
2026-01-24 22:02:21.153481,0x433b0b38,5.9439034,65.04575,1005.1574,253.71655,176,,,5.75,-78,,5,5
2026-01-24 22:02:43.563973,0x433aad0c,6.648173,64.14412,1005.5046,283.28284,192,,,5.75,-69,,3,3
2026-01-24 22:03:03.059885,0x433af380,4.8319263,70.68997,1005.63794,213.8873,153,,,7.25,-34,,3,3
2026-01-24 22:03:11.508811,0x433ad35c,5.8178716,67.67837,1005.3103,217.97733,188,,,6.0,-56,,3,3
2026-01-24 22:03:21.181005,0x433b0b38,5.9413705,65.15534,1005.1772,254.28358,176,,,5.25,-78,,5,5
2026-01-24 22:04:03.313012,0x433af380,5.1854587,70.25201,1005.6519,228.05252,143,,,7.5,-34,,3,3
2026-01-24 22:04:21.208466,0x433b0b38,6.023595,65.07975,1005.1923,257.3511,174,,,5.25,-77,,5,5
2026-01-24 22:05:03.796002,0x433af380,5.4703207,69.71981,1005.7133,220.00833,144,,,5.75,-34,,3,3
2026-01-24 22:05:21.170334,0x433b0b38,6.0826836,65.0241,1005.21576,261.29114,172,,,5.5,-78,,5,5
2026-01-24 22:05:42.918588,0x433aad0c,6.6835704,64.19752,1005.55,291.55862,190,,,5.25,-70,,3,3
2026-01-24 22:06:03.854162,0x433af380,5.5211887,69.45326,1005.67303,228.68355,136,,,5.75,-34,,3,3
2026-01-24 22:06:11.599018,0x433ad35c,5.7471876,67.27292,1005.3484,222.826,187,,,5.75,-56,,3,3
2026-01-24 22:06:21.356047,0x433b0b38,6.0853295,64.857414,1005.2235,262.09366,171,,,5.5,-78,,5,5
2026-01-24 22:07:04.097195,0x433af380,5.681424,68.90812,1005.696,229.31812,135,,,6.0,-33,,3,3
2026-01-24 22:07:21.208069,0x433b0b38,6.0107417,64.92433,1005.23804,261.29114,172,,,5.25,-78,,5,5
2026-01-24 22:08:04.731075,0x433af380,5.722119,68.73571,1005.73145,228.3676,135,,,6.75,-33,,3,3
2026-01-24 22:08:21.225909,0x433b0b38,6.021024,64.79074,1005.23645,260.09653,172,,,5.75,-78,,5,5
2026-01-24 22:08:43.463934,0x433aad0c,6.736666,63.759007,1005.59393,300.60663,188,,,5.75,-71,,3,3
2026-01-24 22:09:04.629995,0x433af380,5.1447644,69.71284,1005.709,236.03122,132,,,6.0,-34,,3,3
2026-01-24 22:09:12.437285,0x433ad35c,5.65942,68.086205,1005.40265,227.11244,185,,,5.5,-56,,3,3
2026-01-24 22:09:21.745956,0x433b0b38,6.0260906,64.78457,1005.2454,257.3511,174,,,6.0,-78,,5,5
2026-01-24 22:10:05.221832,0x433af380,4.704795,70.763504,1005.7045,239.798,132,,,5.75,-35,,3,3
2026-01-24 22:10:21.317729,0x433b0b38,6.02125,64.64175,1005.23804,259.70074,173,,,5.5,-78,,5,5
2026-01-24 22:11:05.149707,0x433af380,4.7403646,71.15421,1005.7367,235.86281,138,,,6.0,-34,,3,3
2026-01-24 22:11:21.352450,0x433b0b38,5.853929,65.0408,1005.25037,261.4913,172,,,5.5,-77,,5,5
2026-01-24 22:11:43.530717,0x433aad0c,6.612776,63.754524,1005.605,301.70816,188,,,6.0,-69,,3,3
2026-01-24 22:12:05.406767,0x433af380,5.5517097,69.35232,1005.7992,234.35788,133,,,6.25,-34,,3,3
2026-01-24 22:12:13.563452,0x433ad35c,5.5865326,68.17438,1005.4314,229.79634,184,,,6.5,-56,,3,3
2026-01-24 22:12:21.339522,0x433b0b38,5.7874293,65.38158,1005.3351,261.89258,172,,,5.25,-78,,5,5
2026-01-24 22:13:05.788216,0x433af380,6.190109,67.89361,1005.8121,232.38095,130,,0.44816998,5.75,-34,,3,3
2026-01-24 22:13:21.361327,0x433b0b38,5.887386,64.94205,1005.3134,262.4968,172,,,5.5,-79,,5,5
2026-01-24 22:14:05.936115,0x433af380,5.879811,67.71556,1005.80206,237.38718,126,,0.06636581,5.75,-33,,3,3
2026-01-24 22:14:21.394757,0x433b0b38,5.779341,64.608986,1005.2892,262.90115,173,,,5.25,-77,,5,5
2026-01-24 22:14:43.629206,0x433aad0c,6.289144,63.292538,1005.6546,293.6382,190,,,5.5,-70,,3,3
2026-01-24 22:15:06.197041,0x433af380,4.6106515,69.750244,1005.7553,242.43596,131,,0.23229189,6.0,-34,,3,3
2026-01-24 22:15:11.146579,0x433ad35c,5.396537,68.81546,1005.4784,230.43707,185,,,6.5,-56,,3,3
2026-01-24 22:15:21.421036,0x433b0b38,5.8352895,64.47667,1005.27264,259.5033,174,,,5.25,-78,,5,5
2026-01-24 22:16:07.252708,0x433af380,4.282555,70.72421,1005.77234,245.6791,134,,,5.25,-34,,3,3
2026-01-24 22:16:21.419374,0x433b0b38,5.6885304,64.98207,1005.26215,257.1572,175,,,5.0,-78,,5,5
2026-01-24 22:17:06.711608,0x433af380,4.2723813,71.75462,1005.7556,240.67091,138,,,5.75,-34,,3,3
2026-01-24 22:17:21.828932,0x433b0b38,5.6318603,65.33779,1005.2852,259.1093,175,,,6.0,-78,,5,5
2026-01-24 22:17:43.218442,0x433aad0c,6.463601,63.064636,1005.6318,289.254,192,,,5.75,-70,,3,3
2026-01-24 22:18:06.956783,0x433af380,4.437701,72.45339,1005.78925,237.38718,139,,0.2821811,5.5,-34,,3,3
2026-01-24 22:18:11.194539,0x433ad35c,5.166753,69.80865,1005.4605,231.4049,184,,,6.25,-55,,3,3
2026-01-24 22:18:21.825660,0x433b0b38,5.5706983,65.738594,1005.2864,256.77032,176,,,5.25,-77,,5,5
2026-01-24 22:19:07.594060,0x433af380,4.6793227,72.38191,1005.78326,233.03621,138,,0.48128787,5.5,-34,,3,3
2026-01-24 22:19:21.487682,0x433b0b38,5.51456,66.063774,1005.2835,258.12958,175,,,5.25,-77,,5,5
2026-01-24 22:20:07.466983,0x433af380,4.875164,71.76962,1005.8036,228.3676,139,,0.1493776,7.25,-34,,3,3
2026-01-24 22:20:21.509596,0x433b0b38,5.599393,65.827,1005.3161,256.38458,176,,,5.25,-78,,5,5
2026-01-24 22:20:43.565458,0x433aad0c,6.4433746,63.78938,1005.66516,287.23584,192,,,5.75,-70,,3,3
2026-01-24 22:21:07.713379,0x433af380,4.9031415,71.558914,1005.81805,222.9763,144,,,7.25,-34,,3,3
2026-01-24 22:21:12.868038,0x433ad35c,5.296773,68.71285,1005.519,192.02086,198,,,6.25,-55,,3,3
2026-01-24 22:21:21.560971,0x433b0b38,5.717228,65.4079,1005.3196,256.19214,175,,,5.5,-78,,5,5
2026-01-24 22:22:08.271519,0x433af380,4.7149305,71.751854,1005.802,215.00017,150,,,6.0,-34,,3,3
2026-01-24 22:22:21.513547,0x433b0b38,5.7745385,65.02131,1005.3159,254.47316,176,,,5.0,-78,,5,5
2026-01-24 22:23:08.233825,0x433af380,4.7073,71.7574,1005.796,215.56097,154,,,5.75,-33,,3,3
2026-01-24 22:23:21.548907,0x433b0b38,5.802628,65.00261,1005.3053,256.38458,175,,,5.25,-78,,5,5
2026-01-24 22:23:43.200160,0x433aad0c,6.4282045,63.740738,1005.66766,285.7406,192,,,5.75,-71,,3,3
2026-01-24 22:24:08.490405,0x433af380,4.7785153,71.82537,1005.8149,218.4094,150,,,5.5,-33,,3,3
2026-01-24 22:24:12.684851,0x433ad35c,5.491248,67.71816,1005.5075,192.46806,198,,,5.75,-56,,3,3
2026-01-24 22:24:21.564030,0x433b0b38,5.5523605,65.80317,1005.3037,255.80814,176,,,5.25,-78,,5,5
2026-01-24 22:25:08.762118,0x433af380,4.9489226,71.85115,1005.85693,227.26859,141,,,5.25,-34,,3,3
2026-01-24 22:25:21.618036,0x433b0b38,5.476075,65.74943,1005.34753,256.38458,176,,,5.25,-78,,5,5
2026-01-24 22:26:09.031420,0x433af380,4.5648704,72.31692,1005.8941,220.44849,146,,,5.75,-34,,3,3
2026-01-24 22:26:21.590165,0x433b0b38,5.424624,66.20543,1005.3699,255.0436,177,,,5.25,-77,,5,5
2026-01-24 22:26:43.649917,0x433aad0c,6.3270693,64.40201,1005.7542,286.7357,192,,,5.5,-70,,3,3
2026-01-24 22:27:09.283620,0x433af380,4.3181624,72.50246,1005.8935,230.75877,141,,,6.0,-34,,3,3
2026-01-24 22:27:13.438212,0x433ad35c,5.3569417,68.536995,1005.5886,209.54868,192,,,5.75,-56,,3,3
2026-01-24 22:27:21.630280,0x433b0b38,5.49592,66.11079,1005.4223,254.85315,177,,,5.5,-78,,5,5
2026-01-24 22:28:09.639497,0x433af380,4.358856,72.17027,1005.92725,230.75877,140,,,7.5,-33,,3,3
2026-01-24 22:28:21.635658,0x433b0b38,5.473202,65.91869,1005.4047,254.85315,177,,,5.5,-78,,5,5
2026-01-24 22:29:10.200963,0x433af380,4.3181624,72.15517,1005.9404,235.35902,140,,,5.75,-34,,3,3
2026-01-24 22:29:21.677337,0x433b0b38,5.5207753,65.74816,1005.377,255.2343,177,,,5.5,-78,,5,5
2026-01-24 22:29:43.575235,0x433aad0c,6.165254,64.64066,1005.76624,286.48627,192,,,5.75,-70,,3,3
2026-01-24 22:30:10.038104,0x433af380,4.6742363,71.63001,1005.97296,237.55777,137,,,5.75,-33,,3,3
2026-01-24 22:30:15.618549,0x433ad35c,5.412062,67.52266,1005.6231,219.862,189,,,6.0,-55,,3,3
2026-01-24 22:30:21.636619,0x433b0b38,5.583628,65.22981,1005.4158,256.0,177,,,5.25,-78,,5,5
2026-01-24 22:31:10.711881,0x433af380,4.6918516,71.76203,1005.96906,243.14922,130,,,5.75,-34,,3,3
2026-01-24 22:31:21.699790,0x433b0b38,5.599694,65.65836,1005.4572,254.28358,177,,,5.5,-78,,5,5
2026-01-24 22:32:10.562836,0x433af380,4.498554,72.35632,1005.9761,243.50742,130,,,7.75,-34,,3,3
2026-01-24 22:32:21.725522,0x433b0b38,5.673943,65.09779,1005.51733,256.5773,176,,,5.5,-78,,5,5
2026-01-24 22:32:43.107868,0x433aad0c,6.251219,64.02216,1005.8065,284.5064,193,,,5.5,-70,,3,3
2026-01-24 22:33:10.836991,0x433af380,4.559821,72.37256,1005.99664,242.08086,130,,,6.25,-34,,3,3
2026-01-24 22:33:15.956973,0x433ad35c,5.4721556,67.9443,1005.65607,227.26859,186,,,5.75,-56,,3,3
2026-01-24 22:33:21.694971,0x433b0b38,5.719264,64.414505,1005.529,256.77032,177,,,5.75,-78,,5,5
2026-01-24 22:34:11.107616,0x433af380,4.8293834,72.05113,1005.9778,231.56703,137,,,5.5,-34,,3,3
2026-01-24 22:34:21.688007,0x433b0b38,5.625062,64.460014,1005.44696,251.10349,179,,,5.25,-78,,5,5
2026-01-24 22:35:11.532598,0x433af380,4.981987,71.52417,1005.97534,236.36873,132,,,5.5,-34,,3,3
2026-01-24 22:35:22.613400,0x433b0b38,5.573459,64.66049,1005.53235,250.0,181,,,5.25,-79,,5,5
2026-01-24 22:35:43.136282,0x433aad0c,6.3220124,63.552166,1005.83124,279.91217,194,,,5.5,-69,,3,3
2026-01-24 22:36:11.633988,0x433af380,4.6844096,71.92856,1005.9732,240.14638,129,,0.033192266,6.75,-33,,3,3
2026-01-24 22:36:17.273870,0x433ad35c,5.494742,67.91831,1005.65375,232.87204,184,,,6.0,-55,,3,3
2026-01-24 22:36:21.968709,0x433b0b38,5.651595,64.44523,1005.4611,249.45189,181,,,6.25,-78,,5,5
2026-01-24 22:37:11.895182,0x433af380,4.3664865,72.107445,1005.9836,241.19772,131,,0.29871055,6.75,-33,,3,3
2026-01-24 22:37:21.852213,0x433b0b38,5.401601,65.6958,1005.5288,251.84456,180,,,5.5,-78,,5,5
2026-01-24 22:38:12.202862,0x433af380,4.160473,71.95345,1006.00616,241.55017,135,,0.4149722,6.75,-34,,3,3
2026-01-24 22:38:21.827217,0x433b0b38,5.490969,65.32261,1005.5025,253.52809,179,,,5.75,-78,,5,5
2026-01-24 22:38:43.317651,0x433aad0c,6.0489492,64.314804,1005.87665,282.5537,193,,,5.75,-70,,3,3
2026-01-24 22:39:11.601809,0x433ad35c,5.214131,67.57431,1005.7335,228.84184,186,,,6.0,-56,,3,3
2026-01-24 22:39:13.723530,0x433af380,4.1045184,72.27515,1006.05444,237.55777,142,,0.26555136,6.25,-34,,3,3
2026-01-24 22:39:22.023966,0x433b0b38,5.4736547,65.27605,1005.5328,256.77032,177,,,5.25,-78,,5,5
2026-01-24 22:40:12.657000,0x433af380,4.2264123,72.31319,1006.0638,242.43596,137,,0.23234972,6.0,-33,,3,3
2026-01-24 22:40:21.853680,0x433b0b38,5.4760375,65.65902,1005.53406,256.96362,176,,,5.5,-77,,5,5
2026-01-24 22:41:13.343358,0x433af380,4.2520347,72.745766,1006.0858,236.19986,141,,,5.75,-33,,3,3
2026-01-24 22:41:21.878325,0x433b0b38,5.5196257,65.527664,1005.555,257.54526,175,,,5.25,-78,,5,5
2026-01-24 22:41:43.361823,0x433aad0c,6.2158213,64.40281,1005.91833,287.73776,192,,,5.5,-70,,3,3
2026-01-24 22:42:12.155040,0x433ad35c,5.2516375,68.01777,1005.79407,224.03409,187,,,5.5,-57,,3,3
2026-01-24 22:42:14.873801,0x433af380,3.936656,73.14027,1006.095,244.76955,133,,,6.0,-33,,3,3
2026-01-24 22:42:23.301197,0x433b0b38,5.640269,65.01136,1005.5945,260.29486,175,,,5.75,-78,,5,5
2026-01-24 22:43:13.616664,0x433af380,3.8450947,73.16394,1006.10077,243.68692,137,,,6.5,-33,,3,3
2026-01-24 22:43:23.124023,0x433b0b38,5.527602,65.161255,1005.57825,263.91754,174,,,5.25,-77,,5,5
2026-01-24 22:44:13.818208,0x433af380,3.8069444,73.644104,1006.08606,249.38593,133,,,5.75,-33,,3,3
2026-01-24 22:44:22.221344,0x433b0b38,5.3722973,65.76211,1005.6385,261.29114,174,,,5.75,-79,,5,5
2026-01-24 22:44:43.707686,0x433aad0c,6.2031794,64.203735,1005.9438,288.24136,192,,,5.5,-70,,3,3
2026-01-24 22:45:12.280478,0x433ad35c,5.211776,68.097725,1005.8193,231.56703,185,,,5.75,-56,,3,3
2026-01-24 22:45:17.053579,0x433af380,4.3130755,72.615746,1006.1416,245.49666,133,,,7.75,-34,,3,3
2026-01-24 22:45:21.952883,0x433b0b38,5.56329,65.0799,1005.6101,258.12958,175,,,5.5,-78,,5,5
2026-01-24 22:46:14.094260,0x433af380,5.139678,70.66288,1006.1476,242.79207,128,,,6.75,-33,,3,3
2026-01-24 22:46:22.036806,0x433b0b38,5.632812,64.57261,1005.61115,258.91278,176,,,5.5,-77,,5,5
2026-01-24 22:47:14.355654,0x433af380,5.0759044,70.48933,1006.148,239.62416,131,,,5.75,-34,,3,3
2026-01-24 22:47:21.974615,0x433b0b38,5.6501613,64.529884,1005.6328,256.77032,177,,,5.5,-77,,5,5
2026-01-24 22:47:43.191992,0x433aad0c,6.2227225,63.5858,1005.9819,281.5874,193,,,5.25,-70,,3,3
2026-01-24 22:48:12.125758,0x433ad35c,5.101348,68.74208,1005.8206,232.38095,184,,,6.0,-55,,3,3
2026-01-24 22:48:19.609463,0x433af380,4.297627,72.11109,1006.1314,246.59544,128,,,5.5,-34,,3,3
2026-01-24 22:48:24.980450,0x433b0b38,5.6012034,64.89071,1005.6237,256.0,177,,,5.5,-78,,5,5
2026-01-24 22:49:15.092039,0x433af380,3.7255566,73.79974,1006.1423,254.37535,127,,,5.5,-34,,3,3
2026-01-24 22:49:22.017485,0x433b0b38,5.5755734,64.51098,1005.67633,257.3511,177,,,5.75,-77,,5,5
2026-01-24 22:50:15.349116,0x433af380,3.7662504,73.52994,1006.1695,250.70987,132,,,5.5,-34,,3,3
2026-01-24 22:50:22.085107,0x433b0b38,5.602571,64.13268,1005.6307,254.66301,178,,,5.5,-78,,5,5
2026-01-24 22:50:43.208135,0x433aad0c,6.241105,63.610233,1005.9771,278.0218,194,,,5.25,-70,,3,3
2026-01-24 22:51:11.685636,0x433ad35c,5.2867894,67.633965,1005.86005,234.19185,184,,,6.0,-56,,3,3
2026-01-24 22:51:17.111452,0x433af380,3.910807,73.56701,1006.1567,250.90016,130,,,5.75,-34,,3,3
2026-01-24 22:51:22.232691,0x433b0b38,5.530421,64.35701,1005.63983,254.0943,179,,,5.5,-78,,5,5
2026-01-24 22:52:16.265137,0x433af380,4.0536513,73.45373,1006.2032,244.95091,133,,,6.75,-33,,3,3
2026-01-24 22:52:24.466337,0x433b0b38,5.5498285,64.40012,1005.6624,253.71655,179,,,5.75,-77,,5,5
2026-01-24 22:53:16.141220,0x433af380,4.155386,73.01242,1006.2259,252.24028,128,,0.23234972,6.25,-34,,3,3
2026-01-24 22:53:23.751090,0x433b0b38,5.554906,64.36314,1005.6817,252.7771,179,,,5.5,-78,,5,5
2026-01-24 22:53:43.236282,0x433aad0c,6.195595,63.164448,1006.05273,279.43713,195,,,5.25,-69,,3,3
2026-01-24 22:54:11.709033,0x433ad35c,4.843325,68.9864,1005.90076,234.69066,185,,,5.5,-56,,3,3
2026-01-24 22:54:16.701319,0x433af380,4.21305,72.86635,1006.2575,244.22705,131,,0.61387354,7.5,-34,,3,3
2026-01-24 22:54:24.232374,0x433b0b38,5.5328937,64.575325,1005.6762,252.59003,179,,,5.0,-79,,5,5
2026-01-24 22:55:17.005876,0x433af380,4.330879,72.56949,1006.27686,247.51863,129,,0.34844363,5.75,-33,,3,3
2026-01-24 22:55:23.828667,0x433b0b38,5.5504365,64.53994,1005.72394,253.33994,180,,,5.25,-77,,5,5
2026-01-24 22:56:16.942240,0x433af380,4.4249845,72.608986,1006.2735,241.02185,133,,,6.5,-33,,3,3
2026-01-24 22:56:22.868998,0x433b0b38,5.573459,64.69668,1005.722,253.15205,179,,,5.5,-78,,5,5
2026-01-24 22:56:43.385353,0x433aad0c,6.200651,63.627422,1006.09155,279.43713,195,,,5.75,-70,,3,3
2026-01-24 22:57:12.321316,0x433ad35c,5.1089025,69.13832,1005.952,223.88237,188,,,6.0,-56,,3,3
2026-01-24 22:57:17.190437,0x433af380,4.465339,72.46968,1006.2637,219.42421,145,,,7.0,-34,,3,3
2026-01-24 22:57:23.457958,0x433b0b38,5.5248804,64.85668,1005.744,253.33994,179,,,5.5,-78,,5,5
2026-01-24 22:58:17.452451,0x433af380,4.3054457,72.78926,1006.29,237.72859,139,,,5.75,-34,,3,3
2026-01-24 22:58:24.340319,0x433b0b38,5.4468474,65.27452,1005.74084,257.73975,177,,,5.5,-78,,5,5
2026-01-24 22:59:19.486275,0x433af380,4.3664865,72.416405,1006.2923,251.09073,126,,,7.5,-34,,3,3
2026-01-24 22:59:34.682479,0x433b0b38,5.4066668,65.265526,1005.7857,258.71652,176,,,5.0,-75,,5,4
2026-01-24 22:59:43.302634,0x433aad0c,6.3086867,63.467278,1006.1098,284.5064,193,,,6.0,-71,,3,3
2026-01-24 23:00:12.348264,0x433ad35c,5.1339192,68.377014,1005.9706,232.05469,185,,,6.0,-56,,3,3
2026-01-24 23:00:19.012223,0x433af380,4.1580796,72.93318,1006.2973,249.5742,127,,,7.0,-34,,3,3
2026-01-24 23:00:23.284266,0x433b0b38,5.323951,65.25886,1005.78656,259.5033,176,,,5.5,-78,,5,5
2026-01-24 23:01:18.229633,0x433af380,4.066368,73.15922,1006.2813,245.13258,130,,,5.5,-34,,3,3
2026-01-24 23:01:22.426814,0x433b0b38,5.303839,65.28394,1005.76044,259.1093,177,,,5.5,-78,,5,5
2026-01-24 23:02:18.803567,0x433af380,3.9084904,73.048294,1006.2816,246.4116,133,,,7.25,-34,,3,3
2026-01-24 06:01:42.917265,0x433b0b38,7.7485137,66.563644,1001.20355,237.9735,194,,,5.75,-76,,5,5
2026-01-24 06:01:47.732221,0x433af380,6.062636,77.00027,1001.78644,234.02608,59,,,5.5,-34,,3,3
2026-01-24 06:02:33.898652,0x433aad0c,8.304275,65.157875,1001.5317,246.58925,193,,,6.25,-71,,3,3
2026-01-24 06:02:42.942995,0x433b0b38,7.716904,66.47931,1001.2509,239.47614,194,,,6.0,-77,,5,5
2026-01-24 06:02:48.054075,0x433af380,6.1105433,75.84042,1001.83234,235.19156,58,,,7.5,-33,,3,3
2026-01-24 06:03:02.205751,0x433ad35c,7.511621,70.47859,1001.382,216.1247,186,,,5.75,-58,,3,3
2026-01-24 06:03:43.548888,0x433b0b38,7.555783,66.5234,1001.27606,238.97316,195,,,5.0,-77,,5,5
2026-01-24 06:03:48.243851,0x433af380,6.3629494,75.34089,1001.85156,235.69463,56,,,7.5,-34,,3,3
2026-01-24 06:04:43.021346,0x433b0b38,7.5892024,66.62079,1001.256,238.97316,195,,,5.25,-76,,5,5
2026-01-24 06:04:48.518580,0x433af380,6.9601665,74.40291,1001.82007,227.26859,63,,,8.0,-34,,3,3
2026-01-24 06:05:33.707050,0x433aad0c,8.117171,65.694954,1001.57574,248.26219,194,,,6.25,-71,,3,3
2026-01-24 06:05:42.979433,0x433b0b38,7.6277637,66.45044,1001.2853,238.63902,195,,,6.0,-76,,5,5
2026-01-24 06:05:48.881408,0x433af380,6.967683,74.98683,1001.8327,231.08142,61,,,7.25,-34,,3,3
2026-01-24 06:06:02.218581,0x433ad35c,7.6421337,70.32722,1001.4085,215.14009,184,,,5.5,-59,,3,3
2026-01-24 06:06:43.520651,0x433b0b38,7.656079,66.29457,1001.2872,239.1406,195,,,5.5,-77,,5,5
2026-01-24 06:06:49.128013,0x433af380,6.397406,75.28268,1001.84753,237.21683,55,,,5.25,-34,,3,3
2026-01-24 06:07:43.582783,0x433b0b38,7.7716875,66.023125,1001.2973,239.30824,195,,,5.0,-77,,5,5
2026-01-24 06:07:49.807251,0x433af380,5.9305663,75.67158,1001.85297,240.49582,52,,,5.75,-34,,3,3
2026-01-24 06:08:34.388418,0x433aad0c,8.516663,64.33283,1001.60034,248.82489,192,,,6.5,-70,,3,3
2026-01-24 06:08:43.269849,0x433b0b38,7.8359566,65.8785,1001.3029,237.4768,196,,,5.25,-76,,5,5
2026-01-24 06:08:49.922573,0x433af380,6.489132,75.738106,1001.864,232.7081,59,,,5.75,-34,,3,3
2026-01-24 06:09:02.235290,0x433ad35c,7.4608665,69.78436,1001.44086,213.33517,192,,,7.25,-59,,3,3
2026-01-24 06:09:43.020736,0x433b0b38,7.8103237,65.60761,1001.3495,236.48961,197,,,6.25,-76,,5,5
2026-01-24 06:09:49.913213,0x433af380,7.0772038,74.54857,1001.8778,229.95618,61,,,5.75,-34,,3,3
2026-01-24 06:10:43.096608,0x433b0b38,7.784579,65.524895,1001.3667,236.9822,198,,,5.75,-76,,5,5
2026-01-24 06:10:50.162691,0x433af380,7.43325,73.53683,1001.9495,229.63672,61,,0.14938256,5.75,-34,,3,3
2026-01-24 06:11:34.568227,0x433aad0c,8.3776,64.138626,1001.67773,246.58925,194,,,6.5,-70,,3,3
2026-01-24 06:11:43.080909,0x433b0b38,7.7719884,65.43394,1001.3932,236.9822,198,,,6.25,-76,,5,5
2026-01-24 06:11:50.605172,0x433af380,7.4940643,73.206474,1001.9706,227.73828,63,,,5.75,-34,,3,3
2026-01-24 06:12:02.439845,0x433ad35c,7.6444893,69.01306,1001.55176,215.00017,187,,,7.5,-59,,3,3
2026-01-24 06:12:43.094611,0x433b0b38,7.7048483,65.53168,1001.4402,237.3117,198,,,6.0,-76,,5,5
2026-01-24 06:12:50.691277,0x433af380,7.13012,73.642586,1001.9707,234.52412,56,,,5.25,-34,,3,3
2026-01-24 06:13:43.120989,0x433b0b38,7.6741495,65.70556,1001.4501,237.3117,198,,,5.5,-77,,5,5
2026-01-24 06:13:51.297781,0x433af380,6.889367,73.39289,1002.0026,232.87204,59,,,6.25,-34,,3,3
2026-01-24 06:14:35.714806,0x433aad0c,8.367485,64.095665,1001.7808,246.0366,195,,,6.5,-70,,3,3
2026-01-24 06:14:43.192927,0x433b0b38,7.6226597,65.85628,1001.4682,237.4768,199,,,5.5,-76,,5,5
2026-01-24 06:14:51.497599,0x433af380,6.6401095,74.91832,1002.005,233.20059,58,,0.11616714,7.75,-34,,3,3
2026-01-24 06:15:03.330146,0x433ad35c,7.4637904,68.56167,1001.6075,216.26608,191,,,5.25,-59,,3,3
2026-01-24 06:15:43.154258,0x433b0b38,7.7203107,65.51832,1001.4995,237.9735,198,,,6.0,-76,,5,5
2026-01-24 06:15:51.475783,0x433af380,6.5053062,75.21559,1002.05585,232.05469,60,,0.1327933,6.0,-34,,3,3
2026-01-24 06:16:43.304863,0x433b0b38,7.6818247,65.59675,1001.5106,236.65358,198,,,5.25,-77,,5,5
2026-01-24 06:16:51.763881,0x433af380,6.247659,75.29706,1002.00287,236.87688,56,,,6.0,-34,,3,3
2026-01-24 06:17:33.861732,0x433aad0c,8.3776,64.3778,1001.84375,243.13052,197,,,6.0,-70,,3,3
2026-01-24 06:17:43.192679,0x433b0b38,7.601829,65.69221,1001.5481,237.3117,199,,,6.0,-77,,5,5
2026-01-24 06:17:52.259973,0x433af380,6.2222247,75.23132,1002.0252,233.69518,59,,,5.5,-34,,3,3
2026-01-24 06:18:04.091764,0x433ad35c,7.498449,68.00667,1001.685,219.42421,188,,,6.0,-58,,3,3
2026-01-24 06:18:43.227245,0x433b0b38,7.5891647,65.997185,1001.57635,236.81776,199,,,5.5,-76,,5,5
2026-01-24 06:18:52.296259,0x433af380,6.306843,75.7509,1002.1365,232.54442,59,,,5.75,-34,,3,3
2026-01-24 06:19:43.254841,0x433b0b38,7.5377493,66.295456,1001.5717,237.80771,199,,,5.75,-76,,5,5
2026-01-24 06:19:52.560468,0x433af380,6.4368224,75.551636,1002.14636,233.03621,59,,,5.5,-34,,3,3
2026-01-24 06:20:33.842542,0x433aad0c,8.102001,64.548096,1001.8907,243.49004,198,,,5.75,-71,,3,3
2026-01-24 06:20:43.342380,0x433b0b38,7.266948,66.7864,1001.5964,237.3117,199,,,6.25,-76,,5,5
2026-01-24 06:20:52.837103,0x433af380,6.0934587,75.89667,1002.1699,238.07103,54,,,6.25,-34,,3,3
2026-01-24 06:21:04.862693,0x433ad35c,7.413376,68.50506,1001.72473,221.18599,188,,,5.75,-58,,3,3
2026-01-24 06:21:43.348233,0x433b0b38,7.0416355,67.3335,1001.6103,235.51057,200,,,5.25,-76,,5,5
2026-01-24 06:21:53.250400,0x433af380,5.7270174,76.53758,1002.19867,240.49582,53,,,5.5,-34,,3,3
2026-01-24 06:22:43.349253,0x433b0b38,7.044169,67.44258,1001.62305,235.18604,199,,,5.5,-77,,5,5
2026-01-24 06:22:53.368740,0x433af380,5.762625,76.1815,1002.2119,242.08086,51,,,7.75,-34,,3,3
2026-01-24 06:23:33.869492,0x433aad0c,7.9068584,65.32873,1001.9708,242.59326,199,,,5.5,-71,,3,3
2026-01-24 06:23:43.361537,0x433b0b38,7.165031,67.1245,1001.63574,235.99908,198,,,5.5,-76,,5,5
2026-01-24 06:23:53.632937,0x433af380,5.4701324,76.8727,1002.2325,245.6791,49,,0.56420296,5.75,-34,,3,3
2026-01-24 06:24:04.147719,0x433ad35c,7.3831573,68.08028,1001.805,217.69025,190,,,6.75,-58,,3,3
2026-01-24 06:24:43.942573,0x433b0b38,7.3269114,66.56884,1001.6501,235.67319,198,,,6.0,-77,,5,5
2026-01-24 06:24:53.888184,0x433af380,5.192901,77.07607,1002.20044,249.19794,49,,0.21574974,6.0,-34,,3,3
2026-01-24 06:25:43.397302,0x433b0b38,7.455524,66.02561,1001.634,235.99908,197,,,5.5,-77,,5,5
2026-01-24 06:25:54.356758,0x433af380,5.1015267,77.77847,1002.16864,236.36873,54,,,5.75,-34,,3,3
2026-01-24 06:26:34.135085,0x433aad0c,7.9932795,65.04407,1001.92535,240.8194,199,,,5.5,-70,,3,3
2026-01-24 06:26:43.418883,0x433b0b38,7.4940476,65.656265,1001.5854,236.81776,196,,,6.25,-76,,5,5
2026-01-24 06:26:54.400531,0x433af380,4.900485,78.36779,1002.1193,247.51863,54,,,5.75,-34,,3,3
2026-01-24 06:27:02.747184,0x433ad35c,7.398533,68.1928,1001.73224,221.03807,188,,,7.25,-59,,3,3
2026-01-24 06:27:43.440473,0x433b0b38,7.4117837,65.59527,1001.58746,237.4768,197,,,6.0,-77,,5,5
2026-01-24 06:27:54.672021,0x433af380,4.9209456,78.4754,1002.12616,247.14851,54,,,6.25,-35,,3,3
2026-01-24 06:28:43.464753,0x433b0b38,7.3629394,65.62898,1001.59235,235.99908,198,,,5.25,-77,,5,5
2026-01-24 06:28:55.236977,0x433af380,4.951466,78.71239,1002.1731,248.44876,52,,,8.25,-33,,3,3
2026-01-24 06:29:33.939773,0x433aad0c,7.9073133,65.174194,1001.9276,239.07127,199,,,6.5,-70,,3,3
2026-01-24 06:29:43.468017,0x433b0b38,7.3809347,65.579994,1001.6024,236.9822,198,,,6.25,-77,,5,5
2026-01-24 06:29:55.216350,0x433af380,5.249044,78.00175,1002.1868,247.70409,52,,,6.0,-34,,3,3
2026-01-24 06:30:02.802408,0x433ad35c,7.433799,67.625694,1001.78973,223.27751,189,,,7.5,-59,,3,3
2026-01-24 06:30:43.578974,0x433b0b38,7.365473,65.546486,1001.634,235.83601,199,,,6.0,-76,,5,5
2026-01-24 06:30:55.446136,0x433af380,5.7778854,77.11901,1002.2404,240.32095,57,,,6.0,-34,,3,3
2026-01-24 06:31:43.505905,0x433b0b38,7.347553,65.745316,1001.6778,234.21774,199,,,5.25,-77,,5,5
2026-01-24 06:31:56.118460,0x433af380,6.0958138,76.173225,1002.2682,236.87688,61,,,7.5,-35,,3,3
2026-01-24 06:32:33.909740,0x433aad0c,7.631717,65.00135,1001.9507,241.34883,199,,,5.5,-71,,3,3
2026-01-24 06:32:45.796466,0x433b0b38,7.262681,65.6124,1001.66223,234.7009,199,,,6.75,-70,,5,4
2026-01-24 06:32:56.396573,0x433af380,6.1797466,75.919685,1002.2517,233.36523,66,,,7.25,-34,,3,3
2026-01-24 06:33:02.814221,0x433ad35c,7.338438,69.179726,1001.839,215.84245,193,,,5.5,-58,,3,3
2026-01-24 06:33:44.031007,0x433b0b38,7.321808,65.496994,1001.66077,236.81776,198,,,5.5,-77,,5,5
2026-01-24 06:33:56.264421,0x433af380,6.1899204,75.771736,1002.24146,233.69518,64,,,5.75,-34,,3,3
2026-01-24 06:34:43.552493,0x433b0b38,7.2806764,65.33059,1001.66907,238.63902,197,,,5.75,-77,,5,5
2026-01-24 06:34:56.516596,0x433af380,6.1519575,75.85368,1002.246,233.69518,64,,,6.25,-34,,3,3
2026-01-24 06:35:33.941001,0x433aad0c,7.9654665,64.246155,1002.00183,240.11711,199,,,6.25,-70,,3,3
2026-01-24 06:35:44.076830,0x433b0b38,7.296063,65.67684,1001.6421,237.3117,198,,,5.5,-77,,5,5
2026-01-24 06:35:57.095543,0x433af380,6.052764,75.711075,1002.2339,227.11244,68,,,5.0,-34,,3,3
2026-01-24 06:36:03.105629,0x433ad35c,7.4038463,68.50571,1001.80786,216.8335,191,,,5.5,-58,,3,3
2026-01-24 06:36:43.584339,0x433b0b38,7.2832465,65.579445,1001.662,236.48961,198,,,5.25,-76,,5,5
2026-01-24 06:36:57.029820,0x433af380,6.456981,74.794975,1002.28265,232.7081,66,,,6.0,-35,,3,3
2026-01-24 06:37:44.149443,0x433b0b38,7.2627187,65.55542,1001.68823,235.83601,199,,,5.5,-76,,5,5
2026-01-24 06:37:57.293969,0x433af380,7.0063663,73.00607,1002.2694,232.38095,66,,,5.75,-34,,3,3
2026-01-24 06:38:33.968658,0x433aad0c,8.089359,63.60076,1002.01575,242.7721,197,,,6.0,-70,,3,3
2026-01-24 06:38:43.624908,0x433b0b38,7.262681,65.60094,1001.7046,234.37857,200,,,6.0,-76,,5,5
2026-01-24 06:38:57.916870,0x433af380,6.360331,73.346924,1002.2648,241.9037,57,,,6.25,-34,,3,3
2026-01-24 06:39:02.872612,0x433ad35c,7.2557945,67.96721,1001.88116,216.54942,196,,,5.75,-58,,3,3
2026-01-24 06:39:44.134322,0x433b0b38,7.1701345,65.29019,1001.7358,235.51057,199,,,5.25,-77,,5,5
2026-01-24 06:39:58.955675,0x433af380,5.943208,73.62406,1002.3346,245.49666,54,,,6.5,-34,,3,3
2026-01-24 06:40:43.638432,0x433b0b38,7.1649933,65.62646,1001.77716,235.51057,200,,,5.0,-77,,5,5
2026-01-24 06:40:58.095019,0x433af380,5.74501,74.45855,1002.33887,239.1042,62,,,6.0,-34,,3,3
2026-01-24 06:41:33.972120,0x433aad0c,7.854217,64.34005,1002.0983,241.34883,199,,,5.75,-70,,3,3
2026-01-24 06:41:43.709921,0x433b0b38,7.1675634,65.551636,1001.7687,236.32588,199,,,5.75,-77,,5,5
2026-01-24 06:41:58.350112,0x433af380,5.5567966,74.9295,1002.32104,244.40758,56,,,6.0,-35,,3,3
2026-01-24 06:42:05.026163,0x433ad35c,7.133063,67.879105,1001.93787,218.12114,197,,,6.0,-59,,3,3
2026-01-24 06:42:43.690524,0x433b0b38,7.1366773,66.14641,1001.7623,235.0241,199,,,5.25,-77,,5,5
2026-01-24 06:42:58.596293,0x433af380,5.5262756,75.42971,1002.35504,235.02435,60,,,5.75,-34,,3,3
2026-01-24 06:43:43.738830,0x433b0b38,7.1392484,65.983536,1001.75854,234.8624,199,,,5.5,-76,,5,5
2026-01-24 06:43:58.853596,0x433af380,5.8134937,75.82911,1002.33105,236.70726,63,,,5.75,-34,,3,3
2026-01-24 06:44:34.027919,0x433aad0c,7.7758365,64.642105,1002.0311,238.37914,199,,,6.0,-70,,3,3
2026-01-24 06:44:43.727684,0x433b0b38,7.085338,65.94455,1001.7381,234.7009,200,,,5.5,-77,,5,5
2026-01-24 06:44:59.117539,0x433af380,5.7422776,75.94965,1002.3431,242.79207,56,,,7.5,-34,,3,3
2026-01-24 06:45:03.245967,0x433ad35c,6.906037,69.493866,1001.9177,216.8335,199,,,6.0,-58,,3,3
2026-01-24 06:45:43.747194,0x433b0b38,6.964476,66.12651,1001.80804,235.0241,200,,,5.5,-77,,5,5
2026-01-24 06:46:04.003854,0x433af380,6.0042505,75.55636,1002.4015,242.08086,57,,,5.75,-34,,3,3
2026-01-24 06:46:44.358639,0x433b0b38,6.907882,66.231155,1001.8594,235.0241,199,,,5.5,-77,,5,5
2026-01-24 06:46:59.829091,0x433af380,6.3755913,74.98389,1002.4312,237.72859,61,,,6.25,-35,,3,3
2026-01-24 06:47:34.070657,0x433aad0c,7.614168,65.109085,1002.16284,235.81888,200,,,5.0,-71,,3,3
2026-01-24 06:47:43.781885,0x433b0b38,7.010749,66.403915,1001.8444,234.8624,198,,,6.0,-76,,5,5
2026-01-24 06:48:00.300400,0x433af380,6.2458763,74.99707,1002.4245,236.87688,63,,,5.5,-34,,3,3
2026-01-24 06:48:04.508889,0x433ad35c,6.699838,70.66476,1002.0173,213.19757,199,,,7.0,-59,,3,3
2026-01-24 06:48:43.810384,0x433b0b38,6.933665,66.35852,1001.8405,233.89674,199,,,6.0,-76,,5,5
2026-01-24 06:49:00.822780,0x433af380,5.4626904,76.38499,1002.398,241.9037,60,,,5.25,-34,,3,3
2026-01-24 06:49:43.825278,0x433b0b38,6.7100124,67.00792,1001.8149,234.21774,200,,,5.75,-77,,5,5
2026-01-24 06:50:00.637808,0x433af380,4.6233687,76.840744,1002.38226,254.57126,48,,,6.0,-34,,3,3
2026-01-24 06:50:35.324200,0x433aad0c,7.161435,66.59858,1002.17053,238.03456,199,,,5.75,-70,,3,3
2026-01-24 06:50:43.827491,0x433b0b38,6.6971207,67.11296,1001.83795,235.0241,199,,,5.75,-76,,5,5
2026-01-24 06:51:01.129737,0x433af380,4.526531,76.68231,1002.4007,254.57126,212,,,7.5,-34,,3,3
2026-01-24 06:51:05.275243,0x433ad35c,6.805069,68.37777,1002.0091,218.55377,193,,,6.5,-59,,3,3
2026-01-24 06:51:43.838582,0x433b0b38,6.8590765,66.86849,1001.8544,234.7009,198,,,6.0,-77,,5,5
2026-01-24 06:52:02.659120,0x433af380,4.6281533,76.77415,1002.4041,258.14963,206,,,7.25,-34,,3,3
2026-01-24 06:52:44.499567,0x433b0b38,6.7665305,66.756996,1001.83014,233.4169,199,,,5.75,-77,,5,5
2026-01-24 06:53:01.384918,0x433af380,4.7096553,77.36213,1002.3722,257.74707,202,,,6.0,-34,,3,3
2026-01-24 06:53:34.120918,0x433aad0c,7.1563783,66.37923,1002.17303,235.3134,200,,,5.25,-70,,3,3
2026-01-24 06:53:43.885133,0x433b0b38,6.733111,66.69439,1001.8712,235.99908,198,,,5.5,-77,,5,5
2026-01-24 06:54:01.626451,0x433af380,4.857172,77.31906,1002.40405,255.55528,199,,,6.5,-34,,3,3
2026-01-24 06:54:05.894673,0x433ad35c,6.785025,68.96243,1002.043,217.69025,195,,,6.25,-58,,3,3
2026-01-24 06:54:43.923853,0x433b0b38,6.6945505,66.84818,1001.89526,234.8624,198,,,5.5,-77,,5,5
2026-01-24 06:55:01.871338,0x433af380,4.8266516,77.00183,1002.4159,257.54626,197,,,5.25,-34,,3,3
2026-01-24 06:55:44.472810,0x433b0b38,6.7613893,66.5258,1001.88464,236.48961,197,,,5.5,-76,,5,5
2026-01-24 06:56:02.113942,0x433af380,4.8775196,76.87607,1002.4108,256.9457,197,,,5.75,-34,,3,3
2026-01-24 06:56:34.081473,0x433aad0c,7.292911,65.75918,1002.1488,237.17746,199,,,6.25,-70,,3,3
2026-01-24 06:56:43.957285,0x433b0b38,6.8436522,66.29649,1001.8843,235.83601,197,,,5.25,-77,,5,5
2026-01-24 06:57:02.370590,0x433af380,5.0504704,76.79897,1002.43915,257.3458,196,,,6.25,-34,,3,3
2026-01-24 06:57:05.702009,0x433ad35c,6.7975526,69.22748,1002.0495,217.11835,195,,,7.0,-59,,3,3
2026-01-24 06:57:43.967312,0x433b0b38,6.8410435,65.99428,1001.87665,236.48961,198,,,5.0,-77,,5,5
2026-01-24 06:58:02.893390,0x433af380,5.430188,76.166176,1002.4402,251.66422,197,,,6.0,-35,,3,3
2026-01-24 06:58:44.026958,0x433b0b38,6.8771467,65.8118,1001.8724,234.21774,199,,,5.5,-76,,5,5
2026-01-24 06:59:03.263500,0x433af380,5.4830375,75.94353,1002.4249,250.14076,195,,,5.5,-34,,3,3
2026-01-24 06:59:34.142506,0x433aad0c,7.528052,64.87874,1002.1767,238.20673,198,,,6.0,-71,,3,3
2026-01-24 06:59:43.995801,0x433b0b38,6.9438725,65.7274,1001.87317,235.99908,198,,,5.75,-76,,5,5
2026-01-24 07:00:03.160420,0x433af380,5.394018,75.89509,1002.4141,253.78949,192,,,5.5,-34,,3,3
2026-01-24 07:00:06.526766,0x433ad35c,6.8501678,69.10029,1002.0372,215.9835,195,,,6.0,-58,,3,3
2026-01-24 07:00:43.996749,0x433b0b38,6.954193,65.61284,1001.88116,237.3117,197,,,5.25,-77,,5,5
2026-01-24 07:01:03.426964,0x433af380,5.54408,75.40825,1002.44977,251.66422,193,,,5.75,-34,,3,3
2026-01-25 05:02:37.600067,0x433b0b38,4.820515,64.61941,1006.84656,275.4169,173,,,6.25,-77,,5,5
2026-01-25 05:02:47.977068,0x433aad0c,5.576147,63.490414,1007.1722,303.37567,189,,,5.5,-69,,3,3
2026-01-25 05:02:53.712929,0x433af380,3.483484,72.17767,1007.39716,267.33536,108,,,7.25,-33,,3,3
2026-01-25 05:03:15.354914,0x433ad35c,4.755597,66.88855,1006.9778,248.82277,178,,,6.0,-56,,3,3
2026-01-25 05:03:37.503293,0x433b0b38,4.8076997,64.62558,1006.8533,277.8833,171,,,6.0,-77,,5,5
2026-01-25 05:03:53.948055,0x433af380,3.260122,72.55485,1007.3893,269.07614,109,,,5.5,-35,,3,3
2026-01-25 05:04:37.532661,0x433b0b38,4.7613897,64.72722,1006.87445,275.86206,172,,,6.5,-78,,5,5
2026-01-25 05:04:54.201445,0x433af380,3.0515676,72.82986,1007.38116,271.2843,108,,,7.5,-34,,3,3
2026-01-25 05:05:38.899227,0x433b0b38,4.707406,64.85204,1006.87396,276.98135,172,,,6.0,-77,,5,5
2026-01-25 05:05:47.529669,0x433aad0c,5.361238,64.006874,1007.18524,307.6262,188,,,5.5,-70,,3,3
2026-01-25 05:05:54.691204,0x433af380,3.1148872,73.06429,1007.413,258.75583,121,,,7.25,-34,,3,3
2026-01-25 05:06:14.872841,0x433ad35c,4.7505865,66.21834,1007.0173,249.19794,178,,,5.75,-56,,3,3
2026-01-25 05:06:37.746579,0x433b0b38,4.7510695,64.601204,1006.8888,276.75674,172,,,6.25,-77,,5,5
2026-01-25 05:06:54.701807,0x433af380,3.171105,73.03274,1007.41223,253.98448,127,,,5.75,-34,,3,3
2026-01-25 05:07:38.458518,0x433b0b38,4.6945524,64.630486,1006.8856,277.20627,172,,,6.75,-78,,5,5
2026-01-25 05:07:55.070257,0x433af380,3.1482148,73.28957,1007.42114,256.14932,121,,,7.5,-34,,3,3
2026-01-25 05:08:37.793396,0x433b0b38,4.65603,65.02207,1006.90405,275.86206,173,,,6.0,-78,,5,5
2026-01-25 05:08:47.514495,0x433aad0c,5.3511243,64.10899,1007.2035,307.3391,188,,,6.0,-70,,3,3
2026-01-25 05:08:55.248457,0x433af380,2.9315012,73.60458,1007.452,271.0619,111,,,5.5,-34,,3,3
2026-01-25 05:09:15.399692,0x433ad35c,4.7906356,66.838806,1007.029,235.35902,183,,,6.0,-56,,3,3
2026-01-25 05:09:37.783296,0x433b0b38,4.653422,65.135185,1006.8979,274.53085,173,,,6.0,-77,,5,5
2026-01-25 05:09:55.496813,0x433af380,2.8048635,74.04307,1007.4618,277.4315,106,,,5.75,-34,,3,3
2026-01-25 05:10:37.781532,0x433b0b38,4.7305417,64.88789,1006.93225,276.08517,173,,,6.0,-78,,5,5
2026-01-25 05:10:55.833499,0x433af380,2.9040537,74.11107,1007.4743,272.1778,108,,,7.5,-34,,3,3
2026-01-25 05:11:38.990372,0x433b0b38,4.7948837,64.7298,1006.92957,274.97314,173,,,5.75,-77,,5,5
2026-01-25 05:11:48.136636,0x433aad0c,5.4472013,63.750023,1007.2425,303.09647,189,,,5.75,-70,,3,3
2026-01-25 05:11:56.021696,0x433af380,3.0007007,73.924164,1007.5026,267.7684,111,,,6.0,-34,,3,3
2026-01-25 05:12:15.328055,0x433ad35c,4.890891,66.86889,1007.0723,241.9037,180,,,5.75,-55,,3,3
2026-01-25 05:12:37.868177,0x433b0b38,4.810195,64.62127,1006.92896,272.99387,173,,,6.0,-78,,5,5
2026-01-25 05:12:56.249819,0x433af380,2.74128,74.42936,1007.4699,270.39673,112,,,7.5,-34,,3,3
2026-01-25 05:13:37.926071,0x433b0b38,4.7357206,64.787636,1006.9349,273.87003,174,,,6.25,-77,,5,5
2026-01-25 05:13:56.916261,0x433af380,2.6141133,74.813805,1007.4695,274.89377,108,,,7.5,-34,,3,3
2026-01-25 05:14:37.894681,0x433b0b38,4.758819,64.90734,1006.92175,273.43124,174,,,6.25,-78,,5,5
2026-01-25 05:14:47.560704,0x433aad0c,5.560977,63.764168,1007.239,298.9693,190,,,5.75,-69,,3,3
2026-01-25 05:14:56.747696,0x433af380,2.6420898,74.95094,1007.46906,272.1778,110,,,5.75,-34,,3,3
2026-01-25 05:15:15.332672,0x433ad35c,4.863293,67.46722,1007.0692,244.95091,178,,,5.25,-56,,3,3
2026-01-25 05:15:37.930974,0x433b0b38,4.882286,64.799904,1006.93976,272.77573,174,,,6.5,-77,,5,5
2026-01-25 05:15:57.021134,0x433af380,2.6013966,75.08211,1007.4736,275.8112,107,,,5.75,-33,,3,3
2026-01-25 05:16:37.941776,0x433b0b38,5.0030704,64.4652,1006.9401,271.25827,174,,,5.5,-77,,5,5
2026-01-25 05:16:57.267833,0x433af380,2.616468,75.112175,1007.4721,276.2722,105,,,5.5,-33,,3,3
2026-01-25 05:17:38.469469,0x433b0b38,5.0364513,64.26504,1006.9402,271.25827,174,,,6.25,-78,,5,5
2026-01-25 05:17:47.629693,0x433aad0c,5.6747527,63.43,1007.24036,295.21747,190,,,6.0,-71,,3,3
2026-01-25 05:17:57.706347,0x433af380,2.6394713,75.233185,1007.46326,278.83557,104,,,6.0,-34,,3,3
2026-01-25 05:18:15.041166,0x433ad35c,5.0335503,66.678894,1007.048,246.59544,177,,,5.5,-56,,3,3
2026-01-25 05:18:38.097998,0x433b0b38,5.094664,64.12172,1006.94293,271.6901,174,,,6.0,-77,,5,5
2026-01-25 05:18:57.809691,0x433af380,2.7921467,75.07346,1007.4725,267.9855,112,,,7.25,-34,,3,3
2026-01-25 05:19:37.982977,0x433b0b38,5.1289954,64.03178,1006.9267,270.82782,174,,,5.75,-77,,5,5
2026-01-25 05:19:58.085911,0x433af380,2.7005866,75.20233,1007.4675,274.66537,106,,,5.5,-34,,3,3
2026-01-25 05:20:37.981271,0x433b0b38,5.134175,64.0172,1006.91144,269.1196,174,,,6.0,-78,,5,5
2026-01-25 05:20:47.892165,0x433aad0c,5.750603,63.142048,1007.2167,298.9693,189,,,5.25,-69,,3,3
2026-01-25 05:20:58.336105,0x433af380,2.8556926,74.89811,1007.49115,269.9551,108,,,7.5,-34,,3,3
2026-01-25 05:21:14.910525,0x433ad35c,5.061261,67.110695,1007.0328,245.13258,178,,,5.75,-56,,3,3
2026-01-25 05:21:38.017689,0x433b0b38,5.152207,63.88789,1006.93146,268.2735,175,,,6.0,-77,,5,5
2026-01-25 05:21:58.594521,0x433af380,3.074458,74.60752,1007.46594,266.25873,109,,,7.5,-35,,3,3
2026-01-25 05:22:38.621422,0x433b0b38,5.093006,64.03497,1006.9174,270.3987,175,,,6.25,-77,,5,5
2026-01-25 05:22:58.855726,0x433af380,3.4356136,73.98606,1007.49304,263.0803,109,,,5.5,-34,,3,3
2026-01-25 05:23:39.023699,0x433b0b38,5.049267,64.098564,1006.9334,270.6131,175,,,5.0,-77,,5,5
2026-01-25 05:23:47.704168,0x433aad0c,5.6444125,63.056747,1007.2206,296.2798,190,,,5.25,-69,,3,3
2026-01-25 05:23:59.413906,0x433af380,3.41018,73.71149,1007.4692,258.35138,113,,,5.5,-34,,3,3
2026-01-25 05:24:17.597286,0x433ad35c,5.231782,66.45039,1007.05505,249.01024,176,,,5.75,-76,,3,2
2026-01-25 05:24:38.103003,0x433b0b38,4.982467,64.34727,1006.9155,269.75763,175,,,5.25,-77,,5,5
2026-01-25 05:24:59.463733,0x433af380,3.6670594,73.18321,1007.4482,258.55347,111,,,5.5,-34,,3,3
2026-01-25 05:25:38.105541,0x433b0b38,5.026169,64.42137,1006.9222,269.75763,175,,,5.75,-77,,5,5
2026-01-25 05:26:00.388397,0x433af380,4.094345,72.102,1007.45154,263.9204,103,,,5.5,-34,,3,3
2026-01-25 05:26:38.114802,0x433b0b38,5.051875,64.299355,1006.92,269.33194,175,,,6.0,-77,,5,5
2026-01-25 05:26:47.756471,0x433aad0c,5.467201,63.620304,1007.2342,297.8877,190,,,5.5,-71,,3,3
2026-01-25 05:26:59.905671,0x433af380,4.3029017,70.75517,1007.4755,263.0803,101,,,5.5,-34,,3,3
2026-01-25 05:27:15.087269,0x433ad35c,5.234137,66.913605,1007.0727,247.88983,176,,,6.0,-56,,3,3
2026-01-25 05:27:38.629016,0x433b0b38,5.0364513,64.34316,1006.9434,269.75763,174,,,5.5,-78,,5,5
2026-01-25 05:28:00.164614,0x433af380,4.4580483,69.66499,1007.5114,267.7684,99,,,5.25,-34,,3,3
2026-01-25 05:28:38.140016,0x433b0b38,4.959331,64.431564,1006.95123,272.12332,174,,,6.0,-77,,5,5
2026-01-25 05:29:00.411381,0x433af380,4.3614,68.922356,1007.48706,279.30676,91,,,7.75,-34,,3,3
2026-01-25 05:29:39.328775,0x433b0b38,4.9413366,64.81757,1006.9489,271.6901,173,,,6.0,-77,,5,5
2026-01-25 05:29:47.923859,0x433aad0c,5.4854274,64.02938,1007.2909,300.60663,190,,,5.5,-70,,3,3
2026-01-25 05:30:00.684984,0x433af380,4.2927284,69.04555,1007.4922,269.7348,103,,,7.25,-34,,3,3
2026-01-25 05:30:14.986606,0x433ad35c,4.58276,68.24026,1007.09076,248.07588,177,,,6.75,-56,,3,3
2026-01-25 05:30:38.218803,0x433b0b38,4.8025203,65.09652,1006.9933,271.47403,174,,,5.25,-77,,5,5
2026-01-25 05:31:00.934911,0x433af380,4.0434775,69.864784,1007.4694,249.38593,124,,,6.0,-34,,3,3
2026-01-25 05:31:38.205376,0x433b0b38,4.7922,65.403435,1006.98334,271.04288,175,,,5.5,-77,,5,5
2026-01-25 05:32:01.198359,0x433af380,3.852725,70.36375,1007.49335,234.19185,142,,0.18251505,7.25,-34,,3,3
2026-01-25 05:32:38.214693,0x433b0b38,4.702302,65.80036,1006.98334,273.43124,173,,,5.75,-77,,5,5
2026-01-25 05:32:47.726821,0x433aad0c,5.4977684,64.09372,1007.30707,301.432,189,,,5.75,-70,,3,3
2026-01-25 05:33:01.461625,0x433af380,3.697391,70.82663,1007.499,246.4116,132,,0.9624639,5.5,-34,,3,3
2026-01-25 05:33:15.012835,0x433ad35c,4.6217165,69.00916,1007.1298,198.59631,198,,,5.75,-57,,3,3
2026-01-25 05:33:38.264751,0x433b0b38,4.6276774,66.09395,1006.9939,273.87003,173,,,5.25,-77,,5,5
2026-01-25 05:34:02.081020,0x433af380,3.5246313,71.45477,1007.53186,249.19794,129,,0.73014504,5.5,-33,,3,3
2026-01-25 05:34:38.797792,0x433b0b38,4.5428834,66.34587,1006.9963,273.87003,173,,,6.0,-78,,5,5
2026-01-25 05:35:01.995628,0x433af380,3.3695238,72.09657,1007.5206,241.37381,138,,0.7466649,7.5,-35,,3,3
2026-01-25 05:35:40.507323,0x433b0b38,4.553166,66.517235,1007.0289,271.90652,173,,,5.75,-78,,5,5
2026-01-25 05:35:47.814079,0x433aad0c,5.2442503,65.036285,1007.328,304.4976,188,,,5.25,-70,,3,3
2026-01-25 05:36:02.257402,0x433af380,3.3618562,72.47866,1007.5665,242.79207,137,,0.4481179,5.5,-34,,3,3
2026-01-25 05:36:15.069602,0x433ad35c,4.880982,68.07849,1007.16473,213.61089,191,,,5.5,-56,,3,3
2026-01-25 05:36:38.336522,0x433b0b38,4.6148615,66.405075,1007.03613,271.47403,173,,,6.5,-77,,5,5
2026-01-25 05:37:02.858155,0x433af380,3.2805064,72.75545,1007.54364,234.69066,146,,0.3485535,7.25,-34,,3,3
2026-01-25 05:37:38.428420,0x433b0b38,4.614899,66.32527,1007.0297,271.90652,173,,,6.25,-78,,5,5
2026-01-25 05:38:03.622295,0x433af380,3.272839,72.83098,1007.5679,245.49666,136,,0.033182353,6.75,-34,,3,3
2026-01-25 05:38:38.381503,0x433b0b38,4.6019707,66.34533,1007.0268,272.34042,172,,,6.25,-77,,5,5
2026-01-25 05:38:47.960925,0x433aad0c,5.4168615,64.93325,1007.34827,302.53958,188,,,5.5,-69,,3,3
2026-01-25 05:39:03.035212,0x433af380,3.3008156,72.900406,1007.5606,253.40042,124,,0.41488266,5.75,-34,,3,3
2026-01-25 05:39:15.056943,0x433ad35c,5.0085335,68.013916,1007.1828,228.52548,184,,,6.25,-56,,3,3
2026-01-25 05:39:38.439785,0x433b0b38,4.5814056,66.33678,1007.0506,274.7518,172,,,6.25,-78,,5,5
2026-01-25 05:40:09.534944,0x433af380,3.297819,72.969475,1007.5665,251.66422,125,,0.29865605,7.25,-34,,3,3
2026-01-25 05:40:38.389365,0x433b0b38,4.6405687,66.34715,1007.04553,273.43124,172,,,5.5,-78,,5,5
2026-01-25 05:41:03.600637,0x433af380,3.4583151,72.80147,1007.603,251.2816,126,,0.13269639,5.25,-34,,3,3
2026-01-25 05:41:39.636593,0x433b0b38,4.7948084,66.16373,1007.0268,274.3102,172,,,6.25,-77,,5,5
2026-01-25 05:41:47.823048,0x433aad0c,5.451727,64.760994,1007.3773,304.77942,188,,,5.5,-69,,3,3
2026-01-25 05:42:03.860915,0x433af380,3.4635904,72.82844,1007.6048,246.04482,128,,0.6637462,6.5,-33,,3,3
2026-01-25 05:42:15.078439,0x433ad35c,5.17116,67.41863,1007.1634,236.70726,180,,,6.0,-55,,3,3
2026-01-25 05:42:38.523020,0x433b0b38,4.949011,65.73992,1007.06116,271.90652,171,,,6.5,-78,,5,5
2026-01-25 05:43:04.136135,0x433af380,3.3669431,72.850624,1007.5783,248.07588,128,,0.09954871,5.75,-34,,3,3
2026-01-25 05:43:38.470618,0x433b0b38,4.9875712,65.498436,1007.0444,272.12332,171,,,6.0,-77,,5,5
2026-01-25 05:44:06.926361,0x433af380,3.3237062,72.84695,1007.5902,237.38718,137,,,5.5,-34,,3,3
2026-01-25 05:44:38.499353,0x433b0b38,5.093006,65.23734,1007.05505,272.12332,171,,,6.25,-77,,5,5
2026-01-25 05:44:47.842981,0x433aad0c,5.7379613,64.06082,1007.36426,304.77942,187,,,5.25,-70,,3,3
2026-01-25 05:45:04.966435,0x433af380,3.4457872,73.01138,1007.5837,247.88983,129,,,6.0,-34,,3,3
2026-01-25 05:45:15.125638,0x433ad35c,5.1834593,67.68888,1007.1737,239.798,178,,,6.25,-56,,3,3
2026-01-25 05:45:38.533508,0x433b0b38,5.0724783,65.082825,1007.0661,271.6901,172,,,6.25,-78,,5,5
2026-01-25 05:46:05.230544,0x433af380,3.5729551,72.70125,1007.5838,261.6228,112,,,7.25,-33,,3,3
2026-01-25 05:46:38.572370,0x433b0b38,5.152094,64.88173,1007.0626,273.43124,171,,,6.0,-77,,5,5
2026-01-25 05:47:05.486828,0x433af380,3.7382734,72.09119,1007.54645,260.7972,111,,,5.75,-34,,3,3
2026-01-25 05:47:39.988166,0x433b0b38,5.1419997,64.78306,1007.0643,270.3987,172,,,5.0,-77,,5,5
2026-01-25 05:47:47.925854,0x433aad0c,5.747544,63.898563,1007.37085,299.51312,188,,,5.5,-70,,3,3
2026-01-25 05:48:05.755387,0x433af380,3.7052097,71.966255,1007.5687,264.97815,108,,,7.75,-34,,3,3
2026-01-25 05:48:15.184603,0x433ad35c,5.231669,67.526566,1007.18677,243.14922,177,,,6.25,-56,,3,3
2026-01-25 05:48:39.366394,0x433b0b38,5.159844,64.823006,1007.0631,269.33194,173,,,6.25,-78,,5,5
2026-01-25 05:49:06.004747,0x433af380,3.7965825,71.58847,1007.5983,262.24542,110,,,6.25,-34,,3,3
2026-01-25 05:49:38.871195,0x433b0b38,5.113534,64.97925,1007.0877,267.85248,174,,,6.0,-78,,5,5
2026-01-25 05:50:07.754274,0x433af380,3.5602753,71.70372,1007.60944,263.70987,109,,,7.0,-34,,3,3
2026-01-25 05:50:38.936764,0x433b0b38,5.0287013,65.1497,1007.0902,268.69586,174,,,5.75,-78,,5,5
2026-01-25 05:50:47.886699,0x433aad0c,5.72532,64.13294,1007.3912,295.74768,190,,,5.5,-69,,3,3
2026-01-25 05:51:06.518889,0x433af380,3.8222046,71.18853,1007.6085,262.03757,112,,,8.0,-33,,3,3
2026-01-25 05:51:15.566711,0x433ad35c,5.3713303,67.205574,1007.228,242.61388,177,,,5.75,-56,,3,3
2026-01-25 05:51:38.917700,0x433b0b38,5.049267,65.2878,1007.097,265.35373,175,,,6.0,-77,,5,5
2026-01-25 05:52:06.786898,0x433af380,4.0383906,70.50838,1007.5952,258.75583,112,,,6.0,-33,,3,3
2026-01-25 05:52:38.944970,0x433b0b38,5.211257,65.0391,1007.0947,264.3263,176,,,5.75,-77,,5,5
2026-01-25 05:53:08.344276,0x433af380,4.483482,69.430336,1007.6492,255.55528,113,,,6.5,-33,,3,3
2026-01-25 05:53:40.638655,0x433b0b38,5.301231,64.72212,1007.1156,264.12177,176,,,6.25,-78,,5,5
2026-01-25 05:53:47.978568,0x433aad0c,5.9326825,63.944267,1007.399,288.49387,191,,,6.0,-70,,3,3
2026-01-25 05:54:07.308110,0x433af380,4.867534,68.60256,1007.64844,247.88983,118,,,7.5,-34,,3,3
2026-01-25 05:54:15.864230,0x433ad35c,5.346731,66.463165,1007.1927,240.67091,178,,,6.25,-57,,3,3
2026-01-25 05:54:39.349515,0x433b0b38,5.35514,64.484856,1007.1076,262.90115,177,,,6.0,-77,,5,5
2026-01-25 05:55:07.558028,0x433af380,5.4067354,67.20971,1007.667,243.50742,118,,,7.5,-35,,3,3
2026-01-25 05:55:39.228197,0x433b0b38,5.365498,64.44954,1007.1208,261.6918,177,,,6.0,-78,,5,5
2026-01-25 05:56:09.202600,0x433af380,5.714451,66.16802,1007.6911,240.84625,118,,,6.0,-34,,3,3
2026-01-25 05:56:39.257868,0x433b0b38,5.2652793,64.485855,1007.1144,261.89258,178,,,6.25,-78,,5,5
2026-01-25 05:56:47.939623,0x433aad0c,5.588789,63.7873,1007.43134,286.98553,192,,,5.5,-69,,3,3
2026-01-25 05:57:08.366610,0x433af380,5.8007765,65.89372,1007.64777,235.35902,124,,,5.5,-34,,3,3
2026-01-25 05:57:15.939283,0x433ad35c,5.145992,67.90171,1007.2448,239.62416,178,,,5.75,-57,,3,3
2026-01-25 05:57:39.269470,0x433b0b38,5.1752677,64.53032,1007.1225,262.09366,177,,,6.25,-77,,5,5
2026-01-25 05:58:08.344930,0x433af380,5.472676,66.44177,1007.6556,243.50742,117,,,5.75,-34,,3,3
2026-01-25 05:58:39.288425,0x433b0b38,5.090398,64.79304,1007.10724,264.7363,177,,,5.75,-77,,5,5
2026-01-25 05:59:17.695782,0x433af380,5.330433,66.98411,1007.6279,247.51863,114,,,7.0,-34,,3,3
2026-01-25 05:59:40.377098,0x433b0b38,5.059663,64.923645,1007.11,263.30676,178,,,5.5,-77,,5,5
2026-01-25 05:59:48.064872,0x433aad0c,5.4465175,64.25025,1007.3963,287.73776,192,,,5.5,-69,,3,3
2026-01-25 06:00:08.918064,0x433af380,5.671251,66.49529,1007.64813,236.70726,123,,,5.75,-34,,3,3
2026-01-25 06:00:16.147696,0x433ad35c,5.3947873,67.61072,1007.19904,237.0467,179,,,6.25,-56,,3,3
2026-01-25 06:00:39.302396,0x433b0b38,5.0570545,64.953445,1007.1137,263.30676,177,,,6.0,-76,,5,5
2026-01-25 06:01:09.173310,0x433af380,6.029873,65.63901,1007.657,231.56703,126,,,6.25,-34,,3,3
2026-01-25 06:01:39.345067,0x433b0b38,5.000462,64.713394,1007.1105,263.10382,178,,,5.25,-77,,5,5
2026-01-25 06:02:09.794910,0x433af380,5.8849354,65.33466,1007.63214,243.50742,115,,,6.0,-34,,3,3
2026-01-24 14:02:03.453786,0x433b0b38,22.65987,24.740334,1000.77966,503.68912,102,,,5.5,-78,,5,5
2026-01-24 14:02:38.301631,0x433aad0c,21.15715,25.272093,1001.1634,2594.3853,60,,,5.5,-85,,3,3
2026-01-24 14:02:54.500981,0x433af380,24.226315,22.6804,1001.34094,213.47295,183,215,1.4937016,6.25,-34,,3,3
2026-01-24 14:03:03.487646,0x433b0b38,22.612944,25.481424,1000.7805,475.28427,104,,,6.5,-77,,5,5
2026-01-24 14:03:06.960287,0x433ad35c,23.264225,23.518955,1000.99927,2160.6428,50,,,5.75,-59,,3,3
2026-01-24 14:03:54.758003,0x433af380,23.911892,22.401085,1001.33746,228.84184,168,221,2.0579205,5.75,-33,,3,3
2026-01-24 14:04:15.179561,0x433b0b38,22.386606,25.355795,1000.7588,469.7248,108,,,5.5,-74,,5,4
2026-01-24 14:04:55.036683,0x433af380,24.048773,21.511906,1001.3428,235.5267,168,221,1.6424176,7.5,-34,,3,3
2026-01-24 14:05:03.690074,0x433b0b38,22.583448,24.921278,1000.8112,483.01886,104,,,6.25,-77,,5,5
2026-01-24 14:05:38.340657,0x433aad0c,21.361982,26.054144,1001.19965,2392.857,65,,,3.75,-85,,3,3
2026-01-24 14:05:55.300782,0x433af380,23.588625,22.003332,1001.31757,237.0467,171,194,2.588739,5.75,-33,,3,3
2026-01-24 14:06:03.687717,0x433b0b38,22.814026,24.766176,1000.8415,432.52374,116,,,7.25,-77,,5,5
2026-01-24 14:06:07.051089,0x433ad35c,23.21266,24.914515,1001.06226,2169.355,49,,,6.5,-59,,3,3
2026-01-24 14:06:56.042621,0x433af380,23.395288,22.083212,1001.2959,243.32819,166,243,1.9585712,7.0,-34,,3,3
2026-01-24 14:07:06.129123,0x433b0b38,22.880306,24.59253,1000.829,433.62268,117,,,6.0,-78,,5,5
2026-01-24 14:07:55.830838,0x433af380,23.74126,21.976099,1001.3287,236.36873,175,188,2.0407488,6.0,-34,,3,3
2026-01-24 14:08:03.923817,0x433b0b38,22.590788,24.634487,1001.0007,418.2152,119,,,5.25,-78,,5,5
2026-01-24 14:08:38.359600,0x433aad0c,21.5744,25.221909,1001.2324,2218.543,70,,,4.75,-85,,3,3
2026-01-24 14:08:56.323496,0x433af380,22.983177,22.92595,1001.34546,255.75299,160,229,2.6390917,5.5,-33,,3,3
2026-01-24 14:09:03.853147,0x433b0b38,22.688229,25.625912,1000.8263,394.529,127,,,5.75,-75,,5,5
2026-01-24 14:09:06.953979,0x433ad35c,23.463219,23.26956,1001.0778,2172.8596,50,,,6.0,-58,,3,3
2026-01-24 14:09:56.565420,0x433af380,22.840721,22.735104,1001.3573,255.16077,161,215,2.6053767,5.5,-33,,3,3
2026-01-24 14:10:05.136405,0x433b0b38,22.916002,25.303762,1000.8494,406.75272,121,,,5.5,-77,,5,5
2026-01-24 14:10:56.667047,0x433af380,22.525028,23.311806,1001.3418,261.00314,158,200,3.501668,6.0,-34,,3,3
2026-01-24 14:11:03.770138,0x433b0b38,22.864595,24.357256,1000.87164,422.35513,119,,,5.25,-80,,5,5
2026-01-24 14:11:38.448903,0x433aad0c,20.651398,25.989702,1001.2322,2533.0815,64,,,6.25,-83,,3,3
2026-01-24 14:11:57.212153,0x433af380,22.174412,23.580915,1001.3658,259.77252,157,209,3.501668,5.75,-33,,3,3
2026-01-24 14:12:04.177542,0x433b0b38,22.435764,24.753202,1000.86896,419.75815,120,,,6.0,-76,,5,5
2026-01-24 14:12:07.107871,0x433ad35c,22.759235,24.553568,1001.0982,2172.8596,51,,,6.0,-59,,3,3
2026-01-24 14:12:57.430803,0x433af380,22.84854,22.943615,1001.3575,252.04797,161,233,1.427007,5.75,-33,,3,3
2026-01-24 14:13:03.917406,0x433b0b38,22.174706,24.602854,1000.81036,421.0526,121,,,6.75,-78,,5,5
2026-01-24 14:13:57.949239,0x433af380,23.42346,24.113262,1001.3617,217.8337,181,,1.2117188,6.25,-33,,3,3
2026-01-24 14:14:05.592851,0x433b0b38,22.157885,25.557724,1000.81854,427.11157,120,,,5.75,-76,,5,5
2026-01-24 14:14:38.423249,0x433aad0c,20.82841,25.111305,1001.2433,2559.6946,63,,,4.75,-84,,3,3
2026-01-24 14:14:57.633524,0x433af380,23.80486,22.665865,1001.3864,232.54442,167,,1.24471,7.5,-33,,3,3
2026-01-24 14:15:04.784420,0x433b0b38,22.599838,25.235107,1000.8407,465.56033,111,,,5.5,-78,,5,5
2026-01-24 14:15:08.752671,0x433ad35c,22.959486,23.246313,1001.07495,2237.9368,50,,,6.25,-58,,3,3
2026-01-24 14:15:58.255450,0x433af380,24.257675,23.242878,1001.39886,217.8337,176,,1.194763,6.25,-33,,3,3
2026-01-24 14:16:06.346440,0x433b0b38,22.600468,24.780329,1000.80695,506.3041,102,,,5.25,-78,,5,5
2026-01-24 14:16:58.588767,0x433af380,24.026178,23.448948,1001.38367,225.10199,168,,0.9460581,5.75,-34,,3,3
2026-01-24 14:17:05.438033,0x433b0b38,22.533428,24.655447,1000.86084,523.3836,97,,,5.25,-81,,5,5
2026-01-24 14:17:38.386226,0x433aad0c,21.465813,25.357098,1001.2845,2493.0232,61,,,4.5,-85,,3,3
2026-01-24 14:17:58.434411,0x433af380,23.970402,22.935364,1001.4212,232.21771,164,251,1.5431074,6.0,-33,,3,3
2026-01-24 14:18:06.061547,0x433b0b38,22.770657,25.191235,1000.8468,512.3843,98,,,5.5,-79,,5,5
2026-01-24 14:18:08.636960,0x433ad35c,22.765882,24.995193,1001.05597,2186.9917,50,,,5.75,-59,,3,3
2026-01-24 14:18:59.305895,0x433af380,24.959991,22.384108,1001.4312,204.6198,181,,0.8129137,7.75,-34,,3,3
2026-01-24 14:19:06.266680,0x433b0b38,22.569956,24.53846,1000.84875,470.0482,108,,,5.75,-78,,5,5
2026-01-24 14:19:58.941981,0x433af380,24.362165,21.930899,1001.41144,224.18604,169,206,2.0415616,6.5,-34,,3,3
2026-01-24 14:20:07.147516,0x433b0b38,22.384607,24.545149,1000.8859,440.90417,116,,,5.5,-79,,5,5
2026-01-24 14:20:38.402493,0x433aad0c,21.900614,25.620716,1001.2909,1730.1487,84,,,5.0,-84,,3,3
2026-01-24 14:20:59.665034,0x433af380,24.013687,22.475681,1001.40106,236.19986,164,208,2.0242915,5.5,-33,,3,3
2026-01-24 14:21:07.085881,0x433ad35c,22.766714,24.095144,1001.0886,2171.1057,51,,,5.5,-59,,3,3
2026-01-24 14:21:09.911289,0x433b0b38,22.364378,24.821775,1000.8724,428.9904,118,,,7.0,-79,,5,5
2026-01-24 14:21:59.823697,0x433af380,23.489603,22.974768,1001.4011,242.43596,160,208,2.2903042,6.0,-33,,3,3
2026-01-24 14:22:06.109601,0x433b0b38,22.38177,24.533514,1000.8831,400.54764,124,,,5.25,-78,,5,5
2026-01-24 14:22:59.841805,0x433af380,24.005829,22.227488,1001.4148,227.73828,171,,1.1619414,5.5,-33,,3,3
2026-01-24 14:23:05.617504,0x433b0b38,22.8341,25.228205,1000.9199,359.1722,135,,,5.0,-79,,5,5
2026-01-24 14:23:38.437975,0x433aad0c,21.913258,24.794188,1001.31,1503.0847,96,,,5.0,-84,,3,3
2026-01-24 14:24:00.297813,0x433af380,24.087234,22.165571,1001.4162,234.85739,165,,1.3437961,5.5,-34,,3,3
2026-01-24 14:24:08.262875,0x433ad35c,22.95865,24.020111,1001.1504,2160.6428,51,,,5.75,-60,,3,3
2026-01-24 14:24:10.147876,0x433b0b38,23.027546,25.15831,1000.9407,335.8478,143,,,6.0,-79,,5,5
2026-01-24 14:25:00.660007,0x433af380,24.568037,22.275665,1001.46484,204.74652,189,,1.1286682,7.75,-34,,3,3
2026-01-24 14:25:07.300071,0x433b0b38,23.335707,23.945839,1000.9439,357.29242,134,,,5.75,-80,,5,5
2026-01-24 14:26:01.090877,0x433af380,24.715773,22.661877,1001.48456,188.73198,194,196,1.4435282,5.75,-33,,3,3
2026-01-24 14:26:08.275642,0x433b0b38,23.307878,23.891935,1000.91223,378.13885,129,,,5.5,-79,,5,5
2026-01-24 14:26:38.501058,0x433aad0c,22.484768,24.199053,1001.2814,1578.3275,93,,,6.5,-83,,3,3
2026-01-24 14:27:00.793198,0x433af380,25.06942,21.143173,1001.4274,205.51025,189,204,1.2609923,5.75,-33,,3,3
2026-01-24 14:27:07.053879,0x433b0b38,23.404972,24.145313,1000.90643,387.80536,128,,,6.5,-80,,5,5
2026-01-24 14:27:10.448480,0x433ad35c,23.351933,23.147678,1001.0922,2178.1377,51,,,5.75,-58,,3,3
2026-01-24 14:28:01.063215,0x433af380,25.079557,20.76873,1001.3866,197.17487,196,190,1.3274263,5.75,-33,,3,3
2026-01-24 14:28:08.208592,0x433b0b38,23.659483,24.690004,1000.8777,415.16318,119,,,5.75,-80,,5,5
2026-01-24 14:29:01.334182,0x433af380,25.127893,21.372953,1001.4089,210.08136,184,,0.9788144,5.75,-33,,3,3
2026-01-24 14:29:07.355007,0x433b0b38,23.72732,22.996109,1000.8419,454.102,111,,,5.25,-79,,5,5
2026-01-24 14:29:38.463424,0x433aad0c,22.730064,23.551043,1001.2538,1818.1818,83,,,5.0,-84,,3,3
2026-01-24 14:30:01.602337,0x433af380,25.135525,21.147377,1001.4404,216.26608,178,,1.0951267,7.25,-34,,3,3
2026-01-24 14:30:07.136739,0x433ad35c,23.729044,23.857256,1001.0943,2152.0,50,,,6.75,-58,,3,3
2026-01-24 14:30:10.412443,0x433b0b38,23.734808,23.653957,1000.86646,469.7248,108,,,5.25,-78,,5,5
2026-01-24 14:31:02.599719,0x433af380,25.051384,22.124605,1001.4212,193.48189,191,275,0.9456814,6.25,-34,,3,3
2026-01-24 14:31:09.551101,0x433b0b38,23.883368,24.83053,1000.90894,472.3247,105,,,5.5,-79,,5,5
2026-01-24 14:32:02.238147,0x433af380,25.80694,20.295235,1001.4331,207.96672,187,,0.43154243,6.5,-33,,3,3
2026-01-24 14:32:10.641200,0x433b0b38,24.068758,24.091253,1000.8791,461.46912,103,,,5.0,-79,,5,5
2026-01-24 14:32:38.490656,0x433aad0c,23.06134,23.676044,1001.29443,2111.899,73,,,4.75,-84,,3,3
2026-01-24 14:33:02.383914,0x433af380,25.595793,20.945095,1001.39667,199.07472,192,245,1.4773256,7.75,-34,,3,3
2026-01-24 14:33:07.144742,0x433ad35c,23.467625,24.88989,1001.1172,2118.11,51,,,7.0,-58,,3,3
2026-01-24 14:33:09.617310,0x433b0b38,24.08392,23.924824,1000.8771,446.09018,110,,,5.0,-79,,5,5
2026-01-24 14:34:02.621624,0x433af380,25.341396,20.438633,1001.4378,200.64552,194,176,1.6599164,5.75,-34,,3,3
2026-01-24 14:34:10.214734,0x433b0b38,23.899324,23.999996,1000.89526,475.947,104,,,5.5,-79,,5,5
2026-01-24 14:35:03.154360,0x433af380,25.68229,21.177778,1001.40936,191.46478,200,,0.79656154,6.0,-33,,3,3
2026-01-24 14:35:08.943252,0x433b0b38,23.94379,23.46519,1000.89526,520.19305,96,,,5.75,-79,,5,5
2026-01-24 14:35:38.578583,0x433aad0c,22.489826,24.003275,1001.2853,2436.3635,64,,,4.5,-84,,3,3
2026-01-24 14:36:03.651737,0x433af380,25.338852,21.365955,1001.458,203.48622,191,246,1.0784622,5.75,-34,,3,3
2026-01-24 14:36:07.132623,0x433b0b38,23.650358,24.255901,1000.9066,539.51526,92,,,5.25,-79,,5,5
2026-01-24 14:36:09.123847,0x433ad35c,23.38056,23.726822,1001.0946,2165.8616,51,,,5.75,-59,,3,3
2026-01-24 14:37:03.714009,0x433af380,25.39482,20.767267,1001.48566,208.88663,187,,1.0287042,6.5,-34,,3,3
2026-01-24 14:37:07.141097,0x433b0b38,23.580423,23.519402,1000.93207,576.9014,86,,,5.75,-78,,5,5
2026-01-24 14:38:04.021731,0x433af380,25.41536,20.783386,1001.50116,194.27788,196,,1.0954902,6.0,-34,,3,3
2026-01-24 14:38:07.607195,0x433b0b38,23.562914,24.39939,1000.9563,583.8084,84,,,7.5,-76,,5,5
2026-01-24 14:38:38.581732,0x433aad0c,22.26982,24.676006,1001.3675,2782.9697,56,,,4.5,-85,,3,3
2026-01-24 14:39:07.065004,0x433b0b38,23.523668,23.717154,1000.9856,564.9655,85,,,5.25,-82,,5,5
2026-01-24 14:39:09.534285,0x433ad35c,22.853706,23.36418,1001.17303,2176.3752,52,,,6.75,-59,,3,3
2026-01-24 14:39:14.093982,0x433af380,24.977839,21.27565,1001.49286,211.69576,186,201,2.2736325,5.75,-33,,3,3
2026-01-24 14:40:04.528703,0x433af380,23.917019,20.972239,1001.4354,244.22705,168,205,2.736863,5.75,-34,,3,3
2026-01-24 14:40:12.103094,0x433b0b38,23.451979,23.66852,1000.98114,537.3917,93,,,5.0,-79,,5,5
2026-01-24 14:41:04.477370,0x433af380,24.357079,21.680616,1001.507,224.7958,182,,1.2115982,6.25,-33,,3,3
2026-01-24 14:41:09.385060,0x433b0b38,23.77613,24.210163,1000.98914,520.98706,94,,,5.75,-79,,5,5
2026-01-24 14:41:38.557263,0x433aad0c,22.558105,24.825481,1001.3956,2632.613,58,,,5.75,-85,,3,3
2026-01-24 14:42:04.731474,0x433af380,24.107773,22.070671,1001.5151,228.20993,174,208,1.9753004,6.25,-34,,3,3
2026-01-24 14:42:08.062604,0x433b0b38,23.043161,23.347319,1000.9638,506.67987,99,,,5.75,-78,,5,5
2026-01-24 14:42:10.024970,0x433ad35c,22.799067,23.841902,1001.1851,2172.8596,52,,,6.0,-58,,3,3
2026-01-24 14:43:05.272328,0x433af380,23.654995,21.682796,1001.4554,251.85594,163,204,2.704362,5.75,-34,,3,3
2026-01-24 14:43:08.510659,0x433b0b38,23.058626,24.072948,1001.00006,500.36646,102,,,5.75,-80,,5,5
2026-01-24 14:44:05.535758,0x433af380,22.660103,22.380882,1001.5194,263.28983,158,198,4.1988916,6.0,-34,,3,3
2026-01-24 14:44:17.113957,0x433b0b38,23.446798,24.515118,1001.04407,469.07925,107,,,4.75,-82,,5,4
2026-01-24 14:44:38.597720,0x433aad0c,21.951189,24.823034,1001.416,2693.4673,57,,,6.0,-86,,3,3
2026-01-24 14:45:05.520650,0x433af380,22.733877,22.627224,1001.55927,256.7462,166,210,2.2899244,7.75,-34,,3,3
2026-01-24 14:45:09.180668,0x433ad35c,22.297007,24.202803,1001.2313,2186.9917,53,,,5.5,-60,,3,3
2026-01-24 14:45:21.424568,0x433b0b38,23.467405,23.890085,1001.04083,480.977,105,,,5.75,-83,,5,4
2026-01-24 14:46:05.769970,0x433af380,22.868702,22.85704,1001.55786,253.01253,163,226,1.7096003,5.75,-33,,3,3
2026-01-24 14:46:11.625902,0x433b0b38,23.428799,24.209734,1001.04175,518.6123,97,,,5.5,-78,,5,5
2026-01-24 14:47:06.031563,0x433af380,23.390202,22.859367,1001.5744,236.87688,171,201,1.2114372,5.75,-34,,3,3
2026-01-24 14:47:14.784144,0x433b0b38,23.755339,23.84922,1001.05505,545.55145,90,,,4.75,-85,,5,4
2026-01-24 14:47:38.563253,0x433aad0c,21.822222,24.70123,1001.45135,2938.5964,52,,,5.25,-83,,3,3
2026-01-24 14:48:06.682250,0x433af380,23.438763,22.693697,1001.5366,241.37381,167,207,2.389367,5.75,-33,,3,3
2026-01-24 14:48:10.085920,0x433b0b38,23.69881,24.46054,1001.0487,514.7022,96,,,5.25,-78,,5,5
2026-01-24 14:48:12.749771,0x433ad35c,22.623652,24.795706,1001.26825,2164.119,52,,,6.0,-59,,3,3
2026-01-24 14:49:06.948684,0x433af380,22.716297,22.727722,1001.5355,261.6228,156,200,3.4521103,5.5,-34,,3,3
2026-01-24 14:49:13.514835,0x433b0b38,23.44173,24.503288,1001.05865,536.96906,93,,,5.75,-81,,5,5
2026-01-24 14:50:07.147857,0x433af380,22.866346,23.231007,1001.5659,252.819,161,224,1.6755977,5.75,-33,,3,3
2026-01-24 14:50:10.592512,0x433b0b38,23.513687,24.428911,1001.05145,553.9627,89,,,5.75,-79,,5,5
2026-01-24 14:50:38.609124,0x433aad0c,21.202969,25.315487,1001.4013,3167.8484,48,,,5.5,-83,,3,3
2026-01-24 14:51:07.410199,0x433af380,23.576134,23.500725,1001.5804,229.00038,170,229,1.1781495,5.75,-35,,3,3
2026-01-24 14:51:11.892924,0x433ad35c,22.383081,24.93296,1001.29114,2129.8496,53,,,6.0,-59,,3,3
2026-01-24 14:51:21.684093,0x433b0b38,23.531723,24.796598,1001.0837,567.78485,85,,,5.0,-82,,5,4
2026-01-24 14:52:07.719848,0x433af380,23.616608,23.275297,1001.58734,232.38095,165,209,2.256587,5.75,-34,,3,3
2026-01-24 14:52:17.525788,0x433b0b38,23.128084,24.323515,1001.0684,560.3283,88,,,4.75,-84,,5,4
2026-01-24 14:53:07.640383,0x433af380,23.555555,22.620441,1001.5562,238.4144,162,206,2.058023,5.25,-34,,3,3
2026-01-24 14:53:10.956210,0x433b0b38,22.629168,24.782974,1001.0431,519.797,98,,,5.75,-75,,5,5
2026-01-24 14:53:38.627346,0x433aad0c,20.99278,24.96128,1001.47784,3248.4849,49,,,6.5,-85,,3,3
2026-01-24 14:54:07.499788,0x433ad35c,21.86185,24.552607,1001.2712,2143.4263,54,,,6.0,-58,,3,3
2026-01-24 14:54:14.217625,0x433b0b38,22.369482,24.117691,1001.0592,549.5036,94,,,6.5,-76,,5,5
2026-01-24 14:54:18.763553,0x433af380,22.957739,22.108088,1001.5635,258.55347,154,196,3.651028,7.75,-33,,3,3
2026-01-24 14:55:08.998346,0x433af380,22.560892,22.163107,1001.5904,274.2097,150,204,3.0041492,6.0,-34,,3,3
2026-01-24 14:55:16.500198,0x433b0b38,22.70634,24.692947,1001.0933,554.41254,91,,,5.0,-81,,5,5
2026-01-24 14:56:08.792040,0x433af380,22.950335,22.713568,1001.5857,260.38635,162,231,1.493776,5.75,-34,,3,3
2026-01-24 14:56:10.745382,0x433b0b38,22.300098,23.886105,1001.0307,518.6123,100,,,6.25,-76,,5,5
2026-01-24 14:56:38.649344,0x433aad0c,21.24343,25.439676,1001.5408,3258.359,51,,,6.25,-83,,3,3
2026-01-24 14:57:07.508849,0x433ad35c,21.546066,25.374233,1001.29816,2174.616,54,,,6.0,-59,,3,3
2026-01-24 14:57:13.989605,0x433af380,23.48197,22.11067,1001.603,238.07103,175,,1.4273385,7.0,-34,,3,3
2026-01-24 14:57:19.476922,0x433b0b38,22.354094,24.328167,1001.11786,445.7989,117,,,4.75,-81,,5,4
2026-01-24 14:58:09.225137,0x433b0b38,22.52893,24.93435,1001.1101,414.40714,123,,,6.0,-77,,5,5
2026-01-24 14:58:13.618242,0x433af380,23.576134,22.279665,1001.58563,245.13258,168,206,1.9252473,5.75,-34,,3,3
2026-01-24 14:59:09.807413,0x433af380,23.896627,22.927567,1001.65857,228.84184,172,,1.4273385,6.25,-34,,3,3
2026-01-24 14:59:18.643415,0x433b0b38,22.426125,23.27529,1001.0894,425.77963,123,,,5.0,-83,,5,4
2026-01-24 14:59:38.664396,0x433aad0c,21.201908,24.254734,1001.54535,3276.2834,52,,,5.0,-85,,3,3
2026-01-24 15:00:08.020117,0x433ad35c,21.380714,24.460285,1001.30475,2197.7124,55,,,7.0,-60,,3,3
2026-01-24 15:00:11.121288,0x433b0b38,22.70634,24.43642,1001.14655,385.17963,133,,,5.25,-77,,5,5
2026-01-24 15:00:14.741774,0x433af380,23.489641,21.719437,1001.6292,255.16077,159,199,2.7238061,5.75,-34,,3,3
2026-01-24 15:01:09.742213,0x433b0b38,22.690762,23.262613,1001.11536,422.35513,124,,,6.75,-77,,5,5
2026-01-24 15:01:16.436877,0x433af380,23.667225,22.313469,1001.6435,236.03122,175,196,1.7251961,6.25,-34,,3,3
2026-01-24 01:01:34.797612,0x433b0b38,11.861873,64.420006,1000.5397,221.74101,167,,,6.0,-77,,5,5
2026-01-24 01:02:28.725550,0x433af380,9.8856,72.879654,1001.14655,200.76738,76,,,7.5,-34,,3,3
2026-01-24 01:02:32.524205,0x433aad0c,12.890948,61.393547,1000.83185,225.94992,175,,,6.5,-70,,3,3
2026-01-24 01:02:36.029606,0x433b0b38,11.899525,64.27794,1000.54895,221.1663,166,,,6.25,-76,,5,5
2026-01-24 01:03:00.102505,0x433ad35c,12.061713,66.55682,1000.7286,189.70677,165,,,7.25,-59,,3,3
2026-01-24 01:03:28.702829,0x433af380,9.98753,73.077736,1001.15765,194.73564,84,,,5.25,-34,,3,3
2026-01-24 01:03:36.701004,0x433b0b38,11.973945,64.061455,1000.5573,222.75397,166,,,6.75,-77,,5,5
2026-01-24 01:04:28.954074,0x433af380,10.310559,72.62542,1001.1367,195.77359,83,,,6.0,-34,,3,3
2026-01-24 01:04:35.154658,0x433b0b38,12.013742,64.104866,1000.5361,219.31891,167,,,6.5,-77,,5,5
2026-01-24 01:05:29.219541,0x433af380,10.292755,72.285675,1001.10425,197.76466,80,,,6.0,-33,,3,3
2026-01-24 01:05:35.527541,0x433aad0c,12.886118,61.46145,1000.82117,226.57172,175,,,3.5,-70,,3,3
2026-01-24 01:05:38.609350,0x433b0b38,11.884176,64.32069,1000.55334,220.73723,166,,,6.25,-73,,5,4
2026-01-24 01:05:59.547002,0x433ad35c,12.274732,65.86248,1000.7298,191.02223,165,,,5.75,-59,,3,3
2026-01-24 01:06:30.628983,0x433af380,9.91631,72.97433,1001.1593,200.28082,76,,,7.75,-34,,3,3
2026-01-24 01:06:36.118389,0x433b0b38,11.787017,64.53673,1000.55664,220.30981,167,,,5.25,-77,,5,5
2026-01-24 01:07:30.003052,0x433af380,9.903593,73.45352,1001.18414,198.59631,79,,,5.5,-34,,3,3
2026-01-24 01:07:35.174237,0x433b0b38,11.772082,64.64003,1000.5695,221.74101,167,,,6.75,-77,,5,5
2026-01-24 01:08:30.007027,0x433af380,9.984986,73.32946,1001.20764,199.79663,76,,,7.25,-34,,3,3
2026-01-24 01:08:35.136696,0x433b0b38,11.764134,64.47976,1000.54724,221.45328,167,,,6.0,-76,,5,5
2026-01-24 01:08:37.753929,0x433aad0c,12.630508,62.155087,1000.8752,224.56335,177,,,5.75,-70,,3,3
2026-01-24 01:08:59.545261,0x433ad35c,12.242158,66.22316,1000.7545,189.27228,165,,,5.5,-59,,3,3
2026-01-24 01:09:30.530794,0x433af380,10.175564,73.055016,1001.2019,200.15956,76,,,6.25,-33,,3,3
2026-01-24 01:09:35.729406,0x433b0b38,11.74535,64.62101,1000.54645,221.1663,167,,,6.25,-77,,5,5
2026-01-24 01:10:30.670717,0x433af380,10.493506,72.46065,1001.1471,198.00156,78,,,5.75,-34,,3,3
2026-01-24 01:10:35.744100,0x433b0b38,11.849982,64.378044,1000.56537,221.45328,167,,,6.75,-76,,5,5
2026-01-24 01:11:30.929419,0x433af380,10.887758,71.24918,1001.1574,194.73564,82,,,8.0,-34,,3,3
2026-01-24 01:11:34.171217,0x433aad0c,12.779693,62.141766,1000.8278,225.33154,176,,,6.25,-71,,3,3
2026-01-24 01:11:37.746345,0x433b0b38,11.889737,64.324936,1000.5508,221.74101,166,,,5.75,-77,,5,5
2026-01-24 01:12:00.012557,0x433ad35c,12.364897,66.06122,1000.7352,189.59795,166,,,6.25,-59,,3,3
2026-01-24 01:12:37.373579,0x433b0b38,12.062626,63.975056,1000.51215,222.174,166,,,5.25,-71,,5,4
2026-01-24 01:12:41.212496,0x433af380,11.121954,70.24649,1001.1572,192.91734,83,,,6.0,-34,,3,3
2026-01-24 01:13:31.297991,0x433af380,11.29746,69.330444,1001.1037,189.92473,87,,,7.5,-34,,3,3
2026-01-24 01:13:37.492441,0x433b0b38,12.111209,64.02034,1000.48016,222.31873,165,,,6.25,-71,,5,4
2026-01-24 01:14:31.523460,0x433aad0c,12.890948,61.72049,1000.76495,223.80037,176,,,6.0,-70,,3,3
2026-01-24 01:14:34.306830,0x433b0b38,12.157485,63.724197,1000.45514,223.48318,165,,,6.75,-76,,5,5
2026-01-24 01:14:38.164262,0x433af380,11.04056,69.53771,1001.097,190.8017,84,,,5.75,-34,,3,3
2026-01-24 01:15:01.127844,0x433ad35c,12.562918,65.51181,1000.6427,189.81569,164,,,6.5,-58,,3,3
2026-01-24 01:15:31.814863,0x433af380,10.727702,70.246925,1001.0424,192.46806,86,,,7.5,-34,,3,3
2026-01-24 01:15:37.157493,0x433b0b38,12.232002,63.79386,1000.4312,221.45328,165,,,6.0,-77,,5,5
2026-01-24 01:16:32.196722,0x433af380,10.709897,70.52113,1001.03534,198.12024,81,,,5.75,-34,,3,3
2026-01-24 01:16:38.377807,0x433b0b38,12.309128,63.564396,1000.43976,221.88516,164,,,6.0,-74,,5,4
2026-01-24 01:17:31.552739,0x433aad0c,13.075533,61.017883,1000.7502,226.41592,175,,,6.25,-70,,3,3
2026-01-24 01:17:34.840359,0x433b0b38,12.309091,63.429344,1000.44305,221.59706,164,,,5.5,-77,,5,5
2026-01-24 01:17:38.569394,0x433af380,10.409758,71.60793,1001.0266,198.95491,79,,,6.0,-34,,3,3
2026-01-24 01:18:00.111857,0x433ad35c,12.6079445,64.99599,1000.60394,190.8017,163,,,5.75,-59,,3,3
2026-01-24 01:18:34.432338,0x433b0b38,12.232078,63.661648,1000.4297,221.02309,164,,,5.0,-77,,5,5
2026-01-24 01:18:40.718112,0x433af380,10.434321,71.65816,1001.0395,197.29254,79,,,6.0,-35,,3,3
2026-01-24 01:19:33.312551,0x433af380,10.503681,71.57904,1001.0316,196.82266,78,,,8.0,-34,,3,3
2026-01-24 01:19:38.376839,0x433b0b38,12.329733,63.502457,1000.41284,222.174,163,,,5.75,-77,,5,5
2026-01-24 01:20:31.579682,0x433aad0c,13.189319,61.016815,1000.72675,226.72768,174,,,5.25,-71,,3,3
2026-01-24 01:20:34.746580,0x433b0b38,12.424539,63.18943,1000.39606,222.31873,162,,,6.75,-77,,5,5
2026-01-24 01:20:43.757280,0x433af380,10.587619,71.15904,1000.98615,200.03842,80,,,5.75,-34,,3,3
2026-01-24 01:20:59.627605,0x433ad35c,12.663107,65.06897,1000.5422,188.73198,165,,,5.5,-59,,3,3
2026-01-24 01:21:33.832352,0x433af380,10.5521965,71.1974,1000.97363,192.69244,85,,,6.25,-34,,3,3
2026-01-24 01:21:38.954792,0x433b0b38,12.404288,63.197643,1000.35474,221.74101,163,,,5.75,-77,,5,5
2026-01-24 01:22:33.701789,0x433af380,10.480977,71.309555,1000.93506,196.47174,84,,,7.75,-34,,3,3
2026-01-24 01:22:36.346969,0x433b0b38,12.471093,63.022636,1000.3256,223.19093,162,,,6.25,-77,,5,5
2026-01-24 01:23:31.571518,0x433aad0c,13.052775,61.198593,1000.63116,227.3537,174,,,6.0,-71,,3,3
2026-01-24 01:23:35.117867,0x433b0b38,12.365763,63.1985,1000.2948,223.33698,162,,,7.0,-76,,5,5
2026-01-24 01:23:40.800458,0x433af380,10.226623,71.98548,1000.9025,196.47174,82,,,7.0,-34,,3,3
2026-01-24 01:23:59.687809,0x433ad35c,12.525296,64.922646,1000.4802,189.81569,165,,,7.25,-58,,3,3
2026-01-24 01:24:35.140887,0x433b0b38,12.24463,63.430904,1000.2995,223.19093,163,,,6.5,-76,,5,5
2026-01-24 01:24:39.605216,0x433af380,9.872618,73.107574,1000.9413,198.71568,78,,,7.0,-34,,3,3
2026-01-24 01:25:34.654164,0x433af380,9.682118,73.79653,1000.9484,200.28082,77,,,5.75,-34,,3,3
2026-01-24 01:25:40.120455,0x433b0b38,12.214045,63.46639,1000.31683,221.88516,164,,,5.5,-77,,5,5
2026-01-24 01:26:31.859689,0x433aad0c,13.024962,61.342926,1000.6822,226.57172,174,,,6.0,-71,,3,3
2026-01-24 01:26:35.178550,0x433b0b38,12.327237,63.32013,1000.3446,222.6087,163,,,6.5,-77,,5,5
2026-01-24 01:26:37.309134,0x433af380,9.7476425,73.95517,1000.9805,201.01154,76,,,7.0,-34,,3,3
2026-01-24 01:27:01.246493,0x433ad35c,12.735734,64.66892,1000.517,188.6243,165,,,5.75,-58,,3,3
2026-01-24 01:27:34.981478,0x433af380,9.9339285,73.54777,1000.9973,201.01154,75,,,5.5,-34,,3,3
2026-01-24 01:27:39.923881,0x433b0b38,12.46081,63.052284,1000.3472,223.04509,162,,,5.75,-77,,5,5
2026-01-24 01:28:35.213091,0x433b0b38,12.437785,62.93334,1000.3681,223.62961,162,,,6.5,-77,,5,5
2026-01-24 01:28:37.312488,0x433af380,10.089084,73.26204,1001.0077,199.79663,78,,,7.25,-34,,3,3
2026-01-24 01:29:31.620186,0x433aad0c,13.181732,61.046265,1000.6949,227.3537,174,,,5.25,-71,,3,3
2026-01-24 01:29:35.262497,0x433b0b38,12.435176,63.009705,1000.33246,224.3646,162,,,6.5,-77,,5,5
2026-01-24 01:29:40.678484,0x433af380,10.295299,72.527466,1000.9695,199.79663,76,,,6.75,-33,,3,3
2026-01-24 01:29:59.916890,0x433ad35c,12.89587,64.39252,1000.5299,187.34155,166,,,5.75,-58,,3,3
2026-01-24 01:30:36.506514,0x433b0b38,12.509732,62.912846,1000.3578,222.75397,163,,,5.75,-34,,5,4
2026-01-24 01:30:37.549645,0x433af380,10.658345,71.704445,1000.9741,198.4771,79,,,7.0,-34,,3,3
2026-01-24 01:31:35.691442,0x433b0b38,12.499411,62.867676,1000.37445,222.89944,163,,,5.75,-77,,5,5
2026-01-24 01:31:41.355468,0x433af380,11.012581,70.84522,1001.0224,190.25267,88,,,5.5,-33,,3,3
2026-01-24 01:32:31.761738,0x433aad0c,13.0781,61.4082,1000.6962,226.26038,175,,,5.75,-71,,3,3
2026-01-24 01:32:35.433947,0x433b0b38,12.458427,62.976402,1000.36914,222.75397,163,,,6.0,-76,,5,5
2026-01-24 01:32:38.003104,0x433af380,11.386636,70.006226,1001.0307,188.6243,89,,,6.0,-34,,3,3
2026-01-24 01:32:59.785780,0x433ad35c,13.08159,64.128174,1000.55383,188.40929,163,,,6.0,-58,,3,3
2026-01-24 01:33:35.333148,0x433b0b38,12.417143,62.90871,1000.3572,222.6087,163,,,5.5,-76,,5,5
2026-01-24 01:33:41.703650,0x433af380,11.633024,68.64976,1000.99664,189.38072,88,,,6.0,-34,,3,3
2026-01-24 01:34:35.331348,0x433b0b38,12.486518,62.906994,1000.3654,223.33698,162,,,5.5,-78,,5,5
2026-01-24 01:34:41.996822,0x433af380,11.630481,68.477585,1001.0011,189.16397,89,,,6.5,-34,,3,3
2026-01-24 01:35:31.681920,0x433aad0c,13.2752905,60.905067,1000.6904,225.64032,174,,,6.0,-71,,3,3
2026-01-24 01:35:35.398739,0x433b0b38,12.457556,62.999523,1000.3757,222.6087,162,,,6.0,-76,,5,5
2026-01-24 01:35:39.600192,0x433af380,11.902113,67.97468,1000.99133,185.44978,91,,,5.5,-34,,3,3
2026-01-24 01:35:59.799971,0x433ad35c,13.144345,63.884457,1000.5671,187.44777,165,,,5.75,-59,,3,3
2026-01-24 01:36:35.525350,0x433b0b38,12.453285,63.17571,1000.3898,223.62961,162,,,5.5,-77,,5,5
2026-01-24 01:36:42.418883,0x433af380,12.144512,67.4998,1001.03156,181.75676,98,,,7.5,-34,,3,3
2026-01-24 01:37:35.875093,0x433b0b38,12.360583,63.28731,1000.4267,224.21721,162,,,5.75,-77,,5,5
2026-01-24 01:37:42.652305,0x433af380,12.353048,66.63117,1001.03436,184.54994,93,,,6.25,-34,,3,3
2026-01-24 01:38:31.966301,0x433aad0c,12.863135,62.362415,1000.7657,224.41032,175,,,6.25,-70,,3,3
2026-01-24 01:38:35.357685,0x433b0b38,12.256875,63.588017,1000.4395,224.07002,162,,,5.75,-77,,5,5
2026-01-24 01:38:40.328024,0x433af380,12.42636,66.3652,1001.0718,182.1506,95,,,7.25,-33,,3,3
2026-01-24 01:38:59.879639,0x433ad35c,13.136641,64.4295,1000.63007,186.59822,165,,,5.5,-59,,3,3
2026-01-24 01:39:35.445632,0x433b0b38,12.26032,63.798737,1000.4621,224.21721,161,,,6.0,-78,,5,5
2026-01-24 01:39:39.829976,0x433af380,12.660825,66.00253,1001.0787,180.00534,97,,,7.5,-34,,3,3
2026-01-24 01:40:35.977483,0x433b0b38,12.329733,63.78583,1000.4686,222.89944,162,,,5.25,-77,,5,5
2026-01-24 01:40:46.895731,0x433af380,12.172453,66.61691,1001.0738,183.54257,94,,,7.5,-34,,3,3
2026-01-24 01:41:31.782679,0x433aad0c,12.9238205,62.54086,1000.75146,223.95255,175,,,5.75,-71,,3,3
2026-01-24 01:41:35.760814,0x433b0b38,12.40372,63.717262,1000.44977,223.33698,162,,,6.25,-76,,5,5
2026-01-24 01:41:39.594702,0x433af380,11.976446,67.476685,1001.0575,182.9434,94,,,6.0,-34,,3,3
2026-01-24 01:41:59.817992,0x433ad35c,13.231325,64.299675,1000.62177,187.87389,162,,,5.25,-58,,3,3
2026-01-24 01:42:35.454933,0x433b0b38,12.465001,63.559658,1000.4331,222.02948,162,,,6.5,-77,,5,5
2026-01-24 01:42:43.884855,0x433af380,12.765113,65.5997,1001.0705,174.22281,105,,,7.25,-34,,3,3
2026-01-24 01:43:35.562478,0x433b0b38,12.414647,64.03075,1000.4445,222.6087,161,,,5.25,-77,,5,5
2026-01-24 01:43:39.820354,0x433af380,13.237734,64.50093,1001.09015,172.0829,108,,,7.5,-33,,3,3
2026-01-24 01:44:31.770612,0x433aad0c,13.146334,61.891342,1000.77075,224.7166,173,,,6.0,-71,,3,3
2026-01-24 01:44:35.737060,0x433b0b38,12.340017,64.25804,1000.4421,223.33698,160,,,5.75,-76,,5,5
2026-01-24 01:44:40.018644,0x433af380,12.373473,66.94191,1001.03876,169.31017,104,,,6.0,-34,,3,3
2026-01-24 01:44:59.824552,0x433ad35c,13.139297,64.24366,1000.62427,186.39085,164,,,5.75,-59,,3,3
2026-01-24 01:45:35.546981,0x433b0b38,12.201377,64.42858,1000.45844,222.31873,161,,,5.75,-76,,5,5
2026-01-24 01:45:40.412062,0x433af380,11.742108,67.862274,1001.0603,184.54994,94,,,7.5,-34,,3,3
2026-01-24 01:46:35.457435,0x433b0b38,12.162626,64.58537,1000.45245,223.48318,162,,,5.25,-77,,5,5
2026-01-24 01:46:41.256567,0x433af380,11.389179,68.85042,1001.079,184.54994,96,,,7.25,-34,,3,3
2026-01-24 01:47:31.810207,0x433aad0c,12.903592,62.78696,1000.774,224.87,174,,,6.0,-71,,3,3
2026-01-24 01:47:35.468483,0x433b0b38,12.311207,64.2459,1000.4769,223.62961,161,,,6.0,-77,,5,5
2026-01-24 01:47:41.097482,0x433af380,11.277111,69.24657,1001.079,184.956,93,,,7.5,-34,,3,3
2026-01-24 01:47:59.894363,0x433ad35c,13.068495,64.84491,1000.6504,187.76718,163,,,7.0,-58,,3,3
2026-01-24 01:48:35.469814,0x433b0b38,12.411887,63.993538,1000.48755,222.174,161,,,6.0,-76,,5,5
2026-01-24 01:48:41.398384,0x433af380,11.138811,69.83853,1001.1086,185.56844,92,,,6.0,-35,,3,3
2026-01-24 01:49:35.485286,0x433b0b38,12.468561,63.86453,1000.4671,221.45328,161,,,6.5,-77,,5,5
2026-01-24 01:49:43.248791,0x433af380,11.17484,70.14247,1001.10223,185.77348,92,,,5.75,-35,,3,3
2026-01-24 01:50:31.849321,0x433aad0c,13.098291,62.28748,1000.7907,224.41032,173,,,6.0,-70,,3,3
2026-01-24 01:50:35.689087,0x433b0b38,12.517029,63.845695,1000.46436,222.02948,161,,,6.5,-77,,5,5
2026-01-24 01:50:43.148409,0x433af380,11.449393,70.09426,1001.1229,183.94421,93,,,6.0,-34,,3,3
2026-01-24 01:50:59.879170,0x433ad35c,13.214391,64.31207,1000.67596,188.30197,160,,,6.0,-59,,3,3
2026-01-24 01:51:36.008853,0x433b0b38,12.594571,63.831562,1000.476,222.31873,160,,,5.75,-77,,5,5
2026-01-24 01:51:42.210953,0x433af380,11.449431,69.80603,1001.1077,184.54994,92,,,8.0,-33,,3,3
2026-01-24 01:52:36.074773,0x433b0b38,12.697369,63.65401,1000.49756,221.74101,160,,,6.25,-76,,5,5
2026-01-24 01:52:42.364101,0x433af380,11.462301,69.8052,1001.1183,182.54614,97,,,6.25,-35,,3,3
2026-01-24 01:53:31.832036,0x433aad0c,13.376431,61.574097,1000.7834,226.88387,172,,,6.0,-70,,3,3
2026-01-24 01:53:36.001520,0x433b0b38,12.671091,63.565643,1000.47296,221.30971,160,,,6.5,-77,,5,5
2026-01-24 01:53:42.761352,0x433af380,11.64741,69.74701,1001.08264,181.75676,95,,,6.0,-34,,3,3
2026-01-24 01:53:59.924682,0x433ad35c,13.261848,64.62357,1000.638,186.70668,162,,,6.0,-59,,3,3
2026-01-24 01:54:35.566713,0x433b0b38,12.678919,63.636333,1000.4388,221.02309,160,,,6.0,-76,,5,5
2026-01-24 01:54:43.288189,0x433af380,11.991594,68.94518,1001.0671,180.39165,97,,,7.75,-33,,3,3
2026-01-24 01:55:35.624505,0x433b0b38,12.735894,63.53853,1000.4343,221.1663,160,,,5.75,-78,,5,5
2026-01-24 01:55:42.896730,0x433af380,12.34033,68.07146,1001.02545,177.72198,100,,,7.5,-34,,3,3
2026-01-24 01:56:31.897414,0x433aad0c,13.300575,61.891197,1000.76904,225.48584,172,,,6.0,-70,,3,3
2026-01-24 01:56:35.609831,0x433b0b38,12.75551,63.446205,1000.4438,221.74101,160,,,6.5,-77,,5,5
2026-01-24 01:56:43.151010,0x433af380,12.403277,67.71505,1001.0038,180.5854,98,,,5.5,-34,,3,3
2026-01-24 01:57:01.846622,0x433ad35c,13.422324,64.45719,1000.6067,187.23543,160,,,6.0,-59,,3,3
2026-01-24 01:57:35.863363,0x433b0b38,12.733361,63.52278,1000.4481,221.1663,160,,,6.5,-77,,5,5
2026-01-24 01:57:45.052111,0x433af380,12.578596,67.5201,1001.01886,172.61293,106,,,6.25,-34,,3,3
2026-01-24 01:58:35.621716,0x433b0b38,12.777102,63.397552,1000.45624,221.88516,159,,,7.0,-76,,5,5
2026-01-24 01:58:43.654495,0x433af380,12.825973,66.51532,1001.07513,176.6019,102,,,6.25,-34,,3,3
2026-01-24 01:59:31.928673,0x433aad0c,13.482631,61.406265,1000.78467,226.57172,171,,,6.0,-71,,3,3
2026-01-24 01:59:36.130655,0x433b0b38,12.717519,63.570255,1000.44934,220.73723,160,,,6.75,-77,,5,5
2026-01-24 01:59:43.977097,0x433af380,13.107935,65.626434,1001.084,171.90695,108,,,7.0,-35,,3,3
2026-01-24 02:00:01.069844,0x433ad35c,13.3797655,64.30682,1000.63654,186.91783,160,,,5.5,-58,,3,3
2026-01-24 02:00:35.623453,0x433b0b38,12.664098,63.752747,1000.581,221.88516,159,,,6.5,-77,,5,5
2026-01-24 02:00:44.419200,0x433af380,13.250755,65.167496,1001.14136,167.78943,112,,,5.75,-34,,3,3
2026-01-23 16:01:15.348835,0x433b0b38,17.113335,55.424698,999.6482,297.24237,115,,,7.0,-73,,5,5
2026-01-23 16:02:05.906543,0x433af380,16.163252,58.21141,1000.1384,143.32907,101,,,6.0,-34,,3,3
2026-01-23 16:02:16.682785,0x433b0b38,16.599365,56.570774,999.6028,300.6459,114,,,7.0,-74,,5,5
2026-01-23 16:02:23.997467,0x433aad0c,15.652167,59.653305,999.96967,441.51096,102,,,5.5,-70,,3,3
2026-01-23 16:02:54.192174,0x433ad35c,16.744957,57.708805,999.816,247.70409,92,,,5.75,-58,,3,3
2026-01-23 16:03:06.558870,0x433af380,16.033524,58.644794,1000.0967,147.21979,94,,0.29878992,5.75,-34,,3,3
2026-01-23 16:03:16.701174,0x433b0b38,16.727386,56.068947,999.56696,300.38135,115,,,5.75,-74,,5,5
2026-01-23 16:04:06.367927,0x433af380,16.18379,58.316708,1000.05023,140.4553,108,,0.24888004,6.0,-34,,3,3
2026-01-23 16:04:15.420391,0x433b0b38,16.802282,55.96535,999.52734,300.91098,115,,,6.25,-74,,5,5
2026-01-23 16:05:07.226258,0x433af380,16.73832,56.510426,1000.04047,143.0851,102,,0.38159704,5.75,-34,,3,3
2026-01-23 16:05:15.406365,0x433b0b38,16.892952,55.945526,999.4605,299.0654,115,,,5.25,-74,,5,5
2026-01-23 16:05:23.945935,0x433aad0c,15.896073,58.877575,999.8489,438.90527,102,,,5.25,-71,,3,3
2026-01-23 16:05:54.234473,0x433ad35c,16.709837,58.045544,999.686,248.44876,92,,,6.0,-59,,3,3
2026-01-23 16:06:07.350986,0x433af380,16.82219,55.9908,1000.021,145.43686,99,,0.3816414,6.5,-33,,3,3
2026-01-23 16:06:16.974690,0x433b0b38,16.879488,55.583412,999.42523,299.3277,114,,,6.25,-74,,5,5
2026-01-23 16:07:07.551885,0x433af380,16.59314,56.473396,999.93134,147.34882,94,,0.2820547,6.0,-35,,3,3
2026-01-23 16:07:15.462443,0x433b0b38,16.470816,56.467663,999.42365,301.9758,115,,,5.75,-75,,5,5
2026-01-23 16:08:07.883001,0x433af380,16.153076,57.390915,999.9222,149.17923,92,,0.33191162,7.75,-34,,3,3
2026-01-23 16:08:15.475849,0x433b0b38,16.67377,56.265175,999.4124,301.17648,115,,,6.25,-74,,5,5
2026-01-23 16:08:24.533787,0x433aad0c,16.170536,58.104675,999.76575,439.77045,102,,,6.0,-71,,3,3
2026-01-23 16:08:54.218635,0x433ad35c,17.030802,57.32759,999.64484,247.33347,92,,,7.25,-58,,3,3
2026-01-23 16:09:08.044676,0x433af380,16.097115,57.985283,999.91815,148.65164,93,,0.099588364,5.75,-34,,3,3
2026-01-23 16:09:17.225371,0x433b0b38,16.822922,56.239044,999.3773,297.50143,115,,,5.75,-76,,5,5
2026-01-23 16:10:08.234008,0x433af380,15.949582,58.22951,999.9124,146.19565,99,,0.016594205,5.5,-33,,3,3
2026-01-23 16:10:15.497296,0x433b0b38,16.738653,56.08579,999.4006,301.44244,114,,,5.5,-76,,5,5
2026-01-23 16:11:08.178243,0x433af380,15.878547,58.451378,999.9571,149.84402,92,,0.16593103,5.75,-34,,3,3
2026-01-23 16:11:16.702638,0x433b0b38,16.798126,55.94775,999.38965,300.11722,115,,,6.0,-76,,5,5
2026-01-23 16:11:23.991022,0x433aad0c,15.968207,58.781494,999.7771,434.06656,103,,,5.5,-71,,3,3
2026-01-23 16:11:54.265657,0x433ad35c,17.097359,56.693775,999.6773,249.95161,91,,,5.5,-59,,3,3
2026-01-23 16:12:08.417698,0x433af380,15.972662,58.171516,999.94604,148.78319,92,,0.049790878,6.5,-34,,3,3
2026-01-23 16:12:15.582584,0x433b0b38,16.713095,56.970535,999.4406,296.2106,116,,,5.5,-76,,5,5
2026-01-23 16:13:08.692391,0x433af380,16.3415,57.53444,999.97504,145.56277,98,,,6.0,-34,,3,3
2026-01-23 16:13:15.678508,0x433b0b38,16.774343,56.526386,999.45575,296.2106,116,,,5.75,-75,,5,5
2026-01-23 16:14:09.404964,0x433af380,16.397463,57.512306,999.9566,142.84198,99,,0.16597235,5.5,-34,,3,3
2026-01-23 16:14:15.592869,0x433b0b38,17.082598,55.50993,999.4253,299.3277,115,,,5.0,-76,,5,5
2026-01-23 16:14:24.610082,0x433aad0c,15.957828,58.832848,999.7877,437.1852,103,,,5.5,-70,,3,3
2026-01-23 16:14:54.338261,0x433ad35c,17.000582,57.251022,999.64594,251.66422,89,,,7.25,-59,,3,3
2026-01-23 16:15:09.210027,0x433af380,16.524649,56.94298,999.96515,144.56148,96,,0.23232272,5.75,-34,,3,3
2026-01-23 16:15:19.694818,0x433b0b38,17.137272,55.730396,999.42535,295.95374,115,,,6.0,-59,,5,4
2026-01-23 16:16:09.756966,0x433af380,16.532278,56.67176,999.9689,143.8195,96,,,5.75,-34,,3,3
2026-01-23 16:16:16.143852,0x433b0b38,17.133526,55.655514,999.41547,296.46786,115,,,5.5,-76,,5,5
2026-01-23 16:17:10.137046,0x433af380,16.603502,56.6957,999.95135,143.57387,98,,,6.5,-34,,3,3
2026-01-23 16:17:15.809526,0x433b0b38,17.133862,55.423695,999.4227,297.24237,114,,,5.25,-75,,5,5
2026-01-23 16:17:24.046564,0x433aad0c,16.552662,57.22136,999.7948,442.09415,102,,,5.25,-70,,3,3
2026-01-23 16:17:54.349190,0x433ad35c,17.396421,56.07588,999.665,250.70987,90,,,5.75,-58,,3,3
2026-01-23 16:18:10.096121,0x433af380,16.608025,56.770004,999.94763,144.68588,100,,0.01657495,6.25,-34,,3,3
2026-01-23 16:18:16.524853,0x433b0b38,17.179985,54.874866,999.3924,301.17648,114,,,5.75,-75,,5,5
2026-01-23 16:19:10.426172,0x433af380,16.343857,57.0373,999.9467,147.99736,94,,0.19910073,5.75,-34,,3,3
2026-01-23 16:19:15.998502,0x433b0b38,16.869473,55.842335,999.3714,298.80362,115,,,5.5,-76,,5,5
2026-01-23 16:20:10.858605,0x433af380,16.008087,57.897793,999.94763,151.32764,89,,,7.5,-34,,3,3
2026-01-23 16:20:16.818923,0x433b0b38,16.692793,56.136948,999.4152,299.5904,116,,,5.75,-75,,5,5
2026-01-23 16:20:24.066548,0x433aad0c,16.934378,56.381775,999.80646,434.06656,102,,,5.75,-70,,3,3
2026-01-23 16:20:54.329287,0x433ad35c,17.338749,55.90782,999.6683,254.57126,87,,,6.25,-59,,3,3
2026-01-23 16:21:11.408472,0x433af380,16.214315,57.645096,999.95984,143.94264,100,,,7.75,-34,,3,3
2026-01-23 16:21:17.190411,0x433b0b38,16.558836,56.59651,999.4498,298.80362,116,,,5.5,-76,,5,5
2026-01-23 16:22:11.517289,0x433af380,16.611135,56.755184,999.9791,137.24489,110,,,8.0,-35,,3,3
2026-01-23 16:22:17.029074,0x433b0b38,16.784323,56.309956,999.46185,295.18594,117,,,5.75,-76,,5,5
2026-01-23 16:23:11.795492,0x433af380,16.761213,56.298958,1000.04,143.0851,99,,,6.0,-34,,3,3
2026-01-23 16:23:17.303690,0x433b0b38,16.8317,56.094887,999.4669,295.95374,117,,,6.0,-75,,5,5
2026-01-23 16:23:24.249631,0x433aad0c,16.635391,56.89814,999.8721,434.63025,103,,,5.25,-70,,3,3
2026-01-23 16:23:54.361113,0x433ad35c,16.895264,57.072914,999.6931,249.76277,91,,,6.0,-58,,3,3
2026-01-23 16:24:12.034773,0x433af380,17.04611,56.22938,1000.03577,137.46935,107,,,7.5,-33,,3,3
2026-01-23 16:24:19.944566,0x433b0b38,16.838505,55.96143,999.4719,297.50143,117,,,6.25,-76,,5,5
2026-01-23 16:25:11.903703,0x433af380,17.000324,55.508774,1000.04694,142.84198,99,,0.132725,5.75,-34,,3,3
2026-01-23 16:25:17.358368,0x433b0b38,16.81325,55.99979,999.49554,295.18594,117,,,5.25,-75,,5,5
2026-01-23 16:26:12.544734,0x433af380,16.941818,55.50964,1000.05286,138.48846,108,,0.016590625,5.75,-33,,3,3
2026-01-23 16:26:17.116978,0x433b0b38,16.74939,56.3111,999.514,296.2106,117,,,6.0,-76,,5,5
2026-01-23 16:26:24.102741,0x433aad0c,16.585045,57.068928,999.86664,429.88474,104,,,5.5,-71,,3,3
2026-01-23 16:26:55.070484,0x433ad35c,17.128302,56.589554,999.7341,251.09073,90,,,7.25,-59,,3,3
2026-01-23 16:27:15.407610,0x433af380,16.951994,55.60354,1000.05054,140.10416,104,,,6.0,-34,,3,3
2026-01-23 16:27:19.046223,0x433b0b38,16.80255,56.28446,999.51074,296.7256,117,,,5.5,-75,,5,5
2026-01-23 16:28:13.050390,0x433af380,17.168211,55.416042,1000.0646,133.96414,116,,,5.75,-33,,3,3
2026-01-23 16:28:19.132497,0x433b0b38,16.905123,55.92963,999.4992,296.98376,116,,,5.25,-76,,5,5
2026-01-23 16:29:13.362304,0x433af380,17.282679,55.09583,1000.1016,140.22101,104,,,5.5,-34,,3,3
2026-01-23 16:29:18.366879,0x433b0b38,16.877754,55.988575,999.5166,296.7256,116,,,5.75,-76,,5,5
2026-01-23 16:29:24.243518,0x433aad0c,17.169167,55.464447,999.89136,430.7147,103,,,6.75,-70,,3,3
2026-01-23 16:29:54.404043,0x433ad35c,17.025602,57.301174,999.77026,249.5742,91,,,6.0,-57,,3,3
2026-01-23 16:30:13.860125,0x433af380,17.381884,54.71487,1000.12396,139.52283,105,,,7.5,-34,,3,3
2026-01-23 16:30:16.665616,0x433b0b38,16.797178,55.8537,999.5481,296.98376,116,,,5.5,-75,,5,5
2026-01-23 16:31:14.058635,0x433af380,17.341185,54.60955,1000.1264,140.22101,102,,,6.25,-34,,3,3
2026-01-23 16:31:17.401738,0x433b0b38,16.86747,55.85128,999.52875,296.98376,116,,,5.25,-76,,5,5
2026-01-23 16:32:13.831678,0x433af380,17.313202,54.627956,1000.1237,141.16289,102,,,5.75,-33,,3,3
2026-01-23 16:32:16.616876,0x433b0b38,16.954937,55.781925,999.5477,298.80362,115,,,5.5,-76,,5,5
2026-01-23 16:32:24.324772,0x433aad0c,17.12146,55.268173,999.9021,430.4377,104,,,5.5,-71,,3,3
2026-01-23 16:32:54.419077,0x433ad35c,16.872711,57.32634,999.7699,249.76277,90,,,5.5,-58,,3,3
2026-01-23 16:33:16.668293,0x433b0b38,16.897753,55.773014,999.5386,299.3277,115,,,5.75,-75,,5,5
2026-01-23 16:33:20.603594,0x433af380,17.343727,54.331047,1000.1066,142.72072,102,,0.1491276,7.25,-34,,3,3
2026-01-23 16:34:14.907777,0x433af380,16.860418,55.262764,1000.0916,146.45035,95,,1.0118604,7.0,-34,,3,3
2026-01-23 16:34:21.739976,0x433b0b38,16.789923,56.004845,999.5696,299.3277,115,,,5.75,-73,,5,4
2026-01-23 16:35:14.660188,0x433af380,16.878036,55.37196,1000.06415,145.31116,98,,0.265569,5.5,-34,,3,3
2026-01-23 16:35:19.753089,0x433b0b38,16.700317,56.248207,999.54724,299.3277,116,,,6.0,-71,,5,4
2026-01-23 16:35:25.546209,0x433aad0c,16.987253,55.541187,999.91394,436.61487,102,,,6.0,-71,,3,3
2026-01-23 16:35:54.966283,0x433ad35c,16.997963,56.95465,999.7588,249.5742,91,,,7.0,-59,,3,3
2026-01-23 16:36:15.014520,0x433af380,16.600769,56.37088,1000.0497,137.92044,111,,0.7300481,5.75,-34,,3,3
2026-01-23 16:36:18.357761,0x433b0b38,16.813477,56.326492,999.5285,296.2106,117,,,5.25,-75,,5,5
2026-01-23 16:37:15.683087,0x433af380,16.46341,56.28972,1000.04706,144.31331,98,,0.6636581,5.75,-34,,3,3
2026-01-23 16:37:17.847621,0x433b0b38,16.929173,56.064034,999.50903,296.2106,116,,,5.5,-75,,5,5
2026-01-23 16:38:15.886593,0x433af380,16.417812,56.457867,1000.01715,142.59966,100,,0.44793203,5.75,-34,,3,3
2026-01-23 16:38:17.798035,0x433b0b38,17.01148,55.757046,999.4836,295.95374,116,,,6.0,-74,,5,5
2026-01-23 16:38:25.686423,0x433aad0c,17.196716,54.688557,999.8513,440.92926,101,,,5.5,-70,,3,3
2026-01-23 16:38:54.510107,0x433ad35c,17.263615,56.16461,999.6753,252.24028,89,,,5.75,-58,,3,3
2026-01-23 16:39:16.678667,0x433af380,16.646746,56.110428,999.9959,141.16289,102,,0.08295451,5.5,-34,,3,3
2026-01-23 16:39:18.378897,0x433b0b38,17.09204,55.500854,999.4572,297.24237,115,,,5.75,-73,,5,4
2026-01-23 16:40:16.179182,0x433af380,16.730688,55.841873,999.9835,139.6387,105,,,6.0,-34,,3,3
2026-01-23 16:40:18.237810,0x433b0b38,17.111675,56.058113,999.4342,295.44144,116,,,5.75,-75,,5,5
2026-01-23 16:41:16.431514,0x433af380,16.672184,55.99678,999.9552,145.18565,98,,,5.5,-34,,3,3
2026-01-23 16:41:18.432917,0x433b0b38,17.283934,55.24264,999.37305,296.7256,115,,,5.75,-75,,5,5
2026-01-23 16:41:25.551349,0x433aad0c,17.666897,53.963947,999.7656,440.3491,100,,,5.5,-71,,3,3
2026-01-23 16:41:54.494969,0x433ad35c,17.306175,56.266804,999.6142,251.47273,90,,,5.5,-58,,3,3
2026-01-23 16:42:16.607547,0x433b0b38,17.337923,55.259556,999.37445,298.54227,114,,,5.75,-75,,5,5
2026-01-23 16:42:17.593423,0x433af380,16.30589,57.04739,999.89496,146.45035,94,,,6.25,-33,,3,3
2026-01-23 16:43:17.004975,0x433b0b38,17.312252,54.933537,999.3239,294.16833,115,,,5.5,-75,,5,5
2026-01-23 16:43:21.695337,0x433af380,15.888721,57.840164,999.8592,152.56352,86,,,7.5,-33,,3,3
2026-01-23 16:44:16.641905,0x433b0b38,17.263403,55.07769,999.3029,301.7089,114,,,5.5,-76,,5,5
2026-01-23 16:44:18.685609,0x433af380,15.596008,58.782993,999.8599,155.38353,83,,,7.75,-34,,3,3
2026-01-23 16:44:26.447799,0x433aad0c,17.882044,53.148872,999.6801,436.04602,101,,,5.75,-70,,3,3
2026-01-23 16:44:54.569185,0x433ad35c,17.43363,55.857353,999.55774,253.20633,88,,,5.5,-58,,3,3
2026-01-23 16:45:16.668058,0x433b0b38,17.085928,55.143322,999.3044,297.76096,116,,,5.25,-76,,5,5
2026-01-23 16:45:18.967213,0x433af380,15.83485,58.231346,999.8065,152.14932,87,,,7.25,-34,,3,3
2026-01-23 16:46:17.259554,0x433b0b38,16.969625,55.413227,999.27936,300.11722,115,,,5.5,-75,,5,5
2026-01-23 16:46:22.926577,0x433af380,15.382339,59.544445,999.8469,156.25,83,,,7.25,-33,,3,3
2026-01-23 16:47:16.846013,0x433b0b38,17.165892,55.3142,999.28394,297.76096,116,,,5.5,-75,,5,5
2026-01-23 16:47:22.835561,0x433af380,14.51259,62.094627,999.7883,161.65866,75,,,7.25,-34,,3,3
2026-01-23 16:47:26.485673,0x433aad0c,17.613947,53.516052,999.6247,441.8024,101,,,5.75,-70,,3,3
2026-01-23 16:47:54.564455,0x433ad35c,17.318438,56.113785,999.5063,252.62582,89,,,5.75,-58,,3,3
2026-01-23 16:48:16.707900,0x433b0b38,16.859718,55.625748,999.263,298.80362,116,,,5.75,-76,,5,5
2026-01-23 16:48:19.393963,0x433af380,14.141217,62.84079,999.77313,162.12633,74,,0.23183799,7.0,-34,,3,3
2026-01-23 16:49:16.741719,0x433b0b38,16.594906,56.174023,999.2659,300.11722,116,,,5.5,-75,,5,5
2026-01-23 16:49:21.099007,0x433af380,13.846153,64.35221,999.77576,161.97012,74,,,5.5,-34,,3,3
2026-01-23 16:50:16.806753,0x433b0b38,16.533165,56.387936,999.22125,298.80362,116,,,5.5,-75,,5,5
2026-01-23 16:50:19.725509,0x433af380,13.581615,65.24472,999.8111,164.18456,72,,,7.0,-34,,3,3
2026-01-23 16:50:24.704863,0x433aad0c,17.636667,53.564423,999.61255,436.89987,102,,,5.5,-71,,3,3
2026-01-23 16:50:54.578323,0x433ad35c,17.277927,56.009884,999.4717,251.47273,90,,,5.5,-58,,3,3
2026-01-23 16:51:17.718090,0x433b0b38,16.627531,56.038548,999.2589,302.24323,115,,,5.5,-75,,5,5
2026-01-23 16:51:24.731500,0x433af380,13.644125,65.18766,999.8092,161.50336,76,,,5.75,-33,,3,3
2026-01-23 16:52:16.802726,0x433b0b38,16.708029,56.050385,999.2289,301.44244,114,,,5.75,-76,,5,5
2026-01-23 16:52:23.852557,0x433af380,13.364878,66.15258,999.80414,160.27168,77,,0.14927849,6.5,-33,,3,3
2026-01-23 16:53:17.586832,0x433b0b38,16.906034,55.541958,999.2434,300.11722,115,,,5.5,-76,,5,5
2026-01-23 16:53:21.496306,0x433af380,13.46389,65.95946,999.79553,162.59673,72,,,6.0,-34,,3,3
2026-01-23 16:53:27.053650,0x433aad0c,17.636553,53.590775,999.5855,435.47858,104,,,5.5,-70,,3,3
2026-01-23 16:53:54.676723,0x433ad35c,17.28772,56.049866,999.48047,250.14076,90,,,6.0,-58,,3,3
2026-01-23 16:54:17.400882,0x433b0b38,16.817936,55.71549,999.2321,299.0654,116,,,5.5,-76,,5,5
2026-01-23 16:54:24.510259,0x433af380,13.988598,64.7721,999.7884,144.56148,100,,,5.75,-34,,3,3
2026-01-23 16:55:16.892762,0x433b0b38,16.898283,55.50502,999.23834,297.76096,116,,,5.25,-75,,5,5
2026-01-23 16:55:22.784902,0x433af380,14.395583,63.6508,999.8178,147.09099,94,,,7.75,-33,,3,3
2026-01-23 16:56:17.184448,0x433b0b38,16.92146,55.422657,999.2467,298.54227,117,,,5.0,-76,,5,5
2026-01-23 16:56:24.763821,0x433af380,14.845622,62.330444,999.83655,145.81526,95,,,6.0,-34,,3,3
2026-01-23 16:56:28.406032,0x433aad0c,17.485588,53.72321,999.6204,434.06656,104,,,5.5,-75,,3,2
2026-01-23 16:56:54.641421,0x433ad35c,16.839949,57.14351,999.5155,248.82277,93,,,5.5,-59,,3,3
2026-01-23 16:57:17.525084,0x433b0b38,16.831436,55.621193,999.2772,297.50143,117,,,5.5,-76,,5,5
2026-01-23 16:57:21.724849,0x433af380,15.114759,61.34227,999.8781,143.0851,101,,,5.75,-34,,3,3
2026-01-23 16:58:16.950921,0x433b0b38,16.471573,56.661613,999.3049,296.98376,119,,,5.75,-75,,5,5
2026-01-23 16:58:23.806347,0x433af380,15.234692,60.796883,999.8884,144.06598,100,,,7.25,-34,,3,3
2026-01-23 16:59:17.230026,0x433b0b38,16.379131,56.79391,999.31433,295.95374,119,,,6.0,-75,,5,5
2026-01-23 16:59:22.764455,0x433af380,15.443198,60.076694,999.87787,144.93535,99,,,8.0,-33,,3,3
2026-01-23 16:59:27.743105,0x433aad0c,16.862347,55.547565,999.7035,435.19543,105,,,5.5,-75,,3,2
2026-01-23 16:59:55.335294,0x433ad35c,16.326454,58.35779,999.54663,248.07588,95,,,6.25,-58,,3,3
2026-01-23 17:00:16.979527,0x433b0b38,16.221392,57.211327,999.3257,294.67624,120,,,5.5,-75,,5,5
2026-01-23 17:00:21.730489,0x433af380,15.670949,59.327198,999.8907,143.45137,102,,,6.25,-34,,3,3
2026-01-24 12:02:01.321610,0x433b0b38,19.829336,34.28603,1002.02704,352.8601,140,,,5.0,-79,,5,5
2026-01-24 12:02:22.544975,0x433af380,22.431343,27.270391,1002.5558,201.37889,194,,0.28209683,5.75,-34,,3,3
2026-01-24 12:02:37.031696,0x433aad0c,17.83379,34.82241,1002.4367,1123.2188,78,,,6.75,-80,,3,3
2026-01-24 12:03:01.431937,0x433b0b38,19.636433,32.083416,1001.99664,315.07693,152,,,5.75,-81,,5,5
2026-01-24 12:03:06.142625,0x433ad35c,21.152754,30.09891,1002.2299,1082.9308,51,,,5.5,-59,,3,3
2026-01-24 12:03:22.778610,0x433af380,22.324537,26.963657,1002.5277,210.34871,184,215,1.8586127,6.0,-34,,3,3
2026-01-24 12:04:01.436548,0x433b0b38,19.132504,32.774467,1001.9411,255.4253,177,,,5.75,-79,,5,5
2026-01-24 12:04:22.731558,0x433af380,21.240854,27.221716,1002.5417,230.75877,171,207,3.0533338,7.5,-34,,3,3
2026-01-24 12:05:01.496995,0x433b0b38,19.492414,32.88512,1001.9967,222.02948,192,,,5.5,-76,,5,5
2026-01-24 12:05:24.535857,0x433af380,21.034765,27.980366,1002.5332,227.11244,173,199,2.8701308,6.0,-34,,3,3
2026-01-24 12:05:37.042861,0x433aad0c,17.525633,33.637814,1002.3563,749.86005,113,,,6.75,-80,,3,3
2026-01-24 12:06:02.065472,0x433b0b38,19.471886,32.13291,1001.9515,165.80312,223,,,5.5,-75,,5,5
2026-01-24 12:06:06.094761,0x433ad35c,21.000269,29.669193,1002.1513,1118.0382,50,,,5.5,-59,,3,3
2026-01-24 12:06:23.710845,0x433af380,21.220503,28.4983,1002.4915,228.68355,171,203,2.2734387,6.0,-34,,3,3
2026-01-24 12:07:02.248313,0x433b0b38,19.38704,32.41906,1001.94196,171.6393,223,,,5.75,-79,,5,5
2026-01-24 12:07:23.959626,0x433af380,21.11279,28.167135,1002.48706,218.84314,180,199,2.058228,5.75,-33,,3,3
2026-01-24 12:08:01.984095,0x433b0b38,19.760033,32.933407,1001.9811,165.0016,222,,,5.5,-79,,5,5
2026-01-24 12:08:24.499755,0x433af380,20.922647,27.73076,1002.49835,233.53009,169,206,2.9038897,5.75,-34,,3,3
2026-01-24 12:08:37.110028,0x433aad0c,17.942486,33.153812,1002.38007,592.8526,130,,,5.0,-82,,3,3
2026-01-24 12:09:01.439820,0x433b0b38,19.294481,30.909454,1001.9109,175.88458,217,,,5.5,-77,,5,5
2026-01-24 12:09:06.173690,0x433ad35c,20.792057,29.08265,1002.2023,1125.523,50,,,6.5,-58,,3,3
2026-01-24 12:09:24.937136,0x433af380,20.973524,28.19471,1002.5099,232.38095,169,211,2.2901905,6.0,-33,,3,3
2026-01-24 12:10:01.487175,0x433b0b38,19.466743,31.477665,1001.9147,163.42165,223,,,5.25,-78,,5,5
2026-01-24 12:10:24.901964,0x433af380,21.131468,28.267998,1002.4833,227.8953,170,211,2.53845,7.0,-34,,3,3
2026-01-24 12:11:01.968684,0x433b0b38,19.425644,32.77016,1001.9136,159.90005,224,,,6.0,-78,,5,5
2026-01-24 12:11:25.036473,0x433af380,21.334938,28.234928,1002.446,218.84314,177,212,2.1570675,5.75,-34,,3,3
2026-01-24 12:11:37.117224,0x433aad0c,17.728268,32.98699,1002.32086,627.8899,129,,,4.75,-81,,3,3
2026-01-24 12:12:01.484993,0x433b0b38,19.165928,31.765926,1001.87585,175.5228,213,,,5.25,-76,,5,5
2026-01-24 12:12:06.298412,0x433ad35c,20.480305,29.876497,1002.0941,1153.5162,50,,,6.25,-59,,3,3
2026-01-24 12:12:25.303686,0x433af380,21.56643,27.916664,1002.4454,216.8335,176,192,2.2231438,6.0,-34,,3,3
2026-01-24 12:13:02.007007,0x433b0b38,19.142788,31.786072,1001.83954,161.56516,219,,,5.5,-76,,5,5
2026-01-24 12:13:26.136569,0x433af380,21.561378,28.096146,1002.39594,221.18599,173,205,2.1576762,7.75,-34,,3,3
2026-01-24 12:14:01.505743,0x433b0b38,19.335617,32.439022,1001.80566,148.75072,224,,,6.0,-76,,5,5
2026-01-24 12:14:26.049723,0x433af380,21.365276,27.430176,1002.3595,222.826,173,197,2.787364,5.75,-34,,3,3
2026-01-24 12:14:37.173086,0x433aad0c,17.963247,32.00585,1002.1192,545.94666,142,,,4.5,-83,,3,3
2026-01-24 12:15:02.060464,0x433b0b38,19.698137,32.97895,1001.82544,153.43121,220,,,5.5,-75,,5,5
2026-01-24 12:15:06.835273,0x433ad35c,20.375893,28.81766,1002.0422,1193.4338,50,,,5.75,-59,,3,3
2026-01-24 12:15:27.706720,0x433af380,21.120193,27.655346,1002.3136,223.88237,174,192,2.9378083,7.5,-33,,3,3
2026-01-24 12:16:01.545060,0x433b0b38,19.695566,31.369478,1001.74664,152.47171,220,,,5.5,-75,,5,5
2026-01-24 12:16:26.539545,0x433af380,21.528084,27.216753,1002.2975,214.86041,180,211,1.5437479,5.75,-33,,3,3
2026-01-24 12:17:01.675729,0x433b0b38,19.657114,31.186047,1001.7419,154.26332,218,,,7.0,-77,,5,5
2026-01-24 12:17:26.732632,0x433af380,21.991255,26.979616,1002.2559,211.56027,186,205,1.7092882,5.75,-34,,3,3
2026-01-24 12:17:37.161334,0x433aad0c,17.93471,32.926678,1002.1945,601.3752,132,,,6.5,-82,,3,3
2026-01-24 12:18:02.139392,0x433b0b38,19.425606,31.583279,1001.72144,147.46544,221,,,6.0,-75,,5,5
2026-01-24 12:18:06.196657,0x433ad35c,20.573555,29.559746,1001.94727,1197.6847,50,,,5.5,-59,,3,3
2026-01-24 12:18:26.851670,0x433af380,21.329662,27.862495,1002.2775,226.95651,173,198,2.6386538,6.25,-33,,3,3
2026-01-24 12:19:02.108691,0x433b0b38,19.02195,32.305603,1001.6689,142.77747,224,,,6.75,-76,,5,5
2026-01-24 12:19:27.480964,0x433af380,21.411064,28.204424,1002.25793,223.27751,171,216,1.9573044,5.5,-33,,3,3
2026-01-24 12:20:01.696759,0x433b0b38,19.225061,32.07854,1001.68256,150.45549,219,,,5.0,-79,,5,5
2026-01-24 12:20:27.723374,0x433af380,22.098135,27.1912,1002.2252,215.56097,179,234,1.0456953,6.0,-34,,3,3
2026-01-24 12:20:38.026218,0x433aad0c,18.413845,33.289562,1002.09546,521.69183,143,,,4.75,-81,,3,3
2026-01-24 12:21:01.690985,0x433b0b38,19.399857,32.362957,1001.679,157.39317,210,,,5.5,-77,,5,5
2026-01-24 12:21:06.279485,0x433ad35c,20.625683,29.708979,1001.92957,1189.2131,50,,,5.75,-59,,3,3
2026-01-24 12:21:28.104402,0x433af380,22.41608,28.024445,1002.2721,202.36511,180,,0.97930187,6.0,-34,,3,3
2026-01-24 12:22:01.772424,0x433b0b38,19.623539,32.054173,1001.6895,179.20895,198,,,5.5,-78,,5,5
2026-01-24 12:22:27.892983,0x433af380,22.466957,26.186253,1002.2423,218.12114,174,,1.2778811,7.75,-35,,3,3
2026-01-24 12:23:02.226045,0x433b0b38,19.662144,31.228104,1001.67786,223.19093,177,,,5.75,-77,,5,5
2026-01-24 12:23:29.253244,0x433af380,22.482033,25.80596,1002.22217,215.42049,178,,1.0453483,7.0,-34,,3,3
2026-01-24 12:23:37.870266,0x433aad0c,18.562244,31.365602,1002.08655,714.3336,119,,,5.5,-82,,3,3
2026-01-24 12:24:02.165266,0x433b0b38,19.800943,31.118084,1001.6737,264.12177,162,,,6.0,-77,,5,5
2026-01-24 12:24:06.305538,0x433ad35c,21.06865,28.60163,1001.8918,1223.8398,49,,,7.5,-58,,3,3
2026-01-24 12:24:28.945751,0x433af380,22.91195,26.681486,1002.23895,186.18091,204,,0.9126055,7.25,-34,,3,3
2026-01-24 12:25:02.354294,0x433b0b38,19.950142,31.043848,1001.67224,290.16718,151,,,6.0,-81,,5,5
2026-01-24 12:25:28.703770,0x433af380,23.552135,25.486088,1002.27454,186.91783,197,,0.9292601,7.5,-34,,3,3
2026-01-24 12:26:01.775962,0x433b0b38,19.687893,31.785275,1001.6605,246.92549,164,,,5.25,-77,,5,5
2026-01-24 12:26:29.221534,0x433af380,23.446167,24.529388,1002.2348,202.73743,185,199,1.4440793,5.75,-34,,3,3
2026-01-24 12:26:39.577292,0x433aad0c,18.644442,32.07322,1002.0729,788.2352,109,,,4.75,-82,,3,3
2026-01-24 12:27:02.295267,0x433b0b38,19.420502,30.840647,1001.668,253.52809,166,,,0.5,-78,,5,5
2026-01-24 12:27:06.260388,0x433ad35c,21.279093,27.533064,1001.86975,1241.9207,49,,,5.75,-58,,3,3
2026-01-24 12:27:29.212446,0x433af380,23.293684,24.311348,1002.2147,197.29254,196,173,1.4104139,6.25,-34,,3,3
2026-01-24 12:28:01.908066,0x433b0b38,20.01442,31.141397,1001.64954,265.97403,160,,,6.75,-79,,5,5
2026-01-24 12:28:29.487187,0x433af380,23.929699,24.114504,1002.2046,184.75275,205,,0.66364706,5.75,-33,,3,3
2026-01-24 12:29:01.855582,0x433b0b38,20.454037,32.027874,1001.6262,285.55493,151,,,5.25,-79,,5,5
2026-01-24 12:29:29.744263,0x433af380,22.197308,26.098616,1002.1047,219.13329,178,17,1.1949216,5.75,-33,,3,3
2026-01-24 12:29:38.827845,0x433aad0c,18.991821,31.422842,1002.0243,940.3509,95,,,5.5,-84,,3,3
2026-01-24 12:30:02.408964,0x433b0b38,20.382046,31.632832,1001.60913,240.1501,163,,,5.5,-77,,5,5
2026-01-24 12:30:06.276437,0x433ad35c,21.445955,28.636795,1001.8111,1245.3704,50,,,5.75,-58,,3,3
2026-01-24 12:30:29.998337,0x433af380,22.492435,25.621056,1002.1402,209.15092,184,202,2.0081987,5.75,-34,,3,3
2026-01-24 12:31:02.523681,0x433b0b38,20.644335,31.339163,1001.5386,212.49222,176,,,5.25,-76,,5,5
2026-01-24 12:31:30.533952,0x433af380,22.31178,26.0948,1002.07404,212.649,179,209,1.8420485,6.75,-34,,3,3
2026-01-24 12:32:02.548598,0x433b0b38,20.706003,29.954365,1001.4831,202.53165,182,,,5.5,-76,,5,5
2026-01-24 12:32:31.012974,0x433af380,21.726503,25.432604,1002.0,240.32095,164,205,3.169125,5.75,-33,,3,3
2026-01-24 12:32:38.608615,0x433aad0c,18.879051,30.507465,1001.88513,1045.2417,86,,,5.75,-82,,3,3
2026-01-24 12:33:01.977291,0x433b0b38,20.90912,30.055645,1001.49695,211.4392,179,,,5.5,-78,,5,5
2026-01-24 12:33:06.286772,0x433ad35c,21.270494,27.512312,1001.70795,1305.8252,49,,,6.25,-57,,3,3
2026-01-24 12:33:31.205504,0x433af380,21.655275,26.392015,1002.01575,228.68355,174,203,2.4231157,5.5,-34,,3,3
2026-01-24 12:34:01.946061,0x433b0b38,20.996538,30.22264,1001.46387,208.21472,181,,,5.5,-79,,5,5
2026-01-24 12:34:31.063800,0x433af380,22.184399,26.430973,1002.0098,220.44849,179,199,1.5266922,5.25,-33,,3,3
2026-01-24 12:35:01.995781,0x433b0b38,21.099382,29.507177,1001.4688,213.02267,178,,,6.5,-77,,5,5
2026-01-24 12:35:31.525200,0x433af380,22.105236,27.541193,1002.029,212.23943,178,221,2.0412228,6.0,-34,,3,3
2026-01-24 12:35:41.927054,0x433aad0c,19.07274,30.945671,1001.894,994.8032,89,,,6.75,-59,,3,2
2026-01-24 12:36:01.967974,0x433b0b38,21.11477,29.236752,1001.45044,186.24954,192,,,5.75,-77,,5,5
2026-01-24 12:36:06.360681,0x433ad35c,21.16779,27.761143,1001.6589,1335.6505,49,,,5.75,-58,,3,3
2026-01-24 12:36:31.966316,0x433af380,22.049763,26.220686,1002.0212,229.15913,168,239,1.709118,6.75,-33,,3,3
2026-01-24 12:37:02.107690,0x433b0b38,21.27936,28.224737,1001.45593,198.18077,189,,,5.5,-79,,5,5
2026-01-24 12:37:32.139965,0x433af380,22.062483,26.569069,1002.00543,224.7958,167,205,1.6930304,6.25,-34,,3,3
2026-01-24 12:38:02.018457,0x433b0b38,20.999184,28.740671,1001.41675,225.84914,176,,,6.0,-77,,5,5
2026-01-24 12:38:32.118920,0x433af380,22.405905,26.767546,1002.03827,218.84314,169,,1.4765167,6.25,-34,,3,3
2026-01-24 12:38:39.511718,0x433aad0c,19.006308,29.888716,1001.827,945.65985,96,,,5.5,-83,,3,3
2026-01-24 12:39:02.036821,0x433b0b38,21.217615,27.888266,1001.4402,239.81264,172,,,5.25,-79,,5,5
2026-01-24 12:39:06.387014,0x433ad35c,21.400764,27.322453,1001.6469,1369.6539,50,,,7.0,-59,,3,3
2026-01-24 12:39:32.365956,0x433af380,22.593964,25.619852,1001.9959,218.12114,175,244,1.4606537,5.5,-34,,3,3
2026-01-24 12:40:02.730718,0x433b0b38,21.323069,28.13372,1001.42444,276.75674,157,,,5.5,-76,,5,5
2026-01-24 12:40:32.612898,0x433af380,22.202206,25.67427,1001.9697,233.36523,165,256,2.0912168,5.5,-34,,3,3
2026-01-24 12:41:02.184831,0x433b0b38,21.55447,29.228428,1001.4228,289.42908,151,,,5.5,-78,,5,5
2026-01-24 12:41:33.208875,0x433af380,22.866158,25.216011,1001.982,219.27866,179,,1.0788203,6.25,-33,,3,3
2026-01-24 12:41:38.452312,0x433aad0c,19.252432,30.140415,1001.80133,1092.9852,84,,,5.25,-82,,3,3
2026-01-24 12:42:02.964660,0x433b0b38,21.443874,28.081482,1001.3736,318.01245,143,,,6.5,-77,,5,5
2026-01-24 12:42:06.419688,0x433ad35c,21.683323,27.40421,1001.5817,1398.1288,49,,,7.25,-58,,3,3
2026-01-24 12:42:33.318622,0x433af380,22.830544,24.525167,1001.95544,231.56703,169,,1.211739,6.25,-33,,3,3
2026-01-24 12:43:02.227519,0x433b0b38,21.341068,28.163174,1001.36053,289.18384,151,,,5.25,-79,,5,5
2026-01-24 12:43:33.857534,0x433af380,22.774805,24.041422,1001.93567,225.10199,175,197,2.5890398,7.0,-34,,3,3
2026-01-24 12:44:02.671725,0x433b0b38,21.256182,29.087765,1001.3699,288.4507,152,,,5.75,-77,,5,5
2026-01-24 12:44:34.163738,0x433af380,22.72389,23.27881,1001.86896,234.19185,176,222,1.4273149,6.0,-34,,3,3
2026-01-24 12:44:37.578734,0x433aad0c,19.194538,28.146261,1001.7389,1202.8726,77,,,6.25,-82,,3,3
2026-01-24 12:45:02.227651,0x433b0b38,21.0711,27.80589,1001.3192,299.3277,148,,,5.75,-77,,5,5
2026-01-24 12:45:06.871597,0x433ad35c,21.989614,25.501957,1001.51514,1452.4838,50,,,6.5,-59,,3,3
2026-01-24 12:45:33.927444,0x433af380,22.945208,23.058262,1001.86414,224.03409,188,187,1.5601919,5.75,-34,,3,3
2026-01-24 12:46:02.603875,0x433b0b38,21.068567,27.80869,1001.27484,264.3263,162,,,5.5,-78,,5,5
2026-01-24 12:46:34.589637,0x433af380,23.136,24.829712,1001.8407,212.10326,194,198,1.1119593,5.75,-33,,3,3
2026-01-24 12:47:02.880728,0x433b0b38,21.433628,27.177412,1001.2414,282.48276,157,,,5.5,-77,,5,5
2026-01-24 12:47:34.393921,0x433af380,23.571007,24.737558,1001.82117,207.0549,189,,0.6802834,6.25,-33,,3,3
2026-01-24 12:47:37.542923,0x433aad0c,19.978746,28.192484,1001.6556,1233.8857,74,,,5.0,-82,,3,3
2026-01-24 12:48:02.209696,0x433b0b38,21.564754,27.535534,1001.2359,312.48093,147,,,6.0,-76,,5,5
2026-01-24 12:48:06.440575,0x433ad35c,22.417711,26.218864,1001.44,1504.4742,49,,,5.75,-59,,3,3
2026-01-24 12:48:34.943813,0x433af380,23.725998,24.470823,1001.7551,204.87343,185,254,1.4603628,5.75,-33,,3,3
2026-01-24 12:49:02.840499,0x433b0b38,21.346249,28.30222,1001.1964,349.60736,135,,,5.75,-76,,5,5
2026-01-24 12:49:35.220600,0x433af380,22.901772,24.379723,1001.7511,227.73828,171,241,1.6428808,6.25,-33,,3,3
2026-01-24 12:50:02.777956,0x433b0b38,21.605854,28.344063,1001.19507,357.66678,130,,,5.0,-75,,5,5
2026-01-24 12:50:35.201453,0x433af380,22.818014,24.077406,1001.71735,230.59782,170,,1.2776902,6.0,-34,,3,3
2026-01-24 12:50:40.200921,0x433aad0c,19.419804,28.961315,1001.5988,1436.2273,62,,,6.0,-83,,3,3
2026-01-24 12:51:02.230691,0x433b0b38,21.418163,27.833609,1001.155,392.93936,123,,,5.75,-79,,5,5
2026-01-24 12:51:06.480818,0x433ad35c,22.145094,26.088614,1001.37115,1506.1589,50,,,7.25,-59,,3,3
2026-01-24 12:51:35.853804,0x433af380,23.522673,24.370714,1001.6756,206.02257,189,,0.8129407,6.0,-33,,3,3
2026-01-24 12:52:02.243644,0x433b0b38,21.839867,28.746098,1001.1077,407.23804,117,,,6.75,-77,,5,5
2026-01-24 12:52:35.717870,0x433af380,23.838118,25.418736,1001.6783,194.621,195,203,1.3940289,8.0,-33,,3,3
2026-01-24 12:53:02.492377,0x433b0b38,21.775549,27.413935,1001.08453,395.4431,120,,,5.25,-78,,5,5
2026-01-24 12:53:36.418129,0x433af380,24.405224,24.29722,1001.7164,187.12946,196,,0.7467516,5.75,-33,,3,3
2026-01-24 12:54:02.309564,0x433b0b38,22.01213,28.799114,1001.1027,367.28836,123,,,6.25,-78,,5,5
2026-01-24 12:54:06.454471,0x433ad35c,22.435404,27.227295,1001.3639,1484.5475,50,,,7.5,-59,,3,3
2026-01-24 12:54:36.541192,0x433af380,23.75398,23.363777,1001.6619,206.9253,180,245,1.6428263,6.0,-33,,3,3
2026-01-24 12:55:02.448491,0x433b0b38,21.726736,26.971525,1001.0924,375.43536,127,,,5.0,-79,,5,5
2026-01-24 12:55:36.875435,0x433af380,23.850649,23.82939,1001.6678,203.236,191,,0.6305275,5.75,-33,,3,3
2026-01-24 12:56:02.328641,0x433b0b38,21.464481,27.069477,1001.07794,377.09448,126,,,6.75,-77,,5,5
2026-01-24 12:56:37.236845,0x433af380,24.138113,22.690027,1001.6661,209.41592,185,,0.91272676,6.0,-33,,3,3
2026-01-24 12:56:47.529853,0x433aad0c,20.451624,28.337267,1001.5256,1404.6122,60,,,6.0,-77,,3,2
2026-01-24 12:57:02.837101,0x433b0b38,21.680456,27.50327,1001.1064,289.42908,150,,,5.75,-78,,5,5
2026-01-24 12:57:06.527831,0x433ad35c,22.389124,27.187326,1001.3246,1498.6073,50,,,6.25,-58,,3,3
2026-01-24 12:57:37.411205,0x433af380,24.855728,21.824398,1001.7082,203.236,194,264,0.8959979,5.75,-34,,3,3
2026-01-24 12:58:02.364780,0x433b0b38,21.662458,26.817345,1001.06726,303.04825,149,,,5.75,-76,,5,5
2026-01-24 12:58:37.317439,0x433af380,24.217161,22.801922,1001.63763,212.649,187,285,1.4935032,5.75,-34,,3,3
2026-01-24 12:59:02.719277,0x433b0b38,21.772978,27.146664,1001.0517,304.6712,149,,,6.25,-77,,5,5
2026-01-24 12:59:37.868534,0x433aad0c,21.20014,27.782816,1001.5156,1472.5275,57,,,6.5,-83,,3,3
2026-01-24 12:59:42.533538,0x433af380,24.201899,23.810894,1001.6544,202.36511,191,,0.9954211,7.0,-34,,3,3
2026-01-24 13:00:02.366157,0x433b0b38,21.855255,28.2931,1001.0726,329.36633,139,,,5.5,-75,,5,5
2026-01-24 13:00:06.556132,0x433ad35c,22.536095,26.5114,1001.343,1532.7635,49,,,5.75,-59,,3,3
2026-01-24 13:00:38.294235,0x433af380,23.63715,23.797768,1001.60974,215.56097,180,243,1.8087384,6.75,-33,,3,3
2026-01-24 13:01:03.360298,0x433b0b38,21.976135,28.132545,1001.0794,337.8423,135,,,5.5,-76,,5,5
2026-01-24 13:01:38.116106,0x433af380,23.352232,23.367853,1001.65796,215.14009,183,193,1.6263671,6.0,-34,,3,3
2026-01-25 09:02:46.493922,0x433b0b38,8.576372,62.345444,1009.2088,256.0,149,,,5.25,-79,,5,5
2026-01-25 09:02:49.795779,0x433aad0c,9.545739,62.07158,1009.48114,268.06494,180,,,7.0,-69,,3,3
2026-01-25 09:02:58.176300,0x433af380,6.95804,69.67331,1009.7999,200.28082,122,,,7.75,-35,,3,3
2026-01-25 09:03:16.716520,0x433ad35c,9.435877,64.52032,1009.3376,215.56097,171,,,7.25,-57,,3,3
2026-01-25 09:03:46.350161,0x433b0b38,8.645822,63.497467,1009.2288,254.85315,149,,,5.5,-77,,5,5
2026-01-25 09:03:58.016841,0x433af380,6.922432,70.9135,1009.82855,196.70555,129,,,6.0,-34,,3,3
2026-01-25 09:04:46.378320,0x433b0b38,8.851445,63.896717,1009.25653,255.80814,147,,,5.25,-78,,5,5
2026-01-25 09:04:58.278691,0x433af380,6.7494774,71.54368,1009.8382,204.49324,118,,,5.25,-35,,3,3
2026-01-25 09:05:46.876475,0x433b0b38,8.969625,64.02229,1009.2688,251.65889,148,,,6.0,-77,,5,5
2026-01-25 09:05:50.868412,0x433aad0c,9.707636,62.361485,1009.5508,262.9288,179,,,5.0,-70,,3,3
2026-01-25 09:05:59.265859,0x433af380,6.6725664,71.63831,1009.8429,204.49324,117,,,6.25,-34,,3,3
2026-01-25 09:06:18.194851,0x433ad35c,9.581464,64.95327,1009.40436,210.48264,172,,,5.75,-57,,3,3
2026-01-25 09:06:47.128257,0x433b0b38,9.010834,63.81852,1009.2867,250.55054,148,,,6.0,-78,,5,5
2026-01-25 09:06:58.800906,0x433af380,6.8285127,71.96211,1009.8645,205.38258,114,,,6.0,-34,,3,3
2026-01-25 09:07:47.063089,0x433b0b38,9.111056,63.61637,1009.2855,248.00194,148,,,5.75,-78,,5,5
2026-01-25 09:07:59.067191,0x433af380,6.8641205,73.153435,1009.88477,191.68681,125,,,6.0,-33,,3,3
2026-01-25 09:08:46.409976,0x433b0b38,9.167614,63.68829,1009.2878,247.28326,149,,,5.5,-78,,5,5
2026-01-25 09:08:49.838850,0x433aad0c,9.784954,62.240356,1009.5627,257.98575,180,,,5.0,-70,,3,3
2026-01-25 09:08:59.376248,0x433af380,6.7725563,73.32313,1009.8846,198.59631,116,,,5.75,-33,,3,3
2026-01-25 09:09:16.750116,0x433ad35c,9.666502,65.42311,1009.42334,207.31462,173,,,7.0,-57,,3,3
2026-01-25 09:09:46.448107,0x433b0b38,9.360611,63.597607,1009.2767,246.74698,149,,,5.75,-77,,5,5
2026-01-25 09:09:59.604123,0x433af380,7.186191,72.68212,1009.8695,198.71568,111,,,5.75,-34,,3,3
2026-01-25 09:10:47.005274,0x433b0b38,9.445259,63.622463,1009.2565,244.27481,149,,,5.5,-78,,5,5
2026-01-25 09:11:00.457017,0x433af380,8.336602,69.39841,1009.92365,195.65773,109,,,5.5,-34,,3,3
2026-01-25 09:11:46.506758,0x433b0b38,9.447792,63.635075,1009.25446,242.36685,150,,,5.5,-77,,5,5
2026-01-25 09:11:49.822113,0x433aad0c,10.111963,61.442955,1009.572,259.81744,180,,,5.5,-70,,3,3
2026-01-25 09:12:00.120250,0x433af380,8.532451,67.50562,1009.922,197.5283,104,,,7.5,-34,,3,3
2026-01-25 09:12:16.817048,0x433ad35c,9.766688,63.33668,1009.39124,212.78587,171,,,6.5,-57,,3,3
2026-01-25 09:12:46.520885,0x433b0b38,9.465863,63.60515,1009.25476,241.16815,151,,,5.5,-79,,5,5
2026-01-25 09:13:00.398886,0x433af380,8.064448,68.439735,1009.90344,199.79663,103,,,5.5,-34,,3,3
2026-01-25 09:13:46.576222,0x433b0b38,9.563516,63.239906,1009.27484,242.88425,150,,,5.75,-78,,5,5
2026-01-25 09:14:00.668801,0x433af380,7.924746,68.27908,1009.89264,203.86266,102,,,5.75,-34,,3,3
2026-01-25 09:14:46.579449,0x433b0b38,9.638069,62.78606,1009.3037,244.44975,149,,,5.5,-77,,5,5
2026-01-25 09:14:49.853563,0x433aad0c,10.205252,60.867203,1009.607,264.61884,179,,,5.75,-70,,3,3
2026-01-25 09:15:00.909263,0x433af380,7.566116,69.996414,1009.8788,204.3668,107,,,6.0,-34,,3,3
2026-01-25 09:15:17.299796,0x433ad35c,10.054754,62.21044,1009.4545,220.74289,167,,,6.5,-56,,3,3
2026-01-25 09:15:46.731768,0x433b0b38,9.635535,62.133156,1009.3089,246.39076,147,,,5.25,-78,,5,5
2026-01-25 09:16:01.156977,0x433af380,7.828094,68.81804,1009.908,204.11443,105,,,5.5,-34,,3,3
2026-01-25 09:16:46.586338,0x433b0b38,9.586653,61.07294,1009.3218,254.28358,144,,,5.75,-77,,5,5
2026-01-25 09:17:01.474898,0x433af380,8.232507,68.22418,1009.9418,197.41034,112,,0.066374615,6.0,-35,,3,3
2026-01-25 09:17:46.604940,0x433b0b38,9.627786,61.006035,1009.3282,257.3511,142,,,6.5,-78,,5,5
2026-01-25 09:17:50.587956,0x433aad0c,10.294166,60.02962,1009.6627,275.92548,175,,,6.0,-70,,3,3
2026-01-25 09:18:01.697522,0x433af380,8.324746,67.965775,1009.9633,184.14568,122,,,6.0,-35,,3,3
2026-01-25 09:18:16.796340,0x433ad35c,10.321902,62.44603,1009.48914,226.02544,164,,,5.75,-58,,3,3
2026-01-25 09:18:46.636778,0x433b0b38,9.728047,61.421776,1009.3577,260.09653,140,,,5.75,-77,,5,5
2026-01-25 09:19:02.366575,0x433af380,8.82241,67.10081,1009.9897,190.03392,118,,,7.5,-33,,3,3
2026-01-25 09:19:46.648049,0x433b0b38,9.746042,61.540073,1009.36945,259.1093,139,,,5.75,-77,,5,5
2026-01-25 09:20:02.226626,0x433af380,8.842757,66.33989,1009.97766,198.00156,106,,,5.75,-35,,3,3
2026-01-25 09:20:46.677194,0x433b0b38,9.859119,61.84528,1009.38855,258.91278,138,,,5.25,-78,,5,5
2026-01-25 09:20:50.029171,0x433aad0c,10.500741,60.053867,1009.70215,284.01572,172,,,5.5,-69,,3,3
2026-01-25 09:21:02.489763,0x433af380,8.796975,65.91666,1009.9627,204.49324,99,,,5.25,-34,,3,3
2026-01-25 09:21:16.803610,0x433ad35c,10.505761,63.140697,1009.50964,230.59782,161,,,6.75,-57,,3,3
2026-01-25 09:21:47.208422,0x433b0b38,9.956848,61.91501,1009.3856,258.91278,137,,,5.5,-78,,5,5
2026-01-25 09:22:02.869906,0x433af380,8.540269,65.23475,1009.9987,212.3758,91,,0.016592277,5.75,-35,,3,3
2026-01-25 09:22:47.235290,0x433b0b38,9.997981,62.41532,1009.415,257.54526,137,,,6.25,-78,,5,5
2026-01-25 09:23:03.073016,0x433af380,8.723401,64.89563,1010.0012,201.99416,106,,,6.0,-35,,3,3
2026-01-25 09:23:46.856406,0x433b0b38,10.072535,62.036217,1009.4125,257.9345,136,,,5.75,-78,,5,5
2026-01-25 09:23:50.005672,0x433aad0c,10.802391,59.702065,1009.73773,286.7357,170,,,5.75,-69,,3,3
2026-01-25 09:24:03.524851,0x433af380,9.051514,63.90531,1010.0271,207.57497,98,,,6.5,-34,,3,3
2026-01-25 09:24:16.829242,0x433ad35c,10.6451235,61.430664,1009.569,236.70726,159,,,6.75,-57,,3,3
2026-01-25 09:24:46.788317,0x433b0b38,10.193363,62.14009,1009.4532,256.5773,136,,,6.5,-78,,5,5
2026-01-25 09:25:03.541746,0x433af380,9.244632,62.948387,1010.0375,211.69576,91,,,5.5,-35,,3,3
2026-01-25 09:25:46.862577,0x433b0b38,10.24478,61.46189,1009.46606,260.09653,134,,,6.25,-78,,5,5
2026-01-25 09:26:03.796729,0x433af380,9.684662,64.14357,1010.06,191.35396,115,,,6.0,-35,,3,3
2026-01-25 09:26:46.840104,0x433b0b38,10.231887,61.19176,1009.4713,261.89258,133,,,5.5,-78,,5,5
2026-01-25 09:26:50.227694,0x433aad0c,10.946778,58.24797,1009.7864,295.74768,168,,,5.5,-70,,3,3
2026-01-25 09:27:04.264606,0x433af380,9.560029,63.297665,1010.06366,185.56844,121,,0.016594756,6.25,-35,,3,3
2026-01-25 09:27:17.346623,0x433ad35c,10.861217,61.857872,1009.5922,233.36523,159,,,7.0,-57,,3,3
2026-01-25 09:27:46.880998,0x433b0b38,10.165084,61.192978,1009.4774,264.53113,132,,,5.75,-74,,5,5
2026-01-25 09:28:04.321377,0x433af380,9.165519,63.134468,1010.0795,200.76738,107,,,6.25,-35,,3,3
2026-01-25 09:28:46.888996,0x433b0b38,10.18051,60.768158,1009.5188,265.76694,131,,,5.75,-72,,5,5
2026-01-25 09:29:04.576796,0x433af380,9.239734,64.14583,1010.0883,192.35608,119,,,6.5,-35,,3,3
2026-01-25 09:29:47.400915,0x433b0b38,10.126522,60.956924,1009.50165,267.85248,130,,,6.75,-75,,5,5
2026-01-25 09:29:50.438279,0x433aad0c,11.002142,58.976017,1009.7896,302.81778,164,,,5.25,-73,,3,3
2026-01-25 09:30:04.832182,0x433af380,9.219385,64.11249,1010.09357,193.36873,116,,,6.5,-35,,3,3
2026-01-25 09:30:17.005868,0x433ad35c,11.066564,60.932053,1009.6603,235.35902,157,,,6.5,-60,,3,3
2026-01-25 09:30:47.131664,0x433b0b38,10.147126,61.137398,1009.4903,270.6131,128,,,5.0,-73,,5,5
2026-01-25 09:31:05.265549,0x433af380,9.094753,62.988068,1010.09186,204.3668,105,,,7.75,-35,,3,3
2026-01-25 09:31:47.033663,0x433b0b38,10.1599045,60.66358,1009.51074,271.90652,128,,,4.5,-82,,5,5
2026-01-25 09:32:05.353421,0x433af380,9.046238,63.568943,1010.1099,202.36511,106,,,6.5,-41,,3,3
2026-01-25 09:32:46.955944,0x433b0b38,10.273095,60.734856,1009.5216,273.65048,126,,,5.75,-70,,5,5
2026-01-25 09:32:50.022373,0x433aad0c,11.307749,59.131824,1009.81696,307.6262,162,,,6.0,-69,,3,3
2026-01-25 09:33:05.604692,0x433af380,9.287872,61.917675,1010.12445,208.22871,99,,,6.0,-39,,3,3
2026-01-25 09:33:17.016858,0x433ad35c,11.432001,63.012756,1009.68427,235.02435,154,,,7.5,-51,,3,3
2026-01-25 09:33:46.982064,0x433b0b38,10.478724,60.77778,1009.5368,272.99387,125,,,5.75,-71,,5,5
2026-01-25 09:34:05.880347,0x433af380,9.5396805,62.310402,1010.1113,193.36873,118,,,6.25,-42,,3,3
2026-01-25 09:34:47.639349,0x433b0b38,10.679248,60.924118,1009.56903,272.5579,123,,,6.25,-71,,5,5
2026-01-25 09:35:06.145876,0x433af380,9.97208,61.93319,1010.1359,190.03392,120,,,6.75,-41,,3,3
2026-01-25 09:35:47.011485,0x433b0b38,10.728094,60.741882,1009.5673,273.43124,122,,,5.0,-71,,5,5
2026-01-25 09:35:50.510915,0x433aad0c,11.608983,58.585358,1009.81976,311.99753,160,,,7.0,-72,,3,3
2026-01-25 09:36:06.406300,0x433af380,10.302741,57.95587,1010.1574,203.11113,103,,,6.0,-37,,3,3
2026-01-25 09:36:17.887606,0x433ad35c,11.630669,62.393127,1009.6927,231.72934,154,,,5.5,-52,,3,3
2026-01-25 09:36:47.181899,0x433b0b38,10.784652,60.571648,1009.5417,274.3102,120,,,5.25,-70,,5,5
2026-01-25 09:37:06.678567,0x433af380,10.79619,59.80959,1010.16785,188.40929,118,,,6.25,-38,,3,3
2026-01-25 09:37:47.607733,0x433b0b38,10.895198,60.14059,1009.5526,278.3365,118,,,5.75,-72,,5,5
2026-01-25 09:38:07.296821,0x433af380,11.480711,56.955803,1010.1378,185.1382,115,,,7.5,-37,,3,3
2026-01-25 09:38:47.565681,0x433b0b38,10.987785,59.332985,1009.5305,280.39432,116,,,6.5,-71,,5,5
2026-01-25 09:38:51.092471,0x433aad0c,11.893446,58.591747,1009.83734,318.33038,157,,,6.25,-70,,3,3
2026-01-25 09:39:07.493704,0x433af380,11.938442,57.193653,1010.1276,186.6013,111,,,6.25,-36,,3,3
2026-01-25 09:39:16.955927,0x433ad35c,11.99651,60.18806,1009.65027,242.61388,150,,,8.0,-52,,3,3
2026-01-25 09:39:47.073852,0x433b0b38,11.123964,58.335625,1009.5256,286.51373,113,,,5.75,-70,,5,5
2026-01-25 09:40:07.446078,0x433af380,12.780375,51.22809,1010.1806,195.65773,99,,,5.75,-39,,3,3
2026-01-25 09:40:47.102889,0x433b0b38,11.213982,59.488285,1009.5514,287.23703,112,,,5.5,-71,,5,5
2026-01-25 09:41:07.791453,0x433af380,13.032192,50.835182,1010.121,189.70677,112,,,6.25,-39,,3,3
2026-01-25 09:41:47.132766,0x433b0b38,11.131677,60.194218,1009.5014,284.84006,112,,,5.75,-70,,5,5
2026-01-25 09:41:50.090595,0x433aad0c,11.773337,58.223064,1009.8042,320.49884,156,,,6.75,-71,,3,3
2026-01-25 09:42:08.035287,0x433af380,12.810898,54.38807,1010.1373,173.14624,136,,,5.75,-39,,3,3
2026-01-25 09:42:18.234374,0x433ad35c,11.943836,57.052635,1009.6354,248.07588,148,,,5.5,-52,,3,3
2026-01-25 09:42:47.141874,0x433b0b38,11.095723,60.016376,1009.4862,285.55493,111,,,5.25,-71,,5,5
2026-01-25 09:43:08.363390,0x433af380,12.329968,53.171593,1010.09607,187.55411,118,,,6.0,-39,,3,3
2026-01-25 09:43:47.162125,0x433b0b38,11.111148,59.197296,1009.49347,291.40582,108,,,5.25,-70,,5,5
2026-01-25 09:44:08.502848,0x433af380,12.159547,55.317642,1010.1091,182.1506,125,,,5.75,-39,,3,3
2026-01-25 09:44:47.170563,0x433b0b38,11.088011,59.834064,1009.4925,290.16718,108,,,5.25,-70,,5,5
2026-01-25 09:44:50.902987,0x433aad0c,11.59668,57.83177,1009.8154,344.28665,151,,,7.5,-72,,3,3
2026-01-25 09:45:08.731701,0x433af380,12.429357,55.410965,1010.11346,174.94795,132,,,5.75,-39,,3,3
2026-01-25 09:45:17.325088,0x433ad35c,11.658193,58.574528,1009.6614,268.4207,142,,,8.25,-52,,3,3
2026-01-25 09:45:47.284060,0x433b0b38,11.216514,58.50936,1009.53143,297.50143,105,,,5.5,-71,,5,5
2026-01-24 19:02:13.979046,0x433af380,8.094971,63.326515,1003.8592,174.94795,168,,,6.0,-34,,3,3
2026-01-24 19:02:19.596589,0x433b0b38,8.841086,60.45567,1003.4439,242.53908,182,,,5.5,-78,,5,5
2026-01-24 19:02:41.593739,0x433aad0c,9.7733,57.952587,1003.791,297.34976,201,,,5.5,-69,,3,3
2026-01-24 19:03:09.568377,0x433ad35c,8.358489,64.82608,1003.6619,189.81569,199,,,7.0,-56,,3,3
2026-01-24 19:03:14.999926,0x433af380,8.107688,63.26716,1003.865,182.9434,160,,,7.25,-33,,3,3
2026-01-24 19:03:18.340844,0x433b0b38,8.781733,60.70684,1003.4474,248.00194,180,,,5.25,-78,,5,5
2026-01-24 19:04:15.148505,0x433af380,8.031571,63.6962,1003.89294,178.09851,164,,,5.75,-34,,3,3
2026-01-24 19:04:27.878478,0x433b0b38,8.825738,60.511894,1003.45966,249.45189,179,,,5.75,-74,,5,4
2026-01-24 19:05:14.779630,0x433af380,8.031571,63.702477,1003.93005,182.9434,161,,,5.75,-34,,3,3
2026-01-24 19:05:18.127926,0x433b0b38,8.820559,60.282932,1003.4816,250.18323,178,,,5.75,-78,,5,5
2026-01-24 19:05:41.139834,0x433aad0c,9.6091385,58.291035,1003.8549,311.11337,198,,,5.0,-69,,3,3
2026-01-24 19:06:10.061792,0x433ad35c,8.4086,64.07475,1003.7138,196.23848,197,,,5.75,-55,,3,3
2026-01-24 19:06:16.934499,0x433b0b38,8.768651,60.248756,1003.5113,251.65889,178,,,5.75,-78,,5,5
2026-01-24 19:06:19.046748,0x433af380,7.6603746,64.407524,1003.9694,189.70677,156,,,5.75,-34,,3,3
2026-01-24 19:07:15.514896,0x433af380,7.288878,65.24504,1003.9763,195.42638,152,,,5.75,-34,,3,3
2026-01-24 19:07:29.485001,0x433b0b38,8.787138,60.238792,1003.51324,252.7771,177,,,5.5,-75,,5,4
2026-01-24 19:08:15.601955,0x433af380,7.1233644,65.95275,1003.9869,196.35503,151,,,7.5,-34,,3,3
2026-01-24 19:08:21.767886,0x433b0b38,8.797421,60.13492,1003.4985,252.21675,177,,,5.5,-77,,5,5
2026-01-24 19:08:41.283984,0x433aad0c,9.656991,57.478565,1003.8611,318.63837,197,,,5.25,-69,,3,3
2026-01-24 19:09:09.605130,0x433ad35c,8.406056,63.923073,1003.73285,214.72087,191,,,6.0,-56,,3,3
2026-01-24 19:09:15.861609,0x433af380,7.311919,65.72826,1003.982,192.58018,154,,,5.75,-33,,3,3
2026-01-24 19:09:19.163641,0x433b0b38,8.833412,59.888195,1003.50226,253.71655,177,,,5.25,-77,,5,5
2026-01-24 19:10:16.130979,0x433af380,7.626971,65.23071,1003.9942,192.35608,152,,,5.5,-34,,3,3
2026-01-24 19:10:19.432337,0x433b0b38,8.720298,60.179306,1003.5114,255.4253,176,,,5.25,-78,,5,5
2026-01-24 19:11:16.380073,0x433af380,7.807557,64.78746,1003.9579,189.38072,152,,,5.75,-34,,3,3
2026-01-24 19:11:20.007861,0x433b0b38,8.62,60.561752,1003.50684,256.77032,176,,,5.5,-78,,5,5
2026-01-24 19:11:41.253011,0x433aad0c,9.479999,58.320297,1003.892,321.12384,196,,,5.75,-70,,3,3
2026-01-24 19:12:10.183105,0x433ad35c,8.107972,64.181244,1003.7436,225.40895,189,,,6.0,-56,,3,3
2026-01-24 19:12:16.674213,0x433af380,7.893428,64.41844,1003.97546,192.2442,150,,,5.75,-33,,3,3
2026-01-24 19:12:21.726974,0x433b0b38,8.694591,60.269886,1003.5515,255.80814,177,,,6.0,-78,,5,5
2026-01-24 19:13:17.407356,0x433af380,7.94255,64.227104,1003.9741,188.40929,153,,,5.75,-34,,3,3
2026-01-24 19:13:22.546852,0x433b0b38,8.640679,60.433205,1003.5084,254.28358,176,,,5.25,-78,,5,5
2026-01-24 19:14:17.182795,0x433af380,8.023941,63.906334,1004.0121,188.8398,153,,,5.5,-34,,3,3
2026-01-24 19:14:20.484992,0x433b0b38,8.549944,60.714035,1003.52985,254.0943,177,,,5.5,-78,,5,5
2026-01-24 19:14:41.232196,0x433aad0c,9.538154,58.261097,1003.9413,318.63837,197,,,5.5,-70,,3,3
2026-01-24 19:15:10.164501,0x433ad35c,8.158046,64.13674,1003.75323,221.92844,190,,,6.0,-56,,3,3
2026-01-24 19:15:17.640511,0x433af380,8.237594,63.572395,1003.99426,189.59795,150,,,6.25,-33,,3,3
2026-01-24 19:15:19.650433,0x433b0b38,8.604764,60.50685,1003.529,256.96362,176,,,5.75,-78,,5,5
2026-01-24 19:16:17.700992,0x433af380,8.433254,63.048424,1003.9924,189.81569,149,,,5.75,-33,,3,3
2026-01-24 19:16:21.247694,0x433b0b38,8.620075,60.592037,1003.52484,258.12958,176,,,5.25,-77,,5,5
2026-01-24 19:17:18.376959,0x433b0b38,8.62,60.897392,1003.5574,258.32492,176,,,5.25,-78,,5,5
2026-01-24 19:17:22.989178,0x433af380,8.430711,62.933285,1004.0085,184.54994,153,,,6.0,-34,,3,3
2026-01-24 19:17:41.239029,0x433aad0c,9.533172,58.18669,1003.9223,325.8902,196,,,5.25,-69,,3,3
2026-01-24 19:18:10.249630,0x433ad35c,8.170611,64.35544,1003.7517,208.4914,194,,,6.5,-58,,3,3
2026-01-24 19:18:18.205484,0x433af380,8.418144,62.648254,1004.02136,189.48929,150,,,6.0,-34,,3,3
2026-01-24 19:18:26.250889,0x433b0b38,8.558491,60.89527,1003.55304,257.3511,176,,,5.25,-75,,5,4
2026-01-24 19:19:18.211293,0x433b0b38,8.447834,61.266148,1003.55817,256.19214,176,,,5.5,-78,,5,5
2026-01-24 19:19:20.387797,0x433af380,8.224876,63.159798,1003.9986,192.02086,149,,,6.0,-34,,3,3
2026-01-24 19:20:18.285384,0x433b0b38,8.39124,61.49063,1003.5676,256.96362,176,,,5.25,-78,,5,5
2026-01-24 19:20:23.927824,0x433af380,7.8458977,63.819782,1004.00037,192.35608,151,,,7.0,-34,,3,3
2026-01-24 19:20:41.433608,0x433aad0c,9.323235,59.022934,1003.93933,328.16324,195,,,6.0,-70,,3,3
2026-01-24 19:21:09.687309,0x433ad35c,7.977648,64.762375,1003.8206,210.08136,194,,,6.0,-56,,3,3
2026-01-24 19:21:18.270897,0x433b0b38,8.4014845,61.205757,1003.5871,259.8985,175,,,5.25,-78,,5,5
2026-01-24 19:21:20.363683,0x433af380,7.693101,64.302925,1004.08453,187.23543,157,,,5.75,-34,,3,3
2026-01-24 19:22:18.305914,0x433b0b38,8.342395,61.24826,1003.60815,260.69247,176,,,5.5,-79,,5,5
2026-01-24 19:22:20.603084,0x433af380,7.665123,64.41769,1004.0807,188.40929,156,,,5.75,-33,,3,3
2026-01-24 19:23:18.298566,0x433b0b38,8.213895,61.525482,1003.6164,256.19214,177,,,5.5,-78,,5,5
2026-01-24 19:23:22.343823,0x433af380,7.593906,64.88219,1004.1337,186.59822,158,,,7.0,-34,,3,3
2026-01-24 19:23:41.266757,0x433aad0c,9.04005,59.63382,1004.02295,329.47638,195,,,5.5,-70,,3,3
2026-01-24 19:24:09.723571,0x433ad35c,7.920021,65.182365,1003.8881,210.34871,194,,,6.0,-56,,3,3
2026-01-24 19:24:18.373952,0x433b0b38,8.180474,61.748375,1003.6545,255.0436,178,,,5.25,-77,,5,5
2026-01-24 19:24:22.068902,0x433af380,7.125908,65.95311,1004.1342,189.92473,157,,,6.75,-34,,3,3
2026-01-24 19:25:18.380839,0x433b0b38,8.134164,61.752613,1003.65875,254.66301,178,,,6.0,-77,,5,5
2026-01-24 19:25:22.100236,0x433af380,6.563994,67.183754,1004.12695,194.73564,155,,,6.75,-34,,3,3
2026-01-24 19:26:18.980738,0x433b0b38,8.183008,61.579834,1003.67523,253.71655,178,,,5.75,-78,,5,5
2026-01-24 19:26:25.806880,0x433af380,6.241076,68.21749,1004.1521,200.15956,153,,,5.5,-33,,3,3
2026-01-24 19:26:41.811700,0x433aad0c,9.002123,59.51987,1004.0547,326.21298,196,,,5.25,-71,,3,3
2026-01-24 19:27:10.239274,0x433ad35c,7.7972126,65.100624,1003.9297,219.862,190,,,6.0,-56,,3,3
2026-01-24 19:27:18.627751,0x433b0b38,8.194873,61.580624,1003.66327,253.52809,179,,,5.5,-77,,5,5
2026-01-24 19:27:24.609173,0x433af380,6.607082,67.88751,1004.18317,197.05733,153,,,6.0,-33,,3,3
2026-01-24 19:28:18.919742,0x433b0b38,8.157338,61.71142,1003.71014,251.47348,180,,,0.75,-77,,5,5
2026-01-24 19:28:22.501721,0x433af380,6.9073973,67.6175,1004.20825,199.19467,149,,,6.25,-34,,3,3
2026-01-24 19:29:18.471613,0x433b0b38,8.039045,62.092995,1003.74274,250.18323,180,,,5.25,-77,,5,5
2026-01-24 19:29:21.772376,0x433af380,6.5054946,68.92506,1004.1956,201.87079,146,,,6.5,-34,,3,3
2026-01-24 19:29:41.321920,0x433aad0c,8.943969,60.10416,1004.1302,317.7162,197,,,5.25,-69,,3,3
2026-01-24 19:30:09.772650,0x433ad35c,7.6870446,65.07503,1003.96594,224.49052,190,,,6.25,-56,,3,3
2026-01-24 19:30:18.507190,0x433b0b38,8.1650505,61.51632,1003.7319,248.54369,181,,,5.75,-77,,5,5
2026-01-24 19:30:22.678379,0x433af380,6.385991,69.658264,1004.249,201.37889,146,,,7.0,-34,,3,3
2026-01-24 19:31:18.617543,0x433b0b38,8.211287,61.243122,1003.74536,248.7248,181,,,5.5,-78,,5,5
2026-01-24 19:31:27.232734,0x433af380,6.5694933,69.29224,1004.2481,195.31094,150,,,6.75,-34,,3,3
2026-01-24 19:32:18.561591,0x433b0b38,8.203536,61.278893,1003.76935,248.7248,181,,,5.5,-78,,5,5
2026-01-24 19:32:25.298184,0x433af380,6.830565,68.6387,1004.30145,192.02086,152,,,6.0,-33,,3,3
2026-01-24 19:32:41.335347,0x433aad0c,8.820075,60.119648,1004.1577,309.35995,199,,,6.0,-70,,3,3
2026-01-24 19:33:10.372343,0x433ad35c,7.458967,66.08251,1004.0153,225.10199,190,,,6.0,-56,,3,3
2026-01-24 19:33:18.509661,0x433b0b38,8.113673,61.985935,1003.8101,247.28326,182,,,5.25,-78,,5,5
2026-01-24 19:33:23.768478,0x433af380,7.2497773,67.54345,1004.2927,190.9119,150,,,5.5,-33,,3,3
2026-01-24 19:34:18.509931,0x433b0b38,8.080178,62.2097,1003.8221,246.92549,182,,,6.0,-78,,5,5
2026-01-24 19:34:24.040955,0x433af380,7.585744,66.189766,1004.3168,192.80482,147,,,7.5,-34,,3,3
2026-01-24 19:35:18.552333,0x433b0b38,8.08789,62.57105,1003.8226,244.62494,183,,,5.25,-77,,5,5
2026-01-24 19:35:23.326534,0x433af380,7.321641,66.77169,1004.32086,201.74757,141,,,6.75,-34,,3,3
2026-01-24 19:35:41.686567,0x433aad0c,8.839695,60.694565,1004.194,304.77942,199,,,5.25,-71,,3,3
2026-01-24 19:36:10.280761,0x433ad35c,7.6042876,66.51726,1004.0651,185.36383,201,,,6.5,-57,,3,3
2026-01-24 19:36:18.551315,0x433b0b38,8.026304,62.566574,1003.83417,248.18227,181,,,6.0,-79,,5,5
2026-01-24 19:36:24.883711,0x433af380,7.0295577,67.503525,1004.3255,193.25569,148,,,5.75,-34,,3,3
2026-01-24 19:37:19.164650,0x433b0b38,8.049366,62.26562,1003.8433,249.08781,181,,,5.5,-77,,5,5
2026-01-24 19:37:23.738845,0x433af380,6.6556706,68.51063,1004.3538,200.88937,145,,,5.25,-33,,3,3
2026-01-24 19:38:18.588292,0x433b0b38,8.057078,62.163757,1003.896,249.08781,180,,,5.75,-78,,5,5
2026-01-24 19:38:23.920557,0x433af380,7.1669793,67.34306,1004.37665,196.58858,147,,,6.75,-34,,3,3
2026-01-24 19:38:41.501648,0x433aad0c,8.769506,59.63359,1004.25995,296.2798,200,,,5.25,-70,,3,3
2026-01-24 19:39:10.415800,0x433ad35c,7.7621727,65.921974,1004.1083,205.25504,193,,,5.75,-56,,3,3
2026-01-24 19:39:18.597259,0x433b0b38,8.0522,61.96996,1003.98615,249.08781,180,,,5.75,-77,,5,5
2026-01-24 19:39:24.197412,0x433af380,7.2147784,67.07641,1004.38226,200.40225,144,,,5.5,-33,,3,3
2026-01-24 19:40:19.089094,0x433b0b38,7.9336452,62.027084,1003.87036,248.7248,181,,,5.5,-78,,5,5
2026-01-24 19:40:24.460356,0x433af380,6.838005,67.58285,1004.33594,202.48907,143,,,6.75,-33,,3,3
2026-01-24 19:41:18.612098,0x433b0b38,7.8102107,62.573452,1003.8693,249.26971,182,,,5.5,-77,,5,5
2026-01-24 19:41:24.917578,0x433af380,6.508076,68.48224,1004.3497,200.88937,147,,,6.0,-33,,3,3
2026-01-24 19:41:41.540333,0x433aad0c,8.412997,61.313797,1004.22943,295.74768,199,,,5.75,-70,,3,3
2026-01-24 19:42:10.329748,0x433ad35c,7.486566,65.59801,1004.09503,208.75471,193,,,5.75,-56,,3,3
2026-01-24 19:42:18.640996,0x433b0b38,7.7153945,62.90809,1003.88293,249.81703,181,,,6.25,-77,,5,5
2026-01-24 19:42:31.935527,0x433af380,6.4469304,68.38254,1004.3709,198.83524,149,,,6.25,-33,,3,3
2026-01-24 19:43:18.698469,0x433b0b38,7.6585746,62.96282,1003.92633,252.96442,180,,,6.75,-77,,5,5
2026-01-24 19:43:25.673574,0x433af380,6.6164956,68.2565,1004.36835,198.59631,151,,,6.0,-33,,3,3
2026-01-24 19:44:18.717711,0x433b0b38,7.7640133,62.698025,1003.9124,251.28835,180,,,5.5,-78,,5,5
2026-01-24 19:44:25.948196,0x433af380,6.5274754,68.41678,1004.37286,201.74757,147,,,5.75,-33,,3,3
2026-01-24 19:44:41.538344,0x433aad0c,8.397599,61.669205,1004.27545,300.88123,198,,,6.0,-70,,3,3
2026-01-24 19:45:09.874289,0x433ad35c,7.5391817,65.23371,1004.1259,208.88663,193,,,5.5,-56,,3,3
2026-01-24 19:45:18.674609,0x433b0b38,7.6637163,62.996994,1003.92865,251.84456,180,,,5.5,-78,,5,5
2026-01-24 19:45:26.191959,0x433af380,6.243709,68.890686,1004.33185,203.98846,147,,,5.75,-33,,3,3
2026-01-24 19:46:18.685779,0x433b0b38,7.6637163,62.838936,1003.9417,252.03052,181,,,5.25,-78,,5,5
2026-01-24 19:46:26.463631,0x433af380,5.9915333,69.328156,1004.4008,202.86183,150,,,6.0,-34,,3,3
2026-01-24 19:47:18.736704,0x433b0b38,7.7151313,62.583584,1003.9855,250.36674,181,,,6.25,-78,,5,5
2026-01-24 19:47:26.713223,0x433af380,6.1899204,69.416245,1004.4339,197.88304,153,,,6.0,-34,,3,3
2026-01-24 19:47:41.561603,0x433aad0c,8.344729,61.36673,1004.3564,301.9848,198,,,5.5,-71,,3,3
2026-01-24 19:48:10.421955,0x433ad35c,7.4264336,65.19723,1004.1931,218.84314,191,,,7.0,-57,,3,3
2026-01-24 19:48:18.729703,0x433b0b38,7.737737,62.35419,1004.03864,251.28835,181,,,6.25,-78,,5,5
2026-01-24 19:48:26.997139,0x433af380,6.622531,68.757835,1004.4828,194.27788,152,,,5.5,-33,,3,3
2026-01-24 19:49:18.987975,0x433b0b38,7.722881,62.404705,1004.05255,251.28835,181,,,5.25,-77,,5,5
2026-01-24 19:49:27.268094,0x433af380,7.0385165,67.31249,1004.4803,199.55539,147,,,5.5,-34,,3,3
2026-01-24 19:50:19.332660,0x433b0b38,7.6688576,62.967133,1004.04663,252.21675,181,,,5.5,-78,,5,5
2026-01-24 19:50:27.553387,0x433af380,7.1939745,66.317375,1004.55444,203.48622,142,,,5.5,-33,,3,3
2026-01-24 19:50:41.609020,0x433aad0c,8.417254,61.172157,1004.4147,305.91174,197,,,5.5,-70,,3,3
2026-01-24 19:51:10.451769,0x433ad35c,7.1408057,66.79698,1004.2842,207.83598,193,,,6.25,-57,,3,3
2026-01-24 19:51:18.794198,0x433b0b38,7.7254143,63.238518,1004.09106,253.15205,180,,,5.5,-78,,5,5
2026-01-24 19:51:27.831731,0x433af380,7.2802987,65.876045,1004.5065,195.19559,152,,,6.0,-33,,3,3
2026-01-24 19:52:18.830510,0x433b0b38,7.712711,63.27852,1004.10956,251.84456,180,,,5.25,-78,,5,5
2026-01-24 19:52:28.494660,0x433af380,7.1949205,66.3601,1004.5932,182.9434,159,,,5.75,-33,,3,3
2026-01-24 19:53:18.845108,0x433b0b38,7.7330885,63.092484,1004.1175,248.90617,181,,,5.5,-77,,5,5
2026-01-24 19:53:28.359961,0x433af380,6.825781,67.14745,1004.598,185.6581,161,,,7.0,-34,,3,3
2026-01-24 19:53:41.618690,0x433aad0c,8.539418,60.584183,1004.4594,308.77988,196,,,5.5,-70,,3,3
2026-01-24 19:54:09.940083,0x433ad35c,7.3036637,66.46938,1004.311,200.64552,196,,,6.25,-55,,3,3
2026-01-24 19:54:19.009233,0x433b0b38,7.6863227,63.036816,1004.1136,248.18227,182,,,5.5,-78,,5,5
2026-01-24 19:54:28.582246,0x433af380,6.266224,68.591225,1004.5835,202.2413,150,,0.09958672,5.5,-34,,3,3
2026-01-24 19:55:18.929058,0x433b0b38,7.7048483,62.987965,1004.1238,250.36674,181,,,6.0,-79,,5,5
2026-01-24 19:55:28.865596,0x433af380,5.6914096,69.83534,1004.57605,217.69025,139,,0.6471203,6.25,-34,,3,3
2026-01-24 19:56:18.907030,0x433b0b38,7.522325,63.210384,1004.1238,250.73457,181,,,5.5,-78,,5,5
2026-01-24 19:56:29.105912,0x433af380,5.381113,70.89545,1004.58124,220.00833,140,,0.2157569,5.5,-33,,3,3
2026-01-24 19:56:41.647438,0x433aad0c,8.21253,61.201626,1004.4912,308.20197,197,,,5.75,-71,,3,3
2026-01-24 19:57:10.474742,0x433ad35c,7.233509,66.17455,1004.33484,220.30156,190,,,6.0,-56,,3,3
2026-01-24 19:57:18.967853,0x433b0b38,7.3810477,63.82318,1004.13837,249.81703,182,,,5.0,-78,,5,5
2026-01-24 19:57:29.385617,0x433af380,5.6990395,70.45233,1004.6392,216.26608,141,,,5.5,-34,,3,3
2026-01-24 19:58:18.992353,0x433b0b38,7.4940476,63.52133,1004.1641,250.0,182,,,5.25,-78,,5,5
2026-01-24 19:58:29.683381,0x433af380,6.2231736,69.531296,1004.6317,208.35997,144,,,6.75,-34,,3,3
2026-01-24 19:59:18.946950,0x433b0b38,7.6071978,63.003254,1004.1607,249.63432,182,,,5.25,-78,,5,5
2026-01-24 19:59:29.907688,0x433af380,6.3274546,69.40653,1004.64215,207.31462,144,,,6.0,-35,,3,3
2026-01-24 19:59:41.660731,0x433aad0c,8.175022,61.928047,1004.52454,302.81778,198,,,5.25,-70,,3,3
2026-01-24 20:00:10.521330,0x433ad35c,7.0055084,67.16105,1004.37024,227.26859,188,,,6.25,-56,,3,3
2026-01-24 20:00:19.003499,0x433b0b38,7.5480323,63.491173,1004.1685,249.63432,182,,,5.5,-78,,5,5
2026-01-24 20:00:30.175093,0x433af380,6.3528886,68.88199,1004.627,209.81468,141,,,5.5,-34,,3,3
2026-01-24 20:01:19.510262,0x433b0b38,7.573703,63.317543,1004.192,249.45189,182,,,5.75,-78,,5,5
2026-01-24 20:01:31.616310,0x433af380,6.179935,69.51031,1004.64594,207.57497,144,,,6.75,-34,,3,3
2026-01-25 06:02:39.389646,0x433b0b38,4.9311295,65.0611,1007.11084,265.14758,178,,,6.25,-78,,5,5
2026-01-25 06:02:48.026050,0x433aad0c,5.6444125,64.0611,1007.4125,289.763,192,,,5.75,-70,,3,3
2026-01-25 06:03:10.108977,0x433af380,5.8620067,65.18078,1007.6346,250.14076,108,,,5.75,-34,,3,3
2026-01-25 06:03:15.682141,0x433ad35c,5.2242284,67.717316,1007.242,240.14638,178,,,6.25,-56,,3,3
2026-01-25 06:03:39.444400,0x433b0b38,4.846184,65.48639,1007.115,262.69882,179,,,5.5,-76,,5,5
2026-01-25 06:04:09.973865,0x433af380,5.85692,65.022,1007.61426,250.14076,107,,,6.0,-35,,3,3
2026-01-25 06:04:39.406025,0x433b0b38,4.817982,65.75371,1007.11884,215.98819,209,,,6.0,-78,,5,5
2026-01-25 06:05:12.020923,0x433af380,5.6607375,65.01184,1007.6564,246.22807,116,,,6.75,-33,,3,3
2026-01-25 06:05:40.552398,0x433b0b38,4.9721465,65.93569,1007.1147,213.2889,211,,,5.5,-77,,5,5
2026-01-25 06:05:48.097645,0x433aad0c,5.7252817,63.94578,1007.42255,285.7406,192,,,5.5,-69,,3,3
2026-01-25 06:06:12.930261,0x433af380,5.691296,65.16594,1007.6784,253.40042,109,,,6.0,-34,,3,3
2026-01-25 06:06:21.427772,0x433ad35c,4.71517,68.73015,1007.23285,238.7588,179,,,6.25,-56,,3,3
2026-01-25 06:06:39.434238,0x433b0b38,5.082686,65.77303,1007.1456,222.02948,203,,,5.25,-77,,5,5
2026-01-25 06:07:11.056018,0x433af380,5.778074,64.763275,1007.6553,257.74707,106,,,5.75,-34,,3,3
2026-01-25 06:07:41.122924,0x433b0b38,5.090398,65.513596,1007.1688,229.18532,196,,,5.25,-75,,5,4
2026-01-25 06:08:11.185779,0x433af380,5.973729,64.42343,1007.6618,251.66422,110,,,6.0,-34,,3,3
2026-01-25 06:08:39.498251,0x433b0b38,5.154702,65.488365,1007.1804,238.47227,189,,,6.0,-77,,5,5
2026-01-25 06:08:48.021983,0x433aad0c,5.922531,63.828884,1007.4551,242.7721,203,,,5.5,-70,,3,3
2026-01-25 06:09:11.472889,0x433af380,6.0678363,64.2593,1007.67804,249.01024,110,,,6.0,-34,,3,3
2026-01-25 06:09:15.540361,0x433ad35c,4.301736,70.546326,1007.31055,234.69066,182,,,5.75,-56,,3,3
2026-01-25 06:09:39.526292,0x433b0b38,5.0493045,65.549286,1007.18945,240.82785,186,,,5.25,-77,,5,5
2026-01-25 06:10:11.747454,0x433af380,5.6763372,64.821014,1007.71375,248.07588,115,,,5.25,-34,,3,3
2026-01-25 06:10:39.490976,0x433b0b38,5.03131,65.60825,1007.20496,245.50467,184,,,6.5,-78,,5,5
2026-01-25 06:11:13.993684,0x433af380,5.266848,66.06821,1007.69214,247.33347,118,,,5.75,-34,,3,3
2026-01-25 06:11:40.718488,0x433b0b38,5.02099,65.703545,1007.21936,247.82187,182,,,6.25,-78,,5,5
2026-01-25 06:11:48.250318,0x433aad0c,6.0102253,63.637703,1007.49347,256.57886,197,,,5.25,-70,,3,3
2026-01-25 06:12:12.284879,0x433af380,5.0684624,66.74029,1007.74805,246.77953,121,,,6.0,-34,,3,3
2026-01-25 06:12:15.606173,0x433ad35c,4.693112,70.10836,1007.3383,228.84184,182,,,6.75,-55,,3,3
2026-01-25 06:12:39.775860,0x433b0b38,5.03131,65.5678,1007.2097,248.18227,181,,,5.5,-77,,5,5
2026-01-25 06:13:12.542640,0x433af380,4.821753,67.54287,1007.7319,241.55017,128,,,6.25,-33,,3,3
2026-01-25 06:13:39.790788,0x433b0b38,5.0827236,65.41047,1007.23474,251.28835,180,,,5.75,-78,,5,5
2026-01-25 06:14:12.784035,0x433af380,4.603021,68.43912,1007.757,226.49002,139,,,6.25,-35,,3,3
2026-01-25 06:14:39.840861,0x433b0b38,5.1598063,65.29632,1007.26086,252.03052,179,,,5.25,-78,,5,5
2026-01-25 06:14:48.070521,0x433aad0c,6.117516,63.429855,1007.5475,265.9007,193,,,5.5,-70,,3,3
2026-01-25 06:15:13.034392,0x433af380,4.7098436,68.376495,1007.7999,225.56277,147,,,5.5,-34,,3,3
2026-01-25 06:15:16.500892,0x433ad35c,5.20684,68.18882,1007.41473,216.69138,187,,,5.25,-56,,3,3
2026-01-25 06:15:39.878885,0x433b0b38,5.249818,65.09804,1007.298,253.15205,177,,,5.75,-77,,5,5
2026-01-25 06:16:13.316620,0x433af380,4.7296996,68.58558,1007.82196,222.2268,143,,,7.75,-34,,3,3
2026-01-25 06:16:39.872070,0x433b0b38,5.3089433,64.94507,1007.33014,255.4253,176,,,6.0,-78,,5,5
2026-01-25 06:17:13.558373,0x433af380,5.074837,67.41197,1007.8637,238.07103,130,,,6.75,-34,,3,3
2026-01-25 06:17:41.131013,0x433b0b38,5.3783517,64.82592,1007.3475,253.15205,176,,,5.75,-77,,5,5
2026-01-25 06:17:48.177565,0x433aad0c,6.0413265,63.439953,1007.6293,275.92548,190,,,5.5,-70,,3,3
2026-01-25 06:18:13.990562,0x433af380,5.292282,66.8262,1007.884,239.97205,126,,,7.25,-33,,3,3
2026-01-25 06:18:20.189549,0x433ad35c,5.2241154,67.93455,1007.50055,215.14009,188,,,6.25,-57,,3,3
2026-01-25 06:18:40.094746,0x433b0b38,5.29609,64.53909,1007.3837,255.0436,176,,,5.75,-78,,5,5
2026-01-25 06:19:14.074801,0x433af380,5.3559046,66.29779,1007.89856,245.49666,118,,,6.25,-34,,3,3
2026-01-25 06:19:39.968295,0x433b0b38,5.244676,64.67481,1007.40265,253.52809,177,,,5.5,-78,,5,5
2026-01-25 06:20:14.336519,0x433af380,5.3813014,66.06257,1007.90216,252.04797,113,,,5.75,-34,,3,3
2026-01-25 06:20:40.051379,0x433b0b38,5.3217587,64.79379,1007.4109,254.47316,176,,,7.0,-78,,5,5
2026-01-25 06:20:48.092041,0x433aad0c,5.684828,64.16713,1007.70715,273.86047,192,,,5.5,-71,,3,3
2026-01-25 06:21:14.573569,0x433af380,5.594948,65.65951,1007.93536,249.76277,115,,,6.0,-34,,3,3
2026-01-25 06:21:18.070032,0x433ad35c,5.532324,67.38455,1007.5378,209.94794,190,,,6.5,-57,,3,3
2026-01-25 06:21:40.536562,0x433b0b38,5.2266817,64.722404,1007.4067,249.81703,179,,,5.5,-77,,5,5
2026-01-25 06:22:14.819691,0x433af380,5.8338413,65.18673,1007.93976,243.14922,118,,,5.5,-34,,3,3
2026-01-25 06:22:40.027614,0x433b0b38,5.239497,64.71218,1007.4114,246.56876,182,,,5.75,-77,,5,5
2026-01-25 06:23:15.092572,0x433af380,5.5821934,64.89366,1007.91925,242.79207,121,,,5.75,-34,,3,3
2026-01-25 06:23:42.067726,0x433b0b38,5.275524,64.56987,1007.4322,246.03557,183,,,5.25,-77,,5,5
2026-01-25 06:23:48.248365,0x433aad0c,6.139516,62.864887,1007.72235,270.48672,192,,,5.25,-70,,3,3
2026-01-25 06:24:15.333954,0x433af380,6.1519575,63.41819,1007.91296,237.21683,127,,,5.75,-34,,3,3
2026-01-25 06:24:18.830231,0x433ad35c,5.3543987,67.44419,1007.53766,218.12114,187,,,6.25,-56,,3,3
2026-01-25 06:24:40.331182,0x433b0b38,5.375781,64.420876,1007.4208,244.62494,183,,,6.75,-78,,5,5
2026-01-25 06:25:15.601844,0x433af380,5.666164,64.12526,1007.9423,242.97049,123,,,5.75,-34,,3,3
2026-01-25 06:25:40.328424,0x433b0b38,5.404096,64.283066,1007.4492,244.80037,183,,,6.0,-78,,5,5
2026-01-25 06:26:15.847005,0x433af380,4.835911,66.22016,1007.93365,244.76955,128,,,5.5,-34,,3,3
2026-01-25 06:26:40.340578,0x433b0b38,5.414341,64.14721,1007.42664,243.23041,185,,,5.25,-77,,5,5
2026-01-25 06:26:48.164743,0x433aad0c,6.281559,62.33368,1007.7275,276.1568,191,,,6.0,-69,,3,3
2026-01-25 06:27:15.981843,0x433ad35c,5.5674005,66.606575,1007.57086,221.48238,185,,,5.75,-55,,3,3
2026-01-25 06:27:17.042485,0x433af380,4.6055646,67.252495,1007.9273,243.32819,133,,,7.75,-34,,3,3
2026-01-25 06:27:40.354625,0x433b0b38,5.4529767,64.11625,1007.4485,243.23041,185,,,6.0,-77,,5,5
2026-01-25 06:28:16.375422,0x433af380,4.803949,67.039154,1007.9442,239.62416,136,,,6.5,-34,,3,3
2026-01-25 06:28:40.444460,0x433b0b38,5.4400477,64.108665,1007.44543,246.56876,182,,,6.75,-78,,5,5
2026-01-25 06:29:16.660787,0x433af380,4.9082284,66.71122,1007.96454,242.08086,131,,,5.75,-34,,3,3
2026-01-25 06:29:41.775369,0x433b0b38,5.4863205,64.07168,1007.4518,250.91888,179,,,5.5,-77,,5,5
2026-01-25 06:29:48.139556,0x433aad0c,6.2667646,62.43868,1007.7364,280.86697,189,,,5.75,-71,,3,3
2026-01-25 06:30:16.006716,0x433ad35c,5.412062,66.82525,1007.5751,223.42842,185,,,5.75,-56,,3,3
2026-01-25 06:30:18.149085,0x433af380,5.139678,66.27045,1007.9772,234.35788,139,,,6.25,-34,,3,3
2026-01-25 06:30:40.578832,0x433b0b38,5.5274515,63.993,1007.45874,251.47348,178,,,6.75,-78,,5,5
2026-01-25 06:31:17.508118,0x433af380,5.198176,65.78657,1007.9799,240.32095,132,,,6.0,-34,,3,3
2026-01-25 06:31:40.581680,0x433b0b38,5.594251,63.94893,1007.49426,252.7771,177,,,5.0,-77,,5,5
2026-01-25 06:32:17.422250,0x433af380,4.938749,66.342285,1007.9764,243.68692,127,,,7.5,-35,,3,3
2026-01-25 06:32:40.599895,0x433b0b38,5.5788274,63.96774,1007.48035,253.90529,176,,,5.5,-76,,5,5
2026-01-25 06:32:48.178693,0x433aad0c,6.253747,62.362408,1007.7667,281.10672,189,,,5.75,-71,,3,3
2026-01-25 06:33:15.979677,0x433ad35c,5.677641,66.00965,1007.60297,227.73828,183,,,6.25,-56,,3,3
2026-01-25 06:33:19.334348,0x433af380,4.4529614,67.790344,1007.96106,241.9037,135,,,7.75,-34,,3,3
2026-01-25 06:33:40.637433,0x433b0b38,5.3937755,64.38153,1007.48285,252.59003,177,,,6.0,-78,,5,5
2026-01-25 06:34:17.967407,0x433af380,4.0231304,68.873375,1007.96234,250.14076,129,,,6.0,-34,,3,3
2026-01-25 06:34:40.655999,0x433b0b38,5.285845,64.32491,1007.49054,253.90529,176,,,6.5,-78,,5,5
2026-01-25 06:35:18.229234,0x433af380,3.9544597,69.64685,1007.97406,246.04482,133,,,6.0,-34,,3,3
2026-01-25 06:35:42.275406,0x433b0b38,5.2112947,64.7054,1007.4869,255.80814,176,,,5.75,-78,,5,5
2026-01-25 06:35:48.204568,0x433aad0c,6.147517,62.945576,1007.77905,279.20026,189,,,5.5,-69,,3,3
2026-01-25 06:36:15.483403,0x433ad35c,5.8555665,65.3382,1007.6429,228.84184,182,,,5.5,-57,,3,3
2026-01-25 06:36:18.650022,0x433af380,3.7662504,70.544044,1007.9936,254.57126,125,,,5.75,-34,,3,3
2026-01-25 06:36:40.910678,0x433b0b38,5.3038015,64.481804,1007.49115,255.0436,176,,,5.25,-78,,5,5
2026-01-25 06:37:18.758676,0x433af380,3.96972,70.59197,1007.96436,250.33015,125,,,5.25,-34,,3,3
2026-01-25 06:37:40.802231,0x433b0b38,5.4220533,64.161064,1007.49194,257.3511,175,,,5.5,-77,,5,5
2026-01-25 06:38:19.035092,0x433af380,4.3334227,69.6096,1007.99097,245.86185,128,,,5.5,-34,,3,3
2026-01-25 06:38:40.835657,0x433b0b38,5.49407,63.972397,1007.4733,256.38458,175,,,5.25,-77,,5,5
2026-01-25 06:38:48.274544,0x433aad0c,6.2057076,62.64912,1007.763,280.15024,189,,,5.25,-70,,3,3
2026-01-25 06:39:16.020602,0x433ad35c,5.8805456,65.1794,1007.58136,233.36523,180,,,6.25,-56,,3,3
2026-01-25 06:39:19.291398,0x433af380,4.186148,69.95442,1007.96326,250.14076,123,,,6.25,-34,,3,3
2026-01-25 06:39:40.838762,0x433b0b38,5.5171685,63.754185,1007.4861,256.0,174,,,5.75,-77,,5,5
2026-01-25 06:40:20.131943,0x433af380,3.8272913,71.08402,1007.98425,249.38593,124,,,5.5,-34,,3,3
2026-01-25 06:40:40.840286,0x433b0b38,5.52231,63.69421,1007.47406,258.52057,174,,,5.25,-78,,5,5
2026-01-25 06:41:19.785246,0x433af380,3.768794,71.55019,1008.0011,240.49582,129,,,7.25,-34,,3,3
2026-01-25 06:41:42.068907,0x433b0b38,5.488853,63.73784,1007.4903,258.12958,175,,,5.5,-78,,5,5
2026-01-25 06:41:48.255419,0x433aad0c,6.2869673,61.996998,1007.7807,278.25668,190,,,5.75,-70,,3,3
2026-01-25 06:42:16.118823,0x433ad35c,5.7052007,65.3226,1007.64435,237.55777,179,,,6.0,-55,,3,3
2026-01-25 06:42:21.460637,0x433af380,3.8745515,71.53308,1008.02094,246.22807,127,,,7.75,-34,,3,3
2026-01-25 06:42:40.876947,0x433b0b38,5.4940324,63.60547,1007.51544,257.3511,175,,,6.0,-78,,5,5
2026-01-25 06:43:20.420916,0x433af380,3.9213958,71.36151,1008.0282,245.6791,127,,,5.25,-34,,3,3
2026-01-25 06:43:40.879782,0x433b0b38,5.5171685,63.594334,1007.5152,258.52057,174,,,6.0,-77,,5,5
2026-01-25 06:44:20.833772,0x433af380,3.8042126,71.66774,1008.0285,248.44876,125,,,5.75,-34,,3,3
2026-01-25 06:44:40.922834,0x433b0b38,5.5249557,63.459553,1007.5321,259.8985,174,,,5.75,-77,,5,5
2026-01-25 06:44:48.341652,0x433aad0c,6.256275,62.111103,1007.8061,277.5532,190,,,5.75,-69,,3,3
2026-01-25 06:45:15.630736,0x433ad35c,5.6350856,65.851074,1007.6488,232.87204,181,,,5.5,-56,,3,3
2026-01-25 06:45:21.840542,0x433af380,3.6489916,72.01401,1008.0372,249.01024,123,,,5.75,-35,,3,3
2026-01-25 06:45:40.923213,0x433b0b38,5.5017443,63.601185,1007.53375,255.80814,175,,,5.5,-78,,5,5
2026-01-25 06:46:21.086193,0x433af380,3.5983884,72.214714,1008.01654,244.58844,131,,,7.0,-34,,3,3
2026-01-25 06:46:40.917843,0x433b0b38,5.545446,63.48306,1007.5274,261.6918,173,,,6.0,-77,,5,5
2026-01-25 06:47:21.341533,0x433af380,3.7840538,71.92613,1008.04315,243.50742,129,,,5.5,-35,,3,3
2026-01-25 06:47:42.879701,0x433b0b38,5.486283,63.58013,1007.5263,258.12958,174,,,5.5,-78,,5,5
2026-01-25 06:47:48.333283,0x433aad0c,6.245707,62.315285,1007.8111,279.20026,189,,,5.75,-70,,3,3
2026-01-25 06:48:15.690823,0x433ad35c,5.6149664,65.60411,1007.64886,233.03621,181,,,6.0,-56,,3,3
2026-01-25 06:48:21.606594,0x433af380,3.9413273,71.57456,1008.0,237.38718,137,,,6.75,-34,,3,3
2026-01-25 06:48:41.281999,0x433b0b38,5.532555,63.578762,1007.52277,259.8985,173,,,5.75,-77,,5,5
2026-01-25 06:49:22.172874,0x433af380,4.033304,71.42197,1008.0095,242.25826,129,,,5.75,-34,,3,3
2026-01-25 06:49:41.286140,0x433b0b38,5.568582,63.378227,1007.5127,261.4913,172,,,5.75,-78,,5,5
2026-01-25 06:50:22.093797,0x433af380,3.96972,71.55153,1007.99786,233.20059,138,,,5.5,-34,,3,3
2026-01-25 06:50:41.306794,0x433b0b38,5.602001,63.305794,1007.51746,260.89172,172,,,6.0,-78,,5,5
2026-01-25 06:50:48.488249,0x433aad0c,6.253747,62.429035,1007.785,285.7406,188,,,5.5,-70,,3,3
2026-01-25 06:51:16.133075,0x433ad35c,5.511483,66.014496,1007.6431,232.05469,182,,,5.75,-56,,3,3
2026-01-25 06:51:22.867746,0x433af380,4.0223727,71.38313,1007.99756,238.2426,132,,,5.75,-34,,3,3
2026-01-25 06:51:41.353730,0x433b0b38,5.5865397,63.34169,1007.5117,263.51004,171,,,6.0,-78,,5,5
2026-01-25 06:52:22.966573,0x433af380,4.5063725,70.70957,1008.043,242.61388,123,,,6.0,-35,,3,3
2026-01-25 06:52:41.329523,0x433b0b38,5.5762944,63.602947,1007.5408,262.90115,171,,,5.75,-78,,5,5
2026-01-25 06:53:22.892825,0x433af380,4.877708,69.5189,1008.0767,245.49666,116,,,5.75,-34,,3,3
2026-01-25 06:53:42.961741,0x433b0b38,5.59686,63.483173,1007.5458,264.94177,170,,,5.25,-77,,5,5
2026-01-25 06:53:48.357001,0x433aad0c,6.0887194,62.44954,1007.8598,284.75238,188,,,6.25,-70,,3,3
2026-01-25 06:54:15.639964,0x433ad35c,5.454617,66.46652,1007.6659,231.72934,182,,,5.75,-56,,3,3
2026-01-25 06:54:23.168722,0x433af380,5.1767263,68.30787,1008.08405,244.95091,115,,,7.75,-34,,3,3
2026-01-25 06:54:41.504843,0x433b0b38,5.5886555,63.36284,1007.5536,265.56015,169,,,5.25,-78,,5,5
2026-01-25 06:55:23.753476,0x433af380,5.533906,66.50835,1008.0897,242.08086,118,,,6.0,-34,,3,3
2026-01-25 06:55:41.507480,0x433b0b38,5.5531583,63.475464,1007.58795,266.18143,169,,,6.5,-78,,5,5
2026-01-25 06:56:23.910033,0x433af380,5.615295,65.80223,1008.09515,247.88983,112,,,7.25,-34,,3,3
2026-01-25 06:56:41.530716,0x433b0b38,5.5788274,63.54704,1007.57764,263.71362,170,,,5.5,-78,,5,5
2026-01-25 06:56:48.657933,0x433aad0c,6.281559,62.2941,1007.8433,284.26083,188,,,5.75,-69,,3,3
2026-01-25 06:57:15.682589,0x433ad35c,5.5823956,66.48977,1007.697,234.19185,180,,,5.25,-55,,3,3
2026-01-25 06:57:24.105369,0x433af380,5.401649,65.76671,1008.0787,254.1798,108,,,5.75,-34,,3,3
2026-01-25 06:57:41.722712,0x433b0b38,5.512027,63.308025,1007.55664,261.29114,172,,,5.25,-78,,5,5
2026-01-25 06:58:24.215788,0x433af380,5.2007194,66.23056,1008.0867,258.35138,107,,,6.0,-34,,3,3
2026-01-25 06:58:41.603810,0x433b0b38,5.553196,63.394157,1007.5831,263.10382,170,,,5.5,-78,,5,5
2026-01-25 06:59:24.472171,0x433af380,5.063413,66.35819,1008.0891,255.75299,111,,,5.75,-34,,3,3
2026-01-25 06:59:43.002253,0x433b0b38,5.5711527,63.381195,1007.58356,260.49353,171,,,5.5,-78,,5,5
2026-01-25 06:59:48.427726,0x433aad0c,6.3546543,61.936916,1007.8693,291.55862,186,,,5.25,-69,,3,3
2026-01-25 07:00:16.383580,0x433ad35c,5.3869696,66.582146,1007.68976,226.6453,183,,,6.0,-56,,3,3
2026-01-25 07:00:24.738085,0x433af380,4.971813,66.78732,1008.1002,247.33347,122,,,5.75,-34,,3,3
2026-01-25 07:00:41.863079,0x433b0b38,5.5840063,63.441067,1007.5899,262.69882,172,,,5.25,-78,,5,5
2026-01-25 07:01:24.993865,0x433af380,4.747995,67.336655,1008.09827,246.9639,123,,,5.75,-34,,3,3
2026-01-25 07:01:41.820368,0x433b0b38,5.573724,63.509018,1007.5637,262.09366,171,,,6.0,-77,,5,5
2026-01-25 07:02:25.250825,0x433af380,4.6742363,68.0196,1008.0547,241.72679,130,,,5.75,-34,,3,3
2026-01-24 04:01:38.011101,0x433b0b38,9.7143955,68.176735,1000.40985,246.39076,155,,,6.5,-77,,5,5
2026-01-24 04:02:16.077782,0x433af380,8.054275,77.8192,1001.0247,210.88547,64,,,6.0,-34,,3,3
2026-01-24 04:02:33.195852,0x433aad0c,10.372283,67.008644,1000.7288,276.85324,150,,,5.75,-70,,3,3
2026-01-24 04:02:37.990688,0x433b0b38,9.652581,67.80716,1000.4484,245.32822,157,,,5.75,-76,,5,5
2026-01-24 04:03:01.847300,0x433ad35c,9.871884,69.36567,1000.62866,221.92844,137,,,5.75,-58,,3,3
2026-01-24 04:03:16.580212,0x433af380,8.555343,77.30397,1001.0236,200.40225,78,,,6.0,-34,,3,3
2026-01-24 04:03:38.009448,0x433b0b38,9.560983,68.510666,1000.4695,245.15201,158,,,4.75,-76,,5,5
2026-01-24 04:04:16.532531,0x433af380,8.578234,76.421646,1001.01385,202.9864,73,,,5.25,-34,,3,3
2026-01-24 04:04:38.029094,0x433b0b38,9.612323,68.554245,1000.423,243.75148,159,,,5.75,-77,,5,5
2026-01-24 04:05:17.181731,0x433af380,8.461421,76.21949,1000.9924,207.18468,70,,,5.75,-35,,3,3
2026-01-24 04:05:32.931319,0x433aad0c,10.157363,67.02551,1000.7389,271.60202,155,,,5.25,-70,,3,3
2026-01-24 04:05:38.048006,0x433b0b38,9.473802,68.4611,1000.44073,242.36685,162,,,6.75,-78,,5,5
2026-01-24 04:06:01.884316,0x433ad35c,9.601207,70.76,1000.6046,217.97733,149,,,5.75,-59,,3,3
2026-01-24 04:06:17.049652,0x433af380,8.209615,75.247284,1001.04,210.75102,66,,,7.5,-34,,3,3
2026-01-24 04:06:38.085570,0x433b0b38,9.444614,68.88096,1000.48004,241.85167,162,,,5.75,-77,,5,5
2026-01-24 04:07:17.583659,0x433af380,7.9883323,76.015396,1001.0578,215.28018,61,,,6.0,-34,,3,3
2026-01-24 04:07:38.070485,0x433b0b38,9.612361,68.2628,1000.485,239.64429,163,,,5.25,-77,,5,5
2026-01-24 04:08:17.554620,0x433af380,7.55321,77.99016,1001.0519,214.86041,63,,0.016596684,5.75,-34,,3,3
2026-01-24 04:08:32.906919,0x433aad0c,10.402359,65.818985,1000.78125,269.60104,157,,,5.75,-70,,3,3
2026-01-24 04:08:38.090732,0x433b0b38,9.676668,67.5388,1000.5014,238.63902,164,,,5.5,-76,,5,5
2026-01-24 04:09:01.359859,0x433ad35c,9.5787325,71.723625,1000.6781,215.70163,150,,,5.75,-59,,3,3
2026-01-24 04:09:17.844424,0x433af380,7.0953865,79.14663,1001.05786,216.69138,61,,0.33189514,5.75,-34,,3,3
2026-01-24 04:09:38.109768,0x433b0b38,9.432367,68.44217,1000.5067,239.47614,165,,,6.75,-77,,5,5
2026-01-24 04:10:18.085172,0x433af380,6.7036953,80.65554,1001.06573,219.42421,57,,1.0951086,5.5,-34,,3,3
2026-01-24 04:10:38.127953,0x433b0b38,9.3732395,68.07201,1000.52997,239.30824,166,,,6.5,-77,,5,5
2026-01-24 04:11:18.549593,0x433af380,6.746934,80.951416,1001.10815,215.9835,62,,0.8628557,5.75,-34,,3,3
2026-01-24 04:11:32.951759,0x433aad0c,9.992708,66.68039,1000.8355,266.11557,161,,,6.5,-70,,3,3
2026-01-24 04:11:38.149469,0x433b0b38,9.357777,68.07794,1000.562,237.4768,168,,,6.25,-77,,5,5
2026-01-24 04:12:01.387749,0x433ad35c,9.523572,69.87646,1000.7189,213.33517,157,,,5.25,-58,,3,3
2026-01-24 04:12:18.635598,0x433af380,7.0752273,80.70759,1001.1728,210.88547,67,,0.033184554,6.0,-34,,3,3
2026-01-24 04:12:38.228952,0x433b0b38,9.363069,68.210464,1000.5677,236.81776,167,,,5.5,-78,,5,5
2026-01-24 04:13:18.882478,0x433af380,7.464377,79.42529,1001.19727,209.81468,69,,,6.0,-34,,3,3
2026-01-24 04:13:38.221962,0x433b0b38,9.324431,68.41034,1000.5793,235.99908,171,,,6.5,-77,,5,5
2026-01-24 04:14:19.467746,0x433af380,7.8077455,78.50907,1001.1662,207.31462,69,,,6.0,-34,,3,3
2026-01-24 04:14:33.539862,0x433aad0c,9.760658,68.17955,1000.8634,263.56003,164,,,5.75,-71,,3,3
2026-01-24 04:14:38.231879,0x433b0b38,9.326167,69.1326,1000.56573,236.81776,170,,,6.0,-77,,5,5
2026-01-24 04:15:01.387699,0x433ad35c,9.423387,70.22162,1000.71027,213.06017,157,,,6.5,-58,,3,3
2026-01-24 04:15:19.416227,0x433af380,8.252854,77.87245,1001.1666,202.61319,76,,,7.25,-34,,3,3
2026-01-24 04:15:38.242695,0x433b0b38,9.449908,68.94538,1000.5899,235.83601,169,,,6.75,-77,,5,5
2026-01-24 04:16:19.927593,0x433af380,8.542812,76.373955,1001.165,201.50162,76,,,7.25,-34,,3,3
2026-01-24 04:16:38.316786,0x433b0b38,9.501438,67.7825,1000.5745,233.57664,170,,,5.75,-76,,5,5
2026-01-24 04:17:19.902113,0x433af380,8.736118,75.402306,1001.1528,198.95491,79,,,5.75,-34,,3,3
2026-01-24 04:17:34.626361,0x433aad0c,9.973049,67.365036,1000.8459,260.02258,164,,,6.5,-70,,3,3
2026-01-24 04:17:38.316606,0x433b0b38,9.527676,67.6682,1000.5634,234.37857,171,,,6.25,-77,,5,5
2026-01-24 04:18:02.039966,0x433ad35c,9.470955,69.653,1000.6884,213.74898,158,,,6.0,-59,,3,3
2026-01-24 04:18:20.422502,0x433af380,8.987738,74.30476,1001.17395,203.61153,73,,,6.5,-34,,3,3
2026-01-24 04:18:38.300277,0x433b0b38,9.530021,67.50955,1000.5498,235.18604,171,,,5.5,-76,,5,5
2026-01-24 04:19:20.721056,0x433af380,9.109826,73.51497,1001.15466,205.25504,73,,,6.0,-34,,3,3
2026-01-24 04:19:38.316230,0x433b0b38,9.4143715,67.53497,1000.5327,234.8624,172,,,5.75,-76,,5,5
2026-01-24 04:20:21.046300,0x433af380,8.944498,72.9293,1001.1267,207.70538,70,,,6.25,-34,,3,3
2026-01-24 04:20:34.003291,0x433aad0c,9.73292,66.2142,1000.8138,253.41998,171,,,5.75,-72,,3,3
2026-01-24 04:20:38.387269,0x433b0b38,9.365034,67.33121,1000.5201,231.83156,175,,,5.75,-77,,5,5
2026-01-24 04:21:01.916041,0x433ad35c,9.340628,70.40316,1000.64465,214.16444,158,,,5.75,-59,,3,3
2026-01-24 04:21:21.487299,0x433af380,8.870924,73.03032,1001.09015,207.83598,69,,,7.75,-35,,3,3
2026-01-24 04:21:38.355868,0x433b0b38,9.219068,67.13716,1000.5519,233.57664,176,,,6.25,-77,,5,5
2026-01-24 04:22:22.921132,0x433af380,9.064231,72.419685,1001.06934,204.87343,73,,,7.75,-34,,3,3
2026-01-24 04:22:38.378467,0x433b0b38,9.277437,67.05469,1000.4699,231.04694,179,,,5.75,-76,,5,5
2026-01-24 04:23:21.487787,0x433af380,9.260081,71.84069,1001.024,205.00047,74,,,7.75,-34,,3,3
2026-01-24 04:23:34.440414,0x433aad0c,9.629178,67.69429,1000.75696,252.25536,173,,,5.25,-71,,3,3
2026-01-24 04:23:38.473499,0x433b0b38,9.331231,66.96767,1000.4557,232.4631,178,,,6.5,-76,,5,5
2026-01-24 04:24:01.972721,0x433ad35c,9.448366,68.96312,1000.5941,213.74898,156,,,5.75,-58,,3,3
2026-01-24 04:24:22.209693,0x433af380,9.570203,71.472374,1001.0356,197.17487,82,,,5.75,-34,,3,3
2026-01-24 04:24:38.525937,0x433b0b38,9.393122,67.03406,1000.4449,231.83156,178,,,6.5,-76,,5,5
2026-01-24 04:25:22.562549,0x433af380,9.783859,70.910904,1001.0355,199.19467,79,,,6.25,-35,,3,3
2026-01-24 04:25:38.555493,0x433b0b38,9.316757,66.94432,1000.4501,231.36014,179,,,6.0,-77,,5,5
2026-01-24 04:26:22.234243,0x433af380,9.272612,69.613144,1001.0295,208.88663,69,,,7.25,-34,,3,3
2026-01-24 04:26:33.074468,0x433aad0c,10.06866,65.58897,1000.7387,252.25536,172,,,6.25,-70,,3,3
2026-01-24 04:26:38.536446,0x433b0b38,9.226854,67.513954,1000.4381,230.2676,181,,,6.0,-76,,5,5
2026-01-24 04:27:02.059494,0x433ad35c,9.072571,69.573135,1000.58405,212.3758,166,,,6.25,-59,,3,3
2026-01-24 04:27:22.484066,0x433af380,8.812236,70.70458,1001.018,207.83598,70,,,7.75,-34,,3,3
2026-01-24 04:27:38.559077,0x433b0b38,9.326128,66.86509,1000.4256,228.41847,181,,,5.0,-77,,5,5
2026-01-24 04:28:27.647086,0x433af380,8.588596,71.98169,1000.9767,207.70538,72,,,6.0,-35,,3,3
2026-01-24 04:28:38.550348,0x433b0b38,9.30303,66.789085,1000.41,229.33931,181,,,5.5,-76,,5,5
2026-01-24 04:29:23.701609,0x433af380,8.85312,71.734146,1000.9951,208.35997,69,,,6.25,-34,,3,3
2026-01-24 04:29:33.097201,0x433aad0c,10.108749,64.983795,1000.7163,250.14783,174,,,6.25,-70,,3,3
2026-01-24 04:29:39.204437,0x433b0b38,9.429947,66.23459,1000.41583,230.11237,181,,,5.75,-76,,5,5
2026-01-24 04:30:01.528273,0x433ad35c,9.222904,69.47636,1000.5519,211.83142,165,,,5.75,-58,,3,3
2026-01-24 04:30:23.429231,0x433af380,9.712829,69.76344,1000.9899,191.02223,91,,,7.25,-34,,3,3
2026-01-24 04:30:38.715467,0x433b0b38,9.462304,65.73686,1000.48016,229.80252,182,,,6.0,-77,,5,5
2026-01-24 04:31:23.984295,0x433af380,10.132511,68.33713,1000.98895,199.19467,81,,,6.25,-33,,3,3
2026-01-24 04:31:38.609417,0x433b0b38,9.355168,65.14569,1000.41077,232.14691,181,,,5.75,-76,,5,5
2026-01-24 04:32:24.066586,0x433af380,9.567659,69.75235,1000.9485,202.9864,78,,0.8794345,6.0,-34,,3,3
2026-01-24 04:32:33.177615,0x433aad0c,9.709519,63.129364,1000.7282,249.20143,179,,,7.0,-71,,3,3
2026-01-24 04:32:38.837928,0x433b0b38,9.009961,65.96353,1000.4103,234.21774,183,,,5.75,-77,,5,5
2026-01-24 04:33:02.210054,0x433ad35c,8.553922,71.65747,1000.54443,211.0201,169,,,5.75,-58,,3,3
2026-01-24 04:33:24.231927,0x433af380,8.074622,71.59683,1000.8996,220.30156,58,,1.3939133,5.75,-34,,3,3
2026-01-24 04:33:38.673597,0x433b0b38,8.997029,66.214615,1000.3864,232.3049,184,,,6.25,-76,,5,5
2026-01-24 04:34:24.492724,0x433af380,8.091514,70.498505,1000.89667,222.826,54,,,7.5,-35,,3,3
2026-01-24 04:34:38.667820,0x433b0b38,8.8334875,66.44011,1000.3659,235.51057,184,,,6.25,-76,,5,5
2026-01-24 04:35:24.760678,0x433af380,8.186536,70.45166,1000.89935,221.48238,56,,,5.5,-34,,3,3
2026-01-24 04:35:33.165543,0x433aad0c,9.42675,65.02329,1000.6671,250.71912,181,,,6.5,-70,,3,3
2026-01-24 04:35:38.842645,0x433b0b38,8.843469,66.48377,1000.3494,234.21774,184,,,6.0,-77,,5,5
2026-01-24 04:36:01.561453,0x433ad35c,8.614016,70.16814,1000.4892,213.8873,170,,,5.75,-58,,3,3
2026-01-24 04:36:25.015321,0x433af380,8.303536,71.018616,1000.9209,218.69835,60,,0.03319888,7.75,-35,,3,3
2026-01-24 04:36:39.744495,0x433b0b38,8.872011,66.05015,1000.37067,233.2574,185,,,5.75,-77,,5,5
2026-01-24 04:37:25.330019,0x433af380,8.13058,71.95816,1000.88184,223.88237,54,,0.21569961,5.75,-34,,3,3
2026-01-24 04:37:39.564300,0x433b0b38,8.825964,66.91246,1000.3461,236.65358,182,,,6.0,-76,,5,5
2026-01-24 04:38:25.555254,0x433af380,7.489812,73.979805,1000.83276,227.42493,50,,0.3817554,6.0,-34,,3,3
2026-01-24 04:38:33.167455,0x433aad0c,9.37289,65.25725,1000.6174,250.14783,181,,,5.0,-70,,3,3
2026-01-24 04:38:45.825491,0x433b0b38,8.80165,66.65945,1000.3161,236.16235,183,,,6.5,-74,,5,4
2026-01-24 04:39:02.064637,0x433ad35c,8.513833,70.96551,1000.4819,213.8873,168,,,5.5,-58,,3,3
2026-01-24 04:39:26.105712,0x433af380,6.935337,74.6649,1000.87024,225.87102,54,,0.016593654,6.0,-34,,3,3
2026-01-24 04:39:39.072288,0x433b0b38,8.694364,66.85977,1000.31976,232.93903,183,,,6.25,-76,,5,5
2026-01-24 04:40:26.138040,0x433af380,7.1869135,74.734665,1000.92365,224.33818,53,,,7.75,-34,,3,3
2026-01-24 04:40:38.797716,0x433b0b38,8.72302,66.686714,1000.3687,234.8624,185,,,5.75,-77,,5,5
2026-01-24 04:41:26.711080,0x433af380,7.629703,74.49437,1000.9445,220.00833,57,,,5.5,-34,,3,3
2026-01-24 04:41:33.313144,0x433aad0c,9.08058,66.2185,1000.6878,250.14783,180,,,6.0,-71,,3,3
2026-01-24 04:41:38.817161,0x433b0b38,8.604914,66.97043,1000.4572,235.0241,185,,,5.75,-77,,5,5
2026-01-24 04:42:01.594093,0x433ad35c,8.51387,71.34259,1000.5137,214.72087,167,,,7.75,-59,,3,3
2026-01-24 04:42:26.576174,0x433af380,7.3980584,75.9268,1000.88116,222.2268,57,,0.19917013,5.5,-34,,3,3
2026-01-24 04:42:39.616915,0x433b0b38,8.653496,67.26242,1000.3349,234.53963,185,,,6.5,-77,,5,5
2026-01-24 04:43:27.148728,0x433af380,6.413743,77.96473,1000.8447,224.94879,53,,0.92916757,7.5,-34,,3,3
2026-01-24 04:43:38.868971,0x433b0b38,8.470896,67.49091,1000.31085,233.2574,185,,,6.0,-77,,5,5
2026-01-24 04:44:27.399046,0x433af380,6.009526,78.18204,1000.8843,231.8919,48,,0.6969104,7.75,-34,,3,3
2026-01-24 04:44:34.733567,0x433aad0c,8.874598,66.922226,1000.624,248.26219,182,,,6.5,-70,,3,3
2026-01-24 04:44:38.897279,0x433b0b38,8.373169,68.174255,1000.334,231.67421,187,,,5.75,-77,,5,5
2026-01-24 04:45:01.610625,0x433ad35c,8.491244,70.71679,1000.55176,214.72087,169,,,5.5,-58,,3,3
2026-01-24 04:45:27.703342,0x433af380,6.4317355,79.001236,1000.94305,224.64308,56,,0.31533176,7.5,-34,,3,3
2026-01-24 04:45:39.100517,0x433b0b38,8.535243,67.28053,1000.4045,236.9822,184,,,6.0,-77,,5,5
2026-01-24 04:46:27.647189,0x433af380,7.0521855,78.00319,1000.98016,218.98811,60,,,7.75,-34,,3,3
2026-01-24 04:46:39.407575,0x433b0b38,8.527112,67.28552,1000.3841,236.48961,183,,,6.0,-76,,5,5
2026-01-24 04:47:27.897932,0x433af380,7.4847245,77.112564,1000.9576,217.69025,62,,0.016597785,5.75,-34,,3,3
2026-01-24 04:47:34.609417,0x433aad0c,8.984687,66.1341,1000.67755,248.82489,182,,,6.25,-70,,3,3
2026-01-24 04:47:41.292963,0x433b0b38,8.4596615,67.89478,1000.36285,237.3117,184,,,5.75,-76,,5,5
2026-01-24 04:48:01.685899,0x433ad35c,8.661622,71.9924,1000.5144,215.84245,161,,,7.0,-59,,3,3
2026-01-24 04:48:28.219220,0x433af380,7.095575,77.64608,1000.9281,224.64308,55,,0.36508462,6.5,-34,,3,3
2026-01-24 04:48:39.414608,0x433b0b38,8.524466,67.83677,1000.3308,235.3482,184,,,6.25,-76,,5,5
2026-01-24 04:49:28.428735,0x433af380,6.423917,79.27218,1000.8598,228.84184,50,,0.7964558,6.75,-34,,3,3
2026-01-24 04:49:39.977074,0x433b0b38,8.612401,67.34057,1000.3421,234.8624,182,,,5.5,-76,,5,5
2026-01-24 04:50:28.665168,0x433af380,6.202638,80.15226,1000.876,229.15913,50,,0.7303632,7.0,-34,,3,3
2026-01-24 04:50:34.894503,0x433aad0c,9.424359,65.69808,1000.64716,248.63702,180,,,5.75,-70,,3,3
2026-01-24 04:50:39.704176,0x433b0b38,8.661321,67.36148,1000.3076,235.18604,180,,,6.0,-76,,5,5
2026-01-24 04:51:02.184957,0x433ad35c,8.5789385,71.24814,1000.4521,216.69138,161,,,5.75,-58,,3,3
2026-01-24 04:51:29.097169,0x433af380,5.9940767,80.55363,1000.8761,230.59782,49,,1.0457473,7.0,-34,,3,3
2026-01-24 04:51:40.762978,0x433b0b38,8.791788,66.96915,1000.3421,238.47227,179,,,6.25,-76,,5,5
2026-01-24 04:52:29.194312,0x433af380,6.174886,80.78433,1000.9141,226.6453,54,,0.18250294,6.0,-34,,3,3
2026-01-24 04:52:39.715965,0x433b0b38,8.779199,67.555046,1000.34753,238.63902,178,,,6.5,-77,,5,5
2026-01-24 04:53:29.808093,0x433af380,6.6375656,80.561584,1000.93005,217.26102,63,,0.016598063,5.75,-34,,3,3
2026-01-24 04:53:35.036085,0x433aad0c,9.219531,66.70058,1000.6368,249.95796,180,,,5.5,-70,,3,3
2026-01-24 04:53:39.908110,0x433b0b38,8.678291,67.73628,1000.33374,235.3482,178,,,6.25,-77,,5,5
2026-01-24 04:54:02.215086,0x433ad35c,8.5964775,71.76782,1000.49567,216.8335,161,,,5.5,-59,,3,3
2026-01-24 04:54:30.070673,0x433af380,7.454203,78.2937,1000.93445,212.92296,70,,,5.5,-33,,3,3
2026-01-24 04:54:39.979679,0x433b0b38,8.6966305,67.4113,1000.33716,239.30824,177,,,6.0,-76,,5,5
2026-01-24 04:55:30.248238,0x433af380,7.810289,76.17974,1000.95966,220.00833,61,,0.24889657,6.0,-34,,3,3
2026-01-24 04:55:39.775983,0x433b0b38,8.370105,68.167366,1000.336,238.97316,178,,,6.0,-77,,5,5
2026-01-24 04:56:30.242139,0x433af380,7.5076156,76.249374,1000.9531,223.42842,56,,,5.5,-35,,3,3
2026-01-24 04:56:37.076994,0x433aad0c,9.134127,66.48721,1000.71106,250.14783,179,,,5.0,-77,,3,2
2026-01-24 04:56:40.185036,0x433b0b38,8.324626,68.406,1000.3634,235.51057,181,,,6.25,-77,,5,5
2026-01-24 04:57:01.749024,0x433ad35c,8.526587,72.441124,1000.5505,218.4094,157,,,6.0,-59,,3,3
2026-01-24 04:57:30.680487,0x433af380,7.12101,76.58526,1000.94965,227.26859,52,,0.099581756,8.0,-34,,3,3
2026-01-24 04:57:39.788716,0x433b0b38,8.424357,68.41014,1000.37555,241.50943,178,,,5.75,-76,,5,5
2026-01-24 04:58:30.763119,0x433af380,6.831056,77.546455,1000.93134,230.43707,50,,0.9458383,6.25,-34,,3,3
2026-01-24 04:58:39.816136,0x433b0b38,8.280885,68.80238,1000.3774,240.1501,178,,,6.0,-77,,5,5
2026-01-24 04:59:31.327863,0x433af380,6.8666644,77.73284,1000.94257,228.68355,53,,0.28212023,7.75,-34,,3,3
2026-01-24 04:59:36.946389,0x433aad0c,8.87245,68.44757,1000.6685,256.97928,175,,,6.25,-70,,3,3
2026-01-24 04:59:39.841710,0x433b0b38,8.15915,69.085,1000.4253,239.81264,177,,,6.75,-77,,5,5
2026-01-24 05:00:01.725049,0x433ad35c,8.671682,71.648155,1000.5116,220.00833,153,,,6.0,-58,,3,3
2026-01-24 05:00:31.584770,0x433af380,6.7520204,78.042854,1000.9396,227.26859,54,,0.2157354,7.75,-35,,3,3
2026-01-24 05:00:39.933684,0x433b0b38,8.176915,68.46917,1000.3556,238.63902,181,,,5.75,-77,,5,5
2026-01-24 05:01:31.529246,0x433af380,6.874106,78.21066,1000.967,225.25536,56,,0.33198327,5.75,-33,,3,3
2026-01-23 20:01:22.709569,0x433b0b38,9.879762,63.29155,1000.5815,218.89697,190,,,5.75,-76,,5,5
2026-01-23 20:02:09.614983,0x433af380,9.486266,65.40171,1001.106,210.08136,51,,,5.5,-34,,3,3
2026-01-23 20:02:22.728101,0x433b0b38,9.83602,63.444454,1000.5893,218.89697,191,,,6.25,-77,,5,5
2026-01-23 20:02:26.754906,0x433aad0c,10.372699,62.272198,1000.91534,218.31142,198,,,5.25,-70,,3,3
2026-01-23 20:02:56.797349,0x433ad35c,9.68894,66.89588,1000.8048,200.76738,185,,,6.25,-57,,3,3
2026-01-23 20:03:09.867851,0x433af380,9.526963,64.97016,1001.1016,211.56027,53,,,5.75,-34,,3,3
2026-01-23 20:03:24.034338,0x433b0b38,9.784605,63.328518,1000.59186,218.61656,192,,,4.75,-76,,5,5
2026-01-23 20:04:10.133914,0x433af380,9.877971,65.07975,1001.09344,206.15105,58,,,6.0,-35,,3,3
2026-01-23 20:04:22.956949,0x433b0b38,9.805171,63.396942,1000.5701,219.45992,192,,,5.5,-77,,5,5
2026-01-23 20:05:10.644380,0x433af380,10.048574,64.63903,1001.1019,205.63809,58,,,6.0,-33,,3,3
2026-01-23 20:05:22.921927,0x433b0b38,9.874544,63.355732,1000.5971,218.89697,191,,,5.25,-76,,5,5
2026-01-23 20:05:26.745797,0x433aad0c,10.591613,61.62063,1000.89954,216.44623,198,,,5.0,-70,,3,3
2026-01-23 20:05:56.783962,0x433ad35c,9.759096,66.17739,1000.78143,205.12767,179,,,6.0,-56,,3,3
2026-01-23 20:06:10.675020,0x433af380,9.796764,65.28178,1001.0784,209.81468,54,,,5.5,-34,,3,3
2026-01-23 20:06:22.938912,0x433b0b38,9.856775,63.308205,1000.6868,218.47664,190,,,6.0,-77,,5,5
2026-01-23 20:07:10.925651,0x433af380,9.588196,65.895615,1001.1036,213.61089,50,,,6.25,-34,,3,3
2026-01-23 20:07:22.960611,0x433b0b38,9.7967,63.362133,1000.596,222.02948,189,,,5.75,-76,,5,5
2026-01-23 20:08:11.582061,0x433af380,9.191406,67.09479,1001.08527,216.54942,49,,,5.5,-34,,3,3
2026-01-23 20:08:23.027594,0x433b0b38,9.774321,63.48725,1000.60333,224.8079,188,,,5.0,-76,,5,5
2026-01-23 20:08:27.334848,0x433aad0c,10.586939,61.626106,1000.8971,220.50388,196,,,5.75,-71,,3,3
2026-01-23 20:08:56.266244,0x433ad35c,9.613772,66.552315,1000.77576,206.02257,179,,,6.0,-58,,3,3
2026-01-23 20:09:11.612853,0x433af380,8.878367,68.15207,1001.0942,216.69138,51,,,5.5,-34,,3,3
2026-01-23 20:09:24.417325,0x433b0b38,9.666385,63.93739,1000.69727,221.30971,189,,,5.75,-77,,5,5
2026-01-23 20:10:11.683807,0x433af380,8.36458,69.52015,1001.0534,221.03807,48,,,6.25,-34,,3,3
2026-01-23 20:10:23.010578,0x433b0b38,9.681809,63.669758,1000.58044,223.04509,189,,,6.25,-76,,5,5
2026-01-23 20:11:11.937955,0x433af380,8.199253,70.383766,1001.0639,218.4094,51,,,5.75,-34,,3,3
2026-01-23 20:11:23.059966,0x433b0b38,9.598595,63.815735,1000.58997,223.19093,188,,,5.75,-77,,5,5
2026-01-23 20:11:26.858644,0x433aad0c,10.273482,62.482388,1000.89124,222.89159,196,,,5.75,-71,,3,3
2026-01-23 20:11:56.270243,0x433ad35c,9.5711775,66.370476,1000.761,205.25504,181,,,6.25,-57,,3,3
2026-01-23 20:12:13.815210,0x433af380,7.9449053,71.23511,1001.03577,217.69025,52,,0.033197224,7.5,-33,,3,3
2026-01-23 20:12:23.340816,0x433b0b38,9.611907,63.679768,1000.5551,225.10442,188,,,5.25,-77,,5,5
2026-01-23 20:13:12.419986,0x433af380,7.983058,71.339,1001.0411,215.56097,54,,,6.0,-34,,3,3
2026-01-23 20:13:23.052073,0x433b0b38,9.580599,63.752853,1000.53766,224.8079,188,,,5.25,-77,,5,5
2026-01-23 20:14:12.953349,0x433af380,7.993232,71.59722,1001.0004,214.72087,55,,,7.5,-34,,3,3
2026-01-23 20:14:23.118157,0x433b0b38,9.555728,63.845985,1000.5243,239.1406,184,,,5.5,-77,,5,5
2026-01-23 20:14:27.406513,0x433aad0c,10.198422,62.61229,1000.83435,220.65161,196,,,5.5,-71,,3,3
2026-01-23 20:14:56.303266,0x433ad35c,9.107649,67.627914,1000.6798,205.38258,184,,,5.75,-56,,3,3
2026-01-23 20:15:12.964648,0x433af380,8.163833,71.68173,1000.9664,211.56027,58,,,6.0,-34,,3,3
2026-01-23 20:15:24.643653,0x433b0b38,9.555765,63.91214,1000.4834,227.96082,186,,,6.75,-77,,5,5
2026-01-23 20:16:13.194865,0x433af380,8.247767,71.486694,1000.94055,210.08136,58,,,7.75,-34,,3,3
2026-01-23 20:16:23.597765,0x433b0b38,9.568695,63.804173,1000.4909,227.051,187,,,6.25,-76,,5,5
2026-01-23 20:17:13.466423,0x433af380,8.410551,71.03988,1000.9696,211.15488,57,,,5.75,-34,,3,3
2026-01-23 20:17:23.440549,0x433b0b38,9.641568,63.48244,1000.4638,227.80867,186,,,6.75,-76,,5,5
2026-01-23 20:17:26.895877,0x433aad0c,10.237702,62.15177,1000.80475,224.7166,196,,,6.0,-69,,3,3
2026-01-23 20:17:56.312865,0x433ad35c,9.338121,66.75706,1000.6605,204.49324,184,,,6.5,-57,,3,3
2026-01-23 20:18:18.916448,0x433af380,8.461421,70.36762,1000.9671,215.00017,55,,,6.0,-34,,3,3
2026-01-23 20:18:24.093272,0x433b0b38,9.580599,63.778328,1000.46094,226.1484,187,,,5.75,-77,,5,5
2026-01-23 20:19:14.027067,0x433af380,8.570791,70.29821,1000.9643,213.47295,55,,,5.5,-35,,3,3
2026-01-23 20:19:23.504590,0x433b0b38,9.589511,63.46187,1000.476,227.20212,186,,,6.25,-76,,5,5
2026-01-23 20:20:14.399664,0x433af380,8.756466,69.65298,1000.9632,215.84245,52,,,7.75,-34,,3,3
2026-01-23 20:20:23.609740,0x433b0b38,9.450438,64.11791,1000.4579,227.20212,187,,,6.0,-77,,5,5
2026-01-23 20:20:26.895877,0x433aad0c,9.932593,62.643097,1000.7721,225.64032,195,,,5.75,-70,,3,3
2026-01-23 20:20:56.339347,0x433ad35c,9.343171,66.86033,1000.6338,205.63809,182,,,5.75,-57,,3,3
2026-01-23 20:21:14.713689,0x433af380,9.211567,68.31435,1000.9735,207.70538,60,,,5.5,-34,,3,3
2026-01-23 20:21:24.810016,0x433b0b38,9.494029,63.952995,1000.4714,227.96082,186,,,6.25,-76,,5,5
2026-01-23 20:22:15.202545,0x433af380,9.778772,66.6849,1000.9833,203.11113,63,,,7.5,-34,,3,3
2026-01-23 20:22:23.628961,0x433b0b38,9.462648,63.692368,1000.5486,227.051,186,,,6.0,-76,,5,5
2026-01-23 20:23:15.349821,0x433af380,10.218804,65.10689,1000.98334,202.48907,66,,,6.0,-34,,3,3
2026-01-23 20:23:23.763718,0x433b0b38,9.331575,63.59294,1000.4834,229.80252,186,,,6.0,-78,,5,5
2026-01-23 20:23:27.320357,0x433aad0c,9.924857,62.23765,1000.8085,228.14117,196,,,6.0,-69,,3,3
2026-01-23 20:23:56.881863,0x433ad35c,9.328176,67.77208,1000.67,205.38258,181,,,6.0,-58,,3,3
2026-01-23 20:24:18.002251,0x433af380,10.347611,64.159096,1000.9943,205.89426,61,,,7.25,-34,,3,3
2026-01-23 20:24:24.440993,0x433b0b38,9.218955,63.98908,1000.5045,230.11237,187,,,5.5,-77,,5,5
2026-01-23 20:25:15.612411,0x433af380,10.384134,63.977337,1001.0121,204.6198,62,,0.016588425,5.5,-34,,3,3
2026-01-23 20:25:23.685315,0x433b0b38,9.221713,64.02272,1000.54016,230.73456,186,,,6.0,-76,,5,5
2026-01-23 20:26:16.388805,0x433af380,10.2774935,64.18937,1001.0148,208.09764,60,,0.01659338,7.0,-34,,3,3
2026-01-23 20:26:23.702484,0x433b0b38,9.245967,63.74998,1000.51636,231.83156,185,,,6.25,-77,,5,5
2026-01-23 20:26:27.276066,0x433aad0c,9.388444,63.949238,1000.85077,225.94992,197,,,5.75,-70,,3,3
2026-01-23 20:26:56.366194,0x433ad35c,9.109357,68.80918,1000.71436,207.0549,178,,,6.5,-58,,3,3
2026-01-23 20:27:16.130707,0x433af380,10.175752,64.57286,1001.0192,206.02257,62,,,5.5,-34,,3,3
2026-01-23 20:27:25.665123,0x433b0b38,9.172943,63.598854,1000.5193,233.09811,185,,,6.0,-76,,5,5
2026-01-23 20:28:16.393104,0x433af380,10.058749,64.84276,1001.02716,209.81468,59,,,6.0,-33,,3,3
2026-01-23 20:28:24.224644,0x433b0b38,9.113287,64.00706,1000.51965,232.4631,186,,,5.75,-76,,5,5
2026-01-23 20:29:17.022542,0x433af380,9.86544,65.526924,1001.02185,205.25504,62,,,5.75,-34,,3,3
2026-01-23 20:29:24.905231,0x433b0b38,9.171804,64.39161,1000.52734,231.51706,186,,,6.0,-76,,5,5
2026-01-23 20:29:29.311852,0x433aad0c,9.753934,63.17266,1000.8531,226.26038,195,,,6.0,-70,,3,3
2026-01-23 20:29:57.013127,0x433ad35c,9.10518,69.75685,1000.704,203.98846,181,,,5.75,-56,,3,3
2026-01-23 20:30:17.002861,0x433af380,9.874971,66.018456,1001.0283,201.37889,66,,,5.5,-34,,3,3
2026-01-23 20:30:24.297087,0x433b0b38,9.211204,64.819214,1000.60223,230.89064,185,,,5.75,-77,,5,5
2026-01-23 20:31:17.152935,0x433af380,9.376895,67.25084,1001.018,207.83598,60,,,7.75,-34,,3,3
2026-01-23 20:31:24.034961,0x433b0b38,9.182585,64.92215,1000.53375,229.18532,185,,,6.0,-77,,5,5
2026-01-23 20:32:17.396680,0x433af380,8.919063,68.69377,1001.0275,210.75102,58,,,5.5,-34,,3,3
2026-01-23 20:32:24.077089,0x433b0b38,9.121264,65.25007,1000.5103,230.73456,185,,,5.75,-76,,5,5
2026-01-23 20:32:27.047711,0x433aad0c,9.781261,63.20232,1000.86774,227.98326,194,,,5.25,-70,,3,3
2026-01-23 20:32:56.587529,0x433ad35c,8.972385,69.153275,1000.68085,204.74652,181,,,5.75,-57,,3,3
2026-01-23 20:33:17.963268,0x433af380,8.672343,69.703445,1000.98944,212.5123,57,,,6.0,-34,,3,3
2026-01-23 20:33:25.308134,0x433b0b38,9.147009,65.20218,1000.4943,228.57143,185,,,6.0,-77,,5,5
2026-01-23 20:34:17.910942,0x433af380,8.257754,71.096886,1000.9706,215.00017,54,,,5.75,-35,,3,3
2026-01-23 20:34:24.110403,0x433b0b38,9.087541,65.238205,1000.4883,228.57143,185,,,5.5,-77,,5,5
2026-01-23 20:35:18.175429,0x433af380,8.051731,71.4278,1000.97003,215.70163,53,,,5.5,-34,,3,3
2026-01-23 20:35:24.542123,0x433b0b38,9.031363,65.48414,1000.5158,229.80252,186,,,6.25,-76,,5,5
2026-01-23 20:35:27.253335,0x433aad0c,9.667068,64.043915,1000.8179,230.5366,193,,,5.75,-70,,3,3
2026-01-23 20:35:57.010638,0x433ad35c,8.989849,69.199265,1000.6776,202.86183,183,,,6.75,-57,,3,3
2026-01-23 20:36:19.397428,0x433af380,7.7767706,72.549164,1000.98785,215.84245,53,,,5.5,-34,,3,3
2026-01-23 20:36:25.355469,0x433b0b38,9.025499,65.76978,1000.4924,229.95732,186,,,5.75,-77,,5,5
2026-01-23 20:37:18.691091,0x433af380,7.7568765,73.36222,1000.9949,212.78587,56,,,6.25,-34,,3,3
2026-01-23 20:37:24.406773,0x433b0b38,9.1394615,65.37658,1000.5006,228.11317,186,,,6.0,-76,,5,5
2026-01-23 20:38:18.927654,0x433af380,7.690746,73.15693,1000.9925,214.16444,54,,,5.75,-34,,3,3
2026-01-23 20:38:25.311976,0x433b0b38,9.141299,65.46019,1000.47723,229.4935,185,,,6.75,-77,,5,5
2026-01-23 20:38:27.715421,0x433aad0c,9.6690645,63.971973,1000.8241,226.57172,195,,,5.75,-70,,3,3
2026-01-23 20:38:56.514691,0x433ad35c,8.917226,68.06181,1000.6644,207.18468,181,,,5.75,-58,,3,3
2026-01-23 20:39:19.173145,0x433af380,7.7238107,73.46989,1000.9709,213.06017,55,,0.099596635,5.5,-35,,3,3
2026-01-23 20:39:27.229477,0x433b0b38,9.1781225,65.33135,1000.50543,229.4935,185,,,5.5,-77,,5,5
2026-01-23 20:40:19.419332,0x433af380,7.6169853,74.42838,1000.98425,208.62296,61,,0.23238829,5.75,-33,,3,3
2026-01-23 20:40:24.848340,0x433b0b38,9.183933,65.54974,1000.48846,229.03152,184,,,6.25,-77,,5,5
2026-01-23 20:41:19.995826,0x433af380,7.751789,73.808846,1001.0,211.42497,56,,,8.0,-34,,3,3
2026-01-23 20:41:25.696330,0x433b0b38,9.135967,65.35059,1000.4766,230.42305,184,,,5.25,-76,,5,5
2026-01-23 20:41:28.939473,0x433aad0c,9.852582,63.395554,1000.80597,230.5366,193,,,5.75,-70,,3,3
2026-01-23 20:41:56.583976,0x433ad35c,8.914721,68.6177,1000.6568,208.09764,181,,,6.25,-57,,3,3
2026-01-23 20:42:19.981852,0x433af380,7.9365516,73.789925,1000.97943,205.25504,64,,,6.0,-34,,3,3
2026-01-23 20:42:26.320509,0x433b0b38,9.190826,65.38039,1000.47534,228.41847,184,,,6.0,-76,,5,5
2026-01-23 20:43:20.188488,0x433af380,8.074622,73.48143,1000.96045,211.96725,58,,,6.0,-34,,3,3
2026-01-23 20:43:26.145023,0x433b0b38,9.210596,65.50082,1000.4653,230.2676,183,,,6.25,-77,,5,5
2026-01-23 20:44:20.449037,0x433af380,7.9347315,73.41403,1000.94324,213.61089,54,,,5.75,-33,,3,3
2026-01-23 20:44:26.247896,0x433b0b38,9.218195,65.533,1000.43286,231.20343,183,,,6.0,-77,,5,5
2026-01-23 20:44:28.313843,0x433aad0c,9.8923645,63.691,1000.7566,227.66806,192,,,6.25,-70,,3,3
2026-01-23 20:44:56.571471,0x433ad35c,9.102599,69.18353,1000.6126,206.9253,179,,,5.75,-56,,3,3
2026-01-23 20:45:21.112807,0x433af380,8.090072,73.05552,1000.8859,213.19757,54,,,5.75,-34,,3,3
2026-01-23 20:45:26.207521,0x433b0b38,9.260162,65.62406,1000.43726,229.03152,183,,,6.0,-77,,5,5
2026-01-23 20:46:20.966523,0x433af380,7.957811,72.742035,1000.8813,213.06017,56,,,6.25,-34,,3,3
2026-01-23 20:46:26.611608,0x433b0b38,9.185647,65.49221,1000.38983,227.505,184,,,5.25,-77,,5,5
2026-01-23 20:47:21.529505,0x433af380,7.637333,73.017845,1000.8997,212.78587,58,,,6.0,-34,,3,3
2026-01-23 20:47:26.763616,0x433b0b38,9.059149,65.714645,1000.4149,230.2676,184,,,5.25,-76,,5,5
2026-01-23 20:47:29.763355,0x433aad0c,9.84404,63.817875,1000.7214,228.7751,193,,,5.5,-69,,3,3
2026-01-23 20:47:57.223013,0x433ad35c,9.090146,68.01478,1000.596,207.31462,179,,,6.0,-57,,3,3
2026-01-23 20:48:21.447368,0x433af380,7.502529,73.187,1000.88904,217.97733,51,,,5.75,-33,,3,3
2026-01-23 20:48:25.142668,0x433b0b38,8.994726,65.72901,1000.4278,228.7246,184,,,1.25,-76,,5,5
2026-01-23 20:49:22.006720,0x433af380,6.922432,75.623665,1000.9236,217.26102,53,,0.16593379,6.25,-34,,3,3
2026-01-23 20:49:25.623097,0x433b0b38,8.894352,65.98314,1000.42535,229.6479,185,,,6.0,-77,,5,5
2026-01-23 20:50:21.988556,0x433af380,6.978388,75.29314,1000.93286,218.98811,51,,,6.0,-34,,3,3
2026-01-23 20:50:26.976150,0x433b0b38,8.895073,65.9543,1000.4351,227.051,186,,,5.75,-78,,5,5
2026-01-23 20:50:28.925630,0x433aad0c,9.499696,64.44034,1000.7449,228.29933,194,,,5.75,-69,,3,3
2026-01-23 20:50:57.114811,0x433ad35c,9.032481,68.06409,1000.61383,209.0187,178,,,6.0,-57,,3,3
2026-01-23 20:51:22.256980,0x433af380,6.6581016,75.48699,1000.9147,222.6759,49,,,5.75,-34,,3,3
2026-01-23 20:51:27.275668,0x433b0b38,8.843696,66.02738,1000.42114,229.4935,185,,,5.75,-76,,5,5
2026-01-23 20:52:22.558365,0x433af380,6.2384343,76.72466,1000.9314,221.63087,52,,,6.0,-34,,3,3
2026-01-23 20:52:28.225564,0x433b0b38,8.789709,65.985085,1000.4403,229.33931,186,,,5.0,-76,,5,5
2026-01-23 20:53:22.755663,0x433af380,6.28676,77.29554,1000.92505,221.33406,51,,,5.5,-34,,3,3
2026-01-23 20:53:27.438685,0x433aad0c,9.55053,64.050224,1000.76685,226.88387,195,,,5.5,-70,,3,3
2026-01-23 20:53:32.673050,0x433b0b38,8.846228,65.89016,1000.4697,225.25298,187,,,6.5,-75,,5,4
2026-01-23 20:53:59.936444,0x433ad35c,9.030051,67.38533,1000.6213,210.88547,178,,,6.75,-58,,3,3
2026-01-23 20:54:23.019856,0x433af380,6.141784,77.9445,1000.9404,218.98811,54,,,5.75,-34,,3,3
2026-01-23 20:54:28.418424,0x433b0b38,9.002095,65.25705,1000.4426,230.2676,186,,,5.5,-76,,5,5
2026-01-23 20:55:23.259580,0x433af380,6.207913,77.654274,1000.9417,221.48238,51,,,5.5,-34,,3,3
2026-01-23 20:55:27.683610,0x433b0b38,9.094644,64.79644,1000.45105,230.2676,186,,,5.75,-70,,5,4
2026-01-23 20:56:23.822410,0x433af380,6.4037576,77.50618,1000.9593,217.11835,56,,,5.5,-34,,3,3
2026-01-23 20:56:28.264707,0x433aad0c,9.680795,63.37097,1000.7677,230.5366,194,,,5.5,-70,,3,3
2026-01-23 20:56:30.173105,0x433b0b38,9.141906,64.36059,1000.4431,229.95732,186,,,7.25,-74,,5,4
2026-01-23 20:56:56.906161,0x433ad35c,8.971931,67.40991,1000.61383,209.68158,180,,,6.25,-56,,3,3
2026-01-23 20:57:23.771685,0x433af380,6.668087,76.88467,1000.94293,218.26518,53,,,5.5,-34,,3,3
2026-01-23 20:57:28.841870,0x433b0b38,9.100774,64.37492,1000.4191,230.42305,186,,,6.0,-77,,5,5
2026-01-23 20:58:24.023553,0x433af380,7.0979304,75.40897,1000.96277,217.54697,54,,,6.0,-34,,3,3
2026-01-23 20:58:29.141562,0x433b0b38,9.062212,64.19212,1000.4308,231.98912,186,,,5.75,-76,,5,5
2026-01-23 20:59:24.654839,0x433af380,7.5379496,73.90801,1000.95435,216.54942,54,,,6.0,-34,,3,3
2026-01-23 20:59:28.068853,0x433b0b38,9.093137,64.23547,1000.41394,229.6479,187,,,5.25,-77,,5,5
2026-01-23 20:59:28.875498,0x433aad0c,9.647216,62.82642,1000.73865,231.67178,194,,,5.75,-71,,3,3
2026-01-23 20:59:56.920152,0x433ad35c,9.022421,66.90988,1000.6031,210.34871,180,,,6.25,-58,,3,3
2026-01-23 21:00:24.627068,0x433af380,7.998242,72.838036,1000.9109,212.78587,58,,,5.5,-34,,3,3
2026-01-23 21:00:30.839590,0x433b0b38,9.087919,64.05989,1000.4002,231.36014,186,,,5.25,-70,,5,4
2026-01-25 00:02:27.721796,0x433b0b38,4.7202215,66.606316,1006.01575,276.08517,171,,,5.75,-78,,5,5
2026-01-25 00:02:34.694449,0x433af380,3.5721593,73.98645,1006.4926,233.53009,149,,,5.75,-34,,3,3
2026-01-25 00:02:44.250667,0x433aad0c,5.4600315,64.709785,1006.3226,303.9356,188,,,5.75,-69,,3,3
2026-01-25 00:03:12.731453,0x433ad35c,4.4800367,68.89332,1006.1603,198.23904,199,,,6.0,-56,,3,3
2026-01-25 00:03:27.737085,0x433b0b38,4.8616457,66.09274,1006.0001,277.43158,170,,,5.5,-77,,5,5
2026-01-25 00:03:34.962214,0x433af380,3.4712205,74.04193,1006.5132,254.1798,135,,,7.0,-34,,3,3
2026-01-25 00:04:28.243443,0x433b0b38,4.78203,65.9024,1005.99725,276.3087,170,,,5.75,-78,,5,5
2026-01-25 00:04:35.232570,0x433af380,3.3871014,74.03037,1006.50977,250.14076,134,,,5.75,-34,,3,3
2026-01-25 00:05:27.774671,0x433b0b38,4.784601,65.94534,1006.0356,275.86206,171,,,5.5,-78,,5,5
2026-01-25 00:05:35.490412,0x433af380,3.1830258,74.20246,1006.4953,240.49582,146,,,7.5,-34,,3,3
2026-01-25 00:05:44.210079,0x433aad0c,5.5738072,64.40116,1006.3585,306.1962,187,,,5.5,-69,,3,3
2026-01-25 00:06:13.797941,0x433ad35c,4.4599185,69.40695,1006.1753,218.55377,191,,,6.5,-56,,3,3
2026-01-25 00:06:27.849153,0x433b0b38,4.866787,65.69907,1006.0318,276.08517,170,,,5.75,-78,,5,5
2026-01-25 00:06:35.862604,0x433af380,3.0505037,74.49969,1006.52374,253.5948,138,,,6.0,-33,,3,3
2026-01-25 00:07:27.805234,0x433b0b38,4.987609,65.19406,1006.0595,276.98135,170,,,6.25,-78,,5,5
2026-01-25 00:07:36.137154,0x433af380,2.8447993,74.68048,1006.5787,262.45364,133,,,6.0,-34,,3,3
2026-01-25 00:08:28.306545,0x433b0b38,5.013315,64.77717,1006.0752,277.8833,170,,,5.75,-78,,5,5
2026-01-25 00:08:36.401366,0x433af380,3.3847466,73.68142,1006.5791,263.9204,129,,,5.5,-34,,3,3
2026-01-25 00:08:44.333191,0x433aad0c,5.6565623,63.82941,1006.3901,306.7666,187,,,5.5,-69,,3,3
2026-01-25 00:09:12.797048,0x433ad35c,4.5050535,68.25175,1006.2324,233.03621,186,,,5.5,-56,,3,3
2026-01-25 00:09:28.346920,0x433b0b38,5.02099,64.64213,1006.06934,278.7912,170,,,5.25,-78,,5,5
2026-01-25 00:09:36.666830,0x433af380,3.9315696,72.43353,1006.5911,265.83047,123,,,5.75,-34,,3,3
2026-01-25 00:10:27.915299,0x433b0b38,4.990217,64.43839,1006.0851,275.86206,171,,,5.25,-77,,5,5
2026-01-25 00:10:36.933110,0x433af380,3.6238222,72.48033,1006.57355,272.8517,118,,,6.0,-34,,3,3
2026-01-25 00:11:27.898938,0x433b0b38,4.9567604,64.4537,1006.1045,276.98135,171,,,5.25,-78,,5,5
2026-01-25 00:11:37.538374,0x433af380,3.4737642,72.80987,1006.5861,267.11932,124,,,5.75,-33,,3,3
2026-01-25 00:11:45.617650,0x433aad0c,5.467011,63.809513,1006.40894,303.65536,189,,,5.5,-70,,3,3
2026-01-25 00:12:12.877811,0x433ad35c,4.5626783,67.72532,1006.27625,238.7588,185,,,5.75,-56,,3,3
2026-01-25 00:12:27.953426,0x433b0b38,4.828227,64.96357,1006.09406,275.6393,172,,,5.75,-78,,5,5
2026-01-25 00:12:37.519200,0x433af380,3.6513078,73.06434,1006.5999,259.5685,130,,,7.5,-34,,3,3
2026-01-25 00:13:28.437593,0x433b0b38,4.8616457,64.856804,1006.10535,273.87003,173,,,5.5,-78,,5,5
2026-01-25 00:13:37.736991,0x433af380,3.7914956,73.18906,1006.6175,258.35138,129,,,5.5,-34,,3,3
2026-01-25 00:14:27.942448,0x433b0b38,4.8565044,64.79928,1006.0949,274.3102,173,,,5.5,-78,,5,5
2026-01-25 00:14:37.990529,0x433af380,3.669414,73.41088,1006.61945,260.38635,126,,,5.5,-34,,3,3
2026-01-25 00:14:45.031076,0x433aad0c,5.5182214,63.997154,1006.4389,299.78574,189,,,6.0,-70,,3,3
2026-01-25 00:15:12.331064,0x433ad35c,4.5552,68.01857,1006.2763,242.97049,183,,,6.0,-55,,3,3
2026-01-25 00:15:27.988003,0x433b0b38,4.7922378,64.82019,1006.1235,274.7518,173,,,5.75,-78,,5,5
2026-01-25 00:15:40.633992,0x433af380,3.3669431,73.85563,1006.6066,250.5199,129,,,5.5,-56,,3,2
2026-01-25 00:16:28.010976,0x433b0b38,4.805091,65.00484,1006.1248,275.19485,173,,,5.25,-78,,5,5
2026-01-25 00:16:38.675486,0x433af380,3.3084834,73.50923,1006.61,259.9768,131,,,7.25,-34,,3,3
2026-01-25 00:17:28.191489,0x433b0b38,4.8275824,65.00608,1006.107,275.6393,172,,,5.75,-77,,5,5
2026-01-25 00:17:38.778075,0x433af380,3.3059025,73.62193,1006.61597,251.66422,139,,,5.75,-34,,3,3
2026-01-25 00:17:46.592875,0x433aad0c,5.5638814,63.583935,1006.44965,300.60663,189,,,5.75,-69,,3,3
2026-01-25 00:18:12.503865,0x433ad35c,4.510102,68.45387,1006.27594,241.02185,184,,,6.25,-56,,3,3
2026-01-25 00:18:28.461084,0x433b0b38,4.913097,64.57508,1006.1059,276.53253,172,,,5.25,-78,,5,5
2026-01-25 00:18:39.046921,0x433af380,3.4228966,73.924194,1006.6005,252.04797,138,,,7.75,-34,,3,3
2026-01-25 00:19:28.030705,0x433b0b38,4.9592934,64.281235,1006.0945,276.53253,172,,,5.5,-77,,5,5
2026-01-25 00:19:39.331713,0x433af380,3.4913788,73.668526,1006.61224,258.14963,132,,,7.5,-34,,3,3
2026-01-25 00:20:28.038018,0x433b0b38,4.9104886,64.10064,1006.08856,275.6393,173,,,5.75,-78,,5,5
2026-01-25 00:20:39.575526,0x433af380,3.7179265,73.26747,1006.61914,258.55347,129,,,5.75,-34,,3,3
2026-01-25 00:20:44.956820,0x433aad0c,5.593883,62.84221,1006.42645,298.9693,190,,,5.5,-70,,3,3
2026-01-25 00:21:12.829782,0x433ad35c,4.3371897,68.593475,1006.2542,230.27657,188,,,5.75,-56,,3,3
2026-01-25 00:21:28.075093,0x433b0b38,4.9079556,64.16682,1006.08734,276.98135,172,,,5.75,-78,,5,5
2026-01-25 00:21:39.860457,0x433af380,3.7662504,72.730064,1006.61206,264.1313,123,,,5.75,-34,,3,3
2026-01-25 00:22:28.047342,0x433b0b38,4.9258747,64.01608,1006.08954,278.7912,171,,,6.25,-77,,5,5
2026-01-25 00:22:40.122758,0x433af380,3.5119143,72.96651,1006.5908,269.5149,122,,,5.5,-33,,3,3
2026-01-25 00:23:28.119549,0x433b0b38,4.9597354,63.768814,1006.10754,280.16415,171,,,5.5,-78,,5,5
2026-01-25 00:23:40.393287,0x433af380,3.084631,73.62357,1006.5971,277.66452,119,,,7.25,-34,,3,3
2026-01-25 00:23:48.522492,0x433aad0c,5.634792,62.98562,1006.44226,306.48108,188,,,5.5,-70,,3,3
2026-01-25 00:24:12.836033,0x433ad35c,4.302114,68.649185,1006.26794,237.0467,185,,,6.0,-55,,3,3
2026-01-25 00:24:28.128893,0x433b0b38,4.7639227,64.43354,1006.1309,278.56366,172,,,5.75,-77,,5,5
2026-01-25 00:24:40.641410,0x433af380,3.2779255,73.33083,1006.59784,268.4207,125,,0.016596133,7.75,-34,,3,3
2026-01-25 00:25:28.168940,0x433b0b38,4.789667,64.56288,1006.1125,279.01907,171,,,5.5,-78,,5,5
2026-01-25 00:25:40.900859,0x433af380,3.2550354,73.40961,1006.6036,265.40366,130,,,6.0,-33,,3,3
2026-01-25 00:26:28.119701,0x433b0b38,4.7665687,64.612404,1006.1418,281.08704,171,,,5.5,-78,,5,5
2026-01-25 00:26:41.153575,0x433af380,3.3516827,73.32194,1006.6231,266.68832,127,,,8.0,-34,,3,3
2026-01-25 00:26:47.462345,0x433aad0c,5.5404477,63.21441,1006.45996,307.6262,188,,,5.75,-70,,3,3
2026-01-25 00:27:12.362587,0x433ad35c,3.9288063,69.32803,1006.3305,229.79634,188,,,7.25,-55,,3,3
2026-01-25 00:27:28.192095,0x433b0b38,4.6174326,65.075554,1006.1681,281.78314,171,,,5.5,-77,,5,5
2026-01-25 00:27:41.795760,0x433af380,3.3616676,73.35777,1006.6451,200.52382,174,,,7.0,-34,,3,3
2026-01-25 00:28:28.142990,0x433b0b38,4.553166,65.33762,1006.14825,279.9344,171,,,6.0,-78,,5,5
2026-01-25 00:28:41.659610,0x433af380,3.328604,73.288734,1006.66394,203.61153,189,,,6.0,-34,,3,3
2026-01-25 00:29:28.192452,0x433b0b38,4.555812,65.36325,1006.1415,280.39432,171,,,5.75,-78,,5,5
2026-01-25 00:29:41.912948,0x433af380,3.1863651,73.60018,1006.63196,213.74898,174,,,5.75,-34,,3,3
2026-01-25 00:29:51.151097,0x433aad0c,5.333426,63.6386,1006.47046,310.52667,188,,,6.5,-56,,3,1
2026-01-25 00:30:12.412389,0x433ad35c,4.236973,68.6611,1006.29254,203.61153,198,,,6.0,-56,,3,3
2026-01-25 00:30:29.911283,0x433b0b38,4.5121107,65.46281,1006.1541,280.16415,171,,,5.75,-78,,5,5
2026-01-25 00:30:42.185819,0x433af380,3.0566916,73.41625,1006.66437,246.04482,150,,,6.0,-35,,3,3
2026-01-25 00:31:28.219779,0x433b0b38,4.589155,65.369225,1006.156,279.24734,172,,,5.5,-77,,5,5
2026-01-25 00:31:42.429987,0x433af380,3.1711423,73.37699,1006.6368,247.88983,146,,,8.0,-34,,3,3
2026-01-25 00:32:28.242005,0x433b0b38,4.6020083,65.29044,1006.1688,278.3365,172,,,6.25,-77,,5,5
2026-01-25 00:32:42.700027,0x433af380,3.4633641,72.90471,1006.66473,249.19794,144,,,7.75,-35,,3,3
2026-01-25 00:32:50.717150,0x433aad0c,5.307382,63.891804,1006.5042,309.94223,188,,,5.75,-69,,3,3
2026-01-25 00:33:12.991716,0x433ad35c,4.2770596,68.94765,1006.30914,228.68355,188,,,5.5,-56,,3,3
2026-01-25 00:33:28.252929,0x433b0b38,4.6585255,65.21499,1006.18335,278.1097,172,,,5.5,-79,,5,5
2026-01-25 00:33:43.159678,0x433af380,3.5424347,72.686066,1006.66644,257.74707,134,,,8.0,-34,,3,3
2026-01-25 00:34:28.283824,0x433b0b38,4.6148615,64.808975,1006.17816,278.3365,172,,,5.25,-77,,5,5
2026-01-25 00:34:43.230178,0x433af380,3.5627816,72.494736,1006.6685,259.9768,131,,,7.75,-34,,3,3
2026-01-25 00:35:28.285621,0x433b0b38,4.635427,64.707825,1006.1607,276.08517,173,,,5.75,-77,,5,5
2026-01-25 00:35:43.484415,0x433af380,3.1304111,73.05457,1006.6446,267.9855,128,,,5.75,-34,,3,3
2026-01-25 00:35:46.792813,0x433aad0c,5.3233128,64.01284,1006.4555,305.91174,188,,,5.5,-69,,3,3
2026-01-25 00:36:13.444181,0x433ad35c,4.334722,68.16531,1006.2998,235.86281,186,,,6.0,-56,,3,3
2026-01-25 00:36:28.308953,0x433b0b38,4.6148615,64.740845,1006.12805,278.3365,173,,,6.0,-77,,5,5
2026-01-25 00:36:43.745934,0x433af380,3.3720295,72.44328,1006.63513,268.20294,127,,,7.5,-34,,3,3
2026-01-25 00:37:28.376907,0x433b0b38,4.6251445,64.58473,1006.1346,277.8833,173,,,6.25,-78,,5,5
2026-01-25 00:37:44.251804,0x433af380,3.8187888,71.028656,1006.6504,261.41592,130,,,7.5,-35,,3,3
2026-01-25 00:38:28.848657,0x433b0b38,4.6868405,64.36337,1006.14355,275.86206,173,,,6.25,-78,,5,5
2026-01-25 00:38:44.608243,0x433af380,3.768794,71.39804,1006.65485,263.4997,129,,,5.5,-34,,3,3
2026-01-25 00:38:48.127695,0x433aad0c,5.4472013,63.216877,1006.46515,300.3325,189,,,5.75,-69,,3,3
2026-01-25 00:39:12.536033,0x433ad35c,4.267038,68.12944,1006.29663,239.97205,185,,,5.5,-55,,3,3
2026-01-25 00:39:28.382666,0x433b0b38,4.7382536,63.932877,1006.1622,276.53253,174,,,5.5,-77,,5,5
2026-01-25 00:39:44.704321,0x433af380,3.382203,72.15725,1006.637,266.90366,129,,,5.75,-33,,3,3
2026-01-25 00:40:28.428715,0x433b0b38,4.7022643,64.11319,1006.1252,273.43124,175,,,5.5,-77,,5,5
2026-01-25 00:40:44.793839,0x433af380,3.1761918,72.578415,1006.6418,273.75552,126,,,5.75,-33,,3,3
2026-01-25 00:41:28.471580,0x433b0b38,4.622574,64.24397,1006.1381,272.34042,176,,,5.75,-78,,5,5
2026-01-25 00:41:44.894276,0x433aad0c,5.43456,62.9969,1006.4872,294.68918,191,,,5.25,-70,,3,3
2026-01-25 00:41:46.964891,0x433af380,2.76417,74.54731,1006.641,275.12256,125,,,5.5,-33,,3,3
2026-01-25 00:42:12.468102,0x433ad35c,4.314641,67.894684,1006.30817,244.95091,183,,,5.75,-56,,3,3
2026-01-25 00:42:28.435224,0x433b0b38,4.655955,64.07503,1006.1642,269.971,177,,,5.25,-77,,5,5
2026-01-25 00:42:45.315089,0x433af380,2.8277535,74.32167,1006.6779,266.90366,133,,,7.75,-34,,3,3
2026-01-25 00:43:28.438429,0x433b0b38,4.630361,64.3017,1006.17914,270.82782,177,,,5.5,-78,,5,5
2026-01-25 00:43:46.819304,0x433af380,2.9598186,74.32735,1006.69324,262.45364,135,,,5.5,-34,,3,3
2026-01-25 00:44:28.448983,0x433b0b38,4.517139,64.44379,1006.16797,270.1847,178,,,5.5,-78,,5,5
2026-01-25 00:44:44.926326,0x433aad0c,5.2904444,63.501423,1006.51373,295.74768,192,,,5.75,-69,,3,3
2026-01-25 00:44:47.075106,0x433af380,2.914227,74.502975,1006.6758,265.83047,131,,,7.5,-33,,3,3
2026-01-25 00:45:12.984938,0x433ad35c,3.9238334,68.437,1006.3534,246.22807,184,,,5.75,-56,,3,3
2026-01-25 00:45:28.460938,0x433b0b38,4.424633,65.09052,1006.17163,269.54462,178,,,5.25,-78,,5,5
2026-01-25 00:45:46.101136,0x433af380,2.8124933,74.82253,1006.66425,265.19073,132,,,5.75,-34,,3,3
2026-01-25 00:46:28.489243,0x433b0b38,4.501753,64.86551,1006.1652,271.04288,178,,,5.25,-79,,5,5
2026-01-25 00:46:46.347440,0x433af380,2.8481002,74.757324,1006.6631,269.7348,128,,,7.75,-33,,3,3
2026-01-25 00:47:28.546567,0x433b0b38,4.5378923,64.82409,1006.1505,267.43274,178,,,5.25,-78,,5,5
2026-01-25 00:47:46.488633,0x433aad0c,5.298029,63.337303,1006.4728,295.21747,192,,,5.75,-69,,3,3
2026-01-25 00:47:48.718754,0x433af380,2.9471397,74.74878,1006.662,261.83002,132,,,6.75,-34,,3,3
2026-01-25 00:48:13.430061,0x433ad35c,3.8836713,69.74047,1006.3368,244.76955,184,,,6.0,-56,,3,3
2026-01-25 00:48:28.516975,0x433b0b38,4.5532036,64.74466,1006.1321,267.85248,178,,,5.25,-79,,5,5
2026-01-25 00:48:46.858709,0x433af380,3.0668278,74.36652,1006.6747,265.40366,129,,,5.5,-34,,3,3
2026-01-25 00:49:28.575462,0x433b0b38,4.566057,64.61736,1006.14636,271.04288,177,,,5.5,-78,,5,5
2026-01-25 00:49:49.198732,0x433af380,3.2497604,73.89623,1006.64856,262.03757,130,,,5.75,-34,,3,3
2026-01-25 00:50:28.582533,0x433b0b38,4.458014,64.68755,1006.1554,268.48453,178,,,5.5,-78,,5,5
2026-01-25 00:50:44.953775,0x433aad0c,5.2398777,63.44512,1006.50037,296.8138,191,,,5.75,-70,,3,3
2026-01-25 00:50:49.366842,0x433af380,3.0491745,73.991104,1006.697,243.32819,147,,,6.25,-34,,3,3
2026-01-25 00:51:12.570292,0x433ad35c,4.0665665,69.3544,1006.3298,224.94879,189,,,5.75,-56,,3,3
2026-01-25 00:51:29.081838,0x433b0b38,4.2806764,65.563286,1006.1744,269.75763,179,,,5.5,-78,,5,5
2026-01-25 00:51:47.688594,0x433af380,3.0403352,73.68891,1006.6927,239.97205,151,,,6.5,-34,,3,3
2026-01-25 00:52:28.540784,0x433b0b38,4.3397636,65.337326,1006.1787,269.971,179,,,5.0,-77,,5,5
2026-01-25 00:52:48.266502,0x433af380,3.0515676,74.00795,1006.68787,248.07588,146,,0.39829397,5.75,-35,,3,3
2026-01-25 00:53:28.555275,0x433b0b38,4.4221,65.27785,1006.1784,269.75763,178,,,5.5,-78,,5,5
2026-01-25 00:53:44.960030,0x433aad0c,5.1994243,63.6354,1006.4988,297.34976,191,,,5.75,-69,,3,3
2026-01-25 00:53:49.453010,0x433af380,3.2626657,73.88473,1006.6664,257.1456,137,,0.31523234,7.0,-34,,3,3
2026-01-25 00:54:12.580113,0x433ad35c,3.873725,69.43534,1006.32935,229.15913,189,,,5.5,-56,,3,3
2026-01-25 00:54:28.745193,0x433b0b38,4.2961,65.75252,1006.1493,271.90652,177,,,5.25,-78,,5,5
2026-01-25 00:54:48.478494,0x433af380,3.336423,73.5538,1006.675,243.68692,144,,0.44808817,5.75,-34,,3,3
2026-01-25 00:55:28.585312,0x433b0b38,4.3089533,65.79136,1006.17664,267.85248,178,,,6.25,-78,,5,5
2026-01-25 00:55:56.812662,0x433af380,3.4329572,73.08911,1006.6761,240.49582,147,,0.21574974,5.75,-34,,3,3
2026-01-25 00:56:28.606640,0x433b0b38,4.419454,65.34458,1006.161,271.47403,177,,,6.75,-79,,5,5
2026-01-25 00:56:45.069941,0x433aad0c,5.244934,63.905228,1006.49976,299.78574,191,,,5.75,-69,,3,3
2026-01-25 00:56:49.243634,0x433af380,3.2322204,73.08273,1006.6593,232.87204,158,,,7.25,-34,,3,3
2026-01-25 00:57:12.590584,0x433ad35c,4.0190015,69.43465,1006.35474,225.40895,190,,,5.75,-56,,3,3
2026-01-25 00:57:28.831817,0x433b0b38,4.463193,65.114006,1006.1692,273.21237,176,,,6.0,-78,,5,5
2026-01-25 00:57:49.780464,0x433af380,3.3184686,72.698975,1006.6839,245.49666,150,,,8.0,-34,,3,3
2026-01-25 00:58:28.641402,0x433b0b38,4.3989267,65.1786,1006.1767,274.3102,175,,,6.25,-77,,5,5
2026-01-25 00:58:49.834436,0x433af380,3.8425515,71.6391,1006.7001,254.96396,138,,,5.5,-34,,3,3
2026-01-25 00:59:28.763404,0x433b0b38,4.2520967,65.69621,1006.1879,275.19485,175,,,5.0,-78,,5,5
2026-01-25 00:59:45.507732,0x433aad0c,5.158971,63.923,1006.51184,305.91174,189,,,5.5,-69,,3,3
2026-01-25 00:59:51.934952,0x433af380,4.0080585,70.71108,1006.7311,270.39673,122,,,5.5,-35,,3,3
2026-01-25 01:00:12.592345,0x433ad35c,4.0039687,68.97026,1006.3821,235.5267,187,,,5.5,-56,,3,3
2026-01-25 01:00:29.256812,0x433b0b38,4.362937,65.03518,1006.21265,277.43158,174,,,5.5,-77,,5,5
2026-01-25 01:00:50.070820,0x433af380,3.2346888,71.96668,1006.6987,278.6006,120,,,5.5,-34,,3,3
2026-01-25 01:01:28.688050,0x433b0b38,4.442628,64.79692,1006.2127,276.3087,174,,,5.5,-78,,5,5
2026-01-25 01:01:50.342865,0x433af380,3.0881066,72.49668,1006.76544,282.16763,121,,,7.5,-34,,3,3
2026-01-23 23:01:27.944192,0x433b0b38,8.794851,65.679855,1000.5062,234.53963,181,,,5.75,-76,,5,5
2026-01-23 23:01:57.429582,0x433af380,6.831056,74.003395,1001.0341,231.56703,54,,,8.0,-34,,3,3
2026-01-23 23:02:27.826762,0x433b0b38,8.8436575,65.89185,1000.51074,236.48961,181,,,5.25,-77,,5,5
2026-01-23 23:02:30.692112,0x433aad0c,9.421995,64.456726,1000.8213,235.3134,189,,,6.5,-70,,3,3
2026-01-23 23:02:56.885881,0x433af380,6.5309296,75.31544,1001.0135,232.87204,52,,,5.75,-34,,3,3
2026-01-23 23:03:01.033706,0x433ad35c,9.170287,67.96342,1000.67566,208.22871,173,,,6.5,-58,,3,3
2026-01-23 23:03:27.859452,0x433b0b38,8.954351,65.83339,1000.50476,234.7009,180,,,5.75,-77,,5,5
2026-01-23 23:03:57.435984,0x433af380,6.29439,76.20132,1001.0266,234.02608,51,,,6.0,-34,,3,3
2026-01-23 23:04:27.982415,0x433b0b38,8.995333,65.625755,1000.5271,235.83601,179,,,5.75,-77,,5,5
2026-01-23 23:05:00.068447,0x433af380,6.28676,76.56562,1001.0345,234.19185,51,,,5.5,-34,,3,3
2026-01-23 23:05:27.950554,0x433b0b38,8.98505,65.68283,1000.53375,236.65358,179,,,5.5,-77,,5,5
2026-01-23 23:05:31.636438,0x433aad0c,9.365305,64.97567,1000.8385,234.64276,188,,,6.0,-70,,3,3
2026-01-23 23:05:57.689648,0x433af380,6.439177,76.43698,1001.07336,232.54442,52,,,5.75,-34,,3,3
2026-01-23 23:06:01.948622,0x433ad35c,9.222904,68.153145,1000.7113,205.63809,175,,,6.0,-59,,3,3
2026-01-23 23:06:27.927958,0x433b0b38,9.0338955,65.681526,1000.53015,236.48961,179,,,5.25,-78,,5,5
2026-01-23 23:06:57.973654,0x433af380,6.4004183,76.434586,1001.0679,232.54442,52,,,7.0,-33,,3,3
2026-01-23 23:07:27.984890,0x433b0b38,9.103344,65.73512,1000.53625,235.51057,179,,,5.25,-78,,5,5
2026-01-23 23:07:58.215240,0x433af380,6.319636,76.65709,1001.0618,233.36523,52,,,7.5,-34,,3,3
2026-01-23 23:08:27.995599,0x433b0b38,9.159902,65.528915,1000.52795,236.65358,178,,,5.75,-77,,5,5
2026-01-23 23:08:30.912155,0x433aad0c,9.634234,64.48457,1000.8508,233.8099,188,,,6.5,-70,,3,3
2026-01-23 23:08:58.860706,0x433af380,6.1644864,77.10198,1001.07745,235.02435,51,,,5.75,-34,,3,3
2026-01-23 23:09:03.083217,0x433ad35c,9.443356,68.03506,1000.71295,207.83598,172,,,6.0,-58,,3,3
2026-01-23 23:09:27.968312,0x433b0b38,9.23192,65.62881,1000.5448,236.81776,177,,,6.5,-76,,5,5
2026-01-23 23:09:59.245851,0x433af380,6.2180867,77.60164,1001.0896,233.03621,52,,,5.5,-34,,3,3
2026-01-23 23:10:27.989827,0x433b0b38,9.398947,65.46716,1000.5631,234.7009,177,,,6.5,-77,,5,5
2026-01-23 23:10:59.337204,0x433af380,6.307107,77.71545,1001.0947,230.43707,54,,,6.0,-34,,3,3
2026-01-23 23:11:28.057518,0x433b0b38,9.501854,65.10629,1000.5598,234.7009,176,,,6.5,-76,,5,5
2026-01-23 23:11:30.953192,0x433aad0c,9.914894,63.82941,1000.8589,232.4895,187,,,5.75,-71,,3,3
2026-01-23 23:11:58.657973,0x433ad35c,9.791669,67.264946,1000.7404,205.76608,171,,,5.75,-58,,3,3
2026-01-23 23:12:04.640996,0x433af380,6.3757796,77.64763,1001.07983,230.43707,54,,,5.5,-34,,3,3
2026-01-23 23:12:28.021078,0x433b0b38,9.463217,65.24213,1000.56,233.89674,176,,,6.75,-76,,5,5
2026-01-23 23:12:59.516105,0x433af380,6.452083,77.461044,1001.12805,227.5815,57,,,8.25,-34,,3,3
2026-01-23 23:13:28.022763,0x433b0b38,9.581473,65.14867,1000.611,236.48961,175,,,6.5,-77,,5,5
2026-01-23 23:14:00.189425,0x433af380,6.8208823,76.788666,1001.1974,227.26859,56,,,7.25,-34,,3,3
2026-01-23 23:14:28.239085,0x433b0b38,9.717876,64.92015,1000.6312,236.48961,175,,,5.5,-77,,5,5
2026-01-23 23:14:31.930480,0x433aad0c,9.980823,64.101616,1000.96106,236.66614,186,,,6.0,-71,,3,3
2026-01-23 23:14:58.656262,0x433ad35c,9.9445095,66.92104,1000.81964,206.15105,170,,,5.75,-59,,3,3
2026-01-23 23:15:01.397762,0x433af380,7.0666103,76.003174,1001.2191,223.1268,60,,,8.0,-34,,3,3
2026-01-23 23:15:28.093200,0x433b0b38,9.812808,64.66704,1000.6406,235.51057,174,,,6.5,-78,,5,5
2026-01-23 23:16:00.649633,0x433af380,7.268342,75.289986,1001.21075,220.30156,63,,,5.75,-34,,3,3
2026-01-23 23:16:28.078565,0x433b0b38,9.681772,65.07465,1000.6245,232.78017,175,,,5.75,-77,,5,5
2026-01-23 23:17:00.897091,0x433af380,7.117861,75.08768,1001.2118,225.25536,59,,,6.0,-34,,3,3
2026-01-23 23:17:28.115932,0x433b0b38,9.6406765,64.902054,1000.6675,235.18604,175,,,6.25,-76,,5,5
2026-01-23 23:17:30.990847,0x433aad0c,10.164606,63.71139,1000.9706,233.64403,185,,,7.0,-71,,3,3
2026-01-23 23:17:58.717789,0x433ad35c,10.134933,66.51124,1000.84607,204.11443,172,,,6.0,-58,,3,3
2026-01-23 23:18:05.239835,0x433af380,7.179509,75.1121,1001.1992,226.33495,57,,,6.0,-34,,3,3
2026-01-23 23:18:28.292758,0x433b0b38,9.712622,64.894104,1000.6403,232.3049,177,,,6.75,-76,,5,5
2026-01-23 23:19:01.786352,0x433af380,7.398247,74.8691,1001.20654,222.9763,61,,,6.0,-35,,3,3
2026-01-23 23:19:28.164093,0x433b0b38,9.748121,64.82605,1000.62085,234.7009,175,,,6.5,-77,,5,5
2026-01-23 23:20:01.713703,0x433af380,7.4109645,74.72753,1001.1719,221.18599,63,,,7.0,-34,,3,3
2026-01-23 23:20:28.209761,0x433b0b38,9.676631,64.92487,1000.56024,233.4169,177,,,5.5,-76,,5,5
2026-01-23 23:20:30.979940,0x433aad0c,10.258817,63.53676,1000.9214,237.00676,184,,,6.75,-70,,3,3
2026-01-23 23:20:59.274806,0x433ad35c,10.212568,66.50332,1000.7752,202.73743,172,,,7.5,-59,,3,3
2026-01-23 23:21:02.696794,0x433af380,7.169147,75.29893,1001.14545,226.02544,57,,,7.75,-34,,3,3
2026-01-23 23:21:28.195990,0x433b0b38,9.644906,65.045944,1000.58997,233.73659,177,,,6.25,-77,,5,5
2026-01-23 23:22:02.947089,0x433af380,7.0801263,75.91257,1001.17426,224.49052,58,,,5.75,-35,,3,3
2026-01-23 23:22:28.220453,0x433b0b38,9.71765,65.156265,1000.58716,233.2574,176,,,5.5,-76,,5,5
2026-01-23 23:23:02.520240,0x433af380,7.2632546,76.1098,1001.1838,222.9763,60,,,6.0,-34,,3,3
2026-01-23 23:23:28.271182,0x433b0b38,9.861615,65.089096,1000.588,232.4631,176,,,6.0,-77,,5,5
2026-01-23 23:23:30.622595,0x433aad0c,10.301751,64.12284,1000.9109,234.3089,184,,,6.5,-70,,3,3
2026-01-23 23:23:59.299519,0x433ad35c,10.410548,66.697174,1000.76733,202.61319,169,,,5.5,-59,,3,3
2026-01-23 23:24:03.105942,0x433af380,7.425391,75.85581,1001.15985,222.6759,59,,,6.25,-34,,3,3
2026-01-23 23:24:28.248724,0x433b0b38,9.922668,65.05649,1000.57874,232.14691,175,,,6.25,-77,,5,5
2026-01-23 23:25:03.067097,0x433af380,7.285957,75.784195,1001.134,224.64308,57,,,6.0,-33,,3,3
2026-01-23 23:25:28.445306,0x433b0b38,9.807401,65.26972,1000.61536,227.65674,177,,,6.25,-76,,5,5
2026-01-23 23:26:03.334410,0x433af380,7.248183,75.84307,1001.1317,225.25536,58,,,5.5,-34,,3,3
2026-01-23 23:26:28.291741,0x433b0b38,9.773446,65.23569,1000.6342,229.4935,177,,,5.5,-77,,5,5
2026-01-23 23:26:30.734591,0x433aad0c,10.45561,63.856834,1000.84265,234.3089,183,,,6.5,-70,,3,3
2026-01-23 23:26:59.496824,0x433ad35c,10.507737,66.4793,1000.75433,202.2413,169,,,5.75,-59,,3,3
2026-01-23 23:27:05.961133,0x433af380,7.5019617,75.73455,1001.14526,220.30156,63,,,5.75,-34,,3,3
2026-01-23 23:27:28.363588,0x433b0b38,9.930533,65.18829,1000.65405,230.73456,175,,,5.75,-76,,5,5
2026-01-23 23:28:05.171351,0x433af380,7.6983767,75.279305,1001.1215,217.69025,63,,,7.25,-33,,3,3
2026-01-23 23:28:28.319472,0x433b0b38,10.03934,64.911446,1000.6529,228.57143,176,,,5.75,-77,,5,5
2026-01-23 23:29:04.375483,0x433af380,7.868601,74.76891,1001.1046,217.69025,65,,,5.75,-34,,3,3
2026-01-23 23:29:28.352571,0x433b0b38,10.072308,64.79908,1000.51794,231.20343,175,,,6.0,-77,,5,5
2026-01-23 23:29:32.758288,0x433aad0c,10.656039,63.433678,1000.8355,233.8099,183,,,6.5,-70,,3,3
2026-01-23 23:29:58.763339,0x433ad35c,10.588446,65.76542,1000.6828,203.98846,168,,,6.25,-58,,3,3
2026-01-23 23:30:04.839108,0x433af380,7.7966995,74.5003,1001.0735,221.18599,60,,,5.75,-34,,3,3
2026-01-23 23:30:28.366004,0x433b0b38,9.948454,65.12986,1000.5023,231.04694,175,,,6.25,-76,,5,5
2026-01-23 23:31:04.633666,0x433af380,7.840623,74.48729,1001.0754,222.6759,59,,,5.75,-34,,3,3
2026-01-23 23:31:28.545120,0x433b0b38,9.972461,65.10582,1000.49817,231.51706,175,,,6.25,-77,,5,5
2026-01-23 23:32:04.908140,0x433af380,8.02121,74.35962,1001.0886,220.30156,61,,,5.75,-34,,3,3
2026-01-23 23:32:28.421708,0x433b0b38,10.069051,65.07273,1000.47614,231.98912,174,,,5.5,-78,,5,5
2026-01-23 23:32:31.070107,0x433aad0c,10.849254,63.121456,1000.7937,232.9829,183,,,5.25,-71,,3,3
2026-01-23 23:32:58.809609,0x433ad35c,10.746261,66.11601,1000.6405,202.11766,167,,,5.5,-59,,3,3
2026-01-23 23:33:05.178791,0x433af380,7.9700747,74.44691,1001.03375,220.00833,60,,,6.0,-34,,3,3
2026-01-23 23:33:28.565044,0x433b0b38,10.218082,64.91188,1000.47394,231.51706,173,,,6.0,-77,,5,5
2026-01-23 23:34:08.433800,0x433af380,7.93492,74.46846,1001.03937,216.97583,66,,,7.75,-34,,3,3
2026-01-23 23:34:28.417530,0x433b0b38,10.174989,64.77945,1000.4605,232.3049,173,,,5.75,-77,,5,5
2026-01-23 23:35:05.704660,0x433af380,8.036243,74.22157,1001.0463,220.30156,61,,,6.0,-33,,3,3
2026-01-23 23:35:28.459064,0x433b0b38,10.12622,65.246925,1000.5574,229.18532,175,,,6.25,-76,,5,5
2026-01-23 23:35:31.115674,0x433aad0c,11.001801,62.660015,1000.79584,232.81819,182,,,5.5,-70,,3,3
2026-01-23 23:35:59.376739,0x433ad35c,10.731227,66.491486,1000.63477,201.2563,168,,,5.5,-58,,3,3
2026-01-23 23:36:05.992435,0x433af380,8.153396,74.256805,1001.0461,218.26518,62,,,6.25,-34,,3,3
2026-01-23 23:36:29.712977,0x433b0b38,10.251503,65.03221,1000.4777,230.5787,173,,,6.25,-76,,5,5
2026-01-23 23:37:06.212278,0x433af380,8.40782,73.826065,1001.07355,217.11835,63,,,5.75,-34,,3,3
2026-01-23 23:37:29.230166,0x433b0b38,10.388481,64.689,1000.5074,230.89064,172,,,6.5,-76,,5,5
2026-01-23 23:38:07.219696,0x433af380,8.499385,73.76322,1001.0635,214.44229,66,,,6.0,-34,,3,3
2026-01-23 23:38:29.684779,0x433b0b38,10.354374,64.6179,1000.4889,232.3049,172,,,5.25,-59,,5,4
2026-01-23 23:38:31.267545,0x433aad0c,11.082978,62.699043,1000.8284,234.14235,181,,,6.0,-70,,3,3
2026-01-23 23:38:58.817684,0x433ad35c,11.006883,65.64036,1000.6543,200.88937,166,,,5.25,-59,,3,3
2026-01-23 23:39:06.772548,0x433af380,8.4917555,73.618126,1001.04425,213.61089,66,,,6.0,-34,,3,3
2026-01-23 23:39:28.650887,0x433b0b38,10.301262,64.75853,1000.4773,231.36014,172,,,6.25,-77,,5,5
2026-01-23 23:40:07.351751,0x433af380,8.481544,73.45797,1001.048,216.54942,64,,,5.75,-33,,3,3
2026-01-23 23:40:28.636934,0x433b0b38,10.371013,64.61576,1000.44855,231.51706,172,,,6.5,-77,,5,5
2026-01-23 23:41:07.596488,0x433af380,8.545357,73.45261,1001.01886,215.14009,64,,,5.75,-34,,3,3
2026-01-23 23:41:29.107065,0x433b0b38,10.344206,64.91076,1000.42865,231.83156,173,,,6.25,-76,,5,5
2026-01-23 23:41:31.072351,0x433aad0c,11.006439,62.989403,1000.7514,233.8099,181,,,5.5,-71,,3,3
2026-01-23 23:41:59.377782,0x433ad35c,10.984368,66.17904,1000.6189,198.23904,169,,,7.0,-58,,3,3
2026-01-23 23:42:07.744560,0x433af380,8.366554,74.09825,1001.00696,215.14009,65,,,5.5,-34,,3,3
2026-01-23 23:42:29.242119,0x433b0b38,10.254342,65.04401,1000.4121,230.89064,172,,,5.75,-77,,5,5
2026-01-23 23:43:07.842453,0x433af380,8.28592,74.26541,1000.95593,218.12114,62,,,5.75,-34,,3,3
2026-01-23 23:43:28.780625,0x433b0b38,10.270449,65.086555,1000.3831,231.98912,172,,,5.75,-77,,5,5
2026-01-23 23:44:08.106459,0x433af380,8.283377,74.16933,1000.9484,217.8337,62,,,5.75,-33,,3,3
2026-01-23 23:44:28.961562,0x433b0b38,10.267917,65.04351,1000.3689,232.4631,172,,,5.5,-77,,5,5
2026-01-23 23:44:31.533520,0x433aad0c,11.046971,63.136368,1000.7017,233.8099,180,,,6.75,-70,,3,3
2026-01-23 23:44:59.958838,0x433ad35c,11.074533,66.253624,1000.54224,202.11766,164,,,5.5,-58,,3,3
2026-01-23 23:45:08.485329,0x433af380,8.303649,74.00538,1000.953,215.56097,65,,,5.75,-34,,3,3
2026-01-23 23:45:28.696421,0x433b0b38,10.339635,64.964355,1000.38214,230.5787,172,,,6.0,-77,,5,5
2026-01-23 23:46:08.608033,0x433af380,8.316404,74.300835,1000.93677,217.69025,62,,,5.75,-34,,3,3
2026-01-23 23:46:28.813214,0x433b0b38,10.368254,64.87843,1000.3788,230.11237,172,,,5.25,-76,,5,5
2026-01-23 23:47:08.852050,0x433af380,8.204341,74.63814,1000.92523,215.56097,67,,,7.5,-35,,3,3
2026-01-23 23:47:28.740819,0x433b0b38,10.326515,65.16046,1000.3502,230.2676,172,,,6.25,-77,,5,5
2026-01-23 23:47:31.818555,0x433aad0c,10.918701,63.721012,1000.6706,234.3089,180,,,6.0,-70,,3,3
2026-01-23 23:47:58.861248,0x433ad35c,11.192298,65.65659,1000.54663,201.99416,165,,,7.75,-59,,3,3
2026-01-23 23:48:09.592627,0x433af380,7.988144,75.44231,1000.9329,218.84314,62,,,6.25,-34,,3,3
2026-01-23 23:48:28.738619,0x433b0b38,10.296458,65.18003,1000.3361,230.2676,173,,,6.25,-76,,5,5
2026-01-23 23:49:09.810980,0x433af380,8.061905,75.60715,1000.93274,218.26518,62,,,8.0,-34,,3,3
2026-01-23 23:49:28.784466,0x433b0b38,10.37332,65.090775,1000.355,229.4935,173,,,6.0,-77,,5,5
2026-01-23 23:50:09.634886,0x433af380,8.339333,75.19949,1000.9491,214.16444,65,,,5.5,-34,,3,3
2026-01-23 23:50:28.890726,0x433b0b38,10.558419,64.79676,1000.37225,230.89064,172,,,6.5,-77,,5,5
2026-01-23 23:50:31.503692,0x433aad0c,11.133624,63.602806,1000.70654,231.34631,180,,,6.25,-71,,3,3
2026-01-23 23:50:58.891812,0x433ad35c,11.189754,66.090225,1000.5037,199.79663,164,,,5.5,-59,,3,3
2026-01-23 23:51:09.884001,0x433af380,8.499573,75.10079,1000.90985,212.23943,67,,,5.5,-34,,3,3
2026-01-23 23:51:28.876654,0x433b0b38,10.671573,64.49062,1000.3241,230.5787,171,,,5.25,-77,,5,5
2026-01-23 23:52:10.126157,0x433af380,8.580739,74.866394,1000.92694,209.54868,70,,,6.25,-34,,3,3
2026-01-23 23:52:28.942324,0x433b0b38,10.720343,64.39641,1000.34485,230.89064,170,,,6.5,-76,,5,5
2026-01-23 23:53:10.914579,0x433af380,9.061687,74.32369,1000.942,208.09764,70,,,6.0,-34,,3,3
2026-01-23 23:53:29.151017,0x433b0b38,10.813082,64.381,1000.3281,229.4935,170,,,5.75,-77,,5,5
2026-01-23 23:53:32.375871,0x433aad0c,11.406703,63.16472,1000.6507,231.18393,180,,,6.5,-70,,3,3
2026-01-23 23:53:59.447378,0x433ad35c,11.355163,65.92877,1000.5144,199.91745,165,,,5.75,-59,,3,3
2026-01-23 23:54:10.660095,0x433af380,9.5796175,72.70919,1000.95074,206.4085,72,,,7.0,-34,,3,3
2026-01-23 23:54:30.148838,0x433b0b38,10.836106,64.18344,1000.3598,230.5787,170,,,5.5,-77,,5,5
2026-01-23 23:55:10.915738,0x433af380,9.946646,71.478584,1000.9368,198.83524,81,,,7.0,-34,,3,3
2026-01-23 23:55:30.652208,0x433b0b38,10.80261,64.50135,1000.3495,229.95732,170,,,6.0,-77,,5,5
2026-01-23 23:56:11.160831,0x433af380,10.391765,70.03168,1000.88904,196.70555,80,,,5.5,-34,,3,3
2026-01-23 23:56:30.034692,0x433b0b38,10.877239,64.45432,1000.3458,227.65674,170,,,6.25,-78,,5,5
2026-01-23 23:56:34.765805,0x433aad0c,11.555884,62.61406,1000.6243,232.4895,179,,,5.5,-71,,3,3
2026-01-23 23:56:59.291632,0x433ad35c,11.417804,65.82605,1000.4693,196.82266,166,,,5.5,-59,,3,3
2026-01-23 23:57:11.411997,0x433af380,10.758037,68.40371,1000.8754,193.02998,85,,,6.25,-34,,3,3
2026-01-23 23:57:30.062978,0x433b0b38,10.90291,64.60408,1000.29865,228.26572,170,,,6.0,-76,,5,5
2026-01-23 23:58:12.244000,0x433af380,10.861906,67.93593,1000.89886,192.91734,85,,,7.5,-34,,3,3
2026-01-23 23:58:31.005538,0x433b0b38,10.792364,64.88598,1000.2992,228.57143,170,,,6.0,-77,,5,5
2026-01-23 23:59:12.227562,0x433af380,10.572545,68.39209,1000.85114,198.83524,79,,,5.75,-35,,3,3
2026-01-23 23:59:31.461241,0x433b0b38,10.84121,64.84646,1000.3132,228.87798,170,,,6.0,-77,,5,5
2026-01-23 23:59:33.939830,0x433aad0c,11.735409,62.453003,1000.59186,231.18393,178,,,5.5,-71,,3,3
2026-01-23 23:59:58.974627,0x433ad35c,11.550564,65.03565,1000.4507,200.03842,162,,,5.75,-59,,3,3
2026-01-24 00:00:12.355392,0x433af380,9.529695,71.12528,1000.8573,204.49324,74,,,7.0,-35,,3,3
2026-01-24 00:00:30.763866,0x433b0b38,10.801889,64.99358,1000.3103,227.20212,171,,,5.5,-77,,5,5
2026-01-24 00:01:12.466617,0x433af380,8.975208,72.64353,1000.8745,209.15092,70,,,5.5,-34,,3,3
2026-01-23 15:01:13.598248,0x433b0b38,19.901215,48.257504,999.3823,386.0509,58,,,6.0,-74,,5,5
2026-01-23 15:01:49.844992,0x433af380,20.627752,46.90964,1000.01733,125.74795,126,,0.14939247,7.25,-34,,3,3
2026-01-23 15:02:13.367816,0x433b0b38,19.955284,47.913162,999.4249,384.9624,58,,,7.0,-74,,5,5
2026-01-23 15:02:25.392038,0x433aad0c,18.906565,50.34875,999.7846,629.6619,52,,,6.5,-76,,3,3
2026-01-23 15:02:50.076998,0x433af380,20.520948,47.401638,999.9978,132.06992,120,301,0.8463466,6.25,-33,,3,3
2026-01-23 15:02:54.771663,0x433ad35c,18.719526,54.26405,999.6636,286.3224,58,,,5.75,-59,,3,3
2026-01-23 15:03:13.348808,0x433b0b38,19.766912,48.720314,999.44727,385.39706,59,,,6.25,-75,,5,5
2026-01-23 15:03:50.696172,0x433af380,20.045218,47.786922,1000.03296,127.271,121,,1.3110945,5.75,-34,,3,3
2026-01-23 15:04:13.402179,0x433b0b38,19.723848,48.311134,999.4619,385.39706,59,,,7.25,-74,,5,5
2026-01-23 15:04:50.925191,0x433af380,20.286879,47.252518,1000.0561,129.02916,120,301,1.1286869,5.5,-33,,3,3
2026-01-23 15:05:13.365268,0x433b0b38,19.330437,49.278385,999.47186,385.39706,60,,,5.5,-75,,5,5
2026-01-23 15:05:23.521535,0x433aad0c,19.263266,50.155224,999.88446,616.8946,53,,,5.75,-79,,3,3
2026-01-23 15:05:50.946378,0x433af380,20.14697,47.12503,1000.09607,130.83658,120,301,1.5594412,5.5,-34,,3,3
2026-01-23 15:05:53.754359,0x433ad35c,18.665953,52.037132,999.75397,287.8181,60,,,7.0,-59,,3,3
2026-01-23 15:06:13.383179,0x433b0b38,19.23803,49.412243,999.54364,384.31226,61,,,6.75,-75,,5,5
2026-01-23 15:06:51.217228,0x433af380,20.134212,46.869972,1000.1547,131.7594,118,,1.3110075,5.75,-34,,3,3
2026-01-23 15:07:13.873123,0x433b0b38,19.343292,49.395596,999.56836,382.58917,62,,,6.0,-74,,5,5
2026-01-23 15:07:51.620260,0x433af380,20.159689,47.221848,1000.194,132.80016,118,,1.1453422,5.75,-34,,3,3
2026-01-23 15:08:13.884555,0x433b0b38,19.669857,49.7316,999.5916,380.457,63,,,5.75,-75,,5,5
2026-01-23 15:08:23.529357,0x433aad0c,17.983854,53.38294,1000.0014,615.19354,55,,,7.0,-77,,3,3
2026-01-23 15:08:52.000961,0x433af380,19.653471,48.4581,1000.2406,135.36635,112,206,1.8919905,7.5,-34,,3,3
2026-01-23 15:08:54.773760,0x433ad35c,18.378696,52.890015,999.87714,286.0746,61,,,5.75,-59,,3,3
2026-01-23 15:09:13.978369,0x433b0b38,19.823969,49.012703,999.6401,377.09448,62,,,5.5,-74,,5,5
2026-01-23 15:09:51.960061,0x433af380,19.976534,48.113194,1000.23956,131.14273,119,,0.96228826,6.0,-34,,3,3
2026-01-23 15:10:13.447679,0x433b0b38,19.70585,48.728306,999.65485,378.34842,62,,,5.75,-74,,5,5
2026-01-23 15:10:52.418160,0x433af380,20.30723,47.66358,1000.26263,127.65755,122,,0.6805431,7.25,-34,,3,3
2026-01-23 15:11:13.510013,0x433b0b38,19.875542,48.4725,999.6815,378.34842,62,,,7.25,-74,,5,5
2026-01-23 15:11:23.550416,0x433aad0c,17.685204,53.21811,1000.0583,605.1814,59,,,5.5,-70,,3,3
2026-01-23 15:11:52.361619,0x433af380,20.431877,47.18298,1000.2234,128.14406,126,,1.0454177,6.0,-33,,3,3
2026-01-23 15:11:54.920310,0x433ad35c,17.925144,54.024063,999.9226,282.89206,64,,,7.0,-59,,3,3
2026-01-23 15:12:13.664852,0x433b0b38,19.415283,49.31377,999.65497,378.97855,64,,,6.25,-75,,5,5
2026-01-23 15:12:52.996322,0x433af380,20.459898,47.03188,1000.2515,128.53593,124,198,1.2614527,5.75,-34,,3,3
2026-01-23 15:13:13.507598,0x433b0b38,19.466705,49.6808,999.6701,376.6783,64,,,5.5,-74,,5,5
2026-01-23 15:13:53.559864,0x433af380,20.383543,47.176632,1000.23816,121.56543,127,,0.7137166,5.5,-35,,3,3
2026-01-23 15:14:13.519877,0x433b0b38,19.669857,49.172607,999.6363,364.54254,68,,,5.75,-74,,5,5
2026-01-23 15:14:23.587952,0x433aad0c,17.649803,53.811962,1000.0107,584.5682,61,,,7.0,-71,,3,3
2026-01-23 15:14:53.218631,0x433af380,19.694172,47.926186,1000.17255,132.27774,117,,1.194525,5.75,-34,,3,3
2026-01-23 15:14:55.183447,0x433ad35c,18.055485,53.899765,999.8837,279.07098,67,,,6.75,-59,,3,3
2026-01-23 15:15:13.720548,0x433b0b38,19.749256,49.194874,999.6236,364.93228,69,,,6.25,-75,,5,5
2026-01-23 15:15:53.455280,0x433af380,18.966646,49.376442,1000.14624,134.28514,113,199,1.7921444,7.75,-33,,3,3
2026-01-23 15:16:13.559045,0x433b0b38,19.718668,48.977997,999.60223,359.9297,70,,,5.5,-76,,5,5
2026-01-23 15:16:53.679598,0x433af380,18.643587,50.414734,1000.15436,132.4862,118,,0.8962507,5.5,-34,,3,3
2026-01-23 15:17:13.617354,0x433b0b38,19.003914,49.946342,999.6021,359.9297,73,,,5.75,-74,,5,5
2026-01-23 15:17:23.576957,0x433aad0c,17.579,53.336292,999.9512,584.5682,63,,,5.25,-76,,3,3
2026-01-23 15:17:53.830721,0x433ad35c,17.91011,54.747677,999.8391,273.52902,70,,,5.5,-58,,3,3
2026-01-23 15:17:55.856391,0x433af380,18.183203,51.453514,1000.14996,140.69037,106,199,2.0414598,6.25,-34,,3,3
2026-01-23 15:18:13.583032,0x433b0b38,18.70828,50.786423,999.59735,358.04196,75,,,6.5,-74,,5,5
2026-01-23 15:18:54.263176,0x433af380,17.308115,53.551094,1000.1755,141.99747,103,202,2.6557782,6.0,-35,,3,3
2026-01-23 15:19:13.612071,0x433b0b38,18.528307,51.297348,999.60864,358.4179,76,,,6.25,-75,,5,5
2026-01-23 15:19:54.783006,0x433af380,17.211266,54.05159,1000.1673,144.4373,101,,1.2275842,7.75,-34,,3,3
2026-01-23 15:20:13.633683,0x433b0b38,18.343193,51.420998,999.6738,354.69348,79,,,5.75,-75,,5,5
2026-01-23 15:20:23.718906,0x433aad0c,17.106138,55.598663,1000.005,562.4627,67,,,5.5,-73,,3,3
2026-01-23 15:20:54.545188,0x433ad35c,17.596924,54.901566,999.8588,273.07712,73,,,5.75,-58,,3,3
2026-01-23 15:20:58.744865,0x433af380,17.699852,52.84872,1000.1625,137.24489,111,,0.41493088,7.75,-34,,3,3
2026-01-23 15:21:14.272569,0x433b0b38,18.518175,51.392685,999.61584,352.4957,80,,,6.0,-74,,5,5
2026-01-23 15:21:55.049009,0x433af380,17.969488,52.67058,1000.1496,137.92044,109,,0.6307473,7.5,-34,,3,3
2026-01-23 15:22:13.661898,0x433b0b38,18.721136,51.050354,999.5981,353.22525,79,,,6.5,-74,,5,5
2026-01-23 15:22:55.537836,0x433af380,17.768534,53.108055,1000.1284,140.33806,104,,1.1117564,7.5,-33,,3,3
2026-01-23 15:23:13.794402,0x433b0b38,18.641434,51.27291,999.5741,352.8601,80,,,5.75,-74,,5,5
2026-01-23 15:23:24.913715,0x433aad0c,18.130253,52.546276,999.9541,550.88947,69,,,5.5,-71,,3,3
2026-01-23 15:23:54.377782,0x433ad35c,17.514154,55.306046,999.82764,270.39673,74,,,5.75,-58,,3,3
2026-01-23 15:23:59.391010,0x433af380,17.544683,53.76718,1000.1368,141.51936,103,,0.87318975,6.0,-34,,3,3
2026-01-23 15:24:14.050796,0x433b0b38,18.024082,52.376537,999.5395,347.472,82,,,6.25,-74,,5,5
2026-01-23 15:24:56.336769,0x433af380,18.094133,51.99798,1000.13745,135.58469,112,,0.0331719,5.75,-34,,3,3
2026-01-23 15:25:13.704703,0x433b0b38,18.152899,52.54294,999.57794,345.01346,84,,,7.0,-74,,5,5
2026-01-23 15:25:56.456601,0x433af380,18.000013,52.119415,1000.1339,137.13295,109,,0.59756,8.25,-34,,3,3
2026-01-23 15:26:13.777003,0x433b0b38,18.389473,51.653282,999.72656,346.766,84,,,7.25,-75,,5,5
2026-01-23 15:26:23.879618,0x433aad0c,16.92913,55.145054,999.9862,542.4073,73,,,6.0,-71,,3,3
2026-01-23 15:26:53.895504,0x433ad35c,17.631966,55.083664,999.84076,267.11932,76,,,5.5,-58,,3,3
2026-01-23 15:27:00.120832,0x433af380,17.865005,52.531464,1000.14124,137.13295,110,,0.19912386,7.5,-34,,3,3
2026-01-23 15:27:13.765267,0x433b0b38,18.335554,51.960407,999.5977,341.56104,86,,,7.25,-74,,5,5
2026-01-23 15:27:56.975591,0x433af380,17.399502,53.7517,1000.16327,143.69658,100,,0.63055885,5.5,-34,,3,3
2026-01-23 15:28:13.772370,0x433b0b38,18.340546,52.089943,999.6148,338.84845,87,,,7.25,-74,,5,5
2026-01-23 15:28:57.496376,0x433af380,17.656418,53.75329,1000.14185,138.14708,107,,0.08299031,6.25,-34,,3,3
2026-01-23 15:29:13.814161,0x433b0b38,18.389208,52.46459,999.5993,336.51004,87,,,6.25,-75,,5,5
2026-01-23 15:29:23.677983,0x433aad0c,16.72178,56.041145,999.99915,532.90656,76,,,6.5,-71,,3,3
2026-01-23 15:29:53.965053,0x433ad35c,17.551743,55.53719,999.82587,264.76593,78,,,5.5,-58,,3,3
2026-01-23 15:29:59.077004,0x433af380,17.42004,54.14713,1000.14655,139.75478,107,,1.2448753,6.5,-34,,3,3
2026-01-23 15:30:13.918082,0x433b0b38,18.252216,52.10404,999.5777,340.19934,88,,,6.25,-74,,5,5
2026-01-23 15:30:57.845965,0x433af380,17.17584,54.528748,1000.1232,144.31331,99,,0.7467888,5.75,-34,,3,3
2026-01-23 15:31:14.101453,0x433b0b38,17.700739,53.588963,999.5562,330.96317,92,,,6.75,-75,,5,5
2026-01-23 15:31:58.144417,0x433af380,16.990149,55.22604,1000.1313,141.04446,106,,0.82990307,6.25,-34,,3,3
2026-01-23 15:32:13.882735,0x433b0b38,17.24533,54.186214,999.5742,328.09998,95,,,6.0,-74,,5,5
2026-01-23 15:32:23.702902,0x433aad0c,16.421022,57.660286,999.9959,521.28546,79,,,6.0,-70,,3,3
2026-01-23 15:32:54.474666,0x433ad35c,17.306213,56.493366,999.8318,262.03757,81,,,5.75,-59,,3,3
2026-01-23 15:33:00.458289,0x433af380,16.842083,55.834,1000.13617,144.93535,99,,1.1284622,7.75,-34,,3,3
2026-01-23 15:33:13.880159,0x433b0b38,17.050123,55.231636,999.58093,326.21854,97,,,7.0,-75,,5,5
2026-01-23 15:33:58.498012,0x433af380,16.725601,56.60593,1000.14795,141.51936,101,,0.87971187,5.75,-34,,3,3
2026-01-23 15:34:14.204910,0x433b0b38,16.921518,55.942364,999.5903,322.8247,100,,,5.75,-75,,5,5
2026-01-23 15:34:59.151815,0x433af380,16.705063,56.39299,1000.1524,140.57274,105,,0.5476997,7.75,-34,,3,3
2026-01-23 15:35:14.701498,0x433b0b38,17.258184,55.62869,999.62756,318.60608,101,,,5.75,-74,,5,5
2026-01-23 15:35:23.727671,0x433aad0c,15.8494005,58.889133,1000.00323,504.7742,84,,,6.5,-70,,3,3
2026-01-23 15:35:54.494174,0x433ad35c,17.298695,56.44744,999.8851,257.3458,83,,,6.0,-59,,3,3
2026-01-23 15:36:05.421305,0x433af380,16.56864,56.88162,1000.1634,143.8195,101,,0.48134378,7.75,-34,,3,3
2026-01-23 15:36:14.331850,0x433b0b38,17.550863,54.572712,999.6229,323.4365,98,,,7.0,-74,,5,5
2026-01-23 15:36:59.723771,0x433af380,16.506842,56.736702,1000.1739,147.21979,95,,0.3151487,5.75,-34,,3,3
2026-01-23 15:37:13.935297,0x433b0b38,17.599407,54.04123,999.64386,321.91135,98,,,6.75,-74,,5,5
2026-01-23 15:38:00.001966,0x433af380,16.311127,57.903088,1000.175,145.81526,95,,0.7303147,8.25,-34,,3,3
2026-01-23 15:38:13.942012,0x433b0b38,17.262949,55.181576,999.68756,313.05414,103,,,6.5,-74,,5,5
2026-01-23 15:38:23.803763,0x433aad0c,15.773654,59.87435,1000.0369,489.27682,88,,,5.25,-69,,3,3
2026-01-23 15:38:54.480350,0x433ad35c,16.96797,57.231205,999.8857,254.76746,86,,,5.75,-58,,3,3
2026-01-23 15:38:59.860584,0x433af380,16.363865,57.625896,1000.17816,145.0604,98,,0.34853616,7.75,-34,,3,3
2026-01-23 15:39:16.919989,0x433b0b38,17.110916,55.241673,999.6669,315.95187,103,,,5.75,-58,,5,4
2026-01-23 15:40:00.207003,0x433af380,16.56026,57.118237,1000.1904,140.4553,110,,0.43137062,5.75,-34,,3,3
2026-01-23 15:40:13.956760,0x433b0b38,16.97511,55.31936,999.64453,313.6294,105,,,5.75,-74,,5,5
2026-01-23 15:41:00.332995,0x433af380,16.384743,57.065166,1000.1667,144.93535,97,,1.0618882,5.5,-34,,3,3
2026-01-23 15:41:14.387474,0x433b0b38,16.586815,56.21156,999.6517,313.05414,106,,,7.0,-74,,5,5
2026-01-23 15:41:23.800599,0x433aad0c,15.51815,60.09278,1000.03094,478.77725,91,,,6.0,-70,,3,3
2026-01-23 15:41:54.480725,0x433ad35c,16.800045,57.7994,999.91895,255.55528,88,,,7.25,-59,,3,3
2026-01-23 15:42:04.203777,0x433af380,16.440252,57.234848,1000.1825,142.84198,99,,0.53091764,7.75,-34,,3,3
2026-01-23 15:42:14.001736,0x433b0b38,16.42246,56.75923,999.6645,311.34085,108,,,5.75,-75,,5,5
2026-01-23 15:43:01.375537,0x433af380,16.494123,57.035576,1000.2044,145.0604,97,,0.5475179,5.25,-34,,3,3
2026-01-23 15:43:14.001407,0x433b0b38,16.378527,56.765865,999.6786,309.6462,109,,,5.5,-74,,5,5
2026-01-23 15:44:01.594170,0x433af380,16.585697,56.942547,1000.24207,143.94264,99,,0.4977353,7.5,-34,,3,3
2026-01-23 15:44:14.263600,0x433b0b38,16.447407,57.13871,999.7104,308.8058,110,,,5.5,-75,,5,5
2026-01-23 15:44:23.780843,0x433aad0c,15.447349,60.210194,1000.1086,468.0634,94,,,6.5,-71,,3,3
2026-01-23 15:44:54.566794,0x433ad35c,16.494379,58.20109,999.9412,253.5948,89,,,7.0,-58,,3,3
2026-01-23 15:45:01.411900,0x433af380,16.239752,57.50863,1000.254,149.31174,93,205,1.477301,5.5,-35,,3,3
2026-01-23 15:45:14.176288,0x433b0b38,16.684475,56.580956,999.76154,307.13855,110,,,6.75,-74,,5,5
2026-01-23 15:46:02.094145,0x433af380,15.954669,58.47685,1000.2845,148.38922,94,,1.2447926,5.75,-34,,3,3
2026-01-23 15:46:14.749882,0x433b0b38,16.753157,55.97456,999.768,308.24802,110,,,7.5,-74,,5,5
2026-01-23 15:47:02.252026,0x433af380,15.751174,58.74276,1000.29144,151.05571,89,199,1.4604355,5.5,-33,,3,3
2026-01-23 15:47:15.424848,0x433b0b38,16.48862,57.043995,999.7793,303.85757,112,,,5.75,-75,,5,5
2026-01-23 15:47:23.808951,0x433aad0c,15.267133,60.722603,1000.1394,462.88425,96,,,6.75,-71,,3,3
2026-01-23 15:47:54.107544,0x433ad35c,16.278845,59.070908,999.9926,252.62582,90,,,6.5,-59,,3,3
2026-01-23 15:48:02.325574,0x433af380,15.48177,59.200306,1000.278,152.01175,87,201,2.223439,7.75,-33,,3,3
2026-01-23 15:48:15.003738,0x433b0b38,16.213604,57.548027,999.7557,306.03705,112,,,7.25,-74,,5,5
2026-01-23 15:49:02.922784,0x433af380,15.257886,59.96527,1000.2873,152.56352,88,196,1.5932288,5.5,-34,,3,3
2026-01-23 15:49:15.190786,0x433b0b38,15.998249,57.92279,999.7394,303.5873,114,,,6.75,-74,,5,5
2026-01-23 15:50:03.204643,0x433af380,15.229906,60.05208,1000.30835,154.38475,85,180,1.4938504,5.5,-33,,3,3
2026-01-23 15:50:16.305614,0x433b0b38,16.05984,57.950474,999.7464,303.31754,115,,,6.75,-74,,5,5
2026-01-23 15:50:23.840830,0x433aad0c,15.161615,60.993404,1000.17926,455.6369,98,,,6.0,-70,,3,3
2026-01-23 15:50:54.171658,0x433ad35c,16.313927,58.910954,999.9899,251.09073,91,,,5.75,-58,,3,3
2026-01-23 15:51:02.944707,0x433af380,15.181576,60.53285,1000.29956,152.84091,88,,1.360928,5.75,-35,,3,3
2026-01-23 15:51:14.846522,0x433b0b38,16.38121,57.070248,999.782,300.6459,114,,,5.5,-74,,5,5
2026-01-23 15:52:03.463358,0x433af380,15.201924,60.553158,1000.3312,152.84091,86,,0.7137759,7.5,-34,,3,3
2026-01-23 15:52:15.340948,0x433b0b38,16.1992,57.41649,999.7589,301.9758,114,,,6.0,-75,,5,5
2026-01-23 15:53:03.641013,0x433af380,15.359446,59.96882,1000.3096,152.01175,88,,1.1618643,5.5,-35,,3,3
2026-01-23 15:53:14.641656,0x433b0b38,16.095871,57.717937,999.7423,302.24323,115,,,5.75,-74,,5,5
2026-01-23 15:53:24.545556,0x433aad0c,15.062761,61.242676,1000.15076,450.12143,100,,,5.75,-70,,3,3
2026-01-23 15:53:54.120199,0x433ad35c,16.253788,59.05645,999.9784,249.95161,92,,,5.75,-59,,3,3
2026-01-23 15:54:03.771297,0x433af380,15.43488,60.323673,1000.27344,147.73726,94,,0.46465316,5.75,-34,,3,3
2026-01-23 15:54:16.161932,0x433b0b38,16.31644,57.333893,999.77545,301.44244,115,,,5.5,-75,,5,5
2026-01-23 15:55:04.296690,0x433af380,15.634163,59.404217,1000.23615,148.52031,92,,0.48113614,7.5,-34,,3,3
2026-01-23 15:55:14.635110,0x433b0b38,16.50369,57.107216,999.7042,300.38135,115,,,6.75,-73,,5,5
2026-01-23 15:56:04.793933,0x433af380,15.664688,59.476727,1000.22266,148.52031,92,,0.7799277,7.75,-34,,3,3
2026-01-23 15:56:15.943219,0x433b0b38,16.525753,56.814648,999.6992,299.5904,115,,,7.0,-75,,5,5
2026-01-23 15:56:24.421419,0x433aad0c,15.33356,60.73534,1000.1032,449.81897,101,,,5.25,-70,,3,3
2026-01-23 15:56:54.112824,0x433ad35c,16.53447,58.917503,999.9404,246.4116,94,,,7.25,-59,,3,3
2026-01-23 15:57:04.606111,0x433af380,15.675051,59.410923,1000.2442,140.33806,96,,0.48119202,6.0,-34,,3,3
2026-01-23 15:57:16.161787,0x433b0b38,16.66659,56.599827,999.7241,299.5904,115,,,6.75,-74,,5,5
2026-01-23 15:58:05.115085,0x433af380,15.4334,59.971516,1000.2626,153.11931,87,,0.746888,5.75,-34,,3,3
2026-01-23 15:58:14.890414,0x433b0b38,16.84338,56.111633,999.7347,300.91098,114,,,7.25,-74,,5,5
2026-01-23 15:59:05.331423,0x433af380,15.410507,59.900127,1000.28485,154.2431,85,,0.36503616,6.25,-34,,3,3
2026-01-23 15:59:16.467791,0x433b0b38,16.900248,56.399788,999.736,296.98376,115,,,5.5,-73,,5,5
2026-01-23 15:59:23.894985,0x433aad0c,15.518526,59.888577,1000.1032,444.7379,101,,,6.0,-70,,3,3
2026-01-23 15:59:54.144528,0x433ad35c,16.674795,58.432568,999.93335,246.77953,93,,,5.75,-59,,3,3
2026-01-23 16:00:05.650192,0x433af380,15.644527,59.616047,1000.2425,145.0604,101,,0.049790878,7.5,-34,,3,3
2026-01-23 16:00:16.160758,0x433b0b38,17.016731,55.839,999.68427,299.3277,114,,,6.25,-74,,5,5
2026-01-23 16:01:06.254654,0x433af380,16.08694,58.900105,1000.20746,143.0851,99,,,5.5,-34,,3,3
2026-01-24 21:02:20.008729,0x433b0b38,6.4503326,64.6351,1004.6352,258.71652,180,,,5.5,-78,,5,5
2026-01-24 21:02:42.453674,0x433aad0c,7.0646334,63.534527,1004.9611,273.86047,199,,,5.5,-71,,3,3
2026-01-24 21:02:47.326458,0x433af380,5.88209,67.927734,1005.10156,208.09764,153,,,5.75,-34,,3,3
2026-01-24 21:03:10.961930,0x433ad35c,6.4017224,67.23515,1004.86,202.73743,193,,,5.5,-56,,3,3
2026-01-24 21:03:20.063543,0x433b0b38,6.414229,65.02296,1004.66034,259.8985,179,,,6.25,-79,,5,5
2026-01-24 21:03:47.574026,0x433af380,5.966287,68.12429,1005.14777,208.4914,150,,,7.25,-34,,3,3
2026-01-24 21:04:20.042997,0x433b0b38,6.455474,64.94971,1004.6833,259.8985,179,,,5.75,-78,,5,5
2026-01-24 21:04:47.849716,0x433af380,6.752171,66.38583,1005.19696,202.86183,156,,,6.0,-33,,3,3
2026-01-24 21:05:20.640557,0x433b0b38,6.383456,64.707855,1004.68134,256.96362,180,,,5.75,-77,,5,5
2026-01-24 21:05:43.194454,0x433aad0c,6.587492,63.543766,1005.03613,272.9526,200,,,5.5,-69,,3,3
2026-01-24 21:05:48.239064,0x433af380,7.00967,65.32144,1005.19855,219.13329,138,,0.016597234,7.5,-34,,3,3
2026-01-24 21:06:10.977250,0x433ad35c,6.2814593,67.929726,1004.87805,208.22871,192,,,6.0,-56,,3,3
2026-01-24 21:06:20.194962,0x433b0b38,6.285995,64.88457,1004.69147,255.2343,182,,,5.5,-77,,5,5
2026-01-24 21:06:48.783385,0x433af380,5.737379,68.48475,1005.12274,229.47728,131,,0.066357,6.0,-33,,3,3
2026-01-24 21:07:20.112413,0x433b0b38,6.3089433,64.84255,1004.6603,254.28358,182,,,5.25,-77,,5,5
2026-01-24 21:07:48.650305,0x433af380,5.142221,69.775116,1005.13196,221.18599,144,,,5.75,-33,,3,3
2026-01-24 21:08:20.159844,0x433b0b38,6.15213,65.43028,1004.6747,254.66301,182,,,5.5,-78,,5,5
2026-01-24 21:08:42.978863,0x433aad0c,6.5849633,64.748116,1004.9851,277.08615,198,,,5.75,-70,,3,3
2026-01-24 21:08:50.073074,0x433af380,4.7045307,70.44608,1005.0766,229.63672,142,,0.44793946,5.5,-34,,3,3
2026-01-24 21:09:11.116314,0x433ad35c,6.2313123,67.520615,1004.8291,218.55377,188,,,6.0,-56,,3,3
2026-01-24 21:09:20.886169,0x433b0b38,6.0714874,65.81546,1004.65594,256.38458,182,,,5.75,-78,,5,5
2026-01-24 21:09:49.459451,0x433af380,4.5239882,71.63255,1005.1151,229.00038,143,,0.7303026,5.5,-33,,3,3
2026-01-24 21:10:20.633747,0x433b0b38,6.028699,65.79124,1004.6659,255.4253,183,,,5.25,-78,,5,5
2026-01-24 21:10:49.447581,0x433af380,4.7375946,71.32014,1005.15985,226.6453,144,,0.11612861,5.5,-34,,3,3
2026-01-24 21:11:20.142816,0x433b0b38,6.0750093,65.48703,1004.70746,255.4253,182,,,5.25,-78,,5,5
2026-01-24 21:11:42.483968,0x433aad0c,6.5369244,65.22886,1005.0611,279.67444,197,,,5.75,-70,,3,3
2026-01-24 21:11:49.704457,0x433af380,4.979255,71.72705,1005.192,228.20993,140,,,5.75,-33,,3,3
2026-01-24 21:12:11.004606,0x433ad35c,6.2163167,67.326584,1004.9334,224.49052,187,,,6.0,-56,,3,3
2026-01-24 21:12:20.214215,0x433b0b38,6.185512,65.023636,1004.75714,256.0,182,,,6.25,-78,,5,5
2026-01-24 21:12:49.962664,0x433af380,4.8726587,72.15302,1005.2167,235.19156,134,,,5.5,-33,,3,3
2026-01-24 21:13:20.879372,0x433b0b38,6.203544,64.891846,1004.75604,254.47316,183,,,5.5,-79,,5,5
2026-01-24 21:13:50.207299,0x433af380,4.8344703,72.7155,1005.2342,229.31812,137,,,6.0,-34,,3,3
2026-01-24 21:14:20.211958,0x433b0b38,6.2035065,64.94186,1004.7722,253.52809,183,,,5.25,-78,,5,5
2026-01-24 21:14:42.552901,0x433aad0c,6.6759853,64.72636,1005.1055,279.43713,197,,,5.5,-69,,3,3
2026-01-24 21:14:50.463035,0x433af380,5.007421,72.43457,1005.26843,228.20993,135,,,7.75,-34,,3,3
2026-01-24 21:15:10.704687,0x433ad35c,6.3791738,67.806175,1004.9711,226.95651,185,,,5.75,-56,,3,3
2026-01-24 21:15:20.264936,0x433b0b38,6.182941,65.01933,1004.7802,250.55054,184,,,5.25,-79,,5,5
2026-01-24 21:15:50.914386,0x433af380,5.4239454,71.32043,1005.26514,221.77956,139,,,6.0,-33,,3,3
2026-01-24 21:16:20.817631,0x433b0b38,6.211219,64.76445,1004.7873,251.10349,185,,,5.5,-78,,5,5
2026-01-24 21:16:51.004110,0x433af380,5.452554,71.241165,1005.2367,220.5956,138,,,5.75,-34,,3,3
2026-01-24 21:17:20.250483,0x433b0b38,6.21636,65.18031,1004.7539,248.36284,186,,,5.25,-77,,5,5
2026-01-24 21:17:42.582062,0x433aad0c,6.7720637,64.40648,1005.0958,278.492,197,,,5.75,-70,,3,3
2026-01-24 21:17:51.256135,0x433af380,5.261573,71.0198,1005.2171,232.87204,129,,,5.75,-33,,3,3
2026-01-24 21:18:10.582344,0x433ad35c,6.3465266,67.55452,1004.936,231.72934,184,,,5.75,-56,,3,3
2026-01-24 21:18:20.317498,0x433b0b38,6.175342,65.351616,1004.7554,250.91888,185,,,5.0,-79,,5,5
2026-01-24 21:18:51.521816,0x433af380,5.317716,71.25556,1005.2474,224.03409,136,,,6.25,-33,,3,3
2026-01-24 21:19:20.317121,0x433b0b38,6.021062,65.69867,1004.7838,252.03052,185,,,5.5,-78,,5,5
2026-01-24 21:19:51.788942,0x433af380,5.32789,71.15311,1005.26764,227.11244,134,,,6.0,-34,,3,3
2026-01-24 21:20:20.317240,0x433b0b38,5.8924894,66.09649,1004.8051,251.65889,185,,,5.5,-79,,5,5
2026-01-24 21:20:43.161943,0x433aad0c,6.4079776,65.830765,1005.1725,285.24567,196,,,5.25,-70,,3,3
2026-01-24 21:20:52.061706,0x433af380,5.139678,71.0448,1005.28235,223.73083,138,,0.09954046,5.5,-34,,3,3
2026-01-24 21:21:10.637033,0x433ad35c,6.0759726,67.19406,1004.99646,228.84184,186,,,5.75,-56,,3,3
2026-01-24 21:21:20.346667,0x433b0b38,5.9104466,66.46039,1004.8056,252.40324,185,,,5.5,-79,,5,5
2026-01-24 21:21:52.329400,0x433af380,4.892968,71.527466,1005.2923,227.73828,138,,0.8628128,6.0,-33,,3,3
2026-01-24 21:22:20.339812,0x433b0b38,5.9618983,66.27143,1004.8254,249.81703,185,,,5.5,-78,,5,5
2026-01-24 21:22:52.721215,0x433af380,4.9082284,71.639084,1005.2941,228.05252,138,,0.5642217,6.25,-33,,3,3
2026-01-24 21:23:20.421987,0x433b0b38,6.036486,65.99374,1004.8432,250.0,185,,,5.25,-77,,5,5
2026-01-24 21:23:42.559001,0x433aad0c,6.529339,65.45341,1005.19995,283.52667,196,,,6.0,-71,,3,3
2026-01-24 21:23:52.843627,0x433af380,4.763067,72.25145,1005.3313,221.77956,139,,0.016597234,6.0,-33,,3,3
2026-01-24 21:24:11.126798,0x433ad35c,6.1636643,67.855194,1005.0407,235.02435,184,,,6.0,-58,,3,3
2026-01-24 21:24:20.403600,0x433b0b38,6.136744,65.4648,1004.8441,250.73457,185,,,5.75,-79,,5,5
2026-01-24 21:24:53.094053,0x433af380,4.7656097,72.5119,1005.3001,234.85739,134,,,7.25,-33,,3,3
2026-01-24 21:25:20.367311,0x433b0b38,6.098371,65.52148,1004.86615,250.55054,185,,,5.75,-78,,5,5
2026-01-24 21:25:53.378712,0x433af380,4.417241,73.711815,1005.27747,236.70726,132,,,6.0,-33,,3,3
2026-01-24 21:26:20.414354,0x433b0b38,6.0981455,65.35117,1004.85144,249.81703,185,,,5.5,-78,,5,5
2026-01-24 21:26:43.124485,0x433aad0c,6.5672646,64.57703,1005.172,282.06973,196,,,6.0,-70,,3,3
2026-01-24 21:26:53.624779,0x433af380,4.157741,74.51365,1005.32605,234.85739,134,,,5.5,-34,,3,3
2026-01-24 21:27:10.626066,0x433ad35c,6.166132,67.756935,1005.0232,233.36523,184,,,5.75,-55,,3,3
2026-01-24 21:27:20.470816,0x433b0b38,5.9927845,65.551636,1004.81085,250.73457,185,,,5.5,-78,,5,5
2026-01-24 21:27:53.912027,0x433af380,4.4883804,74.10135,1005.3064,227.42493,139,,,5.75,-34,,3,3
2026-01-24 21:28:20.506850,0x433b0b38,5.990176,65.72549,1004.8372,250.91888,185,,,5.75,-79,,5,5
2026-01-24 21:28:54.175565,0x433af380,4.9590964,72.8995,1005.3313,222.826,139,,,5.5,-33,,3,3
2026-01-24 21:29:20.468372,0x433b0b38,6.12812,65.21529,1004.8777,250.91888,185,,,6.0,-78,,5,5
2026-01-24 21:29:42.662182,0x433aad0c,6.600134,64.90029,1005.2245,278.7277,197,,,5.75,-70,,3,3
2026-01-24 21:29:54.429999,0x433af380,5.09644,72.115074,1005.36523,227.26859,136,,,6.0,-34,,3,3
2026-01-24 21:30:11.275497,0x433ad35c,6.068494,67.37011,1005.0769,233.8605,184,,,6.0,-56,,3,3
2026-01-24 21:30:20.577969,0x433b0b38,6.152168,65.132835,1004.884,252.7771,184,,,5.5,-78,,5,5
2026-01-24 21:30:54.679337,0x433af380,5.1727424,71.58991,1005.3874,229.63672,132,,,5.75,-34,,3,3
2026-01-24 21:31:20.518364,0x433b0b38,6.2603254,64.8821,1004.91614,252.03052,184,,,6.0,-78,,5,5
2026-01-24 21:31:54.952820,0x433af380,4.9512777,71.83463,1005.3706,232.87204,132,,,5.75,-34,,3,3
2026-01-24 21:32:20.527031,0x433b0b38,6.1880827,64.820274,1004.9255,251.65889,184,,,6.25,-77,,5,5
2026-01-24 21:32:43.300787,0x433aad0c,6.8201027,64.06361,1005.2716,285.7406,196,,,6.0,-71,,3,3
2026-01-24 21:32:55.205109,0x433af380,4.707112,72.14872,1005.4334,233.20059,134,,,5.5,-34,,3,3
2026-01-24 21:33:11.192894,0x433ad35c,6.1586533,67.36081,1005.14374,234.52412,184,,,6.25,-56,,3,3
2026-01-24 21:33:20.556736,0x433b0b38,6.1341352,64.98183,1004.971,253.33994,184,,,5.75,-78,,5,5
2026-01-24 21:33:55.473809,0x433af380,4.7096553,72.37696,1005.4292,233.20059,135,,,5.5,-34,,3,3
2026-01-24 21:34:20.583587,0x433b0b38,6.2267184,64.74441,1004.9488,254.0943,184,,,5.25,-78,,5,5
2026-01-24 21:34:55.742076,0x433af380,4.867346,72.60607,1005.4148,227.73828,137,,,5.75,-33,,3,3
2026-01-24 21:35:20.612285,0x433b0b38,6.1565504,65.48379,1004.961,251.28835,184,,,5.5,-77,,5,5
2026-01-24 21:35:42.645753,0x433aad0c,6.779649,63.781654,1005.29834,285.49292,196,,,6.0,-70,,3,3
2026-01-24 21:35:55.988831,0x433af380,5.195444,72.51776,1005.4806,223.57951,137,,,5.5,-33,,3,3
2026-01-24 21:36:10.724306,0x433ad35c,5.8105435,67.67107,1005.1571,233.69518,185,,,6.0,-56,,3,3
2026-01-24 21:36:20.732875,0x433b0b38,6.198403,65.16293,1004.99207,252.59003,184,,,5.25,-78,,5,5
2026-01-24 21:36:56.243518,0x433af380,5.6000347,71.34297,1005.5328,223.42842,135,,,5.5,-34,,3,3
2026-01-24 21:37:20.710209,0x433b0b38,6.146951,64.97167,1005.0308,254.0943,183,,,5.75,-78,,5,5
2026-01-24 21:37:56.504138,0x433af380,5.9230494,69.60502,1005.54895,222.526,134,,,6.0,-33,,3,3
2026-01-24 21:38:20.671273,0x433b0b38,6.162451,64.89513,1005.04785,253.52809,184,,,5.25,-78,,5,5
2026-01-24 21:38:43.160362,0x433aad0c,6.3017855,64.93386,1005.3874,253.41998,202,,,5.75,-70,,3,3
2026-01-24 21:38:56.760250,0x433af380,6.3020205,67.96347,1005.52594,228.05252,129,,,5.5,-34,,3,3
2026-01-24 21:39:10.800330,0x433ad35c,5.9356284,67.92341,1005.20135,233.53009,184,,,6.0,-56,,3,3
2026-01-24 21:39:20.701718,0x433b0b38,6.1884212,64.731094,1005.0472,243.75148,188,,,5.25,-78,,5,5
2026-01-24 21:39:57.025204,0x433af380,6.3605194,67.14621,1005.51654,231.4049,126,,,5.5,-34,,3,3
2026-01-24 21:40:20.707302,0x433b0b38,6.239572,64.38096,1005.01825,222.31873,200,,,5.25,-79,,5,5
2026-01-24 21:40:57.291291,0x433af380,6.179935,67.185875,1005.4873,229.79634,130,,,6.0,-33,,3,3
2026-01-24 21:41:20.724212,0x433b0b38,6.1984406,64.62992,1005.03107,219.6011,202,,,5.25,-78,,5,5
2026-01-24 21:41:42.750344,0x433aad0c,6.655758,63.81836,1005.341,230.21434,207,,,5.5,-70,,3,3
2026-01-24 21:41:57.560743,0x433af380,6.139052,67.367676,1005.49084,226.80081,133,,,5.75,-33,,3,3
2026-01-24 21:42:10.818056,0x433ad35c,5.49425,69.252625,1005.1783,224.7958,188,,,5.75,-55,,3,3
2026-01-24 21:42:20.801086,0x433b0b38,6.206115,64.68288,1004.9973,216.26187,201,,,5.25,-77,,5,5
2026-01-24 21:42:57.820580,0x433af380,6.0525756,67.23633,1005.4773,229.00038,134,,,5.75,-34,,3,3
2026-01-24 21:43:20.826655,0x433b0b38,6.234393,64.414505,1005.0191,202.77228,208,,,5.5,-78,,5,5
2026-01-24 21:43:58.067288,0x433af380,5.8670936,67.307976,1005.52203,231.72934,133,,,5.5,-33,,3,3
2026-01-24 21:44:21.313744,0x433b0b38,6.146951,64.56883,1005.01776,185.23878,219,,,5.5,-78,,5,5
2026-01-24 21:44:43.253969,0x433aad0c,6.759422,63.771015,1005.34485,247.51585,199,,,5.5,-70,,3,3
2026-01-24 21:44:58.339511,0x433af380,5.2592177,68.96905,1005.4816,233.8605,133,,,5.75,-34,,3,3
2026-01-24 21:45:10.808675,0x433ad35c,5.9206333,68.596985,1005.16864,182.54614,202,,,5.75,-56,,3,3
2026-01-24 21:45:20.817599,0x433b0b38,6.049302,64.90818,1005.00995,197.95091,210,,,5.75,-78,,5,5
2026-01-24 21:45:58.624773,0x433af380,4.9845304,69.81689,1005.46063,216.8335,152,,,5.5,-34,,3,3
2026-01-24 21:46:20.843772,0x433b0b38,5.9491577,65.22925,1005.0121,212.75711,199,,,5.75,-77,,5,5
2026-01-24 21:46:58.897747,0x433af380,4.8700776,70.122,1005.4543,214.72087,155,,,6.75,-33,,3,3
2026-01-24 21:47:20.864678,0x433b0b38,5.902772,65.32152,1005.011,223.62961,192,,,5.25,-78,,5,5
2026-01-24 21:47:42.777168,0x433aad0c,6.6709285,64.13497,1005.3416,262.71906,196,,,5.5,-70,,3,3
2026-01-24 21:47:59.154420,0x433af380,4.898055,70.366325,1005.4636,225.87102,147,,,7.0,-34,,3,3
2026-01-24 21:48:10.848495,0x433ad35c,5.954836,67.525406,1005.15125,189.59795,198,,,5.5,-55,,3,3
2026-01-24 21:48:20.866292,0x433b0b38,5.956757,65.224266,1005.00464,233.09811,187,,,5.5,-78,,5,5
2026-01-24 21:48:59.410575,0x433af380,4.9590964,70.64722,1005.46893,225.7168,145,,,5.75,-33,,3,3
2026-01-24 21:49:21.391023,0x433b0b38,6.000421,65.13964,1004.98975,239.30824,184,,,5.25,-78,,5,5
2026-01-24 21:49:59.976456,0x433af380,4.862259,71.52371,1005.4618,231.24306,139,,,6.0,-34,,3,3
2026-01-24 21:50:20.911684,0x433b0b38,6.064764,64.82059,1005.00757,243.57755,181,,,5.25,-78,,5,5
2026-01-24 21:50:42.809310,0x433aad0c,6.660815,64.30867,1005.34015,268.50208,195,,,5.75,-69,,3,3
2026-01-24 21:50:59.936775,0x433af380,4.7073,71.78399,1005.48035,228.20993,142,,,5.75,-33,,3,3
2026-01-24 21:51:10.877506,0x433ad35c,5.923101,67.25299,1005.1879,196.93993,196,,,5.75,-56,,3,3
2026-01-24 21:51:20.960527,0x433b0b38,6.033878,64.76502,1004.99774,247.10425,180,,,5.5,-78,,5,5
2026-01-24 21:52:00.175101,0x433af380,4.628455,71.807434,1005.4993,231.08142,139,,,6.0,-34,,3,3
2026-01-24 21:52:20.977197,0x433b0b38,6.093004,64.70686,1005.0406,247.82187,178,,,5.25,-78,,5,5
2026-01-24 21:53:00.843392,0x433af380,4.8497305,71.74808,1005.53656,233.03621,137,,,5.75,-34,,3,3
2026-01-24 21:53:21.021250,0x433b0b38,6.1572714,64.40055,1005.0648,251.65889,177,,,5.0,-78,,5,5
2026-01-24 21:53:42.894225,0x433aad0c,6.8327446,63.49069,1005.39355,268.50208,194,,,5.5,-70,,3,3
2026-01-24 21:54:00.686402,0x433af380,5.0659194,71.55299,1005.54,226.33495,139,,,7.25,-34,,3,3
2026-01-24 21:54:11.434126,0x433ad35c,5.9979424,66.82828,1005.16675,208.09764,192,,,5.75,-56,,3,3
2026-01-24 21:54:20.957185,0x433b0b38,6.203582,64.210335,1005.0417,252.40324,176,,,5.5,-79,,5,5
2026-01-24 21:55:00.946302,0x433af380,4.951466,71.51788,1005.52686,229.31812,137,,,7.0,-35,,3,3
2026-01-24 21:55:21.025740,0x433b0b38,6.0879006,64.13026,1005.0478,252.7771,176,,,5.25,-78,,5,5
2026-01-24 21:56:01.221316,0x433af380,4.7251043,71.42991,1005.535,228.20993,140,,,5.75,-34,,3,3
2026-01-24 21:56:20.992493,0x433b0b38,5.918159,65.02584,1005.0899,252.40324,177,,,5.5,-78,,5,5
2026-01-24 21:56:43.353737,0x433aad0c,6.597605,63.862125,1005.427,273.63293,194,,,5.5,-70,,3,3
2026-01-24 21:57:01.481367,0x433af380,4.821753,71.384415,1005.5841,231.08142,138,,0.1659393,7.5,-33,,3,3
2026-01-24 21:57:10.931893,0x433ad35c,5.7617335,67.695724,1005.2634,216.8335,189,,,5.75,-56,,3,3
2026-01-24 21:57:21.186370,0x433b0b38,5.832871,65.92449,1005.09296,253.33994,176,,,5.5,-78,,5,5
2026-01-24 21:58:01.733978,0x433af380,4.941293,71.47918,1005.5857,231.56703,136,,0.19917013,6.25,-34,,3,3
2026-01-24 21:58:21.016112,0x433b0b38,5.82051,65.92955,1005.1077,253.33994,176,,,5.5,-78,,5,5
2026-01-24 21:59:02.278798,0x433af380,5.088621,71.06911,1005.6014,222.07755,141,,0.34840894,7.0,-33,,3,3
2026-01-24 21:59:21.048254,0x433b0b38,5.773325,65.90054,1005.1296,252.59003,176,,,5.25,-78,,5,5
2026-01-24 21:59:43.408854,0x433aad0c,6.569793,64.39377,1005.5096,278.96378,193,,,5.5,-70,,3,3
2026-01-24 22:00:02.260959,0x433af380,5.0811796,70.909164,1005.6256,210.75102,154,,,7.25,-34,,3,3
2026-01-24 22:00:10.965199,0x433ad35c,5.8553777,67.088745,1005.32904,207.57497,191,,,5.5,-56,,3,3
2026-01-24 22:00:21.060001,0x433b0b38,5.8204722,65.73855,1005.1337,252.21675,176,,,5.75,-77,,5,5
2026-01-24 22:01:02.923563,0x433af380,5.0760927,70.519325,1005.62555,208.22871,154,,,5.5,-34,,3,3
2026-01-24 22:01:21.588736,0x433b0b38,5.923338,65.622116,1005.1506,250.91888,177,,,5.5,-78,,5,5
2026-01-24 22:02:02.789331,0x433af380,4.936206,70.65103,1005.6123,215.56097,153,,,6.25,-34,,3,3
2026-01-23 13:01:09.907944,0x433b0b38,18.2354,52.17936,1000.33044,377.09448,67,,,5.5,-76,,5,5
2026-01-23 13:01:18.802114,0x433af380,17.625174,53.489243,1000.8765,138.37448,115,,1.3772733,5.5,-34,,3,3
2026-01-23 13:02:09.912511,0x433b0b38,18.294455,51.586735,1000.33765,379.18903,66,,,5.5,-76,,5,5
2026-01-23 13:02:19.165197,0x433af380,17.658241,52.870304,1000.91156,139.6387,113,,1.1448672,5.75,-34,,3,3
2026-01-23 13:02:22.621797,0x433aad0c,15.771315,57.73605,1000.74664,601.916,52,,,5.25,-72,,3,3
2026-01-23 13:02:52.459988,0x433ad35c,17.606907,54.671333,1000.646,304.2414,50,,,7.25,-58,,3,3
2026-01-23 13:03:10.352429,0x433b0b38,18.199253,51.923256,1000.3381,379.82196,66,,,5.25,-76,,5,5
2026-01-23 13:03:19.269145,0x433af380,17.63626,52.219093,1000.89844,139.6387,114,191,1.4606293,7.5,-34,,3,3
2026-01-23 13:04:10.001530,0x433b0b38,18.27385,52.211998,1000.3386,381.73346,66,,,6.25,-75,,5,5
2026-01-23 13:04:19.489512,0x433af380,17.671947,52.427418,1000.8912,139.29164,113,,0.7632321,7.5,-34,,3,3
2026-01-23 13:05:09.972906,0x433b0b38,18.173618,50.89804,1000.3156,382.80374,66,,,5.5,-75,,5,5
2026-01-23 13:05:19.950706,0x433af380,17.720465,51.66783,1000.872,140.80821,112,,1.02867,7.75,-35,,3,3
2026-01-23 13:05:23.679702,0x433aad0c,15.781127,57.69579,1000.74615,604.089,51,,,7.0,-71,,3,3
2026-01-23 13:05:51.939659,0x433ad35c,18.256174,52.489727,1000.603,303.40372,50,,,5.75,-59,,3,3
2026-01-23 13:06:10.006938,0x433b0b38,18.201824,52.23851,1000.28973,381.30704,66,,,5.75,-75,,5,5
2026-01-23 13:06:19.841550,0x433af380,18.286434,51.67681,1000.85406,133.43254,121,,0.3319502,5.5,-34,,3,3
2026-01-23 13:07:10.878806,0x433b0b38,18.384556,51.841312,1000.2949,381.5201,65,,,5.75,-77,,5,5
2026-01-23 13:07:20.018600,0x433af380,18.32311,50.99786,1000.8553,134.82358,121,,1.2280322,5.75,-34,,3,3
2026-01-23 13:08:10.042944,0x433b0b38,17.566969,52.403404,1000.27026,385.61475,67,,,6.0,-75,,5,5
2026-01-23 13:08:20.300508,0x433af380,18.218554,50.79905,1000.8266,137.0212,115,,0.946011,6.0,-34,,3,3
2026-01-23 13:08:23.256463,0x433aad0c,15.773238,57.822384,1000.7175,601.916,51,,,5.75,-71,,3,3
2026-01-23 13:08:52.411408,0x433ad35c,18.022871,53.01423,1000.55096,307.0675,51,,,5.75,-58,,3,3
2026-01-23 13:09:10.208440,0x433b0b38,17.726336,53.641518,1000.3009,383.4488,69,,,5.25,-75,,5,5
2026-01-23 13:09:20.835367,0x433af380,18.047283,50.890625,1000.8036,134.71555,119,,0.97904193,6.0,-34,,3,3
2026-01-23 13:10:10.077967,0x433b0b38,17.808681,52.787388,1000.27155,378.55823,69,,,5.5,-76,,5,5
2026-01-23 13:10:21.594960,0x433af380,16.985174,53.7709,1000.7475,139.40714,115,,0.7635868,6.0,-34,,3,3
2026-01-23 13:11:10.094922,0x433b0b38,17.780401,51.60172,1000.24646,384.52872,67,,,5.75,-75,,5,5
2026-01-23 13:11:21.132588,0x433af380,16.639114,54.414894,1000.7289,133.85748,123,,0.647174,5.75,-34,,3,3
2026-01-23 13:11:23.596635,0x433aad0c,15.945715,56.648273,1000.66284,603.5443,52,,,7.0,-71,,3,3
2026-01-23 13:11:51.992405,0x433ad35c,18.333326,51.79574,1000.49945,306.21414,51,,,5.5,-59,,3,3
2026-01-23 13:12:10.251176,0x433b0b38,18.198341,50.857384,1000.2257,386.70694,66,,,5.75,-75,,5,5
2026-01-23 13:12:21.402181,0x433af380,17.286701,53.516476,1000.77386,135.36635,119,,0.049774356,6.0,-34,,3,3
2026-01-23 13:13:10.206623,0x433b0b38,18.22519,51.143497,1000.20374,385.83273,66,,,5.75,-75,,5,5
2026-01-23 13:13:21.575378,0x433af380,17.902248,51.664257,1000.74817,128.04646,128,,0.21569604,6.0,-34,,3,3
2026-01-23 13:14:10.245119,0x433b0b38,18.289276,51.065456,1000.1849,387.14557,65,,,5.75,-76,,5,5
2026-01-23 13:14:21.865993,0x433af380,17.789072,52.050568,1000.7129,138.26068,116,211,1.0951812,7.75,-34,,3,3
2026-01-23 13:14:25.994239,0x433aad0c,16.597878,55.040413,1000.58734,602.45776,51,,,7.25,-72,,3,3
2026-01-23 13:14:52.107955,0x433ad35c,18.26844,51.790226,1000.41864,309.9466,50,,,7.0,-59,,3,3
2026-01-23 13:15:10.326659,0x433b0b38,17.654234,52.47216,1000.16754,387.36526,66,,,5.25,-76,,5,5
2026-01-23 13:15:22.270433,0x433af380,17.553757,52.925396,1000.6942,136.68698,117,,1.0125825,7.75,-34,,3,3
2026-01-23 13:16:10.724919,0x433b0b38,16.952347,53.28833,1000.15247,378.76825,72,,,6.25,-75,,5,5
2026-01-23 13:16:22.482048,0x433af380,17.253635,53.489624,1000.6689,138.60265,112,,1.078677,7.0,-34,,3,3
2026-01-23 13:17:10.191561,0x433b0b38,17.338074,53.3625,1000.119,375.64197,72,,,5.0,-74,,5,5
2026-01-23 13:17:22.665416,0x433af380,16.804607,53.80283,1000.58405,145.0604,106,182,2.0572376,6.0,-34,,3,3
2026-01-23 13:17:24.356142,0x433aad0c,16.830853,55.56026,1000.505,594.9606,51,,,5.5,-76,,3,2
2026-01-23 13:17:52.304870,0x433ad35c,17.674149,54.04232,1000.3709,300.0985,56,,,5.5,-59,,3,3
2026-01-23 13:18:10.206251,0x433b0b38,17.515398,52.43899,1000.0783,384.31226,70,,,5.75,-76,,5,5
2026-01-23 13:18:22.919904,0x433af380,16.81353,54.324905,1000.55774,138.83154,116,205,1.0618529,5.75,-34,,3,3
2026-01-23 13:19:10.218430,0x433b0b38,17.348246,53.213375,1000.08386,384.9624,69,,,5.0,-75,,5,5
2026-01-23 13:19:23.382423,0x433af380,16.51102,54.90412,1000.5137,142.72072,109,,0.746826,5.75,-35,,3,3
2026-01-23 13:20:10.265921,0x433b0b38,17.325144,52.88283,1000.0441,367.28836,73,,,5.5,-76,,5,5
2026-01-23 13:20:22.624780,0x433aad0c,16.298622,55.689083,1000.4199,596.5514,53,,,6.25,-70,,3,3
2026-01-23 13:20:24.779897,0x433af380,16.30589,55.331333,1000.5171,143.45137,109,178,1.6429353,7.0,-34,,3,3
2026-01-23 13:20:52.025269,0x433ad35c,17.737171,53.589195,1000.27594,301.4669,56,,,5.5,-59,,3,3
2026-01-23 13:21:10.323212,0x433b0b38,17.582243,52.824528,1000.054,368.47787,72,,,5.25,-75,,5,5
2026-01-23 13:21:23.696605,0x433af380,16.332844,56.4046,1000.53186,137.80737,116,,0.69701445,7.75,-34,,3,3
2026-01-23 13:22:10.295028,0x433b0b38,17.531052,52.794857,1000.0369,378.55823,71,,,5.5,-76,,5,5
2026-01-23 13:22:24.262033,0x433af380,16.770365,55.66138,1000.5525,136.9096,116,,0.3485998,5.75,-34,,3,3
2026-01-23 13:23:10.417630,0x433b0b38,17.54625,52.755302,1000.0105,362.99185,75,,,5.5,-75,,5,5
2026-01-23 13:23:22.615821,0x433aad0c,15.897445,57.696926,1000.4029,585.59106,55,,,6.5,-70,,3,3
2026-01-23 13:23:26.057824,0x433af380,16.737295,54.831726,1000.52264,145.56277,107,,1.0618706,7.5,-34,,3,3
2026-01-23 13:23:52.060326,0x433ad35c,17.453333,54.890602,1000.2618,295.01004,59,,,5.5,-58,,3,3
2026-01-23 13:24:10.385038,0x433b0b38,17.482203,53.97551,999.9763,366.8936,76,,,5.75,-75,,5,5
2026-01-23 13:24:24.497236,0x433af380,16.569448,54.439457,1000.4788,142.84198,108,,0.49782613,5.75,-34,,3,3
2026-01-23 13:25:11.277040,0x433b0b38,17.60285,53.224014,999.9373,360.30966,77,,,6.0,-75,,5,5
2026-01-23 13:25:25.096013,0x433af380,17.034874,54.188137,1000.50323,138.83154,114,,0.18252414,8.0,-34,,3,3
2026-01-23 13:26:10.374132,0x433b0b38,17.790573,52.915817,999.95496,364.54254,76,,,5.75,-75,,5,5
2026-01-23 13:26:22.640127,0x433aad0c,15.573779,58.233555,1000.39325,582.53314,56,,,6.5,-71,,3,3
2026-01-23 13:26:26.481561,0x433af380,16.337854,54.76787,1000.45294,148.65164,103,,1.2117993,5.75,-34,,3,3
2026-01-23 13:26:52.141808,0x433ad35c,17.361301,54.001034,1000.22864,297.13138,59,,,6.0,-59,,3,3
2026-01-23 13:27:11.578828,0x433b0b38,17.527876,52.249348,999.9978,377.09448,75,,,6.0,-75,,5,5
2026-01-23 13:27:25.354876,0x433af380,16.209377,55.460434,1000.46234,144.06598,108,,0.76300424,7.0,-34,,3,3
2026-01-23 13:28:10.421307,0x433b0b38,17.695446,52.475643,999.9473,377.09448,74,,,5.75,-74,,5,5
2026-01-23 13:28:25.913559,0x433af380,16.222095,56.285572,1000.4745,140.57274,110,,0.86299896,7.0,-34,,3,3
2026-01-23 13:29:10.476471,0x433b0b38,17.543716,53.41424,999.9665,361.07193,77,,,6.0,-75,,5,5
2026-01-23 13:29:23.140184,0x433aad0c,15.396776,58.181465,1000.3463,584.05804,57,,,6.25,-70,,3,3
2026-01-23 13:29:27.834837,0x433af380,16.051256,56.663643,1000.5221,146.32289,105,,1.078516,6.25,-34,,3,3
2026-01-23 13:29:52.097160,0x433ad35c,17.339012,54.473442,1000.21204,296.59818,59,,,6.0,-59,,3,3
2026-01-23 13:30:10.456119,0x433b0b38,17.601748,53.040874,999.94226,358.4179,76,,,5.75,-74,,5,5
2026-01-23 13:30:26.076249,0x433af380,15.949733,56.805206,1000.48975,144.31331,106,227,1.1781299,6.0,-34,,3,3
2026-01-23 13:31:10.481501,0x433b0b38,17.281437,53.553383,999.94794,358.4179,78,,,5.5,-75,,5,5
2026-01-23 13:31:26.665756,0x433af380,16.267845,55.36107,1000.4363,145.43686,105,,0.365018,6.0,-34,,3,3
2026-01-23 13:32:10.517299,0x433b0b38,17.265936,52.82725,999.908,360.30966,80,,,5.5,-75,,5,5
2026-01-23 13:32:23.258962,0x433aad0c,15.77607,58.259083,1000.3254,576.5122,57,,,5.5,-71,,3,3
2026-01-23 13:32:26.684935,0x433af380,16.550274,55.44548,1000.4406,132.69534,120,,0.13276686,7.5,-34,,3,3
2026-01-23 13:32:52.129612,0x433ad35c,17.038094,55.4712,1000.12317,296.3323,60,,,5.5,-59,,3,3
2026-01-23 13:33:10.583823,0x433b0b38,17.262758,52.921085,999.8955,376.6783,77,,,5.75,-75,,5,5
2026-01-23 13:33:26.870919,0x433af380,16.587215,55.409424,1000.39325,141.75801,109,,0.31524807,5.5,-34,,3,3
2026-01-23 13:34:10.605325,0x433b0b38,17.602169,52.139587,999.8713,361.07193,77,,,5.25,-75,,5,5
2026-01-23 13:34:27.216424,0x433af380,16.645798,55.63077,1000.38403,142.96342,110,233,0.9127419,6.0,-34,,3,3
2026-01-23 13:35:10.589005,0x433b0b38,17.810686,53.11289,999.85144,362.22144,76,,,6.0,-74,,5,5
2026-01-23 13:35:22.851959,0x433aad0c,16.264095,57.083183,1000.23944,576.5122,56,,,6.25,-70,,3,3
2026-01-23 13:35:27.654395,0x433af380,16.32805,55.792763,1000.36566,140.57274,112,,0.91280246,6.0,-34,,3,3
2026-01-23 13:35:52.214911,0x433ad35c,16.514084,56.871914,1000.1064,292.9188,63,,,7.0,-59,,3,3
2026-01-23 13:36:10.618047,0x433b0b38,17.574646,54.006207,999.8442,361.07193,78,,,5.75,-74,,5,5
2026-01-23 13:36:27.776545,0x433af380,16.590822,55.37813,1000.3752,144.31331,107,,0.68023825,5.75,-34,,3,3
2026-01-23 13:37:10.630561,0x433b0b38,17.510483,52.81279,999.8546,364.54254,76,,,7.0,-74,,5,5
2026-01-23 13:37:28.344131,0x433af380,16.728296,55.323433,1000.3829,141.28151,110,,0.09958341,5.5,-35,,3,3
2026-01-23 13:38:10.782223,0x433b0b38,17.240416,53.07263,999.8493,361.83746,78,,,5.5,-76,,5,5
2026-01-23 13:38:23.271681,0x433aad0c,15.8342285,57.250744,1000.24554,574.5327,57,,,6.25,-71,,3,3
2026-01-23 13:38:28.300183,0x433af380,16.799398,55.388485,1000.3644,133.53853,116,,0.5809032,6.0,-34,,3,3
2026-01-23 13:38:52.719462,0x433ad35c,16.729883,56.91849,1000.0974,288.824,65,,,6.5,-58,,3,3
2026-01-23 13:39:10.683618,0x433b0b38,17.281626,54.01924,999.9974,343.2786,83,,,5.5,-76,,5,5
2026-01-23 13:39:28.410758,0x433af380,16.521002,55.38507,1000.3541,144.06598,108,,1.0456431,6.0,-34,,3,3
2026-01-23 13:40:10.692744,0x433b0b38,17.55332,53.69044,999.86346,358.79468,78,,,6.0,-74,,5,5
2026-01-23 13:40:28.674853,0x433af380,16.784107,54.902084,1000.3491,143.45137,109,,0.7798888,6.0,-33,,3,3
2026-01-23 13:41:10.724122,0x433b0b38,17.505001,53.477066,999.87225,356.9188,78,,,5.75,-74,,5,5
2026-01-23 13:41:22.865651,0x433aad0c,16.109886,57.227886,1000.2299,570.6143,58,,,6.75,-70,,3,3
2026-01-23 13:41:30.175453,0x433af380,16.435694,56.70845,1000.37085,139.0612,113,,0.89611685,5.5,-73,,3,2
2026-01-23 13:41:52.396599,0x433ad35c,16.76713,56.55025,1000.0991,288.57187,65,,,5.75,-58,,3,3
2026-01-23 13:42:10.768140,0x433b0b38,17.57181,52.9809,999.8415,362.22144,78,,,5.25,-75,,5,5
2026-01-23 13:42:29.196137,0x433af380,15.878547,57.00048,1000.37726,141.63858,108,,1.4937264,5.75,-34,,3,3
2026-01-23 13:43:10.891322,0x433b0b38,17.487156,53.231834,999.9041,359.9297,80,,,5.75,-74,,5,5
2026-01-23 13:43:29.542144,0x433af380,16.173616,56.96175,1000.37537,144.4373,107,,0.51443744,6.25,-34,,3,3
2026-01-23 13:44:11.345729,0x433b0b38,17.286392,53.26957,999.8576,360.30966,81,,,5.5,-76,,5,5
2026-01-23 13:44:22.793671,0x433aad0c,16.05169,57.206863,1000.2715,557.7755,60,,,5.25,-70,,3,3
2026-01-23 13:44:30.262921,0x433af380,16.34849,56.53931,1000.3549,143.94264,105,,1.1615559,6.25,-34,,3,3
2026-01-23 13:44:52.245964,0x433ad35c,16.216202,58.371174,1000.1243,283.37708,68,,,5.75,-58,,3,3
2026-01-23 13:45:11.075450,0x433b0b38,17.10865,54.33591,999.8506,351.407,84,,,5.75,-75,,5,5
2026-01-23 13:45:29.992407,0x433af380,16.03861,57.441204,1000.3954,146.83406,103,235,1.1945845,8.0,-33,,3,3
2026-01-23 13:46:11.434973,0x433b0b38,17.213604,54.42251,999.8217,347.11865,85,,,5.5,-75,,5,5
2026-01-23 13:46:30.252389,0x433af380,16.125097,57.80198,1000.3653,142.96342,108,,0.680464,6.25,-34,,3,3
2026-01-23 13:47:10.875946,0x433b0b38,17.708412,54.341324,999.8785,350.68494,83,,,6.0,-75,,5,5
2026-01-23 13:47:23.466583,0x433aad0c,15.748292,58.27998,1000.23755,552.709,62,,,6.25,-70,,3,3
2026-01-23 13:47:30.510123,0x433af380,16.07961,57.42085,1000.3812,142.96342,107,,0.89598304,6.0,-34,,3,3
2026-01-23 13:47:52.998001,0x433ad35c,16.860485,57.227074,1000.08124,276.73474,69,,,5.75,-58,,3,3
2026-01-23 13:48:10.910879,0x433b0b38,17.980452,53.115566,999.8299,348.5364,82,,,5.75,-75,,5,5
2026-01-23 13:48:31.226569,0x433af380,16.231934,57.19065,1000.327,140.22101,112,,0.58074903,7.25,-34,,3,3
2026-01-23 13:49:10.964685,0x433b0b38,17.571924,53.125618,999.8019,352.13205,83,,,5.75,-75,,5,5
2026-01-23 13:49:31.377711,0x433af380,16.603313,55.86227,1000.3531,141.87764,107,,0.7136219,5.75,-34,,3,3
2026-01-23 13:50:10.990170,0x433b0b38,17.278337,53.89827,999.8213,350.325,85,,,5.75,-75,,5,5
2026-01-23 13:50:22.988325,0x433aad0c,16.044104,57.68332,1000.21936,547.2859,62,,,5.75,-70,,3,3
2026-01-23 13:50:31.312463,0x433af380,17.017448,54.141033,1000.39404,142.84198,107,,0.63059026,5.75,-33,,3,3
2026-01-23 13:50:52.817848,0x433ad35c,17.271093,56.001915,1000.05524,282.89206,67,,,5.5,-59,,3,3
2026-01-23 13:51:10.946945,0x433b0b38,17.186422,53.893764,999.93823,348.8927,85,,,5.5,-75,,5,5
2026-01-23 13:51:31.582997,0x433af380,16.8477,54.515858,1000.33954,139.6387,115,,0.38159704,5.5,-34,,3,3
2026-01-23 13:52:10.968619,0x433b0b38,17.314331,53.03911,999.93414,337.50824,86,,,5.75,-76,,5,5
2026-01-23 13:52:32.191526,0x433af380,16.94945,55.3609,1000.3287,138.03366,113,,0.016599715,6.25,-34,,3,3
2026-01-23 13:53:11.072241,0x433b0b38,17.62584,52.494778,999.7458,351.407,82,,,5.5,-75,,5,5
2026-01-23 13:53:22.849832,0x433aad0c,16.802698,55.727924,1000.1594,553.6233,60,,,5.75,-70,,3,3
2026-01-23 13:53:32.629026,0x433af380,16.898575,55.115955,1000.299,131.04054,113,,0.44799894,7.75,-33,,3,3
2026-01-23 13:53:52.368483,0x433ad35c,17.202486,55.4919,999.9887,287.3178,66,,,6.5,-58,,3,3
2026-01-23 13:54:11.528944,0x433b0b38,17.8108,52.349716,999.7424,360.30966,79,,,5.5,-75,,5,5
2026-01-23 13:54:33.034427,0x433af380,17.041023,54.08446,1000.25696,141.40034,110,,0.03319061,5.75,-34,,3,3
2026-01-23 13:55:11.122176,0x433b0b38,17.610186,53.01697,999.7193,357.29242,80,,,5.5,-76,,5,5
2026-01-23 13:55:32.735857,0x433af380,17.275045,54.41444,1000.2724,141.04446,109,,0.21574256,5.75,-34,,3,3
2026-01-23 13:56:11.176022,0x433b0b38,17.720778,53.542118,999.7353,353.95786,80,,,5.5,-77,,5,5
2026-01-23 13:56:22.880131,0x433aad0c,16.815342,55.97375,1000.1531,558.2407,59,,,5.25,-71,,3,3
2026-01-23 13:56:33.172400,0x433af380,17.001764,54.842598,1000.2786,144.06598,105,,0.7468384,5.75,-34,,3,3
2026-01-23 13:56:52.349467,0x433ad35c,18.12314,54.221504,1000.00464,284.1077,63,,,6.0,-58,,3,3
2026-01-23 13:57:11.042640,0x433b0b38,17.787207,52.933548,999.73914,350.68494,80,,,5.75,-75,,5,5
2026-01-23 13:57:33.117071,0x433af380,16.926556,55.13968,1000.30505,141.04446,106,,0.6804753,5.75,-34,,3,3
2026-01-23 13:58:11.209024,0x433b0b38,17.588892,52.877403,999.74524,361.07193,78,,,5.75,-75,,5,5
2026-01-23 13:58:34.039722,0x433af380,16.799181,54.46398,1000.2713,145.94185,102,201,1.377022,6.5,-34,,3,3
2026-01-23 13:59:11.681999,0x433b0b38,17.334269,53.20987,999.757,355.80264,80,,,5.5,-75,,5,5
2026-01-23 13:59:23.393011,0x433aad0c,17.12131,55.390514,1000.158,554.0816,58,,,6.25,-70,,3,3
2026-01-23 13:59:33.686107,0x433af380,16.872948,54.057384,1000.2936,140.10416,110,,0.84645903,5.5,-34,,3,3
2026-01-23 13:59:52.367786,0x433ad35c,17.260235,56.190636,1000.016,286.8192,65,,,7.0,-59,,3,3
2026-01-23 14:00:11.369304,0x433b0b38,17.597633,52.393562,999.73535,358.4179,80,,,5.5,-75,,5,5
2026-01-23 14:00:33.910022,0x433af380,16.537367,55.941425,1000.2404,140.10416,113,,0.4149171,6.25,-34,,3,3
2026-01-25 07:02:41.886513,0x433b0b38,5.5428753,63.60924,1007.56824,262.09366,172,,,5.75,-78,,5,5
2026-01-25 07:02:48.522348,0x433aad0c,6.3603144,61.927258,1007.8421,290.01816,186,,,5.25,-69,,3,3
2026-01-25 07:03:16.261889,0x433ad35c,5.1539626,67.53613,1007.7167,221.92844,186,,,6.5,-56,,3,3
2026-01-25 07:03:25.509059,0x433af380,4.6666064,68.171326,1008.0505,245.13258,126,,,6.0,-34,,3,3
2026-01-25 07:03:41.856987,0x433b0b38,5.3622828,64.13977,1007.5896,255.61658,176,,,5.5,-78,,5,5
2026-01-25 07:04:26.190717,0x433af380,4.5903044,68.48401,1008.0598,239.97205,130,,,5.75,-34,,3,3
2026-01-25 07:04:41.937090,0x433b0b38,5.170089,64.39221,1007.54944,253.15205,179,,,5.5,-77,,5,5
2026-01-25 07:05:26.037289,0x433af380,4.3079886,69.17535,1008.0696,229.95618,143,,,5.5,-34,,3,3
2026-01-25 07:05:44.142380,0x433b0b38,5.080153,64.81535,1007.5607,255.4253,177,,,5.5,-78,,5,5
2026-01-25 07:05:48.468662,0x433aad0c,5.8716617,63.14991,1007.882,284.01572,189,,,6.0,-70,,3,3
2026-01-25 07:06:15.780329,0x433ad35c,5.201679,67.46256,1007.6847,219.71587,188,,,6.0,-56,,3,3
2026-01-25 07:06:26.312223,0x433af380,4.043515,69.87972,1008.01965,217.69025,164,,0.082961395,6.0,-34,,3,3
2026-01-25 07:06:42.116702,0x433b0b38,4.961066,65.184975,1007.5696,259.30615,175,,,5.5,-77,,5,5
2026-01-25 07:07:26.901295,0x433af380,3.9290636,70.37794,1008.0762,220.5956,163,,0.5475906,5.75,-34,,3,3
2026-01-25 07:07:42.138237,0x433b0b38,4.9336247,65.30441,1007.5752,258.52057,175,,,5.25,-78,,5,5
2026-01-25 07:08:26.835652,0x433af380,3.7865975,70.922325,1008.0977,230.59782,151,,0.48129582,6.0,-34,,3,3
2026-01-25 07:08:42.215054,0x433b0b38,4.9233418,65.4448,1007.58154,259.5033,175,,,5.75,-78,,5,5
2026-01-25 07:08:48.731820,0x433aad0c,5.495089,64.31192,1007.8931,284.26083,189,,,5.5,-70,,3,3
2026-01-25 07:09:15.797086,0x433ad35c,5.2191043,67.65635,1007.7202,223.88237,185,,,5.75,-56,,3,3
2026-01-25 07:09:27.390670,0x433af380,3.6696026,71.298744,1008.11957,237.0467,142,,0.13273822,5.5,-34,,3,3
2026-01-25 07:09:42.751919,0x433b0b38,4.985,65.20569,1007.6133,261.09128,174,,,5.25,-78,,5,5
2026-01-25 07:10:27.367730,0x433af380,3.5017407,71.81183,1008.0939,241.19772,136,,,6.0,-33,,3,3
2026-01-25 07:10:42.261689,0x433b0b38,4.979099,65.34878,1007.6124,259.8985,174,,,6.25,-77,,5,5
2026-01-25 07:11:27.647398,0x433af380,3.2576163,72.55847,1008.1321,247.88983,131,,,7.25,-34,,3,3
2026-01-25 07:11:44.540916,0x433b0b38,5.080266,65.06275,1007.5947,261.6918,174,,,5.0,-78,,5,5
2026-01-25 07:11:48.724786,0x433aad0c,5.6346755,64.36757,1007.9088,283.771,189,,,5.75,-69,,3,3
2026-01-25 07:12:16.005069,0x433ad35c,5.3995347,67.1043,1007.7666,230.11624,182,,,6.0,-56,,3,3
2026-01-25 07:12:27.982222,0x433af380,3.1863651,72.9645,1008.1444,249.5742,130,,,6.5,-34,,3,3
2026-01-25 07:12:42.449568,0x433b0b38,5.1675935,64.843956,1007.5918,261.89258,173,,,6.25,-77,,5,5
2026-01-25 07:13:28.155818,0x433af380,3.3338795,73.27142,1008.1568,249.5742,129,,,6.0,-34,,3,3
2026-01-25 07:13:42.293840,0x433b0b38,5.277297,64.66002,1007.6165,261.6918,172,,,5.75,-78,,5,5
2026-01-25 07:14:28.426388,0x433af380,3.6034753,73.25579,1008.14386,245.6791,127,,,5.0,-34,,3,3
2026-01-25 07:14:42.291172,0x433b0b38,5.3680687,64.311615,1007.65045,262.90115,172,,,6.5,-78,,5,5
2026-01-25 07:14:48.567225,0x433aad0c,5.854152,63.810623,1007.9212,284.5064,188,,,5.5,-70,,3,3
2026-01-25 07:15:16.286099,0x433ad35c,5.457273,66.88006,1007.7605,232.05469,181,,,6.0,-57,,3,3
2026-01-25 07:15:28.693169,0x433af380,3.990067,72.78042,1008.179,241.37381,131,,,5.75,-34,,3,3
2026-01-25 07:15:42.462355,0x433b0b38,5.4169116,64.40191,1007.6645,261.4913,171,,,5.25,-78,,5,5
2026-01-25 07:16:28.959780,0x433af380,4.315619,71.38077,1008.18304,247.88983,116,,,5.25,-34,,3,3
2026-01-25 07:16:42.876875,0x433b0b38,5.4418592,64.235565,1007.6688,264.12177,170,,,6.0,-78,,5,5
2026-01-25 07:17:29.504891,0x433af380,4.750538,70.07445,1008.2099,247.51863,113,,,5.5,-35,,3,3
2026-01-25 07:17:44.097160,0x433b0b38,5.4608016,64.132935,1007.6728,265.14758,169,,,6.5,-77,,5,5
2026-01-25 07:17:48.546862,0x433aad0c,5.9299655,63.692047,1007.97186,284.26083,188,,,5.5,-70,,3,3
2026-01-25 07:18:16.353057,0x433ad35c,5.5899115,66.8545,1007.7819,234.69066,179,,,6.25,-56,,3,3
2026-01-25 07:18:29.632732,0x433af380,5.1574817,68.59919,1008.2133,250.70987,107,,,5.5,-33,,3,3
2026-01-25 07:18:42.654295,0x433b0b38,5.4628816,64.24626,1007.6756,264.53113,169,,,5.75,-77,,5,5
2026-01-25 07:19:30.094532,0x433af380,5.007421,68.03305,1008.2113,257.3458,101,,,6.0,-33,,3,3
2026-01-25 07:19:42.502116,0x433b0b38,5.4700985,64.034515,1007.6695,261.89258,171,,,5.5,-78,,5,5
2026-01-25 07:20:29.960177,0x433af380,4.8497305,68.12976,1008.1899,249.19794,114,,,5.5,-34,,3,3
2026-01-25 07:20:42.639856,0x433b0b38,5.4555097,64.22927,1007.7383,258.91278,173,,,5.25,-77,,5,5
2026-01-25 07:20:48.657686,0x433aad0c,6.0809426,63.25069,1007.9886,286.7357,187,,,6.0,-70,,3,3
2026-01-25 07:21:15.843386,0x433ad35c,5.5674005,66.83184,1007.80115,233.8605,179,,,6.0,-55,,3,3
2026-01-25 07:21:30.598972,0x433af380,4.857172,68.28609,1008.2294,239.798,124,,,5.5,-34,,3,3
2026-01-25 07:21:42.551563,0x433b0b38,5.5069237,64.09603,1007.6952,255.80814,174,,,5.5,-77,,5,5
2026-01-25 07:22:30.480027,0x433af380,4.8471866,68.32124,1008.19226,235.69463,132,,,7.5,-34,,3,3
2026-01-25 07:22:42.537993,0x433b0b38,5.499694,63.968952,1007.73364,254.85315,176,,,5.5,-77,,5,5
2026-01-25 07:23:31.010381,0x433af380,4.704757,68.515015,1008.1742,237.55777,130,,,5.75,-35,,3,3
2026-01-25 07:23:45.352685,0x433b0b38,5.3695636,64.201836,1007.7365,256.19214,176,,,6.5,-77,,5,5
2026-01-25 07:23:49.390710,0x433aad0c,6.1344967,62.914974,1008.0098,284.26083,187,,,5.75,-70,,3,3
2026-01-25 07:24:16.521574,0x433ad35c,5.632655,66.57485,1007.8213,232.05469,180,,,5.75,-57,,3,3
2026-01-25 07:24:30.966654,0x433af380,4.389377,69.346176,1008.18787,234.69066,138,,,5.75,-34,,3,3
2026-01-25 07:24:42.893898,0x433b0b38,5.1903896,65.02351,1007.7003,255.0436,176,,,5.25,-77,,5,5
2026-01-25 07:25:31.669638,0x433af380,4.089258,70.05405,1008.18115,235.5267,138,,,5.5,-34,,3,3
2026-01-25 07:25:42.969622,0x433b0b38,5.1395416,65.34271,1007.698,253.71655,177,,,5.75,-77,,5,5
2026-01-25 07:26:31.485192,0x433af380,3.837502,70.67186,1008.2576,237.21683,140,,,5.5,-34,,3,3
2026-01-25 07:26:43.035942,0x433b0b38,5.0415926,65.43867,1007.7736,256.77032,176,,,5.0,-78,,5,5
2026-01-25 07:26:48.637219,0x433aad0c,5.7902966,63.97559,1008.0423,284.26083,189,,,5.0,-69,,3,3
2026-01-25 07:27:16.493317,0x433ad35c,5.5723734,66.608055,1007.875,224.18604,184,,,6.25,-56,,3,3
2026-01-25 07:27:31.756124,0x433af380,3.6314523,71.46971,1008.2742,243.14922,134,,,6.0,-34,,3,3
2026-01-25 07:27:43.000704,0x433b0b38,5.1830554,65.22433,1007.73883,256.96362,176,,,5.25,-78,,5,5
2026-01-25 07:28:32.022260,0x433af380,3.4305267,72.39901,1008.2922,247.14851,130,,,6.0,-34,,3,3
2026-01-25 07:28:42.997017,0x433b0b38,5.241879,64.98036,1007.7658,257.1572,175,,,5.25,-79,,5,5
2026-01-25 07:29:32.283665,0x433af380,3.4379685,72.631195,1008.32,242.79207,134,,,5.5,-34,,3,3
2026-01-25 07:29:44.334837,0x433b0b38,5.3318906,64.8357,1007.7902,256.77032,175,,,5.5,-78,,5,5
2026-01-25 07:29:48.883945,0x433aad0c,5.775011,64.56329,1008.1175,280.86697,189,,,5.5,-70,,3,3
2026-01-25 07:30:16.598012,0x433ad35c,5.6626077,66.50038,1007.9237,224.03409,184,,,5.75,-57,,3,3
2026-01-25 07:30:32.530821,0x433af380,3.560238,72.62364,1008.34186,240.84625,136,,,5.75,-34,,3,3
2026-01-25 07:30:43.250068,0x433b0b38,5.3323803,65.04469,1007.79834,253.52809,176,,,5.5,-78,,5,5
2026-01-25 07:31:32.813087,0x433af380,3.6543798,72.57006,1008.3458,236.70726,137,,,5.25,-34,,3,3
2026-01-25 07:31:43.111038,0x433b0b38,5.401751,64.81587,1007.82715,256.0,174,,,5.75,-77,,5,5
2026-01-25 07:32:33.068815,0x433af380,3.7662504,72.4699,1008.3573,228.20993,145,,,6.25,-34,,3,3
2026-01-25 07:32:43.144159,0x433b0b38,5.446969,64.76718,1007.83856,254.0943,175,,,5.75,-78,,5,5
2026-01-25 07:32:48.693233,0x433aad0c,6.125101,63.74979,1008.1455,276.85324,190,,,5.5,-70,,3,3
2026-01-25 07:33:16.630285,0x433ad35c,5.6776032,66.7121,1007.9567,220.00833,186,,,6.25,-56,,3,3
2026-01-25 07:33:33.739901,0x433af380,3.9010487,72.18822,1008.3717,224.18604,148,,,7.25,-34,,3,3
2026-01-25 07:33:43.146937,0x433b0b38,5.4679475,64.83173,1007.90826,256.5773,174,,,5.5,-78,,5,5
2026-01-25 07:34:33.597779,0x433af380,3.740817,72.43071,1008.3754,224.49052,149,,,5.5,-34,,3,3
2026-01-25 07:34:43.330281,0x433b0b38,5.4909315,64.5715,1007.83844,255.61658,174,,,5.75,-78,,5,5
2026-01-25 07:35:33.844403,0x433af380,3.4813938,73.073235,1008.3884,226.80081,150,,,5.5,-33,,3,3
2026-01-25 07:35:44.574249,0x433b0b38,5.464765,64.825775,1007.8683,255.4253,175,,,6.0,-78,,5,5
2026-01-25 07:35:48.734130,0x433aad0c,6.1646085,63.477028,1008.1621,279.43713,189,,,5.75,-71,,3,3
2026-01-25 07:36:16.030109,0x433ad35c,5.679616,66.67487,1007.96295,220.74289,185,,,5.75,-57,,3,3
2026-01-25 07:36:34.104505,0x433af380,3.7993143,72.436455,1008.3972,234.19185,139,,,5.5,-34,,3,3
2026-01-25 07:36:43.210608,0x433b0b38,5.57066,64.44971,1007.8754,255.80814,174,,,5.75,-77,,5,5
2026-01-25 07:37:34.387066,0x433af380,4.0434775,71.685326,1008.3869,245.6791,124,,,5.75,-35,,3,3
2026-01-25 07:37:43.258958,0x433b0b38,5.572926,64.438896,1007.88153,257.1572,173,,,6.0,-77,,5,5
2026-01-25 07:38:34.667672,0x433af380,4.3484945,70.688614,1008.38873,245.86185,120,,,5.5,-34,,3,3
2026-01-25 07:38:43.254778,0x433b0b38,5.5586004,64.66732,1007.8839,257.3511,173,,,5.75,-77,,5,5
2026-01-25 07:38:48.752676,0x433aad0c,6.2608004,63.41046,1008.1843,278.7277,189,,,5.25,-70,,3,3
2026-01-25 07:39:16.017987,0x433ad35c,5.8204145,66.416725,1008.00903,225.10199,183,,,6.75,-56,,3,3
2026-01-25 07:39:34.935422,0x433af380,4.613195,70.13283,1008.4033,238.07103,128,,,5.25,-34,,3,3
2026-01-25 07:39:43.861619,0x433b0b38,5.732906,64.277756,1007.888,258.52057,172,,,5.75,-79,,5,5
2026-01-25 07:40:35.341663,0x433af380,5.287195,67.80741,1008.4402,233.8605,130,,,7.5,-34,,3,3
2026-01-25 07:40:43.269768,0x433b0b38,5.714505,64.3933,1007.9518,258.32492,171,,,6.0,-78,,5,5
2026-01-25 07:41:35.433985,0x433af380,6.022243,65.50823,1008.4654,231.56703,127,,,5.75,-34,,3,3
2026-01-25 07:41:44.845407,0x433b0b38,5.7788105,64.219406,1007.9002,258.32492,171,,,4.75,-77,,5,5
2026-01-25 07:41:48.777647,0x433aad0c,6.4006414,63.207085,1008.19763,278.96378,188,,,5.25,-69,,3,3
2026-01-25 07:42:16.034530,0x433ad35c,5.359372,67.20985,1008.0286,227.26859,183,,,6.0,-56,,3,3
2026-01-25 07:42:40.315831,0x433af380,6.141784,64.70082,1008.46326,234.02608,122,,,5.75,-34,,3,3
2026-01-25 07:42:43.786874,0x433b0b38,5.7634625,64.15748,1007.9138,259.5033,171,,,5.5,-77,,5,5
2026-01-25 07:43:36.337103,0x433af380,6.146871,64.48167,1008.46155,234.19185,124,,,7.5,-34,,3,3
2026-01-25 07:43:43.350490,0x433b0b38,5.514206,64.359146,1007.9895,259.8985,171,,,6.0,-78,,5,5
2026-01-25 07:44:36.583382,0x433af380,5.963556,65.09534,1008.4826,233.53009,126,,,5.75,-34,,3,3
2026-01-25 07:44:48.925678,0x433aad0c,6.516146,62.91848,1008.22833,276.62073,189,,,5.5,-70,,3,3
2026-01-25 07:44:50.815095,0x433b0b38,5.473429,64.461426,1007.9448,259.5033,172,,,5.25,-75,,5,4
2026-01-25 07:45:16.098334,0x433ad35c,5.1489515,67.96178,1008.0713,229.63672,183,,,7.0,-56,,3,3
2026-01-25 07:45:36.835866,0x433af380,5.7628136,65.576675,1008.47925,236.87688,123,,,5.75,-34,,3,3
2026-01-25 07:45:45.976673,0x433b0b38,5.4504437,64.625145,1007.96594,259.1093,172,,,5.5,-77,,5,5
2026-01-25 07:46:37.107032,0x433af380,5.6788807,65.98276,1008.53015,233.53009,128,,,5.75,-34,,3,3
2026-01-25 07:46:43.627794,0x433b0b38,5.4324865,64.5063,1007.9863,259.8985,172,,,5.5,-78,,5,5
2026-01-25 07:47:37.380131,0x433af380,5.722119,66.06117,1008.5599,233.53009,127,,,5.75,-34,,3,3
2026-01-25 07:47:49.878151,0x433aad0c,6.257966,63.11885,1008.33563,277.5532,190,,,5.75,-69,,3,3
2026-01-25 07:47:54.541595,0x433b0b38,5.600017,64.45134,1008.0304,259.1093,172,,,5.5,-75,,5,4
2026-01-25 07:48:16.838746,0x433ad35c,5.564857,67.13266,1008.1438,231.72934,181,,,6.5,-56,,3,3
2026-01-25 07:48:38.017694,0x433af380,5.785704,66.01048,1008.5492,233.53009,126,,,6.25,-34,,3,3
2026-01-25 07:48:44.589666,0x433b0b38,5.619996,64.54303,1008.03864,258.71652,171,,,5.5,-78,,5,5
2026-01-25 07:49:38.421462,0x433af380,5.8416595,65.996925,1008.573,231.8919,126,,,6.0,-34,,3,3
2026-01-25 07:49:44.251848,0x433b0b38,5.7100453,64.40913,1008.0386,258.71652,171,,,5.75,-78,,5,5
2026-01-25 07:50:38.132890,0x433af380,5.633099,66.54635,1008.60394,233.20059,127,,,8.0,-34,,3,3
2026-01-25 07:50:46.931694,0x433b0b38,5.665279,64.26804,1008.06415,257.3511,172,,,6.75,-79,,5,5
2026-01-25 07:50:50.797196,0x433aad0c,6.4217377,62.701637,1008.37415,273.63293,190,,,5.75,-69,,3,3
2026-01-25 07:51:16.663479,0x433ad35c,5.9231386,66.3379,1008.2033,231.24306,180,,,6.5,-56,,3,3
2026-01-25 07:51:38.405053,0x433af380,5.2592177,67.41569,1008.58356,235.19156,126,,,7.0,-34,,3,3
2026-01-25 07:51:43.705893,0x433b0b38,5.7678356,64.22921,1008.0564,254.28358,173,,,5.5,-79,,5,5
2026-01-25 07:52:38.656388,0x433af380,5.0099645,68.164024,1008.5935,235.35902,128,,,6.25,-34,,3,3
2026-01-25 07:52:43.909452,0x433b0b38,5.8043265,64.446495,1008.07336,255.4253,173,,,5.5,-79,,5,5
2026-01-25 07:53:39.320659,0x433af380,4.9004097,68.56634,1008.6101,236.36873,128,,,5.5,-34,,3,3
2026-01-25 07:53:43.727607,0x433b0b38,5.801564,64.33652,1008.0964,252.03052,174,,,5.5,-78,,5,5
2026-01-25 07:53:49.263003,0x433aad0c,6.719005,62.32974,1008.41254,265.04474,192,,,5.5,-70,,3,3
2026-01-25 07:54:16.669706,0x433ad35c,5.960721,66.47391,1008.22577,229.15913,180,,,5.5,-58,,3,3
2026-01-25 07:54:39.159712,0x433af380,4.8063045,69.034195,1008.62024,234.85739,130,,,6.5,-33,,3,3
2026-01-25 07:54:44.603861,0x433b0b38,5.9148664,64.18727,1008.13336,253.33994,174,,,5.5,-78,,5,5
2026-01-25 07:55:39.405178,0x433af380,4.7452626,69.46007,1008.6381,233.8605,131,,,6.0,-34,,3,3
2026-01-25 07:55:43.778786,0x433b0b38,5.9567194,64.1054,1008.11273,253.52809,173,,,5.5,-77,,5,5
2026-01-25 07:56:40.244061,0x433af380,4.9438357,69.49715,1008.6416,231.08142,133,,,5.5,-34,,3,3
2026-01-25 07:56:45.194463,0x433b0b38,5.979893,64.10231,1008.1044,248.7248,176,,,5.5,-78,,5,5
2026-01-25 07:56:50.493437,0x433aad0c,6.680739,62.807,1008.42035,268.06494,191,,,7.75,-34,,3,2
2026-01-25 07:57:16.710027,0x433ad35c,6.1912246,66.273895,1008.2339,226.80081,180,,,7.0,-56,,3,3
2026-01-25 07:57:39.951866,0x433af380,5.1269984,69.15191,1008.67163,230.59782,131,,,7.5,-34,,3,3
2026-01-25 07:57:44.225466,0x433b0b38,5.9670024,64.09492,1008.11115,244.80037,180,,,5.5,-78,,5,5
2026-01-25 07:58:40.211982,0x433af380,5.0735493,69.219,1008.6469,232.05469,127,,,5.5,-34,,3,3
2026-01-25 07:58:44.128183,0x433b0b38,6.066576,64.18559,1008.13367,243.57755,180,,,5.75,-78,,5,5
2026-01-25 07:59:40.464125,0x433af380,4.895549,69.34903,1008.6387,230.59782,130,,,6.25,-34,,3,3
2026-01-25 07:59:45.821177,0x433b0b38,6.082721,64.13753,1008.12506,242.88425,180,,,5.5,-78,,5,5
2026-01-25 07:59:51.190691,0x433aad0c,6.835008,62.825592,1008.42633,269.60104,190,,,5.5,-69,,3,3
2026-01-25 08:00:16.746963,0x433ad35c,6.1887193,66.31291,1008.2443,215.84245,185,,,6.75,-57,,3,3
2026-01-25 08:00:40.709958,0x433af380,4.3029017,70.76916,1008.65686,238.07103,129,,,6.25,-34,,3,3
2026-01-25 08:00:45.964431,0x433b0b38,6.0595846,64.33111,1008.1203,242.53908,180,,,5.25,-78,,5,5
2026-01-25 08:01:40.959604,0x433af380,4.012957,71.68902,1008.64984,242.61388,125,,,6.0,-34,,3,3
2026-01-25 08:01:49.274486,0x433b0b38,6.0873704,64.44864,1008.1501,246.21303,177,,,5.5,-75,,5,4
2026-01-25 08:02:41.207707,0x433af380,4.2240577,71.6991,1008.68365,240.49582,125,,,5.75,-35,,3,3
2026-01-24 17:02:12.480185,0x433b0b38,15.530523,42.42192,1001.86676,315.36804,144,,,6.0,-77,,5,5
2026-01-24 17:02:40.270897,0x433aad0c,16.021347,40.243816,1002.29047,892.1438,143,,,5.0,-70,,3,3
2026-01-24 17:02:44.804126,0x433af380,15.273148,41.66974,1002.29663,182.1506,154,,,6.0,-34,,3,3
2026-01-24 17:03:10.285926,0x433ad35c,15.542116,43.206516,1002.0897,337.13068,193,,,5.25,-70,,3,2
2026-01-24 17:03:12.041592,0x433b0b38,15.499254,42.39307,1001.86975,318.90378,144,,,5.75,-77,,5,5
2026-01-24 17:03:43.374478,0x433af380,14.871248,42.563557,1002.32324,184.956,153,,,6.0,-34,,3,3
2026-01-24 17:04:12.051016,0x433b0b38,15.327455,42.80715,1001.8662,319.5008,143,,,5.5,-77,,5,5
2026-01-24 17:04:43.567366,0x433af380,14.899228,42.65273,1002.3263,178.6663,156,,,5.75,-34,,3,3
2026-01-24 17:05:12.065802,0x433b0b38,15.142385,43.30244,1001.86365,323.1303,142,,,5.5,-77,,5,5
2026-01-24 17:05:40.355827,0x433aad0c,15.697379,41.24083,1002.2935,858.4241,146,,,5.5,-70,,3,3
2026-01-24 17:05:43.374309,0x433af380,14.9755,42.749672,1002.31445,172.96811,162,,,7.75,-35,,3,3
2026-01-24 17:06:08.966986,0x433ad35c,15.071077,44.377,1002.1214,342.0139,192,,,6.25,-58,,3,3
2026-01-24 17:06:12.274539,0x433b0b38,15.0086565,43.81051,1001.8491,318.60608,143,,,6.5,-77,,5,5
2026-01-24 17:06:43.967968,0x433af380,14.560958,43.573837,1002.3113,170.3394,164,,,5.5,-33,,3,3
2026-01-24 17:07:12.735319,0x433b0b38,15.011152,43.9615,1001.8486,314.4963,144,,,6.0,-77,,5,5
2026-01-24 17:07:44.279099,0x433af380,14.54547,44.09484,1002.33405,166.46039,169,,,6.0,-33,,3,3
2026-01-24 17:08:12.182626,0x433b0b38,14.946954,44.864456,1001.8761,308.8058,146,,,5.5,-78,,5,5
2026-01-24 17:08:40.332796,0x433aad0c,15.568723,41.68763,1002.2779,800.95636,150,,,6.0,-70,,3,3
2026-01-24 17:08:47.078156,0x433af380,14.916468,43.321247,1002.32983,169.65187,163,,,6.0,-34,,3,3
2026-01-24 17:09:08.537386,0x433ad35c,14.752813,45.322758,1002.1088,287.8181,205,,,5.75,-57,,3,3
2026-01-24 17:09:12.322891,0x433b0b38,14.907557,45.14219,1001.8804,305.2161,147,,,5.25,-77,,5,5
2026-01-24 17:09:44.802520,0x433af380,14.893953,43.28099,1002.3471,173.68286,159,,,5.25,-34,,3,3
2026-01-24 17:10:12.162706,0x433b0b38,14.833757,45.522755,1001.8837,305.48926,147,,,5.5,-77,,5,5
2026-01-24 17:10:44.699466,0x433af380,14.63723,43.851345,1002.3524,174.94795,159,,,6.0,-34,,3,3
2026-01-24 17:11:12.179714,0x433b0b38,14.581844,45.776577,1001.89703,305.7629,146,,,5.5,-77,,5,5
2026-01-24 17:11:40.472865,0x433aad0c,15.422063,42.51973,1002.3044,767.9083,152,,,5.5,-70,,3,3
2026-01-24 17:11:44.976435,0x433af380,13.921629,45.44328,1002.36066,177.34706,156,,,5.75,-34,,3,3
2026-01-24 17:12:09.125301,0x433ad35c,14.559874,46.08744,1002.127,272.1778,207,,,6.5,-58,,3,3
2026-01-24 17:12:12.204977,0x433b0b38,14.4606695,45.90456,1001.9058,307.4152,146,,,5.5,-78,,5,5
2026-01-24 17:12:45.493168,0x433af380,13.355232,47.12011,1002.3341,185.1597,152,,,5.75,-35,,3,3
2026-01-24 17:13:12.392134,0x433b0b38,14.476397,45.6258,1001.9029,306.86243,147,,,5.5,-78,,5,5
2026-01-24 17:13:45.781658,0x433af380,13.411193,47.14355,1002.34393,172.0829,162,,,6.25,-34,,3,3
2026-01-24 17:14:12.254430,0x433b0b38,14.353031,45.903214,1001.93695,309.08542,147,,,5.5,-78,,5,5
2026-01-24 17:14:40.573969,0x433aad0c,15.040242,43.006645,1002.3073,749.0217,154,,,5.5,-71,,3,3
2026-01-24 17:14:47.017481,0x433af380,13.446616,47.26002,1002.36304,171.20674,164,,,6.25,-34,,3,3
2026-01-24 17:15:08.572665,0x433ad35c,14.166515,47.286263,1002.1652,270.17572,203,,,6.25,-58,,3,3
2026-01-24 17:15:12.538839,0x433b0b38,14.069241,46.501385,1001.93756,308.24802,147,,,5.5,-77,,5,5
2026-01-24 17:15:45.986860,0x433af380,13.156642,47.89644,1002.33295,168.46193,164,,,6.0,-33,,3,3
2026-01-24 17:16:12.281943,0x433b0b38,13.856843,47.034836,1001.94763,307.13855,147,,,5.75,-78,,5,5
2026-01-24 17:16:46.762673,0x433af380,12.88193,48.638546,1002.3905,164.34506,168,,,5.75,-34,,3,3
2026-01-24 17:17:12.291426,0x433b0b38,13.751512,47.34233,1001.9745,304.6712,149,,,6.25,-78,,5,5
2026-01-24 17:17:40.466677,0x433aad0c,14.524444,44.60117,1002.3729,732.3092,155,,,5.75,-71,,3,3
2026-01-24 17:17:46.620640,0x433af380,12.705966,49.53834,1002.3857,154.66881,179,,,5.75,-34,,3,3
2026-01-24 17:18:08.625189,0x433ad35c,13.805696,48.35393,1002.1877,254.1798,205,,,5.75,-58,,3,3
2026-01-24 17:18:12.698797,0x433b0b38,13.710038,47.57464,1001.9825,303.31754,149,,,6.5,-78,,5,5
2026-01-24 17:18:46.886717,0x433af380,12.576697,49.98378,1002.4011,154.10175,180,,,6.0,-34,,3,3
2026-01-24 17:19:12.326085,0x433b0b38,13.643419,47.765293,1001.99347,300.11722,150,,,5.5,-78,,5,5
2026-01-24 17:19:47.047801,0x433af380,12.365767,50.19879,1002.45325,164.18456,169,,,5.5,-33,,3,3
2026-01-24 17:20:12.329773,0x433b0b38,13.520054,48.34672,1001.98114,297.24237,151,,,6.0,-78,,5,5
2026-01-24 17:20:40.950541,0x433aad0c,14.349935,45.551636,1002.4248,690.03156,159,,,5.5,-71,,3,3
2026-01-24 17:20:47.295356,0x433af380,12.213338,50.706123,1002.465,162.91183,171,,,5.75,-33,,3,3
2026-01-24 17:21:08.657529,0x433ad35c,13.535081,49.065464,1002.2487,257.94818,201,,,6.0,-57,,3,3
2026-01-24 17:21:12.424466,0x433b0b38,13.545838,48.41631,1002.01227,296.46786,151,,,5.75,-77,,5,5
2026-01-24 17:21:47.549685,0x433af380,11.984227,51.37062,1002.4689,171.55612,164,,,6.0,-34,,3,3
2026-01-24 17:22:12.401920,0x433b0b38,13.545763,48.297386,1002.01385,295.18594,152,,,5.5,-78,,5,5
2026-01-24 17:22:47.788274,0x433af380,11.796001,51.929928,1002.46124,168.80019,165,,0.016598888,6.0,-33,,3,3
2026-01-24 17:23:13.343963,0x433b0b38,13.535518,48.119854,1002.021,295.95374,152,,,5.5,-78,,5,5
2026-01-24 17:23:40.558907,0x433aad0c,14.309476,45.648933,1002.4533,643.5871,163,,,5.5,-70,,3,3
2026-01-24 17:23:48.055886,0x433af380,11.749613,52.284943,1002.4574,168.29327,165,,,5.5,-34,,3,3
2026-01-24 17:24:08.669381,0x433ad35c,13.199282,49.978146,1002.26434,265.83047,198,,,6.0,-57,,3,3
2026-01-24 17:24:12.435048,0x433b0b38,13.442014,48.477627,1002.0369,294.67624,152,,,5.5,-79,,5,5
2026-01-24 17:24:48.598764,0x433af380,12.070521,51.63642,1002.50854,166.29575,166,,,7.5,-34,,3,3
2026-01-24 17:25:12.518469,0x433b0b38,13.435252,48.38238,1002.0333,294.67624,152,,,5.75,-78,,5,5
2026-01-24 17:25:48.573190,0x433af380,12.301989,50.64122,1002.51227,175.1302,158,,0.14932059,6.0,-34,,3,3
2026-01-24 17:26:12.544813,0x433b0b38,13.340092,48.355137,1002.06287,299.0654,151,,,5.5,-78,,5,5
2026-01-24 17:26:40.477436,0x433aad0c,13.92766,46.113388,1002.4711,628.47943,165,,,5.75,-71,,3,3
2026-01-24 17:26:48.843591,0x433af380,12.3070755,50.358414,1002.5256,178.09851,156,,0.082965516,5.75,-33,,3,3
2026-01-24 17:27:08.687104,0x433ad35c,12.450127,53.02195,1002.33417,248.44876,202,,,6.25,-57,,3,3
2026-01-24 17:27:12.578638,0x433b0b38,13.311623,48.399452,1002.0635,302.24323,150,,,5.5,-78,,5,5
2026-01-24 17:27:49.509121,0x433af380,12.393558,50.274723,1002.55524,170.68529,160,,,6.0,-34,,3,3
2026-01-24 17:28:12.816862,0x433b0b38,13.211547,49.274414,1002.0907,301.17648,150,,,5.25,-77,,5,5
2026-01-24 17:28:49.368405,0x433af380,12.566711,49.40673,1002.57654,164.50586,167,,,6.0,-33,,3,3
2026-01-24 17:29:12.585322,0x433b0b38,13.144665,49.382957,1002.0886,300.38135,150,,,5.5,-78,,5,5
2026-01-24 17:29:40.967447,0x433aad0c,13.836632,46.651417,1002.52185,620.32495,166,,,5.5,-70,,3,3
2026-01-24 17:29:49.632581,0x433af380,12.812571,48.682873,1002.56055,165.80376,169,,,7.75,-34,,3,3
2026-01-24 17:30:09.278783,0x433ad35c,12.126898,54.02413,1002.3697,243.68692,201,,,6.0,-57,,3,3
2026-01-24 17:30:12.605820,0x433b0b38,13.088143,49.56678,1002.10913,298.28137,151,,,5.5,-77,,5,5
2026-01-24 17:30:50.665586,0x433af380,12.7702,48.87982,1002.5746,165.9674,169,,,5.75,-34,,3,3
2026-01-24 17:31:12.631612,0x433b0b38,13.013587,49.45877,1002.1199,297.50143,151,,,5.5,-77,,5,5
2026-01-24 17:31:50.143506,0x433af380,12.630301,49.77801,1002.62445,164.66698,168,,,7.25,-34,,3,3
2026-01-24 17:32:12.647668,0x433b0b38,12.967349,49.245598,1002.1466,297.50143,151,,,5.75,-78,,5,5
2026-01-24 17:32:40.526580,0x433aad0c,13.472518,47.67755,1002.5702,563.40955,172,,,5.5,-70,,3,3
2026-01-24 17:32:50.398273,0x433af380,12.309619,50.458954,1002.6318,170.68529,164,,,5.5,-34,,3,3
2026-01-24 17:33:09.174487,0x433ad35c,12.314821,53.361725,1002.4093,250.70987,198,,,5.75,-57,,3,3
2026-01-24 17:33:12.973335,0x433b0b38,12.889425,49.41556,1002.1564,299.0654,151,,,6.0,-79,,5,5
2026-01-24 17:33:51.029875,0x433af380,12.223137,51.15152,1002.6482,165.80376,167,,,5.75,-33,,3,3
2026-01-24 17:34:13.282855,0x433b0b38,12.715364,49.80032,1002.1759,302.77942,150,,,5.5,-78,,5,5
2026-01-24 17:34:51.632058,0x433af380,12.268922,51.437263,1002.64154,173.50362,159,,,6.0,-34,,3,3
2026-01-24 17:35:12.708921,0x433b0b38,12.494344,50.48741,1002.1974,303.5873,150,,,5.5,-78,,5,5
2026-01-24 17:35:40.650691,0x433aad0c,13.287894,47.668644,1002.5561,582.0266,171,,,5.0,-69,,3,3
2026-01-24 17:35:51.182337,0x433af380,12.292002,51.387405,1002.67566,162.12633,163,,,5.25,-33,,3,3
2026-01-24 17:36:09.256701,0x433ad35c,12.156927,53.20341,1002.42175,244.22705,199,,,6.5,-58,,3,3
2026-01-24 17:36:12.752000,0x433b0b38,12.413736,50.656044,1002.20074,303.31754,150,,,5.25,-78,,5,5
2026-01-24 17:36:51.436877,0x433af380,12.139386,51.414852,1002.68396,165.9674,165,,,5.75,-33,,3,3
2026-01-24 17:37:12.750602,0x433b0b38,12.417143,50.784897,1002.2118,302.24323,151,,,5.5,-77,,5,5
2026-01-24 17:37:52.118708,0x433af380,12.075796,51.69361,1002.6799,163.06984,168,,,5.75,-33,,3,3
2026-01-24 17:38:13.004165,0x433b0b38,12.381151,50.98055,1002.2285,300.91098,151,,,6.0,-77,,5,5
2026-01-24 17:38:40.536963,0x433aad0c,13.174148,47.984783,1002.6413,578.5053,171,,,6.0,-69,,3,3
2026-01-24 17:38:51.972110,0x433af380,11.930812,52.065914,1002.6767,162.91183,169,,,5.75,-34,,3,3
2026-01-24 17:39:08.800914,0x433ad35c,11.690917,55.007847,1002.44116,209.15092,208,,,7.25,-57,,3,3
2026-01-24 17:39:15.339485,0x433b0b38,12.406405,50.97617,1002.24976,296.2106,153,,,7.5,-58,,5,4
2026-01-24 17:39:52.209192,0x433af380,11.864678,52.279575,1002.6992,156.25,176,,,6.25,-34,,3,3
2026-01-24 17:40:12.802370,0x433b0b38,12.319411,51.424812,1002.2627,292.65503,154,,,5.5,-77,,5,5
2026-01-24 17:40:52.601546,0x433af380,11.640655,52.671223,1002.706,163.38678,169,,,6.0,-34,,3,3
2026-01-24 17:41:12.871994,0x433b0b38,12.345459,51.230343,1002.27106,288.4507,156,,,6.0,-78,,5,5
2026-01-24 17:41:41.078731,0x433aad0c,13.10082,48.584526,1002.6913,555.0005,173,,,5.5,-71,,3,3
2026-01-24 17:41:53.043578,0x433af380,11.233684,53.936543,1002.70734,161.1937,173,,,5.75,-34,,3,3
2026-01-24 17:42:08.797685,0x433ad35c,11.776109,54.552605,1002.5057,207.96672,206,,,6.0,-58,,3,3
2026-01-24 17:42:12.867372,0x433b0b38,12.296274,51.11991,1002.2933,287.72128,156,,,6.75,-79,,5,5
2026-01-24 17:42:53.447263,0x433af380,10.4197445,55.50599,1002.7606,184.14568,157,,,6.0,-33,,3,3
2026-01-24 17:43:12.867034,0x433b0b38,12.221719,51.419228,1002.32495,285.79404,157,,,6.75,-78,,5,5
2026-01-24 17:43:53.616035,0x433af380,10.188281,56.4502,1002.7769,183.34242,156,,,6.5,-34,,3,3
2026-01-24 17:44:12.918415,0x433b0b38,12.265424,51.086742,1002.31696,282.24918,159,,,5.75,-77,,5,5
2026-01-24 17:44:40.633511,0x433aad0c,12.898536,48.91759,1002.73083,527.8632,177,,,6.0,-70,,3,3
2026-01-24 17:44:53.530830,0x433af380,10.60288,55.79287,1002.8086,182.1506,155,,,5.25,-34,,3,3
2026-01-24 17:45:08.792356,0x433ad35c,11.570608,54.62357,1002.58704,232.05469,198,,,7.0,-56,,3,3
2026-01-24 17:45:13.245725,0x433b0b38,12.200276,51.50646,1002.35016,279.705,160,,,5.5,-78,,5,5
2026-01-24 17:45:53.788610,0x433af380,10.885215,55.280327,1002.81934,182.74457,153,,,6.75,-34,,3,3
2026-01-24 17:46:13.094012,0x433b0b38,12.077787,51.88883,1002.37115,278.1097,160,,,6.75,-78,,5,5
2026-01-24 17:46:54.507711,0x433af380,10.979514,54.977184,1002.8549,182.34816,152,,,5.5,-34,,3,3
2026-01-24 17:47:12.934841,0x433b0b38,11.941494,52.362377,1002.3798,278.56366,161,,,5.5,-78,,5,5
2026-01-24 17:47:40.610442,0x433aad0c,12.567295,50.285923,1002.8111,512.50433,178,,,5.25,-71,,3,3
2026-01-24 17:47:54.332380,0x433af380,11.528926,53.711136,1002.8483,171.38126,160,,,6.0,-33,,3,3
2026-01-24 17:48:08.996024,0x433ad35c,11.179543,55.688995,1002.641,242.97049,195,,,7.0,-56,,3,3
2026-01-24 17:48:13.567247,0x433b0b38,11.956578,52.059723,1002.3982,279.24734,161,,,5.75,-78,,5,5
2026-01-24 17:48:54.602635,0x433af380,11.688983,52.996223,1002.85297,169.48087,162,,,5.75,-34,,3,3
2026-01-24 17:49:13.005476,0x433b0b38,11.841269,52.550144,1002.3785,279.705,160,,,5.5,-78,,5,5
2026-01-24 17:49:54.852765,0x433af380,11.75003,52.37626,1002.85114,172.25923,160,,,5.75,-34,,3,3
2026-01-24 17:50:13.030816,0x433b0b38,11.820778,52.517014,1002.4412,281.55072,160,,,5.25,-78,,5,5
2026-01-24 17:50:40.640948,0x433aad0c,12.564767,50.172592,1002.85004,491.43222,181,,,5.5,-70,,3,3
2026-01-24 17:50:55.541096,0x433af380,11.872122,51.924973,1002.89667,167.95705,163,,,5.75,-33,,3,3
2026-01-24 17:51:08.847507,0x433ad35c,11.072424,56.291664,1002.71185,229.79634,198,,,7.0,-57,,3,3
2026-01-24 17:51:13.037011,0x433b0b38,11.784065,52.612614,1002.46405,282.7167,159,,,5.75,-78,,5,5
2026-01-24 17:51:55.427468,0x433af380,11.859404,52.092255,1002.9184,167.45517,165,,,6.0,-34,,3,3
2026-01-24 17:52:13.070782,0x433b0b38,11.719525,52.844654,1002.4823,282.01596,159,,,5.5,-78,,5,5
2026-01-24 17:52:55.646691,0x433af380,11.699345,52.45674,1002.94604,170.3394,163,,,5.75,-34,,3,3
2026-01-24 17:53:13.083790,0x433b0b38,11.71783,53.008156,1002.48615,280.39432,160,,,5.75,-78,,5,5
2026-01-24 17:53:41.940514,0x433aad0c,12.473739,50.409256,1002.92175,478.77725,183,,,6.0,-70,,3,3
2026-01-24 17:53:55.891650,0x433af380,11.048191,54.30938,1002.9979,169.65187,165,,,6.75,-34,,3,3
2026-01-24 17:54:08.938706,0x433ad35c,10.938434,57.06541,1002.77374,217.69025,199,,,7.25,-57,,3,3
2026-01-24 17:54:13.164994,0x433b0b38,11.550993,53.466045,1002.52386,281.08704,160,,,6.5,-78,,5,5
2026-01-24 17:54:56.166677,0x433af380,10.788747,55.352222,1003.0032,156.83302,177,,,7.75,-34,,3,3
2026-01-24 17:55:13.112529,0x433b0b38,11.506794,53.22159,1002.5439,282.01596,159,,,5.0,-77,,5,5
2026-01-24 17:55:56.614270,0x433af380,10.033314,56.711365,1003.0031,180.39165,160,,0.08299031,5.75,-33,,3,3
2026-01-24 17:56:13.136439,0x433b0b38,11.383657,53.638863,1002.54016,285.07794,159,,,5.25,-79,,5,5
2026-01-24 17:56:41.224278,0x433aad0c,12.150087,51.229008,1002.9563,466.10767,185,,,6.0,-69,,3,3
2026-01-24 17:56:56.681126,0x433af380,9.659414,57.511246,1003.0254,188.6243,152,,0.14932059,6.25,-33,,3,3
2026-01-24 17:57:09.462290,0x433ad35c,10.861178,56.837906,1002.82117,208.09764,201,,,7.5,-57,,3,3
2026-01-24 17:57:16.542487,0x433b0b38,11.18003,54.198517,1002.58484,285.31625,159,,,5.5,-70,,5,4
2026-01-24 17:57:57.480592,0x433af380,9.79149,57.71474,1003.0514,180.77956,159,,,7.5,-33,,3,3
2026-01-24 17:58:13.287516,0x433b0b38,11.108577,54.32275,1002.61414,285.79404,159,,,5.25,-78,,5,5
2026-01-24 17:58:57.626719,0x433af380,9.855079,57.942593,1003.0679,172.43591,166,,,5.75,-33,,3,3
2026-01-24 17:59:13.433340,0x433b0b38,11.11886,54.40619,1002.627,282.24918,160,,,5.5,-78,,5,5
2026-01-24 17:59:40.823592,0x433aad0c,11.947805,51.86224,1003.02313,462.56433,185,,,6.0,-71,,3,3
2026-01-24 17:59:57.440861,0x433af380,10.038213,57.64296,1003.1011,173.50362,163,,,6.0,-34,,3,3
2026-01-24 18:00:09.006553,0x433ad35c,10.717901,57.206146,1002.8586,225.87102,195,,,5.75,-57,,3,3
2026-01-24 18:00:13.203838,0x433b0b38,11.1314125,54.209743,1002.6246,283.6565,160,,,5.5,-78,,5,5
2026-01-24 18:00:57.698986,0x433af380,10.338351,56.63212,1003.09436,180.00534,155,,,7.25,-34,,3,3
2026-01-24 18:01:13.257922,0x433b0b38,11.101128,54.666565,1002.6645,280.8557,161,,,5.5,-77,,5,5
2026-01-24 18:01:58.011505,0x433af380,10.437549,56.69058,1003.11676,180.19829,154,,,5.25,-33,,3,3
2026-01-24 11:02:00.592840,0x433b0b38,16.510025,40.968643,1002.7528,399.60974,130,,,6.5,-75,,5,5
2026-01-24 11:02:07.276714,0x433af380,21.173882,30.402617,1003.3177,205.25504,178,254,1.0950358,6.0,-34,,3,3
2026-01-24 11:02:36.610835,0x433aad0c,15.856986,40.067913,1003.09436,1509.859,41,,,5.25,-70,,3,3
2026-01-24 11:03:00.322502,0x433b0b38,16.87004,40.92762,1002.7898,390.69055,130,,,5.25,-76,,5,5
2026-01-24 11:03:06.420970,0x433ad35c,20.09011,33.43258,1002.9324,872.24384,49,,,6.75,-57,,3,3
2026-01-24 11:03:09.470105,0x433af380,20.51848,30.606169,1003.293,213.8873,173,244,1.7592777,5.75,-33,,3,3
2026-01-24 11:04:00.297964,0x433b0b38,17.008835,39.999725,1002.77264,412.65363,126,,,5.75,-76,,5,5
2026-01-24 11:04:06.870764,0x433af380,20.709192,30.20016,1003.3065,213.61089,174,269,1.5760834,6.25,-34,,3,3
2026-01-24 11:05:00.855981,0x433b0b38,17.139917,39.42827,1002.8017,388.68857,131,,,6.0,-75,,5,5
2026-01-24 11:05:07.106663,0x433af380,20.503103,31.228539,1003.28864,215.14009,173,214,1.3935895,6.25,-34,,3,3
2026-01-24 11:05:36.666514,0x433aad0c,16.016289,39.717636,1003.0868,1617.3807,37,,,5.5,-69,,3,3
2026-01-24 11:06:00.384084,0x433b0b38,17.160599,39.0668,1002.7627,438.91983,120,,,5.5,-76,,5,5
2026-01-24 11:06:05.674070,0x433ad35c,19.88911,34.30472,1002.9542,870.5501,50,,,6.75,-59,,3,3
2026-01-24 11:06:09.313544,0x433af380,20.174763,30.88977,1003.2428,225.7168,168,256,1.82509,5.5,-34,,3,3
2026-01-24 11:07:00.921382,0x433b0b38,17.340494,40.252502,1002.7221,465.24307,111,,,5.75,-76,,5,5
2026-01-24 11:07:07.722489,0x433af380,20.311253,32.248253,1003.25946,207.18468,181,251,1.210935,6.0,-33,,3,3
2026-01-24 11:08:00.436144,0x433b0b38,17.546213,40.261887,1002.71906,462.40686,110,,,5.5,-76,,5,5
2026-01-24 11:08:07.967657,0x433af380,21.30702,32.06239,1003.31683,185.44978,195,,0.53091764,6.0,-33,,3,3
2026-01-24 11:08:37.523381,0x433aad0c,16.27421,38.424145,1003.0695,1475.771,48,,,5.75,-70,,3,3
2026-01-24 11:09:00.968713,0x433b0b38,17.566744,39.04374,1002.72296,422.8784,122,,,5.5,-76,,5,5
2026-01-24 11:09:05.735960,0x433ad35c,20.56877,32.161053,1002.9139,894.2819,50,,,6.0,-57,,3,3
2026-01-24 11:09:10.828338,0x433af380,21.690739,29.827005,1003.3176,190.9119,189,,0.89617634,6.0,-33,,3,3
2026-01-24 11:10:00.453486,0x433b0b38,17.571848,37.8172,1002.6904,401.01822,128,,,5.25,-76,,5,5
2026-01-24 11:10:08.489266,0x433af380,22.080215,29.512236,1003.30524,195.42638,183,,1.061712,6.0,-33,,3,3
2026-01-24 11:11:00.463950,0x433b0b38,17.677336,37.382378,1002.6949,438.91983,120,,,5.5,-77,,5,5
2026-01-24 11:11:08.767967,0x433af380,21.253536,29.602066,1003.2855,200.40225,183,219,2.1240582,6.25,-34,,3,3
2026-01-24 11:11:36.692798,0x433aad0c,16.29444,38.636803,1003.0483,1549.1332,48,,,7.25,-74,,3,3
2026-01-24 11:12:00.459899,0x433b0b38,17.487005,37.069637,1002.63715,482.67734,111,,,7.0,-74,,5,5
2026-01-24 11:12:05.754746,0x433ad35c,19.692055,31.535664,1002.8571,932.7323,50,,,5.75,-56,,3,3
2026-01-24 11:12:10.870809,0x433af380,20.853472,28.806595,1003.18365,214.02579,183,213,1.4098991,6.0,-34,,3,3
2026-01-24 11:13:00.516467,0x433b0b38,17.45358,35.9881,1002.5961,530.70746,103,,,6.0,-78,,5,5
2026-01-24 11:13:09.479241,0x433af380,20.055317,29.93518,1003.1365,231.08142,174,251,2.3898432,5.5,-34,,3,3
2026-01-24 11:14:01.348775,0x433b0b38,17.63102,37.236485,1002.65826,564.9655,96,,,5.75,-76,,5,5
2026-01-24 11:14:09.569337,0x433af380,20.065342,31.236225,1003.18054,216.40764,181,,1.609264,6.75,-34,,3,3
2026-01-24 11:14:36.706789,0x433aad0c,16.127548,39.3023,1002.9786,1715.7491,44,,,6.5,-74,,3,3
2026-01-24 11:15:00.525816,0x433b0b38,17.68244,37.389088,1002.6276,534.0287,98,,,5.25,-78,,5,5
2026-01-24 11:15:05.724129,0x433ad35c,19.794306,33.713757,1002.82,934.02783,50,,,6.25,-58,,3,3
2026-01-24 11:15:10.239073,0x433af380,19.627161,31.270403,1003.1215,227.26859,175,201,3.2524104,7.5,-34,,3,3
2026-01-24 11:16:01.107422,0x433b0b38,17.553926,37.00633,1002.5771,446.96637,117,,,6.5,-77,,5,5
2026-01-24 11:16:10.418458,0x433af380,19.94829,31.641365,1003.1556,219.13329,179,208,2.0074658,7.5,-34,,3,3
2026-01-24 11:17:00.679795,0x433b0b38,17.656769,36.136772,1002.5819,397.979,132,,,5.5,-77,,5,5
2026-01-24 11:17:10.395514,0x433af380,19.973118,31.02583,1003.15906,231.4049,168,226,2.2565124,6.0,-33,,3,3
2026-01-24 11:17:36.773149,0x433aad0c,16.30961,37.015568,1002.96265,1157.1675,77,,,7.0,-76,,3,3
2026-01-24 11:18:01.093617,0x433b0b38,17.81874,36.89586,1002.6025,379.82196,137,,,5.75,-76,,5,5
2026-01-24 11:18:05.765294,0x433ad35c,19.954567,31.696003,1002.80634,962.7774,50,,,5.75,-59,,3,3
2026-01-24 11:18:10.640138,0x433af380,19.910282,30.531448,1003.15546,226.49002,173,202,2.6386101,6.0,-34,,3,3
2026-01-24 11:19:00.708974,0x433b0b38,17.641266,35.253483,1002.54047,397.05313,133,,,5.75,-76,,5,5
2026-01-24 11:19:11.591105,0x433af380,19.663345,31.127607,1003.1586,229.00038,170,199,2.488883,7.5,-34,,3,3
2026-01-24 11:20:00.631507,0x433b0b38,17.68501,38.29474,1002.63873,318.01245,156,,,6.25,-78,,5,5
2026-01-24 11:20:11.209653,0x433af380,19.602406,30.867805,1003.2158,237.8997,168,209,2.8205936,6.5,-34,,3,3
2026-01-24 11:20:36.765359,0x433aad0c,15.980889,36.98152,1002.99866,1274.9762,71,,,5.75,-75,,3,3
2026-01-24 11:21:00.767208,0x433b0b38,17.826454,37.285603,1002.6917,346.06284,146,,,6.0,-78,,5,5
2026-01-24 11:21:05.829231,0x433ad35c,19.852167,32.8282,1002.876,983.1872,50,,,6.0,-58,,3,3
2026-01-24 11:21:11.458860,0x433af380,20.034285,30.074146,1003.1861,233.53009,170,194,2.1071143,8.0,-33,,3,3
2026-01-24 11:22:01.224852,0x433b0b38,17.669622,35.99885,1002.6419,306.86243,159,,,5.75,-75,,5,5
2026-01-24 11:22:12.985532,0x433af380,19.996696,30.117277,1003.18414,238.2426,167,206,2.737408,6.0,-33,,3,3
2026-01-24 11:23:01.296813,0x433b0b38,17.623344,36.472977,1002.6037,290.9091,167,,,6.75,-75,,5,5
2026-01-24 11:23:12.055218,0x433af380,19.607492,29.228554,1003.1055,242.43596,169,201,3.2356017,8.0,-33,,3,3
2026-01-24 11:23:36.780456,0x433aad0c,16.413284,36.87315,1002.9214,983.8473,90,,,5.5,-77,,3,3
2026-01-24 11:24:01.444393,0x433b0b38,18.096413,37.4607,1002.5505,276.75674,170,,,5.75,-78,,5,5
2026-01-24 11:24:08.274659,0x433ad35c,19.746807,31.269655,1002.7264,1000.7441,50,,,6.25,-79,,3,2
2026-01-24 11:24:13.771097,0x433af380,19.71961,30.24602,1003.07074,238.2426,172,204,2.2728026,6.75,-35,,3,3
2026-01-24 11:25:00.738244,0x433b0b38,17.892427,36.515633,1002.57513,240.4885,182,,,6.25,-76,,5,5
2026-01-24 11:25:12.748712,0x433af380,19.493212,31.076885,1003.05707,234.35788,172,199,3.5853598,5.75,-34,,3,3
2026-01-24 11:26:01.378809,0x433b0b38,17.764786,36.501755,1002.5064,249.26971,183,,,5.75,-78,,5,5
2026-01-24 11:26:12.674366,0x433af380,19.709473,30.995905,1003.0852,238.2426,169,200,2.422151,6.0,-34,,3,3
2026-01-24 11:26:36.801197,0x433aad0c,16.390528,36.61096,1002.88934,798.0941,108,,,5.75,-77,,3,3
2026-01-24 11:27:01.335984,0x433b0b38,17.86245,35.87631,1002.5585,220.59457,198,,,5.5,-78,,5,5
2026-01-24 11:27:05.832447,0x433ad35c,19.709333,32.104683,1002.7422,1011.27814,50,,,7.0,-57,,3,3
2026-01-24 11:27:12.903927,0x433af380,19.966436,31.185505,1003.1261,234.35788,169,265,1.3775249,5.75,-34,,3,3
2026-01-24 11:28:01.431304,0x433b0b38,18.186321,36.482452,1002.54114,252.21675,183,,,5.5,-76,,5,5
2026-01-24 11:28:18.713970,0x433af380,19.72724,30.850056,1003.1005,244.22705,160,240,2.1742377,7.25,-34,,3,3
2026-01-24 11:29:00.884918,0x433b0b38,18.077465,35.78703,1002.54114,299.0654,165,,,5.75,-76,,5,5
2026-01-24 11:29:13.608983,0x433af380,20.442053,30.199167,1003.114,230.92,169,,1.2940474,6.0,-33,,3,3
2026-01-24 11:29:36.814567,0x433aad0c,16.511902,36.518543,1002.9401,1033.1534,87,,,5.25,-76,,3,3
2026-01-24 11:30:01.622637,0x433b0b38,18.173506,37.09588,1002.5556,335.18823,151,,,6.25,-75,,5,5
2026-01-24 11:30:05.858749,0x433ad35c,20.109741,31.01362,1002.72437,1015.09436,49,,,6.0,-59,,3,3
2026-01-24 11:30:13.848367,0x433af380,20.52042,29.407429,1003.08026,236.36873,163,250,1.6929461,6.0,-33,,3,3
2026-01-24 11:31:01.662967,0x433b0b38,18.5412,35.877426,1002.55505,356.54596,142,,,5.25,-76,,5,5
2026-01-24 11:31:14.386699,0x433af380,20.744768,28.94772,1003.1062,237.55777,166,247,1.4105777,7.0,-34,,3,3
2026-01-24 11:32:01.377827,0x433b0b38,18.613152,36.095123,1002.5247,331.28436,150,,,6.5,-74,,5,5
2026-01-24 11:32:14.778153,0x433af380,20.449495,28.192162,1003.0645,228.68355,179,193,2.9531314,5.75,-34,,3,3
2026-01-24 11:32:36.833354,0x433aad0c,16.547304,35.283844,1002.9071,1214.8685,74,,,6.25,-77,,3,3
2026-01-24 11:33:01.374455,0x433b0b38,18.8574,35.6224,1002.50214,295.95374,160,,,5.75,-76,,5,5
2026-01-24 11:33:05.857247,0x433ad35c,20.455704,29.85282,1002.7088,1047.5078,50,,,5.5,-60,,3,3
2026-01-24 11:33:15.047111,0x433af380,21.049839,29.94386,1003.1038,211.56027,191,,0.94574416,6.0,-33,,3,3
2026-01-24 11:34:01.438829,0x433b0b38,18.888292,35.059795,1002.4906,336.51004,150,,,5.5,-76,,5,5
2026-01-24 11:34:15.296739,0x433af380,21.230642,29.09536,1003.0746,217.26102,181,191,1.7927394,7.5,-34,,3,3
2026-01-24 11:35:00.966597,0x433b0b38,18.926893,35.002655,1002.4757,363.76553,140,,,5.5,-76,,5,5
2026-01-24 11:35:15.448310,0x433af380,20.823666,28.738552,1003.019,233.53009,172,255,1.9246722,5.5,-34,,3,3
2026-01-24 11:35:36.839454,0x433aad0c,16.711666,37.12744,1002.8728,1238.4473,71,,,7.0,-76,,3,3
2026-01-24 11:36:00.921980,0x433b0b38,18.946476,34.759937,1002.47125,324.9762,151,,,5.75,-74,,5,5
2026-01-24 11:36:05.890131,0x433ad35c,20.581337,30.981422,1002.69965,1043.4445,50,,,6.75,-59,,3,3
2026-01-24 11:36:15.442551,0x433af380,21.201633,28.857962,1003.0361,222.2268,177,237,1.1449622,6.25,-34,,3,3
2026-01-24 11:37:00.934187,0x433b0b38,18.720146,33.18171,1002.4123,364.54254,144,,,5.75,-75,,5,5
2026-01-24 11:37:15.696527,0x433af380,20.818539,28.417175,1003.0038,238.2426,168,248,1.6928338,6.0,-33,,3,3
2026-01-24 11:38:00.947278,0x433b0b38,18.471745,33.99628,1002.4294,414.65884,131,,,5.5,-75,,5,5
2026-01-24 11:38:15.976693,0x433af380,20.454582,28.515366,1002.95575,227.8953,176,225,2.156853,5.75,-33,,3,3
2026-01-24 11:38:36.915586,0x433aad0c,16.96453,35.114235,1002.8034,1334.6614,66,,,7.5,-77,,3,3
2026-01-24 11:39:01.154450,0x433b0b38,18.402441,34.17919,1002.4111,451.10132,122,,,6.0,-75,,5,5
2026-01-24 11:39:05.959487,0x433ad35c,20.335836,30.498482,1002.64276,1062.4012,50,,,6.0,-57,,3,3
2026-01-24 11:39:16.458924,0x433af380,21.263521,28.635744,1003.0042,205.00047,195,,1.0457647,5.5,-34,,3,3
2026-01-24 11:40:00.982460,0x433b0b38,18.610882,35.157833,1002.3949,412.90323,125,,,5.75,-76,,5,5
2026-01-24 11:40:17.605695,0x433af380,22.412434,28.076342,1002.9961,185.86688,204,,0.1493305,5.75,-33,,3,3
2026-01-24 11:41:01.005769,0x433b0b38,18.764845,35.972034,1002.41785,385.17963,133,,,6.25,-77,,5,5
2026-01-24 11:41:16.778673,0x433af380,22.79003,28.02194,1003.0029,189.59795,193,,0.76327014,6.0,-33,,3,3
2026-01-24 11:41:36.882834,0x433aad0c,17.053112,36.809177,1002.79047,1412.0127,60,,,5.0,-78,,3,3
2026-01-24 11:42:01.386335,0x433b0b38,19.070799,35.493767,1002.3799,332.5755,147,,,5.25,-76,,5,5
2026-01-24 11:42:05.955327,0x433ad35c,21.030079,31.009521,1002.6232,1029.8622,50,,,5.75,-59,,3,3
2026-01-24 11:42:17.036490,0x433af380,22.004011,28.412903,1002.9608,194.96536,185,200,2.6710465,7.75,-34,,3,3
2026-01-24 11:43:01.585818,0x433b0b38,19.163431,34.64051,1002.355,286.03354,164,,,5.25,-76,,5,5
2026-01-24 11:43:17.302508,0x433af380,21.16454,29.03641,1002.945,216.26608,175,231,2.0911822,5.75,-33,,3,3
2026-01-24 11:44:01.098108,0x433b0b38,19.183964,33.614777,1002.29083,273.21237,169,,,6.25,-77,,5,5
2026-01-24 11:44:17.838757,0x433af380,21.708885,29.755527,1002.9329,195.19559,186,,1.0125489,6.25,-33,,3,3
2026-01-24 11:44:36.956675,0x433aad0c,17.94313,34.994072,1002.7292,538.48,134,,,6.75,-80,,3,3
2026-01-24 11:45:01.862217,0x433b0b38,18.825829,33.673378,1002.3317,226.90005,189,,,6.0,-75,,5,5
2026-01-24 11:45:05.955863,0x433ad35c,20.997503,29.633123,1002.547,1052.4257,51,,,7.0,-57,,3,3
2026-01-24 11:45:17.782013,0x433af380,21.333836,28.717047,1002.8834,220.15485,171,240,1.925439,6.0,-34,,3,3
2026-01-24 11:46:01.577933,0x433b0b38,18.91143,33.229523,1002.3367,215.0357,202,,,5.0,-77,,5,5
2026-01-24 11:46:18.031957,0x433af380,20.73987,28.653605,1002.8363,236.19986,165,237,2.5063488,5.75,-34,,3,3
2026-01-24 11:47:01.374973,0x433b0b38,18.980812,34.97717,1002.30005,239.98125,187,,,5.5,-75,,5,5
2026-01-24 11:47:18.288891,0x433af380,20.948086,28.27832,1002.8407,233.53009,167,224,1.8089786,5.75,-33,,3,3
2026-01-24 11:47:36.930011,0x433aad0c,17.518236,34.11632,1002.6815,639.8954,127,,,6.0,-77,,3,3
2026-01-24 11:48:01.618971,0x433b0b38,18.988525,32.708,1002.247,291.65482,167,,,5.5,-77,,5,5
2026-01-24 11:48:06.010500,0x433ad35c,20.761496,29.442198,1002.5148,1086.4298,51,,,5.5,-59,,3,3
2026-01-24 11:48:18.563675,0x433af380,21.535713,27.942091,1002.8284,221.48238,179,,0.86282706,6.25,-33,,3,3
2026-01-24 11:49:01.141588,0x433b0b38,19.083693,33.022667,1002.2348,337.17484,152,,,5.5,-76,,5,5
2026-01-24 11:49:19.174831,0x433af380,22.214926,26.734379,1002.84406,199.55539,196,,0.746764,6.0,-33,,3,3
2026-01-24 11:50:01.148950,0x433b0b38,19.312477,33.84759,1002.24475,323.1303,153,,,5.75,-76,,5,5
2026-01-24 11:50:19.073027,0x433af380,22.446608,27.278412,1002.82007,202.86183,192,,0.5809032,5.5,-34,,3,3
2026-01-24 11:50:36.956824,0x433aad0c,17.305979,34.130375,1002.60443,808.2027,108,,,6.25,-76,,3,3
2026-01-24 11:51:01.764300,0x433b0b38,19.355196,33.623203,1002.2286,299.8536,160,,,6.25,-78,,5,5
2026-01-24 11:51:06.003702,0x433ad35c,20.615698,31.296583,1002.4298,1086.4298,50,,,6.0,-59,,3,3
2026-01-24 11:51:19.322080,0x433af380,23.179247,26.875908,1002.864,186.70668,202,,0.56434345,6.5,-33,,3,3
2026-01-24 11:52:01.208320,0x433b0b38,19.381897,33.701527,1002.2146,252.21675,178,,,5.25,-78,,5,5
2026-01-24 11:52:20.385251,0x433af380,22.810495,28.243149,1002.8253,196.35503,186,221,1.6093975,5.5,-33,,3,3
2026-01-24 11:53:01.217356,0x433b0b38,19.181355,33.637447,1002.1871,210.39655,197,,,5.25,-77,,5,5
2026-01-24 11:53:20.229682,0x433af380,22.88161,26.70989,1002.792,194.96536,184,,1.4105074,6.75,-34,,3,3
2026-01-24 11:53:36.967241,0x433aad0c,17.763594,33.66697,1002.5858,698.6749,117,,,6.25,-76,,3,3
2026-01-24 11:54:01.237173,0x433b0b38,19.613293,32.47616,1002.17395,211.3083,201,,,6.75,-77,,5,5
2026-01-24 11:54:06.071042,0x433ad35c,20.922361,30.719656,1002.41504,1091.7208,50,,,5.5,-59,,3,3
2026-01-24 11:54:20.110745,0x433af380,22.542973,27.006245,1002.72284,203.73701,181,251,1.477203,5.75,-33,,3,3
2026-01-24 11:55:01.284072,0x433b0b38,19.749521,33.74255,1002.1706,209.7501,198,,,5.75,-79,,5,5
2026-01-24 11:55:20.588398,0x433af380,22.484575,27.075768,1002.6937,204.24052,187,190,2.0572035,6.0,-33,,3,3
2026-01-24 11:56:01.800888,0x433b0b38,19.862837,33.543194,1002.1506,245.68138,182,,,5.5,-77,,5,5
2026-01-24 11:56:21.173496,0x433af380,21.30168,29.520685,1002.7163,213.33517,177,224,2.456717,7.25,-34,,3,3
2026-01-24 11:56:36.966342,0x433aad0c,17.447472,35.09547,1002.5171,804.8049,108,,,6.0,-77,,3,3
2026-01-24 11:57:01.758033,0x433b0b38,19.639193,34.85648,1002.1566,258.71652,174,,,5.75,-75,,5,5
2026-01-24 11:57:06.026545,0x433ad35c,20.716766,30.27108,1002.393,1090.8353,51,,,5.5,-58,,3,3
2026-01-24 11:57:22.059814,0x433af380,21.329662,28.597626,1002.7185,213.61089,179,184,1.792085,6.0,-34,,3,3
2026-01-24 11:58:01.786559,0x433b0b38,19.82669,33.729523,1002.1669,278.56366,166,,,5.75,-77,,5,5
2026-01-24 11:58:21.424722,0x433af380,21.983433,28.469833,1002.71765,204.24052,184,,0.58092254,7.75,-33,,3,3
2026-01-24 11:59:01.343545,0x433b0b38,19.873009,33.378227,1002.097,272.99387,169,,,6.0,-78,,5,5
2026-01-24 11:59:22.064265,0x433af380,22.65756,27.102226,1002.7027,188.94775,192,,0.8463045,7.75,-34,,3,3
2026-01-24 11:59:37.055820,0x433aad0c,18.0539,34.38771,1002.5149,983.8473,89,,,6.5,-77,,3,3
2026-01-24 12:00:01.799267,0x433b0b38,20.256063,32.55172,1002.08997,306.86243,157,,,5.25,-76,,5,5
2026-01-24 12:00:06.063700,0x433ad35c,20.831432,31.410116,1002.3393,1063.2411,51,,,6.0,-59,,3,3
2026-01-24 12:00:22.110411,0x433af380,22.901772,25.401093,1002.67645,201.2563,184,,1.0619586,5.75,-34,,3,3
2026-01-24 12:01:03.951812,0x433b0b38,20.022133,33.871532,1002.0706,325.5962,149,,,5.25,-58,,5,4
2026-01-24 12:01:22.355984,0x433af380,23.207228,24.982252,1002.64667,183.54257,206,,0.5144716,6.75,-34,,3,3
2026-01-24 02:01:35.641849,0x433b0b38,12.640809,64.011086,1000.49365,221.88516,159,,,6.25,-77,,5,5
2026-01-24 02:01:44.791463,0x433af380,13.276192,65.15668,1001.14716,165.9674,117,,,5.75,-34,,3,3
2026-01-24 02:02:31.903563,0x433aad0c,13.318275,62.260365,1000.8524,225.33154,171,,,6.0,-70,,3,3
2026-01-24 02:02:35.677493,0x433b0b38,12.635856,64.13924,1000.5255,222.6087,158,,,6.75,-76,,5,5
2026-01-24 02:02:44.784963,0x433af380,13.321978,64.90052,1001.15894,170.85873,109,,,6.0,-34,,3,3
2026-01-24 02:03:01.252470,0x433ad35c,13.505012,64.59664,1000.71686,185.55388,160,,,6.0,-59,,3,3
2026-01-24 02:03:35.786522,0x433b0b38,12.574003,64.386566,1000.557,221.74101,158,,,6.25,-77,,5,5
2026-01-24 02:03:46.044257,0x433af380,13.355232,64.720406,1001.16364,169.65187,112,,,6.25,-35,,3,3
2026-01-24 02:04:36.092810,0x433b0b38,12.55597,64.51463,1000.526,221.59706,158,,,5.0,-77,,5,5
2026-01-24 02:04:45.312421,0x433af380,13.398475,64.86712,1001.1765,169.31017,112,,,7.75,-34,,3,3
2026-01-24 02:05:31.946414,0x433aad0c,13.305633,62.83177,1000.8416,224.25755,171,,,5.75,-70,,3,3
2026-01-24 02:05:35.712101,0x433b0b38,12.545611,64.86096,1000.5525,222.89944,157,,,6.75,-76,,5,5
2026-01-24 02:05:45.830357,0x433af380,13.596877,64.445786,1001.17365,163.70497,118,,,5.75,-35,,3,3
2026-01-24 02:06:00.106298,0x433ad35c,13.427299,65.55737,1000.7031,185.86688,158,,,5.5,-59,,3,3
2026-01-24 02:06:35.773561,0x433b0b38,12.625571,64.80294,1000.66693,222.31873,156,,,5.75,-78,,5,5
2026-01-24 02:06:45.962545,0x433af380,13.642662,64.2515,1001.182,161.81424,123,,,6.0,-34,,3,3
2026-01-24 02:07:36.333843,0x433b0b38,12.604817,65.04692,1000.5578,223.19093,155,,,5.75,-76,,5,5
2026-01-24 02:07:46.091848,0x433af380,13.591601,64.5543,1001.21124,164.66698,117,,,6.25,-34,,3,3
2026-01-24 02:08:32.154324,0x433aad0c,13.528147,62.519012,1000.9242,226.72768,169,,,5.5,-70,,3,3
2026-01-24 02:08:35.825755,0x433b0b38,12.665644,65.10828,1000.605,224.07002,154,,,6.5,-77,,5,5
2026-01-24 02:08:46.352842,0x433af380,13.68826,64.38684,1001.2074,161.50336,121,,,6.0,-35,,3,3
2026-01-24 02:09:00.151743,0x433ad35c,13.577677,65.43096,1000.7948,187.87389,154,,,5.75,-58,,3,3
2026-01-24 02:09:35.793586,0x433b0b38,12.815629,64.73419,1000.63086,223.04509,154,,,6.0,-77,,5,5
2026-01-24 02:09:48.883876,0x433af380,13.571629,64.671646,1001.2376,163.70497,120,,,6.0,-35,,3,3
2026-01-24 02:10:35.849400,0x433b0b38,12.838729,64.62107,1000.6593,222.6087,154,,,6.5,-77,,5,5
2026-01-24 02:10:47.073842,0x433af380,12.762382,67.14462,1001.2141,164.18456,115,,,5.75,-34,,3,3
2026-01-24 02:11:31.991058,0x433aad0c,13.454818,62.535595,1000.9529,229.2528,167,,,6.25,-70,,3,3
2026-01-24 02:11:35.880728,0x433b0b38,12.67699,64.95348,1000.6309,223.92303,153,,,6.5,-76,,5,5
2026-01-24 02:11:47.153717,0x433af380,12.037455,68.66558,1001.20825,176.04712,104,,,7.5,-34,,3,3
2026-01-24 02:12:00.168906,0x433ad35c,13.456759,65.47523,1000.7988,187.98071,153,,,5.75,-59,,3,3
2026-01-24 02:12:35.830016,0x433b0b38,12.576045,65.0018,1000.6302,224.07002,154,,,6.5,-77,,5,5
2026-01-24 02:12:48.037222,0x433af380,11.78074,69.75416,1001.24817,179.23775,99,,,6.0,-34,,3,3
2026-01-24 02:13:36.388143,0x433b0b38,12.53544,64.57263,1000.65106,223.77621,155,,,5.75,-78,,5,5
2026-01-24 02:13:47.698235,0x433af380,11.676453,69.7481,1001.2422,178.28737,102,,,7.0,-34,,3,3
2026-01-24 02:14:31.995111,0x433aad0c,13.014849,63.37927,1000.9402,229.2528,169,,,5.75,-70,,3,3
2026-01-24 02:14:35.841392,0x433b0b38,12.485643,64.825874,1000.63086,222.6087,157,,,6.25,-77,,5,5
2026-01-24 02:14:48.274334,0x433af380,11.417007,70.50932,1001.225,181.16917,97,,,5.5,-34,,3,3
2026-01-24 02:15:00.178512,0x433ad35c,13.416631,65.146286,1000.80426,187.76718,156,,,5.5,-58,,3,3
2026-01-24 02:15:35.899622,0x433b0b38,12.471131,65.04148,1000.6501,224.65994,155,,,6.0,-77,,5,5
2026-01-24 02:15:52.835312,0x433af380,11.0736265,71.57459,1001.2376,174.22281,101,,,6.75,-34,,3,3
2026-01-24 02:16:35.848955,0x433b0b38,12.360545,65.054276,1000.65125,222.75397,156,,,6.5,-77,,5,5
2026-01-24 02:16:48.543630,0x433af380,11.002218,71.73884,1001.2278,179.42902,97,,,7.5,-34,,3,3
2026-01-24 02:17:32.081343,0x433aad0c,12.946578,63.293884,1000.9608,227.66806,170,,,6.0,-70,,3,3
2026-01-24 02:17:35.860756,0x433b0b38,12.347313,65.13829,1000.67163,223.92303,156,,,6.5,-77,,5,5
2026-01-24 02:17:49.176540,0x433af380,10.719883,72.41187,1001.25195,186.39085,91,,0.31524283,6.75,-34,,3,3
2026-01-24 02:18:00.712534,0x433ad35c,13.394837,65.64752,1000.8244,190.36221,151,,,5.75,-58,,3,3
2026-01-24 02:18:35.880076,0x433b0b38,12.257711,65.14532,1000.8048,221.88516,158,,,5.5,-77,,5,5
2026-01-24 02:18:49.062706,0x433af380,10.310371,73.882706,1001.279,189.0558,91,,0.71340877,5.75,-34,,3,3
2026-01-24 02:19:35.894351,0x433b0b38,12.327124,65.018814,1000.6968,223.33698,158,,,5.75,-77,,5,5
2026-01-24 02:19:49.892373,0x433af380,10.063648,75.384926,1001.2997,188.73198,88,,0.72998756,6.0,-34,,3,3
2026-01-24 02:20:32.051772,0x433aad0c,12.779693,64.65411,1001.00006,228.7751,170,,,6.0,-70,,3,3
2026-01-24 02:20:35.900300,0x433b0b38,12.388485,64.991035,1000.73114,222.174,158,,,6.0,-77,,5,5
2026-01-24 02:20:49.649693,0x433af380,9.611088,76.70323,1001.3239,184.956,90,,0.97912306,6.0,-33,,3,3
2026-01-24 02:21:00.231987,0x433ad35c,13.164428,66.27292,1000.87506,191.24326,149,,,5.25,-58,,3,3
2026-01-24 02:21:35.902706,0x433b0b38,12.322021,65.13993,1000.71906,224.3646,158,,,6.0,-76,,5,5
2026-01-24 02:21:49.855924,0x433af380,9.605887,77.30273,1001.3376,190.03392,88,,0.78004414,7.5,-34,,3,3
2026-01-24 02:22:36.018734,0x433b0b38,12.219186,65.63895,1000.74,223.77621,158,,,6.25,-77,,5,5
2026-01-24 02:22:50.426817,0x433af380,9.720459,77.65582,1001.356,188.19476,89,,0.33192816,7.5,-34,,3,3
2026-01-24 02:23:32.137830,0x433aad0c,12.812564,64.053276,1001.0503,227.19688,170,,,6.25,-70,,3,3
2026-01-24 02:23:35.997157,0x433b0b38,12.206632,65.737495,1000.74396,221.45328,159,,,6.25,-76,,5,5
2026-01-24 02:23:50.652123,0x433af380,9.501716,78.550514,1001.36273,184.3476,94,,0.08298342,6.25,-34,,3,3
2026-01-24 02:24:00.816050,0x433ad35c,13.267237,65.745514,1000.91516,190.47191,144,,,5.75,-59,,3,3
2026-01-24 02:24:36.029983,0x433b0b38,12.095178,65.64449,1000.75964,220.88007,160,,,6.0,-77,,5,5
2026-01-24 02:24:50.739044,0x433af380,9.061687,79.32206,1001.3408,185.97899,90,,0.63071585,7.5,-34,,3,3
2026-01-24 02:25:35.948841,0x433b0b38,12.044404,65.86024,1000.7562,222.174,161,,,6.0,-76,,5,5
2026-01-24 02:25:50.876202,0x433af380,9.160697,79.3031,1001.3514,190.25267,87,,0.19914699,5.75,-34,,3,3
2026-01-24 02:26:32.646490,0x433aad0c,12.749351,64.40002,1001.0483,226.10504,171,,,5.75,-71,,3,3
2026-01-24 02:26:35.958690,0x433b0b38,12.165197,65.75836,1000.71405,221.59706,161,,,6.0,-76,,5,5
2026-01-24 02:26:51.117730,0x433af380,9.000456,79.355194,1001.3132,192.58018,83,,0.58093214,5.25,-34,,3,3
2026-01-24 02:27:02.064197,0x433ad35c,13.201863,65.25586,1000.8926,191.13268,153,,,5.75,-58,,3,3
2026-01-24 02:27:36.745309,0x433b0b38,12.291207,65.46544,1000.70685,220.59457,161,,,6.0,-77,,5,5
2026-01-24 02:27:51.384576,0x433af380,9.145699,79.25149,1001.3313,193.02998,83,,,6.0,-34,,3,3
2026-01-24 02:28:35.992154,0x433b0b38,12.247465,65.46743,1000.70844,220.59457,161,,,5.75,-77,,5,5
2026-01-24 02:28:51.950031,0x433af380,9.092209,79.44504,1001.3486,191.79805,84,,,6.0,-34,,3,3
2026-01-24 02:29:32.619965,0x433aad0c,12.974391,63.81927,1001.0356,224.56335,171,,,5.25,-70,,3,3
2026-01-24 02:29:36.774815,0x433b0b38,12.342625,65.15908,1000.7185,220.02579,161,,,5.75,-76,,5,5
2026-01-24 02:29:51.909995,0x433af380,9.2727995,79.0862,1001.36084,193.14278,83,,,6.25,-34,,3,3
2026-01-24 02:30:00.351941,0x433ad35c,13.318603,65.15811,1000.9128,186.49602,160,,,5.5,-58,,3,3
2026-01-24 02:30:36.126160,0x433b0b38,12.290373,65.27426,1000.7199,220.02579,161,,,6.25,-77,,5,5
2026-01-24 02:30:52.187649,0x433af380,9.344017,78.7767,1001.3407,192.2442,84,,,5.75,-34,,3,3
2026-01-24 02:31:36.742719,0x433b0b38,12.396538,65.0551,1000.7083,219.88405,161,,,6.0,-78,,5,5
2026-01-24 02:31:52.436289,0x433af380,9.445759,78.84746,1001.3486,193.59521,82,,,7.75,-34,,3,3
2026-01-24 02:32:32.115841,0x433aad0c,13.2449465,62.97742,1001.0517,224.7166,171,,,6.5,-70,,3,3
2026-01-24 02:32:36.029315,0x433b0b38,12.4292,65.03319,1000.7168,220.45209,160,,,6.0,-77,,5,5
2026-01-24 02:32:52.715958,0x433af380,9.661958,78.32637,1001.36163,187.12946,90,,,5.25,-34,,3,3
2026-01-24 02:33:00.304960,0x433ad35c,13.2991,65.08578,1000.88226,187.6606,158,,,6.5,-58,,3,3
2026-01-24 02:33:36.540343,0x433b0b38,12.535365,64.84203,1000.7281,221.59706,158,,,6.25,-77,,5,5
2026-01-24 02:33:52.981542,0x433af380,9.679575,78.39917,1001.3502,183.34242,88,,,7.5,-34,,3,3
2026-01-24 02:34:36.086380,0x433b0b38,12.56115,64.91098,1000.71014,222.31873,157,,,5.5,-77,,5,5
2026-01-24 02:34:53.458073,0x433af380,9.557486,78.440735,1001.33264,192.46806,83,,,5.75,-34,,3,3
2026-01-24 02:35:32.314353,0x433aad0c,13.255061,62.99822,1001.01935,223.80037,171,,,5.5,-71,,3,3
2026-01-24 02:35:36.175788,0x433b0b38,12.522549,65.18935,1000.70935,224.3646,154,,,5.5,-76,,5,5
2026-01-24 02:35:53.509915,0x433af380,9.371996,78.82044,1001.3207,195.19559,81,,,5.75,-34,,3,3
2026-01-24 02:36:00.337371,0x433ad35c,13.258965,65.34357,1000.84155,189.27228,153,,,5.75,-58,,3,3
2026-01-24 02:36:36.181728,0x433b0b38,12.378316,65.31612,1000.68555,222.174,157,,,5.5,-77,,5,5
2026-01-24 02:36:54.105240,0x433af380,9.196494,79.35607,1001.3151,194.04979,82,,,7.75,-33,,3,3
2026-01-24 02:37:36.268891,0x433b0b38,12.414647,65.0924,1000.68866,221.88516,157,,,6.25,-76,,5,5
2026-01-24 02:37:54.379467,0x433af380,9.193951,79.674515,1001.3244,193.70865,82,,,7.5,-34,,3,3
2026-01-24 02:38:32.163514,0x433aad0c,13.189319,63.078476,1001.0247,225.94992,171,,,5.5,-72,,3,3
2026-01-24 02:38:36.163537,0x433b0b38,12.427464,65.08111,1000.6862,221.02309,159,,,5.75,-76,,5,5
2026-01-24 02:38:54.651539,0x433af380,9.165972,80.01961,1001.3293,194.85043,80,,,5.5,-34,,3,3
2026-01-24 02:39:00.334673,0x433ad35c,12.9862995,66.58086,1000.8523,194.16377,147,,,6.25,-58,,3,3
2026-01-24 02:39:36.200986,0x433b0b38,12.568787,64.7598,1000.7023,221.1663,158,,,5.25,-76,,5,5
2026-01-24 02:39:54.576881,0x433af380,9.135449,80.484184,1001.34,196.70555,78,,0.28208745,6.25,-34,,3,3
2026-01-24 02:40:36.501986,0x433b0b38,12.692227,64.54932,1000.6951,222.174,157,,,6.0,-76,,5,5
2026-01-24 02:40:55.207045,0x433af380,9.089666,81.00859,1001.3242,194.96536,79,,0.7133851,6.0,-34,,3,3
2026-01-24 02:41:32.239973,0x433aad0c,13.265326,63.04245,1000.99554,227.04027,170,,,5.0,-70,,3,3
2026-01-24 02:41:36.227507,0x433b0b38,12.704968,64.5162,1000.7076,224.95607,153,,,5.75,-76,,5,5
2026-01-24 02:41:55.126801,0x433af380,9.20648,80.78501,1001.3301,190.03392,85,,0.46456066,6.5,-34,,3,3
2026-01-24 02:42:00.834450,0x433ad35c,13.224677,65.65128,1000.84186,199.07472,138,,,5.25,-58,,3,3
2026-01-24 02:42:36.241598,0x433b0b38,12.542241,64.7703,1000.6792,225.99867,153,,,5.0,-77,,5,5
2026-01-24 02:42:55.374755,0x433af380,9.270068,80.61641,1001.3245,191.9094,84,,0.09957845,5.75,-34,,3,3
2026-01-24 02:43:36.382385,0x433b0b38,12.545687,64.88537,1000.69507,227.80867,151,,,6.0,-77,,5,5
2026-01-24 02:43:55.655655,0x433af380,9.529695,79.839005,1001.36456,188.6243,87,,,6.25,-34,,3,3
2026-01-24 02:44:32.225981,0x433aad0c,13.095761,63.374912,1001.0206,229.09337,168,,,5.25,-70,,3,3
2026-01-24 02:44:36.876933,0x433b0b38,12.588441,64.923164,1000.6999,229.4935,149,,,6.0,-77,,5,5
2026-01-24 02:44:55.923005,0x433af380,9.4223,79.76591,1001.33136,190.36221,86,,,5.5,-34,,3,3
2026-01-24 02:45:00.401457,0x433ad35c,13.263784,65.6262,1000.8603,203.236,133,,,5.75,-58,,3,3
2026-01-24 02:45:36.828483,0x433b0b38,12.617633,64.992226,1000.6979,231.83156,146,,,5.25,-76,,5,5
2026-01-24 02:45:56.186247,0x433af380,9.221929,79.986084,1001.3282,194.04979,80,,,6.25,-34,,3,3
2026-01-24 02:46:36.309468,0x433b0b38,12.357975,65.6379,1000.6648,233.57664,144,,,6.0,-76,,5,5
2026-01-24 02:46:56.462344,0x433af380,9.191406,80.32238,1001.305,195.19559,79,,,8.0,-34,,3,3
2026-01-24 02:47:32.294669,0x433aad0c,13.20464,62.84919,1000.9931,237.00676,162,,,5.5,-70,,3,3
2026-01-24 02:47:36.370619,0x433b0b38,12.237408,65.99816,1000.6532,237.3117,142,,,6.0,-76,,5,5
2026-01-24 02:47:56.879508,0x433af380,9.127819,80.522575,1001.29706,193.59521,83,,,5.75,-34,,3,3
2026-01-24 02:48:00.539562,0x433ad35c,13.018873,65.93962,1000.8123,204.24052,133,,,5.5,-58,,3,3
2026-01-24 02:48:36.434243,0x433b0b38,12.26773,66.01507,1000.64075,240.1501,138,,,5.5,-76,,5,5
2026-01-24 02:48:56.973153,0x433af380,9.069318,80.62528,1001.2924,189.81569,86,,,6.0,-34,,3,3
2026-01-24 02:49:36.985283,0x433b0b38,12.381113,65.20805,1000.61957,240.4885,138,,,5.25,-77,,5,5
2026-01-24 02:49:57.251224,0x433af380,9.488811,79.619064,1001.2927,190.14323,85,,,5.75,-33,,3,3
2026-01-24 02:50:32.268061,0x433aad0c,13.164032,62.45615,1000.9479,238.5518,162,,,6.0,-71,,3,3
2026-01-24 02:50:36.525750,0x433b0b38,12.416613,64.387115,1000.6192,238.97316,140,,,5.75,-76,,5,5
2026-01-24 02:50:57.505062,0x433af380,9.97208,77.43257,1001.285,191.46478,83,,,7.5,-34,,3,3
2026-01-24 02:51:01.504379,0x433ad35c,12.547771,67.246155,1000.8126,209.94794,128,,,6.0,-58,,3,3
2026-01-24 02:51:36.768884,0x433b0b38,12.226898,64.62989,1000.61566,238.3058,142,,,6.0,-77,,5,5
2026-01-24 02:51:57.997039,0x433af380,10.54711,75.23993,1001.2364,190.03392,86,,,5.75,-34,,3,3
2026-01-24 02:52:36.452857,0x433b0b38,12.208902,64.77297,1000.6109,237.3117,145,,,5.75,-76,,5,5
2026-01-24 02:52:57.998368,0x433af380,11.045647,73.759315,1001.26294,172.25923,109,,,8.25,-34,,3,3
2026-01-24 02:53:32.294550,0x433aad0c,13.007262,62.05704,1000.9117,242.95117,161,,,5.5,-71,,3,3
2026-01-24 02:53:36.521201,0x433b0b38,12.247721,64.174736,1000.6008,238.47227,144,,,5.0,-76,,5,5
2026-01-24 02:53:58.557246,0x433af380,11.213522,72.74316,1001.24286,178.47664,99,,,5.25,-34,,3,3
2026-01-24 02:54:02.808066,0x433ad35c,12.605477,66.420135,1000.7987,213.33517,123,,,6.5,-58,,3,3
2026-01-24 02:54:36.623381,0x433b0b38,12.234497,64.45807,1000.60925,240.31917,143,,,5.5,-77,,5,5
2026-01-24 02:54:58.521076,0x433af380,11.330526,71.89575,1001.2528,179.42902,97,,,5.75,-34,,3,3
2026-01-24 02:55:36.502434,0x433b0b38,12.034083,64.744606,1000.66656,239.47614,144,,,5.5,-76,,5,5
2026-01-24 02:55:58.785636,0x433af380,11.6815405,70.49715,1001.2963,178.47664,101,,,6.0,-34,,3,3
2026-01-24 02:56:32.724741,0x433aad0c,12.984505,62.030655,1000.9348,248.63702,159,,,5.25,-70,,3,3
2026-01-24 02:56:36.516636,0x433b0b38,11.874727,65.08731,1000.6633,238.80597,145,,,6.75,-78,,5,5
2026-01-24 02:56:59.273117,0x433af380,11.454974,69.884964,1001.2669,186.39134,92,,,6.0,-34,,3,3
2026-01-24 02:57:09.654447,0x433ad35c,12.490217,65.62185,1000.8009,215.14009,124,,,5.75,-70,,3,2
2026-01-24 02:57:36.569739,0x433b0b38,11.998091,64.61193,1000.6519,238.80597,146,,,6.0,-77,,5,5
2026-01-24 02:57:59.337141,0x433af380,10.463173,72.05347,1001.2258,185.97142,91,,,5.75,-34,,3,3
2026-01-24 02:58:36.617753,0x433b0b38,12.046975,64.25107,1000.63464,238.97316,146,,,5.75,-77,,5,5
2026-01-24 02:59:00.014847,0x433af380,9.911224,73.4274,1001.2169,190.36221,87,,,6.25,-33,,3,3
2026-01-24 02:59:32.892802,0x433aad0c,12.600166,62.99416,1000.90985,251.10143,158,,,6.0,-70,,3,3
2026-01-24 02:59:36.581335,0x433b0b38,12.026446,64.00174,1000.617,238.97316,147,,,6.5,-76,,5,5
2026-01-24 03:00:00.124206,0x433af380,9.695024,75.92168,1001.2196,190.36221,85,,0.38161606,5.75,-34,,3,3
2026-01-24 03:00:06.629038,0x433ad35c,12.161939,64.981636,1000.7614,213.74898,132,,,6.25,-59,,3,3
2026-01-24 03:00:36.615240,0x433b0b38,11.892723,64.687645,1000.6094,239.1406,147,,,6.25,-77,,5,5
2026-01-24 03:01:03.290787,0x433af380,9.804396,75.6317,1001.20776,188.40929,89,,,6.25,-73,,3,2
2026-01-24 08:01:45.201067,0x433b0b38,6.398918,70.15262,1002.3139,235.83601,166,,,6.0,-76,,5,5
2026-01-24 08:02:19.362777,0x433af380,7.4362106,71.354095,1002.8809,232.87204,183,,0.033198327,6.0,-34,,3,3
2026-01-24 08:02:34.881641,0x433aad0c,7.2010517,68.92328,1002.5679,243.49004,177,,,5.25,-70,,3,3
2026-01-24 08:02:45.234467,0x433b0b38,6.6067677,69.846924,1002.32,233.89674,166,,,5.0,-76,,5,5
2026-01-24 08:03:04.780422,0x433ad35c,8.153035,68.58523,1002.39264,215.70163,158,,,5.5,-59,,3,3
2026-01-24 08:03:19.644214,0x433af380,7.616797,71.41434,1002.8459,231.56703,180,,0.03318841,5.25,-34,,3,3
2026-01-24 08:03:45.235686,0x433b0b38,6.8770714,69.09646,1002.2931,233.73659,165,,,5.25,-76,,5,5
2026-01-24 08:04:19.904939,0x433af380,7.3499217,72.49614,1002.8598,232.7081,181,,0.049787574,6.25,-34,,3,3
2026-01-24 08:04:45.240723,0x433b0b38,6.9824715,68.888374,1002.27466,235.3482,163,,,5.75,-77,,5,5
2026-01-24 08:05:20.147023,0x433af380,7.2500067,72.66432,1002.8566,234.02608,178,,0.033189513,6.0,-34,,3,3
2026-01-24 08:05:34.679226,0x433aad0c,7.510353,68.46534,1002.5629,244.7567,174,,,5.5,-71,,3,3
2026-01-24 08:05:45.775614,0x433b0b38,7.0492725,68.86986,1002.2834,235.99908,162,,,5.25,-76,,5,5
2026-01-24 08:06:04.250111,0x433ad35c,8.433656,68.319626,1002.4197,216.8335,154,,,5.5,-59,,3,3
2026-01-24 08:06:20.530516,0x433af380,7.301595,72.40404,1002.85614,233.53009,179,,,5.75,-34,,3,3
2026-01-24 08:06:45.215212,0x433b0b38,7.0827293,68.67156,1002.27795,238.13953,159,,,5.25,-76,,5,5
2026-01-24 08:07:20.665797,0x433af380,7.2329593,72.66145,1002.86615,233.20059,179,,,6.25,-34,,3,3
2026-01-24 08:07:45.279575,0x433b0b38,6.9747214,69.36455,1002.29706,238.80597,159,,,6.25,-76,,5,5
2026-01-24 08:08:20.947693,0x433af380,7.6831155,72.14617,1002.91437,226.80081,182,,,5.75,-33,,3,3
2026-01-24 08:08:34.677307,0x433aad0c,7.297589,70.12819,1002.62054,247.70201,171,,,6.0,-70,,3,3
2026-01-24 08:08:45.860655,0x433b0b38,6.964476,69.82133,1002.31,238.13953,159,,,5.25,-77,,5,5
2026-01-24 08:09:04.846254,0x433ad35c,8.736826,68.71483,1002.4755,217.69025,147,,,6.25,-59,,3,3
2026-01-24 08:09:21.215901,0x433af380,8.713039,70.385704,1002.9513,221.18599,179,,,6.25,-34,,3,3
2026-01-24 08:09:45.261519,0x433b0b38,7.0878706,69.38859,1002.3374,238.80597,157,,,5.75,-76,,5,5
2026-01-24 08:10:21.681429,0x433af380,8.697779,69.27435,1002.9128,223.27751,176,,,7.0,-34,,3,3
2026-01-24 08:10:45.272944,0x433b0b38,7.1855216,69.21358,1002.2939,238.80597,157,,,5.5,-76,,5,5
2026-01-24 08:11:21.700527,0x433af380,7.8736877,71.008965,1002.8977,230.92,173,,0.5311291,6.25,-35,,3,3
2026-01-24 08:11:34.756618,0x433aad0c,7.762891,68.16557,1002.5892,246.40477,170,,,5.25,-70,,3,3
2026-01-24 08:11:45.281303,0x433b0b38,7.347553,68.928535,1002.2905,238.80597,156,,,5.25,-76,,5,5
2026-01-24 08:12:04.324024,0x433ad35c,9.257944,67.4485,1002.4718,223.42842,133,,,5.75,-58,,3,3
2026-01-24 08:12:22.519680,0x433af380,7.118278,73.443054,1002.8867,234.19185,176,,0.7632068,5.5,-34,,3,3
2026-01-24 08:12:45.295992,0x433b0b38,7.411746,68.795616,1002.3076,238.97316,154,,,5.25,-76,,5,5
2026-01-24 08:13:22.246743,0x433af380,7.4592905,73.90242,1002.8966,232.7081,175,,0.1493404,5.5,-34,,3,3
2026-01-24 08:13:45.359966,0x433b0b38,7.3912554,69.191216,1002.2931,241.33867,152,,,5.25,-76,,5,5
2026-01-24 08:14:22.811967,0x433af380,7.8916802,73.004875,1002.9152,226.1801,178,,0.06639225,7.75,-34,,3,3
2026-01-24 08:14:34.790830,0x433aad0c,7.775874,68.7506,1002.56055,247.32999,168,,,5.25,-71,,3,3
2026-01-24 08:14:45.846170,0x433b0b38,7.4066043,69.48955,1002.27124,242.19489,150,,,5.25,-76,,5,5
2026-01-24 08:15:04.299742,0x433ad35c,9.533556,66.62724,1002.4402,226.02544,129,,,5.5,-59,,3,3
2026-01-24 08:15:22.741503,0x433af380,7.886556,73.18084,1002.89996,220.44849,179,,0.13276467,5.25,-34,,3,3
2026-01-24 08:15:45.396451,0x433b0b38,7.424637,69.68369,1002.273,242.19489,149,,,5.0,-76,,5,5
2026-01-24 08:16:22.984884,0x433af380,8.36458,71.65165,1002.9121,224.33818,173,,,5.75,-34,,3,3
2026-01-24 08:16:45.377922,0x433b0b38,7.4760523,69.72715,1002.30035,241.50943,149,,,5.25,-76,,5,5
2026-01-24 08:17:23.278963,0x433af380,8.774083,71.40269,1002.93524,220.8904,172,,,7.25,-34,,3,3
2026-01-24 08:17:34.834106,0x433aad0c,8.134567,68.22781,1002.6187,248.82489,166,,,5.25,-70,,3,3
2026-01-24 08:17:45.367845,0x433b0b38,7.5916595,69.72493,1002.3271,240.31917,150,,,5.5,-76,,5,5
2026-01-24 08:18:05.164347,0x433ad35c,9.886918,66.251945,1002.47546,223.88237,129,,,5.75,-59,,3,3
2026-01-24 08:18:23.520339,0x433af380,9.354003,69.066025,1002.95355,218.12114,171,,,5.5,-34,,3,3
2026-01-24 08:18:45.440655,0x433b0b38,7.7048483,69.349625,1002.3427,243.0572,147,,,5.75,-76,,5,5
2026-01-24 08:19:24.176456,0x433af380,8.977564,69.77216,1002.9705,220.8904,171,,,6.0,-35,,3,3
2026-01-24 08:19:45.580028,0x433b0b38,7.8436685,69.00127,1002.3249,242.71155,146,,,5.5,-76,,5,5
2026-01-24 08:20:24.057490,0x433af380,9.226829,69.562744,1002.88837,214.5815,176,,,8.0,-34,,3,3
2026-01-24 08:20:35.009671,0x433aad0c,8.397713,67.47705,1002.6225,249.95796,164,,,5.25,-71,,3,3
2026-01-24 08:20:45.408845,0x433b0b38,7.923324,68.56876,1002.2873,243.40384,145,,,5.5,-75,,5,5
2026-01-24 08:21:04.887032,0x433ad35c,10.342897,65.31502,1002.44574,224.03409,125,,,5.75,-59,,3,3
2026-01-24 08:21:24.318890,0x433af380,8.990469,69.796074,1002.92224,209.15092,181,,0.033185657,6.0,-34,,3,3
2026-01-24 08:21:45.427817,0x433b0b38,7.951678,68.56911,1002.2958,243.40384,145,,,5.5,-76,,5,5
2026-01-24 08:22:24.564805,0x433af380,9.224472,69.36628,1002.88745,215.42049,176,,,5.5,-34,,3,3
2026-01-24 08:22:45.447742,0x433b0b38,7.9542103,68.82513,1002.31476,244.27481,143,,,5.25,-75,,5,5
2026-01-24 08:23:24.814060,0x433af380,9.8832445,67.96769,1002.93787,214.16444,172,,,5.5,-34,,3,3
2026-01-24 08:23:34.826906,0x433aad0c,8.529417,67.80021,1002.61005,249.7684,163,,,5.25,-70,,3,3
2026-01-24 08:23:45.445875,0x433b0b38,7.943015,69.234856,1002.3099,243.40384,143,,,5.75,-76,,5,5
2026-01-24 08:24:04.376073,0x433ad35c,10.656173,66.1234,1002.461,219.13329,126,,,5.5,-58,,3,3
2026-01-24 08:24:25.066921,0x433af380,9.936659,67.96037,1002.93915,213.74898,170,,,6.0,-34,,3,3
2026-01-24 08:24:45.517592,0x433b0b38,8.026154,69.3172,1002.3322,244.44975,142,,,5.75,-76,,5,5
2026-01-24 08:25:25.345140,0x433af380,10.015509,67.63193,1002.96204,213.47295,169,,,6.25,-34,,3,3
2026-01-24 08:25:45.529713,0x433b0b38,8.121271,69.54569,1002.3637,244.10013,141,,,5.75,-76,,5,5
2026-01-24 08:26:25.589573,0x433af380,10.259501,67.184204,1002.9922,213.33517,168,,,6.0,-34,,3,3
2026-01-24 08:26:35.201436,0x433aad0c,8.561872,68.62358,1002.6639,254.39874,158,,,5.25,-70,,3,3
2026-01-24 08:26:45.585649,0x433b0b38,8.136697,69.6724,1002.3742,246.92549,138,,,5.75,-76,,5,5
2026-01-24 08:27:04.941671,0x433ad35c,10.921654,65.59718,1002.5045,225.25536,115,,,5.75,-59,,3,3
2026-01-24 08:27:26.385114,0x433af380,10.12978,67.123276,1002.989,212.92296,173,,,7.75,-34,,3,3
2026-01-24 08:27:45.555700,0x433b0b38,8.175296,69.82493,1002.3807,245.15201,138,,,5.5,-75,,5,5
2026-01-24 08:28:26.106341,0x433af380,9.961906,67.82473,1002.95044,211.42497,171,,0.01659393,6.25,-33,,3,3
2026-01-24 08:28:45.550727,0x433b0b38,8.210336,70.109955,1002.3796,248.18227,137,,,5.75,-76,,5,5
2026-01-24 08:29:27.009440,0x433af380,9.443214,68.694725,1002.94763,216.26608,172,,0.18257867,5.25,-33,,3,3
2026-01-24 08:29:35.373017,0x433aad0c,8.830112,68.71802,1002.6681,257.17993,153,,,5.5,-70,,3,3
2026-01-24 08:29:45.603898,0x433b0b38,8.262247,70.49226,1002.4102,243.92567,137,,,5.5,-75,,5,5
2026-01-24 08:30:04.458115,0x433ad35c,11.13968,64.366745,1002.5296,226.33495,111,,,6.0,-58,,3,3
2026-01-24 08:30:26.643706,0x433af380,9.679763,68.82914,1002.9759,211.15488,175,,0.21567099,5.75,-34,,3,3
2026-01-24 08:30:45.643598,0x433b0b38,8.3321495,69.97751,1002.4035,245.85834,134,,,5.5,-76,,5,5
2026-01-24 08:31:27.389738,0x433af380,9.560217,69.878494,1002.95544,210.21492,175,,0.2654412,5.5,-34,,3,3
2026-01-24 08:31:45.608589,0x433b0b38,8.347536,69.990685,1002.4042,252.40324,130,,,5.5,-75,,5,5
2026-01-24 08:32:27.179210,0x433af380,9.6263485,69.5797,1002.9524,213.19757,170,,0.03318841,7.25,-34,,3,3
2026-01-24 08:32:36.169968,0x433aad0c,8.779279,69.74312,1002.68555,262.71906,148,,,5.5,-69,,3,3
2026-01-24 08:32:45.670653,0x433b0b38,8.337215,70.31943,1002.39624,247.46254,132,,,5.25,-76,,5,5
2026-01-24 08:33:04.469048,0x433ad35c,11.505501,63.97507,1002.5066,231.4049,102,,,5.75,-58,,3,3
2026-01-24 08:33:27.821701,0x433af380,9.786403,68.93753,1002.9703,208.75471,174,,,5.75,-34,,3,3
2026-01-24 08:33:45.643875,0x433b0b38,8.344966,70.539444,1002.3639,247.64207,130,,,5.5,-75,,5,5
2026-01-24 08:34:27.784932,0x433af380,9.6541395,69.59763,1002.94257,211.96725,170,,,7.25,-34,,3,3
2026-01-24 08:34:45.690678,0x433b0b38,8.339825,70.77268,1002.3404,250.18323,129,,,5.25,-76,,5,5
2026-01-24 08:35:27.985163,0x433af380,8.980107,70.65584,1002.9527,219.27866,167,,0.68026084,5.75,-34,,3,3
2026-01-24 08:35:36.336752,0x433aad0c,8.894867,70.27649,1002.64844,265.2582,144,,,6.0,-69,,3,3
2026-01-24 08:35:45.683190,0x433b0b38,8.28323,71.04924,1002.3613,248.00194,130,,,5.25,-75,,5,5
2026-01-24 08:36:05.038963,0x433ad35c,11.668366,64.48051,1002.5067,232.7081,96,,,5.75,-58,,3,3
2026-01-24 08:36:28.249241,0x433af380,9.219197,72.001305,1002.9349,212.78587,170,,0.13275144,6.25,-33,,3,3
2026-01-24 08:36:45.855815,0x433b0b38,8.3578205,71.03998,1002.34717,247.82187,130,,,5.5,-75,,5,5
2026-01-24 08:37:28.669549,0x433af380,9.137805,71.578835,1002.96686,215.14009,167,,0.4979584,5.5,-34,,3,3
2026-01-24 08:37:45.701823,0x433b0b38,8.424622,71.46005,1002.37335,245.32822,130,,,5.5,-76,,5,5
2026-01-24 08:38:28.782087,0x433af380,8.947229,71.92625,1002.96765,215.00017,169,,0.58067197,6.25,-34,,3,3
2026-01-24 08:38:35.189231,0x433aad0c,9.149111,70.36148,1002.64746,262.50964,144,,,5.75,-70,,3,3
2026-01-24 08:38:46.288340,0x433b0b38,8.483219,71.52473,1002.3506,242.02316,131,,,6.0,-75,,5,5
2026-01-24 08:39:04.465760,0x433ad35c,11.660811,64.18835,1002.4971,231.08142,98,,,6.0,-58,,3,3
2026-01-24 08:39:29.300602,0x433af380,9.082035,72.990395,1002.96106,209.41592,173,,0.5809418,7.5,-34,,3,3
2026-01-24 08:39:45.720477,0x433b0b38,8.463258,71.55357,1002.3636,243.40384,132,,,6.0,-75,,5,5
2026-01-24 08:40:29.309386,0x433af380,9.267712,72.95547,1002.96375,204.11443,174,,0.31524283,6.0,-34,,3,3
2026-01-24 08:40:45.789734,0x433b0b38,8.450443,71.78256,1002.3757,246.74698,130,,,5.75,-75,,5,5
2026-01-24 08:41:29.864531,0x433af380,9.687393,72.1622,1003.0121,199.91745,173,,0.19914699,5.25,-34,,3,3
2026-01-24 08:41:37.560019,0x433aad0c,9.520642,69.73942,1002.6515,261.67538,143,,,5.75,-70,,3,3
2026-01-24 08:41:45.909475,0x433b0b38,8.638033,71.87115,1002.4029,242.36685,131,,,5.5,-75,,5,5
2026-01-24 08:42:04.481594,0x433ad35c,12.212051,64.80742,1002.5303,220.15485,106,,,5.75,-58,,3,3
2026-01-24 08:42:29.834307,0x433af380,10.198456,70.36617,1003.0257,197.76466,172,,,6.0,-34,,3,3
2026-01-24 08:42:45.773226,0x433b0b38,8.769143,71.76958,1002.3824,239.1406,133,,,6.0,-75,,5,5
2026-01-24 08:43:30.496934,0x433af380,10.376504,68.32802,1003.0182,204.11443,168,,,5.5,-34,,3,3
2026-01-24 08:43:45.801970,0x433b0b38,8.972461,71.281685,1002.37256,240.82785,131,,,5.25,-76,,5,5
2026-01-24 08:44:31.046637,0x433af380,10.852148,68.49354,1003.0023,193.25569,176,,,8.0,-34,,3,3
2026-01-24 08:44:36.183983,0x433aad0c,9.576344,70.03271,1002.6126,254.79237,145,,,5.75,-69,,3,3
2026-01-24 08:44:45.816658,0x433b0b38,9.069242,70.86665,1002.40326,241.33867,131,,,5.5,-75,,5,5
2026-01-24 08:45:04.517064,0x433ad35c,12.38498,64.05323,1002.50165,219.42421,104,,,5.75,-58,,3,3
2026-01-24 08:45:30.611494,0x433af380,10.918281,68.48305,1003.0193,195.65773,171,,,5.5,-34,,3,3
2026-01-24 08:45:45.936381,0x433b0b38,9.170259,70.56698,1002.3617,242.19489,129,,,5.75,-76,,5,5
2026-01-24 08:46:30.879225,0x433af380,10.867598,67.7482,1002.96796,198.59631,169,,,6.0,-34,,3,3
2026-01-24 08:46:45.891331,0x433b0b38,9.182356,70.65851,1002.40186,243.57755,126,,,5.5,-75,,5,5
2026-01-24 08:47:31.152778,0x433af380,11.00495,67.78524,1002.96106,196.35503,171,,,6.0,-34,,3,3
2026-01-24 08:47:36.215293,0x433aad0c,9.962935,68.88528,1002.5998,262.9288,138,,,5.25,-70,,3,3
2026-01-24 08:47:45.973592,0x433b0b38,9.262996,70.8515,1002.3149,246.39076,124,,,5.5,-75,,5,5
2026-01-24 08:48:04.586419,0x433ad35c,12.838503,61.994232,1002.4591,228.05252,91,,,5.75,-58,,3,3
2026-01-24 08:48:31.406431,0x433af380,10.862511,67.6359,1002.9343,202.11766,165,,0.082998574,7.75,-34,,3,3
2026-01-24 08:48:46.009720,0x433b0b38,9.390894,70.546005,1002.3125,247.28326,122,,,5.5,-75,,5,5
2026-01-24 08:49:31.787703,0x433af380,10.900663,67.22525,1002.94086,200.28082,168,,0.5642779,6.25,-33,,3,3
2026-01-24 08:49:45.999236,0x433b0b38,9.442952,70.34435,1002.31506,250.36674,118,,,5.75,-76,,5,5
2026-01-24 08:50:32.028675,0x433af380,10.859966,66.976616,1002.94196,204.11443,164,,0.5144118,6.75,-34,,3,3
2026-01-24 08:50:35.894046,0x433aad0c,10.331561,68.95035,1002.5946,272.05072,130,,,5.75,-70,,3,3
2026-01-24 08:50:46.020407,0x433b0b38,9.467904,70.71854,1002.37256,249.08781,116,,,5.25,-75,,5,5
2026-01-24 08:51:05.091001,0x433ad35c,13.049017,61.363,1002.47107,235.69463,80,,,5.75,-57,,3,3
2026-01-24 08:51:32.233291,0x433af380,10.6944475,69.05346,1002.9452,202.11766,167,,0.514446,6.25,-34,,3,3
2026-01-24 08:51:46.080600,0x433b0b38,9.508616,70.434715,1002.3019,253.71655,115,,,5.75,-75,,5,5
2026-01-24 08:52:32.424863,0x433af380,10.485877,68.6083,1002.9742,205.38258,163,,0.5809707,6.25,-33,,3,3
2026-01-24 08:52:46.072849,0x433b0b38,9.509755,70.76617,1002.31165,254.28358,113,,,6.25,-76,,5,5
2026-01-24 08:53:32.826598,0x433af380,11.01748,67.8917,1002.9735,200.15956,165,,0.14932802,5.25,-34,,3,3
2026-01-24 08:53:38.526752,0x433aad0c,10.294166,69.21047,1002.5852,277.7873,125,,,5.75,-70,,3,3
2026-01-24 08:53:46.070020,0x433b0b38,9.518937,71.73899,1002.3067,251.65889,113,,,4.75,-76,,5,5
2026-01-24 08:54:04.626236,0x433ad35c,13.12673,62.600254,1002.47504,238.58649,74,,,6.0,-58,,3,3
2026-01-24 08:54:32.955801,0x433af380,12.398833,65.37276,1002.9898,180.97417,179,,0.06639114,5.75,-34,,3,3
2026-01-24 08:54:46.091277,0x433b0b38,9.748121,71.41586,1002.31116,250.91888,113,,,5.25,-76,,5,5
2026-01-24 08:55:33.193767,0x433af380,13.327252,63.01367,1002.9962,178.6663,173,,0.5311732,6.75,-34,,3,3
2026-01-24 08:55:46.136541,0x433b0b38,9.872312,70.76681,1002.31757,247.82187,113,,,5.75,-75,,5,5
2026-01-24 08:56:33.853344,0x433af380,13.482414,61.510723,1002.9572,180.5854,171,,,5.75,-34,,3,3
2026-01-24 08:56:38.884115,0x433aad0c,10.4357605,69.0005,1002.61145,278.7277,123,,,5.25,-70,,3,3
2026-01-24 08:56:46.091328,0x433b0b38,9.874582,70.81195,1002.38885,244.62494,114,,,5.75,-75,,5,5
2026-01-24 08:57:04.610893,0x433ad35c,13.805733,62.84395,1002.42944,234.69066,71,,,5.75,-58,,3,3
2026-01-24 08:57:33.819670,0x433af380,13.067802,60.78459,1002.9272,186.07611,170,,0.016598063,6.0,-34,,3,3
2026-01-24 08:57:46.105378,0x433b0b38,10.067619,70.260376,1002.3406,249.81703,112,,,5.75,-76,,5,5
2026-01-24 08:58:33.964637,0x433af380,12.576885,61.98578,1002.95514,190.03392,171,,,5.5,-34,,3,3
2026-01-24 08:58:46.286583,0x433b0b38,10.16773,69.60794,1002.34106,252.40324,109,,,5.5,-75,,5,5
2026-01-24 08:59:34.211331,0x433af380,13.306904,61.378372,1002.9901,184.54994,174,,0.48137572,5.75,-34,,3,3
2026-01-24 08:59:39.717546,0x433aad0c,10.731593,68.34923,1002.6396,278.96378,122,,,5.5,-75,,3,2
2026-01-24 08:59:46.856618,0x433b0b38,10.219071,69.62371,1002.34357,253.15205,108,,,5.25,-75,,5,5
2026-01-24 09:00:05.183916,0x433ad35c,14.189103,61.213654,1002.4915,234.02608,71,,,6.25,-58,,3,3
2026-01-24 09:00:34.466501,0x433af380,14.044372,59.794926,1003.02515,166.95631,193,,,5.75,-34,,3,3
2026-01-24 09:00:46.392724,0x433b0b38,10.31646,69.45301,1002.3901,255.61658,106,,,5.75,-75,,5,5
2026-01-24 09:01:35.065050,0x433af380,15.038942,57.769577,1003.08014,162.91183,189,,,5.5,-35,,3,3
2026-01-23 22:01:26.600641,0x433b0b38,8.522536,63.5414,1000.2205,228.87798,194,,,5.5,-77,,5,5
2026-01-23 22:01:41.035516,0x433af380,8.982651,65.68301,1000.75336,212.10326,61,,,7.5,-34,,3,3
2026-01-23 22:02:26.635205,0x433b0b38,8.535165,63.433903,1000.2037,230.2676,194,,,6.0,-78,,5,5
2026-01-23 22:02:29.677502,0x433aad0c,9.194284,62.02519,1000.5382,230.69812,197,,,6.0,-70,,3,3
2026-01-23 22:02:41.514450,0x433af380,8.936868,65.54617,1000.74255,223.1268,53,,,5.5,-35,,3,3
2026-01-23 22:02:57.936795,0x433ad35c,8.258268,67.19514,1000.407,210.48264,185,,,6.0,-58,,3,3
2026-01-23 22:03:26.722088,0x433b0b38,8.571231,63.39429,1000.17957,234.37857,191,,,6.0,-76,,5,5
2026-01-23 22:03:41.579507,0x433af380,8.224689,67.15806,1000.70886,228.52548,49,,,5.75,-34,,3,3
2026-01-23 22:04:26.834648,0x433b0b38,8.550664,63.280518,1000.2076,234.8624,191,,,5.75,-76,,5,5
2026-01-23 22:04:41.842037,0x433af380,8.092615,67.392494,1000.68756,227.73828,51,,,5.5,-34,,3,3
2026-01-23 22:05:27.425832,0x433b0b38,8.591039,63.318424,1000.2071,231.04694,193,,,6.0,-77,,5,5
2026-01-23 22:05:29.491737,0x433aad0c,9.189227,61.89958,1000.51605,229.2528,198,,,5.75,-70,,3,3
2026-01-23 22:05:42.104623,0x433af380,7.5712028,68.57163,1000.737,231.72934,49,,,7.5,-34,,3,3
2026-01-23 22:05:58.292616,0x433ad35c,8.293306,66.9626,1000.4072,211.28986,183,,,6.0,-57,,3,3
2026-01-23 22:06:26.693931,0x433b0b38,8.56609,63.47314,1000.20825,231.98912,193,,,5.5,-76,,5,5
2026-01-23 22:06:42.346730,0x433af380,7.413508,69.4786,1000.7141,227.11244,54,,,6.0,-34,,3,3
2026-01-23 22:07:27.232038,0x433b0b38,8.59176,63.39014,1000.2267,231.98912,192,,,5.75,-76,,5,5
2026-01-23 22:07:42.720880,0x433af380,7.2430954,70.41629,1000.73584,228.84184,52,,,5.75,-34,,3,3
2026-01-23 22:08:27.269236,0x433b0b38,8.56091,63.417744,1000.2336,235.67319,191,,,5.25,-77,,5,5
2026-01-23 22:08:29.700753,0x433aad0c,9.1664715,62.19526,1000.5869,228.61629,198,,,5.5,-70,,3,3
2026-01-23 22:08:43.019543,0x433af380,7.153887,71.49775,1000.78827,226.33495,54,,,5.75,-34,,3,3
2026-01-23 22:08:58.308704,0x433ad35c,7.9150105,67.370964,1000.4498,211.0201,186,,,5.75,-58,,3,3
2026-01-23 22:09:26.805835,0x433b0b38,8.558302,63.338326,1000.27313,233.89674,191,,,5.75,-77,,5,5
2026-01-23 22:09:43.356133,0x433af380,6.8868237,72.79703,1000.7807,223.73083,59,,,5.25,-34,,3,3
2026-01-23 22:10:26.790670,0x433b0b38,8.452975,63.71517,1000.24225,235.3482,191,,,5.5,-76,,5,5
2026-01-23 22:10:43.428992,0x433af380,6.7927155,72.89835,1000.74896,227.5815,53,,,5.75,-34,,3,3
2026-01-23 22:11:27.273326,0x433b0b38,8.45566,63.70755,1000.2352,232.3049,191,,,5.75,-77,,5,5
2026-01-23 22:11:29.787214,0x433aad0c,9.061891,62.68248,1000.5481,231.83485,196,,,6.0,-70,,3,3
2026-01-23 22:11:43.705001,0x433af380,6.7471223,73.37662,1000.75793,217.11835,62,,,7.0,-34,,3,3
2026-01-23 22:11:57.809830,0x433ad35c,7.7396607,67.66409,1000.4194,213.47295,185,,,6.25,-58,,3,3
2026-01-23 22:12:26.882756,0x433b0b38,8.368103,63.7622,1000.22723,232.78017,192,,,5.75,-77,,5,5
2026-01-23 22:12:44.388778,0x433af380,6.637754,74.213615,1000.77014,225.56277,56,,0.11619607,6.0,-34,,3,3
2026-01-23 22:13:27.391759,0x433b0b38,8.36814,63.686424,1000.2484,234.05714,191,,,6.25,-77,,5,5
2026-01-23 22:13:44.414368,0x433af380,6.502952,74.50114,1000.7588,230.11624,51,,0.033183455,5.5,-34,,3,3
2026-01-23 22:14:27.364327,0x433b0b38,8.342395,63.773094,1000.261,233.2574,191,,,5.5,-77,,5,5
2026-01-23 22:14:31.022664,0x433aad0c,8.994536,62.95839,1000.5726,231.83485,196,,,5.25,-70,,3,3
2026-01-23 22:14:46.429861,0x433af380,6.5656266,74.95107,1000.78937,230.11624,51,,,5.5,-35,,3,3
2026-01-23 22:14:58.476081,0x433ad35c,7.747871,68.03405,1000.47473,216.69138,185,,,5.75,-58,,3,3
2026-01-23 22:15:26.875225,0x433b0b38,8.306405,63.963223,1000.25903,235.3482,191,,,6.0,-77,,5,5
2026-01-23 22:15:44.762876,0x433af380,6.6477394,74.918724,1000.8053,220.15485,59,,,6.0,-34,,3,3
2026-01-23 22:16:26.900044,0x433b0b38,8.290979,64.163765,1000.27313,234.05714,191,,,6.25,-77,,5,5
2026-01-23 22:16:45.376118,0x433af380,6.6426525,74.576866,1000.8054,225.40895,55,,,6.25,-34,,3,3
2026-01-23 22:17:26.943108,0x433b0b38,8.195862,64.35099,1000.2534,235.99908,191,,,5.75,-78,,5,5
2026-01-23 22:17:29.852207,0x433aad0c,8.92374,63.330257,1000.5675,232.32549,195,,,5.75,-70,,3,3
2026-01-23 22:17:45.351044,0x433af380,6.556175,74.400536,1000.78766,229.79634,50,,,7.5,-34,,3,3
2026-01-23 22:17:58.458707,0x433ad35c,7.6494246,68.81638,1000.4791,211.28986,186,,,5.75,-57,,3,3
2026-01-23 22:18:26.965211,0x433b0b38,8.180474,64.59031,1000.2626,235.83601,190,,,6.0,-77,,5,5
2026-01-23 22:18:46.066597,0x433af380,6.4317355,74.81639,1000.7933,228.84184,52,,0.33189514,5.25,-34,,3,3
2026-01-23 22:19:26.957887,0x433b0b38,8.026229,64.80987,1000.3259,235.83601,190,,,6.0,-77,,5,5
2026-01-23 22:19:46.248400,0x433af380,6.452083,75.32571,1000.80817,220.8904,59,,,5.5,-34,,3,3
2026-01-23 22:20:26.964593,0x433b0b38,7.9207907,65.54602,1000.36975,235.18604,191,,,6.75,-76,,5,5
2026-01-23 22:20:29.603274,0x433aad0c,8.776331,63.286137,1000.66,233.313,195,,,5.5,-70,,3,3
2026-01-23 22:20:46.067078,0x433af380,6.5232997,74.86538,1000.8681,228.3676,52,,,5.75,-34,,3,3
2026-01-23 22:20:57.908359,0x433ad35c,7.2910986,69.71993,1000.5653,210.61673,188,,,6.0,-58,,3,3
2026-01-23 22:21:27.054026,0x433b0b38,7.8102484,66.29014,1000.3882,234.8624,191,,,6.25,-76,,5,5
2026-01-23 22:21:46.351823,0x433af380,6.7164125,74.438675,1000.9434,227.42493,52,,,5.75,-34,,3,3
2026-01-23 22:22:27.516677,0x433b0b38,7.9079757,66.16689,1000.4466,233.4169,191,,,6.25,-76,,5,5
2026-01-23 22:22:46.591238,0x433af380,6.8944535,73.979034,1000.9652,225.25536,55,,,5.5,-35,,3,3
2026-01-23 22:23:27.032296,0x433b0b38,8.005588,65.82005,1000.43835,233.09811,191,,,6.5,-77,,5,5
2026-01-23 22:23:29.584274,0x433aad0c,8.850492,63.028233,1000.7311,234.97763,195,,,6.0,-70,,3,3
2026-01-23 22:23:46.838141,0x433af380,7.0038223,73.884926,1000.97473,216.1247,62,,,6.0,-34,,3,3
2026-01-23 22:23:58.598934,0x433ad35c,7.5159874,69.055405,1000.63763,213.19757,186,,,6.0,-58,,3,3
2026-01-23 22:24:27.026431,0x433b0b38,8.072466,65.34021,1000.4531,234.8624,190,,,5.75,-76,,5,5
2026-01-23 22:24:47.100765,0x433af380,7.3904285,73.03612,1000.9798,221.48238,57,,,5.75,-34,,3,3
2026-01-23 22:25:27.061078,0x433b0b38,8.123842,65.21889,1000.425,235.67319,189,,,4.75,-77,,5,5
2026-01-23 22:25:47.772631,0x433af380,7.278516,72.69519,1000.9258,226.95651,53,,,7.75,-33,,3,3
2026-01-23 22:26:27.082475,0x433b0b38,8.103314,65.49071,1000.36505,235.0241,190,,,6.5,-77,,5,5
2026-01-23 22:26:30.550083,0x433aad0c,8.868114,63.171585,1000.68933,235.14536,195,,,5.75,-71,,3,3
2026-01-23 22:26:47.613111,0x433af380,7.0904884,72.904854,1000.91644,228.20993,51,,,6.0,-35,,3,3
2026-01-23 22:26:58.533503,0x433ad35c,7.757268,69.08987,1000.58105,210.21492,184,,,5.5,-58,,3,3
2026-01-23 22:27:27.113314,0x433b0b38,8.064714,65.64147,1000.37146,232.93903,191,,,6.5,-77,,5,5
2026-01-23 22:27:47.955791,0x433af380,6.976033,72.850914,1000.9035,228.84184,52,,,6.25,-33,,3,3
2026-01-23 22:28:27.135775,0x433b0b38,8.206144,65.31466,1000.3379,232.3049,191,,,6.0,-77,,5,5
2026-01-23 22:28:48.408458,0x433af380,6.983663,72.22095,1000.86053,231.4049,50,,,6.0,-34,,3,3
2026-01-23 22:29:27.202326,0x433b0b38,8.311546,64.94212,1000.31824,232.4631,190,,,6.75,-77,,5,5
2026-01-23 22:29:29.597440,0x433aad0c,9.017293,62.55791,1000.63654,238.03456,193,,,6.25,-70,,3,3
2026-01-23 22:29:48.346621,0x433af380,6.9251633,72.27227,1000.8503,233.53009,49,,,6.0,-34,,3,3
2026-01-23 22:29:57.947503,0x433ad35c,7.7715507,68.71391,1000.4774,217.97733,181,,,5.75,-59,,3,3
2026-01-23 22:30:27.174348,0x433b0b38,8.290979,64.84006,1000.2975,232.78017,190,,,5.75,-77,,5,5
2026-01-23 22:30:48.592164,0x433af380,6.5817986,72.89772,1000.8296,233.03621,52,,,8.0,-34,,3,3
2026-01-23 22:31:27.190293,0x433b0b38,8.347536,64.590775,1000.3058,234.37857,189,,,6.0,-76,,5,5
2026-01-23 22:31:48.848807,0x433af380,6.843773,72.22228,1000.851,236.36873,50,,,5.75,-34,,3,3
2026-01-23 22:32:27.218103,0x433b0b38,8.375928,64.26737,1000.3123,236.16235,188,,,6.0,-77,,5,5
2026-01-23 22:32:30.181719,0x433aad0c,9.034992,62.409054,1000.653,238.37914,193,,,5.5,-70,,3,3
2026-01-23 22:32:49.094843,0x433af380,7.3726234,71.40041,1000.9069,230.59782,54,,,5.5,-34,,3,3
2026-01-23 22:32:57.978596,0x433ad35c,8.064353,67.149994,1000.55225,213.33517,182,,,6.5,-59,,3,3
2026-01-23 22:33:27.462613,0x433b0b38,8.393847,64.22386,1000.3581,234.53963,189,,,6.5,-77,,5,5
2026-01-23 22:33:49.358700,0x433af380,7.026714,72.06828,1000.90125,233.03621,52,,,5.5,-34,,3,3
2026-01-23 22:34:27.247473,0x433b0b38,8.388744,64.317795,1000.3656,239.98125,188,,,6.5,-77,,5,5
2026-01-23 22:34:49.597104,0x433af380,6.746934,72.44087,1000.9448,237.38718,50,,,7.75,-34,,3,3
2026-01-23 22:35:27.302940,0x433b0b38,8.401523,64.28256,1000.3991,234.37857,189,,,5.0,-78,,5,5
2026-01-23 22:35:29.876902,0x433aad0c,9.047634,62.306168,1000.7372,237.69096,193,,,5.75,-71,,3,3
2026-01-23 22:35:50.288890,0x433af380,7.301595,71.57055,1000.9769,225.40895,59,,,5.5,-34,,3,3
2026-01-23 22:35:58.677799,0x433ad35c,8.16074,66.77906,1000.63,217.54697,179,,,5.75,-58,,3,3
2026-01-23 22:36:27.284338,0x433b0b38,8.301226,64.381996,1000.41125,235.83601,188,,,5.75,-77,,5,5
2026-01-23 22:36:50.286587,0x433af380,7.9094853,69.7981,1000.96387,221.33406,63,,,5.5,-34,,3,3
2026-01-23 22:37:27.866151,0x433b0b38,8.316649,64.39459,1000.4054,238.80597,187,,,5.5,-77,,5,5
2026-01-23 22:37:50.732894,0x433af380,7.853528,69.775475,1000.9479,226.80081,57,,,7.5,-34,,3,3
2026-01-23 22:38:27.336523,0x433b0b38,8.360391,64.42031,1000.3849,238.3058,187,,,5.5,-76,,5,5
2026-01-23 22:38:30.085329,0x433aad0c,8.946497,62.595104,1000.7129,239.07127,193,,,6.0,-70,,3,3
2026-01-23 22:38:50.624424,0x433af380,7.8482533,69.31574,1000.9631,226.02544,59,,,5.75,-34,,3,3
2026-01-23 22:38:58.010718,0x433ad35c,8.109529,67.63677,1000.60535,213.19757,182,,,5.5,-58,,3,3
2026-01-23 22:39:27.382666,0x433b0b38,8.370673,64.41632,1000.39136,238.3058,185,,,5.75,-77,,5,5
2026-01-23 22:39:50.873987,0x433af380,7.6498623,69.76226,1000.9493,223.57951,62,,,7.5,-33,,3,3
2026-01-23 22:40:27.364603,0x433b0b38,8.409197,64.279465,1000.4368,238.63902,184,,,5.75,-77,,5,5
2026-01-23 22:40:51.140613,0x433af380,7.932188,69.37603,1000.9727,227.11244,58,,,6.0,-34,,3,3
2026-01-23 22:41:27.371844,0x433b0b38,8.460612,64.393005,1000.42975,243.75148,184,,,5.75,-77,,5,5
2026-01-23 22:41:29.832831,0x433aad0c,9.075447,62.08693,1000.7603,242.2364,191,,,6.0,-70,,3,3
2026-01-23 22:41:51.421707,0x433af380,7.667666,70.292046,1000.9532,229.95618,55,,,5.5,-34,,3,3
2026-01-23 22:41:58.160705,0x433ad35c,8.308604,67.470505,1000.61584,215.70163,178,,,7.0,-59,,3,3
2026-01-23 22:42:27.414145,0x433b0b38,8.481178,64.4448,1000.4068,240.65805,185,,,5.25,-77,,5,5
2026-01-23 22:42:51.676522,0x433af380,7.3753557,71.64942,1000.95996,229.15913,55,,,5.5,-34,,3,3
2026-01-23 22:43:27.427739,0x433b0b38,8.514636,64.55796,1000.41077,240.82785,185,,,5.75,-77,,5,5
2026-01-23 22:43:52.407537,0x433af380,7.2609,72.07763,1000.95215,227.5815,58,,,6.0,-34,,3,3
2026-01-23 22:44:27.439909,0x433b0b38,8.581438,64.36794,1000.41895,238.3058,183,,,6.0,-76,,5,5
2026-01-23 22:44:30.225855,0x433aad0c,9.1567335,62.856293,1000.73663,238.72469,191,,,5.75,-70,,3,3
2026-01-23 22:44:52.657652,0x433af380,7.1922264,72.74909,1000.9337,221.77956,63,,,6.5,-34,,3,3
2026-01-23 22:44:59.903610,0x433ad35c,8.421976,66.96493,1000.5788,215.70163,177,,,5.5,-58,,3,3
2026-01-23 22:45:27.505645,0x433b0b38,8.620038,64.55786,1000.4074,238.80597,185,,,6.0,-78,,5,5
2026-01-23 22:45:52.444984,0x433af380,7.1996684,72.15019,1000.9377,228.84184,57,,,6.0,-34,,3,3
2026-01-23 22:46:27.604095,0x433b0b38,8.66117,64.68525,1000.40375,240.4885,182,,,6.0,-77,,5,5
2026-01-23 22:46:52.722615,0x433af380,6.924975,72.465805,1000.9177,229.79634,57,,0.21572824,6.0,-33,,3,3
2026-01-23 22:47:27.580056,0x433b0b38,8.548057,65.14428,1000.39856,234.53963,186,,,6.75,-76,,5,5
2026-01-23 22:47:31.664508,0x433aad0c,9.219945,63.291107,1000.7099,235.3134,192,,,6.0,-70,,3,3
2026-01-23 22:47:53.147530,0x433af380,6.551089,73.8898,1000.91406,232.87204,53,,,5.75,-34,,3,3
2026-01-23 22:47:58.269968,0x433ad35c,8.390187,67.42456,1000.5846,216.26608,175,,,6.0,-58,,3,3
2026-01-23 22:48:27.573925,0x433b0b38,8.496641,65.28178,1000.4025,233.4169,186,,,5.5,-76,,5,5
2026-01-23 22:48:53.526020,0x433af380,6.594327,74.052574,1000.92615,233.03621,53,,,6.0,-34,,3,3
2026-01-23 22:49:27.594675,0x433b0b38,8.622571,64.7884,1000.41675,234.21774,185,,,5.5,-77,,5,5
2026-01-23 22:49:53.870263,0x433af380,6.734405,74.29595,1000.95087,230.75877,54,,,6.0,-33,,3,3
2026-01-23 22:50:27.624402,0x433b0b38,8.699694,64.80679,1000.40027,234.53963,184,,,5.5,-78,,5,5
2026-01-23 22:50:31.106860,0x433aad0c,9.0678625,64.45338,1000.72504,233.97598,192,,,6.0,-71,,3,3
2026-01-23 22:50:53.740855,0x433af380,6.935337,74.09162,1000.9596,227.73828,57,,,5.5,-34,,3,3
2026-01-23 22:50:58.232934,0x433ad35c,8.4557085,67.96045,1000.603,215.42049,175,,,6.25,-58,,3,3
2026-01-23 22:51:27.667110,0x433b0b38,8.774284,64.81673,1000.3909,237.3117,183,,,6.5,-77,,5,5
2026-01-23 22:51:54.001173,0x433af380,6.998924,74.3492,1000.9597,229.15913,56,,,7.5,-34,,3,3
2026-01-23 22:52:27.679470,0x433b0b38,8.918248,64.705536,1000.4053,234.37857,184,,,5.0,-75,,5,5
2026-01-23 22:52:54.251078,0x433af380,7.103205,74.16115,1000.97626,225.87102,59,,,5.25,-35,,3,3
2026-01-23 22:53:27.667390,0x433b0b38,9.013367,64.73392,1000.4621,235.18604,183,,,6.25,-77,,5,5
2026-01-23 22:53:31.131728,0x433aad0c,9.363878,64.12243,1000.7591,234.14235,191,,,5.5,-71,,3,3
2026-01-23 22:53:54.795512,0x433af380,7.4592905,73.71018,1001.0051,226.33495,57,,,5.5,-34,,3,3
2026-01-23 22:53:58.238013,0x433ad35c,8.741762,68.21917,1000.62115,211.28986,175,,,5.75,-58,,3,3
2026-01-23 22:54:27.716400,0x433b0b38,9.0159,64.7756,1000.4795,235.0241,183,,,6.0,-77,,5,5
2026-01-23 22:54:55.107824,0x433af380,7.675485,73.023346,1001.04333,227.26859,57,,,7.5,-34,,3,3
2026-01-23 22:55:27.698393,0x433b0b38,9.049319,64.93199,1000.49817,235.3482,182,,,5.5,-77,,5,5
2026-01-23 22:55:55.031625,0x433af380,7.507427,73.073746,1001.0071,225.87102,57,,,6.0,-34,,3,3
2026-01-23 22:56:27.808910,0x433b0b38,9.059603,65.10594,1000.5257,234.53963,182,,,5.5,-77,,5,5
2026-01-23 22:56:30.828796,0x433aad0c,9.539769,63.59632,1000.822,238.20673,189,,,7.0,-70,,3,3
2026-01-23 22:56:55.487356,0x433af380,7.779579,72.56006,1001.03937,226.80081,56,,,5.75,-34,,3,3
2026-01-23 22:57:01.212475,0x433ad35c,9.084758,68.29586,1000.68115,208.4914,175,,,6.25,-58,,3,3
2026-01-23 22:57:27.748086,0x433b0b38,8.987697,65.26014,1000.53186,234.37857,182,,,6.25,-77,,5,5
2026-01-23 22:57:55.381811,0x433af380,8.044101,71.87284,1001.08575,224.33818,57,,,5.25,-34,,3,3
2026-01-23 22:58:28.254416,0x433b0b38,8.987659,65.40803,1000.5448,234.53963,181,,,6.25,-77,,5,5
2026-01-23 22:58:56.046111,0x433af380,8.207072,71.42093,1001.05927,224.33818,58,,,8.0,-33,,3,3
2026-01-23 22:59:27.790469,0x433b0b38,8.931064,65.72396,1000.5202,233.2574,182,,,6.0,-77,,5,5
2026-01-23 22:59:30.343889,0x433aad0c,9.335078,64.499306,1000.8308,235.81888,189,,,6.0,-70,,3,3
2026-01-23 22:59:56.375968,0x433af380,7.6424193,72.19548,1001.03784,222.826,61,,,5.5,-33,,3,3
2026-01-23 23:00:00.496693,0x433ad35c,9.283037,67.43002,1000.6575,209.94794,171,,,6.0,-58,,3,3
2026-01-23 23:00:27.812867,0x433b0b38,8.848799,65.406654,1000.50824,235.51057,182,,,5.25,-77,,5,5
2026-01-23 23:00:56.432773,0x433af380,7.2914214,72.92979,1001.04785,227.11244,58,,,7.25,-34,,3,3
2026-01-24 10:01:50.942852,0x433af380,21.49247,31.425022,1003.5302,183.74318,196,,0.77986294,6.0,-33,,3,3
2026-01-24 10:01:57.317434,0x433b0b38,13.964481,53.064632,1002.91895,545.98773,17,,,5.75,-75,,5,5
2026-01-24 10:02:36.121762,0x433aad0c,14.28419,50.574238,1003.2316,862.2909,,,,6.75,-69,,3,3
2026-01-24 10:02:50.705977,0x433af380,19.961271,34.41819,1003.496,186.39085,192,,0.31531084,7.25,-35,,3,3
2026-01-24 10:02:58.389521,0x433b0b38,14.01953,51.5076,1002.9549,559.41,18,,,5.5,-75,,5,5
2026-01-24 10:03:05.687026,0x433ad35c,19.413036,39.74712,1003.088,576.6765,,,,5.5,-57,,3,3
2026-01-24 10:03:51.218194,0x433af380,20.34793,35.68628,1003.4876,177.91005,196,,0.1659696,5.75,-33,,3,3
2026-01-24 10:03:59.254740,0x433b0b38,14.025573,51.56567,1002.9579,567.313,19,,,5.5,-76,,5,5
2026-01-24 10:04:51.215593,0x433af380,20.350475,35.400677,1003.5244,178.85638,193,,0.5308824,5.25,-33,,3,3
2026-01-24 10:04:57.361474,0x433b0b38,14.129548,51.878315,1002.95776,576.4143,19,,,5.25,-75,,5,5
2026-01-24 10:05:36.189893,0x433aad0c,14.3414345,49.963413,1003.23956,942.9978,,,,6.25,-68,,3,3
2026-01-24 10:05:51.804815,0x433af380,20.429335,35.350563,1003.49066,182.74457,186,,0.96259165,5.75,-34,,3,3
2026-01-24 10:05:59.441697,0x433b0b38,14.1159,51.651215,1002.9423,582.81165,20,,,1.5,-75,,5,5
2026-01-24 10:06:05.177073,0x433ad35c,19.999521,37.988907,1003.07983,585.2161,5,,,6.25,-57,,3,3
2026-01-24 10:06:52.054959,0x433af380,20.59468,36.35945,1003.48035,164.02438,202,,1.0789456,6.0,-34,,3,3
2026-01-24 10:07:01.222253,0x433b0b38,14.131066,51.534195,1002.9167,589.3525,21,,,5.75,-77,,5,5
2026-01-24 10:07:52.466944,0x433af380,20.569054,35.592087,1003.47687,172.79033,193,,1.0122969,6.0,-34,,3,3
2026-01-24 10:07:58.574807,0x433b0b38,14.19057,52.227962,1002.92975,589.3525,22,,,5.5,-75,,5,5
2026-01-24 10:08:36.158060,0x433aad0c,14.405563,50.024136,1003.1963,991.12427,,,,5.5,-69,,3,3
2026-01-24 10:08:52.513941,0x433af380,20.808174,35.122253,1003.5018,172.79033,185,,0.5643622,7.75,-34,,3,3
2026-01-24 10:08:58.854323,0x433b0b38,14.133667,50.528896,1002.9093,599.7072,23,,,5.25,-76,,5,5
2026-01-24 10:09:05.247484,0x433ad35c,19.941355,37.80745,1003.04614,614.1025,8,,,5.75,-58,,3,3
2026-01-24 10:09:52.954396,0x433af380,21.13143,34.94239,1003.54047,169.48087,193,,0.5973319,5.75,-33,,3,3
2026-01-24 10:09:58.702911,0x433b0b38,13.995786,49.10267,1002.92444,611.5258,25,,,5.5,-75,,5,5
2026-01-24 10:10:53.004801,0x433af380,21.413797,32.041298,1003.5661,176.6019,189,,0.38167304,6.0,-33,,3,3
2026-01-24 10:11:01.262599,0x433b0b38,13.777408,47.895775,1002.9317,632.4892,26,,,5.75,-75,,5,5
2026-01-24 10:11:36.702526,0x433aad0c,14.427484,48.502037,1003.2788,1053.4591,,,,5.75,-70,,3,3
2026-01-24 10:11:53.036792,0x433af380,21.352745,30.390743,1003.56006,189.70677,190,,0.29862136,5.75,-33,,3,3
2026-01-24 10:11:58.804062,0x433b0b38,13.973484,48.906353,1002.9693,640.2001,27,,,5.5,-75,,5,5
2026-01-24 10:12:05.261875,0x433ad35c,19.093008,33.558765,1003.0749,684.1427,11,,,5.75,-57,,3,3
2026-01-24 10:12:53.540088,0x433af380,20.457315,29.777348,1003.48114,213.06017,178,,0.64714175,6.5,-34,,3,3
2026-01-24 10:13:02.454194,0x433b0b38,14.142404,50.163506,1002.9735,641.4031,27,,,6.0,-75,,5,5
2026-01-24 10:13:53.865855,0x433af380,20.462402,31.24806,1003.47723,202.48907,194,,0.13277568,5.5,-35,,3,3
2026-01-24 10:13:59.433567,0x433b0b38,14.167127,46.44587,1002.9636,664.50354,26,,,5.75,-75,,5,5
2026-01-24 10:14:37.181041,0x433aad0c,14.562448,44.15924,1003.2489,1171.3287,,,,5.75,-70,,3,3
2026-01-24 10:14:53.905611,0x433af380,20.836157,31.858519,1003.50073,193.25569,195,,0.34840894,5.75,-33,,3,3
2026-01-24 10:15:02.189488,0x433b0b38,14.2448635,47.44986,1002.9666,674.3497,27,,,5.5,-76,,5,5
2026-01-24 10:15:05.312259,0x433ad35c,19.807472,34.210163,1003.0615,728.6639,9,,,6.25,-57,,3,3
2026-01-24 10:15:54.467770,0x433af380,20.991331,31.333088,1003.4702,193.70865,192,,0.8465573,5.75,-34,,3,3
2026-01-24 10:15:58.879454,0x433b0b38,14.147469,44.840702,1002.9347,698.4993,27,,,5.75,-76,,5,5
2026-01-24 10:16:54.329762,0x433af380,20.813263,31.034172,1003.46375,193.25569,197,187,1.4771785,7.0,-34,,3,3
2026-01-24 10:17:01.576392,0x433b0b38,14.164709,45.907963,1002.94604,716.8358,28,,,6.0,-76,,5,5
2026-01-24 10:17:36.949038,0x433aad0c,14.569998,44.42855,1003.23065,1281.0708,,,,5.75,-70,,3,3
2026-01-24 10:17:54.577492,0x433af380,20.149551,30.994549,1003.4785,197.29254,196,186,2.5561438,6.0,-33,,3,3
2026-01-24 10:18:00.139177,0x433b0b38,14.232418,47.088093,1002.93036,716.0839,28,,,5.25,-78,,5,5
2026-01-24 10:18:05.359950,0x433ad35c,19.69878,35.99993,1003.0678,737.46216,11,,,5.5,-58,,3,3
2026-01-24 10:18:59.992821,0x433b0b38,14.362973,47.14716,1002.949,720.6193,28,,,5.25,-76,,5,5
2026-01-24 10:19:55.466109,0x433af380,19.54663,32.166515,1003.4426,224.18604,173,283,1.8757055,7.25,-34,,3,3
2026-01-24 10:19:59.519680,0x433b0b38,14.424979,45.23154,1002.904,729.86456,28,,,5.25,-76,,5,5
2026-01-24 10:20:36.299206,0x433aad0c,14.736809,44.39582,1003.2156,1367.347,,,,5.5,-69,,3,3
2026-01-24 10:20:55.346588,0x433af380,19.897676,32.415424,1003.4562,212.92296,184,,0.84645903,5.75,-34,,3,3
2026-01-24 10:20:59.676520,0x433b0b38,14.463581,44.875366,1002.9099,744.18604,29,,,5.5,-75,,5,5
2026-01-24 10:21:05.317971,0x433ad35c,19.174715,34.318115,1003.0464,769.4508,16,,,6.0,-57,,3,3
2026-01-24 10:21:56.082603,0x433af380,19.213205,32.375137,1003.45917,228.84184,172,248,1.5435172,6.75,-34,,3,3
2026-01-24 10:21:59.779808,0x433b0b38,14.485377,45.293705,1002.90247,740.1518,32,,,5.75,-75,,5,5
2026-01-24 10:22:55.855106,0x433af380,19.449778,32.55014,1003.49,221.63087,178,,1.0290115,6.25,-34,,3,3
2026-01-24 10:22:59.350406,0x433b0b38,14.55606,45.292458,1002.92615,751.6976,31,,,6.0,-74,,5,5
2026-01-24 10:23:36.316614,0x433aad0c,14.640874,42.888584,1003.26117,1451.7877,,,,5.75,-70,,3,3
2026-01-24 10:23:56.121569,0x433af380,19.360744,33.98957,1003.4948,214.5815,179,244,1.4104139,5.75,-33,,3,3
2026-01-24 10:24:06.080002,0x433ad35c,18.99171,35.403336,1003.1125,776.5589,20,,,6.5,-58,,3,3
2026-01-24 10:24:11.261566,0x433b0b38,14.520141,44.508694,1002.95795,755.4408,31,,,5.75,-74,,5,4
2026-01-24 10:24:56.879823,0x433af380,19.2768,34.092533,1003.4649,215.00017,176,209,1.4607506,6.5,-33,,3,3
2026-01-24 10:25:00.373388,0x433b0b38,14.5432415,46.542587,1002.937,756.2777,33,,,6.25,-74,,5,5
2026-01-24 10:25:56.604929,0x433af380,19.309868,34.590126,1003.46185,215.42049,173,,1.0789456,6.75,-33,,3,3
2026-01-24 10:26:04.453007,0x433b0b38,14.656401,44.89049,1002.91016,762.1883,34,,,5.5,-73,,5,4
2026-01-24 10:26:36.889055,0x433aad0c,14.597735,43.42667,1003.2164,1503.9282,,,,6.25,-69,,3,3
2026-01-24 10:26:56.928634,0x433af380,19.23887,34.868263,1003.43365,221.03807,170,305,2.1235297,5.75,-34,,3,3
2026-01-24 10:27:01.969500,0x433b0b38,14.720635,45.572224,1002.90234,768.1921,34,,,6.0,-75,,5,5
2026-01-24 10:27:06.383828,0x433ad35c,19.002571,36.25161,1003.05804,784.2566,24,,,6.25,-56,,3,3
2026-01-24 10:27:57.195484,0x433af380,18.859808,34.312214,1003.45245,219.71587,170,312,2.3064797,5.75,-33,,3,3
2026-01-24 10:28:02.701486,0x433b0b38,14.71079,44.93237,1002.9334,778.7073,35,,,6.0,-74,,5,5
2026-01-24 10:28:57.797057,0x433af380,19.246464,32.989723,1003.4976,224.49052,173,,0.6803398,6.0,-34,,3,3
2026-01-24 10:29:01.433994,0x433b0b38,14.538099,44.28591,1002.9544,782.725,36,,,5.25,-75,,5,5
2026-01-24 10:29:36.367627,0x433aad0c,14.786544,41.664677,1003.26044,1557.2341,,,,6.0,-69,,3,3
2026-01-24 10:29:57.671811,0x433af380,19.648193,32.610027,1003.486,217.26102,180,,0.8631422,7.0,-34,,3,3
2026-01-24 10:30:02.714717,0x433b0b38,14.633224,44.578594,1002.9426,789.058,37,,,5.75,-76,,5,5
2026-01-24 10:30:05.670976,0x433ad35c,18.887568,35.624336,1003.07153,807.8078,28,,,6.5,-57,,3,3
2026-01-24 10:30:58.210526,0x433af380,20.238358,33.359623,1003.4373,200.40225,187,,0.71343243,5.75,-33,,3,3
2026-01-24 10:31:01.809627,0x433b0b38,14.826119,45.79057,1002.9032,785.42664,38,,,5.25,-76,,5,5
2026-01-24 10:31:58.186681,0x433af380,20.609756,31.446177,1003.45355,198.00156,184,,0.8797264,6.25,-34,,3,3
2026-01-24 10:32:05.154215,0x433b0b38,14.864646,44.098885,1002.9005,792.26306,38,,,6.0,-74,,5,4
2026-01-24 10:32:36.421213,0x433aad0c,15.090815,42.7241,1003.1946,1623.2587,,,,5.5,-70,,3,3
2026-01-24 10:32:59.091727,0x433af380,21.177221,31.771082,1003.46497,193.59521,192,,0.34844363,5.5,-34,,3,3
2026-01-24 10:33:05.546208,0x433ad35c,19.382833,34.89749,1003.04663,803.46466,31,,,6.25,-57,,3,3
2026-01-24 10:33:08.796046,0x433b0b38,14.898069,43.473236,1002.86115,805.348,40,,,5.75,-75,,5,5
2026-01-24 10:33:59.119549,0x433af380,20.950819,30.669743,1003.40753,202.73743,180,,1.0622054,6.25,-33,,3,3
2026-01-24 10:34:02.509888,0x433b0b38,14.831224,44.640846,1002.8742,812.5372,41,,,5.75,-76,,5,5
2026-01-24 10:34:59.372259,0x433af380,21.464674,31.139189,1003.4125,192.02086,191,,0.44816998,6.0,-33,,3,3
2026-01-24 10:35:02.884140,0x433b0b38,14.82094,46.461193,1002.845,802.03644,42,,,5.75,-77,,5,5
2026-01-24 10:35:37.037078,0x433aad0c,15.017859,43.61021,1003.1195,1682.3602,,,,4.0,-70,,3,3
2026-01-24 10:35:59.214870,0x433af380,21.373096,30.898745,1003.4156,193.36873,189,,0.82966894,5.75,-33,,3,3
2026-01-24 10:36:02.539527,0x433b0b38,14.68211,44.34425,1002.81287,784.0735,46,,,4.5,-75,,5,5
2026-01-24 10:36:05.490363,0x433ad35c,19.370588,36.60589,1003.0235,801.0721,36,,,6.25,-57,,3,3
2026-01-24 10:36:59.754728,0x433af380,21.838432,32.21191,1003.4068,166.46039,208,,0.3651331,5.75,-34,,3,3
2026-01-24 10:37:05.636164,0x433b0b38,14.751487,45.509995,1002.852,753.7726,51,,,6.0,-77,,5,5
2026-01-24 10:37:59.912471,0x433b0b38,14.774626,43.788185,1002.83105,758.79956,53,,,5.5,-77,,5,5
2026-01-24 10:38:05.298716,0x433af380,21.797731,29.525578,1003.38043,190.69165,184,,1.0125489,6.0,-33,,3,3
2026-01-24 10:38:37.026834,0x433aad0c,15.136329,42.35155,1003.12787,1590.5044,5,,,7.25,-70,,3,3
2026-01-24 10:39:00.133415,0x433b0b38,14.733529,43.531235,1002.82745,784.52405,51,,,5.25,-77,,5,5
2026-01-24 10:39:01.061044,0x433af380,21.640013,29.200531,1003.40594,190.14323,191,,1.2609923,5.75,-33,,3,3
2026-01-24 10:39:06.435703,0x433ad35c,19.80205,35.4015,1002.97437,794.9173,40,,,6.5,-57,,3,3
2026-01-24 10:40:00.445828,0x433b0b38,14.684718,44.377987,1002.82886,783.174,50,,,5.75,-76,,5,5
2026-01-24 10:40:02.469208,0x433af380,21.411253,31.61533,1003.38104,174.04245,208,,0.6970723,6.75,-33,,3,3
2026-01-24 10:41:00.076064,0x433b0b38,14.92374,45.722588,1002.8315,785.8787,49,,,5.75,-75,,5,5
2026-01-24 10:41:02.098208,0x433af380,21.571516,30.444809,1003.4082,183.74318,198,,0.5972427,6.5,-33,,3,3
2026-01-24 10:41:36.498727,0x433aad0c,15.050356,41.821224,1003.12427,1679.198,7,,,5.75,-70,,3,3
2026-01-24 10:42:00.011827,0x433b0b38,15.142309,44.689075,1002.8509,791.80365,49,,,5.5,-77,,5,5
2026-01-24 10:42:02.081931,0x433af380,21.495201,30.661526,1003.42755,186.39134,193,,1.3938439,6.5,-34,,3,3
2026-01-24 10:42:06.240316,0x433ad35c,19.72834,35.169445,1002.9813,807.3229,44,,,6.75,-57,,3,3
2026-01-24 10:42:59.959172,0x433b0b38,15.060038,42.6705,1002.82935,798.2849,50,,,1.25,-75,,5,5
2026-01-24 10:43:14.618550,0x433af380,20.74735,30.804253,1003.3752,200.76738,182,221,2.123917,5.75,-34,,3,3
2026-01-24 10:44:00.495798,0x433b0b38,15.206544,42.735355,1002.8482,811.5712,50,,,6.25,-76,,5,5
2026-01-24 10:44:02.823591,0x433af380,20.681173,31.837517,1003.38495,200.03842,185,207,1.3442645,6.0,-33,,3,3
2026-01-24 10:44:36.514457,0x433aad0c,15.062999,41.9572,1003.13654,1688.7208,11,,,5.5,-70,,3,3
2026-01-24 10:44:59.977297,0x433b0b38,15.353165,43.490833,1002.7978,814.96216,49,,,6.25,-74,,5,5
2026-01-24 10:45:06.384576,0x433af380,20.625208,31.364998,1003.351,206.9253,178,,1.1926849,6.0,-33,,3,3
2026-01-24 10:45:12.638008,0x433ad35c,19.600784,33.497505,1002.99927,836.9633,47,,,5.75,-70,,3,2
2026-01-24 10:45:59.979960,0x433b0b38,15.471391,41.37019,1002.83344,834.3858,49,,,5.5,-77,,5,5
2026-01-24 10:46:03.806938,0x433af380,20.576687,31.54082,1003.37067,202.61319,179,252,1.1447912,7.25,-34,,3,3
2026-01-24 10:47:00.503056,0x433b0b38,15.4971,43.32967,1002.80035,837.45654,49,,,5.5,-76,,5,5
2026-01-24 10:47:04.087352,0x433af380,20.8387,32.307964,1003.3483,194.73564,184,,0.8958938,6.25,-34,,3,3
2026-01-24 10:47:36.572056,0x433aad0c,15.288045,42.626045,1003.11914,1815.7181,10,,,6.0,-69,,3,3
2026-01-24 10:48:00.595424,0x433b0b38,15.576799,44.237404,1002.75977,828.8143,49,,,5.25,-76,,5,5
2026-01-24 10:48:05.626829,0x433ad35c,19.831818,33.835854,1002.9389,840.1,49,,,5.25,-58,,3,3
2026-01-24 10:48:11.142187,0x433af380,21.199926,32.305336,1003.34015,179.23775,197,,0.56416553,6.25,-34,,3,3
2026-01-24 10:49:00.606716,0x433b0b38,15.502204,41.972977,1002.7681,856.90375,49,,,5.5,-76,,5,5
2026-01-24 10:49:05.016114,0x433af380,20.742111,30.433924,1003.33093,208.4914,175,260,1.7587816,6.0,-33,,3,3
2026-01-24 10:50:00.566579,0x433b0b38,15.653929,43.052578,1002.7855,820.8417,52,,,5.5,-76,,5,5
2026-01-24 10:50:07.224653,0x433af380,20.912397,30.737568,1003.3198,198.23904,186,,1.1281999,6.75,-71,,3,2
2026-01-24 10:50:36.561962,0x433aad0c,15.3714905,41.44523,1003.1063,1885.9956,10,,,7.5,-71,,3,3
2026-01-24 10:51:00.119397,0x433b0b38,15.89299,43.251507,1002.80023,814.96216,52,,,5.5,-79,,5,5
2026-01-24 10:51:03.930662,0x433af380,19.974028,30.58656,1003.30865,229.00038,167,203,3.4177825,7.0,-33,,3,3
2026-01-24 10:51:08.028848,0x433ad35c,19.250309,32.809837,1002.9194,872.24384,50,,,6.0,-57,,3,3
2026-01-24 10:52:00.705240,0x433b0b38,15.939306,41.755848,1002.7662,754.18896,59,,,6.0,-75,,5,5
2026-01-24 10:52:03.932809,0x433af380,20.02236,31.55277,1003.29944,218.84314,175,210,1.907226,5.25,-34,,3,3
2026-01-24 10:53:00.252190,0x433b0b38,15.84675,41.349716,1002.7881,506.67987,101,,,6.0,-77,,5,5
2026-01-24 10:53:04.019702,0x433af380,20.418247,31.608986,1003.29706,207.0549,186,208,1.6924685,5.5,-33,,3,3
2026-01-24 10:53:36.621310,0x433aad0c,15.652167,40.651207,1003.0765,1272.5546,47,,,5.75,-70,,3,3
2026-01-24 10:54:00.183922,0x433b0b38,15.893104,40.370087,1002.71466,382.16086,133,,,5.25,-75,,5,5
2026-01-24 10:54:03.978578,0x433af380,20.2011,31.211168,1003.32043,210.34871,182,202,2.4720855,5.5,-34,,3,3
2026-01-24 10:54:07.352385,0x433ad35c,19.332544,34.644527,1002.94196,877.3646,49,,,5.75,-57,,3,3
2026-01-24 10:55:00.724854,0x433b0b38,15.826145,40.45735,1002.7593,379.39978,140,,,5.5,-77,,5,5
2026-01-24 10:55:09.039765,0x433af380,20.711208,32.379757,1003.31067,193.59521,188,,1.0623288,6.75,-33,,3,3
2026-01-24 10:56:00.259541,0x433b0b38,16.078138,40.87267,1002.8273,364.93228,142,,,5.75,-74,,5,5
2026-01-24 10:56:04.704491,0x433af380,20.776928,32.779106,1003.34045,198.23904,180,,1.1278445,6.0,-34,,3,3
2026-01-24 10:56:37.200098,0x433aad0c,15.798827,41.35502,1003.1154,1215.971,54,,,5.25,-70,,3,3
2026-01-24 10:57:00.188905,0x433b0b38,16.23754,41.266724,1002.828,317.7164,152,,,6.0,-76,,5,5
2026-01-24 10:57:04.979660,0x433af380,20.65349,31.564701,1003.36194,211.96725,171,258,1.2943265,5.75,-33,,3,3
2026-01-24 10:57:08.414272,0x433ad35c,19.678312,34.01865,1002.9772,868.8631,50,,,7.25,-58,,3,3
2026-01-24 10:58:00.697377,0x433b0b38,16.47921,39.840263,1002.8037,319.202,155,,,7.0,-74,,5,5
2026-01-24 10:58:05.380494,0x433af380,20.327393,31.317387,1003.3067,212.10326,174,239,1.7261983,5.5,-33,,3,3
2026-01-24 10:59:00.220901,0x433b0b38,16.476639,39.058903,1002.7564,380.88153,139,,,5.75,-74,,5,5
2026-01-24 10:59:07.148787,0x433af380,20.640547,31.327522,1003.2846,206.02257,180,255,1.1613439,6.0,-33,,3,3
2026-01-24 10:59:36.641366,0x433aad0c,15.8190565,38.908184,1003.0219,1378.6008,46,,,6.0,-72,,3,3
2026-01-24 11:00:00.249057,0x433b0b38,16.435505,39.31907,1002.7235,427.91476,126,,,5.75,-75,,5,5
2026-01-24 11:00:05.760840,0x433af380,20.408909,31.15227,1003.2599,213.74898,175,242,1.3274924,7.0,-33,,3,3
2026-01-24 11:00:10.264629,0x433ad35c,19.278025,34.23404,1002.924,894.8769,50,,,6.0,-58,,3,3
2026-01-24 11:01:00.243082,0x433b0b38,16.435505,40.223103,1002.72015,450.80344,118,,,6.0,-75,,5,5
2026-01-24 11:01:06.023305,0x433af380,21.120232,31.17092,1003.3191,198.4771,183,,0.6638123,5.75,-34,,3,3
2026-01-24 09:01:46.235205,0x433b0b38,10.380426,69.38811,1002.4114,257.54526,104,,,2.5,-75,,5,5
2026-01-24 09:02:34.970780,0x433af380,15.318935,57.10254,1003.0897,164.99019,184,,,6.5,-34,,3,3
2026-01-24 09:02:41.167962,0x433aad0c,10.999614,67.964005,1002.6829,286.48627,117,,,5.5,-69,,3,3
2026-01-24 09:02:46.254795,0x433b0b38,10.514782,69.494194,1002.42065,258.12958,101,,,6.0,-75,,5,5
2026-01-24 09:03:05.146684,0x433ad35c,14.750307,59.241123,1002.5564,243.68692,57,,,6.25,-57,,3,3
2026-01-24 09:03:35.277873,0x433af380,15.654701,54.943394,1003.10516,161.1937,190,,,6.75,-35,,3,3
2026-01-24 09:03:46.228641,0x433b0b38,10.555166,68.86969,1002.44305,257.9345,99,,,5.5,-76,,5,5
2026-01-24 09:04:37.288618,0x433af380,15.28841,57.172977,1003.08777,165.31465,184,,,5.5,-34,,3,3
2026-01-24 09:04:47.837179,0x433b0b38,10.663178,68.195854,1002.5281,256.77032,97,,,5.5,-57,,5,4
2026-01-24 09:05:35.616545,0x433aad0c,11.313148,68.22667,1002.7655,291.81693,110,,,5.75,-70,,3,3
2026-01-24 09:05:36.604515,0x433af380,13.912101,61.07342,1003.078,171.90695,180,,0.36499983,7.75,-34,,3,3
2026-01-24 09:05:46.527575,0x433b0b38,10.752889,68.81079,1002.4632,268.0628,93,,,6.0,-75,,5,5
2026-01-24 09:06:04.696110,0x433ad35c,14.975897,58.30962,1002.613,245.13258,53,,,5.75,-58,,3,3
2026-01-24 09:06:36.447782,0x433af380,14.993156,56.29389,1003.1401,171.38126,180,,0.23233044,6.0,-34,,3,3
2026-01-24 09:06:46.279709,0x433b0b38,10.77582,68.45181,1002.4974,266.59726,92,,,5.75,-75,,5,5
2026-01-24 09:07:36.679558,0x433af380,15.799504,54.90342,1003.12646,166.29575,185,,0.03319337,5.75,-34,,3,3
2026-01-24 09:07:46.299734,0x433b0b38,10.753157,68.30459,1002.51385,269.971,89,,,5.75,-75,,5,5
2026-01-24 09:08:36.215881,0x433aad0c,11.472444,67.93062,1002.76605,300.05887,104,,,5.5,-70,,3,3
2026-01-24 09:08:46.694301,0x433b0b38,10.833271,67.923935,1002.4915,271.47403,88,,,5.5,-75,,5,5
2026-01-24 09:08:52.901554,0x433af380,15.133059,56.974113,1003.1364,166.62538,185,,0.016593102,6.5,-35,,3,3
2026-01-24 09:09:04.708806,0x433ad35c,15.507112,58.13696,1002.6531,244.58844,51,,,5.5,-56,,3,3
2026-01-24 09:09:37.179870,0x433af380,14.40067,59.87549,1003.1556,168.125,184,,0.2821249,6.0,-34,,3,3
2026-01-24 09:09:46.382840,0x433b0b38,10.871985,68.409904,1002.52045,274.08994,85,,,5.75,-76,,5,5
2026-01-24 09:10:41.999342,0x433af380,14.408301,59.11011,1003.1306,161.50336,196,,,6.25,-34,,3,3
2026-01-24 09:10:46.401473,0x433b0b38,10.912967,68.705,1002.4953,275.19485,84,,,5.5,-75,,5,5
2026-01-24 09:11:36.329610,0x433aad0c,11.705067,67.68042,1002.79706,301.70816,100,,,5.5,-69,,3,3
2026-01-24 09:11:38.969592,0x433af380,13.912289,60.71713,1003.1257,167.62215,189,,,7.5,-34,,3,3
2026-01-24 09:11:47.082774,0x433b0b38,11.041877,68.77217,1002.5299,272.99387,85,,,5.5,-75,,5,5
2026-01-24 09:12:04.736881,0x433ad35c,15.444431,57.09808,1002.6606,243.14922,54,,,5.75,-57,,3,3
2026-01-24 09:12:38.357103,0x433af380,13.780019,61.362858,1003.15295,170.68529,184,,,8.25,-33,,3,3
2026-01-24 09:12:46.827538,0x433b0b38,11.087404,68.93023,1002.52124,271.6901,84,,,5.75,-75,,5,5
2026-01-24 09:13:38.388442,0x433af380,13.637387,62.65418,1003.1259,166.79068,188,,0.01659696,6.0,-33,,3,3
2026-01-24 09:13:47.704767,0x433b0b38,11.213717,68.490234,1002.5477,270.82782,83,,,5.75,-75,,5,5
2026-01-24 09:14:36.373796,0x433aad0c,11.988261,66.77941,1002.7845,311.99753,94,,,5.5,-69,,3,3
2026-01-24 09:14:38.980112,0x433af380,13.456978,61.994617,1003.15234,172.96811,182,,0.049794182,6.25,-34,,3,3
2026-01-24 09:14:47.107817,0x433b0b38,11.211146,68.066,1002.5221,272.5579,82,,,5.75,-75,,5,5
2026-01-24 09:15:04.745304,0x433ad35c,15.755294,56.61447,1002.641,247.88983,49,,,7.0,-57,,3,3
2026-01-24 09:15:38.642765,0x433af380,13.177179,61.953003,1003.0893,178.28737,178,,0.9954871,6.0,-34,,3,3
2026-01-24 09:15:47.586407,0x433b0b38,11.164223,68.8002,1002.49274,272.99387,82,,,5.5,-57,,5,4
2026-01-24 09:16:40.328678,0x433af380,13.055084,61.887432,1003.1156,179.81285,179,,0.6798998,5.5,-34,,3,3
2026-01-24 09:16:47.304039,0x433b0b38,11.17485,69.2238,1002.50726,270.82782,83,,,6.0,-75,,5,5
2026-01-24 09:17:35.800854,0x433aad0c,11.785941,68.29717,1002.79944,307.6262,95,,,5.75,-69,,3,3
2026-01-24 09:17:39.853466,0x433af380,13.197084,62.228954,1003.1329,175.31284,182,,0.5145655,7.25,-33,,3,3
2026-01-24 09:17:46.560998,0x433b0b38,11.247327,69.82962,1002.514,267.85248,84,,,6.0,-75,,5,5
2026-01-24 09:18:04.756762,0x433ad35c,16.058376,58.12677,1002.6673,240.67091,52,,,6.75,-58,,3,3
2026-01-24 09:18:39.685875,0x433af380,12.994039,64.38276,1003.17053,174.94795,180,,0.5309353,7.25,-34,,3,3
2026-01-24 09:18:46.716032,0x433b0b38,11.337268,69.54081,1002.5517,264.94177,85,,,5.75,-75,,5,5
2026-01-24 09:19:39.994719,0x433af380,13.78765,62.73292,1003.203,171.55612,179,,0.2655205,8.0,-33,,3,3
2026-01-24 09:19:46.887250,0x433b0b38,11.381124,69.21068,1002.5717,265.35373,85,,,5.75,-75,,5,5
2026-01-24 09:20:36.262032,0x433aad0c,12.147559,69.06563,1002.88837,298.9693,97,,,5.25,-70,,3,3
2026-01-24 09:20:41.241786,0x433af380,15.1094055,59.496708,1003.2833,165.9674,178,,0.89632505,5.75,-34,,3,3
2026-01-24 09:20:47.522133,0x433b0b38,11.46358,69.218575,1002.58624,264.94177,84,,,6.0,-74,,5,5
2026-01-24 09:21:04.776704,0x433ad35c,15.970636,58.021206,1002.742,232.54442,62,,,6.75,-57,,3,3
2026-01-24 09:21:40.000652,0x433af380,15.570572,56.355034,1003.30444,163.86453,178,,0.5973715,6.5,-33,,3,3
2026-01-24 09:21:46.754416,0x433b0b38,11.568418,69.45885,1002.62933,263.51004,84,,,6.25,-75,,5,5
2026-01-24 09:22:40.286613,0x433af380,16.51645,55.98284,1003.3053,150.51479,194,,,7.75,-35,,3,3
2026-01-24 09:22:47.794328,0x433b0b38,11.6303835,69.1454,1002.67706,261.4913,85,,,6.0,-75,,5,5
2026-01-24 09:23:35.960015,0x433aad0c,12.334821,68.16931,1002.978,291.55862,100,,,5.75,-69,,3,3
2026-01-24 09:23:40.542757,0x433af380,15.804402,53.980682,1003.3005,167.28854,177,,0.41484824,7.0,-33,,3,3
2026-01-24 09:23:47.539367,0x433b0b38,11.766646,69.012245,1002.68225,260.69247,86,,,6.0,-75,,5,5
2026-01-24 09:24:04.834228,0x433ad35c,16.4066,56.959927,1002.8014,235.19156,59,,,7.0,-57,,3,3
2026-01-24 09:24:40.791110,0x433af380,15.278235,55.61357,1003.2895,175.31284,176,,0.033197775,5.75,-35,,3,3
2026-01-24 09:24:47.431057,0x433b0b38,11.895408,68.02479,1002.6845,263.10382,84,,,6.0,-75,,5,5
2026-01-24 09:25:41.027064,0x433af380,15.079828,54.78214,1003.32904,179.23775,175,,0.08299582,6.0,-33,,3,3
2026-01-24 09:25:48.813199,0x433b0b38,12.03858,67.58372,1002.6976,263.71362,83,,,5.75,-74,,5,5
2026-01-24 09:26:35.895613,0x433aad0c,12.683608,66.96681,1002.9817,293.6382,99,,,5.0,-69,,3,3
2026-01-24 09:26:41.314146,0x433af380,16.443098,52.568657,1003.30975,164.99019,187,,0.08295313,7.75,-34,,3,3
2026-01-24 09:26:48.681765,0x433b0b38,12.108902,66.72357,1002.71436,267.01434,80,,,5.75,-75,,5,5
2026-01-24 09:27:04.841364,0x433ad35c,16.77753,56.070908,1002.8687,238.7588,51,,,5.75,-57,,3,3
2026-01-24 09:27:41.791746,0x433af380,17.740553,50.003563,1003.3683,151.60052,200,,,5.75,-34,,3,3
2026-01-24 09:27:48.637877,0x433b0b38,12.200962,66.92513,1002.71204,269.971,78,,,5.5,-75,,5,5
2026-01-24 09:28:42.173174,0x433af380,18.569439,47.975456,1003.3619,147.09099,200,,,7.25,-34,,3,3
2026-01-24 09:28:49.750893,0x433b0b38,12.282544,66.732925,1002.72144,272.34042,75,,,5.75,-75,,5,5
2026-01-24 09:29:36.351961,0x433aad0c,12.799921,66.96145,1003.00836,303.9356,92,,,5.75,-70,,3,3
2026-01-24 09:29:43.583273,0x433af380,18.94117,47.17653,1003.4116,152.97998,190,,,7.75,-34,,3,3
2026-01-24 09:29:49.270692,0x433b0b38,12.32905,67.04363,1002.7227,273.21237,74,,,5.5,-75,,5,5
2026-01-24 09:30:04.856996,0x433ad35c,17.218548,53.137444,1002.87756,257.94818,43,,,7.0,-57,,3,3
2026-01-24 09:30:42.629177,0x433af380,18.536749,48.807354,1003.39545,149.04698,192,,0.44799152,7.75,-34,,3,3
2026-01-24 09:30:49.884830,0x433b0b38,12.290753,65.969246,1002.75616,277.43158,70,,,6.0,-75,,5,5
2026-01-24 09:31:43.164928,0x433af380,18.25439,49.115555,1003.3854,152.84091,188,,0.5807683,5.5,-34,,3,3
2026-01-24 09:31:50.578255,0x433b0b38,12.386104,66.228615,1002.7614,285.79404,65,,,5.75,-75,,5,5
2026-01-24 09:32:36.409717,0x433aad0c,12.847963,66.85284,1003.0857,318.023,83,,,5.25,-70,,3,3
2026-01-24 09:32:43.270610,0x433af380,18.452274,47.99102,1003.4203,157.86386,183,,0.43144217,5.5,-34,,3,3
2026-01-24 09:32:49.875709,0x433b0b38,12.459301,67.014984,1002.7733,285.07794,63,,,5.75,-75,,5,5
2026-01-24 09:33:05.497742,0x433ad35c,16.316393,54.185486,1002.89594,260.5916,50,,,6.75,-57,,3,3
2026-01-24 09:33:43.455400,0x433af380,18.864897,45.318768,1003.41974,162.43962,178,,0.23231502,6.0,-33,,3,3
2026-01-24 09:33:51.159480,0x433b0b38,12.601403,66.999504,1002.7964,284.84006,61,,,5.75,-75,,5,5
2026-01-24 09:34:43.432344,0x433af380,19.371109,45.164307,1003.4719,157.12617,190,,0.14932059,8.0,-34,,3,3
2026-01-24 09:34:50.713610,0x433b0b38,12.650942,66.770134,1002.8206,283.89243,61,,,5.75,-75,,5,5
2026-01-24 09:35:35.867281,0x433aad0c,12.984505,63.48911,1003.03644,339.6706,75,,,5.5,-69,,3,3
2026-01-24 09:35:43.676442,0x433af380,19.851889,44.42717,1003.43,153.39871,192,,0.016597785,6.75,-34,,3,3
2026-01-24 09:35:50.999201,0x433b0b38,12.722165,65.76604,1002.78436,286.51373,59,,,5.75,-75,,5,5
2026-01-24 09:36:05.429696,0x433ad35c,17.172455,50.37228,1002.89343,290.857,34,,,6.5,-56,,3,3
2026-01-24 09:36:43.982939,0x433af380,19.961271,40.56799,1003.41003,167.12227,181,,,7.75,-34,,3,3
2026-01-24 09:36:51.876992,0x433b0b38,12.8337,65.20279,1002.9029,291.40582,57,,,5.75,-75,,5,5
2026-01-24 09:37:44.577335,0x433af380,20.813452,39.36941,1003.42065,147.73726,207,,,7.5,-34,,3,3
2026-01-24 09:37:51.457548,0x433b0b38,12.760996,62.843586,1002.7754,299.8536,52,,,6.25,-75,,5,5
2026-01-24 09:38:35.924651,0x433aad0c,13.219849,58.83038,1003.0487,393.72388,54,,,5.75,-70,,3,3
2026-01-24 09:38:44.597472,0x433af380,21.476978,38.081413,1003.42786,153.67915,199,,,7.5,-34,,3,3
2026-01-24 09:38:51.020389,0x433b0b38,12.754229,62.19473,1002.7916,311.90985,48,,,6.0,-76,,5,5
2026-01-24 09:39:05.473527,0x433ad35c,17.509182,47.67226,1002.89764,334.74103,16,,,6.75,-57,,3,3
2026-01-24 09:39:45.085862,0x433af380,21.630026,36.190098,1003.4409,159.36018,197,,,6.75,-34,,3,3
2026-01-24 09:39:51.880514,0x433b0b38,12.776952,60.943974,1002.79553,326.21854,44,,,5.5,-76,,5,5
2026-01-24 09:40:45.238298,0x433af380,21.027134,37.650166,1003.4281,167.45517,192,,,6.0,-34,,3,3
2026-01-24 09:40:51.540022,0x433b0b38,12.786858,60.173397,1002.8132,340.19934,40,,,6.25,-75,,5,5
2026-01-24 09:41:35.914029,0x433aad0c,13.652159,62.25975,1003.07574,416.25037,43,,,5.75,-69,,3,3
2026-01-24 09:41:45.718602,0x433af380,18.808933,41.352356,1003.3957,182.1506,179,,0.13276467,7.5,-34,,3,3
2026-01-24 09:41:52.008210,0x433b0b38,12.920846,59.96546,1002.78827,351.0456,37,,,5.5,-75,,5,5
2026-01-24 09:42:05.497139,0x433ad35c,18.06543,44.674522,1002.9227,382.1548,2,,,7.5,-58,,3,3
2026-01-24 09:42:45.768992,0x433af380,18.468067,41.802036,1003.44653,183.34242,184,,0.09958341,6.75,-33,,3,3
2026-01-24 09:42:55.102817,0x433b0b38,13.063418,58.640774,1002.85443,362.60623,34,,,5.5,-75,,5,5
2026-01-24 09:43:45.720685,0x433af380,18.562185,42.839108,1003.4403,181.75676,184,,,6.5,-33,,3,3
2026-01-24 09:43:54.007599,0x433b0b38,13.12802,58.936966,1002.8751,376.6783,29,,,5.75,-75,,5,5
2026-01-24 09:44:35.928022,0x433aad0c,13.563545,57.274067,1003.1176,466.43243,35,,,5.75,-70,,3,3
2026-01-24 09:44:46.210150,0x433af380,19.49811,40.05248,1003.5102,170.85873,190,,0.23237285,6.0,-34,,3,3
2026-01-24 09:44:53.322291,0x433b0b38,13.180393,58.02661,1002.874,388.46738,27,,,5.75,-76,,5,5
2026-01-24 09:45:04.984603,0x433ad35c,18.498976,44.171925,1002.9961,422.7993,,,,5.5,-58,,3,3
2026-01-24 09:45:46.216174,0x433af380,20.335022,37.116364,1003.50995,165.47736,198,,0.016599163,5.75,-34,,3,3
2026-01-24 09:45:52.780838,0x433b0b38,13.256987,59.66036,1002.9284,394.98553,25,,,5.5,-75,,5,5
2026-01-24 09:46:51.798850,0x433af380,20.887033,35.53844,1003.5609,166.29575,200,,,5.75,-33,,3,3
2026-01-24 09:46:55.906111,0x433b0b38,13.2708645,56.099964,1002.9326,415.66876,21,,,5.5,-75,,5,5
2026-01-24 09:47:35.958946,0x433aad0c,13.750659,54.34779,1003.22656,569.1587,20,,,6.0,-70,,3,3
2026-01-24 09:47:46.732083,0x433af380,21.373096,33.72375,1003.59644,176.6019,194,,0.66382325,6.25,-34,,3,3
2026-01-24 09:47:53.675668,0x433b0b38,13.339485,55.177654,1002.9965,431.4304,19,,,5.75,-76,,5,5
2026-01-24 09:48:05.072761,0x433ad35c,18.74204,41.255836,1003.0779,463.9697,,,,5.5,-58,,3,3
2026-01-24 09:48:47.573046,0x433af380,19.531368,37.108887,1003.56903,197.29254,185,,0.49774355,6.0,-34,,3,3
2026-01-24 09:48:53.510156,0x433b0b38,13.383789,56.37349,1003.02216,440.05157,18,,,5.75,-75,,5,5
2026-01-24 09:49:47.562589,0x433af380,20.20039,37.27545,1003.59717,170.3394,205,,0.049790878,6.0,-33,,3,3
2026-01-24 09:49:56.025068,0x433b0b38,13.41752,56.021427,1003.0149,450.50595,16,,,5.75,-76,,5,5
2026-01-24 09:50:36.516422,0x433aad0c,13.945511,54.48954,1003.2635,629.0701,8,,,6.0,-69,,3,3
2026-01-24 09:50:51.177017,0x433af380,18.842001,38.917847,1003.5523,197.29254,181,,0.44808817,6.75,-34,,3,3
2026-01-24 09:50:54.616074,0x433b0b38,13.46096,55.892193,1003.1248,465.56033,15,,,5.5,-76,,5,5
2026-01-24 09:51:05.031698,0x433ad35c,19.017681,41.42451,1003.1179,490.02777,,,,7.0,-56,,3,3
2026-01-24 09:51:48.282608,0x433af380,18.999527,40.17802,1003.6063,184.54994,187,,0.18253021,5.75,-33,,3,3
2026-01-24 09:51:54.412432,0x433b0b38,13.527161,55.34935,1002.98413,469.4018,15,,,5.5,-76,,5,5
2026-01-24 09:52:48.168942,0x433af380,19.43197,38.610924,1003.6328,182.54614,191,,,6.0,-33,,3,3
2026-01-24 09:52:55.974751,0x433b0b38,13.682711,55.645866,1002.98846,471.99817,16,,,5.5,-76,,5,5
2026-01-24 09:53:36.015567,0x433aad0c,14.044351,53.221066,1003.28485,689.32086,2,,,5.5,-69,,3,3
2026-01-24 09:53:48.330777,0x433af380,19.487934,39.52487,1003.6156,177.34706,193,,,7.0,-34,,3,3
2026-01-24 09:53:54.632366,0x433b0b38,13.629673,54.176857,1002.9791,482.67734,15,,,5.5,-75,,5,5
2026-01-24 09:54:05.132134,0x433ad35c,19.143013,42.118206,1003.1369,491.10242,,,,6.75,-57,,3,3
2026-01-24 09:54:49.097466,0x433af380,19.925657,37.749554,1003.63214,177.34706,193,,0.21578196,7.0,-34,,3,3
2026-01-24 09:54:55.379256,0x433b0b38,13.62651,53.58273,1002.9714,493.85098,16,,,5.75,-75,,5,5
2026-01-24 09:55:49.219834,0x433af380,20.032497,37.40145,1003.61334,180.00534,188,,0.66373515,5.5,-34,,3,3
2026-01-24 09:55:55.988959,0x433b0b38,13.660165,53.556858,1002.97284,504.4335,16,,,5.25,-76,,5,5
2026-01-24 09:56:36.288167,0x433aad0c,14.160289,52.18032,1003.2658,759.2067,,,,5.75,-70,,3,3
2026-01-24 09:56:49.119342,0x433af380,20.541262,36.022186,1003.576,180.19829,189,,0.56416553,5.75,-34,,3,3
2026-01-24 09:56:56.280333,0x433b0b38,13.6742325,53.66829,1002.9678,513.92725,16,,,5.25,-75,,5,5
2026-01-24 09:57:05.122297,0x433ad35c,19.45366,39.021935,1003.13794,503.61926,,,,5.75,-58,,3,3
2026-01-24 09:57:49.648125,0x433af380,21.385628,34.758587,1003.58954,164.50586,205,,0.09957515,8.0,-34,,3,3
2026-01-24 09:57:58.806631,0x433b0b38,13.756085,53.48837,1002.95526,524.1873,16,,,2.25,-75,,5,5
2026-01-24 09:58:49.965924,0x433af380,22.355026,31.582047,1003.5829,159.05867,212,,0.14935032,7.0,-34,,3,3
2026-01-24 09:58:59.219188,0x433b0b38,13.758428,54.017128,1002.9304,527.0201,16,,,5.5,-76,,5,5
2026-01-24 09:59:36.771699,0x433aad0c,14.255464,55.368717,1003.22394,788.69916,,,,7.0,-69,,3,3
2026-01-24 09:59:50.353895,0x433af380,22.50766,31.303877,1003.5505,161.97012,210,,0.38167304,5.75,-33,,3,3
2026-01-24 09:59:56.727698,0x433b0b38,13.743459,52.994762,1002.9265,540.7974,17,,,5.25,-76,,5,5
2026-01-24 10:00:05.107764,0x433ad35c,19.573563,37.8663,1003.06964,557.99677,,,,6.5,-56,,3,3
2026-01-24 10:00:50.154313,0x433af380,21.795187,31.712622,1003.5366,176.6019,196,,1.1451902,5.75,-34,,3,3
2026-01-24 10:00:56.827761,0x433b0b38,13.961297,53.936176,1002.9455,539.51526,17,,,2.0,-75,,5,5
2026-01-23 12:01:04.465430,0x433af380,12.3672085,67.97734,1001.8781,74.70629,166,130,0.9490348,5.75,-35,,3,3
2026-01-23 12:01:08.447109,0x433b0b38,17.041576,52.82899,1001.41583,375.64197,76,,,5.75,-71,,5,5
2026-01-23 12:02:03.093849,0x433af380,12.499782,67.13335,1001.87195,93.8994,167,,0.94612086,6.0,-37,,3,3
2026-01-23 12:02:08.249117,0x433b0b38,17.044033,52.31585,1001.4021,381.73346,75,,,6.25,-68,,5,5
2026-01-23 12:02:21.949802,0x433aad0c,16.403172,54.355167,1001.81323,565.313,50,,,6.25,-67,,3,3
2026-01-23 12:02:51.435198,0x433ad35c,17.421516,53.25966,1001.6659,299.82632,50,,,7.5,-49,,3,3
2026-01-23 12:03:03.226883,0x433af380,12.785085,66.66201,1001.8737,98.89706,169,,0.26549408,5.5,-36,,3,3
2026-01-23 12:03:08.242537,0x433b0b38,16.925728,53.62634,1001.38715,379.39978,75,,,6.75,-65,,5,5
2026-01-23 12:04:03.208978,0x433af380,13.333897,64.62224,1001.8535,109.52769,160,,0.38165405,6.5,-38,,3,3
2026-01-23 12:04:08.238970,0x433b0b38,16.797937,53.060413,1001.37085,378.34842,75,,,6.5,-66,,5,5
2026-01-23 12:05:03.691178,0x433af380,13.5629015,64.175476,1001.8361,115.6293,149,,0.3817871,7.75,-35,,3,3
2026-01-23 12:05:08.250345,0x433b0b38,17.067514,52.770435,1001.34625,378.55823,75,,,6.0,-65,,5,5
2026-01-23 12:05:22.087311,0x433aad0c,16.625692,53.921066,1001.7271,568.1923,50,,,6.5,-66,,3,3
2026-01-23 12:05:51.914079,0x433ad35c,17.180998,53.861343,1001.58954,300.3712,50,,,5.75,-49,,3,3
2026-01-23 12:06:09.492404,0x433b0b38,17.255802,53.110825,1001.35657,382.80374,74,,,7.25,-66,,5,5
2026-01-23 12:07:08.406903,0x433b0b38,17.464092,52.80227,1001.30945,369.27515,75,,,6.5,-65,,5,5
2026-01-23 12:08:02.239647,0x433af380,15.440578,57.79456,1001.7274,110.10151,154,257,0.19452512,5.75,-36,,3,3
2026-01-23 12:08:08.487627,0x433b0b38,17.373804,52.342407,1001.26385,380.66916,73,,,7.0,-65,,5,5
2026-01-23 12:08:22.414315,0x433aad0c,17.450037,52.23869,1001.65375,572.56683,50,,,6.0,-66,,3,3
2026-01-23 12:08:51.320224,0x433ad35c,17.143335,54.01076,1001.5012,305.64795,50,,,6.0,-49,,3,3
2026-01-23 12:09:04.568402,0x433af380,15.804779,57.409447,1001.7121,111.78524,155,,,5.5,-36,,3,3
2026-01-23 12:09:08.544690,0x433b0b38,17.42995,51.855087,1001.22546,381.5201,72,,,6.5,-65,,5,5
2026-01-23 12:10:02.759961,0x433af380,15.786974,56.62299,1001.6731,118.984436,145,,0.48111218,6.0,-47,,3,3
2026-01-23 12:10:09.052624,0x433b0b38,17.664404,51.472355,1001.20264,376.47058,73,,,6.0,-74,,5,5
2026-01-23 12:11:02.776495,0x433af380,15.844453,56.35476,1001.6761,119.322205,142,,0.29871055,7.0,-34,,3,3
2026-01-23 12:11:08.524273,0x433b0b38,17.66249,51.98641,1001.1689,381.73346,73,,,6.0,-77,,5,5
2026-01-23 12:11:22.522095,0x433aad0c,17.752825,52.50918,1001.5881,566.2696,50,,,5.75,-69,,3,3
2026-01-23 12:11:51.329763,0x433ad35c,17.799892,53.817184,1001.3969,297.39868,51,,,5.75,-63,,3,3
2026-01-23 12:12:03.054271,0x433af380,15.857172,56.736977,1001.62146,118.148285,147,,0.74697477,6.0,-36,,3,3
2026-01-23 12:12:08.582879,0x433b0b38,17.640545,52.585556,1001.138,377.09448,73,,,5.75,-72,,5,5
2026-01-23 12:13:03.475033,0x433af380,16.270277,56.270554,1001.6092,119.74715,143,,0.19911395,6.0,-33,,3,3
2026-01-23 12:13:08.630612,0x433b0b38,17.45343,51.813,1001.11,384.52872,71,,,5.75,-72,,5,5
2026-01-23 12:14:03.512415,0x433af380,15.929459,55.756397,1001.56506,127.5607,133,,1.1619029,5.75,-35,,3,3
2026-01-23 12:14:08.469726,0x433b0b38,17.63102,51.99162,1001.07745,377.51154,72,,,6.0,-71,,5,5
2026-01-23 12:14:23.357115,0x433aad0c,17.531294,51.62323,1001.43665,579.5071,50,,,6.0,-70,,3,3
2026-01-23 12:14:51.361861,0x433ad35c,17.5085,53.903286,1001.26215,301.19223,50,,,7.25,-57,,3,3
2026-01-23 12:15:04.027687,0x433af380,16.300953,55.951775,1001.5308,120.69276,140,,0.6306217,6.25,-38,,3,3
2026-01-23 12:15:08.509244,0x433b0b38,17.432825,51.753254,1001.0154,381.94702,71,,,5.5,-74,,5,5
2026-01-23 12:16:03.977007,0x433af380,16.616184,55.133892,1001.4834,120.77945,144,,0.49772707,6.0,-36,,3,3
2026-01-23 12:16:08.491426,0x433b0b38,17.383633,52.23232,1000.9826,382.80374,71,,,5.75,-72,,5,5
2026-01-23 12:17:04.331243,0x433af380,15.573153,56.215805,1001.4357,126.314804,135,147,1.7260265,6.0,-34,,3,3
2026-01-23 12:17:08.506159,0x433b0b38,17.48436,52.248787,1000.95496,381.5201,70,,,5.25,-72,,5,5
2026-01-23 12:17:24.135994,0x433aad0c,16.5547,54.543602,1001.29004,582.0266,51,,,5.75,-72,,3,2
2026-01-23 12:17:52.159421,0x433ad35c,17.543272,52.699852,1001.1575,307.0675,49,,,5.75,-58,,3,3
2026-01-23 12:18:04.487754,0x433af380,15.725813,56.1377,1001.396,126.40977,136,,0.2987155,7.25,-34,,3,3
2026-01-23 12:18:09.452123,0x433b0b38,17.370892,51.78673,1000.9094,384.52872,71,,,6.25,-77,,5,5
2026-01-23 12:19:05.346487,0x433af380,15.3647585,56.889355,1001.3606,132.06992,128,,0.51446307,5.5,-34,,3,3
2026-01-23 12:19:08.660752,0x433b0b38,17.394485,51.849007,1000.9045,391.3625,69,,,5.75,-71,,5,5
2026-01-23 12:20:05.123237,0x433af380,14.947596,58.471954,1001.3341,137.24489,121,,0.41481385,7.0,-44,,3,3
2026-01-23 12:20:09.011642,0x433b0b38,17.42027,52.68774,1000.87115,386.0509,70,,,5.5,-71,,5,5
2026-01-23 12:20:22.181946,0x433aad0c,17.563639,52.001045,1001.25903,587.1321,50,,,6.0,-65,,3,3
2026-01-23 12:20:51.398559,0x433ad35c,18.152567,51.865173,1001.11633,307.92557,49,,,5.75,-66,,3,3
2026-01-23 12:21:05.910658,0x433af380,15.089474,58.350338,1001.3242,134.39249,123,,0.04977353,7.25,-54,,3,3
2026-01-23 12:21:08.992806,0x433b0b38,17.43309,52.082233,1000.8601,387.58514,68,,,6.25,-74,,5,5
2026-01-23 12:22:05.848627,0x433af380,15.172881,58.841343,1001.31757,130.63326,128,,,5.75,-36,,3,3
2026-01-23 12:22:08.745269,0x433b0b38,17.538536,52.533024,1000.8478,386.26935,68,,,5.5,-77,,5,5
2026-01-23 12:23:06.031218,0x433af380,15.937052,56.867554,1001.3281,128.9302,130,,0.3816034,6.0,-34,,3,3
2026-01-23 12:23:08.722481,0x433b0b38,17.59676,52.05816,1000.8138,386.70694,68,,,6.25,-77,,5,5
2026-01-23 12:23:22.167168,0x433aad0c,17.509966,52.6053,1001.1902,584.5682,50,,,7.0,-68,,3,3
2026-01-23 12:23:51.568444,0x433ad35c,17.491034,53.70778,1001.0587,300.91803,53,,,6.0,-59,,3,3
2026-01-23 12:24:06.413457,0x433af380,15.796201,57.349552,1001.30536,131.96625,125,,0.38167304,6.0,-34,,3,3
2026-01-23 12:24:10.146278,0x433b0b38,17.483866,52.554356,1000.8377,377.7204,72,,,5.5,-75,,5,5
2026-01-23 12:25:06.480262,0x433af380,16.280489,56.643623,1001.3269,125.93633,134,,0.23231886,8.0,-34,,3,3
2026-01-23 12:25:09.430756,0x433b0b38,17.25569,52.547623,1000.82996,380.88153,72,,,5.25,-75,,5,5
2026-01-23 12:26:06.725129,0x433af380,16.178741,55.47319,1001.31335,135.80373,122,,1.0453136,6.0,-33,,3,3
2026-01-23 12:26:10.320996,0x433b0b38,17.16578,52.790123,1000.8058,377.3029,73,,,5.75,-75,,5,5
2026-01-23 12:26:22.160644,0x433aad0c,16.969097,54.081703,1001.1926,585.07916,51,,,5.75,-70,,3,3
2026-01-23 12:26:51.440087,0x433ad35c,16.960377,54.814148,1001.0378,297.6665,57,,,5.5,-58,,3,3
2026-01-23 12:27:07.102693,0x433af380,16.013514,56.540012,1001.3585,132.06992,124,203,1.5263124,7.5,-34,,3,3
2026-01-23 12:27:10.589155,0x433b0b38,16.805801,53.7435,1000.8051,368.08054,77,,,5.5,-75,,5,5
2026-01-23 12:28:07.464494,0x433af380,16.621159,55.813427,1001.32745,126.7911,133,,0.26557338,6.25,-35,,3,3
2026-01-23 12:28:10.308831,0x433b0b38,16.54632,54.310505,1000.79956,365.32288,79,,,5.25,-76,,5,5
2026-01-23 12:29:07.872813,0x433af380,16.690027,54.86231,1001.2975,132.17375,125,,0.91251475,7.5,-34,,3,3
2026-01-23 12:29:10.435775,0x433b0b38,16.91643,53.89868,1000.8135,364.54254,79,,,5.75,-73,,5,5
2026-01-23 12:29:23.676612,0x433aad0c,17.097637,53.58747,1001.18054,579.5071,52,,,5.5,-69,,3,3
2026-01-23 12:29:52.544337,0x433ad35c,16.69936,55.817772,1001.02216,296.86453,58,,,6.75,-59,,3,3
2026-01-23 12:30:09.832779,0x433b0b38,16.908718,53.70211,1000.7822,363.3783,80,,,4.75,-77,,5,5
2026-01-23 12:30:11.986844,0x433af380,16.963802,53.8695,1001.214,129.72609,131,,0.6372877,5.75,-34,,3,3
2026-01-23 12:31:09.804421,0x433b0b38,16.985958,54.544754,1000.7214,362.22144,80,,,5.75,-75,,5,5
2026-01-23 12:31:11.846735,0x433af380,16.517017,56.038944,1001.19214,131.24513,125,,0.929368,8.0,-35,,3,3
2026-01-23 12:32:10.083947,0x433b0b38,17.109142,53.83665,1000.68896,361.07193,79,,,5.75,-75,,5,5
2026-01-23 12:32:12.472949,0x433af380,16.417889,56.54354,1001.1863,128.43774,130,170,0.96257573,6.25,-34,,3,3
2026-01-23 12:32:22.894764,0x433aad0c,17.15441,53.6918,1001.0685,577.00916,52,,,6.0,-69,,3,3
2026-01-23 12:32:51.587771,0x433ad35c,16.581207,56.824696,1000.9031,293.69952,59,,,6.0,-58,,3,3
2026-01-23 12:33:09.337213,0x433b0b38,16.847088,54.295013,1000.66797,362.99185,81,,,5.25,-76,,5,5
2026-01-23 12:33:17.959233,0x433af380,16.898613,54.474674,1001.1493,129.82625,126,,0.3152585,6.0,-34,,3,3
2026-01-23 12:34:09.587318,0x433b0b38,17.122149,53.074265,1000.63007,364.54254,80,,,5.75,-75,,5,5
2026-01-23 12:34:16.168641,0x433af380,17.279984,54.65128,1001.1466,128.43774,128,,0.19905779,6.0,-33,,3,3
2026-01-23 12:35:09.397264,0x433b0b38,17.08865,53.525764,1000.6041,363.76553,79,,,6.0,-75,,5,5
2026-01-23 12:35:13.573636,0x433af380,17.353752,53.31855,1001.12274,132.69534,124,,0.4479469,6.0,-33,,3,3
2026-01-23 12:35:23.999308,0x433aad0c,17.40376,53.080704,1001.0053,583.04065,51,,,5.5,-70,,3,3
2026-01-23 12:35:51.705094,0x433ad35c,17.203438,55.21586,1000.8298,290.857,58,,,5.5,-58,,3,3
2026-01-23 12:36:09.505838,0x433b0b38,16.618195,54.178555,1000.5854,361.45428,81,,,5.5,-76,,5,5
2026-01-23 12:36:14.915821,0x433af380,16.97124,54.032673,1001.05695,135.58469,120,199,1.2277879,8.0,-34,,3,3
2026-01-23 12:37:09.403111,0x433b0b38,16.353535,54.77826,1000.5015,361.45428,82,,,6.0,-75,,5,5
2026-01-23 12:37:15.017701,0x433af380,16.81353,54.2092,1001.0383,135.47542,119,,0.86264104,6.0,-34,,3,3
2026-01-23 12:38:09.939098,0x433b0b38,16.556416,55.31969,1000.4876,360.30966,83,,,5.5,-75,,5,5
2026-01-23 12:38:13.916563,0x433af380,16.869492,53.898888,1000.9787,136.02345,119,,0.51419,7.25,-33,,3,3
2026-01-23 12:38:23.348781,0x433aad0c,17.230042,53.80137,1000.8813,576.016,52,,,6.0,-68,,3,3
2026-01-23 12:38:53.270310,0x433ad35c,17.23104,54.50855,1000.71893,295.01004,58,,,6.25,-58,,3,3
2026-01-23 12:39:09.710880,0x433b0b38,16.687763,54.99677,1000.4686,360.30966,82,,,5.75,-74,,5,5
2026-01-23 12:39:16.412666,0x433af380,17.355343,52.901417,1001.0123,133.32672,124,,0.31491366,7.25,-35,,3,3
2026-01-23 12:40:09.455709,0x433b0b38,16.412516,54.577137,1000.4334,358.4179,83,,,5.5,-76,,5,5
2026-01-23 12:40:14.971403,0x433af380,16.824957,53.711987,1000.93866,139.0612,115,206,1.3442868,6.25,-34,,3,3
2026-01-23 12:41:09.484495,0x433b0b38,16.733852,54.363274,1000.459,361.83746,82,,,5.5,-75,,5,5
2026-01-23 12:41:15.142979,0x433af380,17.056135,54.191444,1000.93176,132.27774,124,,0.61388373,7.75,-34,,3,3
2026-01-23 12:41:24.423762,0x433aad0c,16.549948,54.4281,1000.7999,580.0092,53,,,5.25,-75,,3,2
2026-01-23 12:41:52.791304,0x433ad35c,17.423416,54.306053,1000.67755,296.86453,55,,,5.75,-58,,3,3
2026-01-23 12:42:09.514092,0x433b0b38,16.816122,53.797607,1000.4632,363.76553,81,,,6.75,-74,,5,5
2026-01-23 12:42:14.168154,0x433af380,16.864674,53.9032,1000.91583,139.52283,117,,0.929476,7.5,-34,,3,3
2026-01-23 12:43:09.534935,0x433b0b38,16.70818,55.037968,1000.43945,362.22144,81,,,5.25,-76,,5,5
2026-01-23 12:43:16.357769,0x433af380,16.966307,54.46733,1000.93414,132.90514,122,,0.74661535,5.75,-34,,3,3
2026-01-23 12:44:09.539171,0x433b0b38,16.805801,53.999744,1000.43567,361.83746,80,,,5.5,-75,,5,5
2026-01-23 12:44:14.210990,0x433af380,17.34798,53.681667,1000.95526,133.64468,121,,0.04979005,7.75,-33,,3,3
2026-01-23 12:44:22.337643,0x433aad0c,16.10407,56.128197,1000.7927,588.6813,51,,,5.5,-69,,3,3
2026-01-23 12:44:53.315287,0x433ad35c,17.160877,54.54948,1000.6494,298.47275,56,,,6.0,-58,,3,3
2026-01-23 12:45:09.625206,0x433b0b38,16.805801,54.484524,1000.42084,362.60623,80,,,5.25,-76,,5,5
2026-01-23 12:45:14.274952,0x433af380,17.616058,52.964836,1000.9287,132.06992,122,,0.5809418,7.5,-34,,3,3
2026-01-23 12:46:09.666487,0x433b0b38,16.924105,54.211815,1000.4192,363.3783,80,,,5.75,-75,,5,5
2026-01-23 12:46:17.582524,0x433af380,17.284733,52.991497,1000.9239,136.9096,117,,0.84645903,6.25,-73,,3,2
2026-01-23 12:47:09.654132,0x433b0b38,16.88036,53.895123,1000.4035,365.7143,79,,,5.75,-75,,5,5
2026-01-23 12:47:14.880274,0x433af380,17.388948,52.85774,1000.9238,136.02345,120,,0.61418945,7.5,-33,,3,3
2026-01-23 12:47:22.434143,0x433aad0c,16.49926,54.868256,1000.7726,595.4898,50,,,6.75,-70,,3,3
2026-01-23 12:47:51.775653,0x433ad35c,17.4957,55.070984,1000.639,296.0669,54,,,5.75,-59,,3,3
2026-01-23 12:48:09.842420,0x433b0b38,16.618307,54.044247,1000.3924,366.8936,79,,,5.5,-76,,5,5
2026-01-23 12:48:15.369756,0x433af380,17.633451,53.09261,1000.9063,135.58469,122,,0.59735173,7.75,-34,,3,3
2026-01-23 12:49:09.685572,0x433b0b38,16.510252,54.545235,1000.3586,367.68402,79,,,5.5,-75,,5,5
2026-01-23 12:49:15.763622,0x433af380,17.25189,53.633804,1000.9042,134.71555,122,,0.8958938,7.75,-33,,3,3
2026-01-23 12:50:09.853967,0x433b0b38,16.880398,53.267715,1000.3821,376.47058,75,,,5.5,-75,,5,5
2026-01-23 12:50:16.937244,0x433af380,17.556797,52.645367,1000.90045,134.07097,120,,0.3983072,7.5,-34,,3,3
2026-01-23 12:50:22.393105,0x433aad0c,16.805038,54.475414,1000.77313,601.3752,50,,,6.0,-68,,3,3
2026-01-23 12:50:52.282598,0x433ad35c,17.73721,53.46437,1000.64154,302.5706,52,,,5.75,-59,,3,3
2026-01-23 12:51:09.922505,0x433b0b38,17.227484,52.854313,1000.39014,384.09604,72,,,5.5,-75,,5,5
2026-01-23 12:51:16.203664,0x433af380,18.001877,52.056843,1000.91925,135.04018,120,,1.028909,7.75,-34,,3,3
2026-01-23 12:52:09.776639,0x433b0b38,17.358566,53.220688,1000.38214,382.80374,70,,,6.75,-75,,5,5
2026-01-23 12:52:16.440940,0x433af380,17.894848,52.392166,1000.912,133.64468,121,,0.68026084,5.5,-34,,3,3
2026-01-23 12:53:09.760106,0x433b0b38,17.548859,52.70118,1000.3947,382.16086,70,,,5.5,-76,,5,5
2026-01-23 12:53:16.671227,0x433af380,17.526678,52.222168,1000.9253,139.40714,116,198,1.9089671,5.5,-33,,3,3
2026-01-23 12:53:22.359296,0x433aad0c,16.959475,54.301422,1000.7975,602.45776,50,,,6.0,-68,,3,3
2026-01-23 12:53:51.869191,0x433ad35c,17.809309,53.75378,1000.65894,300.3712,52,,,5.75,-60,,3,3
2026-01-23 12:54:09.914334,0x433b0b38,17.422842,53.320217,1000.3884,378.13885,69,,,5.5,-76,,5,5
2026-01-23 12:54:16.934546,0x433af380,16.863113,53.531708,1000.8912,137.69452,118,194,2.9530826,5.25,-34,,3,3
2026-01-23 12:55:09.812909,0x433b0b38,17.71348,54.03934,1000.4242,377.9295,71,,,5.25,-74,,5,5
2026-01-23 12:55:17.387797,0x433af380,17.03309,53.951138,1000.9236,140.10416,115,187,1.5603731,6.25,-35,,3,3
2026-01-23 12:56:09.792984,0x433b0b38,17.721117,53.828575,1000.4406,360.30966,73,,,5.5,-75,,5,5
2026-01-23 12:56:17.573153,0x433af380,17.508007,53.983604,1000.952,136.1336,117,,1.0623994,7.75,-34,,3,3
2026-01-23 12:56:22.489165,0x433aad0c,15.966092,57.085777,1000.82153,599.7586,52,,,5.75,-71,,3,3
2026-01-23 12:56:51.827962,0x433ad35c,17.875029,53.845352,1000.6396,298.20352,50,,,5.75,-59,,3,3
2026-01-23 12:57:10.665935,0x433b0b38,18.021889,52.91496,1000.3812,375.22903,69,,,5.5,-75,,5,5
2026-01-23 12:57:17.907375,0x433af380,17.806086,52.68724,1000.9491,137.80737,115,198,1.4939991,8.0,-33,,3,3
2026-01-23 12:58:09.942318,0x433b0b38,17.715937,52.69182,1000.38885,366.10654,70,,,5.5,-75,,5,5
2026-01-23 12:58:18.091390,0x433af380,17.485153,52.3407,1000.9148,138.48846,115,199,2.5393348,7.5,-34,,3,3
2026-01-23 12:59:10.443506,0x433b0b38,17.967897,53.284924,1000.3498,369.27515,70,,,5.25,-75,,5,5
2026-01-23 12:59:17.904342,0x433af380,17.579193,53.364647,1000.8913,136.1336,118,,1.1780908,5.75,-34,,3,3
2026-01-23 12:59:22.543971,0x433aad0c,16.010618,56.647026,1000.77905,603.00055,52,,,5.5,-72,,3,3
2026-01-23 12:59:51.838261,0x433ad35c,17.742031,53.665752,1000.6126,302.01773,51,,,5.75,-58,,3,3
2026-01-23 13:00:09.886543,0x433b0b38,18.225151,52.037884,1000.35425,377.9295,68,,,5.25,-75,,5,5
2026-01-23 13:00:18.665389,0x433af380,17.865345,51.64647,1000.89325,133.751,119,,0.9291984,5.75,-34,,3,3
2026-01-24 16:02:10.671388,0x433b0b38,20.477177,23.88708,1001.2509,671.0354,81,,,5.25,-78,,5,5
2026-01-24 16:02:27.108604,0x433af380,22.728788,21.088404,1001.86865,265.83047,174,,0.86308485,7.25,-33,,3,3
2026-01-24 16:02:39.197761,0x433aad0c,18.914228,24.603848,1001.6995,4451.827,48,,,6.25,-77,,3,3
2026-01-24 16:03:08.509060,0x433ad35c,20.380867,23.953438,1001.5624,2454.3794,52,,,5.5,-59,,3,3
2026-01-24 16:03:11.292839,0x433b0b38,20.394823,24.198431,1001.2374,682.4392,80,,,6.0,-76,,5,5
2026-01-24 16:03:27.232381,0x433af380,22.96047,20.661167,1001.88184,269.7348,170,,0.7966673,6.25,-33,,3,3
2026-01-24 16:04:11.212382,0x433b0b38,20.623766,24.681591,1001.271,705.7202,75,,,5.25,-78,,5,5
2026-01-24 16:04:29.110490,0x433af380,23.568502,20.1567,1001.87585,255.35785,179,,0.46465316,6.25,-34,,3,3
2026-01-24 16:05:11.356325,0x433b0b38,20.55688,24.708485,1001.2495,694.2373,75,,,5.5,-79,,5,5
2026-01-24 16:05:27.473231,0x433af380,24.153603,20.554409,1001.85864,221.03807,197,,0.1493652,6.25,-34,,3,3
2026-01-24 16:05:39.210055,0x433aad0c,18.845613,24.7068,1001.6885,4569.48,49,,,6.0,-75,,3,3
2026-01-24 16:06:08.507708,0x433ad35c,20.839405,24.064562,1001.5422,2406.0823,51,,,5.75,-58,,3,3
2026-01-24 16:06:11.147396,0x433b0b38,20.41547,24.367353,1001.26154,734.5767,71,,,6.5,-78,,5,5
2026-01-24 16:06:27.741519,0x433af380,23.95005,19.24994,1001.8813,233.20059,194,174,1.3276025,5.5,-33,,3,3
2026-01-24 16:07:11.378058,0x433b0b38,20.209745,24.554646,1001.3109,699.93164,76,,,5.5,-79,,5,5
2026-01-24 16:07:28.028325,0x433af380,23.881365,20.313198,1001.9157,225.10199,194,,0.5475997,5.75,-34,,3,3
2026-01-24 16:08:11.328380,0x433b0b38,20.281813,25.480143,1001.3278,692.8281,77,,,5.75,-79,,5,5
2026-01-24 16:08:28.553862,0x433af380,24.239868,19.972206,1001.92554,232.87204,187,,0.39826092,7.75,-34,,3,3
2026-01-24 16:08:39.245021,0x433aad0c,18.765034,24.579842,1001.76117,4718.3096,49,,,5.5,-76,,3,3
2026-01-24 16:09:08.089061,0x433ad35c,20.972254,23.617199,1001.6341,2395.3694,52,,,6.75,-58,,3,3
2026-01-24 16:09:12.355617,0x433b0b38,20.379398,24.589045,1001.3459,728.30725,71,,,5.5,-78,,5,5
2026-01-24 16:09:28.876883,0x433af380,24.298567,19.96551,1001.95935,232.87204,187,,0.5475906,7.25,-34,,3,3
2026-01-24 16:10:10.988291,0x433b0b38,20.436077,25.134394,1001.3714,744.18604,68,,,6.25,-78,,5,5
2026-01-24 16:10:31.532478,0x433af380,24.738668,19.65841,1002.001,216.69138,199,,0.18252717,7.5,-34,,3,3
2026-01-24 16:11:10.847044,0x433b0b38,20.47971,25.026268,1001.3881,729.0851,68,,,5.75,-77,,5,5
2026-01-24 16:11:29.417883,0x433af380,25.224562,19.477127,1002.0395,192.91734,217,,0.09951239,5.75,-33,,3,3
2026-01-24 16:11:39.297696,0x433aad0c,18.910978,24.751604,1001.83704,4877.161,49,,,5.5,-76,,3,3
2026-01-24 16:12:08.044442,0x433ad35c,21.02488,24.471956,1001.7001,2347.295,52,,,7.0,-58,,3,3
2026-01-24 16:12:10.862877,0x433b0b38,20.567204,25.369936,1001.40497,708.6505,72,,,5.25,-79,,5,5
2026-01-24 16:12:29.371214,0x433af380,25.51203,18.399048,1002.0416,192.13245,213,,0.56416553,5.75,-34,,3,3
2026-01-24 16:13:11.401701,0x433b0b38,20.564556,25.043228,1001.4222,693.532,73,,,5.25,-78,,5,5
2026-01-24 16:13:29.865734,0x433af380,25.529648,18.321053,1002.0668,197.05733,215,,0.016590076,6.0,-34,,3,3
2026-01-24 16:14:10.940782,0x433b0b38,20.142973,24.293232,1001.46014,644.4304,85,,,5.5,-78,,5,5
2026-01-24 16:14:30.088226,0x433af380,25.90361,17.906256,1002.0795,196.00575,214,,0.2987155,5.75,-34,,3,3
2026-01-24 16:14:42.426495,0x433aad0c,18.92423,24.981041,1001.89996,4685.315,53,,,2.5,-76,,3,3
2026-01-24 16:15:08.192165,0x433ad35c,21.340622,23.452906,1001.7356,2361.721,52,,,5.5,-59,,3,3
2026-01-24 16:15:10.973921,0x433b0b38,20.129206,25.297836,1001.4696,649.9524,83,,,5.75,-78,,5,5
2026-01-24 16:15:30.459475,0x433af380,25.336308,18.715397,1002.0794,218.69835,194,,0.7634855,5.75,-33,,3,3
2026-01-24 16:16:11.094836,0x433b0b38,20.022057,24.948658,1001.47546,694.2373,77,,,5.75,-79,,5,5
2026-01-24 16:16:31.485813,0x433af380,25.30092,18.437565,1002.112,193.48189,210,,0.6305484,8.5,-33,,3,3
2026-01-24 16:17:11.025802,0x433b0b38,20.042625,25.435305,1001.5123,724.4429,71,,,5.5,-79,,5,5
2026-01-24 16:17:30.927503,0x433af380,25.336609,18.15036,1002.10364,202.9864,209,198,0.8793761,7.0,-34,,3,3
2026-01-24 16:17:40.557781,0x433aad0c,18.8381,24.606916,1001.9164,4903.934,51,,,5.5,-75,,3,3
2026-01-24 16:18:08.601669,0x433ad35c,21.2304,22.621744,1001.76263,2419.0647,52,,,6.0,-59,,3,3
2026-01-24 16:18:12.225068,0x433b0b38,20.01181,25.941378,1001.5059,731.4286,69,,,6.75,-76,,5,5
2026-01-24 16:18:31.286964,0x433af380,25.122805,18.106375,1002.1405,204.11443,199,,0.46463004,5.75,-34,,3,3
2026-01-24 16:19:11.574727,0x433b0b38,19.975815,25.396065,1001.55206,760.4902,66,,,5.5,-78,,5,5
2026-01-24 16:19:31.599675,0x433af380,25.250002,18.255468,1002.115,213.06017,199,,0.21569961,5.75,-34,,3,3
2026-01-24 16:20:11.612868,0x433b0b38,20.00924,25.781033,1001.5297,730.64575,68,,,5.5,-77,,5,5
2026-01-24 16:20:31.995864,0x433af380,25.25509,18.215715,1002.1301,221.63087,187,,0.3983072,7.5,-34,,3,3
2026-01-24 16:20:39.371648,0x433aad0c,19.004759,24.618559,1001.9386,5099.905,49,,,5.5,-76,,3,3
2026-01-24 16:21:08.128384,0x433ad35c,21.48099,22.305338,1001.7822,2397.5044,52,,,5.75,-59,,3,3
2026-01-24 16:21:11.236572,0x433b0b38,19.834404,25.490505,1001.5485,665.151,81,,,5.5,-77,,5,5
2026-01-24 16:21:32.190502,0x433af380,24.880941,18.55474,1002.10254,234.19185,181,,0.4811202,6.25,-33,,3,3
2026-01-24 16:22:11.154391,0x433b0b38,19.819016,25.943037,1001.53546,663.85736,80,,,5.5,-78,,5,5
2026-01-24 16:22:34.955654,0x433af380,24.90304,18.921417,1002.12036,203.36102,200,,0.414745,5.75,-34,,3,3
2026-01-24 16:23:11.383894,0x433b0b38,19.785517,25.538122,1001.5396,643.21606,83,,,5.5,-78,,5,5
2026-01-24 16:23:32.340555,0x433af380,24.903837,18.608112,1002.1256,212.10326,196,,0.43125612,5.75,-33,,3,3
2026-01-24 16:23:41.230714,0x433aad0c,19.146719,24.697096,1001.9528,4802.8677,52,,,5.75,-75,,3,3
2026-01-24 16:24:08.686332,0x433ad35c,21.3732,23.565315,1001.78107,2361.721,52,,,6.25,-58,,3,3
2026-01-24 16:24:11.292665,0x433b0b38,19.736666,30.492664,1001.54535,580.33435,89,,,5.25,-78,,5,5
2026-01-24 16:24:33.541728,0x433af380,25.290518,18.386646,1002.132,189.48929,208,,0.03318511,5.75,-33,,3,3
2026-01-24 16:25:11.314860,0x433b0b38,19.74956,29.769299,1001.55414,559.8688,89,,,5.75,-78,,5,5
2026-01-24 16:25:33.140879,0x433af380,25.420258,18.960697,1002.0882,194.39212,200,,0.11616136,6.25,-34,,3,3
2026-01-24 16:26:11.456541,0x433b0b38,19.67757,31.960396,1001.5615,549.5036,88,,,7.0,-78,,5,5
2026-01-24 16:26:33.660993,0x433af380,25.514614,18.91532,1002.1149,195.65773,198,,0.3982543,5.25,-34,,3,3
2026-01-24 16:26:40.861301,0x433aad0c,19.242924,26.18406,1001.9727,4088.482,59,,,6.25,-75,,3,3
2026-01-24 16:27:09.183818,0x433ad35c,21.074959,23.58633,1001.7669,2329.0044,54,,,6.0,-58,,3,3
2026-01-24 16:27:11.668932,0x433b0b38,19.525003,32.880276,1001.55695,528.2435,89,,,6.0,-78,,5,5
2026-01-24 16:27:33.410455,0x433af380,25.498478,18.930717,1002.10254,193.59521,197,,0.18253928,7.5,-34,,3,3
2026-01-24 16:28:11.287220,0x433b0b38,19.29705,28.115538,1001.5757,526.6135,92,,,5.5,-78,,5,5
2026-01-24 16:28:33.784525,0x433af380,25.198175,19.043367,1002.12317,206.02257,191,,0.7966276,7.25,-34,,3,3
2026-01-24 16:29:11.237714,0x433b0b38,19.091368,31.31826,1001.5345,521.38495,95,,,5.0,-78,,5,5
2026-01-24 16:29:33.908543,0x433af380,24.29348,19.24236,1002.04974,237.21683,172,,1.2114775,5.75,-33,,3,3
2026-01-24 16:29:39.649342,0x433aad0c,19.245415,28.006586,1001.9618,3352.0952,69,,,6.0,-74,,3,3
2026-01-24 16:30:08.748981,0x433ad35c,20.977266,24.143238,1001.77264,2199.5095,57,,,7.25,-57,,3,3
2026-01-24 16:30:11.398493,0x433b0b38,19.003384,32.051426,1001.5304,521.78345,94,,,5.5,-78,,5,5
2026-01-24 16:30:34.462754,0x433af380,24.127937,19.71558,1002.0357,222.07755,181,,0.6138328,6.25,-34,,3,3
2026-01-24 16:31:11.395300,0x433b0b38,18.826588,32.24676,1001.5059,518.6123,94,,,6.0,-78,,5,5
2026-01-24 16:31:34.664735,0x433af380,24.07197,19.905022,1001.99384,205.38258,197,,0.16595307,6.0,-34,,3,3
2026-01-24 16:32:11.307258,0x433b0b38,18.80859,31.757378,1001.50323,529.4726,93,,,5.5,-78,,5,5
2026-01-24 16:32:34.725863,0x433af380,23.636961,20.305511,1002.00037,194.39212,200,,0.16590351,5.75,-34,,3,3
2026-01-24 16:32:40.192562,0x433aad0c,19.228016,31.54842,1001.96436,2806.2827,75,,,5.75,-71,,3,3
2026-01-24 16:33:08.764041,0x433ad35c,20.453537,29.896652,1001.77716,935.3268,118,,,5.75,-59,,3,3
2026-01-24 16:33:12.786143,0x433b0b38,18.65429,32.277115,1001.4936,530.70746,93,,,5.0,-78,,5,5
2026-01-24 16:33:34.999409,0x433af380,23.31134,21.500353,1002.00854,160.88518,220,,,6.0,-34,,3,3
2026-01-24 16:34:12.034679,0x433b0b38,18.443464,33.9619,1001.52075,512.3843,95,,,5.25,-78,,5,5
2026-01-24 16:34:35.289539,0x433af380,21.451767,25.914621,1001.9328,137.0212,247,,0.4977518,7.25,-34,,3,3
2026-01-24 16:35:11.367315,0x433b0b38,18.219784,33.846386,1001.5191,506.3041,96,,,5.75,-78,,5,5
2026-01-24 16:35:41.271971,0x433aad0c,18.566883,32.457207,1001.94855,2549.9524,81,,,6.25,-70,,3,3
2026-01-24 16:35:42.212412,0x433af380,20.358107,27.443129,1001.9546,163.70497,213,,,5.5,-34,,3,3
2026-01-24 16:36:08.264426,0x433ad35c,19.989952,30.336046,1001.75726,840.625,125,,,7.25,-59,,3,3
2026-01-24 16:36:12.282113,0x433b0b38,18.148058,34.25581,1001.52277,502.20697,97,,,5.75,-77,,5,5
2026-01-24 16:36:36.131976,0x433af380,19.172693,29.600208,1001.9613,159.05867,203,,0.4480064,7.25,-34,,3,3
2026-01-24 16:37:11.386903,0x433b0b38,18.032099,35.372055,1001.49805,484.38977,99,,,5.5,-77,,5,5
2026-01-24 16:37:36.455943,0x433af380,18.475698,31.354887,1001.97754,164.50586,197,,0.5311027,5.5,-34,,3,3
2026-01-24 16:38:11.990974,0x433b0b38,17.805847,36.405754,1001.5394,475.947,100,,,5.75,-78,,5,5
2026-01-24 16:38:36.444935,0x433af380,18.027807,32.457752,1001.98883,165.31465,195,,0.13277127,6.75,-34,,3,3
2026-01-24 16:38:39.898504,0x433aad0c,18.028805,35.752342,1002.00305,2116.9038,90,,,5.75,-71,,3,3
2026-01-24 16:39:08.796453,0x433ad35c,19.473745,32.69298,1001.7587,743.17267,132,,,5.5,-59,,3,3
2026-01-24 16:39:12.117188,0x433b0b38,17.682402,36.892746,1001.5456,463.03412,102,,,5.5,-78,,5,5
2026-01-24 16:39:37.016636,0x433af380,17.506338,34.105473,1001.97186,166.95631,190,,0.265569,7.25,-34,,3,3
2026-01-24 16:40:11.472531,0x433b0b38,17.445982,37.72863,1001.55426,451.3996,104,,,5.5,-78,,5,5
2026-01-24 16:40:37.005144,0x433af380,16.913649,35.239483,1001.9917,176.23164,180,,0.5476542,6.0,-34,,3,3
2026-01-24 16:41:11.488360,0x433b0b38,17.38681,38.094143,1001.583,443.77032,105,,,5.5,-78,,5,5
2026-01-24 16:41:37.783794,0x433af380,16.476128,36.598797,1002.0251,170.51218,183,,0.48117608,7.0,-34,,3,3
2026-01-24 16:41:46.166704,0x433aad0c,17.553713,36.74901,1002.03156,1823.1294,98,,,5.75,-77,,3,2
2026-01-24 16:42:08.797609,0x433ad35c,19.05527,34.53917,1001.81573,626.7053,144,,,5.75,-58,,3,3
2026-01-24 16:42:11.734568,0x433b0b38,17.306921,38.684895,1001.5982,436.11584,107,,,5.5,-78,,5,5
2026-01-24 16:42:37.653909,0x433af380,16.369482,37.147884,1002.05115,160.73135,189,,0.016592277,6.25,-34,,3,3
2026-01-24 16:43:11.525560,0x433b0b38,17.19909,39.010345,1001.61914,414.91086,110,,,5.25,-78,,5,5
2026-01-24 16:43:37.614387,0x433af380,16.344046,37.536335,1002.09344,162.59673,187,,,6.0,-34,,3,3
2026-01-24 16:44:11.545493,0x433b0b38,17.106495,39.28343,1001.62195,416.17557,112,,,5.5,-78,,5,5
2026-01-24 16:44:37.896952,0x433af380,16.15581,38.39942,1002.08417,165.15227,182,,,5.25,-34,,3,3
2026-01-24 16:44:41.495214,0x433aad0c,17.409578,37.532063,1002.0723,1628.1893,105,,,5.75,-70,,3,3
2026-01-24 16:45:08.299708,0x433ad35c,18.416283,36.07204,1001.8787,552.49023,153,,,5.75,-59,,3,3
2026-01-24 16:45:11.859762,0x433b0b38,17.106533,39.208797,1001.6235,406.02698,115,,,5.0,-77,,5,5
2026-01-24 16:45:41.086730,0x433af380,16.0593,38.940952,1002.1147,160.42462,186,,,6.0,-35,,3,3
2026-01-24 16:46:11.575003,0x433b0b38,17.116817,39.282497,1001.6496,392.93936,118,,,6.0,-77,,5,5
2026-01-24 16:46:38.834127,0x433af380,15.837847,39.49103,1002.0888,168.96985,178,,,6.0,-34,,3,3
2026-01-24 16:47:11.609629,0x433b0b38,16.808258,40.032803,1001.6179,388.24643,120,,,5.75,-77,,5,5
2026-01-24 16:47:38.804304,0x433af380,15.481544,40.366467,1002.1044,163.22815,179,,,6.0,-34,,3,3
2026-01-24 16:47:43.813960,0x433aad0c,17.06315,38.297565,1002.0624,1466.0831,112,,,5.75,-70,,3,3
2026-01-24 16:48:08.867506,0x433ad35c,17.692104,38.56781,1001.8802,463.9697,166,,,6.0,-58,,3,3
2026-01-24 16:48:12.427638,0x433b0b38,16.767086,40.24746,1001.6446,379.61075,122,,,5.5,-77,,5,5
2026-01-24 16:48:38.926204,0x433af380,15.219543,41.87191,1002.0626,153.67915,189,,0.265569,6.25,-34,,3,3
2026-01-24 16:49:11.697870,0x433b0b38,16.546019,41.75058,1001.6505,353.95786,129,,,5.75,-78,,5,5
2026-01-24 16:49:39.487581,0x433af380,15.122884,43.3514,1002.0741,133.53853,205,,0.5807683,6.25,-35,,3,3
2026-01-24 16:50:11.661772,0x433b0b38,16.216972,42.243286,1001.67194,343.2786,132,,,5.75,-77,,5,5
2026-01-24 16:50:39.862846,0x433af380,15.285678,43.819782,1002.0955,129.42648,203,,0.4149722,5.75,-34,,3,3
2026-01-24 16:50:43.154621,0x433aad0c,16.840628,39.576836,1002.065,1274.9762,120,,,6.25,-71,,3,3
2026-01-24 16:51:08.362707,0x433ad35c,16.692259,42.505722,1001.93097,366.26608,184,,,5.75,-58,,3,3
2026-01-24 16:51:11.689666,0x433b0b38,15.988229,42.034237,1001.6871,344.6651,132,,,5.75,-77,,5,5
2026-01-24 16:51:40.026428,0x433af380,15.207013,44.57307,1002.09326,131.96625,198,,0.44814765,6.0,-34,,3,3
2026-01-24 16:52:11.767256,0x433b0b38,15.990686,42.29537,1001.70795,342.5895,133,,,5.5,-78,,5,5
2026-01-24 16:52:40.138060,0x433af380,15.034042,44.84034,1002.14374,140.57274,185,,0.34843203,5.5,-34,,3,3
2026-01-24 16:53:11.728094,0x433b0b38,15.854501,42.859756,1001.7076,333.22488,136,,,5.75,-77,,5,5
2026-01-24 16:53:40.391949,0x433aad0c,16.534698,40.19017,1002.121,1112.0332,128,,,5.5,-71,,3,3
2026-01-24 16:53:41.307563,0x433af380,14.9246645,44.875473,1002.1699,149.44446,176,,,5.75,-35,,3,3
2026-01-24 16:54:08.423377,0x433ad35c,16.356524,43.332367,1001.9873,311.9943,196,,,6.0,-58,,3,3
2026-01-24 16:54:12.017719,0x433b0b38,15.8213415,42.876144,1001.721,327.15656,138,,,6.25,-78,,5,5
2026-01-24 16:54:40.910859,0x433af380,14.932296,44.473286,1002.2097,144.18953,181,,,6.0,-34,,3,3
2026-01-24 16:55:11.752857,0x433b0b38,15.782477,42.81456,1001.7321,324.9762,139,,,5.75,-78,,5,5
2026-01-24 16:55:40.735084,0x433af380,14.922196,44.82522,1002.2066,147.60756,179,,,8.25,-34,,3,3
2026-01-24 16:56:11.790559,0x433b0b38,15.929022,42.39924,1001.7701,317.12604,141,,,5.75,-77,,5,5
2026-01-24 16:56:40.513234,0x433aad0c,16.46133,40.154232,1002.18414,1015.1515,134,,,5.75,-71,,3,3
2026-01-24 16:56:46.226054,0x433af380,14.454086,45.419212,1002.2256,164.18456,163,,,7.25,-34,,3,3
2026-01-24 16:57:08.423071,0x433ad35c,16.203672,43.2212,1002.02155,310.23743,197,,,6.25,-58,,3,3
2026-01-24 16:57:12.328814,0x433b0b38,15.853475,42.57551,1001.77014,318.01245,142,,,5.5,-76,,5,5
2026-01-24 16:57:41.235889,0x433af380,14.311642,46.26463,1002.26044,161.03928,167,,,6.25,-34,,3,3
2026-01-24 16:58:11.846810,0x433b0b38,15.779906,42.730614,1001.80505,314.4963,143,,,5.5,-78,,5,5
2026-01-24 16:58:41.499778,0x433af380,14.629412,44.824947,1002.2443,166.62538,162,,,6.0,-35,,3,3
2026-01-24 16:59:11.866141,0x433b0b38,15.515097,42.88364,1001.79895,313.91785,144,,,6.25,-77,,5,5
2026-01-24 16:59:40.759938,0x433aad0c,16.18318,40.121162,1002.2283,932.4982,140,,,5.75,-70,,3,3
2026-01-24 16:59:43.219974,0x433af380,14.840535,43.632828,1002.2871,173.32474,156,,,6.5,-34,,3,3
2026-01-24 17:00:08.945862,0x433ad35c,15.767672,43.003098,1002.04034,326.79898,195,,,5.75,-57,,3,3
2026-01-24 17:00:11.937541,0x433b0b38,15.497137,42.76155,1001.839,313.6294,144,,,5.75,-77,,5,5
2026-01-24 17:00:42.411381,0x433af380,15.257698,42.45008,1002.26483,171.03256,161,,,5.5,-33,,3,3
2026-01-24 17:01:11.962084,0x433b0b38,15.54591,42.4368,1001.821,315.07693,144,,,6.25,-78,,5,5
2026-01-24 17:01:42.296556,0x433af380,15.405232,41.82313,1002.27515,169.99495,161,,,5.25,-34,,3,3
2026-01-24 03:01:36.636637,0x433b0b38,11.892761,64.47102,1000.59784,239.98125,146,,,6.25,-77,,5,5
2026-01-24 03:02:00.351562,0x433af380,9.972268,75.324684,1001.21216,186.07611,92,,,5.75,-34,,3,3
2026-01-24 03:02:32.433748,0x433aad0c,12.612809,62.502163,1000.88055,254.2024,158,,,6.0,-71,,3,3
2026-01-24 03:02:36.636313,0x433b0b38,11.872081,64.176384,1000.58685,242.02316,146,,,6.0,-77,,5,5
2026-01-24 03:03:00.684422,0x433af380,10.241883,74.44214,1001.2154,182.1506,98,,,6.25,-34,,3,3
2026-01-24 03:03:04.085842,0x433ad35c,12.091819,65.41479,1000.7518,214.30327,134,,,6.25,-58,,3,3
2026-01-24 03:03:37.174889,0x433b0b38,11.869623,64.260445,1000.5939,242.53908,146,,,5.5,-76,,5,5
2026-01-24 03:04:00.868941,0x433af380,10.3232765,74.14385,1001.16925,183.34242,95,,,7.5,-33,,3,3
2026-01-24 03:04:36.729150,0x433b0b38,11.820664,64.93102,1000.5637,243.0572,144,,,5.75,-77,,5,5
2026-01-24 03:05:01.133877,0x433af380,10.183382,73.86837,1001.1926,186.6013,91,,,8.0,-34,,3,3
2026-01-24 03:05:32.498741,0x433aad0c,12.445926,62.77523,1000.8192,257.17993,155,,,6.0,-70,,3,3
2026-01-24 03:05:37.516859,0x433b0b38,11.735143,64.95804,1000.5483,243.0572,144,,,6.75,-77,,5,5
2026-01-24 03:06:01.389925,0x433af380,10.272407,72.8909,1001.15045,186.59822,93,,,6.0,-34,,3,3
2026-01-24 03:06:02.246688,0x433ad35c,11.670872,65.24906,1000.7337,212.649,140,,,5.25,-58,,3,3
2026-01-24 03:06:36.830016,0x433b0b38,11.681497,64.79565,1000.5648,243.23041,145,,,6.0,-77,,5,5
2026-01-24 03:07:01.653767,0x433af380,10.328364,72.43845,1001.1812,186.18091,92,,,5.75,-34,,3,3
2026-01-24 03:07:36.838619,0x433b0b38,11.630534,64.863716,1000.6021,241.33867,146,,,5.0,-77,,5,5
2026-01-24 03:08:02.623640,0x433af380,10.43265,71.99384,1001.1979,187.44777,88,,,8.0,-33,,3,3
2026-01-24 03:08:32.541928,0x433aad0c,11.71771,63.559185,1000.94934,259.40817,157,,,6.25,-70,,3,3
2026-01-24 03:08:36.826976,0x433b0b38,11.53734,64.87059,1000.6585,242.02316,147,,,6.0,-76,,5,5
2026-01-24 03:09:01.113456,0x433ad35c,11.337624,67.650185,1000.79565,214.30327,137,,,6.75,-59,,3,3
2026-01-24 03:09:03.600219,0x433af380,10.720071,71.72359,1001.24005,185.76242,93,,,8.0,-34,,3,3
2026-01-24 03:09:36.891834,0x433b0b38,11.42222,64.706436,1000.67163,242.02316,148,,,6.5,-77,,5,5
2026-01-24 03:10:02.342615,0x433af380,10.956622,71.19781,1001.25305,181.56047,95,,,6.0,-35,,3,3
2026-01-24 03:10:36.930981,0x433b0b38,11.368232,64.86894,1000.66003,240.99788,151,,,6.25,-78,,5,5
2026-01-24 03:11:02.673074,0x433af380,11.162651,70.57962,1001.2952,182.1506,98,,,6.0,-33,,3,3
2026-01-24 03:11:32.465163,0x433aad0c,12.018603,63.18532,1000.9524,258.59344,156,,,6.0,-71,,3,3
2026-01-24 03:11:37.012579,0x433b0b38,11.321503,64.678734,1000.65717,239.98125,152,,,6.5,-76,,5,5
2026-01-24 03:12:01.019102,0x433ad35c,11.192298,66.431595,1000.81085,208.09764,147,,,5.75,-58,,3,3
2026-01-24 03:12:08.460860,0x433af380,10.90575,71.177826,1001.2288,183.94421,92,,,7.25,-34,,3,3
2026-01-24 03:12:36.986047,0x433b0b38,11.321006,64.75851,1000.6424,239.81264,153,,,6.0,-77,,5,5
2026-01-24 03:13:03.073714,0x433af380,10.160303,72.50002,1001.21594,185.76242,94,,,5.75,-34,,3,3
2026-01-24 03:13:37.041930,0x433b0b38,11.188272,64.895004,1000.6276,237.4768,155,,,6.0,-77,,5,5
2026-01-24 03:14:03.742816,0x433af380,9.399787,73.50298,1001.1806,196.00575,81,,0.6306635,5.25,-34,,3,3
2026-01-24 03:14:33.341922,0x433aad0c,11.596341,63.95964,1000.8968,259.00015,158,,,5.75,-71,,3,3
2026-01-24 03:14:37.019786,0x433b0b38,10.934098,65.685295,1000.5906,237.3117,155,,,6.5,-77,,5,5
2026-01-24 03:15:01.004593,0x433ad35c,11.067018,66.45142,1000.73956,210.21492,151,,,6.25,-59,,3,3
2026-01-24 03:15:06.119061,0x433af380,8.870924,75.23764,1001.1611,201.37889,76,,1.1116089,6.25,-34,,3,3
2026-01-24 03:15:37.032713,0x433b0b38,10.797506,65.9085,1000.5727,237.14684,158,,,5.5,-77,,5,5
2026-01-24 03:16:04.053835,0x433af380,8.057007,77.92231,1001.18256,203.98846,73,,0.8462061,6.75,-34,,3,3
2026-01-24 03:16:37.578896,0x433b0b38,10.980036,65.565506,1000.58716,237.14684,158,,,6.25,-76,,5,5
2026-01-24 03:17:05.101755,0x433af380,7.764507,79.19623,1001.171,208.09764,69,,0.21578196,6.0,-34,,3,3
2026-01-24 03:17:32.484353,0x433aad0c,11.171552,64.34773,1000.90094,254.59541,162,,,6.5,-70,,3,3
2026-01-24 03:17:37.060939,0x433b0b38,10.802422,65.35265,1000.60126,236.9822,159,,,6.0,-76,,5,5
2026-01-24 03:18:01.025366,0x433ad35c,10.641026,67.45893,1000.7768,209.81468,155,,,5.75,-59,,3,3
2026-01-24 03:18:06.968687,0x433af380,7.844834,79.56718,1001.1918,201.99416,77,,0.14912513,5.75,-34,,3,3
2026-01-24 03:18:37.678383,0x433b0b38,10.38273,66.80482,1000.60614,235.18604,163,,,7.0,-76,,5,5
2026-01-24 03:19:05.235530,0x433af380,8.357138,78.504616,1001.2164,197.64641,81,,,5.5,-34,,3,3
2026-01-24 03:19:37.112431,0x433b0b38,10.185651,68.00094,1000.6285,235.51057,162,,,5.75,-76,,5,5
2026-01-24 03:20:05.164641,0x433af380,8.75138,77.268326,1001.215,200.15956,77,,,5.5,-33,,3,3
2026-01-24 03:20:32.647727,0x433aad0c,11.217065,65.75867,1000.9771,254.79237,163,,,5.5,-70,,3,3
2026-01-24 03:20:37.314682,0x433b0b38,10.216462,68.01483,1000.6263,236.16235,161,,,6.0,-76,,5,5
2026-01-24 03:21:01.076268,0x433ad35c,10.500787,70.998085,1000.79193,206.4085,153,,,6.0,-59,,3,3
2026-01-24 03:21:05.846723,0x433af380,8.398022,77.50275,1001.1953,207.18468,68,,,7.5,-34,,3,3
2026-01-24 03:21:37.131235,0x433b0b38,10.393887,67.46047,1000.6076,235.83601,160,,,6.0,-76,,5,5
2026-01-24 03:22:05.689761,0x433af380,7.9398184,79.33649,1001.1642,210.88547,65,,0.5145484,6.0,-34,,3,3
2026-01-24 03:22:37.169103,0x433b0b38,10.267917,68.26773,1000.5779,237.9735,159,,,6.25,-77,,5,5
2026-01-24 03:23:05.953129,0x433af380,7.5839205,81.55192,1001.1441,203.61153,74,,1.4938256,6.0,-34,,3,3
2026-01-24 03:23:32.794717,0x433aad0c,10.923909,66.96959,1000.853,259.00015,159,,,5.5,-70,,3,3
2026-01-24 03:23:37.581011,0x433b0b38,10.11525,68.3435,1000.5396,234.53963,161,,,6.25,-77,,5,5
2026-01-24 03:24:01.590941,0x433ad35c,10.5433445,70.44303,1000.6888,205.12767,152,,,5.75,-58,,3,3
2026-01-24 03:24:07.840024,0x433af380,7.496684,82.648125,1001.11163,203.86266,74,,1.5270977,5.5,-34,,3,3
2026-01-24 03:24:37.223280,0x433b0b38,9.945959,69.13079,1000.5452,235.99908,162,,,6.0,-77,,5,5
2026-01-24 03:25:11.507665,0x433af380,7.502529,82.87333,1001.12,203.98846,73,,1.1450381,7.5,-34,,3,3
2026-01-24 03:25:37.248724,0x433b0b38,9.941423,68.86178,1000.5006,233.4169,164,,,6.0,-77,,5,5
2026-01-24 03:26:06.740932,0x433af380,7.688203,82.323105,1001.14667,202.73743,73,,0.016586224,5.5,-34,,3,3
2026-01-24 03:26:32.554158,0x433aad0c,10.638039,67.034996,1000.8257,255.18723,161,,,6.5,-69,,3,3
2026-01-24 03:26:37.213826,0x433b0b38,10.079451,67.95255,1000.54443,233.09811,165,,,6.5,-77,,5,5
2026-01-24 03:27:01.060477,0x433ad35c,10.3003025,71.45325,1000.72327,206.66658,153,,,5.75,-59,,3,3
2026-01-24 03:27:08.171431,0x433af380,8.628839,80.56782,1001.1667,196.35503,80,,0.099556975,7.0,-34,,3,3
2026-01-24 03:27:37.232662,0x433b0b38,10.075143,68.24508,1000.5649,232.93903,164,,,5.5,-77,,5,5
2026-01-24 03:28:07.256503,0x433af380,9.150825,78.21956,1001.1909,187.2216,93,,0.23238057,8.0,-34,,3,3
2026-01-24 03:28:37.836714,0x433b0b38,10.05711,68.11254,1000.56964,235.0241,163,,,5.25,-76,,5,5
2026-01-24 03:29:08.043285,0x433af380,9.3972435,76.45683,1001.1898,192.91734,83,,0.23230731,5.75,-33,,3,3
2026-01-24 03:29:32.574807,0x433aad0c,10.592526,66.28054,1000.8545,255.18723,165,,,5.25,-70,,3,3
2026-01-24 03:29:37.275217,0x433b0b38,9.973969,68.15936,1000.5662,236.16235,163,,,5.75,-76,,5,5
2026-01-24 03:30:01.679635,0x433ad35c,10.175023,71.79085,1000.7069,210.48264,146,,,5.75,-58,,3,3
2026-01-24 03:30:07.908857,0x433af380,9.292921,76.49655,1001.1221,195.65773,82,,,5.75,-34,,3,3
2026-01-24 03:30:37.919905,0x433b0b38,10.015713,68.561646,1000.52155,236.16235,162,,,6.0,-77,,5,5
2026-01-24 03:31:08.081508,0x433af380,8.639465,77.17717,1001.0229,202.11766,73,,0.68032855,6.25,-34,,3,3
2026-01-24 03:31:37.325829,0x433b0b38,9.990306,68.528915,1000.48035,238.47227,160,,,6.5,-77,,5,5
2026-01-24 03:32:08.325851,0x433af380,8.488412,78.27259,1001.0183,196.23848,83,,0.38169205,5.5,-33,,3,3
2026-01-24 03:32:32.609577,0x433aad0c,10.354924,68.88466,1000.7156,262.09183,158,,,6.25,-70,,3,3
2026-01-24 03:32:37.329316,0x433b0b38,9.820822,69.16715,1000.43536,238.13953,160,,,5.25,-77,,5,5
2026-01-24 03:33:01.645108,0x433ad35c,10.252696,70.57951,1000.589,215.70163,141,,,7.25,-59,,3,3
2026-01-24 03:33:08.577009,0x433af380,8.545017,78.316635,1001.0121,197.29254,80,,0.28215298,6.0,-34,,3,3
2026-01-24 03:33:37.507838,0x433b0b38,9.882296,69.24582,1000.4325,239.30824,159,,,6.5,-77,,5,5
2026-01-24 03:34:08.825549,0x433af380,8.638517,77.875206,1001.01953,198.83524,78,,0.3983733,5.25,-34,,3,3
2026-01-24 03:34:37.385769,0x433b0b38,10.010836,69.03936,1000.4685,240.99788,156,,,6.75,-76,,5,5
2026-01-24 03:35:09.072727,0x433af380,8.730692,77.19337,1000.99585,203.236,73,,0.6971533,7.75,-34,,3,3
2026-01-24 03:35:32.607992,0x433aad0c,10.845375,66.88612,1000.7149,259.40817,157,,,5.75,-70,,3,3
2026-01-24 03:35:37.663804,0x433b0b38,10.028868,68.63534,1000.4001,239.98125,157,,,5.5,-78,,5,5
2026-01-24 03:36:01.121435,0x433ad35c,10.024763,72.17108,1000.5363,215.28018,140,,,6.25,-58,,3,3
2026-01-24 03:36:09.346065,0x433af380,9.002998,77.72737,1000.98114,185.77348,86,,0.43137062,6.0,-34,,3,3
2026-01-24 03:36:39.261889,0x433b0b38,9.964107,68.89432,1000.3756,239.1406,157,,,6.25,-58,,5,4
2026-01-24 03:37:09.622098,0x433af380,9.646848,74.811,1000.99316,191.02223,89,,,5.25,-35,,3,3
2026-01-24 03:37:37.436452,0x433b0b38,9.794888,68.55835,1000.35815,237.3117,160,,,6.0,-77,,5,5
2026-01-24 03:38:09.863256,0x433af380,9.798361,73.20185,1001.0099,200.15956,75,,0.61404675,6.0,-33,,3,3
2026-01-24 03:38:32.815468,0x433aad0c,10.600149,66.84753,1000.6912,262.71906,157,,,6.25,-70,,3,3
2026-01-24 03:38:37.965088,0x433b0b38,9.643436,69.38415,1000.3881,235.83601,163,,,5.0,-77,,5,5
2026-01-24 03:39:01.122808,0x433ad35c,9.824203,72.14785,1000.5666,213.74898,147,,,5.75,-58,,3,3
2026-01-24 03:39:10.136008,0x433af380,10.046031,73.57032,1001.00476,192.35608,84,,0.033189513,5.25,-34,,3,3
2026-01-24 03:39:38.000076,0x433b0b38,9.699768,68.58137,1000.3815,238.97316,163,,,5.5,-77,,5,5
2026-01-24 03:40:10.764988,0x433af380,9.8832445,72.906746,1001.0037,191.35396,87,,0.26546323,5.75,-34,,3,3
2026-01-24 03:40:37.549161,0x433b0b38,9.77175,68.201744,1000.40466,236.65358,164,,,5.5,-77,,5,5
2026-01-24 03:41:10.661569,0x433af380,9.501716,74.259186,1001.0059,192.69244,85,,0.8962358,5.5,-34,,3,3
2026-01-24 03:41:32.653663,0x433aad0c,10.493916,67.51859,1000.682,261.46762,159,,,5.5,-71,,3,3
2026-01-24 03:41:37.522876,0x433b0b38,9.720372,69.380104,1000.3958,239.64429,162,,,6.5,-77,,5,5
2026-01-24 03:42:01.664601,0x433ad35c,9.914442,72.316574,1000.5679,215.42049,141,,,5.75,-58,,3,3
2026-01-24 03:42:10.908800,0x433af380,8.913976,75.72484,1000.95325,199.19467,78,,1.2781144,5.75,-34,,3,3
2026-01-24 03:42:38.752134,0x433b0b38,9.748651,69.6285,1000.40717,239.30824,160,,,5.75,-76,,5,5
2026-01-24 03:43:11.150187,0x433af380,7.8889484,79.694626,1000.9979,199.67593,81,,1.4606293,5.5,-34,,3,3
2026-01-24 03:43:37.610912,0x433b0b38,9.712622,69.87186,1000.4184,238.97316,158,,,5.0,-77,,5,5
2026-01-24 03:44:11.424715,0x433af380,7.5633836,79.89082,1001.0095,208.4914,69,,0.962416,7.5,-34,,3,3
2026-01-24 03:44:32.809670,0x433aad0c,10.6936655,67.0432,1000.74475,262.30057,156,,,5.5,-70,,3,3
2026-01-24 03:44:37.846336,0x433b0b38,9.869516,69.19679,1000.4593,237.14684,160,,,5.25,-76,,5,5
2026-01-24 03:45:01.205927,0x433ad35c,9.92697,73.338066,1000.5928,214.5815,140,,,6.75,-60,,3,3
2026-01-24 03:45:11.682077,0x433af380,7.1431437,80.69214,1001.00586,202.36511,67,,0.9958672,7.25,-34,,3,3
2026-01-24 03:45:37.598266,0x433b0b38,9.782034,69.01274,1000.4372,239.30824,161,,,5.0,-76,,5,5
2026-01-24 03:46:11.934190,0x433af380,7.18714,81.797,1001.0484,209.68158,66,,0.92922926,5.5,-34,,3,3
2026-01-24 03:46:37.696031,0x433b0b38,9.560907,69.65265,1000.46625,237.3117,161,,,5.75,-77,,5,5
2026-01-24 03:47:12.200038,0x433af380,7.5552225,81.90457,1001.0509,207.4447,69,,0.8794637,7.5,-34,,3,3
2026-01-24 03:47:32.972431,0x433aad0c,10.403266,67.900406,1000.73456,263.98254,157,,,6.0,-70,,3,3
2026-01-24 03:47:37.640314,0x433b0b38,9.651671,69.08066,1000.4685,235.99908,163,,,5.5,-78,,5,5
2026-01-24 03:48:01.236474,0x433ad35c,9.856813,73.146,1000.6161,214.72087,138,,,6.25,-59,,3,3
2026-01-24 03:48:12.460992,0x433af380,7.8484793,81.51721,1001.0407,203.36102,73,144,1.7427096,5.75,-34,,3,3
2026-01-24 03:48:37.794366,0x433b0b38,9.751485,69.18901,1000.4557,238.97316,161,,,5.25,-78,,5,5
2026-01-24 03:49:12.719061,0x433af380,8.023941,80.619606,1001.0524,201.37889,75,153,1.526971,5.5,-35,,3,3
2026-01-24 03:49:37.667285,0x433b0b38,9.841199,69.040215,1000.4528,237.9735,160,,,5.5,-77,,5,5
2026-01-24 03:50:12.977500,0x433af380,7.965441,80.004135,1001.0777,205.38258,72,,0.23237285,5.75,-34,,3,3
2026-01-24 03:50:32.841180,0x433aad0c,10.632982,66.86787,1000.7916,265.9007,157,,,6.25,-70,,3,3
2026-01-24 03:50:37.675301,0x433b0b38,9.837946,68.96564,1000.4861,238.80597,159,,,5.75,-76,,5,5
2026-01-24 03:51:01.225932,0x433ad35c,9.63879,72.63797,1000.6108,213.06017,147,,,6.0,-58,,3,3
2026-01-24 03:51:13.224018,0x433af380,7.49471,80.85917,1001.06195,201.13385,71,,0.68037367,7.5,-34,,3,3
2026-01-24 03:51:37.759067,0x433b0b38,9.913145,68.57313,1000.4696,240.65805,159,,,5.25,-76,,5,5
2026-01-24 03:52:13.473200,0x433af380,7.9754267,80.615456,1001.02686,205.00047,71,,0.78001827,5.5,-34,,3,3
2026-01-24 03:52:37.735690,0x433b0b38,9.997943,68.28965,1000.4579,239.81264,159,,,5.75,-76,,5,5
2026-01-24 03:53:13.993293,0x433af380,7.9271,80.52888,1001.00995,205.25504,71,,1.5769205,7.5,-34,,3,3
2026-01-24 03:53:32.830606,0x433aad0c,10.53394,68.53029,1000.7387,271.60202,151,,,6.75,-70,,3,3
2026-01-24 03:53:37.757285,0x433b0b38,10.092837,68.01069,1000.42456,240.1501,157,,,6.0,-77,,5,5
2026-01-24 03:54:01.801000,0x433ad35c,9.861825,72.65271,1000.6046,213.8873,143,,,6.25,-58,,3,3
2026-01-24 03:54:13.974786,0x433af380,7.5557537,80.452324,1000.99866,211.69576,64,,1.3774791,5.5,-34,,3,3
2026-01-24 03:54:38.052347,0x433b0b38,9.88664,68.92053,1000.4545,243.92567,155,,,6.5,-77,,5,5
2026-01-24 03:55:14.241734,0x433af380,7.431312,80.50529,1001.04675,212.649,61,,0.13279772,5.5,-33,,3,3
2026-01-24 03:55:37.799982,0x433b0b38,9.851371,68.52692,1000.44763,242.88425,156,,,6.5,-77,,5,5
2026-01-24 03:56:14.616076,0x433af380,8.044289,79.25098,1001.074,207.18468,70,,0.04977931,5.75,-34,,3,3
2026-01-24 03:56:32.842960,0x433aad0c,10.433043,67.496,1000.74536,272.7266,151,,,6.0,-70,,3,3
2026-01-24 03:56:37.821622,0x433b0b38,9.801725,68.7052,1000.45966,244.80037,155,,,6.75,-76,,5,5
2026-01-24 03:57:01.808293,0x433ad35c,10.127417,71.40986,1000.6365,219.13329,135,,,5.25,-59,,3,3
2026-01-24 03:57:14.761030,0x433af380,8.140942,78.74248,1001.042,206.79587,71,,0.24890894,5.75,-35,,3,3
2026-01-24 03:57:37.830741,0x433b0b38,9.715117,69.31268,1000.46204,243.57755,155,,,6.25,-77,,5,5
2026-01-24 03:58:15.002764,0x433af380,8.357138,78.24301,1001.0324,204.24052,71,,,5.75,-34,,3,3
2026-01-24 03:58:37.911542,0x433b0b38,9.720335,68.8475,1000.42847,243.40384,155,,,6.0,-76,,5,5
2026-01-24 03:59:15.587086,0x433af380,8.57569,77.502975,1001.02655,201.2563,75,,0.016598888,6.25,-34,,3,3
2026-01-24 03:59:32.936771,0x433aad0c,10.1780815,67.69544,1000.74316,274.0884,153,,,5.75,-71,,3,3
2026-01-24 03:59:37.911274,0x433b0b38,9.84653,68.55265,1000.45685,244.27481,156,,,5.75,-77,,5,5
2026-01-24 04:00:01.299511,0x433ad35c,10.094844,71.18496,1000.5769,220.44849,134,,,7.0,-59,,3,3
2026-01-24 04:00:15.507629,0x433af380,8.278102,77.393135,1000.96875,212.649,63,,,5.5,-34,,3,3
2026-01-24 04:00:37.959198,0x433b0b38,9.881955,68.675735,1000.41284,244.10013,154,,,5.5,-76,,5,5
2026-01-24 04:01:15.765771,0x433af380,7.7643185,78.215294,1000.99225,218.55377,56,,,7.75,-34,,3,3
2026-01-24 20:02:19.605706,0x433b0b38,7.591735,63.09836,1004.17285,246.74698,183,,,5.5,-78,,5,5
2026-01-24 20:02:30.584023,0x433af380,5.963744,69.85266,1004.68256,208.35997,144,,,5.75,-34,,3,3
2026-01-24 20:02:41.675962,0x433aad0c,8.288953,61.392742,1004.5524,298.42752,199,,,5.5,-70,,3,3
2026-01-24 20:03:10.029674,0x433ad35c,7.1734147,66.86836,1004.40936,216.1247,191,,,6.0,-57,,3,3
2026-01-24 20:03:19.050858,0x433b0b38,7.614985,62.86316,1004.20325,248.18227,183,,,5.5,-78,,5,5
2026-01-24 20:03:30.806703,0x433af380,6.006794,70.25222,1004.7003,196.93993,148,,,6.0,-34,,3,3
2026-01-24 20:04:19.033375,0x433b0b38,7.5942683,62.765293,1004.23895,249.45189,182,,,5.5,-78,,5,5
2026-01-24 20:04:31.036731,0x433af380,6.398483,69.41939,1004.6974,201.62453,148,,,6.0,-33,,3,3
2026-01-24 20:05:19.087520,0x433b0b38,7.3500853,63.30253,1004.2181,246.92549,184,,,5.25,-78,,5,5
2026-01-24 20:05:31.306081,0x433af380,6.4139314,69.565,1004.71765,201.74757,147,,,6.25,-33,,3,3
2026-01-24 20:05:42.168577,0x433aad0c,8.056263,61.790287,1004.61035,294.68918,199,,,6.0,-69,,3,3
2026-01-24 20:06:10.195514,0x433ad35c,7.0355744,66.56166,1004.4108,216.54942,191,,,6.25,-56,,3,3
2026-01-24 20:06:19.176985,0x433b0b38,7.221549,63.94403,1004.227,247.28326,184,,,5.5,-78,,5,5
2026-01-24 20:06:31.597867,0x433af380,6.190109,69.517784,1004.71655,201.74757,147,,,6.75,-34,,3,3
2026-01-24 20:07:19.075980,0x433b0b38,7.2987084,63.82567,1004.30255,246.92549,184,,,5.75,-78,,5,5
2026-01-24 20:07:35.161846,0x433af380,6.4470334,69.02589,1004.7538,198.95491,150,,,6.75,-34,,3,3
2026-01-24 20:08:19.118582,0x433b0b38,7.3989296,63.37259,1004.31903,247.28326,184,,,5.5,-77,,5,5
2026-01-24 20:08:32.281049,0x433af380,6.7522087,67.96664,1004.7961,203.98846,144,,,5.5,-33,,3,3
2026-01-24 20:08:42.282197,0x433aad0c,8.008223,61.903847,1004.69366,293.11554,199,,,5.25,-70,,3,3
2026-01-24 20:09:10.069334,0x433ad35c,7.2209816,66.53295,1004.5188,217.11835,190,,,6.25,-56,,3,3
2026-01-24 20:09:19.077051,0x433b0b38,7.481231,63.22391,1004.31085,248.36284,183,,,5.75,-78,,5,5
2026-01-24 20:09:32.523959,0x433af380,6.640298,67.928696,1004.7732,207.70538,141,,,5.75,-33,,3,3
2026-01-24 20:10:19.628052,0x433b0b38,7.427208,63.17269,1004.3422,247.46254,184,,,5.5,-78,,5,5
2026-01-24 20:10:32.781583,0x433af380,6.024786,69.53867,1004.792,213.61089,139,,,5.75,-33,,3,3
2026-01-24 20:11:19.147852,0x433b0b38,7.3783636,63.2123,1004.3224,248.36284,184,,,5.25,-78,,5,5
2026-01-24 20:11:33.048722,0x433af380,5.515914,71.37055,1004.79553,217.26102,139,,,5.0,-33,,3,3
2026-01-24 20:11:41.897296,0x433aad0c,8.16219,60.888554,1004.6563,293.11554,199,,,5.5,-70,,3,3
2026-01-24 20:12:10.567654,0x433ad35c,6.9855022,66.33956,1004.48926,221.03807,190,,,6.0,-56,,3,3
2026-01-24 20:12:19.154915,0x433b0b38,7.3655105,63.341225,1004.3114,247.46254,184,,,6.5,-79,,5,5
2026-01-24 20:12:33.734864,0x433af380,5.210705,72.39286,1004.7818,220.15485,137,,,6.75,-34,,3,3
2026-01-24 20:13:19.658189,0x433b0b38,7.3552275,63.138725,1004.32104,248.36284,184,,,5.5,-78,,5,5
2026-01-24 20:13:33.583816,0x433af380,5.057455,72.67174,1004.8167,213.19757,143,,,5.75,-33,,3,3
2026-01-24 20:14:19.189198,0x433b0b38,7.1212907,63.887287,1004.3226,249.63432,184,,,5.5,-79,,5,5
2026-01-24 20:14:33.881870,0x433af380,5.722119,71.105385,1004.8453,212.5123,143,,,5.75,-33,,3,3
2026-01-24 20:14:43.564420,0x433aad0c,7.7862883,62.387623,1004.71277,294.42572,199,,,6.0,-69,,3,3
2026-01-24 20:15:10.086729,0x433ad35c,6.895229,67.030945,1004.5784,225.56277,188,,,6.0,-56,,3,3
2026-01-24 20:15:19.193659,0x433b0b38,7.203817,63.61935,1004.36145,249.08781,184,,,5.25,-78,,5,5
2026-01-24 20:15:34.304605,0x433af380,6.141784,70.108955,1004.8673,208.09764,143,,,5.5,-34,,3,3
2026-01-24 20:16:19.219873,0x433b0b38,7.216408,63.6848,1004.361,248.54369,184,,,5.5,-78,,5,5
2026-01-24 20:16:34.359935,0x433af380,6.5080385,68.439804,1004.8613,213.61089,137,,,5.5,-33,,3,3
2026-01-24 20:17:19.225866,0x433b0b38,7.239544,63.685043,1004.37683,250.0,184,,,5.25,-77,,5,5
2026-01-24 20:17:34.639062,0x433af380,6.8030777,66.8496,1004.855,207.31462,140,,,6.0,-33,,3,3
2026-01-24 20:17:43.232821,0x433aad0c,7.831913,62.132107,1004.72833,293.6382,199,,,6.0,-70,,3,3
2026-01-24 20:18:10.321388,0x433ad35c,6.830086,67.65622,1004.5637,231.08142,187,,,6.25,-56,,3,3
2026-01-24 20:18:19.286368,0x433b0b38,7.1699457,63.529182,1004.357,234.37857,190,,,5.5,-78,,5,5
2026-01-24 20:18:34.894069,0x433af380,6.6476636,66.10191,1004.8177,218.12114,135,,0.19908091,6.5,-34,,3,3
2026-01-24 20:19:19.254928,0x433b0b38,7.1444273,63.63556,1004.3481,207.58159,207,,,5.5,-78,,5,5
2026-01-24 20:19:35.798364,0x433af380,6.8515916,66.35954,1004.82855,212.10326,141,,,6.25,-33,,3,3
2026-01-24 20:20:19.411714,0x433b0b38,7.123823,64.244415,1004.33185,218.19731,199,,,5.25,-78,,5,5
2026-01-24 20:20:35.454731,0x433af380,6.401026,67.79916,1004.7624,205.12767,147,,,6.75,-34,,3,3
2026-01-24 20:20:44.328865,0x433aad0c,7.849386,62.24534,1004.6934,279.20026,200,,,5.75,-69,,3,3
2026-01-24 20:21:10.819005,0x433ad35c,6.699838,68.07414,1004.5512,174.22281,205,,,6.0,-56,,3,3
2026-01-24 20:21:19.282342,0x433b0b38,6.900171,64.90633,1004.3458,224.3646,195,,,5.25,-78,,5,5
2026-01-24 20:21:35.694294,0x433af380,6.327266,68.04257,1004.81555,198.00156,154,,0.33196673,5.5,-34,,3,3
2026-01-24 20:22:19.301482,0x433b0b38,6.8513265,64.965965,1004.365,229.95732,192,,,5.75,-77,,5,5
2026-01-24 20:22:35.973267,0x433af380,6.019699,68.76055,1004.8761,179.04686,171,,0.696841,5.5,-34,,3,3
2026-01-24 20:23:19.316405,0x433b0b38,6.8128037,65.05197,1004.3985,235.3482,189,,,5.25,-78,,5,5
2026-01-24 20:23:36.235221,0x433af380,5.4677773,69.81589,1004.86694,209.41592,152,,0.54757243,6.0,-33,,3,3
2026-01-24 20:23:41.945830,0x433aad0c,7.800589,62.586082,1004.72675,285.24567,198,,,5.0,-70,,3,3
2026-01-24 20:24:10.668310,0x433ad35c,6.777471,67.53996,1004.55914,183.54257,201,,,5.75,-56,,3,3
2026-01-24 20:24:19.371055,0x433b0b38,6.8994493,64.965416,1004.3718,238.80597,188,,,5.25,-78,,5,5
2026-01-24 20:24:36.500212,0x433af380,4.9896173,71.471725,1004.8508,219.56992,144,,0.53101456,5.5,-33,,3,3
2026-01-24 20:25:19.949309,0x433b0b38,7.0133576,64.366,1004.34436,242.02316,186,,,5.75,-78,,5,5
2026-01-24 20:25:36.750740,0x433af380,4.9172993,71.90866,1004.8406,221.77956,143,,,7.0,-34,,3,3
2026-01-24 20:26:19.376170,0x433b0b38,7.064772,63.997753,1004.34436,242.36685,185,,,5.25,-78,,5,5
2026-01-24 20:26:37.069452,0x433af380,5.022493,71.850845,1004.8503,218.55377,145,,,5.5,-34,,3,3
2026-01-24 20:26:42.783678,0x433aad0c,7.7303247,62.29344,1004.6878,291.81693,197,,,5.25,-69,,3,3
2026-01-24 20:27:10.214313,0x433ad35c,6.734953,66.93492,1004.55536,209.54868,191,,,5.75,-56,,3,3
2026-01-24 20:27:19.389906,0x433b0b38,6.982509,63.99653,1004.3606,244.10013,185,,,6.25,-78,,5,5
2026-01-24 20:27:37.274369,0x433af380,5.378908,71.170685,1004.8089,215.14009,145,,,5.5,-34,,3,3
2026-01-24 20:28:19.411222,0x433b0b38,7.0261736,63.852417,1004.3715,243.92567,185,,,6.5,-78,,5,5
2026-01-24 20:28:37.903901,0x433af380,5.452328,70.77841,1004.89215,226.1801,135,,0.03319337,5.5,-33,,3,3
2026-01-24 20:29:19.438833,0x433b0b38,7.1418185,63.368893,1004.35333,245.32822,185,,,5.5,-78,,5,5
2026-01-24 20:29:38.115397,0x433af380,5.4014606,70.555916,1004.8701,229.63672,133,,,5.75,-34,,3,3
2026-01-24 20:29:45.030830,0x433aad0c,7.6486936,62.887074,1004.75183,288.74683,198,,,5.75,-69,,3,3
2026-01-24 20:30:10.783787,0x433ad35c,6.8727174,66.71325,1004.55084,222.9763,187,,,5.5,-56,,3,3
2026-01-24 20:30:19.461755,0x433b0b38,7.177884,63.074184,1004.3591,244.62494,184,,,5.75,-78,,5,5
2026-01-24 20:30:38.488335,0x433af380,5.1982136,71.20371,1004.85474,231.72934,132,,,6.0,-34,,3,3
2026-01-24 20:31:19.524664,0x433b0b38,7.170097,63.077538,1004.35535,247.10425,184,,,5.5,-78,,5,5
2026-01-24 20:31:38.265250,0x433af380,5.3599668,71.1663,1004.86694,216.69138,143,,,6.0,-34,,3,3
2026-01-24 20:32:19.551291,0x433b0b38,7.059593,63.207756,1004.3599,246.92549,184,,,5.25,-78,,5,5
2026-01-24 20:32:38.564541,0x433af380,5.498298,71.01504,1004.9006,218.12114,141,,,5.5,-33,,3,3
2026-01-24 20:32:43.677633,0x433aad0c,7.616546,62.365585,1004.7459,281.10672,199,,,5.5,-69,,3,3
2026-01-24 20:33:10.715849,0x433ad35c,6.732372,66.38735,1004.5861,225.25536,186,,,5.75,-56,,3,3
2026-01-24 20:33:19.570847,0x433b0b38,6.9694285,63.970417,1004.3724,243.75148,185,,,5.5,-78,,5,5
2026-01-24 20:33:39.017945,0x433af380,5.6356425,70.80987,1004.8956,207.70538,148,,,5.5,-33,,3,3
2026-01-24 20:34:20.071072,0x433b0b38,6.928486,63.878544,1004.38214,245.15201,184,,,5.5,-78,,5,5
2026-01-24 20:34:39.057069,0x433af380,5.8109503,70.243546,1004.88794,199.67593,152,,,5.75,-34,,3,3
2026-01-24 20:35:19.563304,0x433b0b38,6.9233446,63.939415,1004.40076,246.74698,184,,,5.25,-78,,5,5
2026-01-24 20:35:39.335741,0x433af380,5.922861,70.02598,1004.91644,190.03392,164,,,7.0,-33,,3,3
2026-01-24 20:35:46.655855,0x433aad0c,7.6452203,62.12688,1004.776,280.62766,200,,,5.5,-70,,3,3
2026-01-24 20:36:10.932451,0x433ad35c,6.775003,66.50371,1004.6301,215.42049,189,,,7.0,-56,,3,3
2026-01-24 20:36:19.991593,0x433b0b38,6.977368,63.842308,1004.4345,245.15201,185,,,5.5,-78,,5,5
2026-01-24 20:36:39.583498,0x433af380,6.113618,69.52737,1004.9574,199.79663,155,,,5.75,-34,,3,3
2026-01-24 20:37:19.596915,0x433b0b38,6.987688,63.529354,1004.43945,246.03557,184,,,5.5,-78,,5,5
2026-01-24 20:37:39.954683,0x433af380,6.197513,69.222755,1004.9446,201.2563,150,,,5.5,-33,,3,3
2026-01-24 20:38:19.583967,0x433b0b38,7.0158906,63.32832,1004.4675,246.21303,185,,,6.0,-78,,5,5
2026-01-24 20:38:40.120430,0x433af380,6.1392403,69.07419,1004.9675,203.61153,148,,,5.75,-33,,3,3
2026-01-24 20:38:43.609573,0x433aad0c,7.630803,61.945152,1004.81964,281.10672,200,,,5.75,-70,,3,3
2026-01-24 20:39:10.799374,0x433ad35c,6.6873107,66.63672,1004.6631,221.92844,188,,,5.75,-55,,3,3
2026-01-24 20:39:19.610622,0x433b0b38,7.0545273,63.080193,1004.4581,247.46254,184,,,5.75,-78,,5,5
2026-01-24 20:39:40.347277,0x433af380,6.1570444,69.09521,1004.98,209.0187,145,,,5.5,-34,,3,3
2026-01-24 20:40:19.697525,0x433b0b38,7.0184617,63.111504,1004.46545,248.7248,184,,,5.25,-78,,5,5
2026-01-24 20:40:45.814069,0x433af380,6.459713,68.55876,1004.99365,208.75471,142,,,5.5,-33,,3,3
2026-01-24 20:41:19.878208,0x433b0b38,6.967047,63.495617,1004.48816,249.08781,183,,,5.25,-78,,5,5
2026-01-24 20:41:40.884116,0x433af380,6.7979913,67.47857,1005.0064,208.22871,141,,,5.75,-33,,3,3
2026-01-24 20:41:45.999845,0x433aad0c,7.442087,62.511307,1004.8379,280.62766,199,,,5.75,-69,,3,3
2026-01-24 20:42:10.876219,0x433ad35c,6.5194426,67.79787,1004.7355,222.9763,187,,,5.75,-56,,3,3
2026-01-24 20:42:19.706362,0x433b0b38,6.928561,63.81293,1004.4959,249.81703,182,,,5.25,-78,,5,5
2026-01-24 20:42:41.567695,0x433af380,7.110836,66.263565,1005.01404,214.16444,135,,,5.75,-33,,3,3
2026-01-24 20:43:19.662034,0x433b0b38,6.8283033,63.622086,1004.5294,240.99788,187,,,5.25,-78,,5,5
2026-01-24 20:43:41.402800,0x433af380,7.103017,65.74232,1005.0336,215.56097,135,,,5.75,-33,,3,3
2026-01-24 20:44:19.679853,0x433b0b38,6.8205533,63.64318,1004.5062,238.47227,189,,,5.5,-78,,5,5
2026-01-24 20:44:41.673728,0x433af380,7.008909,66.02455,1005.0601,214.30327,137,,,6.75,-34,,3,3
2026-01-24 20:44:51.212937,0x433aad0c,7.495183,62.489624,1004.8799,277.31946,199,,,1.25,-76,,3,2
2026-01-24 20:45:10.896171,0x433ad35c,6.647223,67.58212,1004.7321,204.6198,192,,,5.75,-56,,3,3
2026-01-24 20:45:19.830795,0x433b0b38,6.820478,63.699142,1004.5322,234.53963,192,,,5.5,-78,,5,5
2026-01-24 20:45:41.946600,0x433af380,6.963127,66.26204,1005.0486,212.10326,139,,,7.0,-33,,3,3
2026-01-24 20:46:19.719548,0x433b0b38,6.7922378,63.769775,1004.54956,235.18604,191,,,5.75,-78,,5,5
2026-01-24 20:46:44.726289,0x433af380,6.718956,66.5468,1005.0026,199.07472,150,,,6.75,-34,,3,3
2026-01-24 20:47:19.711298,0x433b0b38,6.745965,63.96014,1004.5342,238.3058,189,,,5.25,-78,,5,5
2026-01-24 20:47:42.344453,0x433aad0c,7.477484,62.736702,1004.8963,284.5064,198,,,5.25,-69,,3,3
2026-01-24 20:47:44.541163,0x433af380,6.58161,67.00316,1005.0218,185.1382,165,,,7.25,-33,,3,3
2026-01-24 20:48:10.846849,0x433ad35c,6.444278,67.38013,1004.78534,204.6198,193,,,5.75,-56,,3,3
2026-01-24 20:48:19.742673,0x433b0b38,6.6920176,64.18383,1004.53613,238.63902,189,,,5.5,-78,,5,5
2026-01-24 20:48:43.140252,0x433af380,6.413743,67.42493,1005.02405,199.67593,154,,,5.75,-34,,3,3
2026-01-24 20:49:19.770005,0x433b0b38,6.625179,64.19845,1004.5805,243.40384,188,,,5.25,-78,,5,5
2026-01-24 20:49:43.422702,0x433af380,6.2384343,67.711685,1005.0675,202.73743,150,,,5.75,-34,,3,3
2026-01-24 20:50:19.801123,0x433b0b38,6.509459,64.77995,1004.571,245.85834,186,,,5.25,-78,,5,5
2026-01-24 20:50:42.353571,0x433aad0c,7.260042,63.49063,1004.901,293.6382,196,,,5.5,-70,,3,3
2026-01-24 20:50:48.044845,0x433af380,6.03496,68.13348,1005.03076,198.12024,158,,,5.75,-34,,3,3
2026-01-24 20:51:10.346988,0x433ad35c,6.499361,66.82781,1004.796,186.80556,200,,,6.0,-56,,3,3
2026-01-24 20:51:19.826722,0x433b0b38,6.4888554,65.15465,1004.56433,250.18323,183,,,5.5,-77,,5,5
2026-01-24 20:51:44.377190,0x433af380,5.961012,68.504715,1005.067,197.05733,162,,,5.75,-34,,3,3
2026-01-24 20:52:19.830104,0x433b0b38,6.602004,64.88748,1004.5826,250.91888,182,,,5.25,-78,,5,5
2026-01-24 20:52:45.002656,0x433af380,6.0241804,68.56388,1005.0712,203.36102,154,,,7.0,-34,,3,3
2026-01-24 20:53:19.854480,0x433b0b38,6.663739,64.473045,1004.56335,252.03052,182,,,5.5,-78,,5,5
2026-01-24 20:53:42.401154,0x433aad0c,7.37382,63.12263,1004.92596,295.21747,195,,,5.75,-69,,3,3
2026-01-24 20:53:49.302413,0x433af380,6.253695,68.220375,1005.0843,215.00017,142,,,6.5,-34,,3,3
2026-01-24 20:54:10.859700,0x433ad35c,6.4968557,66.564026,1004.7866,204.11443,194,,,5.75,-56,,3,3
2026-01-24 20:54:19.857669,0x433b0b38,6.753714,64.25498,1004.5961,253.71655,181,,,5.25,-78,,5,5
2026-01-24 20:54:45.535268,0x433af380,6.4188294,67.480705,1005.0829,215.00017,141,,,5.5,-34,,3,3
2026-01-24 20:55:19.882997,0x433b0b38,6.745965,64.070045,1004.6122,253.15205,181,,,5.25,-78,,5,5
2026-01-24 20:55:47.239534,0x433af380,6.535067,67.331924,1005.0925,208.09764,143,,,5.5,-34,,3,3
2026-01-24 20:56:20.403472,0x433b0b38,6.727969,64.117805,1004.615,254.0943,181,,,5.0,-77,,5,5
2026-01-24 20:56:42.365642,0x433aad0c,7.4446154,62.568058,1004.98,298.15738,195,,,5.75,-71,,3,3
2026-01-24 20:56:47.274961,0x433af380,6.6962533,66.68483,1005.11816,214.72087,139,,,7.25,-34,,3,3
2026-01-24 20:57:10.919748,0x433ad35c,6.080946,68.43412,1004.86835,203.73701,194,,,5.75,-56,,3,3
2026-01-24 20:57:19.949665,0x433b0b38,6.725399,63.91639,1004.6201,256.77032,180,,,5.75,-78,,5,5
2026-01-24 20:57:46.053178,0x433af380,6.7952595,66.368225,1005.1151,190.36221,158,,,6.75,-33,,3,3
2026-01-24 20:58:20.443838,0x433b0b38,6.6534185,64.03967,1004.6492,257.73975,179,,,5.25,-78,,5,5
2026-01-24 20:58:49.001997,0x433af380,6.8966565,65.75558,1005.16187,196.58858,156,,,3.75,-70,,3,2
2026-01-24 20:59:19.981884,0x433b0b38,6.666235,64.08248,1004.67163,258.32492,179,,,5.5,-77,,5,5
2026-01-24 20:59:42.381331,0x433aad0c,7.0021462,63.455128,1004.99835,283.28284,199,,,5.75,-70,,3,3
2026-01-24 20:59:46.552127,0x433af380,6.9174204,65.81329,1005.155,198.59631,151,,,5.75,-34,,3,3
2026-01-24 21:00:10.967633,0x433ad35c,6.409239,68.11648,1004.85126,206.9253,192,,,5.5,-56,,3,3
2026-01-24 21:00:19.965785,0x433b0b38,6.6739845,63.94134,1004.67194,259.70074,179,,,6.5,-78,,5,5
2026-01-24 21:00:46.798477,0x433af380,6.490046,66.292,1005.1147,186.59822,166,,,5.5,-34,,3,3
2026-01-24 21:01:19.978563,0x433b0b38,6.617429,63.99069,1004.68085,256.96362,180,,,5.25,-78,,5,5
2026-01-24 21:01:47.051264,0x433af380,6.2865715,67.15039,1005.13727,186.59822,174,,,7.25,-34,,3,3
