datetime,fromNode,batteryLevel,voltage,channelUtilization,airUtilTx,rxSnr,rxRssi,rxTime,hopStart,hopLimit
2026-01-24 22:02:26.682954,0x433e9c88,101,4.205,13.686667,0.94625,,,,,3
2026-01-24 22:03:26.710258,0x433e9c88,97,4.149,15.436667,0.94625,,,,,3
2026-01-24 22:04:26.757786,0x433e9c88,100,4.195,10.0199995,0.94625,,,,,3
2026-01-24 22:04:43.609080,0x433aad0c,99,4.184,11.155001,3.3774166,5.5,-70,,3,3
2026-01-24 22:05:11.287619,0x433ad35c,99,4.185,12.248334,3.1024444,5.75,-56,,3,3
2026-01-24 22:05:26.727854,0x433e9c88,97,4.15,13.959999,0.9651666,,,,,3
2026-01-24 22:06:26.487766,0xbd50376c,99,4.185,19.706667,1.1574445,5.25,-75,,3,3
2026-01-24 22:06:26.771214,0x433e9c88,99,4.179,20.720001,0.94188887,,,,,3
2026-01-24 22:07:26.989571,0x433e9c88,97,4.148,12.701666,0.92727774,,,,,3
2026-01-24 22:07:34.363336,0x433b0b38,100,4.193,11.716667,3.9261389,5.5,-78,,5,5
2026-01-24 22:07:40.198162,0x433af380,101,4.233,13.13,2.8526669,5.75,-33,,3,3
2026-01-24 22:08:27.004199,0x433e9c88,101,4.205,16.11,0.9297778,,,,,3
2026-01-24 22:09:27.029179,0x433e9c88,101,4.216,14.56,0.9297778,,,,,3
2026-01-24 22:10:26.956879,0x433e9c88,99,4.178,11.8,0.94869447,,,,,3
2026-01-24 22:10:44.338292,0x433aad0c,100,4.192,11.8,3.373111,5.75,-69,,3,3
2026-01-24 22:11:11.381613,0x433ad35c,100,4.192,14.6466675,3.0940554,6.0,-57,,3,3
2026-01-24 22:11:27.130552,0x433e9c88,101,4.202,13.959999,0.93227774,,,,,3
2026-01-24 22:12:27.126593,0x433e9c88,97,4.16,18.295,0.8803056,,,,,3
2026-01-24 22:13:27.138575,0x433e9c88,98,4.17,10.923333,0.9010555,,,,,3
2026-01-24 22:13:34.627870,0x433b0b38,99,4.186,11.265,3.9026113,5.5,-78,,5,5
2026-01-24 22:14:27.174196,0x433e9c88,98,4.171,11.961666,0.89925,,,,,3
2026-01-24 22:15:27.201260,0x433e9c88,101,4.201,19.776667,0.8591389,,,,,3
2026-01-24 22:16:27.231761,0x433e9c88,100,4.191,15.986666,0.8596111,,,,,3
2026-01-24 22:16:44.593775,0x433aad0c,101,4.258,14.290001,3.4689167,5.75,-70,,3,3
2026-01-24 22:17:12.220622,0x433ad35c,100,4.195,12.07,3.0964723,5.75,-56,,3,3
2026-01-24 22:17:27.389441,0x433e9c88,101,4.222,18.653334,0.8388889,,,,,3
2026-01-24 22:17:35.920329,0x433af380,97,4.158,19.196667,2.7814999,5.5,-33,,3,3
2026-01-24 22:18:27.353200,0x433e9c88,99,4.186,18.735,0.85349995,,,,,3
2026-01-24 22:19:27.540057,0x433e9c88,97,4.157,10.896667,0.8366111,,,,,3
2026-01-24 22:19:34.908306,0x433b0b38,99,4.177,10.896667,3.8426387,5.75,-78,,5,5
2026-01-24 22:20:27.538481,0x433e9c88,97,4.153,11.990001,0.8158611,,,,,3
2026-01-24 22:21:27.596986,0x433e9c88,96,4.147,15.695,0.8158611,,,,,3
2026-01-24 22:22:27.616041,0x433e9c88,101,4.215,12.935,0.8347778,,,,,3
2026-01-24 22:22:45.050405,0x433aad0c,100,4.198,12.935,3.513639,5.75,-70,,3,3
2026-01-24 22:23:12.433834,0x433ad35c,98,4.166,9.36,3.096,5.75,-56,,3,3
2026-01-24 22:23:27.580809,0x433e9c88,98,4.168,14.836666,0.8347778,,,,,3
2026-01-24 22:24:27.625548,0x433e9c88,98,4.174,15.436667,0.81836116,,,,,3
2026-01-24 22:25:27.672972,0x433e9c88,98,4.168,10.896667,0.79944444,,,,,3
2026-01-24 22:25:35.138163,0x433b0b38,97,4.16,10.896667,3.7985556,6.0,-79,,5,5
2026-01-24 22:26:27.869016,0x433e9c88,101,4.215,16.26,0.7805278,,,,,3
2026-01-24 22:27:27.914619,0x433e9c88,101,4.206,17.831667,0.7616111,,,,3,3
2026-01-24 22:27:38.175026,0x433af380,98,4.168,22.941668,2.8215833,5.75,-33,,3,3
2026-01-24 22:28:27.943048,0x433e9c88,96,4.143,16.013332,0.79263884,,,,,3
2026-01-24 22:28:44.576057,0x433aad0c,101,4.202,12.031667,3.61125,5.75,-69,,3,3
2026-01-24 22:29:13.388586,0x433ad35c,98,4.165,12.015,3.1327221,6.0,-55,,3,3
2026-01-24 22:29:27.990518,0x433e9c88,97,4.154,15.93,0.8115555,,,,,3
2026-01-24 22:30:28.176831,0x433e9c88,97,4.156,14.56,0.81405556,,,,,3
2026-01-24 22:31:28.237552,0x433e9c88,99,4.18,10.896667,0.7908333,,,,,3
2026-01-24 22:31:35.386054,0x433b0b38,98,4.164,10.896667,3.7969444,6.5,-78,,5,5
2026-01-24 22:32:28.265393,0x433e9c88,98,4.174,13.686667,0.7719166,,,,,3
2026-01-24 22:33:28.226800,0x433e9c88,101,4.205,14.56,0.7719166,,,,,3
2026-01-24 22:34:28.254294,0x433e9c88,98,4.169,10.0199995,0.7865278,,,,,3
2026-01-24 22:34:44.809144,0x433aad0c,101,4.228,10.0199995,3.531528,5.75,-69,,3,3
2026-01-24 22:35:14.855441,0x433ad35c,98,4.168,8.25,3.0903056,5.5,-56,,3,3
2026-01-24 22:35:28.393876,0x433e9c88,100,4.193,14.945001,0.7865278,,,,,3
2026-01-24 22:36:28.496837,0x433e9c88,101,4.204,18.83,0.7865278,,,,,3
2026-01-24 22:37:28.385628,0x433e9c88,101,4.217,11.716667,0.7714722,,,,,3
2026-01-24 22:37:35.566454,0x433b0b38,98,4.162,11.716667,3.7467222,5.5,-78,,5,5
2026-01-24 22:37:42.256579,0x433af380,101,4.225,13.13,2.8582778,6.0,-34,,3,3
2026-01-24 22:38:28.610446,0x433e9c88,96,4.14,14.016667,0.78836113,,,,,3
2026-01-24 22:39:28.552616,0x433e9c88,97,4.158,15.436667,0.78836113,,,,,3
2026-01-24 22:40:28.633268,0x433e9c88,97,4.148,8.885,0.76944447,,,,,3
2026-01-24 22:40:45.048934,0x433aad0c,101,4.241,11.155001,3.54225,6.0,-69,,3,3
2026-01-24 22:41:17.345344,0x433ad35c,97,4.149,7.523333,3.0690835,6.5,-56,,3,3
2026-01-24 22:41:28.566741,0x433e9c88,99,4.184,14.836666,0.7901667,,,,,3
2026-01-24 22:42:28.612875,0x433e9c88,99,4.177,18.268333,0.7944723,,,,,3
2026-01-24 22:42:29.271067,0xbd50376c,101,4.236,16.256666,1.3600556,5.25,-75,,3,3
2026-01-24 22:43:28.675356,0x433e9c88,97,4.152,11.91,0.81136113,,,,,3
2026-01-24 22:43:35.820199,0x433b0b38,96,4.147,10.896667,3.8019445,5.75,-78,,5,5
2026-01-24 22:44:28.750715,0x433e9c88,98,4.165,12.866667,0.8423889,,,,,3
2026-01-24 22:45:29.054801,0x433e9c88,99,4.186,14.56,0.86130553,,,,,3
2026-01-24 22:46:28.905351,0x433e9c88,101,4.212,14.290001,0.8466944,,,,,3
2026-01-24 22:46:45.798818,0x433aad0c,101,4.221,12.565001,3.552972,6.0,-69,,3,3
2026-01-24 22:47:17.775942,0x433ad35c,97,4.148,4.2,3.197472,5.75,-56,,3,3
2026-01-24 22:47:28.999112,0x433e9c88,101,4.219,16.641666,0.8302778,,,,,3
2026-01-24 22:47:37.140790,0x433af380,101,4.208,17.13,2.8646944,5.75,-34,,3,3
2026-01-24 22:48:29.011297,0x433e9c88,99,4.179,17.805,0.82825005,,,,,3
2026-01-24 22:49:29.078045,0x433e9c88,99,4.182,10.868333,0.82825005,,,,,3
2026-01-24 22:49:36.065885,0x433b0b38,98,4.166,9.991667,3.8856666,5.5,-78,,5,5
2026-01-24 22:50:29.160090,0x433e9c88,100,4.195,11.990001,0.8118333,,,,,3
2026-01-24 22:51:29.169832,0x433e9c88,100,4.193,14.56,0.83075,,,,,3
2026-01-24 22:52:29.394800,0x433e9c88,96,4.142,12.058333,0.79925007,,,,,3
2026-01-24 22:52:45.544227,0x433aad0c,101,4.214,12.935,3.63325,5.5,-70,,3,3
2026-01-24 22:53:20.352429,0x433ad35c,97,4.159,14.33,3.229611,6.5,-55,,3,3
2026-01-24 22:53:29.279874,0x433e9c88,98,4.166,15.848332,0.7953889,,,,,3
2026-01-24 22:54:29.300407,0x433e9c88,100,4.192,14.56,0.7764722,,,,,3
2026-01-24 22:55:29.357581,0x433e9c88,100,4.197,8.885,0.76186115,,,,,3
2026-01-24 22:55:36.342916,0x433b0b38,99,4.181,11.155001,3.9114165,5.5,-78,,5,5
2026-01-24 22:56:29.394353,0x433e9c88,101,4.222,17.395,0.78077775,,,,,3
2026-01-24 22:57:29.438811,0x433e9c88,97,4.151,18.268333,0.78077775,,,,,3
2026-01-24 22:57:37.744505,0x433af380,98,4.168,16.466667,2.9025278,6.0,-33,,3,3
2026-01-24 22:58:29.618507,0x433e9c88,98,4.171,12.046666,0.77875,,,,,3
2026-01-24 22:58:46.360795,0x433aad0c,99,4.187,10.0199995,3.607861,5.75,-69,,3,3
2026-01-24 22:59:17.435640,0x433ad35c,98,4.174,6.87,3.2078054,6.25,-56,,3,3
2026-01-24 22:59:29.532589,0x433e9c88,97,4.149,11.661667,0.77875,,,,,3
2026-01-24 23:00:29.604204,0x433e9c88,97,4.15,15.666667,0.7976667,,,,,3
2026-01-24 23:01:29.658559,0x433e9c88,100,4.193,10.0199995,0.81227773,,,,,3
2026-01-24 23:01:36.586171,0x433b0b38,99,4.179,10.0199995,3.9018888,5.25,-78,,5,5
2026-01-24 06:02:29.864683,0x433e9c88,101,4.224,12.891666,1.0199167,,,,,3
2026-01-24 06:03:30.023508,0x433e9c88,101,4.209,17.431665,1.0030278,,,,,3
2026-01-24 06:03:54.480353,0x433aad0c,98,4.174,13.958333,3.2891388,5.5,-70,,3,3
2026-01-24 06:04:25.031957,0x433ad35c,98,4.17,11.961666,3.1506944,6.0,-58,,3,3
2026-01-24 06:04:30.071253,0x433e9c88,98,4.175,13.931666,1.0030278,,,,,3
2026-01-24 06:05:30.142108,0x433e9c88,96,4.143,13.441667,0.9866111,,,,,3
2026-01-24 06:06:30.261489,0x433e9c88,96,4.143,21.48,0.95786107,,,,,3
2026-01-24 06:06:44.261097,0x433b0b38,97,4.154,16.843334,3.7290833,5.0,-76,,5,5
2026-01-24 06:07:07.033521,0x433af380,98,4.169,15.698333,3.0956945,6.0,-34,,3,3
2026-01-24 06:07:30.119603,0x433e9c88,100,4.197,13.988334,0.95786107,,,,,3
2026-01-24 06:08:30.302023,0x433e9c88,99,4.179,11.688333,0.9243334,,,,,3
2026-01-24 06:09:30.341116,0x433e9c88,97,4.155,14.628333,0.94325,,,,,3
2026-01-24 06:09:55.108307,0x433aad0c,101,4.232,11.74,3.3600833,6.25,-70,,3,3
2026-01-24 06:10:25.248434,0x433ad35c,100,4.192,11.961666,3.128139,5.75,-58,,3,3
2026-01-24 06:10:30.277720,0x433e9c88,99,4.186,13.931666,0.9450556,,,,,3
2026-01-24 06:11:30.460330,0x433e9c88,98,4.167,9.991667,0.9742778,,,,,3
2026-01-24 06:12:30.502456,0x433e9c88,100,4.191,15.683333,0.9785834,,,,,3
2026-01-24 06:12:44.395361,0x433b0b38,98,4.165,13.316668,3.6168613,5.0,-76,,5,5
2026-01-24 06:13:30.573725,0x433e9c88,101,4.203,13.658333,0.99319446,,,,,3
2026-01-24 06:14:30.571179,0x433e9c88,98,4.167,10.018333,1.0271666,,,,3,3
2026-01-24 06:15:30.600260,0x433e9c88,98,4.168,13.958333,1.0105556,,,,,3
2026-01-24 06:15:54.711597,0x433aad0c,101,4.201,12.205,3.3535,6.0,-70,,3,3
2026-01-24 06:16:25.054919,0x433ad35c,101,4.207,11.961666,3.1680279,5.5,-58,,3,3
2026-01-24 06:16:30.835255,0x433e9c88,97,4.158,13.931666,1.0586945,,,,,3
2026-01-24 06:17:07.090571,0x433af380,95,4.12,13.266666,3.0423334,6.0,-34,,3,3
2026-01-24 06:17:30.878104,0x433e9c88,97,4.155,12.866667,1.0440832,,,,,3
2026-01-24 06:18:30.772393,0x433e9c88,99,4.189,16.228333,1.0440832,,,,,3
2026-01-24 06:18:44.634561,0x433b0b38,101,4.22,13.958333,3.6639724,5.25,-77,,5,5
2026-01-24 06:19:30.921556,0x433e9c88,99,4.179,11.961666,1.0586945,,,,,3
2026-01-24 06:20:31.038711,0x433e9c88,98,4.173,9.991667,1.0543889,,,,,3
2026-01-24 06:21:30.901857,0x433e9c88,98,4.171,13.396667,1.0165555,,,,,3
2026-01-24 06:21:57.045720,0x433aad0c,100,4.192,10.155,3.305361,6.0,-70,,3,3
2026-01-24 06:22:25.181709,0x433ad35c,99,4.18,15.491668,3.205722,5.75,-58,,3,3
2026-01-24 06:22:30.964451,0x433e9c88,96,4.134,16.476667,1.0471112,,,,,3
2026-01-24 06:23:31.160410,0x433e9c88,96,4.146,13.824999,1.0306944,,,,,3
2026-01-24 06:24:31.181056,0x433e9c88,99,4.189,12.29,1.0701389,,,,,3
2026-01-24 06:24:44.881766,0x433b0b38,99,4.18,12.358334,3.6817777,5.75,-77,,5,5
2026-01-24 06:25:31.140979,0x433e9c88,99,4.189,14.861668,1.0701389,,,,,3
2026-01-24 06:26:31.131526,0x433e9c88,98,4.163,9.991667,1.0701389,,,,,3
2026-01-24 06:27:07.768086,0x433af380,100,4.192,16.01,3.0313334,6.0,-34,,3,3
2026-01-24 06:27:31.180811,0x433e9c88,101,4.217,15.423334,1.1000278,,,,,3
2026-01-24 06:27:57.905428,0x433aad0c,98,4.167,11.305,3.3110836,5.75,-70,,3,3
2026-01-24 06:28:25.955705,0x433ad35c,97,4.161,11.905001,3.1039722,5.75,-58,,3,3
2026-01-24 06:28:31.235684,0x433e9c88,97,4.161,13.875,1.1164445,,,,,3
2026-01-24 06:29:31.452841,0x433e9c88,97,4.157,9.991667,1.1018333,,,,,3
2026-01-24 06:30:11.390898,0xbd50376c,101,4.217,15.666667,1.0169722,5.25,-74,,3,3
2026-01-24 06:30:31.480958,0x433e9c88,98,4.165,16.529999,1.1018333,,,,,3
2026-01-24 06:30:45.157967,0x433b0b38,97,4.159,14.26,3.6899168,5.75,-77,,5,5
2026-01-24 06:31:31.361268,0x433e9c88,101,4.211,11.961666,1.0872222,,,,,3
2026-01-24 06:32:31.433502,0x433e9c88,97,4.154,11.688333,1.0872222,,,,,3
2026-01-24 06:33:31.603303,0x433e9c88,100,4.199,15.093334,1.1396667,,,,,3
2026-01-24 06:33:59.471607,0x433aad0c,99,4.183,8.866667,3.3063054,6.0,-70,,3,3
2026-01-24 06:34:26.155280,0x433ad35c,100,4.194,12.838334,3.1453054,5.75,-58,,3,3
2026-01-24 06:34:31.526681,0x433e9c88,96,4.143,14.808332,1.1585834,,,,,3
2026-01-24 06:35:31.654432,0x433e9c88,101,4.22,11.688333,1.1293612,,,,,3
2026-01-24 06:36:31.777620,0x433e9c88,97,4.161,12.261666,1.11475,,,,,3
2026-01-24 06:36:46.167451,0x433b0b38,98,4.163,11.126666,3.6873333,5.25,-76,,5,5
2026-01-24 06:37:09.937677,0x433af380,100,4.195,13.335,3.044611,6.75,-34,,3,3
2026-01-24 06:37:31.727596,0x433e9c88,101,4.214,14.973333,1.1313889,,,,,3
2026-01-24 06:38:31.845995,0x433e9c88,97,4.151,12.565001,1.1145,,,,,3
2026-01-24 06:39:31.895556,0x433e9c88,100,4.198,13.138333,1.0809722,,,,,3
2026-01-24 06:39:56.988860,0x433aad0c,100,4.19,6.035,3.2989447,6.0,-71,,3,3
2026-01-24 06:40:26.539272,0x433ad35c,101,4.208,11.961666,3.0655556,5.5,-58,,3,3
2026-01-24 06:40:31.820370,0x433e9c88,90,4.053,13.931666,1.0773611,,,,,3
2026-01-24 06:41:31.873279,0x433e9c88,100,4.197,10.868333,1.0773611,,,,,3
2026-01-24 06:42:31.896162,0x433e9c88,100,4.194,17.431665,1.1005833,,,,,3
2026-01-24 06:42:46.101590,0x433b0b38,97,4.152,15.161666,3.5854168,6.25,-76,,5,5
2026-01-24 06:43:32.000731,0x433e9c88,100,4.197,14.861668,1.1005833,,,,,3
2026-01-24 06:44:32.033627,0x433e9c88,100,4.193,9.991667,1.1151944,,,,,3
2026-01-24 06:45:32.107332,0x433e9c88,98,4.164,17.363335,1.1151944,,,,,3
2026-01-24 06:45:57.820964,0x433aad0c,99,4.177,13.958333,3.1655278,5.75,-71,,3,3
2026-01-24 06:46:26.145774,0x433ad35c,97,4.157,11.961666,2.9082499,6.0,-59,,3,3
2026-01-24 06:46:32.174070,0x433e9c88,101,4.227,13.931666,1.1505278,,,,,3
2026-01-24 06:47:11.229641,0x433af380,99,4.186,14.766666,3.1438057,7.5,-34,,3,3
2026-01-24 06:47:32.263423,0x433e9c88,101,4.21,15.271667,1.1820278,,,,,3
2026-01-24 06:48:32.272017,0x433e9c88,101,4.201,15.093334,1.1631111,,,,,3
2026-01-24 06:48:46.571257,0x433b0b38,95,4.125,12.823333,3.6533613,6.75,-77,,5,5
2026-01-24 06:49:32.244472,0x433e9c88,96,4.146,11.961666,1.1966388,,,,,3
2026-01-24 06:50:32.424203,0x433e9c88,99,4.18,10.868333,1.1880277,,,,3,3
2026-01-24 06:51:32.530977,0x433e9c88,95,4.13,13.193333,1.2238333,,,,,3
2026-01-24 06:51:57.540885,0x433aad0c,101,4.249,10.168333,3.240111,5.75,-70,,3,3
2026-01-24 06:52:26.406669,0x433ad35c,96,4.145,13.686667,2.7903612,5.75,-59,,3,3
2026-01-24 06:52:32.686630,0x433e9c88,97,4.153,15.656667,1.24025,,,,,3
2026-01-24 06:53:32.553044,0x433e9c88,99,4.182,11.716667,1.2591666,,,,,3
2026-01-24 06:54:32.672705,0x433e9c88,97,4.157,12.29,1.2591666,,,,,3
2026-01-24 06:54:46.311244,0x433b0b38,96,4.146,11.155001,3.6228333,6.5,-76,,5,5
2026-01-24 06:55:32.639279,0x433e9c88,99,4.189,14.535,1.2945,,,,,3
2026-01-24 06:56:32.676495,0x433e9c88,98,4.167,10.0199995,1.2755834,,,,,3
2026-01-24 06:57:11.774549,0x433af380,100,4.199,13.079999,2.9772222,6.75,-34,,3,3
2026-01-24 06:57:32.829719,0x433e9c88,97,4.161,17.571667,1.2404444,,,,,3
2026-01-24 06:57:58.323616,0x433aad0c,100,4.19,15.301667,3.1904724,5.5,-70,,3,3
2026-01-24 06:58:26.637901,0x433ad35c,100,4.191,14.5633335,2.7511387,5.5,-58,,3,3
2026-01-24 06:58:32.917053,0x433e9c88,96,4.146,17.751667,1.2331667,,,,,3
2026-01-24 06:59:32.960603,0x433e9c88,99,4.189,11.238334,1.2021389,,,,,3
2026-01-24 07:00:33.010723,0x433e9c88,101,4.201,13.425,1.2021389,,,,,3
2026-01-24 07:00:46.442535,0x433b0b38,97,4.161,11.155001,3.7774723,5.25,-76,,5,5
2026-01-24 07:01:32.932925,0x433e9c88,96,4.14,12.866667,1.1681666,,,,,3
2026-01-25 03:03:46.128567,0x433e9c88,97,4.16,13.958333,1.0889444,,,,,3
2026-01-25 03:04:46.259298,0x433e9c88,97,4.156,9.881666,1.0720556,,,,,3
2026-01-25 03:04:58.019201,0x433aad0c,98,4.167,9.881666,3.6926389,5.75,-71,,3,3
2026-01-25 03:05:28.284287,0x433ad35c,99,4.178,10.153333,2.8244722,6.0,-56,,3,3
2026-01-25 03:05:46.647774,0x433e9c88,96,4.146,13.821666,1.053139,,,,,3
2026-01-25 03:06:46.413300,0x433e9c88,96,4.141,18.074999,1.0342222,,,,,3
2026-01-25 03:07:46.359830,0x433af380,98,4.172,12.993333,2.9393055,7.0,-34,,3,3
2026-01-25 03:07:46.637862,0x433e9c88,97,4.149,13.578333,1.053139,,,,,3
2026-01-25 03:07:51.168373,0x433b0b38,96,4.145,14.5633335,3.8645835,5.5,-77,,5,5
2026-01-25 03:08:46.494068,0x433e9c88,97,4.155,14.599999,1.0027223,,,,,3
2026-01-25 03:09:46.672636,0x433e9c88,98,4.166,12.288334,1.0323888,,,,,3
2026-01-25 03:10:46.768511,0x433e9c88,101,4.208,9.881666,1.0323888,,,,,3
2026-01-25 03:10:58.295295,0x433aad0c,101,4.212,9.881666,3.6383336,5.75,-70,,3,3
2026-01-25 03:11:28.228999,0x433ad35c,101,4.201,10.316667,2.8824444,6.5,-56,,3,3
2026-01-25 03:11:46.705259,0x433e9c88,98,4.169,15.6433325,1.0323888,,,,,3
2026-01-25 03:12:46.755922,0x433e9c88,100,4.2,11.961666,1.0323888,,,,,3
2026-01-25 03:13:46.728221,0x433e9c88,100,4.191,12.565001,1.0323888,,,,,3
2026-01-25 03:13:51.405076,0x433b0b38,101,4.201,12.565001,3.8065276,6.25,-77,,5,5
2026-01-25 03:14:46.890809,0x433e9c88,101,4.222,11.768333,1.0323888,,,,,3
2026-01-25 03:15:46.947660,0x433e9c88,97,4.158,10.508333,1.0134722,,,,3,3
2026-01-25 03:16:47.133027,0x433e9c88,101,4.229,11.388333,1.01575,,,,,3
2026-01-25 03:16:59.257668,0x433aad0c,100,4.196,9.691667,3.6328335,6.0,-70,,3,3
2026-01-25 03:17:31.162321,0x433ad35c,97,4.156,4.9816666,2.9421666,6.0,-56,,3,3
2026-01-25 03:17:47.034329,0x433e9c88,97,4.148,19.365002,1.01575,,,,,3
2026-01-25 03:17:48.555236,0x433af380,99,4.184,18.788334,2.9827778,6.0,-35,,3,3
2026-01-25 03:18:47.081224,0x433e9c88,101,4.225,15.684999,1.01575,,,,,3
2026-01-25 03:19:47.161802,0x433e9c88,101,4.213,10.868333,1.0011389,,,,,3
2026-01-25 03:19:51.651561,0x433b0b38,99,4.176,9.991667,3.7591112,6.25,-78,,5,5
2026-01-25 03:20:47.262229,0x433e9c88,101,4.205,13.096666,0.9676111,,,,,3
2026-01-25 03:21:47.245430,0x433e9c88,100,4.197,13.138333,0.98222226,,,,,3
2026-01-25 03:22:47.291807,0x433e9c88,101,4.209,9.881666,0.98222226,,,,,3
2026-01-25 03:22:59.257023,0x433aad0c,101,4.222,10.758333,3.6551666,5.5,-69,,3,3
2026-01-25 03:23:37.329386,0x433ad35c,97,4.156,4.105,3.0110834,6.5,-56,,3,3
2026-01-25 03:23:47.355977,0x433e9c88,99,4.184,18.9,0.94211113,,,,,3
2026-01-25 03:24:47.542208,0x433e9c88,99,4.182,13.138333,0.92749995,,,,,3
2026-01-25 03:25:47.498828,0x433e9c88,97,4.154,12.030001,0.8939723,,,,,3
2026-01-25 03:25:51.873229,0x433b0b38,96,4.142,10.826667,3.8148332,5.75,-78,,5,5
2026-01-25 03:26:47.664287,0x433e9c88,99,4.183,13.963333,0.9309167,,,,,3
2026-01-25 03:27:46.441790,0x433af380,100,4.196,18.258333,2.9884167,6.0,-34,,3,3
2026-01-25 03:27:47.519436,0x433e9c88,101,4.223,17.696667,0.96672225,,,,,3
2026-01-25 03:28:47.585467,0x433e9c88,99,4.178,11.688333,0.96672225,,,,,3
2026-01-25 03:28:59.150167,0x433aad0c,99,4.179,11.688333,3.674972,5.5,-69,,3,3
2026-01-25 03:29:32.163367,0x433ad35c,100,4.191,11.878333,3.0544722,6.25,-56,,3,3
2026-01-25 03:29:47.709050,0x433e9c88,97,4.153,15.066667,0.9503055,,,,,3
2026-01-25 03:30:46.618192,0xbd50376c,101,4.254,13.518333,0.79483336,5.5,-76,,3,3
2026-01-25 03:30:47.657868,0x433e9c88,100,4.19,15.545,0.9692222,,,,,3
2026-01-25 03:31:47.771884,0x433e9c88,97,4.148,12.208334,1.0050278,,,,,3
2026-01-25 03:31:52.117048,0x433b0b38,97,4.161,11.126666,3.8467777,6.0,-78,,5,5
2026-01-25 03:32:47.844302,0x433e9c88,97,4.159,13.096666,0.9929167,,,,,3
2026-01-25 03:33:47.795883,0x433e9c88,98,4.174,14.535,0.9653055,,,,,3
2026-01-25 03:34:47.891235,0x433e9c88,97,4.157,9.991667,0.95069444,,,,,3
2026-01-25 03:34:59.248324,0x433aad0c,100,4.198,9.991667,3.711528,5.5,-69,,3,3
2026-01-25 03:35:36.893811,0x433ad35c,99,4.188,8.101666,3.0647223,5.75,-56,,3,3
2026-01-25 03:35:47.914564,0x433e9c88,96,4.141,15.943334,0.9153611,,,,,3
2026-01-25 03:36:48.094021,0x433e9c88,96,4.143,12.233334,0.8469722,,,,,3
2026-01-25 03:37:47.406857,0x433af380,98,4.174,13.993333,2.9494722,7.5,-34,,3,3
2026-01-25 03:37:48.184444,0x433e9c88,100,4.194,15.358334,0.8410555,,,,,3
2026-01-25 03:37:52.350344,0x433b0b38,100,4.2,17.248335,3.9587777,5.25,-77,,5,5
2026-01-25 03:38:48.222550,0x433e9c88,98,4.166,14.943333,0.8410555,,,,,3
2026-01-25 03:39:48.269450,0x433e9c88,98,4.174,14.273334,0.84375006,,,,,3
2026-01-25 03:40:48.338932,0x433e9c88,97,4.156,9.881666,0.82686114,,,,,3
2026-01-25 03:41:00.068679,0x433aad0c,101,4.23,9.881666,3.7463334,6.0,-69,,3,3
2026-01-25 03:41:35.728449,0x433ad35c,99,4.186,2.8466666,3.1266112,6.0,-56,,3,3
2026-01-25 03:41:48.282407,0x433e9c88,101,4.204,16.201666,0.8457778,,,,,3
2026-01-25 03:42:48.343791,0x433e9c88,98,4.175,13.138333,0.8457778,,,,,3
2026-01-25 03:43:48.451401,0x433e9c88,96,4.142,11.278334,0.8457778,,,,,3
2026-01-25 03:43:52.648219,0x433b0b38,101,4.211,11.278334,3.9845002,5.75,-77,,5,5
2026-01-25 03:44:48.505271,0x433e9c88,99,4.186,13.931666,0.8457778,,,,,3
2026-01-25 03:45:48.400031,0x433e9c88,100,4.192,14.07,0.8457778,,,,,3
2026-01-25 03:46:48.588130,0x433e9c88,100,4.192,13.315,0.83163893,,,,,3
2026-01-25 03:46:59.694225,0x433aad0c,99,4.185,13.245,3.8801112,5.5,-70,,3,3
2026-01-25 03:47:32.445618,0x433ad35c,99,4.177,7.085,3.0290277,6.5,-56,,3,3
2026-01-25 03:47:48.580199,0x433e9c88,98,4.169,18.883333,0.8006111,,,,,3
2026-01-25 03:47:49.203086,0x433af380,99,4.188,20.425,2.906361,5.75,-34,,3,3
2026-01-25 03:48:48.707019,0x433e9c88,99,4.189,14.724999,0.73605555,,,,,3
2026-01-25 03:49:48.594627,0x433e9c88,98,4.165,9.991667,0.73605555,,,,,3
2026-01-25 03:49:52.836289,0x433b0b38,99,4.182,9.991667,4.012361,6.75,-77,,5,5
2026-01-25 03:50:48.631662,0x433e9c88,97,4.149,14.341667,0.75677776,,,,,3
2026-01-25 03:51:48.811452,0x433e9c88,99,4.181,12.261666,0.71894443,,,,3,3
2026-01-25 03:52:48.919469,0x433e9c88,101,4.201,10.375,0.73583335,,,,,3
2026-01-25 03:53:00.416455,0x433aad0c,99,4.183,10.375,3.9746668,5.5,-69,,3,3
2026-01-25 03:53:33.208588,0x433ad35c,99,4.177,12.345,3.1090279,5.75,-55,,3,3
2026-01-25 03:53:48.892042,0x433e9c88,101,4.208,17.705,0.7401389,,,,,3
2026-01-25 03:54:49.078317,0x433e9c88,97,4.153,13.493334,0.7066111,,,,,3
2026-01-25 03:55:48.973907,0x433e9c88,100,4.191,8.856667,0.7066111,,,,,3
2026-01-25 03:55:54.892646,0x433b0b38,96,4.141,9.991667,3.8773332,5.75,-34,,5,4
2026-01-25 03:56:49.099444,0x433e9c88,92,4.083,17.856667,0.7396667,,,,,3
2026-01-25 03:57:47.033009,0x433af380,98,4.175,13.921666,2.9162223,7.25,-34,,3,3
2026-01-25 03:57:49.100488,0x433e9c88,100,4.195,15.656667,0.7018333,,,,,3
2026-01-25 03:58:49.140380,0x433e9c88,96,4.137,11.688333,0.6829167,,,,,3
2026-01-25 03:59:00.215604,0x433aad0c,100,4.196,11.688333,4.0771666,5.75,-70,,3,3
2026-01-25 03:59:33.459215,0x433ad35c,97,4.158,11.388333,3.0729723,6.25,-56,,3,3
2026-01-25 03:59:49.323536,0x433e9c88,97,4.153,14.616667,0.664,,,,,3
2026-01-25 04:00:49.230269,0x433e9c88,98,4.162,12.838334,0.6615,,,,,3
2026-01-25 04:01:49.288346,0x433e9c88,101,4.209,9.691667,0.60177773,,,,,3
2026-01-25 04:01:53.336875,0x433b0b38,97,4.149,9.691667,3.7811387,6.75,-78,,5,5
2026-01-23 18:01:48.414432,0x433e9c88,101,4.22,13.245,1.2771945,,,,,3
2026-01-23 18:02:48.449847,0x433e9c88,99,4.188,13.493334,1.2456944,,,,,3
2026-01-23 18:03:16.213460,0x433aad0c,101,4.234,13.493334,3.2756112,6.0,-71,,3,3
2026-01-23 18:03:44.223424,0x433ad35c,100,4.192,14.49,2.5921667,5.5,-57,,3,3
2026-01-23 18:03:48.515063,0x433e9c88,101,4.21,16.201666,1.2477221,,,,,3
2026-01-23 18:04:48.641616,0x433e9c88,100,4.19,12.536667,1.2459166,,,,,3
2026-01-23 18:05:48.542663,0x433e9c88,100,4.19,14.835,1.235639,,,,,3
2026-01-23 18:06:02.971328,0x433b0b38,99,4.188,17.105,3.164,5.75,-76,,5,5
2026-01-23 18:06:48.624427,0x433e9c88,101,4.214,17.513332,1.2084723,,,,,3
2026-01-23 18:06:49.717850,0x433af380,101,4.205,18.171667,3.0604722,7.0,-34,,3,3
2026-01-23 18:07:48.826533,0x433e9c88,101,4.225,9.991667,1.2086945,,,,,3
2026-01-23 18:08:48.797349,0x433e9c88,98,4.173,15.683333,1.2086945,,,,,3
2026-01-23 18:09:16.460666,0x433aad0c,100,4.2,17.953333,3.2954721,5.25,-70,,3,3
2026-01-23 18:09:44.304398,0x433ad35c,101,4.211,13.3550005,2.6143055,6.5,-58,,3,3
2026-01-23 18:09:48.871226,0x433e9c88,99,4.18,16.201666,1.2068889,,,,,3
2026-01-23 18:10:48.777377,0x433e9c88,96,4.147,11.688333,1.224,,,,,3
2026-01-23 18:11:48.896310,0x433e9c88,98,4.171,12.261666,1.25775,,,,,3
2026-01-23 18:12:03.259822,0x433b0b38,101,4.203,14.558333,3.2033331,5.75,-76,,5,5
2026-01-23 18:12:48.929965,0x433e9c88,100,4.194,14.326666,1.26825,,,,,3
2026-01-23 18:13:49.044362,0x433e9c88,101,4.201,9.991667,1.2493334,,,,3,3
2026-01-23 18:14:49.072601,0x433e9c88,96,4.142,13.958333,1.2326945,,,,,3
2026-01-23 18:15:16.683498,0x433aad0c,100,4.195,15.655001,3.3939998,5.5,-70,,3,3
2026-01-23 18:15:45.608816,0x433ad35c,101,4.22,16.748333,2.6111112,5.75,-58,,3,3
2026-01-23 18:15:49.118143,0x433e9c88,99,4.184,15.628333,1.2180833,,,,,3
2026-01-23 18:16:49.315980,0x433e9c88,99,4.189,9.991667,1.2223889,,,,,3
2026-01-23 18:16:51.385918,0x433af380,99,4.176,10.335,3.0551388,6.0,-34,,3,3
2026-01-23 18:17:49.268587,0x433e9c88,97,4.159,14.288333,1.2413056,,,,,3
2026-01-23 18:18:03.489051,0x433b0b38,98,4.168,14.531666,3.2393613,5.25,-77,,5,5
2026-01-23 18:18:49.314404,0x433e9c88,97,4.154,15.928334,1.2269167,,,,,3
2026-01-23 18:19:49.525545,0x433e9c88,99,4.188,9.991667,1.2269167,,,,,3
2026-01-23 18:20:49.375440,0x433e9c88,100,4.195,13.958333,1.2458334,,,,,3
2026-01-23 18:21:16.948939,0x433aad0c,101,4.21,11.126666,3.415861,5.5,-71,,3,3
2026-01-23 18:21:47.181081,0x433ad35c,99,4.189,11.275001,2.5778055,6.5,-58,,3,3
2026-01-23 18:21:49.459742,0x433e9c88,97,4.152,14.34,1.2811667,,,,,3
2026-01-23 18:22:49.467413,0x433e9c88,98,4.167,9.991667,1.2811667,,,,,3
2026-01-23 18:23:49.612497,0x433e9c88,98,4.171,14.724999,1.2800555,,,,,3
2026-01-23 18:24:03.807413,0x433b0b38,100,4.2,18.748335,3.2594447,5.5,-76,,5,5
2026-01-23 18:24:49.696958,0x433e9c88,99,4.185,13.3550005,1.2946666,,,,,3
2026-01-23 18:25:49.606458,0x433e9c88,100,4.199,10.8116665,1.3135834,,,,,3
2026-01-23 18:26:49.648760,0x433af380,101,4.206,9.809999,3.0252223,6.0,-34,,3,3
2026-01-23 18:26:49.926393,0x433e9c88,97,4.157,13.275001,1.3281944,,,,,3
2026-01-23 18:27:17.181779,0x433aad0c,101,4.233,16.558332,3.284722,5.75,-71,,3,3
2026-01-23 18:27:49.024043,0x433ad35c,99,4.179,10.508333,2.5730278,6.5,-58,,3,3
2026-01-23 18:27:49.939526,0x433e9c88,97,4.155,14.408334,1.2593334,,,,,3
2026-01-23 18:28:49.913236,0x433e9c88,101,4.213,9.963333,1.2593334,,,,,3
2026-01-23 18:29:49.897569,0x433e9c88,101,4.218,13.986667,1.2739444,,,,,3
2026-01-23 18:29:50.254357,0xbd50376c,99,4.176,13.054999,1.359139,6.25,-74,,3,3
2026-01-23 18:30:04.373704,0x433b0b38,99,4.184,16.558332,3.2594447,5.5,-78,,5,5
2026-01-23 18:30:49.912594,0x433e9c88,101,4.238,17.268333,1.2361112,,,,,3
2026-01-23 18:31:50.131018,0x433e9c88,101,4.238,8.238334,1.2507223,,,,,3
2026-01-23 18:32:50.042018,0x433e9c88,101,4.224,12.261666,1.2361112,,,,,3
2026-01-23 18:33:17.471324,0x433aad0c,99,4.188,12.261666,3.110889,5.75,-70,,3,3
2026-01-23 18:33:50.438638,0x433e9c88,101,4.213,14.34,1.2361112,,,,,3
2026-01-23 18:33:50.469409,0x433ad35c,98,4.162,10.383333,2.5841389,6.25,-58,,3,3
2026-01-23 18:34:50.301708,0x433e9c88,99,4.185,7.4733334,1.2361112,,,,,3
2026-01-23 18:35:50.505590,0x433e9c88,99,4.176,13.081667,1.2171944,,,,,3
2026-01-23 18:36:04.332658,0x433b0b38,100,4.19,17.105,3.3356388,5.25,-76,,5,5
2026-01-23 18:36:49.020227,0x433af380,99,4.188,14.6050005,3.0453057,6.25,-34,,3,3
2026-01-23 18:36:50.548737,0x433e9c88,101,4.233,12.615,1.196,,,,,3
2026-01-23 18:37:50.469155,0x433e9c88,100,4.197,8.238334,1.1585834,,,,,3
2026-01-23 18:38:50.501079,0x433e9c88,98,4.166,10.508333,1.1921111,,,,,3
2026-01-23 18:39:17.936963,0x433aad0c,101,4.229,18.308334,3.068972,6.0,-70,,3,3
2026-01-23 18:39:47.469264,0x433ad35c,99,4.179,9.139999,2.6311388,6.0,-57,,3,3
2026-01-23 18:39:50.700490,0x433e9c88,99,4.185,10.851666,1.1585834,,,,,3
2026-01-23 18:40:50.734329,0x433e9c88,98,4.171,9.058333,1.1775,,,,,3
2026-01-23 18:41:50.612038,0x433e9c88,99,4.177,8.428333,1.1921111,,,,,3
2026-01-23 18:42:04.584397,0x433b0b38,101,4.22,14.531666,3.4038334,5.75,-77,,5,5
2026-01-23 18:42:50.784534,0x433e9c88,99,4.182,9.005,1.2067223,,,,,3
2026-01-23 18:43:50.740368,0x433e9c88,98,4.169,11.195001,1.2213334,,,,,3
2026-01-23 18:44:50.875590,0x433e9c88,97,4.152,11.851666,1.1878055,,,,,3
2026-01-23 18:45:19.758464,0x433aad0c,101,4.237,14.188333,3.049389,5.75,-70,,3,3
2026-01-23 18:45:48.201588,0x433ad35c,98,4.171,16.776667,2.7023056,6.0,-57,,3,3
2026-01-23 18:45:50.897887,0x433e9c88,99,4.182,16.994999,1.1830277,,,,,3
2026-01-23 18:46:48.685213,0x433af380,101,4.207,10.5633335,3.1285834,7.5,-34,,3,3
2026-01-23 18:46:50.823335,0x433e9c88,100,4.196,13.381666,1.2101388,,,,,3
2026-01-23 18:47:51.153368,0x433e9c88,79,3.987,9.305,1.2393612,,,,,3
2026-01-23 18:48:04.631335,0x433b0b38,98,4.174,14.531666,3.4701943,5.5,-76,,5,5
2026-01-23 18:48:51.130687,0x433e9c88,100,4.196,9.236667,1.2582778,,,,,3
2026-01-23 18:49:51.269639,0x433e9c88,101,4.242,6.1033335,1.22475,,,,3,3
2026-01-23 18:50:51.469249,0x433e9c88,101,4.203,12.273334,1.2038056,,,,,3
2026-01-23 18:51:22.430955,0x433aad0c,97,4.161,11.643333,3.0685277,5.75,-70,,3,3
2026-01-23 18:51:47.941670,0x433ad35c,100,4.192,11.22,2.7412777,6.5,-57,,3,3
2026-01-23 18:51:51.469399,0x433e9c88,99,4.183,8.84,1.2038056,,,,,3
2026-01-23 18:52:51.370020,0x433e9c88,100,4.198,5.255,1.2038056,,,,,3
2026-01-23 18:53:51.520407,0x433e9c88,101,4.219,6.2933335,1.2038056,,,,,3
2026-01-23 18:54:04.984590,0x433b0b38,97,4.161,14.531666,3.6188889,5.25,-77,,5,5
2026-01-23 18:54:51.558086,0x433e9c88,100,4.196,8.825,1.2033333,,,,,3
2026-01-23 18:55:51.604173,0x433e9c88,99,4.177,12.591666,1.2179445,,,,,3
2026-01-23 18:56:49.389560,0x433af380,101,4.218,11.333334,2.9563334,5.75,-33,,3,3
2026-01-23 18:56:51.667014,0x433e9c88,99,4.188,13.275001,1.1990278,,,,,3
2026-01-23 18:57:18.940956,0x433aad0c,101,4.208,16.529999,3.0559444,5.5,-71,,3,3
2026-01-23 18:57:48.344175,0x433ad35c,98,4.167,16.230001,2.8398333,5.5,-56,,3,3
2026-01-23 18:57:51.622726,0x433e9c88,101,4.209,15.955,1.1504167,,,,,3
2026-01-23 18:58:51.686434,0x433e9c88,100,4.194,8.76,1.1358055,,,,,3
2026-01-23 18:59:51.750132,0x433e9c88,98,4.166,11.823333,1.1168889,,,,,3
2026-01-23 19:00:05.269341,0x433b0b38,101,4.202,14.531666,3.6524165,6.0,-76,,5,5
2026-01-23 19:00:51.810809,0x433e9c88,97,4.152,13.793333,1.0767777,,,,,3
2026-01-25 05:02:53.990673,0x433e9c88,101,4.205,13.905001,0.9691389,,,,,3
2026-01-25 05:03:54.237760,0x433e9c88,101,4.211,10.045,0.9691389,,,,3,3
2026-01-25 05:04:54.479956,0x433e9c88,101,4.234,12.673333,1.0001667,,,,,3
2026-01-25 05:05:02.804118,0x433aad0c,101,4.229,12.728333,3.6955278,5.5,-70,,3,3
2026-01-25 05:05:36.303528,0x433ad35c,100,4.191,11.851666,2.8955,5.5,-55,,3,3
2026-01-25 05:06:54.978774,0x433e9c88,97,4.161,9.948334,0.9385834,,,,,3
2026-01-25 05:07:53.057586,0x433af380,98,4.172,4.586667,3.0558333,5.75,-34,,3,3
2026-01-25 05:07:55.375426,0x433e9c88,99,4.179,5.241667,0.9385834,,,,,3
2026-01-25 05:08:02.379853,0x433b0b38,98,4.173,5.4183335,3.8551667,6.0,-77,,5,5
2026-01-25 05:08:55.526804,0x433e9c88,99,4.188,9.495,0.92169446,,,,,3
2026-01-25 05:09:55.774687,0x433e9c88,97,4.157,6.498333,0.88386106,,,,,3
2026-01-25 05:10:56.110393,0x433e9c88,100,4.194,3.5016668,0.88386106,,,,,3
2026-01-25 05:11:03.081513,0x433aad0c,100,4.195,10.526667,3.6800556,5.75,-71,,3,3
2026-01-25 05:11:36.442032,0x433ad35c,97,4.156,11.361667,2.912861,5.5,-56,,3,3
2026-01-25 05:11:56.300762,0x433e9c88,98,4.172,8.726666,0.85283333,,,,,3
2026-01-25 05:12:56.527039,0x433e9c88,96,4.139,6.9066668,0.85283333,,,,,3
2026-01-25 05:13:56.501471,0x433e9c88,101,4.202,2.27,0.85283333,,,,,3
2026-01-25 05:14:01.615598,0x433b0b38,99,4.183,3.5016668,3.911111,5.0,-78,,5,5
2026-01-25 05:15:57.298374,0x433e9c88,100,4.199,12.893334,0.83391666,,,,,3
2026-01-25 05:16:57.545654,0x433e9c88,99,4.186,11.388333,0.81930554,,,,,3
2026-01-25 05:17:04.199841,0x433aad0c,101,4.244,9.635,3.584889,5.5,-70,,3,3
2026-01-25 05:17:36.190546,0x433ad35c,97,4.15,10.268333,2.9767222,6.25,-56,,3,3
2026-01-25 05:17:53.728872,0x433af380,99,4.189,17.126665,3.1368334,6.0,-34,,3,3
2026-01-25 05:18:32.851767,0xbd50376c,101,4.251,22.563334,0.9938333,5.25,-77,,3,3
2026-01-25 05:18:58.133661,0x433e9c88,100,4.199,17.516666,0.8021944,,,,,3
2026-01-25 05:19:58.408503,0x433e9c88,96,4.143,8.405,0.8021944,,,,,3
2026-01-25 05:20:01.284924,0x433b0b38,99,4.177,10.185,3.8777776,6.0,-77,,5,5
2026-01-25 05:20:58.613891,0x433e9c88,96,4.14,13.286667,0.7857778,,,,,3
2026-01-25 05:21:58.916684,0x433e9c88,101,4.22,7.9516664,0.7736667,,,,,3
2026-01-25 05:22:59.130443,0x433e9c88,97,4.15,6.898333,0.75475,,,,,3
2026-01-25 05:23:05.220391,0x433aad0c,99,4.179,7.9383335,3.591972,5.75,-70,,3,3
2026-01-25 05:23:36.472698,0x433ad35c,96,4.14,9.391667,2.9718335,5.75,-56,,3,3
2026-01-25 05:23:58.982535,0x433e9c88,101,4.202,10.233333,0.75905555,,,,,3
2026-01-25 05:24:59.428716,0x433e9c88,98,4.166,9.4800005,0.79302776,,,,,3
2026-01-25 05:25:59.185528,0x433e9c88,98,4.165,2.9966667,0.77411115,,,,,3
2026-01-25 05:26:12.181784,0x433b0b38,98,4.164,3.7233334,3.8481388,5.5,-77,,5,4
2026-01-25 05:26:59.117665,0x433e9c88,97,4.161,10.165,0.81355554,,,,,3
2026-01-25 05:27:53.425374,0x433af380,101,4.204,11.65,3.1080832,7.0,-34,,3,3
2026-01-25 05:27:59.211029,0x433e9c88,99,4.186,8.908334,0.7946389,,,,,3
2026-01-25 05:28:59.240089,0x433e9c88,99,4.184,2.27,0.74194443,,,,,3
2026-01-25 05:29:09.008910,0x433aad0c,98,4.168,6.8116665,3.601,5.25,-70,,3,3
2026-01-25 05:29:37.256375,0x433ad35c,96,4.147,14.425,2.9136944,6.25,-56,,3,3
2026-01-25 05:29:59.257462,0x433e9c88,99,4.184,9.711666,0.7296389,,,,,3
2026-01-25 05:30:59.303467,0x433e9c88,97,4.155,11.958333,0.71072227,,,,,3
2026-01-25 05:31:59.482331,0x433e9c88,97,4.156,10.418333,0.71072227,,,,,3
2026-01-25 05:32:06.771365,0x433b0b38,98,4.166,6.7216663,3.7852223,6.25,-78,,5,5
2026-01-25 05:32:59.508516,0x433e9c88,96,4.143,14.040001,0.6502778,,,,,3
2026-01-25 05:33:59.544666,0x433e9c88,98,4.163,11.456667,0.65716666,,,,,3
2026-01-25 05:34:59.577289,0x433e9c88,95,4.132,10.898333,0.67130554,,,,,3
2026-01-25 05:35:08.771603,0x433aad0c,99,4.187,6.1433334,3.608611,5.75,-70,,3,3
2026-01-25 05:35:36.894885,0x433ad35c,100,4.192,9.72,2.9316945,6.0,-56,,3,3
2026-01-25 05:35:59.600879,0x433e9c88,98,4.173,14.081667,0.67130554,,,,,3
2026-01-25 05:36:59.617668,0x433e9c88,95,4.13,11.673333,0.67130554,,,,,3
2026-01-25 05:37:53.621964,0x433af380,101,4.203,9.993334,3.0860834,6.0,-34,,3,3
2026-01-25 05:37:59.651355,0x433e9c88,99,4.181,6.7766666,0.67130554,,,,,3
2026-01-25 05:38:02.722739,0x433b0b38,101,4.223,4.2966666,3.7699168,6.0,-78,,5,5
2026-01-25 05:38:59.775221,0x433e9c88,93,4.092,11.631667,0.71988887,,,,,3
2026-01-25 05:39:59.874475,0x433e9c88,101,4.206,7.113333,0.73880553,,,,3,3
2026-01-25 05:40:59.942876,0x433e9c88,96,4.146,6.485,0.72216666,,,,,3
2026-01-25 05:41:08.620595,0x433aad0c,99,4.176,10.8133335,3.5609443,5.5,-69,,3,3
2026-01-25 05:41:37.728491,0x433ad35c,97,4.151,10.376666,2.9607222,6.25,-55,,3,3
2026-01-25 05:42:00.103084,0x433e9c88,101,4.203,16.886667,0.7255833,,,,,3
2026-01-25 05:43:00.053347,0x433e9c88,98,4.173,12.416667,0.74450004,,,,,3
2026-01-25 05:44:00.041376,0x433e9c88,101,4.204,11.155001,0.76341665,,,,,3
2026-01-25 05:44:02.972676,0x433b0b38,97,4.155,11.155001,3.8089724,6.5,-77,,5,5
2026-01-25 05:45:00.123619,0x433e9c88,97,4.159,17.818333,0.79694444,,,,,3
2026-01-25 05:46:00.320629,0x433e9c88,97,4.151,11.990001,0.7780278,,,,,3
2026-01-25 05:47:00.352505,0x433e9c88,100,4.19,13.658333,0.78280556,,,,,3
2026-01-25 05:47:08.646401,0x433aad0c,98,4.172,9.443333,3.575611,5.75,-70,,3,3
2026-01-25 05:47:37.432491,0x433ad35c,96,4.143,11.551667,2.9543333,5.5,-56,,3,3
2026-01-25 05:47:53.966450,0x433af380,98,4.175,16.058332,2.9036944,6.25,-33,,3,3
2026-01-25 05:48:00.246468,0x433e9c88,99,4.183,17.818333,0.77319443,,,,,3
2026-01-25 05:49:00.415544,0x433e9c88,99,4.183,15.1883335,0.76933336,,,,,3
2026-01-25 05:50:00.400341,0x433e9c88,97,4.149,11.688333,0.7488056,,,,,3
2026-01-25 05:50:03.205387,0x433b0b38,96,4.138,11.688333,3.8811665,5.75,-77,,5,5
2026-01-25 05:51:00.424475,0x433e9c88,101,4.216,12.151667,0.7488056,,,,,3
2026-01-25 05:52:00.451917,0x433e9c88,96,4.145,9.676666,0.7677222,,,,,3
2026-01-25 05:53:00.482333,0x433e9c88,90,4.061,5.7766666,0.80125,,,,,3
2026-01-25 05:53:06.150650,0x433aad0c,101,4.223,4.9,3.4693334,5.5,-69,,3,3
2026-01-25 05:53:37.786849,0x433ad35c,99,4.183,11.703333,2.8769722,6.25,-56,,3,3
2026-01-25 05:54:00.528393,0x433e9c88,101,4.204,13.958333,0.8201667,,,,,3
2026-01-25 05:54:32.894469,0xbd50376c,100,4.192,18.198334,0.9834723,5.25,-75,,3,3
2026-01-25 05:55:00.627819,0x433e9c88,101,4.203,15.956667,0.80125,,,,,3
2026-01-25 05:56:00.796195,0x433e9c88,100,4.192,9.691667,0.80125,,,,,3
2026-01-25 05:56:03.514611,0x433b0b38,98,4.17,8.283334,3.8606112,5.5,-78,,5,5
2026-01-25 05:57:00.718558,0x433e9c88,98,4.175,16.321667,0.80125,,,,,3
2026-01-25 05:57:54.142464,0x433af380,98,4.167,13.74,2.988139,5.75,-34,,3,3
2026-01-25 05:58:00.711946,0x433e9c88,100,4.199,15.423334,0.7992222,,,,,3
2026-01-25 05:59:00.886117,0x433e9c88,97,4.158,13.506667,0.7871111,,,,,3
2026-01-25 05:59:05.859022,0x433aad0c,99,4.189,13.506667,3.5000834,6.25,-70,,3,3
2026-01-25 05:59:38.377715,0x433ad35c,95,4.131,11.088333,2.96275,5.75,-57,,3,3
2026-01-25 06:00:00.889777,0x433e9c88,98,4.171,17.598333,0.76819444,,,,,3
2026-01-25 06:01:00.848375,0x433e9c88,101,4.203,11.768333,0.7665833,,,,,3
2026-01-25 06:02:00.995832,0x433e9c88,100,4.193,9.883333,0.79369444,,,,,3
2026-01-25 06:02:03.719743,0x433b0b38,96,4.144,6.0533333,3.8227222,6.0,-78,,5,5
2026-01-24 01:02:12.882148,0x433e9c88,101,4.221,11.688333,1.0685834,,,,,3
2026-01-24 01:03:12.883035,0x433e9c88,100,4.198,14.531666,1.0875,,,,,3
2026-01-24 01:03:40.680599,0x433aad0c,101,4.231,11.126666,3.5550556,6.25,-71,,3,3
2026-01-24 01:04:06.339708,0x433ad35c,100,4.195,12.946667,2.9105,7.0,-60,,3,3
2026-01-24 01:04:12.872004,0x433e9c88,101,4.215,14.916667,1.0539722,,,,,3
2026-01-24 01:05:12.919963,0x433e9c88,97,4.155,11.688333,1.0539722,,,,,3
2026-01-24 01:06:06.409886,0xbd50376c,101,4.217,15.666667,1.1405833,5.5,-74,,3,3
2026-01-24 01:06:12.965103,0x433e9c88,99,4.184,18.8,1.0539722,,,,,3
2026-01-24 01:06:28.485845,0x433b0b38,101,4.211,11.696667,3.5283055,5.25,-77,,5,5
2026-01-24 01:06:57.943598,0x433af380,97,4.148,18.4,2.9598334,7.25,-34,,3,3
2026-01-24 01:07:13.010384,0x433e9c88,101,4.221,15.656667,1.072889,,,,,3
2026-01-24 01:08:13.109151,0x433e9c88,99,4.179,9.991667,1.0918056,,,,,3
2026-01-24 01:09:13.104653,0x433e9c88,97,4.157,14.531666,1.072889,,,,,3
2026-01-24 01:09:39.017572,0x433aad0c,101,4.22,12.261666,3.3459444,6.25,-70,,3,3
2026-01-24 01:10:07.084797,0x433ad35c,98,4.168,11.961666,2.968889,5.75,-59,,3,3
2026-01-24 01:10:13.150488,0x433e9c88,97,4.159,13.931666,1.0753889,,,,,3
2026-01-24 01:11:13.283114,0x433e9c88,98,4.172,13.413334,1.09,,,,,3
2026-01-24 01:12:13.290835,0x433e9c88,101,4.211,16.228333,1.09,,,,,3
2026-01-24 01:12:28.772976,0x433b0b38,97,4.158,16.228333,3.6081388,6.25,-76,,5,5
2026-01-24 01:13:13.416233,0x433e9c88,101,4.202,14.7,1.1192222,,,,,3
2026-01-24 01:14:13.508193,0x433e9c88,98,4.166,10.868333,1.1338334,,,,,3
2026-01-24 01:15:13.407503,0x433e9c88,101,4.229,19.596666,1.1169444,,,,,3
2026-01-24 01:15:40.985471,0x433aad0c,95,4.131,14.055,3.2835834,5.75,-71,,3,3
2026-01-24 01:16:07.357302,0x433ad35c,98,4.163,11.961666,3.0583334,5.75,-59,,3,3
2026-01-24 01:16:13.425337,0x433e9c88,100,4.194,13.931666,1.1005278,,,,,3
2026-01-24 01:16:58.003818,0x433af380,97,4.161,14.993334,3.0154445,6.0,-34,,3,3
2026-01-24 01:17:13.572970,0x433e9c88,99,4.177,14.591667,1.0985,,,,,3
2026-01-24 01:18:13.649526,0x433e9c88,99,4.185,14.531666,1.0795834,,,,,3
2026-01-24 01:18:28.857436,0x433b0b38,97,4.151,15.408333,3.6313887,5.5,-78,,5,5
2026-01-24 01:19:13.721087,0x433e9c88,99,4.187,11.961666,1.0631666,,,,,3
2026-01-24 01:20:13.726470,0x433e9c88,97,4.148,9.991667,1.0631666,,,,,3
2026-01-24 01:21:13.682574,0x433e9c88,101,4.23,16.228333,1.0588611,,,,,3
2026-01-24 01:21:41.929376,0x433aad0c,100,4.194,16.19,3.2694445,6.5,-70,,3,3
2026-01-24 01:22:07.102501,0x433ad35c,99,4.176,13.658333,3.1358056,5.75,-58,,3,3
2026-01-24 01:22:13.884631,0x433e9c88,98,4.169,15.628333,1.0399444,,,,,3
2026-01-24 01:23:13.881386,0x433e9c88,99,4.184,9.116667,1.0210278,,,,,3
2026-01-24 01:24:13.973490,0x433e9c88,98,4.172,14.531666,1.0032222,,,,,3
2026-01-24 01:24:29.136346,0x433b0b38,96,4.143,11.126666,3.6247778,6.0,-77,,5,5
2026-01-24 01:25:13.869509,0x433e9c88,100,4.199,13.658333,0.9843055,,,,,3
2026-01-24 01:26:14.044829,0x433e9c88,99,4.177,9.991667,0.96969444,,,,3,3
2026-01-24 01:26:58.335803,0x433af380,99,4.182,17.603333,3.101,5.75,-34,,3,3
2026-01-24 01:27:14.070950,0x433e9c88,101,4.221,21.498333,0.97086114,,,,,3
2026-01-24 01:27:42.320780,0x433aad0c,99,4.177,18.093332,3.1652498,6.0,-70,,3,3
2026-01-24 01:28:07.342906,0x433ad35c,100,4.198,11.961666,3.1743333,5.75,-59,,3,3
2026-01-24 01:28:14.125009,0x433e9c88,97,4.149,13.931666,0.9355278,,,,,3
2026-01-24 01:29:14.328881,0x433e9c88,101,4.213,9.991667,0.9355278,,,,,3
2026-01-24 01:30:14.211229,0x433e9c88,100,4.191,14.531666,0.9312222,,,,,3
2026-01-24 01:30:29.374888,0x433b0b38,97,4.159,11.126666,3.570528,5.5,-77,,5,5
2026-01-24 01:31:14.256251,0x433e9c88,100,4.191,14.5616665,0.9501389,,,,,3
2026-01-24 01:32:14.301168,0x433e9c88,101,4.212,11.688333,0.915,,,,,3
2026-01-24 01:33:14.382771,0x433e9c88,101,4.204,14.531666,0.88147223,,,,,3
2026-01-24 01:33:44.912218,0x433aad0c,101,4.216,7.17,3.0715556,6.0,-70,,3,3
2026-01-24 01:34:08.068186,0x433ad35c,100,4.196,11.961666,3.2108057,7.25,-59,,3,3
2026-01-24 01:34:14.597446,0x433e9c88,100,4.191,13.931666,0.88147223,,,,,3
2026-01-24 01:35:14.574241,0x433e9c88,99,4.177,13.7,0.88147223,,,,,3
2026-01-24 01:36:14.641960,0x433e9c88,101,4.219,14.531666,0.8771666,,,,,3
2026-01-24 01:36:29.570519,0x433b0b38,101,4.21,14.531666,3.556861,5.0,-77,,5,5
2026-01-24 01:36:58.873979,0x433af380,100,4.193,14.061667,3.2066112,7.5,-34,,3,3
2026-01-24 01:37:14.654233,0x433e9c88,99,4.177,15.656667,0.8771666,,,,,3
2026-01-24 01:38:14.673826,0x433e9c88,101,4.213,9.991667,0.89177775,,,,,3
2026-01-24 01:39:14.664292,0x433e9c88,101,4.205,14.531666,0.86855555,,,,,3
2026-01-24 01:39:46.230873,0x433aad0c,99,4.188,9.305,2.9905834,6.0,-77,,3,2
2026-01-24 01:40:07.779897,0x433ad35c,98,4.167,12.838334,3.1943612,6.5,-59,,3,3
2026-01-24 01:40:14.808534,0x433e9c88,97,4.161,14.808332,0.86675,,,,,3
2026-01-24 01:41:14.805906,0x433e9c88,98,4.166,11.688333,0.8856666,,,,,3
2026-01-24 01:42:05.933430,0xbd50376c,101,4.213,17.431665,1.0895277,6.0,-74,,3,3
2026-01-24 01:42:14.973191,0x433e9c88,100,4.192,19.458332,0.9045834,,,,,3
2026-01-24 01:42:29.984087,0x433b0b38,97,4.161,18.323334,3.6762497,6.0,-77,,5,5
2026-01-24 01:43:14.934445,0x433e9c88,100,4.19,11.961666,0.86925,,,,,3
2026-01-24 01:44:14.933566,0x433e9c88,101,4.224,9.991667,0.87355554,,,,,3
2026-01-24 01:45:14.929923,0x433e9c88,97,4.155,16.228333,0.88816667,,,,,3
2026-01-24 01:45:45.373155,0x433aad0c,101,4.246,14.285,3.0435834,5.75,-70,,3,3
2026-01-24 01:46:08.131738,0x433ad35c,97,4.159,13.193333,3.112028,5.75,-59,,3,3
2026-01-24 01:46:15.165941,0x433e9c88,97,4.161,13.959999,0.88816667,,,,,3
2026-01-24 01:47:02.306813,0x433af380,98,4.175,14.333333,3.135472,6.0,-34,,3,3
2026-01-24 01:47:15.084960,0x433e9c88,99,4.187,13.715,0.9239722,,,,,3
2026-01-24 01:48:15.173227,0x433e9c88,99,4.176,15.666667,0.9239722,,,,,3
2026-01-24 01:48:30.204147,0x433b0b38,99,4.178,12.261666,3.7624722,5.75,-76,,5,5
2026-01-24 01:49:15.142615,0x433e9c88,99,4.179,11.961666,0.9531944,,,,,3
2026-01-24 01:50:15.350214,0x433e9c88,100,4.193,9.991667,0.9531944,,,,,3
2026-01-24 01:51:15.407513,0x433e9c88,100,4.198,18.595,0.92169446,,,,,3
2026-01-24 01:51:48.800431,0x433aad0c,100,4.198,8.401667,2.9925556,5.75,-76,,3,2
2026-01-24 01:52:08.862694,0x433ad35c,101,4.214,15.4383335,3.13075,6.0,-59,,3,3
2026-01-24 01:52:15.392368,0x433e9c88,98,4.175,16.531668,0.9385556,,,,,3
2026-01-24 01:53:15.327442,0x433e9c88,100,4.197,10.868333,0.93425,,,,,3
2026-01-24 01:54:15.453446,0x433e9c88,101,4.21,14.531666,0.9007222,,,,,3
2026-01-24 01:54:30.277637,0x433b0b38,97,4.154,14.531666,3.7038333,6.0,-76,,5,5
2026-01-24 01:55:15.565317,0x433e9c88,101,4.201,13.658333,0.8653889,,,,,3
2026-01-24 01:56:15.538504,0x433e9c88,100,4.197,9.991667,0.8653889,,,,,3
2026-01-24 01:57:06.629959,0x433af380,100,4.194,11.673333,3.1990278,5.75,-34,,3,3
2026-01-24 01:57:15.659943,0x433e9c88,101,4.208,19.131666,0.8653889,,,,,3
2026-01-24 01:57:42.916874,0x433aad0c,89,4.047,12.646667,3.0768332,5.75,-70,,3,3
2026-01-24 01:58:08.650694,0x433ad35c,97,4.153,11.961666,3.1309724,6.0,-59,,3,3
2026-01-24 01:58:15.681722,0x433e9c88,101,4.226,13.931666,0.8464722,,,,,3
2026-01-24 01:59:15.697740,0x433e9c88,98,4.172,9.991667,0.8111389,,,,,3
2026-01-24 02:00:15.648863,0x433e9c88,98,4.172,15.666667,0.84466666,,,,,3
2026-01-24 02:00:30.525683,0x433b0b38,99,4.179,14.531666,3.6724164,6.5,-76,,5,5
2026-01-24 02:01:15.694986,0x433e9c88,100,4.192,13.658333,0.8592778,,,,,3
2026-01-24 14:02:57.316441,0x433e9c88,101,4.201,6.5133333,1.2071389,,,,3,3
2026-01-24 14:03:57.485160,0x433e9c88,99,4.188,6.5133333,1.2174444,,,,,3
2026-01-24 14:04:18.556340,0x433aad0c,101,4.214,13.223333,3.5424166,5.25,-82,,3,3
2026-01-24 14:04:49.259388,0x433ad35c,99,4.182,13.166666,2.5089445,5.5,-60,,3,3
2026-01-24 14:04:57.630080,0x433e9c88,98,4.166,13.081667,1.2197223,,,,,3
2026-01-24 14:05:57.526465,0x433e9c88,100,4.196,15.466666,1.1909722,,,,,3
2026-01-24 14:06:57.640876,0x433e9c88,101,4.222,11.113334,1.1722778,,,,,3
2026-01-24 14:07:10.019994,0x433b0b38,96,4.138,10.65,3.1235833,5.0,-78,,5,5
2026-01-24 14:07:23.239645,0x433af380,99,4.184,12.925,3.0540001,6.75,-34,,3,3
2026-01-24 14:07:57.718771,0x433e9c88,101,4.221,13.386667,1.1455555,,,,,3
2026-01-24 14:08:57.781057,0x433e9c88,101,4.242,9.991667,1.1455555,,,,,3
2026-01-24 14:09:57.795765,0x433e9c88,100,4.19,9.128334,1.1305,,,,,3
2026-01-24 14:10:17.233405,0x433aad0c,101,4.225,14.411667,3.680889,5.5,-85,,3,3
2026-01-24 14:10:49.440800,0x433ad35c,100,4.196,16.381666,2.498222,6.75,-59,,3,3
2026-01-24 14:10:57.911938,0x433e9c88,99,4.179,14.586666,1.1264167,,,,,3
2026-01-24 14:11:58.242730,0x433e9c88,90,4.061,8.401667,1.1385278,,,,,3
2026-01-24 14:12:58.418971,0x433e9c88,100,4.198,8.81,1.1286944,,,,,3
2026-01-24 14:13:10.259639,0x433b0b38,100,4.199,10.783334,3.17075,6.75,-78,,5,5
2026-01-24 14:13:58.266587,0x433e9c88,101,4.22,6.1433334,1.1601667,,,,,3
2026-01-24 14:14:58.712537,0x433e9c88,99,4.179,9.115,1.1601667,,,,,3
2026-01-24 14:15:58.561365,0x433e9c88,98,4.172,9.335,1.1818612,,,,,3
2026-01-24 14:16:17.469002,0x433aad0c,101,4.232,11.389999,3.8156946,6.0,-84,,3,3
2026-01-24 14:16:49.689398,0x433ad35c,97,4.161,11.663333,2.4829443,5.75,-59,,3,3
2026-01-24 14:16:58.866958,0x433e9c88,101,4.221,8.06,1.1861668,,,,,3
2026-01-24 14:17:23.020330,0x433af380,96,4.145,12.403334,3.0236945,6.0,-34,,3,3
2026-01-24 14:17:58.715951,0x433e9c88,101,4.201,5.528333,1.1861668,,,,,3
2026-01-24 14:18:17.660831,0xbd50376c,101,4.218,15.11,1.0098889,6.0,-73,,3,3
2026-01-24 14:18:58.862913,0x433e9c88,101,4.213,5.145,1.1825278,,,,,3
2026-01-24 14:19:10.527101,0x433b0b38,99,4.189,14.455,3.1698334,6.5,-79,,5,5
2026-01-24 14:19:59.246728,0x433e9c88,101,4.203,14.781668,1.1517222,,,,,3
2026-01-24 14:20:59.198293,0x433e9c88,99,4.176,12.508333,1.1330278,,,,,3
2026-01-24 14:21:59.301825,0x433e9c88,97,4.16,11.851666,1.1330278,,,,,3
2026-01-24 14:22:17.755999,0x433aad0c,101,4.236,9.856667,3.9094725,4.75,-83,,3,3
2026-01-24 14:22:49.970662,0x433ad35c,97,4.161,11.826667,2.477611,5.5,-59,,3,3
2026-01-24 14:22:59.264109,0x433e9c88,101,4.229,11.635,1.1022222,,,,,3
2026-01-24 14:23:59.296745,0x433e9c88,100,4.192,8.84,1.0778333,,,,,3
2026-01-24 14:24:59.273711,0x433e9c88,101,4.221,10.634999,1.0283333,,,,,3
2026-01-24 14:25:16.362541,0x433b0b38,97,4.158,10.046667,3.2338333,6.25,-73,,5,4
2026-01-24 14:25:59.368819,0x433e9c88,101,4.205,14.003333,1.0119166,,,,,3
2026-01-24 14:26:59.529983,0x433e9c88,97,4.149,8.02,0.99572223,,,,,3
2026-01-24 14:27:23.084201,0x433af380,101,4.206,17.01,2.948,5.75,-34,,3,3
2026-01-24 14:27:59.396388,0x433e9c88,101,4.206,10.045,0.94575,,,,,3
2026-01-24 14:28:17.994311,0x433aad0c,100,4.192,11.718333,4.087611,6.0,-82,,3,3
2026-01-24 14:28:50.288277,0x433ad35c,99,4.188,11.69,2.439278,5.75,-59,,3,3
2026-01-24 14:28:59.567792,0x433e9c88,98,4.168,8.663333,0.9411944,,,,,3
2026-01-24 14:29:59.493009,0x433e9c88,101,4.23,7.17,0.92249995,,,,,3
2026-01-24 14:30:59.701861,0x433e9c88,101,4.211,9.934999,0.9103889,,,,,3
2026-01-24 14:31:12.087205,0x433b0b38,99,4.188,10.071667,3.3177779,5.25,-78,,5,5
2026-01-24 14:31:59.617430,0x433e9c88,101,4.216,5.9666667,0.92680556,,,,,3
2026-01-24 14:32:59.787956,0x433e9c88,101,4.206,6.3766665,0.9455,,,,,3
2026-01-24 14:33:59.741187,0x433e9c88,100,4.193,3.9966664,0.9302222,,,,,3
2026-01-24 14:34:18.282638,0x433aad0c,101,4.216,12.128333,4.1474166,4.25,-84,,3,3
2026-01-24 14:34:50.416540,0x433ad35c,97,4.151,14.098332,2.5124166,7.25,-59,,3,3
2026-01-24 14:34:59.747102,0x433e9c88,100,4.2,15.246667,0.92749995,,,,,3
2026-01-24 14:35:59.866140,0x433e9c88,101,4.201,15.383333,0.91744447,,,,,3
2026-01-24 14:36:59.974485,0x433e9c88,101,4.219,12.785,0.89875,,,,,3
2026-01-24 14:37:11.667206,0x433b0b38,98,4.162,10.12,3.3360276,6.0,-77,,5,5
2026-01-24 14:37:23.260981,0x433af380,97,4.158,11.583333,2.8946388,6.0,-34,,3,3
2026-01-24 14:38:00.044070,0x433e9c88,98,4.175,13.361667,0.8636389,,,,,3
2026-01-24 14:39:00.183249,0x433e9c88,101,4.213,13.044999,0.86772215,,,,3,3
2026-01-24 14:40:00.138035,0x433e9c88,100,4.192,12.073334,0.88461107,,,,,3
2026-01-24 14:40:18.522880,0x433aad0c,101,4.207,12.781666,4.1426945,4.25,-83,,3,3
2026-01-24 14:40:50.649943,0x433ad35c,99,4.179,14.751667,2.6631389,5.75,-58,,3,3
2026-01-24 14:41:00.178723,0x433e9c88,101,4.201,13.328333,0.88916665,,,,,3
2026-01-24 14:42:00.376067,0x433e9c88,99,4.181,8.596667,0.8770555,,,,,3
2026-01-24 14:43:00.228236,0x433e9c88,99,4.181,7.773333,0.8649444,,,,,3
2026-01-24 14:43:12.660874,0x433b0b38,101,4.219,7.39,3.3471391,6.25,-76,,5,5
2026-01-24 14:44:00.452826,0x433e9c88,98,4.165,7.7200003,0.84444445,,,,,3
2026-01-24 14:45:00.455973,0x433e9c88,101,4.217,11.633333,0.86313885,,,,,3
2026-01-24 14:46:00.367524,0x433e9c88,98,4.175,12.345,0.8485278,,,,,3
2026-01-24 14:46:18.771497,0x433aad0c,101,4.229,13.66,4.2802777,4.75,-84,,3,3
2026-01-24 14:46:50.938277,0x433ad35c,101,4.206,11.69,2.7335556,6.0,-59,,3,3
2026-01-24 14:47:00.501218,0x433e9c88,99,4.183,13.66,0.8485278,,,,,3
2026-01-24 14:47:23.472415,0x433af380,97,4.149,12.720001,2.748139,5.75,-34,,3,3
2026-01-24 14:48:00.460413,0x433e9c88,99,4.179,13.961667,0.8298334,,,,,3
2026-01-24 14:49:00.540961,0x433e9c88,99,4.189,11.963333,0.8298334,,,,,3
2026-01-24 14:49:14.254488,0x433b0b38,101,4.223,4.996667,3.33325,5.25,-81,,5,5
2026-01-24 14:50:00.662574,0x433e9c88,99,4.186,11.69,0.79472226,,,,,3
2026-01-24 14:51:00.693136,0x433e9c88,98,4.171,13.66,0.78261113,,,,,3
2026-01-24 14:52:00.741964,0x433e9c88,101,4.218,12.690001,0.7639167,,,,,3
2026-01-24 14:52:22.067979,0x433aad0c,98,4.174,7.9666667,4.2976665,4.25,-85,,3,3
2026-01-24 14:52:51.147028,0x433ad35c,100,4.192,13.458334,2.8654444,6.25,-59,,3,3
2026-01-24 14:53:00.717011,0x433e9c88,101,4.205,16.413334,0.78033334,,,,,3
2026-01-24 14:54:00.949942,0x433e9c88,101,4.202,11.963333,0.77194446,,,,,3
2026-01-24 14:54:23.003946,0xbd50376c,100,4.197,10.511666,0.7966944,5.0,-82,,3,3
2026-01-24 14:55:00.970709,0x433e9c88,101,4.206,17.656666,0.75733334,,,,,3
2026-01-24 14:55:15.009798,0x433b0b38,101,4.206,18.835001,3.463778,5.25,-78,,5,5
2026-01-24 14:56:00.863569,0x433e9c88,99,4.185,15.931667,0.75075,,,,,3
2026-01-24 14:57:01.044386,0x433e9c88,100,4.19,11.005,0.7366111,,,,,3
2026-01-24 14:57:23.700007,0x433af380,99,4.177,15.875,2.7083888,6.0,-33,,3,3
2026-01-24 14:58:00.979387,0x433e9c88,99,4.189,15.14,0.7366111,,,,,3
2026-01-24 14:58:20.865463,0x433aad0c,98,4.165,16.41,4.320639,6.25,-82,,3,3
2026-01-24 14:58:51.888676,0x433ad35c,99,4.176,14.848333,3.0208333,5.75,-59,,3,3
2026-01-24 14:59:01.181021,0x433e9c88,99,4.189,13.793333,0.77672225,,,,,3
2026-01-24 15:00:01.040899,0x433e9c88,99,4.181,12.8,0.79541665,,,,,3
2026-01-24 15:01:01.265048,0x433e9c88,97,4.153,15.466666,0.7908611,,,,,3
2026-01-24 15:01:18.093291,0x433b0b38,99,4.181,11.44,3.4961667,6.25,-83,,5,4
2026-01-24 15:02:01.179323,0x433e9c88,97,4.155,14.535,0.76825,,,,,3
2026-01-24 12:02:50.599482,0x433e9c88,77,3.962,12.373333,1.1929166,,,,,3
2026-01-24 12:03:50.573387,0x433e9c88,96,4.139,15.258333,1.174,,,,,3
2026-01-24 12:04:12.188230,0x433aad0c,101,4.214,11.88,3.5301666,4.5,-80,,3,3
2026-01-24 12:04:42.360439,0x433ad35c,100,4.196,13.85,2.8317778,5.5,-59,,3,3
2026-01-24 12:04:50.694454,0x433e9c88,99,4.176,16.805,1.1904167,,,,,3
2026-01-24 12:05:50.631895,0x433e9c88,99,4.183,16.135,1.2050277,,,,,3
2026-01-24 12:06:50.864470,0x433e9c88,97,4.151,15.710001,1.2179999,,,,,3
2026-01-24 12:07:04.742210,0x433b0b38,100,4.194,10.156667,3.3336666,6.5,-78,,5,5
2026-01-24 12:07:20.196081,0x433af380,101,4.233,12.403334,3.003389,5.75,-33,,3,3
2026-01-24 12:07:50.817213,0x433e9c88,100,4.199,15.096667,1.2076944,,,,,3
2026-01-24 12:08:50.889223,0x433e9c88,101,4.213,13.398333,1.2268333,,,,,3
2026-01-24 12:09:50.814068,0x433e9c88,101,4.202,15.000001,1.22275,,,,,3
2026-01-24 12:10:12.418184,0x433aad0c,101,4.222,12.756666,3.6304724,5.0,-83,,3,3
2026-01-24 12:10:43.225736,0x433ad35c,101,4.233,12.153334,2.8906946,6.0,-58,,3,3
2026-01-24 12:10:51.011284,0x433e9c88,101,4.204,14.123334,1.208139,,,,,3
2026-01-24 12:11:50.907641,0x433e9c88,100,4.195,12.453333,1.2229722,,,,,3
2026-01-24 12:12:51.089444,0x433e9c88,101,4.22,13.684999,1.2229722,,,,,3
2026-01-24 12:13:05.403364,0x433b0b38,99,4.18,12.549999,3.2926111,5.75,-76,,5,5
2026-01-24 12:13:51.072018,0x433e9c88,97,4.15,15.575001,1.2013333,,,,,3
2026-01-24 12:14:51.175029,0x433e9c88,100,4.197,17.393333,1.1685,,,,3,3
2026-01-24 12:15:51.355472,0x433e9c88,97,4.149,17.023335,1.2225277,,,,,3
2026-01-24 12:16:12.706967,0x433aad0c,101,4.222,12.783334,3.7099168,5.0,-82,,3,3
2026-01-24 12:16:42.889315,0x433ad35c,98,4.172,13.138333,2.8576388,6.25,-59,,3,3
2026-01-24 12:16:51.418106,0x433e9c88,99,4.186,14.123334,1.1723611,,,,,3
2026-01-24 12:17:20.450851,0x433af380,97,4.156,9.405,3.059,5.75,-34,,3,3
2026-01-24 12:17:51.440749,0x433e9c88,97,4.154,14.4800005,1.1539167,,,,,3
2026-01-24 12:18:51.492118,0x433e9c88,96,4.145,13.303333,1.0994167,,,,,3
2026-01-24 12:19:05.255075,0x433b0b38,101,4.205,11.06,3.3680553,5.75,-76,,5,5
2026-01-24 12:19:51.538198,0x433e9c88,101,4.215,13.85,1.0683888,,,,,3
2026-01-24 12:20:51.561297,0x433e9c88,101,4.205,12.37,1.1169722,,,,,3
2026-01-24 12:21:51.574742,0x433e9c88,100,4.198,14.616667,1.1023611,,,,,3
2026-01-24 12:22:12.908540,0x433aad0c,101,4.208,11.238334,3.6745276,5.0,-82,,3,3
2026-01-24 12:22:43.089182,0x433ad35c,98,4.168,13.235,2.8941944,6.25,-60,,3,3
2026-01-24 12:22:51.622897,0x433e9c88,91,4.077,15.205,1.1513889,,,,,3
2026-01-24 12:23:51.653144,0x433e9c88,98,4.17,17.231667,1.1725833,,,,,3
2026-01-24 12:24:51.827582,0x433e9c88,101,4.208,13.959999,1.1723611,,,,,3
2026-01-24 12:25:05.540426,0x433b0b38,97,4.15,11.716667,3.3829443,5.0,-78,,5,5
2026-01-24 12:25:51.843623,0x433e9c88,100,4.194,13.823334,1.1869723,,,,,3
2026-01-24 12:26:51.854617,0x433e9c88,101,4.216,12.343333,1.1869723,,,,,3
2026-01-24 12:27:20.665744,0x433af380,98,4.165,14.943333,3.0513887,6.0,-33,,3,3
2026-01-24 12:27:51.787360,0x433e9c88,98,4.166,14.341667,1.1525278,,,,,3
2026-01-24 12:28:13.252130,0x433aad0c,101,4.244,13.233334,3.6093056,4.25,-81,,3,3
2026-01-24 12:28:43.327260,0x433ad35c,100,4.191,13.124999,2.8000278,5.75,-59,,3,3
2026-01-24 12:28:51.857362,0x433e9c88,101,4.226,15.095,1.1671388,,,,,3
2026-01-24 12:29:51.899109,0x433e9c88,100,4.19,15.231666,1.1628333,,,,,3
2026-01-24 12:30:14.478570,0xbd50376c,100,4.196,16.34,1.3671666,6.25,-73,,3,3
2026-01-24 12:30:51.978612,0x433e9c88,100,4.199,15.246667,1.1482222,,,,,3
2026-01-24 12:31:05.699963,0x433b0b38,101,4.212,15.246667,3.4283056,6.0,-78,,5,5
2026-01-24 12:31:51.973201,0x433e9c88,101,4.228,13.138333,1.1500278,,,,,3
2026-01-24 12:32:52.138497,0x433e9c88,98,4.173,12.096666,1.2006389,,,,,3
2026-01-24 12:33:52.094507,0x433e9c88,98,4.162,14.123334,1.1796666,,,,,3
2026-01-24 12:34:13.392576,0x433aad0c,101,4.249,11.88,3.6377501,5.25,-82,,3,3
2026-01-24 12:34:43.712603,0x433ad35c,99,4.177,15.931667,2.7470832,6.5,-59,,3,3
2026-01-24 12:34:52.289331,0x433e9c88,101,4.216,17.901667,1.1796666,,,,,3
2026-01-24 12:35:52.228902,0x433e9c88,99,4.178,14.123334,1.1796666,,,,,3
2026-01-24 12:36:52.389633,0x433e9c88,101,4.225,12.29,1.1835278,,,,,3
2026-01-24 12:37:05.931654,0x433b0b38,99,4.179,10.046667,3.4639165,5.5,-79,,5,5
2026-01-24 12:37:20.763887,0x433af380,99,4.185,13.403334,3.007111,6.75,-33,,3,3
2026-01-24 12:37:52.314743,0x433e9c88,99,4.179,16.066666,1.1903334,,,,,3
2026-01-24 12:38:52.318467,0x433e9c88,99,4.182,14.303334,1.1903334,,,,,3
2026-01-24 12:39:52.364468,0x433e9c88,97,4.148,13.686667,1.1588333,,,,,3
2026-01-24 12:40:13.664607,0x433aad0c,101,4.249,12.578334,3.588028,3.5,-85,,3,3
2026-01-24 12:40:43.847804,0x433ad35c,99,4.185,14.383334,2.8526387,6.25,-58,,3,3
2026-01-24 12:40:52.410530,0x433e9c88,101,4.213,16.353333,1.1237222,,,,,3
2026-01-24 12:41:52.605496,0x433e9c88,101,4.222,12.263333,1.1280278,,,,,3
2026-01-24 12:42:52.500403,0x433e9c88,101,4.231,13.521667,1.0976666,,,,,3
2026-01-24 12:43:06.281655,0x433b0b38,100,4.199,10.156667,3.5110836,6.0,-77,,5,5
2026-01-24 12:43:52.548350,0x433e9c88,99,4.187,15.138334,1.07875,,,,,3
2026-01-24 12:44:52.775578,0x433e9c88,99,4.187,14.888332,1.07875,,,,,3
2026-01-24 12:45:52.762146,0x433e9c88,101,4.224,15.808333,1.0928888,,,,,3
2026-01-24 12:46:13.859607,0x433aad0c,99,4.187,12.43,3.6481667,5.0,-82,,3,3
2026-01-24 12:46:44.153280,0x433ad35c,101,4.218,12.016666,2.9617221,6.25,-59,,3,3
2026-01-24 12:46:52.684528,0x433e9c88,101,4.225,17.226665,1.1282222,,,,,3
2026-01-24 12:47:21.173596,0x433af380,99,4.182,15.698333,3.0059445,5.75,-34,,3,3
2026-01-24 12:47:52.922272,0x433e9c88,98,4.168,14.261666,1.1307222,,,,,3
2026-01-24 12:48:52.972153,0x433e9c88,101,4.216,12.29,1.1163334,,,,,3
2026-01-24 12:49:06.545822,0x433b0b38,98,4.162,12.29,3.4878056,6.0,-77,,5,5
2026-01-24 12:49:52.942243,0x433e9c88,98,4.174,13.713333,1.1206388,,,,,3
2026-01-24 12:50:53.142384,0x433e9c88,98,4.163,13.398333,1.0809722,,,,3,3
2026-01-24 12:51:53.092257,0x433e9c88,101,4.209,15.001667,1.0978612,,,,,3
2026-01-24 12:52:14.099846,0x433aad0c,101,4.253,11.773334,3.7080002,4.5,-83,,3,3
2026-01-24 12:52:45.247182,0x433ad35c,96,4.145,12.893334,2.9172502,7.0,-58,,3,3
2026-01-24 12:52:53.276616,0x433e9c88,98,4.167,13.959999,1.1311667,,,,,3
2026-01-24 12:53:53.288413,0x433e9c88,98,4.163,12.238334,1.164,,,,,3
2026-01-24 12:54:53.344046,0x433e9c88,99,4.178,13.66,1.1826944,,,,,3
2026-01-24 12:55:06.669811,0x433b0b38,98,4.164,11.416667,3.491722,5.5,-78,,5,5
2026-01-24 12:55:53.297324,0x433e9c88,99,4.188,13.36,1.2153056,,,,,3
2026-01-24 12:56:53.300203,0x433e9c88,101,4.241,12.343333,1.1869999,,,,,3
2026-01-24 12:57:21.534398,0x433af380,101,4.203,17.146666,3.0736945,6.5,-33,,3,3
2026-01-24 12:57:53.333316,0x433e9c88,101,4.245,14.288333,1.2059166,,,,,3
2026-01-24 12:58:14.346611,0x433aad0c,101,4.212,12.045,3.7048888,6.0,-83,,3,3
2026-01-24 12:58:46.583602,0x433ad35c,101,4.227,11.14,2.741389,5.75,-59,,3,3
2026-01-24 12:58:53.377501,0x433e9c88,101,4.229,13.986667,1.2054722,,,,,3
2026-01-24 12:59:53.467789,0x433e9c88,98,4.164,14.5633335,1.2079722,,,,,3
2026-01-24 13:00:53.469695,0x433e9c88,101,4.201,14.546667,1.2079722,,,,,3
2026-01-24 13:01:07.460831,0x433b0b38,97,4.16,12.303333,3.5190556,5.75,-77,,5,5
2026-01-24 13:01:53.586253,0x433e9c88,101,4.22,13.275001,1.1769999,,,,,3
2026-01-25 09:03:10.264202,0x433e9c88,99,4.181,13.138333,0.69058335,,,,,3
2026-01-25 09:04:10.151955,0x433e9c88,101,4.232,10.0199995,0.72411114,,,,,3
2026-01-25 09:05:10.337711,0x433e9c88,101,4.204,11.688333,0.74075,,,,,3
2026-01-25 09:05:13.536063,0x433aad0c,98,4.171,13.7,3.3225,5.75,-69,,3,3
2026-01-25 09:05:52.779807,0x433ad35c,99,4.185,14.535,3.1110277,6.75,-57,,3,3
2026-01-25 09:06:10.275888,0x433e9c88,98,4.17,19.445,0.7906945,,,,,3
2026-01-25 09:07:10.317874,0x433e9c88,101,4.216,18.785,0.7906945,,,,,3
2026-01-25 09:08:00.720953,0x433af380,97,4.157,4.9283333,3.2361112,6.0,-34,,3,3
2026-01-25 09:08:10.514949,0x433e9c88,101,4.213,11.990001,0.7906945,,,,,3
2026-01-25 09:08:11.952822,0x433b0b38,98,4.164,11.990001,3.9780278,5.75,-77,,5,5
2026-01-25 09:09:10.542801,0x433e9c88,98,4.169,13.808334,0.7717778,,,,,3
2026-01-25 09:10:10.455367,0x433e9c88,99,4.179,13.958333,0.7906945,,,,,3
2026-01-25 09:11:10.499441,0x433e9c88,98,4.168,11.961666,0.8096111,,,,,3
2026-01-25 09:11:14.701607,0x433aad0c,93,4.097,11.893333,3.3243332,5.5,-70,,3,3
2026-01-25 09:11:52.985812,0x433ad35c,98,4.172,15.066667,3.2036111,7.25,-56,,3,3
2026-01-25 09:12:10.549806,0x433e9c88,98,4.174,16.201666,0.8096111,,,,,3
2026-01-25 09:13:10.677861,0x433e9c88,96,4.145,14.273334,0.82852775,,,,,3
2026-01-25 09:14:10.826110,0x433e9c88,96,4.139,9.691667,0.8260278,,,,,3
2026-01-25 09:14:12.628595,0x433b0b38,99,4.188,10.418333,3.9805553,5.25,-78,,5,5
2026-01-25 09:15:10.744729,0x433e9c88,98,4.173,13.958333,0.8449445,,,,,3
2026-01-25 09:16:10.919304,0x433e9c88,101,4.212,11.126666,0.8449445,,,,3,3
2026-01-25 09:17:11.058173,0x433e9c88,101,4.226,9.881666,0.86183333,,,,,3
2026-01-25 09:17:14.324102,0x433aad0c,100,4.2,9.881666,3.19675,6.0,-70,,3,3
2026-01-25 09:17:52.896029,0x433ad35c,97,4.153,13.971667,3.1003335,5.5,-57,,3,3
2026-01-25 09:17:59.982175,0x433af380,101,4.203,9.54,3.3629167,6.25,-34,,3,3
2026-01-25 09:18:11.001360,0x433e9c88,100,4.191,18.199999,0.89716667,,,,,3
2026-01-25 09:19:10.980600,0x433e9c88,101,4.201,14.806667,0.91608334,,,,,3
2026-01-25 09:20:11.189931,0x433e9c88,101,4.206,15.138334,0.91608334,,,,,3
2026-01-25 09:20:12.705943,0x433b0b38,95,4.12,15.138334,4.0140834,6.0,-78,,5,5
2026-01-25 09:21:11.139820,0x433e9c88,98,4.172,15.326667,0.91608334,,,,,3
2026-01-25 09:22:11.149556,0x433e9c88,101,4.208,13.138333,0.91608334,,,,,3
2026-01-25 09:23:11.352958,0x433e9c88,98,4.175,9.881666,0.91608334,,,,,3
2026-01-25 09:23:14.521958,0x433aad0c,99,4.185,9.881666,3.13575,5.75,-69,,3,3
2026-01-25 09:23:52.353979,0x433ad35c,97,4.152,15.123333,3.1210277,5.75,-57,,3,3
2026-01-25 09:24:11.273394,0x433e9c88,101,4.217,17.353334,0.89966667,,,,,3
2026-01-25 09:25:11.479507,0x433e9c88,99,4.18,12.823333,0.8704444,,,,,3
2026-01-25 09:26:11.428100,0x433e9c88,98,4.175,9.881666,0.8704444,,,,,3
2026-01-25 09:26:12.669422,0x433b0b38,98,4.175,9.881666,4.032111,5.25,-77,,5,5
2026-01-25 09:27:11.375324,0x433e9c88,99,4.176,12.233334,0.88686115,,,,,3
2026-01-25 09:28:00.172307,0x433af380,101,4.206,13.536666,3.206222,6.25,-35,,3,3
2026-01-25 09:28:11.542417,0x433e9c88,98,4.165,13.153334,0.8934445,,,,,3
2026-01-25 09:29:11.468204,0x433e9c88,101,4.225,10.8116665,0.8934445,,,,,3
2026-01-25 09:29:15.305962,0x433aad0c,100,4.199,11.688333,3.2004166,6.25,-71,,3,3
2026-01-25 09:29:54.552125,0x433ad35c,101,4.213,16.654999,3.0468888,5.75,-58,,3,3
2026-01-25 09:30:11.649736,0x433e9c88,101,4.209,15.1883335,0.9244722,,,,,3
2026-01-25 09:30:35.049126,0xbd50376c,100,4.196,19.333332,1.0371389,5.25,-72,,3,3
2026-01-25 09:31:11.678547,0x433e9c88,100,4.195,16.311666,0.9433889,,,,,3
2026-01-25 09:32:11.715358,0x433e9c88,101,4.218,10.868333,0.91236115,,,,,3
2026-01-25 09:32:14.967863,0x433b0b38,98,4.166,9.991667,4.0150003,5.25,-70,,5,5
2026-01-25 09:33:11.712702,0x433e9c88,96,4.143,14.205,0.91236115,,,,,3
2026-01-25 09:34:11.830949,0x433e9c88,96,4.139,11.358334,0.91236115,,,,,3
2026-01-25 09:35:12.114682,0x433e9c88,101,4.205,9.9366665,0.93105555,,,,,3
2026-01-25 09:35:15.387638,0x433aad0c,100,4.194,11.661667,3.1911943,6.5,-71,,3,3
2026-01-25 09:35:53.674230,0x433ad35c,98,4.175,14.766666,3.04425,7.0,-51,,3,3
2026-01-25 09:36:12.123665,0x433e9c88,99,4.176,14.313333,0.94975,,,,,3
2026-01-25 09:37:12.235410,0x433e9c88,101,4.204,11.358334,0.98280555,,,,,3
2026-01-25 09:38:00.804825,0x433af380,99,4.18,9.0633335,3.1350558,5.5,-39,,3,3
2026-01-25 09:38:12.249725,0x433e9c88,101,4.222,10.238333,0.9681945,,,,,3
2026-01-25 09:38:13.616685,0x433b0b38,96,4.144,11.991667,3.9425,5.5,-72,,5,5
2026-01-25 09:39:12.153362,0x433e9c88,97,4.161,10.481667,0.95177776,,,,,3
2026-01-25 09:40:12.195866,0x433e9c88,99,4.183,9.059999,0.96638894,,,,,3
2026-01-25 09:41:12.222207,0x433e9c88,96,4.142,6.458333,0.9495,,,,,3
2026-01-25 09:41:15.484827,0x433aad0c,94,4.111,9.088334,3.2561388,7.0,-70,,3,3
2026-01-25 09:41:53.130695,0x433ad35c,100,4.19,14.849999,3.0237222,7.5,-53,,3,3
2026-01-25 09:42:12.269142,0x433e9c88,98,4.164,11.603333,0.9481389,,,,,3
2026-01-25 09:43:12.516987,0x433e9c88,99,4.189,7.3349996,0.89955556,,,,,3
2026-01-25 09:44:12.384432,0x433e9c88,97,4.159,10.841667,0.89955556,,,,,3
2026-01-25 09:44:16.493307,0x433b0b38,97,4.158,8.211666,3.8863335,5.5,-71,,5,5
2026-01-25 09:45:12.421006,0x433e9c88,99,4.176,14.233333,0.8806389,,,,,3
2026-01-23 16:01:41.580208,0x433e9c88,101,4.206,9.991667,1.3939723,,,,,3
2026-01-23 16:02:41.570323,0x433e9c88,101,4.24,12.208334,1.3602222,,,,,3
2026-01-23 16:03:12.944891,0x433aad0c,101,4.216,12.700001,2.3464167,5.5,-70,,3,3
2026-01-23 16:03:41.171650,0x433ad35c,101,4.219,13.330001,2.4755833,6.75,-58,,3,3
2026-01-23 16:03:41.698989,0x433e9c88,101,4.205,15.191667,1.3415278,,,,,3
2026-01-23 16:04:41.573135,0x433e9c88,101,4.209,11.661667,1.3127778,,,,,3
2026-01-23 16:05:36.987488,0xbd50376c,101,4.203,16.533333,2.0234444,5.75,-74,,3,3
2026-01-23 16:05:41.619536,0x433e9c88,99,4.179,14.290001,1.3976389,,,,,3
2026-01-23 16:05:58.352562,0x433b0b38,99,4.184,16.288332,3.2200277,6.25,-73,,5,5
2026-01-23 16:06:41.692518,0x433e9c88,98,4.162,15.083334,1.4825001,,,,,3
2026-01-23 16:06:45.690960,0x433af380,101,4.207,14.673333,3.2020278,6.0,-33,,3,3
2026-01-23 16:07:41.794129,0x433e9c88,98,4.174,11.991667,1.4638056,,,,,3
2026-01-23 16:08:41.760526,0x433e9c88,97,4.159,16.533333,1.4638056,,,,,3
2026-01-23 16:09:13.014709,0x433aad0c,101,4.222,10.426666,2.3045833,5.75,-70,,3,3
2026-01-23 16:09:39.514514,0x433ad35c,100,4.198,14.286667,2.4986668,6.0,-58,,3,3
2026-01-23 16:09:41.840722,0x433e9c88,97,4.159,15.271667,1.4615278,,,,,3
2026-01-23 16:10:41.850211,0x433e9c88,97,4.154,9.991667,1.4852778,,,,,3
2026-01-23 16:11:41.970150,0x433e9c88,98,4.165,12.236667,1.4952778,,,,,3
2026-01-23 16:11:58.362610,0x433b0b38,99,4.189,14.4800005,3.1409166,5.75,-76,,5,5
2026-01-23 16:12:41.938466,0x433e9c88,98,4.172,14.206667,1.4852778,,,,,3
2026-01-23 16:13:42.070796,0x433e9c88,101,4.219,9.965,1.49375,,,,,3
2026-01-23 16:14:42.225692,0x433e9c88,97,4.161,13.248333,1.4620278,,,,,3
2026-01-23 16:15:16.665413,0x433aad0c,98,4.171,20.01,2.2243056,5.25,-75,,3,2
2026-01-23 16:15:39.712244,0x433ad35c,101,4.203,21.021667,2.54475,6.0,-58,,3,3
2026-01-23 16:15:42.251392,0x433e9c88,97,4.16,16.503334,1.4953333,,,,,3
2026-01-23 16:16:42.293884,0x433e9c88,97,4.158,9.965,1.5081389,,,,,3
2026-01-23 16:16:47.474790,0x433af380,97,4.159,11.266666,3.3745556,7.5,-34,,3,3
2026-01-23 16:17:42.205115,0x433e9c88,101,4.225,12.33,1.4935278,,,,,3
2026-01-23 16:17:58.595006,0x433b0b38,101,4.203,14.478333,3.149583,5.75,-76,,5,5
2026-01-23 16:18:42.419290,0x433e9c88,101,4.218,17.131666,1.4935278,,,,,3
2026-01-23 16:19:42.377592,0x433e9c88,101,4.207,9.088334,1.4894445,,,,,3
2026-01-23 16:20:42.433103,0x433e9c88,99,4.178,12.563333,1.4543055,,,,,3
2026-01-23 16:21:13.522310,0x433aad0c,99,4.189,12.371667,2.2096944,5.75,-70,,3,3
2026-01-23 16:21:40.124206,0x433ad35c,98,4.164,12.425,2.5953612,5.5,-59,,3,3
2026-01-23 16:21:42.768416,0x433e9c88,101,4.204,15.271667,1.4707222,,,,,3
2026-01-23 16:22:42.926164,0x433e9c88,99,4.189,9.143333,1.4853333,,,,,3
2026-01-23 16:23:43.261330,0x433e9c88,101,4.227,14.345,1.4725555,,,,,3
2026-01-23 16:23:58.882588,0x433b0b38,99,4.176,16.588333,3.1450279,5.5,-76,,5,5
2026-01-23 16:24:43.144383,0x433e9c88,100,4.2,15.903333,1.4871666,,,,,3
2026-01-23 16:25:43.310246,0x433e9c88,100,4.199,12.51,1.4871666,,,,3,3
2026-01-23 16:26:43.383319,0x433e9c88,101,4.214,12.358334,1.5335,,,,,3
2026-01-23 16:26:46.004931,0x433af380,96,4.139,11.741667,3.403639,7.0,-33,,3,3
2026-01-23 16:27:13.310542,0x433aad0c,100,4.191,15.083334,2.0990279,5.25,-71,,3,3
2026-01-23 16:27:40.195111,0x433ad35c,101,4.222,14.5616665,2.649139,5.75,-58,,3,3
2026-01-23 16:27:43.498920,0x433e9c88,101,4.206,18.503334,1.53625,,,,,3
2026-01-23 16:28:43.536975,0x433e9c88,98,4.165,9.908334,1.5216389,,,,,3
2026-01-23 16:29:43.641096,0x433e9c88,97,4.159,11.6866665,1.5070279,,,,,3
2026-01-23 16:29:59.166499,0x433b0b38,97,4.161,17.380001,3.1783335,5.5,-76,,5,5
2026-01-23 16:30:43.683882,0x433e9c88,100,4.193,12.425,1.5029167,,,,,3
2026-01-23 16:31:43.650013,0x433e9c88,97,4.154,8.266666,1.4527222,,,,,3
2026-01-23 16:32:43.628724,0x433e9c88,101,4.215,10.455,1.4007221,,,,,3
2026-01-23 16:33:12.605671,0x433aad0c,101,4.236,7.1166663,2.0816944,5.25,-70,,3,3
2026-01-23 16:33:41.065049,0x433ad35c,98,4.163,16.066666,2.5993335,6.0,-58,,3,3
2026-01-23 16:33:43.841839,0x433e9c88,99,4.189,14.421667,1.4116666,,,,,3
2026-01-23 16:34:43.810232,0x433e9c88,52,3.74,10.8116665,1.4208055,,,,,3
2026-01-23 16:35:43.900781,0x433e9c88,93,4.105,11.331667,1.420361,,,,,3
2026-01-23 16:35:59.363203,0x433b0b38,98,4.174,15.573333,3.2184443,6.0,-75,,5,5
2026-01-23 16:36:43.863633,0x433e9c88,101,4.222,12.425,1.3829722,,,,,3
2026-01-23 16:36:45.034172,0x433af380,90,4.062,14.6050005,3.3813336,5.75,-33,,3,3
2026-01-23 16:37:44.038818,0x433e9c88,100,4.199,8.238334,1.3793334,,,,,3
2026-01-23 16:38:43.965282,0x433e9c88,101,4.219,13.905001,1.3606389,,,,,3
2026-01-23 16:39:12.886901,0x433aad0c,100,4.193,16.148333,2.2457502,5.0,-70,,3,3
2026-01-23 16:39:40.672506,0x433ad35c,99,4.178,15.381667,2.6526668,6.0,-58,,3,3
2026-01-23 16:39:43.951480,0x433e9c88,99,4.185,17.351665,1.3122778,,,,,3
2026-01-23 16:40:44.029201,0x433e9c88,100,4.196,11.661667,1.2748889,,,,,3
2026-01-23 16:41:38.782899,0xbd50376c,100,4.198,12.235,1.8295277,6.25,-73,,3,3
2026-01-23 16:41:44.061767,0x433e9c88,101,4.238,15.986666,1.2748889,,,,,3
2026-01-23 16:41:59.766241,0x433b0b38,100,4.19,17.353334,3.2945833,5.5,-76,,5,5
2026-01-23 16:42:44.160282,0x433e9c88,101,4.201,14.423333,1.2561945,,,,,3
2026-01-23 16:43:44.223643,0x433e9c88,98,4.165,9.088334,1.2521112,,,,,3
2026-01-23 16:44:44.348245,0x433e9c88,99,4.181,12.206667,1.2521112,,,,,3
2026-01-23 16:45:13.092891,0x433aad0c,101,4.216,15.656667,2.2905,5.25,-70,,3,3
2026-01-23 16:45:40.914470,0x433ad35c,97,4.154,15.875,2.7762501,5.75,-59,,3,3
2026-01-23 16:45:44.225171,0x433e9c88,101,4.21,16.12,1.2849444,,,,,3
2026-01-23 16:46:44.388454,0x433e9c88,100,4.199,9.088334,1.2457223,,,,,3
2026-01-23 16:46:44.744453,0x433af380,100,4.195,10.335,3.4479723,7.0,-34,,3,3
2026-01-23 16:47:44.347627,0x433e9c88,98,4.175,10.455,1.2646389,,,,,3
2026-01-23 16:47:59.781047,0x433b0b38,101,4.208,14.451666,3.2188334,5.75,-75,,5,5
2026-01-23 16:48:44.387399,0x433e9c88,98,4.162,14.121667,1.2810556,,,,,3
2026-01-23 16:49:44.432327,0x433e9c88,98,4.172,8.238334,1.2815,,,,,3
2026-01-23 16:50:44.520709,0x433e9c88,99,4.178,10.51,1.2502222,,,,,3
2026-01-23 16:51:13.324939,0x433aad0c,101,4.205,11.908333,2.1093612,5.75,-70,,3,3
2026-01-23 16:51:41.706918,0x433ad35c,100,4.194,15.931667,2.7941113,5.75,-58,,3,3
2026-01-23 16:51:44.521913,0x433e9c88,97,4.157,17.901667,1.2497499,,,,,3
2026-01-23 16:52:44.718017,0x433e9c88,98,4.172,9.965,1.2333056,,,,,3
2026-01-23 16:53:44.616140,0x433e9c88,100,4.192,12.208334,1.2018056,,,,,3
2026-01-23 16:54:00.097003,0x433b0b38,97,4.159,14.451666,3.2024167,5.5,-76,,5,5
2026-01-23 16:54:44.659659,0x433e9c88,98,4.173,15.875,1.1685,,,,,3
2026-01-23 16:55:44.769636,0x433e9c88,99,4.187,11.661667,1.1151389,,,,,3
2026-01-23 16:56:44.925121,0x433af380,99,4.182,14.740001,3.5578058,5.75,-33,,3,3
2026-01-23 16:56:45.202368,0x433e9c88,97,4.155,15.301667,1.0818334,,,,,3
2026-01-23 16:57:13.669859,0x433aad0c,101,4.227,16.423332,2.269,6.75,-71,,3,3
2026-01-23 16:57:42.089056,0x433ad35c,101,4.203,16.231667,2.9226112,5.75,-59,,3,3
2026-01-23 16:57:45.151650,0x433e9c88,101,4.218,16.175001,1.0820556,,,,,3
2026-01-23 16:58:45.265843,0x433e9c88,97,4.152,11.661667,1.0966667,,,,,3
2026-01-23 16:59:45.308768,0x433e9c88,101,4.221,13.99,1.1299722,,,,,3
2026-01-23 17:00:00.450250,0x433b0b38,99,4.178,18.175,3.2708333,6.0,-76,,5,5
2026-01-23 17:00:45.191682,0x433e9c88,99,4.182,15.875,1.1299722,,,,,3
2026-01-25 06:03:01.096484,0x433e9c88,99,4.182,13.396667,0.8126111,,,,,3
2026-01-25 06:04:00.985493,0x433e9c88,96,4.147,11.961666,0.8126111,,,,,3
2026-01-25 06:05:01.185411,0x433e9c88,98,4.162,11.388333,0.8005,,,,,3
2026-01-25 06:05:06.902325,0x433aad0c,101,4.229,11.388333,3.4400833,6.0,-70,,3,3
2026-01-25 06:05:38.611639,0x433ad35c,101,4.209,12.838334,2.9224167,6.25,-56,,3,3
2026-01-25 06:06:01.133877,0x433e9c88,99,4.178,16.011667,0.8155556,,,,,3
2026-01-25 06:07:01.223277,0x433e9c88,101,4.218,16.391666,0.8155556,,,,,3
2026-01-25 06:07:54.219704,0x433af380,100,4.19,13.263332,3.0165,6.0,-34,,3,3
2026-01-25 06:08:01.247561,0x433e9c88,98,4.168,11.825,0.868,,,,,3
2026-01-25 06:08:03.942498,0x433b0b38,97,4.16,14.943333,3.8400278,5.5,-77,,5,5
2026-01-25 06:09:01.301732,0x433e9c88,101,4.201,14.806667,0.88691664,,,,,3
2026-01-25 06:10:01.307188,0x433e9c88,101,4.213,13.764999,0.88691664,,,,,3
2026-01-25 06:11:01.334526,0x433e9c88,101,4.224,9.881666,0.88691664,,,,,3
2026-01-25 06:11:07.060735,0x433aad0c,101,4.234,9.881666,3.4255002,6.25,-70,,3,3
2026-01-25 06:11:38.338688,0x433ad35c,97,4.148,11.593333,2.97775,6.0,-56,,3,3
2026-01-25 06:12:01.381098,0x433e9c88,100,4.191,16.968334,0.9008333,,,,,3
2026-01-25 06:13:01.613228,0x433e9c88,99,4.184,12.986666,0.9008333,,,,,3
2026-01-25 06:14:01.571992,0x433e9c88,99,4.187,10.896667,0.88191664,,,,,3
2026-01-25 06:14:04.229338,0x433b0b38,96,4.141,10.896667,3.7361667,5.75,-79,,5,5
2026-01-25 06:15:01.598965,0x433e9c88,101,4.21,15.875,0.9026667,,,,,3
2026-01-25 06:16:01.696322,0x433e9c88,101,4.209,12.316667,0.9045,,,,3,3
2026-01-25 06:17:01.902776,0x433e9c88,98,4.168,13.566667,0.9213889,,,,,3
2026-01-25 06:17:06.684016,0x433aad0c,100,4.192,12.718333,3.5239167,5.5,-69,,3,3
2026-01-25 06:17:39.293753,0x433ad35c,101,4.216,9.526667,2.9066112,6.0,-56,,3,3
2026-01-25 06:17:54.778162,0x433af380,97,4.16,17.671667,3.1432776,6.0,-34,,3,3
2026-01-25 06:18:01.856106,0x433e9c88,101,4.225,16.091667,0.94213885,,,,,3
2026-01-25 06:19:01.874390,0x433e9c88,99,4.186,16.45,0.9015833,,,,,3
2026-01-25 06:20:02.011750,0x433e9c88,99,4.185,12.398334,0.9015833,,,,,3
2026-01-25 06:20:04.885583,0x433b0b38,101,4.221,12.398334,3.7425556,6.5,-79,,5,5
2026-01-25 06:21:02.129380,0x433e9c88,101,4.222,14.231667,0.9205,,,,,3
2026-01-25 06:22:02.145271,0x433e9c88,99,4.177,12.041666,0.9205,,,,,3
2026-01-25 06:23:02.060714,0x433e9c88,97,4.155,10.868333,0.9394167,,,,,3
2026-01-25 06:23:07.463855,0x433aad0c,98,4.162,10.868333,3.5293612,6.0,-71,,3,3
2026-01-25 06:23:38.889619,0x433ad35c,98,4.164,15.166667,2.9629166,6.0,-56,,3,3
2026-01-25 06:24:02.073743,0x433e9c88,97,4.152,19.406668,0.9558333,,,,,3
2026-01-25 06:25:02.199812,0x433e9c88,101,4.217,16.228333,0.9054445,,,,,3
2026-01-25 06:26:02.166650,0x433e9c88,97,4.16,10.225,0.91844445,,,,,3
2026-01-25 06:26:04.649048,0x433b0b38,99,4.178,10.278333,3.708472,5.5,-77,,5,5
2026-01-25 06:27:02.210578,0x433e9c88,96,4.141,13.986667,0.89611113,,,,,3
2026-01-25 06:27:54.615630,0x433af380,99,4.189,12.673333,3.198917,6.75,-34,,3,3
2026-01-25 06:28:02.425545,0x433e9c88,99,4.189,15.451667,0.9107222,,,,,3
2026-01-25 06:29:02.474620,0x433e9c88,96,4.136,12.593333,0.9107222,,,,,3
2026-01-25 06:29:07.700817,0x433aad0c,100,4.193,12.593333,3.5266666,5.75,-70,,3,3
2026-01-25 06:29:39.166425,0x433ad35c,95,4.13,11.416667,2.9401388,6.25,-57,,3,3
2026-01-25 06:30:02.459220,0x433e9c88,98,4.175,16.941666,0.9107222,,,,,3
2026-01-25 06:30:33.135605,0xbd50376c,101,4.214,17.116667,0.9879445,5.5,-76,,3,3
2026-01-25 06:31:02.394306,0x433e9c88,99,4.176,14.971666,0.92372227,,,,,3
2026-01-25 06:32:02.441883,0x433e9c88,100,4.197,10.0199995,0.9048056,,,,,3
2026-01-25 06:32:04.899888,0x433b0b38,101,4.201,10.0199995,3.7628055,6.0,-78,,5,5
2026-01-25 06:33:02.520883,0x433e9c88,99,4.189,14.231667,0.9590556,,,,,3
2026-01-25 06:34:02.721749,0x433e9c88,100,4.197,14.62,0.9478611,,,,,3
2026-01-25 06:35:02.736069,0x433e9c88,97,4.159,12.593333,0.9337222,,,,,3
2026-01-25 06:35:08.000280,0x433aad0c,98,4.171,12.593333,3.4718335,5.75,-69,,3,3
2026-01-25 06:35:39.355236,0x433ad35c,97,4.148,9.42,2.9728055,6.25,-56,,3,3
2026-01-25 06:36:02.743613,0x433e9c88,101,4.216,15.93,0.95263886,,,,,3
2026-01-25 06:37:02.727209,0x433e9c88,99,4.179,14.835,0.96725,,,,,3
2026-01-25 06:37:54.970500,0x433af380,99,4.185,9.651667,3.22125,5.75,-34,,3,3
2026-01-25 06:38:02.749887,0x433e9c88,97,4.161,11.496667,0.95263886,,,,,3
2026-01-25 06:38:05.141000,0x433b0b38,96,4.139,11.496667,3.7414443,5.75,-76,,5,5
2026-01-25 06:39:02.818818,0x433e9c88,98,4.174,14.863333,0.92297226,,,,,3
2026-01-25 06:40:02.986901,0x433e9c88,101,4.214,13.658333,0.88513887,,,,,3
2026-01-25 06:41:02.887828,0x433e9c88,101,4.205,9.391667,0.86824995,,,,,3
2026-01-25 06:41:08.256786,0x433aad0c,101,4.236,9.391667,3.5126667,5.5,-70,,3,3
2026-01-25 06:41:40.088090,0x433ad35c,98,4.166,14.428334,2.929861,5.75,-56,,3,3
2026-01-25 06:42:03.094742,0x433e9c88,99,4.189,16.548334,0.8803611,,,,,3
2026-01-25 06:43:03.161782,0x433e9c88,91,4.076,12.838334,0.8803611,,,,,3
2026-01-25 06:44:03.202041,0x433e9c88,100,4.192,9.498333,0.8614444,,,,,3
2026-01-25 06:44:05.421453,0x433b0b38,95,4.128,9.498333,3.6034446,6.0,-77,,5,5
2026-01-25 06:45:03.126334,0x433e9c88,97,4.158,16.938334,0.84683335,,,,,3
2026-01-25 06:46:03.236197,0x433e9c88,98,4.163,14.041667,0.82791674,,,,,3
2026-01-25 06:47:03.157769,0x433e9c88,99,4.179,14.08,0.82791674,,,,,3
2026-01-25 06:47:07.903207,0x433aad0c,100,4.2,14.685,3.5013058,5.75,-70,,3,3
2026-01-25 06:47:39.827486,0x433ad35c,98,4.162,13.386667,2.8887222,5.5,-56,,3,3
2026-01-25 06:47:55.027760,0x433af380,98,4.171,16.99,3.2803054,7.0,-34,,3,3
2026-01-25 06:48:03.307957,0x433e9c88,101,4.214,18.655,0.84252775,,,,,3
2026-01-25 06:49:03.316667,0x433e9c88,96,4.143,13.986667,0.80855554,,,,,3
2026-01-25 06:50:03.329629,0x433e9c88,98,4.164,11.993334,0.80855554,,,,,3
2026-01-25 06:50:05.652116,0x433b0b38,98,4.174,11.116667,3.7802777,6.0,-77,,5,5
2026-01-25 06:51:03.479855,0x433e9c88,98,4.164,14.011666,0.8215556,,,,,3
2026-01-25 06:52:03.546314,0x433e9c88,101,4.213,11.990001,0.7837222,,,,3,3
2026-01-25 06:53:03.617319,0x433e9c88,101,4.207,9.991667,0.76708335,,,,,3
2026-01-25 06:53:08.720019,0x433aad0c,101,4.232,9.991667,3.5408888,5.75,-70,,3,3
2026-01-25 06:53:40.085870,0x433ad35c,100,4.192,11.851666,2.9715834,6.5,-57,,3,3
2026-01-25 06:54:03.666263,0x433e9c88,98,4.166,17.063334,0.78349996,,,,,3
2026-01-25 06:55:03.785712,0x433e9c88,98,4.164,14.535,0.78349996,,,,,3
2026-01-25 06:56:03.899031,0x433e9c88,101,4.202,10.758333,0.79811114,,,,,3
2026-01-25 06:56:05.941566,0x433b0b38,98,4.167,10.703334,3.7177498,5.75,-78,,5,5
2026-01-25 06:57:03.757728,0x433e9c88,101,4.206,16.805,0.79811114,,,,,3
2026-01-25 06:57:55.216958,0x433af380,99,4.179,12.195,3.1750555,6.0,-34,,3,3
2026-01-25 06:58:03.803488,0x433e9c88,99,4.178,13.959999,0.8359444,,,,,3
2026-01-25 06:59:03.884490,0x433e9c88,101,4.208,12.891666,0.81905556,,,,,3
2026-01-25 06:59:08.382814,0x433aad0c,101,4.223,12.891666,3.6112223,5.75,-69,,3,3
2026-01-25 06:59:40.367746,0x433ad35c,97,4.148,15.52,2.9071112,6.5,-57,,3,3
2026-01-25 07:00:03.969111,0x433e9c88,99,4.188,19.76,0.8897222,,,,,3
2026-01-25 07:01:03.939548,0x433e9c88,101,4.216,13.465001,0.8854167,,,,,3
2026-01-25 07:02:04.162220,0x433e9c88,101,4.215,10.868333,0.87722224,,,,,3
2026-01-25 07:02:06.172558,0x433b0b38,97,4.157,10.868333,3.7001946,6.25,-78,,5,5
2026-01-24 04:02:22.332416,0x433e9c88,101,4.23,10.018333,1.2200278,,,,,3
2026-01-24 04:03:22.367203,0x433e9c88,100,4.193,17.105,1.1865001,,,,,3
2026-01-24 04:03:48.044984,0x433aad0c,99,4.18,12.261666,3.3086944,5.75,-71,,3,3
2026-01-24 04:04:19.734053,0x433ad35c,100,4.197,11.961666,2.805528,6.25,-58,,3,3
2026-01-24 04:04:22.405053,0x433e9c88,98,4.163,13.931666,1.2011111,,,,,3
2026-01-24 04:05:22.450922,0x433e9c88,97,4.153,11.138333,1.1675833,,,,,3
2026-01-24 04:06:06.707766,0xbd50376c,99,4.189,16.869999,1.1739444,6.0,-74,,3,3
2026-01-24 04:06:22.591229,0x433e9c88,99,4.183,18.57,1.1698611,,,,,3
2026-01-24 04:06:35.943282,0x433b0b38,99,4.18,15.423334,3.550972,6.0,-77,,5,5
2026-01-24 04:07:04.810422,0x433af380,101,4.203,12.335,3.0201943,6.0,-34,,3,3
2026-01-24 04:07:22.780147,0x433e9c88,101,4.225,14.125,1.1721388,,,,,3
2026-01-24 04:08:22.626122,0x433e9c88,98,4.165,11.688333,1.1867499,,,,,3
2026-01-24 04:09:22.679271,0x433e9c88,97,4.153,13.655,1.1489167,,,,,3
2026-01-24 04:09:48.237182,0x433aad0c,99,4.184,12.261666,3.3873055,5.5,-70,,3,3
2026-01-24 04:10:21.346687,0x433ad35c,95,4.13,8.101666,2.7219722,6.0,-59,,3,3
2026-01-24 04:10:22.849312,0x433e9c88,97,4.159,12.07,1.13,,,,,3
2026-01-24 04:11:22.724009,0x433e9c88,100,4.199,9.086667,1.1489167,,,,,3
2026-01-24 04:12:22.769309,0x433e9c88,101,4.21,11.575,1.1450555,,,,,3
2026-01-24 04:12:36.250488,0x433b0b38,98,4.171,11.688333,3.5813332,5.5,-77,,5,5
2026-01-24 04:13:22.816775,0x433e9c88,101,4.216,12.288334,1.1443889,,,,,3
2026-01-24 04:14:22.883459,0x433e9c88,98,4.173,8.238334,1.1128888,,,,,3
2026-01-24 04:15:22.947688,0x433e9c88,99,4.181,18.623333,1.1128888,,,,,3
2026-01-24 04:15:48.500022,0x433aad0c,101,4.213,14.835,3.352111,5.75,-70,,3,3
2026-01-24 04:16:23.290973,0x433e9c88,99,4.176,13.715,1.0957778,,,,,3
2026-01-24 04:16:23.794855,0x433ad35c,99,4.179,8.623333,2.741639,6.0,-58,,3,3
2026-01-24 04:17:04.614057,0x433af380,98,4.163,13.266666,3.023639,6.0,-34,,3,3
2026-01-24 04:17:23.277486,0x433e9c88,96,4.14,13.003333,1.1272777,,,,,3
2026-01-24 04:18:23.228722,0x433e9c88,99,4.187,13.2716675,1.1272777,,,,,3
2026-01-24 04:18:36.421779,0x433b0b38,98,4.168,14.628333,3.5807502,6.5,-77,,5,5
2026-01-24 04:19:23.447099,0x433e9c88,101,4.208,11.44,1.1331944,,,,,3
2026-01-24 04:20:23.407746,0x433e9c88,101,4.221,7.035,1.1167778,,,,,3
2026-01-24 04:21:23.475565,0x433e9c88,95,4.129,11.901667,1.1692222,,,,,3
2026-01-24 04:21:48.734768,0x433aad0c,101,4.24,15.711667,3.3915558,5.75,-71,,3,3
2026-01-24 04:22:20.914013,0x433ad35c,99,4.182,9.443333,2.815361,5.75,-59,,3,3
2026-01-24 04:23:23.919617,0x433e9c88,100,4.194,9.934999,1.20025,,,,,3
2026-01-24 04:24:23.918725,0x433e9c88,101,4.217,11.575,1.2013612,,,,,3
2026-01-24 04:24:36.649298,0x433b0b38,100,4.199,11.126666,3.5825279,6.25,-76,,5,5
2026-01-24 04:25:24.003597,0x433e9c88,101,4.234,9.825,1.1863055,,,,,3
2026-01-24 04:26:24.039478,0x433e9c88,88,4.042,7.035,1.1966112,,,,3,3
2026-01-24 04:27:06.598697,0x433af380,95,4.133,16.808334,2.9880834,6.25,-34,,3,3
2026-01-24 04:27:24.048605,0x433e9c88,99,4.181,13.698334,1.2427222,,,,,3
2026-01-24 04:27:49.088976,0x433aad0c,101,4.207,18.093332,3.3514445,6.75,-70,,3,3
2026-01-24 04:28:21.167630,0x433ad35c,101,4.203,15.491668,2.86925,5.5,-58,,3,3
2026-01-24 04:28:24.196639,0x433e9c88,98,4.171,14.478333,1.2714722,,,,,3
2026-01-24 04:29:24.661898,0x433e9c88,99,4.176,12.126666,1.2568611,,,,,3
2026-01-24 04:30:24.572717,0x433e9c88,96,4.146,13.328333,1.2757778,,,,,3
2026-01-24 04:30:37.181922,0x433b0b38,101,4.215,11.223333,3.5802498,5.75,-77,,5,5
2026-01-24 04:31:24.978445,0x433e9c88,100,4.194,13.851666,1.266639,,,,,3
2026-01-24 04:32:24.952398,0x433e9c88,97,4.152,10.485001,1.28125,,,,,3
2026-01-24 04:33:25.114979,0x433e9c88,98,4.168,15.255,1.266639,,,,,3
2026-01-24 04:33:49.389112,0x433aad0c,101,4.208,12.261666,3.2204165,6.0,-70,,3,3
2026-01-24 04:34:20.865714,0x433ad35c,98,4.164,11.961666,2.9135556,5.75,-58,,3,3
2026-01-24 04:34:25.043796,0x433e9c88,99,4.18,10.071667,1.2477221,,,,,3
2026-01-24 04:35:25.043799,0x433e9c88,99,4.185,6.951667,1.2721667,,,,,3
2026-01-24 04:36:25.320226,0x433e9c88,99,4.189,10.671667,1.2910833,,,,,3
2026-01-24 04:36:37.159678,0x433b0b38,99,4.183,13.493334,3.6806111,6.0,-76,,5,5
2026-01-24 04:37:05.070188,0x433af380,99,4.189,14.606667,2.9725556,5.5,-34,,3,3
2026-01-24 04:37:25.608016,0x433e9c88,96,4.139,10.236667,1.2737778,,,,,3
2026-01-24 04:38:25.866962,0x433e9c88,98,4.167,7.8550005,1.2379723,,,,,3
2026-01-24 04:39:25.682903,0x433e9c88,98,4.171,10.316667,1.2715,,,,,3
2026-01-24 04:39:49.517086,0x433aad0c,95,4.122,12.261666,3.287,6.5,-71,,3,3
2026-01-24 04:40:21.104651,0x433ad35c,97,4.156,10.73,2.7569168,6.25,-58,,3,3
2026-01-24 04:40:26.103824,0x433e9c88,98,4.164,7.963333,1.2715,,,,,3
2026-01-24 04:41:25.900201,0x433e9c88,97,4.154,4.9,1.2568889,,,,,3
2026-01-24 04:42:07.022432,0xbd50376c,101,4.211,16.228333,1.3824167,6.0,-73,,3,3
2026-01-24 04:42:25.841506,0x433e9c88,99,4.181,8.291667,1.2233611,,,,,3
2026-01-24 04:42:38.734828,0x433b0b38,98,4.167,12.248334,3.610139,6.25,-77,,5,5
2026-01-24 04:43:25.971246,0x433e9c88,100,4.195,13.658333,1.20875,,,,,3
2026-01-24 04:44:25.912933,0x433e9c88,99,4.186,10.868333,1.1752223,,,,,3
2026-01-24 04:45:26.006547,0x433e9c88,98,4.163,14.996667,1.1606112,,,,,3
2026-01-24 04:45:49.710725,0x433aad0c,101,4.23,14.835,3.308889,6.0,-71,,3,3
2026-01-24 04:46:21.822211,0x433ad35c,99,4.189,10.703334,2.903361,6.0,-58,,3,3
2026-01-24 04:46:26.100124,0x433e9c88,101,4.209,12.673333,1.1642222,,,,,3
2026-01-24 04:47:05.615574,0x433af380,99,4.179,12.335,3.0301666,5.5,-34,,3,3
2026-01-24 04:47:26.147638,0x433e9c88,98,4.172,8.651667,1.1642222,,,,,3
2026-01-24 04:48:26.213410,0x433e9c88,99,4.176,13.216667,1.1642222,,,,,3
2026-01-24 04:48:38.563278,0x433b0b38,96,4.136,10.221667,3.4975,5.25,-76,,5,5
2026-01-24 04:49:26.169528,0x433e9c88,100,4.2,7.746667,1.1478056,,,,,3
2026-01-24 04:50:26.228315,0x433e9c88,98,4.17,4.9,1.1478056,,,,,3
2026-01-24 04:51:26.263438,0x433e9c88,101,4.207,9.440001,1.1455278,,,,,3
2026-01-24 04:51:49.978417,0x433aad0c,101,4.21,15.161666,3.4148612,5.5,-71,,3,3
2026-01-24 04:52:22.060982,0x433ad35c,98,4.175,13.658333,2.9193332,5.25,-59,,3,3
2026-01-24 04:52:26.338914,0x433e9c88,101,4.22,12.616667,1.112,,,,,3
2026-01-24 04:53:26.354871,0x433e9c88,97,4.152,6.5966663,1.0930834,,,,,3
2026-01-24 04:54:26.498585,0x433e9c88,99,4.189,7.4283333,1.0255833,,,,,3
2026-01-24 04:54:39.131536,0x433b0b38,98,4.165,9.115,3.519,5.75,-76,,5,5
2026-01-24 04:55:26.446570,0x433e9c88,99,4.188,8.566667,1.0397222,,,,,3
2026-01-24 04:56:26.585456,0x433e9c88,99,4.176,11.745,1.0397222,,,,,3
2026-01-24 04:57:07.081799,0x433af380,101,4.201,15.806666,2.9722779,7.5,-34,,3,3
2026-01-24 04:57:26.610622,0x433e9c88,100,4.194,17.406666,1.0228333,,,,,3
2026-01-24 04:57:51.131694,0x433aad0c,100,4.191,15.956667,3.5866113,6.0,-70,,3,3
2026-01-24 04:58:22.375929,0x433ad35c,98,4.165,13.658333,3.0075555,6.5,-58,,3,3
2026-01-24 04:58:26.680337,0x433e9c88,98,4.173,15.628333,0.9893056,,,,,3
2026-01-24 04:59:26.774115,0x433e9c88,99,4.189,10.018333,1.004361,,,,,3
2026-01-24 05:00:26.755248,0x433e9c88,97,4.159,14.531666,0.95191664,,,,,3
2026-01-24 05:00:39.151255,0x433b0b38,97,4.156,11.126666,3.6049724,7.0,-77,,5,5
2026-01-24 05:01:26.815343,0x433e9c88,97,4.149,10.73,0.93730557,,,,,3
2026-01-23 20:01:54.902241,0x433e9c88,100,4.196,9.991667,1.1034445,,,,3,3
2026-01-23 20:02:54.966421,0x433e9c88,101,4.221,12.261666,1.1014166,,,,,3
2026-01-23 20:03:21.464390,0x433aad0c,101,4.233,9.991667,3.0786943,6.0,-70,,3,3
2026-01-23 20:03:50.845061,0x433ad35c,100,4.196,15.108334,3.046111,6.25,-57,,3,3
2026-01-23 20:03:55.156995,0x433e9c88,99,4.186,17.078333,1.085,,,,,3
2026-01-23 20:04:55.098434,0x433e9c88,100,4.194,11.688333,1.11375,,,,,3
2026-01-23 20:05:55.153020,0x433e9c88,97,4.157,13.958333,1.0948333,,,,,3
2026-01-23 20:06:16.241111,0x433b0b38,99,4.186,10.26,3.3941388,5.75,-76,,5,5
2026-01-23 20:06:50.907696,0x433af380,99,4.189,13.47,2.789,5.75,-33,,3,3
2026-01-23 20:06:55.252507,0x433e9c88,97,4.154,16.258333,1.1117222,,,,,3
2026-01-23 20:07:55.232616,0x433e9c88,95,4.124,10.0199995,1.1322501,,,,,3
2026-01-23 20:08:55.242397,0x433e9c88,101,4.205,13.396667,1.1614722,,,,,3
2026-01-23 20:09:22.068894,0x433aad0c,101,4.206,19.965,3.1184168,5.0,-70,,3,3
2026-01-23 20:09:51.126575,0x433ad35c,98,4.173,17.395,2.9478333,6.25,-58,,3,3
2026-01-23 20:09:55.408437,0x433e9c88,99,4.177,17.353334,1.1803889,,,,,3
2026-01-23 20:10:55.449057,0x433e9c88,99,4.185,12.565001,1.1846945,,,,,3
2026-01-23 20:11:55.372870,0x433e9c88,98,4.166,12.261666,1.2036111,,,,,3
2026-01-23 20:12:11.788195,0x433b0b38,98,4.171,9.698334,3.4349165,6.0,-77,,5,5
2026-01-23 20:12:55.565172,0x433e9c88,98,4.166,12.838334,1.2250278,,,,,3
2026-01-23 20:13:55.568080,0x433e9c88,101,4.212,10.868333,1.2061111,,,,,3
2026-01-23 20:14:55.605999,0x433e9c88,97,4.153,13.958333,1.1878612,,,,,3
2026-01-23 20:15:21.993340,0x433aad0c,99,4.181,13.958333,3.1261942,5.0,-70,,3,3
2026-01-23 20:15:51.390577,0x433ad35c,96,4.146,15.928334,2.95125,6.75,-57,,3,3
2026-01-23 20:15:55.669818,0x433e9c88,99,4.188,17.898333,1.2188889,,,,,3
2026-01-23 20:16:51.054404,0x433af380,99,4.183,11.335,2.829139,5.75,-34,,3,3
2026-01-23 20:16:55.602760,0x433e9c88,101,4.216,11.990001,1.2170833,,,,,3
2026-01-23 20:17:53.501335,0xbd50376c,99,4.178,13.138333,1.6198334,6.5,-74,,3,3
2026-01-23 20:17:55.799097,0x433e9c88,100,4.196,14.26,1.1812779,,,,,3
2026-01-23 20:18:11.924266,0x433b0b38,98,4.166,17.406666,3.4361389,5.5,-76,,5,5
2026-01-23 20:18:55.740889,0x433e9c88,100,4.197,13.096666,1.1976944,,,,,3
2026-01-23 20:19:55.769570,0x433e9c88,101,4.232,11.661667,1.1976944,,,,,3
2026-01-23 20:20:55.858117,0x433e9c88,101,4.208,13.958333,1.1787778,,,,,3
2026-01-23 20:21:22.201311,0x433aad0c,100,4.196,16.228333,3.2193058,5.75,-71,,3,3
2026-01-23 20:21:52.055573,0x433ad35c,99,4.176,14.231667,2.9908056,6.25,-57,,3,3
2026-01-23 20:21:55.861442,0x433e9c88,100,4.19,13.931666,1.1908889,,,,,3
2026-01-23 20:22:55.919328,0x433e9c88,101,4.203,11.195001,1.208,,,,,3
2026-01-23 20:23:55.959199,0x433e9c88,99,4.187,12.261666,1.208,,,,,3
2026-01-23 20:24:12.657537,0x433b0b38,96,4.137,12.396667,3.4139724,5.75,-77,,5,5
2026-01-23 20:24:56.064617,0x433e9c88,101,4.22,13.658333,1.2385556,,,,,3
2026-01-23 20:25:56.045866,0x433e9c88,97,4.161,11.688333,1.2385556,,,,,3
2026-01-23 20:26:51.287089,0x433af380,96,4.147,13.74,2.8090832,5.75,-33,,3,3
2026-01-23 20:26:56.642445,0x433e9c88,99,4.178,15.423334,1.2574722,,,,,3
2026-01-23 20:27:22.564752,0x433aad0c,101,4.223,16.558332,3.1428332,5.75,-71,,3,3
2026-01-23 20:27:51.811589,0x433ad35c,97,4.153,11.961666,2.9376667,6.0,-57,,3,3
2026-01-23 20:27:56.638650,0x433e9c88,99,4.176,13.931666,1.257,,,,,3
2026-01-23 20:28:56.602726,0x433e9c88,99,4.176,9.991667,1.2759167,,,,,3
2026-01-23 20:29:56.980782,0x433e9c88,98,4.169,14.835,1.2423888,,,,,3
2026-01-23 20:30:12.351368,0x433b0b38,101,4.201,13.766667,3.3731666,6.25,-76,,5,5
2026-01-23 20:30:56.694747,0x433e9c88,97,4.152,14.793333,1.2588056,,,,,3
2026-01-23 20:31:56.809394,0x433e9c88,98,4.172,9.991667,1.2734166,,,,,3
2026-01-23 20:32:56.865460,0x433e9c88,100,4.2,13.396667,1.2545,,,,,3
2026-01-23 20:33:23.490502,0x433aad0c,101,4.241,9.115,3.133389,5.75,-71,,3,3
2026-01-23 20:33:52.558759,0x433ad35c,98,4.162,14.231667,2.9895556,6.25,-58,,3,3
2026-01-23 20:33:56.838047,0x433e9c88,98,4.17,13.931666,1.2355833,,,,,3
2026-01-23 20:34:57.037005,0x433e9c88,101,4.209,11.688333,1.2337778,,,,,3
2026-01-23 20:35:57.288193,0x433e9c88,76,3.954,15.093334,1.2337778,,,,,3
2026-01-23 20:36:12.597757,0x433b0b38,96,4.137,16.228333,3.389111,5.5,-78,,5,5
2026-01-23 20:36:51.558692,0x433af380,97,4.152,14.6050005,2.7913055,6.25,-34,,3,3
2026-01-23 20:36:57.339018,0x433e9c88,96,4.135,13.959999,1.2173611,,,,,3
2026-01-23 20:37:57.320455,0x433e9c88,100,4.199,9.991667,1.20275,,,,3,3
2026-01-23 20:38:57.543084,0x433e9c88,101,4.234,14.300001,1.1904167,,,,,3
2026-01-23 20:39:25.408797,0x433aad0c,101,4.227,15.406667,3.1133332,6.0,-70,,3,3
2026-01-23 20:39:52.309804,0x433ad35c,97,4.16,14.793333,3.1124723,6.0,-57,,3,3
2026-01-23 20:39:57.396788,0x433e9c88,98,4.173,15.628333,1.1904167,,,,,3
2026-01-23 20:40:57.528331,0x433e9c88,101,4.204,12.536667,1.2050277,,,,,3
2026-01-23 20:41:57.611398,0x433e9c88,97,4.158,14.531666,1.2050277,,,,,3
2026-01-23 20:42:12.828400,0x433b0b38,97,4.153,15.666667,3.3391666,5.5,-76,,5,5
2026-01-23 20:42:57.556268,0x433e9c88,98,4.164,11.961666,1.2045833,,,,,3
2026-01-23 20:43:57.580008,0x433e9c88,101,4.209,11.126666,1.2045833,,,,,3
2026-01-23 20:44:57.624189,0x433e9c88,101,4.202,15.093334,1.2041111,,,,,3
2026-01-23 20:45:28.761236,0x433aad0c,101,4.232,15.351666,3.1682777,6.5,-70,,3,3
2026-01-23 20:45:53.082880,0x433ad35c,99,4.183,14.793333,3.093778,6.0,-56,,3,3
2026-01-23 20:45:57.867010,0x433e9c88,99,4.188,15.628333,1.2059166,,,,,3
2026-01-23 20:46:51.644713,0x433af380,101,4.205,10.335,2.8511665,6.25,-33,,3,3
2026-01-23 20:46:57.717915,0x433e9c88,99,4.179,11.990001,1.1559722,,,,,3
2026-01-23 20:47:57.797400,0x433e9c88,100,4.193,13.396667,1.1559722,,,,,3
2026-01-23 20:48:13.117087,0x433b0b38,99,4.187,14.531666,3.2637224,5.5,-76,,5,5
2026-01-23 20:48:58.029624,0x433e9c88,101,4.225,12.838334,1.1206388,,,,,3
2026-01-23 20:49:57.960871,0x433e9c88,101,4.22,12.565001,1.1017222,,,,,3
2026-01-23 20:50:57.927408,0x433e9c88,100,4.198,15.093334,1.0871111,,,,,3
2026-01-23 20:51:26.510547,0x433aad0c,101,4.205,11.07,3.232361,5.25,-77,,3,2
2026-01-23 20:51:52.970710,0x433ad35c,98,4.166,12.838334,3.1121387,6.0,-58,,3,3
2026-01-23 20:51:57.999919,0x433e9c88,98,4.166,14.808332,1.0535834,,,,,3
2026-01-23 20:52:58.132029,0x433e9c88,61,3.811,10.868333,1.0535834,,,,,3
2026-01-23 20:53:55.479861,0xbd50376c,101,4.206,13.396667,1.3020556,5.75,-74,,3,3
2026-01-23 20:53:58.258126,0x433e9c88,96,4.146,14.151667,1.0535834,,,,,3
2026-01-23 20:54:13.523739,0x433b0b38,101,4.218,17.665,3.3227499,5.25,-77,,5,5
2026-01-23 20:54:58.197816,0x433e9c88,101,4.219,16.913334,1.0798333,,,,,3
2026-01-23 20:55:58.229314,0x433e9c88,98,4.164,14.673333,1.0609167,,,,,3
2026-01-23 20:56:52.430009,0x433af380,99,4.189,13.536666,2.9420834,7.5,-34,,3,3
2026-01-23 20:56:58.202479,0x433e9c88,101,4.202,16.300001,1.0631944,,,,,3
2026-01-23 20:57:26.938537,0x433aad0c,101,4.221,11.95,3.3012223,5.5,-70,,3,3
2026-01-23 20:57:53.169804,0x433ad35c,98,4.162,15.245,3.0603056,6.25,-58,,3,3
2026-01-23 20:57:58.249941,0x433e9c88,73,3.92,13.931666,1.0606945,,,,,3
2026-01-23 20:58:58.418558,0x433e9c88,98,4.173,10.0199995,1.052,,,,,3
2026-01-23 20:59:58.447509,0x433e9c88,101,4.201,19.116667,1.0330833,,,,,3
2026-01-23 21:00:13.760725,0x433b0b38,96,4.139,20.251665,3.480611,5.5,-77,,5,5
2026-01-23 21:00:58.665374,0x433e9c88,101,4.218,15.793334,1.0495,,,,,3
2026-01-24 19:02:14.996782,0x433e9c88,98,4.162,14.589999,0.8046945,,,,,3
2026-01-24 19:03:15.303062,0x433e9c88,97,4.159,13.656667,0.82361114,,,,,3
2026-01-24 19:04:15.426281,0x433e9c88,98,4.167,9.116667,0.81930554,,,,,3
2026-01-24 19:04:34.466475,0x433aad0c,101,4.208,10.896667,3.77375,6.0,-70,,3,3
2026-01-24 19:05:03.809492,0x433ad35c,96,4.145,12.866667,3.1430557,6.0,-56,,3,3
2026-01-24 19:05:15.766328,0x433e9c88,99,4.179,14.836666,0.81930554,,,,,3
2026-01-24 19:06:15.615863,0x433e9c88,100,4.195,12.465,0.8046945,,,,,3
2026-01-24 19:06:28.078189,0xbd50376c,101,4.237,12.806667,0.8757222,5.75,-75,,3,3
2026-01-24 19:07:15.792180,0x433e9c88,100,4.195,12.663333,0.7625,,,,,3
2026-01-24 19:07:25.358800,0x433b0b38,98,4.163,11.76,3.618222,5.5,-78,,5,5
2026-01-24 19:07:33.538350,0x433af380,98,4.164,11.065001,2.9435,6.0,-33,,3,3
2026-01-24 19:08:15.879487,0x433e9c88,101,4.226,11.018333,0.7488056,,,,,3
2026-01-24 19:09:16.139571,0x433e9c88,98,4.171,9.808333,0.7488056,,,,,3
2026-01-24 19:10:16.407968,0x433e9c88,101,4.203,3.875,0.73419446,,,,,3
2026-01-24 19:10:34.797093,0x433aad0c,101,4.256,10.0199995,3.861639,5.25,-70,,3,3
2026-01-24 19:11:04.132487,0x433ad35c,99,4.182,12.866667,3.185861,6.25,-56,,3,3
2026-01-24 19:11:16.658576,0x433e9c88,97,4.158,7.8149996,0.73419446,,,,,3
2026-01-24 19:12:16.951678,0x433e9c88,101,4.208,9.263333,0.73419446,,,,,3
2026-01-24 19:13:16.992163,0x433e9c88,101,4.238,1.245,0.75494444,,,,,3
2026-01-24 19:13:26.042852,0x433b0b38,101,4.21,10.0199995,3.6866665,5.5,-77,,5,5
2026-01-24 19:15:17.223813,0x433e9c88,97,4.156,7.5533333,0.7296111,,,,,3
2026-01-24 19:16:17.267619,0x433e9c88,98,4.166,15.138334,0.6938056,,,,,3
2026-01-24 19:16:35.034544,0x433aad0c,101,4.211,12.303333,3.9232779,5.5,-70,,3,3
2026-01-24 19:17:03.795349,0x433ad35c,101,4.211,14.273334,3.133111,6.5,-57,,3,3
2026-01-24 19:17:17.361258,0x433e9c88,90,4.062,14.998333,0.71022224,,,,,3
2026-01-24 19:17:32.541927,0x433af380,97,4.161,15.198334,2.9813612,5.75,-33,,3,3
2026-01-24 19:18:17.529419,0x433e9c88,96,4.147,15.451667,0.71022224,,,,,3
2026-01-24 19:19:17.564994,0x433e9c88,99,4.187,8.748333,0.6956111,,,,,3
2026-01-24 19:19:26.422590,0x433b0b38,101,4.206,12.235,3.7048888,6.0,-78,,5,5
2026-01-24 19:20:17.478901,0x433e9c88,97,4.158,8.391666,0.6805555,,,,,3
2026-01-24 19:21:17.715078,0x433e9c88,97,4.161,12.29,0.6805555,,,,,3
2026-01-24 19:22:17.614103,0x433e9c88,98,4.174,6.08,0.6616389,,,,,3
2026-01-24 19:22:35.319312,0x433aad0c,100,4.198,9.72,3.9757776,5.5,-70,,3,3
2026-01-24 19:23:04.518252,0x433ad35c,96,4.14,11.69,3.1020832,6.0,-56,,3,3
2026-01-24 19:23:17.799791,0x433e9c88,96,4.135,8.365,0.6616389,,,,,3
2026-01-24 19:24:17.761730,0x433e9c88,101,4.224,12.153334,0.64383334,,,,,3
2026-01-24 19:25:17.747931,0x433e9c88,99,4.179,4.383333,0.6249167,,,,,3
2026-01-24 19:25:29.093085,0x433b0b38,99,4.177,10.0199995,3.7085555,5.5,-77,,5,5
2026-01-24 19:26:17.755426,0x433e9c88,101,4.22,8.87,0.6743889,,,,,3
2026-01-24 19:27:17.969873,0x433e9c88,100,4.2,13.124999,0.69761115,,,,3,3
2026-01-24 19:27:31.998209,0x433af380,100,4.195,17.216665,3.0192223,5.75,-33,,3,3
2026-01-24 19:28:18.151440,0x433e9c88,98,4.167,6.408333,0.7145,,,,,3
2026-01-24 19:28:35.630317,0x433aad0c,101,4.236,11.045,3.9019167,6.25,-71,,3,3
2026-01-24 19:29:04.896407,0x433ad35c,99,4.188,13.015,3.1401944,5.75,-56,,3,3
2026-01-24 19:29:18.439607,0x433e9c88,98,4.174,4.761667,0.7516389,,,,,3
2026-01-24 19:30:18.099612,0x433e9c88,87,4.032,14.56,0.7851667,,,,,3
2026-01-24 19:31:18.236120,0x433e9c88,100,4.194,8.775001,0.73475,,,,,3
2026-01-24 19:31:31.850197,0x433b0b38,100,4.197,4.023333,3.6764722,5.75,-78,,5,5
2026-01-24 19:32:18.179988,0x433e9c88,101,4.207,12.551667,0.71833336,,,,,3
2026-01-24 19:34:18.787657,0x433e9c88,100,4.198,9.761666,0.73725,,,,,3
2026-01-24 19:34:35.820950,0x433aad0c,98,4.167,10.0199995,3.73175,4.75,-70,,3,3
2026-01-24 19:35:04.568811,0x433ad35c,98,4.172,11.990001,3.133111,6.5,-56,,3,3
2026-01-24 19:35:18.830748,0x433e9c88,90,4.052,12.825001,0.7554722,,,,,3
2026-01-24 19:36:18.828132,0x433e9c88,101,4.202,16.45,0.7791667,,,,,3
2026-01-24 19:37:19.132079,0x433e9c88,98,4.17,9.078334,0.7791667,,,,,3
2026-01-24 19:37:29.284689,0x433b0b38,100,4.2,7.39,3.6509724,5.75,-78,,5,5
2026-01-24 19:37:34.301561,0x433af380,98,4.169,13.198334,3.1680279,6.5,-33,,3,3
2026-01-24 19:38:18.866317,0x433e9c88,101,4.201,9.856667,0.7791667,,,,,3
2026-01-24 19:39:18.876057,0x433e9c88,99,4.185,11.535,0.78947216,,,,,3
2026-01-24 19:40:19.366425,0x433e9c88,99,4.178,5.886667,0.8102222,,,,,3
2026-01-24 19:40:36.045161,0x433aad0c,99,4.186,10.0199995,3.6226668,5.5,-71,,3,3
2026-01-24 19:41:04.802655,0x433ad35c,98,4.164,11.990001,3.0838888,6.25,-57,,3,3
2026-01-24 19:41:19.389516,0x433e9c88,99,4.18,7.705,0.8102222,,,,,3
2026-01-24 19:42:19.418697,0x433e9c88,99,4.181,16.283333,0.8309722,,,,,3
2026-01-24 19:42:23.650585,0xbd50376c,101,4.231,17.501667,0.8943611,5.5,-75,,3,3
2026-01-24 19:43:19.476733,0x433e9c88,99,4.181,13.181667,0.83325005,,,,,3
2026-01-24 19:43:33.650341,0x433b0b38,99,4.176,12.168334,3.715111,5.75,-75,,5,4
2026-01-24 19:44:19.495326,0x433e9c88,98,4.163,11.731667,0.83325005,,,,,3
2026-01-24 19:45:19.452265,0x433e9c88,97,4.156,13.425,0.84786105,,,,,3
2026-01-24 19:46:19.463099,0x433e9c88,100,4.194,12.278334,0.8766111,,,,,3
2026-01-24 19:46:36.277177,0x433aad0c,101,4.21,14.548333,3.576861,6.0,-70,,3,3
2026-01-24 19:47:05.519700,0x433ad35c,98,4.167,14.821667,3.0802221,6.0,-55,,3,3
2026-01-24 19:47:19.514555,0x433e9c88,101,4.234,15.656667,0.8766111,,,,,3
2026-01-24 19:47:34.507844,0x433af380,97,4.157,11.608334,3.25575,6.25,-33,,3,3
2026-01-24 19:48:19.536507,0x433e9c88,101,4.214,15.423334,0.8747778,,,,,3
2026-01-24 19:49:19.764937,0x433e9c88,99,4.189,8.885,0.85836107,,,,,3
2026-01-24 19:49:30.486472,0x433b0b38,100,4.192,8.156667,3.6329165,5.5,-78,,5,5
2026-01-24 19:50:19.656590,0x433e9c88,97,4.153,10.855,0.85836107,,,,,3
2026-01-24 19:51:19.821612,0x433e9c88,97,4.155,14.301666,0.82686114,,,,,3
2026-01-24 19:52:19.857904,0x433e9c88,99,4.183,12.593333,0.8457778,,,,,3
2026-01-24 19:52:37.497254,0x433aad0c,101,4.235,11.155001,3.4948056,5.75,-69,,3,3
2026-01-24 19:53:05.771855,0x433ad35c,98,4.164,13.851666,3.0596666,6.25,-57,,3,3
2026-01-24 19:53:19.872312,0x433e9c88,100,4.193,14.6866665,0.8646945,,,,,3
2026-01-24 19:54:19.840155,0x433e9c88,97,4.157,14.45,0.8646945,,,,,3
2026-01-24 19:55:19.957586,0x433e9c88,100,4.194,10.0199995,0.8836111,,,,,3
2026-01-24 19:55:32.099459,0x433b0b38,97,4.153,4.9,3.6422498,5.5,-78,,5,5
2026-01-24 19:56:19.935810,0x433e9c88,99,4.18,14.248334,0.89774996,,,,,3
2026-01-24 19:57:20.046866,0x433e9c88,98,4.163,17.475,0.9214444,,,,,3
2026-01-24 19:57:34.429587,0x433af380,100,4.199,14.806667,3.258,6.25,-34,,3,3
2026-01-24 19:58:20.269630,0x433e9c88,99,4.186,10.883333,0.93605554,,,,,3
2026-01-24 19:58:38.859436,0x433aad0c,98,4.167,9.143333,3.5428054,5.25,-70,,3,3
2026-01-24 19:59:05.486080,0x433ad35c,100,4.192,12.866667,2.8824444,5.75,-56,,3,3
2026-01-24 19:59:20.246224,0x433e9c88,98,4.174,13.701667,0.96708333,,,,,3
2026-01-24 20:00:20.282010,0x433e9c88,98,4.167,13.425,0.98169446,,,,,3
2026-01-24 20:01:20.288204,0x433e9c88,101,4.203,8.885,0.9438611,,,,,3
2026-01-24 20:01:29.337655,0x433b0b38,99,4.18,3.1466668,3.5963054,5.5,-78,,5,5
2026-01-25 08:03:07.064208,0x433e9c88,98,4.165,15.983333,0.8569722,,,,,3
2026-01-25 08:04:07.190403,0x433e9c88,95,4.131,11.961666,0.8569722,,,,3,3
2026-01-25 08:05:07.353808,0x433e9c88,99,4.185,12.781666,0.8738611,,,,,3
2026-01-25 08:05:11.581080,0x433aad0c,101,4.241,12.781666,3.821139,5.75,-70,,3,3
2026-01-25 08:05:49.374793,0x433ad35c,98,4.166,10.918333,3.1857777,6.5,-57,,3,3
2026-01-25 08:06:07.486177,0x433e9c88,98,4.167,16.885,0.8738611,,,,,3
2026-01-25 08:07:07.338821,0x433e9c88,98,4.162,13.138333,0.8738611,,,,,3
2026-01-25 08:07:56.621106,0x433af380,100,4.194,11.538334,2.964639,7.25,-34,,3,3
2026-01-25 08:08:07.420325,0x433e9c88,98,4.164,12.046666,0.8738611,,,,,3
2026-01-25 08:08:09.575845,0x433b0b38,99,4.178,13.181667,3.7788055,5.25,-78,,5,5
2026-01-25 08:09:07.565963,0x433e9c88,98,4.165,12.233334,0.83805555,,,,,3
2026-01-25 08:10:07.605644,0x433e9c88,98,4.169,13.658333,0.83805555,,,,,3
2026-01-25 08:11:07.664760,0x433e9c88,96,4.142,9.798333,0.83805555,,,,,3
2026-01-25 08:11:11.438786,0x433aad0c,99,4.189,9.798333,3.8924165,5.5,-69,,3,3
2026-01-25 08:11:51.198423,0x433ad35c,99,4.185,4.105,3.1688333,6.0,-57,,3,3
2026-01-25 08:12:07.688481,0x433e9c88,101,4.227,15.108334,0.78447217,,,,,3
2026-01-25 08:13:07.794309,0x433e9c88,101,4.203,12.33,0.81799996,,,,,3
2026-01-25 08:14:07.825147,0x433e9c88,99,4.189,9.991667,0.81799996,,,,,3
2026-01-25 08:14:09.855519,0x433b0b38,97,4.156,9.991667,3.8025,5.75,-78,,5,5
2026-01-25 08:15:07.776854,0x433e9c88,98,4.17,17.83,0.7874444,,,,,3
2026-01-25 08:16:07.884640,0x433e9c88,98,4.168,13.166666,0.76852775,,,,,3
2026-01-25 08:17:07.852989,0x433e9c88,100,4.196,12.4,0.76852775,,,,,3
2026-01-25 08:17:12.273298,0x433aad0c,100,4.197,10.703334,3.9795,5.75,-70,,3,3
2026-01-25 08:17:51.582911,0x433ad35c,101,4.203,13.55,3.2461112,6.0,-57,,3,3
2026-01-25 08:18:00.314242,0x433af380,97,4.159,15.128334,2.8423889,7.25,-34,,3,3
2026-01-25 08:18:07.843061,0x433e9c88,95,4.132,17.928333,0.7160833,,,,,3
2026-01-25 08:18:34.569892,0xbd50376c,101,4.25,18.228333,0.91430557,5.25,-75,,3,3
2026-01-25 08:19:07.889599,0x433e9c88,101,4.202,17.710001,0.6971667,,,,,3
2026-01-25 08:20:07.970027,0x433e9c88,96,4.142,12.303333,0.6636389,,,,,3
2026-01-25 08:20:10.051846,0x433b0b38,101,4.21,12.303333,3.7331946,5.5,-78,,5,5
2026-01-25 08:21:08.090032,0x433e9c88,100,4.193,14.151667,0.6431111,,,,,3
2026-01-25 08:22:08.072374,0x433e9c88,98,4.168,13.138333,0.6431111,,,,,3
2026-01-25 08:23:08.278155,0x433e9c88,96,4.145,9.991667,0.6431111,,,,,3
2026-01-25 08:23:12.259016,0x433aad0c,101,4.227,9.991667,3.951861,5.75,-70,,3,3
2026-01-25 08:23:54.191335,0x433ad35c,97,4.152,6.87,3.2379444,6.5,-57,,3,3
2026-01-25 08:24:08.327322,0x433e9c88,100,4.195,15.136666,0.6456111,,,,,3
2026-01-25 08:25:08.192719,0x433e9c88,100,4.197,13.958333,0.64130557,,,,,3
2026-01-25 08:26:08.237160,0x433e9c88,98,4.164,9.91,0.64130557,,,,,3
2026-01-25 08:26:10.331889,0x433b0b38,99,4.178,9.91,3.7860553,6.0,-78,,5,5
2026-01-25 08:27:08.283741,0x433e9c88,97,4.161,13.166666,0.65591663,,,,,3
2026-01-25 08:28:01.524073,0x433af380,101,4.204,15.535,2.9968612,6.5,-34,,3,3
2026-01-25 08:28:08.349783,0x433e9c88,98,4.172,13.043334,0.6178333,,,,,3
2026-01-25 08:29:08.374820,0x433e9c88,100,4.199,12.620001,0.6178333,,,,,3
2026-01-25 08:29:11.997769,0x433aad0c,101,4.21,12.620001,3.8931668,5.5,-69,,3,3
2026-01-25 08:29:52.280809,0x433ad35c,99,4.183,6.8683333,3.2736666,6.25,-56,,3,3
2026-01-25 08:30:08.485853,0x433e9c88,100,4.19,18.801666,0.6203333,,,,,3
2026-01-25 08:31:08.568193,0x433e9c88,101,4.221,13.508333,0.6014167,,,,,3
2026-01-25 08:32:08.689210,0x433e9c88,99,4.182,9.691667,0.63244444,,,,,3
2026-01-25 08:32:10.521079,0x433b0b38,97,4.159,9.691667,3.755861,5.75,-78,,5,5
2026-01-25 08:33:08.558968,0x433e9c88,97,4.154,14.151667,0.63244444,,,,,3
2026-01-25 08:34:08.604201,0x433e9c88,100,4.197,12.29,0.6513611,,,,,3
2026-01-25 08:35:08.694067,0x433e9c88,99,4.178,11.716667,0.66597223,,,,,3
2026-01-25 08:35:12.281523,0x433aad0c,100,4.192,11.716667,3.7719998,5.5,-70,,3,3
2026-01-25 08:35:51.293911,0x433ad35c,95,4.132,6.841667,3.336,6.5,-57,,3,3
2026-01-25 08:36:08.812137,0x433e9c88,101,4.23,16.463333,0.66597223,,,,,3
2026-01-25 08:37:08.801338,0x433e9c88,97,4.15,14.313333,0.64705557,,,,,3
2026-01-25 08:37:59.680010,0x433af380,101,4.206,7.5400004,2.9347777,7.0,-34,,3,3
2026-01-25 08:38:08.968584,0x433e9c88,97,4.157,11.990001,0.64705557,,,,,3
2026-01-25 08:38:10.763180,0x433b0b38,101,4.206,11.990001,3.8975277,5.5,-78,,5,5
2026-01-25 08:39:08.948259,0x433e9c88,101,4.204,14.806667,0.6634722,,,,,3
2026-01-25 08:40:09.039898,0x433e9c88,101,4.239,14.548333,0.6634722,,,,3,3
2026-01-25 08:41:09.068106,0x433e9c88,97,4.161,10.0199995,0.66574997,,,,,3
2026-01-25 08:41:12.528425,0x433aad0c,100,4.195,10.0199995,3.7754166,5.5,-70,,3,3
2026-01-25 08:41:51.480654,0x433ad35c,100,4.198,11.990001,3.2685,6.0,-56,,3,3
2026-01-25 08:42:09.221517,0x433e9c88,101,4.207,16.230001,0.6821667,,,,,3
2026-01-25 08:43:09.346048,0x433e9c88,99,4.187,13.193333,0.69722223,,,,,3
2026-01-25 08:44:09.355266,0x433e9c88,98,4.175,9.91,0.69722223,,,,,3
2026-01-25 08:44:11.547547,0x433b0b38,97,4.151,9.91,3.9301667,5.25,-78,,5,5
2026-01-25 08:45:09.281840,0x433e9c88,97,4.161,17.175,0.7161389,,,,,3
2026-01-25 08:46:09.340571,0x433e9c88,101,4.215,13.425,0.7496667,,,,,3
2026-01-25 08:47:09.378540,0x433e9c88,101,4.211,12.071667,0.73505557,,,,,3
2026-01-25 08:47:12.815847,0x433aad0c,101,4.23,12.071667,3.6714168,5.75,-69,,3,3
2026-01-25 08:47:51.528902,0x433ad35c,100,4.192,14.178332,3.186222,6.75,-57,,3,3
2026-01-25 08:48:01.894489,0x433af380,96,4.145,17.945,3.05025,7.0,-34,,3,3
2026-01-25 08:48:09.429318,0x433e9c88,99,4.179,17.105,0.75147223,,,,,3
2026-01-25 08:49:09.574374,0x433e9c88,92,4.081,15.095,0.70725,,,,,3
2026-01-25 08:50:09.516077,0x433e9c88,95,4.129,12.823333,0.7008611,,,,,3
2026-01-25 08:50:11.228788,0x433b0b38,98,4.172,13.671666,3.9253612,5.0,-79,,5,5
2026-01-25 08:51:09.685229,0x433e9c88,99,4.183,12.261666,0.7008611,,,,,3
2026-01-25 08:52:09.599334,0x433e9c88,97,4.152,11.016666,0.69655555,,,,,3
2026-01-25 08:53:09.671239,0x433e9c88,100,4.194,9.991667,0.68625003,,,,,3
2026-01-25 08:53:13.581537,0x433aad0c,101,4.22,9.991667,3.5349998,5.75,-70,,3,3
2026-01-25 08:53:52.053664,0x433ad35c,98,4.166,12.096666,3.288611,7.0,-56,,3,3
2026-01-25 08:54:09.847612,0x433e9c88,101,4.206,17.105,0.7215833,,,,,3
2026-01-25 08:54:34.921211,0xbd50376c,101,4.204,18.035,0.8113889,5.5,-74,,3,3
2026-01-25 08:55:09.884733,0x433e9c88,100,4.19,15.985001,0.7384722,,,,,3
2026-01-25 08:56:09.904431,0x433e9c88,101,4.232,9.991667,0.7384722,,,,,3
2026-01-25 08:56:11.468527,0x433b0b38,101,4.213,9.991667,3.8760834,5.5,-78,,5,5
2026-01-25 08:57:09.851440,0x433e9c88,99,4.187,16.696667,0.74277776,,,,,3
2026-01-25 08:58:03.445887,0x433af380,97,4.159,7.675,3.133528,6.75,-34,,3,3
2026-01-25 08:58:09.976659,0x433e9c88,98,4.175,14.288333,0.70108336,,,,,3
2026-01-25 08:59:09.935482,0x433e9c88,101,4.231,13.331667,0.68419445,,,,,3
2026-01-25 08:59:13.303812,0x433aad0c,101,4.243,13.331667,3.4419444,5.75,-69,,3,3
2026-01-25 08:59:52.890828,0x433ad35c,98,4.163,12.221666,3.1980276,6.5,-57,,3,3
2026-01-25 09:00:09.968349,0x433e9c88,100,4.195,16.913334,0.68419445,,,,,3
2026-01-25 09:01:10.106418,0x433e9c88,57,3.777,15.514999,0.69058335,,,,,3
2026-01-25 09:02:10.064197,0x433e9c88,96,4.143,9.991667,0.69058335,,,,,3
2026-01-25 09:02:11.772499,0x433b0b38,98,4.17,9.991667,3.9298887,5.75,-78,,5,5
2026-01-24 00:02:09.681384,0x433e9c88,98,4.175,6.5966663,1.0675,,,,,3
2026-01-24 00:03:09.844020,0x433e9c88,97,4.155,8.563333,1.0485834,,,,,3
2026-01-24 00:03:35.070668,0x433aad0c,101,4.228,13.138333,3.2975,6.25,-70,,3,3
2026-01-24 00:04:04.422897,0x433ad35c,100,4.193,11.961666,3.2007222,5.75,-59,,3,3
2026-01-24 00:04:09.951460,0x433e9c88,101,4.204,7.963333,1.0796111,,,,,3
2026-01-24 00:05:09.827536,0x433e9c88,101,4.211,12.891666,1.0796111,,,,,3
2026-01-24 00:06:09.974559,0x433e9c88,100,4.198,17.063334,1.1131389,,,,,3
2026-01-24 00:06:21.800301,0x433b0b38,98,4.169,17.813334,3.5663612,5.75,-77,,5,5
2026-01-24 00:06:56.914878,0x433af380,99,4.177,17.425001,2.9525557,6.25,-34,,3,3
2026-01-24 00:07:09.944556,0x433e9c88,99,4.182,15.684999,1.0942223,,,,,3
2026-01-24 00:08:10.100802,0x433e9c88,99,4.178,9.991667,1.0942223,,,,,3
2026-01-24 00:09:10.116958,0x433e9c88,100,4.193,15.666667,1.0942223,,,,,3
2026-01-24 00:09:35.759569,0x433aad0c,101,4.228,14.531666,3.4035556,5.75,-70,,3,3
2026-01-24 00:10:04.166455,0x433ad35c,97,4.158,12.946667,3.152111,5.5,-59,,3,3
2026-01-24 00:10:10.235710,0x433e9c88,98,4.17,14.916667,1.12525,,,,,3
2026-01-24 00:11:10.203646,0x433e9c88,99,4.183,13.413334,1.12525,,,,,3
2026-01-24 00:12:10.149594,0x433e9c88,101,4.222,16.228333,1.12525,,,,,3
2026-01-24 00:12:23.081791,0x433b0b38,101,4.217,15.351666,3.5273888,6.5,-77,,5,5
2026-01-24 00:13:10.378430,0x433e9c88,100,4.199,10.703334,1.1088333,,,,,3
2026-01-24 00:14:10.370500,0x433e9c88,98,4.164,6.9799995,1.0899167,,,,3,3
2026-01-24 00:15:10.399388,0x433e9c88,101,4.23,14.996667,1.0732777,,,,,3
2026-01-24 00:15:36.925280,0x433aad0c,99,4.188,13.958333,3.6066666,5.75,-72,,3,3
2026-01-24 00:16:05.065174,0x433ad35c,100,4.196,12.838334,3.1740558,5.75,-60,,3,3
2026-01-24 00:16:10.593212,0x433e9c88,100,4.197,9.716666,1.0896945,,,,,3
2026-01-24 00:16:56.795029,0x433af380,99,4.187,14.061667,2.8602777,6.0,-34,,3,3
2026-01-24 00:17:10.574174,0x433e9c88,101,4.213,13.715,1.1086111,,,,,3
2026-01-24 00:18:10.669703,0x433e9c88,100,4.194,14.531666,1.1421388,,,,,3
2026-01-24 00:18:22.933805,0x433b0b38,99,4.189,13.655,3.4672222,5.75,-76,,5,5
2026-01-24 00:19:10.611074,0x433e9c88,101,4.205,13.096666,1.1061112,,,,,3
2026-01-24 00:20:10.669833,0x433e9c88,101,4.216,9.991667,1.1250278,,,,,3
2026-01-24 00:21:10.841776,0x433e9c88,101,4.221,19.443333,1.1250278,,,,,3
2026-01-24 00:21:39.262873,0x433aad0c,98,4.172,16.285,3.5365834,5.25,-70,,3,3
2026-01-24 00:22:04.646356,0x433ad35c,98,4.172,14.643333,3.1501665,5.75,-59,,3,3
2026-01-24 00:22:10.924501,0x433e9c88,101,4.224,16.505,1.1079167,,,,,3
2026-01-24 00:23:10.940700,0x433e9c88,97,4.152,11.195001,1.1268333,,,,,3
2026-01-24 00:24:10.929785,0x433e9c88,100,4.192,16.668333,1.1446389,,,,,3
2026-01-24 00:24:26.194586,0x433b0b38,98,4.162,13.655,3.4861665,5.25,-77,,5,5
2026-01-24 00:25:11.007346,0x433e9c88,99,4.176,15.67,1.1471388,,,,,3
2026-01-24 00:26:11.115449,0x433e9c88,100,4.199,9.991667,1.1471388,,,,,3
2026-01-24 00:26:57.146247,0x433af380,97,4.158,14.331667,2.8791666,6.0,-33,,3,3
2026-01-24 00:27:10.997912,0x433e9c88,98,4.164,18.226667,1.1995833,,,,,3
2026-01-24 00:27:36.893974,0x433aad0c,101,4.207,14.231667,3.5701945,6.25,-71,,3,3
2026-01-24 00:28:05.484065,0x433ad35c,99,4.189,11.961666,3.1485553,5.75,-59,,3,3
2026-01-24 00:28:11.025243,0x433e9c88,101,4.214,12.700001,1.1867777,,,,,3
2026-01-24 00:29:11.146693,0x433e9c88,100,4.199,9.9366665,1.1660556,,,,,3
2026-01-24 00:30:03.490836,0xbd50376c,101,4.232,14.531666,1.1103333,5.75,-73,,3,3
2026-01-24 00:30:11.269908,0x433e9c88,99,4.177,17.665,1.1703612,,,,,3
2026-01-24 00:30:26.488374,0x433b0b38,98,4.174,16.788334,3.5725832,6.25,-76,,5,5
2026-01-24 00:31:11.224663,0x433e9c88,98,4.175,14.535,1.1325277,,,,,3
2026-01-24 00:32:11.208864,0x433e9c88,95,4.127,12.593333,1.1676667,,,,,3
2026-01-24 00:33:11.387341,0x433e9c88,99,4.178,15.666667,1.1865834,,,,,3
2026-01-24 00:33:37.138739,0x433aad0c,100,4.199,11.643333,3.6188054,5.75,-70,,3,3
2026-01-24 00:34:05.186979,0x433ad35c,97,4.161,13.096666,3.1529446,5.75,-58,,3,3
2026-01-24 00:34:11.466467,0x433e9c88,97,4.149,13.931666,1.2055,,,,,3
2026-01-24 00:35:11.530266,0x433e9c88,101,4.217,11.688333,1.1890833,,,,,3
2026-01-24 00:36:11.587477,0x433e9c88,98,4.166,14.531666,1.2123055,,,,,3
2026-01-24 00:36:26.741855,0x433b0b38,96,4.144,13.913334,3.4988613,6.0,-77,,5,5
2026-01-24 00:36:57.307333,0x433af380,96,4.144,14.061667,2.8814168,6.5,-34,,3,3
2026-01-24 00:37:11.585727,0x433e9c88,99,4.178,15.656667,1.2123055,,,,,3
2026-01-24 00:38:11.510127,0x433e9c88,101,4.233,10.868333,1.1830834,,,,,3
2026-01-24 00:39:11.637706,0x433e9c88,91,4.071,15.763333,1.1705,,,,,3
2026-01-24 00:39:37.376718,0x433aad0c,101,4.236,13.396667,3.7620556,6.0,-71,,3,3
2026-01-24 00:40:05.461088,0x433ad35c,98,4.167,11.961666,3.0938332,6.0,-58,,3,3
2026-01-24 00:40:11.602463,0x433e9c88,100,4.195,13.931666,1.1344723,,,,,3
2026-01-24 00:41:11.846972,0x433e9c88,101,4.206,12.565001,1.1203334,,,,,3
2026-01-24 00:42:11.695899,0x433e9c88,100,4.195,16.228333,1.1187222,,,,,3
2026-01-24 00:42:28.614588,0x433b0b38,97,4.16,12.3949995,3.4108334,6.5,-77,,5,5
2026-01-24 00:43:11.830402,0x433e9c88,101,4.201,11.961666,1.14975,,,,,3
2026-01-24 00:44:11.854474,0x433e9c88,97,4.161,11.195001,1.14975,,,,,3
2026-01-24 00:45:11.917790,0x433e9c88,99,4.188,17.460001,1.1308333,,,,,3
2026-01-24 00:45:37.879546,0x433aad0c,101,4.22,15.258333,3.7180278,6.25,-71,,3,3
2026-01-24 00:46:05.624740,0x433ad35c,101,4.221,11.961666,3.182278,5.75,-59,,3,3
2026-01-24 00:46:11.931664,0x433e9c88,98,4.162,15.135,1.1308333,,,,,3
2026-01-24 00:46:57.398624,0x433af380,99,4.182,17.356667,2.918139,5.5,-34,,3,3
2026-01-24 00:47:11.928474,0x433e9c88,96,4.144,16.955,1.1162223,,,,,3
2026-01-24 00:48:12.004681,0x433e9c88,98,4.168,14.531666,1.0804167,,,,,3
2026-01-24 00:48:30.240413,0x433b0b38,99,4.178,6.3900003,3.363,5.75,-71,,5,4
2026-01-24 00:49:12.222255,0x433e9c88,99,4.186,12.838334,1.0804167,,,,,3
2026-01-24 00:50:12.293318,0x433e9c88,101,4.212,9.991667,1.0950278,,,,3,3
2026-01-24 00:51:12.413928,0x433e9c88,98,4.172,16.228333,1.0929999,,,,,3
2026-01-24 00:51:38.023634,0x433aad0c,101,4.229,12.261666,3.753972,6.0,-70,,3,3
2026-01-24 00:52:05.904253,0x433ad35c,96,4.136,13.658333,3.0055556,7.5,-58,,3,3
2026-01-24 00:52:12.435030,0x433e9c88,97,4.155,16.505,1.0886945,,,,,3
2026-01-24 00:53:12.356808,0x433e9c88,90,4.053,9.991667,1.1222222,,,,,3
2026-01-24 00:54:12.425426,0x433e9c88,101,4.212,14.531666,1.14975,,,,,3
2026-01-24 00:54:33.155468,0x433b0b38,98,4.173,11.548333,3.4789443,5.75,-74,,5,4
2026-01-24 00:55:12.430651,0x433e9c88,97,4.149,15.67,1.14975,,,,,3
2026-01-24 00:56:12.654468,0x433e9c88,100,4.197,9.991667,1.1150833,,,,,3
2026-01-24 00:56:57.595095,0x433af380,98,4.171,15.263334,2.9980278,5.75,-34,,3,3
2026-01-24 00:57:12.524634,0x433e9c88,101,4.214,19.103333,1.1150833,,,,,3
2026-01-24 00:57:38.828648,0x433aad0c,101,4.238,17.091665,3.6527224,6.0,-70,,3,3
2026-01-24 00:58:06.142390,0x433ad35c,99,4.181,11.961666,2.896361,6.0,-59,,3,3
2026-01-24 00:58:12.671905,0x433e9c88,101,4.218,13.931666,1.0936389,,,,,3
2026-01-24 00:59:12.615319,0x433e9c88,98,4.165,10.868333,1.0810833,,,,,3
2026-01-24 01:00:12.704879,0x433e9c88,99,4.183,14.531666,1.0810833,,,,,3
2026-01-24 01:00:31.488662,0x433b0b38,97,4.148,8.046666,3.4460835,6.0,-77,,5,5
2026-01-24 01:01:12.729254,0x433e9c88,101,4.218,14.535,1.0810833,,,,,3
2026-01-25 02:02:42.745867,0x433e9c88,99,4.178,13.165,0.8415,,,,,3
2026-01-25 02:03:42.864375,0x433e9c88,98,4.175,16.118332,0.8604167,,,,3,3
2026-01-25 02:04:42.946302,0x433e9c88,99,4.184,13.113334,0.85838896,,,,,3
2026-01-25 02:04:56.148478,0x433aad0c,101,4.224,12.1,3.2975554,5.75,-70,,3,3
2026-01-25 02:05:24.348884,0x433ad35c,97,4.149,12.388333,3.079611,5.75,-56,,3,3
2026-01-25 02:05:43.006995,0x433e9c88,97,4.159,14.358333,0.8437778,,,,,3
2026-01-25 02:06:43.013297,0x433e9c88,99,4.184,16.038332,0.86269444,,,,,3
2026-01-25 02:07:43.059311,0x433e9c88,101,4.203,11.385,0.86269444,,,,,3
2026-01-25 02:07:45.456398,0x433af380,92,4.088,11.651667,3.0135279,6.0,-33,,3,3
2026-01-25 02:07:48.761074,0x433b0b38,97,4.155,13.411667,3.875278,5.75,-78,,5,5
2026-01-25 02:08:43.294543,0x433e9c88,99,4.179,13.686667,0.8941945,,,,,3
2026-01-25 02:09:43.340232,0x433e9c88,101,4.216,12.041666,0.8941945,,,,,3
2026-01-25 02:10:43.307669,0x433e9c88,100,4.196,9.991667,0.8941945,,,,,3
2026-01-25 02:10:58.131246,0x433aad0c,101,4.208,9.991667,3.373611,7.0,-34,,3,2
2026-01-25 02:11:24.609318,0x433ad35c,97,4.152,13.851666,3.060389,5.75,-56,,3,3
2026-01-25 02:11:43.344411,0x433e9c88,98,4.175,15.971666,0.9106111,,,,,3
2026-01-25 02:12:43.370123,0x433e9c88,100,4.194,13.166666,0.9295278,,,,,3
2026-01-25 02:13:43.439918,0x433e9c88,100,4.2,12.483333,0.9131111,,,,,3
2026-01-25 02:13:49.041460,0x433b0b38,98,4.169,12.483333,3.8613055,5.75,-78,,5,5
2026-01-25 02:14:43.478619,0x433e9c88,101,4.208,10.933333,0.89849997,,,,,3
2026-01-25 02:15:43.426172,0x433e9c88,90,4.061,12.945,0.93202776,,,,,3
2026-01-25 02:16:43.470221,0x433e9c88,97,4.156,11.688333,0.94663894,,,,,3
2026-01-25 02:16:56.559935,0x433aad0c,101,4.213,9.991667,3.3879724,5.75,-70,,3,3
2026-01-25 02:17:24.868270,0x433ad35c,96,4.137,15.383333,3.0041945,6.0,-56,,3,3
2026-01-25 02:17:43.517627,0x433e9c88,101,4.212,17.353334,0.9484445,,,,,3
2026-01-25 02:17:45.204888,0x433af380,101,4.24,17.856667,2.9090555,7.5,-34,,3,3
2026-01-25 02:18:28.653212,0xbd50376c,100,4.19,16.833334,1.1561389,5.25,-76,,3,3
2026-01-25 02:18:43.574771,0x433e9c88,96,4.144,21.13,0.93155557,,,,,3
2026-01-25 02:19:43.726724,0x433e9c88,101,4.225,10.868333,0.94616663,,,,,3
2026-01-25 02:19:49.441995,0x433b0b38,96,4.144,10.868333,3.7973888,5.25,-77,,5,5
2026-01-25 02:20:43.749029,0x433e9c88,101,4.209,12.946667,0.9108333,,,,,3
2026-01-25 02:21:43.784091,0x433e9c88,101,4.223,13.396667,0.9108333,,,,,3
2026-01-25 02:22:43.793803,0x433e9c88,98,4.167,12.003333,0.89622223,,,,,3
2026-01-25 02:22:56.852786,0x433aad0c,100,4.195,12.003333,3.488889,5.5,-69,,3,3
2026-01-25 02:23:25.081603,0x433ad35c,101,4.205,12.523334,3.0317223,5.75,-56,,3,3
2026-01-25 02:23:43.821088,0x433e9c88,100,4.196,15.628333,0.93155557,,,,,3
2026-01-25 02:24:44.062373,0x433e9c88,99,4.184,12.261666,0.9650833,,,,,3
2026-01-25 02:25:43.968144,0x433e9c88,98,4.163,10.868333,0.984,,,,,3
2026-01-25 02:25:49.471224,0x433b0b38,101,4.207,10.868333,3.8014445,5.5,-78,,5,5
2026-01-25 02:26:44.130893,0x433e9c88,100,4.194,12.536667,0.93633336,,,,,3
2026-01-25 02:27:44.004982,0x433e9c88,97,4.156,13.548334,0.89849997,,,,,3
2026-01-25 02:27:45.244695,0x433af380,99,4.182,16.055,2.8666945,7.5,-34,,3,3
2026-01-25 02:28:44.135081,0x433e9c88,99,4.18,14.591667,0.86269444,,,,,3
2026-01-25 02:28:56.559800,0x433aad0c,101,4.202,12.565001,3.6195834,5.75,-70,,3,3
2026-01-25 02:29:25.316404,0x433ad35c,96,4.134,12.838334,3.0239444,6.0,-56,,3,3
2026-01-25 02:29:44.190465,0x433e9c88,99,4.181,14.808332,0.8645,,,,,3
2026-01-25 02:30:44.187003,0x433e9c88,101,4.204,15.408333,0.79994446,,,,,3
2026-01-25 02:31:44.248505,0x433e9c88,98,4.17,11.321667,0.8120555,,,,,3
2026-01-25 02:31:49.762270,0x433b0b38,101,4.217,11.471666,3.847611,5.5,-77,,5,5
2026-01-25 02:32:44.233911,0x433e9c88,99,4.177,12.548333,0.80433327,,,,,3
2026-01-25 02:33:44.290678,0x433e9c88,100,4.192,13.658333,0.78541666,,,,,3
2026-01-25 02:34:44.511063,0x433e9c88,100,4.198,11.195001,0.78541666,,,,,3
2026-01-25 02:34:56.807735,0x433aad0c,99,4.177,9.991667,3.6189165,5.75,-70,,3,3
2026-01-25 02:35:25.692149,0x433ad35c,96,4.139,11.961666,3.0868611,5.5,-56,,3,3
2026-01-25 02:35:44.401558,0x433e9c88,97,4.151,13.931666,0.8371667,,,,,3
2026-01-25 02:36:44.602434,0x433e9c88,97,4.158,13.713333,0.9058055,,,,,3
2026-01-25 02:37:44.619381,0x433e9c88,99,4.186,11.688333,0.8538334,,,,,3
2026-01-25 02:37:45.448115,0x433af380,100,4.196,12.0616665,2.8734722,5.75,-34,,3,3
2026-01-25 02:37:50.014865,0x433b0b38,100,4.199,13.686667,3.7547498,5.75,-78,,5,5
2026-01-25 02:38:44.663678,0x433e9c88,96,4.139,11.416667,0.8889723,,,,,3
2026-01-25 02:39:44.715625,0x433e9c88,101,4.215,13.138333,0.8889723,,,,3,3
2026-01-25 02:40:44.872790,0x433e9c88,99,4.188,13.743334,0.90586114,,,,,3
2026-01-25 02:40:57.514926,0x433aad0c,101,4.233,10.868333,3.6640835,6.0,-70,,3,3
2026-01-25 02:41:25.932967,0x433ad35c,98,4.171,10.745,2.9481943,6.0,-56,,3,3
2026-01-25 02:41:44.864774,0x433e9c88,98,4.17,13.85,0.90586114,,,,,3
2026-01-25 02:42:44.879209,0x433e9c88,97,4.158,13.425,0.90586114,,,,,3
2026-01-25 02:43:44.897169,0x433e9c88,97,4.157,12.593333,0.90586114,,,,,3
2026-01-25 02:43:50.211018,0x433b0b38,99,4.177,11.716667,3.7715833,6.5,-78,,5,5
2026-01-25 02:44:44.936237,0x433e9c88,97,4.157,11.851666,0.90586114,,,,,3
2026-01-25 02:45:44.983286,0x433e9c88,100,4.199,12.261666,0.9247778,,,,,3
2026-01-25 02:46:45.019247,0x433e9c88,101,4.204,12.565001,0.9247778,,,,,3
2026-01-25 02:46:57.257543,0x433aad0c,100,4.19,10.868333,3.6653888,6.0,-70,,3,3
2026-01-25 02:47:26.404118,0x433ad35c,98,4.175,11.933333,3.0042222,5.5,-56,,3,3
2026-01-25 02:47:45.139276,0x433e9c88,101,4.215,17.518333,0.9724445,,,,,3
2026-01-25 02:47:45.756898,0x433af380,101,4.22,20.06,2.9234445,5.75,-34,,3,3
2026-01-25 02:48:45.297861,0x433e9c88,99,4.189,13.493334,0.9583056,,,,,3
2026-01-25 02:49:45.334733,0x433e9c88,99,4.18,10.0199995,0.97291666,,,,,3
2026-01-25 02:49:50.444943,0x433b0b38,98,4.174,10.0199995,3.7499168,5.5,-78,,5,5
2026-01-25 02:50:45.229426,0x433e9c88,98,4.163,8.885,0.9686111,,,,,3
2026-01-25 02:51:45.275067,0x433e9c88,99,4.188,16.543333,0.9686111,,,,,3
2026-01-25 02:52:45.405626,0x433e9c88,101,4.216,10.0199995,0.9686111,,,,,3
2026-01-25 02:52:57.508182,0x433aad0c,101,4.233,10.0199995,3.6798332,5.5,-70,,3,3
2026-01-25 02:53:27.144522,0x433ad35c,99,4.176,10.855,2.9284723,6.5,-56,,3,3
2026-01-25 02:53:45.459196,0x433e9c88,101,4.211,16.533333,1.0021389,,,,,3
2026-01-25 02:54:29.860323,0xbd50376c,98,4.173,14.599999,1.0799444,5.25,-76,,3,3
2026-01-25 02:54:45.557880,0x433e9c88,101,4.22,15.395,0.9870834,,,,,3
2026-01-25 02:55:45.613860,0x433e9c88,100,4.195,9.991667,0.96816665,,,,,3
2026-01-25 02:55:50.730800,0x433b0b38,97,4.153,9.991667,3.8805275,6.25,-78,,5,5
2026-01-25 02:56:45.571025,0x433e9c88,99,4.179,14.425,0.9845833,,,,,3
2026-01-25 02:57:45.597085,0x433e9c88,97,4.15,14.385,1.0413334,,,,,3
2026-01-25 02:57:46.164911,0x433af380,99,4.189,15.783334,2.8723056,5.25,-34,,3,3
2026-01-25 02:58:45.625163,0x433e9c88,97,4.16,12.701666,1.06025,,,,,3
2026-01-25 02:58:57.745954,0x433aad0c,99,4.188,11.688333,3.6928887,6.0,-70,,3,3
2026-01-25 02:59:29.175824,0x433ad35c,100,4.198,10.151667,2.8634443,5.75,-55,,3,3
2026-01-25 02:59:46.111879,0x433e9c88,98,4.169,14.808332,1.06275,,,,,3
2026-01-25 03:00:45.699412,0x433e9c88,99,4.185,12.151667,1.08075,,,,,3
2026-01-25 03:01:45.910827,0x433e9c88,97,4.157,13.231667,1.107861,,,,,3
2026-01-25 03:01:50.969341,0x433b0b38,98,4.171,13.231667,3.9295833,6.25,-77,,5,5
2026-01-23 21:01:58.753997,0x433e9c88,101,4.219,9.991667,1.0912222,,,,,3
2026-01-23 21:02:58.847267,0x433e9c88,98,4.162,13.396667,1.0932499,,,,,3
2026-01-23 21:03:27.417012,0x433aad0c,101,4.202,4.023333,3.3114445,5.5,-71,,3,3
2026-01-23 21:03:53.408023,0x433ad35c,98,4.174,14.231667,3.1236389,5.75,-57,,3,3
2026-01-23 21:03:58.738485,0x433e9c88,98,4.162,13.931666,1.0786389,,,,,3
2026-01-23 21:04:58.904075,0x433e9c88,101,4.228,13.795,1.0640278,,,,,3
2026-01-23 21:05:58.996635,0x433e9c88,97,4.155,15.780001,1.0498888,,,,,3
2026-01-23 21:06:13.831502,0x433b0b38,101,4.209,20.415,3.5414445,5.25,-77,,5,5
2026-01-23 21:06:53.995087,0x433af380,97,4.155,14.766666,3.059111,6.75,-34,,3,3
2026-01-23 21:06:59.028117,0x433e9c88,92,4.087,17.27,1.0464444,,,,,3
2026-01-23 21:07:59.077481,0x433e9c88,96,4.142,9.991667,0.9901111,,,,,3
2026-01-23 21:08:59.053387,0x433e9c88,97,4.154,15.408333,0.94197226,,,,,3
2026-01-23 21:09:28.363340,0x433aad0c,101,4.208,13.138333,3.254722,6.25,-71,,3,3
2026-01-23 21:09:53.654861,0x433ad35c,98,4.169,15.383333,3.2393887,6.5,-57,,3,3
2026-01-23 21:09:59.184269,0x433e9c88,98,4.172,17.353334,0.90844446,,,,,3
2026-01-23 21:10:59.247586,0x433e9c88,99,4.179,11.688333,0.8895278,,,,,3
2026-01-23 21:11:59.105591,0x433e9c88,98,4.164,14.531666,0.8895278,,,,,3
2026-01-23 21:12:14.027883,0x433b0b38,100,4.19,14.531666,3.4188054,5.75,-76,,5,5
2026-01-23 21:12:59.297075,0x433e9c88,98,4.17,12.838334,0.86630553,,,,,3
2026-01-23 21:13:59.328112,0x433e9c88,99,4.181,9.991667,0.86630553,,,,3,3
2026-01-23 21:14:59.540894,0x433e9c88,101,4.21,17.105,0.8685834,,,,,3
2026-01-23 21:15:29.285004,0x433aad0c,101,4.233,10.361667,3.1801388,5.5,-70,,3,3
2026-01-23 21:15:55.321098,0x433ad35c,101,4.203,15.080001,3.226389,6.0,-59,,3,3
2026-01-23 21:15:59.599907,0x433e9c88,100,4.2,15.628333,0.85397226,,,,,3
2026-01-23 21:16:54.283465,0x433af380,97,4.156,12.606667,3.187,6.25,-34,,3,3
2026-01-23 21:16:59.599721,0x433e9c88,97,4.156,14.07,0.8393611,,,,,3
2026-01-23 21:17:59.564330,0x433e9c88,99,4.184,14.531666,0.86258334,,,,,3
2026-01-23 21:18:14.255925,0x433b0b38,101,4.221,14.531666,3.3677225,6.5,-77,,5,5
2026-01-23 21:18:59.740538,0x433e9c88,97,4.159,11.961666,0.86258334,,,,,3
2026-01-23 21:19:59.772291,0x433e9c88,101,4.218,12.565001,0.8815,,,,,3
2026-01-23 21:20:59.702618,0x433e9c88,96,4.141,16.228333,0.86688894,,,,,3
2026-01-23 21:21:28.120688,0x433aad0c,101,4.224,7.7316666,3.1215835,6.25,-70,,3,3
2026-01-23 21:21:56.061612,0x433ad35c,99,4.18,15.434999,3.2061112,6.0,-58,,3,3
2026-01-23 21:21:59.878658,0x433e9c88,101,4.205,15.135,0.884,,,,,3
2026-01-23 21:22:59.882320,0x433e9c88,98,4.172,9.991667,0.8650834,,,,,3
2026-01-23 21:23:59.881885,0x433e9c88,97,4.148,17.871666,0.89861107,,,,,3
2026-01-23 21:24:14.514240,0x433b0b38,99,4.189,17.871666,3.41475,5.75,-77,,5,5
2026-01-23 21:24:59.878092,0x433e9c88,97,4.148,13.658333,0.84913886,,,,,3
2026-01-23 21:26:00.079643,0x433e9c88,101,4.222,11.688333,0.84913886,,,,,3
2026-01-23 21:26:53.086686,0x433af380,99,4.177,11.673333,3.3092499,5.5,-33,,3,3
2026-01-23 21:27:00.072300,0x433e9c88,98,4.164,16.271667,0.79441667,,,,,3
2026-01-23 21:27:28.916041,0x433aad0c,98,4.167,16.271667,3.246389,5.5,-69,,3,3
2026-01-23 21:27:56.242721,0x433ad35c,99,4.179,13.463333,3.2715836,6.0,-58,,3,3
2026-01-23 21:28:00.021601,0x433e9c88,94,4.115,16.051666,0.79441667,,,,,3
2026-01-23 21:29:00.114154,0x433e9c88,98,4.172,9.991667,0.8047222,,,,,3
2026-01-23 21:29:59.886634,0xbd50376c,100,4.19,13.081667,1.1694444,6.0,-74,,3,3
2026-01-23 21:30:00.163558,0x433e9c88,96,4.147,17.241667,0.82363886,,,,,3
2026-01-23 21:30:14.884739,0x433b0b38,95,4.126,18.226667,3.4024167,6.0,-76,,5,5
2026-01-23 21:31:00.145039,0x433e9c88,97,4.155,13.658333,0.82363886,,,,,3
2026-01-23 21:32:00.245916,0x433e9c88,98,4.173,9.991667,0.8090278,,,,,3
2026-01-23 21:33:00.757237,0x433e9c88,98,4.174,12.52,0.8090278,,,,,3
2026-01-23 21:33:29.184575,0x433aad0c,101,4.222,12.003333,3.1414165,6.0,-70,,3,3
2026-01-23 21:33:55.353624,0x433ad35c,95,4.129,13.204999,3.3349998,6.25,-57,,3,3
2026-01-23 21:34:00.662869,0x433e9c88,97,4.151,14.916667,0.83825004,,,,,3
2026-01-23 21:35:00.706403,0x433e9c88,72,3.914,13.413334,0.85669446,,,,,3
2026-01-23 21:36:00.854854,0x433e9c88,98,4.162,15.093334,0.8713055,,,,,3
2026-01-23 21:36:14.989906,0x433b0b38,99,4.176,17.105,3.4478612,5.5,-77,,5,5
2026-01-23 21:36:53.197353,0x433af380,101,4.218,17.263334,3.297111,7.0,-34,,3,3
2026-01-23 21:37:00.931629,0x433e9c88,100,4.195,15.863334,0.8713055,,,,,3
2026-01-23 21:38:00.988249,0x433e9c88,100,4.197,9.991667,0.90711105,,,,,3
2026-01-23 21:39:00.984111,0x433e9c88,99,4.182,13.396667,0.8902222,,,,,3
2026-01-23 21:39:29.543387,0x433aad0c,101,4.232,14.531666,3.126722,6.0,-70,,3,3
2026-01-23 21:39:55.647118,0x433ad35c,100,4.199,14.174999,3.2827501,6.0,-58,,3,3
2026-01-23 21:40:00.911375,0x433e9c88,97,4.157,15.628333,0.8902222,,,,,3
2026-01-23 21:41:01.023884,0x433e9c88,99,4.182,11.688333,0.85669446,,,,,3
2026-01-23 21:42:01.026219,0x433e9c88,101,4.22,14.531666,0.8756111,,,,,3
2026-01-23 21:42:15.226600,0x433b0b38,101,4.205,15.666667,3.5473056,5.5,-78,,5,5
2026-01-23 21:43:01.085891,0x433e9c88,101,4.222,11.961666,0.8945278,,,,,3
2026-01-23 21:44:01.222985,0x433e9c88,101,4.203,9.991667,0.8988333,,,,,3
2026-01-23 21:45:01.606439,0x433e9c88,90,4.055,15.351666,0.9031389,,,,,3
2026-01-23 21:45:30.692683,0x433aad0c,100,4.199,13.958333,3.0795279,5.75,-70,,3,3
2026-01-23 21:45:55.887289,0x433ad35c,98,4.172,12.219999,3.2022223,6.5,-58,,3,3
2026-01-23 21:46:01.540385,0x433e9c88,101,4.205,14.751667,0.90361106,,,,,3
2026-01-23 21:46:53.442765,0x433af380,97,4.154,14.696667,3.2361112,5.75,-34,,3,3
2026-01-23 21:47:01.657227,0x433e9c88,98,4.174,15.258333,0.923,,,,,3
2026-01-23 21:48:01.722737,0x433e9c88,98,4.175,12.52,0.97544444,,,,,3
2026-01-23 21:48:15.514763,0x433b0b38,98,4.175,16.801666,3.5631669,5.75,-78,,5,5
2026-01-23 21:49:01.655534,0x433e9c88,96,4.147,11.961666,0.9943611,,,,,3
2026-01-23 21:50:01.822869,0x433e9c88,101,4.208,11.688333,0.9943611,,,,3,3
2026-01-23 21:51:01.832407,0x433e9c88,97,4.158,13.9816675,1.0301666,,,,,3
2026-01-23 21:51:29.566963,0x433aad0c,97,4.161,15.161666,3.0455832,5.5,-70,,3,3
2026-01-23 21:51:56.601498,0x433ad35c,98,4.174,11.085,3.1712778,6.0,-58,,3,3
2026-01-23 21:52:02.020893,0x433e9c88,96,4.139,16.505,1.0301666,,,,,3
2026-01-23 21:53:02.102761,0x433e9c88,96,4.145,9.991667,1.0447778,,,,,3
2026-01-23 21:54:02.126268,0x433e9c88,101,4.203,17.678333,1.0490834,,,,,3
2026-01-23 21:54:15.709392,0x433b0b38,99,4.176,17.678333,3.65525,6.0,-77,,5,5
2026-01-23 21:55:02.137335,0x433e9c88,99,4.185,13.658333,1.0326667,,,,,3
2026-01-23 21:56:02.161530,0x433e9c88,97,4.161,9.115,1.0039166,,,,,3
2026-01-23 21:56:53.604211,0x433af380,99,4.18,14.331667,3.1550832,7.5,-34,,3,3
2026-01-23 21:57:02.109514,0x433e9c88,98,4.162,15.653333,1.0228333,,,,,3
2026-01-23 21:57:29.734027,0x433aad0c,101,4.243,14.26,2.9541667,5.75,-70,,3,3
2026-01-23 21:57:56.406129,0x433ad35c,98,4.172,14.231667,3.0305834,6.0,-58,,3,3
2026-01-23 21:58:02.262597,0x433e9c88,97,4.15,13.054999,1.0059444,,,,,3
2026-01-23 21:59:02.492438,0x433e9c88,101,4.22,9.115,0.9543889,,,,,3
2026-01-23 22:00:02.756481,0x433e9c88,101,4.211,15.351666,1.0063611,,,,,3
2026-01-23 22:00:16.025739,0x433b0b38,95,4.127,17.076666,3.5833611,6.0,-76,,5,5
2026-01-23 22:01:02.920017,0x433e9c88,98,4.171,11.085,1.0191667,,,,,3
2026-01-24 23:02:29.846668,0x433e9c88,99,4.178,13.686667,0.7958611,,,,,3
2026-01-24 23:03:29.846428,0x433e9c88,99,4.184,14.56,0.7580278,,,,3,3
2026-01-24 23:04:29.909731,0x433e9c88,98,4.173,10.896667,0.7938334,,,,,3
2026-01-24 23:04:46.581713,0x433aad0c,101,4.23,10.896667,3.7889724,5.75,-69,,3,3
2026-01-24 23:05:17.598525,0x433ad35c,98,4.162,7.746667,3.2034166,5.75,-56,,3,3
2026-01-24 23:05:29.952938,0x433e9c88,97,4.157,13.398333,0.7938334,,,,,3
2026-01-24 23:06:30.147993,0x433e9c88,100,4.198,17.953333,0.7749167,,,,,3
2026-01-24 23:07:30.039220,0x433e9c88,98,4.173,10.84,0.756,,,,,3
2026-01-24 23:07:36.810293,0x433b0b38,100,4.19,12.593333,3.9066389,5.5,-78,,5,5
2026-01-24 23:07:41.420060,0x433af380,99,4.185,14.061667,2.9301946,5.75,-34,,3,3
2026-01-24 23:08:30.247685,0x433e9c88,101,4.201,12.018333,0.7724167,,,,,3
2026-01-24 23:09:30.271468,0x433e9c88,101,4.221,14.56,0.7345833,,,,,3
2026-01-24 23:10:30.370797,0x433e9c88,101,4.206,10.0199995,0.7156667,,,,,3
2026-01-24 23:10:46.306962,0x433aad0c,101,4.209,10.0199995,3.8348057,5.5,-69,,3,3
2026-01-24 23:11:17.935069,0x433ad35c,97,4.149,11.990001,3.2868612,5.75,-56,,3,3
2026-01-24 23:11:30.228164,0x433e9c88,100,4.199,13.083333,0.7131667,,,,,3
2026-01-24 23:12:30.390742,0x433e9c88,96,4.141,17.133333,0.7131667,,,,,3
2026-01-24 23:13:30.420019,0x433e9c88,99,4.185,10.896667,0.69241667,,,,,3
2026-01-24 23:13:37.546102,0x433b0b38,98,4.173,10.896667,3.8795278,5.5,-78,,5,5
2026-01-24 23:14:30.568832,0x433e9c88,101,4.227,11.961666,0.6942222,,,,,3
2026-01-24 23:15:30.468748,0x433e9c88,101,4.21,13.138333,0.6796111,,,,,3
2026-01-24 23:16:30.700081,0x433e9c88,101,4.211,12.221666,0.66499996,,,,,3
2026-01-24 23:16:46.589370,0x433aad0c,99,4.184,13.413334,3.9360278,5.75,-69,,3,3
2026-01-24 23:17:17.634207,0x433ad35c,95,4.129,15.383333,3.271861,5.5,-56,,3,3
2026-01-24 23:17:30.670206,0x433e9c88,97,4.16,14.55,0.6503889,,,,,3
2026-01-24 23:17:38.419082,0x433af380,100,4.194,17.061666,2.8613055,5.25,-34,,3,3
2026-01-24 23:18:30.871258,0x433e9c88,98,4.163,17.913334,0.6357778,,,,,3
2026-01-24 23:18:35.047320,0xbd50376c,100,4.196,13.67,0.88716674,5.25,-76,,3,3
2026-01-24 23:19:30.945703,0x433e9c88,100,4.198,8.856667,0.6211667,,,,,3
2026-01-24 23:19:37.301250,0x433b0b38,99,4.184,11.745,3.9055557,5.5,-78,,5,5
2026-01-24 23:20:30.934885,0x433e9c88,100,4.19,11.005,0.6711111,,,,,3
2026-01-24 23:21:30.967504,0x433e9c88,101,4.215,15.178333,0.6711111,,,,,3
2026-01-24 23:22:31.037745,0x433e9c88,101,4.204,7.98,0.65219444,,,,,3
2026-01-24 23:22:46.795669,0x433aad0c,99,4.187,11.716667,3.9758887,5.75,-70,,3,3
2026-01-24 23:23:17.866453,0x433ad35c,98,4.164,14.5633335,3.3548613,6.25,-56,,3,3
2026-01-24 23:23:31.078953,0x433e9c88,96,4.142,14.291666,0.66680557,,,,,3
2026-01-24 23:24:31.081366,0x433e9c88,98,4.164,15.953334,0.66680557,,,,,3
2026-01-24 23:25:31.126158,0x433e9c88,99,4.188,10.638333,0.68141663,,,,,3
2026-01-24 23:25:37.498863,0x433b0b38,98,4.173,10.0199995,3.9405,5.25,-79,,5,5
2026-01-24 23:26:31.398389,0x433e9c88,99,4.177,13.056667,0.68141663,,,,,3
2026-01-24 23:27:31.258086,0x433e9c88,97,4.15,12.52,0.68344444,,,,,3
2026-01-24 23:27:38.926115,0x433af380,97,4.159,16.67,2.8279998,6.0,-34,,3,3
2026-01-24 23:28:31.416514,0x433e9c88,98,4.172,9.748334,0.66930556,,,,,3
2026-01-24 23:28:47.486614,0x433aad0c,80,3.995,10.896667,4.0004168,6.0,-70,,3,3
2026-01-24 23:29:18.066527,0x433ad35c,97,4.156,12.866667,3.2661664,6.0,-56,,3,3
2026-01-24 23:29:31.591497,0x433e9c88,98,4.164,13.083333,0.66680557,,,,,3
2026-01-24 23:30:31.528421,0x433e9c88,98,4.175,11.44,0.66680557,,,,,3
2026-01-24 23:31:31.570280,0x433e9c88,100,4.194,8.885,0.66680557,,,,,3
2026-01-24 23:31:38.388759,0x433b0b38,101,4.215,10.0199995,3.897861,6.25,-78,,5,5
2026-01-24 23:32:31.745624,0x433e9c88,98,4.167,7.858333,0.66680557,,,,,3
2026-01-24 23:33:31.835366,0x433e9c88,99,4.187,11.643333,0.68572223,,,,,3
2026-01-24 23:34:32.056942,0x433e9c88,97,4.148,12.690001,0.68572223,,,,,3
2026-01-24 23:34:47.261170,0x433aad0c,100,4.197,9.991667,4.1081386,5.5,-70,,3,3
2026-01-24 23:35:18.818584,0x433ad35c,98,4.172,11.961666,3.3819444,5.75,-55,,3,3
2026-01-24 23:35:32.304986,0x433e9c88,98,4.165,13.931666,0.6711111,,,,,3
2026-01-24 23:36:32.158846,0x433e9c88,98,4.164,15.868333,0.659,,,,,3
2026-01-24 23:37:32.203563,0x433e9c88,101,4.223,10.868333,0.659,,,,,3
2026-01-24 23:37:38.128269,0x433b0b38,99,4.18,9.963333,3.8796113,0.25,-78,,5,5
2026-01-24 23:37:41.976459,0x433af380,96,4.134,11.266666,2.8503056,5.5,-34,,3,3
2026-01-24 23:38:32.253347,0x433e9c88,98,4.171,15.821667,0.6400833,,,,,3
2026-01-24 23:39:32.444305,0x433e9c88,99,4.176,11.193334,0.62319446,,,,3,3
2026-01-24 23:40:32.472174,0x433e9c88,98,4.166,12.413333,0.6400833,,,,,3
2026-01-24 23:40:47.518214,0x433aad0c,101,4.224,11.265,4.1277776,5.5,-70,,3,3
2026-01-24 23:41:18.538316,0x433ad35c,95,4.129,13.235,3.4008055,5.5,-56,,3,3
2026-01-24 23:41:32.622131,0x433e9c88,101,4.213,9.208334,0.6236667,,,,,3
2026-01-24 23:42:32.745121,0x433e9c88,98,4.163,9.440001,0.60475,,,,,3
2026-01-24 23:43:32.761530,0x433e9c88,98,4.163,9.51,0.5878611,,,,,3
2026-01-24 23:43:38.353563,0x433b0b38,97,4.154,13.304999,3.9206665,5.75,-77,,5,5
2026-01-24 23:44:32.808714,0x433e9c88,99,4.181,4.1316667,0.57144445,,,,,3
2026-01-24 23:45:33.049549,0x433e9c88,98,4.171,7.6866665,0.5568333,,,,,3
2026-01-24 23:46:32.950984,0x433e9c88,99,4.186,9.058333,0.5671111,,,,,3
2026-01-24 23:46:47.763698,0x433aad0c,101,4.257,12.565001,4.1419168,5.5,-69,,3,3
2026-01-24 23:47:19.359621,0x433ad35c,101,4.205,14.671667,3.283361,6.0,-56,,3,3
2026-01-24 23:47:33.297597,0x433e9c88,101,4.204,15.751667,0.58172226,,,,,3
2026-01-24 23:47:44.428353,0x433af380,97,4.154,16.130001,2.8446667,6.25,-34,,3,3
2026-01-24 23:48:33.325775,0x433e9c88,99,4.177,20.306665,0.61727774,,,,,3
2026-01-24 23:49:33.278802,0x433e9c88,99,4.189,4.9,0.61727774,,,,,3
2026-01-24 23:49:40.047251,0x433b0b38,98,4.173,6.1583333,3.7968333,5.75,-77,,5,5
2026-01-24 23:50:33.599492,0x433e9c88,98,4.175,13.193333,0.63369447,,,,,3
2026-01-24 23:51:33.518399,0x433e9c88,99,4.186,13.341667,0.63369447,,,,,3
2026-01-24 23:52:33.657662,0x433e9c88,101,4.21,4.023333,0.61477774,,,,,3
2026-01-24 23:52:47.998088,0x433aad0c,97,4.151,13.358334,4.126528,6.0,-69,,3,3
2026-01-24 23:53:19.716825,0x433ad35c,96,4.143,15.738334,3.2612224,6.25,-56,,3,3
2026-01-24 23:53:33.704297,0x433e9c88,101,4.226,18.09,0.6161389,,,,,3
2026-01-24 23:54:28.385428,0xbd50376c,101,4.215,13.138333,0.8579444,5.0,-76,,3,3
2026-01-24 23:54:33.659297,0x433e9c88,97,4.154,14.708333,0.6161389,,,,,3
2026-01-24 23:55:33.850031,0x433e9c88,98,4.162,6.4166665,0.6161389,,,,,3
2026-01-24 23:55:39.121827,0x433b0b38,100,4.192,9.115,3.7407777,5.75,-78,,5,5
2026-01-24 23:56:34.160668,0x433e9c88,99,4.181,7.0600004,0.59722227,,,,,3
2026-01-24 23:57:34.176492,0x433e9c88,97,4.155,10.26,0.59722227,,,,,3
2026-01-24 23:57:46.294279,0x433af380,99,4.189,13.943334,2.9601111,5.5,-34,,3,3
2026-01-24 23:58:34.314599,0x433e9c88,100,4.199,6.3900003,0.57830554,,,,,3
2026-01-24 23:58:48.240036,0x433aad0c,100,4.195,10.896667,4.116611,5.5,-70,,3,3
2026-01-24 23:59:19.760646,0x433ad35c,97,4.152,11.990001,3.1916387,5.5,-55,,3,3
2026-01-24 23:59:34.216471,0x433e9c88,96,4.14,7.4550004,0.6136389,,,,,3
2026-01-25 00:00:34.445878,0x433e9c88,98,4.172,8.055,0.6514722,,,,,3
2026-01-25 00:01:34.701091,0x433e9c88,97,4.157,13.259999,0.65966666,,,,,3
2026-01-25 00:01:40.113209,0x433b0b38,101,4.207,11.506667,3.719583,5.75,-78,,5,5
2026-01-25 04:02:49.627580,0x433e9c88,99,4.18,12.219999,0.61819446,,,,,3
2026-01-25 04:03:49.665856,0x433e9c88,101,4.202,15.996666,0.59927773,,,,,3
2026-01-25 04:04:49.566386,0x433e9c88,101,4.224,9.581666,0.59927773,,,,,3
2026-01-25 04:05:00.412970,0x433aad0c,101,4.205,9.581666,4.0266113,5.5,-70,,3,3
2026-01-25 04:05:33.609596,0x433ad35c,101,4.202,5.0666666,3.0839446,5.75,-57,,3,3
2026-01-25 04:05:49.603529,0x433e9c88,101,4.207,16.378332,0.6346111,,,,,3
2026-01-25 04:06:32.253852,0xbd50376c,101,4.215,19.101667,0.76186115,5.75,-76,,3,3
2026-01-25 04:06:49.800484,0x433e9c88,100,4.19,15.653333,0.6797778,,,,,3
2026-01-25 04:07:48.414716,0x433af380,97,4.15,9.266666,3.0615,5.5,-34,,3,3
2026-01-25 04:07:49.694803,0x433e9c88,98,4.171,12.809999,0.69666666,,,,,3
2026-01-25 04:07:53.601517,0x433b0b38,99,4.185,12.838334,3.8344722,5.5,-78,,5,5
2026-01-25 04:08:49.985909,0x433e9c88,100,4.192,13.396667,0.67775,,,,,3
2026-01-25 04:09:49.940724,0x433e9c88,99,4.189,13.945,0.7345,,,,,3
2026-01-25 04:10:49.881506,0x433e9c88,97,4.157,9.798333,0.71944445,,,,,3
2026-01-25 04:11:01.186745,0x433aad0c,99,4.188,9.798333,4.0266113,5.75,-69,,3,3
2026-01-25 04:11:34.084569,0x433ad35c,97,4.153,11.768333,3.0200555,5.75,-56,,3,3
2026-01-25 04:11:49.927191,0x433e9c88,96,4.135,15.325,0.7383611,,,,,3
2026-01-25 04:12:50.150742,0x433e9c88,97,4.155,13.138333,0.71944445,,,,,3
2026-01-25 04:13:50.020193,0x433e9c88,99,4.188,11.388333,0.7383611,,,,,3
2026-01-25 04:13:53.847613,0x433b0b38,96,4.146,11.388333,3.8517778,5.75,-77,,5,5
2026-01-25 04:14:50.196369,0x433e9c88,98,4.175,14.014999,0.7572777,,,,,3
2026-01-25 04:15:50.111626,0x433e9c88,99,4.188,11.385,0.74266666,,,,,3
2026-01-25 04:16:50.196438,0x433e9c88,97,4.161,12.264999,0.77391666,,,,,3
2026-01-25 04:17:00.899646,0x433aad0c,101,4.204,10.568334,4.0336666,5.75,-69,,3,3
2026-01-25 04:17:34.330632,0x433ad35c,98,4.167,11.403334,2.9058611,5.75,-56,,3,3
2026-01-25 04:17:50.379882,0x433e9c88,98,4.168,16.476667,0.7575,,,,,3
2026-01-25 04:17:59.494535,0x433af380,97,4.158,15.198334,2.9313333,5.5,-34,,3,3
2026-01-25 04:18:50.357971,0x433e9c88,99,4.186,16.82,0.7953334,,,,,3
2026-01-25 04:19:50.386941,0x433e9c88,96,4.146,9.72,0.7953334,,,,,3
2026-01-25 04:19:54.094368,0x433b0b38,99,4.177,9.72,3.94325,5.75,-77,,5,5
2026-01-25 04:20:50.368243,0x433e9c88,99,4.184,10.935,0.81175,,,,,3
2026-01-25 04:21:50.529335,0x433e9c88,101,4.202,10.208333,0.82816666,,,,,3
2026-01-25 04:22:50.494477,0x433e9c88,99,4.18,12.28,0.8402778,,,,,3
2026-01-25 04:23:01.237679,0x433aad0c,101,4.224,11.253333,3.9470558,5.75,-70,,3,3
2026-01-25 04:23:34.617118,0x433ad35c,100,4.19,10.953333,2.8806388,5.25,-56,,3,3
2026-01-25 04:23:50.550809,0x433e9c88,99,4.183,16.556667,0.8261389,,,,,3
2026-01-25 04:24:50.580761,0x433e9c88,97,4.153,13.093333,0.8450556,,,,,3
2026-01-25 04:25:50.703936,0x433e9c88,100,4.195,10.513333,0.8450556,,,,,3
2026-01-25 04:25:54.451360,0x433b0b38,98,4.166,9.691667,3.9527779,6.0,-77,,5,5
2026-01-25 04:26:50.814376,0x433e9c88,96,4.134,13.358334,0.84344447,,,,,3
2026-01-25 04:27:50.840980,0x433e9c88,101,4.215,14.836666,0.8245278,,,,3,3
2026-01-25 04:27:57.405226,0x433af380,99,4.182,12.876667,2.962,6.75,-34,,3,3
2026-01-25 04:28:50.939843,0x433e9c88,98,4.163,13.003333,0.8603333,,,,,3
2026-01-25 04:29:01.406628,0x433aad0c,101,4.217,11.688333,3.8938057,6.0,-71,,3,3
2026-01-25 04:29:34.260590,0x433ad35c,98,4.164,13.658333,2.9594724,6.25,-56,,3,3
2026-01-25 04:29:50.914436,0x433e9c88,101,4.234,13.4383335,0.89316666,,,,,3
2026-01-25 04:30:51.001839,0x433e9c88,100,4.194,10.398334,0.9120833,,,,,3
2026-01-25 04:31:51.006671,0x433e9c88,96,4.144,7.9383335,0.8883889,,,,,3
2026-01-25 04:31:54.557536,0x433b0b38,98,4.168,8.718333,3.8956668,6.0,-78,,5,5
2026-01-25 04:32:51.126583,0x433e9c88,96,4.147,11.191667,0.9367222,,,,,3
2026-01-25 04:33:51.203411,0x433e9c88,99,4.188,11.151667,0.9556388,,,,,3
2026-01-25 04:34:51.180582,0x433e9c88,101,4.203,8.496667,0.9556388,,,,,3
2026-01-25 04:35:01.613490,0x433aad0c,99,4.189,12.796667,3.906611,5.75,-71,,3,3
2026-01-25 04:35:34.555023,0x433ad35c,99,4.179,14.766666,2.9091387,5.75,-56,,3,3
2026-01-25 04:35:51.320602,0x433e9c88,98,4.168,16.178333,0.9745556,,,,,3
2026-01-25 04:36:51.301946,0x433e9c88,99,4.187,16.654999,0.9745556,,,,,3
2026-01-25 04:37:51.320019,0x433e9c88,101,4.204,11.593333,0.9595,,,,,3
2026-01-25 04:37:54.979655,0x433b0b38,97,4.161,11.646667,3.8345556,6.0,-78,,5,5
2026-01-25 04:37:56.966583,0x433af380,100,4.191,9.333333,3.0274446,7.0,-34,,3,3
2026-01-25 04:38:51.355622,0x433e9c88,97,4.151,14.831667,0.9595,,,,,3
2026-01-25 04:39:51.564601,0x433e9c88,99,4.182,12.37,0.9216666,,,,,3
2026-01-25 04:40:51.620259,0x433e9c88,100,4.197,9.018333,0.9551944,,,,,3
2026-01-25 04:41:01.957574,0x433aad0c,101,4.232,10.278333,3.8506944,5.75,-70,,3,3
2026-01-25 04:41:35.319374,0x433ad35c,95,4.124,9.978333,2.8843613,6.25,-56,,3,3
2026-01-25 04:41:51.626577,0x433e9c88,99,4.18,12.998334,0.9492778,,,,,3
2026-01-25 04:42:32.468606,0xbd50376c,100,4.196,16.391666,0.83697224,5.75,-76,,3,3
2026-01-25 04:42:51.972441,0x433e9c88,96,4.145,11.48,0.9492778,,,,,3
2026-01-25 04:43:52.311429,0x433e9c88,100,4.2,7.9383335,0.9492778,,,,,3
2026-01-25 04:43:55.306505,0x433b0b38,101,4.202,11.0616665,3.8979723,5.75,-77,,5,5
2026-01-25 04:44:52.232631,0x433e9c88,100,4.195,5.7716665,0.9656944,,,,,3
2026-01-25 04:45:52.206347,0x433e9c88,100,4.199,11.33,0.9656944,,,,,3
2026-01-25 04:46:52.305059,0x433e9c88,98,4.165,8.181666,0.9798333,,,,,3
2026-01-25 04:47:02.629547,0x433aad0c,90,4.06,11.073333,3.7225556,5.25,-70,,3,3
2026-01-25 04:47:35.546800,0x433ad35c,95,4.132,9.925,2.8893888,6.0,-57,,3,3
2026-01-25 04:47:52.452487,0x433e9c88,97,4.148,8.48,1.0083611,,,,,3
2026-01-25 04:47:56.337299,0x433af380,97,4.154,11.583333,3.1314998,5.75,-34,,3,3
2026-01-25 04:48:52.457365,0x433e9c88,101,4.205,8.4,1.0083611,,,,,3
2026-01-25 04:49:52.560961,0x433e9c88,99,4.184,12.426667,1.0288888,,,,,3
2026-01-25 04:49:55.453661,0x433b0b38,96,4.14,8.128333,3.8144999,5.5,-77,,5,5
2026-01-25 04:50:52.468921,0x433e9c88,98,4.166,12.151667,1.0313889,,,,,3
2026-01-25 04:51:52.552822,0x433e9c88,96,4.137,11.741667,1.0124723,,,,,3
2026-01-25 04:52:52.676353,0x433e9c88,99,4.178,8.488333,0.98097223,,,,,3
2026-01-25 04:53:03.639732,0x433aad0c,99,4.187,9.541666,3.6730554,5.75,-69,,3,3
2026-01-25 04:53:35.912232,0x433ad35c,97,4.154,12.088333,2.9063332,5.75,-56,,3,3
2026-01-25 04:53:53.078307,0x433e9c88,101,4.234,13.521667,0.98097223,,,,,3
2026-01-25 04:54:52.929478,0x433e9c88,101,4.23,9.825,0.98097223,,,,,3
2026-01-25 04:55:53.071087,0x433e9c88,101,4.212,4.405,0.98097223,,,,,3
2026-01-25 04:55:56.706576,0x433b0b38,96,4.146,9.691667,3.8298612,5.75,-77,,5,5
2026-01-25 04:56:53.167230,0x433e9c88,98,4.175,8.371667,0.9456389,,,,,3
2026-01-25 04:57:53.431535,0x433e9c88,100,4.197,7.8100004,0.9504166,,,,,3
2026-01-25 04:57:53.965548,0x433af380,101,4.214,5.675,3.14925,6.25,-34,,3,3
2026-01-25 04:58:53.299445,0x433e9c88,99,4.176,4.955,0.96252775,,,,,3
2026-01-25 04:59:02.978684,0x433aad0c,101,4.224,12.304999,3.6252778,5.75,-70,,3,3
2026-01-25 04:59:36.009516,0x433ad35c,99,4.185,11.278334,2.871139,6.25,-55,,3,3
2026-01-25 04:59:53.570430,0x433e9c88,95,4.123,9.711666,0.9814444,,,,,3
2026-01-25 05:00:53.604534,0x433e9c88,98,4.163,7.0033336,0.9855555,,,,,3
2026-01-25 05:01:53.720232,0x433e9c88,99,4.186,11.321667,0.96663886,,,,,3
2026-01-25 05:02:02.403713,0x433b0b38,96,4.142,6.735,3.8806665,5.75,-76,,5,4
2026-01-24 07:02:32.956338,0x433e9c88,96,4.14,12.593333,1.1410556,,,,,3
2026-01-24 07:03:33.116645,0x433e9c88,97,4.153,13.986667,1.1599722,,,,,3
2026-01-24 07:03:57.956946,0x433aad0c,101,4.214,13.986667,3.2056112,6.5,-71,,3,3
2026-01-24 07:04:26.936382,0x433ad35c,100,4.2,12.866667,2.7339444,6.25,-59,,3,3
2026-01-24 07:04:33.240278,0x433e9c88,98,4.17,14.945001,1.1745834,,,,,3
2026-01-24 07:05:33.119724,0x433e9c88,101,4.211,12.961666,1.13925,,,,,3
2026-01-24 07:06:13.141262,0xbd50376c,99,4.18,14.135,1.1788889,6.25,-74,,3,3
2026-01-24 07:06:33.198126,0x433e9c88,100,4.195,15.165,1.1014166,,,,,3
2026-01-24 07:06:46.670109,0x433b0b38,99,4.18,14.030001,3.7364721,6.0,-76,,5,5
2026-01-24 07:07:14.173636,0x433af380,100,4.194,14.675,3.0036666,7.0,-34,,3,3
2026-01-24 07:07:33.210815,0x433e9c88,98,4.174,15.151666,1.1347222,,,,,3
2026-01-24 07:08:33.385058,0x433e9c88,101,4.205,11.716667,1.1032221,,,,,3
2026-01-24 07:09:33.437493,0x433e9c88,84,4.019,12.316667,1.1050556,,,,,3
2026-01-24 07:09:58.144228,0x433aad0c,101,4.239,12.4,3.1966388,6.0,-71,,3,3
2026-01-24 07:10:27.167585,0x433ad35c,100,4.198,11.990001,2.6908054,5.75,-59,,3,3
2026-01-24 07:10:33.446581,0x433e9c88,101,4.206,13.959999,1.1214722,,,,,3
2026-01-24 07:11:33.585351,0x433e9c88,97,4.16,10.0199995,1.0904444,,,,,3
2026-01-24 07:12:33.477576,0x433e9c88,99,4.183,17.981667,1.0569166,,,,,3
2026-01-24 07:12:46.905463,0x433b0b38,100,4.193,15.711667,3.7216668,5.75,-76,,5,5
2026-01-24 07:13:33.520131,0x433e9c88,99,4.183,13.686667,1.0423056,,,,,3
2026-01-24 07:14:33.701258,0x433e9c88,97,4.156,10.0199995,1.0229445,,,,,3
2026-01-24 07:15:33.772892,0x433e9c88,99,4.183,16.123333,1.0249722,,,,,3
2026-01-24 07:15:58.540467,0x433aad0c,98,4.166,13.986667,3.1999166,5.25,-70,,3,3
2026-01-24 07:16:27.853456,0x433ad35c,95,4.129,11.990001,2.6977222,5.75,-58,,3,3
2026-01-24 07:16:33.634232,0x433e9c88,98,4.167,13.959999,0.99574995,,,,,3
2026-01-24 07:17:12.790594,0x433af380,96,4.147,7.405,3.118,5.75,-34,,3,3
2026-01-24 07:17:33.761580,0x433e9c88,101,4.207,12.046666,1.0146667,,,,,3
2026-01-24 07:18:33.752940,0x433e9c88,101,4.205,15.121667,1.0146667,,,,,3
2026-01-24 07:18:47.468499,0x433b0b38,101,4.21,12.851667,3.7263334,5.75,-76,,5,5
2026-01-24 07:19:33.789513,0x433e9c88,95,4.131,11.990001,1.0146667,,,,,3
2026-01-24 07:20:33.966575,0x433e9c88,97,4.161,11.238334,1.0146667,,,,,3
2026-01-24 07:21:34.016636,0x433e9c88,98,4.166,11.155001,1.0146667,,,,,3
2026-01-24 07:21:58.624389,0x433aad0c,100,4.193,13.425,3.1764724,5.75,-70,,3,3
2026-01-24 07:22:27.596983,0x433ad35c,99,4.186,14.821667,2.6646667,5.75,-59,,3,3
2026-01-24 07:22:33.927259,0x433e9c88,96,4.146,16.533333,1.0194445,,,,,3
2026-01-24 07:23:34.335260,0x433e9c88,101,4.217,11.716667,1.0194445,,,,,3
2026-01-24 07:24:34.130390,0x433e9c88,99,4.182,12.29,0.98,,,,,3
2026-01-24 07:24:47.568576,0x433b0b38,101,4.201,11.155001,3.7319999,6.0,-77,,5,5
2026-01-24 07:25:34.171391,0x433e9c88,101,4.204,13.686667,0.9989167,,,,,3
2026-01-24 07:26:34.240369,0x433e9c88,101,4.207,10.0199995,0.9843055,,,,3,3
2026-01-24 07:27:11.628618,0x433af380,101,4.201,16.148333,3.1468055,6.5,-34,,3,3
2026-01-24 07:27:34.427892,0x433e9c88,97,4.161,18.451668,0.96969444,,,,,3
2026-01-24 07:27:58.946708,0x433aad0c,101,4.207,16.425,3.2322779,5.75,-71,,3,3
2026-01-24 07:28:27.853149,0x433ad35c,99,4.181,14.5633335,2.686861,5.5,-58,,3,3
2026-01-24 07:28:34.382658,0x433e9c88,101,4.203,16.533333,0.9343611,,,,,3
2026-01-24 07:29:34.645024,0x433e9c88,99,4.181,12.031667,0.95327777,,,,,3
2026-01-24 07:30:34.581789,0x433e9c88,97,4.149,12.29,0.95327777,,,,,3
2026-01-24 07:30:47.619390,0x433b0b38,101,4.208,12.29,3.6661665,5.0,-76,,5,5
2026-01-24 07:31:34.576091,0x433e9c88,101,4.218,11.990001,0.9678889,,,,,3
2026-01-24 07:32:34.708741,0x433e9c88,99,4.189,13.728334,0.98249996,,,,,3
2026-01-24 07:33:34.722394,0x433e9c88,98,4.17,13.986667,0.98249996,,,,,3
2026-01-24 07:33:59.123280,0x433aad0c,99,4.188,13.986667,3.2744164,5.75,-71,,3,3
2026-01-24 07:34:28.151712,0x433ad35c,97,4.16,11.990001,2.6365001,7.0,-59,,3,3
2026-01-24 07:34:34.706395,0x433e9c88,99,4.18,13.959999,1.0135279,,,,,3
2026-01-24 07:35:35.223193,0x433e9c88,98,4.167,12.851667,1.0135279,,,,,3
2026-01-24 07:36:35.223258,0x433e9c88,101,4.219,12.29,1.0470555,,,,,3
2026-01-24 07:36:47.859165,0x433b0b38,97,4.148,12.29,3.6575277,5.75,-76,,5,5
2026-01-24 07:37:11.930822,0x433af380,101,4.205,7.0649996,3.0990834,5.5,-34,,3,3
2026-01-24 07:37:35.226013,0x433e9c88,101,4.22,13.988334,1.0281389,,,,,3
2026-01-24 07:38:35.215705,0x433e9c88,101,4.221,13.728334,0.9946111,,,,,3
2026-01-24 07:39:35.211828,0x433e9c88,99,4.179,13.425,1.0092223,,,,,3
2026-01-24 07:39:59.839038,0x433aad0c,101,4.202,10.0199995,3.343861,5.5,-70,,3,3
2026-01-24 07:40:28.403495,0x433ad35c,101,4.208,11.990001,2.6864445,5.75,-59,,3,3
2026-01-24 07:40:35.431737,0x433e9c88,97,4.15,13.959999,1.0128334,,,,,3
2026-01-24 07:41:35.301203,0x433e9c88,98,4.168,12.373333,1.03175,,,,,3
2026-01-24 07:42:11.818881,0xbd50376c,101,4.236,10.316667,1.0827501,6.5,-73,,3,3
2026-01-24 07:42:35.418605,0x433e9c88,98,4.17,17.765001,1.0235833,,,,,3
2026-01-24 07:42:48.096737,0x433b0b38,97,4.16,17.765001,3.686528,5.5,-76,,5,5
2026-01-24 07:43:35.557346,0x433e9c88,99,4.181,13.686667,1.0546112,,,,,3
2026-01-24 07:44:35.574969,0x433e9c88,101,4.229,11.155001,1.04,,,,,3
2026-01-24 07:45:35.666343,0x433e9c88,101,4.234,15.231666,1.04,,,,,3
2026-01-24 07:46:00.045896,0x433aad0c,99,4.182,15.231666,3.391389,5.75,-71,,3,3
2026-01-24 07:46:28.633226,0x433ad35c,101,4.201,11.990001,2.7410278,6.0,-58,,3,3
2026-01-24 07:46:35.662342,0x433e9c88,99,4.181,13.959999,1.0046667,,,,,3
2026-01-24 07:47:12.119255,0x433af380,100,4.192,12.403334,3.0286944,5.75,-34,,3,3
2026-01-24 07:47:35.576674,0x433e9c88,97,4.159,14.084999,0.9900556,,,,,3
2026-01-24 07:48:35.700963,0x433e9c88,99,4.18,13.986667,1.0046667,,,,,3
2026-01-24 07:48:48.347624,0x433b0b38,99,4.176,13.986667,3.584222,5.75,-76,,5,5
2026-01-24 07:49:35.748593,0x433e9c88,98,4.168,10.855,0.97113883,,,,,3
2026-01-24 07:50:35.826583,0x433e9c88,101,4.221,10.0199995,0.94191664,,,,,3
2026-01-24 07:51:35.983717,0x433e9c88,101,4.223,13.425,0.9061111,,,,,3
2026-01-24 07:52:00.449493,0x433aad0c,100,4.2,11.155001,3.3723333,5.75,-71,,3,3
2026-01-24 07:52:28.970651,0x433ad35c,101,4.226,13.686667,2.804861,6.0,-58,,3,3
2026-01-24 07:52:35.998938,0x433e9c88,101,4.207,15.656667,0.8707778,,,,,3
2026-01-24 07:53:36.030839,0x433e9c88,100,4.197,12.851667,0.8518611,,,,,3
2026-01-24 07:54:36.055834,0x433e9c88,99,4.178,12.343333,0.9065833,,,,,3
2026-01-24 07:54:48.622119,0x433b0b38,98,4.166,14.438333,3.567111,5.75,-77,,5,5
2026-01-24 07:55:36.093825,0x433e9c88,101,4.219,13.686667,0.88766664,,,,,3
2026-01-24 07:56:36.140587,0x433e9c88,97,4.152,12.29,0.92119443,,,,,3
2026-01-24 07:57:12.310102,0x433af380,95,4.132,11.468333,3.2043054,5.75,-34,,3,3
2026-01-24 07:57:36.174098,0x433e9c88,99,4.176,14.288333,0.92119443,,,,,3
2026-01-24 07:58:00.074728,0x433aad0c,101,4.254,12.018333,3.3235834,6.5,-71,,3,3
2026-01-24 07:58:29.644205,0x433ad35c,94,4.118,13.686667,2.8061945,6.0,-59,,3,3
2026-01-24 07:58:36.200294,0x433e9c88,96,4.134,16.533333,0.9259722,,,,,3
2026-01-24 07:59:36.156304,0x433e9c88,98,4.174,11.155001,0.9259722,,,,,3
2026-01-24 08:00:36.361162,0x433e9c88,99,4.189,12.29,0.9259722,,,,,3
2026-01-24 08:00:48.809092,0x433b0b38,99,4.179,12.29,3.5144165,5.25,-76,,5,5
2026-01-24 08:01:36.294107,0x433e9c88,98,4.17,11.990001,0.9423889,,,,,3
2026-01-23 14:01:35.389536,0x433e9c88,101,4.22,9.143333,1.5587778,,,,3,3
2026-01-23 14:02:35.532485,0x433e9c88,101,4.225,9.251667,1.55675,,,,,3
2026-01-23 14:03:04.495669,0x433aad0c,101,4.229,14.4800005,2.47725,5.75,-70,,3,3
2026-01-23 14:03:33.741650,0x433ad35c,98,4.168,12.948333,2.6385832,5.5,-59,,3,3
2026-01-23 14:03:35.519901,0x433e9c88,99,4.176,14.891666,1.5362222,,,,,3
2026-01-23 14:04:35.599567,0x433e9c88,101,4.212,12.58,1.5508333,,,,,3
2026-01-23 14:05:35.580659,0x433e9c88,100,4.2,13.946668,1.5615278,,,,,3
2026-01-23 14:05:50.005464,0x433b0b38,97,4.155,12.236667,3.100361,6.0,-74,,5,5
2026-01-23 14:06:36.000926,0x433e9c88,98,4.168,11.743333,1.5669999,,,,,3
2026-01-23 14:06:40.310002,0x433af380,97,4.148,14.6050005,3.1430557,6.0,-34,,3,3
2026-01-23 14:07:36.043831,0x433e9c88,99,4.186,10.76,1.5795833,,,,,3
2026-01-23 14:08:35.861983,0x433e9c88,99,4.178,13.195001,1.5590556,,,,,3
2026-01-23 14:09:04.742294,0x433aad0c,101,4.213,14.4800005,2.5517778,6.25,-70,,3,3
2026-01-23 14:09:33.941709,0x433ad35c,101,4.218,13.413334,2.685639,5.75,-59,,3,3
2026-01-23 14:09:35.760164,0x433e9c88,98,4.174,14.385,1.5239167,,,,,3
2026-01-23 14:10:35.839288,0x433e9c88,97,4.161,7.5566664,1.5405555,,,,,3
2026-01-23 14:11:35.881960,0x433e9c88,97,4.16,9.773334,1.5108889,,,,,3
2026-01-23 14:11:50.067764,0x433b0b38,99,4.187,11.36,3.0811944,5.75,-76,,5,5
2026-01-23 14:12:35.957600,0x433e9c88,99,4.176,11.77,1.4903611,,,,,3
2026-01-23 14:13:35.941934,0x433e9c88,101,4.203,7.53,1.47575,,,,,3
2026-01-23 14:14:36.130851,0x433e9c88,99,4.182,11.496667,1.4761944,,,,,3
2026-01-23 14:15:05.168881,0x433aad0c,99,4.188,18.693335,2.527139,6.0,-70,,3,3
2026-01-23 14:15:34.720263,0x433ad35c,98,4.165,12.565001,2.7732778,5.75,-58,,3,3
2026-01-23 14:15:36.030605,0x433e9c88,99,4.177,11.8116665,1.4914722,,,,,3
2026-01-23 14:16:36.143901,0x433e9c88,101,4.214,6.68,1.4860001,,,,,3
2026-01-23 14:16:40.566560,0x433af380,96,4.146,10.0633335,3.1097221,6.0,-34,,3,3
2026-01-23 14:17:31.065755,0xbd50376c,101,4.214,14.206667,1.7578334,5.75,-73,,3,3
2026-01-23 14:17:36.156566,0x433e9c88,98,4.164,17.055,1.4713889,,,,,3
2026-01-23 14:17:51.897861,0x433b0b38,101,4.206,15.028334,3.06725,5.75,-76,,5,5
2026-01-23 14:18:36.319262,0x433e9c88,99,4.181,15.903333,1.4903333,,,,,3
2026-01-23 14:19:36.238276,0x433e9c88,101,4.205,11.688333,1.4903333,,,,,3
2026-01-23 14:20:36.404310,0x433e9c88,101,4.209,12.208334,1.4944167,,,,,3
2026-01-23 14:21:05.208469,0x433aad0c,98,4.166,14.478333,2.5565555,6.25,-70,,3,3
2026-01-23 14:21:34.421567,0x433ad35c,97,4.157,14.178332,2.8414168,5.75,-59,,3,3
2026-01-23 14:21:36.467660,0x433e9c88,99,4.188,16.121666,1.4572222,,,,,3
2026-01-23 14:22:36.513084,0x433e9c88,100,4.196,8.788333,1.4626944,,,,,3
2026-01-23 14:23:36.485120,0x433e9c88,101,4.215,11.031667,1.4586111,,,,,3
2026-01-23 14:23:52.269491,0x433b0b38,100,4.195,11.36,3.063611,5.75,-76,,5,5
2026-01-23 14:24:36.463896,0x433e9c88,99,4.185,14.671667,1.3922222,,,,,3
2026-01-23 14:25:36.509204,0x433e9c88,99,4.178,8.788333,1.3785278,,,,,3
2026-01-23 14:26:36.741740,0x433e9c88,99,4.189,11.031667,1.3508888,,,,,3
2026-01-23 14:26:41.559756,0x433af380,101,4.218,10.333333,2.910639,7.25,-34,,3,3
2026-01-23 14:27:05.444714,0x433aad0c,99,4.188,17.545,2.6354165,6.25,-70,,3,3
2026-01-23 14:27:34.744640,0x433ad35c,101,4.206,17.095,2.881139,5.5,-59,,3,3
2026-01-23 14:27:36.775236,0x433e9c88,99,4.177,13.66,1.368,,,,,3
2026-01-23 14:28:36.734897,0x433e9c88,101,4.212,10.348333,1.3387778,,,,,3
2026-01-23 14:29:36.716045,0x433e9c88,98,4.174,15.026667,1.3369445,,,,,3
2026-01-23 14:29:51.627626,0x433b0b38,98,4.167,13.246668,2.9967499,5.25,-76,,5,5
2026-01-23 14:30:36.754799,0x433e9c88,101,4.223,14.178332,1.3161944,,,,,3
2026-01-23 14:31:36.798334,0x433e9c88,101,4.227,10.868333,1.3353333,,,,,3
2026-01-23 14:32:36.859380,0x433e9c88,99,4.187,12.235,1.3526388,,,,,3
2026-01-23 14:33:06.189465,0x433aad0c,99,4.183,13.330001,2.6615834,5.75,-71,,3,3
2026-01-23 14:33:34.891962,0x433ad35c,97,4.148,14.151667,2.8955,5.75,-59,,3,3
2026-01-23 14:33:36.921775,0x433e9c88,98,4.17,15.123333,1.3341668,,,,,3
2026-01-23 14:34:36.943244,0x433e9c88,96,4.141,11.688333,1.3467222,,,,,3
2026-01-23 14:35:37.061582,0x433e9c88,99,4.187,12.263333,1.3471667,,,,,3
2026-01-23 14:35:52.182241,0x433b0b38,100,4.194,11.688333,3.0020556,5.5,-76,,5,5
2026-01-23 14:36:37.212648,0x433e9c88,98,4.162,18.313334,1.3863889,,,,,3
2026-01-23 14:36:41.971685,0x433af380,100,4.2,16.4,2.894,7.75,-34,,3,3
2026-01-23 14:37:37.206430,0x433e9c88,97,4.16,11.9366665,1.401,,,,3,3
2026-01-23 14:38:37.315976,0x433e9c88,99,4.176,13.959999,1.4343333,,,,,3
2026-01-23 14:39:05.930012,0x433aad0c,101,4.212,16.505,2.5340278,6.5,-71,,3,3
2026-01-23 14:39:35.131819,0x433ad35c,98,4.164,17.901667,2.9596112,5.75,-59,,3,3
2026-01-23 14:39:37.438404,0x433e9c88,97,4.153,19.626667,1.4067222,,,,,3
2026-01-23 14:40:37.379654,0x433e9c88,98,4.163,8.748333,1.4254167,,,,,3
2026-01-23 14:41:37.369215,0x433e9c88,86,4.028,12.125,1.4048889,,,,,3
2026-01-23 14:41:52.813981,0x433b0b38,101,4.218,12.48,3.0819166,5.5,-75,,5,5
2026-01-23 14:42:37.562323,0x433e9c88,100,4.198,13.85,1.4048889,,,,,3
2026-01-23 14:43:37.588084,0x433e9c88,98,4.165,8.76,1.4048889,,,,,3
2026-01-23 14:44:37.680153,0x433e9c88,101,4.213,13.959999,1.4235834,,,,,3
2026-01-23 14:45:06.180943,0x433aad0c,100,4.195,17.873333,2.559361,5.75,-73,,3,3
2026-01-23 14:45:35.955881,0x433ad35c,99,4.185,17.121666,2.9808333,5.75,-59,,3,3
2026-01-23 14:45:37.734387,0x433e9c88,101,4.227,18.791666,1.4290556,,,,,3
2026-01-23 14:46:37.743097,0x433e9c88,100,4.197,9.991667,1.4128611,,,,,3
2026-01-23 14:46:42.251066,0x433af380,101,4.201,7.8599997,2.987472,7.5,-34,,3,3
2026-01-23 14:47:37.707901,0x433e9c88,100,4.192,16.343332,1.4133055,,,,,3
2026-01-23 14:47:56.356862,0x433b0b38,96,4.141,11.36,3.0649998,5.5,-75,,5,5
2026-01-23 14:48:37.769974,0x433e9c88,100,4.199,16.779999,1.4525278,,,,,3
2026-01-23 14:49:37.920059,0x433e9c88,101,4.204,11.743333,1.432,,,,,3
2026-01-23 14:50:37.806813,0x433e9c88,101,4.206,12.235,1.4466112,,,,,3
2026-01-23 14:51:06.638326,0x433aad0c,101,4.23,15.383333,2.6081944,5.75,-75,,3,3
2026-01-23 14:51:35.679207,0x433ad35c,101,4.219,16.095001,2.9041667,6.0,-58,,3,3
2026-01-23 14:51:37.956874,0x433e9c88,100,4.196,17.053333,1.4641666,,,,,3
2026-01-23 14:52:37.994880,0x433e9c88,100,4.193,10.896667,1.4625833,,,,,3
2026-01-23 14:53:33.092928,0xbd50376c,101,4.26,12.236667,1.7544723,5.75,-74,,3,3
2026-01-23 14:53:37.945228,0x433e9c88,101,4.233,15.4383335,1.4229167,,,,,3
2026-01-23 14:53:56.273695,0x433b0b38,101,4.201,11.933333,3.0852778,,-75,,5,5
2026-01-23 14:54:38.164780,0x433e9c88,98,4.175,18.01,1.4375,,,,,3
2026-01-23 14:55:38.036907,0x433e9c88,99,4.177,10.0199995,1.4242778,,,,,3
2026-01-23 14:56:38.088256,0x433e9c88,99,4.188,12.263333,1.4721944,,,,,3
2026-01-23 14:56:42.788879,0x433af380,98,4.175,13.6050005,2.9496388,6.25,-33,,3,3
2026-01-23 14:57:06.665487,0x433aad0c,101,4.221,16.48,2.6188612,6.25,-79,,3,3
2026-01-23 14:57:35.885040,0x433ad35c,101,4.203,17.083334,2.8870833,6.0,-59,,3,3
2026-01-23 14:57:38.163634,0x433e9c88,100,4.198,18.15,1.4699445,,,,,3
2026-01-23 14:58:38.349291,0x433e9c88,96,4.136,11.716667,1.4526111,,,,,3
2026-01-23 14:59:38.218813,0x433e9c88,100,4.199,15.713332,1.5023333,,,,,3
2026-01-23 14:59:58.299761,0x433b0b38,99,4.177,13.246668,3.0980833,6.0,-75,,5,5
2026-01-23 15:00:38.266804,0x433e9c88,101,4.226,14.205,1.5155833,,,,,3
2026-01-25 01:02:39.726170,0x433e9c88,100,4.194,11.853333,0.87625,,,,,3
2026-01-25 01:03:39.825439,0x433e9c88,98,4.171,16.228333,0.8951667,,,,,3
2026-01-25 01:04:39.858062,0x433e9c88,101,4.203,11.745,0.9140833,,,,,3
2026-01-25 01:04:54.466426,0x433aad0c,101,4.216,9.638333,3.4379165,6.0,-70,,3,3
2026-01-25 01:05:22.422017,0x433ad35c,101,4.202,12.838334,2.9742222,5.75,-56,,3,3
2026-01-25 01:05:40.065434,0x433e9c88,101,4.207,14.808332,0.91227776,,,,,3
2026-01-25 01:06:28.175248,0xbd50376c,99,4.184,15.941666,1.2294167,6.0,-77,,3,3
2026-01-25 01:06:40.092459,0x433e9c88,97,4.15,19.075,0.9147778,,,,,3
2026-01-25 01:07:39.968954,0x433e9c88,97,4.156,11.716667,0.9147778,,,,,3
2026-01-25 01:07:43.797613,0x433af380,100,4.2,12.13,2.9813056,5.5,-33,,3,3
2026-01-25 01:07:46.309981,0x433b0b38,99,4.182,9.705,4.0431666,5.5,-77,,5,5
2026-01-25 01:08:40.098830,0x433e9c88,100,4.197,16.561666,0.9147778,,,,,3
2026-01-25 01:09:40.145121,0x433e9c88,98,4.165,15.436667,0.9147778,,,,,3
2026-01-25 01:10:40.173853,0x433e9c88,100,4.199,10.0199995,0.8607222,,,,,3
2026-01-25 01:10:57.733030,0x433aad0c,101,4.201,6.995,3.4218054,5.75,-70,,3,3
2026-01-25 01:11:22.732061,0x433ad35c,98,4.172,12.866667,3.0296943,6.5,-56,,3,3
2026-01-25 01:11:40.183828,0x433e9c88,98,4.175,14.836666,0.8296944,,,,,3
2026-01-25 01:12:40.197356,0x433e9c88,99,4.178,16.313334,0.8296944,,,,,3
2026-01-25 01:13:40.412726,0x433e9c88,98,4.168,12.593333,0.8296944,,,,,3
2026-01-25 01:13:45.825391,0x433b0b38,96,4.137,11.716667,4.063889,6.25,-78,,5,5
2026-01-25 01:14:40.288870,0x433e9c88,98,4.166,10.976667,0.8607222,,,,,3
2026-01-25 01:15:40.523106,0x433e9c88,100,4.196,14.465,0.82719445,,,,,3
2026-01-25 01:16:40.527866,0x433e9c88,100,4.193,11.688333,0.7856945,,,,,3
2026-01-25 01:16:53.648085,0x433aad0c,99,4.183,5.7766666,3.4159443,5.75,-69,,3,3
2026-01-25 01:17:22.456688,0x433ad35c,99,4.188,15.383333,3.0230832,5.75,-56,,3,3
2026-01-25 01:17:40.575665,0x433e9c88,101,4.23,17.353334,0.77155554,,,,,3
2026-01-25 01:17:43.848655,0x433af380,99,4.181,17.856667,3.1323888,6.75,-33,,3,3
2026-01-25 01:18:40.638571,0x433e9c88,100,4.191,15.121667,0.78844446,,,,,3
2026-01-25 01:19:40.565456,0x433e9c88,100,4.191,10.0199995,0.8030555,,,,,3
2026-01-25 01:19:46.415684,0x433b0b38,98,4.166,11.155001,4.0536666,5.5,-76,,5,5
2026-01-25 01:20:40.592127,0x433e9c88,97,4.16,10.0199995,0.83838886,,,,,3
2026-01-25 01:21:40.813484,0x433e9c88,95,4.133,14.56,0.8233333,,,,,3
2026-01-25 01:22:40.841183,0x433e9c88,98,4.166,10.0199995,0.8190278,,,,,3
2026-01-25 01:22:54.618472,0x433aad0c,101,4.245,3.1466668,3.3427498,5.75,-69,,3,3
2026-01-25 01:23:23.190598,0x433ad35c,101,4.202,14.5633335,3.0429165,6.25,-56,,3,3
2026-01-25 01:23:40.852998,0x433e9c88,99,4.189,16.533333,0.78369445,,,,,3
2026-01-25 01:24:40.854183,0x433e9c88,101,4.205,14.56,0.78369445,,,,,3
2026-01-25 01:25:40.946738,0x433e9c88,99,4.177,9.991667,0.81722224,,,,,3
2026-01-25 01:25:46.689060,0x433b0b38,101,4.205,9.991667,4.0415554,6.0,-77,,5,5
2026-01-25 01:26:40.937351,0x433e9c88,96,4.138,14.535,0.8502778,,,,,3
2026-01-25 01:27:41.044341,0x433e9c88,96,4.136,18.365,0.8730556,,,,3,3
2026-01-25 01:27:45.263483,0x433af380,97,4.15,18.671665,3.1414444,7.5,-34,,3,3
2026-01-25 01:28:41.147867,0x433e9c88,97,4.148,12.673333,0.8710278,,,,,3
2026-01-25 01:28:54.649013,0x433aad0c,101,4.217,11.688333,3.1994998,6.0,-69,,3,3
2026-01-25 01:29:22.879855,0x433ad35c,98,4.162,10.568334,3.054861,6.0,-56,,3,3
2026-01-25 01:29:41.196621,0x433e9c88,98,4.17,14.808332,0.9191667,,,,,3
2026-01-25 01:30:41.167659,0x433e9c88,98,4.172,11.961666,0.9105278,,,,,3
2026-01-25 01:31:41.245170,0x433e9c88,101,4.23,9.991667,0.9148333,,,,,3
2026-01-25 01:31:46.885114,0x433b0b38,100,4.19,9.991667,3.9920557,5.5,-78,,5,5
2026-01-25 01:32:41.306022,0x433e9c88,96,4.145,11.853333,0.913,,,,,3
2026-01-25 01:33:41.302204,0x433e9c88,100,4.19,13.958333,0.92761105,,,,,3
2026-01-25 01:34:41.525814,0x433e9c88,101,4.204,9.991667,0.92761105,,,,,3
2026-01-25 01:34:54.376907,0x433aad0c,100,4.198,9.991667,3.2160277,6.25,-70,,3,3
2026-01-25 01:35:23.176642,0x433ad35c,98,4.167,12.838334,2.9716113,5.5,-56,,3,3
2026-01-25 01:35:41.492049,0x433e9c88,98,4.168,14.808332,0.8961389,,,,,3
2026-01-25 01:36:41.626815,0x433e9c88,100,4.195,18.308334,0.9339722,,,,,3
2026-01-25 01:37:41.552581,0x433e9c88,98,4.168,11.688333,0.9335,,,,,3
2026-01-25 01:37:44.444662,0x433af380,101,4.214,12.0616665,3.1569724,6.0,-34,,3,3
2026-01-25 01:37:47.336398,0x433b0b38,99,4.181,12.701666,3.957361,5.5,-79,,5,5
2026-01-25 01:38:41.650228,0x433e9c88,99,4.182,15.3566675,0.91888887,,,,,3
2026-01-25 01:39:41.646600,0x433e9c88,99,4.181,14.531666,0.9042778,,,,,3
2026-01-25 01:40:41.680861,0x433e9c88,96,4.147,10.868333,0.9042778,,,,,3
2026-01-25 01:40:55.161313,0x433aad0c,100,4.195,7.53,3.2227502,5.75,-69,,3,3
2026-01-25 01:41:23.373623,0x433ad35c,99,4.188,11.961666,2.997472,5.5,-56,,3,3
2026-01-25 01:41:41.696881,0x433e9c88,96,4.138,13.931666,0.8896667,,,,,3
2026-01-25 01:42:28.383525,0xbd50376c,101,4.235,13.396667,1.1977222,4.75,-75,,3,3
2026-01-25 01:42:41.741684,0x433e9c88,97,4.159,15.395,0.8750555,,,,,3
2026-01-25 01:43:41.863490,0x433e9c88,101,4.225,11.688333,0.8750555,,,,,3
2026-01-25 01:43:47.433804,0x433b0b38,98,4.174,11.688333,3.8835275,5.5,-79,,5,5
2026-01-25 01:44:41.956613,0x433e9c88,98,4.164,12.111667,0.8604444,,,,,3
2026-01-25 01:45:41.879564,0x433e9c88,100,4.196,13.493334,0.82261115,,,,,3
2026-01-25 01:46:41.947026,0x433e9c88,101,4.203,12.565001,0.81830555,,,,,3
2026-01-25 01:46:54.856472,0x433aad0c,101,4.219,11.716667,3.2250834,6.0,-69,,3,3
2026-01-25 01:47:23.620837,0x433ad35c,100,4.197,13.400001,3.0073056,5.25,-56,,3,3
2026-01-25 01:47:41.970628,0x433e9c88,99,4.184,16.505,0.86575,,,,,3
2026-01-25 01:47:44.491647,0x433af380,97,4.156,17.925,3.0880556,5.75,-34,,3,3
2026-01-25 01:48:42.017696,0x433e9c88,98,4.175,18.226667,0.8846667,,,,,3
2026-01-25 01:49:42.212895,0x433e9c88,99,4.188,12.88,0.9035833,,,,,3
2026-01-25 01:49:48.086780,0x433b0b38,99,4.181,12.88,3.9626665,5.5,-78,,5,5
2026-01-25 01:50:42.243521,0x433e9c88,97,4.158,13.165,0.92249995,,,,,3
2026-01-25 01:51:42.251680,0x433e9c88,97,4.151,14.231667,0.9414166,,,,,3
2026-01-25 01:52:42.296752,0x433e9c88,99,4.187,11.745,0.9202222,,,,,3
2026-01-25 01:52:55.087594,0x433aad0c,99,4.185,11.745,3.2388613,5.5,-70,,3,3
2026-01-25 01:53:23.847328,0x433ad35c,100,4.196,13.358334,3.0880833,5.75,-56,,3,3
2026-01-25 01:53:42.295782,0x433e9c88,101,4.238,15.328333,0.9202222,,,,,3
2026-01-25 01:54:42.320104,0x433e9c88,85,4.021,16.311666,0.9541945,,,,,3
2026-01-25 01:55:42.366828,0x433e9c88,95,4.121,9.691667,0.92066664,,,,,3
2026-01-25 01:55:48.270105,0x433b0b38,97,4.152,9.691667,3.8974721,5.5,-78,,5,5
2026-01-25 01:56:42.601068,0x433e9c88,96,4.147,13.658333,0.92066664,,,,,3
2026-01-25 01:57:42.503599,0x433e9c88,101,4.221,15.97,0.88761115,,,,,3
2026-01-25 01:57:44.654502,0x433af380,99,4.179,18.668333,3.0502222,5.5,-34,,3,3
2026-01-25 01:58:42.605480,0x433e9c88,101,4.22,11.688333,0.87072223,,,,,3
2026-01-25 01:58:55.912868,0x433aad0c,100,4.196,11.688333,3.2403336,5.75,-69,,3,3
2026-01-25 01:59:24.107390,0x433ad35c,97,4.149,11.77,3.1095,6.0,-56,,3,3
2026-01-25 01:59:42.628297,0x433e9c88,99,4.184,13.74,0.8561111,,,,,3
2026-01-25 02:00:42.752542,0x433e9c88,99,4.178,14.014999,0.8750278,,,,,3
2026-01-25 02:01:42.650327,0x433e9c88,101,4.228,9.991667,0.8561111,,,,,3
2026-01-25 02:01:48.523980,0x433b0b38,97,4.157,10.868333,3.8545833,5.5,-78,,5,5
2026-01-23 17:01:45.366963,0x433e9c88,99,4.189,11.718333,1.119,,,,3,3
2026-01-23 17:02:45.430450,0x433e9c88,100,4.19,12.236667,1.1651111,,,,,3
2026-01-23 17:03:14.048299,0x433aad0c,101,4.24,14.235001,2.289528,5.5,-70,,3,3
2026-01-23 17:03:41.625674,0x433ad35c,97,4.151,14.178332,3.0197778,6.0,-58,,3,3
2026-01-23 17:03:45.468323,0x433e9c88,99,4.179,15.271667,1.2002223,,,,,3
2026-01-23 17:04:45.689038,0x433e9c88,100,4.197,10.8116665,1.2294167,,,,,3
2026-01-23 17:05:45.594980,0x433e9c88,99,4.18,13.083333,1.1596111,,,,,3
2026-01-23 17:06:00.522996,0x433b0b38,97,4.156,14.478333,3.2420833,5.5,-75,,5,5
2026-01-23 17:06:45.283446,0x433af380,93,4.103,14.6050005,3.6543612,5.75,-33,,3,3
2026-01-23 17:06:45.606598,0x433e9c88,99,4.179,14.315001,1.1057777,,,,,3
2026-01-23 17:07:45.762328,0x433e9c88,100,4.193,9.088334,1.1098611,,,,,3
2026-01-23 17:08:45.779727,0x433e9c88,101,4.214,15.629999,1.1098611,,,,,3
2026-01-23 17:09:14.099993,0x433aad0c,92,4.083,16.751667,2.2799165,5.5,-70,,3,3
2026-01-23 17:09:42.364812,0x433ad35c,101,4.219,14.205,3.1100833,6.25,-59,,3,3
2026-01-23 17:09:45.744097,0x433e9c88,97,4.157,16.175001,1.1262778,,,,,3
2026-01-23 17:10:45.974217,0x433e9c88,101,4.219,11.688333,1.082,,,,,3
2026-01-23 17:11:46.003497,0x433e9c88,98,4.175,12.235,1.0614722,,,,,3
2026-01-23 17:12:00.762754,0x433b0b38,101,4.208,14.478333,3.2295,5.75,-75,,5,5
2026-01-23 17:12:46.019299,0x433e9c88,100,4.198,14.206667,1.0673889,,,,,3
2026-01-23 17:13:45.983971,0x433e9c88,101,4.234,9.991667,1.0570834,,,,,3
2026-01-23 17:14:46.106020,0x433e9c88,98,4.173,13.958333,1.0865277,,,,,3
2026-01-23 17:15:14.970315,0x433aad0c,101,4.209,17.898333,2.47425,5.5,-70,,3,3
2026-01-23 17:15:43.028051,0x433ad35c,97,4.158,17.735,3.0473332,6.25,-58,,3,3
2026-01-23 17:15:46.112696,0x433e9c88,98,4.167,18.856667,1.0199167,,,,,3
2026-01-23 17:16:45.452580,0x433af380,95,4.129,11.606667,3.532972,7.25,-34,,3,3
2026-01-23 17:16:46.229878,0x433e9c88,99,4.189,12.236667,1.0199167,,,,,3
2026-01-23 17:17:40.580085,0xbd50376c,101,4.202,14.288333,1.3039167,5.75,-74,,3,3
2026-01-23 17:17:46.148406,0x433e9c88,101,4.218,14.288333,1.0536945,,,,,3
2026-01-23 17:18:00.992706,0x433b0b38,100,4.191,17.435,3.1663055,5.25,-75,,5,5
2026-01-23 17:18:46.329842,0x433e9c88,98,4.173,15.928334,1.0514166,,,,,3
2026-01-23 17:19:46.234100,0x433e9c88,100,4.192,12.621667,1.0849444,,,,,3
2026-01-23 17:20:46.358327,0x433e9c88,101,4.201,13.958333,1.0849444,,,,,3
2026-01-23 17:21:15.409646,0x433aad0c,100,4.199,12.261666,2.5339446,5.75,-70,,3,3
2026-01-23 17:21:42.927549,0x433ad35c,100,4.199,14.231667,3.0619445,6.0,-57,,3,3
2026-01-23 17:21:46.454429,0x433e9c88,101,4.228,15.066667,1.0539167,,,,,3
2026-01-23 17:22:46.453462,0x433e9c88,101,4.212,9.991667,1.0685278,,,,,3
2026-01-23 17:23:46.470290,0x433e9c88,101,4.205,13.138333,1.0669166,,,,,3
2026-01-23 17:24:01.289423,0x433b0b38,100,4.193,16.543333,3.133861,5.75,-75,,5,5
2026-01-23 17:24:46.540158,0x433e9c88,100,4.193,16.805,1.0669166,,,,,3
2026-01-23 17:25:46.508501,0x433e9c88,101,4.222,11.688333,1.0356389,,,,,3
2026-01-23 17:26:45.714002,0x433af380,100,4.198,12.605,3.3884168,5.5,-33,,3,3
2026-01-23 17:26:46.742903,0x433e9c88,100,4.194,13.275001,1.0395,,,,,3
2026-01-23 17:27:15.368727,0x433aad0c,99,4.179,15.136666,2.7781389,5.75,-71,,3,3
2026-01-23 17:27:42.585900,0x433ad35c,97,4.149,15.108334,3.0245554,6.0,-58,,3,3
2026-01-23 17:27:46.615628,0x433e9c88,96,4.146,16.201666,1.0905555,,,,,3
2026-01-23 17:28:46.652253,0x433e9c88,96,4.144,12.565001,1.0905555,,,,,3
2026-01-23 17:29:46.884108,0x433e9c88,101,4.202,12.261666,1.0718611,,,,,3
2026-01-23 17:30:02.977861,0x433b0b38,97,4.153,14.503333,3.099611,6.0,-70,,5,4
2026-01-23 17:30:46.791206,0x433e9c88,100,4.195,16.776667,1.0932778,,,,,3
2026-01-23 17:31:46.859968,0x433e9c88,97,4.157,10.868333,1.0932778,,,,,3
2026-01-23 17:32:46.891231,0x433e9c88,99,4.177,13.138333,1.1078888,,,,,3
2026-01-23 17:33:15.504374,0x433aad0c,99,4.176,15.408333,2.908611,5.75,-71,,3,3
2026-01-23 17:33:43.375897,0x433ad35c,99,4.189,14.231667,3.0113611,5.75,-58,,3,3
2026-01-23 17:33:46.905230,0x433e9c88,99,4.176,16.201666,1.0953333,,,,,3
2026-01-23 17:34:46.949491,0x433e9c88,101,4.212,13.7,1.0656667,,,,,3
2026-01-23 17:35:47.147503,0x433e9c88,99,4.176,14.806667,1.0701944,,,,,3
2026-01-23 17:36:01.793654,0x433b0b38,99,4.178,14.79,3.1393335,5.75,-76,,5,5
2026-01-23 17:36:46.448740,0x433af380,99,4.179,15.74,3.311889,6.25,-33,,3,3
2026-01-23 17:36:47.296504,0x433e9c88,100,4.193,15.245,1.0891112,,,,,3
2026-01-23 17:37:47.220784,0x433e9c88,98,4.166,10.0199995,1.1411389,,,,3,3
2026-01-23 17:38:47.290350,0x433e9c88,97,4.155,14.943333,1.1283611,,,,,3
2026-01-23 17:39:15.591234,0x433aad0c,101,4.211,13.958333,2.916861,5.75,-71,,3,3
2026-01-23 17:39:43.068447,0x433ad35c,96,4.147,14.231667,2.9217777,6.25,-58,,3,3
2026-01-23 17:39:47.347386,0x433e9c88,101,4.21,16.201666,1.1618888,,,,,3
2026-01-23 17:40:47.484429,0x433e9c88,98,4.163,11.688333,1.1618888,,,,,3
2026-01-23 17:41:47.457176,0x433e9c88,100,4.195,12.261666,1.1618888,,,,,3
2026-01-23 17:42:03.657387,0x433b0b38,101,4.217,13.655,3.031222,5.5,-75,,5,5
2026-01-23 17:42:47.536798,0x433e9c88,98,4.172,14.231667,1.1808056,,,,,3
2026-01-23 17:43:47.525659,0x433e9c88,99,4.18,9.991667,1.1851112,,,,,3
2026-01-23 17:44:47.522825,0x433e9c88,96,4.146,14.835,1.2040278,,,,,3
2026-01-23 17:45:15.485660,0x433aad0c,96,4.144,15.655001,3.0265,5.5,-71,,3,3
2026-01-23 17:45:43.322119,0x433ad35c,101,4.226,16.913334,2.8284724,6.0,-57,,3,3
2026-01-23 17:45:47.602715,0x433e9c88,100,4.198,20.086666,1.2375556,,,,,3
2026-01-23 17:46:46.755308,0x433af380,99,4.185,10.335,3.12075,6.25,-34,,3,3
2026-01-23 17:46:47.785084,0x433e9c88,100,4.192,11.881666,1.1901112,,,,,3
2026-01-23 17:47:47.696810,0x433e9c88,97,4.155,12.261666,1.1732223,,,,,3
2026-01-23 17:48:02.437967,0x433b0b38,100,4.2,12.778333,3.0676944,6.0,-76,,5,5
2026-01-23 17:48:47.932237,0x433e9c88,99,4.189,14.793333,1.1381111,,,,,3
2026-01-23 17:49:47.846591,0x433e9c88,99,4.184,9.991667,1.171639,,,,,3
2026-01-23 17:50:48.007333,0x433e9c88,101,4.223,13.958333,1.1944166,,,,,3
2026-01-23 17:51:15.733205,0x433aad0c,101,4.21,15.666667,3.1629443,5.5,-70,,3,3
2026-01-23 17:51:43.660459,0x433ad35c,97,4.156,14.231667,2.7844167,5.75,-57,,3,3
2026-01-23 17:51:47.938579,0x433e9c88,101,4.212,16.201666,1.1964444,,,,,3
2026-01-23 17:52:48.059776,0x433e9c88,99,4.183,9.991667,1.1946388,,,,,3
2026-01-23 17:53:44.897831,0xbd50376c,101,4.231,12.588332,1.4072223,5.5,-74,,3,3
2026-01-23 17:53:47.965026,0x433e9c88,101,4.229,16.34,1.1905556,,,,,3
2026-01-23 17:54:02.504829,0x433b0b38,97,4.152,16.856667,3.1536388,5.75,-76,,5,5
2026-01-23 17:54:48.082134,0x433e9c88,99,4.186,16.805,1.1864722,,,,,3
2026-01-23 17:55:48.057484,0x433e9c88,101,4.213,11.688333,1.2053889,,,,,3
2026-01-23 17:56:46.299704,0x433af380,100,4.196,13.536666,3.0809445,5.75,-34,,3,3
2026-01-23 17:56:48.101169,0x433e9c88,100,4.198,14.288333,1.2704166,,,,,3
2026-01-23 17:57:17.478969,0x433aad0c,100,4.2,16.041666,3.1421945,6.0,-70,,3,3
2026-01-23 17:57:43.801480,0x433ad35c,101,4.208,17.135,2.7087224,6.0,-57,,3,3
2026-01-23 17:57:48.331507,0x433e9c88,101,4.237,16.201666,1.2681389,,,,,3
2026-01-23 17:58:48.194554,0x433e9c88,97,4.159,11.688333,1.2724445,,,,,3
2026-01-23 17:59:48.394014,0x433e9c88,99,4.183,13.396667,1.3061944,,,,,3
2026-01-23 18:00:03.390314,0x433b0b38,100,4.195,16.801666,3.118639,5.75,-76,,5,5
2026-01-23 18:00:48.286825,0x433e9c88,98,4.168,14.793333,1.2687778,,,,,3
2026-01-24 13:02:53.581127,0x433e9c88,101,4.222,11.9366665,1.1801666,,,,,3
2026-01-24 13:03:53.643969,0x433e9c88,101,4.247,14.6449995,1.2129999,,,,,3
2026-01-24 13:04:14.572836,0x433aad0c,98,4.174,12.401667,3.6630278,6.0,-83,,3,3
2026-01-24 13:04:47.115479,0x433ad35c,101,4.22,10.236667,2.7035556,6.0,-59,,3,3
2026-01-24 13:04:53.683329,0x433e9c88,99,4.185,16.533333,1.2134722,,,,,3
2026-01-24 13:05:53.727592,0x433e9c88,101,4.203,13.933333,1.2503889,,,,,3
2026-01-24 13:06:15.797495,0xbd50376c,101,4.234,16.176666,1.2618612,5.5,-76,,3,3
2026-01-24 13:06:53.833927,0x433e9c88,101,4.223,15.083334,1.2495277,,,,,3
2026-01-24 13:07:07.131306,0x433b0b38,99,4.177,15.083334,3.598,6.0,-78,,5,5
2026-01-24 13:07:21.824940,0x433af380,99,4.189,11.993334,3.0066667,5.75,-34,,3,3
2026-01-24 13:07:53.866730,0x433e9c88,100,4.2,14.07,1.2306111,,,,,3
2026-01-24 13:08:53.897121,0x433e9c88,99,4.184,12.096666,1.1932222,,,,,3
2026-01-24 13:09:54.061118,0x433e9c88,101,4.207,14.588334,1.1973056,,,,,3
2026-01-24 13:10:14.810479,0x433aad0c,101,4.236,11.223333,3.6377501,6.25,-83,,3,3
2026-01-24 13:10:47.947895,0x433ad35c,98,4.172,10.908333,2.6399167,6.25,-59,,3,3
2026-01-24 13:10:53.983223,0x433e9c88,100,4.197,13.823334,1.2160001,,,,,3
2026-01-24 13:11:54.004226,0x433e9c88,101,4.219,11.21,1.2011666,,,,,3
2026-01-24 13:12:54.091068,0x433e9c88,99,4.186,14.001666,1.2319722,,,,,3
2026-01-24 13:13:07.366726,0x433b0b38,101,4.204,12.153334,3.528472,6.25,-76,,5,5
2026-01-24 13:13:54.095360,0x433e9c88,101,4.215,15.246667,1.2162223,,,,,3
2026-01-24 13:14:54.156251,0x433e9c88,101,4.234,15.796667,1.1993334,,,,,3
2026-01-24 13:15:54.267872,0x433e9c88,99,4.177,13.66,1.1783888,,,,,3
2026-01-24 13:16:15.048124,0x433aad0c,98,4.165,11.416667,3.6598332,5.0,-84,,3,3
2026-01-24 13:16:47.051831,0x433ad35c,98,4.162,8.483334,2.6349444,6.0,-59,,3,3
2026-01-24 13:16:54.385120,0x433e9c88,100,4.199,13.959999,1.1619723,,,,,3
2026-01-24 13:17:21.553551,0x433af380,101,4.221,12.403334,2.9499168,6.0,-34,,3,3
2026-01-24 13:17:54.279236,0x433e9c88,101,4.23,14.261666,1.1450833,,,,,3
2026-01-24 13:18:54.413302,0x433e9c88,101,4.207,11.963333,1.1758889,,,,,3
2026-01-24 13:19:08.036454,0x433b0b38,98,4.165,9.72,3.4733613,6.25,-77,,5,5
2026-01-24 13:19:54.535116,0x433e9c88,101,4.211,13.386667,1.1945833,,,,,3
2026-01-24 13:20:54.450167,0x433e9c88,98,4.174,13.726666,1.1646944,,,,,3
2026-01-24 13:21:54.652028,0x433e9c88,98,4.165,12.785,1.1768055,,,,,3
2026-01-24 13:22:15.286623,0x433aad0c,99,4.189,10.146667,3.7648335,6.0,-83,,3,3
2026-01-24 13:22:49.293367,0x433ad35c,100,4.19,13.0199995,2.5959444,6.25,-59,,3,3
2026-01-24 13:22:54.680823,0x433e9c88,97,4.156,13.959999,1.1309445,,,,,3
2026-01-24 13:23:54.593110,0x433e9c88,101,4.207,14.945001,1.1307222,,,,,3
2026-01-24 13:24:54.628013,0x433e9c88,97,4.153,13.44,1.1615279,,,,,3
2026-01-24 13:25:08.233275,0x433b0b38,99,4.188,11.196667,3.4101944,6.5,-77,,5,5
2026-01-24 13:25:54.867840,0x433e9c88,101,4.202,13.66,1.1633334,,,,,3
2026-01-24 13:26:54.851805,0x433e9c88,99,4.176,10.815,1.2128334,,,,3,3
2026-01-24 13:27:22.186755,0x433af380,99,4.179,19.941668,2.9855278,6.25,-33,,3,3
2026-01-24 13:27:55.021591,0x433e9c88,101,4.202,16.126667,1.2774167,,,,,3
2026-01-24 13:28:15.527909,0x433aad0c,101,4.22,11.746667,3.7089164,5.5,-84,,3,3
2026-01-24 13:28:48.507328,0x433ad35c,96,4.147,8.8550005,2.6936111,6.0,-58,,3,3
2026-01-24 13:28:54.941358,0x433e9c88,100,4.194,13.686667,1.298389,,,,,3
2026-01-24 13:29:55.029070,0x433e9c88,101,4.205,13.66,1.3024722,,,,,3
2026-01-24 13:30:55.091552,0x433e9c88,98,4.173,11.826667,1.2999722,,,,,3
2026-01-24 13:31:08.577853,0x433b0b38,97,4.156,9.583333,3.3350558,5.5,-78,,5,5
2026-01-24 13:31:55.218362,0x433e9c88,101,4.241,12.648334,1.2835556,,,,,3
2026-01-24 13:32:55.265510,0x433e9c88,99,4.184,11.06,1.2500278,,,,,3
2026-01-24 13:33:55.190872,0x433e9c88,100,4.194,13.713333,1.2336111,,,,,3
2026-01-24 13:34:15.777134,0x433aad0c,101,4.235,12.196667,3.641,5.5,-83,,3,3
2026-01-24 13:34:50.536574,0x433ad35c,101,4.22,7.7583337,2.7269444,6.0,-57,,3,3
2026-01-24 13:34:55.496869,0x433e9c88,100,4.191,15.601666,1.2311112,,,,,3
2026-01-24 13:35:55.346131,0x433e9c88,101,4.219,14.945001,1.2598611,,,,,3
2026-01-24 13:36:55.392386,0x433e9c88,101,4.205,12.758334,1.2263334,,,,,3
2026-01-24 13:37:08.848021,0x433b0b38,97,4.16,9.393333,3.3115835,6.75,-78,,5,5
2026-01-24 13:37:22.330536,0x433af380,100,4.19,11.583333,2.9464998,5.75,-33,,3,3
2026-01-24 13:37:55.546024,0x433e9c88,100,4.2,10.059999,1.2425277,,,,,3
2026-01-24 13:38:55.513822,0x433e9c88,96,4.135,10.991667,1.26925,,,,,3
2026-01-24 13:39:55.813968,0x433e9c88,101,4.219,12.485,1.26925,,,,,3
2026-01-24 13:40:16.058650,0x433aad0c,100,4.194,11.09,3.6345832,4.75,-84,,3,3
2026-01-24 13:40:48.298584,0x433ad35c,99,4.187,6.515,2.6255555,6.25,-60,,3,3
2026-01-24 13:40:55.842182,0x433e9c88,101,4.237,15.231666,1.2856667,,,,,3
2026-01-24 13:41:55.856336,0x433e9c88,100,4.194,12.675001,1.2667501,,,,,3
2026-01-24 13:42:17.505581,0xbd50376c,100,4.193,13.879999,1.0583888,5.5,-76,,3,3
2026-01-24 13:42:55.855275,0x433e9c88,98,4.175,12.963334,1.2788612,,,,,3
2026-01-24 13:43:09.148299,0x433b0b38,99,4.189,11.16,3.2453055,6.75,-76,,5,5
2026-01-24 13:43:56.118659,0x433e9c88,100,4.195,13.236668,1.3073889,,,,,3
2026-01-24 13:44:56.216414,0x433e9c88,101,4.223,13.056667,1.3260833,,,,,3
2026-01-24 13:45:56.256824,0x433e9c88,99,4.178,12.783334,1.3114723,,,,,3
2026-01-24 13:46:16.247776,0x433aad0c,100,4.19,11.416667,3.5363057,4.75,-84,,3,3
2026-01-24 13:46:48.592880,0x433ad35c,96,4.138,11.69,2.536139,6.0,-59,,3,3
2026-01-24 13:46:56.118713,0x433e9c88,100,4.193,10.098333,1.2930278,,,,,3
2026-01-24 13:47:22.176842,0x433af380,101,4.214,13.128333,3.0585556,6.0,-33,,3,3
2026-01-24 13:47:56.306233,0x433e9c88,99,4.182,12.963334,1.2617778,,,,,3
2026-01-24 13:48:56.247637,0x433e9c88,101,4.21,11.521667,1.2428612,,,,,3
2026-01-24 13:49:09.333970,0x433b0b38,96,4.146,9.278334,3.2229722,7.0,-77,,5,5
2026-01-24 13:49:56.286102,0x433e9c88,100,4.199,9.21,1.2590555,,,,,3
2026-01-24 13:50:56.498783,0x433e9c88,100,4.195,9.088334,1.2711667,,,,,3
2026-01-24 13:51:56.533662,0x433e9c88,101,4.22,7.293333,1.2355833,,,,,3
2026-01-24 13:52:16.789102,0x433aad0c,101,4.244,9.9366665,3.5153053,6.5,-83,,3,3
2026-01-24 13:52:48.728593,0x433ad35c,97,4.157,11.906667,2.4878054,5.75,-58,,3,3
2026-01-24 13:52:56.548487,0x433e9c88,101,4.232,8.9366665,1.2333056,,,,,3
2026-01-24 13:53:56.812765,0x433e9c88,101,4.208,12.016666,1.2022778,,,,,3
2026-01-24 13:54:56.521391,0x433e9c88,101,4.212,14.040001,1.1840556,,,,,3
2026-01-24 13:55:09.542329,0x433b0b38,99,4.187,11.523334,3.1908054,6.5,-77,,5,5
2026-01-24 13:55:56.690782,0x433e9c88,101,4.244,13.508333,1.1817777,,,,,3
2026-01-24 13:56:56.864422,0x433e9c88,100,4.196,11.113334,1.188361,,,,,3
2026-01-24 13:57:22.352973,0x433af380,100,4.192,14.533334,3.1195,6.0,-33,,3,3
2026-01-24 13:57:56.789669,0x433e9c88,101,4.217,12.413333,1.1486945,,,,,3
2026-01-24 13:58:16.724838,0x433aad0c,101,4.221,11.746667,3.4733334,5.0,-85,,3,3
2026-01-24 13:58:49.674582,0x433ad35c,99,4.179,11.69,2.4855,6.5,-59,,3,3
2026-01-24 13:58:56.759959,0x433e9c88,101,4.212,8.344999,1.1633055,,,,,3
2026-01-24 14:00:57.158579,0x433e9c88,101,4.21,8.756666,1.1416667,,,,,3
2026-01-24 14:01:12.456317,0x433b0b38,97,4.148,9.826667,3.158472,5.5,-73,,5,4
2026-01-24 14:01:57.473833,0x433e9c88,100,4.197,7.3616667,1.191389,,,,,3
2026-01-23 19:01:51.969484,0x433e9c88,101,4.203,6.6533337,1.0496666,,,,,3
2026-01-23 19:02:51.866781,0x433e9c88,100,4.195,9.25,1.0685834,,,,,3
2026-01-23 19:03:19.072331,0x433aad0c,100,4.197,15.408333,3.0670555,5.5,-70,,3,3
2026-01-23 19:03:49.760380,0x433ad35c,95,4.125,15.108334,2.96275,5.5,-58,,3,3
2026-01-23 19:03:52.038680,0x433e9c88,99,4.184,12.863334,1.0806944,,,,,3
2026-01-23 19:04:51.971675,0x433e9c88,98,4.167,6.5966663,1.0642778,,,,,3
2026-01-23 19:05:49.285509,0xbd50376c,101,4.215,12.753333,1.1605,7.0,-74,,3,3
2026-01-23 19:05:51.996353,0x433e9c88,101,4.214,12.645,1.0685834,,,,,3
2026-01-23 19:06:08.512564,0x433b0b38,99,4.185,19.361668,3.669528,5.75,-70,,5,4
2026-01-23 19:06:49.926876,0x433af380,100,4.192,15.536668,2.8090832,5.75,-34,,3,3
2026-01-23 19:06:52.207512,0x433e9c88,101,4.218,11.906667,1.0806944,,,,,3
2026-01-23 19:07:52.089731,0x433e9c88,98,4.163,4.9,1.0806944,,,,,3
2026-01-23 19:08:52.246528,0x433e9c88,98,4.167,7.17,1.0806944,,,,,3
2026-01-23 19:09:19.424410,0x433aad0c,101,4.214,13.643333,3.1213057,5.5,-70,,3,3
2026-01-23 19:09:49.082778,0x433ad35c,97,4.16,17.625,2.984139,6.0,-57,,3,3
2026-01-23 19:09:52.360694,0x433e9c88,97,4.157,20.471666,1.0660833,,,,,3
2026-01-23 19:10:52.323314,0x433e9c88,100,4.194,12.565001,1.0953056,,,,,3
2026-01-23 19:11:52.278565,0x433e9c88,99,4.189,12.261666,1.0617778,,,,,3
2026-01-23 19:12:05.623646,0x433b0b38,101,4.226,14.531666,3.645,5.0,-76,,5,5
2026-01-23 19:12:52.506437,0x433e9c88,98,4.175,14.231667,0.99472225,,,,,3
2026-01-23 19:13:52.388334,0x433e9c88,100,4.199,10.868333,0.9990278,,,,,3
2026-01-23 19:14:52.484188,0x433e9c88,101,4.223,16.095001,1.0188612,,,,,3
2026-01-23 19:15:19.718756,0x433aad0c,96,4.137,19.268333,3.0640554,6.0,-70,,3,3
2026-01-23 19:15:49.507066,0x433ad35c,98,4.174,16.831667,3.0922778,6.0,-57,,3,3
2026-01-23 19:15:52.634916,0x433e9c88,99,4.187,16.789999,1.0503333,,,,,3
2026-01-23 19:16:50.119878,0x433af380,97,4.161,12.401667,2.8333611,6.25,-33,,3,3
2026-01-23 19:16:52.649454,0x433e9c88,100,4.192,10.786667,1.10075,,,,,3
2026-01-23 19:17:52.628605,0x433e9c88,97,4.154,11.03,1.0649445,,,,,3
2026-01-23 19:18:05.866354,0x433b0b38,100,4.196,14.531666,3.669361,5.5,-76,,5,5
2026-01-23 19:18:52.682075,0x433e9c88,101,4.206,11.961666,1.0271112,,,,,3
2026-01-23 19:19:52.672771,0x433e9c88,101,4.213,9.553333,1.0125,,,,,3
2026-01-23 19:20:52.721100,0x433e9c88,98,4.167,11.496667,1.0460278,,,,,3
2026-01-23 19:21:20.043525,0x433aad0c,99,4.176,15.093334,3.0309443,5.25,-70,,3,3
2026-01-23 19:21:49.155874,0x433ad35c,101,4.206,14.231667,3.1037223,5.75,-58,,3,3
2026-01-23 19:21:52.933816,0x433e9c88,96,4.139,12.700001,1.0081944,,,,,3
2026-01-23 19:22:52.812541,0x433e9c88,99,4.176,4.9,0.9935833,,,,,3
2026-01-23 19:23:53.032570,0x433e9c88,101,4.201,12.261666,0.99788886,,,,,3
2026-01-23 19:24:07.330964,0x433b0b38,96,4.143,13.681666,3.6146111,5.5,-77,,5,5
2026-01-23 19:24:52.954554,0x433e9c88,98,4.172,15.955,0.98008335,,,,,3
2026-01-23 19:25:53.083722,0x433e9c88,100,4.198,13.441667,0.98008335,,,,3,3
2026-01-23 19:26:50.053425,0x433af380,101,4.229,15.945,2.8011668,7.5,-34,,3,3
2026-01-23 19:26:53.115967,0x433e9c88,101,4.212,16.505,0.9803333,,,,,3
2026-01-23 19:27:20.033607,0x433aad0c,100,4.191,17.301666,3.19225,6.25,-70,,3,3
2026-01-23 19:27:49.407088,0x433ad35c,101,4.203,17.245,3.1094167,6.75,-58,,3,3
2026-01-23 19:27:53.185837,0x433e9c88,100,4.199,19.215,0.9803333,,,,,3
2026-01-23 19:28:53.203063,0x433e9c88,101,4.204,9.991667,1.0138612,,,,,3
2026-01-23 19:29:53.429949,0x433e9c88,101,4.217,13.958333,0.99925,,,,,3
2026-01-23 19:30:07.719553,0x433b0b38,96,4.147,12.778333,3.6018333,5.75,-77,,5,5
2026-01-23 19:30:53.292620,0x433e9c88,101,4.202,14.793333,0.99925,,,,,3
2026-01-23 19:31:53.471647,0x433e9c88,98,4.163,9.991667,1.0035555,,,,,3
2026-01-23 19:32:53.424823,0x433e9c88,96,4.145,12.261666,1.0224723,,,,,3
2026-01-23 19:33:20.265357,0x433aad0c,101,4.228,15.666667,3.3043888,5.75,-70,,3,3
2026-01-23 19:33:49.686469,0x433ad35c,101,4.212,13.096666,3.064111,6.0,-57,,3,3
2026-01-23 19:33:53.465424,0x433e9c88,101,4.203,14.916667,1.0199722,,,,,3
2026-01-23 19:34:53.506302,0x433e9c88,100,4.193,12.536667,1.0388889,,,,,3
2026-01-23 19:35:53.551615,0x433e9c88,99,4.187,13.6033325,1.0199722,,,,,3
2026-01-23 19:36:09.099033,0x433b0b38,99,4.178,15.351666,3.5349169,6.0,-77,,5,5
2026-01-23 19:36:50.275923,0x433af380,97,4.157,14.6050005,2.7587776,5.5,-34,,3,3
2026-01-23 19:36:53.595551,0x433e9c88,100,4.196,16.230001,1.0363889,,,,,3
2026-01-23 19:37:53.683000,0x433e9c88,100,4.191,9.991667,1.0363889,,,,,3
2026-01-23 19:38:53.757668,0x433e9c88,101,4.222,12.261666,1.0320833,,,,,3
2026-01-23 19:39:20.538813,0x433aad0c,101,4.207,13.958333,3.2957778,5.75,-70,,3,3
2026-01-23 19:39:49.886033,0x433ad35c,99,4.187,15.928334,3.0403333,6.5,-59,,3,3
2026-01-23 19:39:53.913800,0x433e9c88,101,4.204,17.898333,1.051,,,,,3
2026-01-23 19:40:53.901097,0x433e9c88,99,4.183,11.688333,1.0320833,,,,,3
2026-01-23 19:41:51.389821,0xbd50376c,101,4.245,12.261666,1.406,5.5,-74,,3,3
2026-01-23 19:41:53.917965,0x433e9c88,101,4.202,13.275001,1.0174723,,,,,3
2026-01-23 19:42:10.281782,0x433b0b38,99,4.182,14.776667,3.5410278,5.75,-76,,5,5
2026-01-23 19:42:54.057869,0x433e9c88,100,4.2,13.191668,1.0136111,,,,,3
2026-01-23 19:43:54.110653,0x433e9c88,98,4.173,9.991667,0.9946944,,,,,3
2026-01-23 19:44:54.030300,0x433e9c88,101,4.219,13.958333,1.0282222,,,,,3
2026-01-23 19:45:20.755896,0x433aad0c,101,4.223,12.823333,3.2663333,5.5,-70,,3,3
2026-01-23 19:45:50.165796,0x433ad35c,99,4.189,15.928334,3.0177777,6.5,-57,,3,3
2026-01-23 19:45:54.008997,0x433e9c88,99,4.188,14.643333,0.9994722,,,,,3
2026-01-23 19:46:50.579661,0x433af380,101,4.203,12.538333,2.6955278,5.5,-34,,3,3
2026-01-23 19:46:54.107286,0x433e9c88,101,4.21,14.178332,1.0494167,,,,,3
2026-01-23 19:47:54.135955,0x433e9c88,99,4.179,13.396667,1.0266111,,,,,3
2026-01-23 19:48:11.397508,0x433b0b38,99,4.183,12.710001,3.5246112,5.5,-78,,5,5
2026-01-23 19:48:54.230610,0x433e9c88,99,4.181,11.961666,1.0430278,,,,,3
2026-01-23 19:49:54.258526,0x433e9c88,97,4.148,11.688333,1.0619445,,,,,3
2026-01-23 19:50:54.385282,0x433e9c88,100,4.193,13.958333,1.0596666,,,,,3
2026-01-23 19:51:21.638879,0x433aad0c,89,4.048,18.498333,3.2142777,5.5,-70,,3,3
2026-01-23 19:51:50.408280,0x433ad35c,100,4.198,15.108334,3.0634167,5.75,-57,,3,3
2026-01-23 19:51:54.471540,0x433e9c88,99,4.189,17.336666,1.0742778,,,,,3
2026-01-23 19:52:54.466777,0x433e9c88,99,4.186,9.991667,1.0578611,,,,,3
2026-01-23 19:53:54.477494,0x433e9c88,97,4.149,13.138333,1.0432501,,,,,3
2026-01-23 19:54:10.932729,0x433b0b38,97,4.159,15.408333,3.4453332,5.25,-77,,5,5
2026-01-23 19:54:54.612687,0x433e9c88,99,4.186,14.793333,1.0480279,,,,,3
2026-01-23 19:55:54.497763,0x433e9c88,97,4.157,11.688333,1.0523334,,,,,3
2026-01-23 19:56:50.710506,0x433af380,101,4.211,14.671667,2.7299724,5.5,-33,,3,3
2026-01-23 19:56:54.541457,0x433e9c88,96,4.145,16.271667,1.0669445,,,,,3
2026-01-23 19:57:21.222206,0x433aad0c,101,4.215,15.136666,3.1878889,5.5,-71,,3,3
2026-01-23 19:57:50.647711,0x433ad35c,101,4.212,17.365,3.0714166,5.75,-58,,3,3
2026-01-23 19:57:54.677555,0x433e9c88,97,4.149,15.066667,1.0840555,,,,,3
2026-01-23 19:58:54.635370,0x433e9c88,101,4.215,9.991667,1.1132778,,,,,3
2026-01-23 19:59:54.855387,0x433e9c88,100,4.2,14.835,1.1321944,,,,,3
2026-01-23 20:00:12.587040,0x433b0b38,98,4.174,15.256667,3.3838332,5.75,-76,,5,5
2026-01-23 20:00:54.918039,0x433e9c88,98,4.17,13.658333,1.1034445,,,,,3
2026-01-24 05:02:26.897357,0x433e9c88,96,4.143,9.553333,0.93730557,,,,3,3
2026-01-24 05:03:26.961111,0x433e9c88,100,4.194,15.97,0.9391389,,,,,3
2026-01-24 05:03:50.439893,0x433aad0c,101,4.228,12.261666,3.5591946,5.75,-70,,3,3
2026-01-24 05:04:22.072631,0x433ad35c,96,4.144,11.961666,3.1079168,6.25,-59,,3,3
2026-01-24 05:04:27.101564,0x433e9c88,101,4.219,10.92,0.95736116,,,,,3
2026-01-24 05:05:27.223531,0x433e9c88,98,4.166,6.5966663,0.99041665,,,,,3
2026-01-24 05:06:27.095669,0x433e9c88,99,4.185,14.531666,1.0070556,,,,,3
2026-01-24 05:06:39.464234,0x433b0b38,99,4.177,9.115,3.447111,5.75,-77,,5,5
2026-01-24 05:07:05.619376,0x433af380,99,4.182,12.335,2.9965556,5.75,-33,,3,3
2026-01-24 05:07:27.157211,0x433e9c88,97,4.157,13.988334,1.0070556,,,,,3
2026-01-24 05:08:27.203462,0x433e9c88,97,4.155,11.688333,1.0259722,,,,,3
2026-01-24 05:09:27.349336,0x433e9c88,99,4.181,15.408333,1.0259722,,,,,3
2026-01-24 05:09:50.730162,0x433aad0c,101,4.227,12.261666,3.479361,5.75,-70,,3,3
2026-01-24 05:10:22.848641,0x433ad35c,96,4.134,11.961666,3.1246388,5.75,-58,,3,3
2026-01-24 05:10:27.377119,0x433e9c88,101,4.205,13.931666,1.0259722,,,,,3
2026-01-24 05:11:27.364110,0x433e9c88,98,4.175,9.991667,1.0070556,,,,,3
2026-01-24 05:12:27.374661,0x433e9c88,97,4.16,19.088333,0.9876944,,,,,3
2026-01-24 05:12:42.488093,0x433b0b38,95,4.129,9.373333,3.5381389,5.5,-76,,5,5
2026-01-24 05:13:27.497267,0x433e9c88,99,4.176,13.658333,0.93841666,,,,,3
2026-01-24 05:14:27.571257,0x433e9c88,98,4.17,9.991667,0.93841666,,,,,3
2026-01-24 05:15:27.504336,0x433e9c88,101,4.222,15.12,0.98652774,,,,,3
2026-01-24 05:15:50.914387,0x433aad0c,101,4.234,16.228333,3.4992776,5.75,-70,,3,3
2026-01-24 05:16:22.549593,0x433ad35c,95,4.123,11.961666,3.119111,6.0,-59,,3,3
2026-01-24 05:16:27.603557,0x433e9c88,98,4.168,13.931666,0.97011113,,,,,3
2026-01-24 05:17:05.843045,0x433af380,96,4.145,12.335,2.9965277,5.75,-34,,3,3
2026-01-24 05:17:27.634669,0x433e9c88,100,4.198,10.786667,0.9678333,,,,,3
2026-01-24 05:18:08.457610,0xbd50376c,101,4.233,16.228333,1.0343889,5.75,-75,,3,3
2026-01-24 05:18:27.739082,0x433e9c88,101,4.209,15.956667,0.98674995,,,,,3
2026-01-24 05:18:42.147399,0x433b0b38,95,4.123,13.068334,3.514361,6.0,-77,,5,5
2026-01-24 05:19:27.767465,0x433e9c88,99,4.186,11.961666,0.9662222,,,,,3
2026-01-24 05:20:27.760862,0x433e9c88,96,4.136,9.991667,0.95161116,,,,,3
2026-01-24 05:21:27.971358,0x433e9c88,84,4.014,14.531666,0.95161116,,,,,3
2026-01-24 05:21:51.569614,0x433aad0c,101,4.212,13.958333,3.5097778,6.0,-70,,3,3
2026-01-24 05:22:22.806616,0x433ad35c,99,4.188,13.658333,2.9977224,5.5,-59,,3,3
2026-01-24 05:22:27.886568,0x433e9c88,99,4.178,15.628333,0.93700004,,,,,3
2026-01-24 05:23:28.045835,0x433e9c88,101,4.21,11.688333,0.93700004,,,,,3
2026-01-24 05:24:28.001929,0x433e9c88,99,4.186,14.531666,0.91808337,,,,,3
2026-01-24 05:24:43.412355,0x433b0b38,100,4.2,8.496667,3.55275,5.25,-77,,5,5
2026-01-24 05:25:27.992246,0x433e9c88,96,4.138,15.778333,0.8888612,,,,,3
2026-01-24 05:26:28.164454,0x433e9c88,99,4.179,10.868333,0.8384445,,,,,3
2026-01-24 05:27:07.929585,0x433af380,98,4.166,18.01,3.046472,6.0,-34,,3,3
2026-01-24 05:27:28.254784,0x433e9c88,99,4.188,16.300001,0.82975,,,,,3
2026-01-24 05:27:51.818835,0x433aad0c,101,4.229,16.833334,3.4841943,5.5,-70,,3,3
2026-01-24 05:28:23.652559,0x433ad35c,100,4.19,13.658333,3.0543056,6.0,-58,,3,3
2026-01-24 05:28:28.190871,0x433e9c88,98,4.173,15.628333,0.8345278,,,,,3
2026-01-24 05:29:28.351602,0x433e9c88,97,4.155,11.195001,0.84913886,,,,,3
2026-01-24 05:30:28.343576,0x433e9c88,89,4.048,14.531666,0.82861114,,,,,3
2026-01-24 05:30:43.550003,0x433b0b38,99,4.177,13.396667,3.5788054,5.5,-77,,5,5
2026-01-24 05:31:28.287915,0x433e9c88,100,4.199,12.838334,0.82861114,,,,,3
2026-01-24 05:32:28.313130,0x433e9c88,98,4.163,13.7,0.82861114,,,,,3
2026-01-24 05:33:28.511249,0x433e9c88,100,4.196,16.228333,0.82861114,,,,,3
2026-01-24 05:33:52.745338,0x433aad0c,100,4.194,12.261666,3.5250835,5.75,-71,,3,3
2026-01-24 05:34:23.899108,0x433ad35c,99,4.182,12.838334,3.0795555,5.5,-58,,3,3
2026-01-24 05:34:28.434768,0x433e9c88,101,4.228,14.808332,0.80969447,,,,,3
2026-01-24 05:35:28.478113,0x433e9c88,98,4.167,13.468332,0.80969447,,,,,3
2026-01-24 05:36:28.609534,0x433e9c88,100,4.2,14.531666,0.7955556,,,,,3
2026-01-24 05:37:06.273367,0x433af380,98,4.17,12.198334,2.9786944,5.5,-34,,3,3
2026-01-24 05:37:28.609433,0x433e9c88,97,4.159,14.785001,0.773,,,,,3
2026-01-24 05:38:28.868596,0x433e9c88,97,4.156,12.823333,0.7914722,,,,3,3
2026-01-24 05:39:28.816725,0x433e9c88,99,4.178,13.396667,0.8461945,,,,,3
2026-01-24 05:39:53.087526,0x433aad0c,101,4.217,10.508333,3.450111,5.75,-70,,3,3
2026-01-24 05:40:24.006977,0x433ad35c,99,4.176,11.961666,3.225889,6.75,-58,,3,3
2026-01-24 05:40:28.821270,0x433e9c88,53,3.746,13.931666,0.8411945,,,,,3
2026-01-24 05:41:28.986220,0x433e9c88,93,4.103,9.991667,0.8558055,,,,,3
2026-01-24 05:42:29.099909,0x433e9c88,99,4.178,15.093334,0.8704167,,,,,3
2026-01-24 05:42:47.525545,0x433b0b38,96,4.138,8.895,3.6146388,5.75,-71,,5,4
2026-01-24 05:43:29.097843,0x433e9c88,98,4.175,14.506666,0.8704167,,,,,3
2026-01-24 05:44:29.072733,0x433e9c88,95,4.129,9.991667,0.8704167,,,,,3
2026-01-24 05:45:29.051822,0x433e9c88,99,4.188,17.431665,0.8704167,,,,,3
2026-01-24 05:45:52.159209,0x433aad0c,101,4.225,13.93,3.5776112,5.75,-70,,3,3
2026-01-24 05:46:23.953739,0x433ad35c,100,4.191,13.165,3.1539724,6.25,-58,,3,3
2026-01-24 05:46:29.233338,0x433e9c88,98,4.168,15.135,0.8704167,,,,,3
2026-01-24 05:47:06.539570,0x433af380,99,4.182,13.266666,2.9676666,7.25,-34,,3,3
2026-01-24 05:47:29.319491,0x433e9c88,99,4.177,12.866667,0.83758336,,,,,3
2026-01-24 05:48:29.222144,0x433e9c88,99,4.18,16.228333,0.8565,,,,,3
2026-01-24 05:48:43.966236,0x433b0b38,100,4.197,8.866667,3.6857777,5.5,-76,,5,5
2026-01-24 05:49:29.262323,0x433e9c88,101,4.208,11.961666,0.8565,,,,,3
2026-01-24 05:50:29.485158,0x433e9c88,101,4.203,9.991667,0.8754167,,,,,3
2026-01-24 05:51:29.392903,0x433e9c88,99,4.179,14.531666,0.8797222,,,,,3
2026-01-24 05:51:52.501395,0x433aad0c,101,4.234,8.866667,3.434639,5.25,-70,,3,3
2026-01-24 05:52:24.535569,0x433ad35c,99,4.176,13.658333,3.1578057,5.75,-59,,3,3
2026-01-24 05:52:29.594797,0x433e9c88,101,4.209,15.628333,0.8986389,,,,,3
2026-01-24 05:53:29.444781,0x433e9c88,97,4.159,11.688333,0.8986389,,,,,3
2026-01-24 05:54:07.789999,0xbd50376c,101,4.24,14.531666,0.94147223,5.5,-73,,3,3
2026-01-24 05:54:29.595900,0x433e9c88,97,4.15,15.395,0.8986389,,,,,3
2026-01-24 05:54:43.672318,0x433b0b38,98,4.17,14.26,3.7058334,5.75,-76,,5,5
2026-01-24 05:55:29.684765,0x433e9c88,101,4.229,15.736667,0.8986389,,,,,3
2026-01-24 05:56:29.703579,0x433e9c88,97,4.157,10.0199995,0.9385556,,,,,3
2026-01-24 05:57:06.682707,0x433af380,101,4.23,14.875001,3.0619721,6.25,-34,,3,3
2026-01-24 05:57:29.712807,0x433e9c88,101,4.203,14.288333,0.9239445,,,,,3
2026-01-24 05:57:53.544769,0x433aad0c,101,4.205,11.658333,3.3721387,6.75,-70,,3,3
2026-01-24 05:58:24.234374,0x433ad35c,99,4.188,13.658333,3.1336665,6.0,-58,,3,3
2026-01-24 05:58:29.834174,0x433e9c88,101,4.214,15.628333,0.9738889,,,,,3
2026-01-24 05:59:29.835938,0x433e9c88,101,4.202,9.991667,0.9588334,,,,,3
2026-01-24 06:00:29.767066,0x433e9c88,99,4.185,13.165,0.9928055,,,,,3
2026-01-24 06:00:44.445703,0x433b0b38,99,4.179,12.030001,3.6223612,5.75,-76,,5,5
2026-01-24 06:01:29.929541,0x433e9c88,100,4.195,15.201667,1.0199167,,,,,3
2026-01-24 15:03:01.285439,0x433e9c88,99,4.179,11.990001,0.73744446,,,,,3
2026-01-24 15:04:01.326546,0x433e9c88,98,4.173,13.261667,0.68974996,,,,,3
2026-01-24 15:04:22.952321,0x433aad0c,100,4.193,7.2,4.2851944,5.0,-84,,3,3
2026-01-24 15:04:51.619991,0x433ad35c,98,4.166,14.398334,3.0502777,6.0,-59,,3,3
2026-01-24 15:05:01.397729,0x433e9c88,100,4.195,16.368334,0.68974996,,,,,3
2026-01-24 15:06:01.344338,0x433e9c88,99,4.179,16.931667,0.69202775,,,,,3
2026-01-24 15:07:01.509818,0x433e9c88,100,4.193,15.343334,0.70091665,,,,,3
2026-01-24 15:07:20.374426,0x433b0b38,101,4.201,10.223333,3.4915833,5.25,-81,,5,5
2026-01-24 15:07:26.581690,0x433af380,78,3.976,11.993334,2.938139,6.0,-34,,3,3
2026-01-24 15:08:01.438141,0x433e9c88,99,4.182,14.415,0.70091665,,,,,3
2026-01-24 15:09:01.587083,0x433e9c88,98,4.175,10.841667,0.73422223,,,,,3
2026-01-24 15:10:01.594917,0x433e9c88,98,4.167,11.963333,0.73422223,,,,,3
2026-01-24 15:10:20.161824,0x433aad0c,101,4.229,7.9666667,4.142611,6.25,-83,,3,3
2026-01-24 15:10:51.873442,0x433ad35c,97,4.161,13.386667,3.132889,5.75,-59,,3,3
2026-01-24 15:11:01.653672,0x433e9c88,101,4.208,15.3566675,0.73830557,,,,,3
2026-01-24 15:12:01.782810,0x433e9c88,101,4.207,12.716667,0.7658611,,,,,3
2026-01-24 15:13:01.709637,0x433e9c88,101,4.203,13.056667,0.72619444,,,,,3
2026-01-24 15:13:15.409305,0x433b0b38,97,4.161,2.2433333,3.5514169,5.25,-78,,5,5
2026-01-24 15:14:01.799667,0x433e9c88,100,4.19,11.716667,0.7243889,,,,,3
2026-01-24 15:15:01.889914,0x433e9c88,99,4.181,15.575001,0.7576944,,,,3,3
2026-01-24 15:16:01.985952,0x433e9c88,101,4.207,15.656667,0.7675,,,,,3
2026-01-24 15:16:52.660377,0x433ad35c,101,4.219,9.076667,3.2083333,6.0,-59,,3,3
2026-01-24 15:17:02.002791,0x433e9c88,98,4.169,11.578333,0.8026111,,,,,3
2026-01-24 15:17:26.673331,0x433af380,101,4.203,13.538334,3.00475,5.75,-33,,3,3
2026-01-24 15:18:02.137927,0x433e9c88,99,4.184,15.398334,0.80308336,,,,,3
2026-01-24 15:19:02.246326,0x433e9c88,100,4.196,10.841667,0.8067222,,,,,3
2026-01-24 15:19:26.872348,0x433b0b38,101,4.213,9.72,3.5466113,4.75,-82,,5,4
2026-01-24 15:20:02.152166,0x433e9c88,101,4.218,12.603333,0.8197222,,,,,3
2026-01-24 15:21:02.346661,0x433e9c88,99,4.178,13.713333,0.8406944,,,,,3
2026-01-24 15:22:02.261959,0x433e9c88,101,4.232,12.263333,0.8593889,,,,,3
2026-01-24 15:22:52.868810,0x433ad35c,98,4.172,11.705,3.2560558,6.75,-59,,3,3
2026-01-24 15:23:02.427590,0x433e9c88,100,4.19,11.321667,0.8803611,,,,,3
2026-01-24 15:24:02.486845,0x433e9c88,100,4.193,13.085,0.8803611,,,,,3
2026-01-24 15:25:02.383173,0x433e9c88,99,4.184,14.808332,0.8990556,,,,,3
2026-01-24 15:25:16.136749,0x433b0b38,101,4.209,8.405,3.5453334,5.75,-80,,5,5
2026-01-24 15:26:02.550674,0x433e9c88,100,4.195,15.216666,0.9131945,,,,,3
2026-01-24 15:27:02.452843,0x433e9c88,99,4.177,12.206667,0.8798889,,,,,3
2026-01-24 15:27:27.140735,0x433af380,98,4.171,13.283333,3.1091945,7.5,-34,,3,3
2026-01-24 15:28:02.497527,0x433e9c88,101,4.222,15.286666,0.86527777,,,,,3
2026-01-24 15:28:22.817449,0x433aad0c,101,4.22,9.415,3.7056944,5.5,-82,,3,3
2026-01-24 15:28:53.139210,0x433ad35c,98,4.171,12.92,3.2318056,6.0,-60,,3,3
2026-01-24 15:29:02.666729,0x433e9c88,97,4.16,14.013333,0.89925,,,,,3
2026-01-24 15:30:02.660555,0x433e9c88,100,4.2,13.124999,0.9284723,,,,,3
2026-01-24 15:30:23.774614,0xbd50376c,101,4.206,8.878333,0.7647222,5.25,-84,,3,3
2026-01-24 15:31:02.642671,0x433e9c88,100,4.199,15.658334,0.9284723,,,,,3
2026-01-24 15:31:16.804938,0x433b0b38,98,4.171,9.171667,3.564611,5.75,-77,,5,5
2026-01-24 15:32:02.751307,0x433e9c88,99,4.186,11.906667,0.9473889,,,,,3
2026-01-24 15:33:02.747561,0x433e9c88,97,4.16,11.045,0.9759166,,,,,3
2026-01-24 15:34:02.835278,0x433e9c88,92,4.084,9.746667,1.0094445,,,,,3
2026-01-24 15:34:22.533930,0x433aad0c,99,4.183,9.72,3.7061388,4.75,-84,,3,3
2026-01-24 15:34:52.885208,0x433ad35c,100,4.193,13.386667,3.1278055,6.0,-60,,3,3
2026-01-24 15:35:02.913717,0x433e9c88,98,4.165,15.111667,0.99574995,,,,,3
2026-01-24 15:36:02.967740,0x433e9c88,100,4.192,15.383333,0.9911944,,,,,3
2026-01-24 15:37:02.956685,0x433e9c88,101,4.201,12.096666,1.0454723,,,,,3
2026-01-24 15:37:16.615960,0x433b0b38,99,4.184,4.7766666,3.4768057,5.5,-77,,5,5
2026-01-24 15:37:26.188913,0x433af380,100,4.197,6.4733334,3.1190555,5.5,-34,,3,3
2026-01-24 15:38:03.038101,0x433e9c88,101,4.215,15.001667,1.05025,,,,,3
2026-01-24 15:39:03.174511,0x433e9c88,99,4.186,13.195001,1.0315555,,,,,3
2026-01-24 15:40:03.132390,0x433e9c88,96,4.146,11.663333,1.0454723,,,,,3
2026-01-24 15:40:53.293800,0x433ad35c,100,4.193,12.143333,3.080139,6.0,-58,,3,3
2026-01-24 15:41:03.124695,0x433e9c88,101,4.203,14.113334,1.0245,,,,,3
2026-01-24 15:42:03.171805,0x433e9c88,101,4.214,12.153334,1.0715001,,,,,3
2026-01-24 15:43:03.297327,0x433e9c88,100,4.2,13.14,1.1088889,,,,,3
2026-01-24 15:43:16.912428,0x433b0b38,101,4.201,12.018333,3.426389,6.25,-77,,5,5
2026-01-24 15:44:03.421502,0x433e9c88,99,4.184,11.796667,1.1218889,,,,,3
2026-01-24 15:45:03.309679,0x433e9c88,99,4.185,15.058332,1.1218889,,,,,3
2026-01-24 15:46:03.433556,0x433e9c88,100,4.195,12.071667,1.1218889,,,,,3
2026-01-24 15:46:27.725113,0x433aad0c,101,4.217,7.39,3.4922223,5.25,-82,,3,3
2026-01-24 15:46:53.374080,0x433ad35c,96,4.146,14.903334,3.1442502,6.0,-58,,3,3
2026-01-24 15:47:03.403687,0x433e9c88,101,4.211,16.873333,1.1218889,,,,,3
2026-01-24 15:47:26.200894,0x433af380,99,4.178,16.948334,3.2133055,5.75,-34,,3,3
2026-01-24 15:48:03.484402,0x433e9c88,101,4.238,14.948334,1.1526945,,,,,3
2026-01-24 15:49:03.528954,0x433e9c88,99,4.181,14.206667,1.1526945,,,,,3
2026-01-24 15:49:17.559249,0x433b0b38,96,4.142,9.72,3.5208054,5.5,-78,,5,5
2026-01-24 15:50:03.568376,0x433e9c88,98,4.162,12.881666,1.1526945,,,,,3
2026-01-24 15:51:03.796553,0x433e9c88,101,4.203,14.781668,1.1526945,,,,3,3
2026-01-24 15:52:03.772364,0x433e9c88,98,4.172,11.963333,1.1695833,,,,,3
2026-01-24 15:52:30.910437,0x433aad0c,101,4.215,4.378333,3.4978888,6.75,-77,,3,2
2026-01-24 15:52:54.106668,0x433ad35c,97,4.16,12.116667,3.0826945,6.5,-59,,3,3
2026-01-24 15:53:03.884230,0x433e9c88,99,4.185,14.086667,1.1652778,,,,,3
2026-01-24 15:54:04.025249,0x433e9c88,101,4.209,13.085,1.1572499,,,,,3
2026-01-24 15:55:03.979692,0x433e9c88,99,4.183,13.77,1.1572499,,,,,3
2026-01-24 15:55:17.349869,0x433b0b38,101,4.211,12.648334,3.5456665,6.5,-77,,5,5
2026-01-24 15:56:04.010059,0x433e9c88,99,4.182,15.083334,1.1638333,,,,,3
2026-01-24 15:57:04.194606,0x433e9c88,97,4.16,11.141666,1.1638333,,,,,3
2026-01-24 15:57:27.356295,0x433af380,99,4.183,9.6050005,3.1731665,7.25,-34,,3,3
2026-01-24 15:58:04.050266,0x433e9c88,101,4.201,9.475,1.1572499,,,,,3
2026-01-24 15:58:33.156301,0x433aad0c,99,4.179,2.2433333,3.4335558,6.75,-78,,3,3
2026-01-24 15:58:53.800701,0x433ad35c,99,4.188,12.8116665,3.0660555,6.0,-59,,3,3
2026-01-24 15:59:04.098475,0x433e9c88,101,4.209,13.66,1.1540556,,,,,3
2026-01-24 16:00:04.272513,0x433e9c88,101,4.207,11.636667,1.1914444,,,,,3
2026-01-24 16:01:04.229702,0x433e9c88,98,4.173,15.618333,1.1606389,,,,,3
2026-01-24 16:01:17.709627,0x433b0b38,101,4.201,13.525001,3.4843333,6.25,-77,,5,5
2026-01-24 16:02:04.371339,0x433e9c88,101,4.22,11.523334,1.1524723,,,,,3
2026-01-24 18:03:11.251406,0x433e9c88,98,4.167,11.155001,1.0184722,,,,,3
2026-01-24 18:04:11.152016,0x433e9c88,100,4.193,8.653333,0.9894722,,,,,3
2026-01-24 18:04:31.887079,0x433aad0c,101,4.215,10.923333,2.982611,5.5,-70,,3,3
2026-01-24 18:05:02.118131,0x433ad35c,98,4.165,6.3883333,2.8089168,6.25,-57,,3,3
2026-01-24 18:05:11.190912,0x433e9c88,99,4.184,13.193333,1.0040834,,,,,3
2026-01-24 18:06:11.316401,0x433e9c88,101,4.225,15.383333,1.0186944,,,,,3
2026-01-24 18:07:11.298766,0x433e9c88,99,4.185,13.22,1.0143334,,,,,3
2026-01-24 18:07:23.116672,0x433b0b38,97,4.148,9.91,3.4015555,5.75,-79,,5,5
2026-01-24 18:07:28.619858,0x433af380,98,4.175,12.266666,3.0304444,6.0,-33,,3,3
2026-01-24 18:08:11.329617,0x433e9c88,98,4.165,13.716666,0.99744445,,,,,3
2026-01-24 18:09:11.537921,0x433e9c88,97,4.16,11.990001,0.99744445,,,,,3
2026-01-24 18:10:11.553595,0x433e9c88,99,4.181,8.885,0.9702777,,,,,3
2026-01-24 18:10:32.121116,0x433aad0c,101,4.214,10.0199995,3.0225,5.25,-69,,3,3
2026-01-24 18:11:03.922491,0x433ad35c,99,4.184,11.990001,2.843389,6.25,-58,,3,3
2026-01-24 18:11:11.582858,0x433e9c88,97,4.155,14.371666,0.9203333,,,,,3
2026-01-24 18:12:11.651662,0x433e9c88,97,4.152,10.855,0.9203333,,,,,3
2026-01-24 18:13:11.657784,0x433e9c88,101,4.221,9.72,0.92283326,,,,,3
2026-01-24 18:13:23.194376,0x433b0b38,96,4.143,10.596666,3.3438332,5.0,-77,,5,5
2026-01-24 18:14:11.748400,0x433e9c88,101,4.229,10.405001,0.92283326,,,,,3
2026-01-24 18:15:11.781958,0x433e9c88,98,4.164,15.711667,0.94605553,,,,3,3
2026-01-24 18:16:11.872564,0x433e9c88,98,4.175,11.72,0.9105,,,,,3
2026-01-24 18:16:32.437426,0x433aad0c,101,4.22,13.113334,3.136111,5.0,-70,,3,3
2026-01-24 18:17:01.493072,0x433ad35c,96,4.147,8.266666,2.97225,7.0,-57,,3,3
2026-01-24 18:17:11.901143,0x433e9c88,101,4.222,11.389999,0.9105,,,,,3
2026-01-24 18:17:28.697473,0x433af380,100,4.196,13.993333,3.0425835,6.5,-34,,3,3
2026-01-24 18:18:11.926433,0x433e9c88,98,4.175,13.153334,0.9173055,,,,,3
2026-01-24 18:19:12.005883,0x433e9c88,99,4.184,7.64,0.9335,,,,,3
2026-01-24 18:19:23.440195,0x433b0b38,97,4.155,9.91,3.3833055,5.5,-78,,5,5
2026-01-24 18:20:12.055088,0x433e9c88,99,4.177,11.990001,0.9645278,,,,,3
2026-01-24 18:21:12.161633,0x433e9c88,96,4.142,13.368334,0.9834444,,,,,3
2026-01-24 18:22:12.111327,0x433e9c88,99,4.186,12.101666,0.99025,,,,,3
2026-01-24 18:22:32.649132,0x433aad0c,99,4.186,9.610001,3.1192222,5.5,-70,,3,3
2026-01-24 18:23:02.102478,0x433ad35c,96,4.141,6.61,3.0155277,6.0,-56,,3,3
2026-01-24 18:23:12.158266,0x433e9c88,99,4.181,13.083333,0.99205554,,,,,3
2026-01-24 18:24:12.284356,0x433e9c88,101,4.218,12.783334,1.0098611,,,,,3
2026-01-24 18:25:12.442385,0x433e9c88,101,4.236,13.728334,1.0098611,,,,,3
2026-01-24 18:25:23.738195,0x433b0b38,97,4.158,12.565001,3.3871665,5.0,-78,,5,5
2026-01-24 18:26:12.296843,0x433e9c88,97,4.159,15.383333,1.0055556,,,,,3
2026-01-24 18:27:12.403199,0x433e9c88,101,4.204,11.413334,0.9848055,,,,,3
2026-01-24 18:27:29.014396,0x433af380,101,4.215,16.078333,3.0679443,6.0,-33,,3,3
2026-01-24 18:28:12.495864,0x433e9c88,101,4.208,8.900001,1.0062222,,,,,3
2026-01-24 18:28:32.849954,0x433aad0c,101,4.208,10.896667,3.2341666,5.25,-71,,3,3
2026-01-24 18:29:01.869551,0x433ad35c,98,4.17,6.87,2.9935832,5.75,-57,,3,3
2026-01-24 18:29:12.432952,0x433e9c88,101,4.202,11.716667,0.99161106,,,,,3
2026-01-24 18:30:12.731862,0x433e9c88,97,4.159,10.278333,0.9795,,,,,3
2026-01-24 18:30:21.344544,0xbd50376c,99,4.184,15.695,1.1874444,5.75,-75,,3,3
2026-01-24 18:31:12.702935,0x433e9c88,98,4.165,9.748334,1.0299166,,,,,3
2026-01-24 18:31:23.918133,0x433b0b38,100,4.197,12.73,3.3704445,5.75,-78,,5,5
2026-01-24 18:32:12.870829,0x433e9c88,101,4.233,8.843333,1.011,,,,,3
2026-01-24 18:33:12.815649,0x433e9c88,100,4.196,10.536667,0.9988889,,,,,3
2026-01-24 18:34:12.926589,0x433e9c88,97,4.153,6.8733335,0.9945833,,,,,3
2026-01-24 18:34:33.122799,0x433aad0c,99,4.176,10.896667,3.3988054,5.75,-69,,3,3
2026-01-24 18:35:02.648089,0x433ad35c,100,4.193,12.866667,3.0394444,5.75,-57,,3,3
2026-01-24 18:35:12.965207,0x433e9c88,98,4.165,13.083333,1.0091945,,,,,3
2026-01-24 18:36:12.932297,0x433e9c88,97,4.16,19.171667,1.0087222,,,,,3
2026-01-24 18:37:13.017665,0x433e9c88,101,4.204,9.963333,1.0087222,,,,,3
2026-01-24 18:37:24.157467,0x433b0b38,99,4.186,11.265,3.3876944,5.75,-77,,5,5
2026-01-24 18:37:29.660740,0x433af380,101,4.207,13.675,3.0902777,7.0,-34,,3,3
2026-01-24 18:38:12.979784,0x433e9c88,100,4.191,12.263333,1.0274166,,,,,3
2026-01-24 18:39:13.215426,0x433e9c88,99,4.178,11.671667,1.06525,,,,,3
2026-01-24 18:40:13.078981,0x433e9c88,98,4.163,5.12,1.0013889,,,,,3
2026-01-24 18:40:33.341037,0x433aad0c,101,4.249,10.0199995,3.4643333,5.5,-69,,3,3
2026-01-24 18:41:02.842572,0x433ad35c,100,4.199,12.974999,2.9657223,5.5,-57,,3,3
2026-01-24 18:41:13.166849,0x433e9c88,98,4.163,10.045,1.0031945,,,,,3
2026-01-24 18:42:13.309453,0x433e9c88,99,4.189,9.77,1.0031945,,,,,3
2026-01-24 18:43:13.224130,0x433e9c88,98,4.168,5.12,0.9842778,,,,,3
2026-01-24 18:43:24.432157,0x433b0b38,99,4.189,10.0199995,3.3918056,5.5,-78,,5,5
2026-01-24 18:44:13.273527,0x433e9c88,98,4.172,7.09,0.9842778,,,,,3
2026-01-24 18:45:13.628736,0x433e9c88,78,3.97,7.0033336,0.9910833,,,,,3
2026-01-24 18:46:13.576233,0x433e9c88,97,4.161,6.8166666,0.97216666,,,,,3
2026-01-24 18:46:33.592652,0x433aad0c,101,4.23,13.441667,3.6073334,6.0,-70,,3,3
2026-01-24 18:47:02.600868,0x433ad35c,98,4.17,17.816668,2.946,6.75,-57,,3,3
2026-01-24 18:47:13.614500,0x433e9c88,98,4.171,16.788334,0.9867778,,,,,3
2026-01-24 18:47:29.353473,0x433af380,99,4.189,19.220001,3.0581665,6.0,-33,,3,3
2026-01-24 18:48:13.587214,0x433e9c88,100,4.194,17.503334,0.9938333,,,,,3
2026-01-24 18:49:13.593420,0x433e9c88,99,4.187,7.9666667,0.9749167,,,,,3
2026-01-24 18:49:24.676660,0x433b0b38,101,4.209,10.0199995,3.4291945,5.5,-78,,5,5
2026-01-24 18:50:13.776874,0x433e9c88,99,4.181,10.236667,0.97672224,,,,,3
2026-01-24 18:51:13.848687,0x433e9c88,99,4.187,10.453334,0.97672224,,,,3,3
2026-01-24 18:52:14.024872,0x433e9c88,99,4.186,10.071667,0.9936111,,,,,3
2026-01-24 18:52:33.879803,0x433aad0c,101,4.218,10.0199995,3.7507777,5.25,-69,,3,3
2026-01-24 18:53:03.342556,0x433ad35c,98,4.17,11.990001,2.9515278,6.0,-57,,3,3
2026-01-24 18:53:14.046702,0x433e9c88,98,4.17,10.195,0.97991663,,,,,3
2026-01-24 18:54:14.020686,0x433e9c88,99,4.187,4.54,0.98672223,,,,,3
2026-01-24 18:55:14.098817,0x433e9c88,100,4.199,6.8433337,0.96780556,,,,,3
2026-01-24 18:55:24.917308,0x433b0b38,98,4.168,11.716667,3.4960556,5.25,-78,,5,5
2026-01-24 18:56:14.067015,0x433e9c88,101,4.202,7.5400004,0.9673334,,,,,3
2026-01-24 18:57:14.309362,0x433e9c88,101,4.215,6.2650003,0.95272225,,,,,3
2026-01-24 18:57:29.425079,0x433af380,98,4.171,16.078333,2.9669724,6.0,-34,,3,3
2026-01-24 18:58:14.262345,0x433e9c88,99,4.179,7.293333,0.90119445,,,,,3
2026-01-24 18:58:34.155692,0x433aad0c,100,4.192,10.623334,3.7646391,5.5,-69,,3,3
2026-01-24 18:59:03.647232,0x433ad35c,100,4.198,12.593333,3.0857778,6.0,-56,,3,3
2026-01-24 18:59:14.329432,0x433e9c88,100,4.198,6.991667,0.8847778,,,,,3
2026-01-24 19:01:14.640686,0x433e9c88,97,4.158,4.3916664,0.8812778,,,,,3
2026-01-24 19:01:25.323888,0x433b0b38,98,4.168,11.716667,3.5504167,5.5,-78,,5,5
2026-01-23 22:02:02.966192,0x433e9c88,98,4.174,9.115,1.0066667,,,,,3
2026-01-23 22:03:02.734941,0x433e9c88,101,4.206,12.778333,1.0066667,,,,,3
2026-01-23 22:03:29.871819,0x433aad0c,101,4.21,12.261666,2.9646666,6.25,-70,,3,3
2026-01-23 22:03:57.133138,0x433ad35c,100,4.193,14.328334,2.8349721,6.25,-57,,3,3
2026-01-23 22:04:02.945710,0x433e9c88,98,4.169,12.206667,1.0436112,,,,,3
2026-01-23 22:05:02.884398,0x433e9c88,56,3.768,9.934999,1.0766666,,,,,3
2026-01-23 22:06:01.947361,0xbd50376c,101,4.225,14.531666,1.4949445,6.5,-74,,3,3
2026-01-23 22:06:02.975886,0x433e9c88,97,4.155,13.791667,1.0955833,,,,,3
2026-01-23 22:06:16.206703,0x433b0b38,99,4.184,19.361668,3.465889,6.0,-76,,5,5
2026-01-23 22:06:53.983587,0x433af380,100,4.196,20.67,3.17925,5.5,-34,,3,3
2026-01-23 22:07:03.019445,0x433e9c88,98,4.175,12.206667,1.1033332,,,,,3
2026-01-23 22:08:02.963304,0x433e9c88,101,4.217,9.115,1.1033332,,,,,3
2026-01-23 22:09:03.089323,0x433e9c88,98,4.174,14.531666,1.1411667,,,,,3
2026-01-23 22:09:30.104359,0x433aad0c,101,4.206,12.261666,2.9931111,5.5,-71,,3,3
2026-01-23 22:09:57.417971,0x433ad35c,98,4.174,15.383333,2.7565832,5.75,-58,,3,3
2026-01-23 22:10:03.248904,0x433e9c88,99,4.188,17.353334,1.1765001,,,,,3
2026-01-23 22:11:03.099406,0x433e9c88,100,4.2,9.115,1.2100277,,,,,3
2026-01-23 22:12:03.339691,0x433e9c88,96,4.147,15.379999,1.2289444,,,,,3
2026-01-23 22:12:16.522195,0x433b0b38,98,4.17,14.531666,3.5700831,6.0,-77,,5,5
2026-01-23 22:13:03.206791,0x433e9c88,97,4.152,10.208333,1.1954167,,,,,3
2026-01-23 22:14:03.347603,0x433e9c88,101,4.209,8.238334,1.1954167,,,,,3
2026-01-23 22:15:03.284430,0x433e9c88,97,4.148,16.611668,1.2672222,,,,,3
2026-01-23 22:15:30.850487,0x433aad0c,101,4.212,19.433332,3.0460556,6.5,-70,,3,3
2026-01-23 22:15:57.131692,0x433ad35c,97,4.148,15.108334,2.7462778,6.0,-58,,3,3
2026-01-23 22:16:03.409897,0x433e9c88,101,4.213,13.054999,1.2483056,,,,,3
2026-01-23 22:16:54.078077,0x433af380,99,4.183,14.196667,3.0891666,6.25,-33,,3,3
2026-01-23 22:17:03.393672,0x433e9c88,98,4.169,10.236667,1.2508055,,,,,3
2026-01-23 22:18:03.487286,0x433e9c88,95,4.133,12.778333,1.2465,,,,,3
2026-01-23 22:18:16.684401,0x433b0b38,98,4.173,14.531666,3.5849166,6.25,-77,,5,5
2026-01-23 22:19:03.606955,0x433e9c88,99,4.178,10.208333,1.2111666,,,,,3
2026-01-23 22:20:03.730202,0x433e9c88,98,4.162,11.688333,1.19225,,,,,3
2026-01-23 22:21:03.724146,0x433e9c88,101,4.212,14.531666,1.1776389,,,,,3
2026-01-23 22:21:30.723882,0x433aad0c,101,4.251,12.823333,3.0831945,5.5,-70,,3,3
2026-01-23 22:21:57.433746,0x433ad35c,99,4.176,15.696667,2.6847777,6.0,-58,,3,3
2026-01-23 22:22:03.711942,0x433e9c88,97,4.161,15.655001,1.1591667,,,,,3
2026-01-23 22:23:03.678356,0x433e9c88,96,4.144,9.991667,1.1445556,,,,,3
2026-01-23 22:24:03.893252,0x433e9c88,97,4.161,15.408333,1.14025,,,,,3
2026-01-23 22:24:16.914113,0x433b0b38,100,4.194,15.408333,3.53425,5.75,-77,,5,5
2026-01-23 22:25:03.771259,0x433e9c88,97,4.154,13.658333,1.14025,,,,,3
2026-01-23 22:26:04.019471,0x433e9c88,101,4.22,9.991667,1.125639,,,,3,3
2026-01-23 22:26:55.331451,0x433af380,98,4.165,16.468332,3.0380833,5.75,-34,,3,3
2026-01-23 22:27:04.059994,0x433e9c88,100,4.191,17.406666,1.1594167,,,,,3
2026-01-23 22:27:30.935394,0x433aad0c,101,4.251,17.560001,2.98875,5.75,-71,,3,3
2026-01-23 22:27:57.552538,0x433ad35c,96,4.14,14.974999,2.6590834,7.0,-59,,3,3
2026-01-23 22:28:04.123349,0x433e9c88,100,4.197,15.083334,1.1797222,,,,,3
2026-01-23 22:29:04.229943,0x433e9c88,98,4.163,8.238334,1.2004445,,,,,3
2026-01-23 22:30:04.265822,0x433e9c88,100,4.193,15.351666,1.1669166,,,,,3
2026-01-23 22:30:17.160883,0x433b0b38,98,4.17,17.105,3.5691388,6.25,-78,,5,5
2026-01-23 22:31:04.272750,0x433e9c88,101,4.212,10.208333,1.1505,,,,,3
2026-01-23 22:32:04.385351,0x433e9c88,99,4.181,9.441667,1.1694167,,,,,3
2026-01-23 22:33:04.306893,0x433e9c88,98,4.169,14.531666,1.1883333,,,,,3
2026-01-23 22:33:31.599943,0x433aad0c,100,4.197,13.138333,3.0982778,5.5,-71,,3,3
2026-01-23 22:33:57.876782,0x433ad35c,98,4.175,15.108334,2.6133056,5.75,-58,,3,3
2026-01-23 22:34:04.407786,0x433e9c88,100,4.191,13.931666,1.1737221,,,,,3
2026-01-23 22:35:04.413199,0x433e9c88,99,4.18,11.688333,1.1260555,,,,,3
2026-01-23 22:36:04.485934,0x433e9c88,96,4.135,14.531666,1.1260555,,,,,3
2026-01-23 22:36:17.402912,0x433b0b38,100,4.199,17.981667,3.50525,6.25,-77,,5,5
2026-01-23 22:36:55.721368,0x433af380,101,4.216,14.264999,3.0324166,6.75,-34,,3,3
2026-01-23 22:37:04.512351,0x433e9c88,95,4.122,16.533333,1.1091666,,,,,3
2026-01-23 22:38:04.588612,0x433e9c88,99,4.178,10.868333,1.1091666,,,,,3
2026-01-23 22:39:04.552190,0x433e9c88,99,4.188,14.531666,1.1426945,,,,,3
2026-01-23 22:39:31.426140,0x433aad0c,101,4.242,13.396667,3.2365556,6.0,-71,,3,3
2026-01-23 22:39:58.286435,0x433ad35c,99,4.182,15.148333,2.603778,5.75,-58,,3,3
2026-01-23 22:40:04.619849,0x433e9c88,96,4.14,16.858334,1.15775,,,,,3
2026-01-23 22:41:04.710690,0x433e9c88,100,4.194,9.991667,1.1766666,,,,,3
2026-01-23 22:42:02.335400,0xbd50376c,98,4.174,16.228333,1.4902222,6.0,-74,,3,3
2026-01-23 22:42:04.689718,0x433e9c88,101,4.211,18.255,1.1600277,,,,,3
2026-01-23 22:42:17.636529,0x433b0b38,101,4.203,16.558332,3.3613892,6.25,-77,,5,5
2026-01-23 22:43:04.778653,0x433e9c88,101,4.213,11.961666,1.1600277,,,,,3
2026-01-23 22:44:04.785199,0x433e9c88,101,4.21,9.991667,1.1557223,,,,,3
2026-01-23 22:45:04.932499,0x433e9c88,101,4.208,15.351666,1.1221944,,,,,3
2026-01-23 22:45:31.797145,0x433aad0c,101,4.228,13.958333,3.2891943,5.25,-70,,3,3
2026-01-23 22:45:58.736866,0x433ad35c,98,4.175,11.961666,2.55975,6.0,-58,,3,3
2026-01-23 22:46:05.062940,0x433e9c88,97,4.154,13.054999,1.1032778,,,,,3
2026-01-23 22:46:56.672874,0x433af380,99,4.186,12.858333,3.1221945,6.75,-34,,3,3
2026-01-23 22:47:04.998598,0x433e9c88,96,4.14,11.961666,1.0674722,,,,,3
2026-01-23 22:48:05.106411,0x433e9c88,95,4.127,16.543333,1.0485556,,,,,3
2026-01-23 22:48:17.966016,0x433b0b38,96,4.146,17.678333,3.3516388,6.5,-76,,5,5
2026-01-23 22:49:05.086045,0x433e9c88,97,4.161,12.838334,1.0296389,,,,,3
2026-01-23 22:50:05.161426,0x433e9c88,99,4.182,12.591666,0.9981389,,,,,3
2026-01-23 22:51:05.288572,0x433e9c88,101,4.203,16.801666,0.97922224,,,,,3
2026-01-23 22:51:31.933844,0x433aad0c,101,4.247,16.228333,3.3220835,6.25,-70,,3,3
2026-01-23 22:51:59.029256,0x433ad35c,100,4.191,12.781666,2.6047223,7.25,-59,,3,3
2026-01-23 22:52:05.308120,0x433e9c88,98,4.169,15.628333,0.9646111,,,,,3
2026-01-23 22:53:05.299486,0x433e9c88,101,4.221,9.991667,0.9981389,,,,,3
2026-01-23 22:54:05.425127,0x433e9c88,101,4.202,13.396667,0.97922224,,,,,3
2026-01-23 22:54:18.306956,0x433b0b38,100,4.198,14.531666,3.3747222,6.5,-76,,5,5
2026-01-23 22:55:05.512546,0x433e9c88,101,4.227,12.781666,0.97922224,,,,,3
2026-01-23 22:56:05.370747,0x433e9c88,99,4.187,10.868333,0.9981389,,,,,3
2026-01-23 22:56:56.278564,0x433af380,99,4.18,12.06,3.1388335,6.5,-33,,3,3
2026-01-23 22:57:05.496647,0x433e9c88,98,4.173,19.361668,1.0127499,,,,,3
2026-01-23 22:57:32.195610,0x433aad0c,101,4.206,16.529999,3.457778,6.0,-70,,3,3
2026-01-23 22:57:59.398855,0x433ad35c,101,4.203,12.219999,2.7260277,5.75,-58,,3,3
2026-01-23 22:58:05.450683,0x433e9c88,96,4.14,14.808332,1.0127499,,,,,3
2026-01-23 22:59:05.497647,0x433e9c88,97,4.154,9.115,1.0127499,,,,,3
2026-01-23 23:00:05.617916,0x433e9c88,98,4.17,16.228333,1.0084444,,,,,3
2026-01-23 23:00:18.988677,0x433b0b38,99,4.182,16.2,3.4173057,5.75,-77,,5,5
2026-01-23 23:01:05.668311,0x433e9c88,99,4.188,12.838334,1.0084444,,,,,3
2026-01-24 09:02:40.071818,0x433e9c88,99,4.182,9.088334,1.198,,,,,3
2026-01-24 09:03:40.021037,0x433e9c88,100,4.199,9.606667,1.1998055,,,,,3
2026-01-24 09:04:02.710604,0x433aad0c,100,4.198,15.054999,3.466639,5.75,-69,,3,3
2026-01-24 09:04:35.278116,0x433ad35c,101,4.207,10.646667,2.8279166,6.25,-58,,3,3
2026-01-24 09:04:40.119854,0x433e9c88,101,4.214,11.411667,1.1831666,,,,,3
2026-01-24 09:05:40.165646,0x433e9c88,99,4.184,10.426666,1.18725,,,,,3
2026-01-24 09:06:40.299926,0x433e9c88,98,4.173,12.888333,1.1683334,,,,,3
2026-01-24 09:06:51.427716,0x433b0b38,98,4.162,15.518333,3.7137775,5.75,-76,,5,5
2026-01-24 09:07:14.106577,0x433af380,98,4.169,13.403334,2.7815278,6.5,-34,,3,3
2026-01-24 09:07:40.341720,0x433e9c88,97,4.154,9.088334,1.1699167,,,,,3
2026-01-24 09:08:40.307897,0x433e9c88,101,4.213,3.12,1.1553055,,,,,3
2026-01-24 09:09:40.307504,0x433e9c88,100,4.196,12.51,1.1591667,,,,,3
2026-01-24 09:10:02.954311,0x433aad0c,90,4.06,12.236667,3.5264168,5.75,-69,,3,3
2026-01-24 09:10:34.947456,0x433ad35c,98,4.165,6.8433337,2.8685834,5.75,-57,,3,3
2026-01-24 09:10:40.331398,0x433e9c88,101,4.217,10.566667,1.1591667,,,,,3
2026-01-24 09:11:40.377734,0x433e9c88,101,4.22,12.631666,1.1445556,,,,,3
2026-01-24 09:12:40.422959,0x433e9c88,101,4.202,11.018333,1.1445556,,,,,3
2026-01-24 09:12:52.374744,0x433b0b38,99,4.184,15.658334,3.6220834,5.5,-75,,5,5
2026-01-24 09:13:40.559720,0x433e9c88,98,4.175,12.783334,1.1605,,,,,3
2026-01-24 09:14:40.690631,0x433e9c88,101,4.216,10.085,1.1791945,,,,3,3
2026-01-24 09:15:40.862619,0x433e9c88,101,4.217,13.410001,1.2289166,,,,,3
2026-01-24 09:16:03.186508,0x433aad0c,101,4.225,14.056666,3.5228333,6.0,-70,,3,3
2026-01-24 09:16:35.690375,0x433ad35c,101,4.205,14.33,2.960611,6.5,-57,,3,3
2026-01-24 09:16:40.868634,0x433e9c88,101,4.229,10.535,1.2453333,,,,,3
2026-01-24 09:17:14.054352,0x433af380,99,4.179,14.675,2.7947779,5.5,-34,,3,3
2026-01-24 09:17:40.896992,0x433e9c88,99,4.189,11.66,1.2118056,,,,,3
2026-01-24 09:18:40.895240,0x433e9c88,101,4.208,7.608333,1.2136111,,,,,3
2026-01-24 09:18:51.913239,0x433b0b38,101,4.206,13.933333,3.5135002,5.75,-75,,5,5
2026-01-24 09:19:41.067998,0x433e9c88,98,4.168,6.965,1.1636667,,,,,3
2026-01-24 09:20:41.547969,0x433e9c88,99,4.187,4.3650002,1.1342221,,,,,3
2026-01-24 09:21:41.368171,0x433e9c88,101,4.217,8.143333,1.1214445,,,,,3
2026-01-24 09:22:03.537149,0x433aad0c,88,4.043,13.113334,3.5970833,5.25,-70,,3,3
2026-01-24 09:22:35.418665,0x433ad35c,100,4.193,12.84,3.0561945,6.5,-57,,3,3
2026-01-24 09:22:41.416455,0x433e9c88,101,4.204,7.8416667,1.1524723,,,,,3
2026-01-24 09:23:41.625576,0x433e9c88,99,4.177,7.773333,1.1207778,,,,,3
2026-01-24 09:24:41.733547,0x433e9c88,101,4.213,7.2383337,1.1061666,,,,,3
2026-01-24 09:24:52.440593,0x433b0b38,98,4.167,13.14,3.552611,5.75,-75,,5,5
2026-01-24 09:25:42.097051,0x433e9c88,101,4.21,14.589999,1.1066111,,,,,3
2026-01-24 09:26:42.271478,0x433e9c88,101,4.243,12.236667,1.1106944,,,,,3
2026-01-24 09:27:14.087490,0x433af380,99,4.182,14.943333,2.7769723,7.25,-34,,3,3
2026-01-24 09:27:42.120216,0x433e9c88,99,4.182,12.483333,1.1421944,,,,,3
2026-01-24 09:28:03.720735,0x433aad0c,99,4.179,13.005,3.6224723,5.75,-69,,3,3
2026-01-24 09:28:36.211418,0x433ad35c,96,4.137,11.963333,3.1798058,7.0,-56,,3,3
2026-01-24 09:28:42.450095,0x433e9c88,100,4.193,11.8116665,1.1378889,,,,,3
2026-01-24 09:29:42.383638,0x433e9c88,100,4.194,11.443334,1.1419722,,,,,3
2026-01-24 09:30:10.663633,0xbd50376c,101,4.213,14.4800005,1.1418333,6.0,-74,,3,3
2026-01-24 09:30:42.905322,0x433e9c88,101,4.207,12.141666,1.1734722,,,,,3
2026-01-24 09:30:52.807284,0x433b0b38,100,4.196,14.263333,3.5900836,5.75,-75,,5,5
2026-01-24 09:31:42.783583,0x433e9c88,99,4.181,7.7200003,1.1716666,,,,,3
2026-01-24 09:32:43.235886,0x433e9c88,101,4.222,7.1166663,1.1903611,,,,,3
2026-01-24 09:33:42.924382,0x433e9c88,101,4.224,6.24,1.1716666,,,,,3
2026-01-24 09:34:03.916468,0x433aad0c,101,4.244,12.566667,3.6121945,6.0,-69,,3,3
2026-01-24 09:34:36.435632,0x433ad35c,100,4.198,14.536667,3.2754443,7.0,-57,,3,3
2026-01-24 09:34:42.969676,0x433e9c88,98,4.169,9.661666,1.1862779,,,,,3
2026-01-24 09:35:43.148060,0x433e9c88,100,4.19,6.815,1.1815001,,,,,3
2026-01-24 09:36:43.211087,0x433e9c88,98,4.164,4.241667,1.1691666,,,,,3
2026-01-24 09:36:54.376746,0x433b0b38,97,4.157,10.238333,3.593111,5.75,-75,,5,5
2026-01-24 09:37:14.521746,0x433af380,100,4.191,12.403334,2.7046945,6.0,-33,,3,3
2026-01-24 09:37:43.060204,0x433e9c88,99,4.185,5.9950004,1.2024722,,,,,3
2026-01-24 09:38:43.204442,0x433e9c88,99,4.176,12.236667,1.2024722,,,,,3
2026-01-24 09:39:43.260240,0x433e9c88,98,4.171,13.933333,1.1666666,,,,,3
2026-01-24 09:40:04.140207,0x433aad0c,99,4.186,12.236667,3.6444166,5.5,-69,,3,3
2026-01-24 09:40:36.647083,0x433ad35c,101,4.209,11.963333,3.3345277,6.25,-57,,3,3
2026-01-24 09:40:43.221283,0x433e9c88,98,4.172,13.933333,1.1495556,,,,,3
2026-01-24 09:41:43.244476,0x433e9c88,101,4.208,12.236667,1.16825,,,,,3
2026-01-24 09:42:43.355026,0x433e9c88,101,4.212,12.236667,1.1869445,,,,,3
2026-01-24 09:42:53.243650,0x433b0b38,98,4.175,10.8133335,3.491889,5.75,-75,,5,5
2026-01-24 09:43:43.531194,0x433e9c88,101,4.225,11.511666,1.1493334,,,,,3
2026-01-24 09:44:43.458552,0x433e9c88,98,4.166,11.785,1.1639444,,,,,3
2026-01-24 09:45:43.442289,0x433e9c88,98,4.167,10.855,1.1785556,,,,,3
2026-01-24 09:46:04.415037,0x433aad0c,99,4.187,11.69,3.6511943,6.0,-69,,3,3
2026-01-24 09:46:36.867286,0x433ad35c,100,4.192,11.963333,3.3712778,6.5,-56,,3,3
2026-01-24 09:46:43.667310,0x433e9c88,99,4.187,9.690001,1.1450278,,,,,3
2026-01-24 09:47:14.775196,0x433af380,96,4.141,15.698333,2.7145278,6.0,-34,,3,3
2026-01-24 09:47:43.521147,0x433e9c88,100,4.198,14.235001,1.0953056,,,,,3
2026-01-24 09:48:43.608670,0x433e9c88,101,4.221,7.9400005,1.0989444,,,,,3
2026-01-24 09:48:55.024780,0x433b0b38,97,4.156,9.308333,3.4393888,6.0,-75,,5,5
2026-01-24 09:49:43.800264,0x433e9c88,101,4.204,9.443333,1.08025,,,,,3
2026-01-24 09:50:43.816161,0x433e9c88,99,4.186,7.1166663,1.08025,,,,3,3
2026-01-24 09:51:43.844301,0x433e9c88,94,4.115,9.158334,1.11175,,,,,3
2026-01-24 09:52:04.638457,0x433aad0c,101,4.246,9.993334,3.6466944,6.5,-69,,3,3
2026-01-24 09:52:36.780188,0x433ad35c,98,4.162,11.963333,3.4614167,6.75,-57,,3,3
2026-01-24 09:52:44.058226,0x433e9c88,100,4.198,13.933333,1.11175,,,,,3
2026-01-24 09:53:44.060033,0x433e9c88,101,4.204,13.933333,1.091,,,,,3
2026-01-24 09:54:43.983475,0x433e9c88,101,4.204,13.879999,1.0941944,,,,,3
2026-01-24 09:54:56.032171,0x433b0b38,96,4.147,8.405,3.4580555,5.25,-76,,5,5
2026-01-24 09:55:44.114130,0x433e9c88,101,4.219,13.66,1.0777777,,,,,3
2026-01-24 09:56:44.073183,0x433e9c88,101,4.214,12.183333,1.0444722,,,,,3
2026-01-24 09:57:14.768932,0x433af380,101,4.216,14.943333,2.80125,6.0,-34,,3,3
2026-01-24 09:57:44.121497,0x433e9c88,98,4.175,14.181666,1.0399444,,,,,3
2026-01-24 09:58:06.081619,0x433aad0c,101,4.23,13.086666,3.5929165,4.5,-68,,3,3
2026-01-24 09:58:37.376034,0x433ad35c,101,4.209,12.84,3.5510554,5.75,-57,,3,3
2026-01-24 09:58:44.167715,0x433e9c88,98,4.173,13.933333,1.0873889,,,,,3
2026-01-24 09:59:44.300227,0x433e9c88,100,4.2,14.756666,1.1061112,,,,,3
2026-01-24 10:00:44.417354,0x433e9c88,101,4.208,13.304999,1.1061112,,,,,3
2026-01-24 10:00:58.614479,0x433b0b38,99,4.179,10.43,3.3654444,2.25,-76,,5,5
2026-01-24 10:01:44.402938,0x433e9c88,98,4.171,9.815,1.0976944,,,,,3
2026-01-23 12:01:27.336606,0x433e9c88,97,4.155,12.383333,0.056333333,,,,3,3
2026-01-23 12:02:27.477470,0x433e9c88,94,4.118,10.483334,0.11219444,,,,,3
2026-01-23 12:02:59.063704,0x433aad0c,101,4.218,11.113334,1.5357223,6.5,-66,,3,3
2026-01-23 12:03:27.539706,0x433e9c88,99,4.184,12.4,0.14141667,,,,,3
2026-01-23 12:03:27.915957,0x433ad35c,96,4.138,14.153333,2.3788333,6.5,-48,,3,3
2026-01-23 12:04:27.525147,0x433e9c88,101,4.205,12.003333,0.17472222,,,,,3
2026-01-23 12:05:27.617216,0x433e9c88,101,4.227,12.153334,0.19341667,,,,,3
2026-01-23 12:05:44.392595,0x433b0b38,95,4.131,10.701667,2.8885834,6.25,-65,,5,5
2026-01-23 12:06:27.752903,0x433e9c88,101,4.216,13.246668,0.221,,,,,3
2026-01-23 12:06:35.956741,0x433af380,77,3.963,11.698333,0.043555554,5.75,-37,,3,3
2026-01-23 12:07:27.637706,0x433e9c88,100,4.198,11.196667,0.2693611,,,,,3
2026-01-23 12:08:27.693283,0x433e9c88,97,4.156,13.166666,0.2693611,,,,,3
2026-01-23 12:08:59.414810,0x433aad0c,101,4.236,16.230001,1.586361,6.5,-66,,3,3
2026-01-23 12:09:27.772152,0x433e9c88,98,4.169,15.93,0.2693611,,,,,3
2026-01-23 12:09:28.139982,0x433ad35c,97,4.152,15.93,2.3398612,6.0,-49,,3,3
2026-01-23 12:10:27.812853,0x433e9c88,98,4.168,10.046667,0.33847222,,,,,3
2026-01-23 12:11:27.801576,0x433e9c88,100,4.198,12.29,0.3929722,,,,,3
2026-01-23 12:11:44.534833,0x433b0b38,98,4.167,11.413334,2.8858612,5.75,-76,,5,5
2026-01-23 12:12:28.013435,0x433e9c88,101,4.237,14.233333,0.3929722,,,,,3
2026-01-23 12:13:27.921006,0x433e9c88,101,4.204,9.993334,0.3929722,,,,,3
2026-01-23 12:14:27.929504,0x433e9c88,99,4.178,13.959999,0.42219445,,,,,3
2026-01-23 12:15:00.181625,0x433aad0c,99,4.185,14.835,1.6066389,6.0,-70,,3,3
2026-01-23 12:15:28.356764,0x433e9c88,101,4.203,17.025,0.45958334,,,,,3
2026-01-23 12:15:28.386489,0x433ad35c,98,4.168,14.206667,2.3495,5.75,-58,,3,3
2026-01-23 12:16:28.111308,0x433e9c88,101,4.236,10.991667,0.45958334,,,,,3
2026-01-23 12:16:36.215375,0x433af380,98,4.162,10.403334,0.43730554,6.25,-34,,3,3
2026-01-23 12:17:28.181925,0x433e9c88,100,4.197,15.958333,0.45958334,,,,,3
2026-01-23 12:17:45.372568,0x433b0b38,101,4.214,14.205,2.8139722,5.5,-76,,5,5
2026-01-23 12:18:28.218236,0x433e9c88,98,4.171,15.478333,0.51522225,,,,,3
2026-01-23 12:19:28.249126,0x433e9c88,100,4.197,12.865,0.5505833,,,,,3
2026-01-23 12:20:28.231856,0x433e9c88,99,4.184,12.236667,0.5857222,,,,,3
2026-01-23 12:20:59.742427,0x433aad0c,101,4.214,15.683333,1.6938332,6.0,-70,,3,3
2026-01-23 12:21:28.297418,0x433e9c88,98,4.165,14.178332,0.62061113,,,,,3
2026-01-23 12:21:28.645680,0x433ad35c,98,4.172,16.271667,2.3761945,5.75,-55,,3,3
2026-01-23 12:22:28.484235,0x433e9c88,101,4.213,10.0199995,0.62061113,,,,,3
2026-01-23 12:23:28.367271,0x433e9c88,101,4.213,14.4,0.62061113,,,,,3
2026-01-23 12:23:45.395759,0x433b0b38,98,4.175,13.715,2.8311112,5.5,-76,,5,5
2026-01-23 12:24:28.413888,0x433e9c88,100,4.199,16.725,0.63930553,,,,,3
2026-01-23 12:25:28.518884,0x433e9c88,99,4.186,10.896667,0.6888056,,,,,3
2026-01-23 12:26:28.514508,0x433e9c88,98,4.171,12.236667,0.6888056,,,,,3
2026-01-23 12:26:36.358433,0x433af380,99,4.188,12.673333,0.99569446,5.75,-33,,3,3
2026-01-23 12:27:00.354468,0x433aad0c,101,4.237,17.356667,1.740389,7.25,-68,,3,3
2026-01-23 12:27:28.802669,0x433ad35c,97,4.157,18.78,2.4802501,7.0,-59,,3,3
2026-01-23 12:27:29.079951,0x433e9c88,99,4.179,18.751665,0.7038611,,,,,3
2026-01-23 12:28:28.978703,0x433e9c88,100,4.195,11.141666,0.7346667,,,,,3
2026-01-23 12:29:25.541515,0xbd50376c,99,4.184,9.881666,1.6142778,6.0,-74,,3,3
2026-01-23 12:29:29.095015,0x433e9c88,101,4.229,15.905001,0.76797223,,,,,3
2026-01-23 12:29:45.840149,0x433b0b38,97,4.15,20.935001,2.8888056,5.75,-75,,5,5
2026-01-23 12:30:29.060810,0x433e9c88,101,4.211,22.686666,0.80333334,,,,,3
2026-01-23 12:31:29.124479,0x433e9c88,100,4.198,10.87,0.83847225,,,,,3
2026-01-23 12:32:29.218190,0x433e9c88,99,4.182,12.316667,0.8594444,,,,,3
2026-01-23 12:33:00.262082,0x433aad0c,101,4.245,14.56,1.7851111,5.75,-71,,3,3
2026-01-23 12:33:29.346330,0x433ad35c,100,4.195,15.056666,2.5671666,5.75,-58,,3,3
2026-01-23 12:33:29.623963,0x433e9c88,99,4.178,15.151666,0.87405556,,,,,3
2026-01-23 12:34:29.659755,0x433e9c88,99,4.181,13.441667,0.87405556,,,,,3
2026-01-23 12:35:29.568328,0x433e9c88,101,4.204,13.330001,0.88819444,,,,,3
2026-01-23 12:35:46.168815,0x433b0b38,99,4.185,12.453333,2.9036667,5.75,-76,,5,5
2026-01-23 12:36:29.659804,0x433e9c88,90,4.051,17.476665,0.90280557,,,,,3
2026-01-23 12:36:36.582394,0x433af380,98,4.175,18.011667,1.5843611,7.0,-34,,3,3
2026-01-23 12:37:29.618776,0x433e9c88,101,4.202,13.66,0.90280557,,,,,3
2026-01-23 12:38:29.733263,0x433e9c88,99,4.18,12.263333,0.90280557,,,,,3
2026-01-23 12:39:00.445408,0x433aad0c,101,4.207,16.203333,1.8598888,7.0,-67,,3,3
2026-01-23 12:39:30.180014,0x433e9c88,101,4.219,15.000001,0.9233333,,,,,3
2026-01-23 12:39:30.210415,0x433ad35c,101,4.208,15.903333,2.594361,5.75,-57,,3,3
2026-01-23 12:40:29.904304,0x433e9c88,91,4.069,10.0199995,0.95300007,,,,,3
2026-01-23 12:41:29.818691,0x433e9c88,97,4.161,12.208334,0.95300007,,,,,3
2026-01-23 12:41:46.096804,0x433b0b38,98,4.174,13.356667,2.85575,5.75,-75,,5,5
2026-01-23 12:42:29.957131,0x433e9c88,72,3.916,14.151667,0.9878889,,,,,3
2026-01-23 12:43:30.012381,0x433e9c88,98,4.162,10.0199995,0.9878889,,,,3,3
2026-01-23 12:44:30.224170,0x433e9c88,96,4.139,17.711666,1.0045556,,,,,3
2026-01-23 12:45:00.951384,0x433aad0c,101,4.226,17.08,1.849611,5.75,-70,,3,3
2026-01-23 12:45:30.251345,0x433e9c88,98,4.165,15.903333,1.0045556,,,,,3
2026-01-23 12:45:30.872642,0x433ad35c,98,4.163,15.903333,2.5891666,5.75,-59,,3,3
2026-01-23 12:46:30.176158,0x433e9c88,99,4.181,7.0083337,1.0394444,,,,,3
2026-01-23 12:46:37.246398,0x433af380,99,4.186,11.538334,2.08825,5.75,-33,,3,3
2026-01-23 12:47:30.210934,0x433e9c88,99,4.179,21.224998,1.1078888,,,,,3
2026-01-23 12:47:46.588244,0x433b0b38,99,4.188,18.668333,2.9029167,5.75,-75,,5,5
2026-01-23 12:48:30.324433,0x433e9c88,101,4.206,15.11,1.1596667,,,,,3
2026-01-23 12:49:30.295590,0x433e9c88,101,4.208,11.661667,1.178361,,,,,3
2026-01-23 12:50:30.419668,0x433e9c88,99,4.179,12.453333,1.1929723,,,,,3
2026-01-23 12:51:00.897302,0x433aad0c,100,4.194,15.6,1.8171943,6.0,-69,,3,3
2026-01-23 12:51:30.590773,0x433ad35c,100,4.194,12.4,2.615139,5.75,-58,,3,3
2026-01-23 12:51:30.867535,0x433e9c88,101,4.229,13.371667,1.2281111,,,,,3
2026-01-23 12:52:30.722028,0x433e9c88,99,4.184,9.993334,1.2577778,,,,,3
2026-01-23 12:53:30.769600,0x433e9c88,101,4.203,10.456666,1.2764722,,,,,3
2026-01-23 12:53:46.586101,0x433b0b38,97,4.157,13.166666,2.9033887,6.5,-74,,5,5
2026-01-23 12:54:30.902388,0x433e9c88,101,4.223,15.903333,1.3102223,,,,,3
2026-01-23 12:55:30.858457,0x433e9c88,99,4.182,8.24,1.3435278,,,,,3
2026-01-23 12:56:31.022351,0x433e9c88,99,4.183,14.261666,1.3973612,,,,,3
2026-01-23 12:56:37.355720,0x433af380,101,4.207,14.740001,2.5887501,6.75,-34,,3,3
2026-01-23 12:57:01.361006,0x433aad0c,101,4.221,18.476667,1.8666943,5.5,-72,,3,3
2026-01-23 12:57:31.005320,0x433e9c88,101,4.225,17.025,1.4826666,,,,,3
2026-01-23 12:57:32.452902,0x433ad35c,97,4.158,16.998333,2.602139,6.25,-58,,3,3
2026-01-23 12:58:31.065415,0x433e9c88,101,4.221,10.965,1.5123334,,,,,3
2026-01-23 12:59:31.061942,0x433e9c88,100,4.192,14.26,1.5123334,,,,,3
2026-01-23 12:59:46.829797,0x433b0b38,101,4.207,15.163334,3.094528,5.75,-75,,5,5
2026-01-23 13:00:31.228786,0x433e9c88,101,4.201,12.4,1.5328611,,,,,3
2026-01-24 10:02:44.400150,0x433e9c88,100,4.194,12.156667,1.0497777,,,,,3
2026-01-24 10:03:44.430243,0x433e9c88,101,4.212,10.513333,1.0493333,,,,,3
2026-01-24 10:04:05.179652,0x433aad0c,101,4.21,12.620001,3.627361,5.75,-69,,3,3
2026-01-24 10:04:37.884896,0x433ad35c,100,4.199,14.589999,3.545611,6.5,-57,,3,3
2026-01-24 10:04:44.665408,0x433e9c88,100,4.19,12.29,1.0664444,,,,,3
2026-01-24 10:05:44.516661,0x433e9c88,101,4.22,13.879999,1.04775,,,,,3
2026-01-24 10:06:10.876415,0xbd50376c,101,4.227,16.123333,0.8115278,5.25,-74,,3,3
2026-01-24 10:06:44.670340,0x433e9c88,100,4.197,14.263333,1.0646389,,,,,3
2026-01-24 10:07:00.339766,0x433b0b38,101,4.204,11.496667,3.2302222,5.5,-76,,5,5
2026-01-24 10:07:14.965528,0x433af380,99,4.179,13.335,2.6831388,6.0,-33,,3,3
2026-01-24 10:07:44.607818,0x433e9c88,99,4.178,14.866667,1.0295278,,,,,3
2026-01-24 10:08:44.686157,0x433e9c88,101,4.214,12.183333,1.0477778,,,,,3
2026-01-24 10:09:44.778612,0x433e9c88,101,4.212,13.933333,1.0103889,,,,,3
2026-01-24 10:10:05.418465,0x433aad0c,101,4.213,12.236667,3.6068335,6.0,-69,,3,3
2026-01-24 10:10:37.682069,0x433ad35c,99,4.183,11.963333,3.6010556,5.75,-57,,3,3
2026-01-24 10:10:44.744760,0x433e9c88,101,4.24,14.918333,1.0121944,,,,,3
2026-01-24 10:11:44.984652,0x433e9c88,101,4.243,13.06,1.0268056,,,,,3
2026-01-24 10:12:44.861381,0x433e9c88,99,4.187,12.236667,1.0414166,,,,,3
2026-01-24 10:13:01.669909,0x433b0b38,99,4.186,9.088334,3.2699723,5.5,-75,,5,5
2026-01-24 10:13:44.902355,0x433e9c88,100,4.199,16.233334,1.0108612,,,,,3
2026-01-24 10:14:45.103517,0x433e9c88,99,4.184,14.948334,0.99216664,,,,,3
2026-01-24 10:15:45.159513,0x433e9c88,101,4.22,13.933333,0.94244444,,,,,3
2026-01-24 10:16:06.195187,0x433aad0c,100,4.193,12.566667,3.6093333,6.0,-70,,3,3
2026-01-24 10:16:38.111399,0x433ad35c,98,4.167,11.963333,3.6658611,5.75,-57,,3,3
2026-01-24 10:16:45.192498,0x433e9c88,101,4.21,14.81,0.95705557,,,,,3
2026-01-24 10:17:15.098542,0x433af380,101,4.203,13.675,2.6842778,6.0,-33,,3,3
2026-01-24 10:17:45.253376,0x433e9c88,101,4.232,15.276666,0.97986114,,,,,3
2026-01-24 10:18:45.155105,0x433e9c88,98,4.171,12.263333,0.9611666,,,,,3
2026-01-24 10:19:02.642694,0x433b0b38,99,4.181,5.9266667,3.261139,5.5,-76,,5,5
2026-01-24 10:19:45.216924,0x433e9c88,101,4.205,15.070001,0.9611666,,,,,3
2026-01-24 10:20:45.328625,0x433e9c88,101,4.207,13.086666,0.9794166,,,,,3
2026-01-24 10:21:45.390357,0x433e9c88,99,4.187,13.113334,0.9253611,,,,,3
2026-01-24 10:22:05.916979,0x433aad0c,101,4.208,10.0199995,3.5787501,5.0,-70,,3,3
2026-01-24 10:22:38.733433,0x433ad35c,99,4.187,12.866667,3.5891666,6.75,-56,,3,3
2026-01-24 10:22:45.512225,0x433e9c88,99,4.181,14.836666,0.91075003,,,,,3
2026-01-24 10:23:45.370663,0x433e9c88,101,4.224,13.879999,0.8735834,,,,,3
2026-01-24 10:24:45.540848,0x433e9c88,98,4.162,16.095001,0.87766665,,,,,3
2026-01-24 10:25:01.027102,0x433b0b38,97,4.159,13.986667,3.24125,6.25,-73,,5,5
2026-01-24 10:25:45.462994,0x433e9c88,101,4.228,14.918333,0.86261106,,,,,3
2026-01-24 10:26:45.640378,0x433e9c88,100,4.198,13.06,0.8808611,,,,3,3
2026-01-24 10:27:16.782925,0x433af380,100,4.198,19.215,2.7406943,6.5,-33,,3,3
2026-01-24 10:27:45.667806,0x433e9c88,100,4.198,16.426666,0.84575,,,,,3
2026-01-24 10:28:06.475629,0x433aad0c,99,4.177,14.428334,3.644139,6.5,-68,,3,3
2026-01-24 10:28:38.496095,0x433ad35c,99,4.187,11.990001,3.547972,7.0,-56,,3,3
2026-01-24 10:28:45.776422,0x433e9c88,101,4.214,13.959999,0.8311389,,,,,3
2026-01-24 10:29:45.908082,0x433e9c88,99,4.184,13.879999,0.8311389,,,,,3
2026-01-24 10:30:45.871236,0x433e9c88,100,4.193,14.261666,0.7955556,,,,,3
2026-01-24 10:31:07.583893,0x433b0b38,100,4.193,9.046666,3.3202224,5.5,-73,,5,4
2026-01-24 10:31:45.902775,0x433e9c88,100,4.196,13.716666,0.7955556,,,,,3
2026-01-24 10:32:45.956780,0x433e9c88,99,4.176,14.155001,0.8097222,,,,,3
2026-01-24 10:33:46.092991,0x433e9c88,101,4.217,13.933333,0.8097222,,,,,3
2026-01-24 10:34:07.925528,0x433aad0c,100,4.198,8.581667,3.5623055,5.25,-70,,3,3
2026-01-24 10:34:38.726499,0x433ad35c,101,4.202,14.5633335,3.6076665,6.0,-57,,3,3
2026-01-24 10:34:46.016728,0x433e9c88,99,4.185,17.751667,0.77869445,,,,,3
2026-01-24 10:35:46.066424,0x433e9c88,100,4.197,13.879999,0.7974166,,,,,3
2026-01-24 10:36:46.110295,0x433e9c88,98,4.173,12.236667,0.79333335,,,,,3
2026-01-24 10:37:04.797036,0x433b0b38,101,4.202,4.12,3.3946111,6.0,-76,,5,5
2026-01-24 10:37:16.345372,0x433af380,99,4.178,14.675,2.7107778,5.75,-33,,3,3
2026-01-24 10:37:46.156222,0x433e9c88,101,4.236,16.123333,0.78077775,,,,,3
2026-01-24 10:38:46.308060,0x433e9c88,100,4.2,12.236667,0.7994723,,,,,3
2026-01-24 10:39:46.247602,0x433e9c88,99,4.188,15.931667,0.7994723,,,,,3
2026-01-24 10:40:08.662310,0x433aad0c,100,4.197,14.565,3.562528,5.25,-69,,3,3
2026-01-24 10:40:39.499980,0x433ad35c,97,4.152,11.963333,3.6824446,6.0,-59,,3,3
2026-01-24 10:40:46.311869,0x433e9c88,98,4.166,13.933333,0.78305554,,,,,3
2026-01-24 10:41:46.527369,0x433e9c88,101,4.235,14.331667,0.74975,,,,,3
2026-01-24 10:42:13.366074,0xbd50376c,100,4.19,13.6033325,0.8487778,6.5,-74,,3,3
2026-01-24 10:42:46.463948,0x433e9c88,101,4.205,14.263333,0.7479445,,,,,3
2026-01-24 10:43:02.412204,0x433b0b38,96,4.142,4.025,3.458,0.5,-77,,5,5
2026-01-24 10:43:46.513475,0x433e9c88,101,4.213,13.686667,0.7666389,,,,,3
2026-01-24 10:44:46.543407,0x433e9c88,99,4.188,13.959999,0.7520278,,,,,3
2026-01-24 10:45:46.669132,0x433e9c88,99,4.177,15.6866665,0.7374166,,,,,3
2026-01-24 10:46:11.989057,0x433aad0c,101,4.242,13.959999,3.6800833,4.25,-69,,3,3
2026-01-24 10:46:39.798913,0x433ad35c,99,4.178,14.098332,3.6856666,5.75,-57,,3,3
2026-01-24 10:46:46.615643,0x433e9c88,101,4.201,15.74,0.79349995,,,,,3
2026-01-24 10:47:15.783771,0x433af380,99,4.188,12.403334,2.80425,6.0,-33,,3,3
2026-01-24 10:47:46.644776,0x433e9c88,101,4.21,14.263333,0.82680553,,,,,3
2026-01-24 10:48:46.782865,0x433e9c88,101,4.238,12.236667,0.80855554,,,,,3
2026-01-24 10:49:01.559494,0x433b0b38,99,4.188,11.115,3.4630835,5.5,-75,,5,5
2026-01-24 10:49:46.864950,0x433e9c88,101,4.217,13.686667,0.82316667,,,,,3
2026-01-24 10:50:46.841343,0x433e9c88,98,4.167,12.21,0.8639722,,,,,3
2026-01-24 10:51:46.848960,0x433e9c88,100,4.192,12.263333,0.84936106,,,,,3
2026-01-24 10:52:08.993972,0x433aad0c,100,4.2,6.5133333,3.6891665,6.25,-70,,3,3
2026-01-24 10:52:39.474187,0x433ad35c,97,4.152,13.111668,3.5221112,6.5,-57,,3,3
2026-01-24 10:52:47.003358,0x433e9c88,101,4.206,15.081666,0.8657778,,,,,3
2026-01-24 10:53:46.927008,0x433e9c88,101,4.223,14.07,0.9,,,,,3
2026-01-24 10:54:46.975750,0x433e9c88,101,4.233,15.000001,0.88175005,,,,,3
2026-01-24 10:55:01.762179,0x433b0b38,98,4.169,11.703333,3.4517221,6.0,-76,,5,5
2026-01-24 10:55:47.029973,0x433e9c88,99,4.18,13.74,0.9109444,,,,,3
2026-01-24 10:56:47.241079,0x433e9c88,100,4.19,14.358333,0.9109444,,,,,3
2026-01-24 10:57:16.132925,0x433af380,98,4.172,17.146666,2.8454723,6.0,-33,,3,3
2026-01-24 10:57:47.170784,0x433e9c88,98,4.165,16.465,0.91525,,,,,3
2026-01-24 10:58:08.667886,0x433aad0c,100,4.192,14.098332,3.7037225,5.75,-71,,3,3
2026-01-24 10:58:39.703871,0x433ad35c,100,4.192,12.893334,3.4716945,6.0,-58,,3,3
2026-01-24 10:58:47.231448,0x433e9c88,101,4.211,16.095001,0.89699996,,,,,3
2026-01-24 10:59:47.206258,0x433e9c88,98,4.17,16.121666,0.8349445,,,,,3
2026-01-24 11:00:47.252181,0x433e9c88,98,4.165,13.851666,0.8207778,,,,,3
2026-01-24 11:01:02.051353,0x433b0b38,101,4.202,8.46,3.589972,5.5,-75,,5,5
2026-01-24 11:01:47.304973,0x433e9c88,101,4.216,12.016666,0.8504445,,,,,3
2026-01-24 03:02:18.923991,0x433e9c88,96,4.136,12.823333,1.1796111,,,,,3
2026-01-24 03:03:19.074013,0x433e9c88,95,4.121,14.531666,1.1773334,,,,,3
2026-01-24 03:03:45.766225,0x433aad0c,101,4.21,12.261666,3.4382224,6.25,-71,,3,3
2026-01-24 03:04:13.488528,0x433ad35c,99,4.186,11.085,2.7485554,5.75,-58,,3,3
2026-01-24 03:04:19.133391,0x433e9c88,101,4.203,14.808332,1.1395,,,,,3
2026-01-24 03:05:19.050432,0x433e9c88,99,4.183,11.688333,1.1566111,,,,,3
2026-01-24 03:06:19.211260,0x433e9c88,99,4.18,21.028334,1.1858333,,,,,3
2026-01-24 03:06:33.362003,0x433b0b38,96,4.138,15.611667,3.5368335,5.75,-77,,5,5
2026-01-24 03:07:03.351909,0x433af380,99,4.176,9.496667,2.9745834,7.0,-34,,3,3
2026-01-24 03:07:19.178260,0x433e9c88,101,4.234,15.656667,1.2004445,,,,,3
2026-01-24 03:08:19.228305,0x433e9c88,101,4.228,9.991667,1.1669166,,,,,3
2026-01-24 03:09:19.240610,0x433e9c88,101,4.219,14.531666,1.1858333,,,,,3
2026-01-24 03:09:45.816525,0x433aad0c,101,4.207,12.261666,3.4247499,5.75,-70,,3,3
2026-01-24 03:10:12.580777,0x433ad35c,97,4.149,10.208333,2.8193054,6.0,-59,,3,3
2026-01-24 03:10:19.227527,0x433e9c88,97,4.152,13.931666,1.1858333,,,,,3
2026-01-24 03:11:19.386566,0x433e9c88,96,4.143,15.493334,1.1505,,,,,3
2026-01-24 03:12:19.469690,0x433e9c88,94,4.118,16.228333,1.1883333,,,,,3
2026-01-24 03:12:33.741664,0x433b0b38,99,4.187,11.688333,3.5429444,6.5,-76,,5,5
2026-01-24 03:13:19.370277,0x433e9c88,101,4.206,11.961666,1.20725,,,,,3
2026-01-24 03:14:19.605847,0x433e9c88,99,4.187,9.991667,1.20725,,,,3,3
2026-01-24 03:15:19.623773,0x433e9c88,98,4.164,17.213333,1.2241389,,,,,3
2026-01-24 03:15:46.133530,0x433aad0c,99,4.188,13.958333,3.53475,5.5,-71,,3,3
2026-01-24 03:16:12.821538,0x433ad35c,98,4.171,11.961666,2.7864723,5.75,-58,,3,3
2026-01-24 03:16:19.618647,0x433e9c88,98,4.165,13.931666,1.1910833,,,,,3
2026-01-24 03:17:04.157099,0x433af380,97,4.155,7.0649996,3.0468333,6.0,-34,,3,3
2026-01-24 03:17:19.778937,0x433e9c88,101,4.202,12.838334,1.1910833,,,,,3
2026-01-24 03:18:19.830508,0x433e9c88,99,4.18,13.655,1.1910833,,,,,3
2026-01-24 03:18:34.316392,0x433b0b38,97,4.159,14.273334,3.5623333,5.25,-77,,5,5
2026-01-24 03:19:19.782597,0x433e9c88,100,4.195,11.085,1.21,,,,,3
2026-01-24 03:20:19.988670,0x433e9c88,100,4.199,9.115,1.1764722,,,,,3
2026-01-24 03:21:19.973546,0x433e9c88,97,4.157,17.431665,1.1764722,,,,,3
2026-01-24 03:21:46.365006,0x433aad0c,101,4.235,15.161666,3.4475553,5.5,-70,,3,3
2026-01-24 03:22:13.493868,0x433ad35c,99,4.178,11.961666,2.7684445,5.75,-58,,3,3
2026-01-24 03:22:20.001000,0x433e9c88,99,4.179,15.628333,1.1575556,,,,,3
2026-01-24 03:23:20.039082,0x433e9c88,99,4.184,9.115,1.1222222,,,,,3
2026-01-24 03:24:20.169019,0x433e9c88,99,4.18,15.761666,1.1696944,,,,,3
2026-01-24 03:24:34.218860,0x433b0b38,101,4.204,14.368333,3.5600834,5.25,-77,,5,5
2026-01-24 03:25:20.151085,0x433e9c88,100,4.195,13.658333,1.1886111,,,,,3
2026-01-24 03:26:20.181385,0x433e9c88,96,4.144,9.115,1.2075278,,,,,3
2026-01-24 03:27:07.284870,0x433af380,97,4.158,13.74,3.0191667,5.75,-34,,3,3
2026-01-24 03:27:20.671287,0x433e9c88,98,4.166,17.378334,1.2075278,,,,,3
2026-01-24 03:27:46.562864,0x433aad0c,101,4.245,15.956667,3.455361,5.25,-71,,3,3
2026-01-24 03:28:13.406347,0x433ad35c,96,4.142,11.933333,2.7884998,7.0,-59,,3,3
2026-01-24 03:28:20.633476,0x433e9c88,101,4.206,14.78,1.174,,,,,3
2026-01-24 03:29:20.799556,0x433e9c88,98,4.169,9.991667,1.1680833,,,,,3
2026-01-24 03:30:08.734650,0xbd50376c,101,4.223,9.440001,0.94247216,5.25,-74,,3,3
2026-01-24 03:30:20.759279,0x433e9c88,97,4.155,17.76,1.1685277,,,,,3
2026-01-24 03:30:34.447656,0x433b0b38,98,4.17,14.355,3.564861,5.25,-78,,5,5
2026-01-24 03:31:20.807706,0x433e9c88,97,4.155,12.781666,1.1685277,,,,,3
2026-01-24 03:32:20.740420,0x433e9c88,97,4.158,8.238334,1.1685277,,,,,3
2026-01-24 03:33:20.977377,0x433e9c88,97,4.161,14.79,1.1917499,,,,,3
2026-01-24 03:33:46.810264,0x433aad0c,99,4.185,13.138333,3.490028,6.5,-70,,3,3
2026-01-24 03:34:14.364593,0x433ad35c,97,4.15,12.219999,2.7707224,5.75,-58,,3,3
2026-01-24 03:34:20.952977,0x433e9c88,99,4.189,12.178333,1.2106667,,,,,3
2026-01-24 03:35:21.043468,0x433e9c88,99,4.189,9.934999,1.2088611,,,,,3
2026-01-24 03:36:21.070007,0x433e9c88,101,4.216,12.778333,1.2131667,,,,,3
2026-01-24 03:36:34.713538,0x433b0b38,96,4.146,9.991667,3.4864445,6.25,-77,,5,5
2026-01-24 03:37:03.939921,0x433af380,91,4.065,13.47,3.0380833,6.0,-34,,3,3
2026-01-24 03:37:21.119434,0x433e9c88,93,4.094,12.261666,1.2494166,,,,,3
2026-01-24 03:38:21.121182,0x433e9c88,100,4.196,11.688333,1.2683333,,,,,3
2026-01-24 03:39:21.089560,0x433e9c88,101,4.231,14.858334,1.2514445,,,,,3
2026-01-24 03:39:47.535333,0x433aad0c,99,4.177,13.138333,3.4264722,5.5,-70,,3,3
2026-01-24 03:40:14.765304,0x433ad35c,98,4.165,11.085,2.8274722,6.0,-58,,3,3
2026-01-24 03:40:21.297803,0x433e9c88,101,4.232,13.931666,1.2058055,,,,,3
2026-01-24 03:41:21.327803,0x433e9c88,101,4.208,12.015,1.2204167,,,,,3
2026-01-24 03:42:21.318232,0x433e9c88,101,4.217,13.655,1.2539444,,,,,3
2026-01-24 03:42:34.954468,0x433b0b38,96,4.141,16.038332,3.5532222,6.0,-76,,5,5
2026-01-24 03:43:21.390399,0x433e9c88,99,4.187,12.781666,1.2496388,,,,,3
2026-01-24 03:44:21.502130,0x433e9c88,99,4.183,9.47,1.2685556,,,,,3
2026-01-24 03:45:21.548727,0x433e9c88,98,4.17,14.475,1.2453333,,,,,3
2026-01-24 03:45:47.284981,0x433aad0c,100,4.195,14.835,3.3721945,5.5,-70,,3,3
2026-01-24 03:46:15.910740,0x433ad35c,100,4.19,9.005,2.8858056,6.0,-59,,3,3
2026-01-24 03:46:21.440327,0x433e9c88,96,4.144,12.178333,1.2453333,,,,,3
2026-01-24 03:47:04.007944,0x433af380,98,4.173,15.629999,3.0403333,5.5,-33,,3,3
2026-01-24 03:47:21.458227,0x433e9c88,98,4.169,14.353333,1.2289166,,,,,3
2026-01-24 03:48:21.540426,0x433e9c88,100,4.191,12.806667,1.21,,,,,3
2026-01-24 03:48:35.178621,0x433b0b38,101,4.208,10.0199995,3.6209722,6.0,-76,,5,5
2026-01-24 03:49:21.665343,0x433e9c88,97,4.156,10.236667,1.1928889,,,,,3
2026-01-24 03:50:21.754567,0x433e9c88,101,4.219,9.991667,1.1593611,,,,3,3
2026-01-24 03:51:21.934742,0x433e9c88,100,4.2,17.241667,1.1281111,,,,,3
2026-01-24 03:51:47.519800,0x433aad0c,101,4.208,15.093334,3.3744721,5.75,-70,,3,3
2026-01-24 03:52:17.374133,0x433ad35c,101,4.219,9.263333,2.956528,7.0,-58,,3,3
2026-01-24 03:52:21.904726,0x433e9c88,101,4.215,15.066667,1.1427221,,,,,3
2026-01-24 03:53:21.873369,0x433e9c88,99,4.177,10.8116665,1.1306111,,,,,3
2026-01-24 03:54:21.921904,0x433e9c88,97,4.151,14.531666,1.198111,,,,,3
2026-01-24 03:54:35.419850,0x433b0b38,97,4.161,9.991667,3.6175,6.75,-76,,5,5
2026-01-24 03:55:21.971616,0x433e9c88,99,4.181,13.658333,1.1812222,,,,,3
2026-01-24 03:56:22.134762,0x433e9c88,99,4.182,9.47,1.1666111,,,,,3
2026-01-24 03:57:04.648956,0x433af380,99,4.184,14.671667,3.0993333,7.25,-34,,3,3
2026-01-24 03:57:22.119312,0x433e9c88,99,4.185,14.804999,1.2170278,,,,,3
2026-01-24 03:57:48.337105,0x433aad0c,99,4.187,16.861668,3.2933333,5.75,-70,,3,3
2026-01-24 03:58:18.196287,0x433ad35c,98,4.17,10.701667,2.8315833,6.0,-58,,3,3
2026-01-24 03:58:22.197213,0x433e9c88,100,4.197,14.78,1.2165834,,,,,3
2026-01-24 03:59:22.148926,0x433e9c88,97,4.157,9.115,1.2165834,,,,,3
2026-01-24 04:00:22.236095,0x433e9c88,99,4.189,12.778333,1.2690278,,,,,3
2026-01-24 04:00:35.656248,0x433b0b38,97,4.15,14.273334,3.5378888,5.5,-77,,5,5
2026-01-24 04:01:22.412075,0x433e9c88,101,4.239,11.933333,1.2049723,,,,,3
2026-01-24 16:03:04.278292,0x433e9c88,101,4.225,11.9366665,1.1524723,,,,,3
2026-01-24 16:04:04.385581,0x433e9c88,100,4.196,11.9366665,1.1524723,,,,,3
2026-01-24 16:04:26.773936,0x433aad0c,101,4.214,8.448334,3.4252222,6.0,-76,,3,3
2026-01-24 16:04:54.064683,0x433ad35c,100,4.197,13.333334,2.9830277,5.75,-59,,3,3
2026-01-24 16:05:04.595338,0x433e9c88,97,4.158,16.206667,1.1524723,,,,,3
2026-01-24 16:06:04.532597,0x433e9c88,100,4.198,16.396667,1.1524723,,,,,3
2026-01-24 16:06:20.227044,0xbd50376c,98,4.173,18.64,0.92475003,4.5,-81,,3,3
2026-01-24 16:07:04.530601,0x433e9c88,101,4.214,12.868333,1.1711667,,,,,3
2026-01-24 16:07:18.552324,0x433b0b38,97,4.157,11.746667,3.4891388,6.25,-77,,5,5
2026-01-24 16:07:26.153389,0x433af380,99,4.182,11.993334,3.0278332,6.25,-34,,3,3
2026-01-24 16:08:04.644190,0x433e9c88,101,4.204,13.661666,1.1435834,,,,,3
2026-01-24 16:09:04.586124,0x433e9c88,101,4.237,13.058333,1.1622778,,,,,3
2026-01-24 16:10:04.718459,0x433e9c88,101,4.217,9.993334,1.1581944,,,,,3
2026-01-24 16:10:26.970624,0x433aad0c,99,4.183,5.75,3.395389,5.5,-76,,3,3
2026-01-24 16:10:54.360666,0x433ad35c,97,4.16,15.271667,2.8730278,6.0,-59,,3,3
2026-01-24 16:11:04.672614,0x433e9c88,98,4.171,16.12,1.1723334,,,,,3
2026-01-24 16:12:04.825984,0x433e9c88,100,4.192,11.005,1.1513611,,,,,3
2026-01-24 16:13:04.947609,0x433e9c88,101,4.203,8.571667,1.1326667,,,,,3
2026-01-24 16:13:18.294068,0x433b0b38,101,4.211,9.693334,3.508472,6.0,-79,,5,5
2026-01-24 16:14:04.841943,0x433e9c88,101,4.227,11.663333,1.1447778,,,,,3
2026-01-24 16:15:05.052218,0x433e9c88,100,4.192,17.495,1.1297222,,,,,3
2026-01-24 16:16:05.024599,0x433e9c88,101,4.227,16.285,1.0754445,,,,,3
2026-01-24 16:16:27.211620,0x433aad0c,101,4.224,9.36,3.3919446,5.5,-75,,3,3
2026-01-24 16:16:54.600614,0x433ad35c,99,4.183,13.576667,2.8969722,7.25,-59,,3,3
2026-01-24 16:17:05.146292,0x433e9c88,100,4.19,14.425,1.07725,,,,,3
2026-01-24 16:17:26.530557,0x433af380,99,4.189,13.719999,3.0369444,6.25,-34,,3,3
2026-01-24 16:18:05.117006,0x433e9c88,101,4.225,13.99,1.0439445,,,,,3
2026-01-24 16:19:05.118352,0x433e9c88,100,4.194,11.005,1.0439445,,,,,3
2026-01-24 16:19:18.565550,0x433b0b38,98,4.168,9.883333,3.469222,5.5,-79,,5,5
2026-01-24 16:20:05.116165,0x433e9c88,101,4.202,11.363334,1.0781666,,,,,3
2026-01-24 16:21:05.162958,0x433e9c88,99,4.183,13.633333,1.0879999,,,,,3
2026-01-24 16:22:05.269095,0x433e9c88,98,4.175,9.8,1.0839167,,,,,3
2026-01-24 16:22:27.786296,0x433aad0c,101,4.234,9.8,3.4681387,5.5,-75,,3,3
2026-01-24 16:22:54.834462,0x433ad35c,99,4.184,11.77,2.8563056,5.5,-59,,3,3
2026-01-24 16:23:05.403356,0x433e9c88,99,4.183,12.618333,1.0629444,,,,,3
2026-01-24 16:24:05.300658,0x433e9c88,97,4.15,10.815,1.08075,,,,,3
2026-01-24 16:25:05.489213,0x433e9c88,101,4.224,10.268333,1.08075,,,,,3
2026-01-24 16:25:18.546047,0x433b0b38,97,4.159,11.389999,3.4397776,5.5,-78,,5,5
2026-01-24 16:26:05.444904,0x433e9c88,101,4.235,14.5216675,1.0666112,,,,,3
2026-01-24 16:27:05.569866,0x433e9c88,99,4.18,9.393333,1.0974166,,,,3,3
2026-01-24 16:27:26.428395,0x433af380,101,4.223,19.531668,2.9892223,7.25,-34,,3,3
2026-01-24 16:28:05.708492,0x433e9c88,101,4.209,10.545,1.1311945,,,,,3
2026-01-24 16:28:28.033776,0x433aad0c,101,4.227,9.693334,3.3981667,6.5,-74,,3,3
2026-01-24 16:28:55.035332,0x433ad35c,101,4.203,11.77,2.8593333,6.0,-58,,3,3
2026-01-24 16:29:05.839505,0x433e9c88,99,4.183,13.74,1.1118333,,,,,3
2026-01-24 16:30:05.824589,0x433e9c88,101,4.213,12.043333,1.0791944,,,,,3
2026-01-24 16:31:05.793251,0x433e9c88,101,4.213,14.059999,1.11,,,,,3
2026-01-24 16:31:18.784981,0x433b0b38,99,4.189,11.816667,3.3711667,6.0,-78,,5,5
2026-01-24 16:32:05.781681,0x433e9c88,99,4.178,11.963333,1.0910833,,,,,3
2026-01-24 16:33:05.828078,0x433e9c88,101,4.203,13.165,1.0755556,,,,,3
2026-01-24 16:34:05.908650,0x433e9c88,101,4.234,11.9366665,1.0541389,,,,,3
2026-01-24 16:34:28.308257,0x433aad0c,101,4.225,10.42,3.3164446,7.0,-71,,3,3
2026-01-24 16:34:55.282243,0x433ad35c,99,4.188,13.06,2.8792777,7.5,-59,,3,3
2026-01-24 16:35:06.061199,0x433e9c88,100,4.198,16.015001,1.0728333,,,,,3
2026-01-24 16:36:06.045093,0x433e9c88,98,4.171,16.248333,1.0773889,,,,,3
2026-01-24 16:37:06.152061,0x433e9c88,98,4.164,8.571667,1.0539167,,,,,3
2026-01-24 16:37:19.073744,0x433b0b38,101,4.202,9.693334,3.423222,5.25,-79,,5,5
2026-01-24 16:37:26.636548,0x433af380,98,4.17,11.993334,3.0546944,7.25,-34,,3,3
2026-01-24 16:38:06.118291,0x433e9c88,101,4.214,11.118333,1.0655556,,,,,3
2026-01-24 16:39:06.131936,0x433e9c88,97,4.152,10.728333,1.0785556,,,,,3
2026-01-24 16:40:06.301665,0x433e9c88,96,4.143,8.271667,1.0664444,,,,,3
2026-01-24 16:40:28.556618,0x433aad0c,101,4.241,9.393333,3.3757777,6.0,-70,,3,3
2026-01-24 16:40:55.523584,0x433ad35c,98,4.172,13.908334,2.8313887,5.75,-58,,3,3
2026-01-24 16:41:06.362953,0x433e9c88,101,4.209,15.906666,1.097,,,,,3
2026-01-24 16:42:06.337156,0x433e9c88,101,4.219,13.485,1.0686945,,,,,3
2026-01-24 16:42:20.567351,0xbd50376c,101,4.214,14.633333,1.1761944,6.75,-73,,3,3
2026-01-24 16:43:06.335872,0x433e9c88,98,4.175,15.838334,1.0668888,,,,,3
2026-01-24 16:43:19.270467,0x433b0b38,100,4.195,13.568333,3.424389,5.5,-79,,5,5
2026-01-24 16:44:06.361696,0x433e9c88,98,4.165,11.363334,1.0678055,,,,,3
2026-01-24 16:45:06.405544,0x433e9c88,101,4.215,13.333334,1.0612222,,,,,3
2026-01-24 16:46:06.530811,0x433e9c88,101,4.244,14.798333,1.0612222,,,,,3
2026-01-24 16:46:28.748936,0x433aad0c,101,4.235,13.663334,3.3064167,5.25,-70,,3,3
2026-01-24 16:46:55.842391,0x433ad35c,96,4.135,11.663333,2.9063056,5.5,-59,,3,3
2026-01-24 16:47:06.649671,0x433e9c88,99,4.18,13.633333,1.0879445,,,,,3
2026-01-24 16:47:27.358414,0x433af380,97,4.151,13.993333,2.9983056,7.0,-34,,3,3
2026-01-24 16:48:06.545393,0x433e9c88,97,4.16,12.841667,1.0740278,,,,,3
2026-01-24 16:49:06.783565,0x433e9c88,99,4.185,8.271667,1.1050556,,,,,3
2026-01-24 16:49:19.529919,0x433b0b38,97,4.161,10.146667,3.3384721,5.5,-78,,5,5
2026-01-24 16:50:06.858513,0x433e9c88,100,4.193,9.309999,1.1050556,,,,,3
2026-01-24 16:51:06.807723,0x433e9c88,97,4.161,12.608333,1.1196667,,,,,3
2026-01-24 16:52:06.830232,0x433e9c88,101,4.225,7.1500006,1.1148889,,,,,3
2026-01-24 16:52:29.005294,0x433aad0c,101,4.243,11.281667,3.1634166,5.5,-71,,3,3
2026-01-24 16:52:56.005905,0x433ad35c,99,4.179,12.525,2.9639723,5.75,-58,,3,3
2026-01-24 16:53:06.800989,0x433e9c88,97,4.154,12.224999,1.1216944,,,,,3
2026-01-24 16:54:06.849058,0x433e9c88,97,4.149,10.855,1.1029999,,,,,3
2026-01-24 16:55:07.072455,0x433e9c88,98,4.167,13.686667,1.1219167,,,,,3
2026-01-24 16:55:20.419110,0x433b0b38,100,4.197,11.416667,3.3911388,5.25,-77,,5,5
2026-01-24 16:56:07.022773,0x433e9c88,97,4.156,15.083334,1.1196389,,,,,3
2026-01-24 16:57:06.985023,0x433e9c88,99,4.176,11.990001,1.1385555,,,,,3
2026-01-24 16:57:27.123488,0x433af380,98,4.173,14.533334,3.0149167,6.25,-34,,3,3
2026-01-24 16:58:07.121470,0x433e9c88,98,4.164,12.688333,1.1198611,,,,,3
2026-01-24 16:58:29.346204,0x433aad0c,100,4.199,10.54,3.1444166,5.75,-70,,3,3
2026-01-24 16:58:56.251648,0x433ad35c,98,4.171,11.389999,2.8265834,6.25,-58,,3,3
2026-01-24 16:59:07.078740,0x433e9c88,99,4.184,13.36,1.1387777,,,,,3
2026-01-24 17:00:07.157740,0x433e9c88,99,4.189,12.931667,1.1013889,,,,,3
2026-01-24 17:01:07.311951,0x433e9c88,97,4.152,10.898333,1.1203055,,,,,3
2026-01-24 17:01:20.126964,0x433b0b38,98,4.171,12.033334,3.3331666,5.75,-77,,5,5
2026-01-24 17:02:07.371466,0x433e9c88,99,4.181,9.146667,1.1211945,,,,,3
2026-01-24 20:02:20.383749,0x433e9c88,100,4.2,14.589999,0.98169446,,,,,3
2026-01-24 20:03:20.549149,0x433e9c88,99,4.185,13.425,0.9963055,,,,3,3
2026-01-24 20:04:20.583680,0x433e9c88,98,4.174,10.0199995,0.9942777,,,,,3
2026-01-24 20:04:38.577088,0x433aad0c,101,4.207,8.266666,3.4874167,5.5,-70,,3,3
2026-01-24 20:05:05.726407,0x433ad35c,100,4.193,11.990001,2.8744445,5.5,-56,,3,3
2026-01-24 20:05:20.615680,0x433e9c88,97,4.15,13.959999,0.9942777,,,,,3
2026-01-24 20:06:20.705313,0x433e9c88,101,4.226,19.088333,1.0278056,,,,,3
2026-01-24 20:07:20.889044,0x433e9c88,98,4.167,10.581667,1.0278056,,,,,3
2026-01-24 20:07:29.609770,0x433b0b38,96,4.147,11.716667,3.5695558,5.5,-78,,5,5
2026-01-24 20:07:36.888817,0x433af380,101,4.239,4.133333,3.289028,6.5,-34,,3,3
2026-01-24 20:08:20.898128,0x433e9c88,99,4.186,14.014999,1.0674722,,,,,3
2026-01-24 20:09:20.854645,0x433e9c88,96,4.139,13.425,1.0674722,,,,,3
2026-01-24 20:10:20.906767,0x433e9c88,97,4.152,8.885,1.0674722,,,,,3
2026-01-24 20:10:38.366719,0x433aad0c,101,4.206,12.115,3.4289722,5.75,-71,,3,3
2026-01-24 20:11:06.537270,0x433ad35c,96,4.139,13.208333,2.8831944,5.75,-56,,3,3
2026-01-24 20:11:20.980248,0x433e9c88,99,4.184,15.178333,1.0674722,,,,,3
2026-01-24 20:12:20.978178,0x433e9c88,98,4.171,16.256666,1.086389,,,,,3
2026-01-24 20:13:20.978527,0x433e9c88,97,4.152,10.0199995,1.0991666,,,,,3
2026-01-24 20:13:29.810733,0x433b0b38,95,4.126,10.896667,3.5897777,5.0,-78,,5,5
2026-01-24 20:14:21.214839,0x433e9c88,97,4.157,11.990001,1.1137778,,,,,3
2026-01-24 20:15:21.222572,0x433e9c88,101,4.226,13.425,1.1105833,,,,,3
2026-01-24 20:16:21.302151,0x433e9c88,99,4.183,15.138334,1.1058056,,,,,3
2026-01-24 20:16:38.425067,0x433aad0c,100,4.191,9.963333,3.3342779,5.75,-71,,3,3
2026-01-24 20:17:06.256510,0x433ad35c,98,4.163,13.686667,2.8563333,5.75,-56,,3,3
2026-01-24 20:17:21.253531,0x433e9c88,98,4.168,18.653334,1.1058056,,,,,3
2026-01-24 20:17:32.631928,0x433af380,96,4.147,18.061666,3.274639,5.75,-34,,3,3
2026-01-24 20:18:21.314637,0x433e9c88,98,4.168,15.423334,1.0893888,,,,,3
2026-01-24 20:18:26.887230,0xbd50376c,101,4.214,16.558332,0.93750006,5.5,-75,,3,3
2026-01-24 20:19:21.333763,0x433e9c88,101,4.206,12.018333,1.0704722,,,,,3
2026-01-24 20:19:30.055750,0x433b0b38,96,4.137,6.6533337,3.6021109,5.5,-77,,5,5
2026-01-24 20:20:21.451203,0x433e9c88,101,4.201,11.990001,1.0554167,,,,,3
2026-01-24 20:21:21.599570,0x433e9c88,98,4.165,14.56,1.0597223,,,,,3
2026-01-24 20:22:21.579345,0x433e9c88,97,4.161,10.581667,1.0554167,,,,,3
2026-01-24 20:22:40.847845,0x433aad0c,101,4.202,6.5133333,3.3520558,6.0,-71,,3,3
2026-01-24 20:23:06.516962,0x433ad35c,99,4.184,11.990001,2.8682222,5.5,-56,,3,3
2026-01-24 20:23:21.648231,0x433e9c88,101,4.219,13.959999,1.0554167,,,,,3
2026-01-24 20:24:21.648373,0x433e9c88,99,4.189,15.695,1.0914444,,,,,3
2026-01-24 20:25:21.743516,0x433e9c88,99,4.179,10.923333,1.0914444,,,,,3
2026-01-24 20:25:30.310210,0x433b0b38,100,4.196,10.923333,3.5404444,5.25,-77,,5,5
2026-01-24 20:26:21.654608,0x433e9c88,98,4.175,17.45,1.0419723,,,,,3
2026-01-24 20:27:21.692829,0x433e9c88,101,4.206,17.391666,1.0230556,,,,,3
2026-01-24 20:27:32.916099,0x433af380,96,4.147,13.398333,3.260222,6.0,-33,,3,3
2026-01-24 20:28:21.738568,0x433e9c88,101,4.224,10.911667,0.9829445,,,,,3
2026-01-24 20:28:43.931407,0x433aad0c,101,4.23,4.3916664,3.2936945,5.75,-77,,3,2
2026-01-24 20:29:07.208612,0x433ad35c,98,4.175,12.866667,2.9760556,5.25,-56,,3,3
2026-01-24 20:29:21.967790,0x433e9c88,97,4.154,13.701667,0.96222216,,,,,3
2026-01-24 20:30:21.989566,0x433e9c88,97,4.151,14.56,0.9311944,,,,,3
2026-01-24 20:31:22.052546,0x433e9c88,101,4.223,10.0199995,0.9311944,,,,,3
2026-01-24 20:31:30.555197,0x433b0b38,98,4.164,10.0199995,3.6414444,5.25,-79,,5,5
2026-01-24 20:32:22.080505,0x433e9c88,98,4.162,13.686667,0.9311944,,,,,3
2026-01-24 20:33:22.098659,0x433e9c88,99,4.18,14.56,0.9311944,,,,,3
2026-01-24 20:34:22.099039,0x433e9c88,101,4.24,8.885,0.94580555,,,,,3
2026-01-24 20:34:46.573125,0x433aad0c,101,4.202,6.995,3.4201112,5.25,-78,,3,2
2026-01-24 20:35:06.947246,0x433ad35c,101,4.21,12.866667,2.959861,5.5,-56,,3,3
2026-01-24 20:35:22.142406,0x433e9c88,53,3.744,13.701667,0.94580555,,,,,3
2026-01-24 20:36:22.270239,0x433e9c88,95,4.127,19.936666,0.944,,,,,3
2026-01-24 20:37:22.374199,0x433e9c88,99,4.186,11.716667,0.9629167,,,,,3
2026-01-24 20:37:30.820364,0x433b0b38,96,4.146,11.716667,3.6376946,5.75,-78,,5,5
2026-01-24 20:37:33.395303,0x433af380,101,4.203,13.13,3.1625555,6.0,-34,,3,3
2026-01-24 20:38:22.361255,0x433e9c88,101,4.21,15.001667,0.9442222,,,,,3
2026-01-24 20:39:22.403824,0x433e9c88,98,4.174,15.436667,0.9106944,,,,3,3
2026-01-24 20:40:22.477336,0x433e9c88,98,4.163,13.181667,0.9549722,,,,,3
2026-01-24 20:40:40.052245,0x433aad0c,98,4.174,5.7766666,3.3886113,5.75,-70,,3,3
2026-01-24 20:41:07.690594,0x433ad35c,99,4.178,14.219999,3.0159166,5.75,-56,,3,3
2026-01-24 20:41:22.476732,0x433e9c88,97,4.157,15.205,0.99030554,,,,,3
2026-01-24 20:42:22.522773,0x433e9c88,101,4.203,16.256666,0.9695556,,,,,3
2026-01-24 20:43:22.742647,0x433e9c88,100,4.2,10.0199995,0.96727777,,,,,3
2026-01-24 20:43:31.128366,0x433b0b38,97,4.16,10.896667,3.647028,5.5,-78,,5,5
2026-01-24 20:44:22.760127,0x433e9c88,101,4.204,11.990001,0.9836945,,,,,3
2026-01-24 20:45:22.660316,0x433e9c88,101,4.225,15.436667,0.9647778,,,,,3
2026-01-24 20:46:22.747422,0x433e9c88,98,4.171,13.413334,0.95494443,,,,,3
2026-01-24 20:46:40.872379,0x433aad0c,101,4.216,7.4733334,3.3149168,5.5,-70,,3,3
2026-01-24 20:47:07.427253,0x433ad35c,98,4.164,14.5633335,3.0125277,6.0,-56,,3,3
2026-01-24 20:47:22.763650,0x433e9c88,99,4.18,17.518333,0.97136116,,,,,3
2026-01-24 20:47:33.375888,0x433af380,100,4.195,18.061666,3.0846388,6.0,-34,,3,3
2026-01-24 20:48:22.799245,0x433e9c88,98,4.168,16.558332,0.95244443,,,,,3
2026-01-24 20:49:22.881043,0x433e9c88,98,4.173,10.0199995,0.95244443,,,,,3
2026-01-24 20:49:31.500322,0x433b0b38,101,4.213,10.0199995,3.7207224,6.0,-78,,5,5
2026-01-24 20:50:23.095091,0x433e9c88,98,4.168,11.990001,0.97136116,,,,,3
2026-01-24 20:51:23.104764,0x433e9c88,100,4.191,14.56,0.9902778,,,,,3
2026-01-24 20:52:23.108852,0x433e9c88,99,4.182,11.716667,0.97136116,,,,,3
2026-01-24 20:52:41.315163,0x433aad0c,101,4.24,6.5966663,3.33475,5.75,-70,,3,3
2026-01-24 20:53:07.725499,0x433ad35c,100,4.192,12.893334,3.0207222,5.5,-56,,3,3
2026-01-24 20:53:23.132734,0x433e9c88,96,4.134,14.863333,0.9859722,,,,,3
2026-01-24 20:54:23.136896,0x433e9c88,101,4.213,15.778333,1.0005834,,,,,3
2026-01-24 20:54:23.572571,0xbd50376c,101,4.207,15.778333,0.84891665,4.75,-75,,3,3
2026-01-24 20:55:23.160404,0x433e9c88,101,4.202,10.0199995,1.0005834,,,,,3
2026-01-24 20:55:31.487863,0x433b0b38,101,4.205,10.0199995,3.69175,5.25,-78,,5,5
2026-01-24 20:56:23.192995,0x433e9c88,101,4.219,15.383333,0.9864445,,,,,3
2026-01-24 20:57:23.238629,0x433e9c88,99,4.189,16.256666,0.9486111,,,,,3
2026-01-24 20:57:33.646686,0x433af380,99,4.187,16.67,3.027889,5.75,-34,,3,3
2026-01-24 20:58:23.284843,0x433e9c88,101,4.211,12.046666,0.95088893,,,,,3
2026-01-24 20:58:41.383914,0x433aad0c,98,4.166,10.0199995,3.1955554,5.5,-69,,3,3
2026-01-24 20:59:08.470743,0x433ad35c,100,4.191,12.974999,3.167611,5.75,-56,,3,3
2026-01-24 20:59:23.510194,0x433e9c88,93,4.103,12.798333,0.9565833,,,,,3
2026-01-24 21:00:23.492930,0x433e9c88,95,4.12,14.586666,0.9627222,,,,,3
2026-01-24 21:01:23.550677,0x433e9c88,99,4.187,14.886667,0.9709166,,,,,3
2026-01-24 21:01:31.725114,0x433b0b38,98,4.167,14.886667,3.7271388,5.75,-78,,5,5
2026-01-23 13:01:31.129262,0x433e9c88,100,4.19,9.116667,1.4765277,,,,,3
2026-01-23 13:02:31.209863,0x433e9c88,100,4.191,10.456666,1.4598889,,,,,3
2026-01-23 13:03:04.960225,0x433aad0c,99,4.182,14.506666,1.8158611,5.5,-75,,3,2
2026-01-23 13:03:31.427274,0x433ad35c,98,4.162,14.248334,2.6254444,6.75,-58,,3,3
2026-01-23 13:03:31.704450,0x433e9c88,101,4.202,14.275,1.4614722,,,,,3
2026-01-23 13:04:31.740305,0x433e9c88,101,4.223,9.91,1.4281666,,,,,3
2026-01-23 13:05:27.151624,0xbd50376c,101,4.212,12.783334,1.9599166,6.0,-73,,3,3
2026-01-23 13:05:31.598040,0x433e9c88,101,4.227,14.18,1.4382223,,,,,3
2026-01-23 13:05:47.068599,0x433b0b38,101,4.219,15.083334,3.0884445,5.5,-75,,5,5
2026-01-23 13:06:31.685801,0x433e9c88,100,4.195,14.275,1.4256945,,,,,3
2026-01-23 13:06:37.158431,0x433af380,97,4.16,15.673333,2.9923332,6.25,-34,,3,3
2026-01-23 13:07:31.739527,0x433e9c88,101,4.212,9.91,1.4165555,,,,,3
2026-01-23 13:08:31.848459,0x433e9c88,101,4.203,11.578333,1.4516944,,,,,3
2026-01-23 13:09:01.799300,0x433aad0c,97,4.152,17.298334,1.889361,6.25,-71,,3,3
2026-01-23 13:09:31.285786,0x433ad35c,99,4.179,15.848332,2.6628056,5.5,-59,,3,3
2026-01-23 13:09:31.813229,0x433e9c88,101,4.241,15.04,1.4663055,,,,,3
2026-01-23 13:10:31.821446,0x433e9c88,99,4.184,10.936667,1.4118056,,,,,3
2026-01-23 13:11:32.024605,0x433e9c88,101,4.225,12.263333,1.3910556,,,,,3
2026-01-23 13:11:47.423658,0x433b0b38,98,4.171,13.14,3.1365833,5.5,-75,,5,5
2026-01-23 13:12:32.019335,0x433e9c88,100,4.195,16.205,1.4261944,,,,,3
2026-01-23 13:13:31.974114,0x433e9c88,100,4.197,10.0199995,1.4408056,,,,,3
2026-01-23 13:14:32.002861,0x433e9c88,99,4.189,13.959999,1.4261944,,,,,3
2026-01-23 13:15:01.862128,0x433aad0c,101,4.205,18.366667,2.0622778,6.75,-71,,3,3
2026-01-23 13:15:31.700860,0x433ad35c,101,4.205,17.135,2.62075,5.5,-58,,3,3
2026-01-23 13:15:32.227340,0x433e9c88,98,4.165,17.258333,1.4038612,,,,,3
2026-01-23 13:16:32.174577,0x433e9c88,99,4.178,11.293333,1.4243889,,,,,3
2026-01-23 13:16:38.094234,0x433af380,97,4.156,12.606667,3.1157498,7.0,-34,,3,3
2026-01-23 13:17:32.518324,0x433e9c88,97,4.151,13.618334,1.439,,,,,3
2026-01-23 13:17:47.555734,0x433b0b38,97,4.157,15.028334,3.1292777,5.75,-75,,5,5
2026-01-23 13:18:32.399203,0x433e9c88,101,4.222,12.4,1.3995556,,,,,3
2026-01-23 13:19:32.622427,0x433e9c88,101,4.236,9.908334,1.3938612,,,,,3
2026-01-23 13:20:32.605802,0x433e9c88,98,4.172,10.456666,1.3879445,,,,,3
2026-01-23 13:21:02.305836,0x433aad0c,100,4.194,15.601666,2.08075,6.5,-70,,3,3
2026-01-23 13:21:32.559866,0x433ad35c,99,4.187,13.876666,2.6534166,6.25,-58,,3,3
2026-01-23 13:21:32.837544,0x433e9c88,97,4.161,13.726666,1.4068888,,,,,3
2026-01-23 13:22:32.811097,0x433e9c88,98,4.167,7.3366666,1.4219444,,,,,3
2026-01-23 13:23:32.888742,0x433e9c88,101,4.224,8.593333,1.4406389,,,,,3
2026-01-23 13:23:47.779927,0x433b0b38,101,4.204,15.465,3.133611,5.5,-75,,5,5
2026-01-23 13:24:33.251224,0x433e9c88,101,4.218,13.191668,1.4741944,,,,,3
2026-01-23 13:25:33.284433,0x433e9c88,98,4.171,7.3083334,1.4675833,,,,3,3
2026-01-23 13:26:33.340641,0x433e9c88,98,4.167,9.551666,1.5139166,,,,,3
2026-01-23 13:26:38.681131,0x433af380,100,4.197,11.673333,3.118,6.75,-34,,3,3
2026-01-23 13:27:04.366200,0x433aad0c,101,4.224,16.423332,2.1203887,6.75,-70,,3,3
2026-01-23 13:27:32.143980,0x433ad35c,99,4.185,17.383333,2.616639,6.25,-59,,3,3
2026-01-23 13:27:33.442390,0x433e9c88,100,4.2,19.203333,1.5301111,,,,,3
2026-01-23 13:28:33.519847,0x433e9c88,100,4.195,11.8133335,1.5134722,,,,,3
2026-01-23 13:29:33.412110,0x433e9c88,95,4.126,10.948333,1.5134722,,,,,3
2026-01-23 13:29:48.019653,0x433b0b38,96,4.135,15.6866665,3.1931667,6.25,-75,,5,5
2026-01-23 13:30:33.634849,0x433e9c88,100,4.197,15.451667,1.55475,,,,,3
2026-01-23 13:31:33.909105,0x433e9c88,99,4.183,7.3633337,1.5193889,,,,,3
2026-01-23 13:32:33.711312,0x433e9c88,101,4.206,11.386666,1.534,,,,,3
2026-01-23 13:33:04.544611,0x433aad0c,100,4.192,13.63,2.0948334,6.25,-70,,3,3
2026-01-23 13:33:32.330398,0x433ad35c,101,4.213,12.425,2.5438612,6.0,-59,,3,3
2026-01-23 13:33:33.618905,0x433e9c88,99,4.178,12.521667,1.5794168,,,,,3
2026-01-23 13:34:33.782306,0x433e9c88,101,4.205,8.156667,1.5835,,,,,3
2026-01-23 13:35:33.739457,0x433e9c88,98,4.162,8.675,1.6026666,,,,,3
2026-01-23 13:35:48.268911,0x433b0b38,100,4.2,13.330001,3.1404443,5.75,-75,,5,5
2026-01-23 13:36:33.823162,0x433e9c88,98,4.172,12.4,1.5880555,,,,,3
2026-01-23 13:36:39.478377,0x433af380,97,4.159,12.809999,3.0442224,6.75,-35,,3,3
2026-01-23 13:37:33.905665,0x433e9c88,101,4.231,11.9366665,1.5880555,,,,,3
2026-01-23 13:38:33.843395,0x433e9c88,97,4.16,13.905001,1.6067499,,,,,3
2026-01-23 13:39:03.510236,0x433aad0c,99,4.179,12.698333,2.20325,6.0,-71,,3,3
2026-01-23 13:39:32.579089,0x433ad35c,98,4.175,15.848332,2.5673056,6.75,-59,,3,3
2026-01-23 13:39:33.889469,0x433e9c88,101,4.217,16.82,1.6254444,,,,,3
2026-01-23 13:40:33.953949,0x433e9c88,97,4.152,9.143333,1.6195278,,,,,3
2026-01-23 13:41:30.955410,0xbd50376c,101,4.251,9.8,1.9499723,5.5,-73,,3,3
2026-01-23 13:41:34.049455,0x433e9c88,101,4.225,12.758334,1.6341388,,,,,3
2026-01-23 13:41:49.036844,0x433b0b38,98,4.168,16.206667,3.1888056,6.75,-75,,5,5
2026-01-23 13:42:34.261958,0x433e9c88,101,4.216,15.628333,1.6571667,,,,,3
2026-01-23 13:43:34.324901,0x433e9c88,101,4.222,9.333333,1.6384723,,,,,3
2026-01-23 13:44:34.289974,0x433e9c88,101,4.217,12.206667,1.6555555,,,,,3
2026-01-23 13:45:03.752085,0x433aad0c,100,4.197,19.021666,2.3125556,5.5,-72,,3,3
2026-01-23 13:45:33.537548,0x433ad35c,97,4.155,14.685,2.5159445,5.75,-59,,3,3
2026-01-23 13:45:34.315194,0x433e9c88,99,4.185,12.521667,1.6706111,,,,,3
2026-01-23 13:46:34.279603,0x433e9c88,99,4.185,8.24,1.6852223,,,,,3
2026-01-23 13:46:40.722106,0x433af380,100,4.199,9.471666,2.9931111,6.0,-34,,3,3
2026-01-23 13:47:34.348567,0x433e9c88,101,4.22,11.428333,1.6313888,,,,,3
2026-01-23 13:47:48.755250,0x433b0b38,99,4.18,13.959999,3.2148335,5.75,-75,,5,5
2026-01-23 13:48:34.524564,0x433e9c88,101,4.222,11.55,1.6019722,,,,,3
2026-01-23 13:49:34.430956,0x433e9c88,101,4.211,11.661667,1.5814444,,,,,3
2026-01-23 13:50:34.626449,0x433e9c88,101,4.218,13.468332,1.5481389,,,,,3
2026-01-23 13:51:04.039393,0x433aad0c,101,4.229,14.506666,2.3440554,5.5,-71,,3,3
2026-01-23 13:51:34.654761,0x433e9c88,99,4.189,14.178332,1.6126944,,,,,3
2026-01-23 13:51:35.469685,0x433ad35c,101,4.202,12.974999,2.5807223,5.5,-58,,3,3
2026-01-23 13:52:34.729516,0x433e9c88,101,4.207,10.965,1.5871111,,,,,3
2026-01-23 13:53:34.656411,0x433e9c88,98,4.171,12.263333,1.6226944,,,,,3
2026-01-23 13:53:48.993548,0x433b0b38,96,4.147,12.263333,3.1628332,5.5,-75,,5,5
2026-01-23 13:54:34.812458,0x433e9c88,101,4.214,14.671667,1.607639,,,,,3
2026-01-23 13:55:34.762968,0x433e9c88,101,4.205,9.665,1.589389,,,,,3
2026-01-23 13:56:34.949323,0x433e9c88,101,4.213,10.155,1.5934722,,,,,3
2026-01-23 13:56:41.566382,0x433af380,99,4.185,11.876667,3.0574722,6.5,-34,,3,3
2026-01-23 13:57:04.228407,0x433aad0c,96,4.14,14.669999,2.3828056,6.25,-70,,3,3
2026-01-23 13:57:35.000549,0x433ad35c,99,4.188,14.891666,2.5298333,6.0,-59,,3,3
2026-01-23 13:57:35.276305,0x433e9c88,99,4.182,16.218332,1.5058889,,,,,3
2026-01-23 13:58:35.347233,0x433e9c88,97,4.151,8.746667,1.4716667,,,,,3
2026-01-23 13:59:35.213106,0x433e9c88,101,4.201,10.948333,1.5049722,,,,,3
2026-01-23 13:59:49.266196,0x433b0b38,99,4.185,13.933333,3.1058056,6.0,-75,,5,5
2026-01-23 14:00:35.214564,0x433e9c88,99,4.18,12.098333,1.5400833,,,,,3
2026-01-23 15:01:38.312657,0x433e9c88,99,4.179,14.176666,1.5741944,,,,,3
2026-01-23 15:02:38.420630,0x433e9c88,98,4.175,12.263333,1.5520556,,,,,3
2026-01-23 15:03:06.912899,0x433aad0c,101,4.213,14.4800005,2.5677779,5.5,-77,,3,3
2026-01-23 15:03:36.654806,0x433ad35c,99,4.188,14.206667,2.852889,6.0,-58,,3,3
2026-01-23 15:03:38.433581,0x433e9c88,100,4.19,15.191667,1.5399445,,,,,3
2026-01-23 15:04:38.478545,0x433e9c88,101,4.214,11.69,1.5399445,,,,,3
2026-01-23 15:05:38.605145,0x433e9c88,101,4.23,12.29,1.5333333,,,,,3
2026-01-23 15:05:58.401357,0x433b0b38,100,4.196,12.508333,3.103778,6.75,-74,,5,5
2026-01-23 15:06:38.570459,0x433e9c88,97,4.157,19.268333,1.5274167,,,,,3
2026-01-23 15:06:42.675032,0x433af380,99,4.182,19.9,3.0102222,6.75,-33,,3,3
2026-01-23 15:07:38.752140,0x433e9c88,96,4.147,9.965,1.51075,,,,,3
2026-01-23 15:08:38.662619,0x433e9c88,100,4.196,15.658334,1.5148333,,,,,3
2026-01-23 15:09:07.258361,0x433aad0c,101,4.218,14.4800005,2.5286112,6.75,-76,,3,3
2026-01-23 15:09:36.352174,0x433ad35c,101,4.202,15.903333,2.7743611,5.75,-59,,3,3
2026-01-23 15:09:38.879922,0x433e9c88,98,4.174,16.888334,1.5148333,,,,,3
2026-01-23 15:10:38.769394,0x433e9c88,98,4.175,11.8550005,1.5333333,,,,,3
2026-01-23 15:11:38.915524,0x433e9c88,100,4.199,12.208334,1.5520277,,,,,3
2026-01-23 15:11:57.027758,0x433b0b38,101,4.206,11.36,3.1482224,7.25,-74,,5,5
2026-01-23 15:12:38.853826,0x433e9c88,101,4.217,14.206667,1.5725555,,,,,3
2026-01-23 15:13:39.022727,0x433e9c88,100,4.194,10.0199995,1.5786943,,,,3,3
2026-01-23 15:14:39.193649,0x433e9c88,98,4.164,14.903334,1.6140556,,,,,3
2026-01-23 15:15:07.407847,0x433aad0c,95,4.123,18.721666,2.4072778,6.25,-71,,3,3
2026-01-23 15:15:36.591717,0x433ad35c,101,4.216,16.751667,2.7198055,6.25,-58,,3,3
2026-01-23 15:15:39.131354,0x433e9c88,99,4.188,16.148333,1.6001389,,,,,3
2026-01-23 15:16:39.141154,0x433e9c88,97,4.15,10.896667,1.5996944,,,,,3
2026-01-23 15:16:42.781023,0x433af380,98,4.165,11.335,3.0090833,6.5,-34,,3,3
2026-01-23 15:17:39.303674,0x433e9c88,99,4.183,14.206667,1.6183889,,,,,3
2026-01-23 15:17:57.959642,0x433b0b38,98,4.172,10.29,3.1833332,6.5,-74,,5,5
2026-01-23 15:18:39.298735,0x433e9c88,100,4.191,15.903333,1.6019444,,,,,3
2026-01-23 15:19:39.308333,0x433e9c88,98,4.175,11.716667,1.5868889,,,,,3
2026-01-23 15:20:39.356061,0x433e9c88,101,4.217,13.99,1.6074167,,,,,3
2026-01-23 15:21:07.728402,0x433aad0c,101,4.21,14.451666,2.2920835,5.5,-73,,3,3
2026-01-23 15:21:36.841369,0x433ad35c,100,4.196,14.178332,2.6146944,5.5,-58,,3,3
2026-01-23 15:21:39.399871,0x433e9c88,100,4.193,16.148333,1.5574722,,,,,3
2026-01-23 15:22:39.608871,0x433e9c88,99,4.186,9.965,1.5702499,,,,,3
2026-01-23 15:23:39.492391,0x433e9c88,101,4.211,15.440001,1.5556389,,,,,3
2026-01-23 15:23:57.349635,0x433b0b38,101,4.201,11.469999,3.2490835,6.5,-75,,5,5
2026-01-23 15:24:39.538830,0x433e9c88,101,4.232,18.776667,1.5556389,,,,,3
2026-01-23 15:25:39.739843,0x433e9c88,99,4.179,11.69,1.5405834,,,,,3
2026-01-23 15:26:39.673992,0x433e9c88,98,4.163,12.208334,1.5405834,,,,,3
2026-01-23 15:26:43.164427,0x433af380,99,4.18,12.605,3.201361,6.75,-33,,3,3
2026-01-23 15:27:07.897318,0x433aad0c,100,4.199,15.328333,2.28325,5.75,-70,,3,3
2026-01-23 15:27:37.080987,0x433ad35c,98,4.172,17.053333,2.55675,5.5,-59,,3,3
2026-01-23 15:27:39.858619,0x433e9c88,99,4.177,18.146667,1.51825,,,,,3
2026-01-23 15:28:39.723888,0x433e9c88,100,4.191,12.538333,1.51825,,,,,3
2026-01-23 15:29:34.846639,0xbd50376c,101,4.219,13.905001,1.9514166,5.5,-73,,3,3
2026-01-23 15:29:39.886707,0x433e9c88,98,4.171,15.658334,1.5141667,,,,,3
2026-01-23 15:29:56.885428,0x433b0b38,99,4.187,19.023333,3.3076665,6.5,-73,,5,5
2026-01-23 15:30:39.891874,0x433e9c88,98,4.172,15.4383335,1.5346944,,,,,3
2026-01-23 15:31:39.883116,0x433e9c88,101,4.202,10.0199995,1.5698334,,,,,3
2026-01-23 15:32:40.103714,0x433e9c88,101,4.213,13.085,1.5214722,,,,,3
2026-01-23 15:33:08.599524,0x433aad0c,101,4.221,15.3566675,2.242,5.5,-70,,3,3
2026-01-23 15:33:37.907800,0x433ad35c,99,4.176,15.11,2.6147223,7.0,-59,,3,3
2026-01-23 15:33:39.979683,0x433e9c88,101,4.208,17.08,1.5086944,,,,,3
2026-01-23 15:34:40.045112,0x433e9c88,101,4.201,13.66,1.4979722,,,,,3
2026-01-23 15:35:40.073739,0x433e9c88,101,4.213,13.466666,1.5166667,,,,,3
2026-01-23 15:35:57.061929,0x433b0b38,99,4.177,15.710001,3.2889724,6.75,-74,,5,5
2026-01-23 15:36:40.253254,0x433e9c88,100,4.193,15.163334,1.4961389,,,,,3
2026-01-23 15:36:43.744469,0x433af380,97,4.161,15.605,3.3046947,5.5,-33,,3,3
2026-01-23 15:37:40.340292,0x433e9c88,100,4.192,10.0199995,1.5148333,,,,,3
2026-01-23 15:38:40.261526,0x433e9c88,101,4.231,13.905001,1.5001944,,,,,3
2026-01-23 15:39:09.874800,0x433aad0c,99,4.189,15.683333,2.2488055,6.5,-70,,3,3
2026-01-23 15:39:37.569000,0x433ad35c,101,4.206,19.158333,2.5701945,6.0,-59,,3,3
2026-01-23 15:39:40.347530,0x433e9c88,98,4.166,17.9,1.5278056,,,,,3
2026-01-23 15:40:40.304487,0x433e9c88,99,4.187,11.086666,1.5131944,,,,,3
2026-01-23 15:41:40.420646,0x433e9c88,99,4.177,12.208334,1.4798889,,,,,3
2026-01-23 15:41:58.095283,0x433b0b38,98,4.169,12.016666,3.2305279,6.0,-75,,5,5
2026-01-23 15:42:40.452829,0x433e9c88,98,4.171,14.205,1.4985833,,,,,3
2026-01-23 15:43:40.442222,0x433e9c88,98,4.175,11.990001,1.5022222,,,,,3
2026-01-23 15:44:40.516326,0x433e9c88,101,4.209,14.78,1.4981389,,,,,3
2026-01-23 15:45:10.711293,0x433aad0c,101,4.218,16.996666,2.1445556,5.25,-70,,3,3
2026-01-23 15:45:37.793555,0x433ad35c,99,4.183,16.806667,2.5038333,5.75,-58,,3,3
2026-01-23 15:45:40.572417,0x433e9c88,101,4.204,17.08,1.4735278,,,,,3
2026-01-23 15:46:40.661043,0x433e9c88,88,4.038,9.993334,1.5127499,,,,,3
2026-01-23 15:46:47.384365,0x433af380,101,4.223,10.403334,3.2835,5.75,-33,,3,3
2026-01-23 15:47:40.781984,0x433e9c88,99,4.187,14.236667,1.49975,,,,,3
2026-01-23 15:47:58.090419,0x433b0b38,98,4.163,13.358334,3.2056668,6.0,-73,,5,5
2026-01-23 15:48:40.717018,0x433e9c88,101,4.215,16.779999,1.4605278,,,,,3
2026-01-23 15:49:40.930136,0x433e9c88,101,4.231,13.496667,1.4751389,,,,3,3
2026-01-23 15:50:41.062854,0x433e9c88,100,4.198,12.236667,1.5064167,,,,,3
2026-01-23 15:51:09.398132,0x433aad0c,101,4.234,15.3566675,2.3525555,6.0,-70,,3,3
2026-01-23 15:51:38.054618,0x433ad35c,101,4.221,15.136666,2.52275,6.0,-58,,3,3
2026-01-23 15:51:41.085616,0x433e9c88,99,4.187,16.203333,1.4947778,,,,,3
2026-01-23 15:52:41.166612,0x433e9c88,99,4.176,10.978333,1.5112222,,,,,3
2026-01-23 15:53:41.231569,0x433e9c88,88,4.042,14.288333,1.5321945,,,,,3
2026-01-23 15:53:57.608336,0x433b0b38,100,4.197,16.531668,3.2223332,7.5,-74,,5,5
2026-01-23 15:54:41.197744,0x433e9c88,98,4.174,16.751667,1.530389,,,,,3
2026-01-23 15:55:41.197505,0x433e9c88,101,4.202,11.745,1.5778333,,,,,3
2026-01-23 15:56:41.204816,0x433e9c88,98,4.164,12.236667,1.548611,,,,,3
2026-01-23 15:56:43.979974,0x433af380,101,4.207,12.673333,3.223639,6.0,-34,,3,3
2026-01-23 15:57:11.083066,0x433aad0c,99,4.18,15.575001,2.3263612,5.5,-70,,3,3
2026-01-23 15:57:39.308726,0x433ad35c,99,4.177,15.301667,2.5134444,6.5,-58,,3,3
2026-01-23 15:57:41.336754,0x433e9c88,99,4.177,18.148333,1.5301389,,,,,3
2026-01-23 15:58:41.290246,0x433e9c88,98,4.175,11.69,1.5150833,,,,,3
2026-01-23 15:59:41.465120,0x433e9c88,101,4.222,14.81,1.4712778,,,,,3
2026-01-23 15:59:58.028907,0x433b0b38,96,4.147,17.053333,3.234889,6.5,-73,,5,5
2026-01-23 16:00:41.449467,0x433e9c88,101,4.201,14.205,1.4210833,,,,,3
2026-01-24 21:02:23.547668,0x433e9c88,101,4.21,14.535,0.95199996,,,,,3
2026-01-24 21:03:23.593463,0x433e9c88,101,4.202,14.56,0.9394167,,,,,3
2026-01-24 21:04:23.596767,0x433e9c88,97,4.155,10.0199995,0.9437222,,,,,3
2026-01-24 21:04:41.010317,0x433aad0c,101,4.217,10.0199995,3.268972,5.5,-69,,3,3
2026-01-24 21:05:08.707744,0x433ad35c,98,4.173,11.990001,3.1053054,5.75,-56,,3,3
2026-01-24 21:05:23.673078,0x433e9c88,99,4.18,13.959999,0.9601389,,,,,3
2026-01-24 21:06:23.725740,0x433e9c88,100,4.198,21.263332,1.0023333,,,,,3
2026-01-24 21:07:23.890900,0x433e9c88,101,4.205,12.593333,0.9834167,,,,,3
2026-01-24 21:07:32.012623,0x433b0b38,96,4.143,12.593333,3.717139,5.75,-78,,5,5
2026-01-24 21:07:37.819689,0x433af380,100,4.199,14.061667,3.0370002,6.5,-34,,3,3
2026-01-24 21:08:23.948707,0x433e9c88,95,4.131,14.016667,0.99983335,,,,,3
2026-01-24 21:09:23.913643,0x433e9c88,101,4.207,14.56,0.99799997,,,,,3
2026-01-24 21:10:23.911716,0x433e9c88,99,4.18,10.0199995,0.99799997,,,,,3
2026-01-24 21:10:41.254599,0x433aad0c,100,4.196,10.0199995,3.2422502,5.25,-70,,3,3
2026-01-24 21:11:08.415750,0x433ad35c,101,4.217,11.990001,3.096111,6.0,-56,,3,3
2026-01-24 21:11:23.921252,0x433e9c88,82,4.003,13.959999,1.0144167,,,,,3
2026-01-24 21:12:23.994850,0x433e9c88,94,4.112,16.256666,1.066389,,,,,3
2026-01-24 21:13:24.173479,0x433e9c88,97,4.157,10.0199995,1.0474722,,,,,3
2026-01-24 21:13:32.201238,0x433b0b38,100,4.194,10.0199995,3.7865832,6.0,-77,,5,5
2026-01-24 21:14:24.240183,0x433e9c88,99,4.179,12.866667,1.030361,,,,,3
2026-01-24 21:15:24.225666,0x433e9c88,97,4.16,14.56,1.0389721,,,,3,3
2026-01-24 21:16:24.345782,0x433e9c88,99,4.187,14.003333,1.07,,,,,3
2026-01-24 21:16:41.530567,0x433aad0c,99,4.181,16.273333,3.1578057,5.75,-70,,3,3
2026-01-24 21:17:08.619456,0x433ad35c,101,4.218,16.683332,3.161611,6.0,-57,,3,3
2026-01-24 21:17:24.298421,0x433e9c88,100,4.196,16.533333,1.0911944,,,,,3
2026-01-24 21:17:33.838472,0x433af380,92,4.088,18.061666,3.0559168,5.75,-34,,3,3
2026-01-24 21:18:24.369603,0x433e9c88,100,4.194,16.586668,1.1226945,,,,,3
2026-01-24 21:19:24.427005,0x433e9c88,101,4.224,10.046667,1.1434444,,,,,3
2026-01-24 21:19:32.482362,0x433b0b38,96,4.135,11.265,3.7714999,6.0,-77,,5,5
2026-01-24 21:20:24.593681,0x433e9c88,98,4.167,11.990001,1.162361,,,,,3
2026-01-24 21:21:24.625612,0x433e9c88,101,4.215,14.56,1.162361,,,,,3
2026-01-24 21:22:24.617784,0x433e9c88,101,4.218,11.716667,1.1288334,,,,,3
2026-01-24 21:22:42.322533,0x433aad0c,101,4.227,11.716667,3.1105833,5.5,-70,,3,3
2026-01-24 21:23:08.889118,0x433ad35c,98,4.168,11.990001,3.1561944,6.25,-55,,3,3
2026-01-24 21:23:24.753317,0x433e9c88,95,4.125,13.959999,1.14525,,,,,3
2026-01-24 21:24:24.680888,0x433e9c88,101,4.206,16.505,1.1495556,,,,,3
2026-01-24 21:25:24.693356,0x433e9c88,98,4.166,10.896667,1.130639,,,,,3
2026-01-24 21:25:32.679806,0x433b0b38,101,4.217,11.155001,3.813139,6.0,-78,,5,5
2026-01-24 21:26:24.739565,0x433e9c88,101,4.203,16.231667,1.1495556,,,,,3
2026-01-24 21:27:24.785198,0x433e9c88,96,4.14,17.133333,1.1495556,,,,,3
2026-01-24 21:27:34.029159,0x433af380,97,4.158,17.601667,3.0124722,5.5,-33,,3,3
2026-01-24 21:28:24.831373,0x433e9c88,97,4.161,11.033333,1.1349444,,,,,3
2026-01-24 21:28:41.986699,0x433aad0c,100,4.199,10.0199995,3.1918056,5.75,-70,,3,3
2026-01-24 21:29:09.660421,0x433ad35c,99,4.183,14.084999,3.0793333,6.0,-56,,3,3
2026-01-24 21:29:25.007077,0x433e9c88,98,4.173,16.055,1.13675,,,,,3
2026-01-24 21:30:25.106081,0x433e9c88,96,4.14,15.778333,1.1745834,,,,,3
2026-01-24 21:30:25.648028,0xbd50376c,101,4.205,15.778333,0.98275,5.25,-75,,3,3
2026-01-24 21:31:25.046471,0x433e9c88,99,4.178,11.881666,1.1745834,,,,,3
2026-01-24 21:31:32.934541,0x433b0b38,98,4.174,10.896667,3.7780557,5.75,-79,,5,5
2026-01-24 21:32:25.070452,0x433e9c88,97,4.152,13.686667,1.1745834,,,,,3
2026-01-24 21:33:25.085958,0x433e9c88,98,4.175,14.56,1.1599722,,,,,3
2026-01-24 21:34:25.142968,0x433e9c88,97,4.148,10.896667,1.1410556,,,,,3
2026-01-24 21:34:42.240670,0x433aad0c,98,4.167,10.896667,3.1450555,5.5,-70,,3,3
2026-01-24 21:35:09.947925,0x433ad35c,99,4.189,11.990001,3.094,5.75,-56,,3,3
2026-01-24 21:35:25.180154,0x433e9c88,98,4.171,13.959999,1.1574721,,,,,3
2026-01-24 21:36:25.261862,0x433e9c88,99,4.176,17.98,1.1415,,,,,3
2026-01-24 21:37:25.272606,0x433e9c88,98,4.169,11.716667,1.1225834,,,,,3
2026-01-24 21:37:33.732574,0x433b0b38,98,4.174,11.716667,3.8639166,5.5,-79,,5,5
2026-01-24 21:37:35.532179,0x433af380,99,4.176,12.13,2.9503613,5.75,-33,,3,3
2026-01-24 21:38:25.486095,0x433e9c88,100,4.197,13.988334,1.0890555,,,,,3
2026-01-24 21:39:25.482033,0x433e9c88,98,4.169,15.778333,1.0933611,,,,,3
2026-01-24 21:40:25.488778,0x433e9c88,100,4.197,9.991667,1.0618612,,,,,3
2026-01-24 21:40:42.460580,0x433aad0c,101,4.225,10.868333,3.2139723,5.75,-70,,3,3
2026-01-24 21:41:10.116132,0x433ad35c,100,4.195,12.866667,3.0949724,6.0,-57,,3,3
2026-01-24 21:41:25.553563,0x433e9c88,100,4.198,13.959999,1.0411389,,,,,3
2026-01-24 21:42:25.578452,0x433e9c88,101,4.212,16.256666,1.0058056,,,,,3
2026-01-24 21:43:25.646635,0x433e9c88,97,4.15,10.0199995,1.0101111,,,,,3
2026-01-24 21:43:33.397119,0x433b0b38,100,4.193,10.0199995,3.900639,5.5,-78,,5,5
2026-01-24 21:44:25.594610,0x433e9c88,101,4.221,12.866667,0.9936945,,,,,3
2026-01-24 21:45:25.641179,0x433e9c88,97,4.149,14.56,0.9936945,,,,,3
2026-01-24 21:46:25.875624,0x433e9c88,97,4.152,13.413334,0.9936945,,,,,3
2026-01-24 21:46:42.859532,0x433aad0c,94,4.119,12.565001,3.1969168,5.5,-71,,3,3
2026-01-24 21:47:09.901086,0x433ad35c,100,4.193,16.94,3.104361,6.0,-56,,3,3
2026-01-24 21:47:25.893621,0x433e9c88,99,4.178,18.91,0.9955,,,,,3
2026-01-24 21:47:34.766292,0x433af380,99,4.179,19.493334,2.9518335,7.0,-34,,3,3
2026-01-24 21:48:25.926940,0x433e9c88,100,4.199,17.693333,0.9790833,,,,,3
2026-01-24 21:49:25.958185,0x433e9c88,98,4.164,10.0199995,0.9790833,,,,,3
2026-01-24 21:49:33.685088,0x433b0b38,99,4.184,10.0199995,3.897889,5.5,-79,,5,5
2026-01-24 21:50:25.948072,0x433e9c88,101,4.212,11.990001,0.9955,,,,,3
2026-01-24 21:51:26.074901,0x433e9c88,98,4.162,14.56,0.97227776,,,,3,3
2026-01-24 21:52:26.256553,0x433e9c88,96,4.137,12.593333,1.0080833,,,,,3
2026-01-24 21:52:43.602240,0x433aad0c,101,4.206,12.593333,3.2008057,5.5,-71,,3,3
2026-01-24 21:53:10.312599,0x433ad35c,98,4.175,11.990001,3.112111,5.5,-55,,3,3
2026-01-24 21:53:26.299362,0x433e9c88,96,4.137,14.836666,0.9934722,,,,,3
2026-01-24 21:54:26.236525,0x433e9c88,98,4.173,14.56,0.9745556,,,,,3
2026-01-24 21:55:26.308301,0x433e9c88,100,4.195,10.896667,0.9745556,,,,,3
2026-01-24 21:55:33.933554,0x433b0b38,97,4.153,10.896667,3.9054167,5.25,-78,,5,5
2026-01-24 21:56:26.285693,0x433e9c88,101,4.22,16.601667,0.9745556,,,,,3
2026-01-24 21:57:26.510768,0x433e9c88,100,4.194,19.403334,0.9934722,,,,,3
2026-01-24 21:57:35.223515,0x433af380,98,4.174,19.871668,2.9529722,5.5,-34,,3,3
2026-01-24 21:58:26.545637,0x433e9c88,97,4.155,13.291667,0.97658336,,,,,3
2026-01-24 21:58:43.368418,0x433aad0c,101,4.205,11.265,3.354111,6.25,-70,,3,3
2026-01-24 21:59:10.402027,0x433ad35c,98,4.172,11.990001,3.0581112,6.5,-56,,3,3
2026-01-24 21:59:26.576371,0x433e9c88,99,4.185,14.945001,0.9398611,,,,,3
2026-01-24 22:00:26.590351,0x433e9c88,100,4.193,14.56,0.9380278,,,,,3
2026-01-24 22:01:26.620340,0x433e9c88,100,4.192,10.0199995,0.9109166,,,,,3
2026-01-24 22:01:34.130862,0x433b0b38,98,4.174,10.0199995,3.8743331,5.5,-78,,5,5
2026-01-23 23:02:05.766103,0x433e9c88,96,4.145,11.716667,0.99975,,,,3,3
2026-01-23 23:03:05.828185,0x433e9c88,99,4.183,15.545,1.02525,,,,,3
2026-01-23 23:03:32.449815,0x433aad0c,101,4.208,12.261666,3.4066944,6.0,-71,,3,3
2026-01-23 23:04:00.728685,0x433ad35c,98,4.167,9.005,2.756389,5.75,-59,,3,3
2026-01-23 23:04:06.050159,0x433e9c88,96,4.145,13.931666,1.0063334,,,,,3
2026-01-23 23:05:06.103918,0x433e9c88,98,4.165,12.565001,0.9693889,,,,,3
2026-01-23 23:06:05.987613,0x433e9c88,101,4.218,14.531666,0.93633336,,,,,3
2026-01-23 23:06:18.670785,0x433b0b38,99,4.179,13.626666,3.5788054,6.0,-77,,5,5
2026-01-23 23:06:55.437047,0x433af380,101,4.222,8.995,3.1732779,5.75,-34,,3,3
2026-01-23 23:07:06.082572,0x433e9c88,99,4.18,16.533333,0.9199167,,,,,3
2026-01-23 23:08:06.138448,0x433e9c88,95,4.121,9.991667,0.901,,,,,3
2026-01-23 23:09:06.133494,0x433e9c88,100,4.198,14.531666,0.9199167,,,,,3
2026-01-23 23:09:32.658181,0x433aad0c,98,4.163,12.261666,3.452528,6.0,-70,,3,3
2026-01-23 23:10:03.771031,0x433ad35c,98,4.164,14.231667,2.7365832,5.75,-59,,3,3
2026-01-23 23:10:06.264422,0x433e9c88,99,4.187,15.628333,0.88208336,,,,,3
2026-01-23 23:11:06.230702,0x433e9c88,99,4.186,9.991667,0.83213884,,,,,3
2026-01-23 23:12:06.363017,0x433e9c88,99,4.178,15.351666,0.83213884,,,,,3
2026-01-23 23:12:19.477719,0x433b0b38,98,4.17,16.228333,3.562861,6.0,-77,,5,5
2026-01-23 23:13:06.450298,0x433e9c88,97,4.157,11.961666,0.8296389,,,,,3
2026-01-23 23:14:06.351313,0x433e9c88,99,4.176,9.991667,0.84855556,,,,,3
2026-01-23 23:15:06.446137,0x433e9c88,98,4.166,16.486668,0.86747223,,,,,3
2026-01-23 23:15:33.063604,0x433aad0c,101,4.21,17.981667,3.354389,6.5,-70,,3,3
2026-01-23 23:16:04.766583,0x433ad35c,98,4.174,11.935,2.8518612,5.75,-59,,3,3
2026-01-23 23:16:06.544632,0x433e9c88,100,4.194,15.684999,0.79338884,,,,,3
2026-01-23 23:16:56.061605,0x433af380,97,4.159,15.196666,3.29325,6.5,-34,,3,3
2026-01-23 23:17:06.477797,0x433e9c88,101,4.213,13.686667,0.79338884,,,,,3
2026-01-23 23:18:03.193533,0xbd50376c,101,4.206,8.563333,1.2025,6.0,-73,,3,3
2026-01-23 23:18:06.542613,0x433e9c88,101,4.211,12.725,0.83122224,,,,,3
2026-01-23 23:18:19.710381,0x433b0b38,98,4.164,16.885,3.6214445,5.5,-76,,5,5
2026-01-23 23:19:06.600567,0x433e9c88,98,4.169,11.961666,0.83122224,,,,,3
2026-01-23 23:20:06.685650,0x433e9c88,97,4.156,10.8116665,0.8501389,,,,,3
2026-01-23 23:21:06.844716,0x433e9c88,98,4.173,14.531666,0.90258336,,,,,3
2026-01-23 23:21:33.232635,0x433aad0c,99,4.183,13.958333,3.3587775,6.0,-71,,3,3
2026-01-23 23:22:05.380557,0x433ad35c,99,4.186,7.6899996,2.8561666,6.0,-71,,3,2
2026-01-23 23:22:06.799626,0x433e9c88,98,4.164,12.563333,0.90258336,,,,,3
2026-01-23 23:23:06.965103,0x433e9c88,99,4.184,9.115,0.90644443,,,,,3
2026-01-23 23:24:06.852545,0x433e9c88,99,4.177,13.655,0.90644443,,,,,3
2026-01-23 23:24:20.522468,0x433b0b38,101,4.209,12.778333,3.6750278,6.25,-76,,5,5
2026-01-23 23:25:07.022810,0x433e9c88,98,4.169,12.781666,0.8936389,,,,,3
2026-01-23 23:26:07.077796,0x433e9c88,101,4.206,9.991667,0.90825,,,,,3
2026-01-23 23:26:56.175850,0x433af380,101,4.207,13.06,3.220972,5.75,-34,,3,3
2026-01-23 23:27:07.039386,0x433e9c88,96,4.137,15.27,0.9102778,,,,,3
2026-01-23 23:27:33.478327,0x433aad0c,100,4.191,14.26,3.3842776,5.75,-71,,3,3
2026-01-23 23:28:02.975019,0x433ad35c,101,4.211,13.096666,2.806639,6.5,-58,,3,3
2026-01-23 23:28:07.053915,0x433e9c88,99,4.182,13.931666,0.9212222,,,,,3
2026-01-23 23:29:07.085604,0x433e9c88,101,4.202,9.115,0.88588893,,,,,3
2026-01-23 23:30:07.310269,0x433e9c88,80,3.993,13.655,0.91941667,,,,,3
2026-01-23 23:30:20.184219,0x433b0b38,97,4.152,15.351666,3.6116111,5.0,-77,,5,5
2026-01-23 23:31:07.338058,0x433e9c88,97,4.148,11.085,0.95475,,,,,3
2026-01-23 23:32:07.389266,0x433e9c88,101,4.205,9.934999,0.93583333,,,,,3
2026-01-23 23:33:07.286338,0x433e9c88,99,4.177,11.901667,0.93152773,,,,,3
2026-01-23 23:33:33.709534,0x433aad0c,101,4.23,13.493334,3.3235557,6.5,-71,,3,3
2026-01-23 23:34:02.645301,0x433ad35c,98,4.174,13.193333,2.7548056,5.75,-58,,3,3
2026-01-23 23:34:07.424982,0x433e9c88,101,4.228,9.195,0.94794446,,,,,3
2026-01-23 23:35:07.369749,0x433e9c88,101,4.202,10.783334,0.94794446,,,,,3
2026-01-23 23:36:07.415636,0x433e9c88,97,4.158,10.698334,0.94363886,,,,,3
2026-01-23 23:36:20.481529,0x433b0b38,99,4.178,14.531666,3.6738887,6.5,-78,,5,5
2026-01-23 23:36:56.017302,0x433af380,101,4.222,16.331667,3.2065835,7.5,-34,,3,3
2026-01-23 23:37:07.461473,0x433e9c88,101,4.23,11.823333,0.9290278,,,,,3
2026-01-23 23:38:07.697287,0x433e9c88,101,4.21,6.1316667,0.9393333,,,,3,3
2026-01-23 23:39:07.713513,0x433e9c88,101,4.201,10.698334,0.98975,,,,,3
2026-01-23 23:39:33.996212,0x433aad0c,101,4.235,12.261666,3.2466664,5.75,-71,,3,3
2026-01-23 23:40:03.592303,0x433ad35c,100,4.198,7.746667,2.837389,6.0,-58,,3,3
2026-01-23 23:40:07.889084,0x433e9c88,101,4.201,9.195,1.0086666,,,,,3
2026-01-23 23:41:07.874465,0x433e9c88,96,4.135,12.591666,0.9888333,,,,,3
2026-01-23 23:42:08.022532,0x433e9c88,101,4.224,16.230001,1.009361,,,,,3
2026-01-23 23:42:20.677440,0x433b0b38,97,4.151,16.228333,3.7395835,5.25,-77,,5,5
2026-01-23 23:43:08.148914,0x433e9c88,96,4.147,11.716667,0.97355556,,,,,3
2026-01-23 23:44:08.384046,0x433e9c88,101,4.204,7.0083337,0.9589445,,,,,3
2026-01-23 23:45:08.762513,0x433e9c88,99,4.182,13.245,0.97786117,,,,,3
2026-01-23 23:45:34.280499,0x433aad0c,101,4.217,14.835,3.260139,6.0,-70,,3,3
2026-01-23 23:46:03.614436,0x433ad35c,96,4.147,7.746667,2.944639,5.75,-58,,3,3
2026-01-23 23:46:08.884625,0x433e9c88,98,4.173,10.948333,0.97786117,,,,,3
2026-01-23 23:46:56.303917,0x433af380,101,4.203,14.993334,3.1444721,6.0,-34,,3,3
2026-01-23 23:47:09.128463,0x433e9c88,98,4.168,9.855,1.009361,,,,,3
2026-01-23 23:48:09.150670,0x433e9c88,96,4.144,8.563333,0.99475,,,,,3
2026-01-23 23:48:20.907274,0x433b0b38,99,4.18,13.655,3.7808332,5.5,-77,,5,5
2026-01-23 23:49:09.069694,0x433e9c88,100,4.192,5.9933333,0.97583336,,,,,3
2026-01-23 23:50:09.105340,0x433e9c88,101,4.205,4.023333,0.97583336,,,,,3
2026-01-23 23:51:09.191222,0x433e9c88,99,4.186,9.698334,1.0136666,,,,,3
2026-01-23 23:51:34.516780,0x433aad0c,101,4.206,15.093334,3.1992223,5.75,-71,,3,3
2026-01-23 23:52:03.926369,0x433ad35c,101,4.205,14.793333,3.0349166,5.75,-58,,3,3
2026-01-23 23:52:09.207646,0x433e9c88,97,4.157,10.795,1.0136666,,,,,3
2026-01-23 23:53:09.243438,0x433e9c88,97,4.155,9.991667,0.99475,,,,,3
2026-01-23 23:54:03.377874,0xbd50376c,99,4.188,14.531666,1.1763333,6.0,-74,,3,3
2026-01-23 23:54:09.419313,0x433e9c88,101,4.219,16.529999,1.009361,,,,,3
2026-01-23 23:54:21.187544,0x433b0b38,100,4.19,16.529999,3.6772223,6.0,-77,,5,5
2026-01-23 23:55:09.335212,0x433e9c88,98,4.163,12.426667,1.0545278,,,,,3
2026-01-23 23:56:09.444101,0x433e9c88,100,4.193,8.788333,1.0561389,,,,,3
2026-01-23 23:56:56.502318,0x433af380,101,4.205,15.535,3.04,5.75,-34,,3,3
2026-01-23 23:57:09.579396,0x433e9c88,98,4.166,18.336668,1.0584166,,,,,3
2026-01-23 23:57:34.872522,0x433aad0c,101,4.208,17.436666,3.2676387,6.5,-71,,3,3
2026-01-23 23:58:03.622264,0x433ad35c,97,4.149,14.096667,3.0994723,5.75,-59,,3,3
2026-01-23 23:58:09.473759,0x433e9c88,99,4.179,12.836666,1.1104167,,,,,3
2026-01-23 23:59:09.561776,0x433e9c88,101,4.202,7.883333,1.1254722,,,,,3
2026-01-24 00:00:09.752680,0x433e9c88,101,4.205,10.316667,1.0778055,,,,,3
2026-01-24 00:00:21.435703,0x433b0b38,97,4.156,16.228333,3.6346388,6.0,-77,,5,5
2026-01-24 00:01:09.805431,0x433e9c88,97,4.152,10.958333,1.1049166,,,,,3
2026-01-25 00:02:34.972497,0x433e9c88,97,4.155,12.866667,0.6450556,,,,,3
2026-01-25 00:03:35.240143,0x433e9c88,98,4.167,16.230001,0.6450556,,,,,3
2026-01-25 00:04:35.509912,0x433e9c88,101,4.201,9.458333,0.6281667,,,,,3
2026-01-25 00:04:48.478057,0x433aad0c,101,4.219,10.0199995,3.9804168,5.75,-70,,3,3
2026-01-25 00:05:19.554444,0x433ad35c,99,4.188,11.990001,3.2019444,5.5,-56,,3,3
2026-01-25 00:05:35.767703,0x433e9c88,95,4.121,10.961667,0.6256667,,,,,3
2026-01-25 00:06:36.167613,0x433e9c88,101,4.214,15.663333,0.60675,,,,,3
2026-01-25 00:07:36.461348,0x433e9c88,101,4.217,8.128333,0.60675,,,,,3
2026-01-25 00:07:40.237084,0x433b0b38,100,4.2,9.373333,3.706611,6.0,-78,,5,5
2026-01-25 00:07:45.462277,0x433af380,97,4.159,10.674999,2.9949167,7.5,-34,,3,3
2026-01-25 00:08:36.678309,0x433e9c88,101,4.213,11.701667,0.59033334,,,,,3
2026-01-25 00:09:36.943980,0x433e9c88,101,4.215,9.795,0.6281667,,,,,3
2026-01-25 00:10:37.210662,0x433e9c88,96,4.143,5.61,0.6633055,,,,,3
2026-01-25 00:10:48.724999,0x433aad0c,100,4.194,9.991667,3.9326944,5.75,-70,,3,3
2026-01-25 00:11:20.288624,0x433ad35c,98,4.174,11.961666,3.0698333,5.5,-55,,3,3
2026-01-25 00:11:37.504091,0x433e9c88,98,4.166,7.0866666,0.6779167,,,,,3
2026-01-25 00:12:37.484631,0x433e9c88,97,4.153,8.821667,0.6779167,,,,,3
2026-01-25 00:13:37.262566,0x433e9c88,98,4.163,3.1466668,0.6779167,,,,,3
2026-01-25 00:13:43.424603,0x433b0b38,96,4.137,7.39,3.7312222,5.5,-78,,5,5
2026-01-25 00:14:37.222551,0x433e9c88,99,4.186,2.27,0.6615,,,,,3
2026-01-25 00:15:37.375807,0x433e9c88,69,3.881,6.5516667,0.71394444,,,,3,3
2026-01-25 00:16:37.586376,0x433e9c88,98,4.167,12.703334,0.76527774,,,,,3
2026-01-25 00:16:48.973876,0x433aad0c,101,4.219,17.176666,3.9148889,5.5,-69,,3,3
2026-01-25 00:17:20.633993,0x433ad35c,101,4.203,16.26,2.9911666,5.75,-56,,3,3
2026-01-25 00:17:37.502003,0x433e9c88,99,4.184,18.23,0.76527774,,,,,3
2026-01-25 00:17:48.561433,0x433af380,101,4.209,13.471666,3.0505555,6.75,-34,,3,3
2026-01-25 00:18:37.510282,0x433e9c88,98,4.162,17.01,0.78419447,,,,,3
2026-01-25 00:19:37.608527,0x433e9c88,97,4.16,7.8716664,0.78419447,,,,,3
2026-01-25 00:19:44.483063,0x433b0b38,99,4.184,4.418333,3.7688055,6.5,-77,,5,5
2026-01-25 00:20:37.613233,0x433e9c88,99,4.178,9.841666,0.73425,,,,,3
2026-01-25 00:21:37.659554,0x433e9c88,97,4.159,12.355,0.74930555,,,,,3
2026-01-25 00:22:37.873488,0x433e9c88,99,4.179,5.7766666,0.7682222,,,,,3
2026-01-25 00:22:49.197945,0x433aad0c,98,4.164,11.688333,3.799222,5.75,-69,,3,3
2026-01-25 00:23:20.772000,0x433ad35c,99,4.177,13.658333,2.9378054,6.0,-56,,3,3
2026-01-25 00:23:37.753367,0x433e9c88,96,4.135,12.673333,0.7700278,,,,,3
2026-01-25 00:24:37.909013,0x433e9c88,98,4.164,8.563333,0.7700278,,,,,3
2026-01-25 00:25:37.982120,0x433e9c88,100,4.2,4.023333,0.75541663,,,,,3
2026-01-25 00:25:44.163503,0x433b0b38,100,4.193,4.418333,3.7443888,5.75,-78,,5,5
2026-01-25 00:26:37.900781,0x433e9c88,98,4.163,5.72,0.7700278,,,,,3
2026-01-25 00:27:38.024268,0x433e9c88,100,4.2,9.208334,0.7850833,,,,,3
2026-01-25 00:27:43.385548,0x433af380,99,4.179,17.193335,3.0482502,6.5,-33,,3,3
2026-01-25 00:28:38.171597,0x433e9c88,96,4.143,14.591667,0.7850833,,,,,3
2026-01-25 00:28:49.503447,0x433aad0c,101,4.205,9.115,3.8419445,5.5,-70,,3,3
2026-01-25 00:29:20.489934,0x433ad35c,98,4.175,12.866667,2.996361,5.5,-56,,3,3
2026-01-25 00:29:38.221582,0x433e9c88,96,4.142,15.971666,0.7686667,,,,,3
2026-01-25 00:30:27.924775,0xbd50376c,98,4.174,18.074999,1.0823889,5.5,-76,,3,3
2026-01-25 00:30:38.247523,0x433e9c88,101,4.232,17.461666,0.7894167,,,,,3
2026-01-25 00:31:38.249518,0x433e9c88,101,4.203,10.0199995,0.7894167,,,,,3
2026-01-25 00:31:47.484745,0x433b0b38,101,4.216,7.0216665,3.793111,5.75,-77,,5,5
2026-01-25 00:32:38.300380,0x433e9c88,98,4.162,12.016666,0.8455,,,,,3
2026-01-25 00:33:38.291070,0x433e9c88,98,4.173,17.133333,0.8265833,,,,,3
2026-01-25 00:34:38.323729,0x433e9c88,99,4.186,10.0199995,0.8265833,,,,,3
2026-01-25 00:34:50.503014,0x433aad0c,101,4.207,9.143333,3.7360833,5.5,-69,,3,3
2026-01-25 00:35:20.707246,0x433ad35c,99,4.183,11.758333,2.9446666,7.5,-55,,3,3
2026-01-25 00:35:38.331017,0x433e9c88,101,4.206,12.741667,0.85805553,,,,,3
2026-01-25 00:36:38.376262,0x433e9c88,100,4.191,15.243334,0.83913887,,,,,3
2026-01-25 00:37:38.422287,0x433e9c88,98,4.168,11.633333,0.85375,,,,,3
2026-01-25 00:37:43.069203,0x433af380,97,4.155,9.858334,3.0214167,5.75,-34,,3,3
2026-01-25 00:37:48.828635,0x433b0b38,98,4.165,10.566667,3.8222778,5.5,-77,,5,5
2026-01-25 00:38:38.628489,0x433e9c88,101,4.207,13.400001,0.86836106,,,,,3
2026-01-25 00:39:38.684098,0x433e9c88,99,4.176,12.411667,0.88297224,,,,,3
2026-01-25 00:40:38.709150,0x433e9c88,96,4.142,5.7766666,0.8660833,,,,,3
2026-01-25 00:40:50.702726,0x433aad0c,101,4.213,8.238334,3.7153053,6.0,-70,,3,3
2026-01-25 00:41:21.463070,0x433ad35c,99,4.184,12.838334,2.962861,6.0,-56,,3,3
2026-01-25 00:41:38.766479,0x433e9c88,97,4.154,14.808332,0.8617777,,,,,3
2026-01-25 00:42:38.751871,0x433e9c88,101,4.213,14.531666,0.8763889,,,,,3
2026-01-25 00:43:38.724095,0x433e9c88,101,4.206,12.593333,0.8763889,,,,,3
2026-01-25 00:43:44.617960,0x433b0b38,98,4.162,6.6249995,3.8970833,5.5,-77,,5,5
2026-01-25 00:44:38.810884,0x433e9c88,96,4.146,12.866667,0.9099167,,,,,3
2026-01-25 00:45:38.789427,0x433e9c88,101,4.21,15.695,0.8948611,,,,,3
2026-01-25 00:46:39.018249,0x433e9c88,101,4.207,11.716667,0.8991667,,,,,3
2026-01-25 00:46:51.999507,0x433aad0c,101,4.228,9.115,3.6871943,4.0,-70,,3,3
2026-01-25 00:47:21.717757,0x433ad35c,97,4.155,15.548333,2.950111,5.5,-55,,3,3
2026-01-25 00:47:38.881965,0x433e9c88,101,4.205,17.518333,0.8845556,,,,,3
2026-01-25 00:47:43.339053,0x433af380,96,4.142,18.061666,3.046,6.0,-33,,3,3
2026-01-25 00:48:39.070172,0x433e9c88,99,4.182,19.103333,0.84672225,,,,,3
2026-01-25 00:49:39.104685,0x433e9c88,101,4.205,10.896667,0.84672225,,,,,3
2026-01-25 00:49:44.842607,0x433b0b38,95,4.125,4.9,3.8790555,6.25,-78,,5,5
2026-01-25 00:50:39.112570,0x433e9c88,99,4.177,11.881666,0.8303056,,,,,3
2026-01-25 00:51:39.224248,0x433e9c88,100,4.194,13.425,0.8303056,,,,3,3
2026-01-25 00:52:39.347984,0x433e9c88,97,4.156,8.775001,0.8661111,,,,,3
2026-01-25 00:52:53.029202,0x433aad0c,101,4.211,6.5133333,3.657889,6.0,-70,,3,3
2026-01-25 00:53:21.476939,0x433ad35c,99,4.181,13.686667,2.8561666,5.5,-55,,3,3
2026-01-25 00:53:39.334114,0x433e9c88,95,4.132,14.411667,0.8496945,,,,,3
2026-01-25 00:54:39.524338,0x433e9c88,98,4.163,15.778333,0.8496945,,,,,3
2026-01-25 00:55:39.389885,0x433e9c88,101,4.216,10.0199995,0.88322216,,,,,3
2026-01-25 00:55:45.081228,0x433b0b38,97,4.153,11.155001,4.021361,5.75,-78,,5,5
2026-01-25 00:56:39.436625,0x433e9c88,95,4.132,13.686667,0.88322216,,,,,3
2026-01-25 00:57:39.611708,0x433e9c88,98,4.174,17.501667,0.9162778,,,,,3
2026-01-25 00:57:43.915409,0x433af380,98,4.171,12.196667,2.97375,7.0,-34,,3,3
2026-01-25 00:58:39.671560,0x433e9c88,100,4.2,13.743334,0.9162778,,,,,3
2026-01-25 00:58:55.573091,0x433aad0c,99,4.179,5.295,3.5358057,5.75,-71,,3,3
2026-01-25 00:59:22.230378,0x433ad35c,101,4.204,12.866667,2.9051945,6.25,-56,,3,3
2026-01-25 00:59:39.574079,0x433e9c88,97,4.154,14.836666,0.93088883,,,,,3
2026-01-25 01:00:39.786545,0x433e9c88,99,4.189,14.531666,0.9076667,,,,,3
2026-01-25 01:01:39.786426,0x433e9c88,99,4.18,9.991667,0.88874996,,,,,3
2026-01-25 01:01:45.368399,0x433b0b38,98,4.169,9.8949995,4.0995555,5.5,-78,,5,5
2026-01-25 07:03:04.054061,0x433e9c88,101,4.205,12.29,0.8583056,,,,,3
2026-01-25 07:04:04.142877,0x433e9c88,100,4.19,15.150001,0.8583056,,,,,3
2026-01-25 07:05:04.222578,0x433e9c88,98,4.165,12.935,0.8393889,,,,,3
2026-01-25 07:05:09.238336,0x433aad0c,101,4.211,12.935,3.6677778,5.75,-70,,3,3
2026-01-25 07:05:40.684663,0x433ad35c,99,4.186,9.72,2.939222,5.75,-57,,3,3
2026-01-25 07:06:04.207559,0x433e9c88,100,4.197,14.26,0.8054167,,,,,3
2026-01-25 07:06:36.858586,0xbd50376c,100,4.2,17.35,1.2175555,5.25,-76,,3,3
2026-01-25 07:07:04.244610,0x433e9c88,99,4.188,14.288333,0.8054167,,,,,3
2026-01-25 07:07:55.424024,0x433af380,101,4.203,11.538334,3.0845833,5.75,-34,,3,3
2026-01-25 07:08:04.453519,0x433e9c88,99,4.183,12.046666,0.78877777,,,,,3
2026-01-25 07:08:06.396812,0x433b0b38,96,4.147,13.181667,3.6945555,5.5,-78,,5,5
2026-01-25 07:09:04.336402,0x433e9c88,101,4.209,16.833334,0.78877777,,,,,3
2026-01-25 07:10:04.532360,0x433e9c88,99,4.186,14.863333,0.80769444,,,,,3
2026-01-25 07:11:04.550349,0x433e9c88,97,4.148,10.896667,0.80769444,,,,,3
2026-01-25 07:11:09.394787,0x433aad0c,100,4.194,10.896667,3.693833,5.75,-70,,3,3
2026-01-25 07:11:40.805450,0x433ad35c,99,4.187,14.111667,2.8346944,5.75,-56,,3,3
2026-01-25 07:12:04.517637,0x433e9c88,100,4.199,18.01,0.8284444,,,,,3
2026-01-25 07:13:04.518839,0x433e9c88,100,4.191,12.29,0.8284444,,,,,3
2026-01-25 07:14:04.575896,0x433e9c88,97,4.159,10.896667,0.8284444,,,,,3
2026-01-25 07:14:06.642610,0x433b0b38,97,4.155,10.896667,3.695111,5.75,-78,,5,5
2026-01-25 07:15:04.708857,0x433e9c88,96,4.14,16.095001,0.83825004,,,,,3
2026-01-25 07:16:04.751243,0x433e9c88,99,4.182,13.425,0.8195278,,,,,3
2026-01-25 07:17:04.704097,0x433e9c88,101,4.201,12.33,0.8195278,,,,,3
2026-01-25 07:17:09.619349,0x433aad0c,98,4.169,13.178333,3.6370556,5.5,-70,,3,3
2026-01-25 07:17:41.046290,0x433ad35c,98,4.163,11.961666,2.8948333,6.0,-56,,3,3
2026-01-25 07:17:55.728491,0x433af380,101,4.201,16.605,3.0191112,6.0,-34,,3,3
2026-01-25 07:18:04.758747,0x433e9c88,98,4.169,17.215,0.8512222,,,,,3
2026-01-25 07:19:04.814991,0x433e9c88,97,4.157,18.571667,0.8564444,,,,,3
2026-01-25 07:20:04.876138,0x433e9c88,101,4.202,11.688333,0.8899722,,,,,3
2026-01-25 07:20:06.881655,0x433b0b38,101,4.207,13.7,3.7240279,5.25,-77,,5,5
2026-01-25 07:21:04.914635,0x433e9c88,99,4.189,14.043333,0.8915833,,,,,3
2026-01-25 07:22:05.154784,0x433e9c88,101,4.209,12.261666,0.8915833,,,,,3
2026-01-25 07:23:05.067322,0x433e9c88,100,4.19,10.0199995,0.8915833,,,,,3
2026-01-25 07:23:09.821019,0x433aad0c,99,4.178,10.0199995,3.6685276,6.25,-71,,3,3
2026-01-25 07:23:41.433540,0x433ad35c,101,4.207,10.146667,2.934611,6.0,-57,,3,3
2026-01-25 07:24:05.198489,0x433e9c88,99,4.188,16.656668,0.8847778,,,,,3
2026-01-25 07:25:05.217012,0x433e9c88,98,4.163,14.413333,0.90369445,,,,,3
2026-01-25 07:26:05.254911,0x433e9c88,96,4.138,10.896667,0.90369445,,,,,3
2026-01-25 07:26:07.127881,0x433b0b38,95,4.127,10.896667,3.6848888,5.5,-78,,5,5
2026-01-25 07:27:05.189271,0x433e9c88,100,4.19,15.848332,0.89069444,,,,,3
2026-01-25 07:27:55.928018,0x433af380,100,4.195,15.741667,3.0581112,5.75,-34,,3,3
2026-01-25 07:28:05.368444,0x433e9c88,101,4.222,17.33,0.91188884,,,,3,3
2026-01-25 07:29:05.526512,0x433e9c88,96,4.139,11.716667,0.89525,,,,,3
2026-01-25 07:29:10.086929,0x433aad0c,101,4.202,11.716667,3.606611,5.75,-70,,3,3
2026-01-25 07:29:41.652454,0x433ad35c,101,4.201,12.51,2.94925,6.0,-56,,3,3
2026-01-25 07:30:05.441861,0x433e9c88,96,4.14,17.518333,0.91166663,,,,,3
2026-01-25 07:31:05.535442,0x433e9c88,100,4.196,14.301666,0.9495,,,,,3
2026-01-25 07:32:05.682044,0x433e9c88,99,4.185,11.238334,0.91597223,,,,,3
2026-01-25 07:32:07.762915,0x433b0b38,97,4.156,11.238334,3.7546945,5.25,-78,,5,5
2026-01-25 07:33:05.723410,0x433e9c88,98,4.168,14.043333,0.89955556,,,,,3
2026-01-25 07:34:05.689993,0x433e9c88,98,4.175,12.876667,0.86172223,,,,,3
2026-01-25 07:35:05.859111,0x433e9c88,99,4.183,13.47,0.8471111,,,,,3
2026-01-25 07:35:09.823282,0x433aad0c,101,4.224,13.47,3.7647777,5.5,-69,,3,3
2026-01-25 07:35:41.776807,0x433ad35c,99,4.187,11.238334,2.9266112,6.25,-56,,3,3
2026-01-25 07:36:05.914058,0x433e9c88,98,4.173,15.736667,0.8471111,,,,,3
2026-01-25 07:37:05.791042,0x433e9c88,97,4.154,13.876666,0.8471111,,,,,3
2026-01-25 07:37:56.132427,0x433af380,100,4.19,10.335,3.0445278,5.75,-34,,3,3
2026-01-25 07:38:05.913129,0x433e9c88,98,4.169,12.018333,0.82819444,,,,,3
2026-01-25 07:38:08.001259,0x433b0b38,101,4.222,12.018333,3.7206109,6.5,-77,,5,5
2026-01-25 07:39:05.882937,0x433e9c88,98,4.166,16.695,0.82819444,,,,,3
2026-01-25 07:40:05.946487,0x433e9c88,97,4.15,14.863333,0.82819444,,,,,3
2026-01-25 07:41:06.059788,0x433e9c88,101,4.203,10.0199995,0.84280556,,,,,3
2026-01-25 07:41:10.055301,0x433aad0c,100,4.193,10.0199995,3.6874723,5.5,-69,,3,3
2026-01-25 07:41:42.888447,0x433ad35c,101,4.206,8.815001,3.01875,6.0,-57,,3,3
2026-01-25 07:42:06.060578,0x433e9c88,101,4.202,15.216666,0.8288889,,,,,3
2026-01-25 07:42:34.323784,0xbd50376c,101,4.209,14.040001,1.1549445,5.25,-75,,3,3
2026-01-25 07:43:06.141173,0x433e9c88,99,4.177,15.395,0.8288889,,,,,3
2026-01-25 07:44:06.232700,0x433e9c88,97,4.161,10.868333,0.8288889,,,,,3
2026-01-25 07:44:08.241666,0x433b0b38,100,4.19,10.868333,3.8177502,5.75,-77,,5,5
2026-01-25 07:45:06.157575,0x433e9c88,101,4.226,14.545,0.8124722,,,,,3
2026-01-25 07:46:06.268129,0x433e9c88,98,4.169,12.838334,0.846,,,,,3
2026-01-25 07:47:06.409425,0x433e9c88,100,4.199,10.0199995,0.846,,,,,3
2026-01-25 07:47:10.323877,0x433aad0c,101,4.242,10.0199995,3.7166111,5.5,-69,,3,3
2026-01-25 07:47:44.584668,0x433ad35c,99,4.185,11.961666,3.13375,6.75,-56,,3,3
2026-01-25 07:47:59.921605,0x433af380,97,4.154,18.673334,3.0634723,5.75,-34,,3,3
2026-01-25 07:48:06.297013,0x433e9c88,100,4.191,18.148333,0.86833334,,,,,3
2026-01-25 07:49:06.535464,0x433e9c88,99,4.182,14.589999,0.9077778,,,,,3
2026-01-25 07:50:06.424118,0x433e9c88,97,4.154,11.495,0.9077778,,,,,3
2026-01-25 07:50:08.477200,0x433b0b38,98,4.172,11.495,3.7415557,5.5,-79,,5,5
2026-01-25 07:51:06.550733,0x433e9c88,98,4.162,15.108334,0.9136944,,,,,3
2026-01-25 07:52:06.676926,0x433e9c88,100,4.192,13.138333,0.9429167,,,,,3
2026-01-25 07:53:06.694806,0x433e9c88,99,4.176,10.0199995,0.92602783,,,,,3
2026-01-25 07:53:10.550162,0x433aad0c,101,4.217,10.0199995,3.8313887,6.0,-69,,3,3
2026-01-25 07:53:46.797586,0x433ad35c,101,4.21,8.198334,3.0636666,6.0,-56,,3,3
2026-01-25 07:54:06.793572,0x433e9c88,99,4.176,14.15,0.9096111,,,,,3
2026-01-25 07:55:06.820920,0x433e9c88,96,4.139,14.863333,0.89069444,,,,,3
2026-01-25 07:56:06.842529,0x433e9c88,97,4.159,11.731667,0.89069444,,,,,3
2026-01-25 07:56:09.276903,0x433b0b38,97,4.149,11.581667,3.7762775,5.25,-77,,5,5
2026-01-25 07:57:06.772625,0x433e9c88,97,4.161,13.054999,0.9303611,,,,,3
2026-01-25 07:57:56.667276,0x433af380,101,4.223,14.740001,3.0168612,5.25,-34,,3,3
2026-01-25 07:58:06.959322,0x433e9c88,98,4.166,15.193333,0.9283333,,,,,3
2026-01-25 07:59:06.829720,0x433e9c88,98,4.168,12.455,0.9283333,,,,,3
2026-01-25 07:59:10.797378,0x433aad0c,101,4.232,12.455,3.8150277,5.75,-69,,3,3
2026-01-25 07:59:44.279739,0x433ad35c,98,4.162,6.6650004,3.1653888,6.25,-57,,3,3
2026-01-25 08:00:07.011091,0x433e9c88,96,4.146,16.463333,0.89299995,,,,,3
2026-01-25 08:01:06.988552,0x433e9c88,99,4.184,12.935,0.8783889,,,,,3
2026-01-25 08:02:07.108842,0x433e9c88,98,4.17,10.568334,0.8594723,,,,,3
2026-01-25 08:02:08.955459,0x433b0b38,101,4.21,10.826667,3.8160279,5.5,-78,,5,5
2026-01-24 11:02:47.474103,0x433e9c88,101,4.231,12.29,0.8463611,,,,3,3
2026-01-24 11:03:47.596547,0x433e9c88,101,4.227,14.973333,0.8821666,,,,,3
2026-01-24 11:04:11.940283,0x433aad0c,101,4.202,10.594999,3.6562223,5.0,-69,,3,3
2026-01-24 11:04:40.432730,0x433ad35c,101,4.216,15.548333,3.4793887,5.75,-58,,3,3
2026-01-24 11:04:47.717783,0x433e9c88,101,4.206,17.518333,0.8445278,,,,,3
2026-01-24 11:05:47.708865,0x433e9c88,99,4.188,14.835,0.82991666,,,,,3
2026-01-24 11:06:47.768351,0x433e9c88,101,4.205,12.263333,0.82991666,,,,,3
2026-01-24 11:07:02.392693,0x433b0b38,99,4.176,11.141666,3.6592777,5.0,-76,,5,5
2026-01-24 11:07:19.444330,0x433af380,101,4.21,11.471666,2.8988056,6.0,-34,,3,3
2026-01-24 11:07:47.730021,0x433e9c88,101,4.214,13.988334,0.84225005,,,,,3
2026-01-24 11:08:47.812606,0x433e9c88,101,4.214,12.346666,0.8755555,,,,,3
2026-01-24 11:09:47.883001,0x433e9c88,99,4.176,13.933333,0.876,,,,,3
2026-01-24 11:10:19.441052,0x433aad0c,101,4.235,3.5149999,3.6776667,6.0,-77,,3,2
2026-01-24 11:10:40.233478,0x433ad35c,98,4.163,12.866667,3.4245555,6.0,-59,,3,3
2026-01-24 11:10:48.017926,0x433e9c88,99,4.185,14.836666,0.8741944,,,,,3
2026-01-24 11:11:48.006033,0x433e9c88,101,4.216,13.14,0.8782778,,,,,3
2026-01-24 11:12:47.978378,0x433e9c88,101,4.221,12.07,0.88236105,,,,,3
2026-01-24 11:13:02.910883,0x433b0b38,99,4.185,10.948333,3.68725,5.75,-77,,5,5
2026-01-24 11:13:48.057445,0x433e9c88,101,4.215,15.411666,0.9151945,,,,,3
2026-01-24 11:14:48.037079,0x433e9c88,101,4.232,15.054999,0.9485,,,,,3
2026-01-24 11:15:48.233638,0x433e9c88,99,4.18,13.82,0.9817778,,,,,3
2026-01-24 11:16:15.691552,0x433aad0c,101,4.211,6.5266666,3.5952778,5.5,-73,,3,2
2026-01-24 11:16:41.265701,0x433ad35c,99,4.178,13.905001,3.283278,5.75,-59,,3,3
2026-01-24 11:16:48.293396,0x433e9c88,101,4.209,14.89,1.0022779,,,,,3
2026-01-24 11:17:18.671354,0x433af380,97,4.157,17.266666,2.8643613,7.25,-34,,3,3
2026-01-24 11:17:48.307898,0x433e9c88,101,4.21,14.316666,1.0358055,,,,,3
2026-01-24 11:18:15.567710,0xbd50376c,100,4.193,12.671667,1.0865,6.0,-73,,3,3
2026-01-24 11:18:48.254732,0x433e9c88,97,4.153,15.165,1.0341945,,,,,3
2026-01-24 11:19:03.411773,0x433b0b38,100,4.197,12.663333,3.7056944,5.75,-76,,5,5
2026-01-24 11:19:48.318539,0x433e9c88,99,4.177,13.85,1.0506111,,,,,3
2026-01-24 11:20:48.346539,0x433e9c88,101,4.211,14.398334,1.0652223,,,,,3
2026-01-24 11:21:48.385863,0x433e9c88,98,4.167,13.521667,1.0625,,,,,3
2026-01-24 11:22:10.524851,0x433aad0c,101,4.222,4.3233337,3.567611,6.0,-75,,3,3
2026-01-24 11:22:40.722516,0x433ad35c,100,4.19,12.893334,3.2002501,5.5,-58,,3,3
2026-01-24 11:22:48.504442,0x433e9c88,101,4.203,13.986667,1.0789167,,,,,3
2026-01-24 11:23:48.580711,0x433e9c88,101,4.211,15.218334,1.0789167,,,,,3
2026-01-24 11:24:48.524945,0x433e9c88,101,4.236,15.028334,1.0791389,,,,,3
2026-01-24 11:25:02.956726,0x433b0b38,101,4.222,16.150002,3.6821113,5.75,-74,,5,5
2026-01-24 11:25:48.570023,0x433e9c88,101,4.218,13.713333,1.0791389,,,,,3
2026-01-24 11:26:48.616739,0x433e9c88,98,4.173,13.5616665,1.1135833,,,,,3
2026-01-24 11:27:21.446637,0x433af380,101,4.22,14.283334,2.9222777,7.0,-34,,3,3
2026-01-24 11:27:48.747795,0x433e9c88,100,4.191,15.41,1.0615555,,,,,3
2026-01-24 11:28:10.709799,0x433aad0c,101,4.226,12.045,3.5639446,5.0,-79,,3,3
2026-01-24 11:28:40.901542,0x433ad35c,97,4.149,12.893334,3.1294167,6.0,-60,,3,3
2026-01-24 11:28:48.708716,0x433e9c88,100,4.197,14.863333,1.0615555,,,,,3
2026-01-24 11:29:48.843527,0x433e9c88,101,4.201,13.959999,1.0950834,,,,,3
2026-01-24 11:30:48.800644,0x433e9c88,78,3.974,12.29,1.1096944,,,,,3
2026-01-24 11:31:03.503622,0x433b0b38,97,4.158,12.908334,3.5855,5.25,-74,,5,5
2026-01-24 11:31:48.846428,0x433e9c88,98,4.167,13.098333,1.0950834,,,,,3
2026-01-24 11:32:48.891506,0x433e9c88,101,4.218,14.123334,1.1014445,,,,,3
2026-01-24 11:33:48.972770,0x433e9c88,101,4.23,13.959999,1.0831945,,,,,3
2026-01-24 11:34:10.983335,0x433aad0c,101,4.228,8.349999,3.6394167,5.5,-76,,3,3
2026-01-24 11:34:41.142415,0x433ad35c,96,4.137,14.589999,3.008361,7.5,-58,,3,3
2026-01-24 11:34:49.182493,0x433e9c88,101,4.214,15.683333,1.1167222,,,,,3
2026-01-24 11:35:49.058689,0x433e9c88,101,4.217,14.040001,1.1358612,,,,,3
2026-01-24 11:36:49.230738,0x433e9c88,99,4.176,11.990001,1.1151111,,,,,3
2026-01-24 11:37:03.796986,0x433b0b38,101,4.201,10.46,3.5477777,6.0,-75,,5,5
2026-01-24 11:37:20.042921,0x433af380,99,4.176,8.471667,3.037722,7.0,-34,,3,3
2026-01-24 11:37:49.336364,0x433e9c88,101,4.217,14.891666,1.0943611,,,,,3
2026-01-24 11:38:49.343768,0x433e9c88,99,4.177,12.29,1.1089723,,,,3,3
2026-01-24 11:39:49.378570,0x433e9c88,98,4.171,14.946667,1.1071668,,,,,3
2026-01-24 11:40:11.216295,0x433aad0c,98,4.162,11.69,3.7500277,6.25,-77,,3,3
2026-01-24 11:40:41.404348,0x433ad35c,98,4.163,11.663333,2.8263888,6.5,-57,,3,3
2026-01-24 11:40:49.419438,0x433e9c88,100,4.192,13.633333,1.1422777,,,,,3
2026-01-24 11:41:49.466473,0x433e9c88,97,4.159,14.261666,1.1715,,,,,3
2026-01-24 11:42:49.552455,0x433e9c88,99,4.181,12.426667,1.1703612,,,,,3
2026-01-24 11:43:03.833745,0x433b0b38,101,4.208,9.048333,3.5178888,7.25,-77,,5,5
2026-01-24 11:43:49.678757,0x433e9c88,101,4.217,13.823334,1.1705834,,,,,3
2026-01-24 11:44:49.737498,0x433e9c88,101,4.239,14.123334,1.1851944,,,,,3
2026-01-24 11:45:49.651653,0x433e9c88,98,4.166,16.121666,1.1851944,,,,,3
2026-01-24 11:46:11.460914,0x433aad0c,101,4.216,12.756666,3.675111,4.75,-81,,3,3
2026-01-24 11:46:42.166243,0x433ad35c,96,4.147,12.126666,2.7383332,6.25,-59,,3,3
2026-01-24 11:46:49.769290,0x433e9c88,100,4.196,14.096667,1.1765555,,,,,3
2026-01-24 11:47:20.323441,0x433af380,98,4.172,9.336667,2.9343889,6.25,-34,,3,3
2026-01-24 11:47:49.744611,0x433e9c88,101,4.211,14.288333,1.1414444,,,,,3
2026-01-24 11:48:49.824861,0x433e9c88,100,4.198,12.263333,1.1601388,,,,,3
2026-01-24 11:49:03.922864,0x433b0b38,101,4.219,12.263333,3.491639,5.75,-75,,5,5
2026-01-24 11:49:49.870484,0x433e9c88,101,4.221,13.796666,1.1601388,,,,,3
2026-01-24 11:50:49.909702,0x433e9c88,100,4.19,12.29,1.1608056,,,,,3
2026-01-24 11:51:50.042753,0x433e9c88,101,4.213,12.4,1.1795,,,,,3
2026-01-24 11:52:11.686161,0x433aad0c,98,4.171,10.156667,3.6342778,5.75,-78,,3,3
2026-01-24 11:52:42.337683,0x433ad35c,101,4.213,12.153334,2.8219721,6.0,-59,,3,3
2026-01-24 11:52:50.117286,0x433e9c88,100,4.196,14.123334,1.1795,,,,,3
2026-01-24 11:53:50.049758,0x433e9c88,101,4.224,14.973333,1.1452779,,,,,3
2026-01-24 11:54:12.928270,0xbd50376c,100,4.2,17.216665,1.2593611,5.25,-73,,3,3
2026-01-24 11:54:50.156776,0x433e9c88,101,4.239,16.121666,1.1452779,,,,,3
2026-01-24 11:55:04.954751,0x433b0b38,96,4.143,14.986667,3.438639,6.25,-77,,5,5
2026-01-24 11:55:50.138195,0x433e9c88,99,4.182,14.589999,1.1306944,,,,,3
2026-01-24 11:56:50.245760,0x433e9c88,99,4.182,12.4,1.17975,,,,,3
2026-01-24 11:57:20.764714,0x433af380,100,4.193,7.741667,2.8375278,6.0,-33,,3,3
2026-01-24 11:57:50.328345,0x433e9c88,97,4.159,15.165,1.1608334,,,,,3
2026-01-24 11:58:11.944278,0x433aad0c,101,4.241,12.921667,3.6148612,5.5,-78,,3,3
2026-01-24 11:58:42.099630,0x433ad35c,100,4.192,12.946667,2.8846667,6.0,-58,,3,3
2026-01-24 11:58:50.378814,0x433e9c88,101,4.211,14.013333,1.1923056,,,,,3
2026-01-24 11:59:50.408406,0x433e9c88,100,4.19,16.081667,1.1923056,,,,,3
2026-01-24 12:00:50.460664,0x433e9c88,101,4.207,12.373333,1.1925278,,,,,3
2026-01-24 12:01:05.749697,0x433b0b38,98,4.17,10.621667,3.375639,5.25,-77,,5,5
2026-01-24 12:01:50.416591,0x433e9c88,101,4.212,13.476666,1.2088889,,,,,3
2026-01-24 02:02:15.885979,0x433e9c88,97,4.16,12.565001,0.86358327,,,,3,3
2026-01-24 02:03:16.042243,0x433e9c88,97,4.156,15.666667,0.8993889,,,,,3
2026-01-24 02:03:43.212023,0x433aad0c,101,4.21,13.396667,3.139778,5.75,-70,,3,3
2026-01-24 02:04:09.308529,0x433ad35c,99,4.18,11.961666,3.0808055,5.75,-58,,3,3
2026-01-24 02:04:16.090529,0x433e9c88,100,4.197,13.931666,0.8993889,,,,,3
2026-01-24 02:05:16.184947,0x433e9c88,101,4.237,11.688333,0.8993889,,,,,3
2026-01-24 02:06:16.214435,0x433e9c88,101,4.247,14.531666,0.90369445,,,,,3
2026-01-24 02:06:30.765433,0x433b0b38,97,4.15,11.126666,3.5819721,5.75,-76,,5,5
2026-01-24 02:06:59.450310,0x433af380,101,4.201,10.471666,3.2300835,5.75,-34,,3,3
2026-01-24 02:07:16.215862,0x433e9c88,101,4.247,15.656667,0.8993889,,,,,3
2026-01-24 02:08:16.258555,0x433e9c88,101,4.208,10.868333,0.8950833,,,,,3
2026-01-24 02:09:16.377645,0x433e9c88,101,4.203,14.531666,0.93291664,,,,,3
2026-01-24 02:09:43.535113,0x433aad0c,101,4.205,8.923333,3.2392223,5.75,-70,,3,3
2026-01-24 02:10:08.978816,0x433ad35c,98,4.17,12.865,3.0158334,6.75,-59,,3,3
2026-01-24 02:10:16.289656,0x433e9c88,101,4.216,14.835,0.9304167,,,,,3
2026-01-24 02:11:16.390199,0x433e9c88,97,4.158,14.290001,0.9347222,,,,,3
2026-01-24 02:12:16.505086,0x433e9c88,100,4.199,16.228333,0.9304167,,,,,3
2026-01-24 02:12:31.559848,0x433b0b38,100,4.193,11.688333,3.4991946,5.75,-77,,5,5
2026-01-24 02:13:16.386987,0x433e9c88,98,4.175,12.838334,0.93222225,,,,,3
2026-01-24 02:14:16.432333,0x433e9c88,101,4.214,9.991667,0.93222225,,,,,3
2026-01-24 02:15:16.482904,0x433e9c88,101,4.212,18.279999,0.96527773,,,,,3
2026-01-24 02:15:43.656080,0x433aad0c,101,4.241,11.795,3.1052778,5.25,-70,,3,3
2026-01-24 02:16:09.298733,0x433ad35c,101,4.203,11.961666,2.9618335,6.0,-58,,3,3
2026-01-24 02:16:16.578104,0x433e9c88,101,4.202,13.931666,0.9841944,,,,,3
2026-01-24 02:16:59.616624,0x433af380,96,4.141,13.538334,3.2244444,7.75,-33,,3,3
2026-01-24 02:17:16.606212,0x433e9c88,101,4.231,14.89,0.9841944,,,,,3
2026-01-24 02:18:05.159829,0xbd50376c,101,4.204,12.778333,1.2210833,5.5,-74,,3,3
2026-01-24 02:18:16.689308,0x433e9c88,99,4.184,17.406666,0.9483889,,,,,3
2026-01-24 02:18:31.269817,0x433b0b38,98,4.166,17.406666,3.4224722,4.75,-78,,5,5
2026-01-24 02:19:16.797607,0x433e9c88,99,4.185,11.961666,0.9794166,,,,,3
2026-01-24 02:20:16.829433,0x433e9c88,98,4.162,11.126666,0.9794166,,,,,3
2026-01-24 02:21:16.781045,0x433e9c88,101,4.228,17.105,0.9837222,,,,,3
2026-01-24 02:21:44.007947,0x433aad0c,101,4.256,14.835,3.164389,5.5,-70,,3,3
2026-01-24 02:22:09.480489,0x433ad35c,96,4.143,13.658333,2.9495,5.5,-58,,3,3
2026-01-24 02:22:17.010244,0x433e9c88,100,4.192,15.628333,0.9837222,,,,,3
2026-01-24 02:23:16.970405,0x433e9c88,101,4.215,10.8949995,1.0026389,,,,,3
2026-01-24 02:24:16.962394,0x433e9c88,101,4.221,15.735001,0.98802775,,,,,3
2026-01-24 02:24:31.539217,0x433b0b38,96,4.143,14.599999,3.429528,5.75,-76,,5,5
2026-01-24 02:25:16.966309,0x433e9c88,101,4.201,13.658333,0.98802775,,,,,3
2026-01-24 02:26:17.011826,0x433e9c88,98,4.165,9.991667,0.98802775,,,,,3
2026-01-24 02:26:59.537656,0x433af380,100,4.197,11.673333,3.1165833,6.0,-34,,3,3
2026-01-24 02:27:17.125533,0x433e9c88,101,4.218,19.361668,0.96683335,,,,,3
2026-01-24 02:27:44.185710,0x433aad0c,101,4.228,17.091665,3.3241947,5.75,-71,,3,3
2026-01-24 02:28:09.719092,0x433ad35c,101,4.212,13.193333,2.9059167,6.25,-58,,3,3
2026-01-24 02:28:17.273431,0x433e9c88,101,4.208,13.959999,0.9884722,,,,,3
2026-01-24 02:29:17.148401,0x433e9c88,101,4.201,9.991667,0.9884722,,,,,3
2026-01-24 02:30:17.194612,0x433e9c88,100,4.19,14.531666,0.9884722,,,,,3
2026-01-24 02:30:31.725827,0x433b0b38,101,4.204,10.868333,3.4046943,6.0,-76,,5,5
2026-01-24 02:31:17.359531,0x433e9c88,98,4.171,13.658333,0.9677501,,,,,3
2026-01-24 02:32:17.419552,0x433e9c88,98,4.165,10.8116665,0.9677501,,,,,3
2026-01-24 02:33:17.367589,0x433e9c88,100,4.196,15.408333,0.9823611,,,,,3
2026-01-24 02:33:44.930310,0x433aad0c,101,4.249,12.261666,3.4484446,6.25,-71,,3,3
2026-01-24 02:34:09.949884,0x433ad35c,99,4.185,11.961666,2.8620834,6.0,-58,,3,3
2026-01-24 02:34:17.477610,0x433e9c88,99,4.179,13.931666,0.97986114,,,,,3
2026-01-24 02:35:17.561170,0x433e9c88,100,4.197,12.891666,0.9944722,,,,,3
2026-01-24 02:36:17.584887,0x433e9c88,98,4.172,14.531666,0.97555554,,,,,3
2026-01-24 02:36:32.015353,0x433b0b38,98,4.168,14.531666,3.4516945,6.0,-76,,5,5
2026-01-24 02:37:00.453663,0x433af380,100,4.2,11.403334,3.027639,7.75,-34,,3,3
2026-01-24 02:37:17.656064,0x433e9c88,97,4.153,15.656667,0.97555554,,,,,3
2026-01-24 02:38:17.720662,0x433e9c88,100,4.192,9.991667,0.9609444,,,,3,3
2026-01-24 02:39:17.748862,0x433e9c88,95,4.12,13.763334,0.99675006,,,,,3
2026-01-24 02:39:44.875331,0x433aad0c,101,4.229,10.508333,3.513611,6.0,-70,,3,3
2026-01-24 02:40:11.281253,0x433ad35c,100,4.195,11.085,2.771361,5.5,-59,,3,3
2026-01-24 02:40:17.823964,0x433e9c88,99,4.188,13.931666,1.0131667,,,,,3
2026-01-24 02:41:17.935885,0x433e9c88,98,4.172,12.92,0.99425,,,,,3
2026-01-24 02:42:18.089222,0x433e9c88,98,4.162,17.363335,0.98994446,,,,,3
2026-01-24 02:42:32.210233,0x433b0b38,99,4.176,16.228333,3.404861,6.0,-76,,5,5
2026-01-24 02:43:18.002884,0x433e9c88,101,4.202,11.961666,1.0088612,,,,,3
2026-01-24 02:44:18.141603,0x433e9c88,99,4.178,9.991667,1.0045556,,,,,3
2026-01-24 02:45:18.141081,0x433e9c88,98,4.167,16.228333,1.0277778,,,,,3
2026-01-24 02:45:44.856269,0x433aad0c,101,4.23,15.093334,3.4697778,5.75,-71,,3,3
2026-01-24 02:46:12.806165,0x433ad35c,99,4.188,11.085,2.747,6.25,-58,,3,3
2026-01-24 02:46:18.084659,0x433e9c88,98,4.164,13.931666,1.0588056,,,,,3
2026-01-24 02:47:02.826898,0x433af380,101,4.21,11.403334,2.9965556,7.25,-34,,3,3
2026-01-24 02:47:18.242892,0x433e9c88,97,4.158,13.686667,1.023,,,,,3
2026-01-24 02:48:18.335965,0x433e9c88,93,4.095,15.666667,1.0565279,,,,,3
2026-01-24 02:48:32.605174,0x433b0b38,96,4.142,12.261666,3.3933334,5.25,-77,,5,5
2026-01-24 02:49:18.393040,0x433e9c88,97,4.158,11.961666,1.0462222,,,,,3
2026-01-24 02:50:18.349776,0x433e9c88,96,4.147,9.991667,1.0943611,,,,,3
2026-01-24 02:51:18.328653,0x433e9c88,97,4.155,16.228333,1.1278889,,,,,3
2026-01-24 02:51:45.583751,0x433aad0c,101,4.221,13.958333,3.4602776,6.25,-70,,3,3
2026-01-24 02:52:14.991531,0x433ad35c,98,4.168,10.208333,2.682639,6.0,-58,,3,3
2026-01-24 02:52:18.521544,0x433e9c88,101,4.204,14.643333,1.1153333,,,,,3
2026-01-24 02:53:18.459246,0x433e9c88,101,4.209,10.976667,1.13175,,,,,3
2026-01-24 02:54:08.284314,0xbd50376c,100,4.19,13.383333,1.1095833,5.75,-73,,3,3
2026-01-24 02:54:18.496246,0x433e9c88,101,4.218,16.531668,1.1297222,,,,,3
2026-01-24 02:54:32.696027,0x433b0b38,101,4.205,12.976667,3.4234445,5.0,-78,,5,5
2026-01-24 02:55:18.512456,0x433e9c88,101,4.212,13.658333,1.1151111,,,,,3
2026-01-24 02:56:18.702122,0x433e9c88,99,4.181,9.991667,1.1297222,,,,,3
2026-01-24 02:57:03.486919,0x433af380,101,4.202,9.538333,2.9386668,5.75,-34,,3,3
2026-01-24 02:57:18.753150,0x433e9c88,98,4.174,20.061666,1.1297222,,,,,3
2026-01-24 02:57:45.396332,0x433aad0c,100,4.2,17.9,3.4431946,6.25,-71,,3,3
2026-01-24 02:58:12.161799,0x433ad35c,99,4.187,13.713333,2.7638333,5.75,-58,,3,3
2026-01-24 02:58:18.817018,0x433e9c88,100,4.192,13.958333,1.1636945,,,,,3
2026-01-24 02:59:18.881778,0x433e9c88,101,4.225,9.991667,1.1490833,,,,,3
2026-01-24 03:00:18.850999,0x433e9c88,98,4.163,15.408333,1.1490833,,,,,3
2026-01-24 03:00:32.954633,0x433b0b38,100,4.196,14.273334,3.5582502,5.5,-77,,5,5
2026-01-24 03:01:18.868840,0x433e9c88,87,4.036,14.41,1.1796111,,,,,3
2026-01-24 17:03:07.393407,0x433e9c88,101,4.23,10.555,1.1522223,,,,3,3
2026-01-24 17:04:07.455936,0x433e9c88,99,4.184,7.8766665,1.2001389,,,,,3
2026-01-24 17:04:29.515224,0x433aad0c,99,4.187,10.146667,3.1254723,6.0,-70,,3,3
2026-01-24 17:04:56.529016,0x433ad35c,97,4.149,13.086666,2.891611,6.25,-57,,3,3
2026-01-24 17:05:07.604499,0x433e9c88,96,4.147,12.786667,1.1814444,,,,,3
2026-01-24 17:06:07.541270,0x433e9c88,100,4.197,16.038332,1.16275,,,,,3
2026-01-24 17:07:07.735463,0x433e9c88,101,4.212,11.990001,1.1896944,,,,,3
2026-01-24 17:07:20.209836,0x433b0b38,97,4.157,9.72,3.317417,6.0,-78,,5,5
2026-01-24 17:07:27.341992,0x433af380,101,4.208,11.993334,2.94825,7.25,-34,,3,3
2026-01-24 17:08:07.661172,0x433e9c88,98,4.171,13.716666,1.2065834,,,,,3
2026-01-24 17:09:07.678974,0x433e9c88,99,4.187,13.208333,1.1838055,,,,,3
2026-01-24 17:10:07.723827,0x433e9c88,101,4.205,10.965,1.18175,,,,,3
2026-01-24 17:10:29.748068,0x433aad0c,101,4.25,12.976667,3.0949445,5.75,-71,,3,3
2026-01-24 17:10:56.727972,0x433ad35c,100,4.191,14.5216675,2.880861,5.75,-58,,3,3
2026-01-24 17:11:07.771345,0x433e9c88,101,4.229,16.233334,1.1988611,,,,,3
2026-01-24 17:12:07.988116,0x433e9c88,101,4.219,10.855,1.1988611,,,,,3
2026-01-24 17:13:07.862779,0x433e9c88,101,4.212,8.585,1.2109722,,,,,3
2026-01-24 17:13:20.448809,0x433b0b38,99,4.189,9.72,3.2809722,5.75,-78,,5,5
2026-01-24 17:14:08.003188,0x433e9c88,100,4.197,10.555,1.2273889,,,,,3
2026-01-24 17:15:08.057740,0x433e9c88,101,4.209,13.441667,1.2273889,,,,,3
2026-01-24 17:16:08.134757,0x433e9c88,97,4.157,10.843333,1.2465278,,,,,3
2026-01-24 17:16:29.963584,0x433aad0c,101,4.207,13.113334,2.973528,5.25,-70,,3,3
2026-01-24 17:16:57.331018,0x433ad35c,98,4.174,11.69,2.7786944,6.75,-57,,3,3
2026-01-24 17:17:08.142083,0x433e9c88,98,4.164,11.389999,1.2301111,,,,,3
2026-01-24 17:17:27.434272,0x433af380,97,4.157,11.993334,2.936111,6.5,-33,,3,3
2026-01-24 17:18:08.592262,0x433e9c88,101,4.234,11.636667,1.2235278,,,,,3
2026-01-24 17:18:20.829205,0xbd50376c,101,4.21,15.889999,1.2053334,7.25,-74,,3,3
2026-01-24 17:19:08.316787,0x433e9c88,101,4.222,13.988334,1.235639,,,,,3
2026-01-24 17:19:20.688245,0x433b0b38,97,4.156,9.72,3.3038058,6.25,-79,,5,5
2026-01-24 17:20:08.230236,0x433e9c88,101,4.231,13.293333,1.2169445,,,,,3
2026-01-24 17:21:08.258701,0x433e9c88,101,4.238,13.793333,1.1697222,,,,,3
2026-01-24 17:22:08.305125,0x433e9c88,99,4.182,10.555,1.1697222,,,,,3
2026-01-24 17:22:30.298270,0x433aad0c,101,4.234,9.42,2.9155278,6.0,-71,,3,3
2026-01-24 17:22:57.286358,0x433ad35c,101,4.21,11.69,2.7367778,6.25,-58,,3,3
2026-01-24 17:23:08.349117,0x433e9c88,101,4.213,13.66,1.1697222,,,,,3
2026-01-24 17:24:08.946209,0x433e9c88,101,4.204,13.231667,1.1510278,,,,,3
2026-01-24 17:25:08.869843,0x433e9c88,101,4.215,11.158333,1.1391389,,,,,3
2026-01-24 17:25:20.955798,0x433b0b38,98,4.174,12.293334,3.3350558,5.5,-78,,5,5
2026-01-24 17:26:09.023225,0x433e9c88,98,4.169,13.948334,1.1391389,,,,,3
2026-01-24 17:27:08.965084,0x433e9c88,84,4.014,10.881667,1.1788056,,,,,3
2026-01-24 17:27:27.682335,0x433af380,99,4.185,15.805,2.907389,7.25,-34,,3,3
2026-01-24 17:28:08.934636,0x433e9c88,97,4.159,9.476666,1.1432222,,,,,3
2026-01-24 17:28:30.442976,0x433aad0c,101,4.216,10.446667,2.8905833,5.5,-70,,3,3
2026-01-24 17:28:57.757079,0x433ad35c,97,4.155,11.69,2.7895,6.0,-56,,3,3
2026-01-24 17:29:09.068417,0x433e9c88,100,4.191,11.389999,1.1409445,,,,,3
2026-01-24 17:30:09.555412,0x433e9c88,97,4.154,10.855,1.1384444,,,,,3
2026-01-24 17:31:09.405966,0x433e9c88,101,4.209,10.05,1.10675,,,,,3
2026-01-24 17:31:21.201953,0x433b0b38,99,4.176,12.32,3.384361,6.25,-78,,5,5
2026-01-24 17:32:09.454108,0x433e9c88,99,4.181,9.42,1.094639,,,,,3
2026-01-24 17:33:09.498370,0x433e9c88,101,4.22,13.551667,1.1256667,,,,,3
2026-01-24 17:34:09.659807,0x433e9c88,100,4.195,12.263333,1.0939722,,,,,3
2026-01-24 17:34:30.693103,0x433aad0c,101,4.205,11.128333,2.884889,5.25,-70,,3,3
2026-01-24 17:35:00.367797,0x433ad35c,98,4.162,10.208333,2.870361,6.5,-56,,3,3
2026-01-24 17:35:09.668334,0x433e9c88,101,4.205,16.574999,1.0966945,,,,,3
2026-01-24 17:36:09.784919,0x433e9c88,101,4.238,16.625,1.0780001,,,,,3
2026-01-24 17:37:09.711852,0x433e9c88,94,4.112,9.761666,1.0739167,,,,,3
2026-01-24 17:37:21.484741,0x433b0b38,98,4.168,10.896667,3.3770833,6.5,-78,,5,5
2026-01-24 17:37:27.942930,0x433af380,101,4.207,13.335,2.82525,6.0,-33,,3,3
2026-01-24 17:38:09.756609,0x433e9c88,101,4.207,14.443334,1.0453889,,,,,3
2026-01-24 17:39:09.953244,0x433e9c88,101,4.216,12.123334,1.0613333,,,,3,3
2026-01-24 17:40:10.105992,0x433e9c88,72,3.914,9.87,1.0800555,,,,,3
2026-01-24 17:40:30.965073,0x433aad0c,100,4.195,10.0199995,2.883,5.75,-71,,3,3
2026-01-24 17:41:00.286248,0x433ad35c,97,4.155,9.36,2.9835,6.25,-57,,3,3
2026-01-24 17:41:10.146597,0x433e9c88,96,4.146,13.934999,1.0636389,,,,,3
2026-01-24 17:42:10.076158,0x433e9c88,99,4.183,10.855,1.0308055,,,,,3
2026-01-24 17:43:10.124538,0x433e9c88,100,4.194,8.668333,1.02875,,,,,3
2026-01-24 17:43:22.077528,0x433b0b38,101,4.214,10.938333,3.4000278,5.5,-77,,5,5
2026-01-24 17:44:10.166085,0x433e9c88,99,4.184,9.12,1.0244443,,,,,3
2026-01-24 17:45:10.319408,0x433e9c88,101,4.216,14.821667,1.03125,,,,,3
2026-01-24 17:46:10.319674,0x433e9c88,100,4.199,13.99,1.0191388,,,,,3
2026-01-24 17:46:31.164283,0x433aad0c,101,4.212,12.264999,2.9470556,5.5,-71,,3,3
2026-01-24 17:46:59.200201,0x433ad35c,99,4.188,9.305,2.9061666,6.5,-57,,3,3
2026-01-24 17:47:10.327897,0x433e9c88,99,4.182,13.74,1.0328333,,,,,3
2026-01-24 17:47:28.245254,0x433af380,98,4.168,14.129999,2.9498055,6.0,-34,,3,3
2026-01-24 17:48:10.523771,0x433e9c88,97,4.155,14.288333,0.9892222,,,,,3
2026-01-24 17:49:10.430410,0x433e9c88,99,4.179,7.75,1.0038333,,,,,3
2026-01-24 17:49:21.910387,0x433b0b38,97,4.157,10.0199995,3.454972,5.5,-78,,5,5
2026-01-24 17:50:10.613046,0x433e9c88,101,4.217,10.555,0.9917222,,,,,3
2026-01-24 17:51:10.640367,0x433e9c88,101,4.23,13.986667,1.0063334,,,,,3
2026-01-24 17:52:10.567961,0x433e9c88,99,4.184,8.516667,1.0054166,,,,,3
2026-01-24 17:52:31.405875,0x433aad0c,101,4.22,10.786667,2.93925,5.75,-70,,3,3
2026-01-24 17:52:59.578913,0x433ad35c,96,4.139,13.741666,2.8805556,6.25,-57,,3,3
2026-01-24 17:53:10.605527,0x433e9c88,98,4.166,12.375,0.98649997,,,,,3
2026-01-24 17:54:10.716723,0x433e9c88,100,4.196,12.866667,1.0054166,,,,,3
2026-01-24 17:54:21.184080,0xbd50376c,101,4.205,14.26,1.3601389,6.25,-75,,3,3
2026-01-24 17:55:10.728498,0x433e9c88,99,4.181,11.145,1.0011111,,,,,3
2026-01-24 17:55:22.476825,0x433b0b38,98,4.163,12.293334,3.39225,5.0,-78,,5,5
2026-01-24 17:56:10.869300,0x433e9c88,97,4.153,15.931667,0.9993056,,,,,3
2026-01-24 17:57:10.789646,0x433e9c88,97,4.154,13.315,0.9940834,,,,,3
2026-01-24 17:57:28.237971,0x433af380,100,4.197,17.076666,3.0145278,7.0,-34,,3,3
2026-01-24 17:58:10.960985,0x433e9c88,101,4.205,13.153334,1.0198056,,,,,3
2026-01-24 17:58:31.696818,0x433aad0c,99,4.188,10.0199995,2.9509444,5.75,-71,,3,3
2026-01-24 17:59:01.062912,0x433ad35c,98,4.166,8.141666,2.8799167,5.75,-58,,3,3
2026-01-24 17:59:11.011524,0x433e9c88,99,4.182,13.66,1.0276111,,,,,3
2026-01-24 18:00:11.035921,0x433e9c88,101,4.23,14.301666,1.0258055,,,,,3
2026-01-24 18:01:11.018058,0x433e9c88,101,4.223,12.098333,1.048139,,,,,3
2026-01-24 18:01:23.482662,0x433b0b38,100,4.194,16.83,3.4214165,5.5,-77,,5,5
2026-01-24 18:02:11.043365,0x433e9c88,97,4.156,11.376667,1.0495,,,,,3
2026-01-24 08:02:36.444166,0x433e9c88,101,4.216,13.728334,0.9423889,,,,3,3
2026-01-24 08:03:36.609192,0x433e9c88,98,4.166,12.851667,0.9592778,,,,,3
2026-01-24 08:04:00.322036,0x433aad0c,101,4.238,13.986667,3.327889,5.5,-70,,3,3
2026-01-24 08:04:29.911864,0x433ad35c,98,4.172,12.098333,2.7213333,5.75,-58,,3,3
2026-01-24 08:04:36.688689,0x433e9c88,96,4.145,14.836666,0.9946111,,,,,3
2026-01-24 08:05:36.707628,0x433e9c88,101,4.207,14.863333,1.0281389,,,,,3
2026-01-24 08:06:36.690809,0x433e9c88,101,4.219,12.29,1.04275,,,,,3
2026-01-24 08:06:49.104496,0x433b0b38,98,4.17,12.29,3.5301387,5.5,-77,,5,5
2026-01-24 08:07:12.920621,0x433af380,100,4.2,12.403334,3.2932777,6.25,-34,,3,3
2026-01-24 08:07:36.830045,0x433e9c88,97,4.158,13.988334,1.0429722,,,,,3
2026-01-24 08:08:36.756639,0x433e9c88,100,4.195,14.835,1.0575833,,,,,3
2026-01-24 08:09:37.001683,0x433e9c88,101,4.214,10.536667,1.05575,,,,,3
2026-01-24 08:10:01.320528,0x433aad0c,101,4.236,9.401667,3.246861,5.5,-70,,3,3
2026-01-24 08:10:30.940764,0x433ad35c,99,4.184,12.331667,2.7306943,5.75,-58,,3,3
2026-01-24 08:10:36.969486,0x433e9c88,99,4.184,15.178333,1.0539445,,,,,3
2026-01-24 08:11:37.034228,0x433e9c88,95,4.133,12.29,1.0685556,,,,,3
2026-01-24 08:12:36.976903,0x433e9c88,99,4.181,15.711667,1.0685556,,,,,3
2026-01-24 08:12:49.282645,0x433b0b38,97,4.157,15.711667,3.600361,5.5,-76,,5,5
2026-01-24 08:13:36.988666,0x433e9c88,99,4.178,12.551667,1.0831667,,,,,3
2026-01-24 08:14:37.068781,0x433e9c88,97,4.155,12.031667,1.0496389,,,,,3
2026-01-24 08:15:37.157626,0x433e9c88,97,4.16,16.256666,1.06425,,,,,3
2026-01-24 08:16:00.800399,0x433aad0c,101,4.252,13.986667,3.316861,5.5,-70,,3,3
2026-01-24 08:16:31.491479,0x433ad35c,97,4.158,11.113334,2.7224443,6.0,-59,,3,3
2026-01-24 08:16:37.271512,0x433e9c88,100,4.195,13.959999,1.0453333,,,,,3
2026-01-24 08:17:12.848863,0x433af380,97,4.148,13.538334,3.1301112,7.75,-34,,3,3
2026-01-24 08:17:37.362493,0x433e9c88,98,4.172,16.67,1.0622222,,,,,3
2026-01-24 08:18:09.886241,0xbd50376c,101,4.223,18.79,0.9501389,5.5,-73,,3,3
2026-01-24 08:18:37.316834,0x433e9c88,100,4.194,16.013332,1.0455834,,,,,3
2026-01-24 08:18:49.520719,0x433b0b38,97,4.155,16.998333,3.6135833,5.5,-75,,5,5
2026-01-24 08:19:37.310907,0x433e9c88,100,4.191,11.990001,1.0955278,,,,,3
2026-01-24 08:20:37.336702,0x433e9c88,101,4.214,12.548333,1.1144445,,,,,3
2026-01-24 08:21:37.438213,0x433e9c88,99,4.178,14.275,1.1625832,,,,,3
2026-01-24 08:22:01.137245,0x433aad0c,101,4.222,12.018333,3.3271666,5.5,-70,,3,3
2026-01-24 08:22:32.746839,0x433ad35c,97,4.16,11.961666,2.7283888,5.75,-59,,3,3
2026-01-24 08:22:37.528251,0x433e9c88,100,4.193,15.656667,1.1436666,,,,,3
2026-01-24 08:23:37.607481,0x433e9c88,73,3.921,13.986667,1.1796945,,,,,3
2026-01-24 08:24:37.645892,0x433e9c88,100,4.198,13.384999,1.2089167,,,,,3
2026-01-24 08:24:49.758548,0x433b0b38,101,4.206,13.384999,3.5700002,5.75,-75,,5,5
2026-01-24 08:25:37.624763,0x433e9c88,99,4.182,13.428333,1.1856945,,,,,3
2026-01-24 08:26:37.775025,0x433e9c88,101,4.224,11.155001,1.2003056,,,,,3
2026-01-24 08:27:12.968766,0x433af380,99,4.184,15.875,3.012389,6.0,-34,,3,3
2026-01-24 08:27:37.820331,0x433e9c88,97,4.15,14.261666,1.1831945,,,,,3
2026-01-24 08:28:01.319302,0x433aad0c,100,4.193,13.153334,3.2910557,5.5,-70,,3,3
2026-01-24 08:28:31.276368,0x433ad35c,101,4.202,10.495,2.7126389,6.0,-59,,3,3
2026-01-24 08:28:37.704483,0x433e9c88,97,4.16,17.776667,1.1831945,,,,,3
2026-01-24 08:29:37.923350,0x433e9c88,96,4.146,12.29,1.1978055,,,,,3
2026-01-24 08:30:37.798124,0x433e9c88,101,4.217,12.263333,1.1788889,,,,,3
2026-01-24 08:30:50.009238,0x433b0b38,101,4.204,12.263333,3.5255,5.75,-75,,5,5
2026-01-24 08:31:37.994280,0x433e9c88,97,4.156,11.990001,1.1953056,,,,,3
2026-01-24 08:32:37.951862,0x433e9c88,100,4.192,13.986667,1.1806945,,,,,3
2026-01-24 08:33:38.128892,0x433e9c88,100,4.19,13.959999,1.1469444,,,,,3
2026-01-24 08:34:01.558858,0x433aad0c,100,4.195,13.959999,3.252,5.75,-70,,3,3
2026-01-24 08:34:31.721781,0x433ad35c,99,4.185,13.686667,2.7598054,6.0,-59,,3,3
2026-01-24 08:34:38.162045,0x433e9c88,97,4.157,13.959999,1.1134167,,,,,3
2026-01-24 08:35:38.115986,0x433e9c88,100,4.197,13.986667,1.0988055,,,,,3
2026-01-24 08:36:38.262140,0x433e9c88,98,4.172,12.263333,1.1134167,,,,,3
2026-01-24 08:36:50.291661,0x433b0b38,99,4.185,13.398333,3.485083,5.5,-76,,5,5
2026-01-24 08:37:13.213369,0x433af380,99,4.188,12.403334,3.0578334,6.0,-34,,3,3
2026-01-24 08:37:38.144345,0x433e9c88,98,4.175,13.73,1.1152222,,,,,3
2026-01-24 08:38:38.340617,0x433e9c88,101,4.22,11.126666,1.1006111,,,,3,3
2026-01-24 08:39:38.464394,0x433e9c88,101,4.22,9.993334,1.1321111,,,,,3
2026-01-24 08:40:02.007690,0x433aad0c,101,4.213,11.155001,3.2558334,6.0,-70,,3,3
2026-01-24 08:40:33.979665,0x433ad35c,98,4.169,8.4,2.6966667,6.25,-57,,3,3
2026-01-24 08:40:38.553089,0x433e9c88,101,4.222,15.178333,1.1346111,,,,,3
2026-01-24 08:41:38.588001,0x433e9c88,97,4.155,11.155001,1.0992777,,,,,3
2026-01-24 08:42:38.506613,0x433e9c88,97,4.158,14.836666,1.1033611,,,,,3
2026-01-24 08:42:51.060145,0x433b0b38,100,4.194,14.836666,3.5350277,5.75,-75,,5,5
2026-01-24 08:43:38.638410,0x433e9c88,96,4.145,13.096666,1.0761944,,,,,3
2026-01-24 08:44:38.598658,0x433e9c88,100,4.195,11.413334,1.0615833,,,,,3
2026-01-24 08:45:38.645102,0x433e9c88,101,4.224,13.959999,1.0761944,,,,,3
2026-01-24 08:46:01.996420,0x433aad0c,101,4.206,13.959999,3.25225,5.75,-71,,3,3
2026-01-24 08:46:34.350815,0x433ad35c,99,4.183,8.25,2.7091944,6.5,-57,,3,3
2026-01-24 08:46:38.788331,0x433e9c88,101,4.209,12.206667,1.1115278,,,,,3
2026-01-24 08:47:13.305962,0x433af380,98,4.162,15.401668,2.9968889,5.75,-34,,3,3
2026-01-24 08:47:38.745424,0x433e9c88,101,4.225,13.371667,1.1279445,,,,,3
2026-01-24 08:48:38.818029,0x433e9c88,99,4.18,10.483334,1.16125,,,,,3
2026-01-24 08:48:50.767382,0x433b0b38,97,4.151,15.931667,3.570611,5.5,-76,,5,5
2026-01-24 08:49:38.874116,0x433e9c88,97,4.157,11.086666,1.1466389,,,,,3
2026-01-24 08:50:38.946597,0x433e9c88,101,4.205,10.51,1.1466389,,,,,3
2026-01-24 08:51:39.067333,0x433e9c88,100,4.194,12.578334,1.1466389,,,,,3
2026-01-24 08:52:02.627559,0x433aad0c,101,4.218,12.236667,3.3108335,5.75,-70,,3,3
2026-01-24 08:52:36.380029,0x433ad35c,99,4.185,5.4583335,2.7402499,6.5,-57,,3,3
2026-01-24 08:52:39.126716,0x433e9c88,100,4.198,9.783334,1.1466389,,,,,3
2026-01-24 08:53:39.054426,0x433e9c88,101,4.241,10.143333,1.1824445,,,,,3
2026-01-24 08:54:10.123321,0xbd50376c,101,4.241,16.176666,1.1804445,6.25,-72,,3,3
2026-01-24 08:54:39.389487,0x433e9c88,101,4.211,12.236667,1.1635277,,,,,3
2026-01-24 08:54:51.108411,0x433b0b38,101,4.216,14.235001,3.6450279,5.5,-75,,5,5
2026-01-24 08:56:39.660725,0x433e9c88,100,4.192,10.238333,1.1610278,,,,,3
2026-01-24 08:57:13.494797,0x433af380,101,4.217,17.213333,2.804611,6.5,-34,,3,3
2026-01-24 08:57:39.879922,0x433e9c88,98,4.167,16.478333,1.1648889,,,,,3
2026-01-24 08:58:02.468957,0x433aad0c,101,4.245,13.113334,3.4027224,5.0,-70,,3,3
2026-01-24 08:58:38.154424,0x433ad35c,99,4.177,11.84,2.7596946,6.5,-57,,3,3
2026-01-24 08:58:39.694183,0x433e9c88,96,4.142,14.178332,1.1295555,,,,,3
2026-01-24 08:59:39.994884,0x433e9c88,101,4.212,11.331667,1.1436945,,,,,3
2026-01-24 09:00:39.854850,0x433e9c88,101,4.233,12.578334,1.1583055,,,,,3
2026-01-24 09:00:51.198391,0x433b0b38,99,4.182,14.331667,3.6375556,5.75,-76,,5,5
2026-01-24 09:01:39.891502,0x433e9c88,101,4.208,13.45,1.1836112,,,,,3
