datetime,fromNode,ch3Voltage,ch3Current,rxSnr,rxRssi,rxTime,hopStart,hopLimit
2026-01-28 03:02:54.642240,0x433abf20,13.2725,66.25,5.75,-75,1769598167,3,3
2026-01-28 03:03:52.586558,0x433b0b38,13.2525,61.25,5.75,-72,1769598225,5,5
2026-01-28 03:05:16.541181,0x433acb14,13.25625,66.25,5.0,-89,1769598309,3,3
2026-01-28 03:08:07.170389,0x433ad35c,13.27125,65.0,6.5,-54,1769598480,3,3
2026-01-28 03:08:16.846097,0x433abf20,13.2725,66.25,5.75,-75,1769598490,3,1
2026-01-28 03:08:54.019622,0x433b0b38,13.2525,62.5,6.0,-73,1769598527,5,5
2026-01-28 03:10:09.452929,0x433b0098,13.2375,71.25,6.25,-61,1769598602,2,2
2026-01-28 03:10:19.069881,0x433acb14,13.25625,66.25,5.75,-89,1769598612,3,3
2026-01-28 03:12:57.032951,0x433abf20,13.26625,76.25,6.0,-74,1769598770,3,3
2026-01-28 03:13:54.611292,0x433b0b38,13.25125,62.5,5.75,-72,1769598827,5,5
2026-01-28 03:15:19.962828,0x433acb14,13.2525,76.25,5.5,-89,1769598913,3,3
2026-01-28 03:17:59.054983,0x433abf20,13.25,126.25,5.75,-75,1769599072,3,3
2026-01-28 03:18:11.032057,0x433ad35c,13.26875,75.0,5.75,-54,1769599084,3,3
2026-01-28 03:18:58.647014,0x433b0b38,13.25625,63.75,6.0,-73,1769599131,5,5
2026-01-28 03:20:09.507898,0x433b0098,13.2425,61.25,6.25,-61,1769599202,2,2
2026-01-28 03:20:20.658724,0x433acb14,13.25625,62.5,5.25,-89,1769599213,3,3
2026-01-28 03:22:59.764674,0x433abf20,13.27125,61.25,5.75,-75,1769599372,3,3
2026-01-28 03:23:57.132764,0x433b0b38,13.24875,73.75,6.0,-73,1769599430,5,5
2026-01-28 03:25:22.112300,0x433acb14,13.255,66.25,5.5,-89,1769599515,3,3
2026-01-28 03:28:01.693977,0x433abf20,13.2675,76.25,6.0,-75,1769599674,3,3
2026-01-28 03:28:13.705816,0x433ad35c,13.27125,61.25,6.0,-53,1769599686,3,3
2026-01-28 03:28:59.362153,0x433b0b38,13.25125,75.0,5.5,-72,1769599732,5,5
2026-01-28 03:30:15.022417,0x433b0098,13.24375,61.25,6.25,-61,1769599808,2,2
2026-01-28 03:30:23.523849,0x433acb14,13.25,73.75,4.75,-90,1769599816,3,3
2026-01-28 03:32:29.218146,0x433af380,13.18125,82.5,6.5,-39,1769599942,3,3
2026-01-28 03:33:02.377072,0x433abf20,13.2475,132.5,5.75,-75,1769599975,3,3
2026-01-28 03:33:59.852912,0x433b0b38,13.24625,73.75,6.0,-72,1769600033,5,5
2026-01-28 03:35:25.285169,0x433acb14,13.25375,62.5,5.5,-86,1769600118,3,3
2026-01-28 03:38:03.143700,0x433abf20,13.265,72.5,5.75,-75,1769600276,3,3
2026-01-28 03:38:17.047306,0x433ad35c,13.27125,61.25,6.5,-53,1769600290,3,3
2026-01-28 03:39:01.687948,0x433b0b38,13.25125,61.25,5.75,-72,1769600334,5,5
2026-01-28 03:40:17.389804,0x433b0098,13.24375,60.0,6.5,-60,1769600410,2,2
2026-01-28 03:40:26.765583,0x433acb14,13.255,65.0,4.0,-88,1769600419,3,3
2026-01-28 03:43:05.152778,0x433abf20,13.27125,62.5,6.0,-75,1769600578,3,3
2026-01-28 03:44:02.865108,0x433b0b38,13.2525,65.0,6.0,-72,1769600636,5,5
2026-01-28 03:45:26.788471,0x433acb14,13.25,80.0,4.5,-88,1769600719,3,3
2026-01-28 03:48:05.543032,0x433abf20,13.26875,66.25,6.0,-75,1769600878,3,3
2026-01-28 03:48:18.299475,0x433ad35c,13.27,61.25,5.75,-54,1769600891,3,3
2026-01-28 03:49:03.696639,0x433b0b38,13.25375,57.5,5.75,-73,1769600936,5,5
2026-01-28 03:50:19.745624,0x433b0098,13.2425,62.5,6.25,-60,1769601012,2,2
2026-01-28 03:50:31.469369,0x433acb14,13.255,62.5,4.75,-89,1769601024,3,3
2026-01-28 03:53:07.881686,0x433abf20,13.26625,73.75,6.0,-75,1769601181,3,3
2026-01-28 03:54:05.538379,0x433b0b38,13.24625,71.25,5.75,-73,1769601238,5,5
2026-01-28 03:55:30.072460,0x433acb14,13.25,76.25,4.75,-88,1769601323,3,3
2026-01-28 03:58:21.514805,0x433ad35c,13.26875,76.25,6.5,-53,1769601494,3,3
2026-01-28 03:59:06.039850,0x433b0b38,13.25125,61.25,5.75,-72,1769601539,5,5
2026-01-28 04:00:22.612602,0x433b0098,13.24375,62.5,6.25,-61,1769601615,2,2
2026-01-28 04:00:31.273814,0x433acb14,13.25375,65.0,4.75,-89,1769601624,3,3
2026-01-27 21:01:14.028192,0x433abf20,13.275,72.5,3.5,-75,1769576467,3,3
2026-01-27 21:02:14.541773,0x433b0b38,13.2575,72.5,3.5,-73,1769576528,5,5
2026-01-27 21:03:43.760506,0x433acb14,13.27125,66.25,-7.0,-90,1769576617,3,3
2026-01-27 21:06:15.456802,0x433abf20,13.27625,62.5,5.5,-74,1769576769,3,3
2026-01-27 21:06:32.358280,0x433ad35c,13.2825,63.75,6.5,-54,1769576786,3,3
2026-01-27 21:07:13.182320,0x433b0b38,13.26125,58.75,5.5,-71,1769576827,5,5
2026-01-27 21:08:34.047150,0x433b0098,13.245,72.5,5.5,-61,1769576907,2,2
2026-01-27 21:08:42.446557,0x433acb14,13.26625,71.25,-9.25,-91,1769576916,3,3
2026-01-27 21:11:18.159671,0x433abf20,13.2725,73.75,5.5,-74,1769577071,3,3
2026-01-27 21:12:16.140862,0x433b0b38,13.26,62.5,4.0,-70,1769577129,5,5
2026-01-27 21:13:43.694559,0x433acb14,13.27,61.25,-11.75,-94,1769577217,3,3
2026-01-27 21:16:17.525591,0x433abf20,13.2775,66.25,6.0,-74,1769577371,3,3
2026-01-27 21:16:35.790075,0x433ad35c,13.28,62.5,5.75,-54,1769577389,3,3
2026-01-27 21:17:15.191885,0x433b0b38,13.2625,63.75,5.75,-70,1769577429,5,5
2026-01-27 21:18:38.635019,0x433b0098,13.25,63.75,7.0,-63,1769577512,2,2
2026-01-27 21:18:46.131876,0x433acb14,13.26875,63.75,5.0,-85,1769577519,3,3
2026-01-27 21:21:20.821968,0x433abf20,13.27625,63.75,7.5,-74,1769577674,3,3
2026-01-27 21:22:16.193596,0x433b0b38,13.26125,65.0,6.0,-71,1769577730,5,5
2026-01-27 21:23:46.232266,0x433acb14,13.26625,73.75,-2.5,-100,1769577820,3,3
2026-01-27 21:26:24.589112,0x433abf20,13.27375,72.5,6.25,-74,1769577978,3,3
2026-01-27 21:26:35.955342,0x433ad35c,13.28,75.0,6.5,-53,1769577989,3,3
2026-01-27 21:27:19.828333,0x433b0b38,13.26125,60.0,6.0,-70,1769578033,5,5
2026-01-27 21:28:44.461978,0x433b0098,13.24625,68.75,6.5,-62,1769578118,2,2
2026-01-27 21:28:48.558711,0x433acb14,13.24625,131.25,4.25,-88,1769578122,3,3
2026-01-27 21:31:21.722333,0x433af380,13.1925,81.25,6.25,-38,1769578275,3,3
2026-01-27 21:31:23.467369,0x433abf20,13.27625,61.25,5.75,-74,1769578277,3,3
2026-01-27 21:32:19.557066,0x433b0b38,13.25125,90.0,6.0,-70,1769578333,5,5
2026-01-27 21:33:49.479871,0x433acb14,13.27,65.0,-5.25,-104,1769578423,3,3
2026-01-27 21:36:24.233044,0x433abf20,13.2775,62.5,5.5,-76,1769578578,3,3
2026-01-27 21:36:39.249799,0x433ad35c,13.2775,76.25,6.0,-54,1769578593,3,3
2026-01-27 21:37:22.437626,0x433b0b38,13.26375,61.25,5.5,-70,1769578636,5,5
2026-01-27 21:38:42.769509,0x433b0098,13.245,73.75,6.25,-62,1769578716,2,2
2026-01-27 21:38:50.931236,0x433acb14,13.26375,72.5,-0.25,-94,1769578724,3,3
2026-01-27 21:41:34.312629,0x433abf20,13.27625,65.0,5.5,-75,1769578888,3,3
2026-01-27 21:42:24.187368,0x433b0b38,13.25875,60.0,6.0,-72,1769578937,5,5
2026-01-27 21:43:51.508386,0x433acb14,13.26875,65.0,1.0,-94,1769579025,3,3
2026-01-27 21:46:27.377089,0x433abf20,13.27375,75.0,5.25,-75,1769579181,3,3
2026-01-27 21:46:41.001590,0x433ad35c,13.28125,62.5,7.25,-54,1769579194,3,3
2026-01-27 21:47:26.046557,0x433b0b38,13.25875,62.5,5.75,-73,1769579239,5,5
2026-01-27 21:48:45.954656,0x433b0098,13.2525,63.75,6.0,-62,1769579319,2,2
2026-01-27 21:48:53.712844,0x433acb14,13.265,71.25,-0.25,-93,1769579327,3,3
2026-01-27 21:51:32.070119,0x433abf20,13.27625,62.5,5.5,-75,1769579485,3,3
2026-01-27 21:52:26.256083,0x433b0b38,13.26125,65.0,5.25,-72,1769579540,5,5
2026-01-27 21:53:54.962748,0x433acb14,13.26875,63.75,3.25,-90,1769579628,3,3
2026-01-27 21:56:30.982017,0x433abf20,13.27625,60.0,5.5,-76,1769579784,3,3
2026-01-27 21:56:43.553279,0x433ad35c,13.2775,75.0,6.75,-54,1769579797,3,3
2026-01-27 21:57:26.912838,0x433b0b38,13.2625,63.75,6.5,-72,1769579840,5,5
2026-01-27 21:58:46.035808,0x433b0098,13.24625,70.0,6.75,-61,1769579919,2,2
2026-01-27 21:58:55.522741,0x433acb14,13.26875,63.75,3.5,-91,1769579929,3,3
2026-01-25 01:02:55.615476,0x433b0b38,13.24875,63.75,6.5,-78,,5,5
2026-01-25 01:05:54.588185,0x433aad0c,12.92875,71.25,5.75,-70,,3,3
2026-01-25 01:06:56.849302,0x433ad35c,13.2575,75.0,6.0,-56,,3,3
2026-01-25 01:07:57.585566,0x433b0b38,13.24625,57.5,5.75,-78,,5,5
2026-01-25 01:12:57.973545,0x433b0b38,13.2475,60.0,5.5,-77,,5,5
2026-01-25 01:15:53.531319,0x433aad0c,12.93,61.25,6.0,-69,,3,3
2026-01-25 01:16:57.076245,0x433af380,13.21875,71.25,7.25,-34,,3,3
2026-01-25 01:17:05.133465,0x433ad35c,13.26,67.5,6.25,-55,,3,3
2026-01-25 01:17:59.604285,0x433b0b38,13.25,58.75,5.5,-78,,5,5
2026-01-25 01:23:05.090192,0x433b0b38,13.24875,63.75,6.0,-76,,5,4
2026-01-25 01:25:54.058779,0x433aad0c,12.9275,63.75,6.0,-69,,3,3
2026-01-25 01:27:01.965156,0x433ad35c,13.25625,77.5,5.75,-56,,3,3
2026-01-25 01:28:03.562879,0x433b0b38,13.24875,63.75,5.5,-78,,5,5
2026-01-25 01:33:04.280926,0x433b0b38,13.24875,62.5,5.5,-78,,5,5
2026-01-25 01:35:54.476254,0x433aad0c,12.92375,60.0,6.0,-70,,3,3
2026-01-25 01:37:05.425326,0x433ad35c,13.26,60.0,6.25,-56,,3,3
2026-01-25 01:38:05.001218,0x433b0b38,13.245,62.5,5.75,-78,,5,5
2026-01-25 01:43:06.182941,0x433b0b38,13.24375,68.75,5.75,-78,,5,5
2026-01-25 01:45:54.745675,0x433aad0c,12.92,63.75,6.0,-70,,3,3
2026-01-25 01:47:06.890410,0x433ad35c,13.25875,63.75,7.0,-56,,3,3
2026-01-25 01:48:07.756107,0x433b0b38,13.2425,71.25,6.0,-78,,5,5
2026-01-25 01:53:08.549312,0x433b0b38,13.24125,68.75,5.25,-78,,5,5
2026-01-25 01:55:55.265513,0x433aad0c,12.91875,58.75,6.25,-70,,3,3
2026-01-25 01:57:08.617768,0x433ad35c,13.25625,103.75,6.5,-56,,3,3
2026-01-25 01:58:09.995708,0x433b0b38,13.24,67.5,5.75,-77,,5,5
2026-01-23 14:04:10.521362,0x433b0b38,13.26125,62.5,6.0,-75,,5,5
2026-01-23 14:04:39.046202,0x433aad0c,13.13625,62.5,6.0,-71,,3,3
2026-01-23 14:07:42.521136,0x433ad35c,13.28,72.5,5.75,-59,,3,3
2026-01-23 14:07:49.418630,0x433af380,13.24125,82.5,7.25,-34,,3,3
2026-01-23 14:09:12.144903,0x433b0b38,13.255,75.0,6.0,-75,,5,5
2026-01-23 14:14:12.836515,0x433b0b38,13.2625,62.5,5.75,-77,,5,5
2026-01-23 14:14:39.800076,0x433aad0c,13.13,71.25,6.0,-71,,3,3
2026-01-23 14:17:45.505377,0x433ad35c,13.2825,65.0,6.25,-59,,3,3
2026-01-23 14:19:14.178172,0x433b0b38,13.2625,65.0,5.5,-75,,5,5
2026-01-23 14:24:14.722724,0x433b0b38,13.26375,65.0,5.5,-76,,5,5
2026-01-23 14:24:38.150358,0x433aad0c,13.13,72.5,6.0,-70,,3,3
2026-01-23 14:27:47.207833,0x433ad35c,13.2775,77.5,5.75,-58,,3,3
2026-01-23 14:29:16.575439,0x433b0b38,13.26125,60.0,5.5,-75,,5,5
2026-01-23 14:34:17.821929,0x433b0b38,13.2575,75.0,5.5,-76,,5,5
2026-01-23 14:34:38.379102,0x433aad0c,13.135,62.5,6.0,-71,,3,3
2026-01-23 14:37:49.547934,0x433ad35c,13.2775,75.0,6.0,-58,,3,3
2026-01-23 14:39:18.390459,0x433b0b38,13.2625,63.75,6.0,-75,,5,5
2026-01-23 14:44:20.195731,0x433b0b38,13.2525,83.75,5.75,-76,,5,5
2026-01-23 14:44:38.668986,0x433aad0c,13.13375,63.75,5.75,-70,,3,3
2026-01-23 14:47:52.518629,0x433ad35c,13.28,62.5,6.0,-59,,3,3
2026-01-23 14:49:21.358976,0x433b0b38,13.245,77.5,5.5,-76,,5,5
2026-01-23 14:54:21.790598,0x433b0b38,13.25875,76.25,5.75,-76,,5,5
2026-01-23 14:54:38.838358,0x433aad0c,13.13125,60.0,6.5,-77,,3,3
2026-01-23 14:57:54.241344,0x433ad35c,13.27875,62.5,7.0,-58,,3,3
2026-01-23 14:59:22.955959,0x433b0b38,13.26125,65.0,6.5,-74,,5,5
2026-01-26 12:00:25.194668,0x433b0098,13.24375,62.5,7.0,-62,1769457622,2,2
2026-01-26 12:03:03.232806,0x433abf20,13.26875,60.0,5.5,-76,1769457780,3,3
2026-01-26 12:03:34.325258,0x433b0b38,13.24625,62.5,6.0,-74,1769457811,5,5
2026-01-26 12:04:46.365678,0x433acb14,13.2875,76.25,1.5,-96,1769457883,3,3
2026-01-26 12:07:41.545226,0x433ad35c,13.28,62.5,5.75,-53,1769458058,3,3
2026-01-26 12:08:04.107029,0x433abf20,13.26375,73.75,5.5,-76,1769458081,3,3
2026-01-26 12:08:35.532116,0x433b0b38,13.24625,57.5,6.25,-73,1769458112,5,5
2026-01-26 12:09:47.915631,0x433acb14,13.29,72.5,1.25,-96,1769458184,3,3
2026-01-26 12:10:26.766456,0x433b0098,13.23875,72.5,5.75,-62,1769458223,2,2
2026-01-26 12:13:06.644810,0x433abf20,13.265,68.75,5.75,-76,1769458383,3,3
2026-01-26 12:13:34.998075,0x433b0b38,13.2425,75.0,5.5,-73,1769458411,5,5
2026-01-26 12:14:50.190951,0x433acb14,13.2925,63.75,1.75,-96,1769458487,3,3
2026-01-26 12:17:43.483166,0x433ad35c,13.27875,76.25,7.0,-54,1769458660,3,3
2026-01-26 12:18:06.398240,0x433abf20,13.26875,66.25,5.75,-76,1769458683,3,3
2026-01-26 12:18:36.568174,0x433b0b38,13.24375,76.25,5.75,-73,1769458713,5,5
2026-01-26 12:19:50.032568,0x433acb14,13.29125,65.0,-1.75,-100,1769458787,3,3
2026-01-26 12:20:27.650690,0x433b0098,13.2375,71.25,6.5,-62,1769458824,2,2
2026-01-26 12:23:07.215236,0x433abf20,13.26625,70.0,5.75,-75,1769458984,3,3
2026-01-26 12:23:36.859511,0x433b0b38,13.24,75.0,5.5,-73,1769459013,5,5
2026-01-26 12:24:54.760153,0x433acb14,13.2875,73.75,2.25,-94,1769459091,3,3
2026-01-26 12:25:11.708394,0x433af380,13.20625,81.25,6.5,-40,1769459108,3,3
2026-01-26 12:27:46.017044,0x433ad35c,13.28375,63.75,7.5,-53,1769459262,3,3
2026-01-26 12:28:07.362485,0x433abf20,13.26875,62.5,5.25,-76,1769459284,3,3
2026-01-26 12:28:39.290761,0x433b0b38,13.2425,70.0,5.5,-74,1769459316,5,5
2026-01-26 12:29:52.464652,0x433acb14,13.28875,67.5,2.0,-95,1769459389,3,3
2026-01-26 12:30:31.044357,0x433b0098,13.2425,58.75,6.0,-62,1769459428,2,2
2026-01-26 12:33:09.194173,0x433abf20,13.2725,62.5,5.25,-75,1769459586,3,3
2026-01-26 12:33:40.622608,0x433b0b38,13.24625,73.75,6.0,-73,1769459617,5,5
2026-01-26 12:34:58.025917,0x433acb14,13.295,62.5,2.5,-94,1769459694,3,3
2026-01-26 12:37:48.644581,0x433ad35c,13.28,78.75,6.0,-55,1769459865,3,3
2026-01-26 12:38:10.553130,0x433abf20,13.2725,65.0,5.75,-75,1769459887,3,3
2026-01-26 12:38:40.753361,0x433b0b38,13.245,73.75,5.5,-74,1769459917,5,5
2026-01-26 12:39:58.283033,0x433acb14,13.2925,63.75,3.5,-93,1769459995,3,3
2026-01-26 12:40:32.825485,0x433b0098,13.25125,57.5,6.25,-61,1769460029,2,2
2026-01-26 12:43:11.280603,0x433abf20,13.26875,75.0,5.5,-76,1769460188,3,3
2026-01-26 12:43:43.614070,0x433b0b38,13.245,75.0,6.0,-74,1769460220,5,5
2026-01-26 12:44:56.512066,0x433acb14,13.29,73.75,3.75,-92,1769460293,3,3
2026-01-26 12:47:50.259256,0x433ad35c,13.2825,75.0,6.0,-54,1769460467,3,3
2026-01-26 12:48:12.378736,0x433abf20,13.2675,72.5,5.75,-76,1769460489,3,3
2026-01-26 12:48:44.040398,0x433b0b38,13.24875,61.25,5.5,-73,1769460520,5,5
2026-01-26 12:49:59.690255,0x433acb14,13.26625,138.75,1.75,-95,1769460596,3,3
2026-01-26 12:50:34.282721,0x433b0098,13.25125,61.25,7.0,-62,1769460631,2,2
2026-01-26 12:53:14.465703,0x433abf20,13.26375,65.0,5.5,-75,1769460791,3,3
2026-01-26 12:53:44.470887,0x433b0b38,13.2475,76.25,6.25,-74,1769460821,5,5
2026-01-26 12:55:01.267764,0x433acb14,13.2925,63.75,1.75,-95,1769460898,3,3
2026-01-26 12:57:53.658763,0x433ad35c,13.28125,77.5,6.0,-54,1769461070,3,3
2026-01-26 12:58:15.996796,0x433abf20,13.26875,72.5,6.0,-75,1769461092,3,3
2026-01-26 12:58:45.731699,0x433b0b38,13.24875,75.0,5.75,-73,1769461122,5,5
2026-01-25 19:00:10.091298,0x433acb14,13.29625,126.25,2.75,-93,1769396408,3,3
2026-01-25 19:02:57.330138,0x433ad35c,13.285,65.0,6.25,-54,1769396575,3,3
2026-01-25 19:03:55.743783,0x433b0b38,13.26125,63.75,5.75,-74,1769396634,5,5
2026-01-25 19:04:02.569679,0x433abf20,13.26625,76.25,6.0,-76,1769396641,3,3
2026-01-25 19:05:10.943479,0x433acb14,13.315,72.5,3.0,-93,1769396709,3,3
2026-01-25 19:06:08.485662,0x433b0098,13.24875,60.0,6.25,-60,1769396767,2,2
2026-01-25 19:08:59.002432,0x433b0b38,13.26375,63.75,6.5,-73,1769396937,5,5
2026-01-25 19:09:03.383899,0x433abf20,13.27,65.0,6.25,-76,1769396941,3,3
2026-01-25 19:10:13.873176,0x433acb14,13.31375,78.75,3.0,-92,1769397012,3,3
2026-01-25 19:12:58.300391,0x433ad35c,13.28125,76.25,6.25,-53,1769397176,3,3
2026-01-25 19:14:00.193485,0x433b0b38,13.2625,65.0,5.5,-74,1769397238,5,5
2026-01-25 19:14:04.627748,0x433abf20,13.26625,88.75,5.5,-76,1769397243,3,3
2026-01-25 19:15:15.777484,0x433acb14,13.3175,63.75,3.25,-92,1769397314,3,3
2026-01-25 19:16:12.607771,0x433b0098,13.24375,75.0,6.5,-60,1769397371,2,2
2026-01-25 19:19:00.535665,0x433b0b38,13.26,75.0,6.75,-73,1769397539,5,5
2026-01-25 19:19:04.830158,0x433abf20,13.2675,77.5,6.0,-76,1769397543,3,3
2026-01-25 19:20:17.387837,0x433acb14,13.31125,75.0,3.25,-93,1769397615,3,3
2026-01-25 19:22:20.066755,0x433af380,13.20375,81.25,6.75,-38,1769397738,3,3
2026-01-25 19:23:01.411436,0x433ad35c,13.28,75.0,6.0,-54,1769397780,3,3
2026-01-25 19:24:00.149792,0x433b0b38,13.26125,63.75,6.0,-74,1769397838,5,5
2026-01-25 19:24:05.917405,0x433abf20,13.26625,78.75,5.5,-76,1769397844,3,3
2026-01-25 19:25:22.256241,0x433acb14,13.315,62.5,3.25,-93,1769397920,3,3
2026-01-25 19:26:13.669005,0x433b0098,13.25,62.5,6.25,-60,1769397972,2,2
2026-01-25 19:29:02.958927,0x433b0b38,13.25625,70.0,6.5,-73,1769398141,5,5
2026-01-25 19:29:06.122409,0x433abf20,13.25,123.75,5.25,-76,1769398144,3,3
2026-01-25 19:30:19.842162,0x433acb14,13.3125,73.75,3.5,-92,1769398218,3,3
2026-01-25 19:33:04.508328,0x433ad35c,13.2825,63.75,5.75,-53,1769398383,3,3
2026-01-25 19:34:02.731888,0x433b0b38,13.2625,60.0,6.0,-73,1769398441,5,5
2026-01-25 19:34:16.495855,0x433abf20,13.26375,78.75,5.75,-76,1769398455,3,3
2026-01-25 19:35:20.314978,0x433acb14,13.315,60.0,3.5,-93,1769398518,3,3
2026-01-25 19:36:14.735092,0x433b0098,13.245,75.0,6.0,-60,1769398573,2,2
2026-01-25 19:39:04.910838,0x433b0b38,13.26125,61.25,5.75,-73,1769398743,5,5
2026-01-25 19:39:08.490579,0x433abf20,13.2675,65.0,5.75,-76,1769398747,3,3
2026-01-25 19:40:22.721685,0x433acb14,13.31125,75.0,2.75,-93,1769398821,3,3
2026-01-25 19:43:06.880109,0x433ad35c,13.2725,65.0,6.25,-54,1769398985,3,3
2026-01-25 19:44:07.765960,0x433b0b38,13.26375,63.75,6.0,-74,1769399046,5,5
2026-01-25 19:44:11.481375,0x433abf20,13.27,57.5,5.0,-76,1769399050,3,3
2026-01-25 19:45:22.748776,0x433acb14,13.31375,60.0,2.5,-94,1769399121,3,3
2026-01-25 19:46:17.461054,0x433b0098,13.24625,62.5,6.0,-61,1769399176,2,2
2026-01-25 19:49:07.425629,0x433b0b38,13.26,62.5,5.75,-73,1769399345,5,5
2026-01-25 19:49:12.581125,0x433abf20,13.26875,63.75,6.0,-76,1769399351,3,3
2026-01-25 19:50:26.559940,0x433acb14,13.31375,67.5,3.5,-93,1769399425,3,3
2026-01-25 19:53:08.848711,0x433ad35c,13.2825,63.75,5.75,-53,1769399587,3,3
2026-01-25 19:54:10.615238,0x433b0b38,13.2525,76.25,5.75,-73,1769399649,5,5
2026-01-25 19:54:15.926201,0x433abf20,13.27,66.25,6.0,-76,1769399654,3,3
2026-01-25 19:55:25.922044,0x433acb14,13.31125,76.25,3.25,-93,1769399724,3,3
2026-01-25 19:56:20.377120,0x433b0098,13.2475,62.5,6.0,-61,1769399778,2,2
2026-01-28 08:04:13.039723,0x433abf20,13.2675,65.0,5.75,-75,1769616245,3,3
2026-01-28 08:05:10.796677,0x433b0b38,13.25,63.75,5.5,-73,1769616303,5,5
2026-01-28 08:06:38.568853,0x433acb14,13.24,73.75,3.75,-92,1769616391,3,3
2026-01-28 08:09:13.668831,0x433abf20,13.26625,65.0,5.75,-75,1769616546,3,3
2026-01-28 08:09:30.257789,0x433ad35c,13.26375,78.75,6.25,-54,1769616563,3,3
2026-01-28 08:10:11.970683,0x433b0b38,13.2475,62.5,5.5,-72,1769616604,5,5
2026-01-28 08:11:23.553836,0x433b0098,13.23875,60.0,5.75,-61,1769616676,2,2
2026-01-28 08:11:39.788706,0x433acb14,13.22125,126.25,3.75,-91,1769616692,3,3
2026-01-28 08:14:14.668615,0x433abf20,13.2675,61.25,5.75,-75,1769616847,3,3
2026-01-28 08:15:12.644538,0x433b0b38,13.25,82.5,5.75,-72,1769616905,5,5
2026-01-28 08:16:39.984211,0x433acb14,13.2425,66.25,5.5,-89,1769616992,3,3
2026-01-28 08:19:16.820400,0x433abf20,13.2675,62.5,6.25,-75,1769617149,3,3
2026-01-28 08:19:34.584854,0x433ad35c,13.26375,77.5,6.25,-54,1769617167,3,3
2026-01-28 08:20:15.058428,0x433b0b38,13.25,61.25,5.75,-73,1769617207,5,5
2026-01-28 08:21:23.272196,0x433b0098,13.2325,73.75,6.0,-61,1769617276,2,2
2026-01-28 08:21:42.588849,0x433acb14,13.245,68.75,4.5,-89,1769617295,3,3
2026-01-28 08:24:18.104320,0x433abf20,13.26625,61.25,5.75,-75,1769617450,3,3
2026-01-28 08:25:17.048962,0x433b0b38,13.245,76.25,5.5,-73,1769617509,5,5
2026-01-28 08:26:42.765065,0x433acb14,13.2375,72.5,5.0,-89,1769617595,3,3
2026-01-28 08:29:20.189108,0x433abf20,13.26625,61.25,6.0,-75,1769617752,3,3
2026-01-28 08:29:37.778736,0x433ad35c,13.25,131.25,6.5,-54,1769617770,3,3
2026-01-28 08:30:17.307541,0x433b0b38,13.24625,58.75,6.0,-73,1769617810,5,5
2026-01-28 08:31:24.190956,0x433b0098,13.23375,73.75,6.25,-61,1769617876,2,2
2026-01-28 08:31:46.107477,0x433acb14,13.245,67.5,3.75,-92,1769617898,3,3
2026-01-28 08:33:32.905472,0x433af380,13.1825,83.75,6.25,-38,1769618005,3,3
2026-01-28 08:34:22.367536,0x433abf20,13.26625,63.75,5.75,-75,1769618055,3,3
2026-01-28 08:35:18.032145,0x433b0b38,13.25125,66.25,5.75,-72,1769618110,5,5
2026-01-28 08:36:49.076838,0x433acb14,13.24,77.5,3.75,-92,1769618201,3,3
2026-01-28 08:39:21.818328,0x433abf20,13.2625,78.75,6.25,-74,1769618354,3,3
2026-01-28 08:39:41.429309,0x433ad35c,13.26625,63.75,6.25,-55,1769618374,3,3
2026-01-28 08:40:21.421997,0x433b0b38,13.245,73.75,4.25,-73,1769618414,5,5
2026-01-28 08:41:28.525984,0x433b0098,13.23875,57.5,6.5,-61,1769618481,2,2
2026-01-28 08:41:47.925672,0x433acb14,13.24375,78.75,4.0,-92,1769618500,3,3
2026-01-28 08:44:23.684229,0x433abf20,13.26625,62.5,6.25,-75,1769618656,3,3
2026-01-28 08:45:22.681797,0x433b0b38,13.24875,63.75,6.0,-73,1769618715,5,5
2026-01-28 08:46:50.255083,0x433acb14,13.24375,63.75,2.5,-93,1769618802,3,3
2026-01-28 08:49:25.395933,0x433abf20,13.265,62.5,5.75,-75,1769618958,3,3
2026-01-28 08:49:42.619356,0x433ad35c,13.265,75.0,6.0,-54,1769618975,3,3
2026-01-28 08:50:22.623141,0x433b0b38,13.22125,90.0,6.0,-73,1769619015,5,5
2026-01-28 08:51:33.105308,0x433b0098,13.23875,61.25,5.75,-62,1769619085,2,2
2026-01-28 08:51:50.203524,0x433acb14,13.23875,76.25,3.25,-93,1769619102,3,3
2026-01-28 08:54:25.986335,0x433abf20,13.26625,65.0,6.25,-75,1769619258,3,3
2026-01-28 08:55:24.382653,0x433b0b38,13.2425,75.0,6.25,-72,1769619317,5,5
2026-01-28 08:56:51.663929,0x433acb14,13.2425,65.0,3.25,-94,1769619404,3,3
2026-01-28 08:59:45.642366,0x433ad35c,13.26875,63.75,6.0,-53,1769619578,3,3
2026-01-28 09:00:25.935911,0x433b0b38,13.24375,72.5,6.0,-73,1769619618,5,5
2026-01-28 09:01:32.706951,0x433b0098,13.23375,72.5,6.25,-61,1769619685,2,2
2026-01-28 09:01:52.705562,0x433acb14,13.2425,62.5,3.5,-94,1769619705,3,3
2026-01-23 00:01:53.493236,0x433ad35c,13.2625,71.25,6.0,-28,,3,3
2026-01-23 00:02:12.073273,0x433aad0c,13.2775,75.0,6.5,-36,,3,3
2026-01-23 00:03:03.046778,0x433b0b38,13.25625,65.0,6.0,-4,,5,5
2026-01-23 00:03:26.115696,0x433acb14,13.26,78.75,7.25,-11,,3,3
2026-01-23 00:08:05.648392,0x433b0b38,13.25875,67.5,6.0,-4,,5,5
2026-01-23 00:08:28.125632,0x433acb14,13.26,75.0,6.5,-11,,3,3
2026-01-23 00:11:56.015492,0x433ad35c,13.2675,75.0,6.75,-29,,3,3
2026-01-23 00:12:12.998520,0x433aad0c,13.27875,62.5,5.75,-36,,3,3
2026-01-23 00:13:08.209646,0x433b0b38,13.25625,85.0,6.0,-3,,5,5
2026-01-23 00:13:30.945972,0x433acb14,13.2575,75.0,6.75,-11,,3,3
2026-01-23 00:18:07.177865,0x433b0b38,13.25625,61.25,5.75,-3,,5,5
2026-01-23 00:18:29.593476,0x433acb14,13.26375,65.0,6.5,-12,,3,3
2026-01-23 00:20:39.714791,0x433af380,13.26375,66.25,7.0,-11,,3,3
2026-01-23 00:21:59.120266,0x433ad35c,13.26875,66.25,6.75,-29,,3,3
2026-01-23 00:23:08.646405,0x433b0b38,13.25875,66.25,6.25,-4,,5,5
2026-01-23 00:23:30.928274,0x433acb14,13.265,61.25,6.5,-10,,3,3
2026-01-23 00:28:15.628865,0x433b0b38,13.25375,77.5,6.0,-4,,5,5
2026-01-23 00:28:32.393168,0x433acb14,13.25875,77.5,8.0,-11,,3,3
2026-01-23 00:32:01.105160,0x433ad35c,13.26,77.5,6.25,-28,,3,3
2026-01-23 00:32:18.331789,0x433aad0c,13.2775,62.5,5.75,-36,,3,3
2026-01-23 00:33:13.279302,0x433b0b38,13.25625,62.5,6.5,-3,,5,5
2026-01-23 00:33:33.848187,0x433acb14,13.26,80.0,7.25,-11,,3,3
2026-01-23 00:38:13.215551,0x433b0b38,13.2575,60.0,6.25,-3,,5,5
2026-01-23 00:38:35.934751,0x433acb14,13.26125,63.75,6.25,-11,,3,3
2026-01-23 00:42:04.405491,0x433ad35c,13.26875,60.0,6.0,-28,,3,3
2026-01-23 00:42:20.915842,0x433aad0c,13.2775,66.25,6.25,-37,,3,3
2026-01-23 00:43:17.662427,0x433b0b38,13.2575,75.0,7.0,-4,,5,5
2026-01-23 00:43:36.959405,0x433acb14,13.25125,83.75,6.25,-11,,3,3
2026-01-23 00:48:16.330170,0x433b0b38,13.2525,78.75,6.0,-3,,5,5
2026-01-23 00:48:37.946184,0x433acb14,13.26125,66.25,6.25,-11,,3,3
2026-01-23 00:52:07.011145,0x433ad35c,13.2675,61.25,6.25,-28,,3,3
2026-01-23 00:52:24.302653,0x433aad0c,13.27375,73.75,7.0,-37,,3,3
2026-01-23 00:53:17.475258,0x433b0b38,13.25125,73.75,6.25,-3,,5,5
2026-01-23 00:53:38.720090,0x433acb14,13.2625,61.25,7.25,-11,,3,3
2026-01-23 00:58:20.314279,0x433b0b38,13.25,73.75,6.5,-4,,5,5
2026-01-23 00:58:41.116696,0x433acb14,13.26125,61.25,6.25,-11,,3,3
2026-01-23 03:02:41.418662,0x433ad35c,13.265,58.75,6.5,-28,,3,3
2026-01-23 03:02:58.304630,0x433aad0c,13.27625,58.75,5.75,-36,,3,3
2026-01-23 03:03:51.312335,0x433b0b38,13.2575,61.25,6.25,-3,,5,5
2026-01-23 03:04:12.900270,0x433acb14,13.26,67.5,6.0,-11,,3,3
2026-01-23 03:08:53.565004,0x433b0b38,13.25125,73.75,6.5,-4,,5,5
2026-01-23 03:09:13.233482,0x433acb14,13.2575,76.25,6.25,-11,,3,3
2026-01-23 03:12:44.032235,0x433ad35c,13.26375,62.5,6.5,-29,,3,3
2026-01-23 03:13:00.642603,0x433aad0c,13.2725,75.0,6.25,-36,,3,3
2026-01-23 03:13:55.086889,0x433b0b38,13.2575,63.75,6.0,-4,,5,5
2026-01-23 03:14:14.503482,0x433acb14,13.26125,61.25,7.0,-11,,3,3
2026-01-23 03:18:55.737393,0x433b0b38,13.2525,75.0,6.5,-3,,5,5
2026-01-23 03:19:15.762345,0x433acb14,13.2625,63.75,7.5,-11,,3,3
2026-01-23 03:20:43.242132,0x433af380,13.25875,67.5,7.0,-11,,3,3
2026-01-23 03:22:47.395711,0x433ad35c,13.25875,76.25,6.5,-28,,3,3
2026-01-23 03:23:04.163661,0x433aad0c,13.27625,61.25,6.5,-37,,3,3
2026-01-23 03:23:56.134016,0x433b0b38,13.25125,75.0,6.25,-3,,5,5
2026-01-23 03:24:17.763137,0x433acb14,13.25875,76.25,6.0,-11,,3,3
2026-01-23 03:28:57.428924,0x433b0b38,13.24875,68.75,6.25,-3,,5,5
2026-01-23 03:29:19.097655,0x433acb14,13.24,128.75,6.0,-11,,3,3
2026-01-23 03:32:49.350514,0x433ad35c,13.2525,62.5,5.75,-28,,3,3
2026-01-23 03:33:06.554788,0x433aad0c,13.2775,65.0,5.75,-37,,3,3
2026-01-23 03:33:59.425481,0x433b0b38,13.255,61.25,6.25,-3,,5,5
2026-01-23 03:34:23.815267,0x433acb14,13.2375,127.5,7.0,-11,,3,3
2026-01-23 03:39:00.805833,0x433b0b38,13.25875,63.75,5.75,-4,,5,5
2026-01-23 03:39:20.938094,0x433acb14,13.2625,62.5,7.5,-11,,3,3
2026-01-23 03:42:53.150924,0x433ad35c,13.25625,76.25,6.25,-29,,3,3
2026-01-23 03:43:09.106196,0x433aad0c,13.27125,75.0,6.0,-36,,3,3
2026-01-23 03:44:01.179303,0x433b0b38,13.25625,65.0,6.25,-3,,5,5
2026-01-23 03:44:22.892946,0x433acb14,13.26,77.5,7.0,-11,,3,3
2026-01-23 03:49:03.176327,0x433b0b38,13.2575,63.75,6.25,-3,,5,5
2026-01-23 03:49:24.810480,0x433acb14,13.25375,73.75,7.5,-10,,3,3
2026-01-23 03:52:55.794892,0x433ad35c,13.2675,65.0,6.25,-29,,3,3
2026-01-23 03:53:11.418638,0x433aad0c,13.27625,65.0,6.75,-37,,3,3
2026-01-23 03:54:04.791477,0x433b0b38,13.25625,57.5,6.5,-4,,5,5
2026-01-23 03:54:26.895618,0x433acb14,13.26,65.0,6.75,-11,,3,3
2026-01-23 03:59:05.425202,0x433b0b38,13.25125,75.0,6.0,-3,,5,5
2026-01-23 03:59:28.132355,0x433acb14,13.26,62.5,6.75,-11,,3,3
2026-01-24 07:02:06.845056,0x433ad35c,13.26,78.75,5.75,-58,,3,3
2026-01-24 07:03:13.191000,0x433b0b38,13.245,77.5,5.75,-77,,5,5
2026-01-24 07:05:10.981760,0x433aad0c,13.08625,65.0,5.5,-70,,3,3
2026-01-24 07:08:13.600409,0x433b0b38,13.2475,65.0,5.5,-76,,5,5
2026-01-24 07:12:09.113816,0x433ad35c,13.26125,73.75,6.0,-60,,3,3
2026-01-24 07:12:17.427358,0x433af380,13.2175,66.25,7.0,-34,,3,3
2026-01-24 07:13:14.663067,0x433b0b38,13.24875,62.5,5.5,-77,,5,5
2026-01-24 07:15:11.389885,0x433aad0c,13.085,60.0,6.0,-71,,3,3
2026-01-24 07:18:17.218427,0x433b0b38,13.2475,61.25,6.0,-77,,5,5
2026-01-24 07:22:15.359213,0x433ad35c,13.26125,76.25,7.25,-59,,3,3
2026-01-24 07:23:16.997387,0x433b0b38,13.25,61.25,5.5,-76,,5,5
2026-01-24 07:25:13.227335,0x433aad0c,13.0825,63.75,5.5,-72,,3,3
2026-01-24 07:28:18.948738,0x433b0b38,13.2475,56.25,5.5,-76,,5,5
2026-01-24 07:32:20.225837,0x433ad35c,13.26125,72.5,6.25,-59,,3,3
2026-01-24 07:33:20.172631,0x433b0b38,13.24625,61.25,5.25,-76,,5,5
2026-01-24 07:35:17.091030,0x433aad0c,13.08125,62.5,5.75,-71,,3,3
2026-01-24 07:38:21.195378,0x433b0b38,13.24625,63.75,5.75,-76,,5,5
2026-01-24 07:42:19.683737,0x433ad35c,13.25875,72.5,6.0,-58,,3,3
2026-01-24 07:43:22.528964,0x433b0b38,13.24875,60.0,5.25,-76,,5,5
2026-01-24 07:45:14.120441,0x433aad0c,13.08125,61.25,5.75,-70,,3,3
2026-01-24 07:48:23.670763,0x433b0b38,13.24375,68.75,5.25,-76,,5,5
2026-01-24 07:52:20.059232,0x433ad35c,13.24125,140.0,6.5,-59,,3,3
2026-01-24 07:53:24.844395,0x433b0b38,13.2475,60.0,5.75,-77,,5,5
2026-01-24 07:55:14.431936,0x433aad0c,13.08,58.75,6.0,-70,,3,3
2026-01-24 07:58:25.958536,0x433b0b38,13.245,76.25,5.75,-77,,5,5
2026-01-24 15:04:13.495586,0x433ad35c,13.2925,63.75,6.5,-59,,3,3
2026-01-24 15:05:19.350241,0x433b0b38,13.26625,75.0,5.75,-78,,5,5
2026-01-24 15:05:26.890372,0x433aad0c,13.04375,57.5,4.5,-83,,3,3
2026-01-24 15:10:23.304527,0x433b0b38,13.26625,75.0,7.25,-80,,5,5
2026-01-24 15:14:17.975218,0x433af380,13.23375,68.75,7.25,-34,,3,3
2026-01-24 15:14:21.666491,0x433ad35c,13.2925,86.25,6.0,-59,,3,3
2026-01-24 15:15:23.058271,0x433b0b38,13.26625,75.0,5.75,-78,,5,5
2026-01-24 15:15:27.435493,0x433aad0c,13.045,60.0,5.5,-83,,3,3
2026-01-24 15:20:21.534562,0x433b0b38,13.27125,63.75,5.5,-78,,5,5
2026-01-24 15:24:20.983837,0x433ad35c,13.29125,63.75,6.5,-59,,3,3
2026-01-24 15:25:24.931296,0x433b0b38,13.26375,76.25,6.0,-78,,5,5
2026-01-24 15:25:28.006054,0x433aad0c,13.04125,75.0,6.25,-83,,3,3
2026-01-24 15:30:26.101368,0x433b0b38,13.27375,62.5,5.5,-81,,5,5
2026-01-24 15:34:25.559062,0x433ad35c,13.29,77.5,6.25,-59,,3,3
2026-01-24 15:35:26.534042,0x433b0b38,13.26875,82.5,5.75,-76,,5,5
2026-01-24 15:35:28.870149,0x433aad0c,13.01375,141.25,5.5,-84,,3,3
2026-01-24 15:40:27.049084,0x433b0b38,13.2675,72.5,5.5,-78,,5,5
2026-01-24 15:44:26.880177,0x433ad35c,13.2925,62.5,5.75,-59,,3,3
2026-01-24 15:45:28.221885,0x433b0b38,13.275,60.0,5.5,-78,,5,5
2026-01-24 15:45:31.145931,0x433aad0c,13.04,72.5,5.0,-83,,3,3
2026-01-24 15:50:28.851623,0x433b0b38,13.26875,70.0,6.25,-77,,5,5
2026-01-24 15:54:32.656766,0x433ad35c,13.2925,63.75,5.75,-59,,3,3
2026-01-24 15:55:30.237485,0x433aad0c,13.0325,82.5,7.25,-80,,3,3
2026-01-24 15:55:32.722807,0x433b0b38,13.2725,75.0,5.5,-78,,5,5
2026-01-24 16:00:36.153582,0x433b0b38,13.275,58.75,6.0,-77,,5,5
2026-01-24 18:05:02.729943,0x433ad35c,13.2875,75.0,6.75,-56,,3,3
2026-01-24 18:05:35.788453,0x433aad0c,13.02875,65.0,6.25,-70,,3,3
2026-01-24 18:06:05.661289,0x433b0b38,13.2725,63.75,5.5,-78,,5,5
2026-01-24 18:11:06.859533,0x433b0b38,13.275,63.75,5.75,-78,,5,5
2026-01-24 18:15:02.941852,0x433af380,13.2375,78.75,6.0,-34,,3,3
2026-01-24 18:15:06.067272,0x433ad35c,13.28875,65.0,6.0,-57,,3,3
2026-01-24 18:15:36.246270,0x433aad0c,13.0275,60.0,4.75,-70,,3,3
2026-01-24 18:16:08.580587,0x433b0b38,13.2725,62.5,5.75,-78,,5,5
2026-01-24 18:21:09.769692,0x433b0b38,13.2725,63.75,5.75,-78,,5,5
2026-01-24 18:25:07.899396,0x433ad35c,13.28625,81.25,6.5,-56,,3,3
2026-01-24 18:25:36.406551,0x433aad0c,13.025,60.0,5.25,-70,,3,3
2026-01-24 18:26:10.166996,0x433b0b38,13.27375,60.0,5.5,-78,,5,5
2026-01-24 18:31:11.548230,0x433b0b38,13.275,63.75,5.5,-79,,5,5
2026-01-24 18:35:15.275362,0x433ad35c,13.28875,80.0,5.5,-56,,3,3
2026-01-24 18:35:36.980919,0x433aad0c,13.02375,63.75,5.75,-70,,3,3
2026-01-24 18:36:15.538189,0x433b0b38,13.275,62.5,5.75,-78,,5,5
2026-01-24 18:41:14.704503,0x433b0b38,13.27125,63.75,5.75,-78,,5,5
2026-01-24 18:45:16.856518,0x433ad35c,13.27625,88.75,5.75,-57,,3,3
2026-01-24 18:45:36.806378,0x433aad0c,13.0175,71.25,5.75,-70,,3,3
2026-01-24 18:46:17.901103,0x433b0b38,13.27375,65.0,5.75,-78,,5,5
2026-01-24 18:51:21.110869,0x433b0b38,13.27375,65.0,5.75,-78,,5,5
2026-01-24 18:55:17.319737,0x433ad35c,13.28375,76.25,6.5,-56,,3,3
2026-01-24 18:55:36.984448,0x433aad0c,13.01875,60.0,6.0,-70,,3,3
2026-01-24 18:56:20.892494,0x433b0b38,13.2725,62.5,5.75,-78,,5,5
2026-01-24 19:01:20.222053,0x433b0b38,13.245,120.0,5.75,-78,,5,5
2026-01-24 05:02:42.758704,0x433b0b38,13.22375,123.75,6.25,-76,,5,5
2026-01-24 05:05:07.185014,0x433aad0c,13.09125,70.0,5.5,-70,,3,3
2026-01-24 05:07:43.790824,0x433b0b38,13.245,73.75,5.75,-76,,5,5
2026-01-24 05:11:37.947736,0x433ad35c,13.26375,77.5,6.0,-58,,3,3
2026-01-24 05:11:44.337541,0x433af380,13.21,83.75,7.5,-34,,3,3
2026-01-24 05:12:46.141212,0x433b0b38,13.25,55.0,5.5,-76,,5,5
2026-01-24 05:15:07.422142,0x433aad0c,13.095,62.5,6.0,-70,,3,3
2026-01-24 05:17:47.256323,0x433b0b38,13.24875,55.0,5.25,-76,,5,5
2026-01-24 05:21:40.752870,0x433ad35c,13.265,62.5,5.75,-59,,3,3
2026-01-24 05:22:48.311000,0x433b0b38,13.25,63.75,5.5,-76,,5,5
2026-01-24 05:25:07.657096,0x433aad0c,13.08625,80.0,5.5,-70,,3,3
2026-01-24 05:27:49.383905,0x433b0b38,13.25,58.75,5.0,-77,,5,5
2026-01-24 05:31:43.189425,0x433ad35c,13.24875,130.0,5.75,-58,,3,3
2026-01-24 05:32:50.812569,0x433b0b38,13.245,76.25,5.0,-77,,5,5
2026-01-24 05:35:08.424578,0x433aad0c,13.09375,60.0,5.75,-70,,3,3
2026-01-24 05:37:51.992779,0x433b0b38,13.24375,67.5,5.5,-77,,5,5
2026-01-24 05:41:45.811588,0x433ad35c,13.26625,65.0,5.75,-58,,3,3
2026-01-24 05:42:53.023383,0x433b0b38,13.24125,70.0,6.0,-77,,5,5
2026-01-24 05:45:08.238245,0x433aad0c,13.0925,63.75,6.25,-70,,3,3
2026-01-24 05:47:54.121693,0x433b0b38,13.25125,62.5,5.5,-76,,5,5
2026-01-24 05:51:48.822675,0x433ad35c,13.26125,72.5,6.25,-58,,3,3
2026-01-24 05:52:55.341931,0x433b0b38,13.2475,61.25,6.0,-76,,5,5
2026-01-24 05:55:08.403796,0x433aad0c,13.0925,61.25,5.75,-71,,3,3
2026-01-24 05:57:56.025088,0x433b0b38,13.25,65.0,5.5,-77,,5,5
2026-01-23 17:04:42.410274,0x433aad0c,13.13375,61.25,5.75,-71,,3,3
2026-01-23 17:04:53.587494,0x433b0b38,13.25875,73.75,5.5,-76,,5,5
2026-01-23 17:08:29.351376,0x433ad35c,13.27625,62.5,6.25,-57,,3,3
2026-01-23 17:08:33.214729,0x433af380,13.24125,75.0,5.75,-34,,3,3
2026-01-23 17:09:54.149681,0x433b0b38,13.25625,71.25,6.0,-75,,5,5
2026-01-23 17:14:42.543364,0x433aad0c,13.13125,65.0,6.0,-70,,3,3
2026-01-23 17:14:57.198028,0x433b0b38,13.26125,62.5,5.75,-75,,5,5
2026-01-23 17:18:31.751403,0x433ad35c,13.27375,72.5,6.5,-57,,3,3
2026-01-23 17:19:56.952160,0x433b0b38,13.26125,62.5,5.75,-75,,5,5
2026-01-23 17:24:42.760230,0x433aad0c,13.1325,58.75,6.25,-70,,3,3
2026-01-23 17:24:57.899522,0x433b0b38,13.25875,76.25,5.5,-75,,5,5
2026-01-23 17:28:33.365654,0x433ad35c,13.275,76.25,6.5,-58,,3,3
2026-01-23 17:30:00.197850,0x433b0b38,13.255,91.25,5.5,-75,,5,5
2026-01-23 17:34:43.152843,0x433aad0c,13.12875,67.5,5.5,-71,,3,3
2026-01-23 17:35:00.204570,0x433b0b38,13.25625,72.5,5.75,-75,,5,5
2026-01-23 17:38:35.354363,0x433ad35c,13.275,75.0,6.0,-57,,3,3
2026-01-23 17:40:02.300633,0x433b0b38,13.255,72.5,5.5,-75,,5,5
2026-01-23 17:44:43.221437,0x433aad0c,13.1325,62.5,5.5,-71,,3,3
2026-01-23 17:45:03.260685,0x433b0b38,13.26375,60.0,5.75,-76,,5,5
2026-01-23 17:48:37.956464,0x433ad35c,13.2725,71.25,6.25,-57,,3,3
2026-01-23 17:50:03.860700,0x433b0b38,13.2575,72.5,5.75,-76,,5,5
2026-01-23 17:54:43.554416,0x433aad0c,13.12625,71.25,5.5,-71,,3,3
2026-01-23 17:55:04.907596,0x433b0b38,13.26,63.75,5.75,-76,,5,5
2026-01-23 17:58:40.479012,0x433ad35c,13.275,63.75,6.0,-56,,3,3
2026-01-23 18:00:06.755326,0x433b0b38,13.25625,72.5,5.5,-76,,5,5
2026-01-23 06:03:27.610620,0x433ad35c,13.26125,76.25,6.75,-29,,3,3
2026-01-23 06:03:45.519607,0x433aad0c,13.2725,75.0,5.5,-36,,3,3
2026-01-23 06:04:38.784283,0x433b0b38,13.24875,68.75,6.0,-3,,5,5
2026-01-23 06:05:01.038740,0x433acb14,13.25625,72.5,6.25,-12,,3,3
2026-01-23 06:09:41.221023,0x433b0b38,13.255,57.5,6.0,-3,,5,5
2026-01-23 06:10:01.631501,0x433acb14,13.255,73.75,7.25,-10,,3,3
2026-01-23 06:13:30.690839,0x433ad35c,13.2525,72.5,6.0,-29,,3,3
2026-01-23 06:13:50.583550,0x433aad0c,13.27625,61.25,6.25,-36,,3,3
2026-01-23 06:14:42.281280,0x433b0b38,13.22375,118.75,6.75,-4,,5,5
2026-01-23 06:15:02.885947,0x433acb14,13.25875,66.25,7.0,-11,,3,3
2026-01-23 06:19:43.892248,0x433b0b38,13.25375,62.5,6.25,-3,,5,5
2026-01-23 06:20:05.298219,0x433acb14,13.26,65.0,6.75,-11,,3,3
2026-01-23 06:20:48.527382,0x433af380,13.255,63.75,7.25,-11,,3,3
2026-01-23 06:23:33.094114,0x433ad35c,13.25875,63.75,7.0,-28,,3,3
2026-01-23 06:23:53.211053,0x433aad0c,13.2725,75.0,6.0,-36,,3,3
2026-01-23 06:24:44.608353,0x433b0b38,13.2225,135.0,6.5,-3,,5,5
2026-01-23 06:25:05.203335,0x433acb14,13.25625,72.5,6.25,-10,,3,3
2026-01-23 06:29:46.092693,0x433b0b38,13.24875,72.5,6.0,-3,,5,5
2026-01-23 06:30:06.937784,0x433acb14,13.25875,67.5,6.25,-11,,3,3
2026-01-23 06:33:35.270742,0x433ad35c,13.2575,67.5,6.25,-30,,3,3
2026-01-23 06:33:56.107366,0x433aad0c,13.27375,62.5,6.5,-37,,3,3
2026-01-23 06:34:48.587994,0x433b0b38,13.2425,63.75,6.25,-3,,5,5
2026-01-23 06:35:08.489914,0x433acb14,13.25625,77.5,7.0,-11,,3,3
2026-01-23 06:39:49.476339,0x433b0b38,13.25375,62.5,6.0,-4,,5,5
2026-01-23 06:40:08.872024,0x433acb14,13.255,73.75,7.0,-10,,3,3
2026-01-23 06:43:38.594483,0x433ad35c,13.2475,73.75,6.75,-30,,3,3
2026-01-23 06:43:57.603381,0x433aad0c,13.27125,75.0,6.75,-36,,3,3
2026-01-23 06:44:49.381737,0x433b0b38,13.255,63.75,6.25,-3,,5,5
2026-01-23 06:45:11.151724,0x433acb14,13.25875,65.0,7.0,-11,,3,3
2026-01-23 06:49:50.668710,0x433b0b38,13.225,118.75,6.25,-3,,5,5
2026-01-23 06:50:11.797789,0x433acb14,13.26125,63.75,6.75,-11,,3,3
2026-01-23 06:53:40.306410,0x433ad35c,13.25625,61.25,7.25,-29,,3,3
2026-01-23 06:53:59.740544,0x433aad0c,13.275,65.0,6.75,-37,,3,3
2026-01-23 06:54:52.581648,0x433b0b38,13.25,75.0,6.25,-3,,5,5
2026-01-23 06:55:13.639756,0x433acb14,13.25625,78.75,7.75,-11,,3,3
2026-01-23 06:59:53.919650,0x433b0b38,13.2525,61.25,8.25,-3,,5,5
2026-01-23 07:00:14.078458,0x433acb14,13.26,65.0,7.0,-11,,3,3
2026-01-23 19:04:45.438578,0x433aad0c,13.125,76.25,5.5,-70,,3,3
2026-01-23 19:05:22.341130,0x433b0b38,13.2625,66.25,5.75,-76,,5,5
2026-01-23 19:08:58.642972,0x433af380,13.22,83.75,7.0,-34,,3,3
2026-01-23 19:09:02.000133,0x433ad35c,13.27125,66.25,5.75,-57,,3,3
2026-01-23 19:10:25.526727,0x433b0b38,13.255,72.5,6.0,-77,,5,5
2026-01-23 19:14:45.705901,0x433aad0c,13.125,57.5,5.5,-70,,3,3
2026-01-23 19:15:24.086238,0x433b0b38,13.22875,135.0,5.0,-76,,5,5
2026-01-23 19:19:03.127422,0x433ad35c,13.27,62.5,6.5,-57,,3,3
2026-01-23 19:20:24.975224,0x433b0b38,13.25375,70.0,5.25,-76,,5,5
2026-01-23 19:24:45.896215,0x433aad0c,13.1225,75.0,5.75,-71,,3,3
2026-01-23 19:25:26.784605,0x433b0b38,13.26,63.75,5.25,-76,,5,5
2026-01-23 19:29:05.923224,0x433ad35c,13.27125,66.25,6.75,-57,,3,3
2026-01-23 19:30:27.981191,0x433b0b38,13.25875,58.75,6.0,-76,,5,5
2026-01-23 19:34:46.689423,0x433aad0c,13.125,62.5,5.5,-70,,3,3
2026-01-23 19:35:30.677807,0x433b0b38,13.25375,75.0,5.25,-76,,5,5
2026-01-23 19:39:08.094619,0x433ad35c,13.245,151.25,6.25,-57,,3,3
2026-01-23 19:40:30.579808,0x433b0b38,13.255,62.5,5.5,-76,,5,5
2026-01-23 19:44:46.499545,0x433aad0c,13.1225,63.75,5.5,-70,,3,3
2026-01-23 19:45:31.705039,0x433b0b38,13.25625,75.0,6.25,-76,,5,5
2026-01-23 19:49:10.481262,0x433ad35c,13.27,62.5,6.75,-57,,3,3
2026-01-23 19:50:33.038092,0x433b0b38,13.25375,68.75,6.0,-77,,5,5
2026-01-23 19:54:46.584860,0x433aad0c,13.125,62.5,5.75,-70,,3,3
2026-01-23 19:55:33.294618,0x433b0b38,13.25875,65.0,5.5,-77,,5,5
2026-01-23 19:59:14.976650,0x433ad35c,13.265,67.5,6.25,-57,,3,3
2026-01-23 20:00:35.130590,0x433b0b38,13.255,58.75,6.25,-77,,5,5
2026-01-24 13:03:42.670612,0x433ad35c,13.2825,83.75,6.0,-58,,3,3
2026-01-24 13:04:44.694452,0x433b0b38,13.24875,71.25,5.75,-76,,5,5
2026-01-24 13:05:24.031110,0x433aad0c,13.0475,72.5,6.25,-83,,3,3
2026-01-24 13:09:46.487322,0x433b0b38,13.255,76.25,5.25,-76,,5,5
2026-01-24 13:13:45.847892,0x433ad35c,13.2875,60.0,5.5,-59,,3,3
2026-01-24 13:13:49.754727,0x433af380,13.2375,70.0,5.5,-34,,3,3
2026-01-24 13:14:49.000680,0x433b0b38,13.25375,76.25,5.25,-80,,5,5
2026-01-24 13:15:24.428435,0x433aad0c,13.05125,63.75,6.75,-82,,3,3
2026-01-24 13:19:50.061945,0x433b0b38,13.25875,62.5,5.25,-78,,5,5
2026-01-24 13:23:47.117114,0x433ad35c,13.26625,142.5,6.0,-59,,3,3
2026-01-24 13:24:49.874057,0x433b0b38,13.25875,63.75,6.0,-79,,5,5
2026-01-24 13:25:24.490256,0x433aad0c,13.05,61.25,5.5,-84,,3,3
2026-01-24 13:29:51.749188,0x433b0b38,13.26,60.0,6.0,-75,,5,5
2026-01-24 13:33:50.301392,0x433ad35c,13.2725,131.25,6.25,-60,,3,3
2026-01-24 13:34:54.522607,0x433b0b38,13.26125,58.75,5.5,-78,,5,5
2026-01-24 13:35:24.827860,0x433aad0c,13.04875,66.25,7.0,-83,,3,3
2026-01-24 13:39:54.570774,0x433b0b38,13.25875,75.0,5.25,-77,,5,5
2026-01-24 13:43:52.770951,0x433ad35c,13.29,60.0,6.0,-59,,3,3
2026-01-24 13:44:55.242165,0x433b0b38,13.2575,71.25,7.0,-79,,5,5
2026-01-24 13:45:25.076560,0x433aad0c,13.04875,60.0,4.75,-84,,3,3
2026-01-24 13:49:58.860560,0x433b0b38,13.26125,75.0,5.5,-80,,5,5
2026-01-24 13:53:56.843746,0x433ad35c,13.28875,58.75,6.25,-59,,3,3
2026-01-24 13:54:58.633358,0x433b0b38,13.26,71.25,5.75,-78,,5,5
2026-01-24 13:55:25.164961,0x433aad0c,13.0375,86.25,6.0,-82,,3,3
2026-01-24 13:59:59.809718,0x433b0b38,13.26375,61.25,6.0,-77,,5,5
2026-01-26 02:00:44.131125,0x433b0b38,13.2525,65.0,6.75,-74,1769421642,5,5
2026-01-26 02:00:50.398067,0x433abf20,13.26125,61.25,5.25,-76,1769421648,3,3
2026-01-26 02:02:09.192766,0x433acb14,13.28625,73.75,3.5,-91,1769421727,3,3
2026-01-26 02:04:53.944999,0x433ad35c,13.27,65.0,5.5,-53,1769421891,3,3
2026-01-26 02:05:46.173839,0x433b0b38,13.25,80.0,6.25,-73,1769421944,5,5
2026-01-26 02:05:50.730606,0x433abf20,13.2575,75.0,5.75,-77,1769421948,3,3
2026-01-26 02:07:09.194710,0x433acb14,13.2875,71.25,3.75,-90,1769422027,3,3
2026-01-26 02:07:58.171286,0x433b0098,13.24,62.5,6.0,-61,1769422076,2,2
2026-01-26 02:10:46.755750,0x433b0b38,13.25125,62.5,6.25,-74,1769422244,5,5
2026-01-26 02:10:54.898188,0x433abf20,13.26,61.25,5.0,-76,1769422252,3,3
2026-01-26 02:12:11.650690,0x433acb14,13.29,65.0,3.25,-90,1769422329,3,3
2026-01-26 02:14:58.152902,0x433ad35c,13.26875,66.25,6.0,-54,1769422496,3,3
2026-01-26 02:15:50.310466,0x433b0b38,13.245,73.75,6.5,-74,1769422548,5,5
2026-01-26 02:15:55.921133,0x433abf20,13.255,75.0,4.0,-76,1769422553,3,3
2026-01-26 02:17:11.761907,0x433acb14,13.29,58.75,3.5,-91,1769422629,3,3
2026-01-26 02:18:00.526445,0x433b0098,13.23375,75.0,6.0,-61,1769422678,2,2
2026-01-26 02:20:53.600533,0x433b0b38,13.245,71.25,6.5,-74,1769422851,5,5
2026-01-26 02:20:57.806610,0x433abf20,13.25875,65.0,5.5,-76,1769422855,3,3
2026-01-26 02:22:13.908449,0x433acb14,13.28625,63.75,3.25,-91,1769422931,3,3
2026-01-26 02:23:40.027911,0x433af380,13.19,78.75,6.5,-38,1769423017,3,3
2026-01-26 02:24:59.770315,0x433ad35c,13.26875,63.75,6.5,-53,1769423097,3,3
2026-01-26 02:25:52.565907,0x433b0b38,13.22125,135.0,6.75,-74,1769423150,5,5
2026-01-26 02:25:55.902819,0x433abf20,13.26,60.0,5.5,-76,1769423153,3,3
2026-01-26 02:27:14.462921,0x433acb14,13.28875,62.5,3.75,-91,1769423232,3,3
2026-01-26 02:28:04.320752,0x433b0098,13.23875,60.0,6.0,-60,1769423282,2,2
2026-01-26 02:30:53.381249,0x433b0b38,13.25,63.75,7.0,-73,1769423451,5,5
2026-01-26 02:31:04.095207,0x433abf20,13.26,63.75,5.75,-76,1769423462,3,3
2026-01-26 02:32:16.887471,0x433acb14,13.29,67.5,3.0,-91,1769423534,3,3
2026-01-26 02:35:05.612464,0x433ad35c,13.2675,77.5,6.5,-53,1769423703,3,3
2026-01-26 02:35:55.069134,0x433b0b38,13.24625,75.0,7.0,-73,1769423752,5,5
2026-01-26 02:35:57.564466,0x433abf20,13.23625,136.25,5.5,-76,1769423755,3,3
2026-01-26 02:37:17.901066,0x433acb14,13.28625,76.25,3.25,-91,1769423835,3,3
2026-01-26 02:38:07.788678,0x433b0098,13.23625,61.25,6.25,-61,1769423885,2,2
2026-01-26 02:40:58.522450,0x433b0b38,13.2475,58.75,0.75,-74,1769424056,5,5
2026-01-26 02:40:59.191888,0x433abf20,13.25625,76.25,5.75,-76,1769424057,3,3
2026-01-26 02:42:19.496260,0x433acb14,13.28625,62.5,3.5,-91,1769424137,3,3
2026-01-26 02:45:06.066933,0x433ad35c,13.26875,63.75,5.5,-53,1769424303,3,3
2026-01-26 02:45:59.863648,0x433b0b38,13.245,75.0,6.0,-73,1769424357,5,5
2026-01-26 02:46:02.045869,0x433abf20,13.25875,65.0,5.5,-76,1769424359,3,3
2026-01-26 02:47:19.503097,0x433acb14,13.28625,65.0,3.25,-91,1769424437,3,3
2026-01-26 02:48:08.645177,0x433b0098,13.23125,72.5,6.25,-61,1769424486,2,2
2026-01-26 02:50:58.293848,0x433b0b38,13.24875,68.75,6.25,-74,1769424656,5,5
2026-01-26 02:51:01.549007,0x433abf20,13.25875,63.75,6.0,-76,1769424659,3,3
2026-01-26 02:52:20.863394,0x433acb14,13.28875,66.25,3.75,-91,1769424738,3,3
2026-01-26 02:55:08.520513,0x433ad35c,13.26875,62.5,6.5,-53,1769424906,3,3
2026-01-26 02:56:02.222288,0x433abf20,13.26125,62.5,5.75,-76,1769424960,3,3
2026-01-26 02:56:05.492179,0x433b0b38,13.25125,60.0,7.25,-74,1769424963,5,5
2026-01-26 02:57:22.003469,0x433acb14,13.285,73.75,3.25,-90,1769425039,3,3
2026-01-26 02:58:11.406092,0x433b0098,13.22875,73.75,6.0,-61,1769425089,2,2
2026-01-25 08:04:51.558450,0x433b0b38,13.23125,70.0,5.5,-79,,5,5
2026-01-25 08:06:11.714321,0x433aad0c,12.81875,62.5,5.75,-71,,3,3
2026-01-25 08:08:46.053723,0x433ad35c,13.25125,63.75,6.75,-57,,3,3
2026-01-25 08:09:47.939644,0x433b0b38,13.23375,60.0,5.75,-78,,5,5
2026-01-25 08:14:51.662787,0x433b0b38,13.235,63.75,5.5,-79,,5,5
2026-01-25 08:16:11.444434,0x433aad0c,12.8125,73.75,6.0,-70,,3,3
2026-01-25 08:18:47.144211,0x433af380,13.205,66.25,6.5,-34,,3,3
2026-01-25 08:18:51.128517,0x433ad35c,13.24625,77.5,6.75,-57,,3,3
2026-01-25 08:19:51.697412,0x433b0b38,13.23625,58.75,5.75,-78,,5,5
2026-01-25 08:24:52.297869,0x433b0b38,13.23625,63.75,5.5,-78,,5,5
2026-01-25 08:26:13.389759,0x433aad0c,12.81,72.5,5.75,-70,,3,3
2026-01-25 08:28:54.805473,0x433ad35c,13.25125,65.0,6.25,-57,,3,3
2026-01-25 08:29:55.654170,0x433b0b38,13.23625,62.5,5.5,-78,,5,5
2026-01-25 08:34:56.779211,0x433b0b38,13.235,55.0,5.5,-78,,5,5
2026-01-25 08:36:13.148561,0x433aad0c,12.81,58.75,5.75,-70,,3,3
2026-01-25 08:38:56.621485,0x433ad35c,13.245,75.0,6.0,-56,,3,3
2026-01-25 08:39:55.590547,0x433b0b38,13.23125,75.0,5.25,-79,,5,5
2026-01-25 08:44:58.684493,0x433b0b38,13.235,60.0,5.5,-78,,5,5
2026-01-25 08:46:13.153658,0x433aad0c,12.8025,71.25,6.0,-70,,3,3
2026-01-25 08:48:59.829245,0x433ad35c,13.25,65.0,6.0,-57,,3,3
2026-01-25 08:49:58.994806,0x433b0b38,13.23625,61.25,5.5,-78,,5,5
2026-01-25 08:55:00.974605,0x433b0b38,13.23125,70.0,5.25,-79,,5,5
2026-01-25 08:56:13.876331,0x433aad0c,12.8,70.0,5.75,-69,,3,3
2026-01-25 08:59:01.437757,0x433ad35c,13.25375,60.0,5.75,-56,,3,3
2026-01-25 09:00:03.805605,0x433b0b38,13.23125,76.25,5.5,-78,,5,5
2026-01-22 22:01:23.909054,0x433ad35c,13.27,67.5,6.25,-29,,3,3
2026-01-22 22:01:39.915442,0x433aad0c,13.2775,58.75,6.75,-37,,3,3
2026-01-22 22:02:32.435046,0x433b0b38,13.25875,67.5,6.0,-4,,5,5
2026-01-22 22:02:55.312596,0x433acb14,13.265,62.5,5.75,-11,,3,3
2026-01-22 22:07:34.584465,0x433b0b38,13.26,65.0,6.25,-4,,5,5
2026-01-22 22:07:57.043303,0x433acb14,13.26,72.5,6.25,-12,,3,3
2026-01-22 22:11:26.280670,0x433ad35c,13.26125,76.25,6.5,-27,,3,3
2026-01-22 22:11:42.261831,0x433aad0c,13.28,63.75,6.0,-37,,3,3
2026-01-22 22:12:35.443462,0x433b0b38,13.25625,66.25,6.25,-4,,5,5
2026-01-22 22:12:58.109826,0x433acb14,13.25875,77.5,6.0,-12,,3,3
2026-01-22 22:15:46.021283,0x433af380,4.61625,-1.25,6.0,-22,,3,3
2026-01-22 22:17:35.911278,0x433b0b38,13.25375,76.25,6.25,-3,,5,5
2026-01-22 22:17:59.132902,0x433acb14,13.26125,60.0,6.0,-12,,3,3
2026-01-22 22:21:07.234374,0x433af380,4.615,-1.25,6.0,-21,,3,3
2026-01-22 22:21:28.101794,0x433ad35c,13.27,65.0,7.5,-29,,3,3
2026-01-22 22:21:44.505278,0x433aad0c,13.27375,77.5,6.25,-37,,3,3
2026-01-22 22:22:37.264888,0x433b0b38,13.255,76.25,6.25,-3,,5,5
2026-01-22 22:23:00.363659,0x433acb14,13.265,63.75,7.0,-11,,3,3
2026-01-22 22:25:21.694231,0x433af380,4.6125,-1.25,5.75,-25,,3,3
2026-01-22 22:27:40.919182,0x433b0b38,13.25625,65.0,6.25,-3,,5,5
2026-01-22 22:27:53.093552,0x433af380,4.59,-3.75,6.5,-22,,3,3
2026-01-22 22:28:03.086932,0x433acb14,13.26375,62.5,6.0,-12,,3,3
2026-01-22 22:31:33.534895,0x433ad35c,13.26875,61.25,7.0,-29,,3,3
2026-01-22 22:31:47.440860,0x433aad0c,13.27875,61.25,7.5,-37,,3,3
2026-01-22 22:32:41.862086,0x433b0b38,13.25875,67.5,7.25,-4,,5,5
2026-01-22 22:33:04.165881,0x433acb14,13.26,72.5,5.75,-12,,3,3
2026-01-22 22:36:20.330743,0x433af380,4.61375,,7.25,-23,,3,3
2026-01-22 22:37:41.481068,0x433b0b38,13.26,63.75,6.25,-3,,5,5
2026-01-22 22:38:03.713621,0x433acb14,13.26375,67.5,7.0,-11,,3,3
2026-01-22 22:40:48.054506,0x433af380,13.27,77.5,6.25,-18,,3,3
2026-01-22 22:41:36.159647,0x433ad35c,13.26375,77.5,6.5,-29,,3,3
2026-01-22 22:41:49.782406,0x433aad0c,13.275,73.75,6.0,-36,,3,3
2026-01-22 22:42:43.470073,0x433b0b38,13.255,75.0,6.5,-4,,5,5
2026-01-22 22:43:05.011381,0x433acb14,13.2625,62.5,7.5,-11,,3,3
2026-01-22 22:47:45.290961,0x433b0b38,13.25125,77.5,6.75,-3,,5,5
2026-01-22 22:48:06.963471,0x433acb14,13.2625,65.0,6.25,-11,,3,3
2026-01-22 22:51:36.511246,0x433ad35c,13.265,63.75,7.0,-29,,3,3
2026-01-22 22:51:52.285826,0x433aad0c,13.275,77.5,6.25,-35,,3,3
2026-01-22 22:52:45.427812,0x433b0b38,13.25875,62.5,6.0,-3,,5,5
2026-01-22 22:53:08.157570,0x433acb14,13.265,65.0,6.0,-12,,3,3
2026-01-22 22:57:46.605629,0x433b0b38,13.25625,77.5,6.0,-3,,5,5
2026-01-22 22:58:09.388494,0x433acb14,13.265,65.0,7.25,-10,,3,3
2026-01-26 13:00:01.536906,0x433acb14,13.28875,76.25,4.75,-90,1769461198,3,3
2026-01-26 13:00:35.323404,0x433b0098,13.24375,72.5,5.75,-62,1769461232,2,2
2026-01-26 13:03:14.758546,0x433abf20,13.27375,61.25,5.75,-75,1769461391,3,3
2026-01-26 13:03:47.809727,0x433b0b38,13.24875,75.0,6.25,-73,1769461424,5,5
2026-01-26 13:05:03.031918,0x433acb14,13.29,87.5,-1.5,-99,1769461499,3,3
2026-01-26 13:08:00.142220,0x433ad35c,13.28625,80.0,6.75,-53,1769461677,3,3
2026-01-26 13:08:15.942023,0x433abf20,13.2725,62.5,5.5,-76,1769461692,3,3
2026-01-26 13:08:49.384596,0x433b0b38,13.25,73.75,6.25,-74,1769461726,5,5
2026-01-26 13:10:03.815391,0x433acb14,13.29125,73.75,2.75,-92,1769461800,3,3
2026-01-26 13:10:36.849079,0x433b0098,13.24625,75.0,6.5,-62,1769461833,2,2
2026-01-26 13:13:17.052408,0x433abf20,13.27125,72.5,5.75,-77,1769461993,3,3
2026-01-26 13:13:49.517673,0x433b0b38,13.25,73.75,5.75,-74,1769462026,5,5
2026-01-26 13:15:04.218754,0x433acb14,13.29625,63.75,-0.25,-98,1769462101,3,3
2026-01-26 13:17:58.760924,0x433ad35c,13.285,65.0,5.5,-54,1769462275,3,3
2026-01-26 13:18:18.991207,0x433abf20,13.27375,63.75,5.5,-76,1769462295,3,3
2026-01-26 13:18:51.779090,0x433b0b38,13.255,61.25,5.75,-73,1769462328,5,5
2026-01-26 13:20:06.191061,0x433acb14,13.29625,62.5,-11.5,-93,1769462403,3,3
2026-01-26 13:20:38.890429,0x433b0098,13.245,71.25,7.0,-62,1769462435,2,2
2026-01-26 13:23:19.994987,0x433abf20,13.27375,62.5,5.75,-75,1769462596,3,3
2026-01-26 13:23:52.829044,0x433b0b38,13.25125,73.75,5.5,-73,1769462629,5,5
2026-01-26 13:25:06.653850,0x433acb14,13.29375,78.75,2.0,-94,1769462703,3,3
2026-01-26 13:25:22.937894,0x433af380,13.22875,67.5,6.25,-39,1769462719,3,3
2026-01-26 13:28:01.989963,0x433ad35c,13.28625,62.5,6.0,-54,1769462878,3,3
2026-01-26 13:28:19.841726,0x433abf20,13.275,62.5,5.25,-76,1769462896,3,3
2026-01-26 13:28:56.506313,0x433b0b38,13.25,72.5,6.0,-72,1769462933,5,5
2026-01-26 13:30:08.643608,0x433acb14,13.29625,63.75,2.5,-94,1769463005,3,3
2026-01-26 13:30:41.317626,0x433b0098,13.2525,61.25,7.0,-62,1769463038,2,2
2026-01-26 13:33:20.843414,0x433abf20,13.27625,60.0,5.75,-76,1769463197,3,3
2026-01-26 13:33:57.698873,0x433b0b38,13.25875,63.75,6.0,-73,1769463234,5,5
2026-01-26 13:35:09.462627,0x433acb14,13.27375,128.75,4.25,-92,1769463306,3,3
2026-01-26 13:38:05.645056,0x433ad35c,13.285,63.75,6.75,-54,1769463482,3,3
2026-01-26 13:38:21.753592,0x433abf20,13.275,76.25,5.75,-77,1769463498,3,3
2026-01-26 13:38:58.565431,0x433b0b38,13.2575,62.5,6.25,-74,1769463535,5,5
2026-01-26 13:40:10.771067,0x433acb14,13.29375,77.5,-4.25,-103,1769463607,3,3
2026-01-26 13:40:44.769479,0x433b0098,13.24375,87.5,6.75,-61,1769463641,2,2
2026-01-26 13:43:23.992397,0x433abf20,13.275,61.25,5.75,-75,1769463800,3,3
2026-01-26 13:44:01.008394,0x433b0b38,13.25375,76.25,5.75,-73,1769463837,5,5
2026-01-26 13:45:13.524306,0x433acb14,13.29375,76.25,5.75,-73,1769463910,3,2
2026-01-26 13:48:08.835886,0x433ad35c,13.28375,75.0,6.75,-53,1769464085,3,3
2026-01-26 13:48:25.047562,0x433abf20,13.27125,71.25,6.0,-78,1769464101,3,3
2026-01-26 13:49:01.354885,0x433b0b38,13.255,73.75,6.0,-74,1769464138,5,5
2026-01-26 13:50:14.253006,0x433acb14,13.2975,60.0,4.75,-90,1769464211,3,3
2026-01-26 13:50:45.945890,0x433b0098,13.24875,76.25,6.0,-62,1769464242,2,2
2026-01-26 13:53:25.122919,0x433abf20,13.275,63.75,5.5,-75,1769464401,3,3
2026-01-26 13:54:01.098934,0x433b0b38,13.25375,75.0,6.0,-74,1769464437,5,5
2026-01-26 13:55:15.602517,0x433acb14,13.2975,65.0,0.75,-97,1769464512,3,3
2026-01-26 13:58:09.265853,0x433ad35c,13.28625,62.5,6.25,-54,1769464686,3,3
2026-01-26 13:58:28.232262,0x433abf20,13.2775,65.0,5.5,-76,1769464705,3,3
2026-01-26 13:59:04.119780,0x433b0b38,13.2575,75.0,6.5,-74,1769464740,5,5
2026-01-27 01:01:05.880718,0x433ad35c,13.2575,72.5,6.75,-55,1769504461,3,3
2026-01-27 01:01:15.092884,0x433abf20,13.2575,73.75,5.75,-77,1769504470,3,3
2026-01-27 01:01:55.837881,0x433b0b38,13.245,62.5,6.0,-73,1769504511,5,5
2026-01-27 01:03:14.686606,0x433acb14,13.26125,75.0,5.0,-87,1769504590,3,3
2026-01-27 01:03:19.747147,0x433b0098,13.225,65.0,6.25,-61,1769504595,2,2
2026-01-27 01:06:17.275442,0x433abf20,13.25375,70.0,5.75,-77,1769504773,3,3
2026-01-27 01:06:57.106142,0x433b0b38,13.2475,60.0,5.25,-73,1769504812,5,5
2026-01-27 01:08:18.362727,0x433acb14,13.26375,66.25,6.25,-39,1769504894,3,2
2026-01-27 01:11:09.870939,0x433ad35c,13.26125,62.5,6.75,-54,1769505065,3,3
2026-01-27 01:11:17.733653,0x433abf20,13.26125,65.0,5.75,-76,1769505073,3,3
2026-01-27 01:11:58.382069,0x433b0b38,13.2475,63.75,5.5,-73,1769505114,5,5
2026-01-27 01:13:22.872252,0x433b0098,13.23375,58.75,7.0,-60,1769505198,2,2
2026-01-27 01:13:26.814015,0x433acb14,13.2575,72.5,5.0,-86,1769505202,3,3
2026-01-27 01:16:17.654393,0x433abf20,13.26,61.25,5.75,-77,1769505373,3,3
2026-01-27 01:17:00.704971,0x433b0b38,13.24375,73.75,6.0,-73,1769505416,5,5
2026-01-27 01:18:20.024864,0x433acb14,13.2625,62.5,6.0,-86,1769505495,3,3
2026-01-27 01:21:11.029783,0x433ad35c,13.2625,66.25,7.5,-54,1769505666,3,3
2026-01-27 01:21:18.497290,0x433abf20,13.26125,65.0,5.5,-76,1769505674,3,3
2026-01-27 01:22:01.019173,0x433b0b38,13.24125,68.75,5.5,-72,1769505716,5,5
2026-01-27 01:23:20.173576,0x433acb14,13.265,65.0,6.0,-86,1769505795,3,3
2026-01-27 01:23:33.595670,0x433b0098,13.2325,58.75,5.75,-61,1769505809,2,2
2026-01-27 01:26:18.902029,0x433abf20,13.26125,65.0,5.5,-77,1769505974,3,3
2026-01-27 01:27:02.630939,0x433b0b38,13.24125,73.75,5.5,-73,1769506018,5,5
2026-01-27 01:27:28.147379,0x433af380,13.20125,68.75,6.0,-38,1769506043,3,3
2026-01-27 01:28:23.547827,0x433acb14,13.265,65.0,6.0,-86,1769506099,3,3
2026-01-27 01:31:13.562883,0x433ad35c,13.25875,76.25,6.0,-55,1769506269,3,3
2026-01-27 01:31:20.801648,0x433abf20,13.26,65.0,5.25,-76,1769506276,3,3
2026-01-27 01:32:05.574569,0x433b0b38,13.23875,72.5,5.75,-72,1769506321,5,5
2026-01-27 01:33:22.801763,0x433acb14,13.26,75.0,5.75,-87,1769506398,3,3
2026-01-27 01:33:27.349224,0x433b0098,13.2,120.0,6.5,-60,1769506403,2,2
2026-01-27 01:36:21.656393,0x433abf20,13.25875,65.0,5.75,-76,1769506577,3,3
2026-01-27 01:37:07.128896,0x433b0b38,13.24625,61.25,5.5,-72,1769506622,5,5
2026-01-27 01:38:25.782427,0x433acb14,13.25875,73.75,6.0,-87,1769506701,3,3
2026-01-27 01:41:16.085453,0x433ad35c,13.2575,70.0,5.75,-55,1769506871,3,3
2026-01-27 01:41:23.661073,0x433abf20,13.26,65.0,5.75,-76,1769506879,3,3
2026-01-27 01:42:10.278512,0x433b0b38,13.24375,66.25,6.0,-73,1769506925,5,5
2026-01-27 01:43:26.120406,0x433acb14,13.2375,142.5,6.0,-86,1769507001,3,3
2026-01-27 01:43:30.071173,0x433b0098,13.19875,120.0,6.25,-60,1769507005,2,2
2026-01-27 01:46:25.327584,0x433abf20,13.26,65.0,5.25,-76,1769507181,3,3
2026-01-27 01:47:10.214367,0x433b0b38,13.245,61.25,5.5,-72,1769507225,5,5
2026-01-27 01:48:27.429776,0x433acb14,13.25875,72.5,6.0,-87,1769507303,3,3
2026-01-27 01:51:19.242310,0x433ad35c,13.255,76.25,7.25,-53,1769507474,3,3
2026-01-27 01:51:25.413368,0x433abf20,13.2575,62.5,5.75,-76,1769507481,3,3
2026-01-27 01:52:10.388279,0x433b0b38,13.24125,76.25,5.75,-73,1769507526,5,5
2026-01-27 01:53:28.731873,0x433acb14,13.25125,85.0,6.0,-86,1769507604,3,3
2026-01-27 01:53:32.740195,0x433b0098,13.23,62.5,6.5,-61,1769507608,2,2
2026-01-27 01:56:27.096745,0x433abf20,13.25875,62.5,5.5,-76,1769507782,3,3
2026-01-27 01:57:10.883576,0x433b0b38,13.245,60.0,5.75,-72,1769507826,5,5
2026-01-27 01:58:31.853247,0x433acb14,13.26,73.75,5.75,-86,1769507907,3,3
2026-01-22 16:01:01.360922,0x433b0b38,13.25375,62.5,6.25,-4,,5,5
2026-01-22 16:01:21.899747,0x433acb14,13.25875,63.75,6.25,-12,,3,3
2026-01-22 16:06:02.023366,0x433b0b38,13.255,66.25,6.25,-3,,5,5
2026-01-22 16:06:23.378820,0x433acb14,13.25625,75.0,7.25,-11,,3,3
2026-01-22 16:09:53.822126,0x433ad35c,13.5575,61.25,6.0,-28,,3,3
2026-01-22 16:10:12.326130,0x433aad0c,13.56875,62.5,5.5,-29,,3,2
2026-01-22 16:11:04.279754,0x433b0b38,13.25,78.75,6.0,-3,,5,5
2026-01-22 16:11:23.777885,0x433acb14,13.25875,65.0,7.0,-11,,3,3
2026-01-22 16:15:28.862181,0x433af380,13.26125,78.75,6.0,-21,,3,3
2026-01-22 16:16:05.586179,0x433b0b38,13.245,75.0,6.0,-3,,5,5
2026-01-22 16:16:28.104748,0x433acb14,13.25875,65.0,6.0,-12,,3,3
2026-01-22 16:19:57.031084,0x433ad35c,13.5575,76.25,6.25,-28,,3,3
2026-01-22 16:20:13.034420,0x433aad0c,13.57125,72.5,6.5,-37,,3,3
2026-01-22 16:21:06.733181,0x433b0b38,13.25375,62.5,5.75,-3,,5,5
2026-01-22 16:21:29.326074,0x433acb14,13.25875,61.25,6.25,-11,,3,3
2026-01-22 16:26:09.328680,0x433b0b38,13.2525,58.75,6.25,-4,,5,5
2026-01-22 16:26:29.387597,0x433acb14,13.255,77.5,7.5,-10,,3,3
2026-01-22 16:29:59.335639,0x433ad35c,13.57375,61.25,7.25,-27,,3,3
2026-01-22 16:30:15.291997,0x433aad0c,13.5875,58.75,6.5,-37,,3,3
2026-01-22 16:31:10.049430,0x433b0b38,13.255,63.75,6.5,-3,,5,5
2026-01-22 16:31:30.816636,0x433acb14,13.25625,82.5,8.0,-11,,3,3
2026-01-22 16:36:10.260700,0x433b0b38,13.25375,61.25,5.75,-3,,5,5
2026-01-22 16:36:31.211926,0x433acb14,13.26,63.75,6.75,-11,,3,3
2026-01-22 16:40:02.103969,0x433ad35c,13.58375,66.25,6.0,-28,,3,3
2026-01-22 16:40:17.165798,0x433aad0c,13.5925,75.0,6.0,-36,,3,3
2026-01-22 16:41:11.596902,0x433b0b38,13.24875,75.0,6.25,-3,,5,5
2026-01-22 16:41:40.375983,0x433acb14,13.26125,66.25,7.0,-11,,3,3
2026-01-22 16:46:12.777071,0x433b0b38,13.24875,76.25,8.0,-2,,5,5
2026-01-22 16:46:34.192660,0x433acb14,13.26,62.5,7.75,-11,,3,3
2026-01-22 16:50:03.821617,0x433ad35c,13.59375,71.25,5.25,-27,,3,3
2026-01-22 16:50:19.638474,0x433aad0c,13.61,61.25,6.25,-36,,3,3
2026-01-22 16:51:13.634209,0x433b0b38,13.25625,61.25,6.25,-3,,5,5
2026-01-22 16:51:36.256159,0x433acb14,13.2575,77.5,7.0,-11,,3,3
2026-01-22 16:56:14.981765,0x433b0b38,13.25375,61.25,6.25,-3,,5,5
2026-01-22 16:56:37.171170,0x433acb14,13.255,72.5,6.75,-10,,3,3
2026-01-22 17:00:06.943844,0x433ad35c,13.62,61.25,6.25,-27,,3,3
2026-01-26 00:00:12.258493,0x433b0b38,13.2525,63.75,5.75,-75,1769414410,5,5
2026-01-26 00:00:20.941894,0x433abf20,13.25875,81.25,6.0,-76,1769414419,3,3
2026-01-26 00:01:33.522301,0x433acb14,13.29375,62.5,3.75,-91,1769414491,3,3
2026-01-26 00:04:22.506804,0x433ad35c,13.2725,65.0,6.25,-54,1769414660,3,3
2026-01-26 00:05:12.914679,0x433b0b38,13.24875,73.75,6.25,-73,1769414711,5,5
2026-01-26 00:05:21.152388,0x433abf20,13.25875,76.25,5.75,-76,1769414719,3,3
2026-01-26 00:06:35.828600,0x433acb14,13.29625,66.25,3.75,-91,1769414793,3,3
2026-01-26 00:07:29.233346,0x433b0098,13.24125,63.75,6.25,-60,1769414847,2,2
2026-01-26 00:10:14.970807,0x433b0b38,13.2525,62.5,5.25,-74,1769415013,5,5
2026-01-26 00:10:22.655805,0x433abf20,13.2575,76.25,6.0,-76,1769415020,3,3
2026-01-26 00:11:38.533287,0x433acb14,13.29125,73.75,3.5,-91,1769415096,3,3
2026-01-26 00:14:22.120925,0x433ad35c,13.27125,66.25,6.5,-54,1769415260,3,3
2026-01-26 00:15:16.185113,0x433b0b38,13.24875,73.75,5.75,-74,1769415314,5,5
2026-01-26 00:15:24.975683,0x433abf20,13.25875,73.75,5.5,-76,1769415323,3,3
2026-01-26 00:16:39.820063,0x433acb14,13.29125,72.5,4.0,-91,1769415397,3,3
2026-01-26 00:17:27.790722,0x433b0098,13.23875,62.5,6.25,-60,1769415445,2,2
2026-01-26 00:20:17.731008,0x433b0b38,13.25125,73.75,6.25,-74,1769415615,5,5
2026-01-26 00:20:27.326872,0x433abf20,13.26125,61.25,5.25,-77,1769415625,3,3
2026-01-26 00:21:40.558529,0x433acb14,13.29375,61.25,3.25,-91,1769415698,3,3
2026-01-26 00:23:23.110609,0x433af380,13.21125,67.5,6.0,-39,1769415801,3,3
2026-01-26 00:24:24.703252,0x433ad35c,13.27125,77.5,6.5,-54,1769415862,3,3
2026-01-26 00:25:18.753035,0x433b0b38,13.25375,61.25,6.25,-73,1769415916,5,5
2026-01-26 00:25:25.676725,0x433abf20,13.25875,75.0,5.25,-76,1769415923,3,3
2026-01-26 00:26:42.386386,0x433acb14,13.29,76.25,3.5,-91,1769416000,3,3
2026-01-26 00:27:31.072211,0x433b0098,13.23875,62.5,6.0,-60,1769416049,2,2
2026-01-26 00:30:20.364497,0x433b0b38,13.2525,65.0,5.75,-75,1769416218,5,5
2026-01-26 00:30:27.015784,0x433abf20,13.2625,62.5,5.5,-77,1769416225,3,3
2026-01-26 00:31:43.490462,0x433acb14,13.2675,136.25,3.75,-90,1769416301,3,3
2026-01-26 00:34:27.115102,0x433ad35c,13.255,133.75,6.25,-53,1769416465,3,3
2026-01-26 00:35:21.317644,0x433b0b38,13.2525,63.75,5.75,-74,1769416519,5,5
2026-01-26 00:35:31.870639,0x433abf20,13.26,62.5,5.75,-77,1769416529,3,3
2026-01-26 00:36:46.953956,0x433acb14,13.29375,62.5,3.75,-92,1769416605,3,3
2026-01-26 00:37:33.363669,0x433b0098,13.235,71.25,6.25,-60,1769416651,2,2
2026-01-26 00:40:22.941595,0x433b0b38,13.25125,62.5,6.25,-74,1769416821,5,5
2026-01-26 00:40:33.119118,0x433abf20,13.25375,102.5,5.25,-76,1769416831,3,3
2026-01-26 00:41:47.877046,0x433acb14,13.29375,67.5,3.5,-91,1769416905,3,3
2026-01-26 00:44:31.567544,0x433ad35c,13.27125,65.0,5.75,-53,1769417069,3,3
2026-01-26 00:45:24.318528,0x433b0b38,13.25125,65.0,6.25,-74,1769417122,5,5
2026-01-26 00:45:32.954525,0x433abf20,13.25875,76.25,6.0,-77,1769417131,3,3
2026-01-26 00:46:52.383336,0x433acb14,13.2925,77.5,4.0,-92,1769417210,3,3
2026-01-26 00:47:36.078425,0x433b0098,13.23375,71.25,6.25,-61,1769417254,2,2
2026-01-26 00:50:24.895258,0x433b0b38,13.2475,71.25,6.5,-74,1769417422,5,5
2026-01-26 00:50:34.053249,0x433abf20,13.25875,77.5,5.0,-76,1769417432,3,3
2026-01-26 00:51:49.713258,0x433acb14,13.28875,73.75,3.75,-91,1769417507,3,3
2026-01-26 00:54:32.926925,0x433ad35c,13.26875,65.0,6.0,-54,1769417670,3,3
2026-01-26 00:55:25.522329,0x433b0b38,13.2525,63.75,6.25,-74,1769417723,5,5
2026-01-26 00:55:37.165216,0x433abf20,13.26125,58.75,5.5,-76,1769417735,3,3
2026-01-26 00:56:51.591023,0x433acb14,13.29125,63.75,3.25,-92,1769417809,3,3
2026-01-26 00:57:37.530739,0x433b0098,13.2425,62.5,5.25,-61,1769417855,2,2
2026-01-25 15:59:21.072811,0x433acb14,13.33875,66.25,2.0,-95,1769385559,3,3
2026-01-25 16:02:14.053488,0x433ad35c,13.28625,65.0,6.0,-54,1769385732,3,3
2026-01-25 16:03:12.792728,0x433abf20,13.275,63.75,5.5,-77,1769385791,3,3
2026-01-25 16:03:15.052622,0x433b0b38,13.2525,63.75,6.5,-74,1769385793,5,5
2026-01-25 16:04:22.249248,0x433acb14,13.33875,65.0,2.5,-94,1769385861,3,3
2026-01-25 16:05:31.334932,0x433b0098,13.26875,76.25,6.0,-62,1769385930,2,2
2026-01-25 16:07:53.841285,0x433aad0c,12.54,65.0,6.25,-77,1769386072,3,3
2026-01-25 16:08:10.630408,0x433b0b38,13.26125,62.5,6.25,-74,1769386089,5,5
2026-01-25 16:08:21.696336,0x433abf20,13.25625,127.5,5.25,-77,1769386100,3,3
2026-01-25 16:09:23.574253,0x433acb14,13.33125,77.5,3.5,-93,1769386162,3,3
2026-01-25 16:12:09.974757,0x433ad35c,13.28625,65.0,6.0,-53,1769386328,3,3
2026-01-25 16:13:17.736029,0x433b0b38,13.265,62.5,6.75,-74,1769386396,5,5
2026-01-25 16:13:22.978937,0x433abf20,13.27375,82.5,5.5,-77,1769386401,3,3
2026-01-25 16:14:24.308553,0x433acb14,13.33125,75.0,1.75,-95,1769386463,3,3
2026-01-25 16:15:33.540726,0x433b0098,13.27375,63.75,6.25,-61,1769386532,2,2
2026-01-25 16:17:54.225750,0x433aad0c,12.51875,61.25,5.5,-77,1769386673,3,3
2026-01-25 16:18:13.657315,0x433b0b38,13.255,97.5,5.75,-74,1769386692,5,5
2026-01-25 16:18:16.060901,0x433abf20,13.27625,67.5,6.0,-76,1769386694,3,3
2026-01-25 16:19:26.290710,0x433acb14,13.335,61.25,2.25,-95,1769386765,3,3
2026-01-25 16:21:49.213460,0x433af380,13.20375,83.75,6.25,-39,1769386908,3,3
2026-01-25 16:22:13.749840,0x433ad35c,13.285,60.0,7.0,-54,1769386932,3,3
2026-01-25 16:23:14.670601,0x433b0b38,13.265,63.75,7.0,-74,1769386993,5,5
2026-01-25 16:23:21.897766,0x433abf20,13.27375,76.25,5.5,-76,1769387000,3,3
2026-01-25 16:24:28.073215,0x433acb14,13.335,65.0,3.0,-95,1769387066,3,3
2026-01-25 16:25:36.028564,0x433b0098,13.26875,62.5,6.0,-61,1769387134,2,2
2026-01-25 16:27:54.921433,0x433aad0c,12.49375,76.25,6.25,-77,1769387273,3,3
2026-01-25 16:28:16.965049,0x433b0b38,13.25625,72.5,6.75,-74,1769387295,5,5
2026-01-25 16:28:21.278863,0x433abf20,13.275,66.25,5.75,-77,1769387300,3,3
2026-01-25 16:29:28.723349,0x433acb14,13.33125,85.0,3.0,-93,1769387367,3,3
2026-01-25 16:32:16.674466,0x433ad35c,13.28,63.75,6.0,-53,1769387535,3,3
2026-01-25 16:33:18.869719,0x433b0b38,13.2625,65.0,6.75,-74,1769387597,5,5
2026-01-25 16:33:23.757284,0x433abf20,13.27375,63.75,5.5,-76,1769387602,3,3
2026-01-25 16:34:30.098052,0x433acb14,13.335,65.0,3.5,-92,1769387668,3,3
2026-01-25 16:35:37.179646,0x433b0098,13.2675,63.75,5.75,-60,1769387736,2,2
2026-01-25 16:37:56.508293,0x433aad0c,12.47375,66.25,6.25,-77,1769387875,3,3
2026-01-25 16:38:17.577105,0x433b0b38,13.26375,63.75,6.25,-74,1769387896,5,5
2026-01-25 16:38:25.356972,0x433abf20,13.275,65.0,5.25,-76,1769387904,3,3
2026-01-25 16:39:31.850964,0x433acb14,13.33125,66.25,3.0,-94,1769387970,3,3
2026-01-25 16:42:21.115652,0x433ad35c,13.28625,61.25,6.0,-55,1769388139,3,3
2026-01-25 16:43:18.433814,0x433b0b38,13.2625,58.75,5.5,-74,1769388197,5,5
2026-01-25 16:43:25.853118,0x433abf20,13.27375,91.25,6.0,-76,1769388204,3,3
2026-01-25 16:44:32.080385,0x433acb14,13.3325,67.5,3.0,-94,1769388270,3,3
2026-01-25 16:45:40.167437,0x433b0098,13.25875,77.5,6.0,-61,1769388339,2,2
2026-01-25 16:47:55.300161,0x433aad0c,12.435,73.75,5.75,-76,1769388474,3,3
2026-01-25 16:48:21.867707,0x433b0b38,13.2625,62.5,6.75,-74,1769388500,5,5
2026-01-25 16:48:26.827823,0x433abf20,13.275,66.25,6.0,-77,1769388505,3,3
2026-01-25 16:49:33.863101,0x433acb14,13.3325,63.75,3.5,-92,1769388572,3,3
2026-01-25 16:52:21.260308,0x433ad35c,13.28375,77.5,7.0,-54,1769388740,3,3
2026-01-25 16:53:29.321587,0x433abf20,13.27625,60.0,5.75,-76,1769388808,3,3
2026-01-25 16:53:32.676036,0x433b0b38,13.26,75.0,7.0,-74,1769388811,5,5
2026-01-25 16:54:35.690598,0x433acb14,13.33,62.5,2.75,-94,1769388874,3,3
2026-01-25 16:55:43.116356,0x433b0098,13.26,66.25,6.25,-60,1769388941,2,2
2026-01-25 16:57:56.329329,0x433aad0c,12.4,75.0,6.25,-76,1769389075,3,3
2026-01-25 16:58:23.578058,0x433b0b38,13.25875,75.0,6.75,-74,1769389102,5,5
2026-01-25 16:58:29.654702,0x433abf20,13.2725,76.25,5.5,-76,1769389108,3,3
2026-01-25 04:03:44.537395,0x433b0b38,13.235,68.75,6.0,-77,,5,5
2026-01-25 04:06:00.572150,0x433aad0c,12.88625,61.25,5.75,-70,,3,3
2026-01-25 04:07:44.349718,0x433ad35c,13.25,71.25,6.0,-56,,3,3
2026-01-25 04:08:46.698444,0x433b0b38,13.2375,65.0,5.75,-78,,5,5
2026-01-25 04:13:45.878451,0x433b0b38,13.23875,60.0,5.75,-78,,5,5
2026-01-25 04:16:00.768556,0x433aad0c,12.885,63.75,5.75,-69,,3,3
2026-01-25 04:17:43.634926,0x433af380,13.19375,75.0,7.25,-34,,3,3
2026-01-25 04:17:48.319204,0x433ad35c,13.25125,61.25,6.0,-56,,3,3
2026-01-25 04:18:48.040714,0x433b0b38,13.235,75.0,6.0,-77,,5,5
2026-01-25 04:23:48.513482,0x433b0b38,13.235,70.0,6.25,-77,,5,5
2026-01-25 04:26:01.244284,0x433aad0c,12.88125,57.5,5.5,-69,,3,3
2026-01-25 04:27:49.911901,0x433ad35c,13.25125,78.75,6.0,-56,,3,3
2026-01-25 04:28:49.791542,0x433b0b38,13.24125,61.25,5.25,-77,,5,5
2026-01-25 04:33:50.170641,0x433b0b38,13.21,133.75,6.25,-76,,5,5
2026-01-25 04:36:01.720679,0x433aad0c,12.87875,60.0,6.0,-69,,3,3
2026-01-25 04:37:51.801687,0x433ad35c,13.2525,65.0,6.0,-56,,3,3
2026-01-25 04:38:52.635992,0x433b0b38,13.23375,68.75,5.75,-77,,5,5
2026-01-25 04:43:53.752052,0x433b0b38,13.24,62.5,6.0,-77,,5,5
2026-01-25 04:46:02.012161,0x433aad0c,12.87625,63.75,5.5,-70,,3,3
2026-01-25 04:48:00.250262,0x433ad35c,13.25125,76.25,6.5,-56,,3,3
2026-01-25 04:48:53.495572,0x433b0b38,13.215,123.75,6.25,-78,,5,5
2026-01-25 04:53:58.014510,0x433b0b38,13.24,66.25,6.0,-78,,5,5
2026-01-25 04:56:02.444561,0x433aad0c,12.87125,71.25,6.0,-70,,3,3
2026-01-25 04:57:58.525938,0x433ad35c,13.25125,60.0,6.0,-56,,3,3
2026-01-25 04:58:58.649655,0x433b0b38,13.21375,122.5,5.25,-77,,5,5
2026-01-23 05:03:12.265481,0x433ad35c,13.26375,61.25,7.0,-30,,3,3
2026-01-23 05:03:30.340769,0x433aad0c,13.27625,62.5,6.0,-37,,3,3
2026-01-23 05:04:25.569184,0x433b0b38,13.2575,63.75,6.25,-3,,5,5
2026-01-23 05:04:45.295677,0x433acb14,13.25875,65.0,6.5,-11,,3,3
2026-01-23 05:09:25.643619,0x433b0b38,13.255,61.25,6.25,-4,,5,5
2026-01-23 05:09:45.868231,0x433acb14,13.2625,62.5,6.75,-10,,3,3
2026-01-23 05:13:14.788428,0x433ad35c,13.2575,77.5,7.0,-29,,3,3
2026-01-23 05:13:32.469101,0x433aad0c,13.275,60.0,7.0,-36,,3,3
2026-01-23 05:14:26.236672,0x433b0b38,13.25625,62.5,6.0,-3,,5,5
2026-01-23 05:14:47.137041,0x433acb14,13.255,76.25,7.75,-11,,3,3
2026-01-23 05:19:26.869069,0x433b0b38,13.25625,62.5,6.0,-4,,5,5
2026-01-23 05:19:48.961986,0x433acb14,13.255,75.0,6.25,-11,,3,3
2026-01-23 05:20:48.456665,0x433af380,13.26,65.0,7.0,-11,,3,3
2026-01-23 05:23:17.303934,0x433ad35c,13.2625,60.0,7.25,-29,,3,3
2026-01-23 05:23:34.355794,0x433aad0c,13.2725,73.75,6.0,-36,,3,3
2026-01-23 05:24:28.839301,0x433b0b38,13.25625,60.0,6.5,-3,,5,5
2026-01-23 05:24:49.757706,0x433acb14,13.255,75.0,7.0,-11,,3,3
2026-01-23 05:29:35.043895,0x433b0b38,13.2525,76.25,6.0,-29,,5,4
2026-01-23 05:29:51.232030,0x433acb14,13.255,77.5,7.25,-11,,3,3
2026-01-23 05:33:20.380934,0x433ad35c,13.26375,58.75,7.5,-29,,3,3
2026-01-23 05:33:38.163273,0x433aad0c,13.27625,62.5,5.5,-36,,3,3
2026-01-23 05:34:32.773724,0x433b0b38,13.25125,76.25,6.25,-3,,5,5
2026-01-23 05:34:53.038339,0x433acb14,13.255,73.75,7.0,-11,,3,3
2026-01-23 05:39:32.821541,0x433b0b38,13.24875,70.0,8.25,-2,,5,5
2026-01-23 05:39:53.731632,0x433acb14,13.255,75.0,7.25,-11,,3,3
2026-01-23 05:43:23.035757,0x433ad35c,13.2575,75.0,6.0,-29,,3,3
2026-01-23 05:43:45.341446,0x433aad0c,13.27375,78.75,6.5,-36,,3,3
2026-01-23 05:44:33.777059,0x433b0b38,13.2575,65.0,6.0,-3,,5,5
2026-01-23 05:44:55.015548,0x433acb14,13.26,63.75,7.5,-11,,3,3
2026-01-23 05:49:34.931313,0x433b0b38,13.255,60.0,6.0,-3,,5,5
2026-01-23 05:49:57.316409,0x433acb14,13.2575,76.25,6.25,-11,,3,3
2026-01-23 05:53:27.106037,0x433ad35c,13.2625,62.5,5.75,-30,,3,3
2026-01-23 05:54:36.452403,0x433b0b38,13.25,70.0,6.0,-3,,5,5
2026-01-23 05:54:57.508669,0x433acb14,13.26,62.5,7.0,-11,,3,3
2026-01-23 05:59:38.399074,0x433b0b38,13.25,67.5,6.0,-3,,5,5
2026-01-23 05:59:59.726116,0x433acb14,13.25625,73.75,6.25,-11,,3,3
2026-01-28 01:02:23.249266,0x433abf20,13.27375,65.0,5.5,-76,1769590936,3,3
2026-01-28 01:03:24.187792,0x433b0b38,13.25125,73.75,5.75,-74,1769590997,5,5
2026-01-28 01:04:46.520370,0x433acb14,13.25625,72.5,3.75,-91,1769591079,3,3
2026-01-28 01:07:22.520557,0x433abf20,13.2675,81.25,5.5,-76,1769591235,3,3
2026-01-28 01:07:32.717687,0x433ad35c,13.27375,67.5,6.5,-54,1769591246,3,3
2026-01-28 01:08:27.034954,0x433b0b38,13.2525,73.75,5.75,-72,1769591300,5,5
2026-01-28 01:09:35.140271,0x433b0098,13.245,61.25,6.25,-61,1769591368,2,2
2026-01-28 01:09:45.933577,0x433acb14,13.25875,62.5,3.5,-91,1769591379,3,3
2026-01-28 01:13:22.833666,0x433b0b38,13.2575,61.25,5.5,-73,1769591596,5,5
2026-01-28 01:14:48.241597,0x433acb14,13.25875,63.75,3.75,-90,1769591681,3,3
2026-01-28 01:17:28.728212,0x433abf20,13.2725,63.75,5.5,-76,1769591842,3,3
2026-01-28 01:17:36.438132,0x433ad35c,13.275,66.25,5.75,-54,1769591849,3,3
2026-01-28 01:18:24.106865,0x433b0b38,13.255,61.25,5.75,-73,1769591897,5,5
2026-01-28 01:19:41.328556,0x433b0098,13.2475,62.5,6.5,-61,1769591974,2,2
2026-01-28 01:19:49.620022,0x433acb14,13.25625,76.25,3.75,-88,1769591983,3,3
2026-01-28 01:22:31.689691,0x433abf20,13.26875,75.0,6.0,-76,1769592145,3,3
2026-01-28 01:23:32.817677,0x433b0b38,13.2525,76.25,6.0,-73,1769592206,5,5
2026-01-28 01:24:50.524384,0x433acb14,13.25625,75.0,5.25,-89,1769592283,3,3
2026-01-28 01:27:32.229917,0x433abf20,13.25125,126.25,6.0,-76,1769592445,3,3
2026-01-28 01:27:38.939598,0x433ad35c,13.275,65.0,6.0,-54,1769592452,3,3
2026-01-28 01:28:27.353433,0x433b0b38,13.25625,62.5,5.5,-73,1769592500,5,5
2026-01-28 01:29:40.286856,0x433b0098,13.2475,61.25,5.75,-62,1769592573,2,2
2026-01-28 01:29:51.656885,0x433acb14,13.26,66.25,3.75,-92,1769592585,3,3
2026-01-28 01:32:00.041267,0x433af380,13.18625,81.25,6.25,-39,1769592713,3,3
2026-01-28 01:32:30.580601,0x433abf20,13.27375,65.0,6.0,-76,1769592743,3,3
2026-01-28 01:33:29.824672,0x433b0b38,13.25625,58.75,5.75,-72,1769592803,5,5
2026-01-28 01:34:52.886844,0x433acb14,13.25875,66.25,3.25,-91,1769592886,3,3
2026-01-28 01:37:33.898543,0x433abf20,13.2675,72.5,5.5,-75,1769593047,3,3
2026-01-28 01:37:44.799310,0x433ad35c,13.27,75.0,6.0,-53,1769593058,3,3
2026-01-28 01:38:30.693045,0x433b0b38,13.25375,62.5,6.0,-72,1769593104,5,5
2026-01-28 01:39:45.141356,0x433b0098,13.23875,75.0,6.25,-60,1769593178,2,2
2026-01-28 01:39:53.169818,0x433acb14,13.255,76.25,4.0,-91,1769593186,3,3
2026-01-28 01:42:33.150336,0x433abf20,13.27125,63.75,5.75,-75,1769593346,3,3
2026-01-28 01:43:32.198154,0x433b0b38,13.25,70.0,6.0,-72,1769593405,5,5
2026-01-28 01:44:54.781143,0x433acb14,13.25875,63.75,3.5,-91,1769593488,3,3
2026-01-28 01:47:34.952883,0x433abf20,13.2675,76.25,6.0,-75,1769593648,3,3
2026-01-28 01:47:44.167619,0x433ad35c,13.2725,61.25,6.0,-53,1769593657,3,3
2026-01-28 01:48:33.510328,0x433b0b38,13.25625,63.75,6.0,-73,1769593706,5,5
2026-01-28 01:49:47.413941,0x433b0098,13.24375,77.5,6.0,-61,1769593780,2,2
2026-01-28 01:49:57.814707,0x433acb14,13.25875,66.25,3.0,-91,1769593791,3,3
2026-01-28 01:52:36.615632,0x433abf20,13.27125,63.75,5.75,-76,1769593949,3,3
2026-01-28 01:53:34.468908,0x433b0b38,13.25375,63.75,5.75,-72,1769594007,5,5
2026-01-28 01:55:00.778417,0x433acb14,13.255,67.5,3.75,-91,1769594094,3,3
2026-01-28 01:57:37.278487,0x433abf20,13.2675,75.0,6.0,-75,1769594250,3,3
2026-01-28 01:57:49.596621,0x433ad35c,13.27375,65.0,6.75,-53,1769594262,3,3
2026-01-28 01:58:34.926749,0x433b0b38,13.255,62.5,6.0,-72,1769594308,5,5
2026-01-28 01:59:49.929445,0x433b0098,13.245,60.0,6.25,-61,1769594383,2,2
2026-01-28 01:59:59.550340,0x433acb14,13.255,75.0,3.75,-90,1769594392,3,3
2026-01-26 23:00:35.894394,0x433ad35c,13.26875,63.75,6.25,-54,1769497231,3,3
2026-01-26 23:00:44.217701,0x433abf20,13.26625,65.0,6.25,-77,1769497240,3,3
2026-01-26 23:01:25.110170,0x433b0b38,13.24875,73.75,5.5,-73,1769497281,5,5
2026-01-26 23:02:42.005909,0x433acb14,13.2675,72.5,6.25,-86,1769497357,3,3
2026-01-26 23:02:46.989133,0x433b0098,13.24125,61.25,7.0,-59,1769497362,2,2
2026-01-26 23:05:44.991842,0x433abf20,13.26625,65.0,5.0,-76,1769497540,3,3
2026-01-26 23:06:27.996760,0x433b0b38,13.25375,63.75,5.75,-73,1769497583,5,5
2026-01-26 23:07:42.814030,0x433acb14,13.26625,75.0,5.25,-86,1769497658,3,3
2026-01-26 23:10:37.947618,0x433ad35c,13.26875,65.0,6.0,-55,1769497833,3,3
2026-01-26 23:10:46.338115,0x433abf20,13.25875,67.5,5.5,-77,1769497842,3,3
2026-01-26 23:11:28.560969,0x433b0b38,13.2475,70.0,5.5,-73,1769497884,5,5
2026-01-26 23:12:45.599662,0x433acb14,13.2675,76.25,5.0,-87,1769497961,3,3
2026-01-26 23:12:48.841434,0x433b0098,13.2075,118.75,6.75,-60,1769497964,2,2
2026-01-26 23:15:46.767833,0x433abf20,13.26375,73.75,5.25,-77,1769498142,3,3
2026-01-26 23:16:30.197069,0x433b0b38,13.2525,57.5,5.75,-74,1769498186,5,5
2026-01-26 23:17:46.341609,0x433acb14,13.26625,76.25,5.5,-86,1769498262,3,3
2026-01-26 23:20:39.760884,0x433ad35c,13.26375,72.5,7.25,-54,1769498435,3,3
2026-01-26 23:20:48.770743,0x433abf20,13.265,61.25,5.25,-76,1769498444,3,3
2026-01-26 23:21:31.366599,0x433b0b38,13.2475,73.75,5.25,-74,1769498487,5,5
2026-01-26 23:22:50.432731,0x433acb14,13.26875,57.5,6.0,-86,1769498566,3,3
2026-01-26 23:22:52.574047,0x433b0098,13.23875,62.5,6.5,-60,1769498568,2,2
2026-01-26 23:25:49.606488,0x433abf20,13.26625,63.75,5.5,-76,1769498745,3,3
2026-01-26 23:26:31.889969,0x433b0b38,13.25375,65.0,5.25,-74,1769498787,5,5
2026-01-26 23:27:02.386085,0x433af380,13.20875,68.75,6.25,-38,1769498818,3,3
2026-01-26 23:27:48.161839,0x433acb14,13.27125,66.25,5.75,-87,1769498864,3,3
2026-01-26 23:30:43.043946,0x433ad35c,13.265,76.25,6.5,-55,1769499038,3,3
2026-01-26 23:30:51.050383,0x433abf20,13.26375,61.25,6.0,-77,1769499046,3,3
2026-01-26 23:31:33.127672,0x433b0b38,13.25,58.75,6.0,-73,1769499089,5,5
2026-01-26 23:32:48.631410,0x433acb14,13.2675,68.75,5.5,-85,1769499164,3,3
2026-01-26 23:32:53.581666,0x433b0098,13.23625,63.75,6.0,-59,1769499169,2,2
2026-01-26 23:35:52.775750,0x433abf20,13.26375,65.0,6.25,-76,1769499348,3,3
2026-01-26 23:36:35.102011,0x433b0b38,13.2525,72.5,5.5,-74,1769499390,5,5
2026-01-26 23:37:50.806561,0x433acb14,13.265,82.5,6.25,-86,1769499466,3,3
2026-01-26 23:40:45.696831,0x433ad35c,13.26375,77.5,6.0,-55,1769499641,3,3
2026-01-26 23:40:53.786313,0x433abf20,13.26375,66.25,5.75,-76,1769499649,3,3
2026-01-26 23:41:35.651582,0x433b0b38,13.25375,65.0,5.75,-73,1769499691,5,5
2026-01-26 23:42:51.149750,0x433acb14,13.2675,62.5,6.0,-86,1769499767,3,3
2026-01-26 23:42:57.811081,0x433b0098,13.23125,75.0,5.5,-76,1769499773,2,1
2026-01-26 23:45:54.538237,0x433abf20,13.25875,75.0,5.25,-77,1769499950,3,3
2026-01-26 23:46:36.913044,0x433b0b38,13.25,57.5,5.75,-74,1769499992,5,5
2026-01-26 23:47:53.335329,0x433acb14,13.26875,63.75,6.25,-86,1769500069,3,3
2026-01-26 23:50:47.978046,0x433ad35c,13.265,63.75,7.0,-54,1769500243,3,3
2026-01-26 23:50:56.877183,0x433abf20,13.265,67.5,5.5,-76,1769500252,3,3
2026-01-26 23:51:38.173853,0x433b0b38,13.245,95.0,5.75,-73,1769500294,5,5
2026-01-26 23:52:53.668678,0x433acb14,13.265,76.25,5.75,-86,1769500369,3,3
2026-01-26 23:53:00.178096,0x433b0098,13.2375,63.75,7.25,-60,1769500376,2,2
2026-01-26 23:56:00.458459,0x433abf20,13.2625,62.5,6.0,-76,1769500556,3,3
2026-01-26 23:56:39.614669,0x433b0b38,13.25,58.75,5.75,-73,1769500595,5,5
2026-01-26 23:57:55.883712,0x433acb14,13.26625,75.0,6.0,-86,1769500671,3,3
2026-01-28 06:03:41.509714,0x433abf20,13.26875,66.25,5.75,-75,1769609014,3,3
2026-01-28 06:04:40.703694,0x433b0b38,13.25,62.5,5.5,-72,1769609073,5,5
2026-01-28 06:06:05.597280,0x433acb14,13.24375,76.25,5.25,-89,1769609158,3,3
2026-01-28 06:08:42.799213,0x433abf20,13.26875,57.5,5.75,-75,1769609315,3,3
2026-01-28 06:08:58.618955,0x433ad35c,13.26875,61.25,6.0,-53,1769609331,3,3
2026-01-28 06:09:40.923667,0x433b0b38,13.24625,72.5,5.5,-73,1769609373,5,5
2026-01-28 06:10:51.681991,0x433b0098,13.24,58.75,5.75,-60,1769609444,2,2
2026-01-28 06:11:06.748317,0x433acb14,13.2475,67.5,4.25,-90,1769609459,3,3
2026-01-28 06:13:44.560871,0x433abf20,13.2675,62.5,6.0,-75,1769609617,3,3
2026-01-28 06:14:42.900559,0x433b0b38,13.25125,60.0,5.5,-72,1769609675,5,5
2026-01-28 06:16:07.950370,0x433acb14,13.2475,65.0,4.25,-89,1769609760,3,3
2026-01-28 06:18:45.498501,0x433abf20,13.265,73.75,5.75,-75,1769609918,3,3
2026-01-28 06:19:02.605903,0x433ad35c,13.2675,73.75,6.25,-53,1769609935,3,3
2026-01-28 06:19:44.238518,0x433b0b38,13.25,60.0,6.25,-73,1769609977,5,5
2026-01-28 06:20:52.400749,0x433b0098,13.23875,60.0,6.25,-60,1769610045,2,2
2026-01-28 06:21:09.342169,0x433acb14,13.2225,140.0,4.5,-89,1769610062,3,3
2026-01-28 06:23:47.920802,0x433abf20,13.2675,66.25,6.0,-75,1769610220,3,3
2026-01-28 06:24:44.700066,0x433b0b38,13.25,62.5,6.0,-73,1769610277,5,5
2026-01-28 06:26:10.619509,0x433acb14,13.24625,63.75,4.5,-91,1769610363,3,3
2026-01-28 06:28:49.235092,0x433abf20,13.265,77.5,5.75,-75,1769610522,3,3
2026-01-28 06:29:04.141682,0x433ad35c,13.26625,61.25,6.0,-53,1769610537,3,3
2026-01-28 06:29:45.984581,0x433b0b38,13.24875,62.5,5.75,-72,1769610578,5,5
2026-01-28 06:30:53.888899,0x433b0098,13.235,71.25,6.25,-60,1769610646,2,2
2026-01-28 06:31:11.186673,0x433acb14,13.25,66.25,4.0,-89,1769610664,3,3
2026-01-28 06:33:02.206234,0x433af380,13.1825,83.75,6.5,-39,1769610775,3,3
2026-01-28 06:33:50.994951,0x433abf20,13.2675,61.25,5.75,-75,1769610823,3,3
2026-01-28 06:34:47.670971,0x433b0b38,13.25,62.5,5.5,-73,1769610880,5,5
2026-01-28 06:36:15.770683,0x433acb14,13.2475,63.75,4.5,-90,1769610968,3,3
2026-01-28 06:38:51.534629,0x433abf20,13.26375,73.75,6.0,-75,1769611124,3,3
2026-01-28 06:39:06.387165,0x433ad35c,13.26875,65.0,6.0,-53,1769611139,3,3
2026-01-28 06:39:48.641197,0x433b0b38,13.24625,75.0,6.0,-72,1769611181,5,5
2026-01-28 06:40:56.157194,0x433b0098,13.24125,63.75,6.0,-61,1769611249,2,2
2026-01-28 06:41:17.370301,0x433acb14,13.2425,93.75,4.0,-90,1769611270,3,3
2026-01-28 06:43:52.312342,0x433abf20,13.26625,63.75,6.0,-75,1769611425,3,3
2026-01-28 06:44:49.909149,0x433b0b38,13.24875,75.0,5.5,-72,1769611482,5,5
2026-01-28 06:46:22.972501,0x433acb14,13.24875,65.0,4.5,-89,1769611575,3,3
2026-01-28 06:48:54.051643,0x433abf20,13.2675,62.5,5.75,-76,1769611726,3,3
2026-01-28 06:49:08.583434,0x433ad35c,13.2675,65.0,6.25,-54,1769611741,3,3
2026-01-28 06:49:51.938807,0x433b0b38,13.24875,62.5,5.5,-72,1769611784,5,5
2026-01-28 06:50:58.452124,0x433b0098,13.24125,58.75,6.0,-61,1769611851,2,2
2026-01-28 06:51:19.074192,0x433acb14,13.24375,78.75,4.0,-90,1769611871,3,3
2026-01-28 06:53:55.250521,0x433abf20,13.26125,72.5,6.0,-74,1769612028,3,3
2026-01-28 06:54:53.929125,0x433b0b38,13.2525,63.75,5.75,-72,1769612086,5,5
2026-01-28 06:56:19.481029,0x433acb14,13.24375,76.25,4.25,-90,1769612172,3,3
2026-01-28 06:58:55.952505,0x433abf20,13.26625,88.75,6.0,-74,1769612328,3,3
2026-01-28 06:59:10.441592,0x433ad35c,13.26875,66.25,7.0,-54,1769612343,3,3
2026-01-28 06:59:54.679475,0x433b0b38,13.2475,72.5,6.0,-72,1769612387,5,5
2026-01-28 07:01:01.455619,0x433b0098,13.235,73.75,5.75,-61,1769612454,2,2
2026-01-28 07:01:20.935558,0x433acb14,13.2425,75.0,4.0,-90,1769612473,3,3
2026-01-24 23:02:23.919454,0x433b0b38,13.22875,121.25,5.5,-78,,5,5
2026-01-24 23:05:46.764237,0x433aad0c,12.96125,58.75,5.75,-69,,3,3
2026-01-24 23:06:23.755826,0x433ad35c,13.2675,67.5,6.0,-56,,3,3
2026-01-24 23:07:24.082810,0x433b0b38,13.22375,132.5,5.5,-79,,5,5
2026-01-24 23:12:28.095843,0x433b0b38,13.255,65.0,5.5,-78,,5,5
2026-01-24 23:15:47.179764,0x433aad0c,12.9575,57.5,6.0,-70,,3,3
2026-01-24 23:16:24.021209,0x433af380,13.22,70.0,7.5,-34,,3,3
2026-01-24 23:16:27.901829,0x433ad35c,13.2675,65.0,6.5,-56,,3,3
2026-01-24 23:17:29.641574,0x433b0b38,13.25375,62.5,5.5,-78,,5,5
2026-01-24 23:22:29.196585,0x433b0b38,13.22875,122.5,5.5,-78,,5,5
2026-01-24 23:25:47.405311,0x433aad0c,12.955,82.5,5.75,-69,,3,3
2026-01-24 23:26:28.808145,0x433ad35c,13.25,132.5,6.0,-56,,3,3
2026-01-24 23:27:30.106910,0x433b0b38,13.22875,123.75,5.5,-79,,5,5
2026-01-24 23:32:32.431396,0x433b0b38,13.255,66.25,6.0,-78,,5,5
2026-01-24 23:35:47.393280,0x433aad0c,12.94875,75.0,5.5,-70,,3,3
2026-01-24 23:36:32.529875,0x433ad35c,13.2625,75.0,5.75,-55,,3,3
2026-01-24 23:37:33.310955,0x433b0b38,13.25375,61.25,0.5,-77,,5,5
2026-01-24 23:42:33.911679,0x433b0b38,13.2475,73.75,5.75,-78,,5,5
2026-01-24 23:45:47.684081,0x433aad0c,12.945,71.25,6.0,-70,,3,3
2026-01-24 23:46:34.328880,0x433ad35c,13.265,66.25,6.0,-56,,3,3
2026-01-24 23:47:36.158370,0x433b0b38,13.2475,67.5,5.5,-77,,5,5
2026-01-24 23:52:39.396863,0x433b0b38,13.25125,62.5,6.0,-71,,5,4
2026-01-24 23:55:48.126953,0x433aad0c,12.94875,63.75,6.0,-70,,3,3
2026-01-24 23:56:37.120449,0x433ad35c,13.26625,66.25,5.5,-56,,3,3
2026-01-24 23:57:40.016689,0x433b0b38,13.25375,62.5,5.25,-78,,5,5
2026-01-22 13:00:09.963115,0x433acb14,13.34125,61.25,6.5,-13,,3,3
2026-01-22 13:00:26.110371,0x433b0b38,13.33125,61.25,6.0,-4,,5,5
2026-01-22 13:00:45.734399,0x433acb14,13.33875,60.0,6.0,-9,,3,3
2026-01-22 13:05:25.651972,0x433b0b38,13.3175,57.5,6.5,-3,,5,5
2026-01-22 13:05:45.927498,0x433acb14,13.31625,70.0,5.75,-13,,3,3
2026-01-22 13:09:13.265077,0x433ad35c,13.00375,65.0,6.5,-25,,3,3
2026-01-22 13:09:29.073955,0x433aad0c,13.00875,73.75,5.75,-38,,3,3
2026-01-22 13:10:27.074287,0x433b0b38,13.30375,58.75,6.25,-3,,5,5
2026-01-22 13:10:46.389481,0x433acb14,13.30875,62.5,5.75,-12,,3,3
2026-01-22 13:12:26.400089,0x433af380,4.57875,,6.25,-19,,3,3
2026-01-22 13:15:07.403068,0x433af380,4.61,-2.5,5.75,-19,,3,3
2026-01-22 13:15:27.966866,0x433b0b38,13.29,63.75,6.0,-3,,5,5
2026-01-22 13:15:46.471594,0x433acb14,13.29125,76.25,6.5,-12,,3,3
2026-01-22 13:19:14.612898,0x433ad35c,13.0175,75.0,6.0,-30,,3,3
2026-01-22 13:19:30.203606,0x433aad0c,13.03375,67.5,5.75,-38,,3,3
2026-01-22 13:20:29.469947,0x433b0b38,13.28125,66.25,6.25,-4,,5,5
2026-01-22 13:20:47.230731,0x433acb14,13.2875,63.75,6.25,-12,,3,3
2026-01-22 13:25:31.010826,0x433b0b38,13.275,66.25,6.75,-4,,5,5
2026-01-22 13:25:46.957545,0x433acb14,13.275,70.0,5.75,-11,,3,3
2026-01-22 13:29:14.202184,0x433ad35c,13.1575,88.75,6.0,-30,,3,3
2026-01-22 13:29:29.823436,0x433aad0c,13.1725,61.25,6.75,-36,,3,3
2026-01-22 13:30:30.779767,0x433b0b38,13.27,61.25,5.75,-3,,5,5
2026-01-22 13:30:47.356895,0x433acb14,13.27375,66.25,6.75,-12,,3,3
2026-01-22 13:35:29.902614,0x433b0b38,13.26375,62.5,6.5,-3,,5,5
2026-01-22 13:35:49.832500,0x433acb14,13.26875,63.75,6.25,-11,,3,3
2026-01-22 13:39:15.673489,0x433ad35c,13.23875,67.5,6.0,-29,,3,3
2026-01-22 13:39:31.683006,0x433aad0c,13.25125,60.0,5.75,-36,,3,3
2026-01-22 13:40:30.926807,0x433b0b38,13.25375,75.0,6.0,-4,,5,5
2026-01-22 13:40:47.716497,0x433acb14,13.26625,65.0,6.25,-11,,3,3
2026-01-22 13:45:30.788305,0x433b0b38,13.2575,63.75,5.75,-3,,5,5
2026-01-22 13:45:48.122976,0x433acb14,13.2625,71.25,6.75,-11,,3,3
2026-01-22 13:49:18.103758,0x433ad35c,13.2975,78.75,6.75,-29,,3,3
2026-01-22 13:49:34.004610,0x433aad0c,13.30875,75.0,6.25,-36,,3,3
2026-01-22 13:50:31.154463,0x433b0b38,13.255,62.5,6.25,-3,,5,5
2026-01-22 13:50:49.820128,0x433acb14,13.2525,67.5,6.25,-11,,3,3
2026-01-22 13:55:31.083703,0x433b0b38,13.24625,70.0,6.25,-4,,5,5
2026-01-22 13:55:51.003344,0x433acb14,13.255,68.75,7.5,-11,,3,3
2026-01-22 13:59:21.956453,0x433ad35c,13.355,75.0,6.5,-28,,3,3
2026-01-22 13:59:36.385578,0x433aad0c,13.3625,76.25,6.0,-36,,3,3
2026-01-26 20:00:39.258157,0x433b0b38,13.26,68.75,6.0,-74,1769486435,5,5
2026-01-26 20:01:54.463544,0x433acb14,13.285,66.25,4.25,-87,1769486510,3,3
2026-01-26 20:02:04.556181,0x433b0098,13.25875,63.75,6.5,-60,1769486520,2,2
2026-01-26 20:04:58.361537,0x433abf20,13.27125,71.25,5.5,-76,1769486694,3,3
2026-01-26 20:05:39.424963,0x433b0b38,13.265,63.75,6.75,-74,1769486735,5,5
2026-01-26 20:06:55.771625,0x433acb14,13.28125,75.0,4.0,-87,1769486811,3,3
2026-01-26 20:09:50.976715,0x433ad35c,13.27875,61.25,6.0,-53,1769486987,3,3
2026-01-26 20:09:58.586325,0x433abf20,13.27,72.5,5.25,-76,1769486994,3,3
2026-01-26 20:10:40.522299,0x433b0b38,13.265,65.0,4.75,-74,1769487036,5,5
2026-01-26 20:11:57.037424,0x433acb14,13.2825,63.75,3.75,-87,1769487113,3,3
2026-01-26 20:12:05.397783,0x433b0098,13.25625,58.75,6.0,-60,1769487121,2,2
2026-01-26 20:15:00.368174,0x433abf20,13.2725,65.0,5.75,-76,1769487296,3,3
2026-01-26 20:15:41.956720,0x433b0b38,13.26,73.75,7.0,-74,1769487338,5,5
2026-01-26 20:16:58.298038,0x433acb14,13.2825,62.5,4.0,-87,1769487414,3,3
2026-01-26 20:19:53.502455,0x433ad35c,13.28,65.0,5.75,-53,1769487589,3,3
2026-01-26 20:20:01.275136,0x433abf20,13.27,65.0,5.5,-76,1769487597,3,3
2026-01-26 20:20:44.139555,0x433b0b38,13.25875,75.0,5.0,-74,1769487640,5,5
2026-01-26 20:22:00.428803,0x433acb14,13.2825,62.5,4.0,-87,1769487716,3,3
2026-01-26 20:22:10.924646,0x433b0098,13.255,63.75,7.0,-59,1769487727,2,2
2026-01-26 20:25:04.055624,0x433abf20,13.2725,63.75,5.75,-76,1769487900,3,3
2026-01-26 20:25:44.440124,0x433b0b38,13.23875,123.75,6.75,-73,1769487940,5,5
2026-01-26 20:26:32.588048,0x433af380,13.21125,77.5,6.25,-38,1769487988,3,3
2026-01-26 20:27:00.940517,0x433acb14,13.28125,65.0,4.0,-87,1769488017,3,3
2026-01-26 20:29:56.026684,0x433ad35c,13.27625,75.0,6.25,-53,1769488192,3,3
2026-01-26 20:30:04.610227,0x433abf20,13.26875,72.5,5.0,-76,1769488200,3,3
2026-01-26 20:30:46.664407,0x433b0b38,13.2575,71.25,5.75,-74,1769488242,5,5
2026-01-26 20:32:03.098398,0x433acb14,13.27875,77.5,4.0,-88,1769488319,3,3
2026-01-26 20:32:12.370673,0x433b0098,13.2475,71.25,6.0,-60,1769488328,2,2
2026-01-26 20:35:06.753942,0x433abf20,13.26875,72.5,5.5,-76,1769488502,3,3
2026-01-26 20:35:46.750522,0x433b0b38,13.2575,68.75,5.5,-75,1769488542,5,5
2026-01-26 20:37:03.458965,0x433acb14,13.27125,85.0,4.5,-87,1769488619,3,3
2026-01-26 20:39:58.689699,0x433ad35c,13.275,73.75,6.5,-53,1769488794,3,3
2026-01-26 20:40:07.157091,0x433abf20,13.2725,63.75,5.5,-76,1769488803,3,3
2026-01-26 20:40:51.527485,0x433b0b38,13.26375,65.0,6.75,-74,1769488847,5,5
2026-01-26 20:42:05.087020,0x433acb14,13.28375,67.5,4.0,-88,1769488921,3,3
2026-01-26 20:42:14.074937,0x433b0098,13.2475,70.0,7.25,-59,1769488930,2,2
2026-01-26 20:45:08.852668,0x433abf20,13.27375,63.75,5.5,-76,1769489104,3,3
2026-01-26 20:45:50.137524,0x433b0b38,13.2325,132.5,7.0,-74,1769489146,5,5
2026-01-26 20:47:07.505284,0x433acb14,13.2775,73.75,4.0,-87,1769489223,3,3
2026-01-26 20:50:01.762263,0x433ad35c,13.2775,60.0,6.5,-53,1769489397,3,3
2026-01-26 20:50:11.198552,0x433abf20,13.27,75.0,5.75,-76,1769489407,3,3
2026-01-26 20:50:50.468232,0x433b0b38,13.25875,75.0,6.75,-73,1769489446,5,5
2026-01-26 20:52:08.619819,0x433acb14,13.2825,65.0,4.0,-87,1769489524,3,3
2026-01-26 20:52:16.598059,0x433b0098,13.25,58.75,7.25,-60,1769489532,2,2
2026-01-26 20:55:14.727779,0x433abf20,13.27,63.75,5.5,-77,1769489710,3,3
2026-01-26 20:55:54.450875,0x433b0b38,13.25625,71.25,6.5,-74,1769489750,5,5
2026-01-26 20:57:09.039333,0x433acb14,13.28,67.5,4.5,-87,1769489825,3,3
2026-01-26 21:00:04.323246,0x433ad35c,13.275,67.5,7.0,-52,1769490000,3,3
2026-01-27 12:01:14.762527,0x433acb14,13.27375,63.75,3.5,-92,1769544069,3,3
2026-01-27 12:03:55.792628,0x433abf20,13.26375,62.5,6.0,-75,1769544230,3,3
2026-01-27 12:04:06.324164,0x433ad35c,13.2725,61.25,6.5,-53,1769544241,3,3
2026-01-27 12:04:53.327872,0x433b0b38,13.24,58.75,6.75,-71,1769544288,5,5
2026-01-27 12:06:09.777733,0x433b0098,13.2275,70.0,6.25,-60,1769544364,2,2
2026-01-27 12:06:16.154512,0x433acb14,13.27,76.25,-0.75,-96,1769544370,3,3
2026-01-27 12:08:59.515621,0x433abf20,13.26375,62.5,5.75,-75,1769544534,3,3
2026-01-27 12:09:54.322714,0x433b0b38,13.24,61.25,6.0,-72,1769544589,5,5
2026-01-27 12:11:16.992905,0x433acb14,13.275,63.75,2.25,-92,1769544671,3,3
2026-01-27 12:14:03.153472,0x433abf20,13.265,61.25,5.75,-75,1769544837,3,3
2026-01-27 12:14:10.970380,0x433ad35c,13.27375,61.25,5.75,-59,1769544845,3,2
2026-01-27 12:14:55.046059,0x433b0b38,13.235,72.5,6.0,-72,1769544889,5,5
2026-01-27 12:16:15.726824,0x433b0098,13.22875,72.5,6.0,-58,1769544970,2,2
2026-01-27 12:16:18.856685,0x433acb14,13.27375,65.0,3.75,-88,1769544973,3,3
2026-01-27 12:18:59.776268,0x433abf20,13.26625,63.75,6.0,-77,1769545134,3,3
2026-01-27 12:19:57.952912,0x433b0b38,13.24375,62.5,5.5,-71,1769545192,5,5
2026-01-27 12:21:22.733525,0x433acb14,13.275,62.5,0.5,-97,1769545277,3,3
2026-01-27 12:24:01.744918,0x433abf20,13.26,72.5,5.5,-75,1769545436,3,3
2026-01-27 12:24:10.607693,0x433ad35c,13.275,62.5,5.75,-54,1769545445,3,3
2026-01-27 12:24:59.223256,0x433b0b38,13.235,71.25,5.25,-70,1769545493,5,5
2026-01-27 12:26:17.223305,0x433b0098,13.22625,87.5,6.0,-61,1769545571,2,2
2026-01-27 12:26:21.141625,0x433acb14,13.275,60.0,4.5,-89,1769545575,3,3
2026-01-27 12:29:02.089735,0x433abf20,13.2475,123.75,5.75,-76,1769545736,3,3
2026-01-27 12:29:34.002758,0x433af380,13.19,77.5,6.25,-38,1769545768,3,3
2026-01-27 12:30:00.045995,0x433b0b38,13.24375,62.5,5.75,-72,1769545794,5,5
2026-01-27 12:31:22.875711,0x433acb14,13.2775,65.0,4.0,-91,1769545877,3,3
2026-01-27 12:34:03.411025,0x433abf20,13.265,72.5,5.5,-77,1769546038,3,3
2026-01-27 12:34:15.883899,0x433ad35c,13.27625,63.75,6.5,-54,1769546050,3,3
2026-01-27 12:35:00.992541,0x433b0b38,13.2425,58.75,5.5,-73,1769546095,5,5
2026-01-27 12:36:17.144438,0x433b0098,13.235,61.25,5.75,-61,1769546171,2,2
2026-01-27 12:36:24.450158,0x433acb14,13.27375,76.25,-3.25,-96,1769546179,3,3
2026-01-27 12:39:04.408102,0x433abf20,13.26625,78.75,5.25,-77,1769546339,3,3
2026-01-27 12:40:03.486148,0x433b0b38,13.24375,58.75,5.75,-74,1769546398,5,5
2026-01-27 12:41:27.231191,0x433acb14,13.2775,63.75,0.25,-96,1769546481,3,3
2026-01-27 12:44:05.997241,0x433abf20,13.2675,62.5,5.5,-76,1769546640,3,3
2026-01-27 12:44:15.493167,0x433ad35c,13.27375,73.75,5.5,-54,1769546650,3,3
2026-01-27 12:45:03.605126,0x433b0b38,13.23875,62.5,5.75,-72,1769546698,5,5
2026-01-27 12:46:18.597275,0x433b0098,13.23625,61.25,5.5,-61,1769546773,2,2
2026-01-27 12:46:27.825038,0x433acb14,13.27625,65.0,3.25,-93,1769546782,3,3
2026-01-27 12:49:07.712536,0x433abf20,13.26875,61.25,5.75,-77,1769546942,3,3
2026-01-27 12:50:04.599461,0x433b0b38,13.24125,70.0,6.0,-73,1769546999,5,5
2026-01-27 12:51:29.151339,0x433acb14,13.2775,65.0,2.75,-93,1769547083,3,3
2026-01-27 12:54:09.242563,0x433abf20,13.26875,60.0,6.25,-74,1769547243,3,3
2026-01-27 12:54:18.330922,0x433ad35c,13.27875,63.75,7.75,-54,1769547252,3,3
2026-01-27 12:55:06.571538,0x433b0b38,13.24125,72.5,6.0,-72,1769547301,5,5
2026-01-27 12:56:21.732542,0x433b0098,13.2375,60.0,6.75,-59,1769547376,2,2
2026-01-27 12:56:29.854439,0x433acb14,13.2725,67.5,6.0,-82,1769547384,3,3
2026-01-27 12:59:10.251813,0x433abf20,13.27,62.5,5.5,-77,1769547544,3,3
2026-01-27 13:00:08.509605,0x433b0b38,13.25,63.75,5.5,-73,1769547603,5,5
2026-01-27 22:01:31.789309,0x433abf20,13.2775,62.5,6.0,-76,1769580085,3,3
2026-01-27 22:02:28.221088,0x433b0b38,13.25375,75.0,6.0,-73,1769580141,5,5
2026-01-27 22:03:57.414722,0x433acb14,13.26625,61.25,3.75,-91,1769580231,3,3
2026-01-27 22:06:33.431348,0x433abf20,13.27625,61.25,5.75,-76,1769580387,3,3
2026-01-27 22:06:48.308207,0x433ad35c,13.2775,70.0,6.5,-54,1769580402,3,3
2026-01-27 22:07:29.961449,0x433b0b38,13.25375,68.75,6.0,-72,1769580443,5,5
2026-01-27 22:08:49.530206,0x433b0098,13.2525,62.5,6.0,-61,1769580523,2,2
2026-01-27 22:08:58.063318,0x433acb14,13.26375,76.25,3.25,-92,1769580531,3,3
2026-01-27 22:11:36.515188,0x433abf20,13.27625,60.0,5.5,-76,1769580690,3,3
2026-01-27 22:12:31.698966,0x433b0b38,13.25875,57.5,6.0,-72,1769580745,5,5
2026-01-27 22:13:59.321062,0x433acb14,13.2675,65.0,5.25,-89,1769580833,3,3
2026-01-27 22:16:36.125139,0x433abf20,13.27375,75.0,5.75,-75,1769580989,3,3
2026-01-27 22:16:48.715244,0x433ad35c,13.28125,66.25,6.0,-54,1769581002,3,3
2026-01-27 22:17:36.337767,0x433b0b38,13.2625,63.75,6.0,-72,1769581050,5,5
2026-01-27 22:18:52.537379,0x433b0098,13.24875,60.0,5.75,-61,1769581126,2,2
2026-01-27 22:19:01.297513,0x433acb14,13.265,63.75,3.5,-90,1769581135,3,3
2026-01-27 22:21:36.153020,0x433abf20,13.27875,63.75,6.75,-74,1769581289,3,3
2026-01-27 22:22:35.137832,0x433b0b38,13.25625,73.75,5.75,-72,1769581348,5,5
2026-01-27 22:24:05.914526,0x433acb14,13.26625,63.75,5.5,-89,1769581439,3,3
2026-01-27 22:26:39.513837,0x433abf20,13.27625,61.25,6.0,-74,1769581593,3,3
2026-01-27 22:26:51.270803,0x433ad35c,13.27875,65.0,6.0,-53,1769581604,3,3
2026-01-27 22:27:35.321433,0x433b0b38,13.25375,72.5,5.75,-70,1769581649,5,5
2026-01-27 22:28:55.839442,0x433b0098,13.2525,61.25,5.75,-61,1769581729,2,2
2026-01-27 22:29:04.822386,0x433acb14,13.2675,67.5,4.25,-91,1769581738,3,3
2026-01-27 22:31:37.103142,0x433af380,13.16375,86.25,6.25,-39,1769581890,3,3
2026-01-27 22:31:41.128556,0x433abf20,13.275,61.25,6.0,-75,1769581894,3,3
2026-01-27 22:32:38.347063,0x433b0b38,13.26,63.75,6.0,-71,1769581952,5,5
2026-01-27 22:34:05.815648,0x433acb14,13.26125,75.0,3.5,-90,1769582039,3,3
2026-01-27 22:36:41.267084,0x433abf20,13.27375,76.25,6.25,-74,1769582194,3,3
2026-01-27 22:36:53.787878,0x433ad35c,13.27375,76.25,6.0,-53,1769582207,3,3
2026-01-27 22:37:39.363292,0x433b0b38,13.25375,70.0,5.75,-72,1769582253,5,5
2026-01-27 22:38:56.962126,0x433b0098,13.25125,61.25,6.0,-61,1769582330,2,2
2026-01-27 22:39:06.068131,0x433acb14,13.2675,66.25,4.5,-91,1769582339,3,3
2026-01-27 22:41:42.559779,0x433abf20,13.27625,63.75,6.0,-76,1769582496,3,3
2026-01-27 22:42:40.415350,0x433b0b38,13.2575,73.75,5.75,-72,1769582554,5,5
2026-01-27 22:44:08.299764,0x433acb14,13.26125,77.5,4.0,-90,1769582641,3,3
2026-01-27 22:46:44.385991,0x433abf20,13.27875,65.0,5.5,-75,1769582798,3,3
2026-01-27 22:46:57.108667,0x433ad35c,13.275,77.5,6.25,-53,1769582810,3,3
2026-01-27 22:47:40.984627,0x433b0b38,13.26,65.0,5.75,-73,1769582854,5,5
2026-01-27 22:49:00.819348,0x433b0098,13.24375,72.5,6.0,-61,1769582934,2,2
2026-01-27 22:49:09.487637,0x433acb14,13.2675,66.25,4.75,-88,1769582943,3,3
2026-01-27 22:51:44.853561,0x433abf20,13.27625,63.75,5.75,-75,1769583098,3,3
2026-01-27 22:52:44.743658,0x433b0b38,13.25,65.0,6.0,-72,1769583158,5,5
2026-01-27 22:54:09.859206,0x433acb14,13.26625,63.75,3.5,-90,1769583243,3,3
2026-01-27 22:56:49.535667,0x433abf20,13.2775,61.25,5.75,-75,1769583403,3,3
2026-01-27 22:56:59.188986,0x433ad35c,13.2775,63.75,6.0,-55,1769583412,3,3
2026-01-27 22:57:47.005829,0x433b0b38,13.255,70.0,5.75,-73,1769583460,5,5
2026-01-27 22:59:04.653618,0x433b0098,13.25,62.5,6.0,-61,1769583538,2,2
2026-01-27 22:59:12.049185,0x433acb14,13.26125,73.75,5.0,-90,1769583545,3,3
2026-01-26 15:00:33.584250,0x433acb14,13.29875,65.0,-1.75,-100,1769468430,3,3
2026-01-26 15:01:02.394529,0x433b0098,13.2525,76.25,6.0,-61,1769468459,2,2
2026-01-26 15:03:41.243305,0x433abf20,13.25875,121.25,5.5,-76,1769468617,3,3
2026-01-26 15:04:20.255414,0x433b0b38,13.2675,65.0,5.5,-73,1769468656,5,5
2026-01-26 15:05:33.570512,0x433acb14,13.3,65.0,2.0,-96,1769468730,3,3
2026-01-26 15:08:30.206562,0x433ad35c,13.2925,61.25,6.0,-54,1769468906,3,3
2026-01-26 15:08:43.830137,0x433abf20,13.27125,62.5,5.5,-76,1769468920,3,3
2026-01-26 15:09:21.048032,0x433b0b38,13.26625,62.5,5.25,-74,1769468957,5,5
2026-01-26 15:10:35.144098,0x433acb14,13.29625,76.25,2.0,-95,1769469031,3,3
2026-01-26 15:11:03.350432,0x433b0098,13.255,71.25,6.5,-61,1769469060,2,2
2026-01-26 15:13:44.964882,0x433abf20,13.27875,62.5,5.75,-76,1769469221,3,3
2026-01-26 15:14:22.124215,0x433b0b38,13.26875,61.25,6.0,-73,1769469258,5,5
2026-01-26 15:15:38.143017,0x433acb14,13.295,77.5,0.25,-97,1769469334,3,3
2026-01-26 15:18:32.030859,0x433ad35c,13.28875,61.25,6.25,-53,1769469508,3,3
2026-01-26 15:18:44.491885,0x433abf20,13.27875,57.5,6.25,-76,1769469521,3,3
2026-01-26 15:19:24.227379,0x433b0b38,13.265,67.5,5.25,-73,1769469560,5,5
2026-01-26 15:20:38.991110,0x433acb14,13.29625,72.5,4.0,-91,1769469635,3,3
2026-01-26 15:21:05.087835,0x433b0098,13.25625,73.75,6.0,-62,1769469661,2,2
2026-01-26 15:23:46.832317,0x433abf20,13.275,75.0,6.0,-76,1769469823,3,3
2026-01-26 15:24:23.941400,0x433b0b38,13.26875,61.25,5.75,-73,1769469860,5,5
2026-01-26 15:25:39.472725,0x433acb14,13.295,75.0,-2.25,-101,1769469936,3,3
2026-01-26 15:25:47.594901,0x433af380,13.21625,82.5,5.25,-39,1769469944,3,3
2026-01-26 15:28:34.817120,0x433ad35c,13.28625,76.25,6.5,-53,1769470111,3,3
2026-01-26 15:28:47.333574,0x433abf20,13.27375,72.5,6.0,-77,1769470123,3,3
2026-01-26 15:29:26.444094,0x433b0b38,13.265,75.0,5.5,-73,1769470163,5,5
2026-01-26 15:30:41.002567,0x433acb14,13.29625,73.75,3.0,-93,1769470237,3,3
2026-01-26 15:31:08.526916,0x433b0098,13.26375,58.75,5.75,-62,1769470265,2,2
2026-01-26 15:33:48.102786,0x433abf20,13.27875,63.75,5.5,-75,1769470424,3,3
2026-01-26 15:34:27.646371,0x433b0b38,13.26875,60.0,5.75,-74,1769470464,5,5
2026-01-26 15:35:42.574764,0x433acb14,13.29875,62.5,,-98,1769470539,3,3
2026-01-26 15:38:36.694168,0x433ad35c,13.2875,76.25,6.25,-53,1769470713,3,3
2026-01-26 15:38:49.394972,0x433abf20,13.275,75.0,5.75,-76,1769470726,3,3
2026-01-26 15:39:27.882005,0x433b0b38,13.26875,62.5,5.75,-73,1769470764,5,5
2026-01-26 15:40:43.117125,0x433acb14,13.29375,73.75,0.5,-96,1769470839,3,3
2026-01-26 15:41:10.943642,0x433b0098,13.26375,62.5,7.0,-61,1769470867,2,2
2026-01-26 15:43:50.829131,0x433abf20,13.2775,61.25,5.25,-77,1769471027,3,3
2026-01-26 15:44:29.276857,0x433b0b38,13.26375,75.0,5.5,-73,1769471065,5,5
2026-01-26 15:45:44.093411,0x433acb14,13.3,65.0,2.0,-94,1769471140,3,3
2026-01-26 15:48:39.421782,0x433ad35c,13.29,76.25,5.75,-53,1769471316,3,3
2026-01-26 15:48:52.641863,0x433abf20,13.275,71.25,5.5,-76,1769471329,3,3
2026-01-26 15:49:30.520076,0x433b0b38,13.2675,71.25,5.75,-73,1769471367,5,5
2026-01-26 15:50:45.686423,0x433acb14,13.295,95.0,1.0,-95,1769471442,3,3
2026-01-26 15:51:12.308169,0x433b0098,13.265,60.0,6.0,-61,1769471468,2,2
2026-01-26 15:53:51.777001,0x433abf20,13.28,61.25,5.25,-76,1769471628,3,3
2026-01-26 15:54:36.759725,0x433b0b38,13.2725,62.5,6.5,-74,1769471673,5,5
2026-01-26 15:55:47.930852,0x433acb14,13.29625,77.5,-0.25,-98,1769471744,3,3
2026-01-26 15:58:42.383817,0x433ad35c,13.28875,62.5,6.25,-54,1769471918,3,3
2026-01-26 15:58:53.050976,0x433abf20,13.27625,72.5,5.5,-76,1769471929,3,3
2026-01-26 15:59:34.324577,0x433b0b38,13.2725,62.5,5.5,-73,1769471970,5,5
2026-01-26 03:01:00.853368,0x433b0b38,13.24875,58.75,7.0,-73,1769425258,5,5
2026-01-26 03:01:05.088433,0x433abf20,13.2625,65.0,5.25,-76,1769425262,3,3
2026-01-26 03:02:24.332183,0x433acb14,13.27875,88.75,3.5,-91,1769425342,3,3
2026-01-26 03:05:12.359289,0x433ad35c,13.26875,62.5,5.75,-53,1769425510,3,3
2026-01-26 03:06:02.828894,0x433b0b38,13.2525,66.25,5.25,-74,1769425560,5,5
2026-01-26 03:06:07.176394,0x433abf20,13.25875,76.25,5.75,-76,1769425565,3,3
2026-01-26 03:07:24.546656,0x433acb14,13.285,73.75,3.5,-91,1769425642,3,3
2026-01-26 03:08:16.051444,0x433b0098,13.235,62.5,6.0,-60,1769425693,2,2
2026-01-26 03:11:03.379565,0x433b0b38,13.24875,62.5,6.5,-74,1769425861,5,5
2026-01-26 03:11:07.966501,0x433abf20,13.26,65.0,5.5,-76,1769425865,3,3
2026-01-26 03:12:27.521662,0x433acb14,13.2825,70.0,3.75,-91,1769425945,3,3
2026-01-26 03:15:13.785214,0x433ad35c,13.26375,72.5,3.75,-53,1769426111,3,3
2026-01-26 03:16:04.641876,0x433b0b38,13.24375,73.75,5.75,-74,1769426162,5,5
2026-01-26 03:16:07.955180,0x433abf20,13.25625,71.25,5.5,-75,1769426165,3,3
2026-01-26 03:17:27.347412,0x433acb14,13.28625,63.75,3.75,-91,1769426245,3,3
2026-01-26 03:18:15.803616,0x433b0098,13.23875,63.75,6.25,-59,1769426293,2,2
2026-01-26 03:21:06.409445,0x433b0b38,13.24875,60.0,7.0,-73,1769426464,5,5
2026-01-26 03:21:09.714378,0x433abf20,13.25875,75.0,6.0,-76,1769426467,3,3
2026-01-26 03:22:31.018870,0x433acb14,13.28625,67.5,4.0,-91,1769426548,3,3
2026-01-26 03:23:48.128979,0x433af380,13.20375,70.0,6.25,-39,1769426625,3,3
2026-01-26 03:25:17.351527,0x433ad35c,13.26375,75.0,6.0,-53,1769426715,3,3
2026-01-26 03:26:09.136400,0x433b0b38,13.25,61.25,6.0,-74,1769426766,5,5
2026-01-26 03:26:12.964073,0x433abf20,13.2625,63.75,5.5,-76,1769426770,3,3
2026-01-26 03:27:29.983574,0x433acb14,13.28625,67.5,3.25,-91,1769426847,3,3
2026-01-26 03:28:18.524248,0x433b0098,13.235,60.0,6.5,-61,1769426896,2,2
2026-01-26 03:31:10.566252,0x433b0b38,13.245,73.75,6.5,-73,1769427068,5,5
2026-01-26 03:31:14.652429,0x433abf20,13.25625,73.75,6.0,-76,1769427072,3,3
2026-01-26 03:32:32.825361,0x433acb14,13.285,63.75,3.25,-91,1769427150,3,3
2026-01-26 03:35:21.578161,0x433ad35c,13.26875,65.0,6.5,-53,1769427319,3,3
2026-01-26 03:36:10.522280,0x433b0b38,13.2475,62.5,6.25,-75,1769427368,5,5
2026-01-26 03:36:14.156080,0x433abf20,13.26125,62.5,5.75,-76,1769427371,3,3
2026-01-26 03:37:33.896093,0x433acb14,13.28875,63.75,3.5,-92,1769427451,3,3
2026-01-26 03:38:20.679616,0x433b0098,13.23625,60.0,5.75,-62,1769427498,2,2
2026-01-26 03:41:11.211172,0x433b0b38,13.24625,77.5,6.75,-74,1769427669,5,5
2026-01-26 03:41:14.499936,0x433abf20,13.26,61.25,5.25,-76,1769427672,3,3
2026-01-26 03:42:35.019669,0x433acb14,13.2875,63.75,3.25,-90,1769427752,3,3
2026-01-26 03:45:22.598317,0x433ad35c,13.26625,65.0,6.0,-54,1769427920,3,3
2026-01-26 03:46:12.225653,0x433b0b38,13.24125,76.25,6.0,-75,1769427970,5,5
2026-01-26 03:46:15.377670,0x433abf20,13.26,61.25,6.0,-76,1769427973,3,3
2026-01-26 03:47:35.668985,0x433acb14,13.28375,60.0,3.5,-91,1769428053,3,3
2026-01-26 03:48:21.862227,0x433b0098,13.235,61.25,6.0,-61,1769428099,2,2
2026-01-26 03:51:13.471487,0x433b0b38,13.2475,72.5,5.5,-75,1769428271,5,5
2026-01-26 03:51:16.914602,0x433abf20,13.25625,72.5,5.5,-77,1769428274,3,3
2026-01-26 03:52:36.687566,0x433acb14,13.29,61.25,3.25,-91,1769428354,3,3
2026-01-26 03:55:25.696635,0x433ad35c,13.265,76.25,6.25,-54,1769428523,3,3
2026-01-26 03:56:14.749377,0x433b0b38,13.2475,65.0,5.25,-74,1769428572,5,5
2026-01-26 03:56:19.923548,0x433abf20,13.25875,65.0,5.5,-75,1769428577,3,3
2026-01-26 03:57:39.184751,0x433acb14,13.28625,66.25,3.75,-91,1769428656,3,3
2026-01-26 03:58:24.126117,0x433b0098,13.2275,68.75,6.25,-59,1769428701,2,2
2026-01-25 02:03:11.329087,0x433b0b38,13.20875,158.75,6.0,-78,,5,5
2026-01-25 02:05:55.684179,0x433aad0c,12.9175,61.25,6.0,-70,,3,3
2026-01-25 02:07:12.804085,0x433ad35c,13.255,66.25,6.5,-56,,3,3
2026-01-25 02:08:10.817478,0x433b0b38,13.2175,135.0,5.5,-77,,5,5
2026-01-25 02:13:12.065116,0x433b0b38,13.21125,120.0,5.5,-77,,5,5
2026-01-25 02:15:55.979752,0x433aad0c,12.91,68.75,5.5,-69,,3,3
2026-01-25 02:17:11.595536,0x433af380,13.19625,81.25,7.75,-34,,3,3
2026-01-25 02:17:17.094495,0x433ad35c,13.25625,66.25,6.25,-56,,3,3
2026-01-25 02:18:17.647676,0x433b0b38,13.24125,75.0,5.75,-78,,5,5
2026-01-25 02:23:15.344398,0x433b0b38,13.2175,123.75,5.75,-77,,5,5
2026-01-25 02:25:56.438938,0x433aad0c,12.90375,85.0,5.75,-70,,3,3
2026-01-25 02:27:19.646926,0x433ad35c,13.2525,72.5,6.0,-56,,3,3
2026-01-25 02:28:20.849117,0x433b0b38,13.23875,68.75,5.25,-76,,5,4
2026-01-25 02:33:19.791285,0x433b0b38,13.24,73.75,5.75,-78,,5,5
2026-01-25 02:35:56.966055,0x433aad0c,12.905,70.0,5.75,-70,,3,3
2026-01-25 02:37:20.173361,0x433ad35c,13.25625,63.75,5.75,-55,,3,3
2026-01-25 02:38:20.171814,0x433b0b38,13.2375,72.5,5.75,-78,,5,5
2026-01-25 02:43:23.445926,0x433b0b38,13.24375,61.25,5.5,-77,,5,5
2026-01-25 02:45:57.142044,0x433aad0c,12.9075,65.0,6.0,-70,,3,3
2026-01-25 02:47:21.998512,0x433ad35c,13.25375,75.0,5.75,-57,,3,3
2026-01-25 02:48:23.036972,0x433b0b38,13.2425,62.5,6.0,-78,,5,5
2026-01-25 02:53:29.088487,0x433b0b38,13.215,118.75,5.25,-76,,5,4
2026-01-25 02:55:57.678169,0x433aad0c,12.905,58.75,5.75,-70,,3,3
2026-01-25 02:57:24.800162,0x433ad35c,13.255,60.0,6.0,-55,,3,3
2026-01-25 02:58:26.302092,0x433b0b38,13.215,123.75,6.5,-78,,5,5
2026-01-24 00:01:32.818897,0x433b0b38,13.245,72.5,5.0,-77,,5,5
2026-01-24 00:04:57.037708,0x433aad0c,13.11,62.5,6.25,-71,,3,3
2026-01-24 00:06:34.263291,0x433b0b38,13.24375,75.0,6.0,-77,,5,5
2026-01-24 00:10:16.593779,0x433af380,13.22375,72.5,6.75,-34,,3,3
2026-01-24 00:10:19.660886,0x433ad35c,13.2625,63.75,5.75,-59,,3,3
2026-01-24 00:11:34.063178,0x433b0b38,13.21875,130.0,5.75,-76,,5,5
2026-01-24 00:14:57.239263,0x433aad0c,13.10875,60.0,6.0,-71,,3,3
2026-01-24 00:16:35.687302,0x433b0b38,13.25,57.5,5.75,-76,,5,5
2026-01-24 00:20:22.666862,0x433ad35c,13.26,73.75,6.25,-59,,3,3
2026-01-24 00:21:36.963594,0x433b0b38,13.24375,70.0,6.0,-77,,5,5
2026-01-24 00:24:57.476584,0x433aad0c,13.105,73.75,5.75,-71,,3,3
2026-01-24 00:26:38.040927,0x433b0b38,13.2475,61.25,5.75,-76,,5,5
2026-01-24 00:30:24.119080,0x433ad35c,13.26,75.0,6.0,-59,,3,3
2026-01-24 00:31:39.070008,0x433b0b38,13.245,68.75,5.25,-77,,5,5
2026-01-24 00:34:57.743118,0x433aad0c,13.1075,58.75,6.0,-70,,3,3
2026-01-24 00:36:40.395508,0x433b0b38,13.245,71.25,6.0,-76,,5,5
2026-01-24 00:40:29.217152,0x433ad35c,13.2625,61.25,6.25,-59,,3,3
2026-01-24 00:41:40.726117,0x433b0b38,13.245,70.0,6.5,-77,,5,5
2026-01-24 00:44:57.933557,0x433aad0c,13.10875,63.75,5.75,-71,,3,3
2026-01-24 00:46:42.503285,0x433b0b38,13.24375,76.25,5.75,-77,,5,5
2026-01-24 00:50:29.648826,0x433ad35c,13.2625,63.75,6.0,-59,,3,3
2026-01-24 00:51:44.045268,0x433b0b38,13.2425,75.0,6.25,-77,,5,5
2026-01-24 00:54:58.883772,0x433aad0c,13.105,76.25,6.0,-71,,3,3
2026-01-24 00:56:44.204371,0x433b0b38,13.2425,72.5,5.25,-77,,5,5
2026-01-24 01:00:33.809877,0x433ad35c,13.2625,66.25,6.0,-59,,3,3
2026-01-23 21:04:50.864921,0x433aad0c,13.1175,73.75,5.25,-70,,3,3
2026-01-23 21:05:50.996194,0x433b0b38,13.25375,57.5,5.5,-76,,5,5
2026-01-23 21:09:30.126025,0x433ad35c,13.26625,62.5,6.25,-57,,3,3
2026-01-23 21:09:37.226158,0x433af380,13.215,85.0,6.5,-34,,3,3
2026-01-23 21:10:50.729326,0x433b0b38,13.24875,68.75,6.0,-76,,5,5
2026-01-23 21:14:49.730660,0x433aad0c,13.11875,58.75,5.5,-71,,3,3
2026-01-23 21:15:52.657748,0x433b0b38,13.25,75.0,5.75,-77,,5,5
2026-01-23 21:19:34.799511,0x433ad35c,13.26625,66.25,6.0,-58,,3,3
2026-01-23 21:20:53.797268,0x433b0b38,13.24875,72.5,6.0,-77,,5,5
2026-01-23 21:24:50.095831,0x433aad0c,13.11375,71.25,5.75,-70,,3,3
2026-01-23 21:25:55.050592,0x433b0b38,13.2525,65.0,5.75,-77,,5,5
2026-01-23 21:29:38.800166,0x433ad35c,13.265,91.25,6.75,-57,,3,3
2026-01-23 21:30:56.366944,0x433b0b38,13.25125,75.0,6.0,-76,,5,5
2026-01-23 21:34:49.870316,0x433aad0c,13.11875,63.75,5.25,-70,,3,3
2026-01-23 21:35:56.596517,0x433b0b38,13.25,57.5,6.0,-76,,5,5
2026-01-23 21:39:40.417722,0x433ad35c,13.26375,72.5,6.25,-58,,3,3
2026-01-23 21:40:58.495503,0x433b0b38,13.2475,68.75,5.75,-77,,5,5
2026-01-23 21:44:50.101372,0x433aad0c,13.1125,71.25,6.25,-70,,3,3
2026-01-23 21:45:59.347437,0x433b0b38,13.25375,61.25,6.25,-78,,5,5
2026-01-23 21:49:42.280169,0x433ad35c,13.2625,76.25,6.25,-58,,3,3
2026-01-23 21:51:02.443577,0x433b0b38,13.25125,65.0,6.0,-77,,5,5
2026-01-23 21:54:50.373929,0x433aad0c,13.11625,62.5,5.25,-70,,3,3
2026-01-23 21:56:02.570562,0x433b0b38,13.25,63.75,5.75,-76,,5,5
2026-01-23 21:59:43.700396,0x433ad35c,13.26625,63.75,6.25,-58,,3,3
2026-01-23 22:01:03.694009,0x433b0b38,13.25,58.75,6.5,-77,,5,5
2026-01-25 20:59:26.335102,0x433b0b38,13.25875,65.0,6.0,-74,1769403564,5,5
2026-01-25 20:59:34.606887,0x433abf20,13.265,73.75,6.5,-53,1769403573,3,2
2026-01-25 21:00:45.867502,0x433acb14,13.31,65.0,3.75,-93,1769403644,3,3
2026-01-25 21:03:29.219024,0x433ad35c,13.27875,63.75,6.75,-52,1769403807,3,3
2026-01-25 21:04:26.873085,0x433b0b38,13.26,62.5,6.0,-74,1769403865,5,5
2026-01-25 21:04:30.912592,0x433abf20,13.2675,62.5,5.75,-76,1769403869,3,3
2026-01-25 21:05:48.641678,0x433acb14,13.3075,71.25,3.25,-93,1769403947,3,3
2026-01-25 21:06:37.681865,0x433b0098,13.2425,75.0,5.75,-60,1769403996,2,2
2026-01-25 21:09:28.846131,0x433b0b38,13.2625,61.25,6.25,-73,1769404167,5,5
2026-01-25 21:09:31.818346,0x433abf20,13.26625,65.0,6.0,-76,1769404170,3,3
2026-01-25 21:10:47.589703,0x433acb14,13.30625,63.75,3.75,-92,1769404246,3,3
2026-01-25 21:13:31.036936,0x433ad35c,13.28,65.0,6.75,-53,1769404409,3,3
2026-01-25 21:14:29.685835,0x433b0b38,13.25375,73.75,5.25,-74,1769404468,5,5
2026-01-25 21:14:37.891245,0x433abf20,13.2675,61.25,5.75,-76,1769404476,3,3
2026-01-25 21:15:50.841049,0x433acb14,13.2825,130.0,4.0,-92,1769404549,3,3
2026-01-25 21:16:40.200529,0x433b0098,13.2425,71.25,6.0,-61,1769404598,2,2
2026-01-25 21:19:30.681098,0x433b0b38,13.25625,76.25,5.75,-74,1769404769,5,5
2026-01-25 21:19:38.032699,0x433abf20,13.26125,80.0,5.75,-76,1769404776,3,3
2026-01-25 21:20:52.209202,0x433acb14,13.30625,67.5,4.0,-92,1769404850,3,3
2026-01-25 21:22:47.915285,0x433af380,13.21875,71.25,6.5,-38,1769404966,3,3
2026-01-25 21:23:38.127429,0x433ad35c,13.275,71.25,6.25,-53,1769405016,3,3
2026-01-25 21:24:36.391164,0x433b0b38,13.2475,96.25,5.25,-74,1769405074,5,5
2026-01-25 21:24:40.391871,0x433abf20,13.26625,66.25,5.25,-76,1769405078,3,3
2026-01-25 21:25:54.139875,0x433acb14,13.3025,78.75,3.75,-92,1769405152,3,3
2026-01-25 21:26:43.712674,0x433b0098,13.24125,75.0,5.75,-61,1769405202,2,2
2026-01-25 21:29:37.543312,0x433b0b38,13.25375,70.0,6.25,-74,1769405375,5,5
2026-01-25 21:29:41.445208,0x433abf20,13.26875,65.0,5.5,-76,1769405379,3,3
2026-01-25 21:30:53.155066,0x433acb14,13.3,77.5,3.75,-92,1769405451,3,3
2026-01-25 21:33:40.254259,0x433ad35c,13.275,73.75,5.5,-53,1769405618,3,3
2026-01-25 21:34:34.719178,0x433b0b38,13.2575,61.25,6.25,-74,1769405673,5,5
2026-01-25 21:34:42.180781,0x433abf20,13.26125,72.5,5.5,-76,1769405680,3,3
2026-01-25 21:35:55.224650,0x433acb14,13.30375,63.75,4.0,-91,1769405753,3,3
2026-01-25 21:36:46.137500,0x433b0098,13.245,57.5,6.5,-61,1769405804,2,2
2026-01-25 21:39:36.919135,0x433b0b38,13.2575,65.0,5.75,-74,1769405975,5,5
2026-01-25 21:39:40.604661,0x433abf20,13.2475,125.0,5.0,-77,1769405979,3,3
2026-01-25 21:40:55.902327,0x433acb14,13.30125,76.25,3.75,-93,1769406054,3,3
2026-01-25 21:43:43.065245,0x433ad35c,13.275,62.5,6.0,-53,1769406221,3,3
2026-01-25 21:44:38.130161,0x433b0b38,13.2575,65.0,6.25,-73,1769406276,5,5
2026-01-25 21:44:44.273649,0x433abf20,13.2425,126.25,5.5,-76,1769406282,3,3
2026-01-25 21:45:58.062631,0x433acb14,13.3,76.25,3.25,-91,1769406356,3,3
2026-01-25 21:46:49.529246,0x433b0098,13.23625,72.5,6.25,-60,1769406407,2,2
2026-01-25 21:49:39.101548,0x433b0b38,13.23125,132.5,6.25,-73,1769406577,5,5
2026-01-25 21:49:47.106736,0x433abf20,13.25875,72.5,5.75,-76,1769406585,3,3
2026-01-25 21:50:59.384352,0x433acb14,13.3025,58.75,3.75,-91,1769406657,3,3
2026-01-25 21:53:43.260851,0x433ad35c,13.27375,71.25,6.0,-53,1769406821,3,3
2026-01-25 21:54:41.579847,0x433b0b38,13.25625,65.0,6.0,-73,1769406879,5,5
2026-01-25 21:54:45.646714,0x433abf20,13.24125,137.5,5.75,-76,1769406884,3,3
2026-01-25 21:56:00.946384,0x433acb14,13.3025,63.75,3.0,-91,1769406959,3,3
2026-01-25 21:56:51.325860,0x433b0098,13.24625,62.5,6.0,-60,1769407009,2,2
2026-01-23 16:04:38.175086,0x433b0b38,13.26375,63.75,5.5,-74,,5,5
2026-01-23 16:04:44.327495,0x433aad0c,13.11,128.75,5.5,-71,,3,3
2026-01-23 16:08:11.487785,0x433ad35c,13.27875,63.75,6.0,-58,,3,3
2026-01-23 16:08:17.967892,0x433af380,13.235,77.5,6.5,-34,,3,3
2026-01-23 16:09:42.176497,0x433b0b38,13.2575,71.25,5.0,-75,,5,5
2026-01-23 16:14:41.197302,0x433aad0c,13.105,135.0,5.75,-70,,3,3
2026-01-23 16:14:44.550391,0x433b0b38,13.25875,71.25,5.75,-76,,5,5
2026-01-23 16:18:13.506142,0x433ad35c,13.2775,61.25,5.75,-59,,3,3
2026-01-23 16:19:42.776910,0x433b0b38,13.2575,71.25,5.5,-75,,5,5
2026-01-23 16:24:41.364853,0x433aad0c,13.12625,80.0,5.5,-70,,3,3
2026-01-23 16:24:46.082416,0x433b0b38,13.265,63.75,6.0,-75,,5,5
2026-01-23 16:28:15.979063,0x433ad35c,13.275,77.5,6.75,-58,,3,3
2026-01-23 16:29:44.445879,0x433b0b38,13.26,62.5,5.75,-76,,5,5
2026-01-23 16:34:41.531547,0x433aad0c,13.12875,76.25,5.5,-70,,3,3
2026-01-23 16:34:46.378329,0x433b0b38,13.25625,73.75,5.75,-75,,5,5
2026-01-23 16:38:19.517190,0x433ad35c,13.2775,63.75,5.75,-58,,3,3
2026-01-23 16:39:47.881942,0x433b0b38,13.255,72.5,5.75,-74,,5,5
2026-01-23 16:44:41.820276,0x433aad0c,13.12875,75.0,5.75,-70,,3,3
2026-01-23 16:44:48.330313,0x433b0b38,13.26125,57.5,5.25,-75,,5,5
2026-01-23 16:48:21.798075,0x433ad35c,13.2775,60.0,6.0,-58,,3,3
2026-01-23 16:49:50.221719,0x433b0b38,13.2625,63.75,5.75,-76,,5,5
2026-01-23 16:54:42.080151,0x433aad0c,13.1325,65.0,6.25,-71,,3,3
2026-01-23 16:54:51.457514,0x433b0b38,13.2575,75.0,5.75,-75,,5,5
2026-01-23 16:58:27.116476,0x433ad35c,13.2775,62.5,6.0,-58,,3,3
2026-01-23 16:59:52.649593,0x433b0b38,13.25625,76.25,5.5,-76,,5,5
2026-01-25 22:59:56.352381,0x433b0b38,13.25625,63.75,6.25,-73,1769410794,5,5
2026-01-25 23:00:03.168837,0x433abf20,13.26,77.5,5.75,-76,1769410801,3,3
2026-01-25 23:01:17.734029,0x433acb14,13.29875,66.25,3.5,-91,1769410875,3,3
2026-01-25 23:04:01.180503,0x433ad35c,13.27125,72.5,6.5,-53,1769411039,3,3
2026-01-25 23:04:59.167630,0x433b0b38,13.2525,76.25,6.25,-73,1769411097,5,5
2026-01-25 23:05:03.072457,0x433abf20,13.24375,120.0,5.75,-76,1769411101,3,3
2026-01-25 23:06:19.168278,0x433acb14,13.29875,63.75,3.5,-91,1769411177,3,3
2026-01-25 23:07:08.941816,0x433b0098,13.24125,62.5,6.25,-60,1769411227,2,2
2026-01-25 23:09:59.891669,0x433b0b38,13.25125,72.5,6.25,-73,1769411398,5,5
2026-01-25 23:10:08.194569,0x433abf20,13.26375,62.5,5.25,-76,1769411406,3,3
2026-01-25 23:11:23.159616,0x433acb14,13.29875,68.75,3.5,-91,1769411481,3,3
2026-01-25 23:14:04.581007,0x433ad35c,13.275,60.0,6.25,-53,1769411642,3,3
2026-01-25 23:15:00.936481,0x433b0b38,13.25625,65.0,6.25,-74,1769411699,5,5
2026-01-25 23:15:07.557564,0x433abf20,13.26,76.25,6.0,-77,1769411705,3,3
2026-01-25 23:16:24.025370,0x433acb14,13.29875,62.5,3.25,-91,1769411782,3,3
2026-01-25 23:17:10.303405,0x433b0098,13.21125,120.0,6.25,-61,1769411828,2,2
2026-01-25 23:20:02.527504,0x433b0b38,13.25375,63.75,5.5,-74,1769412000,5,5
2026-01-25 23:20:08.799609,0x433abf20,13.26125,68.75,5.75,-77,1769412007,3,3
2026-01-25 23:21:23.253832,0x433acb14,13.2975,65.0,3.5,-91,1769412081,3,3
2026-01-25 23:23:06.009054,0x433af380,13.20625,68.75,6.25,-38,1769412184,3,3
2026-01-25 23:24:07.615415,0x433ad35c,13.275,61.25,6.0,-54,1769412245,3,3
2026-01-25 23:25:03.665172,0x433b0b38,13.25375,61.25,6.75,-74,1769412301,5,5
2026-01-25 23:25:09.967238,0x433abf20,13.26375,66.25,6.0,-76,1769412308,3,3
2026-01-25 23:26:25.318203,0x433acb14,13.295,77.5,3.25,-91,1769412383,3,3
2026-01-25 23:27:18.376628,0x433b0098,13.2425,58.75,6.25,-61,1769412436,2,2
2026-01-25 23:30:05.055889,0x433b0b38,13.255,66.25,5.75,-74,1769412603,5,5
2026-01-25 23:30:11.785797,0x433abf20,13.2625,62.5,5.25,-77,1769412610,3,3
2026-01-25 23:31:25.886522,0x433acb14,13.29625,61.25,3.0,-91,1769412684,3,3
2026-01-25 23:34:10.447483,0x433ad35c,13.27125,61.25,6.25,-53,1769412848,3,3
2026-01-25 23:35:06.150011,0x433b0b38,13.25625,63.75,6.5,-74,1769412904,5,5
2026-01-25 23:35:11.996627,0x433abf20,13.26375,67.5,5.5,-77,1769412910,3,3
2026-01-25 23:36:27.982026,0x433acb14,13.2975,63.75,3.5,-91,1769412986,3,3
2026-01-25 23:37:17.617851,0x433b0098,13.24125,61.25,5.75,-60,1769413035,2,2
2026-01-25 23:40:06.476777,0x433b0b38,13.25625,63.75,7.0,-73,1769413204,5,5
2026-01-25 23:40:16.525385,0x433abf20,13.25875,72.5,5.25,-76,1769413214,3,3
2026-01-25 23:41:28.437343,0x433acb14,13.29625,60.0,3.25,-92,1769413286,3,3
2026-01-25 23:44:12.284677,0x433ad35c,13.2725,66.25,6.0,-53,1769413450,3,3
2026-01-25 23:45:07.784686,0x433b0b38,13.25,78.75,6.0,-74,1769413505,5,5
2026-01-25 23:45:16.172141,0x433abf20,13.26,76.25,5.5,-76,1769413514,3,3
2026-01-25 23:46:29.880694,0x433acb14,13.29375,75.0,3.25,-91,1769413588,3,3
2026-01-25 23:47:20.045715,0x433b0098,13.20875,120.0,6.0,-61,1769413638,2,2
2026-01-25 23:50:13.400222,0x433b0b38,13.255,65.0,6.25,-73,1769413811,5,5
2026-01-25 23:50:17.744909,0x433abf20,13.26375,63.75,5.5,-77,1769413815,3,3
2026-01-25 23:51:32.422972,0x433acb14,13.295,62.5,3.0,-91,1769413890,3,3
2026-01-25 23:54:21.706122,0x433ad35c,13.2525,140.0,6.25,-54,1769414059,3,3
2026-01-25 23:55:11.669186,0x433b0b38,13.255,63.75,5.5,-74,1769414109,5,5
2026-01-25 23:55:19.950669,0x433abf20,13.2625,60.0,5.75,-77,1769414118,3,3
2026-01-25 23:56:32.591130,0x433acb14,13.2925,77.5,3.75,-92,1769414190,3,3
2026-01-25 23:57:23.177599,0x433b0098,13.235,73.75,6.25,-60,1769414241,2,2
2026-01-23 01:02:08.812492,0x433ad35c,13.26125,80.0,6.25,-29,,3,3
2026-01-23 01:02:28.175749,0x433aad0c,13.27625,62.5,7.25,-36,,3,3
2026-01-23 01:03:20.036275,0x433b0b38,13.25,77.5,6.0,-3,,5,5
2026-01-23 01:03:41.350543,0x433acb14,13.25875,77.5,7.0,-10,,3,3
2026-01-23 01:08:21.412563,0x433b0b38,13.25125,76.25,6.25,-4,,5,5
2026-01-23 01:08:42.961681,0x433acb14,13.26375,68.75,7.25,-11,,3,3
2026-01-23 01:12:13.859263,0x433ad35c,13.2675,60.0,6.0,-29,,3,3
2026-01-23 01:12:28.776763,0x433aad0c,13.27875,60.0,5.75,-37,,3,3
2026-01-23 01:13:24.028670,0x433b0b38,13.23,123.75,6.5,-4,,5,5
2026-01-23 01:13:43.871704,0x433acb14,13.265,63.75,7.25,-11,,3,3
2026-01-23 01:18:25.507882,0x433b0b38,13.25625,67.5,6.0,-3,,5,5
2026-01-23 01:18:46.048585,0x433acb14,13.26375,65.0,6.25,-11,,3,3
2026-01-23 01:20:42.816064,0x433af380,13.25875,66.25,7.25,-11,,3,3
2026-01-23 01:22:14.518814,0x433ad35c,13.26875,63.75,7.0,-28,,3,3
2026-01-23 01:22:32.302801,0x433aad0c,13.27125,76.25,6.75,-36,,3,3
2026-01-23 01:23:25.031605,0x433b0b38,13.25625,61.25,6.0,-3,,5,5
2026-01-23 01:23:46.420441,0x433acb14,13.26375,65.0,6.75,-10,,3,3
2026-01-23 01:28:26.756666,0x433b0b38,13.25625,62.5,6.25,-3,,5,5
2026-01-23 01:28:48.672322,0x433acb14,13.2625,67.5,7.0,-11,,3,3
2026-01-23 01:32:17.708985,0x433ad35c,13.2575,76.25,6.25,-29,,3,3
2026-01-23 01:32:33.975672,0x433aad0c,13.27125,75.0,5.75,-36,,3,3
2026-01-23 01:33:27.550629,0x433b0b38,13.255,65.0,6.0,-3,,5,5
2026-01-23 01:33:49.748429,0x433acb14,13.26375,67.5,6.25,-11,,3,3
2026-01-23 01:38:28.808918,0x433b0b38,13.2575,66.25,6.0,-4,,5,5
2026-01-23 01:38:50.194967,0x433acb14,13.2625,61.25,6.0,-11,,3,3
2026-01-23 01:42:20.803643,0x433ad35c,13.26125,75.0,6.0,-28,,3,3
2026-01-23 01:42:36.858882,0x433aad0c,13.2775,63.75,6.25,-37,,3,3
2026-01-23 01:43:33.146483,0x433b0b38,13.25125,80.0,6.5,-3,,5,5
2026-01-23 01:43:51.702766,0x433acb14,13.25875,85.0,7.25,-11,,3,3
2026-01-23 01:48:31.694169,0x433b0b38,13.255,73.75,6.0,-3,,5,5
2026-01-23 01:48:53.766777,0x433acb14,13.26125,67.5,7.25,-10,,3,3
2026-01-23 01:52:22.529990,0x433ad35c,13.26625,61.25,6.75,-28,,3,3
2026-01-23 01:52:40.930454,0x433aad0c,13.27625,63.75,6.0,-37,,3,3
2026-01-23 01:53:32.875548,0x433b0b38,13.2525,73.75,6.0,-3,,5,5
2026-01-23 01:53:55.510046,0x433acb14,13.25875,76.25,6.25,-11,,3,3
2026-01-23 01:58:34.760360,0x433b0b38,13.23,121.25,6.25,-3,,5,5
2026-01-23 01:58:56.504834,0x433acb14,13.2625,65.0,6.5,-11,,3,3
2026-01-26 08:02:15.611287,0x433abf20,13.255,73.75,5.5,-76,1769443333,3,3
2026-01-26 08:02:23.800060,0x433b0b38,13.24,71.25,5.75,-74,1769443341,5,5
2026-01-26 08:03:46.941765,0x433acb14,13.2775,73.75,5.0,-90,1769443424,3,3
2026-01-26 08:06:35.771295,0x433ad35c,13.2625,61.25,5.5,-54,1769443593,3,3
2026-01-26 08:07:16.413643,0x433abf20,13.25625,76.25,5.5,-76,1769443633,3,3
2026-01-26 08:07:24.657521,0x433b0b38,13.24375,62.5,6.0,-74,1769443642,5,5
2026-01-26 08:08:45.233365,0x433acb14,13.25375,131.25,4.75,-90,1769443722,3,3
2026-01-26 08:09:28.278507,0x433b0098,13.19875,117.5,6.0,-60,1769443765,2,2
2026-01-26 08:12:17.192011,0x433abf20,13.255,76.25,5.75,-76,1769443934,3,3
2026-01-26 08:12:25.283453,0x433b0b38,13.24125,76.25,6.0,-74,1769443942,5,5
2026-01-26 08:13:49.907220,0x433acb14,13.2775,68.75,4.0,-90,1769444027,3,3
2026-01-26 08:16:38.482913,0x433ad35c,13.2425,143.75,6.0,-53,1769444195,3,3
2026-01-26 08:17:18.265192,0x433abf20,13.25375,75.0,5.75,-76,1769444235,3,3
2026-01-26 08:17:27.687885,0x433b0b38,13.24125,75.0,6.25,-74,1769444245,5,5
2026-01-26 08:18:47.929605,0x433acb14,13.27625,60.0,5.0,-90,1769444325,3,3
2026-01-26 08:19:30.320722,0x433b0098,13.23125,65.0,6.75,-61,1769444367,2,2
2026-01-26 08:22:19.246515,0x433abf20,13.255,72.5,5.75,-76,1769444536,3,3
2026-01-26 08:22:28.588328,0x433b0b38,13.2375,73.75,5.75,-75,1769444545,5,5
2026-01-26 08:23:50.931117,0x433acb14,13.27625,73.75,3.5,-90,1769444628,3,3
2026-01-26 08:24:34.337867,0x433af380,13.1825,83.75,6.25,-38,1769444671,3,3
2026-01-26 08:26:40.993107,0x433ad35c,13.26,66.25,6.0,-53,1769444798,3,3
2026-01-26 08:27:20.009131,0x433abf20,13.25625,62.5,5.5,-75,1769444837,3,3
2026-01-26 08:27:29.929405,0x433b0b38,13.245,57.5,6.0,-73,1769444847,5,5
2026-01-26 08:28:50.933814,0x433acb14,13.2775,62.5,3.5,-91,1769444928,3,3
2026-01-26 08:29:32.269530,0x433b0098,13.23125,63.75,5.75,-61,1769444969,2,2
2026-01-26 08:32:21.948308,0x433abf20,13.255,76.25,5.25,-77,1769445139,3,3
2026-01-26 08:32:30.514897,0x433b0b38,13.24125,61.25,6.25,-74,1769445147,5,5
2026-01-26 08:33:51.801918,0x433acb14,13.27625,62.5,3.75,-90,1769445229,3,3
2026-01-26 08:36:45.314159,0x433ad35c,13.26125,76.25,7.0,-54,1769445402,3,3
2026-01-26 08:37:22.501827,0x433abf20,13.2575,63.75,5.5,-75,1769445439,3,3
2026-01-26 08:37:32.561107,0x433b0b38,13.2425,62.5,5.75,-74,1769445449,5,5
2026-01-26 08:38:53.659761,0x433acb14,13.2775,66.25,3.75,-91,1769445530,3,3
2026-01-26 08:39:35.766820,0x433b0098,13.225,68.75,6.0,-60,1769445573,2,2
2026-01-26 08:42:22.782165,0x433abf20,13.2575,62.5,5.5,-76,1769445740,3,3
2026-01-26 08:42:35.622958,0x433b0b38,13.24375,63.75,5.75,-73,1769445752,5,5
2026-01-26 08:43:55.690596,0x433acb14,13.27125,72.5,3.5,-91,1769445832,3,3
2026-01-26 08:46:49.137972,0x433ad35c,13.26,78.75,5.75,-53,1769446006,3,3
2026-01-26 08:47:23.346049,0x433abf20,13.25375,75.0,5.5,-77,1769446040,3,3
2026-01-26 08:47:35.562023,0x433b0b38,13.245,63.75,5.75,-73,1769446052,5,5
2026-01-26 08:48:55.433894,0x433acb14,13.27625,65.0,3.75,-91,1769446132,3,3
2026-01-26 08:49:38.028709,0x433b0098,13.2325,61.25,6.25,-60,1769446175,2,2
2026-01-26 08:52:26.814486,0x433abf20,13.255,71.25,5.5,-76,1769446344,3,3
2026-01-26 08:52:35.776993,0x433b0b38,13.24125,73.75,5.75,-74,1769446353,5,5
2026-01-26 08:53:57.941380,0x433acb14,13.275,75.0,3.25,-93,1769446435,3,3
2026-01-26 08:56:49.175173,0x433ad35c,13.2625,62.5,6.25,-54,1769446606,3,3
2026-01-26 08:57:25.715943,0x433abf20,13.25875,65.0,5.0,-77,1769446643,3,3
2026-01-26 08:57:38.130520,0x433b0b38,13.24125,58.75,5.75,-74,1769446655,5,5
2026-01-26 08:59:01.712805,0x433acb14,13.275,75.0,3.75,-92,1769446739,3,3
2026-01-25 09:05:03.808533,0x433b0b38,13.23375,61.25,6.25,-78,,5,5
2026-01-25 09:06:16.202883,0x433aad0c,12.8,66.25,5.25,-69,,3,3
2026-01-25 09:09:03.240126,0x433ad35c,13.2525,65.0,6.75,-57,,3,3
2026-01-25 09:10:05.036771,0x433b0b38,13.23625,65.0,5.25,-78,,5,5
2026-01-25 09:15:06.708052,0x433b0b38,13.21,122.5,5.25,-78,,5,5
2026-01-25 09:16:14.568483,0x433aad0c,12.7625,143.75,5.5,-69,,3,3
2026-01-25 09:19:05.634557,0x433af380,13.20375,67.5,6.75,-34,,3,3
2026-01-25 09:19:08.656137,0x433ad35c,13.25125,65.0,6.5,-57,,3,3
2026-01-25 09:20:06.659944,0x433b0b38,13.23,67.5,6.25,-77,,5,5
2026-01-25 09:25:07.512910,0x433b0b38,13.23125,71.25,5.25,-77,,5,5
2026-01-25 09:26:15.508582,0x433aad0c,12.7925,62.5,5.5,-70,,3,3
2026-01-25 09:29:08.345288,0x433ad35c,13.25375,63.75,6.0,-65,,3,3
2026-01-25 09:30:11.371562,0x433b0b38,13.235,60.0,5.75,-74,,5,5
2026-01-25 09:35:11.071007,0x433b0b38,13.23375,58.75,6.0,-70,,5,5
2026-01-25 09:36:15.301335,0x433aad0c,12.79,61.25,5.5,-72,,3,3
2026-01-25 09:39:13.284934,0x433ad35c,13.25375,66.25,6.0,-52,,3,3
2026-01-25 09:40:11.666426,0x433b0b38,13.20875,117.5,6.0,-71,,5,5
2026-01-25 09:45:14.214724,0x433b0b38,13.235,61.25,5.25,-70,,5,5
2026-01-25 09:46:16.436803,0x433aad0c,12.78625,60.0,5.5,-71,,3,3
2026-01-25 09:49:13.642296,0x433ad35c,13.235,127.5,6.25,-52,,3,3
2026-01-25 09:50:16.043268,0x433b0b38,13.23,75.0,5.75,-71,,5,5
2026-01-25 09:55:18.734476,0x433b0b38,13.23625,62.5,4.5,-70,,5,5
2026-01-25 09:56:17.970086,0x433aad0c,12.78125,63.75,6.0,-71,,3,3
2026-01-25 09:59:15.979387,0x433ad35c,13.2525,75.0,7.75,-53,,3,3
2026-01-25 10:00:19.213662,0x433b0b38,13.23625,60.0,5.75,-71,,5,5
2026-01-26 22:00:20.517897,0x433ad35c,13.2725,63.75,5.75,-53,1769493616,3,3
2026-01-26 22:00:28.176795,0x433abf20,13.2675,65.0,6.0,-76,1769493624,3,3
2026-01-26 22:01:09.233415,0x433b0b38,13.25625,62.5,6.0,-73,1769493665,5,5
2026-01-26 22:02:26.833150,0x433acb14,13.2775,65.0,5.0,-87,1769493742,3,3
2026-01-26 22:02:35.293780,0x433b0098,13.24,75.0,6.75,-60,1769493751,2,2
2026-01-26 22:05:29.038305,0x433abf20,13.2475,142.5,5.5,-76,1769493925,3,3
2026-01-26 22:06:10.486366,0x433b0b38,13.2525,75.0,6.25,-74,1769493966,5,5
2026-01-26 22:07:27.107029,0x433acb14,13.27375,67.5,-5.75,-87,1769494043,3,3
2026-01-26 22:10:22.216363,0x433ad35c,13.27,78.75,6.5,-54,1769494218,3,3
2026-01-26 22:10:30.506274,0x433abf20,13.24375,135.0,4.75,-76,1769494226,3,3
2026-01-26 22:11:12.021020,0x433b0b38,13.255,63.75,5.75,-74,1769494268,5,5
2026-01-26 22:12:28.370295,0x433acb14,13.27375,62.5,4.75,-87,1769494344,3,3
2026-01-26 22:12:33.653955,0x433b0098,13.24625,58.75,6.0,-60,1769494349,2,2
2026-01-26 22:15:33.199096,0x433abf20,13.2675,65.0,5.75,-77,1769494529,3,3
2026-01-26 22:16:13.731383,0x433b0b38,13.25625,63.75,5.25,-74,1769494569,5,5
2026-01-26 22:17:29.639038,0x433acb14,13.275,67.5,5.75,-87,1769494645,3,3
2026-01-26 22:20:25.312394,0x433ad35c,13.27,76.25,6.25,-53,1769494821,3,3
2026-01-26 22:20:34.233162,0x433abf20,13.26375,73.75,5.5,-76,1769494830,3,3
2026-01-26 22:21:16.681710,0x433b0b38,13.25625,60.0,5.25,-74,1769494872,5,5
2026-01-26 22:22:31.327692,0x433acb14,13.2725,77.5,6.0,-87,1769494947,3,3
2026-01-26 22:22:36.707909,0x433b0098,13.23875,71.25,7.75,-60,1769494952,2,2
2026-01-26 22:25:34.690217,0x433abf20,13.26875,60.0,5.5,-76,1769495130,3,3
2026-01-26 22:26:18.138600,0x433b0b38,13.255,60.0,6.0,-74,1769495174,5,5
2026-01-26 22:26:50.685808,0x433af380,13.21625,70.0,6.25,-38,1769495206,3,3
2026-01-26 22:27:32.413938,0x433acb14,13.26875,76.25,5.75,-87,1769495248,3,3
2026-01-26 22:30:27.954744,0x433ad35c,13.27125,66.25,6.25,-54,1769495423,3,3
2026-01-26 22:30:36.854434,0x433abf20,13.2675,62.5,5.25,-76,1769495432,3,3
2026-01-26 22:31:17.504244,0x433b0b38,13.2575,65.0,6.5,-73,1769495473,5,5
2026-01-26 22:32:34.329066,0x433acb14,13.275,60.0,6.25,-87,1769495550,3,3
2026-01-26 22:32:37.601309,0x433b0098,13.24,75.0,7.0,-59,1769495553,2,2
2026-01-26 22:35:37.018407,0x433abf20,13.265,62.5,5.5,-76,1769495732,3,3
2026-01-26 22:36:18.898811,0x433b0b38,13.2525,75.0,6.5,-74,1769495774,5,5
2026-01-26 22:37:35.512336,0x433acb14,13.27,67.5,6.0,-86,1769495851,3,3
2026-01-26 22:40:30.333519,0x433ad35c,13.2675,73.75,7.25,-54,1769496026,3,3
2026-01-26 22:40:38.739373,0x433abf20,13.26625,65.0,6.0,-76,1769496034,3,3
2026-01-26 22:41:19.908015,0x433b0b38,13.25625,68.75,6.5,-73,1769496075,5,5
2026-01-26 22:42:36.806087,0x433acb14,13.2725,66.25,5.75,-87,1769496152,3,3
2026-01-26 22:42:39.605687,0x433b0098,13.24375,60.0,6.75,-61,1769496155,2,2
2026-01-26 22:45:42.790034,0x433abf20,13.265,77.5,3.25,-76,1769496338,3,3
2026-01-26 22:46:21.286612,0x433b0b38,13.25,68.75,5.5,-74,1769496377,5,5
2026-01-26 22:47:37.219886,0x433acb14,13.27375,60.0,5.0,-87,1769496453,3,3
2026-01-26 22:50:33.022724,0x433ad35c,13.26875,66.25,7.5,-54,1769496628,3,3
2026-01-26 22:50:41.339884,0x433abf20,13.26125,71.25,5.5,-77,1769496637,3,3
2026-01-26 22:51:25.312818,0x433b0b38,13.2525,63.75,4.75,-73,1769496681,5,5
2026-01-26 22:52:40.013937,0x433acb14,13.26875,77.5,5.75,-86,1769496755,3,3
2026-01-26 22:52:44.688409,0x433b0098,13.20875,115.0,6.0,-61,1769496760,2,2
2026-01-26 22:55:43.107094,0x433abf20,13.265,65.0,5.5,-77,1769496939,3,3
2026-01-26 22:56:23.849964,0x433b0b38,13.25375,58.75,6.0,-74,1769496979,5,5
2026-01-26 22:57:41.229302,0x433acb14,13.27,65.0,6.0,-87,1769497057,3,3
2026-01-26 14:00:17.205502,0x433acb14,13.295,75.0,0.25,-97,1769464814,3,3
2026-01-26 14:00:48.713278,0x433b0098,13.25125,70.0,6.75,-62,1769464845,2,2
2026-01-26 14:03:32.190138,0x433abf20,13.26625,73.75,5.75,-76,1769465008,3,3
2026-01-26 14:04:04.752532,0x433b0b38,13.26,65.0,6.0,-73,1769465041,5,5
2026-01-26 14:05:17.862480,0x433acb14,13.2975,65.0,0.5,-97,1769465114,3,3
2026-01-26 14:08:12.535505,0x433ad35c,13.285,72.5,7.0,-53,1769465289,3,3
2026-01-26 14:08:28.824512,0x433abf20,13.27625,60.0,5.75,-76,1769465305,3,3
2026-01-26 14:09:05.986138,0x433b0b38,13.2575,75.0,6.25,-72,1769465342,5,5
2026-01-26 14:10:19.631045,0x433acb14,13.2975,62.5,2.75,-93,1769465416,3,3
2026-01-26 14:10:51.356080,0x433b0098,13.2575,57.5,6.75,-62,1769465448,2,2
2026-01-26 14:13:30.124117,0x433abf20,13.27625,65.0,5.5,-76,1769465606,3,3
2026-01-26 14:14:06.983447,0x433b0b38,13.265,65.0,5.5,-73,1769465643,5,5
2026-01-26 14:15:21.066685,0x433acb14,13.29875,63.75,2.0,-95,1769465717,3,3
2026-01-26 14:18:15.023244,0x433ad35c,13.285,76.25,7.75,-54,1769465891,3,3
2026-01-26 14:18:32.234371,0x433abf20,13.2775,65.0,5.75,-76,1769465909,3,3
2026-01-26 14:19:08.109279,0x433b0b38,13.25875,75.0,6.0,-73,1769465944,5,5
2026-01-26 14:20:21.369157,0x433acb14,13.2975,61.25,-2.0,-100,1769466018,3,3
2026-01-26 14:20:52.674273,0x433b0098,13.26,58.75,6.5,-61,1769466049,2,2
2026-01-26 14:23:32.142270,0x433abf20,13.2725,75.0,5.75,-76,1769466208,3,3
2026-01-26 14:24:15.707069,0x433b0b38,13.26,75.0,6.0,-74,1769466252,5,5
2026-01-26 14:25:23.374262,0x433acb14,13.29625,72.5,0.75,-97,1769466320,3,3
2026-01-26 14:25:32.788980,0x433af380,13.21125,82.5,5.75,-39,1769466329,3,3
2026-01-26 14:28:18.105294,0x433ad35c,13.2875,65.0,6.25,-53,1769466494,3,3
2026-01-26 14:28:32.793565,0x433abf20,13.2775,65.0,5.25,-76,1769466509,3,3
2026-01-26 14:29:10.005078,0x433b0b38,13.26125,75.0,6.25,-74,1769466546,5,5
2026-01-26 14:30:25.640169,0x433acb14,13.2975,60.0,1.25,-96,1769466622,3,3
2026-01-26 14:30:55.118100,0x433b0098,13.2525,72.5,5.75,-61,1769466651,2,2
2026-01-26 14:33:36.249177,0x433abf20,13.2775,63.75,5.75,-77,1769466812,3,3
2026-01-26 14:34:11.554145,0x433b0b38,13.26,70.0,5.5,-73,1769466848,5,5
2026-01-26 14:35:25.148094,0x433acb14,13.29625,77.5,3.25,-93,1769466921,3,3
2026-01-26 14:38:21.387620,0x433ad35c,13.29,61.25,6.5,-53,1769467098,3,3
2026-01-26 14:38:35.767213,0x433abf20,13.2775,66.25,5.75,-76,1769467112,3,3
2026-01-26 14:39:13.194238,0x433b0b38,13.265,63.75,5.75,-73,1769467149,5,5
2026-01-26 14:40:27.225309,0x433acb14,13.3,63.75,-0.75,-98,1769467223,3,3
2026-01-26 14:40:56.684869,0x433b0098,13.2525,65.0,6.25,-61,1769467253,2,2
2026-01-26 14:43:39.715469,0x433abf20,13.2725,73.75,5.5,-76,1769467416,3,3
2026-01-26 14:44:13.793915,0x433b0b38,13.26125,72.5,6.0,-74,1769467450,5,5
2026-01-26 14:45:28.613048,0x433acb14,13.3,62.5,1.0,-96,1769467525,3,3
2026-01-26 14:48:23.776923,0x433ad35c,13.29,65.0,6.25,-54,1769467700,3,3
2026-01-26 14:48:39.040365,0x433abf20,13.27375,71.25,5.25,-76,1769467715,3,3
2026-01-26 14:49:16.016499,0x433b0b38,13.265,62.5,5.75,-72,1769467752,5,5
2026-01-26 14:50:30.410098,0x433acb14,13.3,66.25,2.0,-96,1769467827,3,3
2026-01-26 14:50:59.888462,0x433b0098,13.26125,61.25,7.0,-62,1769467856,2,2
2026-01-26 14:53:40.420084,0x433abf20,13.2625,76.25,5.25,-76,1769468017,3,3
2026-01-26 14:54:16.578894,0x433b0b38,13.25875,88.75,6.0,-72,1769468053,5,5
2026-01-26 14:55:33.165364,0x433acb14,13.3,63.75,1.0,-96,1769468129,3,3
2026-01-26 14:58:26.417474,0x433ad35c,13.28625,77.5,6.75,-54,1769468303,3,3
2026-01-26 14:58:41.190079,0x433abf20,13.27875,61.25,5.5,-75,1769468317,3,3
2026-01-26 14:59:18.148756,0x433b0b38,13.26875,62.5,5.75,-73,1769468354,5,5
2026-01-24 12:03:26.894036,0x433ad35c,13.26375,125.0,5.75,-59,,3,3
2026-01-24 12:04:30.125241,0x433b0b38,13.25125,63.75,5.25,-78,,5,5
2026-01-24 12:05:22.550608,0x433aad0c,13.055,62.5,5.75,-80,,3,3
2026-01-24 12:09:31.775530,0x433b0b38,13.25,57.5,5.25,-79,,5,5
2026-01-24 12:13:27.888226,0x433af380,13.22,80.0,6.5,-34,,3,3
2026-01-24 12:13:31.700707,0x433ad35c,13.2825,58.75,6.25,-59,,3,3
2026-01-24 12:14:32.374386,0x433b0b38,13.25,63.75,5.75,-76,,5,5
2026-01-24 12:15:22.794711,0x433aad0c,13.05125,76.25,5.0,-81,,3,3
2026-01-24 12:19:33.913280,0x433b0b38,13.24625,73.75,6.0,-75,,5,5
2026-01-24 12:23:32.469919,0x433ad35c,13.28,73.75,6.0,-58,,3,3
2026-01-24 12:24:35.017707,0x433b0b38,13.25,56.25,7.0,-76,,5,5
2026-01-24 12:25:23.060261,0x433aad0c,13.04875,75.0,4.75,-82,,3,3
2026-01-24 12:29:36.284174,0x433b0b38,13.25375,61.25,6.5,-77,,5,5
2026-01-24 12:33:35.135078,0x433ad35c,13.285,61.25,6.0,-59,,3,3
2026-01-24 12:34:39.100812,0x433b0b38,13.2475,71.25,6.0,-78,,5,5
2026-01-24 12:35:23.247418,0x433aad0c,13.04875,75.0,6.25,-83,,3,3
2026-01-24 12:39:38.145453,0x433b0b38,13.255,62.5,5.75,-78,,5,5
2026-01-24 12:43:38.676762,0x433ad35c,13.2825,71.25,6.25,-58,,3,3
2026-01-24 12:44:39.385737,0x433b0b38,13.25375,61.25,5.25,-79,,5,5
2026-01-24 12:45:23.527473,0x433aad0c,13.0525,62.5,5.0,-81,,3,3
2026-01-24 12:49:41.912122,0x433b0b38,13.255,63.75,5.75,-77,,5,5
2026-01-24 12:53:39.705025,0x433ad35c,13.28625,61.25,6.25,-59,,3,3
2026-01-24 12:54:41.865757,0x433b0b38,13.25125,97.5,5.5,-78,,5,5
2026-01-24 12:55:23.758981,0x433aad0c,13.0475,71.25,5.75,-82,,3,3
2026-01-24 12:59:45.749188,0x433b0b38,13.25375,72.5,5.75,-79,,5,5
2026-01-27 13:01:30.118556,0x433acb14,13.27875,63.75,3.5,-92,1769547684,3,3
2026-01-27 13:04:11.011821,0x433abf20,13.26625,72.5,6.5,-75,1769547845,3,3
2026-01-27 13:04:21.184868,0x433ad35c,13.28,62.5,5.5,-53,1769547855,3,3
2026-01-27 13:05:08.389327,0x433b0b38,13.25,62.5,6.0,-72,1769547903,5,5
2026-01-27 13:06:23.398547,0x433b0098,13.23125,71.25,5.75,-61,1769547978,2,2
2026-01-27 13:06:32.180178,0x433acb14,13.2775,62.5,3.75,-93,1769547986,3,3
2026-01-27 13:09:12.400230,0x433abf20,13.2675,73.75,5.75,-75,1769548147,3,3
2026-01-27 13:10:10.273156,0x433b0b38,13.25125,63.75,5.75,-73,1769548204,5,5
2026-01-27 13:11:33.397103,0x433acb14,13.275,73.75,4.25,-88,1769548288,3,3
2026-01-27 13:14:14.707499,0x433abf20,13.2725,63.75,5.75,-75,1769548449,3,3
2026-01-27 13:14:24.307652,0x433ad35c,13.28,61.25,6.25,-54,1769548458,3,3
2026-01-27 13:15:10.957716,0x433b0b38,13.245,75.0,6.0,-77,1769548505,5,5
2026-01-27 13:16:26.414989,0x433b0098,13.24,58.75,5.75,-60,1769548581,2,2
2026-01-27 13:16:34.487383,0x433acb14,13.27875,65.0,4.75,-90,1769548589,3,3
2026-01-27 13:19:14.264396,0x433abf20,13.2725,62.5,6.0,-75,1769548748,3,3
2026-01-27 13:20:12.980979,0x433b0b38,13.25,61.25,6.25,-73,1769548807,5,5
2026-01-27 13:21:35.191521,0x433acb14,13.27625,82.5,4.25,-86,1769548889,3,3
2026-01-27 13:24:15.541570,0x433abf20,13.2725,61.25,6.0,-76,1769549050,3,3
2026-01-27 13:24:26.302134,0x433ad35c,13.2775,72.5,6.5,-53,1769549060,3,3
2026-01-27 13:25:13.801104,0x433b0b38,13.25125,62.5,6.0,-71,1769549108,5,5
2026-01-27 13:26:29.328021,0x433b0098,13.2425,61.25,7.0,-60,1769549183,2,2
2026-01-27 13:26:36.982019,0x433acb14,13.27625,72.5,0.75,-96,1769549191,3,3
2026-01-27 13:29:18.044622,0x433abf20,13.27125,62.5,5.25,-77,1769549352,3,3
2026-01-27 13:29:43.777127,0x433af380,13.2,92.5,6.0,-38,1769549378,3,3
2026-01-27 13:30:18.055231,0x433b0b38,13.25125,60.0,6.0,-72,1769549412,5,5
2026-01-27 13:31:42.747750,0x433acb14,13.28,66.25,4.25,-87,1769549497,3,3
2026-01-27 13:34:21.398842,0x433abf20,13.27,73.75,6.0,-76,1769549655,3,3
2026-01-27 13:34:29.055323,0x433ad35c,13.2825,63.75,6.5,-54,1769549663,3,3
2026-01-27 13:35:17.689190,0x433b0b38,13.2475,75.0,5.5,-73,1769549712,5,5
2026-01-27 13:36:33.515944,0x433b0098,13.24125,58.75,6.0,-61,1769549788,2,2
2026-01-27 13:36:41.280788,0x433acb14,13.27875,63.75,1.0,-96,1769549795,3,3
2026-01-27 13:39:20.082696,0x433abf20,13.275,62.5,5.75,-76,1769549954,3,3
2026-01-27 13:40:19.162345,0x433b0b38,13.2475,75.0,5.75,-69,1769550013,5,5
2026-01-27 13:41:40.797445,0x433acb14,13.2775,75.0,3.0,-93,1769550095,3,3
2026-01-27 13:44:21.481324,0x433abf20,13.27125,77.5,6.0,-77,1769550256,3,3
2026-01-27 13:44:32.120100,0x433ad35c,13.28125,63.75,6.75,-54,1769550266,3,3
2026-01-27 13:45:18.618280,0x433b0b38,13.2475,73.75,6.25,-70,1769550313,5,5
2026-01-27 13:46:35.467608,0x433b0098,13.23625,71.25,6.5,-62,1769550390,2,2
2026-01-27 13:46:43.002668,0x433acb14,13.28,62.5,-5.0,-104,1769550397,3,3
2026-01-27 13:49:23.661160,0x433abf20,13.275,63.75,5.75,-75,1769550558,3,3
2026-01-27 13:50:20.878443,0x433b0b38,13.2525,58.75,6.25,-72,1769550615,5,5
2026-01-27 13:51:45.832930,0x433acb14,13.275,76.25,3.5,-91,1769550700,3,3
2026-01-27 13:54:23.798474,0x433abf20,13.27375,62.5,5.5,-76,1769550858,3,3
2026-01-27 13:54:33.253349,0x433ad35c,13.2825,65.0,5.75,-54,1769550867,3,3
2026-01-27 13:55:21.219478,0x433b0b38,13.2525,63.75,5.5,-72,1769550915,5,5
2026-01-27 13:56:37.144737,0x433b0098,13.2375,72.5,5.75,-61,1769550991,2,2
2026-01-27 13:56:44.915634,0x433acb14,13.2825,65.0,2.5,-94,1769550999,3,3
2026-01-27 13:59:24.901314,0x433abf20,13.27,73.75,5.5,-76,1769551159,3,3
2026-01-27 14:00:23.711791,0x433b0b38,13.24875,71.25,6.0,-72,1769551218,5,5
2026-01-25 10:05:18.493805,0x433b0b38,13.23375,75.0,6.5,-72,,5,5
2026-01-25 10:06:21.986187,0x433aad0c,12.7775,61.25,6.25,-70,,3,3
2026-01-25 10:09:18.505678,0x433ad35c,13.25625,66.25,5.75,-52,,3,3
2026-01-25 10:10:19.403449,0x433b0b38,13.20375,135.0,6.25,-71,,5,5
2026-01-25 10:15:23.716389,0x433b0b38,13.23875,62.5,6.0,-71,,5,5
2026-01-25 10:16:22.436382,0x433aad0c,12.745,147.5,6.25,-71,,3,3
2026-01-25 10:19:19.763930,0x433af380,13.205,70.0,6.25,-38,,3,3
2026-01-25 10:19:22.932339,0x433ad35c,13.2525,75.0,6.0,-53,,3,3
2026-01-25 10:20:21.645923,0x433b0b38,13.23625,60.0,5.75,-70,,5,5
2026-01-25 10:25:23.572546,0x433b0b38,13.20875,137.5,6.0,-69,,5,5
2026-01-25 10:26:24.305901,0x433aad0c,12.77125,62.5,6.5,-74,,3,3
2026-01-25 10:29:25.127892,0x433ad35c,13.2575,63.75,6.25,-53,,3,3
2026-01-25 10:30:29.173659,0x433b0b38,13.23625,65.0,6.25,-69,,5,5
2026-01-25 10:35:27.224149,0x433b0b38,13.235,73.75,6.0,-68,,5,5
2026-01-25 10:36:21.165639,0x433aad0c,12.7375,138.75,7.25,-74,,3,3
2026-01-25 10:39:28.878726,0x433ad35c,13.255,75.0,7.0,-54,,3,3
2026-01-25 10:40:27.382727,0x433b0b38,13.235,72.5,5.75,-69,,5,5
2026-01-25 10:45:29.220927,0x433b0b38,13.23625,75.0,5.25,-69,,5,5
2026-01-25 10:46:20.853664,0x433aad0c,12.76625,60.0,5.75,-74,,3,3
2026-01-25 10:49:32.065512,0x433ad35c,13.26,62.5,6.25,-53,,3,3
2026-01-25 10:50:30.810609,0x433b0b38,13.24,65.0,6.25,-69,,5,5
2026-01-25 10:55:34.141935,0x433b0b38,13.24,62.5,6.0,-70,,5,5
2026-01-25 10:56:23.424214,0x433aad0c,12.76,71.25,5.75,-75,,3,3
2026-01-25 10:59:33.809094,0x433ad35c,13.2575,78.75,6.0,-53,,3,3
2026-01-25 11:00:37.589595,0x433b0b38,13.215,122.5,6.75,-70,,5,5
2026-01-24 19:05:20.777681,0x433ad35c,13.2875,65.0,6.5,-56,,3,3
2026-01-24 19:05:37.344043,0x433aad0c,13.0175,58.75,5.5,-70,,3,3
2026-01-24 19:06:23.690619,0x433b0b38,13.27125,63.75,5.75,-78,,5,5
2026-01-24 19:11:22.358024,0x433b0b38,13.2725,62.5,5.5,-78,,5,5
2026-01-24 19:15:22.159616,0x433af380,13.23375,82.5,6.5,-34,,3,3
2026-01-24 19:15:24.398354,0x433ad35c,13.2825,72.5,6.25,-56,,3,3
2026-01-24 19:15:37.655034,0x433aad0c,13.01375,61.25,5.25,-70,,3,3
2026-01-24 19:16:23.507099,0x433b0b38,13.27125,62.5,5.5,-78,,5,5
2026-01-24 19:21:26.066858,0x433b0b38,13.27125,63.75,5.5,-78,,5,5
2026-01-24 19:25:26.163808,0x433ad35c,13.28375,66.25,6.5,-56,,3,3
2026-01-24 19:25:37.871087,0x433aad0c,13.00875,68.75,5.25,-70,,3,3
2026-01-24 19:26:29.014810,0x433b0b38,13.27125,65.0,6.5,-78,,5,5
2026-01-24 19:31:31.174100,0x433b0b38,13.27,63.75,5.5,-78,,5,5
2026-01-24 19:35:26.600420,0x433ad35c,13.265,145.0,5.75,-57,,3,3
2026-01-24 19:35:38.575532,0x433aad0c,13.01,60.0,5.5,-71,,3,3
2026-01-24 19:36:29.473289,0x433b0b38,13.26625,68.75,5.75,-77,,5,5
2026-01-24 19:41:32.170137,0x433b0b38,13.26875,66.25,5.5,-77,,5,5
2026-01-24 19:45:29.357522,0x433ad35c,13.26625,130.0,6.0,-56,,3,3
2026-01-24 19:45:38.347050,0x433aad0c,13.00875,58.75,5.25,-70,,3,3
2026-01-24 19:46:32.812492,0x433b0b38,13.26875,60.0,6.0,-77,,5,5
2026-01-24 19:51:33.229605,0x433b0b38,13.27125,63.75,6.25,-78,,5,5
2026-01-24 19:55:34.492510,0x433ad35c,13.27875,75.0,6.25,-56,,3,3
2026-01-24 19:55:39.244545,0x433aad0c,13.00375,72.5,5.75,-69,,3,3
2026-01-24 19:56:34.906762,0x433b0b38,13.2675,63.75,5.5,-78,,5,5
2026-01-24 20:01:37.240779,0x433b0b38,13.2625,77.5,5.75,-78,,5,5
2026-01-23 20:04:46.820147,0x433aad0c,13.11875,75.0,5.5,-70,,3,3
2026-01-23 20:05:36.868984,0x433b0b38,13.25375,57.5,6.0,-76,,5,5
2026-01-23 20:09:13.139804,0x433af380,13.21625,86.25,6.0,-34,,3,3
2026-01-23 20:09:16.899589,0x433ad35c,13.25125,126.25,6.0,-57,,3,3
2026-01-23 20:10:36.792712,0x433b0b38,13.25125,73.75,5.75,-77,,5,5
2026-01-23 20:14:47.044598,0x433aad0c,13.1225,62.5,5.75,-70,,3,3
2026-01-23 20:15:38.586457,0x433b0b38,13.25,71.25,5.5,-76,,5,5
2026-01-23 20:19:18.454236,0x433ad35c,13.265,72.5,6.0,-58,,3,3
2026-01-23 20:20:39.818807,0x433b0b38,13.25625,57.5,6.5,-76,,5,5
2026-01-23 20:24:47.284345,0x433aad0c,13.11875,72.5,5.75,-71,,3,3
2026-01-23 20:25:40.265014,0x433b0b38,13.25125,71.25,6.0,-77,,5,5
2026-01-23 20:29:22.329425,0x433ad35c,13.2675,63.75,6.25,-57,,3,3
2026-01-23 20:30:42.157410,0x433b0b38,13.25375,58.75,6.5,-77,,5,5
2026-01-23 20:34:47.505481,0x433aad0c,13.12125,65.0,5.5,-71,,3,3
2026-01-23 20:35:42.611425,0x433b0b38,13.24875,72.5,6.5,-76,,5,5
2026-01-23 20:39:22.566667,0x433ad35c,13.25125,133.75,6.5,-57,,3,3
2026-01-23 20:40:43.762097,0x433b0b38,13.255,63.75,6.25,-76,,5,5
2026-01-23 20:44:48.149688,0x433aad0c,13.1225,65.0,5.75,-70,,3,3
2026-01-23 20:45:45.686370,0x433b0b38,13.25,72.5,5.0,-76,,5,5
2026-01-23 20:49:28.038226,0x433ad35c,13.26375,71.25,6.0,-58,,3,3
2026-01-23 20:50:46.060353,0x433b0b38,13.2475,68.75,5.0,-76,,5,5
2026-01-23 20:54:49.420055,0x433aad0c,13.12,62.5,5.5,-71,,3,3
2026-01-23 20:55:47.236563,0x433b0b38,13.25375,66.25,5.75,-77,,5,5
2026-01-23 20:59:32.871506,0x433ad35c,13.26875,65.0,6.5,-57,,3,3
2026-01-23 21:00:49.028338,0x433b0b38,13.23875,88.75,5.0,-76,,5,5
2026-01-27 06:02:19.823757,0x433abf20,13.255,66.25,5.5,-75,1769522535,3,3
2026-01-27 06:02:32.926692,0x433ad35c,13.25375,67.5,6.5,-54,1769522548,3,3
2026-01-27 06:03:14.954588,0x433b0b38,13.235,63.75,6.0,-71,1769522590,5,5
2026-01-27 06:04:36.434396,0x433b0098,13.2175,62.5,6.75,-60,1769522671,2,2
2026-01-27 06:04:41.262236,0x433acb14,13.2525,71.25,4.5,-85,1769522676,3,3
2026-01-27 06:07:21.825101,0x433abf20,13.2525,71.25,5.5,-75,1769522837,3,3
2026-01-27 06:08:17.187416,0x433b0b38,13.23625,53.75,5.75,-72,1769522892,5,5
2026-01-27 06:09:41.719146,0x433acb14,13.255,61.25,5.25,-85,1769522977,3,3
2026-01-27 06:12:22.352852,0x433abf20,13.25125,77.5,5.5,-75,1769523137,3,3
2026-01-27 06:12:32.314591,0x433ad35c,13.25,87.5,5.75,-55,1769523147,3,3
2026-01-27 06:13:19.073724,0x433b0b38,13.23875,62.5,6.0,-71,1769523194,5,5
2026-01-27 06:14:37.834733,0x433b0098,13.21625,58.75,6.5,-60,1769523273,2,2
2026-01-27 06:14:43.776868,0x433acb14,13.25625,66.25,4.75,-85,1769523279,3,3
2026-01-27 06:17:22.360873,0x433abf20,13.24875,72.5,5.75,-75,1769523437,3,3
2026-01-27 06:18:21.076854,0x433b0b38,13.235,57.5,5.5,-72,1769523496,5,5
2026-01-27 06:19:45.220454,0x433acb14,13.25375,61.25,4.75,-85,1769523580,3,3
2026-01-27 06:22:24.180309,0x433abf20,13.25375,66.25,5.75,-76,1769523739,3,3
2026-01-27 06:22:35.814961,0x433ad35c,13.25,73.75,6.25,-55,1769523751,3,3
2026-01-27 06:23:20.205011,0x433b0b38,13.23625,65.0,5.75,-72,1769523795,5,5
2026-01-27 06:24:39.033849,0x433b0098,13.21625,61.25,6.0,-60,1769523874,2,2
2026-01-27 06:24:45.441692,0x433acb14,13.25625,66.25,5.0,-85,1769523880,3,3
2026-01-27 06:27:24.939248,0x433abf20,13.25375,66.25,5.75,-75,1769524040,3,3
2026-01-27 06:28:22.248288,0x433b0b38,13.23625,57.5,5.5,-71,1769524097,5,5
2026-01-27 06:28:30.117580,0x433af380,13.185,72.5,6.5,-38,1769524105,3,3
2026-01-27 06:29:48.295528,0x433acb14,13.25625,67.5,5.25,-85,1769524183,3,3
2026-01-27 06:32:26.042695,0x433abf20,13.25375,62.5,5.75,-74,1769524341,3,3
2026-01-27 06:32:38.090991,0x433ad35c,13.25125,66.25,6.25,-55,1769524353,3,3
2026-01-27 06:33:25.949087,0x433b0b38,13.23125,85.0,6.0,-72,1769524401,5,5
2026-01-27 06:34:41.471768,0x433b0098,13.21,71.25,6.5,-60,1769524476,2,2
2026-01-27 06:34:48.623477,0x433acb14,13.2575,63.75,5.25,-85,1769524483,3,3
2026-01-27 06:37:30.541996,0x433abf20,13.25125,66.25,5.75,-75,1769524645,3,3
2026-01-27 06:38:24.423630,0x433b0b38,13.2325,75.0,5.75,-71,1769524699,5,5
2026-01-27 06:39:50.225598,0x433acb14,13.255,65.0,5.5,-85,1769524785,3,3
2026-01-27 06:42:31.140153,0x433abf20,13.25125,65.0,5.75,-76,1769524946,3,3
2026-01-27 06:42:40.158395,0x433ad35c,13.2475,77.5,6.25,-55,1769524955,3,3
2026-01-27 06:43:26.453643,0x433b0b38,13.2375,63.75,5.75,-72,1769525001,5,5
2026-01-27 06:44:43.225892,0x433b0098,13.18625,120.0,6.75,-61,1769525078,2,2
2026-01-27 06:44:50.673973,0x433acb14,13.25375,77.5,5.75,-86,1769525085,3,3
2026-01-27 06:47:30.497558,0x433abf20,13.25375,65.0,5.75,-75,1769525245,3,3
2026-01-27 06:48:27.244972,0x433b0b38,13.20875,117.5,6.25,-71,1769525302,5,5
2026-01-27 06:49:52.873968,0x433acb14,13.25,93.75,4.5,-85,1769525388,3,3
2026-01-27 06:52:31.816730,0x433abf20,13.25375,65.0,6.0,-75,1769525547,3,3
2026-01-27 06:52:44.172509,0x433ad35c,13.25125,66.25,6.0,-55,1769525559,3,3
2026-01-27 06:53:29.024898,0x433b0b38,13.235,65.0,5.75,-71,1769525604,5,5
2026-01-27 06:54:45.892746,0x433b0098,13.2125,73.75,6.25,-61,1769525681,2,2
2026-01-27 06:54:54.296505,0x433acb14,13.2525,76.25,5.0,-85,1769525689,3,3
2026-01-27 06:57:33.893707,0x433abf20,13.25,73.75,4.0,-76,1769525849,3,3
2026-01-27 06:58:30.452364,0x433b0b38,13.22875,75.0,6.0,-72,1769525905,5,5
2026-01-27 06:59:56.486859,0x433acb14,13.25375,76.25,5.5,-85,1769525991,3,3
2026-01-24 04:02:28.597621,0x433b0b38,13.24625,75.0,6.0,-77,,5,5
2026-01-24 04:05:05.972496,0x433aad0c,13.10125,63.75,5.25,-70,,3,3
2026-01-24 04:07:29.126522,0x433b0b38,13.2525,61.25,6.0,-76,,5,5
2026-01-24 04:11:20.388445,0x433af380,13.2075,85.0,7.0,-34,,3,3
2026-01-24 04:11:23.446663,0x433ad35c,13.26625,63.75,6.0,-60,,3,3
2026-01-24 04:12:31.055244,0x433b0b38,13.24875,61.25,5.75,-77,,5,5
2026-01-24 04:15:06.047581,0x433aad0c,13.09625,71.25,5.75,-71,,3,3
2026-01-24 04:17:32.191353,0x433b0b38,13.25,56.25,6.25,-77,,5,5
2026-01-24 04:21:28.523883,0x433ad35c,13.2625,76.25,6.0,-58,,3,3
2026-01-24 04:22:32.645010,0x433b0b38,13.2475,75.0,6.0,-77,,5,5
2026-01-24 04:25:06.276963,0x433aad0c,13.10125,63.75,5.5,-71,,3,3
2026-01-24 04:27:33.970535,0x433b0b38,13.245,73.75,5.5,-77,,5,5
2026-01-24 04:31:27.905123,0x433ad35c,13.26625,61.25,6.0,-59,,3,3
2026-01-24 04:32:35.685174,0x433b0b38,13.24625,73.75,5.5,-75,,5,5
2026-01-24 04:35:06.506288,0x433aad0c,13.09375,71.25,6.0,-70,,3,3
2026-01-24 04:37:37.047908,0x433b0b38,13.24875,60.0,5.5,-76,,5,5
2026-01-24 04:41:30.629047,0x433ad35c,13.24625,146.25,6.25,-59,,3,3
2026-01-24 04:42:37.800192,0x433b0b38,13.24875,65.0,5.5,-77,,5,5
2026-01-24 04:45:06.726655,0x433aad0c,13.0975,60.0,6.0,-70,,3,3
2026-01-24 04:47:40.269952,0x433b0b38,13.24625,66.25,5.75,-77,,5,5
2026-01-24 04:51:37.606351,0x433ad35c,13.265,67.5,6.0,-58,,3,3
2026-01-24 04:52:41.111708,0x433b0b38,13.22,127.5,5.75,-77,,5,5
2026-01-24 04:55:07.117764,0x433aad0c,13.09125,71.25,5.75,-71,,3,3
2026-01-24 04:57:41.429926,0x433b0b38,13.24625,73.75,5.0,-77,,5,5
2026-01-24 05:01:34.691022,0x433ad35c,13.24625,145.0,6.25,-59,,3,3
2026-01-23 07:03:43.780138,0x433ad35c,13.25625,62.5,6.25,-30,,3,3
2026-01-23 07:04:01.980276,0x433aad0c,13.24375,138.75,6.25,-36,,3,3
2026-01-23 07:04:54.601215,0x433b0b38,13.25625,66.25,6.0,-3,,5,5
2026-01-23 07:05:15.915847,0x433acb14,13.26,66.25,7.25,-11,,3,3
2026-01-23 07:09:56.351752,0x433b0b38,13.2525,61.25,6.25,-3,,5,5
2026-01-23 07:10:17.341478,0x433acb14,13.26,68.75,6.25,-11,,3,3
2026-01-23 07:13:46.267854,0x433ad35c,13.25625,65.0,6.25,-30,,3,3
2026-01-23 07:14:03.903388,0x433aad0c,13.26875,73.75,5.75,-36,,3,3
2026-01-23 07:14:57.561238,0x433b0b38,13.25,73.75,6.5,-3,,5,5
2026-01-23 07:15:18.436828,0x433acb14,13.26125,63.75,6.75,-11,,3,3
2026-01-23 07:19:59.241468,0x433b0b38,13.2475,71.25,6.25,-3,,5,5
2026-01-23 07:20:19.766422,0x433acb14,13.25875,62.5,7.25,-11,,3,3
2026-01-23 07:20:46.355819,0x433af380,13.23875,86.25,6.75,-11,,3,3
2026-01-23 07:23:47.950436,0x433ad35c,13.24875,76.25,7.0,-29,,3,3
2026-01-23 07:24:07.126820,0x433aad0c,13.2725,62.5,6.5,-37,,3,3
2026-01-23 07:25:00.676198,0x433b0b38,13.255,63.75,6.0,-3,,5,5
2026-01-23 07:25:24.008431,0x433acb14,13.26,66.25,6.25,-11,,3,3
2026-01-23 07:30:01.689592,0x433b0b38,13.255,61.25,6.5,-4,,5,5
2026-01-23 07:30:22.802276,0x433acb14,13.255,76.25,6.25,-11,,3,3
2026-01-23 07:33:51.086527,0x433ad35c,13.25625,62.5,6.5,-29,,3,3
2026-01-23 07:34:09.338698,0x433aad0c,13.24625,140.0,6.25,-36,,3,3
2026-01-23 07:35:02.399389,0x433b0b38,13.25375,62.5,6.0,-4,,5,5
2026-01-23 07:35:24.059927,0x433acb14,13.25375,78.75,7.25,-10,,3,3
2026-01-23 07:40:04.380229,0x433b0b38,13.25625,63.75,6.0,-3,,5,5
2026-01-23 07:40:26.571891,0x433acb14,13.255,76.25,6.25,-11,,3,3
2026-01-23 07:43:56.380684,0x433ad35c,13.25625,62.5,7.5,-29,,3,3
2026-01-23 07:44:12.845080,0x433aad0c,13.2725,62.5,6.25,-37,,3,3
2026-01-23 07:45:06.334194,0x433b0b38,13.25375,63.75,6.25,-3,,5,5
2026-01-23 07:45:26.877000,0x433acb14,13.255,76.25,6.5,-11,,3,3
2026-01-23 07:50:06.926469,0x433b0b38,13.255,63.75,6.25,-3,,5,5
2026-01-23 07:50:28.058978,0x433acb14,13.26,63.75,7.25,-11,,3,3
2026-01-25 06:04:13.660523,0x433b0b38,13.235,57.5,5.25,-78,,5,5
2026-01-25 06:06:07.373361,0x433aad0c,12.8475,81.25,5.5,-69,,3,3
2026-01-25 06:08:14.405573,0x433ad35c,13.245,61.25,5.25,-56,,3,3
2026-01-25 06:09:17.938971,0x433b0b38,13.23375,61.25,5.25,-77,,5,5
2026-01-25 06:14:15.976617,0x433b0b38,13.23,76.25,5.5,-78,,5,5
2026-01-25 06:16:07.604936,0x433aad0c,12.85375,61.25,5.5,-70,,3,3
2026-01-25 06:18:15.388798,0x433af380,13.2075,71.25,6.75,-34,,3,3
2026-01-25 06:18:19.156654,0x433ad35c,13.25125,66.25,6.25,-56,,3,3
2026-01-25 06:19:19.903583,0x433b0b38,13.235,56.25,6.0,-77,,5,5
2026-01-25 06:24:22.708032,0x433b0b38,13.235,60.0,5.5,-77,,5,5
2026-01-25 06:26:07.835873,0x433aad0c,12.8525,63.75,6.0,-71,,3,3
2026-01-25 06:28:20.380675,0x433ad35c,13.25125,62.5,6.0,-56,,3,3
2026-01-25 06:29:20.675993,0x433b0b38,13.2325,72.5,6.0,-77,,5,5
2026-01-25 06:34:21.995038,0x433b0b38,13.23625,65.0,6.25,-78,,5,5
2026-01-25 06:36:08.075182,0x433aad0c,12.84625,63.75,5.5,-69,,3,3
2026-01-25 06:38:24.506524,0x433ad35c,13.2475,73.75,6.25,-57,,3,3
2026-01-25 06:39:24.250125,0x433b0b38,13.235,62.5,6.0,-77,,5,5
2026-01-25 06:44:26.528478,0x433b0b38,13.235,63.75,5.5,-76,,5,5
2026-01-25 06:46:08.297423,0x433aad0c,12.84375,60.0,5.75,-70,,3,3
2026-01-25 06:48:25.022052,0x433ad35c,13.25125,66.25,5.75,-56,,3,3
2026-01-25 06:49:29.745291,0x433b0b38,13.23125,70.0,6.0,-77,,5,5
2026-01-25 06:54:27.379992,0x433b0b38,13.235,62.5,5.75,-78,,5,5
2026-01-25 06:56:08.907309,0x433aad0c,12.83875,71.25,5.75,-70,,3,3
2026-01-25 06:58:32.238710,0x433ad35c,13.24875,75.0,5.75,-56,,3,3
2026-01-25 06:59:28.127375,0x433b0b38,13.23375,63.75,5.5,-78,,5,5
2026-01-22 23:01:40.199642,0x433ad35c,13.2675,62.5,6.75,-28,,3,3
2026-01-22 23:01:54.806360,0x433aad0c,13.28,62.5,6.0,-36,,3,3
2026-01-22 23:02:48.972144,0x433b0b38,13.25875,63.75,5.75,-4,,5,5
2026-01-22 23:03:10.973749,0x433acb14,13.2625,77.5,6.0,-10,,3,3
2026-01-22 23:07:49.323183,0x433b0b38,13.2575,62.5,6.25,-3,,5,5
2026-01-22 23:08:13.078104,0x433acb14,13.25875,78.75,6.25,-11,,3,3
2026-01-22 23:11:40.903641,0x433ad35c,13.26625,63.75,7.25,-29,,3,3
2026-01-22 23:11:57.916890,0x433aad0c,13.27875,61.25,6.75,-36,,3,3
2026-01-22 23:12:50.969415,0x433b0b38,13.25625,63.75,6.25,-4,,5,5
2026-01-22 23:13:12.747676,0x433acb14,13.25375,95.0,7.5,-11,,3,3
2026-01-22 23:17:51.464759,0x433b0b38,13.2575,65.0,6.5,-3,,5,5
2026-01-22 23:18:13.893024,0x433acb14,13.2375,137.5,7.25,-11,,3,3
2026-01-22 23:20:41.625968,0x433af380,13.26875,72.5,7.75,-39,,3,2
2026-01-22 23:21:43.315647,0x433ad35c,13.26875,58.75,6.0,-26,,3,3
2026-01-22 23:22:00.442103,0x433aad0c,13.27625,73.75,6.25,-38,,3,3
2026-01-22 23:22:53.059461,0x433b0b38,13.25625,63.75,6.25,-3,,5,5
2026-01-22 23:23:16.787466,0x433acb14,13.2625,72.5,6.5,-11,,3,3
2026-01-22 23:27:53.875234,0x433b0b38,13.2625,65.0,6.75,-4,,5,5
2026-01-22 23:28:16.455560,0x433acb14,13.2575,75.0,6.25,-10,,3,3
2026-01-22 23:31:46.702545,0x433ad35c,13.26125,77.5,5.75,-25,,3,3
2026-01-22 23:32:02.955843,0x433aad0c,13.27375,75.0,6.75,-37,,3,3
2026-01-22 23:32:55.138877,0x433b0b38,13.2575,60.0,6.0,-3,,5,5
2026-01-22 23:33:17.956317,0x433acb14,13.26125,73.75,6.0,-10,,3,3
2026-01-22 23:37:57.666422,0x433b0b38,13.26,67.5,5.75,-3,,5,5
2026-01-22 23:38:19.637477,0x433acb14,13.26,76.25,7.5,-11,,3,3
2026-01-22 23:41:48.424278,0x433ad35c,13.27,65.0,7.25,-29,,3,3
2026-01-22 23:42:05.340972,0x433aad0c,13.28,60.0,7.0,-37,,3,3
2026-01-22 23:42:57.870765,0x433b0b38,13.25375,81.25,5.75,-3,,5,5
2026-01-22 23:43:20.225199,0x433acb14,13.25875,77.5,8.0,-10,,3,3
2026-01-22 23:48:01.287294,0x433b0b38,13.2525,71.25,6.0,-3,,5,5
2026-01-22 23:48:22.293390,0x433acb14,13.2575,78.75,7.0,-10,,3,3
2026-01-22 23:51:54.654090,0x433ad35c,13.27,65.0,6.5,-29,,3,3
2026-01-22 23:52:07.123711,0x433aad0c,13.27875,62.5,7.5,-37,,3,3
2026-01-22 23:53:01.617013,0x433b0b38,13.23,122.5,6.0,-4,,5,5
2026-01-22 23:53:22.745960,0x433acb14,13.25875,76.25,7.25,-11,,3,3
2026-01-22 23:58:01.723011,0x433b0b38,13.25875,66.25,6.5,-4,,5,5
2026-01-22 23:58:24.239252,0x433acb14,13.26375,65.0,7.75,-11,,3,3
2026-01-23 18:04:44.839670,0x433aad0c,13.13,61.25,5.5,-70,,3,3
2026-01-23 18:05:08.687258,0x433b0b38,13.26125,61.25,5.75,-76,,5,5
2026-01-23 18:08:41.767283,0x433af380,13.22875,81.25,7.25,-34,,3,3
2026-01-23 18:08:45.519606,0x433ad35c,13.27125,77.5,6.5,-57,,3,3
2026-01-23 18:10:09.220735,0x433b0b38,13.2575,71.25,5.5,-76,,5,5
2026-01-23 18:14:44.831769,0x433aad0c,13.1025,138.75,6.0,-70,,3,3
2026-01-23 18:15:09.593958,0x433b0b38,13.25625,67.5,5.75,-76,,5,5
2026-01-23 18:18:46.128653,0x433ad35c,13.2725,76.25,6.0,-57,,3,3
2026-01-23 18:20:11.604639,0x433b0b38,13.25625,72.5,5.75,-77,,5,5
2026-01-23 18:24:50.580668,0x433aad0c,13.13,63.75,5.75,-69,,3,3
2026-01-23 18:25:11.898405,0x433b0b38,13.26,60.0,5.25,-77,,5,5
2026-01-23 18:28:49.111969,0x433ad35c,13.27125,76.25,6.5,-57,,3,3
2026-01-23 18:30:13.076439,0x433b0b38,13.25875,57.5,5.75,-77,,5,5
2026-01-23 18:34:44.728851,0x433aad0c,13.12625,72.5,5.75,-70,,3,3
2026-01-23 18:35:14.228958,0x433b0b38,13.26,58.75,5.5,-76,,5,5
2026-01-23 18:38:52.443361,0x433ad35c,13.27125,73.75,6.25,-58,,3,3
2026-01-23 18:40:15.505788,0x433b0b38,13.25375,72.5,5.75,-76,,5,5
2026-01-23 18:44:45.574896,0x433aad0c,13.12375,70.0,6.0,-71,,3,3
2026-01-23 18:45:16.587715,0x433b0b38,13.2575,63.75,5.75,-76,,5,5
2026-01-23 18:48:54.878166,0x433ad35c,13.25625,143.75,5.75,-58,,3,3
2026-01-23 18:50:18.372115,0x433b0b38,13.25875,73.75,6.0,-76,,5,5
2026-01-23 18:54:45.267533,0x433aad0c,13.125,80.0,5.75,-71,,3,3
2026-01-23 18:55:20.399628,0x433b0b38,13.26,60.0,5.5,-76,,5,5
2026-01-23 18:58:56.433832,0x433ad35c,13.26875,71.25,6.0,-57,,3,3
2026-01-23 19:00:24.008836,0x433b0b38,13.26,65.0,5.25,-76,,5,5
2026-01-25 21:59:41.736786,0x433b0b38,13.25875,63.75,5.5,-74,1769407180,5,5
2026-01-25 21:59:46.610890,0x433abf20,13.265,63.75,6.0,-77,1769407184,3,3
2026-01-25 22:01:04.455038,0x433acb14,13.3025,63.75,4.0,-92,1769407262,3,3
2026-01-25 22:03:45.185124,0x433ad35c,13.275,62.5,6.25,-53,1769407423,3,3
2026-01-25 22:04:43.014453,0x433b0b38,13.2525,71.25,6.0,-73,1769407481,5,5
2026-01-25 22:04:50.789612,0x433abf20,13.265,65.0,5.75,-76,1769407489,3,3
2026-01-25 22:06:06.216888,0x433acb14,13.30125,66.25,3.75,-92,1769407564,3,3
2026-01-25 22:06:54.881060,0x433b0098,13.245,61.25,6.0,-60,1769407613,2,2
2026-01-25 22:09:43.619213,0x433b0b38,13.25625,63.75,6.0,-74,1769407781,5,5
2026-01-25 22:09:49.826918,0x433abf20,13.26375,67.5,5.75,-76,1769407788,3,3
2026-01-25 22:11:07.804071,0x433acb14,13.3,62.5,3.25,-92,1769407866,3,3
2026-01-25 22:13:48.725206,0x433ad35c,13.27625,66.25,6.25,-54,1769408027,3,3
2026-01-25 22:14:45.001617,0x433b0b38,13.25625,60.0,6.25,-74,1769408083,5,5
2026-01-25 22:14:52.046187,0x433abf20,13.26375,67.5,6.0,-76,1769408090,3,3
2026-01-25 22:16:06.725814,0x433acb14,13.3,72.5,3.75,-91,1769408165,3,3
2026-01-25 22:16:58.222528,0x433b0098,13.24625,58.75,6.5,-60,1769408216,2,2
2026-01-25 22:19:47.467876,0x433b0b38,13.255,61.25,6.25,-74,1769408385,5,5
2026-01-25 22:19:52.334373,0x433abf20,13.26625,67.5,6.0,-76,1769408390,3,3
2026-01-25 22:21:08.833143,0x433acb14,13.3,66.25,4.0,-91,1769408467,3,3
2026-01-25 22:23:00.351271,0x433af380,13.19875,85.0,6.5,-39,1769408578,3,3
2026-01-25 22:23:50.224967,0x433ad35c,13.27625,66.25,6.25,-53,1769408628,3,3
2026-01-25 22:24:47.467178,0x433b0b38,13.25625,60.0,5.5,-74,1769408685,5,5
2026-01-25 22:24:54.734477,0x433abf20,13.2575,78.75,5.75,-76,1769408693,3,3
2026-01-25 22:26:08.929438,0x433acb14,13.3,62.5,4.0,-91,1769408767,3,3
2026-01-25 22:26:58.162238,0x433b0098,13.2425,58.75,6.25,-61,1769408816,2,2
2026-01-25 22:29:49.559813,0x433b0b38,13.255,62.5,6.25,-73,1769408987,5,5
2026-01-25 22:29:54.443121,0x433abf20,13.26,75.0,5.25,-76,1769408992,3,3
2026-01-25 22:31:10.168452,0x433acb14,13.30125,66.25,3.5,-91,1769409068,3,3
2026-01-25 22:33:52.780824,0x433ad35c,13.27375,75.0,6.5,-54,1769409231,3,3
2026-01-25 22:34:50.907435,0x433b0b38,13.255,71.25,5.25,-74,1769409289,5,5
2026-01-25 22:34:55.378848,0x433abf20,13.26125,75.0,6.0,-77,1769409293,3,3
2026-01-25 22:36:11.658883,0x433acb14,13.2975,76.25,3.5,-91,1769409369,3,3
2026-01-25 22:37:01.060779,0x433b0098,13.24,63.75,6.0,-60,1769409419,2,2
2026-01-25 22:39:52.151823,0x433b0b38,13.255,76.25,6.25,-74,1769409590,5,5
2026-01-25 22:39:57.607808,0x433abf20,13.26,76.25,5.5,-76,1769409595,3,3
2026-01-25 22:41:13.926481,0x433acb14,13.3,60.0,3.5,-91,1769409672,3,3
2026-01-25 22:43:55.785229,0x433ad35c,13.27125,73.75,6.25,-53,1769409834,3,3
2026-01-25 22:44:52.524486,0x433b0b38,13.25625,62.5,5.5,-74,1769409890,5,5
2026-01-25 22:44:58.214381,0x433abf20,13.26,77.5,6.0,-76,1769409896,3,3
2026-01-25 22:46:14.824900,0x433acb14,13.3,60.0,3.75,-91,1769409973,3,3
2026-01-25 22:47:03.095193,0x433b0098,13.2025,130.0,6.25,-61,1769410021,2,2
2026-01-25 22:49:54.792050,0x433b0b38,13.25625,58.75,5.75,-73,1769410193,5,5
2026-01-25 22:51:15.198371,0x433acb14,13.29875,65.0,3.5,-91,1769410273,3,3
2026-01-25 22:53:58.845334,0x433ad35c,13.275,62.5,6.5,-53,1769410437,3,3
2026-01-25 22:54:55.813224,0x433b0b38,13.24875,70.0,6.0,-74,1769410494,5,5
2026-01-25 22:55:01.718344,0x433abf20,13.26375,61.25,5.5,-76,1769410499,3,3
2026-01-25 22:56:17.608384,0x433acb14,13.29875,63.75,4.0,-91,1769410575,3,3
2026-01-25 22:57:05.605858,0x433b0098,13.2425,63.75,6.25,-60,1769410623,2,2
2026-01-23 02:02:25.049535,0x433ad35c,13.25875,75.0,6.25,-28,,3,3
2026-01-23 02:02:42.517954,0x433aad0c,13.27625,65.0,6.0,-37,,3,3
2026-01-23 02:03:35.815561,0x433b0b38,13.25875,56.25,6.0,-3,,5,5
2026-01-23 02:03:57.023449,0x433acb14,13.25875,76.25,7.75,-10,,3,3
2026-01-23 02:08:39.939411,0x433b0b38,13.2575,57.5,6.75,-4,,5,5
2026-01-23 02:08:58.304257,0x433acb14,13.25875,77.5,7.0,-11,,3,3
2026-01-23 02:12:28.378951,0x433ad35c,13.26,58.75,6.5,-28,,3,3
2026-01-23 02:12:45.734748,0x433aad0c,13.275,73.75,6.75,-37,,3,3
2026-01-23 02:13:39.338148,0x433b0b38,13.2575,62.5,6.0,-3,,5,5
2026-01-23 02:13:59.052590,0x433acb14,13.2625,67.5,7.25,-11,,3,3
2026-01-23 02:18:41.677491,0x433b0b38,13.25625,63.75,6.0,-3,,5,5
2026-01-23 02:19:01.031134,0x433acb14,13.25875,75.0,7.75,-11,,3,3
2026-01-23 02:20:43.255782,0x433af380,13.24625,80.0,7.0,-11,,3,3
2026-01-23 02:22:33.650151,0x433ad35c,13.265,62.5,7.5,-29,,3,3
2026-01-23 02:22:48.539706,0x433aad0c,13.27625,62.5,5.5,-36,,3,3
2026-01-23 02:23:41.686210,0x433b0b38,13.2575,61.25,6.0,-3,,5,5
2026-01-23 02:24:02.573667,0x433acb14,13.2625,66.25,6.0,-11,,3,3
2026-01-23 02:28:42.899339,0x433b0b38,13.25125,75.0,6.25,-3,,5,5
2026-01-23 02:29:04.739339,0x433acb14,13.26125,65.0,7.5,-11,,3,3
2026-01-23 02:32:37.235307,0x433ad35c,13.265,63.75,6.0,-29,,3,3
2026-01-23 02:32:51.038374,0x433aad0c,13.27875,65.0,6.5,-36,,3,3
2026-01-23 02:33:43.518443,0x433b0b38,13.25125,72.5,6.0,-4,,5,5
2026-01-23 02:34:04.852431,0x433acb14,13.2625,62.5,7.25,-11,,3,3
2026-01-23 02:38:47.164838,0x433b0b38,13.25375,76.25,6.0,-4,,5,5
2026-01-23 02:39:06.905613,0x433acb14,13.2575,76.25,7.0,-12,,3,3
2026-01-23 02:42:36.973730,0x433ad35c,13.26375,60.0,6.25,-28,,3,3
2026-01-23 02:42:52.838241,0x433aad0c,13.27125,83.75,5.75,-36,,3,3
2026-01-23 02:43:46.694852,0x433b0b38,13.25125,75.0,6.25,-3,,5,5
2026-01-23 02:44:06.720562,0x433acb14,13.25875,78.75,7.0,-10,,3,3
2026-01-23 02:48:47.985565,0x433b0b38,13.2575,62.5,6.0,-4,,5,5
2026-01-23 02:49:07.887448,0x433acb14,13.2625,67.5,7.0,-11,,3,3
2026-01-23 02:52:39.720420,0x433ad35c,13.25875,75.0,6.5,-28,,3,3
2026-01-23 02:52:56.206361,0x433aad0c,13.2775,62.5,6.75,-37,,3,3
2026-01-23 02:53:49.597545,0x433b0b38,13.2575,63.75,6.25,-4,,5,5
2026-01-23 02:54:10.469900,0x433acb14,13.25875,77.5,7.25,-11,,3,3
2026-01-23 02:58:51.256810,0x433b0b38,13.2575,63.75,6.25,-4,,5,5
2026-01-23 02:59:10.405609,0x433acb14,13.2625,63.75,7.25,-10,,3,3
2026-01-25 03:03:28.943526,0x433b0b38,13.23875,63.75,6.0,-77,,5,5
2026-01-25 03:05:58.668958,0x433aad0c,12.9025,62.5,6.0,-69,,3,3
2026-01-25 03:07:29.072821,0x433ad35c,13.25375,66.25,6.25,-56,,3,3
2026-01-25 03:08:29.455776,0x433b0b38,13.2375,73.75,5.5,-77,,5,5
2026-01-25 03:13:28.491766,0x433b0b38,13.235,73.75,6.0,-78,,5,5
2026-01-25 03:15:58.407265,0x433aad0c,12.895,77.5,5.75,-70,,3,3
2026-01-25 03:17:27.270968,0x433af380,13.21125,70.0,7.25,-34,,3,3
2026-01-25 03:17:31.732739,0x433ad35c,13.255,62.5,5.75,-56,,3,3
2026-01-25 03:18:31.698947,0x433b0b38,13.24125,60.0,5.75,-78,,5,5
2026-01-25 03:23:30.452310,0x433b0b38,13.21625,123.75,6.0,-78,,5,5
2026-01-25 03:25:59.511078,0x433aad0c,12.89375,68.75,5.5,-70,,3,3
2026-01-25 03:27:36.102582,0x433ad35c,13.24875,87.5,6.0,-55,,3,3
2026-01-25 03:28:33.517818,0x433b0b38,13.24,63.75,6.75,-78,,5,5
2026-01-25 03:33:34.123422,0x433b0b38,13.24125,55.0,6.0,-77,,5,5
2026-01-25 03:35:59.874669,0x433aad0c,12.89125,70.0,5.75,-69,,3,3
2026-01-25 03:37:34.753770,0x433ad35c,13.25125,72.5,6.25,-56,,3,3
2026-01-25 03:38:37.800167,0x433b0b38,13.24125,63.75,5.75,-77,,5,5
2026-01-25 03:43:37.608280,0x433b0b38,13.21375,123.75,5.5,-76,,5,5
2026-01-25 03:45:59.578079,0x433aad0c,12.8925,66.25,5.75,-70,,3,3
2026-01-25 03:47:38.488145,0x433ad35c,13.2525,61.25,6.0,-56,,3,3
2026-01-25 03:48:38.488253,0x433b0b38,13.235,68.75,6.0,-77,,5,5
2026-01-25 03:53:38.894537,0x433b0b38,13.2425,62.5,6.25,-77,,5,5
2026-01-25 03:56:02.113519,0x433aad0c,12.88875,58.75,7.0,-55,,3,2
2026-01-25 03:57:42.868662,0x433ad35c,13.23125,145.0,5.75,-56,,3,3
2026-01-25 03:58:43.130550,0x433b0b38,13.23875,58.75,6.25,-77,,5,5
2026-01-22 17:00:22.930808,0x433aad0c,13.625,60.0,6.25,-36,,3,3
2026-01-22 17:01:16.216915,0x433b0b38,13.24875,82.5,6.25,-4,,5,5
2026-01-22 17:01:40.273214,0x433acb14,13.26,66.25,7.0,-11,,3,3
2026-01-22 17:06:17.201756,0x433b0b38,13.2525,63.75,6.25,-3,,5,5
2026-01-22 17:06:39.258323,0x433acb14,13.26125,66.25,7.25,-11,,3,3
2026-01-22 17:10:08.948828,0x433ad35c,13.65125,63.75,5.75,-28,,3,3
2026-01-22 17:10:25.479500,0x433aad0c,13.6525,72.5,6.25,-37,,3,3
2026-01-22 17:11:19.279142,0x433b0b38,13.25,78.75,6.0,-3,,5,5
2026-01-22 17:11:41.896699,0x433acb14,13.26,65.0,6.5,-11,,3,3
2026-01-22 17:15:37.960166,0x433af380,13.27125,63.75,5.75,-22,,3,3
2026-01-22 17:16:20.421933,0x433b0b38,13.25125,76.25,6.0,-3,,5,5
2026-01-22 17:16:41.999492,0x433acb14,13.25625,78.75,7.0,-11,,3,3
2026-01-22 17:20:12.894414,0x433ad35c,13.69375,71.25,6.5,-27,,3,3
2026-01-22 17:20:29.580736,0x433aad0c,13.71125,60.0,5.75,-36,,3,3
2026-01-22 17:21:21.579965,0x433b0b38,13.25,76.25,6.0,-3,,5,5
2026-01-22 17:21:43.269848,0x433acb14,13.25625,77.5,7.0,-12,,3,3
2026-01-22 17:26:22.357042,0x433b0b38,13.25625,67.5,6.0,-3,,5,5
2026-01-22 17:26:46.417600,0x433acb14,13.26125,58.75,6.25,-11,,3,3
2026-01-22 17:30:13.974943,0x433ad35c,13.86,65.0,5.75,-28,,3,3
2026-01-22 17:30:30.356577,0x433aad0c,13.875,72.5,5.5,-36,,3,3
2026-01-22 17:31:25.791670,0x433b0b38,13.25625,63.75,6.25,-3,,5,5
2026-01-22 17:31:46.771407,0x433acb14,13.25625,81.25,6.75,-11,,3,3
2026-01-22 17:36:25.122098,0x433b0b38,13.25125,75.0,5.75,-3,,5,5
2026-01-22 17:36:48.248335,0x433acb14,13.235,127.5,7.0,-11,,3,3
2026-01-22 17:40:16.511472,0x433ad35c,13.4625,63.75,5.75,-27,,3,3
2026-01-22 17:40:32.921980,0x433aad0c,13.4675,61.25,6.0,-36,,3,3
2026-01-22 17:41:26.428753,0x433b0b38,13.25375,77.5,5.75,-3,,5,5
2026-01-22 17:41:50.026639,0x433acb14,13.25875,78.75,7.25,-11,,3,3
2026-01-22 17:46:28.869512,0x433b0b38,13.25625,67.5,6.5,-3,,5,5
2026-01-22 17:46:51.027457,0x433acb14,13.2625,63.75,6.75,-11,,3,3
2026-01-22 17:50:19.466751,0x433ad35c,13.345,78.75,6.25,-27,,3,3
2026-01-22 17:50:35.687193,0x433aad0c,13.35875,73.75,6.25,-36,,3,3
2026-01-22 17:51:29.767474,0x433b0b38,13.25625,65.0,6.25,-4,,5,5
2026-01-22 17:51:52.406445,0x433acb14,13.2375,127.5,7.0,-11,,3,3
2026-01-22 17:56:31.654483,0x433b0b38,13.2275,121.25,6.25,-3,,5,5
2026-01-22 17:56:52.282837,0x433acb14,13.26125,65.0,7.25,-10,,3,3
2026-01-22 18:00:22.672506,0x433ad35c,13.31875,62.5,7.25,-28,,3,3
2026-01-27 20:01:56.410841,0x433b0b38,13.25625,70.0,6.25,-71,1769572910,5,5
2026-01-27 20:03:25.789618,0x433acb14,13.26875,72.5,3.0,-93,1769572999,3,3
2026-01-27 20:06:01.186296,0x433abf20,13.255,136.25,5.75,-75,1769573155,3,3
2026-01-27 20:06:15.587940,0x433ad35c,13.2825,58.75,5.75,-53,1769573169,3,3
2026-01-27 20:06:56.828471,0x433b0b38,13.235,123.75,5.5,-71,1769573210,5,5
2026-01-27 20:08:18.608187,0x433b0098,13.2525,60.0,6.5,-62,1769573292,2,2
2026-01-27 20:08:27.856993,0x433acb14,13.27125,77.5,2.5,-95,1769573301,3,3
2026-01-27 20:11:01.264622,0x433abf20,13.27875,65.0,6.75,-73,1769573455,3,3
2026-01-27 20:11:58.707237,0x433b0b38,13.25625,76.25,6.25,-71,1769573512,5,5
2026-01-27 20:13:29.207722,0x433acb14,13.27,66.25,4.25,-89,1769573603,3,3
2026-01-27 20:16:03.572604,0x433abf20,13.27375,71.25,5.0,-55,1769573757,3,2
2026-01-27 20:16:17.558689,0x433ad35c,13.2775,71.25,6.75,-54,1769573771,3,3
2026-01-27 20:17:02.062905,0x433b0b38,13.2625,65.0,6.25,-71,1769573815,5,5
2026-01-27 20:18:22.363940,0x433b0098,13.2525,62.5,7.25,-63,1769573896,2,2
2026-01-27 20:18:29.592717,0x433acb14,13.2675,76.25,,-96,1769573903,3,3
2026-01-27 20:21:03.670951,0x433abf20,13.2775,60.0,5.5,-73,1769574057,3,3
2026-01-27 20:22:00.749390,0x433b0b38,13.26125,63.75,5.75,-70,1769574114,5,5
2026-01-27 20:23:31.393959,0x433acb14,13.27375,66.25,4.75,-89,1769574205,3,3
2026-01-27 20:26:04.477797,0x433abf20,13.27375,72.5,6.0,-76,1769574358,3,3
2026-01-27 20:26:22.135589,0x433ad35c,13.28125,62.5,6.5,-55,1769574376,3,3
2026-01-27 20:27:02.501583,0x433b0b38,13.26125,62.5,5.5,-71,1769574416,5,5
2026-01-27 20:28:24.809097,0x433b0098,13.24625,73.75,7.0,-62,1769574498,2,2
2026-01-27 20:28:32.144204,0x433acb14,13.27125,63.75,3.75,-91,1769574506,3,3
2026-01-27 20:31:06.418630,0x433abf20,13.27625,62.5,5.75,-75,1769574660,3,3
2026-01-27 20:31:11.946321,0x433af380,13.21125,71.25,7.0,-38,1769574665,3,3
2026-01-27 20:32:03.058830,0x433b0b38,13.2625,62.5,6.0,-71,1769574716,5,5
2026-01-27 20:33:34.159638,0x433acb14,13.27125,70.0,2.25,-94,1769574808,3,3
2026-01-27 20:36:07.188409,0x433abf20,13.27875,62.5,5.5,-76,1769574961,3,3
2026-01-27 20:36:23.085076,0x433ad35c,13.27875,75.0,6.0,-54,1769574976,3,3
2026-01-27 20:37:05.217991,0x433b0b38,13.26125,63.75,5.5,-71,1769575019,5,5
2026-01-27 20:38:28.880392,0x433b0098,13.2525,63.75,6.25,-64,1769575102,2,2
2026-01-27 20:38:34.769433,0x433acb14,13.2675,71.25,3.25,-91,1769575108,3,3
2026-01-27 20:41:08.456949,0x433abf20,13.27875,61.25,5.5,-76,1769575262,3,3
2026-01-27 20:42:05.570683,0x433b0b38,13.25875,55.0,6.25,-72,1769575319,5,5
2026-01-27 20:43:36.917229,0x433acb14,13.27125,65.0,4.75,-90,1769575410,3,3
2026-01-27 20:46:10.422487,0x433abf20,13.2775,61.25,6.0,-76,1769575564,3,3
2026-01-27 20:46:30.066325,0x433ad35c,13.2775,73.75,6.25,-54,1769575583,3,3
2026-01-27 20:47:06.896248,0x433b0b38,13.26,61.25,6.0,-72,1769575620,5,5
2026-01-27 20:48:31.302290,0x433b0098,13.25375,61.25,5.0,-72,1769575705,2,1
2026-01-27 20:48:38.081024,0x433acb14,13.27,65.0,3.75,-91,1769575711,3,3
2026-01-27 20:51:11.667893,0x433abf20,13.28,60.0,6.0,-75,1769575865,3,3
2026-01-27 20:52:08.367333,0x433b0b38,13.25875,61.25,6.0,-72,1769575922,5,5
2026-01-27 20:53:41.475305,0x433acb14,13.26875,76.25,3.75,-91,1769576015,3,3
2026-01-27 20:56:16.257688,0x433abf20,13.27625,78.75,5.5,-75,1769576170,3,3
2026-01-27 20:56:29.919638,0x433ad35c,13.2775,72.5,6.25,-53,1769576183,3,3
2026-01-27 20:57:10.394104,0x433b0b38,13.25,60.0,6.0,-72,1769576224,5,5
2026-01-27 20:58:32.669644,0x433b0098,13.24625,73.75,6.5,-61,1769576306,2,2
2026-01-27 20:58:40.144363,0x433acb14,13.27,66.25,3.75,-91,1769576313,3,3
2026-01-26 01:00:28.178264,0x433b0b38,13.25,60.0,6.5,-74,1769418026,5,5
2026-01-26 01:00:36.539321,0x433abf20,13.2625,62.5,5.0,-76,1769418034,3,3
2026-01-26 01:01:54.449768,0x433acb14,13.2925,62.5,3.5,-92,1769418112,3,3
2026-01-26 01:04:37.944052,0x433ad35c,13.27125,66.25,6.25,-53,1769418276,3,3
2026-01-26 01:05:28.721978,0x433b0b38,13.25125,62.5,7.25,-74,1769418326,5,5
2026-01-26 01:05:36.515197,0x433abf20,13.2575,75.0,5.5,-76,1769418334,3,3
2026-01-26 01:06:53.915335,0x433acb14,13.29375,62.5,3.25,-91,1769418411,3,3
2026-01-26 01:07:41.388470,0x433b0098,13.23875,63.75,5.75,-61,1769418459,2,2
2026-01-26 01:10:29.847795,0x433b0b38,13.24875,75.0,6.5,-74,1769418627,5,5
2026-01-26 01:11:54.552222,0x433acb14,13.29125,63.75,3.25,-91,1769418712,3,3
2026-01-26 01:14:39.623635,0x433ad35c,13.265,103.75,6.25,-53,1769418877,3,3
2026-01-26 01:15:32.279488,0x433b0b38,13.25375,65.0,5.5,-75,1769418930,5,5
2026-01-26 01:15:40.405477,0x433abf20,13.26125,66.25,6.0,-76,1769418938,3,3
2026-01-26 01:16:56.802272,0x433acb14,13.29,66.25,3.5,-91,1769419014,3,3
2026-01-26 01:17:43.227834,0x433b0098,13.24125,58.75,5.75,-61,1769419061,2,2
2026-01-26 01:20:34.002874,0x433b0b38,13.24875,61.25,7.0,-73,1769419232,5,5
2026-01-26 01:20:39.560957,0x433abf20,13.26125,65.0,5.75,-76,1769419237,3,3
2026-01-26 01:21:57.924679,0x433acb14,13.29125,60.0,4.0,-91,1769419315,3,3
2026-01-26 01:23:33.030187,0x433af380,13.195,83.75,6.25,-38,1769419411,3,3
2026-01-26 01:24:42.580059,0x433ad35c,13.26875,66.25,6.25,-53,1769419480,3,3
2026-01-26 01:25:35.814461,0x433b0b38,13.245,75.0,7.0,-74,1769419533,5,5
2026-01-26 01:25:41.613212,0x433abf20,13.26375,63.75,5.75,-76,1769419539,3,3
2026-01-26 01:26:59.469825,0x433acb14,13.29,63.75,3.75,-91,1769419617,3,3
2026-01-26 01:27:48.472279,0x433b0098,13.23125,73.75,6.25,-60,1769419666,2,2
2026-01-26 01:30:36.167541,0x433b0b38,13.25,58.75,6.25,-74,1769419834,5,5
2026-01-26 01:30:42.586509,0x433abf20,13.26,61.25,5.25,-77,1769419840,3,3
2026-01-26 01:32:00.272264,0x433acb14,13.28875,73.75,3.75,-92,1769419918,3,3
2026-01-26 01:34:47.229404,0x433ad35c,13.26875,61.25,6.5,-53,1769420085,3,3
2026-01-26 01:35:37.518719,0x433b0b38,13.24625,76.25,6.75,-74,1769420135,5,5
2026-01-26 01:35:42.755334,0x433abf20,13.255,81.25,5.75,-76,1769420140,3,3
2026-01-26 01:37:02.105062,0x433acb14,13.28875,73.75,3.75,-92,1769420220,3,3
2026-01-26 01:37:53.462591,0x433b0098,13.235,60.0,6.5,-61,1769420271,2,2
2026-01-26 01:40:42.771914,0x433b0b38,13.25,58.75,6.25,-60,1769420440,5,4
2026-01-26 01:40:45.829548,0x433abf20,13.25625,72.5,5.25,-76,1769420443,3,3
2026-01-26 01:42:02.877012,0x433acb14,13.29,68.75,4.0,-91,1769420520,3,3
2026-01-26 01:44:49.312739,0x433ad35c,13.26625,75.0,6.25,-53,1769420687,3,3
2026-01-26 01:45:41.944758,0x433b0b38,13.24875,58.75,7.0,-73,1769420739,5,5
2026-01-26 01:45:45.011908,0x433abf20,13.2575,73.75,5.75,-76,1769420743,3,3
2026-01-26 01:47:03.783317,0x433acb14,13.2925,65.0,4.0,-91,1769420821,3,3
2026-01-26 01:47:54.235260,0x433b0098,13.23625,63.75,5.75,-60,1769420872,2,2
2026-01-26 01:50:42.125342,0x433b0b38,13.24,92.5,6.5,-73,1769421040,5,5
2026-01-26 01:50:47.840414,0x433abf20,13.26125,63.75,5.0,-77,1769421045,3,3
2026-01-26 01:52:05.066611,0x433acb14,13.29,61.25,3.25,-91,1769421123,3,3
2026-01-26 01:54:53.661666,0x433ad35c,13.24875,138.75,6.0,-53,1769421291,3,3
2026-01-26 01:55:44.672134,0x433b0b38,13.24625,67.5,5.75,-73,1769421342,5,5
2026-01-26 01:55:47.755718,0x433abf20,13.23875,126.25,5.5,-76,1769421345,3,3
2026-01-26 01:57:07.386265,0x433acb14,13.29125,63.75,3.75,-91,1769421425,3,3
2026-01-26 01:57:54.016490,0x433b0098,13.23625,63.75,6.25,-60,1769421472,2,2
2026-01-24 06:01:51.516969,0x433ad35c,13.24875,131.25,6.25,-59,,3,3
2026-01-24 06:02:57.194093,0x433b0b38,13.24875,61.25,5.5,-77,,5,5
2026-01-24 06:05:08.589831,0x433aad0c,13.0875,73.75,6.0,-70,,3,3
2026-01-24 06:07:59.072773,0x433b0b38,13.24375,71.25,5.5,-77,,5,5
2026-01-24 06:11:52.048063,0x433af380,13.2225,70.0,7.75,-34,,3,3
2026-01-24 06:11:55.799504,0x433ad35c,13.26625,66.25,6.25,-59,,3,3
2026-01-24 06:12:59.571405,0x433b0b38,13.24375,75.0,6.0,-77,,5,5
2026-01-24 06:15:09.032523,0x433aad0c,13.0825,77.5,5.75,-71,,3,3
2026-01-24 06:18:00.905907,0x433b0b38,13.245,75.0,6.75,-76,,5,5
2026-01-24 06:21:56.310739,0x433ad35c,13.2625,76.25,5.0,-58,,3,3
2026-01-24 06:23:01.929608,0x433b0b38,13.24375,70.0,5.5,-77,,5,5
2026-01-24 06:25:09.091800,0x433aad0c,13.09,63.75,6.0,-71,,3,3
2026-01-24 06:28:03.084078,0x433b0b38,13.24625,75.0,5.75,-76,,5,5
2026-01-24 06:32:00.137302,0x433ad35c,13.265,70.0,6.0,-60,,3,3
2026-01-24 06:33:06.114305,0x433b0b38,13.24875,57.5,5.5,-77,,5,5
2026-01-24 06:35:09.331860,0x433aad0c,13.08625,58.75,5.75,-70,,3,3
2026-01-24 06:38:06.555507,0x433b0b38,13.2475,63.75,5.5,-76,,5,5
2026-01-24 06:42:05.686410,0x433ad35c,13.265,63.75,6.25,-58,,3,3
2026-01-24 06:43:07.560888,0x433b0b38,13.2475,65.0,6.0,-77,,5,5
2026-01-24 06:45:09.542076,0x433aad0c,13.0825,73.75,6.0,-70,,3,3
2026-01-24 06:48:08.491689,0x433b0b38,13.25,62.5,5.5,-77,,5,5
2026-01-24 06:52:06.718339,0x433ad35c,13.26375,65.0,5.75,-58,,3,3
2026-01-24 06:53:09.774103,0x433b0b38,13.24875,65.0,5.75,-76,,5,5
2026-01-24 06:55:09.770671,0x433aad0c,13.08125,73.75,5.75,-71,,3,3
2026-01-24 06:58:13.741407,0x433b0b38,13.24875,58.75,5.5,-77,,5,5
2026-01-26 06:01:51.873849,0x433abf20,13.26125,66.25,5.0,-76,1769436109,3,3
2026-01-26 06:01:55.264108,0x433b0b38,13.2475,58.75,0.75,-74,1769436112,5,5
2026-01-26 06:03:12.027576,0x433acb14,13.28125,58.75,3.5,-90,1769436189,3,3
2026-01-26 06:06:04.881218,0x433ad35c,13.265,61.25,5.75,-53,1769436362,3,3
2026-01-26 06:06:51.148296,0x433abf20,13.2575,62.5,5.5,-76,1769436408,3,3
2026-01-26 06:06:53.599574,0x433b0b38,13.2425,72.5,5.75,-74,1769436411,5,5
2026-01-26 06:08:12.394648,0x433acb14,13.2825,62.5,3.0,-91,1769436490,3,3
2026-01-26 06:08:56.451448,0x433b0098,13.235,58.75,7.25,-61,1769436534,2,2
2026-01-26 06:11:52.618737,0x433abf20,13.25875,75.0,5.5,-76,1769436710,3,3
2026-01-26 06:11:55.627158,0x433b0b38,13.24375,75.0,5.75,-74,1769436713,5,5
2026-01-26 06:13:14.062506,0x433acb14,13.2775,75.0,2.75,-90,1769436791,3,3
2026-01-26 06:16:07.786208,0x433ad35c,13.265,61.25,6.0,-53,1769436965,3,3
2026-01-26 06:16:53.293153,0x433abf20,13.2575,61.25,5.25,-76,1769437010,3,3
2026-01-26 06:16:57.580914,0x433b0b38,13.2475,61.25,5.5,-74,1769437015,5,5
2026-01-26 06:18:16.961664,0x433acb14,13.2775,77.5,4.75,-90,1769437094,3,3
2026-01-26 06:18:59.309805,0x433b0098,13.23375,63.75,7.25,-60,1769437136,2,2
2026-01-26 06:21:54.793671,0x433abf20,13.25875,58.75,5.0,-76,1769437312,3,3
2026-01-26 06:21:58.880294,0x433b0b38,13.2475,62.5,6.25,-75,1769437316,5,5
2026-01-26 06:23:20.706744,0x433acb14,13.2825,65.0,4.5,-90,1769437398,3,3
2026-01-26 06:24:21.981011,0x433af380,13.195,82.5,6.0,-39,1769437459,3,3
2026-01-26 06:26:09.185146,0x433ad35c,13.26375,63.75,6.0,-53,1769437566,3,3
2026-01-26 06:26:55.803126,0x433abf20,13.25375,75.0,6.0,-77,1769437613,3,3
2026-01-26 06:26:58.369332,0x433b0b38,13.245,60.0,6.5,-74,1769437615,5,5
2026-01-26 06:28:22.081284,0x433acb14,13.28125,63.75,4.75,-90,1769437699,3,3
2026-01-26 06:29:03.997548,0x433b0098,13.235,60.0,6.5,-60,1769437741,2,2
2026-01-26 06:31:55.781141,0x433abf20,13.26,62.5,5.5,-76,1769437913,3,3
2026-01-26 06:31:59.861864,0x433b0b38,13.2225,118.75,6.0,-74,1769437917,5,5
2026-01-26 06:33:19.621245,0x433acb14,13.28125,60.0,4.75,-90,1769437997,3,3
2026-01-26 06:36:12.460591,0x433ad35c,13.265,63.75,6.0,-53,1769438170,3,3
2026-01-26 06:36:58.428195,0x433abf20,13.25875,62.5,5.5,-75,1769438216,3,3
2026-01-26 06:37:01.598799,0x433b0b38,13.24875,66.25,6.75,-74,1769438219,5,5
2026-01-26 06:38:21.082055,0x433acb14,13.28,65.0,4.75,-90,1769438298,3,3
2026-01-26 06:39:06.099583,0x433b0098,13.19625,128.75,6.25,-61,1769438343,2,2
2026-01-26 06:41:58.826377,0x433abf20,13.25625,68.75,5.5,-77,1769438516,3,3
2026-01-26 06:42:04.371822,0x433b0b38,13.25,65.0,6.5,-74,1769438521,5,5
2026-01-26 06:43:22.305608,0x433acb14,13.275,71.25,5.0,-88,1769438599,3,3
2026-01-26 06:46:15.627343,0x433ad35c,13.26125,72.5,6.0,-53,1769438773,3,3
2026-01-26 06:46:59.047676,0x433abf20,13.255,71.25,5.75,-76,1769438816,3,3
2026-01-26 06:47:03.871276,0x433b0b38,13.215,128.75,6.0,-74,1769438821,5,5
2026-01-26 06:48:23.951325,0x433acb14,13.28,62.5,4.75,-88,1769438901,3,3
2026-01-26 06:49:11.525731,0x433b0098,13.22875,67.5,6.0,-59,1769438949,2,2
2026-01-26 06:52:02.675686,0x433abf20,13.2575,76.25,5.25,-76,1769439120,3,3
2026-01-26 06:52:07.406961,0x433b0b38,13.24125,67.5,5.75,-74,1769439124,5,5
2026-01-26 06:53:24.177702,0x433acb14,13.28,58.75,4.25,-89,1769439201,3,3
2026-01-26 06:56:17.916283,0x433ad35c,13.26625,80.0,6.0,-53,1769439375,3,3
2026-01-26 06:57:02.009875,0x433abf20,13.25875,66.25,5.5,-76,1769439419,3,3
2026-01-26 06:57:06.610361,0x433b0b38,13.24375,62.5,5.5,-75,1769439424,5,5
2026-01-26 06:58:27.922108,0x433acb14,13.28,63.75,4.25,-87,1769439505,3,3
2026-01-26 06:59:10.138586,0x433b0098,13.22625,73.75,6.25,-60,1769439547,2,2
2026-01-28 00:02:06.043208,0x433abf20,13.27125,73.75,5.75,-75,1769587319,3,3
2026-01-28 00:03:06.004538,0x433b0b38,13.25875,62.5,6.0,-73,1769587379,5,5
2026-01-28 00:04:29.589072,0x433acb14,13.265,67.5,5.25,-89,1769587463,3,3
2026-01-28 00:07:09.191725,0x433abf20,13.275,61.25,6.0,-75,1769587622,3,3
2026-01-28 00:07:17.040842,0x433ad35c,13.27375,72.5,6.0,-53,1769587630,3,3
2026-01-28 00:08:06.925489,0x433b0b38,13.25625,58.75,5.75,-72,1769587680,5,5
2026-01-28 00:09:20.906627,0x433b0098,13.24375,60.0,6.0,-61,1769587754,2,2
2026-01-28 00:09:32.300816,0x433acb14,13.2625,65.0,5.0,-89,1769587765,3,3
2026-01-28 00:12:09.614281,0x433abf20,13.27125,75.0,6.0,-76,1769587923,3,3
2026-01-28 00:13:06.468379,0x433b0b38,13.2575,62.5,5.75,-72,1769587980,5,5
2026-01-28 00:14:33.526260,0x433acb14,13.26,73.75,4.5,-91,1769588067,3,3
2026-01-28 00:17:08.865927,0x433abf20,13.27375,62.5,5.75,-75,1769588222,3,3
2026-01-28 00:17:19.597426,0x433ad35c,13.27375,76.25,5.5,-54,1769588233,3,3
2026-01-28 00:18:08.250544,0x433b0b38,13.25625,57.5,6.25,-72,1769588281,5,5
2026-01-28 00:19:24.135667,0x433b0098,13.2475,62.5,6.0,-60,1769588357,2,2
2026-01-28 00:19:33.968948,0x433acb14,13.2625,67.5,4.0,-90,1769588367,3,3
2026-01-28 00:22:12.181293,0x433abf20,13.27125,76.25,5.75,-74,1769588525,3,3
2026-01-28 00:23:09.768409,0x433b0b38,13.25125,67.5,6.0,-72,1769588583,5,5
2026-01-28 00:24:35.722048,0x433acb14,13.23625,131.25,4.5,-89,1769588669,3,3
2026-01-28 00:27:11.783313,0x433abf20,13.275,66.25,5.75,-76,1769588825,3,3
2026-01-28 00:27:22.754462,0x433ad35c,13.27625,66.25,6.75,-53,1769588836,3,3
2026-01-28 00:28:10.861966,0x433b0b38,13.25625,62.5,6.0,-72,1769588884,5,5
2026-01-28 00:29:26.760760,0x433b0098,13.25,70.0,6.5,-61,1769588960,2,2
2026-01-28 00:29:35.460391,0x433acb14,13.25875,76.25,4.0,-90,1769588968,3,3
2026-01-28 00:31:49.543815,0x433af380,13.19875,72.5,6.25,-39,1769589103,3,3
2026-01-28 00:32:14.753111,0x433abf20,13.27375,65.0,6.0,-75,1769589128,3,3
2026-01-28 00:33:12.251763,0x433b0b38,13.25125,73.75,5.75,-73,1769589185,5,5
2026-01-28 00:34:38.097615,0x433acb14,13.2325,141.25,4.5,-90,1769589271,3,3
2026-01-28 00:37:16.610251,0x433abf20,13.275,65.0,5.5,-76,1769589430,3,3
2026-01-28 00:37:24.753668,0x433ad35c,13.275,62.5,6.5,-54,1769589438,3,3
2026-01-28 00:38:17.125361,0x433b0b38,13.25625,63.75,5.75,-72,1769589490,5,5
2026-01-28 00:39:27.937125,0x433b0098,13.24125,70.0,6.25,-61,1769589561,2,2
2026-01-28 00:39:37.982105,0x433acb14,13.2625,66.25,4.5,-90,1769589571,3,3
2026-01-28 00:42:17.443399,0x433abf20,13.27125,76.25,5.75,-74,1769589730,3,3
2026-01-28 00:43:15.225757,0x433b0b38,13.25625,61.25,6.25,-73,1769589788,5,5
2026-01-28 00:44:40.628172,0x433acb14,13.26125,67.5,4.75,-88,1769589874,3,3
2026-01-28 00:47:21.022440,0x433abf20,13.27375,63.75,5.5,-75,1769590034,3,3
2026-01-28 00:47:28.494559,0x433ad35c,13.2725,77.5,6.0,-53,1769590041,3,3
2026-01-28 00:48:16.111733,0x433b0b38,13.25125,98.75,5.5,-72,1769590089,5,5
2026-01-28 00:49:30.952635,0x433b0098,13.2475,58.75,6.5,-61,1769590164,2,2
2026-01-28 00:49:41.641263,0x433acb14,13.25625,76.25,2.75,-91,1769590175,3,3
2026-01-28 00:52:20.654217,0x433abf20,13.27375,65.0,5.75,-75,1769590334,3,3
2026-01-28 00:53:19.151094,0x433b0b38,13.25125,73.75,5.75,-72,1769590392,5,5
2026-01-28 00:54:41.793698,0x433acb14,13.26125,63.75,4.75,-89,1769590475,3,3
2026-01-28 00:57:23.510793,0x433abf20,13.27,87.5,5.75,-75,1769590636,3,3
2026-01-28 00:57:29.899756,0x433ad35c,13.27125,75.0,6.25,-53,1769590643,3,3
2026-01-28 00:58:19.779604,0x433b0b38,13.25625,61.25,5.75,-73,1769590693,5,5
2026-01-28 00:59:32.723947,0x433b0098,13.24625,62.5,5.5,-61,1769590766,2,2
2026-01-28 00:59:43.050888,0x433acb14,13.26125,66.25,3.0,-91,1769590776,3,3
2026-01-24 22:05:45.733849,0x433aad0c,12.97125,77.5,6.0,-69,,3,3
2026-01-24 22:06:07.175420,0x433ad35c,13.2725,66.25,6.25,-55,,3,3
2026-01-24 22:07:07.245872,0x433b0b38,13.2325,123.75,5.5,-77,,5,5
2026-01-24 22:12:11.069104,0x433b0b38,13.22875,130.0,5.75,-78,,5,5
2026-01-24 22:15:45.212883,0x433aad0c,12.97,61.25,5.5,-70,,3,3
2026-01-24 22:16:08.650972,0x433af380,13.22375,68.75,6.75,-34,,3,3
2026-01-24 22:16:10.940730,0x433ad35c,13.27,72.5,6.0,-55,,3,3
2026-01-24 22:17:10.456332,0x433b0b38,13.26,62.5,5.5,-78,,5,5
2026-01-24 22:22:14.139317,0x433b0b38,13.2575,61.25,5.75,-78,,5,5
2026-01-24 22:25:45.435384,0x433aad0c,12.9675,71.25,5.5,-70,,3,3
2026-01-24 22:26:13.270142,0x433ad35c,13.27125,66.25,6.25,-56,,3,3
2026-01-24 22:27:34.850694,0x433b0b38,13.25375,56.25,5.5,-56,,5,3
2026-01-24 22:32:15.667417,0x433b0b38,13.23125,118.75,5.5,-78,,5,5
2026-01-24 22:35:46.023761,0x433aad0c,12.96875,58.75,5.75,-70,,3,3
2026-01-24 22:36:17.908203,0x433ad35c,13.26625,76.25,6.25,-56,,3,3
2026-01-24 22:37:16.915658,0x433b0b38,13.2575,60.0,5.5,-78,,5,5
2026-01-24 22:42:19.045388,0x433b0b38,13.25375,70.0,6.0,-77,,5,5
2026-01-24 22:45:46.480704,0x433aad0c,12.9675,61.25,5.75,-69,,3,3
2026-01-24 22:46:18.863246,0x433ad35c,13.2525,132.5,7.0,-57,,3,3
2026-01-24 22:47:20.927001,0x433b0b38,13.22375,133.75,5.5,-78,,5,5
2026-01-24 22:52:25.074498,0x433b0b38,13.2525,71.25,5.5,-78,,5,5
2026-01-24 22:55:46.179484,0x433aad0c,12.96375,61.25,5.75,-70,,3,3
2026-01-24 22:56:25.908166,0x433ad35c,13.2675,61.25,6.25,-56,,3,3
2026-01-24 22:57:24.181679,0x433b0b38,13.2575,66.25,5.5,-78,,5,5
2026-01-27 08:03:01.047187,0x433ad35c,13.24875,67.5,5.75,-55,1769529776,3,3
2026-01-27 08:03:47.052032,0x433b0b38,13.23125,75.0,5.25,-70,1769529822,5,5
2026-01-27 08:05:04.012903,0x433b0098,13.20625,72.5,5.75,-60,1769529899,2,2
2026-01-27 08:05:14.657212,0x433acb14,13.25375,62.5,5.0,-85,1769529909,3,3
2026-01-27 08:07:51.858915,0x433abf20,13.2325,123.75,5.75,-75,1769530066,3,3
2026-01-27 08:08:48.312670,0x433b0b38,13.22875,75.0,5.75,-70,1769530123,5,5
2026-01-27 08:10:13.522723,0x433acb14,13.255,67.5,5.75,-86,1769530208,3,3
2026-01-27 08:12:52.610170,0x433abf20,13.25125,65.0,5.5,-75,1769530367,3,3
2026-01-27 08:13:04.007085,0x433ad35c,13.24875,67.5,6.75,-54,1769530379,3,3
2026-01-27 08:13:49.601170,0x433b0b38,13.2325,58.75,5.75,-70,1769530424,5,5
2026-01-27 08:15:06.063166,0x433b0098,13.2125,61.25,6.0,-60,1769530501,2,2
2026-01-27 08:15:16.823919,0x433acb14,13.2525,66.25,4.25,-87,1769530511,3,3
2026-01-27 08:17:53.681039,0x433abf20,13.24875,60.0,5.5,-75,1769530668,3,3
2026-01-27 08:18:50.901706,0x433b0b38,13.22875,70.0,5.25,-70,1769530726,5,5
2026-01-27 08:20:21.121075,0x433acb14,13.2525,65.0,4.0,-88,1769530816,3,3
2026-01-27 08:22:55.356189,0x433abf20,13.24625,76.25,5.75,-76,1769530970,3,3
2026-01-27 08:23:06.617296,0x433ad35c,13.245,72.5,6.75,-54,1769530981,3,3
2026-01-27 08:23:52.912138,0x433b0b38,13.2325,63.75,6.25,-71,1769531028,5,5
2026-01-27 08:25:08.760445,0x433b0098,13.21125,61.25,6.25,-59,1769531103,2,2
2026-01-27 08:25:17.173865,0x433acb14,13.25125,65.0,4.0,-88,1769531112,3,3
2026-01-27 08:27:59.061998,0x433abf20,13.25,65.0,5.5,-75,1769531274,3,3
2026-01-27 08:28:54.686483,0x433b0b38,13.23125,61.25,6.0,-72,1769531329,5,5
2026-01-27 08:29:04.116681,0x433af380,13.1875,65.0,6.75,-38,1769531339,3,3
2026-01-27 08:30:18.434415,0x433acb14,13.24875,76.25,5.5,-89,1769531413,3,3
2026-01-27 08:33:01.560034,0x433abf20,13.2475,75.0,5.75,-75,1769531576,3,3
2026-01-27 08:33:08.428239,0x433ad35c,13.24625,61.25,6.0,-54,1769531583,3,3
2026-01-27 08:33:57.040986,0x433b0b38,13.2275,72.5,5.75,-71,1769531632,5,5
2026-01-27 08:35:12.405380,0x433b0098,13.205,73.75,5.75,-59,1769531707,2,2
2026-01-27 08:35:20.317700,0x433acb14,13.25375,61.25,4.25,-88,1769531715,3,3
2026-01-27 08:38:00.248514,0x433abf20,13.2475,73.75,5.5,-76,1769531875,3,3
2026-01-27 08:38:57.182586,0x433b0b38,13.2275,68.75,6.0,-72,1769531932,5,5
2026-01-27 08:40:24.010525,0x433acb14,13.2475,76.25,4.25,-89,1769532019,3,3
2026-01-27 08:43:00.753549,0x433abf20,13.25,62.5,6.0,-74,1769532175,3,3
2026-01-27 08:43:11.003248,0x433ad35c,13.245,77.5,6.0,-53,1769532186,3,3
2026-01-27 08:43:58.484769,0x433b0b38,13.2325,65.0,5.75,-71,1769532233,5,5
2026-01-27 08:45:17.362970,0x433b0098,13.2075,73.75,5.5,-59,1769532312,2,2
2026-01-27 08:45:24.813875,0x433acb14,13.25375,65.0,5.25,-86,1769532319,3,3
2026-01-27 08:48:01.871142,0x433abf20,13.24625,75.0,5.75,-74,1769532476,3,3
2026-01-27 08:48:58.849839,0x433b0b38,13.22625,62.5,5.75,-72,1769532533,5,5
2026-01-27 08:50:26.963448,0x433acb14,13.25375,65.0,3.5,-91,1769532622,3,3
2026-01-27 08:53:03.897944,0x433abf20,13.25,66.25,6.75,-75,1769532778,3,3
2026-01-27 08:53:19.018123,0x433ad35c,13.24875,65.0,5.75,-54,1769532794,3,3
2026-01-27 08:54:00.382925,0x433b0b38,13.23,61.25,5.5,-73,1769532835,5,5
2026-01-27 08:55:19.701998,0x433b0098,13.2125,58.75,5.5,-60,1769532914,2,2
2026-01-27 08:55:27.155742,0x433acb14,13.25625,67.5,4.5,-90,1769532922,3,3
2026-01-27 08:58:06.023252,0x433abf20,13.25,62.5,7.25,-74,1769533081,3,3
2026-01-27 08:59:02.862686,0x433b0b38,13.22625,73.75,5.75,-73,1769533137,5,5
2026-01-27 09:00:27.818802,0x433acb14,13.2525,66.25,3.25,-90,1769533222,3,3
2026-01-27 18:01:25.212706,0x433b0b38,13.26125,61.25,5.75,-72,1769565679,5,5
2026-01-27 18:02:53.686945,0x433acb14,13.275,61.25,3.75,-91,1769565767,3,3
2026-01-27 18:05:28.175037,0x433abf20,13.27875,65.0,5.75,-75,1769565922,3,3
2026-01-27 18:05:42.895061,0x433ad35c,13.285,63.75,6.5,-53,1769565937,3,3
2026-01-27 18:06:26.607145,0x433b0b38,13.25875,70.0,5.75,-72,1769565980,5,5
2026-01-27 18:07:46.803140,0x433b0098,13.25625,60.0,6.0,-60,1769566060,2,2
2026-01-27 18:07:57.236355,0x433acb14,13.2725,75.0,2.5,-92,1769566071,3,3
2026-01-27 18:10:29.641464,0x433abf20,13.2775,75.0,5.5,-75,1769566223,3,3
2026-01-27 18:11:27.958551,0x433b0b38,13.25625,73.75,5.75,-72,1769566282,5,5
2026-01-27 18:12:58.719148,0x433acb14,13.27625,67.5,-0.5,-94,1769566372,3,3
2026-01-27 18:15:30.743175,0x433abf20,13.27875,63.75,5.5,-75,1769566524,3,3
2026-01-27 18:15:46.316425,0x433ad35c,13.28375,63.75,6.5,-54,1769566540,3,3
2026-01-27 18:16:32.575880,0x433b0b38,13.2575,75.0,6.0,-72,1769566586,5,5
2026-01-27 18:17:50.548862,0x433b0098,13.25375,62.5,7.0,-60,1769566664,2,2
2026-01-27 18:17:57.872713,0x433acb14,13.27,65.0,1.0,-92,1769566671,3,3
2026-01-27 18:20:33.634039,0x433abf20,13.275,73.75,6.0,-74,1769566827,3,3
2026-01-27 18:21:31.054207,0x433b0b38,13.25875,63.75,6.25,-72,1769566885,5,5
2026-01-27 18:23:00.280802,0x433acb14,13.27625,66.25,1.5,-92,1769566974,3,3
2026-01-27 18:25:33.042898,0x433abf20,13.28,65.0,5.5,-74,1769567127,3,3
2026-01-27 18:25:47.925665,0x433ad35c,13.28125,73.75,5.75,-53,1769567142,3,3
2026-01-27 18:26:31.918255,0x433b0b38,13.25875,77.5,6.0,-73,1769567186,5,5
2026-01-27 18:27:53.411852,0x433b0098,13.24625,73.75,6.0,-60,1769567267,2,2
2026-01-27 18:28:02.477905,0x433acb14,13.27125,91.25,3.75,-91,1769567276,3,3
2026-01-27 18:30:34.844357,0x433abf20,13.275,76.25,5.5,-75,1769567428,3,3
2026-01-27 18:30:48.372122,0x433af380,13.21875,71.25,6.0,-38,1769567442,3,3
2026-01-27 18:31:32.622401,0x433b0b38,13.25875,72.5,5.5,-72,1769567486,5,5
2026-01-27 18:33:02.895292,0x433acb14,13.27375,67.5,1.75,-91,1769567576,3,3
2026-01-27 18:35:36.301519,0x433abf20,13.28,63.75,5.25,-75,1769567730,3,3
2026-01-27 18:35:54.398681,0x433ad35c,13.28125,72.5,6.5,-54,1769567748,3,3
2026-01-27 18:36:34.165925,0x433b0b38,13.26125,63.75,5.5,-72,1769567788,5,5
2026-01-27 18:37:55.547413,0x433b0098,13.2475,70.0,6.0,-60,1769567869,2,2
2026-01-27 18:38:03.566979,0x433acb14,13.275,62.5,0.25,-92,1769567877,3,3
2026-01-27 18:40:40.059729,0x433abf20,13.275,75.0,5.75,-76,1769568034,3,3
2026-01-27 18:41:35.623394,0x433b0b38,13.25625,62.5,5.75,-73,1769568089,5,5
2026-01-27 18:43:05.784325,0x433acb14,13.27125,76.25,3.0,-89,1769568179,3,3
2026-01-27 18:45:39.928668,0x433abf20,13.27875,62.5,5.75,-75,1769568333,3,3
2026-01-27 18:45:55.730148,0x433ad35c,13.28375,73.75,5.75,-53,1769568349,3,3
2026-01-27 18:46:36.116296,0x433b0b38,13.25875,75.0,6.0,-70,1769568390,5,5
2026-01-27 18:47:59.270631,0x433b0098,13.25125,57.5,6.75,-59,1769568473,2,2
2026-01-27 18:48:06.114040,0x433acb14,13.27125,76.25,4.75,-90,1769568480,3,3
2026-01-27 18:50:40.503105,0x433abf20,13.27625,76.25,6.0,-75,1769568634,3,3
2026-01-27 18:51:38.104834,0x433b0b38,13.265,63.75,6.0,-72,1769568692,5,5
2026-01-27 18:53:06.714477,0x433acb14,13.27375,62.5,3.75,-92,1769568780,3,3
2026-01-27 18:55:42.304565,0x433abf20,13.27875,65.0,5.5,-75,1769568936,3,3
2026-01-27 18:55:57.899081,0x433ad35c,13.28375,66.25,6.0,-53,1769568951,3,3
2026-01-27 18:56:38.656116,0x433b0b38,13.265,63.75,6.0,-72,1769568992,5,5
2026-01-27 18:58:01.238614,0x433b0098,13.25125,61.25,7.25,-60,1769569075,2,2
2026-01-27 18:58:08.000206,0x433acb14,13.27,73.75,3.75,-91,1769569082,3,3
2026-01-27 19:00:42.935278,0x433abf20,13.27625,72.5,5.75,-76,1769569236,3,3
2026-01-26 21:00:19.110930,0x433abf20,13.2725,62.5,3.25,-76,1769490015,3,3
2026-01-26 21:00:54.902678,0x433b0b38,13.2625,58.75,4.75,-74,1769490051,5,5
2026-01-26 21:02:11.983560,0x433acb14,13.27625,77.5,4.0,-88,1769490128,3,3
2026-01-26 21:02:19.075666,0x433b0098,13.245,75.0,7.25,-60,1769490135,2,2
2026-01-26 21:05:15.702038,0x433abf20,13.25125,126.25,5.5,-75,1769490311,3,3
2026-01-26 21:05:54.322725,0x433b0b38,13.26125,63.75,6.75,-75,1769490350,5,5
2026-01-26 21:07:12.701792,0x433acb14,13.27375,76.25,4.25,-87,1769490428,3,3
2026-01-26 21:10:06.293119,0x433ad35c,13.275,65.0,6.0,-53,1769490602,3,3
2026-01-26 21:10:16.250528,0x433abf20,13.24875,136.25,6.25,-76,1769490612,3,3
2026-01-26 21:10:56.768317,0x433b0b38,13.255,75.0,5.75,-74,1769490652,5,5
2026-01-26 21:12:13.109219,0x433acb14,13.27875,62.5,5.25,-86,1769490729,3,3
2026-01-26 21:12:22.702436,0x433b0098,13.24625,73.75,6.5,-60,1769490738,2,2
2026-01-26 21:15:17.463925,0x433abf20,13.26625,72.5,5.75,-76,1769490913,3,3
2026-01-26 21:15:57.647414,0x433b0b38,13.2575,75.0,6.25,-73,1769490953,5,5
2026-01-26 21:17:15.581299,0x433acb14,13.275,73.75,4.25,-87,1769491031,3,3
2026-01-26 21:20:09.326442,0x433ad35c,13.27625,65.0,6.75,-54,1769491205,3,3
2026-01-26 21:20:20.514705,0x433abf20,13.2675,75.0,5.75,-76,1769491216,3,3
2026-01-26 21:20:58.273957,0x433b0b38,13.26125,61.25,7.0,-73,1769491254,5,5
2026-01-26 21:22:16.596519,0x433acb14,13.2775,62.5,4.5,-87,1769491332,3,3
2026-01-26 21:22:22.780115,0x433b0098,13.2475,75.0,7.0,-60,1769491338,2,2
2026-01-26 21:25:20.052333,0x433abf20,13.27,61.25,5.75,-76,1769491516,3,3
2026-01-26 21:26:00.401509,0x433b0b38,13.2625,65.0,6.0,-73,1769491556,5,5
2026-01-26 21:26:41.619111,0x433af380,13.2225,72.5,6.5,-38,1769491597,3,3
2026-01-26 21:27:17.474910,0x433acb14,13.27875,76.25,5.25,-85,1769491633,3,3
2026-01-26 21:30:14.414771,0x433ad35c,13.275,61.25,6.5,-53,1769491810,3,3
2026-01-26 21:30:20.582431,0x433abf20,13.2675,75.0,5.25,-76,1769491816,3,3
2026-01-26 21:31:01.699681,0x433b0b38,13.26125,63.75,5.75,-73,1769491857,5,5
2026-01-26 21:32:19.195481,0x433acb14,13.2775,66.25,4.0,-88,1769491935,3,3
2026-01-26 21:32:25.587799,0x433b0098,13.24125,71.25,7.25,-59,1769491941,2,2
2026-01-26 21:35:21.585420,0x433abf20,13.26875,63.75,5.75,-77,1769492117,3,3
2026-01-26 21:36:03.209517,0x433b0b38,13.25875,62.5,6.75,-74,1769492159,5,5
2026-01-26 21:37:19.369342,0x433acb14,13.2775,62.5,5.5,-86,1769492235,3,3
2026-01-26 21:40:15.549578,0x433ad35c,13.2725,73.75,6.0,-54,1769492411,3,3
2026-01-26 21:40:23.692041,0x433abf20,13.27,90.0,5.5,-76,1769492419,3,3
2026-01-26 21:41:06.372182,0x433b0b38,13.25875,62.5,6.75,-74,1769492462,5,5
2026-01-26 21:42:21.497612,0x433acb14,13.2725,80.0,5.25,-87,1769492537,3,3
2026-01-26 21:42:27.932718,0x433b0098,13.25,62.5,7.0,-60,1769492544,2,2
2026-01-26 21:45:25.104463,0x433abf20,13.265,76.25,5.5,-76,1769492721,3,3
2026-01-26 21:46:06.254063,0x433b0b38,13.25875,60.0,6.5,-74,1769492762,5,5
2026-01-26 21:47:22.787729,0x433acb14,13.27125,80.0,4.0,-87,1769492838,3,3
2026-01-26 21:50:18.011621,0x433ad35c,13.2725,61.25,6.25,-54,1769493014,3,3
2026-01-26 21:50:25.484971,0x433abf20,13.26875,66.25,5.25,-76,1769493021,3,3
2026-01-26 21:51:09.453739,0x433b0b38,13.25875,63.75,6.5,-73,1769493065,5,5
2026-01-26 21:52:24.348403,0x433acb14,13.27375,77.5,4.25,-88,1769493140,3,3
2026-01-26 21:52:29.995451,0x433b0098,13.2475,61.25,6.75,-59,1769493146,2,2
2026-01-26 21:55:26.759647,0x433abf20,13.265,75.0,6.0,-77,1769493322,3,3
2026-01-26 21:56:08.891741,0x433b0b38,13.2575,57.5,5.25,-74,1769493364,5,5
2026-01-26 21:57:24.777800,0x433acb14,13.27375,66.25,4.75,-87,1769493440,3,3
2026-01-28 07:03:57.489182,0x433abf20,13.265,75.0,6.0,-75,1769612630,3,3
2026-01-28 07:04:55.480965,0x433b0b38,13.2475,60.0,5.25,-72,1769612688,5,5
2026-01-28 07:06:22.690560,0x433acb14,13.24625,77.5,4.5,-90,1769612775,3,3
2026-01-28 07:08:59.350384,0x433abf20,13.26625,61.25,6.0,-75,1769612932,3,3
2026-01-28 07:09:14.715298,0x433ad35c,13.2675,63.75,6.5,-53,1769612947,3,3
2026-01-28 07:09:57.642445,0x433b0b38,13.25,63.75,5.5,-72,1769612990,5,5
2026-01-28 07:11:03.775529,0x433b0098,13.235,73.75,6.25,-61,1769613056,2,2
2026-01-28 07:11:22.639916,0x433acb14,13.24625,65.0,4.5,-89,1769613075,3,3
2026-01-28 07:14:00.085242,0x433abf20,13.26375,102.5,6.0,-74,1769613232,3,3
2026-01-28 07:14:58.149112,0x433b0b38,13.24875,62.5,5.5,-72,1769613290,5,5
2026-01-28 07:16:23.900914,0x433acb14,13.245,67.5,4.0,-91,1769613376,3,3
2026-01-28 07:19:01.130050,0x433abf20,13.2675,65.0,6.0,-75,1769613533,3,3
2026-01-28 07:19:15.960965,0x433ad35c,13.2675,61.25,6.0,-54,1769613548,3,3
2026-01-28 07:19:58.753903,0x433b0b38,13.24875,65.0,5.75,-72,1769613591,5,5
2026-01-28 07:21:08.045877,0x433b0098,13.23375,71.25,6.0,-61,1769613660,2,2
2026-01-28 07:21:28.033346,0x433acb14,13.24125,78.75,5.75,-89,1769613680,3,3
2026-01-28 07:24:02.928432,0x433abf20,13.2675,66.25,6.0,-75,1769613835,3,3
2026-01-28 07:25:00.280415,0x433b0b38,13.24375,71.25,6.0,-73,1769613893,5,5
2026-01-28 07:26:28.586267,0x433acb14,13.245,63.75,5.0,-89,1769613981,3,3
2026-01-28 07:29:03.598662,0x433abf20,13.2625,76.25,6.0,-75,1769614136,3,3
2026-01-28 07:29:19.765004,0x433ad35c,13.26375,73.75,6.25,-53,1769614152,3,3
2026-01-28 07:30:01.879277,0x433b0b38,13.24375,72.5,5.75,-73,1769614194,5,5
2026-01-28 07:31:10.372600,0x433b0098,13.23875,60.0,6.25,-60,1769614263,2,2
2026-01-28 07:31:28.674865,0x433acb14,13.24125,77.5,5.0,-88,1769614281,3,3
2026-01-28 07:33:15.714224,0x433af380,13.195,75.0,6.0,-39,1769614388,3,3
2026-01-28 07:34:05.555692,0x433abf20,13.26625,67.5,6.0,-75,1769614438,3,3
2026-01-28 07:35:02.540699,0x433b0b38,13.25125,63.75,5.75,-72,1769614495,5,5
2026-01-28 07:36:35.285559,0x433acb14,13.24,72.5,4.0,-91,1769614588,3,3
2026-01-28 07:39:06.784953,0x433abf20,13.26375,75.0,6.25,-75,1769614739,3,3
2026-01-28 07:39:21.624219,0x433ad35c,13.26875,62.5,6.25,-53,1769614754,3,3
2026-01-28 07:40:04.598244,0x433b0b38,13.245,71.25,6.0,-73,1769614797,5,5
2026-01-28 07:41:12.651412,0x433b0098,13.2325,70.0,5.5,-61,1769614865,2,2
2026-01-28 07:41:32.617942,0x433acb14,13.24625,65.0,4.0,-90,1769614885,3,3
2026-01-28 07:44:08.797120,0x433abf20,13.26875,66.25,6.25,-75,1769615041,3,3
2026-01-28 07:45:05.736996,0x433b0b38,13.25,65.0,5.75,-72,1769615098,5,5
2026-01-28 07:46:31.773575,0x433acb14,13.24,75.0,3.75,-91,1769615184,3,3
2026-01-28 07:49:09.663622,0x433abf20,13.26625,65.0,5.75,-75,1769615342,3,3
2026-01-28 07:49:24.513589,0x433ad35c,13.26875,61.25,6.0,-53,1769615357,3,3
2026-01-28 07:50:06.717541,0x433b0b38,13.24625,75.0,5.75,-73,1769615399,5,5
2026-01-28 07:51:14.124399,0x433b0098,13.2375,57.5,6.25,-61,1769615466,2,2
2026-01-28 07:51:35.985969,0x433acb14,13.24,71.25,3.75,-91,1769615488,3,3
2026-01-28 07:54:10.055139,0x433abf20,13.2675,65.0,6.5,-74,1769615642,3,3
2026-01-28 07:55:07.585730,0x433b0b38,13.245,76.25,6.0,-73,1769615700,5,5
2026-01-28 07:56:35.518304,0x433acb14,13.24,77.5,3.75,-91,1769615788,3,3
2026-01-28 07:59:12.137694,0x433abf20,13.2675,62.5,5.75,-75,1769615944,3,3
2026-01-28 07:59:28.505351,0x433ad35c,13.2625,72.5,6.25,-54,1769615961,3,3
2026-01-28 08:00:09.416171,0x433b0b38,13.2425,68.75,5.75,-73,1769616002,5,5
2026-01-28 08:01:18.865870,0x433b0098,13.23375,73.75,6.0,-61,1769616071,2,2
2026-01-28 08:01:36.276084,0x433acb14,13.24375,63.75,3.5,-92,1769616089,3,3
2026-01-26 04:01:16.944920,0x433b0b38,13.24875,63.75,6.0,-74,1769428874,5,5
2026-01-26 04:01:20.268928,0x433abf20,13.26,61.25,5.5,-76,1769428878,3,3
2026-01-26 04:02:39.939820,0x433acb14,13.28625,66.25,4.0,-92,1769428957,3,3
2026-01-26 04:05:27.523949,0x433ad35c,13.26625,62.5,6.0,-54,1769429125,3,3
2026-01-26 04:06:17.283574,0x433b0b38,13.24125,75.0,6.5,-75,1769429175,5,5
2026-01-26 04:06:20.310607,0x433abf20,13.26,63.75,5.25,-75,1769429178,3,3
2026-01-26 04:07:41.226256,0x433acb14,13.285,67.5,3.25,-91,1769429259,3,3
2026-01-26 04:08:25.987456,0x433b0098,13.23,73.75,6.5,-60,1769429303,2,2
2026-01-26 04:11:18.565322,0x433b0b38,13.2425,71.25,6.5,-74,1769429476,5,5
2026-01-26 04:11:22.804430,0x433abf20,13.25625,72.5,5.75,-76,1769429480,3,3
2026-01-26 04:12:42.496214,0x433acb14,13.28375,62.5,3.5,-91,1769429560,3,3
2026-01-26 04:15:30.114234,0x433ad35c,13.26625,65.0,6.25,-53,1769429727,3,3
2026-01-26 04:16:19.847898,0x433b0b38,13.24875,65.0,6.5,-73,1769429777,5,5
2026-01-26 04:16:24.242482,0x433abf20,13.26,57.5,5.75,-76,1769429781,3,3
2026-01-26 04:17:42.855700,0x433acb14,13.28375,67.5,3.75,-91,1769429860,3,3
2026-01-26 04:18:28.901641,0x433b0098,13.2375,63.75,6.0,-60,1769429906,2,2
2026-01-26 04:21:23.540278,0x433b0b38,13.2475,61.25,6.75,-73,1769430081,5,5
2026-01-26 04:21:26.701122,0x433abf20,13.25625,73.75,5.25,-76,1769430084,3,3
2026-01-26 04:22:46.995226,0x433acb14,13.2825,73.75,5.25,-76,1769430164,3,2
2026-01-26 04:24:03.238297,0x433af380,13.19125,81.25,6.25,-39,1769430240,3,3
2026-01-26 04:25:32.719714,0x433ad35c,13.26625,58.75,6.25,-54,1769430330,3,3
2026-01-26 04:26:22.947483,0x433b0b38,13.2425,72.5,6.5,-74,1769430380,5,5
2026-01-26 04:26:28.025983,0x433abf20,13.26,58.75,5.25,-77,1769430385,3,3
2026-01-26 04:27:46.077170,0x433acb14,13.2825,72.5,3.5,-91,1769430463,3,3
2026-01-26 04:28:32.769625,0x433b0098,13.23,73.75,6.25,-60,1769430510,2,2
2026-01-26 04:31:25.836702,0x433b0b38,13.24375,62.5,6.25,-74,1769430683,5,5
2026-01-26 04:31:29.798841,0x433abf20,13.26,62.5,5.5,-76,1769430687,3,3
2026-01-26 04:32:47.514302,0x433acb14,13.28625,66.25,3.0,-91,1769430765,3,3
2026-01-26 04:35:36.615836,0x433ad35c,13.2675,61.25,5.75,-53,1769430934,3,3
2026-01-26 04:36:26.629743,0x433b0b38,13.24875,66.25,6.75,-74,1769430984,5,5
2026-01-26 04:36:29.162058,0x433abf20,13.25875,76.25,5.75,-76,1769430986,3,3
2026-01-26 04:37:48.092829,0x433acb14,13.28125,73.75,3.25,-91,1769431065,3,3
2026-01-26 04:38:32.732394,0x433b0098,13.235,58.75,7.0,-60,1769431110,2,2
2026-01-26 04:41:27.242248,0x433b0b38,13.24875,63.75,7.0,-74,1769431284,5,5
2026-01-26 04:41:30.458210,0x433abf20,13.24,121.25,5.5,-76,1769431288,3,3
2026-01-26 04:42:51.615120,0x433acb14,13.28,77.5,3.75,-91,1769431369,3,3
2026-01-26 04:45:39.943352,0x433ad35c,13.2675,61.25,6.25,-53,1769431537,3,3
2026-01-26 04:46:28.703624,0x433b0b38,13.24875,65.0,6.75,-74,1769431586,5,5
2026-01-26 04:46:32.541216,0x433abf20,13.25625,75.0,5.25,-76,1769431590,3,3
2026-01-26 04:47:51.337778,0x433acb14,13.28125,75.0,3.75,-91,1769431669,3,3
2026-01-26 04:48:35.137885,0x433b0098,13.23,70.0,6.5,-62,1769431712,2,2
2026-01-26 04:51:29.805463,0x433b0b38,13.245,73.75,6.25,-74,1769431887,5,5
2026-01-26 04:51:34.021402,0x433abf20,13.25375,63.75,5.5,-76,1769431891,3,3
2026-01-26 04:52:52.168007,0x433acb14,13.2825,65.0,3.5,-91,1769431969,3,3
2026-01-26 04:55:41.276493,0x433ad35c,13.26625,66.25,6.0,-53,1769432138,3,3
2026-01-26 04:56:32.597790,0x433b0b38,13.2475,57.5,6.25,-74,1769432190,5,5
2026-01-26 04:56:35.557759,0x433abf20,13.25625,77.5,5.5,-76,1769432193,3,3
2026-01-26 04:57:53.978346,0x433acb14,13.2825,65.0,3.25,-91,1769432271,3,3
2026-01-26 04:58:40.596976,0x433b0098,13.23125,73.75,6.75,-61,1769432318,2,2
2026-01-26 17:01:06.930844,0x433acb14,13.27625,130.0,3.75,-92,1769475663,3,3
2026-01-26 17:01:24.223196,0x433b0098,13.2675,60.0,5.75,-62,1769475680,2,2
2026-01-26 17:04:10.103721,0x433abf20,13.27875,65.0,5.5,-76,1769475846,3,3
2026-01-26 17:04:50.933075,0x433b0b38,13.27375,65.0,5.75,-72,1769475887,5,5
2026-01-26 17:06:06.836132,0x433acb14,13.2725,135.0,3.5,-92,1769475963,3,3
2026-01-26 17:09:03.734880,0x433ad35c,13.29,65.0,6.25,-54,1769476140,3,3
2026-01-26 17:09:12.595248,0x433abf20,13.27625,68.75,6.0,-75,1769476149,3,3
2026-01-26 17:09:52.278826,0x433b0b38,13.27,72.5,5.75,-73,1769476188,5,5
2026-01-26 17:11:09.484653,0x433acb14,13.29875,66.25,3.5,-92,1769476265,3,3
2026-01-26 17:11:26.250906,0x433b0098,13.26125,75.0,7.0,-61,1769476282,2,2
2026-01-26 17:14:13.982342,0x433abf20,13.27875,62.5,6.0,-76,1769476450,3,3
2026-01-26 17:14:52.586928,0x433b0b38,13.2725,58.75,5.75,-73,1769476489,5,5
2026-01-26 17:16:11.823600,0x433acb14,13.29875,66.25,3.75,-92,1769476568,3,3
2026-01-26 17:19:04.909210,0x433ad35c,13.28625,70.0,6.25,-54,1769476741,3,3
2026-01-26 17:19:13.703084,0x433abf20,13.2775,63.75,5.5,-76,1769476750,3,3
2026-01-26 17:19:54.941386,0x433b0b38,13.27125,63.75,5.75,-72,1769476791,5,5
2026-01-26 17:21:11.666439,0x433acb14,13.2725,138.75,3.5,-92,1769476868,3,3
2026-01-26 17:21:28.951291,0x433b0098,13.2625,72.5,7.25,-62,1769476885,2,2
2026-01-26 17:24:14.604336,0x433abf20,13.28,61.25,5.25,-76,1769477051,3,3
2026-01-26 17:24:55.105163,0x433b0b38,13.27375,58.75,5.75,-73,1769477091,5,5
2026-01-26 17:26:08.937434,0x433af380,13.2425,68.75,6.25,-39,1769477165,3,3
2026-01-26 17:26:12.025034,0x433acb14,13.29125,90.0,3.5,-92,1769477168,3,3
2026-01-26 17:29:08.264403,0x433ad35c,13.2875,77.5,5.75,-53,1769477344,3,3
2026-01-26 17:29:16.565971,0x433abf20,13.27625,76.25,6.0,-76,1769477353,3,3
2026-01-26 17:29:56.402281,0x433b0b38,13.27,76.25,5.5,-73,1769477392,5,5
2026-01-26 17:31:14.243819,0x433acb14,13.29375,88.75,3.75,-92,1769477470,3,3
2026-01-26 17:31:30.509672,0x433b0098,13.2675,60.0,5.75,-61,1769477486,2,2
2026-01-26 17:34:17.452854,0x433abf20,13.27875,61.25,5.5,-76,1769477653,3,3
2026-01-26 17:34:57.637831,0x433b0b38,13.2675,76.25,5.75,-73,1769477694,5,5
2026-01-26 17:36:15.461412,0x433acb14,13.29375,75.0,3.25,-91,1769477771,3,3
2026-01-26 17:39:14.832291,0x433ad35c,13.29,62.5,6.25,-53,1769477951,3,3
2026-01-26 17:39:18.497624,0x433abf20,13.27875,65.0,6.0,-76,1769477954,3,3
2026-01-26 17:39:59.731919,0x433b0b38,13.2725,63.75,6.0,-73,1769477996,5,5
2026-01-26 17:41:16.014001,0x433acb14,13.295,77.5,3.75,-92,1769478072,3,3
2026-01-26 17:41:35.127767,0x433b0098,13.2625,73.75,6.0,-61,1769478091,2,2
2026-01-26 17:44:20.763808,0x433abf20,13.27625,72.5,5.5,-75,1769478257,3,3
2026-01-26 17:45:00.942624,0x433b0b38,13.2675,76.25,5.75,-72,1769478297,5,5
2026-01-26 17:46:18.983718,0x433acb14,13.2975,66.25,3.5,-92,1769478375,3,3
2026-01-26 17:49:14.406043,0x433ad35c,13.29,62.5,5.75,-53,1769478550,3,3
2026-01-26 17:49:21.569370,0x433abf20,13.275,72.5,6.0,-77,1769478557,3,3
2026-01-26 17:50:05.651617,0x433b0b38,13.2725,62.5,5.5,-73,1769478602,5,5
2026-01-26 17:51:18.613011,0x433acb14,13.29375,73.75,4.0,-91,1769478675,3,3
2026-01-26 17:51:37.681948,0x433b0098,13.265,61.25,6.0,-61,1769478694,2,2
2026-01-26 17:54:22.420375,0x433abf20,13.27875,61.25,5.75,-75,1769478858,3,3
2026-01-26 17:55:04.304104,0x433b0b38,13.26875,76.25,5.25,-73,1769478900,5,5
2026-01-26 17:56:20.031577,0x433acb14,13.2975,63.75,3.5,-92,1769478976,3,3
2026-01-26 17:59:17.898907,0x433ad35c,13.28625,76.25,5.75,-53,1769479154,3,3
2026-01-26 17:59:23.134712,0x433abf20,13.275,72.5,5.25,-76,1769479159,3,3
2026-01-27 15:02:06.423401,0x433acb14,13.28,73.75,2.5,-94,1769554920,3,3
2026-01-27 15:04:42.328137,0x433abf20,13.2725,76.25,5.75,-76,1769555076,3,3
2026-01-27 15:04:53.333293,0x433ad35c,13.2825,73.75,6.25,-54,1769555087,3,3
2026-01-27 15:05:39.023915,0x433b0b38,13.2575,58.75,6.25,-72,1769555133,5,5
2026-01-27 15:06:55.979459,0x433b0098,13.25,61.25,6.25,-62,1769555210,2,2
2026-01-27 15:07:04.392175,0x433acb14,13.25625,130.0,-1.75,-99,1769555218,3,3
2026-01-27 15:09:44.852254,0x433abf20,13.2775,61.25,6.0,-76,1769555379,3,3
2026-01-27 15:10:41.104962,0x433b0b38,13.2575,58.75,6.0,-74,1769555435,5,5
2026-01-27 15:12:08.354302,0x433acb14,13.28125,63.75,3.5,-93,1769555522,3,3
2026-01-27 15:14:45.393137,0x433abf20,13.25625,122.5,5.5,-75,1769555679,3,3
2026-01-27 15:14:55.736450,0x433ad35c,13.28625,62.5,6.0,-53,1769555690,3,3
2026-01-27 15:15:43.173667,0x433b0b38,13.25875,58.75,5.75,-72,1769555737,5,5
2026-01-27 15:16:58.207318,0x433b0098,13.24875,61.25,6.5,-61,1769555812,2,2
2026-01-27 15:17:08.645352,0x433acb14,13.27375,72.5,3.75,-92,1769555823,3,3
2026-01-27 15:19:46.547225,0x433abf20,13.255,136.25,5.5,-75,1769555980,3,3
2026-01-27 15:20:43.341229,0x433b0b38,13.23375,122.5,6.25,-72,1769556037,5,5
2026-01-27 15:22:11.466047,0x433acb14,13.27625,73.75,4.0,-92,1769556125,3,3
2026-01-27 15:24:47.515471,0x433abf20,13.2775,62.5,5.5,-75,1769556281,3,3
2026-01-27 15:24:58.375866,0x433ad35c,13.28625,63.75,5.75,-52,1769556292,3,3
2026-01-27 15:25:44.372646,0x433b0b38,13.25625,71.25,5.25,-72,1769556338,5,5
2026-01-27 15:27:01.105933,0x433b0098,13.25,62.5,5.5,-60,1769556415,2,2
2026-01-27 15:27:12.212205,0x433acb14,13.28,68.75,3.75,-92,1769556426,3,3
2026-01-27 15:29:48.587935,0x433abf20,13.27625,71.25,5.5,-76,1769556582,3,3
2026-01-27 15:30:09.792398,0x433af380,13.21875,70.0,6.25,-38,1769556604,3,3
2026-01-27 15:30:47.577721,0x433b0b38,13.2625,63.75,6.0,-73,1769556641,5,5
2026-01-27 15:32:12.532269,0x433acb14,13.28125,63.75,-0.25,-97,1769556726,3,3
2026-01-27 15:34:50.475074,0x433abf20,13.25875,125.0,5.25,-76,1769556884,3,3
2026-01-27 15:35:01.080033,0x433ad35c,13.2875,65.0,6.5,-54,1769556895,3,3
2026-01-27 15:35:47.201280,0x433b0b38,13.26125,65.0,5.75,-74,1769556941,5,5
2026-01-27 15:37:04.557897,0x433b0098,13.25,61.25,6.25,-60,1769557018,2,2
2026-01-27 15:37:14.428459,0x433acb14,13.27625,75.0,1.75,-96,1769557028,3,3
2026-01-27 15:39:50.671831,0x433abf20,13.28,65.0,5.75,-76,1769557185,3,3
2026-01-27 15:40:56.614619,0x433b0b38,13.2625,61.25,6.0,-72,1769557250,5,5
2026-01-27 15:42:16.070681,0x433acb14,13.28,71.25,3.5,-88,1769557330,3,3
2026-01-27 15:44:52.010720,0x433abf20,13.27875,63.75,5.5,-75,1769557486,3,3
2026-01-27 15:45:03.552485,0x433ad35c,13.285,61.25,6.0,-54,1769557497,3,3
2026-01-27 15:45:50.058726,0x433b0b38,13.25875,63.75,6.25,-70,1769557544,5,5
2026-01-27 15:47:08.137253,0x433b0098,13.2475,71.25,6.25,-59,1769557622,2,2
2026-01-27 15:47:18.455935,0x433acb14,13.28,65.0,4.25,-88,1769557632,3,3
2026-01-27 15:49:57.706165,0x433abf20,13.27875,62.5,5.75,-76,1769557792,3,3
2026-01-27 15:50:51.002956,0x433b0b38,13.26125,63.75,6.0,-71,1769557845,5,5
2026-01-27 15:52:17.602323,0x433acb14,13.27625,68.75,0.25,-97,1769557931,3,3
2026-01-27 15:54:55.094826,0x433abf20,13.27625,73.75,6.0,-75,1769558089,3,3
2026-01-27 15:55:11.975214,0x433ad35c,13.28625,63.75,6.25,-54,1769558106,3,3
2026-01-27 15:55:55.981570,0x433b0b38,13.26,62.5,5.75,-72,1769558150,5,5
2026-01-27 15:57:13.589462,0x433b0098,13.25125,60.0,5.75,-59,1769558227,2,2
2026-01-27 15:57:19.443946,0x433acb14,13.28,62.5,2.75,-93,1769558233,3,3
2026-01-27 15:59:56.156961,0x433abf20,13.27875,63.75,6.0,-75,1769558390,3,3
2026-01-24 01:01:46.542686,0x433b0b38,13.2425,73.75,6.0,-77,,5,5
2026-01-24 01:04:58.843508,0x433aad0c,13.1075,62.5,5.75,-71,,3,3
2026-01-24 01:06:47.401335,0x433b0b38,13.24875,65.0,6.0,-77,,5,5
2026-01-24 01:10:32.303728,0x433af380,13.20875,80.0,6.0,-34,,3,3
2026-01-24 01:10:38.207647,0x433ad35c,13.26,73.75,6.25,-59,,3,3
2026-01-24 01:11:48.295291,0x433b0b38,13.24375,73.75,5.75,-77,,5,5
2026-01-24 01:14:59.130233,0x433aad0c,13.1075,60.0,5.5,-72,,3,3
2026-01-24 01:16:49.502234,0x433b0b38,13.245,71.25,6.5,-76,,5,5
2026-01-24 01:20:37.973385,0x433ad35c,13.25875,75.0,6.0,-58,,3,3
2026-01-24 01:21:50.037418,0x433b0b38,13.2475,61.25,4.75,-77,,5,5
2026-01-24 01:24:59.332800,0x433aad0c,13.1075,58.75,5.5,-71,,3,3
2026-01-24 01:26:52.049289,0x433b0b38,13.24125,72.5,6.5,-77,,5,5
2026-01-24 01:30:40.871844,0x433ad35c,13.26375,63.75,6.0,-59,,3,3
2026-01-24 01:31:53.512210,0x433b0b38,13.2425,72.5,5.75,-77,,5,5
2026-01-24 01:34:59.544448,0x433aad0c,13.10375,72.5,5.5,-71,,3,3
2026-01-24 01:36:54.004547,0x433b0b38,13.25125,66.25,6.25,-76,,5,5
2026-01-24 01:40:42.177332,0x433ad35c,13.265,63.75,6.0,-58,,3,3
2026-01-24 01:41:55.364692,0x433b0b38,13.2475,58.75,6.0,-76,,5,5
2026-01-24 01:45:02.111603,0x433aad0c,13.10375,72.5,5.75,-70,,3,3
2026-01-24 01:46:56.512397,0x433b0b38,13.24875,61.25,6.0,-77,,5,5
2026-01-24 01:50:46.489067,0x433ad35c,13.265,67.5,6.5,-58,,3,3
2026-01-24 01:51:57.991066,0x433b0b38,13.2475,60.0,6.0,-77,,5,5
2026-01-24 01:55:01.286607,0x433aad0c,13.105,61.25,6.0,-70,,3,3
2026-01-24 01:56:59.412717,0x433b0b38,13.2475,63.75,5.25,-77,,5,5
2026-01-24 02:00:48.544565,0x433ad35c,13.26375,66.25,6.25,-59,,3,3
2026-01-24 14:03:58.322394,0x433ad35c,13.27125,127.5,5.25,-59,,3,3
2026-01-24 14:05:01.758105,0x433b0b38,13.26,76.25,5.5,-79,,5,5
2026-01-24 14:05:25.369552,0x433aad0c,13.04375,71.25,4.75,-84,,3,3
2026-01-24 14:10:05.670894,0x433b0b38,13.265,60.0,5.75,-76,,5,5
2026-01-24 14:13:59.416054,0x433af380,13.22875,77.5,6.0,-34,,3,3
2026-01-24 14:14:03.190716,0x433ad35c,13.2875,72.5,6.25,-59,,3,3
2026-01-24 14:15:05.704091,0x433b0b38,13.265,60.0,4.75,-84,,5,4
2026-01-24 14:15:25.643537,0x433aad0c,13.04625,60.0,4.75,-84,,3,3
2026-01-24 14:20:05.440346,0x433b0b38,13.2625,73.75,5.5,-80,,5,5
2026-01-24 14:24:03.537519,0x433ad35c,13.29,63.75,6.25,-58,,3,3
2026-01-24 14:25:06.476856,0x433b0b38,13.2375,135.0,5.5,-78,,5,5
2026-01-24 14:25:25.827004,0x433aad0c,13.04875,60.0,6.0,-83,,3,3
2026-01-24 14:30:11.105255,0x433b0b38,13.2625,72.5,5.75,-78,,5,5
2026-01-24 14:34:06.700730,0x433ad35c,13.2725,130.0,6.75,-58,,3,3
2026-01-24 14:35:09.575368,0x433b0b38,13.26125,75.0,5.5,-78,,5,5
2026-01-24 14:35:26.056039,0x433aad0c,13.045,56.25,4.75,-84,,3,3
2026-01-24 14:40:11.326193,0x433b0b38,13.26875,65.0,5.25,-79,,5,5
2026-01-24 14:44:08.650944,0x433ad35c,13.28875,71.25,5.75,-58,,3,3
2026-01-24 14:45:13.155763,0x433b0b38,13.26875,61.25,6.0,-76,,5,5
2026-01-24 14:45:26.286111,0x433aad0c,13.0425,73.75,5.5,-86,,3,3
2026-01-24 14:50:14.638764,0x433b0b38,13.26375,71.25,5.5,-77,,5,5
2026-01-24 14:54:11.807551,0x433ad35c,13.29,61.25,6.5,-59,,3,3
2026-01-24 14:55:15.648701,0x433b0b38,13.26875,60.0,5.0,-79,,5,5
2026-01-24 14:55:26.567831,0x433aad0c,13.04,73.75,4.25,-84,,3,3
2026-01-24 15:00:17.930083,0x433b0b38,13.2575,71.25,5.5,-76,,5,5
2026-01-25 05:03:57.772011,0x433b0b38,13.235,72.5,5.75,-78,,5,5
2026-01-25 05:06:04.259463,0x433aad0c,12.86875,72.5,6.25,-69,,3,3
2026-01-25 05:07:59.474867,0x433ad35c,13.25375,66.25,6.25,-56,,3,3
2026-01-25 05:09:00.001006,0x433b0b38,13.23125,70.0,6.0,-78,,5,5
2026-01-25 05:14:00.898271,0x433b0b38,13.2075,128.75,5.25,-76,,5,5
2026-01-25 05:16:05.434000,0x433aad0c,12.86625,70.0,5.75,-70,,3,3
2026-01-25 05:17:59.177194,0x433af380,13.1925,78.75,7.0,-34,,3,3
2026-01-25 05:18:02.968661,0x433ad35c,13.25,76.25,6.5,-57,,3,3
2026-01-25 05:19:03.261601,0x433b0b38,13.23125,67.5,5.5,-77,,5,5
2026-01-25 05:24:02.545775,0x433b0b38,13.20625,133.75,5.25,-77,,5,5
2026-01-25 05:26:06.209313,0x433aad0c,12.8675,61.25,5.75,-71,,3,3
2026-01-25 05:28:05.469201,0x433ad35c,13.25125,63.75,5.5,-56,,3,3
2026-01-25 05:29:06.576158,0x433b0b38,13.23625,65.0,6.0,-77,,5,5
2026-01-25 05:34:11.013350,0x433b0b38,13.23875,63.75,5.75,-75,,5,4
2026-01-25 05:36:05.503712,0x433aad0c,12.8375,128.75,5.75,-70,,3,3
2026-01-25 05:38:08.548327,0x433ad35c,13.2475,73.75,5.75,-56,,3,3
2026-01-25 05:39:08.660029,0x433b0b38,13.21,123.75,6.0,-76,,5,5
2026-01-25 05:44:11.838547,0x433b0b38,13.23625,65.0,6.0,-69,,5,4
2026-01-25 05:46:09.975416,0x433aad0c,12.855,72.5,6.0,-69,,3,3
2026-01-25 05:48:15.757568,0x433ad35c,13.25375,66.25,6.25,-57,,3,3
2026-01-25 05:49:10.074990,0x433b0b38,13.23125,76.25,6.0,-77,,5,5
2026-01-25 05:54:13.077295,0x433b0b38,13.23125,75.0,5.25,-77,,5,5
2026-01-25 05:56:07.327272,0x433aad0c,12.855,71.25,5.5,-71,,3,3
2026-01-25 05:58:14.756136,0x433ad35c,13.25,63.75,6.0,-56,,3,3
2026-01-25 05:59:13.606447,0x433b0b38,13.23125,71.25,6.25,-76,,5,5
2026-01-23 04:02:57.065434,0x433ad35c,13.2675,61.25,6.25,-29,,3,3
2026-01-23 04:03:13.246840,0x433aad0c,13.27625,61.25,6.0,-36,,3,3
2026-01-23 04:04:06.225400,0x433b0b38,13.2525,75.0,6.0,-3,,5,5
2026-01-23 04:04:29.944190,0x433acb14,13.25875,66.25,7.5,-11,,3,3
2026-01-23 04:09:07.899133,0x433b0b38,13.25375,75.0,6.25,-4,,5,5
2026-01-23 04:09:29.770594,0x433acb14,13.25625,76.25,7.25,-11,,3,3
2026-01-23 04:12:59.494210,0x433ad35c,13.2575,76.25,6.0,-30,,3,3
2026-01-23 04:13:15.804648,0x433aad0c,13.27125,73.75,5.75,-36,,3,3
2026-01-23 04:14:09.091172,0x433b0b38,13.24875,76.25,6.25,-4,,5,5
2026-01-23 04:14:32.261684,0x433acb14,13.26,65.0,7.25,-10,,3,3
2026-01-23 04:19:11.099517,0x433b0b38,13.25375,72.5,6.5,-3,,5,5
2026-01-23 04:19:34.673717,0x433acb14,13.26125,66.25,6.25,-11,,3,3
2026-01-23 04:20:43.677347,0x433af380,13.255,71.25,7.0,-11,,3,3
2026-01-23 04:23:03.220596,0x433ad35c,13.265,65.0,6.5,-29,,3,3
2026-01-23 04:23:19.855745,0x433aad0c,13.2775,60.0,6.25,-37,,3,3
2026-01-23 04:24:11.800117,0x433b0b38,13.25625,58.75,6.5,-3,,5,5
2026-01-23 04:24:34.558739,0x433acb14,13.23125,141.25,6.5,-11,,3,3
2026-01-23 04:29:13.255638,0x433b0b38,13.25375,58.75,8.25,-2,,5,5
2026-01-23 04:29:38.539887,0x433acb14,13.26,65.0,7.0,-10,,3,3
2026-01-23 04:33:04.642923,0x433ad35c,13.26125,60.0,6.25,-29,,3,3
2026-01-23 04:33:22.689566,0x433aad0c,13.27125,75.0,6.5,-37,,3,3
2026-01-23 04:34:14.418909,0x433b0b38,13.25625,65.0,6.0,-3,,5,5
2026-01-23 04:34:37.547414,0x433acb14,13.25625,77.5,7.25,-10,,3,3
2026-01-23 04:39:15.083853,0x433b0b38,13.255,58.75,6.25,-3,,5,5
2026-01-23 04:39:40.166059,0x433acb14,13.25875,58.75,6.25,-11,,3,3
2026-01-23 04:43:07.163510,0x433ad35c,13.255,75.0,7.25,-29,,3,3
2026-01-23 04:43:25.279224,0x433aad0c,13.275,62.5,6.5,-37,,3,3
2026-01-23 04:44:16.880788,0x433b0b38,13.2575,63.75,6.25,-3,,5,5
2026-01-23 04:44:41.432661,0x433acb14,13.2575,77.5,6.25,-11,,3,3
2026-01-23 04:49:21.498832,0x433b0b38,13.25375,75.0,6.25,-3,,5,5
2026-01-23 04:49:41.818145,0x433acb14,13.26,62.5,6.0,-11,,3,3
2026-01-23 04:53:10.568977,0x433ad35c,13.26375,60.0,6.25,-29,,3,3
2026-01-23 04:53:26.799405,0x433aad0c,13.27125,75.0,6.0,-36,,3,3
2026-01-23 04:54:21.018039,0x433b0b38,13.255,60.0,6.0,-3,,5,5
2026-01-23 04:54:42.049696,0x433acb14,13.26125,61.25,7.25,-10,,3,3
2026-01-23 04:59:22.886953,0x433b0b38,13.255,63.75,6.25,-3,,5,5
2026-01-23 04:59:43.316702,0x433acb14,13.25625,77.5,6.25,-11,,3,3
2026-01-26 19:00:21.062211,0x433b0b38,13.26875,58.75,5.5,-73,1769482817,5,5
2026-01-26 19:01:39.804787,0x433acb14,13.2875,77.5,3.75,-90,1769482896,3,3
2026-01-26 19:01:52.242547,0x433b0098,13.2575,73.75,6.0,-62,1769482908,2,2
2026-01-26 19:04:44.978247,0x433abf20,13.27375,76.25,5.5,-75,1769483081,3,3
2026-01-26 19:05:24.083180,0x433b0b38,13.2675,61.25,5.5,-73,1769483120,5,5
2026-01-26 19:06:39.903118,0x433acb14,13.29125,66.25,4.75,-89,1769483196,3,3
2026-01-26 19:09:35.219760,0x433ad35c,13.285,62.5,6.25,-53,1769483371,3,3
2026-01-26 19:09:43.945655,0x433abf20,13.27625,58.75,5.75,-75,1769483380,3,3
2026-01-26 19:10:23.242445,0x433b0b38,13.27,66.25,6.0,-74,1769483419,5,5
2026-01-26 19:11:48.656588,0x433acb14,13.29,66.25,4.75,-89,1769483504,3,3
2026-01-26 19:11:52.548693,0x433b0098,13.25375,75.0,5.75,-61,1769483508,2,2
2026-01-26 19:14:45.067501,0x433abf20,13.2725,75.0,5.75,-76,1769483681,3,3
2026-01-26 19:15:25.707475,0x433b0b38,13.26625,61.25,5.25,-73,1769483721,5,5
2026-01-26 19:16:42.946619,0x433acb14,13.28625,73.75,4.75,-91,1769483799,3,3
2026-01-26 19:19:39.698534,0x433ad35c,13.28125,75.0,6.5,-53,1769483975,3,3
2026-01-26 19:19:48.038357,0x433abf20,13.27625,73.75,5.25,-75,1769483984,3,3
2026-01-26 19:20:28.068737,0x433b0b38,13.26625,60.0,5.75,-73,1769484024,5,5
2026-01-26 19:21:44.638545,0x433acb14,13.28875,60.0,4.75,-88,1769484100,3,3
2026-01-26 19:21:54.295199,0x433b0098,13.25375,73.75,6.5,-61,1769484110,2,2
2026-01-26 19:24:48.473300,0x433abf20,13.27375,66.25,5.75,-76,1769484284,3,3
2026-01-26 19:25:29.435532,0x433b0b38,13.26375,76.25,5.75,-73,1769484325,5,5
2026-01-26 19:26:28.581749,0x433af380,13.2275,70.0,6.25,-39,1769484384,3,3
2026-01-26 19:26:46.305483,0x433acb14,13.2875,65.0,4.25,-88,1769484402,3,3
2026-01-26 19:29:42.732252,0x433ad35c,13.2825,62.5,6.75,-53,1769484578,3,3
2026-01-26 19:29:48.979349,0x433abf20,13.275,65.0,5.5,-76,1769484585,3,3
2026-01-26 19:30:29.612255,0x433b0b38,13.26625,60.0,6.0,-74,1769484625,5,5
2026-01-26 19:31:46.357579,0x433acb14,13.28625,61.25,4.0,-87,1769484702,3,3
2026-01-26 19:31:56.552203,0x433b0098,13.25625,70.0,6.5,-60,1769484712,2,2
2026-01-26 19:34:52.056518,0x433abf20,13.27125,75.0,5.5,-75,1769484888,3,3
2026-01-26 19:35:30.899111,0x433b0b38,13.2675,63.75,6.25,-73,1769484927,5,5
2026-01-26 19:36:48.407194,0x433acb14,13.28375,77.5,4.0,-87,1769485004,3,3
2026-01-26 19:39:45.527728,0x433ad35c,13.2825,66.25,6.25,-53,1769485181,3,3
2026-01-26 19:39:51.339607,0x433abf20,13.27625,63.75,5.5,-75,1769485187,3,3
2026-01-26 19:40:32.145962,0x433b0b38,13.26375,72.5,6.0,-73,1769485228,5,5
2026-01-26 19:41:50.716012,0x433acb14,13.285,76.25,4.0,-87,1769485306,3,3
2026-01-26 19:41:58.849284,0x433b0098,13.2575,58.75,6.25,-60,1769485315,2,2
2026-01-26 19:44:53.782968,0x433abf20,13.2725,62.5,5.75,-76,1769485490,3,3
2026-01-26 19:45:34.283845,0x433b0b38,13.26625,65.0,6.0,-73,1769485530,5,5
2026-01-26 19:46:53.148765,0x433acb14,13.28375,77.5,4.25,-88,1769485609,3,3
2026-01-26 19:49:46.579924,0x433ad35c,13.28,75.0,5.75,-53,1769485782,3,3
2026-01-26 19:49:55.802626,0x433abf20,13.275,65.0,5.5,-76,1769485792,3,3
2026-01-26 19:50:34.672868,0x433b0b38,13.26,72.5,5.5,-74,1769485830,5,5
2026-01-26 19:51:52.022148,0x433acb14,13.28375,78.75,4.25,-87,1769485908,3,3
2026-01-26 19:52:01.608464,0x433b0098,13.25875,62.5,6.75,-59,1769485917,2,2
2026-01-26 19:55:36.568544,0x433b0b38,13.26,72.5,6.5,-73,1769486132,5,5
2026-01-26 19:56:53.186658,0x433acb14,13.28125,77.5,4.5,-87,1769486209,3,3
2026-01-26 19:59:49.655382,0x433ad35c,13.28,65.0,6.0,-54,1769486385,3,3
2026-01-26 19:59:56.144866,0x433abf20,13.27375,63.75,6.25,-76,1769486392,3,3
2026-01-22 20:00:53.303567,0x433ad35c,13.26875,67.5,5.75,-23,,3,3
2026-01-22 20:01:12.523684,0x433aad0c,13.2825,62.5,6.75,-38,,3,3
2026-01-22 20:02:03.996599,0x433b0b38,13.25375,77.5,7.5,-4,,5,5
2026-01-22 20:02:25.430878,0x433acb14,13.2575,81.25,6.75,-12,,3,3
2026-01-22 20:07:04.893637,0x433b0b38,13.2525,78.75,7.75,-3,,5,5
2026-01-22 20:07:27.916757,0x433acb14,13.25875,76.25,6.0,-12,,3,3
2026-01-22 20:09:19.577556,0x433af380,13.2625,70.0,6.5,-17,,3,3
2026-01-22 20:10:56.045460,0x433ad35c,13.265,77.5,7.0,-28,,3,3
2026-01-22 20:11:11.691272,0x433aad0c,13.27625,71.25,6.25,-39,,3,3
2026-01-22 20:12:06.427459,0x433b0b38,13.25625,61.25,6.0,-4,,5,5
2026-01-22 20:12:27.903271,0x433acb14,13.25375,87.5,6.0,-12,,3,3
2026-01-22 20:17:07.519655,0x433b0b38,13.2575,62.5,6.0,-3,,5,5
2026-01-22 20:17:28.679467,0x433acb14,13.2625,68.75,6.25,-11,,3,3
2026-01-22 20:20:57.922046,0x433ad35c,13.26875,66.25,7.0,-28,,3,3
2026-01-22 20:21:14.857539,0x433aad0c,13.2825,62.5,6.5,-38,,3,3
2026-01-22 20:22:07.900597,0x433b0b38,13.23125,126.25,6.5,-3,,5,5
2026-01-22 20:22:29.735673,0x433acb14,13.2625,67.5,7.25,-11,,3,3
2026-01-22 20:27:09.236547,0x433b0b38,13.25875,66.25,6.25,-4,,5,5
2026-01-22 20:27:30.740838,0x433acb14,13.26375,66.25,7.5,-11,,3,3
2026-01-22 20:30:59.774646,0x433ad35c,13.27,66.25,6.0,-25,,3,3
2026-01-22 20:31:09.697673,0x433af380,4.585,1.25,4.5,-17,,3,3
2026-01-22 20:31:17.182038,0x433aad0c,13.27875,78.75,6.25,-39,,3,3
2026-01-22 20:32:10.587748,0x433b0b38,13.2575,61.25,8.0,-3,,5,5
2026-01-22 20:32:33.970202,0x433acb14,13.25375,88.75,6.5,-12,,3,3
2026-01-22 20:37:12.621178,0x433b0b38,13.25375,73.75,6.75,-4,,5,5
2026-01-22 20:37:34.812824,0x433acb14,13.26,77.5,5.75,-12,,3,3
2026-01-22 20:41:03.875493,0x433ad35c,13.2675,66.25,6.0,-30,,3,3
2026-01-22 20:41:20.517741,0x433aad0c,13.2775,76.25,6.75,-38,,3,3
2026-01-22 20:41:42.161266,0x433af380,4.585,1.25,6.25,-20,,3,3
2026-01-22 20:42:12.516532,0x433b0b38,13.25125,80.0,6.0,-3,,5,5
2026-01-22 20:42:34.546643,0x433acb14,13.265,63.75,6.25,-11,,3,3
2026-01-22 20:47:13.274296,0x433b0b38,13.25625,68.75,6.0,-3,,5,5
2026-01-22 20:47:35.859454,0x433acb14,13.26375,63.75,6.5,-11,,3,3
2026-01-22 20:51:05.836416,0x433ad35c,13.26375,76.25,6.25,-29,,3,3
2026-01-22 20:51:21.971234,0x433aad0c,13.28,62.5,6.0,-38,,3,3
2026-01-22 20:52:15.366537,0x433b0b38,13.2575,62.5,6.0,-3,,5,5
2026-01-22 20:52:38.766647,0x433acb14,13.265,62.5,6.25,-12,,3,3
2026-01-22 20:53:53.507444,0x433af380,4.61,,7.25,-20,,3,3
2026-01-22 20:57:16.613595,0x433b0b38,13.25875,66.25,6.75,-3,,5,5
2026-01-22 20:57:38.112255,0x433acb14,13.26375,63.75,6.25,-11,,3,3
2026-01-24 17:04:47.656864,0x433ad35c,13.29125,76.25,6.25,-57,,3,3
2026-01-24 17:05:34.510133,0x433aad0c,13.0325,68.75,5.5,-71,,3,3
2026-01-24 17:05:49.909065,0x433b0b38,13.27625,60.0,5.75,-78,,5,5
2026-01-24 17:10:51.398115,0x433b0b38,13.2725,75.0,5.75,-78,,5,5
2026-01-24 17:14:48.278581,0x433af380,13.2525,68.75,7.5,-34,,3,3
2026-01-24 17:14:52.276742,0x433ad35c,13.2925,61.25,6.5,-57,,3,3
2026-01-24 17:15:34.763522,0x433aad0c,13.03625,58.75,5.75,-69,,3,3
2026-01-24 17:15:51.592161,0x433b0b38,13.27125,75.0,6.0,-77,,5,5
2026-01-24 17:20:53.811524,0x433b0b38,13.2775,63.75,6.5,-79,,5,5
2026-01-24 17:24:55.593256,0x433ad35c,13.28875,73.75,6.0,-57,,3,3
2026-01-24 17:25:34.902253,0x433aad0c,13.035,62.5,6.0,-71,,3,3
2026-01-24 17:25:55.951668,0x433b0b38,13.275,60.0,5.5,-78,,5,5
2026-01-24 17:30:56.654484,0x433b0b38,13.275,62.5,5.5,-78,,5,5
2026-01-24 17:34:56.520289,0x433ad35c,13.29125,65.0,6.0,-57,,3,3
2026-01-24 17:35:35.101581,0x433aad0c,13.0325,58.75,5.75,-70,,3,3
2026-01-24 17:35:56.738381,0x433b0b38,13.2775,63.75,5.5,-78,,5,5
2026-01-24 17:41:02.367578,0x433b0b38,13.26625,68.75,5.75,-78,,5,5
2026-01-24 17:44:56.771851,0x433ad35c,13.28875,75.0,6.0,-57,,3,3
2026-01-24 17:45:35.324948,0x433aad0c,13.0325,61.25,5.5,-70,,3,3
2026-01-24 17:46:02.272130,0x433b0b38,13.275,58.75,5.5,-78,,5,5
2026-01-24 17:51:03.539956,0x433b0b38,13.275,63.75,5.5,-78,,5,5
2026-01-24 17:55:00.054996,0x433ad35c,13.29125,63.75,6.0,-58,,3,3
2026-01-24 17:55:35.676568,0x433aad0c,13.02625,75.0,5.75,-69,,3,3
2026-01-24 17:56:01.995977,0x433b0b38,13.27,72.5,5.25,-77,,5,5
2026-01-24 18:01:06.459347,0x433b0b38,13.27125,76.25,6.75,-57,,5,4
2026-01-27 23:01:47.812726,0x433abf20,13.255,122.5,5.75,-75,1769583701,3,3
2026-01-27 23:02:50.499864,0x433b0b38,13.25875,63.75,6.25,-73,1769583764,5,5
2026-01-27 23:04:13.196585,0x433acb14,13.2625,72.5,5.25,-90,1769583846,3,3
2026-01-27 23:06:48.546150,0x433abf20,13.27375,75.0,6.0,-74,1769584002,3,3
2026-01-27 23:07:02.443445,0x433ad35c,13.2775,67.5,6.5,-54,1769584016,3,3
2026-01-27 23:07:48.602509,0x433b0b38,13.25875,57.5,6.5,-72,1769584062,5,5
2026-01-27 23:09:04.450304,0x433b0098,13.20875,133.75,5.75,-61,1769584138,2,2
2026-01-27 23:09:14.566887,0x433acb14,13.265,67.5,5.25,-90,1769584148,3,3
2026-01-27 23:11:52.031177,0x433abf20,13.275,62.5,6.0,-75,1769584305,3,3
2026-01-27 23:12:50.148695,0x433b0b38,13.26,63.75,6.0,-72,1769584363,5,5
2026-01-27 23:14:15.957249,0x433acb14,13.265,62.5,3.25,-90,1769584449,3,3
2026-01-27 23:16:52.500548,0x433abf20,13.275,62.5,6.0,-75,1769584606,3,3
2026-01-27 23:17:04.594345,0x433ad35c,13.27875,63.75,6.0,-53,1769584618,3,3
2026-01-27 23:17:51.398113,0x433b0b38,13.2525,95.0,5.75,-72,1769584665,5,5
2026-01-27 23:19:08.183933,0x433b0098,13.24375,70.0,6.25,-61,1769584741,2,2
2026-01-27 23:19:18.292454,0x433acb14,13.26125,73.75,4.75,-89,1769584751,3,3
2026-01-27 23:21:53.560657,0x433abf20,13.2725,75.0,6.25,-75,1769584907,3,3
2026-01-27 23:22:51.900362,0x433b0b38,13.255,75.0,5.75,-72,1769584965,5,5
2026-01-27 23:24:20.494965,0x433acb14,13.26125,63.75,6.0,-86,1769585054,3,3
2026-01-27 23:26:55.019069,0x433abf20,13.27375,63.75,7.0,-74,1769585208,3,3
2026-01-27 23:27:06.954856,0x433ad35c,13.2775,60.0,6.5,-54,1769585220,3,3
2026-01-27 23:27:53.995090,0x433b0b38,13.2575,62.5,6.0,-72,1769585267,5,5
2026-01-27 23:29:11.605672,0x433b0098,13.24375,71.25,6.25,-62,1769585345,2,2
2026-01-27 23:29:20.286679,0x433acb14,13.26375,60.0,4.0,-89,1769585353,3,3
2026-01-27 23:31:40.017967,0x433af380,13.21,70.0,6.0,-39,1769585493,3,3
2026-01-27 23:31:56.226826,0x433abf20,13.27,81.25,5.5,-76,1769585509,3,3
2026-01-27 23:32:54.531775,0x433b0b38,13.2575,58.75,5.75,-73,1769585568,5,5
2026-01-27 23:34:21.478937,0x433acb14,13.26375,66.25,3.75,-90,1769585655,3,3
2026-01-27 23:36:58.080394,0x433abf20,13.27625,62.5,6.0,-75,1769585811,3,3
2026-01-27 23:37:09.471231,0x433ad35c,13.27375,76.25,6.75,-53,1769585823,3,3
2026-01-27 23:37:55.685321,0x433b0b38,13.25875,66.25,5.75,-72,1769585869,5,5
2026-01-27 23:39:12.691398,0x433b0098,13.2425,68.75,5.75,-61,1769585946,2,2
2026-01-27 23:39:22.696298,0x433acb14,13.265,62.5,3.25,-91,1769585956,3,3
2026-01-27 23:41:59.411765,0x433abf20,13.275,63.75,5.75,-75,1769586112,3,3
2026-01-27 23:42:56.952515,0x433b0b38,13.25375,72.5,6.0,-72,1769586170,5,5
2026-01-27 23:44:23.754881,0x433acb14,13.2625,62.5,3.75,-91,1769586257,3,3
2026-01-27 23:47:00.895263,0x433abf20,13.275,65.0,5.5,-76,1769586414,3,3
2026-01-27 23:47:12.704183,0x433ad35c,13.2775,63.75,6.0,-53,1769586426,3,3
2026-01-27 23:47:58.221118,0x433b0b38,13.2525,76.25,6.0,-73,1769586471,5,5
2026-01-27 23:49:15.549141,0x433b0098,13.25,61.25,6.25,-61,1769586549,2,2
2026-01-27 23:49:24.673622,0x433acb14,13.25875,72.5,4.75,-89,1769586558,3,3
2026-01-27 23:52:02.286071,0x433abf20,13.275,63.75,5.75,-75,1769586715,3,3
2026-01-27 23:52:59.487315,0x433b0b38,13.25375,70.0,6.0,-72,1769586773,5,5
2026-01-27 23:54:27.641081,0x433acb14,13.265,65.0,3.75,-92,1769586861,3,3
2026-01-27 23:57:03.925561,0x433abf20,13.275,63.75,5.75,-75,1769587017,3,3
2026-01-27 23:57:15.228344,0x433ad35c,13.27625,67.5,6.0,-54,1769587028,3,3
2026-01-27 23:58:02.675409,0x433b0b38,13.2575,62.5,5.75,-72,1769587076,5,5
2026-01-27 23:59:17.975177,0x433b0098,13.24875,60.0,5.75,-62,1769587151,2,2
2026-01-27 23:59:28.362798,0x433acb14,13.2575,76.25,5.0,-90,1769587161,3,3
2026-01-24 02:02:00.087841,0x433b0b38,13.2425,73.75,6.25,-76,,5,5
2026-01-24 02:05:02.155491,0x433aad0c,13.105,61.25,6.0,-71,,3,3
2026-01-24 02:07:03.451258,0x433b0b38,13.24,95.0,6.0,-77,,5,5
2026-01-24 02:10:48.343506,0x433af380,13.22125,71.25,7.0,-34,,3,3
2026-01-24 02:10:51.488860,0x433ad35c,13.26375,65.0,6.5,-59,,3,3
2026-01-24 02:12:02.595449,0x433b0b38,13.225,122.5,5.75,-76,,5,5
2026-01-24 02:15:03.430992,0x433aad0c,13.105,67.5,3.5,-70,,3,3
2026-01-24 02:17:04.314748,0x433b0b38,13.23875,97.5,6.25,-77,,5,5
2026-01-24 02:20:55.593087,0x433ad35c,13.26375,61.25,6.5,-58,,3,3
2026-01-24 02:22:05.393481,0x433b0b38,13.24625,62.5,5.75,-76,,5,5
2026-01-24 02:25:01.978233,0x433aad0c,13.105,63.75,5.75,-70,,3,3
2026-01-24 02:27:08.083096,0x433b0b38,13.25125,60.0,6.0,-76,,5,5
2026-01-24 02:30:56.045514,0x433ad35c,13.26375,60.0,6.0,-58,,3,3
2026-01-24 02:32:07.828573,0x433b0b38,13.24625,73.75,6.0,-77,,5,5
2026-01-24 02:35:02.176914,0x433aad0c,13.1,75.0,5.75,-71,,3,3
2026-01-24 02:37:08.870583,0x433b0b38,13.24625,75.0,5.75,-76,,5,5
2026-01-24 02:40:59.232612,0x433ad35c,13.2625,76.25,6.0,-58,,3,3
2026-01-24 02:42:09.314243,0x433b0b38,13.24375,73.75,5.5,-77,,5,5
2026-01-24 02:45:02.835289,0x433aad0c,13.07625,140.0,5.75,-70,,3,3
2026-01-24 02:47:11.463347,0x433b0b38,13.24375,72.5,5.5,-76,,5,5
2026-01-24 02:51:02.137243,0x433ad35c,13.265,75.0,6.5,-57,,3,3
2026-01-24 02:52:12.509433,0x433b0b38,13.25,65.0,5.25,-76,,5,5
2026-01-24 02:55:04.582615,0x433aad0c,13.1,80.0,6.0,-70,,3,3
2026-01-24 02:57:12.903262,0x433b0b38,13.24375,75.0,5.75,-77,,5,5
2026-01-24 03:01:05.323353,0x433ad35c,13.265,67.5,5.75,-59,,3,3
2026-01-27 00:00:49.884722,0x433ad35c,13.26125,71.25,7.0,-54,1769500845,3,3
2026-01-27 00:00:58.476532,0x433abf20,13.26375,62.5,5.5,-76,1769500854,3,3
2026-01-27 00:01:41.357336,0x433b0b38,13.25,65.0,5.75,-73,1769500897,5,5
2026-01-27 00:02:56.838092,0x433acb14,13.26125,78.75,5.5,-86,1769500972,3,3
2026-01-27 00:03:06.004962,0x433b0098,13.23875,60.0,6.75,-60,1769500981,2,2
2026-01-27 00:06:04.207367,0x433abf20,13.26375,62.5,5.25,-76,1769501160,3,3
2026-01-27 00:06:42.905380,0x433b0b38,13.25,63.75,6.0,-73,1769501198,5,5
2026-01-27 00:07:58.730092,0x433acb14,13.26625,66.25,6.25,-86,1769501274,3,3
2026-01-27 00:10:52.402176,0x433ad35c,13.26375,66.25,6.5,-54,1769501448,3,3
2026-01-27 00:11:02.180131,0x433abf20,13.2625,63.75,5.5,-76,1769501458,3,3
2026-01-27 00:11:43.963542,0x433b0b38,13.25125,63.75,5.75,-73,1769501499,5,5
2026-01-27 00:13:00.221594,0x433acb14,13.265,62.5,6.0,-87,1769501576,3,3
2026-01-27 00:13:05.660977,0x433b0098,13.235,61.25,7.0,-59,1769501581,2,2
2026-01-27 00:16:02.421178,0x433abf20,13.25875,75.0,5.75,-76,1769501758,3,3
2026-01-27 00:16:44.993826,0x433b0b38,13.24875,60.0,5.5,-73,1769501800,5,5
2026-01-27 00:18:06.146703,0x433acb14,13.26375,77.5,6.0,-87,1769501881,3,3
2026-01-27 00:20:56.390290,0x433ad35c,13.25875,90.0,7.25,-53,1769502052,3,3
2026-01-27 00:21:05.108640,0x433abf20,13.2625,66.25,5.5,-76,1769502060,3,3
2026-01-27 00:21:45.760839,0x433b0b38,13.2475,60.0,5.25,-73,1769502101,5,5
2026-01-27 00:23:02.464701,0x433acb14,13.26375,65.0,6.0,-87,1769502178,3,3
2026-01-27 00:23:11.326721,0x433b0098,13.22875,73.75,6.25,-61,1769502187,2,2
2026-01-27 00:26:08.621922,0x433abf20,13.2625,63.75,6.25,-77,1769502364,3,3
2026-01-27 00:26:47.868409,0x433b0b38,13.24375,72.5,6.0,-73,1769502403,5,5
2026-01-27 00:27:14.370503,0x433af380,13.20375,67.5,6.5,-38,1769502430,3,3
2026-01-27 00:28:03.112381,0x433acb14,13.265,81.25,6.0,-87,1769502478,3,3
2026-01-27 00:30:57.562649,0x433ad35c,13.26125,73.75,8.0,-53,1769502653,3,3
2026-01-27 00:31:07.442568,0x433abf20,13.26,65.0,5.0,-77,1769502663,3,3
2026-01-27 00:31:49.040682,0x433b0b38,13.245,75.0,5.5,-74,1769502704,5,5
2026-01-27 00:33:04.755051,0x433acb14,13.2675,63.75,5.5,-87,1769502780,3,3
2026-01-27 00:33:10.152186,0x433b0098,13.2325,67.5,6.75,-59,1769502785,2,2
2026-01-27 00:36:08.676660,0x433abf20,13.26125,65.0,5.5,-76,1769502964,3,3
2026-01-27 00:36:49.547222,0x433b0b38,13.24375,71.25,5.75,-73,1769503005,5,5
2026-01-27 00:38:07.444873,0x433acb14,13.2625,77.5,5.5,-87,1769503083,3,3
2026-01-27 00:41:02.183061,0x433ad35c,13.26,76.25,7.25,-54,1769503257,3,3
2026-01-27 00:41:10.902299,0x433abf20,13.24375,126.25,5.0,-77,1769503266,3,3
2026-01-27 00:41:51.470199,0x433b0b38,13.25,60.0,5.75,-73,1769503307,5,5
2026-01-27 00:43:08.387162,0x433acb14,13.26125,73.75,6.0,-85,1769503384,3,3
2026-01-27 00:43:13.885541,0x433b0098,13.23,75.0,6.0,-61,1769503389,2,2
2026-01-27 00:46:10.727400,0x433abf20,13.2625,63.75,5.5,-77,1769503566,3,3
2026-01-27 00:46:52.768750,0x433b0b38,13.24375,72.5,5.5,-73,1769503608,5,5
2026-01-27 00:48:08.811216,0x433acb14,13.265,63.75,6.0,-87,1769503684,3,3
2026-01-27 00:51:05.169027,0x433ad35c,13.26125,60.0,6.0,-55,1769503860,3,3
2026-01-27 00:51:12.787067,0x433abf20,13.26125,66.25,5.25,-76,1769503868,3,3
2026-01-27 00:51:53.318112,0x433b0b38,13.24375,72.5,5.25,-72,1769503909,5,5
2026-01-27 00:53:10.778697,0x433acb14,13.24125,130.0,5.75,-86,1769503986,3,3
2026-01-27 00:53:15.631395,0x433b0098,13.2325,63.75,7.0,-60,1769503991,2,2
2026-01-27 00:56:14.764112,0x433abf20,13.26,66.25,5.75,-76,1769504170,3,3
2026-01-27 00:56:55.411324,0x433b0b38,13.2475,58.75,5.75,-73,1769504211,5,5
2026-01-27 00:58:15.224565,0x433acb14,13.26125,72.5,5.5,-86,1769504290,3,3
2026-01-25 14:59:05.204666,0x433acb14,13.3275,128.75,2.0,-95,1769381944,3,3
2026-01-25 15:01:53.468162,0x433ad35c,13.28375,62.5,5.75,-54,1769382112,3,3
2026-01-25 15:02:53.911398,0x433b0b38,13.25875,60.0,6.5,-74,1769382172,5,5
2026-01-25 15:03:01.509402,0x433abf20,13.28,66.25,5.75,-76,1769382180,3,3
2026-01-25 15:04:07.556515,0x433acb14,13.35125,58.75,1.75,-96,1769382246,3,3
2026-01-25 15:05:29.782936,0x433b0098,13.31125,60.0,6.0,-61,1769382328,2,2
2026-01-25 15:07:51.762074,0x433aad0c,12.6225,61.25,6.0,-77,1769382470,3,3
2026-01-25 15:08:01.424290,0x433abf20,13.275,72.5,5.75,-76,1769382480,3,3
2026-01-25 15:08:04.893296,0x433b0b38,13.26125,62.5,6.0,-74,1769382483,5,5
2026-01-25 15:09:06.634889,0x433acb14,13.3475,61.25,-0.25,-98,1769382545,3,3
2026-01-25 15:11:54.901144,0x433ad35c,13.28625,63.75,7.25,-54,1769382713,3,3
2026-01-25 15:12:54.678226,0x433b0b38,13.255,70.0,6.0,-74,1769382773,5,5
2026-01-25 15:13:01.996727,0x433abf20,13.27625,77.5,6.0,-76,1769382780,3,3
2026-01-25 15:14:07.816145,0x433acb14,13.34375,77.5,0.75,-97,1769382846,3,3
2026-01-25 15:15:29.249172,0x433b0098,13.29875,72.5,6.0,-60,1769382928,2,2
2026-01-25 15:17:53.508999,0x433aad0c,12.61125,61.25,5.75,-77,1769383072,3,3
2026-01-25 15:17:56.031882,0x433b0b38,13.25625,73.75,6.5,-74,1769383075,5,5
2026-01-25 15:18:06.129829,0x433abf20,13.275,65.0,5.25,-76,1769383085,3,3
2026-01-25 15:19:10.357933,0x433acb14,13.34625,61.25,,-97,1769383149,3,3
2026-01-25 15:21:43.500284,0x433af380,13.19875,86.25,6.25,-39,1769383302,3,3
2026-01-25 15:21:56.473852,0x433ad35c,13.28375,65.0,5.75,-54,1769383315,3,3
2026-01-25 15:22:58.292090,0x433b0b38,13.26125,62.5,7.5,-74,1769383377,5,5
2026-01-25 15:23:06.358147,0x433abf20,13.28,65.0,5.75,-76,1769383385,3,3
2026-01-25 15:24:11.278351,0x433acb14,13.34375,61.25,-1.0,-99,1769383450,3,3
2026-01-25 15:25:29.460179,0x433b0098,13.28375,83.75,6.5,-61,1769383528,2,2
2026-01-25 15:27:52.164774,0x433aad0c,12.6,65.0,7.0,-76,1769383671,3,3
2026-01-25 15:28:03.814939,0x433b0b38,13.25625,72.5,7.0,-74,1769383682,5,5
2026-01-25 15:28:06.548853,0x433abf20,13.27375,77.5,5.5,-76,1769383685,3,3
2026-01-25 15:29:13.353686,0x433acb14,13.33875,75.0,0.5,-97,1769383752,3,3
2026-01-25 15:32:00.651292,0x433ad35c,13.285,63.75,6.75,-54,1769383919,3,3
2026-01-25 15:33:02.841883,0x433b0b38,13.25625,70.0,6.5,-74,1769383981,5,5
2026-01-25 15:33:06.093337,0x433abf20,13.2725,76.25,5.5,-77,1769383985,3,3
2026-01-25 15:34:18.231770,0x433acb14,13.34125,78.75,0.25,-97,1769384057,3,3
2026-01-25 15:35:29.922316,0x433b0098,13.28375,72.5,6.25,-60,1769384128,2,2
2026-01-25 15:37:52.406847,0x433aad0c,12.58375,75.0,6.25,-77,1769384271,3,3
2026-01-25 15:38:01.243812,0x433b0b38,13.26125,62.5,6.5,-73,1769384280,5,5
2026-01-25 15:38:09.890020,0x433abf20,13.27,77.5,5.75,-76,1769384288,3,3
2026-01-25 15:39:14.370094,0x433acb14,13.34,61.25,2.0,-96,1769384353,3,3
2026-01-25 15:42:03.013814,0x433ad35c,13.28,81.25,6.0,-54,1769384521,3,3
2026-01-25 15:43:04.287075,0x433b0b38,13.26125,58.75,7.5,-74,1769384583,5,5
2026-01-25 15:43:13.543670,0x433abf20,13.2775,63.75,5.75,-76,1769384592,3,3
2026-01-25 15:44:16.939254,0x433acb14,13.34125,65.0,3.75,-93,1769384655,3,3
2026-01-25 15:45:29.971908,0x433b0098,13.28375,58.75,6.0,-62,1769384728,2,2
2026-01-25 15:47:52.831545,0x433aad0c,12.56625,71.25,6.5,-76,1769384871,3,3
2026-01-25 15:48:05.345739,0x433b0b38,13.2575,70.0,5.5,-75,1769384884,5,5
2026-01-25 15:48:09.749660,0x433abf20,13.25625,122.5,5.5,-77,1769384888,3,3
2026-01-25 15:49:18.487518,0x433acb14,13.34,62.5,1.75,-95,1769384957,3,3
2026-01-25 15:52:04.853885,0x433ad35c,13.285,60.0,7.5,-54,1769385123,3,3
2026-01-25 15:53:07.713708,0x433b0b38,13.25625,72.5,7.0,-74,1769385186,5,5
2026-01-25 15:53:10.189985,0x433abf20,13.255,125.0,6.0,-76,1769385189,3,3
2026-01-25 15:54:20.418959,0x433acb14,13.34,66.25,6.25,-77,1769385259,3,2
2026-01-25 15:55:30.468288,0x433b0098,13.2475,120.0,6.25,-61,1769385329,2,2
2026-01-25 15:57:53.135341,0x433aad0c,12.5525,72.5,5.5,-78,1769385472,3,3
2026-01-25 15:58:08.378941,0x433b0b38,13.25625,70.0,7.25,-74,1769385487,5,5
2026-01-25 15:58:12.312907,0x433abf20,13.25375,136.25,5.5,-76,1769385491,3,3
2026-01-24 11:03:13.366688,0x433ad35c,13.2725,76.25,5.75,-58,,3,3
2026-01-24 11:04:14.537623,0x433b0b38,13.24375,61.25,5.25,-76,,5,5
2026-01-24 11:05:19.057390,0x433aad0c,13.055,68.75,6.0,-70,,3,3
2026-01-24 11:09:16.001379,0x433b0b38,13.24375,73.75,5.75,-77,,5,5
2026-01-24 11:13:12.786562,0x433af380,13.225,67.5,6.5,-34,,3,3
2026-01-24 11:13:14.325865,0x433ad35c,13.27625,61.25,6.0,-58,,3,3
2026-01-24 11:14:16.803495,0x433b0b38,13.24375,71.25,5.75,-77,,5,5
2026-01-24 11:15:19.197324,0x433aad0c,13.05875,58.75,6.0,-74,,3,3
2026-01-24 11:19:17.509296,0x433b0b38,13.25,62.5,5.25,-77,,5,5
2026-01-24 11:23:15.529206,0x433ad35c,13.27875,62.5,6.5,-58,,3,3
2026-01-24 11:24:19.942004,0x433b0b38,13.245,75.0,5.25,-78,,5,5
2026-01-24 11:25:20.551348,0x433aad0c,13.05625,57.5,5.25,-78,,3,3
2026-01-24 11:29:20.612675,0x433b0b38,13.25,63.75,5.25,-75,,5,5
2026-01-24 11:33:18.276242,0x433ad35c,13.275,71.25,5.25,-58,,3,3
2026-01-24 11:34:23.251230,0x433b0b38,13.245,67.5,5.25,-76,,5,5
2026-01-24 11:35:20.920122,0x433aad0c,13.05375,87.5,6.75,-77,,3,3
2026-01-24 11:39:22.381812,0x433b0b38,13.24375,73.75,6.25,-77,,5,5
2026-01-24 11:43:20.803734,0x433ad35c,13.28,62.5,6.5,-59,,3,3
2026-01-24 11:44:24.833278,0x433b0b38,13.245,75.0,5.75,-78,,5,5
2026-01-24 11:45:21.581758,0x433aad0c,13.025,145.0,7.0,-80,,3,3
2026-01-24 11:49:25.044441,0x433b0b38,13.2425,72.5,5.5,-76,,5,5
2026-01-24 11:53:25.149933,0x433ad35c,13.27875,71.25,7.0,-59,,3,3
2026-01-24 11:54:26.492691,0x433b0b38,13.24875,62.5,5.5,-79,,5,5
2026-01-24 11:55:29.825132,0x433aad0c,13.05,71.25,6.5,-74,,3,2
2026-01-24 11:59:30.748008,0x433b0b38,13.245,76.25,6.75,-78,,5,5
2026-01-28 04:03:10.737724,0x433abf20,13.27125,67.5,5.75,-75,1769601783,3,3
2026-01-28 04:04:08.026458,0x433b0b38,13.25375,63.75,6.0,-73,1769601841,5,5
2026-01-28 04:05:34.560896,0x433acb14,13.2525,66.25,5.0,-89,1769601927,3,3
2026-01-28 04:08:12.007234,0x433abf20,13.26625,73.75,6.25,-75,1769602085,3,3
2026-01-28 04:08:23.154090,0x433ad35c,13.27,63.75,6.25,-53,1769602096,3,3
2026-01-28 04:09:10.535936,0x433b0b38,13.25125,57.5,6.25,-73,1769602143,5,5
2026-01-28 04:10:22.438154,0x433b0098,13.24375,63.75,5.75,-61,1769602215,2,2
2026-01-28 04:10:34.240104,0x433acb14,13.25375,66.25,5.0,-89,1769602227,3,3
2026-01-28 04:13:12.591874,0x433abf20,13.26875,62.5,6.25,-74,1769602385,3,3
2026-01-28 04:14:11.199148,0x433b0b38,13.2525,63.75,6.0,-73,1769602444,5,5
2026-01-28 04:15:37.916058,0x433acb14,13.25375,61.25,4.75,-88,1769602531,3,3
2026-01-28 04:18:14.312802,0x433abf20,13.27125,61.25,6.0,-75,1769602687,3,3
2026-01-28 04:18:26.144092,0x433ad35c,13.27125,63.75,6.25,-53,1769602699,3,3
2026-01-28 04:19:12.382772,0x433b0b38,13.25,60.0,5.75,-72,1769602745,5,5
2026-01-28 04:20:23.954355,0x433b0098,13.245,60.0,7.25,-60,1769602817,2,2
2026-01-28 04:20:39.067647,0x433acb14,13.25375,66.25,4.25,-88,1769602832,3,3
2026-01-28 04:23:14.748877,0x433abf20,13.2675,60.0,5.75,-75,1769602987,3,3
2026-01-28 04:24:12.921259,0x433b0b38,13.25125,62.5,5.75,-73,1769603046,5,5
2026-01-28 04:25:39.952188,0x433acb14,13.25375,65.0,4.25,-88,1769603133,3,3
2026-01-28 04:28:16.881796,0x433abf20,13.27,61.25,6.0,-75,1769603289,3,3
2026-01-28 04:28:29.550757,0x433ad35c,13.2675,77.5,7.25,-52,1769603302,3,3
2026-01-28 04:29:15.607490,0x433b0b38,13.245,72.5,6.0,-72,1769603348,5,5
2026-01-28 04:30:27.749802,0x433b0098,13.24125,62.5,6.5,-60,1769603420,2,2
2026-01-28 04:30:40.954745,0x433acb14,13.24875,88.75,5.25,-89,1769603434,3,3
2026-01-28 04:32:37.460145,0x433af380,13.2,72.5,6.25,-38,1769603550,3,3
2026-01-28 04:33:17.509494,0x433abf20,13.26875,65.0,6.5,-74,1769603590,3,3
2026-01-28 04:34:15.458730,0x433b0b38,13.245,71.25,6.0,-72,1769603648,5,5
2026-01-28 04:35:42.258800,0x433acb14,13.25,68.75,4.5,-88,1769603735,3,3
2026-01-28 04:38:19.433227,0x433abf20,13.27,63.75,6.0,-75,1769603892,3,3
2026-01-28 04:38:32.791140,0x433ad35c,13.265,95.0,6.5,-53,1769603905,3,3
2026-01-28 04:39:16.713936,0x433b0b38,13.25125,62.5,5.75,-72,1769603949,5,5
2026-01-28 04:40:30.585729,0x433b0098,13.2375,73.75,6.25,-60,1769604023,2,2
2026-01-28 04:40:43.319486,0x433acb14,13.2525,76.25,5.25,-89,1769604036,3,3
2026-01-28 04:43:20.177284,0x433abf20,13.26,77.5,5.75,-74,1769604193,3,3
2026-01-28 04:44:17.980684,0x433b0b38,13.2525,58.75,6.0,-73,1769604251,5,5
2026-01-28 04:45:44.056369,0x433acb14,13.2475,73.75,4.75,-89,1769604337,3,3
2026-01-28 04:48:22.603407,0x433abf20,13.26625,68.75,6.0,-75,1769604495,3,3
2026-01-28 04:48:34.791118,0x433ad35c,13.26875,76.25,6.25,-54,1769604507,3,3
2026-01-28 04:49:20.288813,0x433b0b38,13.245,72.5,5.5,-72,1769604553,5,5
2026-01-28 04:50:33.538124,0x433b0098,13.23875,73.75,6.5,-60,1769604626,2,2
2026-01-28 04:50:46.721764,0x433acb14,13.2525,66.25,5.0,-89,1769604639,3,3
2026-01-28 04:53:24.165676,0x433abf20,13.27,65.0,6.0,-75,1769604797,3,3
2026-01-28 04:54:21.070021,0x433b0b38,13.25375,62.5,5.75,-73,1769604854,5,5
2026-01-28 04:55:47.325208,0x433acb14,13.25,67.5,4.75,-89,1769604940,3,3
2026-01-28 04:58:24.475085,0x433abf20,13.265,73.75,5.75,-75,1769605097,3,3
2026-01-28 04:58:37.827126,0x433ad35c,13.2675,76.25,6.25,-53,1769605110,3,3
2026-01-28 04:59:23.543803,0x433b0b38,13.2525,65.0,5.75,-73,1769605156,5,5
2026-01-28 05:00:34.498022,0x433b0098,13.2425,61.25,5.5,-61,1769605227,2,2
2026-01-28 05:00:48.395252,0x433acb14,13.2475,77.5,4.5,-90,1769605241,3,3
2026-01-25 13:06:08.893409,0x433b0b38,13.25125,57.5,5.75,-70,,5,5
2026-01-25 13:06:26.857834,0x433aad0c,12.7,71.25,4.75,-80,,3,3
2026-01-25 13:10:07.094959,0x433ad35c,13.27625,65.0,5.75,-53,,3,3
2026-01-25 13:11:07.614536,0x433b0b38,13.24875,56.25,5.0,-70,,5,5
2026-01-25 13:16:10.274476,0x433b0b38,13.22625,123.75,6.25,-70,,5,5
2026-01-25 13:16:26.930263,0x433aad0c,12.69875,65.0,5.5,-78,,3,3
2026-01-25 13:20:07.696354,0x433af380,13.16875,122.5,6.25,-39,,3,3
2026-01-25 13:20:10.771842,0x433ad35c,13.275,77.5,6.5,-53,,3,3
2026-01-25 13:21:10.146391,0x433b0b38,13.2475,75.0,5.5,-69,,5,5
2026-01-25 13:26:10.751204,0x433b0b38,13.25125,61.25,5.75,-71,,5,5
2026-01-25 13:26:29.087754,0x433aad0c,12.69375,62.5,5.75,-79,,3,3
2026-01-25 13:30:12.895001,0x433ad35c,13.27875,62.5,6.25,-53,,3,3
2026-01-25 13:31:12.693350,0x433b0b38,13.25375,60.0,5.75,-71,,5,5
2026-01-25 13:36:13.848161,0x433b0b38,13.2525,60.0,6.0,-69,,5,5
2026-01-25 13:36:27.827594,0x433aad0c,12.685,71.25,5.5,-78,,3,3
2026-01-25 13:40:17.117553,0x433ad35c,13.2775,73.75,6.25,-53,,3,3
2026-01-25 13:41:17.513337,0x433b0b38,13.2525,73.75,6.25,-71,,5,5
2026-01-25 13:46:19.274331,0x433b0b38,13.2525,76.25,6.0,-70,,5,5
2026-01-25 13:46:28.082553,0x433aad0c,12.68375,60.0,6.0,-74,,3,3
2026-01-25 13:50:17.371339,0x433ad35c,13.2775,61.25,6.0,-53,,3,3
2026-01-25 13:51:24.267829,0x433b0b38,13.24875,71.25,5.75,-70,,5,5
2026-01-25 13:57:36.560094,0x433b0b38,13.25,67.5,6.0,-70,,5,5
2026-01-25 13:57:45.201483,0x433aad0c,12.67375,75.0,7.0,-44,,3,2
2026-01-25 13:57:49.370194,0x433abf20,13.28875,62.5,5.5,-74,,3,3
2026-01-26 16:00:48.890272,0x433acb14,13.27125,137.5,2.0,-95,1769472045,3,3
2026-01-26 16:01:14.866324,0x433b0098,13.26,72.5,6.0,-61,1769472071,2,2
2026-01-26 16:03:54.094859,0x433abf20,13.275,75.0,5.5,-75,1769472230,3,3
2026-01-26 16:04:35.110095,0x433b0b38,13.2725,62.5,5.75,-73,1769472271,5,5
2026-01-26 16:05:49.175726,0x433acb14,13.295,72.5,2.5,-95,1769472345,3,3
2026-01-26 16:08:44.746227,0x433ad35c,13.28625,71.25,5.75,-53,1769472521,3,3
2026-01-26 16:08:57.214936,0x433abf20,13.275,72.5,5.25,-76,1769472533,3,3
2026-01-26 16:09:36.404275,0x433b0b38,13.2675,75.0,6.25,-73,1769472572,5,5
2026-01-26 16:10:51.365557,0x433acb14,13.29625,80.0,1.75,-95,1769472647,3,3
2026-01-26 16:11:16.659021,0x433b0098,13.26625,57.5,6.5,-62,1769472673,2,2
2026-01-26 16:13:58.549566,0x433abf20,13.27625,71.25,5.25,-76,1769472835,3,3
2026-01-26 16:14:38.044972,0x433b0b38,13.27125,58.75,5.75,-73,1769472874,5,5
2026-01-26 16:15:51.698435,0x433acb14,13.29,95.0,2.5,-95,1769472948,3,3
2026-01-26 16:18:48.055456,0x433ad35c,13.28625,73.75,6.25,-55,1769473124,3,3
2026-01-26 16:18:59.389093,0x433abf20,13.27875,71.25,5.75,-75,1769473135,3,3
2026-01-26 16:19:38.393933,0x433b0b38,13.27375,61.25,5.5,-73,1769473174,5,5
2026-01-26 16:20:55.914614,0x433acb14,13.3,62.5,2.0,-95,1769473252,3,3
2026-01-26 16:21:18.119193,0x433b0098,13.26,72.5,6.75,-62,1769473274,2,2
2026-01-26 16:23:59.169196,0x433abf20,13.2775,62.5,5.25,-76,1769473435,3,3
2026-01-26 16:24:40.067769,0x433b0b38,13.27375,62.5,6.0,-74,1769473476,5,5
2026-01-26 16:25:57.801318,0x433acb14,13.2975,66.25,3.25,-92,1769473554,3,3
2026-01-26 16:26:04.490333,0x433af380,13.23625,71.25,6.5,-39,1769473561,3,3
2026-01-26 16:28:50.534172,0x433ad35c,13.2875,76.25,6.25,-53,1769473727,3,3
2026-01-26 16:29:02.333773,0x433abf20,13.275,73.75,5.75,-76,1769473738,3,3
2026-01-26 16:29:40.957991,0x433b0b38,13.26,81.25,6.0,-73,1769473777,5,5
2026-01-26 16:30:56.959892,0x433acb14,13.295,77.5,2.75,-93,1769473853,3,3
2026-01-26 16:31:19.792739,0x433b0098,13.265,62.5,6.5,-62,1769473876,2,2
2026-01-26 16:34:03.165409,0x433abf20,13.27625,76.25,5.75,-76,1769474039,3,3
2026-01-26 16:34:43.014640,0x433b0b38,13.27375,60.0,6.0,-73,1769474079,5,5
2026-01-26 16:35:58.856422,0x433acb14,13.29625,76.25,4.0,-92,1769474155,3,3
2026-01-26 16:38:53.102227,0x433ad35c,13.29125,63.75,6.25,-54,1769474329,3,3
2026-01-26 16:39:06.765364,0x433abf20,13.27875,62.5,5.75,-76,1769474343,3,3
2026-01-26 16:39:43.535717,0x433b0b38,13.27,68.75,6.0,-73,1769474380,5,5
2026-01-26 16:40:58.843166,0x433acb14,13.2975,73.75,3.25,-92,1769474455,3,3
2026-01-26 16:41:20.987586,0x433b0098,13.26625,60.0,6.25,-62,1769474477,2,2
2026-01-26 16:44:04.540225,0x433abf20,13.27875,65.0,5.75,-75,1769474641,3,3
2026-01-26 16:44:47.618303,0x433b0b38,13.275,60.0,5.75,-73,1769474684,5,5
2026-01-26 16:46:00.027254,0x433acb14,13.2975,60.0,3.5,-92,1769474756,3,3
2026-01-26 16:48:55.058053,0x433ad35c,13.29,63.75,6.75,-53,1769474931,3,3
2026-01-26 16:49:06.616211,0x433abf20,13.28,63.75,5.5,-76,1769474943,3,3
2026-01-26 16:49:49.268516,0x433b0b38,13.27375,60.0,5.75,-73,1769474985,5,5
2026-01-26 16:51:07.063808,0x433acb14,13.295,73.75,4.0,-91,1769475063,3,3
2026-01-26 16:51:23.227239,0x433b0098,13.26125,73.75,5.75,-62,1769475079,2,2
2026-01-26 16:54:07.200670,0x433abf20,13.2775,73.75,6.0,-75,1769475243,3,3
2026-01-26 16:54:48.861964,0x433b0b38,13.27,71.25,5.75,-72,1769475285,5,5
2026-01-26 16:56:06.697082,0x433acb14,13.29625,73.75,3.75,-92,1769475363,3,3
2026-01-26 16:58:58.507500,0x433ad35c,13.29125,63.75,6.0,-53,1769475535,3,3
2026-01-26 16:59:08.286267,0x433abf20,13.28,61.25,5.5,-76,1769475544,3,3
2026-01-26 16:59:49.037832,0x433b0b38,13.275,63.75,5.75,-73,1769475585,5,5
2026-01-24 08:02:26.898946,0x433ad35c,13.2625,63.75,6.0,-60,,3,3
2026-01-24 08:03:27.291210,0x433b0b38,13.24375,80.0,5.75,-76,,5,5
2026-01-24 08:05:14.580243,0x433aad0c,13.07375,70.0,5.5,-70,,3,3
2026-01-24 08:08:27.643471,0x433b0b38,13.2475,63.75,5.75,-76,,5,5
2026-01-24 08:12:23.972508,0x433af380,13.20375,82.5,6.75,-34,,3,3
2026-01-24 08:12:27.089642,0x433ad35c,13.25875,77.5,6.75,-59,,3,3
2026-01-24 08:13:28.829574,0x433b0b38,13.2475,65.0,5.75,-76,,5,5
2026-01-24 08:15:14.842873,0x433aad0c,13.07625,56.25,5.75,-69,,3,3
2026-01-24 08:18:30.341418,0x433b0b38,13.24125,86.25,5.5,-76,,5,5
2026-01-24 08:22:28.692338,0x433ad35c,13.2625,61.25,6.75,-59,,3,3
2026-01-24 08:23:31.267249,0x433b0b38,13.24,83.75,5.0,-76,,5,5
2026-01-24 08:25:15.381403,0x433aad0c,13.07625,60.0,5.75,-70,,3,3
2026-01-24 08:28:34.907503,0x433b0b38,13.2425,75.0,5.75,-75,,5,5
2026-01-24 08:32:30.689827,0x433ad35c,13.26125,62.5,6.0,-58,,3,3
2026-01-24 08:33:35.101160,0x433b0b38,13.24125,71.25,5.5,-75,,5,5
2026-01-24 08:35:15.266645,0x433aad0c,13.075,57.5,5.5,-70,,3,3
2026-01-24 08:38:37.764692,0x433b0b38,13.24625,60.0,5.75,-75,,5,5
2026-01-24 08:42:33.678228,0x433ad35c,13.24125,145.0,6.5,-57,,3,3
2026-01-24 08:43:37.490702,0x433b0b38,13.24625,63.75,5.5,-76,,5,5
2026-01-24 08:45:15.513313,0x433aad0c,13.07375,62.5,5.75,-70,,3,3
2026-01-24 08:48:39.440543,0x433b0b38,13.245,63.75,5.5,-75,,5,5
2026-01-24 08:52:37.061068,0x433ad35c,13.24375,131.25,6.5,-58,,3,3
2026-01-24 08:53:40.874567,0x433b0b38,13.24375,77.5,5.75,-75,,5,5
2026-01-24 08:55:15.779695,0x433aad0c,13.06625,70.0,5.75,-71,,3,3
2026-01-24 08:58:40.535464,0x433b0b38,13.21375,130.0,5.75,-75,,5,5
2026-01-27 05:02:04.886170,0x433abf20,13.255,62.5,5.5,-76,1769518920,3,3
2026-01-27 05:02:11.897531,0x433ad35c,13.25125,76.25,6.25,-55,1769518927,3,3
2026-01-27 05:03:00.078882,0x433b0b38,13.2375,63.75,6.0,-72,1769518975,5,5
2026-01-27 05:04:19.104763,0x433b0098,13.215,70.0,5.75,-60,1769519054,2,2
2026-01-27 05:04:23.435950,0x433acb14,13.25875,66.25,5.25,-86,1769519058,3,3
2026-01-27 05:07:07.074640,0x433abf20,13.255,62.5,5.5,-75,1769519222,3,3
2026-01-27 05:08:01.633139,0x433b0b38,13.24,63.75,6.0,-72,1769519277,5,5
2026-01-27 05:09:24.705402,0x433acb14,13.25875,67.5,5.5,-86,1769519360,3,3
2026-01-27 05:12:09.637049,0x433abf20,13.2525,73.75,5.25,-76,1769519525,3,3
2026-01-27 05:12:18.236899,0x433ad35c,13.25375,65.0,6.0,-55,1769519533,3,3
2026-01-27 05:13:02.833245,0x433b0b38,13.23875,65.0,5.75,-71,1769519578,5,5
2026-01-27 05:14:22.270410,0x433b0098,13.2175,61.25,7.75,-60,1769519657,2,2
2026-01-27 05:14:26.792109,0x433acb14,13.255,76.25,5.5,-85,1769519662,3,3
2026-01-27 05:17:11.661968,0x433abf20,13.25125,75.0,5.5,-76,1769519827,3,3
2026-01-27 05:18:03.545214,0x433b0b38,13.23875,62.5,5.75,-73,1769519878,5,5
2026-01-27 05:19:27.538637,0x433acb14,13.2525,76.25,5.0,-86,1769519962,3,3
2026-01-27 05:22:10.609606,0x433abf20,13.25375,62.5,5.25,-76,1769520125,3,3
2026-01-27 05:22:19.072114,0x433ad35c,13.25,72.5,6.5,-55,1769520134,3,3
2026-01-27 05:23:04.537078,0x433b0b38,13.23875,66.25,6.25,-72,1769520179,5,5
2026-01-27 05:24:30.197819,0x433acb14,13.2525,73.75,4.25,-85,1769520265,3,3
2026-01-27 05:24:34.289528,0x433b0098,13.21375,73.75,5.75,-61,1769520269,2,2
2026-01-27 05:27:10.957684,0x433abf20,13.255,65.0,5.25,-76,1769520426,3,3
2026-01-27 05:28:06.936274,0x433b0b38,13.2325,73.75,5.75,-72,1769520482,5,5
2026-01-27 05:28:15.221798,0x433af380,13.19625,70.0,6.5,-38,1769520490,3,3
2026-01-27 05:29:30.306736,0x433acb14,13.25375,76.25,4.75,-86,1769520565,3,3
2026-01-27 05:32:15.557503,0x433abf20,13.255,67.5,5.75,-76,1769520730,3,3
2026-01-27 05:32:23.593954,0x433ad35c,13.2525,67.5,6.25,-54,1769520738,3,3
2026-01-27 05:33:07.085194,0x433b0b38,13.2325,75.0,6.0,-72,1769520782,5,5
2026-01-27 05:34:27.507203,0x433b0098,13.22125,65.0,7.0,-60,1769520862,2,2
2026-01-27 05:34:32.745526,0x433acb14,13.2325,122.5,4.25,-85,1769520868,3,3
2026-01-27 05:37:15.914436,0x433abf20,13.25375,66.25,5.5,-76,1769521031,3,3
2026-01-27 05:38:09.268537,0x433b0b38,13.2325,72.5,5.75,-72,1769521084,5,5
2026-01-27 05:39:33.754484,0x433acb14,13.25375,77.5,5.25,-85,1769521169,3,3
2026-01-27 05:42:17.181402,0x433abf20,13.25125,75.0,5.75,-75,1769521332,3,3
2026-01-27 05:42:25.180990,0x433ad35c,13.25375,63.75,6.75,-55,1769521340,3,3
2026-01-27 05:43:09.600321,0x433b0b38,13.2325,75.0,6.0,-72,1769521384,5,5
2026-01-27 05:44:28.494590,0x433b0098,13.2125,75.0,6.25,-60,1769521463,2,2
2026-01-27 05:44:34.981196,0x433acb14,13.2525,72.5,4.0,-85,1769521470,3,3
2026-01-27 05:47:16.077373,0x433abf20,13.24875,73.75,5.25,-76,1769521631,3,3
2026-01-27 05:48:11.601932,0x433b0b38,13.2375,62.5,5.5,-71,1769521686,5,5
2026-01-27 05:49:36.408538,0x433acb14,13.25375,77.5,4.5,-85,1769521771,3,3
2026-01-27 05:52:18.037203,0x433abf20,13.255,66.25,5.5,-76,1769521933,3,3
2026-01-27 05:52:27.691258,0x433ad35c,13.25125,63.75,6.25,-55,1769521943,3,3
2026-01-27 05:53:14.268104,0x433b0b38,13.2325,75.0,5.75,-71,1769521989,5,5
2026-01-27 05:54:34.150822,0x433b0098,13.21875,65.0,6.75,-60,1769522069,2,2
2026-01-27 05:54:36.981416,0x433acb14,13.2475,76.25,4.5,-86,1769522072,3,3
2026-01-27 05:57:20.291648,0x433abf20,13.2525,66.25,5.5,-76,1769522235,3,3
2026-01-27 05:58:14.204210,0x433b0b38,13.21125,123.75,6.25,-72,1769522289,5,5
2026-01-27 05:59:39.427348,0x433acb14,13.2575,67.5,5.25,-85,1769522374,3,3
2026-01-26 11:00:10.606604,0x433b0098,13.20375,117.5,6.0,-60,1769454007,2,2
2026-01-26 11:02:52.384834,0x433abf20,13.25875,72.5,6.0,-76,1769454169,3,3
2026-01-26 11:03:13.950562,0x433b0b38,13.2375,75.0,5.5,-73,1769454191,5,5
2026-01-26 11:04:34.273056,0x433acb14,13.29,63.75,3.75,-91,1769454271,3,3
2026-01-26 11:07:26.514056,0x433ad35c,13.27625,63.75,6.25,-55,1769454443,3,3
2026-01-26 11:07:52.335922,0x433abf20,13.25625,76.25,5.5,-76,1769454469,3,3
2026-01-26 11:08:15.142574,0x433b0b38,13.24125,73.75,6.0,-74,1769454492,5,5
2026-01-26 11:09:33.847819,0x433acb14,13.285,75.0,4.5,-91,1769454570,3,3
2026-01-26 11:10:13.693650,0x433b0098,13.23375,73.75,6.25,-61,1769454610,2,2
2026-01-26 11:12:53.629588,0x433abf20,13.25875,71.25,5.75,-75,1769454770,3,3
2026-01-26 11:13:16.436699,0x433b0b38,13.24375,62.5,6.0,-74,1769454793,5,5
2026-01-26 11:14:32.931408,0x433acb14,13.29,63.75,0.25,-97,1769454870,3,3
2026-01-26 11:17:26.854919,0x433ad35c,13.275,63.75,6.25,-53,1769455043,3,3
2026-01-26 11:17:54.881888,0x433abf20,13.25875,73.75,5.5,-76,1769455071,3,3
2026-01-26 11:18:18.393334,0x433b0b38,13.24625,65.0,6.25,-74,1769455095,5,5
2026-01-26 11:19:37.483356,0x433acb14,13.285,76.25,1.0,-96,1769455174,3,3
2026-01-26 11:20:14.752712,0x433b0098,13.23875,63.75,5.75,-62,1769455211,2,2
2026-01-26 11:22:58.374666,0x433abf20,13.26125,65.0,5.5,-75,1769455375,3,3
2026-01-26 11:23:19.697023,0x433b0b38,13.215,132.5,4.75,-73,1769455396,5,5
2026-01-26 11:24:36.218354,0x433acb14,13.28125,75.0,-0.75,-99,1769455473,3,3
2026-01-26 11:25:02.755370,0x433af380,13.20875,76.25,6.0,-40,1769455499,3,3
2026-01-26 11:27:29.473167,0x433ad35c,13.275,66.25,7.0,-53,1769455646,3,3
2026-01-26 11:27:56.628438,0x433abf20,13.2575,73.75,5.75,-75,1769455673,3,3
2026-01-26 11:28:21.018917,0x433b0b38,13.24,70.0,6.5,-73,1769455698,5,5
2026-01-26 11:29:39.617805,0x433acb14,13.285,76.25,0.5,-97,1769455776,3,3
2026-01-26 11:30:17.425249,0x433b0098,13.24125,60.0,5.75,-62,1769455814,2,2
2026-01-26 11:32:57.658356,0x433abf20,13.26,90.0,5.75,-76,1769455974,3,3
2026-01-26 11:33:23.663120,0x433b0b38,13.23875,73.75,6.0,-72,1769456000,5,5
2026-01-26 11:34:40.602325,0x433acb14,13.29,61.25,,-98,1769456077,3,3
2026-01-26 11:37:32.887234,0x433ad35c,13.27375,90.0,6.5,-54,1769456249,3,3
2026-01-26 11:37:58.199244,0x433abf20,13.2625,71.25,5.5,-76,1769456275,3,3
2026-01-26 11:38:24.350240,0x433b0b38,13.245,62.5,5.75,-72,1769456301,5,5
2026-01-26 11:39:40.518248,0x433acb14,13.29,63.75,-0.25,-98,1769456377,3,3
2026-01-26 11:40:19.133396,0x433b0098,13.24125,61.25,5.75,-61,1769456416,2,2
2026-01-26 11:42:59.433925,0x433abf20,13.26375,76.25,6.0,-76,1769456576,3,3
2026-01-26 11:43:28.922379,0x433b0b38,13.23875,73.75,5.75,-73,1769456605,5,5
2026-01-26 11:44:56.327308,0x433acb14,13.285,73.75,5.25,-79,1769456693,3,2
2026-01-26 11:47:34.525617,0x433ad35c,13.2775,63.75,7.5,-54,1769456851,3,3
2026-01-26 11:48:00.820450,0x433abf20,13.26,75.0,5.5,-75,1769456877,3,3
2026-01-26 11:48:28.870340,0x433b0b38,13.24125,73.75,6.25,-74,1769456905,5,5
2026-01-26 11:49:42.437343,0x433acb14,13.285,75.0,4.75,-89,1769456979,3,3
2026-01-26 11:50:21.897040,0x433b0098,13.2425,61.25,6.0,-62,1769457018,2,2
2026-01-26 11:53:02.296122,0x433abf20,13.2675,65.0,5.75,-76,1769457179,3,3
2026-01-26 11:53:29.263389,0x433b0b38,13.245,61.25,6.0,-73,1769457206,5,5
2026-01-26 11:54:43.691152,0x433acb14,13.2875,77.5,1.25,-96,1769457280,3,3
2026-01-26 11:57:37.554669,0x433ad35c,13.27625,73.75,5.75,-53,1769457454,3,3
2026-01-26 11:58:02.034828,0x433abf20,13.26375,73.75,5.75,-76,1769457479,3,3
2026-01-26 11:58:30.604624,0x433b0b38,13.23375,95.0,5.5,-73,1769457507,5,5
2026-01-26 11:59:45.575732,0x433acb14,13.28875,76.25,2.75,-94,1769457582,3,3
2026-01-25 17:59:52.271244,0x433acb14,13.32375,66.25,2.75,-94,1769392790,3,3
2026-01-25 18:02:40.514672,0x433ad35c,13.2825,75.0,6.5,-54,1769392959,3,3
2026-01-25 18:03:41.677209,0x433b0b38,13.2625,60.0,5.75,-73,1769393020,5,5
2026-01-25 18:03:44.764513,0x433abf20,13.27125,65.0,5.75,-76,1769393023,3,3
2026-01-25 18:04:53.374976,0x433acb14,13.32375,67.5,2.75,-94,1769393092,3,3
2026-01-25 18:05:55.853538,0x433b0098,13.25625,62.5,6.25,-61,1769393154,2,2
2026-01-25 18:08:46.743444,0x433b0b38,13.25875,71.25,5.5,-74,1769393325,5,5
2026-01-25 18:08:49.778338,0x433abf20,13.26625,68.75,5.5,-77,1769393328,3,3
2026-01-25 18:09:55.088247,0x433acb14,13.325,63.75,2.75,-93,1769393393,3,3
2026-01-25 18:12:43.016036,0x433ad35c,13.28625,65.0,6.0,-54,1769393561,3,3
2026-01-25 18:13:43.528749,0x433b0b38,13.2625,73.75,6.0,-74,1769393622,5,5
2026-01-25 18:13:46.103487,0x433abf20,13.26875,76.25,6.25,-77,1769393624,3,3
2026-01-25 18:14:55.578430,0x433acb14,13.32125,77.5,2.25,-93,1769393694,3,3
2026-01-25 18:15:57.530325,0x433b0098,13.24875,77.5,5.75,-62,1769393756,2,2
2026-01-25 18:18:46.072209,0x433b0b38,13.25875,72.5,5.75,-73,1769393924,5,5
2026-01-25 18:18:54.419914,0x433abf20,13.26625,71.25,5.25,-77,1769393933,3,3
2026-01-25 18:19:56.925320,0x433acb14,13.3225,62.5,2.25,-93,1769393995,3,3
2026-01-25 18:22:09.095794,0x433af380,13.2175,68.75,6.25,-38,1769394127,3,3
2026-01-25 18:22:51.129918,0x433ad35c,13.2825,76.25,6.25,-54,1769394169,3,3
2026-01-25 18:23:47.803594,0x433b0b38,13.26375,65.0,6.25,-73,1769394226,5,5
2026-01-25 18:23:51.289908,0x433abf20,13.2725,66.25,5.5,-76,1769394229,3,3
2026-01-25 18:25:02.925120,0x433acb14,13.3225,61.25,2.5,-93,1769394301,3,3
2026-01-25 18:26:01.220319,0x433b0098,13.25875,62.5,6.0,-61,1769394359,2,2
2026-01-25 18:28:47.609491,0x433b0b38,13.25875,73.75,6.0,-73,1769394526,5,5
2026-01-25 18:28:59.743383,0x433abf20,13.27125,66.25,5.5,-76,1769394538,3,3
2026-01-25 18:30:01.721130,0x433acb14,13.3225,61.25,3.0,-93,1769394600,3,3
2026-01-25 18:32:48.846106,0x433ad35c,13.2825,75.0,6.25,-53,1769394767,3,3
2026-01-25 18:33:48.173636,0x433b0b38,13.26375,61.25,6.25,-74,1769394826,5,5
2026-01-25 18:33:52.517620,0x433abf20,13.2675,77.5,5.0,-76,1769394831,3,3
2026-01-25 18:35:04.879914,0x433acb14,13.32,65.0,3.0,-92,1769394903,3,3
2026-01-25 18:36:01.821048,0x433b0098,13.25375,66.25,6.0,-60,1769394960,2,2
2026-01-25 18:38:53.154600,0x433abf20,13.27125,62.5,5.75,-76,1769395131,3,3
2026-01-25 18:38:58.468982,0x433b0b38,13.25875,73.75,5.75,-75,1769395137,5,4
2026-01-25 18:42:52.132021,0x433ad35c,13.28375,65.0,6.25,-54,1769395370,3,3
2026-01-25 18:43:52.432079,0x433b0b38,13.26,76.25,5.5,-74,1769395431,5,5
2026-01-25 18:43:56.300851,0x433abf20,13.26625,73.75,5.5,-77,1769395434,3,3
2026-01-25 18:45:05.955776,0x433acb14,13.32,65.0,2.75,-93,1769395504,3,3
2026-01-25 18:46:04.863800,0x433b0098,13.2525,63.75,6.25,-60,1769395563,2,2
2026-01-25 18:48:52.790891,0x433b0b38,13.25625,73.75,6.0,-74,1769395731,5,5
2026-01-25 18:48:57.234174,0x433abf20,13.27,63.75,5.75,-77,1769395735,3,3
2026-01-25 18:50:08.922725,0x433acb14,13.31875,75.0,3.25,-93,1769395807,3,3
2026-01-25 18:52:54.761615,0x433ad35c,13.2825,75.0,6.0,-53,1769395973,3,3
2026-01-25 18:53:54.029281,0x433b0b38,13.25875,76.25,5.5,-74,1769396032,5,5
2026-01-25 18:53:59.143126,0x433abf20,13.24875,123.75,6.5,-76,1769396037,3,3
2026-01-25 18:55:10.207802,0x433acb14,13.3175,63.75,2.5,-93,1769396108,3,3
2026-01-25 18:56:05.502915,0x433b0098,13.245,75.0,6.0,-61,1769396164,2,2
2026-01-25 18:58:56.247613,0x433b0b38,13.26125,65.0,5.75,-74,1769396334,5,5
2026-01-25 18:58:58.637272,0x433abf20,13.27125,65.0,5.5,-77,1769396337,3,3
2026-01-28 09:04:28.150612,0x433abf20,13.26625,63.75,6.25,-75,1769619860,3,3
2026-01-28 09:05:26.146131,0x433b0b38,13.24625,61.25,5.75,-73,1769619918,5,5
2026-01-28 09:06:54.059554,0x433acb14,13.24,80.0,3.75,-92,1769620006,3,3
2026-01-28 09:09:29.271213,0x433abf20,13.26375,65.0,6.0,-74,1769620161,3,3
2026-01-28 09:09:47.979658,0x433ad35c,13.26625,65.0,6.75,-54,1769620180,3,3
2026-01-28 09:10:28.093839,0x433b0b38,13.24875,63.75,5.75,-73,1769620220,5,5
2026-01-28 09:11:35.312160,0x433b0098,13.2325,72.5,6.25,-62,1769620287,2,2
2026-01-28 09:11:54.627475,0x433acb14,13.23875,76.25,2.75,-92,1769620307,3,3
2026-01-28 09:14:31.637710,0x433abf20,13.26,73.75,5.75,-75,1769620464,3,3
2026-01-28 09:15:28.678021,0x433b0b38,13.2425,71.25,5.75,-73,1769620521,5,5
2026-01-28 09:16:57.134440,0x433acb14,13.245,67.5,3.0,-93,1769620609,3,3
2026-01-28 09:19:34.548444,0x433abf20,13.26375,62.5,6.0,-75,1769620767,3,3
2026-01-28 09:19:50.615726,0x433ad35c,13.2675,61.25,7.0,-54,1769620783,3,3
2026-01-28 09:20:29.937679,0x433b0b38,13.2425,70.0,5.75,-72,1769620822,5,5
2026-01-28 09:21:36.764703,0x433b0098,13.2375,58.75,5.5,-62,1769620889,2,2
2026-01-28 09:21:58.892916,0x433acb14,13.2425,63.75,4.25,-54,1769620911,3,2
2026-01-28 09:24:35.166326,0x433abf20,13.26,76.25,6.25,-74,1769621067,3,3
2026-01-28 09:25:32.882060,0x433b0b38,13.24625,63.75,5.75,-72,1769621125,5,5
2026-01-28 09:26:59.100670,0x433acb14,13.24375,67.5,3.25,-93,1769621211,3,3
2026-01-28 09:29:52.453100,0x433ad35c,13.24625,143.75,6.25,-54,1769621385,3,3
2026-01-28 09:30:34.444473,0x433b0b38,13.2475,60.0,5.75,-72,1769621427,5,5
2026-01-28 09:31:40.942415,0x433b0098,13.23875,62.5,6.5,-62,1769621493,2,2
2026-01-28 09:32:00.191168,0x433acb14,13.24125,73.75,2.5,-95,1769621512,3,3
2026-01-28 09:33:40.379780,0x433af380,13.2,68.75,6.25,-39,1769621612,3,3
2026-01-28 09:34:41.855655,0x433abf20,13.24625,125.0,6.25,-75,1769621674,3,3
2026-01-28 09:35:34.295436,0x433b0b38,13.24125,73.75,5.75,-73,1769621726,5,5
2026-01-28 09:37:01.915389,0x433acb14,13.24625,65.0,2.25,-93,1769621814,3,3
2026-01-28 09:39:38.173626,0x433abf20,13.26375,73.75,6.0,-75,1769621970,3,3
2026-01-28 09:39:57.865983,0x433ad35c,13.26875,60.0,6.5,-54,1769621990,3,3
2026-01-28 09:40:36.076898,0x433b0b38,13.2425,76.25,5.5,-73,1769622028,5,5
2026-01-28 09:41:44.156187,0x433b0098,13.24125,57.5,6.25,-62,1769622096,2,2
2026-01-28 09:42:03.189243,0x433acb14,13.24625,63.75,3.25,-93,1769622115,3,3
2026-01-28 09:44:38.676596,0x433abf20,13.265,62.5,5.75,-75,1769622271,3,3
2026-01-28 09:45:37.917118,0x433b0b38,13.2425,71.25,5.75,-72,1769622330,5,5
2026-01-28 09:47:04.428646,0x433acb14,13.24375,76.25,2.75,-93,1769622417,3,3
2026-01-23 23:04:55.649750,0x433aad0c,13.11,73.75,5.75,-71,,3,3
2026-01-23 23:06:17.979796,0x433b0b38,13.24375,73.75,5.0,-77,,5,5
2026-01-23 23:10:00.609949,0x433af380,13.22125,72.5,6.0,-33,,3,3
2026-01-23 23:10:04.349285,0x433ad35c,13.26,72.5,5.75,-59,,3,3
2026-01-23 23:11:19.154028,0x433b0b38,13.25,65.0,6.5,-76,,5,5
2026-01-23 23:14:55.827257,0x433aad0c,13.1125,63.75,6.0,-71,,3,3
2026-01-23 23:16:20.301268,0x433b0b38,13.2425,68.75,6.0,-77,,5,5
2026-01-23 23:20:05.212530,0x433ad35c,13.2625,61.25,6.5,-58,,3,3
2026-01-23 23:21:22.175813,0x433b0b38,13.245,70.0,6.25,-77,,5,5
2026-01-23 23:24:56.059666,0x433aad0c,13.11125,67.5,5.75,-70,,3,3
2026-01-23 23:26:22.643405,0x433b0b38,13.24375,76.25,5.25,-77,,5,5
2026-01-23 23:30:08.785524,0x433ad35c,13.2625,66.25,5.75,-58,,3,3
2026-01-23 23:31:23.793362,0x433b0b38,13.24875,61.25,5.75,-77,,5,5
2026-01-23 23:34:56.376591,0x433aad0c,13.1075,71.25,6.5,-70,,3,3
2026-01-23 23:36:25.681159,0x433b0b38,13.24375,71.25,6.0,-77,,5,5
2026-01-23 23:40:10.590256,0x433ad35c,13.26125,66.25,5.75,-58,,3,3
2026-01-23 23:41:26.110233,0x433b0b38,13.2475,61.25,6.0,-77,,5,5
2026-01-23 23:44:56.590356,0x433aad0c,13.11,57.5,5.75,-70,,3,3
2026-01-23 23:46:27.902190,0x433b0b38,13.2425,80.0,5.5,-76,,5,5
2026-01-23 23:50:13.453607,0x433ad35c,13.245,131.25,5.75,-58,,3,3
2026-01-23 23:51:30.266272,0x433b0b38,13.245,73.75,6.25,-77,,5,5
2026-01-23 23:54:57.003399,0x433aad0c,13.10625,68.75,5.25,-71,,3,3
2026-01-23 23:56:31.515214,0x433b0b38,13.2425,70.0,6.25,-77,,5,5
2026-01-24 00:00:16.520051,0x433ad35c,13.25875,76.25,5.75,-58,,3,3
2026-01-25 00:02:38.593554,0x433b0b38,13.2275,123.75,5.25,-78,,5,5
2026-01-25 00:05:48.594795,0x433aad0c,12.9475,66.25,6.0,-70,,3,3
2026-01-25 00:06:38.924554,0x433ad35c,13.24375,145.0,5.75,-56,,3,3
2026-01-25 00:07:49.419684,0x433b0b38,13.2525,58.75,5.25,-75,,5,4
2026-01-25 00:12:40.520153,0x433b0b38,13.225,123.75,5.75,-78,,5,5
2026-01-25 00:15:49.841122,0x433aad0c,12.945,66.25,5.5,-69,,3,3
2026-01-25 00:16:40.064725,0x433af380,13.21875,67.5,7.25,-34,,3,3
2026-01-25 00:16:43.236916,0x433ad35c,13.26375,68.75,6.25,-55,,3,3
2026-01-25 00:17:44.176618,0x433b0b38,13.2475,75.0,6.0,-78,,5,5
2026-01-25 00:22:44.853462,0x433b0b38,13.245,75.0,5.5,-77,,5,5
2026-01-25 00:25:50.098445,0x433aad0c,12.93625,71.25,5.5,-69,,3,3
2026-01-25 00:26:45.110741,0x433ad35c,13.245,135.0,6.0,-56,,3,3
2026-01-25 00:27:50.879715,0x433b0b38,13.25,58.75,5.75,-76,,5,4
2026-01-25 00:32:47.209559,0x433b0b38,13.22625,122.5,5.75,-78,,5,5
2026-01-25 00:35:51.158463,0x433aad0c,12.93875,66.25,5.75,-70,,3,3
2026-01-25 00:36:48.572402,0x433ad35c,13.245,133.75,6.0,-56,,3,3
2026-01-25 00:37:48.138114,0x433b0b38,13.2175,132.5,5.75,-78,,5,5
2026-01-25 00:42:49.339528,0x433b0b38,13.21625,133.75,5.75,-77,,5,5
2026-01-25 00:45:53.007723,0x433aad0c,12.93125,75.0,6.0,-69,,3,3
2026-01-25 00:46:53.663244,0x433ad35c,13.2425,142.5,6.25,-55,,3,3
2026-01-25 00:47:54.092163,0x433b0b38,13.245,75.0,5.25,-78,,5,5
2026-01-25 00:52:55.557190,0x433b0b38,13.24875,62.5,5.75,-78,,5,5
2026-01-25 00:55:51.557932,0x433aad0c,12.93125,68.75,6.0,-70,,3,3
2026-01-25 00:56:55.991383,0x433ad35c,13.2625,66.25,6.25,-56,,3,3
2026-01-25 00:57:53.664793,0x433b0b38,13.21875,132.5,5.75,-78,,5,5
2026-01-27 16:00:53.529480,0x433b0b38,13.26,63.75,6.0,-72,1769558447,5,5
2026-01-27 16:02:22.705353,0x433acb14,13.27375,72.5,4.0,-91,1769558537,3,3
2026-01-27 16:04:57.643022,0x433abf20,13.275,75.0,5.5,-75,1769558691,3,3
2026-01-27 16:05:10.481013,0x433ad35c,13.28625,60.0,6.0,-53,1769558704,3,3
2026-01-27 16:05:55.405729,0x433b0b38,13.26,58.75,6.5,-73,1769558749,5,5
2026-01-27 16:07:14.241274,0x433b0098,13.2525,58.75,7.0,-61,1769558828,2,2
2026-01-27 16:07:28.235455,0x433acb14,13.27625,76.25,2.75,-94,1769558842,3,3
2026-01-27 16:09:59.349967,0x433abf20,13.27875,63.75,5.75,-75,1769558993,3,3
2026-01-27 16:10:57.577843,0x433b0b38,13.26,72.5,6.25,-73,1769559051,5,5
2026-01-27 16:12:24.573900,0x433acb14,13.27625,75.0,3.75,-92,1769559138,3,3
2026-01-27 16:15:00.326318,0x433abf20,13.275,75.0,6.0,-77,1769559294,3,3
2026-01-27 16:15:13.234159,0x433ad35c,13.2875,63.75,6.5,-53,1769559307,3,3
2026-01-27 16:15:58.662877,0x433b0b38,13.25625,71.25,6.25,-71,1769559352,5,5
2026-01-27 16:17:18.647193,0x433b0098,13.2525,62.5,6.25,-61,1769559432,2,2
2026-01-27 16:17:25.502026,0x433acb14,13.275,73.75,-3.25,-101,1769559439,3,3
2026-01-27 16:20:01.774940,0x433abf20,13.28,65.0,5.0,-76,1769559596,3,3
2026-01-27 16:20:59.200079,0x433b0b38,13.26125,63.75,5.75,-72,1769559653,5,5
2026-01-27 16:22:26.199791,0x433acb14,13.28,66.25,3.75,-91,1769559740,3,3
2026-01-27 16:25:02.971345,0x433abf20,13.275,62.5,5.75,-75,1769559897,3,3
2026-01-27 16:25:15.633779,0x433ad35c,13.28625,57.5,5.75,-53,1769559909,3,3
2026-01-27 16:26:00.646166,0x433b0b38,13.26125,60.0,6.25,-72,1769559954,5,5
2026-01-27 16:27:19.688095,0x433b0098,13.24625,75.0,5.75,-61,1769560033,2,2
2026-01-27 16:27:27.144684,0x433acb14,13.27375,76.25,2.25,-95,1769560041,3,3
2026-01-27 16:30:04.212851,0x433abf20,13.27875,60.0,5.25,-76,1769560198,3,3
2026-01-27 16:30:22.138121,0x433af380,13.2175,67.5,6.75,-38,1769560216,3,3
2026-01-27 16:31:01.196578,0x433b0b38,13.2625,63.75,5.75,-73,1769560255,5,5
2026-01-27 16:32:29.124700,0x433acb14,13.28,61.25,3.75,-90,1769560343,3,3
2026-01-27 16:35:06.237236,0x433abf20,13.27625,71.25,5.5,-76,1769560500,3,3
2026-01-27 16:35:17.892924,0x433ad35c,13.28625,62.5,5.5,-54,1769560512,3,3
2026-01-27 16:36:03.480869,0x433b0b38,13.25625,75.0,6.25,-72,1769560557,5,5
2026-01-27 16:37:21.197597,0x433b0098,13.25375,57.5,6.5,-61,1769560635,2,2
2026-01-27 16:37:32.484806,0x433acb14,13.25625,126.25,3.75,-91,1769560646,3,3
2026-01-27 16:40:08.537072,0x433abf20,13.27875,62.5,5.75,-75,1769560802,3,3
2026-01-27 16:41:03.748397,0x433b0b38,13.25875,76.25,6.25,-72,1769560858,5,5
2026-01-27 16:42:30.957135,0x433acb14,13.2775,67.5,3.75,-91,1769560945,3,3
2026-01-27 16:45:10.021648,0x433abf20,13.28125,65.0,5.5,-76,1769561104,3,3
2026-01-27 16:45:20.881760,0x433ad35c,13.285,61.25,6.25,-52,1769561115,3,3
2026-01-27 16:46:07.425078,0x433b0b38,13.25875,75.0,6.0,-72,1769561161,5,5
2026-01-27 16:47:26.791107,0x433b0098,13.24625,73.75,6.0,-61,1769561241,2,2
2026-01-27 16:47:32.241856,0x433acb14,13.275,72.5,5.25,-90,1769561246,3,3
2026-01-27 16:50:08.951248,0x433abf20,13.28125,63.75,5.75,-76,1769561403,3,3
2026-01-27 16:51:06.996939,0x433b0b38,13.26125,58.75,6.25,-72,1769561461,5,5
2026-01-27 16:52:33.768228,0x433acb14,13.27875,61.25,3.75,-92,1769561548,3,3
2026-01-27 16:55:11.474592,0x433abf20,13.27625,75.0,6.0,-75,1769561705,3,3
2026-01-27 16:55:26.314676,0x433ad35c,13.2775,81.25,5.5,-54,1769561720,3,3
2026-01-27 16:56:09.532887,0x433b0b38,13.26375,61.25,6.0,-72,1769561763,5,5
2026-01-27 16:57:29.475876,0x433b0098,13.25375,61.25,6.25,-61,1769561843,2,2
2026-01-27 16:57:35.158627,0x433acb14,13.27375,76.25,3.0,-93,1769561849,3,3
2026-01-27 17:00:12.633239,0x433abf20,13.27875,65.0,6.25,-75,1769562006,3,3
2026-01-26 09:59:57.433168,0x433b0098,13.2275,72.5,6.0,-60,1769450394,2,2
2026-01-26 10:02:38.574730,0x433abf20,13.2575,62.5,5.75,-77,1769450555,3,3
2026-01-26 10:02:55.802483,0x433b0b38,13.2375,72.5,1.0,-75,1769450573,5,5
2026-01-26 10:04:17.032991,0x433acb14,13.27875,77.5,-1.75,-99,1769450654,3,3
2026-01-26 10:07:07.828125,0x433ad35c,13.26625,61.25,7.5,-53,1769450825,3,3
2026-01-26 10:07:39.548009,0x433abf20,13.25375,72.5,5.5,-76,1769450856,3,3
2026-01-26 10:07:58.148401,0x433b0b38,13.24375,63.75,6.75,-74,1769450875,5,5
2026-01-26 10:09:21.798990,0x433acb14,13.28,78.75,0.25,-97,1769450959,3,3
2026-01-26 10:10:00.686217,0x433b0098,13.2275,73.75,6.25,-61,1769450997,2,2
2026-01-26 10:12:40.944522,0x433abf20,13.25375,76.25,5.5,-77,1769451158,3,3
2026-01-26 10:13:00.325304,0x433b0b38,13.24375,63.75,6.5,-74,1769451177,5,5
2026-01-26 10:14:21.336208,0x433acb14,13.28125,62.5,0.5,-96,1769451258,3,3
2026-01-26 10:17:10.380342,0x433ad35c,13.26625,76.25,5.75,-53,1769451427,3,3
2026-01-26 10:17:42.089162,0x433abf20,13.25875,66.25,5.75,-78,1769451459,3,3
2026-01-26 10:18:00.830702,0x433b0b38,13.24,75.0,7.5,-74,1769451478,5,5
2026-01-26 10:19:19.063440,0x433acb14,13.28375,63.75,-0.25,-97,1769451556,3,3
2026-01-26 10:20:01.659117,0x433b0098,13.2325,58.75,6.25,-61,1769451598,2,2
2026-01-26 10:22:42.754622,0x433abf20,13.26,62.5,5.0,-77,1769451759,3,3
2026-01-26 10:23:03.712969,0x433b0b38,13.23875,75.0,5.75,-73,1769451780,5,5
2026-01-26 10:24:20.899104,0x433acb14,13.28,73.75,2.0,-95,1769451858,3,3
2026-01-26 10:24:56.518937,0x433af380,13.17625,90.0,6.0,-39,1769451893,3,3
2026-01-26 10:27:12.935113,0x433ad35c,13.26625,76.25,6.25,-53,1769452030,3,3
2026-01-26 10:27:43.783527,0x433abf20,13.25625,75.0,5.5,-75,1769452060,3,3
2026-01-26 10:28:04.864608,0x433b0b38,13.24375,62.5,6.5,-74,1769452082,5,5
2026-01-26 10:29:22.063822,0x433acb14,13.2825,77.5,0.5,-96,1769452159,3,3
2026-01-26 10:30:04.511544,0x433b0098,13.23125,61.25,6.0,-60,1769452201,2,2
2026-01-26 10:32:44.637979,0x433abf20,13.25625,76.25,5.75,-76,1769452361,3,3
2026-01-26 10:33:06.730193,0x433b0b38,13.24,75.0,6.25,-75,1769452383,5,5
2026-01-26 10:34:22.960709,0x433acb14,13.2825,75.0,1.25,-96,1769452460,3,3
2026-01-26 10:37:19.690155,0x433ad35c,13.27,62.5,7.0,-54,1769452636,3,3
2026-01-26 10:37:45.804199,0x433abf20,13.26,60.0,5.75,-77,1769452662,3,3
2026-01-26 10:38:07.524834,0x433b0b38,13.2325,92.5,6.75,-73,1769452684,5,5
2026-01-26 10:39:25.334886,0x433acb14,13.285,68.75,3.0,-94,1769452762,3,3
2026-01-26 10:40:07.462263,0x433b0098,13.23,73.75,6.0,-62,1769452804,2,2
2026-01-26 10:42:50.013235,0x433abf20,13.255,75.0,6.5,-77,1769452967,3,3
2026-01-26 10:43:08.614534,0x433b0b38,13.23875,72.5,5.75,-75,1769452985,5,5
2026-01-26 10:44:25.617349,0x433acb14,13.2825,76.25,-1.25,-99,1769453062,3,3
2026-01-26 10:47:21.148511,0x433ad35c,13.27125,65.0,6.0,-53,1769453238,3,3
2026-01-26 10:47:50.274946,0x433abf20,13.25625,73.75,6.25,-76,1769453267,3,3
2026-01-26 10:48:10.510557,0x433b0b38,13.23875,73.75,7.0,-74,1769453287,5,5
2026-01-26 10:49:27.236843,0x433acb14,13.28125,73.75,-0.25,-98,1769453364,3,3
2026-01-26 10:50:09.551091,0x433b0098,13.22875,70.0,7.25,-60,1769453406,2,2
2026-01-26 10:52:50.078475,0x433abf20,13.2575,62.5,7.0,-77,1769453567,3,3
2026-01-26 10:53:12.809409,0x433b0b38,13.2425,61.25,6.0,-74,1769453589,5,5
2026-01-26 10:54:28.467135,0x433acb14,13.28625,62.5,4.25,-87,1769453665,3,3
2026-01-26 10:57:22.988597,0x433ad35c,13.27375,65.0,6.75,-53,1769453840,3,3
2026-01-26 10:57:50.483180,0x433abf20,13.26125,63.75,7.0,-77,1769453867,3,3
2026-01-26 10:58:14.370649,0x433b0b38,13.24125,75.0,6.0,-75,1769453891,5,5
2026-01-26 10:59:29.025332,0x433acb14,13.2875,66.25,-0.25,-98,1769453966,3,3
2026-01-27 03:01:38.255507,0x433ad35c,13.2575,62.5,7.0,-54,1769511693,3,3
2026-01-27 03:01:41.320880,0x433abf20,13.2525,71.25,6.0,-76,1769511696,3,3
2026-01-27 03:02:33.502229,0x433b0b38,13.24125,63.75,6.0,-73,1769511749,5,5
2026-01-27 03:03:49.028903,0x433acb14,13.26,61.25,6.5,-86,1769511824,3,3
2026-01-27 03:03:53.019174,0x433b0098,13.22125,75.0,5.5,-61,1769511828,2,2
2026-01-27 03:06:41.539034,0x433abf20,13.255,76.25,6.0,-77,1769511997,3,3
2026-01-27 03:07:32.377959,0x433b0b38,13.245,65.0,5.75,-72,1769512047,5,5
2026-01-27 03:11:42.902940,0x433abf20,13.25875,68.75,5.75,-76,1769512298,3,3
2026-01-27 03:11:46.333765,0x433ad35c,13.2575,63.75,7.0,-54,1769512301,3,3
2026-01-27 03:12:31.026469,0x433b0b38,13.24125,61.25,5.75,-72,1769512346,5,5
2026-01-27 03:13:52.250291,0x433b0098,13.19125,116.25,6.0,-59,1769512427,2,2
2026-01-27 03:13:54.554307,0x433acb14,13.26,67.5,5.75,-86,1769512430,3,3
2026-01-27 03:16:43.784112,0x433abf20,13.25625,65.0,5.75,-76,1769512599,3,3
2026-01-27 03:17:32.288794,0x433b0b38,13.23625,73.75,5.75,-73,1769512647,5,5
2026-01-27 03:18:56.840056,0x433acb14,13.26125,66.25,5.75,-86,1769512732,3,3
2026-01-27 03:21:43.026594,0x433ad35c,13.23625,141.25,5.75,-54,1769512898,3,3
2026-01-27 03:21:47.895894,0x433abf20,13.2575,63.75,5.25,-76,1769512903,3,3
2026-01-27 03:22:33.553101,0x433b0b38,13.24125,63.75,6.0,-72,1769512949,5,5
2026-01-27 03:23:54.631943,0x433acb14,13.26125,66.25,6.25,-86,1769513030,3,3
2026-01-27 03:23:58.492236,0x433b0098,13.22,73.75,6.0,-60,1769513034,2,2
2026-01-27 03:26:46.413744,0x433abf20,13.2575,61.25,5.5,-77,1769513201,3,3
2026-01-27 03:27:35.596103,0x433b0b38,13.2425,60.0,5.75,-72,1769513251,5,5
2026-01-27 03:27:56.554431,0x433af380,13.20125,71.25,6.5,-38,1769513272,3,3
2026-01-27 03:28:58.887842,0x433acb14,13.255,76.25,6.0,-86,1769513334,3,3
2026-01-27 03:31:45.869241,0x433ad35c,13.255,72.5,7.5,-53,1769513501,3,3
2026-01-27 03:31:50.729881,0x433abf20,13.2575,61.25,5.5,-76,1769513506,3,3
2026-01-27 03:32:37.032826,0x433b0b38,13.2375,73.75,5.5,-72,1769513552,5,5
2026-01-27 03:33:56.999712,0x433b0098,13.2175,73.75,5.75,-61,1769513632,2,2
2026-01-27 03:34:00.085291,0x433acb14,13.26,62.5,6.0,-87,1769513635,3,3
2026-01-27 03:36:49.102479,0x433abf20,13.2575,67.5,5.75,-77,1769513804,3,3
2026-01-27 03:37:37.334617,0x433b0b38,13.24125,60.0,5.75,-72,1769513852,5,5
2026-01-27 03:38:58.179808,0x433acb14,13.26,68.75,6.0,-86,1769513933,3,3
2026-01-27 03:41:49.067664,0x433ad35c,13.2575,67.5,7.25,-54,1769514104,3,3
2026-01-27 03:41:52.079054,0x433abf20,13.25375,73.75,5.5,-76,1769514107,3,3
2026-01-27 03:42:38.586711,0x433b0b38,13.235,77.5,5.75,-72,1769514154,5,5
2026-01-27 03:43:58.361928,0x433b0098,13.22625,63.75,5.75,-60,1769514233,2,2
2026-01-27 03:44:02.129821,0x433acb14,13.26,66.25,5.25,-86,1769514237,3,3
2026-01-27 03:46:51.308708,0x433abf20,13.24375,87.5,5.75,-76,1769514406,3,3
2026-01-27 03:47:39.860067,0x433b0b38,13.24,57.5,5.5,-72,1769514455,5,5
2026-01-27 03:49:05.649686,0x433acb14,13.26,65.0,6.0,-86,1769514541,3,3
2026-01-27 03:51:51.611573,0x433abf20,13.255,65.0,5.25,-77,1769514707,3,3
2026-01-27 03:51:54.856365,0x433ad35c,13.255,60.0,6.0,-55,1769514710,3,3
2026-01-27 03:52:41.115838,0x433b0b38,13.24125,57.5,6.0,-72,1769514756,5,5
2026-01-27 03:54:01.100972,0x433b0098,13.21625,76.25,6.0,-61,1769514836,2,2
2026-01-27 03:54:05.027748,0x433acb14,13.25625,73.75,6.25,-86,1769514840,3,3
2026-01-27 03:56:54.509300,0x433abf20,13.25625,61.25,5.5,-77,1769515010,3,3
2026-01-27 03:57:48.663719,0x433b0b38,13.23875,58.75,5.75,-72,1769515064,5,5
2026-01-27 03:59:04.328670,0x433acb14,13.26,62.5,6.0,-86,1769515139,3,3
2026-01-23 13:03:56.554585,0x433b0b38,13.2675,66.25,6.0,-75,,5,5
2026-01-23 13:04:34.999865,0x433aad0c,13.135,66.25,5.75,-72,,3,3
2026-01-23 13:07:29.212636,0x433ad35c,13.28875,60.0,6.25,-59,,3,3
2026-01-23 13:07:36.090813,0x433af380,13.26375,68.75,6.75,-34,,3,3
2026-01-23 13:08:57.672668,0x433b0b38,13.2625,76.25,5.75,-75,,5,5
2026-01-23 13:13:57.971645,0x433b0b38,13.26125,75.0,6.0,-75,,5,5
2026-01-23 13:14:34.746405,0x433aad0c,13.13375,72.5,5.75,-72,,3,3
2026-01-23 13:17:32.241139,0x433ad35c,13.28625,65.0,6.25,-59,,3,3
2026-01-23 13:18:59.791633,0x433b0b38,13.26125,72.5,5.25,-75,,5,5
2026-01-23 13:24:00.313753,0x433b0b38,13.26,68.75,5.75,-76,,5,5
2026-01-23 13:24:36.389757,0x433aad0c,13.135,68.75,6.0,-70,,3,3
2026-01-23 13:27:33.164937,0x433ad35c,13.2875,62.5,5.75,-59,,3,3
2026-01-23 13:29:01.997003,0x433b0b38,13.26625,66.25,6.5,-75,,5,5
2026-01-23 13:34:03.894513,0x433b0b38,13.26,76.25,5.75,-75,,5,5
2026-01-23 13:34:36.783002,0x433aad0c,13.13125,72.5,5.75,-71,,3,3
2026-01-23 13:37:35.500248,0x433ad35c,13.285,58.75,5.5,-58,,3,3
2026-01-23 13:39:05.850138,0x433b0b38,13.26,75.0,5.75,-76,,5,5
2026-01-23 13:44:06.476187,0x433b0b38,13.2575,73.75,5.5,-75,,5,5
2026-01-23 13:44:36.327844,0x433aad0c,13.13125,73.75,6.25,-70,,3,3
2026-01-23 13:47:38.613304,0x433ad35c,13.28125,75.0,5.75,-58,,3,3
2026-01-23 13:49:07.163404,0x433b0b38,13.2575,71.25,6.0,-75,,5,5
2026-01-23 13:54:07.329973,0x433b0b38,13.25625,75.0,6.0,-76,,5,5
2026-01-23 13:54:36.638938,0x433aad0c,13.1375,60.0,6.0,-71,,3,3
2026-01-23 13:57:40.930225,0x433ad35c,13.275,77.5,6.0,-58,,3,3
2026-01-23 13:59:09.168479,0x433b0b38,13.26,73.75,6.0,-75,,5,5
2026-01-26 07:02:03.332975,0x433abf20,13.26125,65.0,5.75,-76,1769439720,3,3
2026-01-26 07:02:07.822454,0x433b0b38,13.24,70.0,5.5,-75,1769439725,5,5
2026-01-26 07:03:26.790076,0x433acb14,13.27625,72.5,3.75,-88,1769439804,3,3
2026-01-26 07:06:20.052379,0x433ad35c,13.2625,88.75,6.75,-53,1769439977,3,3
2026-01-26 07:07:03.988271,0x433abf20,13.255,73.75,5.75,-76,1769440021,3,3
2026-01-26 07:07:13.504831,0x433b0b38,13.24375,62.5,4.0,-88,1769440030,5,4
2026-01-26 07:08:30.237155,0x433acb14,13.28,66.25,4.0,-88,1769440107,3,3
2026-01-26 07:09:13.432043,0x433b0098,13.235,63.75,6.25,-60,1769440150,2,2
2026-01-26 07:12:12.569267,0x433abf20,13.255,77.5,5.75,-76,1769440330,3,3
2026-01-26 07:12:17.687827,0x433b0b38,13.245,62.5,5.75,-76,1769440335,5,5
2026-01-26 07:13:30.198196,0x433acb14,13.28125,65.0,3.5,-87,1769440407,3,3
2026-01-26 07:16:23.209439,0x433ad35c,13.26125,78.75,6.25,-53,1769440580,3,3
2026-01-26 07:17:06.582353,0x433abf20,13.26,63.75,5.5,-76,1769440624,3,3
2026-01-26 07:17:15.329319,0x433b0b38,13.2475,76.25,6.0,-76,1769440632,5,5
2026-01-26 07:18:33.012805,0x433acb14,13.28125,63.75,4.25,-89,1769440710,3,3
2026-01-26 07:19:16.418614,0x433b0098,13.22625,70.0,7.0,-53,1769440753,2,1
2026-01-26 07:22:09.945805,0x433abf20,13.25875,61.25,5.5,-75,1769440927,3,3
2026-01-26 07:22:17.326001,0x433b0b38,13.2475,56.25,5.25,-76,1769440934,5,5
2026-01-26 07:23:32.995163,0x433acb14,13.28,65.0,4.5,-88,1769441010,3,3
2026-01-26 07:24:27.225544,0x433af380,13.20375,68.75,6.5,-38,1769441064,3,3
2026-01-26 07:26:25.738147,0x433ad35c,13.26125,76.25,6.5,-54,1769441183,3,3
2026-01-26 07:27:10.829157,0x433abf20,13.26,65.0,5.5,-76,1769441228,3,3
2026-01-26 07:27:15.873398,0x433b0b38,13.245,57.5,5.75,-76,1769441233,5,5
2026-01-26 07:28:35.089479,0x433acb14,13.2775,75.0,4.75,-86,1769441312,3,3
2026-01-26 07:29:17.364304,0x433b0098,13.23125,61.25,6.5,-59,1769441354,2,2
2026-01-26 07:32:12.522720,0x433abf20,13.2575,76.25,5.75,-75,1769441529,3,3
2026-01-26 07:32:15.437217,0x433b0b38,13.24125,68.75,5.5,-75,1769441532,5,5
2026-01-26 07:33:35.287219,0x433acb14,13.27875,63.75,4.0,-88,1769441612,3,3
2026-01-26 07:36:28.242329,0x433ad35c,13.2625,65.0,6.0,-54,1769441785,3,3
2026-01-26 07:37:11.367777,0x433abf20,13.255,73.75,5.5,-76,1769441828,3,3
2026-01-26 07:37:19.306169,0x433b0b38,13.24125,76.25,6.0,-75,1769441836,5,5
2026-01-26 07:38:36.025957,0x433acb14,13.28,65.0,5.5,-86,1769441913,3,3
2026-01-26 07:39:19.878177,0x433b0098,13.2275,71.25,5.75,-60,1769441957,2,2
2026-01-26 07:42:12.732115,0x433abf20,13.26,63.75,6.0,-75,1769442130,3,3
2026-01-26 07:42:17.957478,0x433b0b38,13.245,61.25,6.0,-76,1769442135,5,5
2026-01-26 07:43:37.332102,0x433acb14,13.27375,70.0,4.25,-87,1769442214,3,3
2026-01-26 07:46:34.043573,0x433ad35c,13.26375,86.25,6.0,-54,1769442391,3,3
2026-01-26 07:47:12.824359,0x433abf20,13.2525,78.75,6.0,-75,1769442430,3,3
2026-01-26 07:47:19.973862,0x433b0b38,13.24,73.75,5.75,-74,1769442437,5,5
2026-01-26 07:48:38.446033,0x433acb14,13.28125,67.5,4.5,-88,1769442515,3,3
2026-01-26 07:49:23.561565,0x433b0098,13.22625,72.5,7.25,-59,1769442560,2,2
2026-01-26 07:52:14.873030,0x433abf20,13.255,73.75,5.5,-76,1769442732,3,3
2026-01-26 07:52:21.114480,0x433b0b38,13.24125,72.5,5.5,-73,1769442738,5,5
2026-01-26 07:53:39.567846,0x433acb14,13.27875,62.5,4.5,-90,1769442816,3,3
2026-01-26 07:56:36.762500,0x433ad35c,13.2625,67.5,6.5,-53,1769442994,3,3
2026-01-26 07:57:14.996919,0x433abf20,13.2525,88.75,5.5,-77,1769443032,3,3
2026-01-26 07:57:22.653860,0x433b0b38,13.245,60.0,5.75,-73,1769443040,5,5
2026-01-26 07:58:44.519226,0x433acb14,13.27875,63.75,5.0,-89,1769443121,3,3
2026-01-26 07:59:25.160707,0x433b0098,13.22875,63.75,6.5,-60,1769443162,2,2
2026-01-25 19:59:10.437584,0x433b0b38,13.26125,63.75,5.75,-74,1769399948,5,5
2026-01-25 19:59:20.141528,0x433abf20,13.24875,123.75,6.0,-53,1769399958,3,2
2026-01-25 20:00:30.991199,0x433acb14,13.3125,66.25,3.0,-92,1769400029,3,3
2026-01-25 20:03:17.151668,0x433ad35c,13.27875,76.25,6.5,-53,1769400195,3,3
2026-01-25 20:04:14.332097,0x433b0b38,13.26125,57.5,6.0,-73,1769400252,5,5
2026-01-25 20:04:18.212187,0x433abf20,13.26375,76.25,6.0,-76,1769400256,3,3
2026-01-25 20:05:33.957212,0x433acb14,13.30875,80.0,3.25,-92,1769400332,3,3
2026-01-25 20:06:23.609000,0x433b0098,13.24625,61.25,6.0,-60,1769400382,2,2
2026-01-25 20:09:15.916773,0x433b0b38,13.26,63.75,5.5,-74,1769400554,5,5
2026-01-25 20:09:20.188500,0x433abf20,13.2675,65.0,6.25,-76,1769400558,3,3
2026-01-25 20:10:31.511104,0x433acb14,13.3125,68.75,3.75,-93,1769400630,3,3
2026-01-25 20:13:15.400824,0x433ad35c,13.2775,71.25,6.25,-54,1769400793,3,3
2026-01-25 20:14:17.236599,0x433b0b38,13.2575,66.25,5.75,-74,1769400855,5,5
2026-01-25 20:14:18.822625,0x433abf20,13.26875,62.5,5.75,-77,1769400857,3,3
2026-01-25 20:15:36.902045,0x433acb14,13.3125,65.0,3.75,-92,1769400935,3,3
2026-01-25 20:16:25.617812,0x433b0098,13.24875,65.0,6.25,-61,1769400984,2,2
2026-01-25 20:19:17.508998,0x433b0b38,13.255,73.75,6.0,-74,1769401156,5,5
2026-01-25 20:19:20.758560,0x433abf20,13.27,68.75,5.5,-76,1769401159,3,3
2026-01-25 20:20:34.820942,0x433acb14,13.31,65.0,4.0,-91,1769401233,3,3
2026-01-25 20:22:31.518543,0x433af380,13.21875,67.5,6.25,-38,1769401350,3,3
2026-01-25 20:23:18.124444,0x433ad35c,13.28125,70.0,6.25,-54,1769401396,3,3
2026-01-25 20:24:18.418614,0x433b0b38,13.25875,57.5,6.0,-73,1769401456,5,5
2026-01-25 20:24:22.559797,0x433abf20,13.2625,97.5,5.25,-77,1769401461,3,3
2026-01-25 20:25:39.841559,0x433acb14,13.30625,73.75,3.75,-92,1769401538,3,3
2026-01-25 20:26:27.162970,0x433b0098,13.24125,72.5,6.0,-60,1769401585,2,2
2026-01-25 20:29:19.409374,0x433b0b38,13.25375,70.0,5.5,-73,1769401757,5,5
2026-01-25 20:29:22.264732,0x433abf20,13.2675,62.5,6.0,-77,1769401760,3,3
2026-01-25 20:30:36.894224,0x433acb14,13.31,63.75,4.0,-91,1769401835,3,3
2026-01-25 20:33:21.352088,0x433ad35c,13.27875,66.25,5.75,-54,1769401999,3,3
2026-01-25 20:34:19.409564,0x433b0b38,13.26,58.75,6.25,-73,1769402057,5,5
2026-01-25 20:34:23.984779,0x433abf20,13.265,75.0,5.75,-76,1769402062,3,3
2026-01-25 20:35:38.160348,0x433acb14,13.30875,65.0,4.0,-93,1769402136,3,3
2026-01-25 20:36:30.518904,0x433b0098,13.25,58.75,6.0,-61,1769402188,2,2
2026-01-25 20:39:20.482479,0x433b0b38,13.2575,57.5,6.0,-74,1769402358,5,5
2026-01-25 20:39:25.866629,0x433abf20,13.265,73.75,5.25,-77,1769402364,3,3
2026-01-25 20:40:40.458705,0x433acb14,13.30875,61.25,3.5,-92,1769402438,3,3
2026-01-25 20:43:23.322502,0x433ad35c,13.27875,63.75,5.75,-53,1769402601,3,3
2026-01-25 20:44:21.745341,0x433b0b38,13.26,75.0,6.5,-74,1769402660,5,5
2026-01-25 20:44:26.895374,0x433abf20,13.2675,63.75,5.75,-77,1769402665,3,3
2026-01-25 20:45:42.767607,0x433acb14,13.31,65.0,4.0,-92,1769402741,3,3
2026-01-25 20:46:32.337777,0x433b0098,13.24375,66.25,6.0,-60,1769402790,2,2
2026-01-25 20:49:23.823677,0x433b0b38,13.2575,61.25,6.5,-73,1769402962,5,5
2026-01-25 20:49:29.013085,0x433abf20,13.265,77.5,5.5,-77,1769402967,3,3
2026-01-25 20:50:42.875154,0x433acb14,13.30875,63.75,3.75,-92,1769403041,3,3
2026-01-25 20:53:25.352801,0x433ad35c,13.27625,73.75,6.0,-53,1769403203,3,3
2026-01-25 20:54:30.008535,0x433abf20,13.245,152.5,5.5,-76,1769403268,3,3
2026-01-25 20:54:40.235340,0x433b0b38,13.26,62.5,5.75,-76,1769403278,5,4
2026-01-25 20:55:43.628997,0x433acb14,13.305,73.75,3.75,-92,1769403342,3,3
2026-01-25 20:56:34.980890,0x433b0098,13.2475,62.5,5.5,-61,1769403393,2,2
2026-01-24 21:05:43.785901,0x433aad0c,12.96625,127.5,5.75,-70,,3,3
2026-01-24 21:05:52.294262,0x433ad35c,13.27625,60.0,5.75,-55,,3,3
2026-01-24 21:06:52.908405,0x433b0b38,13.2375,122.5,5.75,-78,,5,5
2026-01-24 21:11:55.315506,0x433b0b38,13.2625,63.75,0.5,-77,,5,5
2026-01-24 21:15:43.810502,0x433aad0c,12.9875,60.0,5.75,-71,,3,3
2026-01-24 21:15:52.359360,0x433af380,13.21875,80.0,6.5,-34,,3,3
2026-01-24 21:15:56.084284,0x433ad35c,13.2775,67.5,6.0,-56,,3,3
2026-01-24 21:16:57.358807,0x433b0b38,13.2625,66.25,5.5,-78,,5,5
2026-01-24 21:21:57.420974,0x433b0b38,13.26375,63.75,5.75,-78,,5,5
2026-01-24 21:25:44.046541,0x433aad0c,12.985,61.25,6.0,-70,,3,3
2026-01-24 21:25:56.837541,0x433ad35c,13.275,61.25,6.0,-56,,3,3
2026-01-24 21:27:00.201666,0x433b0b38,13.26,56.25,5.75,-78,,5,5
2026-01-24 21:31:59.812932,0x433b0b38,13.2625,63.75,5.75,-78,,5,5
2026-01-24 21:35:44.328884,0x433aad0c,12.9825,63.75,5.75,-71,,3,3
2026-01-24 21:36:00.975861,0x433ad35c,13.27375,66.25,6.25,-56,,3,3
2026-01-24 21:37:01.222799,0x433b0b38,13.23125,135.0,5.5,-78,,5,5
2026-01-24 21:42:01.696957,0x433b0b38,13.255,71.25,5.5,-78,,5,5
2026-01-24 21:45:44.520999,0x433aad0c,12.9775,70.0,5.75,-70,,3,3
2026-01-24 21:46:02.618837,0x433ad35c,13.2725,67.5,5.75,-56,,3,3
2026-01-24 21:47:02.100707,0x433b0b38,13.22875,133.75,5.5,-78,,5,5
2026-01-24 21:52:04.233231,0x433b0b38,13.23,132.5,5.75,-77,,5,5
2026-01-24 21:55:44.769774,0x433aad0c,12.9775,62.5,5.75,-69,,3,3
2026-01-24 21:56:07.739309,0x433ad35c,13.2725,60.0,6.5,-56,,3,3
2026-01-24 21:57:16.697386,0x433b0b38,13.23,135.0,5.75,-75,,5,4
2026-01-24 22:02:07.632690,0x433b0b38,13.25875,61.25,6.0,-78,,5,5
2026-01-23 15:04:24.919379,0x433b0b38,13.25125,76.25,6.5,-73,,5,5
2026-01-23 15:04:39.104373,0x433aad0c,13.13375,63.75,5.0,-78,,3,3
2026-01-23 15:07:56.549071,0x433ad35c,13.27875,61.25,6.5,-59,,3,3
2026-01-23 15:08:04.491182,0x433af380,13.25,66.25,6.0,-34,,3,3
2026-01-23 15:09:25.423597,0x433b0b38,13.26125,58.75,6.5,-75,,5,5
2026-01-23 15:14:27.138218,0x433b0b38,13.2625,62.5,6.75,-73,,5,5
2026-01-23 15:14:39.745710,0x433aad0c,13.13125,70.0,7.5,-70,,3,3
2026-01-23 15:18:00.073879,0x433ad35c,13.27875,62.5,6.25,-58,,3,3
2026-01-23 15:19:28.650330,0x433b0b38,13.25375,91.25,6.75,-74,,5,5
2026-01-23 15:24:28.873470,0x433b0b38,13.25875,75.0,7.25,-74,,5,5
2026-01-23 15:24:39.973345,0x433aad0c,13.1275,70.0,6.5,-70,,3,3
2026-01-23 15:28:01.760448,0x433ad35c,13.2625,126.25,5.75,-59,,3,3
2026-01-23 15:29:30.194272,0x433b0b38,13.26375,62.5,6.75,-75,,5,5
2026-01-23 15:34:32.040307,0x433b0b38,13.25875,68.75,5.75,-73,,5,5
2026-01-23 15:34:39.768422,0x433aad0c,13.13375,57.5,5.75,-71,,3,3
2026-01-23 15:38:03.622854,0x433ad35c,13.2775,62.5,6.25,-59,,3,3
2026-01-23 15:39:32.453518,0x433b0b38,13.25875,70.0,5.75,-73,,5,5
2026-01-23 15:44:33.854415,0x433b0b38,13.26,75.0,6.0,-75,,5,5
2026-01-23 15:44:39.988048,0x433aad0c,13.1275,75.0,6.0,-71,,3,3
2026-01-23 15:48:06.765475,0x433ad35c,13.28,65.0,6.25,-59,,3,3
2026-01-23 15:49:35.389538,0x433b0b38,13.25625,68.75,5.75,-75,,5,5
2026-01-23 15:54:36.756380,0x433b0b38,13.25875,71.25,6.0,-74,,5,5
2026-01-23 15:54:40.168596,0x433aad0c,13.12875,68.75,5.5,-71,,3,3
2026-01-23 15:58:09.093862,0x433ad35c,13.27875,63.75,6.0,-59,,3,3
2026-01-23 15:59:37.016605,0x433b0b38,13.26375,61.25,5.75,-75,,5,5
2026-01-22 19:00:39.097639,0x433ad35c,13.27875,66.25,7.0,-28,,3,3
2026-01-22 19:00:54.321101,0x433aad0c,13.29125,65.0,6.25,-36,,3,3
2026-01-22 19:01:48.344547,0x433b0b38,13.225,128.75,6.25,-3,,5,5
2026-01-22 19:02:08.782108,0x433acb14,13.26375,58.75,7.75,-11,,3,3
2026-01-22 19:06:49.600603,0x433b0b38,13.2525,77.5,8.25,-2,,5,5
2026-01-22 19:07:12.007800,0x433acb14,13.25875,77.5,7.0,-11,,3,3
2026-01-22 19:10:39.720984,0x433ad35c,13.27125,77.5,6.0,-28,,3,3
2026-01-22 19:10:58.118478,0x433aad0c,13.28125,75.0,6.5,-37,,3,3
2026-01-22 19:11:49.673020,0x433b0b38,13.22375,138.75,5.75,-3,,5,5
2026-01-22 19:12:11.389511,0x433acb14,13.265,62.5,6.25,-11,,3,3
2026-01-22 19:16:04.836605,0x433af380,13.2725,67.5,6.5,-20,,3,3
2026-01-22 19:16:51.254655,0x433b0b38,13.25625,63.75,6.0,-4,,5,5
2026-01-22 19:17:13.477496,0x433acb14,13.26375,65.0,7.25,-10,,3,3
2026-01-22 19:20:42.248972,0x433ad35c,13.275,67.5,5.75,-27,,3,3
2026-01-22 19:20:59.312145,0x433aad0c,13.285,62.5,5.5,-36,,3,3
2026-01-22 19:21:53.032863,0x433b0b38,13.23,126.25,6.25,-4,,5,5
2026-01-22 19:22:15.445499,0x433acb14,13.2625,62.5,7.5,-10,,3,3
2026-01-22 19:25:19.296739,0x433af380,13.25375,75.0,5.75,-23,,3,3
2026-01-22 19:26:53.723735,0x433b0b38,13.255,62.5,6.25,-4,,5,5
2026-01-22 19:27:15.146473,0x433acb14,13.2625,62.5,6.0,-11,,3,3
2026-01-22 19:30:46.170937,0x433ad35c,13.26625,78.75,6.5,-26,,3,3
2026-01-22 19:31:01.802190,0x433aad0c,13.28,72.5,6.5,-36,,3,3
2026-01-22 19:31:56.297882,0x433b0b38,13.25625,62.5,6.0,-4,,5,5
2026-01-22 19:32:16.872477,0x433acb14,13.2625,66.25,7.25,-11,,3,3
2026-01-22 19:36:56.261574,0x433b0b38,13.25125,75.0,6.25,-3,,5,5
2026-01-22 19:37:18.246869,0x433acb14,13.2625,66.25,6.25,-10,,3,3
2026-01-22 19:39:21.883567,0x433af380,13.2475,75.0,6.0,-18,,3,3
2026-01-22 19:40:47.268480,0x433ad35c,13.2675,75.0,6.25,-26,,3,3
2026-01-22 19:41:03.890404,0x433aad0c,13.28375,63.75,6.5,-38,,3,3
2026-01-22 19:41:57.606543,0x433b0b38,13.2525,76.25,6.0,-3,,5,5
2026-01-22 19:42:22.205677,0x433acb14,13.2575,77.5,6.25,-11,,3,3
2026-01-22 19:44:53.598713,0x433af380,4.56125,-1.25,6.5,-14,,3,3
2026-01-22 19:46:59.796073,0x433b0b38,13.2275,127.5,6.25,-3,,5,5
2026-01-22 19:47:21.650797,0x433acb14,13.2625,65.0,7.5,-11,,3,3
2026-01-22 19:50:50.873600,0x433ad35c,13.27,66.25,5.75,-25,,3,3
2026-01-22 19:51:06.493842,0x433aad0c,13.2775,73.75,6.0,-37,,3,3
2026-01-22 19:52:02.594827,0x433b0b38,13.25625,65.0,6.25,-3,,5,5
2026-01-22 19:52:12.981649,0x433af380,4.57875,-1.25,6.75,-17,,3,3
2026-01-22 19:52:22.079210,0x433acb14,13.25875,77.5,7.5,-11,,3,3
2026-01-22 19:55:13.786318,0x433af380,4.58375,,6.25,-16,,3,3
2026-01-22 19:57:03.965947,0x433b0b38,13.25625,61.25,6.0,-3,,5,5
2026-01-22 19:57:24.857851,0x433acb14,13.26375,63.75,7.0,-11,,3,3
2026-01-27 11:00:59.344098,0x433acb14,13.26125,77.5,2.75,-93,1769540454,3,3
2026-01-27 11:03:41.695732,0x433abf20,13.255,63.75,5.25,-76,1769540616,3,3
2026-01-27 11:03:49.094154,0x433ad35c,13.26125,71.25,6.0,-53,1769540623,3,3
2026-01-27 11:04:38.491294,0x433b0b38,13.23625,63.75,6.0,-74,1769540673,5,5
2026-01-27 11:05:55.900915,0x433b0098,13.22375,62.5,6.0,-60,1769540750,2,2
2026-01-27 11:06:00.853120,0x433acb14,13.2675,67.5,2.75,-94,1769540755,3,3
2026-01-27 11:08:42.841956,0x433abf20,13.23625,126.25,5.75,-75,1769540917,3,3
2026-01-27 11:09:38.815466,0x433b0b38,13.23625,65.0,6.75,-74,1769540973,5,5
2026-01-27 11:11:00.937461,0x433acb14,13.2675,63.75,2.0,-95,1769541055,3,3
2026-01-27 11:13:52.336397,0x433ad35c,13.26625,65.0,6.5,-53,1769541227,3,3
2026-01-27 11:14:39.993121,0x433b0b38,13.23,71.25,6.5,-74,1769541274,5,5
2026-01-27 11:15:57.314808,0x433b0098,13.225,63.75,6.25,-61,1769541352,2,2
2026-01-27 11:16:03.927202,0x433acb14,13.2675,62.5,2.5,-94,1769541358,3,3
2026-01-27 11:18:43.662171,0x433abf20,13.25375,75.0,5.75,-75,1769541518,3,3
2026-01-27 11:19:40.902521,0x433b0b38,13.235,60.0,6.25,-75,1769541575,5,5
2026-01-27 11:21:04.110751,0x433acb14,13.2625,61.25,-1.25,-98,1769541658,3,3
2026-01-27 11:23:45.464602,0x433abf20,13.2525,73.75,6.0,-75,1769541820,3,3
2026-01-27 11:23:55.803552,0x433ad35c,13.26625,60.0,7.25,-54,1769541830,3,3
2026-01-27 11:24:42.401569,0x433b0b38,13.21,123.75,6.75,-74,1769541877,5,5
2026-01-27 11:25:58.847309,0x433b0098,13.22,73.75,6.25,-61,1769541953,2,2
2026-01-27 11:26:09.777696,0x433acb14,13.265,72.5,1.25,-96,1769541964,3,3
2026-01-27 11:28:47.139238,0x433abf20,13.2575,63.75,5.25,-75,1769542121,3,3
2026-01-27 11:29:25.849843,0x433af380,13.20125,71.25,6.25,-38,1769542160,3,3
2026-01-27 11:29:44.310507,0x433b0b38,13.235,60.0,6.0,-73,1769542179,5,5
2026-01-27 11:31:07.564889,0x433acb14,13.2725,65.0,4.0,-88,1769542262,3,3
2026-01-27 11:33:47.706431,0x433abf20,13.25875,63.75,5.75,-76,1769542422,3,3
2026-01-27 11:33:57.654280,0x433ad35c,13.265,75.0,6.0,-53,1769542432,3,3
2026-01-27 11:34:44.889905,0x433b0b38,13.23625,65.0,5.5,-72,1769542479,5,5
2026-01-27 11:36:01.131901,0x433b0098,13.22,71.25,6.0,-62,1769542555,2,2
2026-01-27 11:36:09.770511,0x433acb14,13.27125,65.0,1.75,-95,1769542564,3,3
2026-01-27 11:38:50.380424,0x433abf20,13.235,133.75,5.5,-75,1769542725,3,3
2026-01-27 11:39:46.026705,0x433b0b38,13.2375,62.5,5.75,-72,1769542780,5,5
2026-01-27 11:41:09.985745,0x433acb14,13.27,61.25,0.75,-96,1769542864,3,3
2026-01-27 11:43:50.868647,0x433abf20,13.25625,76.25,5.75,-75,1769543025,3,3
2026-01-27 11:44:00.512469,0x433ad35c,13.26625,75.0,6.75,-53,1769543035,3,3
2026-01-27 11:44:47.183208,0x433b0b38,13.22375,82.5,6.0,-72,1769543081,5,5
2026-01-27 11:46:04.219933,0x433b0098,13.2225,72.5,5.75,-66,1769543158,2,2
2026-01-27 11:46:12.282852,0x433acb14,13.27125,60.0,3.5,-92,1769543167,3,3
2026-01-27 11:48:51.405259,0x433abf20,13.26125,62.5,5.5,-75,1769543326,3,3
2026-01-27 11:49:48.439324,0x433b0b38,13.235,72.5,5.75,-73,1769543383,5,5
2026-01-27 11:51:12.446655,0x433acb14,13.26875,72.5,-4.75,-98,1769543467,3,3
2026-01-27 11:53:52.535084,0x433abf20,13.2575,75.0,6.25,-77,1769543627,3,3
2026-01-27 11:54:04.183147,0x433ad35c,13.27,63.75,6.0,-54,1769543638,3,3
2026-01-27 11:54:49.815494,0x433b0b38,13.23125,71.25,6.75,-73,1769543684,5,5
2026-01-27 11:56:06.381458,0x433b0098,13.23125,60.0,6.25,-62,1769543761,2,2
2026-01-27 11:56:13.243758,0x433acb14,13.2725,61.25,-4.0,-102,1769543767,3,3
2026-01-27 11:58:54.734352,0x433abf20,13.2625,61.25,6.0,-77,1769543929,3,3
2026-01-27 11:59:50.977918,0x433b0b38,13.235,73.75,5.75,-72,1769543985,5,5
2026-01-25 07:04:32.901155,0x433b0b38,13.23375,62.5,5.5,-78,,5,5
2026-01-25 07:06:08.787603,0x433aad0c,12.83625,63.75,5.75,-70,,3,3
2026-01-25 07:08:32.453706,0x433ad35c,13.25125,62.5,6.0,-57,,3,3
2026-01-25 07:09:33.818956,0x433b0b38,13.23375,86.25,6.0,-77,,5,5
2026-01-25 07:14:31.423361,0x433b0b38,13.2075,123.75,5.0,-78,,5,5
2026-01-25 07:16:09.003848,0x433aad0c,12.83625,61.25,5.5,-69,,3,3
2026-01-25 07:18:31.252310,0x433af380,13.20875,67.5,7.0,-34,,3,3
2026-01-25 07:18:34.996501,0x433ad35c,13.24625,77.5,6.25,-57,,3,3
2026-01-25 07:19:33.098602,0x433b0b38,13.20375,135.0,6.25,-77,,5,5
2026-01-25 07:24:34.583702,0x433b0b38,13.23125,100.0,5.75,-77,,5,5
2026-01-25 07:26:09.588805,0x433aad0c,12.8325,61.25,6.0,-70,,3,3
2026-01-25 07:28:36.880540,0x433ad35c,13.2525,66.25,6.5,-57,,3,3
2026-01-25 07:29:35.530351,0x433b0b38,13.20625,135.0,5.5,-78,,5,5
2026-01-25 07:34:37.661515,0x433b0b38,13.23125,68.75,5.5,-77,,5,5
2026-01-25 07:36:09.946696,0x433aad0c,12.82875,63.75,5.5,-70,,3,3
2026-01-25 07:38:38.470353,0x433ad35c,13.2475,77.5,5.75,-56,,3,3
2026-01-25 07:39:41.335855,0x433b0b38,13.2325,76.25,6.25,-77,,5,5
2026-01-25 07:44:41.432577,0x433b0b38,13.23375,58.75,5.75,-77,,5,5
2026-01-25 07:46:10.833007,0x433aad0c,12.82625,60.0,5.5,-69,,3,3
2026-01-25 07:48:42.114556,0x433ad35c,13.25,65.0,6.5,-57,,3,3
2026-01-25 07:49:43.457641,0x433b0b38,13.23,75.0,5.75,-78,,5,5
2026-01-25 07:54:49.038990,0x433b0b38,13.2375,62.5,5.5,-75,,5,4
2026-01-25 07:56:12.772389,0x433aad0c,12.82375,63.75,6.0,-69,,3,3
2026-01-25 07:58:47.209832,0x433ad35c,13.25,61.25,6.75,-56,,3,3
2026-01-25 07:59:45.041830,0x433b0b38,13.21125,122.5,5.5,-78,,5,5
2026-01-22 14:00:31.247809,0x433b0b38,13.22375,121.25,6.5,-3,,5,5
2026-01-22 14:00:52.057984,0x433acb14,13.2525,68.75,7.0,-11,,3,3
2026-01-22 14:05:32.049842,0x433b0b38,13.24875,67.5,6.0,-3,,5,5
2026-01-22 14:05:53.048436,0x433acb14,13.25125,65.0,7.5,-11,,3,3
2026-01-22 14:09:23.587462,0x433ad35c,13.35375,126.25,5.75,-27,,3,3
2026-01-22 14:09:39.424037,0x433aad0c,13.39125,75.0,6.5,-36,,3,3
2026-01-22 14:10:34.566548,0x433b0b38,13.245,66.25,6.25,-4,,5,5
2026-01-22 14:10:53.777487,0x433acb14,13.25125,67.5,7.25,-10,,3,3
2026-01-22 14:15:07.735549,0x433af380,13.27,77.5,6.25,-20,,3,3
2026-01-22 14:15:35.102893,0x433b0b38,13.245,66.25,6.0,-3,,5,5
2026-01-22 14:15:56.087150,0x433acb14,13.25125,63.75,7.5,-11,,3,3
2026-01-22 14:19:26.638919,0x433ad35c,13.3975,63.75,7.25,-29,,3,3
2026-01-22 14:19:45.476128,0x433aad0c,13.40875,61.25,6.0,-37,,3,3
2026-01-22 14:20:35.639158,0x433b0b38,13.2475,66.25,6.25,-3,,5,5
2026-01-22 14:20:59.050601,0x433acb14,13.25125,65.0,5.75,-29,,3,2
2026-01-22 14:25:38.165942,0x433b0b38,13.24625,67.5,6.5,-3,,5,5
2026-01-22 14:25:57.995938,0x433acb14,13.2225,145.0,6.0,-11,,3,3
2026-01-22 14:29:28.415666,0x433ad35c,13.40375,66.25,5.5,-28,,3,3
2026-01-22 14:29:45.392725,0x433aad0c,13.41,66.25,5.75,-36,,3,3
2026-01-22 14:30:38.859650,0x433b0b38,13.24625,63.75,6.5,-4,,5,5
2026-01-22 14:30:59.077091,0x433acb14,13.2525,66.25,7.25,-11,,3,3
2026-01-22 14:35:40.260310,0x433b0b38,13.24,77.5,6.25,-3,,5,5
2026-01-22 14:36:00.005819,0x433acb14,13.25375,68.75,7.0,-10,,3,3
2026-01-22 14:39:32.402158,0x433ad35c,13.3975,78.75,7.0,-28,,3,3
2026-01-22 14:39:47.129110,0x433aad0c,13.415,62.5,6.0,-36,,3,3
2026-01-22 14:40:43.203543,0x433b0b38,13.24125,78.75,6.0,-3,,5,5
2026-01-22 14:41:02.498738,0x433acb14,13.25375,63.75,6.75,-10,,3,3
2026-01-22 14:45:42.957681,0x433b0b38,13.2475,63.75,6.0,-3,,5,5
2026-01-22 14:46:02.915455,0x433acb14,13.255,62.5,6.25,-11,,3,3
2026-01-22 14:49:33.971260,0x433ad35c,13.40875,62.5,6.0,-28,,3,3
2026-01-22 14:49:50.613549,0x433aad0c,13.41625,63.75,6.5,-36,,3,3
2026-01-22 14:50:45.021468,0x433b0b38,13.24625,62.5,6.25,-3,,5,5
2026-01-22 14:51:03.602293,0x433acb14,13.24875,78.75,7.25,-12,,3,3
2026-01-22 14:55:45.892669,0x433b0b38,13.2475,61.25,6.75,-3,,5,5
2026-01-22 14:56:04.826935,0x433acb14,13.25125,65.0,6.0,-11,,3,3
2026-01-22 14:59:35.578952,0x433ad35c,13.40625,73.75,6.0,-29,,3,3
2026-01-22 14:59:51.935819,0x433aad0c,13.42375,61.25,6.0,-37,,3,3
2026-01-27 14:01:47.516614,0x433acb14,13.27375,76.25,5.75,-86,1769551302,3,3
2026-01-27 14:04:26.562659,0x433abf20,13.27625,62.5,5.75,-76,1769551461,3,3
2026-01-27 14:04:36.552970,0x433ad35c,13.2825,58.75,7.5,-53,1769551471,3,3
2026-01-27 14:05:24.656229,0x433b0b38,13.25,73.75,6.0,-72,1769551519,5,5
2026-01-27 14:06:42.510311,0x433b0098,13.23625,67.5,5.75,-62,1769551597,2,2
2026-01-27 14:06:48.936335,0x433acb14,13.2775,75.0,4.25,-89,1769551603,3,3
2026-01-27 14:09:28.075493,0x433abf20,13.27375,75.0,5.5,-75,1769551762,3,3
2026-01-27 14:10:25.379107,0x433b0b38,13.24875,71.25,6.5,-72,1769551819,5,5
2026-01-27 14:11:48.939665,0x433acb14,13.2825,65.0,4.0,-90,1769551903,3,3
2026-01-27 14:14:29.592415,0x433abf20,13.27625,65.0,6.25,-75,1769552064,3,3
2026-01-27 14:14:39.508268,0x433ad35c,13.28,71.25,6.5,-53,1769552074,3,3
2026-01-27 14:15:28.189999,0x433b0b38,13.255,58.75,6.75,-70,1769552122,5,5
2026-01-27 14:16:41.541808,0x433b0098,13.24,73.75,6.25,-62,1769552196,2,2
2026-01-27 14:16:51.153017,0x433acb14,13.28,61.25,2.0,-95,1769552205,3,3
2026-01-27 14:19:31.769520,0x433abf20,13.2675,90.0,5.5,-76,1769552366,3,3
2026-01-27 14:20:28.149501,0x433b0b38,13.25625,61.25,6.0,-72,1769552422,5,5
2026-01-27 14:21:51.570932,0x433acb14,13.27625,86.25,2.5,-95,1769552506,3,3
2026-01-27 14:24:33.431490,0x433abf20,13.2775,65.0,4.25,-75,1769552667,3,3
2026-01-27 14:24:43.381057,0x433ad35c,13.2825,80.0,6.0,-54,1769552677,3,3
2026-01-27 14:25:29.442240,0x433b0b38,13.25375,75.0,4.0,-72,1769552723,5,5
2026-01-27 14:26:45.862938,0x433b0098,13.24625,60.0,6.25,-62,1769552800,2,2
2026-01-27 14:26:53.177565,0x433acb14,13.27875,78.75,-10.5,-93,1769552807,3,3
2026-01-27 14:29:32.885591,0x433abf20,13.2775,60.0,4.25,-75,1769552967,3,3
2026-01-27 14:29:56.153841,0x433af380,13.21625,68.75,6.75,-38,1769552990,3,3
2026-01-27 14:30:31.301425,0x433b0b38,13.25375,67.5,4.0,-72,1769553025,5,5
2026-01-27 14:31:54.281925,0x433acb14,13.2775,78.75,3.25,-93,1769553108,3,3
2026-01-27 14:34:34.612390,0x433abf20,13.2725,73.75,7.0,-77,1769553269,3,3
2026-01-27 14:34:46.635615,0x433ad35c,13.285,60.0,7.0,-53,1769553281,3,3
2026-01-27 14:35:31.628239,0x433b0b38,13.25625,62.5,6.25,-72,1769553326,5,5
2026-01-27 14:36:48.045094,0x433b0098,13.2475,61.25,6.25,-61,1769553402,2,2
2026-01-27 14:37:01.335470,0x433acb14,13.28,61.25,2.5,-94,1769553415,3,3
2026-01-27 14:39:35.350516,0x433abf20,13.27625,62.5,5.5,-77,1769553569,3,3
2026-01-27 14:40:33.843647,0x433b0b38,13.24375,80.0,5.75,-73,1769553628,5,5
2026-01-27 14:41:59.566476,0x433acb14,13.27875,62.5,4.0,-92,1769553714,3,3
2026-01-27 14:44:36.362964,0x433abf20,13.2775,63.75,5.5,-77,1769553870,3,3
2026-01-27 14:44:47.552103,0x433ad35c,13.28375,65.0,6.25,-53,1769553882,3,3
2026-01-27 14:45:34.482310,0x433b0b38,13.255,62.5,5.75,-71,1769553928,5,5
2026-01-27 14:46:50.757431,0x433b0098,13.2475,62.5,6.0,-62,1769554005,2,2
2026-01-27 14:47:00.257746,0x433acb14,13.2775,77.5,3.0,-92,1769554014,3,3
2026-01-27 14:49:38.276936,0x433abf20,13.27625,88.75,5.75,-76,1769554172,3,3
2026-01-27 14:50:35.563169,0x433b0b38,13.25875,63.75,5.75,-73,1769554230,5,5
2026-01-27 14:52:07.925693,0x433acb14,13.28,66.25,2.5,-93,1769554322,3,3
2026-01-27 14:54:39.436754,0x433abf20,13.27375,72.5,5.5,-76,1769554473,3,3
2026-01-27 14:54:50.848281,0x433ad35c,13.28625,63.75,6.0,-53,1769554485,3,3
2026-01-27 14:55:37.150747,0x433b0b38,13.25875,63.75,6.0,-73,1769554531,5,5
2026-01-27 14:56:53.038336,0x433b0098,13.24875,61.25,6.0,-61,1769554607,2,2
2026-01-27 14:57:03.472854,0x433acb14,13.27625,76.25,3.5,-90,1769554617,3,3
2026-01-27 14:59:40.546044,0x433abf20,13.2775,65.0,5.5,-75,1769554774,3,3
2026-01-27 15:00:37.757103,0x433b0b38,13.25375,72.5,5.75,-72,1769554832,5,5
2026-01-24 10:02:54.046639,0x433ad35c,13.26875,62.5,6.0,-58,,3,3
2026-01-24 10:03:58.383695,0x433b0b38,13.24625,62.5,5.75,-75,,5,5
2026-01-24 10:05:17.920511,0x433aad0c,13.06375,58.75,5.75,-69,,3,3
2026-01-24 10:09:00.181507,0x433b0b38,13.23875,76.25,5.5,-75,,5,5
2026-01-24 10:12:54.983476,0x433af380,13.22125,66.25,6.5,-34,,3,3
2026-01-24 10:12:58.688690,0x433ad35c,13.2475,140.0,6.0,-58,,3,3
2026-01-24 10:14:01.186580,0x433b0b38,13.22,118.75,5.75,-75,,5,5
2026-01-24 10:15:17.860119,0x433aad0c,13.06,75.0,4.0,-69,,3,3
2026-01-24 10:19:01.205108,0x433b0b38,13.24375,68.75,5.5,-77,,5,5
2026-01-24 10:23:01.789353,0x433ad35c,13.25,142.5,6.25,-58,,3,3
2026-01-24 10:24:02.751279,0x433b0b38,13.2425,71.25,5.75,-76,,5,5
2026-01-24 10:25:17.915226,0x433aad0c,13.0625,67.5,5.75,-71,,3,3
2026-01-24 10:29:06.645779,0x433b0b38,13.245,58.75,5.5,-75,,5,5
2026-01-24 10:33:03.015006,0x433ad35c,13.27125,65.0,6.25,-57,,3,3
2026-01-24 10:34:10.411061,0x433b0b38,13.24625,63.75,5.75,-75,,5,5
2026-01-24 10:35:18.689851,0x433aad0c,13.05875,62.5,5.75,-70,,3,3
2026-01-24 10:39:10.400634,0x433b0b38,13.2425,71.25,5.5,-75,,5,5
2026-01-24 10:43:05.158124,0x433ad35c,13.275,63.75,6.0,-58,,3,3
2026-01-24 10:44:09.583925,0x433b0b38,13.2475,62.5,5.75,-75,,5,5
2026-01-24 10:45:18.378560,0x433aad0c,13.06125,61.25,5.75,-70,,3,3
2026-01-24 10:49:11.329183,0x433b0b38,13.2425,73.75,6.0,-77,,5,5
2026-01-24 10:53:07.887241,0x433ad35c,13.27375,76.25,6.5,-58,,3,3
2026-01-24 10:54:10.877211,0x433b0b38,13.24125,71.25,6.0,-77,,5,5
2026-01-24 10:55:18.648409,0x433aad0c,13.06,55.0,5.5,-69,,3,3
2026-01-24 10:59:13.281897,0x433b0b38,13.2475,60.0,6.0,-75,,5,5
2026-01-25 12:05:54.899356,0x433b0b38,13.245,62.5,5.5,-68,,5,5
2026-01-25 12:06:24.237561,0x433aad0c,12.72875,73.75,5.25,-76,,3,3
2026-01-25 12:09:49.875796,0x433ad35c,13.2525,133.75,7.25,-53,,3,3
2026-01-25 12:10:53.296311,0x433b0b38,13.24625,60.0,5.75,-69,,5,5
2026-01-25 12:15:53.524562,0x433b0b38,13.215,135.0,5.5,-69,,5,5
2026-01-25 12:16:24.485363,0x433aad0c,12.72875,62.5,5.75,-75,,3,3
2026-01-25 12:19:51.031453,0x433af380,13.21875,70.0,6.25,-39,,3,3
2026-01-25 12:19:54.503677,0x433ad35c,13.27125,62.5,6.0,-53,,3,3
2026-01-25 12:20:55.497778,0x433b0b38,13.24375,76.25,6.5,-70,,5,5
2026-01-25 12:25:57.711331,0x433b0b38,13.24125,70.0,5.75,-69,,5,5
2026-01-25 12:26:25.012607,0x433aad0c,12.7225,63.75,5.25,-77,,3,3
2026-01-25 12:29:57.540645,0x433ad35c,13.2525,142.5,5.75,-53,,3,3
2026-01-25 12:30:59.088121,0x433b0b38,13.2225,117.5,5.5,-69,,5,5
2026-01-25 12:35:58.760172,0x433b0b38,13.24875,63.75,5.75,-70,,5,5
2026-01-25 12:36:25.446521,0x433aad0c,12.7175,58.75,5.25,-76,,3,3
2026-01-25 12:40:03.094153,0x433ad35c,13.27,71.25,7.0,-53,,3,3
2026-01-25 12:41:10.200432,0x433b0b38,13.2475,56.25,5.5,-73,,5,4
2026-01-25 12:46:02.274558,0x433b0b38,13.245,75.0,5.75,-71,,5,5
2026-01-25 12:46:25.956988,0x433aad0c,12.71375,62.5,4.75,-79,,3,3
2026-01-25 12:50:04.810456,0x433ad35c,13.27125,77.5,4.5,-79,,3,2
2026-01-25 12:51:03.146588,0x433b0b38,13.25,65.0,5.25,-70,,5,5
2026-01-25 12:56:06.102140,0x433b0b38,13.25,63.75,5.75,-70,,5,5
2026-01-25 12:56:27.964342,0x433aad0c,12.71,62.5,5.0,-79,,3,3
2026-01-25 13:00:05.508428,0x433ad35c,13.275,61.25,6.0,-53,,3,3
2026-01-25 13:01:05.544482,0x433b0b38,13.25125,61.25,5.75,-70,,5,5
2026-01-23 12:03:41.644896,0x433b0b38,13.2775,61.25,6.25,-65,,5,5
2026-01-23 12:04:31.992794,0x433aad0c,13.14125,71.25,6.0,-66,,3,3
2026-01-23 12:07:14.840443,0x433ad35c,13.3,73.75,6.5,-49,,3,3
2026-01-23 12:07:31.014510,0x433af380,13.27625,82.5,6.0,-37,,3,3
2026-01-23 12:08:44.013409,0x433b0b38,13.27625,58.75,6.25,-65,,5,5
2026-01-23 12:13:44.481547,0x433b0b38,13.2675,73.75,5.75,-73,,5,5
2026-01-23 12:14:32.187618,0x433aad0c,13.14125,58.75,5.75,-71,,3,3
2026-01-23 12:17:17.277298,0x433ad35c,13.3,61.25,6.75,-58,,3,3
2026-01-23 12:18:46.167751,0x433b0b38,13.27,75.0,6.25,-73,,5,5
2026-01-23 12:23:46.313573,0x433b0b38,13.27375,66.25,5.75,-76,,5,5
2026-01-23 12:24:32.422199,0x433aad0c,13.14125,61.25,5.75,-69,,3,3
2026-01-23 12:27:19.860363,0x433ad35c,13.29125,83.75,6.5,-58,,3,3
2026-01-23 12:28:48.413509,0x433b0b38,13.26875,77.5,5.75,-75,,5,5
2026-01-23 12:33:49.165733,0x433b0b38,13.27125,66.25,6.25,-76,,5,5
2026-01-23 12:34:32.641480,0x433aad0c,13.13625,90.0,7.5,-68,,3,3
2026-01-23 12:37:21.284093,0x433ad35c,13.29125,73.75,5.75,-58,,3,3
2026-01-23 12:38:50.015776,0x433b0b38,13.265,72.5,5.5,-75,,5,5
2026-01-23 12:43:51.711074,0x433b0b38,13.26375,76.25,5.75,-75,,5,5
2026-01-23 12:44:32.880048,0x433aad0c,13.1375,71.25,5.75,-69,,3,3
2026-01-23 12:47:25.414548,0x433ad35c,13.28875,77.5,5.75,-59,,3,3
2026-01-23 12:48:53.240648,0x433b0b38,13.27,61.25,5.5,-75,,5,5
2026-01-23 12:53:54.431619,0x433b0b38,13.2675,66.25,6.0,-75,,5,5
2026-01-23 12:54:33.528643,0x433aad0c,13.13875,63.75,5.75,-72,,3,3
2026-01-23 12:57:26.852604,0x433ad35c,13.29,60.0,5.75,-58,,3,3
2026-01-23 12:58:56.178262,0x433b0b38,13.26625,60.0,6.0,-75,,5,5
2026-01-27 04:01:53.814091,0x433abf20,13.25,86.25,5.0,-76,1769515309,3,3
2026-01-27 04:01:56.976668,0x433ad35c,13.255,62.5,6.5,-54,1769515312,3,3
2026-01-27 04:02:44.152737,0x433b0b38,13.235,75.0,5.75,-72,1769515359,5,5
2026-01-27 04:04:03.861998,0x433b0098,13.22125,61.25,6.0,-60,1769515439,2,2
2026-01-27 04:04:07.799408,0x433acb14,13.25625,78.75,6.0,-86,1769515443,3,3
2026-01-27 04:06:55.955734,0x433abf20,13.25375,73.75,5.75,-76,1769515611,3,3
2026-01-27 04:07:46.305336,0x433b0b38,13.2375,75.0,5.5,-72,1769515661,5,5
2026-01-27 04:09:08.945056,0x433acb14,13.26125,67.5,5.5,-86,1769515744,3,3
2026-01-27 04:11:55.714986,0x433abf20,13.25625,62.5,5.75,-76,1769515911,3,3
2026-01-27 04:11:59.620907,0x433ad35c,13.25625,63.75,6.0,-54,1769515915,3,3
2026-01-27 04:12:46.697949,0x433b0b38,13.23875,65.0,5.75,-72,1769515962,5,5
2026-01-27 04:14:06.781076,0x433b0098,13.215,73.75,7.0,-61,1769516042,2,2
2026-01-27 04:14:09.866518,0x433acb14,13.26,67.5,5.5,-85,1769516045,3,3
2026-01-27 04:16:57.329136,0x433abf20,13.2525,71.25,5.5,-76,1769516212,3,3
2026-01-27 04:17:48.755555,0x433b0b38,13.24125,65.0,5.75,-73,1769516264,5,5
2026-01-27 04:19:11.772704,0x433acb14,13.25875,62.5,6.0,-87,1769516347,3,3
2026-01-27 04:21:57.741565,0x433abf20,13.2575,61.25,5.5,-76,1769516513,3,3
2026-01-27 04:22:01.097771,0x433ad35c,13.25625,65.0,5.75,-55,1769516516,3,3
2026-01-27 04:22:49.282010,0x433b0b38,13.23375,75.0,5.75,-72,1769516564,5,5
2026-01-27 04:24:10.226419,0x433b0098,13.21625,71.25,7.0,-60,1769516645,2,2
2026-01-27 04:24:12.562909,0x433acb14,13.235,127.5,5.75,-86,1769516648,3,3
2026-01-27 04:26:59.282240,0x433abf20,13.255,68.75,6.5,-76,1769516814,3,3
2026-01-27 04:27:50.543599,0x433b0b38,13.23875,60.0,5.75,-72,1769516865,5,5
2026-01-27 04:28:04.849860,0x433af380,13.18,80.0,6.25,-38,1769516880,3,3
2026-01-27 04:29:14.579175,0x433acb14,13.25375,86.25,5.5,-86,1769516950,3,3
2026-01-27 04:32:00.612528,0x433abf20,13.255,62.5,5.5,-77,1769517116,3,3
2026-01-27 04:32:03.583334,0x433ad35c,13.235,146.25,6.25,-55,1769517119,3,3
2026-01-27 04:32:53.692957,0x433b0b38,13.23875,62.5,6.0,-72,1769517169,5,5
2026-01-27 04:34:10.056019,0x433b0098,13.22375,62.5,6.75,-60,1769517245,2,2
2026-01-27 04:34:16.437513,0x433acb14,13.26,63.75,5.75,-86,1769517251,3,3
2026-01-27 04:37:00.812990,0x433abf20,13.25625,63.75,5.5,-76,1769517416,3,3
2026-01-27 04:37:54.030098,0x433b0b38,13.24125,65.0,5.75,-72,1769517469,5,5
2026-01-27 04:39:16.881613,0x433acb14,13.25875,68.75,6.0,-86,1769517552,3,3
2026-01-27 04:42:02.606563,0x433abf20,13.255,62.5,5.75,-76,1769517718,3,3
2026-01-27 04:42:05.822505,0x433ad35c,13.25375,65.0,6.25,-55,1769517721,3,3
2026-01-27 04:42:55.249627,0x433b0b38,13.23375,70.0,6.0,-72,1769517770,5,5
2026-01-27 04:44:13.780096,0x433b0098,13.22125,60.0,7.0,-60,1769517849,2,2
2026-01-27 04:44:20.553441,0x433acb14,13.255,76.25,5.25,-86,1769517855,3,3
2026-01-27 04:47:03.006531,0x433abf20,13.255,60.0,5.25,-76,1769518018,3,3
2026-01-27 04:47:55.678095,0x433b0b38,13.23625,71.25,5.75,-71,1769518071,5,5
2026-01-27 04:49:20.939699,0x433acb14,13.26,66.25,5.75,-86,1769518156,3,3
2026-01-27 04:52:03.816798,0x433abf20,13.25625,62.5,5.75,-76,1769518319,3,3
2026-01-27 04:52:11.735590,0x433ad35c,13.255,65.0,6.5,-54,1769518327,3,3
2026-01-27 04:52:57.678036,0x433b0b38,13.2375,63.75,6.0,-73,1769518373,5,5
2026-01-27 04:54:16.797653,0x433b0098,13.22,62.5,5.0,-60,1769518452,2,2
2026-01-27 04:54:24.255445,0x433acb14,13.25625,75.0,5.75,-86,1769518459,3,3
2026-01-27 04:57:04.550482,0x433abf20,13.25,72.5,5.5,-76,1769518619,3,3
2026-01-27 04:57:58.186175,0x433b0b38,13.23875,65.0,6.0,-72,1769518673,5,5
2026-01-27 04:59:25.985898,0x433acb14,13.26,66.25,3.25,-54,1769518761,3,2
2026-01-27 09:03:05.317380,0x433abf20,13.25,62.5,7.25,-73,1769533380,3,3
2026-01-27 09:03:16.830475,0x433ad35c,13.2475,65.0,6.0,-55,1769533391,3,3
2026-01-27 09:04:04.945682,0x433b0b38,13.22625,71.25,5.75,-73,1769533439,5,5
2026-01-27 09:05:20.062471,0x433b0098,13.2075,73.75,6.25,-58,1769533515,2,2
2026-01-27 09:05:28.640111,0x433acb14,13.25375,63.75,4.0,-91,1769533523,3,3
2026-01-27 09:08:07.744527,0x433abf20,13.24625,77.5,6.0,-74,1769533682,3,3
2026-01-27 09:09:05.265493,0x433b0b38,13.23,58.75,5.5,-73,1769533740,5,5
2026-01-27 09:10:31.105845,0x433acb14,13.25375,61.25,5.0,-90,1769533826,3,3
2026-01-27 09:13:09.248292,0x433abf20,13.25,66.25,6.75,-74,1769533984,3,3
2026-01-27 09:13:22.341104,0x433ad35c,13.25,65.0,6.25,-54,1769533997,3,3
2026-01-27 09:14:08.036163,0x433b0b38,13.2325,63.75,5.5,-73,1769534043,5,5
2026-01-27 09:15:23.022279,0x433b0098,13.2125,62.5,6.25,-60,1769534118,2,2
2026-01-27 09:15:31.592702,0x433acb14,13.25,73.75,3.25,-92,1769534126,3,3
2026-01-27 09:18:10.131262,0x433abf20,13.25,61.25,5.75,-75,1769534285,3,3
2026-01-27 09:19:08.784388,0x433b0b38,13.225,71.25,5.0,-73,1769534343,5,5
2026-01-27 09:20:32.214599,0x433acb14,13.25125,82.5,3.75,-92,1769534427,3,3
2026-01-27 09:23:14.290912,0x433abf20,13.24625,75.0,6.0,-74,1769534589,3,3
2026-01-27 09:23:22.556042,0x433ad35c,13.24625,73.75,5.5,-53,1769534597,3,3
2026-01-27 09:24:09.038715,0x433b0b38,13.23125,65.0,5.5,-74,1769534644,5,5
2026-01-27 09:25:25.033347,0x433b0098,13.2125,63.75,6.25,-59,1769534720,2,2
2026-01-27 09:25:34.377629,0x433acb14,13.25375,77.5,3.75,-92,1769534729,3,3
2026-01-27 09:28:14.352352,0x433abf20,13.25,65.0,6.0,-74,1769534889,3,3
2026-01-27 09:29:08.240212,0x433af380,13.1625,85.0,6.0,-40,1769534943,3,3
2026-01-27 09:29:16.535076,0x433b0b38,13.20375,120.0,6.0,-73,1769534951,5,5
2026-01-27 09:30:41.673985,0x433acb14,13.25625,62.5,3.75,-93,1769535036,3,3
2026-01-27 09:33:15.217047,0x433abf20,13.25,61.25,5.75,-75,1769535190,3,3
2026-01-27 09:33:25.531287,0x433ad35c,13.25,76.25,6.25,-54,1769535200,3,3
2026-01-27 09:34:13.669499,0x433b0b38,13.23,60.0,0.5,-73,1769535248,5,5
2026-01-27 09:35:28.730237,0x433b0098,13.21,75.0,6.25,-59,1769535323,2,2
2026-01-27 09:35:36.769854,0x433acb14,13.25625,66.25,1.5,-95,1769535331,3,3
2026-01-27 09:38:15.715604,0x433abf20,13.24875,61.25,6.0,-75,1769535490,3,3
2026-01-27 09:39:12.338103,0x433b0b38,13.23125,63.75,6.0,-74,1769535547,5,5
2026-01-27 09:40:37.623086,0x433acb14,13.25375,76.25,3.5,-92,1769535632,3,3
2026-01-27 09:43:16.659775,0x433abf20,13.25125,62.5,7.0,-75,1769535791,3,3
2026-01-27 09:43:28.367880,0x433ad35c,13.24875,71.25,6.0,-53,1769535803,3,3
2026-01-27 09:44:16.506430,0x433b0b38,13.2325,63.75,5.75,-74,1769535851,5,5
2026-01-27 09:45:30.806195,0x433b0098,13.215,68.75,6.5,-60,1769535925,2,2
2026-01-27 09:45:39.597725,0x433acb14,13.2525,77.5,2.5,-91,1769535934,3,3
2026-01-27 09:48:17.924998,0x433abf20,13.245,75.0,5.75,-74,1769536092,3,3
2026-01-27 09:49:18.666175,0x433b0b38,13.22625,72.5,6.5,-73,1769536153,5,5
2026-01-27 09:50:41.795733,0x433acb14,13.26,63.75,0.25,-96,1769536236,3,3
2026-01-27 09:53:23.856363,0x433abf20,13.25125,62.5,3.0,-93,1769536398,3,2
2026-01-27 09:53:31.286021,0x433ad35c,13.25125,63.75,6.0,-54,1769536406,3,3
2026-01-27 09:54:17.594687,0x433b0b38,13.22625,72.5,6.75,-73,1769536452,5,5
2026-01-27 09:55:32.936178,0x433b0098,13.21625,63.75,6.25,-59,1769536527,2,2
2026-01-27 09:55:43.584419,0x433acb14,13.25625,63.75,5.0,-89,1769536538,3,3
2026-01-27 09:58:20.214671,0x433abf20,13.24625,75.0,6.0,-75,1769536695,3,3
2026-01-27 09:59:19.826112,0x433b0b38,13.22625,75.0,5.75,-73,1769536754,5,5
2026-01-24 09:02:38.766815,0x433ad35c,13.24125,143.75,6.25,-57,,3,3
2026-01-24 09:03:42.325655,0x433b0b38,13.24625,57.5,5.5,-75,,5,5
2026-01-24 09:05:15.966971,0x433aad0c,13.06875,60.0,5.75,-70,,3,3
2026-01-24 09:08:44.194860,0x433b0b38,13.23625,82.5,5.75,-75,,5,5
2026-01-24 09:12:39.857824,0x433af380,13.215,70.0,7.75,-34,,3,3
2026-01-24 09:12:42.869480,0x433ad35c,13.26125,76.25,5.75,-56,,3,3
2026-01-24 09:13:44.570889,0x433b0b38,13.245,66.25,5.5,-75,,5,5
2026-01-24 09:15:16.237316,0x433aad0c,13.06375,71.25,5.5,-69,,3,3
2026-01-24 09:18:47.254333,0x433b0b38,13.24375,61.25,5.5,-75,,5,5
2026-01-24 09:22:43.910547,0x433ad35c,13.26375,61.25,6.75,-57,,3,3
2026-01-24 09:23:48.970636,0x433b0b38,13.23625,97.5,5.75,-75,,5,5
2026-01-24 09:25:16.434332,0x433aad0c,13.06375,76.25,5.75,-69,,3,3
2026-01-24 09:28:48.968191,0x433b0b38,13.2175,132.5,6.0,-75,,5,5
2026-01-24 09:32:47.373082,0x433ad35c,13.2475,131.25,6.25,-57,,3,3
2026-01-24 09:33:49.683917,0x433b0b38,13.245,58.75,5.75,-75,,5,5
2026-01-24 09:35:16.667584,0x433aad0c,13.0675,63.75,6.0,-70,,3,3
2026-01-24 09:38:51.717291,0x433b0b38,13.21375,132.5,5.5,-75,,5,5
2026-01-24 09:42:49.781277,0x433ad35c,13.26125,67.5,6.5,-57,,3,3
2026-01-24 09:43:52.295499,0x433b0b38,13.24375,63.75,5.75,-75,,5,5
2026-01-24 09:45:16.903766,0x433aad0c,13.065,70.0,6.0,-70,,3,3
2026-01-24 09:48:54.274399,0x433b0b38,13.215,135.0,6.0,-75,,5,5
2026-01-24 09:52:52.277343,0x433ad35c,13.2675,63.75,6.0,-57,,3,3
2026-01-24 09:53:55.261329,0x433b0b38,13.22125,121.25,5.5,-76,,5,5
2026-01-24 09:55:17.316319,0x433aad0c,13.05875,75.0,6.5,-69,,3,3
2026-01-24 09:58:58.363728,0x433b0b38,13.24125,75.0,5.5,-75,,5,5
2026-01-27 02:01:21.281566,0x433ad35c,13.2575,75.0,7.5,-54,1769508076,3,3
2026-01-27 02:01:27.677099,0x433abf20,13.26,60.0,5.25,-76,1769508083,3,3
2026-01-27 02:02:13.293365,0x433b0b38,13.24,73.75,5.5,-73,1769508128,5,5
2026-01-27 02:03:31.741844,0x433acb14,13.26375,66.25,6.0,-86,1769508207,3,3
2026-01-27 02:03:36.889193,0x433b0098,13.19,131.25,5.75,-60,1769508212,2,2
2026-01-27 02:06:28.578067,0x433abf20,13.25875,66.25,5.5,-76,1769508384,3,3
2026-01-27 02:07:13.473213,0x433b0b38,13.23625,57.5,5.75,-73,1769508429,5,5
2026-01-27 02:08:37.510032,0x433acb14,13.2575,68.75,6.25,-86,1769508513,3,3
2026-01-27 02:11:24.856771,0x433ad35c,13.26,67.5,7.75,-54,1769508680,3,3
2026-01-27 02:11:30.565952,0x433abf20,13.25875,65.0,5.25,-76,1769508686,3,3
2026-01-27 02:12:15.573404,0x433b0b38,13.24125,73.75,6.0,-73,1769508731,5,5
2026-01-27 02:13:34.598678,0x433acb14,13.2575,78.75,5.25,-87,1769508810,3,3
2026-01-27 02:13:38.643647,0x433b0098,13.2225,70.0,6.0,-60,1769508814,2,2
2026-01-27 02:16:30.019311,0x433abf20,13.25875,62.5,6.0,-76,1769508985,3,3
2026-01-27 02:17:16.006234,0x433b0b38,13.23875,70.0,5.5,-72,1769509031,5,5
2026-01-27 02:18:35.822023,0x433acb14,13.26125,65.0,5.5,-85,1769509111,3,3
2026-01-27 02:21:27.907237,0x433ad35c,13.25875,65.0,7.5,-54,1769509283,3,3
2026-01-27 02:21:32.073213,0x433abf20,13.2575,76.25,5.0,-77,1769509287,3,3
2026-01-27 02:22:17.259182,0x433b0b38,13.23875,73.75,5.5,-72,1769509332,5,5
2026-01-27 02:23:38.167645,0x433acb14,13.2625,67.5,5.75,-87,1769509413,3,3
2026-01-27 02:23:40.709256,0x433b0098,13.22375,73.75,5.75,-61,1769509416,2,2
2026-01-27 02:26:33.620931,0x433abf20,13.2575,76.25,5.5,-76,1769509589,3,3
2026-01-27 02:27:19.315448,0x433b0b38,13.245,65.0,5.5,-72,1769509634,5,5
2026-01-27 02:27:46.070466,0x433af380,13.18375,78.75,6.25,-39,1769509661,3,3
2026-01-27 02:28:39.347242,0x433acb14,13.2625,68.75,5.75,-86,1769509714,3,3
2026-01-27 02:31:29.266596,0x433ad35c,13.26,66.25,7.25,-53,1769509884,3,3
2026-01-27 02:31:33.084872,0x433abf20,13.25625,75.0,5.75,-76,1769509888,3,3
2026-01-27 02:32:20.534404,0x433b0b38,13.24,73.75,5.5,-72,1769509936,5,5
2026-01-27 02:33:42.283723,0x433acb14,13.2625,63.75,6.0,-87,1769510017,3,3
2026-01-27 02:33:44.775769,0x433b0098,13.22375,62.5,6.0,-61,1769510020,2,2
2026-01-27 02:36:34.266171,0x433abf20,13.255,73.75,5.75,-76,1769510189,3,3
2026-01-27 02:37:21.909087,0x433b0b38,13.24625,63.75,5.75,-73,1769510237,5,5
2026-01-27 02:38:41.594336,0x433acb14,13.26375,67.5,6.25,-86,1769510317,3,3
2026-01-27 02:41:32.134245,0x433ad35c,13.255,71.25,6.75,-54,1769510487,3,3
2026-01-27 02:41:35.462046,0x433abf20,13.23875,122.5,5.5,-76,1769510491,3,3
2026-01-27 02:42:22.313349,0x433b0b38,13.23875,75.0,5.75,-72,1769510537,5,5
2026-01-27 02:43:43.000306,0x433acb14,13.26,63.75,5.75,-86,1769510618,3,3
2026-01-27 02:43:46.204695,0x433b0098,13.2275,63.75,5.5,-60,1769510621,2,2
2026-01-27 02:46:36.671392,0x433abf20,13.2575,67.5,5.5,-76,1769510792,3,3
2026-01-27 02:47:24.220978,0x433b0b38,13.2425,63.75,5.75,-72,1769510839,5,5
2026-01-27 02:48:46.068415,0x433acb14,13.26125,66.25,6.25,-86,1769510921,3,3
2026-01-27 02:51:34.350191,0x433ad35c,13.255,75.0,7.5,-54,1769511089,3,3
2026-01-27 02:51:37.497076,0x433abf20,13.23875,125.0,5.5,-76,1769511093,3,3
2026-01-27 02:52:26.924176,0x433b0b38,13.245,66.25,5.75,-72,1769511142,5,5
2026-01-27 02:53:45.088925,0x433acb14,13.235,142.5,6.0,-87,1769511220,3,3
2026-01-27 02:53:47.405606,0x433b0098,13.2275,61.25,6.25,-59,1769511222,2,2
2026-01-27 02:56:39.005647,0x433abf20,13.2575,62.5,5.75,-76,1769511394,3,3
2026-01-27 02:57:29.719664,0x433b0b38,13.24375,58.75,6.0,-73,1769511445,5,5
2026-01-27 02:58:46.389338,0x433acb14,13.26125,65.0,6.0,-87,1769511521,3,3
2026-01-26 18:00:04.865137,0x433b0b38,13.27,73.75,5.5,-72,1769479201,5,5
2026-01-26 18:01:21.420438,0x433acb14,13.2975,66.25,3.5,-91,1769479277,3,3
2026-01-26 18:01:38.685803,0x433b0098,13.265,60.0,6.0,-61,1769479295,2,2
2026-01-26 18:04:24.849715,0x433abf20,13.27875,62.5,5.25,-76,1769479461,3,3
2026-01-26 18:05:08.558829,0x433b0b38,13.27,60.0,5.75,-73,1769479504,5,5
2026-01-26 18:06:22.431220,0x433acb14,13.29625,65.0,3.75,-91,1769479578,3,3
2026-01-26 18:09:20.164167,0x433ad35c,13.285,77.5,6.75,-54,1769479756,3,3
2026-01-26 18:09:26.611506,0x433abf20,13.27875,66.25,5.5,-77,1769479762,3,3
2026-01-26 18:10:10.712711,0x433b0b38,13.26625,72.5,5.5,-73,1769479807,5,5
2026-01-26 18:11:23.730310,0x433acb14,13.29375,63.75,3.75,-92,1769479880,3,3
2026-01-26 18:11:39.845837,0x433b0098,13.25875,63.75,6.25,-62,1769479896,2,2
2026-01-26 18:14:27.895103,0x433abf20,13.27875,65.0,6.0,-75,1769480064,3,3
2026-01-26 18:15:09.133496,0x433b0b38,13.27,63.75,5.5,-73,1769480105,5,5
2026-01-26 18:16:26.424277,0x433acb14,13.29375,61.25,3.25,-91,1769480182,3,3
2026-01-26 18:19:23.970766,0x433ad35c,13.2825,76.25,5.75,-52,1769480360,3,3
2026-01-26 18:19:30.309857,0x433abf20,13.275,75.0,5.75,-75,1769480366,3,2
2026-01-26 18:20:10.151068,0x433b0b38,13.2725,65.0,6.0,-73,1769480406,5,5
2026-01-26 18:21:26.404393,0x433acb14,13.295,66.25,3.5,-89,1769480482,3,3
2026-01-26 18:21:42.103602,0x433b0098,13.26,70.0,6.25,-62,1769480498,2,2
2026-01-26 18:24:30.450277,0x433abf20,13.275,75.0,5.75,-76,1769480666,3,3
2026-01-26 18:25:12.161483,0x433b0b38,13.2625,73.75,5.75,-72,1769480708,5,5
2026-01-26 18:26:19.494472,0x433af380,13.23875,68.75,6.25,-39,1769480775,3,3
2026-01-26 18:26:29.536516,0x433acb14,13.29375,65.0,3.5,-90,1769480785,3,3
2026-01-26 18:29:24.666108,0x433ad35c,13.2875,66.25,6.0,-53,1769480961,3,3
2026-01-26 18:29:31.717364,0x433abf20,13.2725,72.5,5.75,-75,1769480968,3,3
2026-01-26 18:30:13.521900,0x433b0b38,13.26375,76.25,6.25,-73,1769481009,5,5
2026-01-26 18:31:31.133540,0x433acb14,13.2925,63.75,3.25,-91,1769481087,3,3
2026-01-26 18:31:43.832094,0x433b0098,13.2625,63.75,5.75,-62,1769481100,2,2
2026-01-26 18:34:32.971106,0x433abf20,13.27375,76.25,5.5,-75,1769481269,3,3
2026-01-26 18:35:14.093590,0x433b0b38,13.27125,62.5,6.0,-73,1769481310,5,5
2026-01-26 18:36:32.140475,0x433acb14,13.2925,63.75,3.25,-92,1769481388,3,3
2026-01-26 18:39:31.928371,0x433ad35c,13.285,77.5,5.75,-52,1769481568,3,3
2026-01-26 18:39:35.083911,0x433abf20,13.27625,61.25,5.5,-76,1769481571,3,3
2026-01-26 18:40:16.312768,0x433b0b38,13.27,63.75,5.75,-73,1769481612,5,5
2026-01-26 18:41:33.600038,0x433acb14,13.28875,75.0,3.75,-91,1769481689,3,3
2026-01-26 18:41:46.716736,0x433b0098,13.25625,75.0,6.0,-60,1769481703,2,2
2026-01-26 18:44:37.269126,0x433abf20,13.275,62.5,5.5,-76,1769481873,3,3
2026-01-26 18:45:17.540232,0x433b0b38,13.27,65.0,6.0,-73,1769481913,5,5
2026-01-26 18:46:44.013106,0x433acb14,13.2875,72.5,6.0,-75,1769482000,3,2
2026-01-26 18:49:32.257746,0x433ad35c,13.28375,76.25,6.25,-53,1769482168,3,3
2026-01-26 18:49:37.278523,0x433abf20,13.27375,73.75,5.75,-76,1769482173,3,3
2026-01-26 18:50:17.893985,0x433b0b38,13.2675,63.75,5.0,-73,1769482214,5,5
2026-01-26 18:51:36.702507,0x433acb14,13.2875,77.5,3.75,-91,1769482293,3,3
2026-01-26 18:51:48.677742,0x433b0098,13.2625,61.25,6.0,-60,1769482305,2,2
2026-01-26 18:54:44.260368,0x433abf20,13.26875,97.5,4.0,-91,1769482480,3,1
2026-01-26 18:55:21.462643,0x433b0b38,13.265,75.0,6.0,-73,1769482517,5,5
2026-01-26 18:56:44.106764,0x433acb14,13.28875,63.75,3.75,-91,1769482600,3,3
2026-01-26 18:59:33.882757,0x433ad35c,13.285,65.0,5.75,-53,1769482770,3,3
2026-01-26 18:59:47.851697,0x433abf20,13.27875,61.25,5.5,-76,1769482784,3,3
2026-01-26 08:59:41.088833,0x433b0098,13.2225,70.0,6.0,-61,1769446778,2,2
2026-01-26 09:02:25.847801,0x433abf20,13.25875,62.5,6.0,-76,1769446943,3,3
2026-01-26 09:02:39.145985,0x433b0b38,13.245,61.25,5.75,-74,1769446956,5,5
2026-01-26 09:03:59.859756,0x433acb14,13.27875,66.25,3.5,-92,1769447037,3,3
2026-01-26 09:06:52.533392,0x433ad35c,13.2625,63.75,7.0,-53,1769447209,3,3
2026-01-26 09:07:27.758516,0x433abf20,13.25375,76.25,5.5,-76,1769447245,3,3
2026-01-26 09:07:40.437660,0x433b0b38,13.2375,72.5,5.5,-74,1769447257,5,5
2026-01-26 09:09:00.144964,0x433acb14,13.27625,75.0,2.75,-93,1769447337,3,3
2026-01-26 09:09:43.665379,0x433b0098,13.22375,71.25,6.25,-61,1769447380,2,2
2026-01-26 09:12:28.455285,0x433abf20,13.25125,76.25,5.25,-77,1769447545,3,3
2026-01-26 09:12:41.448848,0x433b0b38,13.24,76.25,5.75,-74,1769447558,5,5
2026-01-26 09:14:02.940986,0x433acb14,13.27375,77.5,3.0,-94,1769447640,3,3
2026-01-26 09:16:54.390868,0x433ad35c,13.26375,67.5,6.25,-53,1769447811,3,3
2026-01-26 09:17:29.091621,0x433abf20,13.2575,61.25,5.5,-77,1769447846,3,3
2026-01-26 09:17:42.707465,0x433b0b38,13.24,75.0,5.5,-75,1769447860,5,5
2026-01-26 09:19:03.982529,0x433acb14,13.28,61.25,3.75,-92,1769447941,3,3
2026-01-26 09:19:47.431294,0x433b0098,13.22375,71.25,5.5,-61,1769447984,2,2
2026-01-26 09:22:30.979773,0x433abf20,13.255,76.25,6.0,-76,1769448148,3,3
2026-01-26 09:22:43.354869,0x433b0b38,13.24125,60.0,5.75,-75,1769448160,5,5
2026-01-26 09:24:04.923933,0x433acb14,13.27875,62.5,3.0,-93,1769448242,3,3
2026-01-26 09:24:48.535660,0x433af380,13.1875,70.0,6.0,-39,1769448285,3,3
2026-01-26 09:26:57.947221,0x433ad35c,13.26,75.0,7.5,-54,1769448415,3,3
2026-01-26 09:27:31.393621,0x433abf20,13.25,75.0,5.75,-76,1769448448,3,3
2026-01-26 09:27:49.636889,0x433b0b38,13.23625,73.75,6.0,-75,1769448466,5,5
2026-01-26 09:29:06.096893,0x433acb14,13.27375,71.25,2.5,-94,1769448543,3,3
2026-01-26 09:29:47.867031,0x433b0098,13.23,77.5,6.0,-61,1769448585,2,2
2026-01-26 09:32:34.919309,0x433abf20,13.25375,73.75,6.0,-76,1769448752,3,3
2026-01-26 09:32:48.688374,0x433b0b38,13.24125,58.75,6.0,-75,1769448765,5,5
2026-01-26 09:34:07.180369,0x433acb14,13.27625,76.25,2.5,-94,1769448844,3,3
2026-01-26 09:37:01.220875,0x433ad35c,13.26125,75.0,6.25,-53,1769449018,3,3
2026-01-26 09:37:34.537916,0x433abf20,13.255,76.25,5.5,-76,1769449051,3,3
2026-01-26 09:37:48.912300,0x433b0b38,13.2375,75.0,5.5,-74,1769449066,5,5
2026-01-26 09:39:10.843820,0x433acb14,13.27875,65.0,,-97,1769449148,3,3
2026-01-26 09:39:54.198521,0x433b0098,13.225,73.75,6.25,-61,1769449191,2,2
2026-01-26 09:42:35.810664,0x433abf20,13.25625,61.25,5.75,-76,1769449353,3,3
2026-01-26 09:42:49.956563,0x433b0b38,13.2375,70.0,6.25,-74,1769449367,5,5
2026-01-26 09:44:09.161104,0x433acb14,13.2775,73.75,,-97,1769449446,3,3
2026-01-26 09:47:04.690454,0x433ad35c,13.265,65.0,6.5,-54,1769449621,3,3
2026-01-26 09:47:35.655051,0x433abf20,13.255,75.0,5.25,-77,1769449652,3,3
2026-01-26 09:47:56.890328,0x433b0b38,13.24375,63.75,1.75,-95,1769449674,5,4
2026-01-26 09:49:11.301875,0x433acb14,13.27625,78.75,2.25,-94,1769449748,3,3
2026-01-26 09:49:55.374023,0x433b0098,13.2275,73.75,5.75,-61,1769449792,2,2
2026-01-26 09:52:37.056492,0x433abf20,13.255,76.25,6.5,-76,1769449954,3,3
2026-01-26 09:52:51.512068,0x433b0b38,13.2375,73.75,5.75,-74,1769449968,5,5
2026-01-26 09:57:06.451017,0x433ad35c,13.2675,63.75,6.0,-54,1769450223,3,3
2026-01-26 09:57:37.676758,0x433abf20,13.25625,57.5,5.25,-76,1769450254,3,3
2026-01-26 09:57:54.299560,0x433b0b38,13.23625,70.0,7.0,-74,1769450271,5,5
2026-01-26 09:59:13.993282,0x433acb14,13.2775,76.25,0.75,-96,1769450351,3,3
2026-01-28 02:02:39.291131,0x433abf20,13.2725,61.25,6.0,-75,1769594552,3,3
2026-01-28 02:03:36.229892,0x433b0b38,13.25625,63.75,6.0,-72,1769594609,5,5
2026-01-28 02:05:01.707036,0x433acb14,13.22875,145.0,4.25,-90,1769594695,3,3
2026-01-28 02:07:40.849832,0x433abf20,13.26875,72.5,5.75,-74,1769594854,3,3
2026-01-28 02:07:49.769344,0x433ad35c,13.27,77.5,6.5,-54,1769594863,3,3
2026-01-28 02:08:38.079874,0x433b0b38,13.25625,63.75,6.0,-72,1769594911,5,5
2026-01-28 02:09:51.524698,0x433b0098,13.245,62.5,6.0,-61,1769594984,2,2
2026-01-28 02:10:05.429887,0x433acb14,13.26,66.25,5.75,-75,1769594998,3,2
2026-01-28 02:12:41.074295,0x433abf20,13.27,60.0,5.75,-75,1769595154,3,3
2026-01-28 02:13:38.714373,0x433b0b38,13.255,62.5,6.25,-73,1769595212,5,5
2026-01-28 02:15:02.514629,0x433acb14,13.23375,128.75,4.5,-89,1769595295,3,3
2026-01-28 02:17:43.225616,0x433abf20,13.2725,61.25,5.5,-75,1769595456,3,3
2026-01-28 02:17:52.347764,0x433ad35c,13.26625,81.25,6.25,-54,1769595465,3,3
2026-01-28 02:18:39.974357,0x433b0b38,13.25125,73.75,6.0,-72,1769595513,5,5
2026-01-28 02:19:54.454434,0x433b0098,13.24375,60.0,6.0,-61,1769595587,2,2
2026-01-28 02:20:05.747444,0x433acb14,13.25375,75.0,3.75,-91,1769595599,3,3
2026-01-28 02:22:44.979403,0x433abf20,13.25,135.0,5.75,-74,1769595758,3,3
2026-01-28 02:23:42.216451,0x433b0b38,13.2475,72.5,5.75,-72,1769595815,5,5
2026-01-28 02:25:05.962621,0x433acb14,13.2525,80.0,3.75,-91,1769595899,3,3
2026-01-28 02:27:46.347323,0x433abf20,13.27125,62.5,6.25,-75,1769596059,3,3
2026-01-28 02:27:54.604745,0x433ad35c,13.26875,78.75,5.75,-53,1769596067,3,3
2026-01-28 02:28:43.138019,0x433b0b38,13.25125,70.0,6.0,-72,1769596116,5,5
2026-01-28 02:29:57.136206,0x433b0098,13.24625,62.5,6.25,-61,1769596190,2,2
2026-01-28 02:30:06.970726,0x433acb14,13.2575,66.25,4.25,-90,1769596200,3,3
2026-01-28 02:32:14.946909,0x433af380,13.1975,73.75,6.25,-39,1769596328,3,3
2026-01-28 02:32:46.692759,0x433abf20,13.27125,62.5,5.75,-74,1769596360,3,3
2026-01-28 02:33:44.543842,0x433b0b38,13.255,58.75,5.75,-72,1769596417,5,5
2026-01-28 02:35:08.810610,0x433acb14,13.2575,66.25,3.75,-91,1769596502,3,3
2026-01-28 02:37:48.479111,0x433abf20,13.25125,152.5,6.0,-75,1769596661,3,3
2026-01-28 02:37:57.276230,0x433ad35c,13.27375,63.75,6.5,-53,1769596670,3,3
2026-01-28 02:38:45.041279,0x433b0b38,13.2525,63.75,5.75,-72,1769596718,5,5
2026-01-28 02:39:59.487564,0x433b0098,13.24375,62.5,6.25,-60,1769596792,2,2
2026-01-28 02:40:09.676139,0x433acb14,13.25625,65.0,5.0,-88,1769596802,3,3
2026-01-28 02:42:50.135347,0x433abf20,13.2525,123.75,5.75,-75,1769596963,3,3
2026-01-28 02:43:46.301676,0x433b0b38,13.25375,62.5,5.75,-72,1769597019,5,5
2026-01-28 02:45:11.710259,0x433acb14,13.2525,77.5,4.25,-88,1769597105,3,3
2026-01-28 02:47:50.400547,0x433abf20,13.2525,123.75,5.75,-75,1769597263,3,3
2026-01-28 02:47:59.084425,0x433ad35c,13.27,76.25,6.0,-52,1769597272,3,3
2026-01-28 02:48:48.083469,0x433b0b38,13.255,60.0,6.0,-72,1769597321,5,5
2026-01-28 02:50:02.668475,0x433b0098,13.21125,117.5,6.25,-61,1769597395,2,2
2026-01-28 02:50:14.158343,0x433acb14,13.255,62.5,5.0,-88,1769597407,3,3
2026-01-28 02:52:51.514202,0x433abf20,13.24,135.0,5.5,-75,1769597564,3,3
2026-01-28 02:53:49.897593,0x433b0b38,13.24875,71.25,6.25,-72,1769597623,5,5
2026-01-28 02:55:15.547182,0x433acb14,13.25125,77.5,5.0,-88,1769597708,3,3
2026-01-28 02:57:53.243178,0x433abf20,13.27125,62.5,6.0,-75,1769597866,3,3
2026-01-28 02:58:01.620405,0x433ad35c,13.2675,76.25,6.25,-54,1769597874,3,3
2026-01-28 02:58:55.710806,0x433b0b38,13.24875,70.0,5.75,-72,1769597928,5,5
2026-01-28 03:00:05.849704,0x433b0098,13.23875,61.25,6.0,-61,1769597999,2,2
2026-01-28 03:00:19.081548,0x433acb14,13.23,135.0,5.0,-89,1769598012,3,3
2026-01-24 20:05:35.406044,0x433ad35c,13.28375,66.25,6.0,-56,,3,3
2026-01-24 20:05:41.012027,0x433aad0c,13.0025,63.75,5.25,-70,,3,3
2026-01-24 20:06:38.206494,0x433b0b38,13.2675,65.0,5.75,-78,,5,5
2026-01-24 20:11:39.382417,0x433b0b38,13.25875,62.5,5.5,-78,,5,5
2026-01-24 20:15:35.830401,0x433af380,13.23625,67.5,6.0,-33,,3,3
2026-01-24 20:15:38.948230,0x433ad35c,13.2775,77.5,6.25,-56,,3,3
2026-01-24 20:15:43.374542,0x433aad0c,13.00125,63.75,5.75,-70,,3,3
2026-01-24 20:16:43.061463,0x433b0b38,13.26625,63.75,5.5,-77,,5,5
2026-01-24 20:21:42.641360,0x433b0b38,13.265,67.5,5.75,-78,,5,5
2026-01-24 20:25:39.939558,0x433ad35c,13.26125,143.75,5.75,-56,,3,3
2026-01-24 20:25:43.735467,0x433aad0c,12.99625,73.75,3.75,-69,,3,3
2026-01-24 20:26:43.428407,0x433b0b38,13.26125,75.0,5.75,-78,,5,5
2026-01-24 20:31:46.161231,0x433b0b38,13.26125,68.75,5.25,-78,,5,5
2026-01-24 20:35:43.195777,0x433ad35c,13.27625,73.75,5.75,-55,,3,3
2026-01-24 20:35:45.483630,0x433aad0c,12.96625,161.25,3.5,-70,,3,3
2026-01-24 20:36:45.078164,0x433b0b38,13.25875,73.75,5.75,-78,,5,5
2026-01-24 20:41:49.264973,0x433b0b38,13.26,72.5,5.5,-78,,5,5
2026-01-24 20:45:45.459227,0x433aad0c,12.99375,65.0,6.0,-70,,3,3
2026-01-24 20:45:49.892159,0x433ad35c,13.28,63.75,5.75,-56,,3,3
2026-01-24 20:46:48.597921,0x433b0b38,13.26875,65.0,5.75,-78,,5,5
2026-01-24 20:51:49.818031,0x433b0b38,13.25875,72.5,5.75,-78,,5,5
2026-01-24 20:55:43.312478,0x433aad0c,12.98875,71.25,4.0,-70,,3,3
2026-01-24 20:55:53.372497,0x433ad35c,13.2775,62.5,6.25,-56,,3,3
2026-01-24 20:56:52.145767,0x433b0b38,13.26375,63.75,6.0,-79,,5,5
2026-01-24 21:01:52.162045,0x433b0b38,13.2625,62.5,5.5,-77,,5,5
2026-01-27 19:01:39.902954,0x433b0b38,13.26125,62.5,6.0,-72,1769569293,5,5
2026-01-27 19:03:10.366898,0x433acb14,13.27375,60.0,3.25,-93,1769569384,3,3
2026-01-27 19:05:43.244884,0x433abf20,13.27875,68.75,5.5,-76,1769569537,3,3
2026-01-27 19:06:01.152734,0x433ad35c,13.28,76.25,6.5,-54,1769569555,3,3
2026-01-27 19:06:41.178131,0x433b0b38,13.26375,63.75,5.75,-72,1769569595,5,5
2026-01-27 19:08:04.709830,0x433b0098,13.2525,60.0,7.25,-61,1769569678,2,2
2026-01-27 19:08:13.804759,0x433acb14,13.27625,66.25,2.25,-91,1769569687,3,3
2026-01-27 19:10:46.075579,0x433abf20,13.27875,65.0,5.0,-75,1769569840,3,3
2026-01-27 19:11:42.826622,0x433b0b38,13.2575,73.75,5.5,-70,1769569896,5,5
2026-01-27 19:13:12.575288,0x433acb14,13.27375,65.0,2.25,-94,1769569986,3,3
2026-01-27 19:15:46.665740,0x433abf20,13.27625,77.5,5.75,-75,1769570140,3,3
2026-01-27 19:16:02.877844,0x433ad35c,13.28375,61.25,6.25,-53,1769570156,3,3
2026-01-27 19:16:43.759204,0x433b0b38,13.2575,72.5,6.75,-72,1769570197,5,5
2026-01-27 19:18:05.906313,0x433b0098,13.245,76.25,5.75,-61,1769570279,2,2
2026-01-27 19:18:14.801035,0x433acb14,13.275,63.75,0.5,-92,1769570288,3,3
2026-01-27 19:20:47.209097,0x433abf20,13.28125,63.75,5.75,-75,1769570441,3,3
2026-01-27 19:21:45.241616,0x433b0b38,13.25875,76.25,5.75,-72,1769570499,5,5
2026-01-27 19:23:15.130673,0x433acb14,13.27125,78.75,-2.75,-100,1769570589,3,3
2026-01-27 19:25:48.719814,0x433abf20,13.27875,61.25,7.25,-74,1769570742,3,3
2026-01-27 19:26:05.063635,0x433ad35c,13.28375,63.75,7.25,-54,1769570759,3,3
2026-01-27 19:26:47.032763,0x433b0b38,13.25875,75.0,5.75,-71,1769570801,5,5
2026-01-27 19:28:09.555627,0x433b0098,13.245,73.75,5.75,-61,1769570883,2,2
2026-01-27 19:28:18.275745,0x433acb14,13.27,76.25,4.5,-89,1769570892,3,3
2026-01-27 19:30:51.253857,0x433abf20,13.27875,65.0,7.0,-74,1769571045,3,3
2026-01-27 19:30:59.548288,0x433af380,13.20125,81.25,6.25,-39,1769571053,3,3
2026-01-27 19:31:47.572259,0x433b0b38,13.2575,75.0,5.5,-71,1769571101,5,5
2026-01-27 19:33:18.795838,0x433acb14,13.27375,63.75,1.5,-95,1769571192,3,3
2026-01-27 19:35:50.903794,0x433abf20,13.27625,65.0,6.5,-75,1769571344,3,3
2026-01-27 19:36:08.366831,0x433ad35c,13.2825,65.0,6.0,-53,1769571362,3,3
2026-01-27 19:36:49.796291,0x433b0b38,13.26375,60.0,6.25,-71,1769571403,5,5
2026-01-27 19:38:10.914112,0x433b0098,13.21125,130.0,5.25,-62,1769571484,2,2
2026-01-27 19:38:20.308563,0x433acb14,13.245,138.75,-4.0,-103,1769571494,3,3
2026-01-27 19:41:50.095558,0x433b0b38,13.25875,61.25,6.0,-72,1769571704,5,5
2026-01-27 19:43:23.885099,0x433acb14,13.2725,67.5,4.25,-88,1769571797,3,3
2026-01-27 19:45:55.123921,0x433abf20,13.27875,63.75,5.75,-75,1769571949,3,3
2026-01-27 19:46:09.788511,0x433ad35c,13.28,76.25,6.75,-53,1769571963,3,3
2026-01-27 19:46:52.140254,0x433b0b38,13.26375,63.75,6.25,-71,1769572006,5,5
2026-01-27 19:48:13.537463,0x433b0098,13.24375,72.5,6.25,-61,1769572087,2,2
2026-01-27 19:48:21.977431,0x433acb14,13.26875,70.0,3.75,-91,1769572095,3,3
2026-01-27 19:50:56.109439,0x433abf20,13.27875,65.0,6.0,-75,1769572250,3,3
2026-01-27 19:51:52.912878,0x433b0b38,13.2625,63.75,6.75,-72,1769572306,5,5
2026-01-27 19:53:25.908788,0x433acb14,13.27,65.0,3.5,-93,1769572399,3,3
2026-01-27 19:55:59.598771,0x433abf20,13.255,131.25,5.75,-74,1769572553,3,3
2026-01-27 19:56:13.117170,0x433ad35c,13.27875,76.25,6.75,-54,1769572567,3,3
2026-01-27 19:56:55.656633,0x433b0b38,13.255,72.5,6.0,-70,1769572609,5,5
2026-01-27 19:58:17.185900,0x433b0098,13.2525,61.25,6.75,-64,1769572691,2,2
2026-01-27 19:58:25.776963,0x433acb14,13.2725,63.75,1.5,-96,1769572699,3,3
2026-01-27 20:00:58.507074,0x433abf20,13.28,58.75,5.5,-76,1769572852,3,3
2026-01-24 03:02:15.144703,0x433b0b38,13.24875,65.0,6.5,-76,,5,5
2026-01-24 03:05:09.388305,0x433aad0c,13.0775,127.5,6.5,-73,,3,2
2026-01-24 03:07:15.147324,0x433b0b38,13.2475,63.75,5.75,-77,,5,5
2026-01-24 03:11:04.098199,0x433af380,13.1725,125.0,6.75,-34,,3,3
2026-01-24 03:11:09.584748,0x433ad35c,13.2675,61.25,5.5,-59,,3,3
2026-01-24 03:12:16.920441,0x433b0b38,13.24875,60.0,5.5,-77,,5,5
2026-01-24 03:15:04.190348,0x433aad0c,13.1025,61.25,5.25,-71,,3,3
2026-01-24 03:17:18.462753,0x433b0b38,13.24625,75.0,5.5,-77,,5,5
2026-01-24 03:21:10.220607,0x433ad35c,13.26625,66.25,6.0,-59,,3,3
2026-01-24 03:22:18.603430,0x433b0b38,13.25125,63.75,6.25,-76,,5,5
2026-01-24 03:25:04.429143,0x433aad0c,13.09875,71.25,5.75,-70,,3,3
2026-01-24 03:27:19.774387,0x433b0b38,13.24375,75.0,5.5,-77,,5,5
2026-01-24 03:31:11.437057,0x433ad35c,13.2675,62.5,7.0,-58,,3,3
2026-01-24 03:32:22.050947,0x433b0b38,13.24875,56.25,5.5,-76,,5,5
2026-01-24 03:35:04.710039,0x433aad0c,13.10125,63.75,6.25,-70,,3,3
2026-01-24 03:37:22.830149,0x433b0b38,13.25,65.0,5.25,-76,,5,5
2026-01-24 03:41:13.850364,0x433ad35c,13.245,138.75,6.25,-58,,3,3
2026-01-24 03:42:24.294329,0x433b0b38,13.2475,73.75,6.0,-77,,5,5
2026-01-24 03:45:05.077432,0x433aad0c,13.09875,83.75,5.75,-70,,3,3
2026-01-24 03:47:25.282277,0x433b0b38,13.25125,61.25,5.75,-77,,5,5
2026-01-24 03:51:17.124046,0x433ad35c,13.26625,63.75,6.0,-58,,3,3
2026-01-24 03:52:26.247681,0x433b0b38,13.245,71.25,5.5,-76,,5,5
2026-01-24 03:55:05.308085,0x433aad0c,13.0975,71.25,5.75,-70,,3,3
2026-01-24 03:57:26.807742,0x433b0b38,13.25,58.75,5.5,-76,,5,5
2026-01-24 04:01:19.617515,0x433ad35c,13.2475,132.5,5.75,-58,,3,3
2026-01-24 16:04:31.875526,0x433ad35c,13.29,85.0,6.25,-59,,3,3
2026-01-24 16:05:40.970865,0x433aad0c,13.02,125.0,6.0,-79,,3,2
2026-01-24 16:05:41.649226,0x433b0b38,13.275,61.25,5.5,-78,,5,5
2026-01-24 16:10:44.427573,0x433b0b38,13.27375,58.75,5.5,-77,,5,5
2026-01-24 16:14:31.672460,0x433af380,13.25,70.0,6.25,-34,,3,3
2026-01-24 16:14:35.532004,0x433ad35c,13.28875,77.5,6.75,-59,,3,3
2026-01-24 16:15:35.873757,0x433aad0c,13.03875,72.5,1.25,-75,,3,3
2026-01-24 16:15:36.681988,0x433b0b38,13.275,56.25,5.75,-79,,5,5
2026-01-24 16:20:41.161397,0x433b0b38,13.27625,60.0,6.0,-78,,5,5
2026-01-24 16:24:37.224826,0x433ad35c,13.29,76.25,5.75,-59,,3,3
2026-01-24 16:25:36.402570,0x433aad0c,13.04125,62.5,6.25,-75,,3,3
2026-01-24 16:25:39.403246,0x433b0b38,13.27625,58.75,5.5,-77,,5,5
2026-01-24 16:30:41.964618,0x433b0b38,13.27875,65.0,5.25,-79,,5,5
2026-01-24 16:34:39.087599,0x433ad35c,13.2725,143.75,6.5,-59,,3,3
2026-01-24 16:35:33.747198,0x433aad0c,13.03875,57.5,5.75,-71,,3,3
2026-01-24 16:35:44.555024,0x433b0b38,13.275,62.5,6.75,-70,,5,4
2026-01-24 16:40:42.054207,0x433b0b38,13.2775,63.75,5.5,-78,,5,5
2026-01-24 16:44:43.250374,0x433ad35c,13.29125,66.25,6.25,-58,,3,3
2026-01-24 16:45:34.341240,0x433aad0c,13.04125,63.75,5.5,-71,,3,3
2026-01-24 16:45:47.457617,0x433b0b38,13.2725,75.0,6.25,-77,,5,5
2026-01-24 16:50:45.768052,0x433b0b38,13.27875,63.75,5.5,-78,,5,5
2026-01-24 16:54:44.674237,0x433ad35c,13.2725,146.25,6.0,-58,,3,3
2026-01-24 16:55:34.171952,0x433aad0c,13.03875,60.0,6.0,-71,,3,3
2026-01-24 16:55:47.471408,0x433b0b38,13.27875,63.75,6.5,-78,,5,5
2026-01-24 17:00:48.927069,0x433b0b38,13.275,61.25,6.0,-77,,5,5
2026-01-22 18:00:37.931254,0x433aad0c,13.3325,66.25,6.5,-36,,3,3
2026-01-22 18:01:32.624433,0x433b0b38,13.24875,76.25,6.0,-4,,5,5
2026-01-22 18:01:54.312811,0x433acb14,13.2575,78.75,6.25,-11,,3,3
2026-01-22 18:06:32.976527,0x433b0b38,13.25,78.75,6.0,-4,,5,5
2026-01-22 18:06:54.990724,0x433acb14,13.2625,66.25,6.5,-10,,3,3
2026-01-22 18:10:28.681735,0x433ad35c,13.30375,63.75,7.5,-28,,3,3
2026-01-22 18:10:41.420074,0x433aad0c,13.31,57.5,5.75,-36,,3,3
2026-01-22 18:11:35.082106,0x433b0b38,13.22625,123.75,5.75,-4,,5,5
2026-01-22 18:11:56.811685,0x433acb14,13.26125,65.0,6.25,-11,,3,3
2026-01-22 18:15:48.391022,0x433af380,13.275,66.25,5.75,-21,,3,3
2026-01-22 18:16:37.136916,0x433b0b38,13.25125,62.5,6.25,-3,,5,5
2026-01-22 18:16:58.308542,0x433acb14,13.25875,65.0,7.25,-11,,3,3
2026-01-22 18:20:27.735816,0x433ad35c,13.295,68.75,7.25,-27,,3,3
2026-01-22 18:20:42.988792,0x433aad0c,13.30625,60.0,5.75,-37,,3,3
2026-01-22 18:21:38.333494,0x433b0b38,13.2575,65.0,6.25,-3,,5,5
2026-01-22 18:21:59.281614,0x433acb14,13.2575,77.5,6.25,-11,,3,3
2026-01-22 18:26:38.647231,0x433b0b38,13.255,68.75,6.0,-3,,5,5
2026-01-22 18:27:00.747810,0x433acb14,13.26375,67.5,6.75,-11,,3,3
2026-01-22 18:30:29.539312,0x433ad35c,13.29125,66.25,5.75,-28,,3,3
2026-01-22 18:30:45.991057,0x433aad0c,13.3,65.0,6.75,-36,,3,3
2026-01-22 18:31:39.735021,0x433b0b38,13.225,137.5,6.75,-4,,5,5
2026-01-22 18:32:02.933881,0x433acb14,13.2625,65.0,6.5,-12,,3,3
2026-01-22 18:36:40.913387,0x433b0b38,13.22125,131.25,6.25,-4,,5,5
2026-01-22 18:37:03.768711,0x433acb14,13.2625,77.5,7.25,-11,,3,3
2026-01-22 18:40:32.212283,0x433ad35c,13.27625,76.25,6.25,-27,,3,3
2026-01-22 18:40:49.119048,0x433aad0c,13.29625,61.25,6.75,-37,,3,3
2026-01-22 18:41:41.749811,0x433b0b38,13.25125,73.75,6.75,-3,,5,5
2026-01-22 18:42:04.494501,0x433acb14,13.2575,72.5,6.5,-11,,3,3
2026-01-22 18:46:44.296022,0x433b0b38,13.2575,67.5,6.25,-3,,5,5
2026-01-22 18:47:06.510452,0x433acb14,13.26375,63.75,7.0,-11,,3,3
2026-01-22 18:50:35.206469,0x433ad35c,13.27875,61.25,7.0,-28,,3,3
2026-01-22 18:50:51.584629,0x433aad0c,13.28875,77.5,6.25,-36,,3,3
2026-01-22 18:51:44.511338,0x433b0b38,13.25875,66.25,6.25,-3,,5,5
2026-01-22 18:52:06.933501,0x433acb14,13.25875,73.75,6.25,-11,,3,3
2026-01-22 18:56:45.870388,0x433b0b38,13.2575,65.0,6.0,-4,,5,5
2026-01-22 18:57:07.517287,0x433acb14,13.26375,63.75,6.75,-11,,3,3
2026-01-25 14:01:38.751237,0x433ad35c,13.28,62.5,5.75,-56,,3,3
2026-01-25 14:02:37.496785,0x433b0b38,13.255,60.0,6.0,-72,,5,5
2026-01-25 14:02:49.595712,0x433abf20,13.28625,62.5,5.25,-80,,3,3
2026-01-25 14:07:38.008618,0x433b0b38,13.25625,60.0,5.75,-70,1769378857,5,5
2026-01-25 14:07:48.274404,0x433aad0c,12.67125,61.25,6.25,-76,1769378867,3,3
2026-01-25 14:07:51.462774,0x433abf20,13.285,66.25,5.75,-77,1769378870,3,3
2026-01-25 14:11:40.712620,0x433ad35c,13.27875,72.5,7.0,-53,1769379099,3,3
2026-01-25 14:12:41.617702,0x433b0b38,13.255,58.75,5.0,-70,1769379160,5,5
2026-01-25 14:12:52.040659,0x433abf20,13.28125,72.5,5.75,-76,1769379171,3,3
2026-01-25 14:17:47.681553,0x433aad0c,12.6625,61.25,5.25,-77,1769379466,3,3
2026-01-25 14:17:50.641533,0x433b0b38,13.25625,61.25,5.75,-70,1769379469,5,5
2026-01-25 14:17:52.862162,0x433abf20,13.28125,71.25,5.5,-77,1769379471,3,3
2026-01-25 14:21:36.321045,0x433af380,13.2175,73.75,6.25,-39,1769379695,3,3
2026-01-25 14:21:40.838798,0x433ad35c,13.2825,65.0,7.0,-54,1769379699,3,3
2026-01-25 14:22:42.983211,0x433b0b38,13.25625,62.5,6.5,-71,1769379762,5,5
2026-01-25 14:22:50.799489,0x433abf20,13.28375,66.25,6.0,-75,1769379769,3,3
2026-01-25 14:23:38.880666,0x433acb14,13.365,63.75,3.25,-94,1769379817,3,3
2026-01-25 14:24:02.909771,0x433acb14,13.36125,72.5,2.0,-95,1769379841,3,3
2026-01-25 14:27:45.838418,0x433b0b38,13.255,75.0,5.5,-70,1769380064,5,5
2026-01-25 14:27:50.275291,0x433aad0c,12.65375,73.75,6.25,-69,1769380069,3,2
2026-01-25 14:27:53.865509,0x433abf20,13.28375,63.75,5.5,-76,1769380072,3,3
2026-01-25 14:29:03.484818,0x433acb14,13.35875,70.0,0.25,-97,1769380142,3,3
2026-01-25 14:31:43.966076,0x433ad35c,13.2825,60.0,7.5,-55,1769380303,3,3
2026-01-25 14:32:45.880169,0x433b0b38,13.25125,70.0,6.25,-71,1769380364,5,5
2026-01-25 14:32:53.400287,0x433abf20,13.28375,66.25,5.75,-76,1769380372,3,3
2026-01-25 14:34:03.958160,0x433acb14,13.35875,65.0,2.25,-94,1769380443,3,3
2026-01-25 14:37:46.902848,0x433b0b38,13.26,65.0,6.0,-72,1769380665,5,5
2026-01-25 14:37:50.203602,0x433aad0c,12.6475,63.75,6.25,-76,1769380669,3,3
2026-01-25 14:37:52.841349,0x433abf20,13.26125,126.25,5.5,-76,1769380671,3,3
2026-01-25 14:39:04.123696,0x433acb14,13.35375,77.5,1.5,-95,1769380743,3,3
2026-01-25 14:41:48.252823,0x433ad35c,13.28,71.25,6.0,-54,1769380907,3,3
2026-01-25 14:42:48.517346,0x433b0b38,13.25625,75.0,6.0,-70,1769380967,5,5
2026-01-25 14:42:54.417237,0x433abf20,13.2775,76.25,5.5,-76,1769380973,3,3
2026-01-25 14:44:04.652106,0x433acb14,13.35625,65.0,1.25,-96,1769381043,3,3
2026-01-25 14:47:52.024973,0x433b0b38,13.255,71.25,6.75,-74,1769381271,5,5
2026-01-25 14:47:54.387257,0x433aad0c,12.6375,71.25,5.5,-77,1769381273,3,3
2026-01-25 14:47:56.185693,0x433abf20,13.28,65.0,5.5,-76,1769381275,3,3
2026-01-25 14:49:05.844665,0x433acb14,13.35,71.25,1.0,-97,1769381344,3,3
2026-01-25 14:51:49.954132,0x433ad35c,13.28375,65.0,7.25,-54,1769381508,3,3
2026-01-25 14:52:55.092149,0x433b0b38,13.25375,82.5,6.75,-74,1769381574,5,5
2026-01-25 14:52:59.488056,0x433abf20,13.27,68.75,5.5,-76,1769381578,3,3
2026-01-25 14:54:05.525164,0x433acb14,13.35375,60.0,1.0,-96,1769381644,3,3
2026-01-25 14:54:43.037905,0x433b0098,13.32875,63.75,6.0,-64,1769381682,2,2
2026-01-25 14:55:28.823311,0x433b0098,13.3225,73.75,6.5,-63,1769381727,2,2
2026-01-25 14:57:52.778376,0x433aad0c,12.6325,63.75,6.5,-76,1769381871,3,3
2026-01-25 14:57:56.900668,0x433b0b38,13.255,70.0,6.25,-73,1769381875,5,5
2026-01-25 14:58:02.948485,0x433abf20,13.26875,78.75,5.75,-76,1769381881,3,3
2026-01-26 05:01:33.252949,0x433b0b38,13.24375,76.25,5.75,-74,1769432490,5,5
2026-01-26 05:01:36.633179,0x433abf20,13.25875,61.25,5.5,-77,1769432494,3,3
2026-01-26 05:02:58.801427,0x433acb14,13.27875,73.75,3.25,-91,1769432576,3,3
2026-01-26 05:05:45.151827,0x433ad35c,13.26375,61.25,6.0,-53,1769432742,3,3
2026-01-26 05:06:34.497944,0x433b0b38,13.2475,66.25,6.25,-74,1769432792,5,5
2026-01-26 05:06:37.762889,0x433abf20,13.26125,63.75,5.25,-76,1769432795,3,3
2026-01-26 05:07:56.562252,0x433acb14,13.28375,62.5,3.75,-90,1769432874,3,3
2026-01-26 05:08:43.961729,0x433b0098,13.23625,63.75,6.5,-60,1769432921,2,2
2026-01-26 05:11:36.554513,0x433b0b38,13.2475,63.75,6.25,-74,1769433094,5,5
2026-01-26 05:11:39.788632,0x433abf20,13.25125,71.25,5.5,-76,1769433097,3,3
2026-01-26 05:12:59.499423,0x433acb14,13.2825,61.25,4.0,-91,1769433177,3,3
2026-01-26 05:15:47.750193,0x433ad35c,13.2675,66.25,6.25,-54,1769433345,3,3
2026-01-26 05:16:37.020611,0x433b0b38,13.24875,61.25,5.75,-74,1769433394,5,5
2026-01-26 05:16:42.225177,0x433abf20,13.25875,62.5,5.75,-76,1769433399,3,3
2026-01-26 05:18:00.594989,0x433acb14,13.28375,65.0,3.75,-90,1769433478,3,3
2026-01-26 05:18:46.775998,0x433b0098,13.2275,73.75,6.0,-60,1769433524,2,2
2026-01-26 05:21:41.380437,0x433b0b38,13.25,62.5,5.25,-74,1769433699,5,5
2026-01-26 05:21:43.704190,0x433abf20,13.25625,72.5,6.0,-76,1769433701,3,3
2026-01-26 05:23:00.412102,0x433acb14,13.285,60.0,4.5,-90,1769433778,3,3
2026-01-26 05:24:07.087406,0x433af380,13.20375,70.0,6.25,-39,1769433844,3,3
2026-01-26 05:25:53.688549,0x433ad35c,13.26375,71.25,6.0,-53,1769433951,3,3
2026-01-26 05:26:42.858179,0x433b0b38,13.24625,63.75,6.5,-73,1769434000,5,5
2026-01-26 05:26:45.314443,0x433abf20,13.2575,65.0,5.25,-76,1769434002,3,3
2026-01-26 05:28:01.839389,0x433acb14,13.28,71.25,4.25,-90,1769434079,3,3
2026-01-26 05:28:47.916529,0x433b0098,13.19625,133.75,6.5,-60,1769434125,2,2
2026-01-26 05:31:44.170283,0x433b0b38,13.245,63.75,6.0,-75,1769434301,5,5
2026-01-26 05:31:47.474663,0x433abf20,13.25625,73.75,5.5,-76,1769434305,3,3
2026-01-26 05:33:04.065738,0x433acb14,13.28375,65.0,4.75,-89,1769434381,3,3
2026-01-26 05:35:54.189488,0x433ad35c,13.2625,77.5,5.75,-53,1769434551,3,3
2026-01-26 05:36:43.617173,0x433b0b38,13.24375,71.25,6.0,-74,1769434601,5,5
2026-01-26 05:36:49.006465,0x433abf20,13.255,72.5,5.25,-76,1769434606,3,3
2026-01-26 05:38:04.367427,0x433acb14,13.285,63.75,4.0,-91,1769434681,3,3
2026-01-26 05:38:50.453426,0x433b0098,13.195,128.75,6.0,-59,1769434728,2,2
2026-01-26 05:41:45.062246,0x433b0b38,13.24875,63.75,5.5,-74,1769434902,5,5
2026-01-26 05:41:49.948217,0x433abf20,13.2575,72.5,5.25,-76,1769434907,3,3
2026-01-26 05:43:05.660032,0x433acb14,13.2775,71.25,3.75,-91,1769434983,3,3
2026-01-26 05:45:57.897756,0x433ad35c,13.26625,75.0,6.0,-53,1769435155,3,3
2026-01-26 05:46:47.347739,0x433b0b38,13.22375,123.75,5.5,-74,1769435204,5,5
2026-01-26 05:46:50.453014,0x433abf20,13.25875,63.75,6.0,-76,1769435208,3,3
2026-01-26 05:48:07.148370,0x433acb14,13.28125,65.0,4.25,-90,1769435284,3,3
2026-01-26 05:48:56.479420,0x433b0098,13.22875,67.5,7.75,-60,1769435334,2,2
2026-01-26 05:51:47.442983,0x433abf20,13.26,63.75,5.5,-77,1769435505,3,3
2026-01-26 05:51:51.618708,0x433b0b38,13.2425,73.75,6.0,-74,1769435509,5,5
2026-01-26 05:53:08.196537,0x433acb14,13.28,76.25,4.0,-90,1769435585,3,3
2026-01-26 05:56:01.714983,0x433ad35c,13.265,66.25,6.0,-53,1769435759,3,3
2026-01-26 05:56:48.712091,0x433abf20,13.25625,76.25,5.25,-76,1769435806,3,3
2026-01-26 05:56:51.692302,0x433b0b38,13.23625,70.0,6.5,-74,1769435809,5,5
2026-01-26 05:58:09.472414,0x433acb14,13.2775,75.0,3.25,-92,1769435887,3,3
2026-01-26 05:58:57.620408,0x433b0098,13.23375,62.5,6.75,-61,1769435935,2,2
2026-01-25 16:59:36.684770,0x433acb14,13.32875,67.5,3.0,-93,1769389175,3,3
2026-01-25 17:02:28.918611,0x433ad35c,13.28625,66.25,7.0,-54,1769389347,3,3
2026-01-25 17:03:26.226799,0x433b0b38,13.26625,58.75,1.5,-74,1769389405,5,5
2026-01-25 17:03:29.737962,0x433abf20,13.27625,65.0,5.5,-76,1769389408,3,3
2026-01-25 17:04:37.527144,0x433acb14,13.32625,75.0,2.5,-95,1769389476,3,3
2026-01-25 17:05:42.932757,0x433b0098,13.2525,73.75,5.75,-60,1769389541,2,2
2026-01-25 17:07:56.461693,0x433aad0c,12.3625,66.25,6.0,-76,1769389675,3,3
2026-01-25 17:08:25.212314,0x433b0b38,13.25375,100.0,6.25,-74,1769389704,5,5
2026-01-25 17:08:31.838117,0x433abf20,13.275,67.5,5.5,-76,1769389710,3,3
2026-01-25 17:09:38.112463,0x433acb14,13.3275,73.75,3.25,-93,1769389776,3,3
2026-01-25 17:12:28.013520,0x433ad35c,13.28375,75.0,6.0,-53,1769389946,3,3
2026-01-25 17:13:30.386953,0x433b0b38,13.26625,61.25,5.25,-74,1769390009,5,5
2026-01-25 17:13:32.967820,0x433abf20,13.2725,60.0,5.25,-76,1769390011,3,3
2026-01-25 17:14:39.426557,0x433acb14,13.33,66.25,3.0,-93,1769390078,3,3
2026-01-25 17:15:45.407257,0x433b0098,13.25875,62.5,6.25,-61,1769390144,2,2
2026-01-25 17:17:57.133147,0x433aad0c,12.3175,82.5,5.0,-76,1769390275,3,3
2026-01-25 17:18:32.978102,0x433abf20,13.27375,60.0,5.25,-77,1769390311,3,3
2026-01-25 17:18:36.194001,0x433b0b38,13.26,76.25,6.25,-73,1769390315,5,5
2026-01-25 17:19:42.427328,0x433acb14,13.32875,60.0,3.25,-93,1769390381,3,3
2026-01-25 17:21:54.915207,0x433af380,13.1975,85.0,6.5,-38,1769390513,3,3
2026-01-25 17:22:30.773010,0x433ad35c,13.28625,66.25,6.5,-54,1769390549,3,3
2026-01-25 17:23:31.162085,0x433b0b38,13.2625,63.75,6.25,-73,1769390610,5,5
2026-01-25 17:23:33.417060,0x433abf20,13.27375,63.75,5.75,-76,1769390612,3,3
2026-01-25 17:24:44.901227,0x433acb14,13.3275,62.5,2.5,-94,1769390683,3,3
2026-01-25 17:25:46.301450,0x433b0098,13.2475,81.25,6.0,-61,1769390745,2,2
2026-01-25 17:27:58.207631,0x433aad0c,12.26875,81.25,5.25,-76,1769390877,3,3
2026-01-25 17:28:31.419041,0x433b0b38,13.26375,63.75,5.25,-74,1769390910,5,5
2026-01-25 17:28:34.396788,0x433abf20,13.2675,81.25,5.5,-77,1769390913,3,3
2026-01-25 17:29:44.610076,0x433acb14,13.32875,67.5,3.25,-93,1769390983,3,3
2026-01-25 17:32:30.969467,0x433ad35c,13.2875,65.0,7.5,-54,1769391149,3,3
2026-01-25 17:33:32.034163,0x433b0b38,13.26,71.25,6.5,-73,1769391210,5,5
2026-01-25 17:33:36.107914,0x433abf20,13.27,72.5,5.5,-77,1769391214,3,3
2026-01-25 17:34:45.729584,0x433acb14,13.3225,72.5,3.25,-92,1769391284,3,3
2026-01-25 17:35:49.325350,0x433b0098,13.25125,75.0,6.5,-60,1769391348,2,2
2026-01-25 17:38:34.794308,0x433b0b38,13.265,65.0,6.0,-73,1769391513,5,5
2026-01-25 17:38:37.174711,0x433abf20,13.2725,67.5,5.75,-77,1769391515,3,3
2026-01-25 17:39:46.364010,0x433acb14,13.3225,68.75,3.5,-92,1769391585,3,3
2026-01-25 17:42:35.217101,0x433ad35c,13.28625,65.0,6.75,-53,1769391753,3,3
2026-01-25 17:43:36.613852,0x433b0b38,13.25875,73.75,6.25,-74,1769391815,5,5
2026-01-25 17:43:38.950510,0x433abf20,13.27375,61.25,5.75,-76,1769391817,3,3
2026-01-25 17:44:48.675431,0x433acb14,13.32375,76.25,3.0,-92,1769391887,3,3
2026-01-25 17:45:51.698415,0x433b0098,13.25625,66.25,6.0,-60,1769391950,2,2
2026-01-25 17:48:36.896976,0x433b0b38,13.26375,66.25,6.25,-73,1769392115,5,5
2026-01-25 17:48:41.319897,0x433abf20,13.27125,66.25,5.75,-77,1769392120,3,3
2026-01-25 17:49:49.812548,0x433acb14,13.32375,75.0,3.0,-93,1769392188,3,3
2026-01-25 17:52:37.959154,0x433ad35c,13.2825,72.5,6.0,-53,1769392356,3,3
2026-01-25 17:53:37.122265,0x433b0b38,13.26125,65.0,5.5,-74,1769392415,5,5
2026-01-25 17:53:41.713986,0x433abf20,13.2725,63.75,6.0,-76,1769392420,3,3
2026-01-25 17:54:50.887129,0x433acb14,13.32375,61.25,2.75,-93,1769392489,3,3
2026-01-25 17:55:53.764957,0x433b0098,13.25,76.25,6.25,-61,1769392552,2,2
2026-01-25 17:58:41.952231,0x433b0b38,13.2625,58.75,6.0,-74,1769392720,5,5
2026-01-25 17:58:45.041431,0x433abf20,13.26875,75.0,5.5,-76,1769392723,3,3
2026-01-28 05:03:27.989443,0x433abf20,13.27,63.75,5.75,-75,1769605401,3,3
2026-01-28 05:04:24.872644,0x433b0b38,13.23875,96.25,5.75,-73,1769605457,5,5
2026-01-28 05:05:49.862043,0x433acb14,13.24875,65.0,4.75,-90,1769605542,3,3
2026-01-28 05:08:31.435301,0x433abf20,13.2675,63.75,5.75,-75,1769605704,3,3
2026-01-28 05:08:40.932974,0x433ad35c,13.26375,68.75,6.25,-53,1769605713,3,3
2026-01-28 05:09:26.797569,0x433b0b38,13.2525,60.0,6.0,-72,1769605759,5,5
2026-01-28 05:10:36.842160,0x433b0098,13.2425,60.0,6.0,-61,1769605829,2,2
2026-01-28 05:10:50.401463,0x433acb14,13.25125,65.0,5.25,-89,1769605843,3,3
2026-01-28 05:13:28.820907,0x433abf20,13.26875,67.5,5.75,-76,1769606001,3,3
2026-01-28 05:14:27.384859,0x433b0b38,13.25375,63.75,5.75,-72,1769606060,5,5
2026-01-28 05:15:52.481396,0x433acb14,13.245,78.75,5.25,-90,1769606145,3,3
2026-01-28 05:18:30.340315,0x433abf20,13.26375,72.5,5.75,-74,1769606303,3,3
2026-01-28 05:18:43.262679,0x433ad35c,13.26875,62.5,6.0,-53,1769606316,3,3
2026-01-28 05:19:28.862180,0x433b0b38,13.25,62.5,6.0,-72,1769606361,5,5
2026-01-28 05:20:38.722484,0x433b0098,13.2325,73.75,6.0,-61,1769606431,2,2
2026-01-28 05:20:53.745831,0x433acb14,13.25125,61.25,4.25,-90,1769606446,3,3
2026-01-28 05:23:34.188625,0x433abf20,13.2675,63.75,6.0,-75,1769606607,3,3
2026-01-28 05:24:30.578331,0x433b0b38,13.2475,75.0,6.0,-73,1769606663,5,5
2026-01-28 05:25:54.984059,0x433acb14,13.25,63.75,4.75,-90,1769606748,3,3
2026-01-28 05:28:34.098784,0x433abf20,13.2675,65.0,5.75,-75,1769606907,3,3
2026-01-28 05:28:47.070547,0x433ad35c,13.26875,66.25,6.5,-54,1769606920,3,3
2026-01-28 05:29:31.079482,0x433b0b38,13.24625,71.25,5.5,-72,1769606964,5,5
2026-01-28 05:30:41.412841,0x433b0098,13.23625,73.75,6.25,-61,1769607034,2,2
2026-01-28 05:30:56.527276,0x433acb14,13.2475,75.0,5.0,-91,1769607049,3,3
2026-01-28 05:32:50.216036,0x433af380,13.185,83.75,6.25,-39,1769607163,3,3
2026-01-28 05:33:35.061007,0x433abf20,13.265,75.0,6.25,-74,1769607208,3,3
2026-01-28 05:34:32.290017,0x433b0b38,13.245,75.0,6.0,-73,1769607265,5,5
2026-01-28 05:35:57.801898,0x433acb14,13.25125,66.25,5.0,-90,1769607350,3,3
2026-01-28 05:38:36.749083,0x433abf20,13.27,61.25,6.5,-75,1769607509,3,3
2026-01-28 05:38:50.523160,0x433ad35c,13.26875,61.25,6.0,-53,1769607523,3,3
2026-01-28 05:39:33.965276,0x433b0b38,13.25,63.75,6.25,-72,1769607566,5,5
2026-01-28 05:40:42.942766,0x433b0098,13.24,62.5,6.25,-62,1769607635,2,2
2026-01-28 05:40:58.049355,0x433acb14,13.24875,65.0,4.75,-89,1769607651,3,3
2026-01-28 05:43:36.799235,0x433abf20,13.26625,75.0,5.5,-76,1769607809,3,3
2026-01-28 05:44:35.303165,0x433b0b38,13.25125,60.0,5.75,-73,1769607868,5,5
2026-01-28 05:45:59.303264,0x433acb14,13.24625,72.5,4.5,-89,1769607952,3,3
2026-01-28 05:48:38.515866,0x433abf20,13.2675,66.25,6.0,-75,1769608111,3,3
2026-01-28 05:48:51.903289,0x433ad35c,13.26875,65.0,6.25,-53,1769608124,3,3
2026-01-28 05:49:36.723795,0x433b0b38,13.24625,75.0,6.0,-72,1769608169,5,5
2026-01-28 05:50:44.722250,0x433b0098,13.235,73.75,6.0,-61,1769608237,2,2
2026-01-28 05:51:00.572516,0x433acb14,13.24625,67.5,5.25,-90,1769608253,3,3
2026-01-28 05:53:39.564091,0x433abf20,13.26375,76.25,5.75,-76,1769608412,3,3
2026-01-28 05:54:38.408849,0x433b0b38,13.245,71.25,6.0,-72,1769608471,5,5
2026-01-28 05:56:03.122188,0x433acb14,13.24875,63.75,4.5,-90,1769608556,3,3
2026-01-28 05:58:42.792892,0x433abf20,13.26875,62.5,6.0,-75,1769608715,3,3
2026-01-28 05:58:53.852930,0x433ad35c,13.26875,63.75,6.0,-54,1769608726,3,3
2026-01-28 05:59:38.459750,0x433b0b38,13.2475,75.0,5.75,-73,1769608771,5,5
2026-01-28 06:00:47.246462,0x433b0098,13.23875,61.25,6.5,-60,1769608840,2,2
2026-01-28 06:01:03.914755,0x433acb14,13.2475,65.0,4.25,-89,1769608856,3,3
2026-01-22 21:01:07.656587,0x433ad35c,13.2675,61.25,6.0,-27,,3,3
2026-01-22 21:01:24.758750,0x433aad0c,13.28125,62.5,6.75,-38,,3,3
2026-01-22 21:02:17.705131,0x433b0b38,13.25625,65.0,6.25,-4,,5,5
2026-01-22 21:02:39.614271,0x433acb14,13.25875,77.5,6.25,-11,,3,3
2026-01-22 21:04:14.791485,0x433af380,4.60125,,6.25,-21,,3,3
2026-01-22 21:07:18.847588,0x433b0b38,13.2575,65.0,8.25,-2,,5,5
2026-01-22 21:07:41.438493,0x433acb14,13.26,75.0,6.0,-11,,3,3
2026-01-22 21:11:07.304174,0x433af380,4.57875,-1.25,6.0,-20,,3,3
2026-01-22 21:11:12.963070,0x433ad35c,13.26875,67.5,6.5,-28,,3,3
2026-01-22 21:11:27.626914,0x433aad0c,13.28125,62.5,6.75,-38,,3,3
2026-01-22 21:12:19.457830,0x433b0b38,13.2525,78.75,6.0,-4,,5,5
2026-01-22 21:12:42.396277,0x433acb14,13.2575,67.5,6.75,-11,,3,3
2026-01-22 21:17:20.740327,0x433b0b38,13.2525,75.0,6.25,-4,,5,5
2026-01-22 21:17:43.148397,0x433acb14,13.265,66.25,7.25,-12,,3,3
2026-01-22 21:21:12.904684,0x433ad35c,13.27,65.0,6.25,-30,,3,3
2026-01-22 21:21:30.280602,0x433aad0c,13.27625,75.0,7.0,-37,,3,3
2026-01-22 21:22:23.403877,0x433b0b38,13.25875,58.75,6.0,-4,,5,5
2026-01-22 21:22:44.985238,0x433acb14,13.26375,66.25,6.25,-11,,3,3
2026-01-22 21:26:00.136570,0x433af380,4.585,-1.25,5.75,-16,,3,3
2026-01-22 21:27:23.187790,0x433b0b38,13.2575,65.0,5.75,-2,,5,5
2026-01-22 21:27:47.125663,0x433acb14,13.2625,62.5,6.5,-12,,3,3
2026-01-22 21:31:16.141483,0x433ad35c,13.26625,76.25,6.5,-28,,3,3
2026-01-22 21:31:32.694833,0x433aad0c,13.27875,63.75,6.5,-37,,3,3
2026-01-22 21:32:26.990253,0x433b0b38,13.25875,66.25,5.75,-3,,5,5
2026-01-22 21:32:48.381831,0x433acb14,13.265,67.5,6.25,-11,,3,3
2026-01-22 21:37:27.637062,0x433b0b38,13.25875,65.0,6.5,-4,,5,5
2026-01-22 21:37:49.268769,0x433acb14,13.26,78.75,6.5,-11,,3,3
2026-01-22 21:41:05.343777,0x433af380,4.58,-2.5,6.5,-17,,3,3
2026-01-22 21:41:18.582495,0x433ad35c,13.2675,61.25,6.25,-27,,3,3
2026-01-22 21:41:34.356670,0x433aad0c,13.27875,63.75,6.0,-36,,3,3
2026-01-22 21:42:27.519649,0x433b0b38,13.255,78.75,6.0,-4,,5,5
2026-01-22 21:42:50.461291,0x433acb14,13.25875,75.0,6.5,-12,,3,3
2026-01-22 21:47:01.450881,0x433af380,4.58,-1.25,5.75,-16,,3,3
2026-01-22 21:47:28.736614,0x433b0b38,13.25375,77.5,6.0,-4,,5,5
2026-01-22 21:47:50.875262,0x433acb14,13.265,70.0,6.25,-12,,3,3
2026-01-22 21:51:20.352190,0x433ad35c,13.27,60.0,6.0,-29,,3,3
2026-01-22 21:51:37.693859,0x433aad0c,13.275,75.0,6.25,-36,,3,3
2026-01-22 21:52:32.074218,0x433b0b38,13.25625,67.5,6.25,-4,,5,5
2026-01-22 21:52:37.310824,0x433af380,4.6025,1.25,6.25,-18,,3,3
2026-01-22 21:52:52.353057,0x433acb14,13.26,77.5,7.0,-10,,3,3
2026-01-22 21:56:58.911365,0x433af380,4.57875,,6.0,-19,,3,3
2026-01-22 21:57:30.943766,0x433b0b38,13.25625,66.25,6.75,-3,,5,5
2026-01-22 21:57:55.661117,0x433acb14,13.265,65.0,7.25,-11,,3,3
2026-01-23 22:04:50.569615,0x433aad0c,13.11625,58.75,5.5,-70,,3,3
2026-01-23 22:06:04.756169,0x433b0b38,13.24875,75.0,5.25,-76,,5,5
2026-01-23 22:09:44.861569,0x433af380,13.22375,73.75,5.75,-34,,3,3
2026-01-23 22:09:48.619490,0x433ad35c,13.265,67.5,6.25,-57,,3,3
2026-01-23 22:11:05.800749,0x433b0b38,13.25125,63.75,6.5,-76,,5,5
2026-01-23 22:14:51.848723,0x433aad0c,13.11625,62.5,5.5,-70,,3,3
2026-01-23 22:16:06.378380,0x433b0b38,13.25125,63.75,5.75,-76,,5,5
2026-01-23 22:19:50.177956,0x433ad35c,13.245,145.0,6.5,-57,,3,3
2026-01-23 22:21:08.012160,0x433b0b38,13.25,65.0,6.25,-77,,5,5
2026-01-23 22:24:53.440611,0x433aad0c,13.1125,63.75,6.0,-71,,3,3
2026-01-23 22:26:08.683401,0x433b0b38,13.2475,75.0,5.5,-76,,5,5
2026-01-23 22:29:52.510651,0x433ad35c,13.245,141.25,6.25,-58,,3,3
2026-01-23 22:31:10.468838,0x433b0b38,13.245,70.0,4.75,-76,,5,5
2026-01-23 22:34:52.788129,0x433aad0c,13.11375,56.25,5.5,-70,,3,3
2026-01-23 22:36:11.020653,0x433b0b38,13.2475,56.25,5.75,-77,,5,5
2026-01-23 22:39:54.823734,0x433ad35c,13.26375,65.0,6.0,-58,,3,3
2026-01-23 22:41:12.169510,0x433b0b38,13.25125,62.5,5.25,-77,,5,5
2026-01-23 22:44:57.441432,0x433aad0c,13.11125,60.0,5.25,-71,,3,3
2026-01-23 22:46:13.335823,0x433b0b38,13.24375,70.0,6.5,-77,,5,5
2026-01-23 22:49:57.632404,0x433ad35c,13.26125,76.25,6.0,-59,,3,3
2026-01-23 22:51:14.484207,0x433b0b38,13.24375,71.25,6.25,-77,,5,5
2026-01-23 22:55:00.227622,0x433aad0c,13.10875,73.75,6.75,-73,,3,2
2026-01-23 22:56:16.367822,0x433b0b38,13.24875,60.0,6.0,-76,,5,5
2026-01-23 22:59:59.700967,0x433ad35c,13.26125,77.5,6.0,-58,,3,3
2026-01-23 23:01:18.079010,0x433b0b38,13.2475,58.75,6.0,-77,,5,5
2026-01-22 15:00:46.709615,0x433b0b38,13.2425,97.5,6.0,-3,,5,5
2026-01-22 15:01:07.154463,0x433acb14,13.24875,77.5,7.0,-11,,3,3
2026-01-22 15:05:47.029805,0x433b0b38,13.2425,76.25,6.0,-3,,5,5
2026-01-22 15:06:07.237869,0x433acb14,13.25375,70.0,7.5,-12,,3,3
2026-01-22 15:09:38.514099,0x433ad35c,13.4225,65.0,5.5,-28,,3,3
2026-01-22 15:09:55.259672,0x433aad0c,13.42375,77.5,6.25,-36,,3,3
2026-01-22 15:10:48.230880,0x433b0b38,13.2425,78.75,6.0,-3,,5,5
2026-01-22 15:11:08.470782,0x433acb14,13.255,67.5,6.75,-11,,3,3
2026-01-22 15:15:14.138493,0x433af380,13.275,66.25,6.0,-21,,3,3
2026-01-22 15:15:49.446510,0x433b0b38,13.245,75.0,6.0,-4,,5,5
2026-01-22 15:16:10.626287,0x433acb14,13.255,66.25,7.5,-11,,3,3
2026-01-22 15:19:40.486268,0x433ad35c,13.43125,65.0,6.5,-28,,3,3
2026-01-22 15:19:56.990086,0x433aad0c,13.44125,61.25,6.0,-36,,3,3
2026-01-22 15:20:50.687301,0x433b0b38,13.25,66.25,6.0,-3,,5,5
2026-01-22 15:21:11.327969,0x433acb14,13.2525,75.0,7.25,-11,,3,3
2026-01-22 15:25:52.683660,0x433b0b38,13.24875,66.25,6.5,-3,,5,5
2026-01-22 15:26:12.110190,0x433acb14,13.25125,80.0,6.75,-11,,3,3
2026-01-22 15:29:44.239455,0x433ad35c,13.43375,62.5,5.75,-28,,3,3
2026-01-22 15:29:59.196503,0x433aad0c,13.45625,75.0,6.0,-36,,3,3
2026-01-22 15:30:53.673887,0x433b0b38,13.2525,65.0,6.25,-4,,5,5
2026-01-22 15:31:13.308405,0x433acb14,13.25625,66.25,7.75,-11,,3,3
2026-01-22 15:35:55.084709,0x433b0b38,13.25375,65.0,6.5,-3,,5,5
2026-01-22 15:36:14.520771,0x433acb14,13.25625,67.5,7.25,-11,,3,3
2026-01-22 15:39:45.743718,0x433ad35c,13.46,76.25,7.25,-28,,3,3
2026-01-22 15:40:01.843798,0x433aad0c,13.47125,75.0,5.75,-37,,3,3
2026-01-22 15:40:56.014530,0x433b0b38,13.24375,76.25,6.0,-3,,5,5
2026-01-22 15:41:16.330347,0x433acb14,13.25625,70.0,6.0,-11,,3,3
2026-01-22 15:45:57.284040,0x433b0b38,13.24,97.5,6.25,-3,,5,5
2026-01-22 15:46:16.972885,0x433acb14,13.25625,62.5,7.25,-11,,3,3
2026-01-22 15:49:49.042680,0x433ad35c,13.4975,67.5,6.25,-29,,3,3
2026-01-22 15:50:04.826274,0x433aad0c,13.5075,62.5,6.0,-36,,3,3
2026-01-22 15:50:58.276978,0x433b0b38,13.25375,63.75,6.0,-3,,5,5
2026-01-22 15:51:18.900843,0x433acb14,13.25125,71.25,6.0,-11,,3,3
2026-01-22 15:56:00.179291,0x433b0b38,13.255,65.0,6.25,-3,,5,5
2026-01-22 15:56:20.884828,0x433acb14,13.2575,67.5,6.75,-10,,3,3
2026-01-22 15:59:51.795964,0x433ad35c,13.53875,62.5,6.25,-29,,3,3
2026-01-22 16:00:07.351653,0x433aad0c,13.54875,75.0,6.25,-36,,3,3
2026-01-27 07:02:37.353057,0x433abf20,13.2525,67.5,5.25,-75,1769526152,3,3
2026-01-27 07:02:45.824953,0x433ad35c,13.2475,61.25,6.0,-55,1769526161,3,3
2026-01-27 07:03:31.052251,0x433b0b38,13.23375,63.75,5.75,-71,1769526206,5,5
2026-01-27 07:04:49.184108,0x433b0098,13.20875,75.0,7.0,-59,1769526284,2,2
2026-01-27 07:04:56.827747,0x433acb14,13.2525,75.0,5.0,-86,1769526292,3,3
2026-01-27 07:07:37.483256,0x433abf20,13.24875,72.5,5.75,-75,1769526452,3,3
2026-01-27 07:08:33.030315,0x433b0b38,13.23,67.5,5.5,-71,1769526508,5,5
2026-01-27 07:10:02.941628,0x433acb14,13.25375,65.0,5.25,-85,1769526598,3,3
2026-01-27 07:12:38.677293,0x433abf20,13.2525,62.5,6.25,-74,1769526753,3,3
2026-01-27 07:12:48.051740,0x433ad35c,13.25125,62.5,6.75,-56,1769526763,3,3
2026-01-27 07:13:33.360367,0x433b0b38,13.2325,62.5,5.75,-72,1769526808,5,5
2026-01-27 07:14:51.349755,0x433b0098,13.21375,63.75,7.0,-60,1769526886,2,2
2026-01-27 07:14:59.889647,0x433acb14,13.23125,131.25,4.75,-85,1769526895,3,3
2026-01-27 07:17:39.164195,0x433abf20,13.25125,61.25,5.5,-75,1769527054,3,3
2026-01-27 07:18:42.317526,0x433b0b38,13.235,61.25,5.75,-72,1769527117,5,5
2026-01-27 07:20:01.236633,0x433acb14,13.25125,71.25,4.5,-86,1769527196,3,3
2026-01-27 07:22:40.296738,0x433abf20,13.2525,65.0,7.0,-73,1769527355,3,3
2026-01-27 07:22:50.267608,0x433ad35c,13.2475,76.25,6.75,-54,1769527365,3,3
2026-01-27 07:23:38.233735,0x433b0b38,13.235,61.25,6.0,-72,1769527413,5,5
2026-01-27 07:24:53.209442,0x433b0098,13.20875,75.0,6.75,-60,1769527488,2,2
2026-01-27 07:25:01.702776,0x433acb14,13.25375,63.75,5.75,-86,1769527496,3,3
2026-01-27 07:27:44.038428,0x433abf20,13.24875,75.0,6.25,-74,1769527659,3,3
2026-01-27 07:28:37.917770,0x433b0b38,13.23375,62.5,5.5,-72,1769527713,5,5
2026-01-27 07:28:46.632777,0x433af380,13.18875,72.5,6.25,-39,1769527721,3,3
2026-01-27 07:30:03.787065,0x433acb14,13.25125,77.5,4.25,-85,1769527798,3,3
2026-01-27 07:32:43.434697,0x433abf20,13.25,76.25,6.0,-75,1769527958,3,3
2026-01-27 07:32:53.669754,0x433ad35c,13.24875,62.5,6.0,-55,1769527968,3,3
2026-01-27 07:33:40.233243,0x433b0b38,13.2325,62.5,5.75,-70,1769528015,5,5
2026-01-27 07:34:56.532001,0x433b0098,13.2125,63.75,6.5,-59,1769528091,2,2
2026-01-27 07:35:04.221477,0x433acb14,13.25,77.5,4.75,-86,1769528099,3,3
2026-01-27 07:37:47.543045,0x433abf20,13.2525,66.25,5.5,-76,1769528262,3,3
2026-01-27 07:38:41.615383,0x433b0b38,13.22875,71.25,6.0,-71,1769528316,5,5
2026-01-27 07:40:05.480984,0x433acb14,13.25375,66.25,5.0,-86,1769528400,3,3
2026-01-27 07:42:47.033427,0x433abf20,13.24875,91.25,5.75,-75,1769528562,3,3
2026-01-27 07:42:55.368118,0x433ad35c,13.24875,65.0,6.25,-55,1769528570,3,3
2026-01-27 07:43:43.405650,0x433b0b38,13.2325,57.5,6.0,-73,1769528618,5,5
2026-01-27 07:44:59.229328,0x433b0098,13.2075,71.25,6.0,-60,1769528694,2,2
2026-01-27 07:45:06.751566,0x433acb14,13.25625,66.25,6.25,-86,1769528701,3,3
2026-01-27 07:47:51.036496,0x433abf20,13.2475,73.75,6.0,-74,1769528866,3,3
2026-01-27 07:48:43.267921,0x433b0b38,13.235,63.75,6.0,-70,1769528918,5,5
2026-01-27 07:50:08.850043,0x433acb14,13.25375,65.0,5.25,-85,1769529003,3,3
2026-01-27 07:52:48.364616,0x433abf20,13.25,62.5,5.75,-75,1769529163,3,3
2026-01-27 07:52:59.360749,0x433ad35c,13.2475,62.5,6.25,-55,1769529174,3,3
2026-01-27 07:53:44.684580,0x433b0b38,13.23,71.25,6.0,-70,1769529219,5,5
2026-01-27 07:55:02.024876,0x433b0098,13.2125,68.75,7.25,-60,1769529297,2,2
2026-01-27 07:55:12.222939,0x433acb14,13.25375,61.25,5.75,-85,1769529307,3,3
2026-01-27 07:57:49.610805,0x433abf20,13.2325,125.0,6.0,-75,1769529464,3,3
2026-01-27 07:58:45.790744,0x433b0b38,13.2325,60.0,5.25,-70,1769529520,5,5
2026-01-27 08:00:11.605858,0x433acb14,13.22875,128.75,6.25,-86,1769529606,3,3
2026-01-25 11:05:36.615206,0x433b0b38,13.24,57.5,6.0,-69,,5,5
2026-01-25 11:06:22.019182,0x433aad0c,12.7575,61.25,6.0,-74,,3,3
2026-01-25 11:09:36.416976,0x433ad35c,13.2625,61.25,6.25,-53,,3,3
2026-01-25 11:10:38.293100,0x433b0b38,13.23625,75.0,6.25,-71,,5,5
2026-01-25 11:15:38.453482,0x433b0b38,13.24125,62.5,5.75,-71,,5,5
2026-01-25 11:16:22.558845,0x433aad0c,12.7525,60.0,5.75,-75,,3,3
2026-01-25 11:19:35.619518,0x433af380,13.21125,66.25,6.75,-39,,3,3
2026-01-25 11:19:38.799972,0x433ad35c,13.2625,63.75,5.25,-53,,3,3
2026-01-25 11:20:38.750914,0x433b0b38,13.24125,57.5,6.25,-69,,5,5
2026-01-25 11:25:40.327419,0x433b0b38,13.23875,75.0,6.0,-69,,5,5
2026-01-25 11:26:24.283106,0x433aad0c,12.74375,72.5,6.25,-75,,3,3
2026-01-25 11:29:42.032617,0x433ad35c,13.26375,63.75,5.75,-53,,3,3
2026-01-25 11:30:40.197592,0x433b0b38,13.23875,73.75,6.25,-69,,5,5
2026-01-25 11:35:42.021948,0x433b0b38,13.2375,71.25,5.75,-69,,5,5
2026-01-25 11:36:23.066419,0x433aad0c,12.7425,72.5,5.75,-75,,3,3
2026-01-25 11:39:43.393246,0x433ad35c,13.265,60.0,6.25,-52,,3,3
2026-01-25 11:40:46.183860,0x433b0b38,13.2175,118.75,6.25,-69,,5,5
2026-01-25 11:45:45.781209,0x433b0b38,13.23875,70.0,5.5,-68,,5,5
2026-01-25 11:46:23.263434,0x433aad0c,12.7375,72.5,5.75,-76,,3,3
2026-01-25 11:49:46.051353,0x433ad35c,13.2525,132.5,6.0,-53,,3,3
2026-01-25 11:50:50.288504,0x433b0b38,13.2375,77.5,5.75,-70,,5,5
2026-01-25 11:55:49.451616,0x433b0b38,13.24375,65.0,5.5,-69,,5,5
2026-01-25 11:56:25.351538,0x433aad0c,12.74,61.25,6.0,-74,,3,3
2026-01-25 11:59:48.772476,0x433ad35c,13.26875,63.75,6.75,-53,,3,3
2026-01-25 12:00:48.972733,0x433b0b38,13.245,58.75,5.75,-70,,5,5
2026-01-27 17:01:11.609566,0x433b0b38,13.2575,72.5,5.75,-73,1769562065,5,5
2026-01-27 17:02:37.294391,0x433acb14,13.27625,72.5,3.0,-92,1769562151,3,3
2026-01-27 17:05:13.367371,0x433abf20,13.2775,73.75,6.0,-76,1769562307,3,3
2026-01-27 17:05:25.515630,0x433ad35c,13.28125,72.5,6.25,-53,1769562319,3,3
2026-01-27 17:06:11.938410,0x433b0b38,13.2625,62.5,6.25,-73,1769562366,5,5
2026-01-27 17:07:35.142902,0x433b0098,13.2525,60.0,6.0,-60,1769562449,2,2
2026-01-27 17:07:37.782426,0x433acb14,13.27875,65.0,1.75,-96,1769562452,3,3
2026-01-27 17:10:14.853999,0x433abf20,13.28,65.0,5.75,-75,1769562609,3,3
2026-01-27 17:11:11.932026,0x433b0b38,13.26625,63.75,5.5,-72,1769562666,5,5
2026-01-27 17:12:40.003679,0x433acb14,13.27625,72.5,3.0,-93,1769562754,3,3
2026-01-27 17:15:16.327160,0x433abf20,13.27625,75.0,5.25,-75,1769562910,3,3
2026-01-27 17:15:28.066160,0x433ad35c,13.28625,63.75,6.0,-53,1769562922,3,3
2026-01-27 17:16:16.093500,0x433b0b38,13.2625,62.5,5.25,-72,1769562970,5,5
2026-01-27 17:17:35.424444,0x433b0098,13.2525,60.0,7.25,-60,1769563049,2,2
2026-01-27 17:17:43.572765,0x433acb14,13.27875,62.5,3.75,-93,1769563057,3,3
2026-01-27 17:20:17.391104,0x433abf20,13.28125,61.25,5.75,-76,1769563211,3,3
2026-01-27 17:21:15.469911,0x433b0b38,13.26375,61.25,5.5,-72,1769563269,5,5
2026-01-27 17:22:42.931120,0x433acb14,13.27375,76.25,3.75,-92,1769563357,3,3
2026-01-27 17:25:18.517685,0x433abf20,13.28,65.0,5.5,-77,1769563512,3,3
2026-01-27 17:25:31.998720,0x433ad35c,13.28625,63.75,6.0,-53,1769563526,3,3
2026-01-27 17:26:16.383607,0x433b0b38,13.2575,70.0,5.25,-74,1769563570,5,5
2026-01-27 17:27:39.358305,0x433b0098,13.2525,62.5,5.5,-60,1769563653,2,2
2026-01-27 17:27:43.355125,0x433acb14,13.2775,62.5,3.0,-93,1769563657,3,3
2026-01-27 17:30:19.199337,0x433abf20,13.27625,75.0,5.5,-75,1769563813,3,3
2026-01-27 17:30:31.392502,0x433af380,13.215,70.0,6.25,-38,1769563825,3,3
2026-01-27 17:31:17.029605,0x433b0b38,13.26375,58.75,5.75,-73,1769563871,5,5
2026-01-27 17:32:45.881398,0x433acb14,13.27375,75.0,3.75,-91,1769563960,3,3
2026-01-27 17:35:22.429973,0x433abf20,13.28,63.75,5.5,-76,1769564116,3,3
2026-01-27 17:35:35.880099,0x433ad35c,13.28625,61.25,6.0,-53,1769564130,3,3
2026-01-27 17:36:18.292780,0x433b0b38,13.26125,61.25,5.5,-74,1769564172,5,5
2026-01-27 17:37:40.057236,0x433b0098,13.2475,73.75,6.25,-60,1769564254,2,2
2026-01-27 17:37:50.075115,0x433acb14,13.2775,63.75,3.5,-91,1769564264,3,3
2026-01-27 17:40:23.312767,0x433abf20,13.28125,63.75,5.5,-76,1769564417,3,3
2026-01-27 17:41:20.878854,0x433b0b38,13.2625,60.0,5.75,-74,1769564475,5,5
2026-01-27 17:42:51.357980,0x433acb14,13.2725,77.5,3.5,-87,1769564565,3,3
2026-01-27 17:45:37.891130,0x433ad35c,13.28625,63.75,6.0,-54,1769564732,3,3
2026-01-27 17:46:21.744461,0x433b0b38,13.2625,61.25,6.25,-72,1769564775,5,5
2026-01-27 17:47:44.001459,0x433b0098,13.2475,75.0,6.75,-60,1769564858,2,2
2026-01-27 17:47:50.765220,0x433acb14,13.2775,60.0,2.5,-94,1769564864,3,3
2026-01-27 17:50:24.859773,0x433abf20,13.27875,66.25,5.5,-76,1769565019,3,3
2026-01-27 17:51:22.824500,0x433b0b38,13.26375,61.25,6.0,-73,1769565076,5,5
2026-01-27 17:52:51.128529,0x433acb14,13.27375,75.0,3.5,-91,1769565165,3,3
2026-01-27 17:55:25.530804,0x433abf20,13.27625,75.0,5.75,-76,1769565319,3,3
2026-01-27 17:55:40.883850,0x433ad35c,13.28625,63.75,5.75,-53,1769565335,3,3
2026-01-27 17:56:24.203400,0x433b0b38,13.26125,61.25,5.5,-73,1769565378,5,5
2026-01-27 17:57:44.880290,0x433b0098,13.2525,62.5,6.5,-60,1769565459,2,2
2026-01-27 17:57:55.086331,0x433acb14,13.25375,131.25,4.0,-90,1769565469,3,3
2026-01-27 18:00:26.621625,0x433abf20,13.28,65.0,6.0,-76,1769565620,3,3
2026-01-27 10:00:43.634920,0x433acb14,13.25375,75.0,1.75,-96,1769536838,3,3
2026-01-27 10:03:22.366627,0x433abf20,13.25,62.5,5.75,-76,1769536997,3,3
2026-01-27 10:03:33.528877,0x433ad35c,13.25125,76.25,6.25,-54,1769537008,3,3
2026-01-27 10:04:21.314309,0x433b0b38,13.22875,75.0,5.25,-74,1769537056,5,5
2026-01-27 10:05:35.806761,0x433b0098,13.21625,62.5,5.75,-61,1769537130,2,2
2026-01-27 10:05:46.935534,0x433acb14,13.26,66.25,0.75,-97,1769537141,3,3
2026-01-27 10:08:25.033842,0x433abf20,13.2475,75.0,5.75,-75,1769537299,3,3
2026-01-27 10:09:27.433435,0x433b0b38,13.2275,70.0,6.5,-73,1769537362,5,5
2026-01-27 10:10:46.319725,0x433acb14,13.26,63.75,3.25,-93,1769537441,3,3
2026-01-27 10:13:29.759860,0x433abf20,13.2425,98.75,5.75,-76,1769537604,3,3
2026-01-27 10:13:35.697683,0x433ad35c,13.25375,63.75,6.5,-53,1769537610,3,3
2026-01-27 10:14:24.241216,0x433b0b38,13.23,63.75,6.0,-73,1769537659,5,5
2026-01-27 10:15:39.507151,0x433b0098,13.21,73.75,7.0,-60,1769537734,2,2
2026-01-27 10:15:48.048171,0x433acb14,13.26125,66.25,0.5,-96,1769537742,3,3
2026-01-27 10:18:26.854351,0x433abf20,13.25125,61.25,5.75,-75,1769537901,3,3
2026-01-27 10:19:26.345697,0x433b0b38,13.2275,76.25,5.75,-73,1769537961,5,5
2026-01-27 10:20:47.910412,0x433acb14,13.2575,76.25,1.25,-95,1769538042,3,3
2026-01-27 10:23:30.354363,0x433abf20,13.25125,63.75,6.0,-74,1769538205,3,3
2026-01-27 10:23:38.005748,0x433ad35c,13.25375,72.5,6.0,-55,1769538212,3,3
2026-01-27 10:24:26.466642,0x433b0b38,13.22625,73.75,6.0,-73,1769538261,5,5
2026-01-27 10:25:43.140318,0x433b0098,13.21,75.0,6.0,-61,1769538338,2,2
2026-01-27 10:25:55.678556,0x433acb14,13.25875,72.5,3.25,-53,1769538350,3,2
2026-01-27 10:28:30.662980,0x433abf20,13.255,63.75,5.75,-75,1769538505,3,3
2026-01-27 10:29:18.635472,0x433af380,13.18125,72.5,6.0,-40,1769538553,3,3
2026-01-27 10:29:28.055055,0x433b0b38,13.22875,71.25,6.0,-73,1769538562,5,5
2026-01-27 10:30:54.930429,0x433acb14,13.2625,63.75,1.75,-96,1769538649,3,3
2026-01-27 10:33:33.714185,0x433abf20,13.2525,61.25,5.5,-75,1769538808,3,3
2026-01-27 10:33:41.421666,0x433ad35c,13.2575,63.75,6.25,-54,1769538816,3,3
2026-01-27 10:34:29.643260,0x433b0b38,13.22,95.0,6.25,-74,1769538864,5,5
2026-01-27 10:35:43.666258,0x433b0098,13.21125,75.0,5.75,-60,1769538938,2,2
2026-01-27 10:35:53.333001,0x433acb14,13.26125,75.0,2.25,-94,1769538948,3,3
2026-01-27 10:38:35.998335,0x433abf20,13.25,73.75,5.5,-76,1769539110,3,3
2026-01-27 10:39:32.133400,0x433b0b38,13.235,65.0,6.0,-74,1769539167,5,5
2026-01-27 10:40:53.338939,0x433acb14,13.2625,60.0,1.0,-97,1769539248,3,3
2026-01-27 10:43:37.656513,0x433abf20,13.255,63.75,5.25,-76,1769539412,3,3
2026-01-27 10:43:43.933742,0x433ad35c,13.26,61.25,6.25,-54,1769539418,3,3
2026-01-27 10:44:31.767609,0x433b0b38,13.20625,117.5,6.5,-74,1769539466,5,5
2026-01-27 10:45:46.522859,0x433b0098,13.21375,71.25,6.0,-62,1769539541,2,2
2026-01-27 10:45:54.599399,0x433acb14,13.26375,65.0,2.0,-95,1769539549,3,3
2026-01-27 10:48:38.663450,0x433abf20,13.235,125.0,4.0,-92,1769539713,3,2
2026-01-27 10:49:34.004002,0x433b0b38,13.2275,68.75,6.25,-73,1769539768,5,5
2026-01-27 10:50:58.876501,0x433acb14,13.26625,63.75,3.75,-92,1769539853,3,3
2026-01-27 10:53:39.148865,0x433abf20,13.255,66.25,5.5,-76,1769540013,3,3
2026-01-27 10:53:46.786627,0x433ad35c,13.2625,62.5,5.75,-53,1769540021,3,3
2026-01-27 10:54:33.925526,0x433b0b38,13.23375,58.75,6.0,-74,1769540068,5,5
2026-01-27 10:55:49.012726,0x433b0098,13.2175,73.75,5.75,-62,1769540143,2,2
2026-01-27 10:55:58.208011,0x433acb14,13.26375,68.75,2.0,-95,1769540153,3,3
2026-01-27 10:58:40.255130,0x433abf20,13.25625,61.25,5.75,-75,1769540315,3,3
2026-01-27 10:59:36.381431,0x433b0b38,13.2325,58.75,5.5,-73,1769540371,5,5
