datetime,fromNode,batteryLevel,voltage,channelUtilization,airUtilTx,rxSnr,rxRssi,rxTime,hopStart,hopLimit
2026-01-26 05:59:42.726778,0x433e9c88,101,4.213,24.796667,1.7470278,,,1769435980,,3
2026-01-26 06:00:42.813833,0x433e9c88,97,4.148,22.09,1.7495834,,,1769436040,,3
2026-01-26 06:01:27.132330,0x433acb14,98,4.172,20.75,4.71775,4.25,-90,1769436084,3,3
2026-01-26 06:01:42.779460,0x433e9c88,97,4.161,21.816666,1.7605278,,,1769436100,,3
2026-01-26 06:02:10.400316,0x433af380,99,4.185,24.191668,3.7210834,6.25,-39,1769436128,3,3
2026-01-26 06:02:20.928743,0x433ad35c,97,4.149,27.943335,4.4782777,6.0,-53,1769436138,3,3
2026-01-26 06:02:42.879457,0x433e9c88,100,4.199,28.491667,1.7163055,,,1769436160,,3
2026-01-26 06:03:42.865489,0x433e9c88,99,4.184,22.005001,1.7016944,,,1769436220,,3
2026-01-26 06:03:54.643225,0x433b0098,98,4.168,21.128332,4.2699447,6.0,-61,1769436232,2,2
2026-01-26 06:04:15.625329,0x433abf20,100,4.198,23.251667,4.747667,5.5,-76,1769436253,3,3
2026-01-26 06:04:42.975814,0x433e9c88,98,4.171,25.798332,1.7071389,,,1769436280,,3
2026-01-26 06:04:46.675723,0x433b0b38,101,4.216,28.136667,4.8463054,6.0,-75,1769436284,5,5
2026-01-26 06:05:42.934752,0x433e9c88,99,4.176,20.336666,1.71325,,,1769436340,,3
2026-01-26 06:06:43.160215,0x433e9c88,98,4.173,25.783333,1.673611,,,1769436400,,3
2026-01-26 06:07:27.385917,0x433acb14,100,4.194,21.69,4.700611,3.25,-91,1769436444,3,3
2026-01-26 06:07:43.187736,0x433e9c88,101,4.202,26.941666,1.6049722,,,1769436460,,3
2026-01-26 06:08:21.176249,0x433ad35c,101,4.203,25.476667,4.367194,6.0,-53,1769436498,3,3
2026-01-26 06:08:43.072607,0x433e9c88,98,4.171,21.06,1.5860555,,,1769436520,,3
2026-01-26 06:09:43.168198,0x433e9c88,98,4.173,23.76,1.55525,,,1769436581,,3
2026-01-26 06:09:57.367264,0x433b0098,99,4.178,18.066668,4.23975,6.25,-61,1769436594,2,2
2026-01-26 06:10:16.918682,0x433abf20,98,4.173,19.981667,4.9095,5.25,-77,1769436614,3,3
2026-01-26 06:10:43.289010,0x433e9c88,100,4.196,23.705,1.5595555,,,1769436641,,3
2026-01-26 06:10:46.613901,0x433b0b38,99,4.177,21.075,4.9,6.0,-74,1769436644,5,5
2026-01-26 06:11:43.208272,0x433e9c88,100,4.191,23.154999,1.5595555,,,1769436701,,3
2026-01-26 06:12:10.689858,0x433af380,98,4.172,18.241667,4.0235558,6.0,-39,1769436728,3,3
2026-01-26 06:12:43.322998,0x433e9c88,101,4.203,28.330002,1.5595555,,,1769436761,,3
2026-01-26 06:13:28.003785,0x433acb14,101,4.206,22.976667,4.5595555,3.75,-91,1769436805,3,3
2026-01-26 06:13:43.302175,0x433e9c88,101,4.227,23.811666,1.5458611,,,1769436821,,3
2026-01-26 06:14:21.441423,0x433ad35c,101,4.206,24.058332,4.4184165,5.75,-53,1769436859,3,3
2026-01-26 06:14:43.411179,0x433e9c88,98,4.174,24.058332,1.5269444,,,1769436881,,3
2026-01-26 06:15:43.530663,0x433e9c88,99,4.182,22.063334,1.5141667,,,1769436941,3,3
2026-01-26 06:15:56.669546,0x433b0098,98,4.175,21.215,4.1220555,6.0,-59,1769436954,2,2
2026-01-26 06:16:16.795523,0x433abf20,101,4.224,22.801666,4.8569164,5.5,-76,1769436974,3,3
2026-01-26 06:16:43.712689,0x433e9c88,98,4.169,23.621666,1.5328611,,,1769437001,,3
2026-01-26 06:16:46.865754,0x433b0b38,99,4.183,23.621666,4.949611,6.0,-75,1769437004,5,5
2026-01-26 06:17:43.639539,0x433e9c88,98,4.163,19.653334,1.512139,,,1769437061,,3
2026-01-26 06:18:43.870985,0x433e9c88,101,4.207,26.92,1.54975,,,1769437121,,3
2026-01-26 06:19:27.892275,0x433acb14,101,4.21,22.281666,4.494472,4.5,-90,1769437165,3,3
2026-01-26 06:19:43.779205,0x433e9c88,97,4.151,22.881668,1.54975,,,1769437181,,3
2026-01-26 06:20:21.696832,0x433ad35c,98,4.171,21.266666,4.467472,5.5,-53,1769437219,3,3
2026-01-26 06:20:43.885325,0x433e9c88,100,4.196,22.251667,1.5346944,,,1769437241,,3
2026-01-26 06:21:43.846860,0x433e9c88,101,4.212,22.035,1.5680001,,,1769437301,,3
2026-01-26 06:21:57.249655,0x433b0098,99,4.184,23.76,4.174278,7.5,-60,1769437314,2,2
2026-01-26 06:22:05.993850,0x433af380,97,4.158,20.446667,4.025778,5.5,-39,1769437323,3,3
2026-01-26 06:22:31.639008,0xbd50376c,97,4.16,17.805,1.754111,5.75,-75,1769437349,3,3
2026-01-26 06:22:43.864638,0x433e9c88,99,4.186,30.468332,1.5346944,,,1769437361,,3
2026-01-26 06:22:47.038398,0x433b0b38,96,4.138,30.468332,4.8476667,6.5,-74,1769437364,5,5
2026-01-26 06:23:18.171257,0x433abf20,101,4.203,23.895,4.921472,5.25,-76,1769437395,3,3
2026-01-26 06:23:43.978886,0x433e9c88,98,4.169,23.745,1.4954722,,,1769437421,,3
2026-01-26 06:24:43.999917,0x433e9c88,97,4.157,23.786667,1.4532777,,,1769437481,,3
2026-01-26 06:25:28.280396,0x433acb14,99,4.18,21.9,4.5065837,4.75,-90,1769437525,3,3
2026-01-26 06:25:44.007909,0x433e9c88,100,4.195,22.965,1.4607778,,,1769437541,,3
2026-01-26 06:26:22.665690,0x433ad35c,100,4.198,24.824999,4.5944166,6.0,-53,1769437580,3,3
2026-01-26 06:26:44.086321,0x433e9c88,101,4.204,23.948332,1.4625833,,,1769437601,,3
2026-01-26 06:27:44.094345,0x433e9c88,77,3.96,26.306667,1.4790277,,,1769437661,,3
2026-01-26 06:27:56.466464,0x433b0098,97,4.148,20.623333,4.130722,7.25,-60,1769437674,2,2
2026-01-26 06:28:44.157482,0x433e9c88,98,4.165,21.678333,1.4560277,,,1769437722,,3
2026-01-26 06:28:47.375800,0x433b0b38,97,4.161,21.678333,4.9759445,6.25,-74,1769437724,5,5
2026-01-26 06:29:44.353361,0x433e9c88,101,4.225,22.086666,1.4311944,,,1769437782,,3
2026-01-26 06:30:20.492484,0x433abf20,99,4.187,20.255,4.9059725,5.5,-76,1769437818,3,3
2026-01-26 06:30:44.381150,0x433e9c88,97,4.16,23.978333,1.4415,,,1769437842,,3
2026-01-26 06:31:30.926562,0x433acb14,99,4.183,19.765,4.54525,5.5,-76,1769437888,3,2
2026-01-26 06:31:44.343024,0x433e9c88,89,4.047,21.708334,1.4871389,,,1769437902,,3
2026-01-26 06:32:24.782937,0x433ad35c,96,4.139,25.236666,4.5545554,6.25,-53,1769437942,3,3
2026-01-26 06:32:44.359568,0x433e9c88,96,4.138,22.73,1.4750278,,,1769437962,,3
2026-01-26 06:33:08.409800,0x433af380,97,4.153,21.008333,4.070389,6.0,-39,1769437985,3,3
2026-01-26 06:33:44.586650,0x433e9c88,100,4.195,25.703335,1.4545,,,1769438022,,3
2026-01-26 06:33:58.846437,0x433b0098,100,4.194,23.705,4.126528,7.0,-60,1769438036,2,2
2026-01-26 06:34:44.495401,0x433e9c88,98,4.166,22.638332,1.4588056,,,1769438082,,3
2026-01-26 06:34:47.637758,0x433b0b38,96,4.145,22.638332,4.974111,6.0,-74,1769438085,5,5
2026-01-26 06:35:44.492556,0x433e9c88,97,4.158,26.301666,1.4734167,,,1769438142,,3
2026-01-26 06:36:44.590009,0x433e9c88,98,4.171,25.458332,1.5215555,,,1769438202,,3
2026-01-26 06:37:29.029360,0x433acb14,101,4.202,21.926666,4.6335,4.75,-89,1769438246,3,3
2026-01-26 06:37:44.713135,0x433e9c88,100,4.198,25.128334,1.4695556,,,1769438262,,3
2026-01-26 06:38:24.631416,0x433ad35c,97,4.148,20.13,4.4438334,6.0,-53,1769438302,3,3
2026-01-26 06:38:44.782424,0x433e9c88,98,4.165,27.053333,1.4884722,,,1769438322,,3
2026-01-26 06:39:44.755558,0x433e9c88,100,4.193,22.856667,1.4845556,,,1769438382,,3
2026-01-26 06:39:59.298256,0x433b0098,99,4.189,13.085,4.055222,6.5,-60,1769438396,2,2
2026-01-26 06:40:44.861894,0x433e9c88,100,4.194,21.735,1.4530555,,,1769438442,,3
2026-01-26 06:40:47.927946,0x433b0b38,99,4.178,21.735,4.957278,6.25,-74,1769438445,5,5
2026-01-26 06:41:44.767481,0x433e9c88,98,4.174,21.443333,1.4384445,,,1769438502,,3
2026-01-26 06:42:44.815587,0x433e9c88,96,4.134,25.483334,1.4388889,,,1769438562,,3
2026-01-26 06:43:07.609069,0x433af380,97,4.158,21.193333,4.0359445,5.75,-39,1769438585,3,3
2026-01-26 06:43:17.628058,0x433abf20,101,4.209,21.025,5.023139,5.25,-75,1769438595,3,3
2026-01-26 06:43:29.704848,0x433acb14,99,4.18,23.131666,4.55325,4.75,-88,1769438607,3,3
2026-01-26 06:43:44.992689,0x433e9c88,97,4.153,27.455,1.4015278,,,1769438622,,3
2026-01-26 06:44:23.973879,0x433ad35c,97,4.152,20.28,4.359639,5.75,-53,1769438661,3,3
2026-01-26 06:44:44.906470,0x433e9c88,97,4.159,20.471666,1.4348334,,,1769438682,,3
2026-01-26 06:45:44.954216,0x433e9c88,97,4.149,23.17,1.4161389,,,1769438742,,3
2026-01-26 06:45:58.876890,0x433b0098,101,4.22,18.011667,3.9478056,6.0,-60,1769438756,2,2
2026-01-26 06:46:44.998530,0x433e9c88,97,4.156,22.663334,1.3974444,,,1769438802,,3
2026-01-26 06:46:48.012062,0x433b0b38,98,4.171,22.663334,4.994222,6.0,-74,1769438805,5,5
2026-01-26 06:47:45.081666,0x433e9c88,99,4.183,24.07,1.4893334,,,1769438862,,3
2026-01-26 06:48:45.124798,0x433e9c88,100,4.2,25.566668,1.5103055,,,1769438922,,3
2026-01-26 06:49:29.502778,0x433acb14,101,4.215,20.585001,4.373083,4.5,-87,1769438967,3,3
2026-01-26 06:49:45.189613,0x433e9c88,99,4.179,23.69,1.5438333,,,1769438982,,3
2026-01-26 06:50:18.267608,0x433abf20,101,4.229,21.891666,5.0277777,5.75,-76,1769439015,3,3
2026-01-26 06:50:27.504539,0x433ad35c,100,4.198,26.518333,4.3507776,5.75,-53,1769439025,3,3
2026-01-26 06:50:45.293399,0x433e9c88,101,4.201,23.113333,1.5481389,,,1769439043,,3
2026-01-26 06:51:45.409493,0x433e9c88,97,4.148,22.701668,1.5442778,,,1769439103,3,3
2026-01-26 06:51:59.106544,0x433b0098,96,4.135,23.565,4.023972,6.5,-59,1769439116,2,2
2026-01-26 06:52:45.526352,0x433e9c88,97,4.155,25.386667,1.5816944,,,1769439163,,3
2026-01-26 06:52:48.405544,0x433b0b38,96,4.144,24.538334,4.7563057,5.75,-75,1769439165,5,5
2026-01-26 06:53:14.132219,0x433af380,100,4.193,17.35,3.7834723,6.0,-39,1769439191,3,3
2026-01-26 06:53:45.598680,0x433e9c88,100,4.195,26.028332,1.6466943,,,1769439223,,3
2026-01-26 06:54:45.667714,0x433e9c88,100,4.193,22.061666,1.6505556,,,1769439283,,3
2026-01-26 06:55:30.157654,0x433acb14,101,4.213,20.695,4.4713054,3.75,-88,1769439327,3,3
2026-01-26 06:55:45.586439,0x433e9c88,101,4.213,24.935,1.6024166,,,1769439343,,3
2026-01-26 06:56:25.001397,0x433ad35c,100,4.196,22.113333,4.203861,5.75,-53,1769439382,3,3
2026-01-26 06:56:45.804376,0x433e9c88,101,4.21,26.890001,1.5520277,,,1769439403,,3
2026-01-26 06:57:45.813178,0x433e9c88,99,4.178,23.73,1.5347222,,,1769439463,,3
2026-01-26 06:57:58.889120,0x433b0098,99,4.177,16.285,4.059305,6.0,-59,1769439476,2,2
2026-01-26 06:58:03.672507,0xbd50376c,101,4.208,21.705,2.0218887,5.75,-74,1769439481,3,3
2026-01-26 06:58:20.041273,0x433abf20,98,4.174,21.186666,5.2419443,5.25,-77,1769439497,3,3
2026-01-26 06:58:45.921816,0x433e9c88,96,4.139,25.756666,1.5885556,,,1769439523,,3
2026-01-26 06:58:48.721639,0x433b0b38,101,4.214,25.756666,4.671917,5.5,-75,1769439526,5,5
2026-01-27 08:00:29.835789,0x433b0b38,96,4.143,24.69,4.6017222,5.5,-70,1769529624,5,5
2026-01-27 08:00:32.651529,0x433e9c88,99,4.183,21.16,1.5995277,,,1769529627,,3
2026-01-27 08:00:54.836998,0x433abf20,101,4.202,24.235,4.835806,6.0,-74,1769529649,3,3
2026-01-27 08:01:32.620842,0x433e9c88,98,4.173,19.898333,1.6161667,,,1769529687,,3
2026-01-27 08:02:15.797842,0x433af380,100,4.197,21.396667,4.4280553,6.25,-38,1769529730,3,3
2026-01-27 08:02:32.789207,0x433e9c88,99,4.186,24.060001,1.5869445,,,1769529748,,3
2026-01-27 08:03:09.494941,0x433acb14,96,4.135,18.861666,4.5846114,5.0,-85,1769529784,3,3
2026-01-27 08:03:32.688515,0x433e9c88,96,4.143,24.883333,1.5723333,,,1769529808,,3
2026-01-27 08:03:58.775799,0x433ad35c,99,4.183,23.388334,3.988278,5.75,-55,1769529833,3,3
2026-01-27 08:04:32.840073,0x433e9c88,96,4.147,23.703333,1.5388056,,,1769529868,,3
2026-01-27 08:05:32.911399,0x433e9c88,99,4.178,25.154999,1.5052778,,,1769529928,,3
2026-01-27 08:05:46.883452,0x433b0098,101,4.203,23.401667,3.979722,5.75,-60,1769529941,2,2
2026-01-27 08:06:29.969377,0x433b0b38,99,4.184,20.396666,4.5674725,5.5,-71,1769529985,5,5
2026-01-27 08:06:32.792051,0x433e9c88,99,4.177,22.516666,1.5052778,,,1769529988,,3
2026-01-27 08:06:55.463594,0x433abf20,101,4.213,23.91,4.8788056,5.75,-75,1769530010,3,3
2026-01-27 08:07:32.867290,0x433e9c88,99,4.189,23.936666,1.55275,,,1769530048,,3
2026-01-27 08:08:33.002008,0x433e9c88,96,4.143,23.528334,1.55275,,,1769530108,,3
2026-01-27 08:09:09.753063,0x433acb14,101,4.201,20.611666,4.570972,6.25,-86,1769530144,3,3
2026-01-27 08:09:33.079374,0x433e9c88,97,4.157,22.801666,1.5484445,,,1769530168,,3
2026-01-27 08:09:59.407487,0x433ad35c,101,4.211,24.77,3.919639,6.25,-55,1769530194,3,3
2026-01-27 08:10:33.006863,0x433e9c88,98,4.174,22.868334,1.5484445,,,1769530228,,3
2026-01-27 08:11:33.115753,0x433e9c88,98,4.163,22.543333,1.5691946,,,1769530288,,3
2026-01-27 08:11:47.180280,0x433b0098,98,4.171,19.446667,3.9891388,6.25,-59,1769530302,2,2
2026-01-27 08:12:17.225516,0x433af380,100,4.196,24.076666,4.1880274,6.25,-38,1769530332,3,3
2026-01-27 08:12:30.013883,0x433b0b38,101,4.209,24.155,4.7113886,5.5,-70,1769530345,5,5
2026-01-27 08:12:33.294746,0x433e9c88,96,4.139,25.14,1.5794722,,,1769530348,,3
2026-01-27 08:13:33.284502,0x433e9c88,98,4.167,24.891666,1.5730834,,,1769530408,3,3
2026-01-27 08:14:33.326860,0x433e9c88,98,4.163,23.786667,1.5899721,,,1769530468,,3
2026-01-27 08:14:58.134328,0x433abf20,99,4.179,21.445,4.7324443,5.75,-75,1769530493,3,3
2026-01-27 08:15:10.134027,0x433acb14,97,4.156,26.891666,4.596306,4.25,-87,1769530505,3,3
2026-01-27 08:15:33.545880,0x433e9c88,92,4.083,24.8,1.6319444,,,1769530528,,3
2026-01-27 08:15:58.287012,0x433ad35c,101,4.206,21.65,4.0115833,6.75,-55,1769530553,3,3
2026-01-27 08:16:33.562972,0x433e9c88,97,4.16,18.791666,1.6629722,,,1769530588,,3
2026-01-27 08:17:33.449972,0x433e9c88,96,4.142,18.518333,1.6823332,,,1769530648,,3
2026-01-27 08:17:48.126333,0x433b0098,100,4.197,20.226665,4.064111,6.0,-59,1769530663,2,2
2026-01-27 08:18:30.393750,0x433b0b38,98,4.167,23.486666,4.778611,5.5,-70,1769530705,5,5
2026-01-27 08:18:33.674078,0x433e9c88,97,4.158,20.723333,1.7129166,,,1769530708,,3
2026-01-27 08:19:33.724246,0x433e9c88,99,4.188,19.310001,1.7279721,,,1769530768,,3
2026-01-27 08:20:33.651884,0x433e9c88,101,4.226,23.813334,1.7425833,,,1769530828,,3
2026-01-27 08:20:56.732211,0x433abf20,97,4.154,20.871666,4.689972,5.5,-75,1769530851,3,3
2026-01-27 08:21:12.072632,0x433acb14,101,4.227,22.894999,4.507389,4.5,-88,1769530867,3,3
2026-01-27 08:21:33.829739,0x433e9c88,98,4.175,24.69,1.7576389,,,1769530889,,3
2026-01-27 08:22:00.262417,0x433ad35c,97,4.15,23.623333,3.9678612,7.5,-54,1769530915,3,3
2026-01-27 08:22:15.957409,0x433af380,100,4.2,22.939999,3.9723058,6.5,-38,1769530931,3,3
2026-01-27 08:22:33.747822,0x433e9c88,100,4.2,24.305,1.7236667,,,1769530949,,3
2026-01-27 08:23:33.765449,0x433e9c88,99,4.187,24.075,1.6846666,,,1769531009,,3
2026-01-27 08:24:30.515719,0x433b0b38,96,4.141,21.355,4.6311665,5.25,-70,1769531065,5,5
2026-01-27 08:24:33.823992,0x433e9c88,94,4.114,23.325,1.7213888,,,1769531069,,3
2026-01-27 08:24:50.004057,0xbd50376c,99,4.189,20.391666,2.0700555,5.5,-84,1769531085,3,3
2026-01-27 08:25:33.920429,0x433e9c88,101,4.217,23.32,1.6835556,,,1769531129,,3
2026-01-27 08:25:47.751672,0x433b0098,99,4.189,24.153334,4.0543613,6.5,-60,1769531142,2,2
2026-01-27 08:26:34.093328,0x433e9c88,98,4.165,21.761665,1.6817222,,,1769531189,,3
2026-01-27 08:26:57.203399,0x433abf20,101,4.216,18.528334,4.7485275,5.5,-75,1769531212,3,3
2026-01-27 08:27:12.419437,0x433acb14,100,4.197,20.885,4.5375276,4.25,-88,1769531227,3,3
2026-01-27 08:27:33.943738,0x433e9c88,95,4.122,23.5,1.7138889,,,1769531249,,3
2026-01-27 08:28:03.114745,0x433ad35c,100,4.19,18.771666,3.9220002,6.5,-54,1769531278,3,3
2026-01-27 08:28:34.094975,0x433e9c88,96,4.144,24.07,1.7285,,,1769531309,,3
2026-01-27 08:29:34.166646,0x433e9c88,99,4.188,26.141666,1.7620279,,,1769531369,,3
2026-01-27 08:30:30.771337,0x433b0b38,98,4.163,21.488333,4.6167774,5.25,-71,1769531425,5,5
2026-01-27 08:30:34.083037,0x433e9c88,101,4.21,23.458334,1.7266943,,,1769531429,,3
2026-01-27 08:31:34.221539,0x433e9c88,99,4.179,21.185,1.7748333,,,1769531489,,3
2026-01-27 08:31:48.048178,0x433b0098,98,4.164,21.185,4.232278,6.5,-60,1769531503,2,2
2026-01-27 08:32:17.304408,0x433af380,98,4.162,23.803333,4.0312777,6.75,-38,1769531532,3,3
2026-01-27 08:32:34.290015,0x433e9c88,99,4.179,24.923334,1.8063333,,,1769531549,,3
2026-01-27 08:33:14.808168,0x433acb14,99,4.178,24.443333,4.4918613,4.0,-88,1769531589,3,3
2026-01-27 08:33:34.363705,0x433e9c88,99,4.181,22.885,1.7960278,,,1769531609,,3
2026-01-27 08:33:59.685095,0x433ad35c,99,4.178,20.321667,3.9213612,7.0,-53,1769531634,3,3
2026-01-27 08:34:34.270159,0x433e9c88,101,4.216,19.951668,1.7771112,,,1769531669,,3
2026-01-27 08:34:57.701865,0x433abf20,101,4.205,19.103333,4.606,5.75,-75,1769531692,3,3
2026-01-27 08:35:34.335275,0x433e9c88,95,4.126,25.181665,1.7964723,,,1769531729,,3
2026-01-27 08:36:31.025577,0x433b0b38,97,4.15,16.258333,4.5864162,5.75,-72,1769531786,5,5
2026-01-27 08:36:34.382398,0x433e9c88,100,4.198,15.958333,1.779361,,,1769531789,,3
2026-01-27 08:37:34.527263,0x433e9c88,99,4.187,21.83,1.8171943,,,1769531849,,3
2026-01-27 08:37:48.649063,0x433b0098,99,4.186,24.1,4.2407503,5.5,-59,1769531863,2,2
2026-01-27 08:38:34.491034,0x433e9c88,101,4.221,26.605001,1.7667778,,,1769531909,,3
2026-01-27 08:39:14.786030,0x433acb14,99,4.181,23.785,4.4097776,4.0,-88,1769531949,3,3
2026-01-27 08:39:34.646114,0x433e9c88,101,4.208,23.485,1.80075,,,1769531969,,3
2026-01-27 08:40:01.946861,0x433ad35c,95,4.13,21.66,3.7470832,7.75,-54,1769531996,3,3
2026-01-27 08:40:34.578363,0x433e9c88,98,4.168,25.728333,1.7818334,,,1769532029,,3
2026-01-27 08:41:01.023187,0x433abf20,99,4.178,19.843334,4.5899167,5.75,-75,1769532056,3,3
2026-01-27 08:41:34.727186,0x433e9c88,98,4.17,24.031668,1.7483056,,,1769532089,,3
2026-01-27 08:42:23.079300,0x433af380,100,4.192,20.805,4.1335,6.5,-41,1769532138,3,3
2026-01-27 08:42:31.280953,0x433b0b38,98,4.166,23.021667,4.797861,5.75,-72,1769532146,5,5
2026-01-27 08:42:34.812047,0x433e9c88,99,4.184,23.856667,1.7478611,,,1769532150,,3
2026-01-27 08:43:34.911426,0x433e9c88,96,4.145,21.404999,1.7688056,,,1769532210,,3
2026-01-27 08:43:48.380651,0x433b0098,98,4.169,24.523333,4.3043056,6.25,-59,1769532223,2,2
2026-01-27 08:44:34.764499,0x433e9c88,100,4.197,22.555,1.749861,,,1769532270,,3
2026-01-27 08:45:13.353857,0x433acb14,101,4.236,24.1,4.3816385,5.25,-87,1769532308,3,3
2026-01-27 08:45:34.868878,0x433e9c88,99,4.183,23.788334,1.7730834,,,1769532330,,3
2026-01-27 08:46:03.977406,0x433ad35c,101,4.216,21.88,3.8527222,6.0,-54,1769532359,3,3
2026-01-27 08:46:34.984210,0x433e9c88,71,3.903,20.526667,1.8435557,,,1769532390,,3
2026-01-27 08:46:59.877760,0x433abf20,97,4.161,18.583334,4.5589166,6.0,-75,1769532414,3,3
2026-01-27 08:47:35.076745,0x433e9c88,97,4.156,28.406668,1.8624723,,,1769532450,,3
2026-01-27 08:48:31.647440,0x433b0b38,97,4.151,18.803333,4.9265275,6.25,-73,1769532506,5,5
2026-01-27 08:48:34.961739,0x433e9c88,96,4.142,19.925,1.8180277,,,1769532510,,3
2026-01-27 08:49:35.137196,0x433e9c88,99,4.184,24.403334,1.8326389,,,1769532570,3,3
2026-01-27 08:50:35.294685,0x433e9c88,101,4.21,24.635,1.8495278,,,1769532630,,3
2026-01-27 08:51:12.284273,0x433acb14,98,4.168,26.388332,4.4428887,4.5,-88,1769532667,3,3
2026-01-27 08:51:35.387340,0x433e9c88,99,4.177,19.491667,1.8495278,,,1769532690,,3
2026-01-27 08:51:49.211569,0x433b0098,96,4.147,22.638332,4.313389,6.0,-60,1769532704,2,2
2026-01-27 08:52:02.553412,0x433ad35c,97,4.148,24.248333,3.8945277,7.5,-54,1769532717,3,3
2026-01-27 08:52:35.372902,0x433e9c88,99,4.182,23.76,1.8495278,,,1769532750,,3
2026-01-27 08:52:58.633331,0x433abf20,98,4.171,22.925,4.5502224,6.0,-74,1769532773,3,3
2026-01-27 08:53:24.573263,0x433af380,100,4.2,23.735,3.9200556,6.25,-38,1769532799,3,3
2026-01-27 08:53:35.356053,0x433e9c88,100,4.199,30.558332,1.8349167,,,1769532810,,3
2026-01-27 08:54:33.076267,0x433b0b38,97,4.149,18.531666,4.823,6.0,-73,1769532868,5,5
2026-01-27 08:54:35.386292,0x433e9c88,99,4.183,21.705,1.816,,,1769532870,,3
2026-01-27 08:55:35.473396,0x433e9c88,99,4.178,24.551668,1.8013889,,,1769532930,,3
2026-01-27 08:56:35.518759,0x433e9c88,101,4.224,20.128334,1.8176111,,,1769532990,,3
2026-01-27 08:57:12.730444,0x433acb14,98,4.173,15.796667,4.338917,4.0,-90,1769533027,3,3
2026-01-27 08:57:35.593831,0x433e9c88,97,4.161,20.246666,1.8133055,,,1769533050,,3
2026-01-27 08:57:49.596742,0x433b0098,97,4.155,23.461666,4.2272778,5.75,-60,1769533064,2,2
2026-01-27 08:58:02.456936,0x433ad35c,100,4.199,25.785,3.8721945,6.25,-54,1769533077,3,3
2026-01-27 08:58:35.660636,0x433e9c88,101,4.213,21.1,1.8468333,,,1769533110,,3
2026-01-27 08:58:59.667323,0x433abf20,97,4.149,17.336666,4.635333,7.0,-74,1769533134,3,3
2026-01-27 08:59:35.611323,0x433e9c88,97,4.159,24.661667,1.8317778,,,1769533170,,3
2026-01-26 00:59:23.446713,0x433e9c88,99,4.183,30.106667,1.5216389,,,1769417961,,3
2026-01-26 01:00:23.308609,0x433e9c88,98,4.171,14.920001,1.5504167,,,1769418021,,3
2026-01-26 01:01:09.409878,0x433acb14,101,4.212,23.185,4.672833,4.0,-91,1769418067,3,3
2026-01-26 01:01:23.442325,0x433e9c88,100,4.191,21.16,1.5650278,,,1769418081,,3
2026-01-26 01:02:03.753471,0x433ad35c,100,4.191,27.945,4.4416666,6.5,-54,1769418121,3,3
2026-01-26 01:02:23.534610,0x433e9c88,101,4.204,21.923334,1.579639,,,1769418141,,3
2026-01-26 01:02:56.792748,0x433abf20,101,4.206,20.858334,5.2078056,5.75,-76,1769418174,3,3
2026-01-26 01:03:23.577084,0x433e9c88,98,4.163,15.958333,1.5693333,,,1769418201,,3
2026-01-26 01:03:51.059155,0x433af380,76,3.951,19.33,4.0150275,6.0,-38,1769418229,3,3
2026-01-26 01:04:23.565939,0x433e9c88,98,4.164,23.828333,1.5800834,,,1769418261,,3
2026-01-26 01:04:31.293961,0x433b0b38,99,4.187,23.828333,4.618,6.75,-73,1769418269,5,5
2026-01-26 01:04:35.187712,0x433b0098,99,4.181,21.306667,3.8830557,5.5,-60,1769418273,2,2
2026-01-26 01:05:23.604203,0x433e9c88,99,4.18,27.614998,1.5654722,,,1769418321,,3
2026-01-26 01:06:23.800322,0x433e9c88,100,4.19,21.404999,1.5321666,,,1769418381,,3
2026-01-26 01:07:09.676014,0x433acb14,101,4.223,20.611666,4.5737777,3.25,-91,1769418427,3,3
2026-01-26 01:07:23.787819,0x433e9c88,101,4.231,22.431667,1.505,,,1769418441,,3
2026-01-26 01:08:04.019399,0x433ad35c,100,4.192,31.613333,4.4054446,6.5,-53,1769418482,3,3
2026-01-26 01:08:23.803166,0x433e9c88,100,4.191,26.346666,1.5286666,,,1769418502,,3
2026-01-26 01:08:57.057230,0x433abf20,101,4.21,22.306667,5.1813335,5.25,-76,1769418535,3,3
2026-01-26 01:09:23.845692,0x433e9c88,100,4.194,18.983334,1.5768055,,,1769418562,,3
2026-01-26 01:10:23.864022,0x433e9c88,97,4.159,15.251666,1.5763611,,,1769418622,,3
2026-01-26 01:10:30.592272,0x433b0b38,100,4.198,13.73,4.5320835,6.0,-74,1769418628,5,5
2026-01-26 01:10:36.279006,0x433b0098,99,4.188,22.581667,4.042278,6.5,-60,1769418634,2,2
2026-01-26 01:11:23.904887,0x433e9c88,98,4.169,25.838333,1.56175,,,1769418682,,3
2026-01-26 01:12:24.004945,0x433e9c88,99,4.187,20.583334,1.5763611,,,1769418742,,3
2026-01-26 01:13:10.212678,0x433acb14,99,4.185,19.818333,4.4754167,3.75,-92,1769418788,3,3
2026-01-26 01:13:24.024258,0x433e9c88,100,4.198,21.788334,1.5574445,,,1769418802,,3
2026-01-26 01:13:53.070939,0x433af380,101,4.216,22.871668,4.062667,6.25,-38,1769418831,3,3
2026-01-26 01:14:04.305165,0x433ad35c,99,4.182,29.178333,4.3935556,5.75,-53,1769418842,3,3
2026-01-26 01:14:24.096097,0x433e9c88,97,4.155,29.286667,1.5889446,,,1769418862,,3
2026-01-26 01:14:58.563905,0x433abf20,98,4.172,20.033333,5.1608057,5.25,-77,1769418896,3,3
2026-01-26 01:15:24.096044,0x433e9c88,100,4.19,18.79,1.539,,,1769418922,,3
2026-01-26 01:16:24.164895,0x433e9c88,99,4.179,23.83,1.5243889,,,1769418982,,3
2026-01-26 01:16:29.541582,0x433b0b38,97,4.15,21.515,4.57775,6.75,-74,1769418987,5,5
2026-01-26 01:16:35.749643,0x433b0098,97,4.159,18.86,4.0400558,5.75,-61,1769418993,2,2
2026-01-26 01:17:24.159865,0x433e9c88,98,4.17,24.138332,1.4782778,,,1769419042,,3
2026-01-26 01:18:24.353502,0x433e9c88,99,4.18,19.476667,1.493111,,,1769419102,,3
2026-01-26 01:19:10.222489,0x433acb14,98,4.165,21.83,4.3192225,3.5,-91,1769419148,3,3
2026-01-26 01:19:24.254770,0x433e9c88,99,4.176,19.75,1.4888055,,,1769419162,,3
2026-01-26 01:20:04.397318,0x433ad35c,98,4.175,26.533333,4.5002775,6.25,-53,1769419202,3,3
2026-01-26 01:20:24.465821,0x433e9c88,98,4.172,22.483334,1.5353333,,,1769419222,,3
2026-01-26 01:21:24.337333,0x433e9c88,101,4.224,18.258333,1.53125,,,1769419282,,3
2026-01-26 01:22:00.499329,0x433abf20,97,4.15,20.981667,5.131278,5.5,-76,1769419318,3,3
2026-01-26 01:22:24.574803,0x433e9c88,99,4.187,25.525002,1.571139,,,1769419342,,3
2026-01-26 01:22:29.761412,0x433b0b38,100,4.192,24.976665,4.5748334,6.5,-73,1769419347,5,5
2026-01-26 01:22:36.230942,0x433b0098,99,4.185,23.76,4.114389,6.0,-61,1769419354,2,2
2026-01-26 01:23:24.562015,0x433e9c88,99,4.184,26.518333,1.571139,,,1769419402,,3
2026-01-26 01:23:51.306720,0x433af380,98,4.169,21.328333,4.1227775,6.25,-39,1769419429,3,3
2026-01-26 01:24:24.477703,0x433e9c88,101,4.216,22.408333,1.5463055,,,1769419462,,3
2026-01-26 01:25:13.545515,0x433acb14,101,4.214,21.543333,4.2977777,3.5,-91,1769419511,3,3
2026-01-26 01:25:24.577225,0x433e9c88,100,4.197,21.215,1.5734723,,,1769419522,,3
2026-01-26 01:26:04.703352,0x433ad35c,98,4.164,27.805,4.4610558,6.0,-54,1769419562,3,3
2026-01-26 01:26:24.568511,0x433e9c88,100,4.196,25.563332,1.5424445,,,1769419582,,3
2026-01-26 01:27:24.769730,0x433e9c88,101,4.217,17.37,1.5465555,,,1769419642,3,3
2026-01-26 01:28:24.798131,0x433e9c88,98,4.172,18.343334,1.5673056,,,1769419703,,3
2026-01-26 01:28:30.349398,0x433b0b38,98,4.162,16.82,4.655667,6.25,-75,1769419708,5,5
2026-01-26 01:28:37.117523,0x433b0098,97,4.152,24.908335,4.219278,6.5,-61,1769419715,2,2
2026-01-26 01:29:25.187086,0x433e9c88,96,4.141,29.640001,1.6176945,,,1769419763,,3
2026-01-26 01:29:58.896939,0x433abf20,101,4.201,20.051666,5.062861,5.5,-76,1769419796,3,3
2026-01-26 01:30:25.229197,0x433e9c88,101,4.203,20.886667,1.622,,,1769419823,,3
2026-01-26 01:31:10.518488,0x433acb14,100,4.194,27.168333,4.291583,4.0,-91,1769419868,3,3
2026-01-26 01:31:25.088810,0x433e9c88,101,4.21,26.771667,1.6238056,,,1769419883,,3
2026-01-26 01:32:05.042825,0x433ad35c,98,4.168,26.668335,4.5002775,6.5,-54,1769419923,3,3
2026-01-26 01:32:25.170590,0x433e9c88,101,4.208,25.178333,1.6260833,,,1769419943,,3
2026-01-26 01:32:40.617362,0xbd50376c,101,4.211,21.046667,1.78025,5.75,-75,1769419958,3,3
2026-01-26 01:33:25.333008,0x433e9c88,99,4.18,14.728333,1.58225,,,1769420003,,3
2026-01-26 01:33:55.732039,0x433af380,96,4.142,19.33,3.9615831,6.0,-38,1769420033,3,3
2026-01-26 01:34:25.320794,0x433e9c88,101,4.202,18.314999,1.5696667,,,1769420063,,3
2026-01-26 01:34:30.455682,0x433b0b38,97,4.159,17.575,4.634722,6.5,-73,1769420068,5,5
2026-01-26 01:34:42.201467,0x433b0098,99,4.179,19.158333,4.3205276,6.0,-60,1769420080,2,2
2026-01-26 01:35:25.467031,0x433e9c88,99,4.188,27.89,1.5696667,,,1769420123,,3
2026-01-26 01:35:59.368358,0x433abf20,99,4.184,19.393333,5.1435556,5.0,-77,1769420157,3,3
2026-01-26 01:36:25.398254,0x433e9c88,99,4.176,21.218332,1.5546111,,,1769420183,,3
2026-01-26 01:37:10.771577,0x433acb14,99,4.188,22.365,4.075389,4.0,-92,1769420228,3,3
2026-01-26 01:37:25.582616,0x433e9c88,100,4.19,19.053333,1.5546111,,,1769420243,,3
2026-01-26 01:38:05.305904,0x433ad35c,101,4.208,30.5,4.3945,6.25,-54,1769420283,3,3
2026-01-26 01:38:25.587926,0x433e9c88,98,4.172,29.623333,1.5735278,,,1769420303,,3
2026-01-26 01:39:25.602877,0x433e9c88,99,4.176,17.985,1.6027501,,,1769420363,,3
2026-01-26 01:40:25.534266,0x433e9c88,98,4.171,19.765,1.5881389,,,1769420423,,3
2026-01-26 01:40:30.858090,0x433b0b38,101,4.211,19.765,4.7259445,6.25,-74,1769420428,5,5
2026-01-26 01:40:43.463788,0x433b0098,100,4.195,18.01,4.268833,6.75,-60,1769420441,2,2
2026-01-26 01:41:25.750833,0x433e9c88,100,4.192,29.136667,1.6337501,,,1769420483,,3
2026-01-26 01:41:59.465372,0x433abf20,98,4.167,15.355,5.21675,5.75,-76,1769420517,3,3
2026-01-26 01:42:25.780625,0x433e9c88,99,4.185,17.628332,1.6483611,,,1769420543,,3
2026-01-26 01:43:11.023865,0x433acb14,101,4.223,19.791668,4.0203614,3.5,-91,1769420589,3,3
2026-01-26 01:43:25.806303,0x433e9c88,98,4.171,19.491667,1.6629722,,,1769420603,,3
2026-01-26 01:43:53.996267,0x433af380,96,4.147,22.871668,3.80375,5.5,-38,1769420631,3,3
2026-01-26 01:44:05.604229,0x433ad35c,100,4.199,27.756668,4.4175,6.25,-53,1769420643,3,3
2026-01-26 01:44:25.905587,0x433e9c88,101,4.203,25.623333,1.6570833,,,1769420663,,3
2026-01-26 01:45:25.904138,0x433e9c88,101,4.219,16.045,1.6201388,,,1769420724,,3
2026-01-26 01:46:25.883810,0x433e9c88,100,4.193,22.011665,1.6536666,,,1769420784,,3
2026-01-26 01:46:30.868832,0x433b0b38,100,4.195,25.185001,4.702472,6.25,-74,1769420788,5,5
2026-01-26 01:47:25.888910,0x433e9c88,98,4.162,28.720001,1.676889,,,1769420844,,3
2026-01-26 01:48:00.129685,0x433abf20,100,4.198,22.77,5.3040004,5.5,-77,1769420878,3,3
2026-01-26 01:48:25.966553,0x433e9c88,98,4.172,19.993334,1.5833888,,,1769420904,,3
2026-01-26 01:48:37.921623,0x433b0098,98,4.164,22.908333,4.4265,5.75,-60,1769420915,2,2
2026-01-26 01:49:11.274802,0x433acb14,99,4.184,24.42,4.083639,3.75,-90,1769420949,3,3
2026-01-26 01:49:26.070135,0x433e9c88,98,4.169,25.255001,1.5701389,,,1769420964,,3
2026-01-26 01:50:06.972526,0x433ad35c,101,4.226,27.151669,4.5412498,6.25,-53,1769421004,3,3
2026-01-26 01:50:26.026675,0x433e9c88,96,4.147,25.866667,1.6036667,,,1769421024,,3
2026-01-26 01:51:26.062724,0x433e9c88,97,4.154,19.495,1.6020555,,,1769421084,,3
2026-01-26 01:52:26.223213,0x433e9c88,98,4.174,19.218332,1.5664723,,,1769421144,,3
2026-01-26 01:52:31.247304,0x433b0b38,96,4.139,19.708334,4.7483335,6.75,-74,1769421149,5,5
2026-01-26 01:53:26.316935,0x433e9c88,97,4.152,20.281666,1.6,,,1769421204,,3
2026-01-26 01:53:58.002737,0x433af380,97,4.153,18.786667,3.689111,6.25,-39,1769421235,3,3
2026-01-26 01:54:03.672752,0x433abf20,98,4.172,21.076668,5.265389,5.75,-53,1769421241,3,2
2026-01-26 01:54:26.200150,0x433e9c88,100,4.2,25.621668,1.583111,,,1769421264,,3
2026-01-26 01:55:11.535259,0x433acb14,101,4.207,21.435,4.067,3.5,-91,1769421309,3,3
2026-01-26 01:55:26.357834,0x433e9c88,101,4.227,19.381666,1.6330554,,,1769421324,,3
2026-01-26 01:55:38.520763,0x433b0098,101,4.211,24.308332,4.4816947,6.0,-61,1769421336,2,2
2026-01-26 01:56:07.996986,0x433ad35c,99,4.18,29.87,4.8321943,6.5,-53,1769421365,3,3
2026-01-26 01:56:26.292835,0x433e9c88,101,4.204,32.826668,1.6355555,,,1769421384,,3
2026-01-26 01:57:26.423212,0x433e9c88,98,4.172,18.573334,1.6540278,,,1769421444,,3
2026-01-26 01:58:26.515326,0x433e9c88,98,4.17,23.895,1.6394166,,,1769421504,,3
2026-01-26 01:58:31.366986,0x433b0b38,96,4.138,25.029999,4.940611,6.25,-74,1769421509,5,5
2026-01-25 22:00:10.606477,0x433e9c88,99,4.189,20.378334,1.7949445,,,1769407209,,3
2026-01-25 22:01:03.748092,0x433acb14,100,4.195,21.471668,5.088111,5.25,-61,1769407262,3,1
2026-01-25 22:01:10.647507,0x433e9c88,98,4.166,26.605001,1.8070556,,,1769407269,,3
2026-01-25 22:01:52.795047,0x433ad35c,101,4.202,24.673334,5.6050553,6.25,-54,1769407311,3,3
2026-01-25 22:02:10.679025,0x433e9c88,99,4.184,19.621668,1.793611,,,1769407329,,3
2026-01-25 22:03:10.882986,0x433e9c88,98,4.172,21.941666,1.8100556,,,1769407389,,3
2026-01-25 22:03:23.548968,0x433b0098,101,4.227,21.941666,4.8806667,6.0,-61,1769407401,2,2
2026-01-25 22:04:10.784575,0x433e9c88,100,4.194,24.261667,1.8332777,,,1769407449,,3
2026-01-25 22:04:16.778809,0x433b0b38,96,4.138,21.991667,4.5741944,6.0,-74,1769407455,5,5
2026-01-25 22:04:51.581476,0x433abf20,100,4.2,16.473333,5.761333,5.75,-77,1769407489,3,3
2026-01-25 22:05:10.844164,0x433e9c88,100,4.195,29.394999,1.8289722,,,1769407509,,3
2026-01-25 22:06:11.032703,0x433e9c88,96,4.146,21.735,1.7703888,,,1769407569,,3
2026-01-25 22:07:00.432296,0x433acb14,99,4.189,23.241667,5.0331388,4.0,-91,1769407618,3,3
2026-01-25 22:07:11.103470,0x433e9c88,100,4.197,27.455,1.7471668,,,1769407629,,3
2026-01-25 22:07:53.951653,0x433ad35c,97,4.159,27.455,5.492139,6.0,-53,1769407672,3,3
2026-01-25 22:08:11.084867,0x433e9c88,99,4.176,24.99,1.7102222,,,1769407689,,3
2026-01-25 22:09:11.205314,0x433e9c88,99,4.176,19.506666,1.6913056,,,1769407749,,3
2026-01-25 22:09:23.686780,0x433b0098,99,4.181,21.491667,4.8939724,6.0,-61,1769407762,2,2
2026-01-25 22:10:11.240857,0x433e9c88,101,4.203,21.348333,1.7266389,,,1769407809,,3
2026-01-25 22:10:16.651299,0x433b0b38,96,4.139,25.835001,4.6186666,6.25,-73,1769407814,5,5
2026-01-25 22:10:50.193898,0x433abf20,99,4.188,22.563334,5.6916666,5.5,-75,1769407848,3,3
2026-01-25 22:10:56.643834,0x433af380,99,4.187,23.463333,3.6168332,6.5,-38,1769407854,3,3
2026-01-25 22:11:11.130066,0x433e9c88,101,4.208,27.616669,1.7455555,,,1769407869,,3
2026-01-25 22:12:11.331252,0x433e9c88,100,4.199,21.036667,1.7455555,,,1769407929,,3
2026-01-25 22:12:59.464687,0x433acb14,99,4.177,21.445,4.9471664,3.75,-92,1769407977,3,3
2026-01-25 22:13:11.234160,0x433e9c88,98,4.164,23.963333,1.7095277,,,1769407989,,3
2026-01-25 22:13:55.490845,0x433ad35c,100,4.2,24.851665,5.35625,6.25,-53,1769408033,3,3
2026-01-25 22:14:11.445949,0x433e9c88,97,4.151,22.744999,1.7120278,,,1769408049,,3
2026-01-25 22:15:11.508585,0x433e9c88,97,4.158,22.008333,1.7270833,,,1769408109,,3
2026-01-25 22:15:24.040940,0x433b0098,101,4.22,24.116667,4.856361,6.0,-60,1769408122,2,2
2026-01-25 22:16:11.534131,0x433e9c88,97,4.157,20.895,1.6766667,,,1769408169,,3
2026-01-25 22:16:16.922548,0x433b0b38,96,4.14,18.94,4.6022778,5.75,-73,1769408175,5,5
2026-01-25 22:16:51.657520,0x433abf20,98,4.17,20.441666,5.4549723,5.25,-76,1769408209,3,3
2026-01-25 22:17:11.454253,0x433e9c88,99,4.177,23.761667,1.672361,,,1769408230,,3
2026-01-25 22:18:11.493600,0x433e9c88,96,4.139,11.553333,1.6826667,,,1769408290,,3
2026-01-25 22:18:59.589806,0x433acb14,99,4.178,21.416668,4.84275,3.5,-91,1769408337,3,3
2026-01-25 22:19:11.719066,0x433e9c88,96,4.135,18.3,1.6972778,,,1769408350,,3
2026-01-25 22:19:55.579894,0x433ad35c,100,4.193,23.043333,5.065361,6.0,-54,1769408393,3,3
2026-01-25 22:20:11.780534,0x433e9c88,67,3.87,26.548332,1.7118888,,,1769408410,,3
2026-01-25 22:21:11.632917,0x433e9c88,97,4.157,21.488333,1.6594446,,,1769408470,,3
2026-01-25 22:21:24.797063,0x433b0098,101,4.226,20.285,4.898889,6.25,-60,1769408483,2,2
2026-01-25 22:22:11.702686,0x433e9c88,101,4.218,22.278332,1.709389,,,1769408530,,3
2026-01-25 22:22:17.093598,0x433b0b38,99,4.186,19.858334,4.4649167,1.25,-73,1769408535,5,5
2026-01-25 22:22:58.208059,0x433af380,99,4.178,23.008333,3.7170835,6.25,-38,1769408576,3,3
2026-01-25 22:23:11.729536,0x433e9c88,99,4.182,29.876667,1.7240001,,,1769408590,,3
2026-01-25 22:23:54.511039,0x433abf20,101,4.21,22.693333,5.492111,5.25,-76,1769408632,3,3
2026-01-25 22:24:11.923171,0x433e9c88,98,4.163,21.76,1.7301388,,,1769408650,,3
2026-01-25 22:25:00.495912,0x433acb14,99,4.178,25.768333,4.664139,4.25,-91,1769408698,3,3
2026-01-25 22:25:11.825055,0x433e9c88,96,4.141,25.7,1.7258333,,,1769408710,,3
2026-01-25 22:25:55.393960,0x433ad35c,98,4.163,21.346668,5.0707774,6.5,-53,1769408753,3,3
2026-01-25 22:26:11.991592,0x433e9c88,99,4.176,25.728333,1.7355555,,,1769408770,,3
2026-01-25 22:27:12.054061,0x433e9c88,89,4.046,18.601665,1.7045833,,,1769408830,3,3
2026-01-25 22:27:24.871451,0x433b0098,101,4.201,18.136667,4.6855555,5.75,-61,1769408843,2,2
2026-01-25 22:28:12.081265,0x433e9c88,97,4.15,21.116667,1.7025557,,,1769408890,,3
2026-01-25 22:28:17.394275,0x433b0b38,98,4.168,22.251667,4.3875275,6.0,-74,1769408895,5,5
2026-01-25 22:29:12.128650,0x433e9c88,100,4.197,22.418333,1.7335835,,,1769408950,,3
2026-01-25 22:29:51.957517,0x433abf20,101,4.211,13.656667,5.3673334,5.75,-76,1769408990,3,3
2026-01-25 22:30:12.334255,0x433e9c88,98,4.169,26.935,1.8065555,,,1769409010,,3
2026-01-25 22:30:27.015517,0xbd50376c,100,4.194,24.5,1.6921667,6.0,-75,1769409025,3,3
2026-01-25 22:31:01.944382,0x433acb14,99,4.182,20.748333,4.5612497,2.75,-91,1769409060,3,3
2026-01-25 22:31:12.396848,0x433e9c88,99,4.184,26.85,1.8254721,,,1769409070,,3
2026-01-25 22:31:54.863767,0x433ad35c,98,4.162,29.039999,4.8075833,6.25,-54,1769409113,3,3
2026-01-25 22:32:12.306294,0x433e9c88,96,4.141,22.251667,1.7876389,,,1769409130,,3
2026-01-25 22:32:47.355585,0x433af380,99,4.177,20.601665,3.7071943,5.75,-39,1769409165,3,3
2026-01-25 22:33:12.511999,0x433e9c88,100,4.191,21.788334,1.7703056,,,1769409190,,3
2026-01-25 22:33:25.450172,0x433b0098,96,4.142,22.761667,4.6348615,6.0,-61,1769409203,2,2
2026-01-25 22:34:12.550394,0x433e9c88,98,4.163,25.756666,1.7556945,,,1769409250,,3
2026-01-25 22:34:17.651714,0x433b0b38,99,4.185,26.960001,4.3010836,6.25,-73,1769409255,5,5
2026-01-25 22:35:12.433243,0x433e9c88,98,4.166,25.821669,1.7743889,,,1769409310,,3
2026-01-25 22:35:52.018615,0x433abf20,101,4.205,17.418333,5.258972,6.0,-76,1769409350,3,3
2026-01-25 22:36:12.480024,0x433e9c88,99,4.18,22.894999,1.7871944,,,1769409371,,3
2026-01-25 22:37:03.808302,0x433acb14,98,4.171,22.003334,4.5405,3.75,-91,1769409422,3,3
2026-01-25 22:37:12.717743,0x433e9c88,101,4.209,22.813334,1.7682778,,,1769409431,,3
2026-01-25 22:37:55.771950,0x433ad35c,100,4.192,20.018333,4.6229725,6.25,-53,1769409474,3,3
2026-01-25 22:38:12.760533,0x433e9c88,101,4.207,19.689999,1.7682778,,,1769409491,,3
2026-01-25 22:39:12.761104,0x433e9c88,99,4.182,20.668333,1.7871944,,,1769409551,,3
2026-01-25 22:39:25.032205,0x433b0098,99,4.177,20.668333,4.533806,6.0,-61,1769409563,2,2
2026-01-25 22:40:13.038237,0x433e9c88,98,4.171,25.095001,1.7915,,,1769409611,,3
2026-01-25 22:40:18.081271,0x433b0b38,99,4.188,24.836666,4.3570833,6.25,-73,1769409616,5,5
2026-01-25 22:41:13.387169,0x433e9c88,101,4.221,25.235,1.8061111,,,1769409671,,3
2026-01-25 22:41:50.813829,0x433abf20,100,4.194,19.706667,5.0155554,5.5,-77,1769409709,3,3
2026-01-25 22:42:13.252800,0x433e9c88,98,4.175,20.885,1.8045001,,,1769409731,,3
2026-01-25 22:42:48.191561,0x433af380,99,4.189,24.735,3.7670276,6.25,-38,1769409766,3,3
2026-01-25 22:43:05.564826,0x433acb14,99,4.186,25.346666,4.374917,3.5,-91,1769409783,3,3
2026-01-25 22:43:13.356923,0x433e9c88,101,4.208,26.385,1.7878611,,,1769409791,,3
2026-01-25 22:43:56.712937,0x433ad35c,100,4.192,22.223333,4.6249447,5.75,-53,1769409834,3,3
2026-01-25 22:44:13.698285,0x433e9c88,97,4.149,22.84,1.7685,,,1769409852,,3
2026-01-25 22:45:13.547302,0x433e9c88,97,4.149,22.898333,1.7874167,,,1769409912,,3
2026-01-25 22:46:13.611452,0x433e9c88,99,4.187,18.093332,1.8270833,,,1769409972,,3
2026-01-25 22:46:18.311938,0x433b0b38,100,4.195,22.761667,4.4975557,5.5,-74,1769409976,5,5
2026-01-25 22:47:13.697968,0x433e9c88,99,4.187,26.298332,1.8270833,,,1769410032,,3
2026-01-25 22:47:25.475769,0x433b0098,98,4.167,21.386667,4.4466114,6.0,-61,1769410043,2,2
2026-01-25 22:47:51.019675,0x433abf20,97,4.156,19.951668,4.988222,5.5,-76,1769410069,3,3
2026-01-25 22:48:13.843849,0x433e9c88,101,4.202,22.855,1.8151667,,,1769410092,,3
2026-01-25 22:49:09.382012,0x433acb14,101,4.213,15.216666,4.370278,3.75,-92,1769410147,3,3
2026-01-25 22:49:13.920643,0x433e9c88,99,4.184,23.154999,1.8486944,,,1769410152,,3
2026-01-25 22:50:03.612065,0x433ad35c,96,4.145,25.756666,4.5424166,5.75,-53,1769410201,3,3
2026-01-25 22:50:13.875599,0x433e9c88,101,4.202,27.453333,1.853,,,1769410212,,3
2026-01-25 22:51:13.917643,0x433e9c88,98,4.172,18.915,1.9016111,,,1769410272,,3
2026-01-25 22:52:14.031442,0x433e9c88,99,4.177,17.881666,1.9366944,,,1769410332,,3
2026-01-25 22:52:18.664948,0x433b0b38,100,4.2,23.658333,4.401,6.25,-74,1769410336,5,5
2026-01-25 22:53:14.017933,0x433e9c88,97,4.155,21.348333,2.0368333,,,1769410392,,3
2026-01-25 22:53:48.329022,0x433af380,99,4.177,22.668333,3.6422224,6.25,-38,1769410426,3,3
2026-01-25 22:53:52.299315,0x433abf20,101,4.21,21.805,5.0288057,5.25,-76,1769410430,3,3
2026-01-25 22:54:14.115881,0x433e9c88,98,4.174,19.653334,2.0703611,,,1769410452,,3
2026-01-25 22:54:25.656673,0x433b0098,97,4.155,24.811666,4.3959165,5.5,-61,1769410463,2,2
2026-01-25 22:55:04.308049,0x433acb14,99,4.185,22.03,4.467,3.75,-92,1769410502,3,3
2026-01-25 22:55:14.186689,0x433e9c88,99,4.178,28.75,2.0849721,,,1769410512,,3
2026-01-25 22:55:59.440648,0x433ad35c,97,4.156,19.851667,4.4550834,5.5,-53,1769410557,3,3
2026-01-25 22:56:14.137057,0x433e9c88,101,4.204,24.031668,2.133111,,,1769410572,,3
2026-01-25 22:57:14.130846,0x433e9c88,101,4.204,24.938334,2.1000555,,,1769410632,,3
2026-01-25 22:58:14.344478,0x433e9c88,98,4.171,22.973333,2.1133056,,,1769410692,,3
2026-01-25 22:58:20.555237,0x433b0b38,99,4.182,21.58,4.3800554,5.5,-74,1769410698,5,5
2026-01-25 22:59:14.395414,0x433e9c88,101,4.215,24.031668,2.08825,,,1769410752,,3
2026-01-26 17:00:27.327647,0x433e9c88,101,4.205,21.516666,1.8367778,,,1769475624,,3
2026-01-26 17:01:27.278664,0x433e9c88,99,4.187,24.58,1.837,,,1769475684,,3
2026-01-26 17:01:55.586536,0x433abf20,97,4.16,20.091667,5.0095,6.0,-76,1769475712,3,3
2026-01-26 17:02:13.255823,0x433acb14,100,4.192,23.728333,4.2454166,3.75,-92,1769475729,3,3
2026-01-26 17:02:27.325945,0x433e9c88,97,4.156,25.385002,1.7831666,,,1769475744,,3
2026-01-26 17:03:03.436279,0x433ad35c,95,4.132,23.621666,4.0129447,6.25,-53,1769475779,3,3
2026-01-26 17:03:27.371857,0x433e9c88,97,4.161,22.911667,1.8039167,,,1769475804,,3
2026-01-26 17:04:27.455051,0x433e9c88,100,4.195,24.895,1.7555555,,,1769475864,,3
2026-01-26 17:04:41.560513,0x433b0098,95,4.132,22.625,4.1855555,7.25,-61,1769475878,2,2
2026-01-26 17:05:27.513743,0x433e9c88,99,4.178,23.95,1.7605556,,,1769475924,,3
2026-01-26 17:05:28.244802,0x433b0b38,101,4.206,23.073334,4.172611,6.0,-72,1769475924,5,5
2026-01-26 17:06:27.676254,0x433e9c88,101,4.237,20.381666,1.7295278,,,1769475984,3,3
2026-01-26 17:07:27.941489,0x433e9c88,101,4.211,18.039999,1.7254444,,,1769476044,,3
2026-01-26 17:07:39.335769,0x433af380,98,4.174,18.67,3.5185833,6.0,-39,1769476055,3,3
2026-01-26 17:07:55.148912,0x433abf20,100,4.193,20.038334,5.08275,6.0,-76,1769476071,3,3
2026-01-26 17:08:16.113846,0x433acb14,100,4.196,20.43,4.347889,4.0,-92,1769476092,3,3
2026-01-26 17:08:27.899759,0x433e9c88,101,4.223,24.881666,1.6734444,,,1769476104,,3
2026-01-26 17:09:02.796803,0x433ad35c,97,4.156,22.048334,3.9340277,5.75,-54,1769476139,3,3
2026-01-26 17:09:27.969371,0x433e9c88,100,4.193,26.936665,1.7051389,,,1769476164,,3
2026-01-26 17:10:27.892650,0x433e9c88,100,4.199,20.28,1.7053611,,,1769476224,,3
2026-01-26 17:10:41.897953,0x433b0098,101,4.201,20.28,4.190361,5.75,-62,1769476238,2,2
2026-01-26 17:11:28.032086,0x433e9c88,101,4.224,26.576668,1.682111,,,1769476284,,3
2026-01-26 17:11:28.784843,0x433b0b38,97,4.155,26.576668,4.219778,5.75,-72,1769476285,5,5
2026-01-26 17:12:27.975750,0x433e9c88,99,4.179,20.188334,1.6597778,,,1769476344,,3
2026-01-26 17:13:28.196534,0x433e9c88,96,4.144,21.213333,1.611861,,,1769476404,,3
2026-01-26 17:13:55.530152,0x433abf20,99,4.179,21.213333,5.1260557,6.0,-76,1769476431,3,3
2026-01-26 17:14:10.079086,0x433acb14,101,4.204,20.101665,4.3711944,3.75,-92,1769476446,3,3
2026-01-26 17:14:28.130334,0x433e9c88,97,4.152,24.22,1.5931666,,,1769476464,,3
2026-01-26 17:15:04.382215,0x433ad35c,99,4.177,19.378332,3.928611,6.75,-53,1769476500,3,3
2026-01-26 17:15:28.212099,0x433e9c88,99,4.182,22.35,1.55025,,,1769476524,,3
2026-01-26 17:16:28.250403,0x433e9c88,99,4.178,22.678333,1.5317779,,,1769476584,,3
2026-01-26 17:16:45.426266,0xbd50376c,100,4.192,23.813334,2.0515,5.5,-75,1769476601,3,3
2026-01-26 17:17:28.292685,0x433e9c88,97,4.161,22.595001,1.5340556,,,1769476644,,3
2026-01-26 17:17:31.790047,0x433b0b38,101,4.212,22.595001,4.101805,5.5,-73,1769476648,5,5
2026-01-26 17:18:28.342873,0x433e9c88,101,4.226,18.711666,1.5401945,,,1769476705,,3
2026-01-26 17:18:40.536368,0x433af380,94,4.108,20.533333,3.6843333,6.0,-39,1769476716,3,3
2026-01-26 17:18:43.368716,0x433b0098,101,4.225,21.736666,4.207611,6.0,-61,1769476719,2,2
2026-01-26 17:19:28.338665,0x433e9c88,100,4.2,24.838333,1.4906945,,,1769476765,,3
2026-01-26 17:19:56.737355,0x433abf20,98,4.164,19.088333,5.0750833,5.5,-75,1769476793,3,3
2026-01-26 17:20:13.101939,0x433acb14,101,4.243,27.351665,4.417444,3.25,-92,1769476809,3,3
2026-01-26 17:20:28.378746,0x433e9c88,100,4.197,25.973331,1.5260277,,,1769476825,,3
2026-01-26 17:21:07.403217,0x433ad35c,101,4.229,20.063334,4.1255,6.25,-54,1769476863,3,3
2026-01-26 17:21:28.603342,0x433e9c88,100,4.195,24.756666,1.5410833,,,1769476885,,3
2026-01-26 17:22:28.613602,0x433e9c88,101,4.21,18.528334,1.5406389,,,1769476945,,3
2026-01-26 17:23:28.644330,0x433e9c88,99,4.189,22.32,1.5303333,,,1769477005,,3
2026-01-26 17:23:31.752447,0x433b0b38,98,4.175,22.32,4.1480002,5.75,-73,1769477008,5,5
2026-01-26 17:24:28.707793,0x433e9c88,98,4.169,23.731667,1.5100278,,,1769477065,,3
2026-01-26 17:24:42.360376,0x433b0098,95,4.124,22.746668,4.2798333,5.5,-62,1769477078,2,2
2026-01-26 17:25:57.497664,0x433abf20,101,4.201,19.460001,5.0977497,5.5,-76,1769477153,3,3
2026-01-26 17:26:13.614349,0x433acb14,101,4.205,20.036667,4.5383053,3.25,-93,1769477170,3,3
2026-01-26 17:26:28.909499,0x433e9c88,99,4.188,25.141665,1.5243889,,,1769477185,,3
2026-01-26 17:27:05.310216,0x433ad35c,98,4.166,15.383333,4.3110557,6.5,-54,1769477221,3,3
2026-01-26 17:27:29.330160,0x433e9c88,97,4.16,20.94,1.4897223,,,1769477245,,3
2026-01-26 17:28:29.180609,0x433e9c88,101,4.218,18.119999,1.5100278,,,1769477305,,3
2026-01-26 17:28:38.908556,0x433af380,100,4.199,24.075,3.6230557,6.25,-39,1769477315,3,3
2026-01-26 17:29:29.228271,0x433e9c88,99,4.184,22.581667,1.5398889,,,1769477365,,3
2026-01-26 17:29:30.637712,0x433b0b38,101,4.215,23.43,4.149361,5.25,-73,1769477367,5,5
2026-01-26 17:30:29.755938,0x433e9c88,96,4.141,23.458334,1.5403333,,,1769477426,,3
2026-01-26 17:30:43.067077,0x433b0098,99,4.188,23.241667,4.4114447,6.5,-62,1769477439,2,2
2026-01-26 17:31:30.121391,0x433e9c88,100,4.192,27.536667,1.5446389,,,1769477486,,3
2026-01-26 17:32:13.045905,0x433acb14,101,4.205,24.016666,4.6215277,3.75,-93,1769477529,3,3
2026-01-26 17:32:30.020261,0x433e9c88,97,4.159,24.439999,1.5012777,,,1769477546,,3
2026-01-26 17:32:59.032285,0x433abf20,100,4.198,21.58,5.0176945,5.5,-75,1769477575,3,3
2026-01-26 17:33:07.536417,0x433ad35c,98,4.172,19.886667,4.3357778,7.0,-54,1769477583,3,3
2026-01-26 17:33:30.478970,0x433e9c88,97,4.158,21.951666,1.5222223,,,1769477607,,3
2026-01-26 17:34:30.651720,0x433e9c88,101,4.218,22.91,1.4868611,,,1769477667,,3
2026-01-26 17:35:30.931305,0x433e9c88,100,4.198,19.994999,1.4913889,,,1769477727,,3
2026-01-26 17:35:33.776792,0x433b0b38,101,4.202,21.13,4.2786665,5.75,-72,1769477730,5,5
2026-01-26 17:36:30.995543,0x433e9c88,100,4.198,20.49,1.4751945,,,1769477787,,3
2026-01-26 17:36:42.835625,0x433b0098,99,4.177,22.393333,4.503861,5.5,-61,1769477799,2,2
2026-01-26 17:37:30.947145,0x433e9c88,101,4.207,22.101665,1.5634444,,,1769477847,,3
2026-01-26 17:38:15.750075,0x433acb14,101,4.228,26.425001,4.517889,3.75,-91,1769477892,3,3
2026-01-26 17:38:30.924426,0x433e9c88,97,4.16,18.226667,1.5634444,,,1769477907,,3
2026-01-26 17:38:39.895360,0x433af380,101,4.213,24.075,3.7707222,6.5,-38,1769477916,3,3
2026-01-26 17:38:57.648326,0x433abf20,99,4.177,21.443333,5.033056,5.5,-75,1769477934,3,3
2026-01-26 17:39:06.824473,0x433ad35c,99,4.183,24.031668,4.4240556,6.25,-53,1769477943,3,3
2026-01-26 17:39:31.358968,0x433e9c88,101,4.219,23.853333,1.5513333,,,1769477967,,3
2026-01-26 17:40:31.224493,0x433e9c88,101,4.234,18.203333,1.5467777,,,1769478027,,3
2026-01-26 17:41:31.271843,0x433e9c88,101,4.209,23.786667,1.5656945,,,1769478087,,3
2026-01-26 17:41:39.398412,0x433b0b38,99,4.178,17.3,4.2693057,5.75,-73,1769478095,5,5
2026-01-26 17:42:31.455663,0x433e9c88,100,4.196,23.486666,1.5798612,,,1769478148,3,3
2026-01-26 17:42:43.123023,0x433b0098,101,4.205,22.695,4.431528,6.0,-61,1769478159,2,2
2026-01-26 17:43:31.482558,0x433e9c88,101,4.222,24.471668,1.6215833,,,1769478208,,3
2026-01-26 17:44:15.077432,0x433acb14,101,4.235,19.431667,4.525778,3.5,-93,1769478251,3,3
2026-01-26 17:44:31.581725,0x433e9c88,100,4.195,24.851665,1.6026666,,,1769478268,,3
2026-01-26 17:45:07.670357,0x433ad35c,96,4.139,21.105,4.5095835,5.75,-53,1769478304,3,3
2026-01-26 17:45:31.690410,0x433e9c88,101,4.215,21.086666,1.5691389,,,1769478328,,3
2026-01-26 17:45:57.821162,0x433abf20,97,4.151,22.894999,5.0795555,5.25,-76,1769478354,3,3
2026-01-26 17:46:31.623555,0x433e9c88,101,4.217,22.894999,1.5502222,,,1769478388,,3
2026-01-26 17:47:31.752327,0x433e9c88,101,4.219,20.801666,1.5896667,,,1769478448,,3
2026-01-26 17:47:37.654917,0x433b0b38,101,4.201,21.908335,4.3268332,6.0,-73,1769478454,5,5
2026-01-26 17:48:31.824814,0x433e9c88,98,4.168,17.685001,1.558611,,,1769478508,,3
2026-01-26 17:48:40.840624,0x433af380,99,4.183,22.465,3.79075,6.25,-39,1769478517,3,3
2026-01-26 17:48:44.474911,0x433b0098,97,4.158,21.49,4.4201946,6.75,-61,1769478520,2,2
2026-01-26 17:49:31.868221,0x433e9c88,100,4.198,23.646666,1.5775278,,,1769478568,,3
2026-01-26 17:50:17.022046,0x433acb14,99,4.18,23.138334,4.51575,3.5,-91,1769478613,3,3
2026-01-26 17:50:31.839764,0x433e9c88,98,4.167,21.76,1.6466389,,,1769478628,,3
2026-01-26 17:51:08.146865,0x433ad35c,100,4.195,21.585,4.5751944,5.75,-53,1769478664,3,3
2026-01-26 17:51:31.975842,0x433e9c88,101,4.205,24.416668,1.7052222,,,1769478688,,3
2026-01-26 17:52:31.934247,0x433e9c88,99,4.187,23.526667,1.7047777,,,1769478748,,3
2026-01-26 17:52:49.012420,0xbd50376c,100,4.194,20.953333,1.8021667,6.25,-74,1769478765,3,3
2026-01-26 17:52:58.691256,0x433abf20,101,4.201,24.733334,5.0687222,5.5,-75,1769478775,3,3
2026-01-26 17:53:32.117486,0x433e9c88,97,4.158,26.031668,1.67125,,,1769478808,,3
2026-01-26 17:53:33.024486,0x433b0b38,99,4.183,26.908333,4.400778,5.5,-73,1769478809,5,5
2026-01-26 17:54:32.069095,0x433e9c88,98,4.168,22.501667,1.6548333,,,1769478868,,3
2026-01-26 17:54:43.802774,0x433b0098,97,4.153,21.516666,4.4988055,6.25,-61,1769478880,2,2
2026-01-26 17:55:32.085895,0x433e9c88,101,4.207,21.733334,1.6443055,,,1769478928,,3
2026-01-26 17:56:17.819029,0x433acb14,101,4.234,27.256668,4.3773055,3.5,-92,1769478974,3,3
2026-01-26 17:56:32.217423,0x433e9c88,101,4.204,23.236666,1.6349167,,,1769478988,,3
2026-01-26 17:57:10.734208,0x433ad35c,98,4.165,15.671666,4.524528,6.5,-54,1769479027,3,3
2026-01-26 17:57:32.166620,0x433e9c88,99,4.186,18.643333,1.6830556,,,1769479048,,3
2026-01-26 17:58:32.213983,0x433e9c88,101,4.218,18.119999,1.7566943,,,1769479108,,3
2026-01-26 17:58:41.234747,0x433af380,97,4.155,21.871666,3.773,6.0,-39,1769479117,3,3
2026-01-26 17:58:58.434757,0x433abf20,99,4.189,23.183334,5.0186944,5.5,-77,1769479134,3,3
2026-01-26 17:59:32.416037,0x433e9c88,97,4.156,23.646666,1.7192777,,,1769479168,,3
2026-01-26 17:59:33.552949,0x433b0b38,100,4.199,24.523333,4.2892222,6.0,-73,1769479169,5,5
2026-01-27 15:00:55.607820,0x433b0b38,99,4.184,21.436666,4.183528,5.5,-72,1769554850,5,5
2026-01-27 15:01:02.465312,0x433e9c88,100,4.19,25.981668,1.9140277,,,1769554857,,3
2026-01-27 15:02:02.370163,0x433e9c88,100,4.191,19.098333,1.9261388,,,1769554917,,3
2026-01-27 15:02:12.383196,0x433b0098,100,4.191,22.07,4.0249443,6.0,-61,1769554926,2,2
2026-01-27 15:03:02.500815,0x433e9c88,96,4.141,20.671667,1.9092778,,,1769554977,,3
2026-01-27 15:03:14.444777,0xbd50376c,98,4.164,20.588333,2.3481667,6.25,-74,1769554988,3,3
2026-01-27 15:03:40.438951,0x433acb14,100,4.193,17.4,3.9850276,2.5,-94,1769555014,3,3
2026-01-27 15:04:02.462991,0x433e9c88,101,4.21,17.853333,1.9026945,,,1769555037,,3
2026-01-27 15:04:23.452947,0x433ad35c,98,4.171,20.181665,3.9862778,6.25,-54,1769555057,3,3
2026-01-27 15:05:02.915176,0x433e9c88,101,4.209,23.378334,1.9026945,,,1769555097,,3
2026-01-27 15:06:02.874850,0x433e9c88,101,4.203,19.318333,1.851361,,,1769555157,,3
2026-01-27 15:06:21.286730,0x433abf20,98,4.167,20.663334,4.679972,6.0,-75,1769555175,3,3
2026-01-27 15:06:59.111286,0x433b0b38,100,4.195,19.483334,4.2626667,8.0,-72,1769555213,5,5
2026-01-27 15:07:02.816231,0x433e9c88,99,4.176,17.431665,1.8597778,,,1769555217,,3
2026-01-27 15:08:11.925948,0x433b0098,98,4.164,23.84,4.18025,5.75,-60,1769555286,2,2
2026-01-27 15:09:03.673992,0x433e9c88,101,4.22,21.431667,1.8129723,,,1769555338,,3
2026-01-27 15:09:48.068446,0x433acb14,101,4.204,16.918333,4.0315,4.5,-89,1769555382,3,3
2026-01-27 15:10:03.854274,0x433e9c88,101,4.216,21.121668,1.806389,,,1769555398,,3
2026-01-27 15:10:23.834493,0x433ad35c,98,4.164,23.696667,3.9943888,7.0,-53,1769555418,3,3
2026-01-27 15:11:03.803854,0x433e9c88,101,4.21,21.151667,1.7726389,,,1769555458,,3
2026-01-27 15:11:32.364840,0x433af380,97,4.158,22.818333,3.6740277,6.0,-39,1769555486,3,3
2026-01-27 15:12:03.826113,0x433e9c88,101,4.203,18.741667,1.7375277,,,1769555518,,3
2026-01-27 15:12:21.425282,0x433abf20,98,4.167,22.821667,4.806139,5.75,-75,1769555535,3,3
2026-01-27 15:13:01.410432,0x433b0b38,98,4.168,22.765,4.2753334,2.5,-93,1769555575,5,4
2026-01-27 15:13:03.872494,0x433e9c88,99,4.182,17.908333,1.7375277,,,1769555578,,3
2026-01-27 15:14:03.994874,0x433e9c88,100,4.195,16.1,1.7395834,,,1769555638,,3
2026-01-27 15:14:13.468868,0x433b0098,96,4.139,18.773335,4.271806,6.5,-61,1769555647,2,2
2026-01-27 15:15:04.108914,0x433e9c88,101,4.207,18.885,1.7703888,,,1769555698,,3
2026-01-27 15:15:46.315573,0x433acb14,101,4.207,14.165001,4.084639,3.5,-92,1769555740,3,3
2026-01-27 15:16:04.009855,0x433e9c88,101,4.225,17.745,1.7516944,,,1769555758,,3
2026-01-27 15:16:24.053328,0x433ad35c,99,4.184,23.331665,4.09,5.75,-52,1769555778,3,3
2026-01-27 15:17:04.107717,0x433e9c88,101,4.211,24.121666,1.6918888,,,1769555818,,3
2026-01-27 15:18:04.187581,0x433e9c88,99,4.181,22.878334,1.7105832,,,1769555878,,3
2026-01-27 15:18:21.725002,0x433abf20,99,4.189,19.36,4.9683056,5.75,-76,1769555896,3,3
2026-01-27 15:19:00.053967,0x433b0b38,101,4.212,16.96,4.2073054,6.0,-72,1769555934,5,5
2026-01-27 15:19:04.113562,0x433e9c88,99,4.187,18.153334,1.6984721,,,1769555938,,3
2026-01-27 15:20:04.280189,0x433e9c88,99,4.186,22.89,1.7270001,,,1769555998,,3
2026-01-27 15:20:13.181916,0x433b0098,100,4.2,23.0,4.2891946,5.75,-60,1769556007,2,2
2026-01-26 03:59:34.289690,0x433e9c88,97,4.156,20.693333,1.9642223,,,1769428772,,3
2026-01-26 03:59:46.127738,0x433b0098,99,4.184,21.158333,4.8884997,5.75,-60,1769428783,2,2
2026-01-26 03:59:57.733618,0x433af380,101,4.216,24.735,3.260861,6.25,-38,1769428795,3,3
2026-01-26 04:00:34.354721,0x433e9c88,98,4.164,20.653334,1.9493889,,,1769428832,,3
2026-01-26 04:01:08.996329,0x433abf20,99,4.18,21.281668,4.4861946,5.0,-77,1769428866,3,3
2026-01-26 04:01:22.665613,0x433acb14,101,4.218,26.81,4.2945557,3.75,-91,1769428880,3,3
2026-01-26 04:01:34.351098,0x433e9c88,94,4.106,22.606667,1.9409722,,,1769428892,,3
2026-01-26 04:02:16.825980,0x433ad35c,99,4.189,16.993334,4.759278,6.0,-54,1769428934,3,3
2026-01-26 04:02:34.377156,0x433e9c88,97,4.149,15.889999,1.9578612,,,1769428952,,3
2026-01-26 04:03:34.427403,0x433e9c88,98,4.167,24.84,1.9471666,,,1769429012,,3
2026-01-26 04:04:34.644282,0x433e9c88,99,4.183,19.793333,1.9369444,,,1769429072,,3
2026-01-26 04:04:39.353317,0x433b0b38,96,4.145,17.453333,4.6905,6.75,-74,1769429077,5,5
2026-01-26 04:05:34.508210,0x433e9c88,100,4.198,22.813334,1.9772778,,,1769429132,,3
2026-01-26 04:05:48.861468,0x433b0098,101,4.212,23.113333,4.7583055,6.0,-61,1769429146,2,2
2026-01-26 04:06:34.679800,0x433e9c88,99,4.182,23.578335,1.9414723,,,1769429192,,3
2026-01-26 04:07:09.287610,0x433abf20,100,4.192,22.335001,4.5792775,5.5,-76,1769429227,3,3
2026-01-26 04:07:22.620305,0x433acb14,98,4.173,24.361668,4.151111,3.75,-91,1769429240,3,3
2026-01-26 04:07:34.600651,0x433e9c88,91,4.07,21.516666,2.02225,,,1769429252,,3
2026-01-26 04:08:16.268734,0x433ad35c,97,4.156,22.303333,4.604,6.25,-53,1769429294,3,3
2026-01-26 04:08:34.647224,0x433e9c88,95,4.123,19.61,2.0204446,,,1769429312,,3
2026-01-26 04:09:34.875805,0x433e9c88,87,4.035,20.051666,2.023611,,,1769429372,,3
2026-01-26 04:09:57.653259,0x433af380,99,4.184,21.465,3.363,6.0,-39,1769429395,3,3
2026-01-26 04:10:34.745858,0x433e9c88,98,4.166,17.795,2.0630555,,,1769429432,,3
2026-01-26 04:10:39.456760,0x433b0b38,100,4.199,19.806667,4.612806,6.75,-73,1769429437,5,5
2026-01-26 04:11:34.786472,0x433e9c88,98,4.174,28.41,2.0751667,,,1769429492,,3
2026-01-26 04:11:46.647203,0x433b0098,98,4.162,21.431667,4.686917,7.0,-60,1769429504,2,2
2026-01-26 04:12:34.832123,0x433e9c88,101,4.214,21.09,2.060111,,,1769429552,,3
2026-01-26 04:13:09.596295,0x433abf20,100,4.193,23.526667,4.561028,5.75,-76,1769429587,3,3
2026-01-26 04:13:23.755710,0x433acb14,100,4.195,21.113333,4.122361,3.5,-91,1769429601,3,3
2026-01-26 04:13:34.979803,0x433e9c88,101,4.205,25.455002,2.1086943,,,1769429612,,3
2026-01-26 04:14:16.481559,0x433ad35c,97,4.151,24.058332,4.445111,7.0,-53,1769429654,3,3
2026-01-26 04:14:34.995348,0x433e9c88,99,4.178,21.788334,2.1525278,,,1769429672,,3
2026-01-26 04:15:35.124928,0x433e9c88,98,4.168,21.461668,2.1669166,,,1769429733,,3
2026-01-26 04:16:35.019234,0x433e9c88,98,4.172,22.408333,2.1320279,,,1769429793,,3
2026-01-26 04:16:40.029026,0x433b0b38,98,4.172,26.69,4.62275,6.75,-74,1769429797,5,5
2026-01-26 04:17:35.118427,0x433e9c88,97,4.157,15.151666,2.15275,,,1769429853,,3
2026-01-26 04:17:46.986671,0x433b0098,97,4.156,20.253334,4.5418053,6.5,-60,1769429864,2,2
2026-01-26 04:18:35.140698,0x433e9c88,99,4.182,23.171667,2.149111,,,1769429913,,3
2026-01-26 04:19:09.633030,0x433abf20,98,4.17,22.391666,4.459528,5.0,-76,1769429947,3,3
2026-01-26 04:19:23.430022,0x433acb14,101,4.221,22.608334,3.9873056,3.25,-91,1769429961,3,3
2026-01-26 04:19:35.271949,0x433e9c88,98,4.169,21.746666,2.19725,,,1769429973,,3
2026-01-26 04:20:17.217090,0x433ad35c,95,4.12,25.14,4.2287498,6.0,-54,1769430014,3,3
2026-01-26 04:20:35.397051,0x433e9c88,97,4.155,23.128334,2.2036111,,,1769430033,,3
2026-01-26 04:20:59.103467,0x433af380,99,4.18,22.871668,3.3830557,6.25,-39,1769430056,3,3
2026-01-26 04:21:35.874087,0x433e9c88,101,4.215,26.320002,2.1924167,,,1769430093,,3
2026-01-26 04:22:35.869310,0x433e9c88,98,4.175,18.888334,2.1944444,,,1769430153,,3
2026-01-26 04:22:39.515565,0x433b0b38,99,4.179,16.258333,4.4806385,7.25,-74,1769430157,5,5
2026-01-26 04:23:35.949856,0x433e9c88,101,4.209,24.743334,2.2085834,,,1769430213,,3
2026-01-26 04:23:47.454901,0x433b0098,97,4.152,17.235,4.276472,6.0,-60,1769430225,2,2
2026-01-26 04:24:35.866456,0x433e9c88,101,4.225,24.595,2.2396111,,,1769430273,,3
2026-01-26 04:25:09.975068,0x433abf20,100,4.198,21.83,4.5049167,5.25,-76,1769430307,3,3
2026-01-26 04:25:26.596097,0x433acb14,101,4.201,23.908333,3.9363055,3.0,-91,1769430324,3,3
2026-01-26 04:25:36.237332,0x433e9c88,101,4.223,21.431667,2.2517223,,,1769430333,,3
2026-01-26 04:26:17.470074,0x433ad35c,100,4.192,21.221666,4.068389,6.75,-54,1769430375,3,3
2026-01-26 04:26:36.289091,0x433e9c88,101,4.233,24.51,2.2688334,,,1769430393,,3
2026-01-26 04:27:36.194051,0x433e9c88,99,4.186,20.926666,2.3212779,,,1769430454,3,3
2026-01-26 04:28:36.242660,0x433e9c88,96,4.144,24.333334,2.372139,,,1769430514,,3
2026-01-26 04:28:40.112953,0x433b0b38,101,4.202,23.078333,4.356861,6.25,-74,1769430517,5,5
2026-01-26 04:29:36.338767,0x433e9c88,98,4.175,24.619999,2.4056668,,,1769430574,,3
2026-01-26 04:29:48.456385,0x433b0098,96,4.135,13.601666,4.123361,5.75,-61,1769430586,2,2
2026-01-26 04:30:36.421555,0x433e9c88,101,4.213,23.36,2.4245834,,,1769430634,,3
2026-01-26 04:31:00.999042,0x433af380,99,4.186,20.465,3.3796945,6.25,-39,1769430658,3,3
2026-01-26 04:31:10.136098,0x433abf20,100,4.191,20.641666,4.5129724,6.0,-76,1769430667,3,3
2026-01-26 04:31:23.106414,0x433acb14,97,4.151,22.333332,3.9153054,3.25,-90,1769430680,3,3
2026-01-26 04:31:36.309015,0x433e9c88,100,4.199,25.318333,2.4907222,,,1769430694,,3
2026-01-26 04:32:17.628149,0x433ad35c,98,4.162,23.741667,3.9579167,6.0,-53,1769430735,3,3
2026-01-26 04:32:36.413056,0x433e9c88,99,4.177,19.955,2.5183332,,,1769430754,,3
2026-01-26 04:33:36.948503,0x433e9c88,98,4.167,18.613335,2.5035,,,1769430814,,3
2026-01-26 04:33:53.848396,0xbd50376c,99,4.187,16.975,2.1949167,5.75,-75,1769430831,3,3
2026-01-26 04:34:36.920253,0x433e9c88,97,4.155,19.683332,2.5386388,,,1769430874,,3
2026-01-26 04:34:41.741943,0x433b0b38,97,4.154,21.791666,4.162611,6.0,-74,1769430879,5,5
2026-01-26 04:35:36.894917,0x433e9c88,96,4.143,19.845,2.5721667,,,1769430934,,3
2026-01-26 04:35:48.184896,0x433b0098,98,4.164,23.113333,3.97925,6.25,-61,1769430945,2,2
2026-01-26 04:36:36.891522,0x433e9c88,101,4.218,19.758333,2.5910833,,,1769430994,,3
2026-01-26 04:37:10.393539,0x433abf20,97,4.157,22.253332,4.334139,5.75,-76,1769431028,3,3
2026-01-26 04:37:24.301955,0x433acb14,95,4.132,20.363335,3.945861,3.75,-92,1769431042,3,3
2026-01-26 04:37:37.038045,0x433e9c88,98,4.164,21.705,2.603389,,,1769431054,,3
2026-01-26 04:38:17.635387,0x433ad35c,99,4.186,26.288334,3.864111,5.5,-53,1769431095,3,3
2026-01-26 04:38:37.064888,0x433e9c88,94,4.108,24.539999,2.6410277,,,1769431114,,3
2026-01-26 04:39:37.171926,0x433e9c88,95,4.124,24.494999,2.6571944,,,1769431175,,3
2026-01-26 04:40:37.256418,0x433e9c88,99,4.185,20.175,2.6526945,,,1769431235,,3
2026-01-26 04:40:40.555276,0x433b0b38,95,4.125,21.051666,4.1677775,6.0,-74,1769431238,5,5
2026-01-26 04:41:01.417961,0x433af380,99,4.187,23.6,3.3263054,6.25,-39,1769431259,3,3
2026-01-26 04:41:37.192694,0x433e9c88,100,4.197,27.383333,2.617361,,,1769431295,,3
2026-01-26 04:42:37.208170,0x433e9c88,97,4.16,18.271667,2.6335833,,,1769431355,,3
2026-01-26 04:42:48.356061,0x433b0098,100,4.194,21.486668,3.8197777,6.25,-61,1769431366,2,2
2026-01-26 04:43:25.659622,0x433acb14,98,4.175,24.145,4.0143056,3.5,-91,1769431403,3,3
2026-01-26 04:43:37.245018,0x433e9c88,98,4.165,21.141666,2.6490834,,,1769431415,,3
2026-01-26 04:44:10.663603,0x433abf20,99,4.189,21.375,4.2027225,5.25,-76,1769431448,3,3
2026-01-26 04:44:17.597815,0x433ad35c,98,4.169,23.345,3.8755555,5.25,-54,1769431455,3,3
2026-01-26 04:44:37.394662,0x433e9c88,99,4.18,21.333334,2.6655,,,1769431475,,3
2026-01-26 04:45:37.646215,0x433e9c88,97,4.151,18.269999,2.6990278,,,1769431535,,3
2026-01-26 04:46:37.496471,0x433e9c88,99,4.189,19.705,2.736861,,,1769431595,,3
2026-01-26 04:46:40.838841,0x433b0b38,101,4.208,21.458334,4.270028,5.75,-74,1769431598,5,5
2026-01-26 04:47:37.580153,0x433e9c88,101,4.22,16.775,2.7265556,,,1769431655,,3
2026-01-26 04:48:37.713025,0x433e9c88,98,4.172,22.255001,2.7411666,,,1769431715,,3
2026-01-26 04:48:48.784626,0x433b0098,101,4.21,19.708334,3.7656944,7.5,-60,1769431726,2,2
2026-01-26 04:49:26.622283,0x433acb14,99,4.178,24.445,4.1603336,6.25,-74,1769431764,3,2
2026-01-26 04:49:37.820423,0x433e9c88,99,4.186,26.716667,2.7909167,,,1769431775,,3
2026-01-26 04:50:10.918755,0x433abf20,97,4.153,24.481667,4.1738334,5.25,-76,1769431808,3,3
2026-01-26 04:50:17.863137,0x433ad35c,95,4.133,26.451668,3.7948058,5.75,-53,1769431815,3,3
2026-01-26 04:50:37.709392,0x433e9c88,99,4.183,25.330002,2.7735834,,,1769431835,,3
2026-01-26 04:51:00.746060,0x433af380,95,4.124,22.396667,3.3573334,6.25,-39,1769431858,3,3
2026-01-26 04:51:37.815517,0x433e9c88,97,4.159,22.526667,2.7425556,,,1769431895,,3
2026-01-26 04:52:37.804254,0x433e9c88,96,4.14,17.495,2.7275,,,1769431955,,3
2026-01-26 04:52:43.322197,0x433b0b38,100,4.192,18.371668,4.2366943,6.0,-74,1769431961,5,5
2026-01-26 04:53:37.973837,0x433e9c88,98,4.166,23.1,2.6825554,,,1769432015,,3
2026-01-26 04:54:38.228915,0x433e9c88,78,3.975,18.296667,2.6980834,,,1769432076,,3
2026-01-26 04:54:49.202438,0x433b0098,94,4.11,22.061666,3.7461388,5.5,-61,1769432086,2,2
2026-01-26 04:55:24.588692,0x433acb14,101,4.235,23.843332,4.2609444,3.5,-91,1769432122,3,3
2026-01-26 04:55:38.126224,0x433e9c88,97,4.158,19.065,2.675,,,1769432136,,3
2026-01-26 04:56:18.812253,0x433ad35c,101,4.202,26.933332,3.8590279,6.5,-53,1769432176,3,3
2026-01-26 04:56:38.124666,0x433e9c88,98,4.175,22.235,2.6585834,,,1769432196,,3
2026-01-26 04:57:11.312232,0x433abf20,101,4.206,23.838333,4.2295003,5.5,-76,1769432228,3,3
2026-01-26 04:57:38.215135,0x433e9c88,98,4.167,17.556667,2.7066944,,,1769432256,,3
2026-01-26 04:58:38.218360,0x433e9c88,101,4.202,24.718334,2.6898055,,,1769432316,,3
2026-01-26 04:58:43.016355,0x433b0b38,97,4.156,26.443333,4.2911944,6.5,-75,1769432320,5,5
2026-01-26 21:00:46.518144,0x433e9c88,100,4.194,25.181665,1.6205834,,,1769490042,,3
2026-01-26 21:00:57.509343,0x433b0098,98,4.171,23.183334,4.663139,6.0,-60,1769490053,2,2
2026-01-26 21:01:46.608364,0x433e9c88,101,4.202,22.663334,1.6205834,,,1769490102,,3
2026-01-26 21:02:26.352952,0x433acb14,99,4.189,26.821667,4.29275,4.25,-87,1769490142,3,3
2026-01-26 21:02:46.636829,0x433e9c88,101,4.22,27.656666,1.6205834,,,1769490162,,3
2026-01-26 21:03:18.183233,0x433ad35c,101,4.216,19.133333,4.53175,5.5,-53,1769490194,3,3
2026-01-26 21:03:46.504834,0x433e9c88,99,4.189,22.665,1.6059723,,,1769490222,,3
2026-01-26 21:04:46.585586,0x433e9c88,95,4.131,17.548332,1.5535277,,,1769490282,,3
2026-01-26 21:04:47.439400,0x433af380,97,4.154,19.33,3.4728334,6.25,-38,1769490283,3,3
2026-01-26 21:05:46.686611,0x433e9c88,97,4.161,19.118332,1.5801944,,,1769490343,,3
2026-01-26 21:05:49.614341,0x433b0b38,97,4.149,17.433334,4.2938614,6.75,-74,1769490345,5,5
2026-01-26 21:06:09.262125,0x433abf20,98,4.172,22.961668,5.4238057,5.25,-76,1769490365,3,3
2026-01-26 21:06:46.811763,0x433e9c88,101,4.211,19.408333,1.5261389,,,1769490403,,3
2026-01-26 21:06:57.867129,0x433b0098,96,4.136,19.105,4.6986947,6.75,-59,1769490413,2,2
2026-01-26 21:07:46.719423,0x433e9c88,100,4.195,26.643333,1.5293334,,,1769490463,,3
2026-01-26 21:08:26.668445,0x433acb14,99,4.185,27.42,4.4019446,4.25,-88,1769490502,3,3
2026-01-26 21:08:46.765378,0x433e9c88,99,4.189,23.673334,1.5541667,,,1769490523,,3
2026-01-26 21:09:18.619619,0x433ad35c,99,4.189,18.583334,4.596306,6.0,-54,1769490554,3,3
2026-01-26 21:09:46.809542,0x433e9c88,99,4.185,23.800001,1.5391111,,,1769490583,,3
2026-01-26 21:10:46.878460,0x433e9c88,99,4.179,21.46,1.5384444,,,1769490643,,3
2026-01-26 21:11:46.977540,0x433e9c88,99,4.179,25.233334,1.551889,,,1769490703,,3
2026-01-26 21:11:50.526870,0x433b0b38,98,4.171,26.986668,4.52825,6.0,-73,1769490706,5,5
2026-01-26 21:12:09.484523,0x433abf20,98,4.17,18.078333,5.2348056,5.25,-76,1769490725,3,3
2026-01-26 21:12:46.950965,0x433e9c88,98,4.168,23.841667,1.5628612,,,1769490763,,3
2026-01-26 21:13:47.051659,0x433e9c88,98,4.162,17.521666,1.5628612,,,1769490823,,3
2026-01-26 21:13:58.978833,0x433b0098,96,4.139,22.938334,4.8244724,7.0,-60,1769490835,2,2
2026-01-26 21:14:26.922898,0x433acb14,100,4.199,25.683334,4.369361,4.0,-87,1769490863,3,3
2026-01-26 21:14:47.140603,0x433e9c88,99,4.176,23.113333,1.5981945,,,1769490883,,3
2026-01-26 21:15:20.858566,0x433ad35c,98,4.172,16.833334,4.608139,6.0,-53,1769490916,3,3
2026-01-26 21:15:47.142516,0x433e9c88,101,4.212,22.173332,1.5835832,,,1769490943,,3
2026-01-26 21:15:47.753368,0x433af380,97,4.161,22.921667,3.280639,6.25,-38,1769490943,3,3
2026-01-26 21:16:47.284078,0x433e9c88,99,4.189,23.486666,1.5981945,,,1769491003,,3
2026-01-26 21:17:47.181170,0x433e9c88,101,4.202,23.630001,1.6447222,,,1769491063,,3
2026-01-26 21:17:50.395264,0x433b0b38,98,4.168,24.861666,4.650972,5.75,-74,1769491066,5,5
2026-01-26 21:18:10.751100,0x433abf20,101,4.215,19.403334,5.2715554,5.75,-76,1769491086,3,3
2026-01-26 21:18:47.228178,0x433e9c88,101,4.221,22.828333,1.6903611,,,1769491123,,3
2026-01-26 21:19:47.410196,0x433e9c88,101,4.217,20.668333,1.6903611,,,1769491183,3,3
2026-01-26 21:20:27.309267,0x433acb14,98,4.173,29.436666,4.381472,4.5,-88,1769491223,3,3
2026-01-26 21:20:47.469366,0x433e9c88,101,4.231,24.263332,1.7072501,,,1769491243,,3
2026-01-26 21:21:01.835730,0x433b0098,99,4.179,24.74,4.9205556,6.5,-60,1769491257,2,2
2026-01-26 21:21:19.694072,0x433ad35c,99,4.189,24.496668,4.557722,5.75,-53,1769491275,3,3
2026-01-26 21:21:47.505077,0x433e9c88,99,4.188,17.931667,1.6548057,,,1769491303,,3
2026-01-26 21:22:47.579484,0x433e9c88,100,4.193,19.07,1.653,,,1769491363,,3
2026-01-26 21:23:47.746505,0x433e9c88,100,4.198,15.344999,1.6151667,,,1769491423,,3
2026-01-26 21:23:52.791415,0x433b0b38,97,4.149,16.48,4.6835556,6.0,-74,1769491428,5,5
2026-01-26 21:24:09.726361,0x433abf20,98,4.175,20.008333,5.132,5.5,-77,1769491445,3,3
2026-01-26 21:24:47.792636,0x433e9c88,98,4.169,14.786667,1.6281667,,,1769491484,,3
2026-01-26 21:25:47.684062,0x433e9c88,100,4.194,14.513333,1.6448057,,,1769491544,,3
2026-01-26 21:25:48.452626,0x433af380,97,4.148,24.328333,3.0838056,6.25,-37,1769491544,3,3
2026-01-26 21:26:27.414904,0x433acb14,100,4.199,25.865,4.301833,5.0,-88,1769491583,3,3
2026-01-26 21:26:47.915612,0x433e9c88,100,4.193,29.641666,1.6680278,,,1769491604,,3
2026-01-26 21:27:21.839448,0x433ad35c,98,4.174,22.893333,4.5933056,6.25,-54,1769491637,3,3
2026-01-26 21:27:47.898840,0x433e9c88,99,4.18,23.458334,1.7058611,,,1769491664,,3
2026-01-26 21:28:02.346162,0x433b0098,101,4.215,23.486666,4.9519167,7.0,-60,1769491678,2,2
2026-01-26 21:28:47.856733,0x433e9c88,98,4.171,23.855001,1.7560555,,,1769491724,,3
2026-01-26 21:29:47.958359,0x433e9c88,98,4.171,20.54,1.7414445,,,1769491784,,3
2026-01-26 21:29:52.349271,0x433b0b38,98,4.166,21.675,4.720278,5.5,-75,1769491788,5,5
2026-01-26 21:30:02.567853,0xbd50376c,101,4.208,17.61,2.1330278,6.75,-74,1769491798,3,3
2026-01-26 21:30:10.112319,0x433abf20,97,4.161,17.338333,4.9988613,5.0,-76,1769491806,3,3
2026-01-26 21:30:48.061313,0x433e9c88,98,4.172,24.455,1.731611,,,1769491844,,3
2026-01-26 21:31:47.951868,0x433e9c88,99,4.184,18.109999,1.731611,,,1769491904,,3
2026-01-26 21:32:28.201853,0x433acb14,99,4.185,28.038332,4.442139,4.25,-87,1769491944,3,3
2026-01-26 21:32:47.998546,0x433e9c88,100,4.195,25.645,1.731611,,,1769491964,,3
2026-01-26 21:33:20.976269,0x433ad35c,98,4.175,22.061666,4.465528,6.5,-53,1769491997,3,3
2026-01-26 21:33:48.104107,0x433e9c88,97,4.148,19.875,1.7186111,,,1769492024,,3
2026-01-26 21:34:02.074833,0x433b0098,99,4.176,19.063334,4.6927776,6.75,-59,1769492038,2,2
2026-01-26 21:34:48.184242,0x433e9c88,98,4.17,19.368332,1.7628889,,,1769492084,,3
2026-01-26 21:35:48.233384,0x433e9c88,99,4.18,20.896667,1.7779446,,,1769492144,,3
2026-01-26 21:35:55.031156,0x433b0b38,100,4.195,20.896667,4.6573334,6.0,-74,1769492151,5,5
2026-01-26 21:36:10.220227,0x433abf20,100,4.19,23.456667,5.060667,5.75,-76,1769492166,3,3
2026-01-26 21:36:48.397531,0x433e9c88,100,4.2,18.946667,1.8276944,,,1769492204,,3
2026-01-26 21:37:48.046714,0x433af380,93,4.097,23.395,3.187139,5.5,-38,1769492264,3,3
2026-01-26 21:37:48.329058,0x433e9c88,96,4.147,22.53,1.8817499,,,1769492264,,3
2026-01-26 21:38:28.694142,0x433acb14,99,4.18,25.453333,4.328778,4.75,-87,1769492304,3,3
2026-01-26 21:38:48.476406,0x433e9c88,96,4.146,25.506666,1.8817499,,,1769492324,,3
2026-01-26 21:39:22.260128,0x433ad35c,99,4.186,20.858334,4.448111,5.75,-52,1769492358,3,3
2026-01-26 21:39:48.377764,0x433e9c88,99,4.186,22.691668,1.9011112,,,1769492384,,3
2026-01-26 21:40:05.542274,0x433b0098,97,4.152,20.256666,4.6201944,5.75,-61,1769492401,2,2
2026-01-26 21:40:48.508261,0x433e9c88,99,4.188,24.305,1.8761944,,,1769492444,,3
2026-01-26 21:41:48.576541,0x433e9c88,97,4.159,23.658333,1.8891944,,,1769492504,,3
2026-01-26 21:41:51.740719,0x433b0b38,97,4.16,23.141666,4.7079725,6.5,-73,1769492507,5,5
2026-01-26 21:42:10.486253,0x433abf20,97,4.161,24.291668,4.99125,5.75,-76,1769492526,3,3
2026-01-26 21:42:48.480008,0x433e9c88,99,4.179,23.253334,1.9081112,,,1769492564,,3
2026-01-26 21:43:48.639223,0x433e9c88,98,4.174,16.415,1.9475555,,,1769492624,,3
2026-01-26 21:44:30.036354,0x433acb14,98,4.172,24.921665,4.2805276,5.0,-86,1769492666,3,3
2026-01-26 21:44:48.571378,0x433e9c88,95,4.127,21.185,1.9495834,,,1769492684,,3
2026-01-26 21:45:23.232066,0x433ad35c,96,4.136,17.351665,4.363111,6.25,-53,1769492719,3,3
2026-01-26 21:45:48.649490,0x433e9c88,99,4.188,18.918333,1.9495834,,,1769492745,,3
2026-01-26 21:46:02.093544,0x433b0098,99,4.186,24.593334,4.73575,7.5,-59,1769492758,2,2
2026-01-26 21:46:48.681480,0x433e9c88,99,4.186,17.22,1.977639,,,1769492805,,3
2026-01-26 21:47:48.716626,0x433e9c88,101,4.206,24.248333,2.044222,,,1769492865,,3
2026-01-26 21:47:51.753668,0x433b0b38,97,4.161,27.108332,4.7254725,5.25,-75,1769492867,5,5
2026-01-26 21:48:10.896308,0x433abf20,99,4.184,23.431665,4.9031944,5.5,-76,1769492886,3,3
2026-01-26 21:48:48.204655,0x433af380,99,4.186,24.533333,3.047111,6.25,-38,1769492924,3,3
2026-01-26 21:48:48.754871,0x433e9c88,101,4.206,24.8,2.0365,,,1769492925,,3
2026-01-26 21:49:48.903621,0x433e9c88,99,4.183,19.791668,2.053389,,,1769492985,,3
2026-01-26 21:50:29.976260,0x433acb14,100,4.191,27.106667,4.232,4.25,-87,1769493026,3,3
2026-01-26 21:50:49.007461,0x433e9c88,100,4.191,25.026667,2.0529165,,,1769493045,,3
2026-01-26 21:51:22.011999,0x433ad35c,97,4.158,22.498333,4.1948056,6.25,-54,1769493078,3,3
2026-01-26 21:51:48.921398,0x433e9c88,101,4.219,22.093334,2.0869167,,,1769493105,,3
2026-01-26 21:52:02.342418,0x433b0098,98,4.171,24.266666,4.559111,6.75,-60,1769493118,2,2
2026-01-26 21:52:48.966979,0x433e9c88,97,4.153,22.293333,2.118389,,,1769493165,,3
2026-01-26 21:53:49.017012,0x433e9c88,97,4.156,21.539999,2.1080832,,,1769493225,,3
2026-01-26 21:53:52.111070,0x433b0b38,98,4.162,20.405,4.4989166,6.0,-74,1769493228,5,5
2026-01-26 21:54:10.990776,0x433abf20,101,4.208,21.24,4.8271112,5.5,-77,1769493247,3,3
2026-01-26 21:54:49.230475,0x433e9c88,101,4.217,19.491667,2.1226945,,,1769493285,,3
2026-01-26 21:55:49.260380,0x433e9c88,101,4.219,18.931665,2.087111,,,1769493345,3,3
2026-01-26 21:56:31.901238,0x433acb14,97,4.156,24.519999,4.174778,4.5,-87,1769493387,3,3
2026-01-26 21:56:49.486174,0x433e9c88,100,4.2,26.463333,2.0893888,,,1769493405,,3
2026-01-26 21:57:22.330645,0x433ad35c,98,4.165,18.486668,4.1014724,6.0,-53,1769493438,3,3
2026-01-26 21:57:49.455053,0x433e9c88,98,4.166,23.485,2.1083055,,,1769493465,,3
2026-01-26 21:58:48.678712,0x433af380,87,4.033,22.735,3.1591945,6.25,-38,1769493524,3,3
2026-01-26 21:58:49.458742,0x433e9c88,101,4.229,21.966665,2.1564445,,,1769493525,,3
2026-01-26 21:59:02.709167,0x433b0098,98,4.17,24.086666,4.2395554,5.75,-60,1769493538,2,2
2026-01-26 21:59:49.574643,0x433e9c88,101,4.218,24.521667,2.1548333,,,1769493585,,3
2026-01-26 21:59:53.499287,0x433b0b38,96,4.137,24.521667,4.4873333,6.25,-54,1769493589,5,4
2026-01-26 22:00:11.624331,0x433abf20,101,4.212,17.82,4.6043334,5.75,-77,1769493607,3,3
2026-01-26 22:00:49.506067,0x433e9c88,99,4.177,23.253334,2.1771667,,,1769493645,,3
2026-01-26 22:01:49.540835,0x433e9c88,100,4.194,20.38,2.1664166,,,1769493705,,3
2026-01-26 22:02:30.423859,0x433acb14,100,4.192,23.683334,4.1378055,4.75,-86,1769493746,3,3
2026-01-26 22:02:49.592238,0x433e9c88,100,4.197,22.756666,2.1707222,,,1769493765,,3
2026-01-26 22:03:22.534049,0x433ad35c,96,4.143,22.498333,4.1904445,6.25,-54,1769493798,3,3
2026-01-26 22:03:49.639434,0x433e9c88,100,4.193,20.368334,2.1707222,,,1769493825,,3
2026-01-26 22:04:49.687656,0x433e9c88,100,4.198,16.673334,2.20425,,,1769493886,,3
2026-01-26 22:05:03.197705,0x433b0098,101,4.213,22.116667,4.004972,5.75,-60,1769493899,2,2
2026-01-26 22:05:49.863101,0x433e9c88,101,4.205,25.423332,2.1834998,,,1769493946,,3
2026-01-26 22:05:52.857136,0x433b0b38,98,4.169,18.845,4.3311386,5.25,-75,1769493948,5,5
2026-01-26 22:06:03.690693,0xbd50376c,101,4.204,24.22,2.3578055,5.5,-74,1769493959,3,3
2026-01-26 22:06:13.993950,0x433abf20,99,4.177,21.073334,4.536611,5.5,-76,1769493970,3,3
2026-01-26 22:06:49.899420,0x433e9c88,101,4.223,26.605001,2.198111,,,1769494006,,3
2026-01-26 22:07:49.995064,0x433e9c88,101,4.227,20.38,2.242389,,,1769494066,,3
2026-01-26 22:08:34.226829,0x433acb14,100,4.191,26.37,3.995361,-6.0,-87,1769494110,3,3
2026-01-26 22:08:49.602976,0x433af380,101,4.205,23.26,3.1732223,6.25,-38,1769494125,3,3
2026-01-26 22:08:49.908844,0x433e9c88,97,4.153,27.070002,2.2072499,,,1769494126,,3
2026-01-26 22:09:23.067128,0x433ad35c,95,4.131,22.088333,3.9947224,6.5,-53,1769494159,3,3
2026-01-26 22:09:49.956207,0x433e9c88,100,4.194,20.3,2.1678054,,,1769494186,,3
2026-01-26 22:10:50.044970,0x433e9c88,101,4.215,18.451668,2.2013333,,,1769494246,,3
2026-01-26 22:11:50.081602,0x433e9c88,101,4.207,18.461666,2.1434445,,,1769494306,,3
2026-01-26 22:11:53.100469,0x433b0b38,97,4.148,18.558334,4.181361,6.0,-73,1769494309,5,5
2026-01-26 22:12:05.708902,0x433b0098,95,4.127,20.475,3.929278,7.0,-59,1769494321,2,2
2026-01-26 22:12:16.060141,0x433abf20,99,4.176,24.715,4.560361,5.5,-76,1769494332,3,3
2026-01-26 22:12:50.229164,0x433e9c88,101,4.212,19.734999,2.0991666,,,1769494366,,3
2026-01-26 22:13:50.283028,0x433e9c88,101,4.224,15.99,2.1094723,,,1769494426,,3
2026-01-26 22:14:33.948410,0x433acb14,97,4.156,21.756666,3.9036665,5.25,-87,1769494469,3,3
2026-01-26 22:14:50.299499,0x433e9c88,99,4.183,24.603334,2.1069722,,,1769494486,,3
2026-01-26 22:15:23.361529,0x433ad35c,101,4.204,18.31,3.8461945,6.5,-53,1769494519,3,3
2026-01-26 22:15:50.324844,0x433e9c88,99,4.187,22.61,2.0921667,,,1769494546,,3
2026-01-26 22:16:50.288120,0x433e9c88,98,4.164,20.381666,2.0629444,,,1769494606,,3
2026-01-26 22:17:50.335698,0x433e9c88,101,4.212,22.06,2.0353334,,,1769494666,,3
2026-01-26 22:17:53.094103,0x433b0b38,98,4.171,20.925001,4.0401945,5.5,-74,1769494669,5,5
2026-01-26 22:18:05.729723,0x433b0098,99,4.179,20.625,3.6950278,6.0,-61,1769494681,2,2
2026-01-26 22:18:13.016153,0x433abf20,101,4.202,19.706667,4.438667,5.5,-76,1769494688,3,3
2026-01-26 22:18:49.557664,0x433af380,98,4.163,21.331667,3.3310554,6.25,-38,1769494725,3,3
2026-01-26 22:18:50.382686,0x433e9c88,70,3.89,22.503332,2.0353334,,,1769494726,,3
2026-01-26 22:19:50.544075,0x433e9c88,97,4.155,17.876667,2.0353334,,,1769494786,,3
2026-01-26 22:20:32.468336,0x433acb14,97,4.161,22.671667,4.0371943,4.75,-86,1769494828,3,3
2026-01-26 22:20:50.514240,0x433e9c88,101,4.214,18.733334,2.028722,,,1769494846,,3
2026-01-26 22:21:23.356964,0x433ad35c,97,4.158,19.868334,3.7598333,6.75,-53,1769494879,3,3
2026-01-26 22:21:50.578197,0x433e9c88,101,4.21,22.61,2.0123055,,,1769494906,,3
2026-01-26 22:22:50.600202,0x433e9c88,98,4.167,22.308332,2.0123055,,,1769494966,,3
2026-01-26 22:23:50.682345,0x433e9c88,98,4.162,21.73,2.0123055,,,1769495026,,3
2026-01-26 22:23:53.445461,0x433b0b38,99,4.189,21.471668,4.0005555,5.25,-74,1769495029,5,5
2026-01-26 22:24:06.096564,0x433b0098,98,4.175,20.008333,3.652139,7.0,-60,1769495042,2,2
2026-01-26 22:24:13.317412,0x433abf20,101,4.206,18.831667,4.48125,5.75,-76,1769495049,3,3
2026-01-26 22:24:50.719031,0x433e9c88,101,4.209,24.824999,2.0098054,,,1769495086,,3
2026-01-26 22:25:50.820607,0x433e9c88,99,4.184,19.218332,2.028722,,,1769495147,,3
2026-01-26 22:26:32.209149,0x433acb14,100,4.193,26.903334,3.9870002,5.25,-86,1769495188,3,3
2026-01-26 22:26:50.966005,0x433e9c88,100,4.19,21.086666,1.9890834,,,1769495207,,3
2026-01-26 22:27:23.666792,0x433ad35c,96,4.137,18.255,3.649611,7.25,-54,1769495239,3,3
2026-01-26 22:27:50.921243,0x433e9c88,101,4.204,20.34,2.0053055,,,1769495267,,3
2026-01-26 22:28:50.980955,0x433e9c88,100,4.197,19.658333,1.9498888,,,1769495327,,3
2026-01-26 22:28:51.553374,0x433af380,100,4.198,20.331667,3.2121944,6.5,-38,1769495327,3,3
2026-01-26 22:29:50.927158,0x433e9c88,100,4.196,24.576668,1.9645,,,1769495387,,3
2026-01-26 22:29:53.849832,0x433b0b38,98,4.168,23.795,4.070528,6.25,-74,1769495389,5,5
2026-01-26 22:30:05.137862,0x433b0098,95,4.13,20.498333,3.7610834,6.5,-60,1769495401,2,2
2026-01-26 22:30:13.530907,0x433abf20,99,4.184,21.333334,4.5655556,5.25,-77,1769495409,3,3
2026-01-26 22:30:50.975653,0x433e9c88,98,4.167,26.546665,1.9829723,,,1769495447,,3
2026-01-26 22:31:51.176521,0x433e9c88,96,4.137,21.585,1.9786667,,,1769495507,3,3
2026-01-26 22:32:32.586028,0x433acb14,100,4.192,26.33,4.004361,6.25,-86,1769495548,3,3
2026-01-26 22:32:51.205701,0x433e9c88,95,4.129,24.136667,1.9809445,,,1769495567,,3
2026-01-26 22:33:24.064147,0x433ad35c,98,4.162,18.991667,3.7321668,5.75,-54,1769495600,3,3
2026-01-26 22:33:51.366247,0x433e9c88,101,4.202,19.6,1.99125,,,1769495627,,3
2026-01-26 22:34:51.455390,0x433e9c88,101,4.214,16.644999,1.9689167,,,1769495687,,3
2026-01-26 22:35:51.416190,0x433e9c88,101,4.205,24.016666,1.9435555,,,1769495747,,3
2026-01-26 22:35:54.240069,0x433b0b38,95,4.122,24.016666,4.0874166,6.5,-73,1769495750,5,5
2026-01-26 22:36:04.858600,0x433b0098,96,4.144,20.86,3.7873335,7.5,-60,1769495760,2,2
2026-01-26 22:36:13.786438,0x433abf20,98,4.175,22.336666,4.5614724,5.5,-76,1769495769,3,3
2026-01-26 22:36:51.827112,0x433e9c88,100,4.191,20.556665,1.9305555,,,1769495807,,3
2026-01-26 22:37:51.716885,0x433e9c88,99,4.179,19.218332,1.8808056,,,1769495867,,3
2026-01-26 22:38:32.924671,0x433acb14,101,4.225,23.713333,4.0563054,6.0,-86,1769495908,3,3
2026-01-26 22:38:52.063207,0x433e9c88,99,4.186,22.278332,1.841361,,,1769495928,,3
2026-01-26 22:38:52.930235,0x433af380,98,4.168,24.006666,3.241278,6.25,-38,1769495928,3,3
2026-01-26 22:39:24.268992,0x433ad35c,97,4.154,22.911667,3.6676943,5.75,-53,1769495960,3,3
2026-01-26 22:39:52.327123,0x433e9c88,99,4.179,24.664999,1.8618889,,,1769495988,,3
2026-01-26 22:40:52.698793,0x433e9c88,98,4.168,24.088333,1.9008889,,,1769496048,,3
2026-01-26 22:41:52.682433,0x433e9c88,101,4.207,23.398335,1.9008889,,,1769496108,,3
2026-01-26 22:41:55.195647,0x433b0b38,98,4.164,22.263332,4.127139,6.25,-73,1769496111,5,5
2026-01-26 22:42:05.463031,0xbd50376c,101,4.204,23.975,2.5450556,5.25,-75,1769496121,3,3
2026-01-26 22:42:07.274156,0x433b0098,100,4.19,21.705,3.9019167,6.25,-60,1769496123,2,2
2026-01-26 22:42:17.189116,0x433abf20,99,4.189,22.2,4.5645556,5.5,-76,1769496133,3,3
2026-01-26 22:42:52.721665,0x433e9c88,78,3.972,24.821667,1.9107223,,,1769496168,,3
2026-01-26 22:43:52.963250,0x433e9c88,97,4.155,17.78,1.95725,,,1769496229,,3
2026-01-26 22:44:33.438371,0x433acb14,99,4.187,22.606667,4.056778,-5.5,-86,1769496269,3,3
2026-01-26 22:45:24.605378,0x433ad35c,98,4.163,21.143333,3.6398058,6.0,-54,1769496320,3,3
2026-01-26 22:45:53.112171,0x433e9c88,98,4.167,22.881668,1.9440556,,,1769496349,,3
2026-01-26 22:46:53.438717,0x433e9c88,96,4.139,17.493334,1.9456666,,,1769496409,,3
2026-01-26 22:47:53.483574,0x433e9c88,98,4.17,28.04,1.9684445,,,1769496469,,3
2026-01-26 22:47:54.795828,0x433b0b38,101,4.207,28.271666,4.016611,5.75,-73,1769496470,5,5
2026-01-26 22:48:05.902927,0x433b0098,99,4.187,24.824999,3.8368611,6.5,-60,1769496481,2,2
2026-01-26 22:48:14.740864,0x433abf20,99,4.178,24.525,4.4629445,6.25,-77,1769496490,3,3
2026-01-26 22:48:53.079009,0x433af380,97,4.148,21.466667,3.3014443,6.75,-38,1769496529,3,3
2026-01-26 22:48:53.401196,0x433e9c88,98,4.163,24.935,1.9561112,,,1769496529,,3
2026-01-26 22:49:53.481772,0x433e9c88,98,4.164,20.776667,1.9246111,,,1769496589,,3
2026-01-26 22:50:35.552848,0x433acb14,99,4.181,24.331667,4.0768332,6.0,-87,1769496631,3,3
2026-01-26 22:50:53.479867,0x433e9c88,97,4.148,26.78,1.91,,,1769496649,,3
2026-01-26 22:51:27.725994,0x433ad35c,99,4.177,21.553333,3.5847778,5.5,-53,1769496683,3,3
2026-01-26 22:51:53.511107,0x433e9c88,99,4.179,19.746668,1.9250833,,,1769496709,,3
2026-01-26 22:52:53.719745,0x433e9c88,96,4.147,19.163332,1.8999722,,,1769496769,,3
2026-01-26 22:53:54.065538,0x433e9c88,96,4.143,18.915,1.9038333,,,1769496830,,3
2026-01-26 22:53:56.886387,0x433b0b38,99,4.178,19.791668,4.2061114,6.0,-73,1769496832,5,5
2026-01-26 22:54:06.149761,0x433b0098,96,4.146,21.761665,3.9721112,6.0,-61,1769496842,2,2
2026-01-26 22:54:15.007287,0x433abf20,97,4.155,20.326666,4.3965554,6.25,-76,1769496850,3,3
2026-01-26 22:54:54.032031,0x433e9c88,98,4.163,20.558334,1.9476666,,,1769496890,,3
2026-01-26 22:55:54.336539,0x433e9c88,99,4.188,18.341667,1.9974166,,,1769496950,,3
2026-01-26 22:56:35.303749,0x433acb14,99,4.184,29.284998,4.092389,6.25,-86,1769496991,3,3
2026-01-26 22:56:54.299069,0x433e9c88,97,4.152,21.168333,2.015861,,,1769497010,,3
2026-01-26 22:57:26.582666,0x433ad35c,99,4.183,17.460001,3.637639,7.0,-53,1769497042,3,3
2026-01-26 22:57:54.236820,0x433e9c88,97,4.157,22.581667,1.9969444,,,1769497070,,3
2026-01-26 22:58:52.677137,0x433af380,99,4.187,19.67,3.1794999,6.5,-38,1769497128,3,3
2026-01-26 22:58:54.445565,0x433e9c88,97,4.154,22.308332,1.9780278,,,1769497130,,3
2026-01-26 22:59:54.671590,0x433e9c88,96,4.144,25.978333,1.9716111,,,1769497190,,3
2026-01-26 22:59:56.200426,0x433b0b38,99,4.187,25.228333,4.2008333,5.25,-73,1769497192,5,5
2026-01-26 23:00:06.405906,0x433b0098,97,4.153,24.285,3.9698887,7.5,-60,1769497202,2,2
2026-01-26 14:00:14.597593,0x433e9c88,101,4.216,15.82,2.3158612,,,1769464811,,3
2026-01-26 14:01:14.707224,0x433e9c88,101,4.207,23.019999,2.3008056,,,1769464871,,3
2026-01-26 14:01:43.931036,0x433abf20,98,4.172,21.653334,4.4824443,5.25,-77,1769464900,3,3
2026-01-26 14:02:04.309245,0x433acb14,101,4.25,18.561666,4.3538055,0.25,-98,1769464921,3,3
2026-01-26 14:02:14.673234,0x433e9c88,98,4.175,25.895,2.3505278,,,1769464931,,3
2026-01-26 14:02:51.019738,0x433ad35c,100,4.199,21.051666,3.7909725,7.25,-53,1769464967,3,3
2026-01-26 14:03:14.896164,0x433e9c88,98,4.172,19.053333,2.3610554,,,1769464991,,3
2026-01-26 14:03:28.554511,0x433b0098,101,4.201,20.806667,3.9494724,6.0,-61,1769465005,2,2
2026-01-26 14:04:14.900196,0x433e9c88,99,4.177,25.536665,2.32775,,,1769465051,,3
2026-01-26 14:05:14.467394,0x433b0b38,99,4.178,21.955,3.9479446,5.75,-73,1769465111,5,5
2026-01-26 14:05:14.997924,0x433e9c88,101,4.219,22.939999,2.3756666,,,1769465111,,3
2026-01-26 14:06:15.022747,0x433e9c88,101,4.226,17.026667,2.3815832,,,1769465172,3,3
2026-01-26 14:07:15.073895,0x433e9c88,101,4.202,21.105,2.4176111,,,1769465232,,3
2026-01-26 14:07:44.411092,0x433abf20,100,4.199,20.833332,4.456,5.5,-76,1769465261,3,3
2026-01-26 14:08:00.205029,0x433acb14,101,4.231,22.558332,4.4103613,1.5,-94,1769465276,3,3
2026-01-26 14:08:15.106596,0x433e9c88,101,4.229,25.838333,2.4153333,,,1769465292,,3
2026-01-26 14:08:52.594454,0x433ad35c,101,4.217,24.661667,3.7579443,7.5,-54,1769465329,3,3
2026-01-26 14:09:15.288333,0x433e9c88,78,3.972,22.773333,2.448639,,,1769465352,,3
2026-01-26 14:09:29.930558,0x433b0098,101,4.226,19.955,3.9071112,6.0,-62,1769465366,2,2
2026-01-26 14:09:42.997369,0x433af380,98,4.167,22.871668,3.34975,6.0,-39,1769465379,3,3
2026-01-26 14:10:15.373691,0x433e9c88,91,4.068,23.538334,2.500639,,,1769465412,,3
2026-01-26 14:11:15.236742,0x433b0b38,98,4.167,25.071665,3.9798334,5.75,-74,1769465472,5,5
2026-01-26 14:11:15.516686,0x433e9c88,99,4.179,21.158333,2.52525,,,1769465472,,3
2026-01-26 14:12:15.428461,0x433e9c88,99,4.188,17.271666,2.514722,,,1769465532,,3
2026-01-26 14:13:15.550675,0x433e9c88,97,4.152,24.035,2.489889,,,1769465592,,3
2026-01-26 14:13:44.443159,0x433abf20,100,4.196,24.365,4.491361,5.5,-75,1769465621,3,3
2026-01-26 14:14:02.719285,0x433acb14,100,4.192,19.381666,4.391278,2.5,-93,1769465639,3,3
2026-01-26 14:14:15.585405,0x433e9c88,99,4.176,28.656668,2.5085833,,,1769465652,,3
2026-01-26 14:14:56.540798,0x433ad35c,100,4.194,18.776667,3.662861,6.0,-53,1769465693,3,3
2026-01-26 14:15:15.555190,0x433e9c88,101,4.235,18.203333,2.490361,,,1769465712,,3
2026-01-26 14:15:30.005831,0x433b0098,100,4.194,19.654999,3.9527497,5.75,-62,1769465726,2,2
2026-01-26 14:15:43.109500,0xbd50376c,101,4.23,22.006666,2.412861,6.5,-74,1769465739,3,3
2026-01-26 14:16:15.797866,0x433e9c88,99,4.177,28.001667,2.4406388,,,1769465772,,3
2026-01-26 14:17:15.648507,0x433e9c88,101,4.213,20.475,2.4406388,,,1769465832,,3
2026-01-26 14:17:17.346762,0x433b0b38,101,4.208,24.226667,3.8792777,6.25,-73,1769465834,5,5
2026-01-26 14:18:16.133798,0x433e9c88,99,4.187,19.203333,2.4777777,,,1769465893,,3
2026-01-26 14:19:16.011735,0x433e9c88,99,4.186,23.595,2.46725,,,1769465953,,3
2026-01-26 14:19:32.255770,0x433af380,97,4.158,20.328335,3.2816942,5.75,-39,1769465969,3,3
2026-01-26 14:19:44.709871,0x433abf20,100,4.197,24.311666,4.5186944,5.5,-75,1769465981,3,3
2026-01-26 14:20:00.648190,0x433acb14,99,4.179,24.666668,4.394889,-1.5,-99,1769465997,3,3
2026-01-26 14:20:16.081897,0x433e9c88,101,4.229,29.015,2.5088055,,,1769466013,,3
2026-01-26 14:20:55.988530,0x433ad35c,97,4.15,18.091667,3.6984444,5.75,-54,1769466052,3,3
2026-01-26 14:21:16.267178,0x433e9c88,98,4.173,21.513334,2.4919167,,,1769466073,,3
2026-01-26 14:21:29.498130,0x433b0098,101,4.226,20.556665,3.818389,6.75,-62,1769466086,2,2
2026-01-26 14:22:16.641911,0x433e9c88,101,4.235,21.295,2.4878335,,,1769466133,,3
2026-01-26 14:23:16.491793,0x433e9c88,98,4.17,22.228333,2.5375834,,,1769466193,,3
2026-01-26 14:23:17.959640,0x433b0b38,97,4.156,21.351667,3.836139,5.75,-73,1769466194,5,5
2026-01-26 14:24:16.538865,0x433e9c88,101,4.201,18.94,2.435861,,,1769466253,,3
2026-01-26 14:25:16.834876,0x433e9c88,101,4.215,20.720001,2.3879445,,,1769466313,,3
2026-01-26 14:25:45.860909,0x433abf20,98,4.173,21.435,4.5029445,3.75,-76,1769466342,3,3
2026-01-26 14:26:02.559312,0x433acb14,99,4.181,25.158333,4.474278,1.75,-95,1769466359,3,3
2026-01-26 14:26:17.128823,0x433e9c88,99,4.18,24.279999,2.4189723,,,1769466373,,3
2026-01-26 14:26:55.268176,0x433ad35c,98,4.167,23.048334,3.734861,6.5,-54,1769466412,3,3
2026-01-26 14:27:17.206887,0x433e9c88,101,4.201,16.616667,2.435861,,,1769466434,,3
2026-01-26 14:27:30.776028,0x433b0098,100,4.197,23.925001,3.6602776,6.0,-61,1769466447,2,2
2026-01-26 14:28:17.417855,0x433e9c88,101,4.208,18.968334,2.386139,,,1769466494,,3
2026-01-26 14:29:16.442657,0x433b0b38,101,4.203,24.498333,3.9009445,5.75,-73,1769466553,5,5
2026-01-26 14:29:17.222402,0x433e9c88,99,4.187,28.933334,2.3619723,,,1769466554,,3
2026-01-26 14:29:32.630620,0x433af380,98,4.169,23.395,3.5496666,6.0,-40,1769466569,3,3
2026-01-26 14:30:17.232265,0x433e9c88,101,4.208,22.065,2.3674166,,,1769466614,,3
2026-01-26 14:31:17.251503,0x433e9c88,97,4.15,22.746668,2.2966943,,,1769466674,,3
2026-01-26 14:31:45.231106,0x433abf20,101,4.215,22.285,4.550667,5.5,-76,1769466701,3,3
2026-01-26 14:32:02.387290,0x433acb14,101,4.233,22.558332,4.340611,1.5,-96,1769466719,3,3
2026-01-26 14:32:17.250537,0x433e9c88,99,4.185,25.018333,2.2875278,,,1769466734,,3
2026-01-26 14:32:54.285752,0x433ad35c,100,4.193,21.376667,3.785667,4.75,-55,1769466771,3,3
2026-01-26 14:33:17.413654,0x433e9c88,101,4.206,18.501667,2.3062222,,,1769466794,,3
2026-01-26 14:33:32.786003,0x433b0098,100,4.197,16.699999,3.6105833,6.0,-62,1769466809,2,2
2026-01-26 14:34:17.522144,0x433e9c88,99,4.179,22.718332,2.291611,,,1769466854,,3
2026-01-26 14:35:17.536677,0x433e9c88,95,4.12,20.23,2.2952502,,,1769466914,,3
2026-01-26 14:35:19.178416,0x433b0b38,97,4.16,20.861668,3.829611,5.5,-74,1769466915,5,5
2026-01-26 14:36:17.474875,0x433e9c88,99,4.181,15.986666,2.343611,,,1769466974,,3
2026-01-26 14:37:17.649598,0x433e9c88,100,4.195,21.955,2.3103056,,,1769467034,,3
2026-01-26 14:37:46.080732,0x433abf20,101,4.204,19.74,4.4890275,5.75,-76,1769467062,3,3
2026-01-26 14:38:02.715286,0x433acb14,101,4.21,21.71,4.277833,0.25,-97,1769467079,3,3
2026-01-26 14:38:17.672515,0x433e9c88,99,4.188,26.800001,2.314389,,,1769467094,,3
2026-01-26 14:38:53.893466,0x433ad35c,100,4.193,25.935,3.8089442,5.75,-53,1769467130,3,3
2026-01-26 14:39:17.786550,0x433e9c88,101,4.216,24.773335,2.2560277,,,1769467154,,3
2026-01-26 14:39:30.111284,0x433b0098,101,4.208,23.446667,3.6201112,6.0,-61,1769467166,2,2
2026-01-26 14:40:17.667254,0x433e9c88,98,4.171,24.198334,2.2099166,,,1769467214,,3
2026-01-26 14:41:17.853022,0x433e9c88,101,4.217,21.568333,2.1704721,,,1769467274,,3
2026-01-26 14:41:19.782909,0x433b0b38,98,4.17,24.471668,3.956639,6.75,-73,1769467276,5,5
2026-01-26 14:42:17.912033,0x433e9c88,100,4.199,17.741667,2.1704721,,,1769467334,3,3
2026-01-26 14:42:37.945147,0x433af380,98,4.162,22.601667,3.5837777,5.75,-40,1769467354,3,3
2026-01-26 14:43:18.113909,0x433e9c88,98,4.171,20.201666,2.1540556,,,1769467394,,3
2026-01-26 14:43:46.070440,0x433abf20,99,4.184,19.683332,4.583861,5.75,-76,1769467422,3,3
2026-01-26 14:44:01.675598,0x433acb14,100,4.194,24.528334,4.399,-0.25,-98,1769467438,3,3
2026-01-26 14:44:17.986795,0x433e9c88,101,4.208,23.953333,2.1164167,,,1769467454,,3
2026-01-26 14:44:54.144015,0x433ad35c,97,4.16,23.596666,3.8390555,7.5,-53,1769467490,3,3
2026-01-26 14:45:18.226488,0x433e9c88,101,4.208,17.026667,2.1123333,,,1769467515,,3
2026-01-26 14:45:31.946537,0x433b0098,100,4.196,21.871666,3.656139,6.75,-62,1769467528,2,2
2026-01-26 14:46:18.082298,0x433e9c88,100,4.197,23.896667,2.1463332,,,1769467575,,3
2026-01-26 14:47:17.205481,0x433b0b38,96,4.144,20.86,3.9861388,6.25,-73,1769467633,5,5
2026-01-26 14:47:18.234843,0x433e9c88,100,4.197,22.966667,2.1573055,,,1769467635,,3
2026-01-26 14:48:18.209088,0x433e9c88,98,4.171,20.105,2.2029445,,,1769467695,,3
2026-01-26 14:49:18.312754,0x433e9c88,101,4.215,24.83,2.1988611,,,1769467755,,3
2026-01-26 14:49:46.176792,0x433abf20,97,4.157,21.875,4.5480275,5.75,-76,1769467782,3,3
2026-01-26 14:50:02.068863,0x433acb14,99,4.184,25.431665,4.399361,-0.5,-98,1769467798,3,3
2026-01-26 14:50:18.366127,0x433e9c88,101,4.227,25.705,2.1865277,,,1769467815,,3
2026-01-26 14:50:55.388195,0x433ad35c,99,4.185,25.126665,3.8114722,6.0,-55,1769467852,3,3
2026-01-26 14:51:18.443877,0x433e9c88,101,4.202,21.786667,2.2029445,,,1769467875,,3
2026-01-26 14:51:32.083027,0x433b0098,101,4.219,20.061666,3.8551667,6.5,-62,1769467888,2,2
2026-01-26 14:51:38.882795,0xbd50376c,101,4.212,24.275,2.412,5.5,-74,1769467895,3,3
2026-01-26 14:52:18.445359,0x433e9c88,101,4.216,23.593334,2.1952224,,,1769467935,,3
2026-01-26 14:53:17.782734,0x433b0b38,101,4.226,21.983334,4.070722,6.0,-73,1769467994,5,5
2026-01-26 14:53:18.562746,0x433e9c88,99,4.183,20.338333,2.2139168,,,1769467995,,3
2026-01-26 14:54:18.521720,0x433e9c88,99,4.18,24.061666,2.2285278,,,1769468055,,3
2026-01-26 14:54:36.885360,0x433af380,96,4.139,23.646666,3.3881388,5.75,-39,1769468073,3,3
2026-01-26 14:55:18.571149,0x433e9c88,71,3.904,23.105,2.2180834,,,1769468115,,3
2026-01-26 14:55:46.462581,0x433abf20,98,4.173,22.939999,4.7046943,5.5,-76,1769468143,3,3
2026-01-26 14:56:02.841559,0x433acb14,101,4.233,23.183334,4.2924166,0.75,-96,1769468159,3,3
2026-01-26 14:56:18.667702,0x433e9c88,96,4.146,30.271667,2.2349446,,,1769468175,,3
2026-01-26 14:56:55.378335,0x433ad35c,99,4.176,17.956667,3.9197776,7.5,-53,1769468212,3,3
2026-01-26 14:57:18.658098,0x433e9c88,99,4.178,18.148333,2.2285278,,,1769468235,,3
2026-01-26 14:57:31.901059,0x433b0098,101,4.215,15.273333,3.9009445,6.25,-61,1769468248,2,2
2026-01-26 14:58:18.848179,0x433e9c88,100,4.192,25.075,2.2372222,,,1769468295,,3
2026-01-26 14:59:18.838811,0x433b0b38,99,4.184,25.32,4.0731945,5.5,-73,1769468355,5,5
2026-01-26 14:59:19.119168,0x433e9c88,96,4.145,27.153334,2.2431388,,,1769468355,,3
2026-01-27 13:00:47.000495,0x433b0b38,97,4.152,21.863335,4.2471113,5.5,-73,1769547641,5,5
2026-01-27 13:00:53.303581,0x433e9c88,101,4.217,22.466667,2.3647778,,,1769547648,,3
2026-01-27 13:01:53.279620,0x433e9c88,100,4.198,22.178333,2.376139,,,1769547708,,3
2026-01-27 13:02:53.457444,0x433e9c88,99,4.184,17.663332,2.38825,,,1769547768,3,3
2026-01-27 13:03:29.761105,0x433acb14,101,4.215,21.699999,3.7748058,3.5,-93,1769547804,3,3
2026-01-27 13:03:53.484867,0x433e9c88,101,4.203,20.11,2.4393332,,,1769547828,,3
2026-01-27 13:04:15.179638,0x433abf20,99,4.177,20.890001,4.1389723,6.0,-75,1769547849,3,3
2026-01-27 13:04:17.796553,0x433ad35c,100,4.197,23.465,3.7228055,5.75,-54,1769547852,3,3
2026-01-27 13:04:53.586526,0x433e9c88,101,4.207,24.146667,2.4434443,,,1769547888,,3
2026-01-27 13:05:27.883937,0x433af380,99,4.187,22.638332,3.5305831,7.0,-38,1769547922,3,3
2026-01-27 13:05:53.724582,0x433e9c88,97,4.161,23.736666,2.4167223,,,1769547948,,3
2026-01-27 13:06:06.726459,0x433b0098,99,4.176,24.858334,3.993611,6.75,-61,1769547961,2,2
2026-01-27 13:06:45.596992,0x433b0b38,96,4.139,22.72,4.3279724,5.25,-72,1769548000,5,5
2026-01-27 13:06:53.627078,0x433e9c88,97,4.154,23.65,2.440889,,,1769548008,,3
2026-01-27 13:07:53.734317,0x433e9c88,99,4.182,20.561666,2.4431667,,,1769548068,,3
2026-01-27 13:08:53.769405,0x433e9c88,100,4.198,19.333332,2.4563334,,,1769548128,,3
2026-01-27 13:09:29.242024,0x433acb14,101,4.225,21.136667,3.708778,1.5,-96,1769548163,3,3
2026-01-27 13:09:53.794651,0x433e9c88,98,4.173,23.295,2.4545002,,,1769548188,,3
2026-01-27 13:10:16.637775,0x433ad35c,101,4.215,20.53,3.675111,6.0,-53,1769548211,3,3
2026-01-27 13:10:19.178287,0x433abf20,99,4.184,21.583334,4.035278,5.75,-76,1769548213,3,3
2026-01-27 13:10:53.842200,0x433e9c88,101,4.212,23.35,2.393139,,,1769548248,,3
2026-01-27 13:11:53.896378,0x433e9c88,101,4.21,19.908333,2.3865557,,,1769548308,,3
2026-01-27 13:12:06.508304,0x433b0098,101,4.224,22.878334,4.073111,6.0,-61,1769548321,2,2
2026-01-27 13:12:45.444095,0x433b0b38,97,4.15,20.236666,4.443222,6.0,-73,1769548360,5,5
2026-01-27 13:12:54.014167,0x433e9c88,101,4.22,20.838333,2.3612778,,,1769548368,,3
2026-01-27 13:13:54.135851,0x433e9c88,101,4.215,18.24,2.3300278,,,1769548428,,3
2026-01-27 13:14:08.871219,0xbd50376c,100,4.19,21.605,2.3251112,5.75,-73,1769548443,3,3
2026-01-27 13:14:54.029077,0x433e9c88,101,4.223,25.351667,2.3610554,,,1769548488,,3
2026-01-27 13:15:29.500814,0x433acb14,99,4.182,19.658333,3.637,3.75,-92,1769548524,3,3
2026-01-27 13:15:31.295624,0x433af380,101,4.209,18.576666,3.6043334,6.0,-39,1769548525,3,3
2026-01-27 13:15:54.229088,0x433e9c88,101,4.217,22.451666,2.3124444,,,1769548548,,3
2026-01-27 13:16:14.972495,0x433abf20,98,4.165,21.481667,3.9923887,6.25,-77,1769548569,3,3
2026-01-27 13:16:20.886304,0x433ad35c,101,4.211,20.95,3.5919168,6.25,-52,1769548575,3,3
2026-01-27 13:16:54.156393,0x433e9c88,97,4.152,29.893333,2.2820835,,,1769548609,,3
2026-01-27 13:17:54.168960,0x433e9c88,100,4.194,21.435,2.246972,,,1769548669,,3
2026-01-27 13:18:06.589019,0x433b0098,98,4.173,22.556667,4.0794997,7.5,-60,1769548681,2,2
2026-01-27 13:18:45.838989,0x433b0b38,97,4.156,21.015,4.393889,6.5,-71,1769548720,5,5
2026-01-27 13:18:54.385411,0x433e9c88,98,4.163,21.89,2.250361,,,1769548729,,3
2026-01-27 13:19:54.263697,0x433e9c88,98,4.171,18.448334,2.242389,,,1769548789,,3
2026-01-27 13:20:54.376772,0x433e9c88,97,4.16,19.683332,2.2152777,,,1769548849,,3
2026-01-27 13:21:30.141708,0x433acb14,101,4.228,20.166666,3.7033334,3.75,-91,1769548884,3,3
2026-01-27 13:21:54.354503,0x433e9c88,101,4.204,19.741667,2.2116113,,,1769548909,,3
2026-01-27 13:22:15.342747,0x433abf20,100,4.191,17.615,4.0226946,5.25,-77,1769548929,3,3
2026-01-27 13:22:18.820252,0x433ad35c,99,4.183,23.076668,3.6423612,5.25,-52,1769548933,3,3
2026-01-27 13:22:54.575853,0x433e9c88,98,4.175,23.228334,2.1493332,,,1769548969,,3
2026-01-27 13:23:54.533370,0x433e9c88,101,4.217,20.59,2.1101112,,,1769549029,,3
2026-01-27 13:24:06.852195,0x433b0098,98,4.163,20.59,4.0703335,6.0,-61,1769549041,2,2
2026-01-27 13:24:46.266940,0x433b0b38,96,4.142,22.125,4.4875,6.0,-73,1769549080,5,5
2026-01-27 13:24:54.541010,0x433e9c88,101,4.233,25.326666,2.0749722,,,1769549089,,3
2026-01-27 13:25:28.601984,0x433af380,98,4.164,22.096666,3.5861387,6.0,-39,1769549123,3,3
2026-01-27 13:25:54.600796,0x433e9c88,101,4.244,24.225,2.1029723,,,1769549149,,3
2026-01-27 13:26:54.672073,0x433e9c88,97,4.152,21.3,2.1246111,,,1769549209,,3
2026-01-27 13:27:31.259779,0x433acb14,99,4.18,20.191666,3.8867223,1.25,-97,1769549245,3,3
2026-01-27 13:27:54.665508,0x433e9c88,101,4.201,18.826666,2.1615279,,,1769549269,,3
2026-01-27 13:28:16.862764,0x433abf20,99,4.189,19.51,4.0849166,5.5,-76,1769549291,3,3
2026-01-27 13:28:22.542250,0x433ad35c,98,4.167,16.539999,3.6441944,6.5,-53,1769549297,3,3
2026-01-27 13:28:54.861888,0x433e9c88,99,4.187,24.21,2.16275,,,1769549329,,3
2026-01-27 13:29:54.809643,0x433e9c88,101,4.23,19.628334,2.1609166,,,1769549389,,3
2026-01-27 13:30:07.050441,0x433b0098,95,4.13,22.993334,3.9909165,6.0,-59,1769549401,2,2
2026-01-27 13:30:46.428485,0x433b0b38,101,4.204,22.96,4.4221945,6.0,-72,1769549440,5,5
2026-01-27 13:30:54.995577,0x433e9c88,98,4.168,20.975,2.1791668,,,1769549449,,3
2026-01-27 13:31:54.874413,0x433e9c88,99,4.177,23.106667,2.1454167,,,1769549509,,3
2026-01-27 13:32:54.899599,0x433e9c88,100,4.191,21.576668,2.0908334,,,1769549569,,3
2026-01-27 13:33:33.320648,0x433acb14,101,4.204,18.716665,3.8858333,4.25,-89,1769549607,3,3
2026-01-27 13:33:55.068578,0x433e9c88,82,4.002,19.115,2.0993056,,,1769549629,,3
2026-01-27 13:34:18.641099,0x433ad35c,96,4.145,20.713333,3.8253334,6.0,-54,1769549653,3,3
2026-01-27 13:34:23.558699,0x433abf20,101,4.211,15.703334,4.0905,5.75,-75,1769549658,3,3
2026-01-27 13:34:54.987883,0x433e9c88,101,4.21,25.240002,2.102028,,,1769549689,,3
2026-01-27 13:35:55.140121,0x433e9c88,98,4.175,20.029999,2.0628057,,,1769549749,,3
2026-01-27 13:36:07.530505,0x433b0098,99,4.189,22.273333,3.9805834,5.75,-62,1769549762,2,2
2026-01-27 13:36:31.132430,0x433af380,96,4.146,20.506666,3.600861,6.75,-38,1769549785,3,3
2026-01-27 13:36:46.940951,0x433b0b38,98,4.168,26.006666,4.354861,6.25,-72,1769549801,5,5
2026-01-27 13:36:55.229294,0x433e9c88,100,4.192,25.733334,2.0520556,,,1769549809,,3
2026-01-27 13:37:55.125217,0x433e9c88,101,4.207,19.115,2.0238333,,,1769549869,,3
2026-01-27 13:38:55.309077,0x433e9c88,99,4.18,18.346668,2.0088334,,,1769549930,3,3
2026-01-27 13:39:35.114782,0x433acb14,99,4.181,21.615,4.0420556,5.5,-83,1769549969,3,3
2026-01-27 13:39:55.458810,0x433e9c88,101,4.233,23.408335,2.0314167,,,1769549990,,3
2026-01-27 13:40:17.003590,0x433abf20,101,4.229,15.3566675,4.0179443,6.25,-76,1769550011,3,3
2026-01-27 13:40:22.246243,0x433ad35c,98,4.172,21.49,3.6728888,6.25,-52,1769550016,3,3
2026-01-27 13:40:55.498529,0x433e9c88,98,4.165,28.470001,2.0599446,,,1769550050,,3
2026-01-27 13:41:55.591455,0x433e9c88,96,4.143,20.805,2.1028612,,,1769550110,,3
2026-01-27 13:42:07.738362,0x433b0098,97,4.159,21.926666,4.055889,6.0,-61,1769550122,2,2
2026-01-27 13:42:48.262444,0x433b0b38,99,4.178,19.156666,4.159333,6.5,-71,1769550162,5,5
2026-01-27 13:42:55.550107,0x433e9c88,101,4.215,22.043333,2.089861,,,1769550170,,3
2026-01-27 13:43:55.561209,0x433e9c88,101,4.211,18.345,2.1229444,,,1769550230,,3
2026-01-27 13:44:55.596324,0x433e9c88,97,4.155,18.84,2.1594443,,,1769550290,,3
2026-01-27 13:45:35.452172,0x433acb14,101,4.223,17.538334,4.077722,2.5,-94,1769550329,3,3
2026-01-27 13:45:55.641045,0x433e9c88,97,4.155,20.891666,2.1473334,,,1769550350,,3
2026-01-27 13:46:17.338067,0x433abf20,99,4.177,23.861666,4.0406666,6.0,-77,1769550371,3,3
2026-01-27 13:46:19.605410,0x433ad35c,99,4.176,20.243334,3.6375556,6.0,-54,1769550374,3,3
2026-01-27 13:46:29.062430,0x433af380,101,4.223,22.213333,3.59175,6.25,-39,1769550383,3,3
2026-01-27 13:46:55.793313,0x433e9c88,99,4.185,26.201666,2.1144998,,,1769550410,,3
2026-01-27 13:47:55.821465,0x433e9c88,99,4.185,17.778334,2.0919166,,,1769550470,,3
2026-01-27 13:48:07.943788,0x433b0098,95,4.13,20.748333,3.9565,6.25,-63,1769550482,2,2
2026-01-27 13:48:47.625747,0x433b0b38,101,4.209,20.06,4.071778,5.75,-72,1769550522,5,5
2026-01-27 13:48:55.925051,0x433e9c88,94,4.115,24.028334,2.1530833,,,1769550530,,3
2026-01-27 13:49:55.958711,0x433e9c88,99,4.18,22.645,2.1699722,,,1769550590,,3
2026-01-27 13:50:55.971505,0x433e9c88,99,4.186,19.658333,2.1535554,,,1769550650,,3
2026-01-27 13:51:10.688305,0xbd50376c,101,4.218,20.78,2.5482779,7.5,-74,1769550665,3,3
2026-01-27 13:51:40.051109,0x433acb14,101,4.207,15.841667,4.165528,4.75,-89,1769550694,3,3
2026-01-27 13:51:55.965504,0x433e9c88,100,4.197,22.565,2.0999444,,,1769550710,,3
2026-01-27 13:52:17.511299,0x433abf20,101,4.206,23.931667,4.060833,6.25,-75,1769550732,3,3
2026-01-27 13:52:22.331594,0x433ad35c,98,4.166,24.19,3.815,6.0,-54,1769550736,3,3
2026-01-27 13:52:56.147399,0x433e9c88,101,4.216,20.068335,2.122111,,,1769550770,,3
2026-01-27 13:53:56.033795,0x433e9c88,100,4.197,18.511667,2.1178055,,,1769550830,,3
2026-01-27 13:54:08.279826,0x433b0098,94,4.117,21.481667,3.8978333,6.0,-61,1769550842,2,2
2026-01-27 13:54:47.958733,0x433b0b38,101,4.206,21.93,4.1123056,6.25,-74,1769550882,5,5
2026-01-27 13:54:56.094628,0x433e9c88,101,4.206,23.463333,2.0926945,,,1769550890,,3
2026-01-27 13:55:56.134277,0x433e9c88,100,4.19,18.91,2.0520556,,,1769550950,,3
2026-01-27 13:56:30.095911,0x433af380,97,4.151,24.476667,3.545611,5.5,-38,1769550984,3,3
2026-01-27 13:56:56.247111,0x433e9c88,101,4.202,24.33,2.02125,,,1769551011,,3
2026-01-27 13:57:37.752505,0x433acb14,101,4.223,19.126667,4.183167,3.0,-94,1769551052,3,3
2026-01-27 13:57:56.227313,0x433e9c88,98,4.162,18.693335,2.003,,,1769551071,,3
2026-01-27 13:58:18.362705,0x433abf20,99,4.182,22.59,4.084528,5.75,-75,1769551092,3,3
2026-01-27 13:58:21.832874,0x433ad35c,96,4.147,21.394999,3.7393332,6.25,-53,1769551096,3,3
2026-01-27 13:58:56.366935,0x433e9c88,101,4.224,25.350002,2.0292222,,,1769551131,,3
2026-01-27 13:59:56.781097,0x433e9c88,101,4.242,22.845,2.1040277,,,1769551191,,3
2026-01-26 07:59:48.914289,0x433e9c88,100,4.199,19.441668,1.2213888,,,1769443186,,3
2026-01-26 08:00:01.449968,0x433b0098,99,4.183,18.306667,4.5558333,6.0,-61,1769443198,2,2
2026-01-26 08:00:48.847520,0x433e9c88,99,4.184,24.031668,1.2213888,,,1769443246,,3
2026-01-26 08:01:34.755590,0x433acb14,101,4.225,18.915,4.7542777,5.0,-89,1769443292,3,3
2026-01-26 08:01:49.051744,0x433e9c88,98,4.164,21.435,1.2213888,,,1769443306,,3
2026-01-26 08:02:30.298190,0x433ad35c,98,4.167,26.905,4.9451113,7.25,-53,1769443347,3,3
2026-01-26 08:02:49.127323,0x433e9c88,99,4.176,25.726667,1.2268611,,,1769443366,,3
2026-01-26 08:03:49.168074,0x433e9c88,98,4.172,23.800001,1.21475,,,1769443426,3,3
2026-01-26 08:04:25.541183,0x433abf20,101,4.208,22.088333,5.3115277,6.0,-76,1769443462,3,3
2026-01-26 08:04:49.309087,0x433e9c88,100,4.193,20.226665,1.2257222,,,1769443486,,3
2026-01-26 08:04:53.129745,0x433b0b38,101,4.217,20.226665,4.823,6.0,-74,1769443490,5,5
2026-01-26 08:05:14.019700,0x433af380,99,4.186,24.008333,3.6403055,6.25,-38,1769443511,3,3
2026-01-26 08:05:49.433504,0x433e9c88,99,4.184,22.225,1.2131667,,,1769443546,,3
2026-01-26 08:06:01.706172,0x433b0098,98,4.175,23.251667,4.5189724,6.5,-61,1769443559,2,2
2026-01-26 08:06:49.387045,0x433e9c88,98,4.164,23.303333,1.198111,,,1769443606,,3
2026-01-26 08:07:35.934993,0x433acb14,100,4.197,21.431667,4.6589165,4.5,-89,1769443653,3,3
2026-01-26 08:07:49.412508,0x433e9c88,99,4.185,25.154999,1.1688889,,,1769443667,,3
2026-01-26 08:08:30.548275,0x433ad35c,97,4.152,24.031668,4.9125,6.5,-53,1769443707,3,3
2026-01-26 08:08:49.405768,0x433e9c88,99,4.188,21.023333,1.1456666,,,1769443727,,3
2026-01-26 08:09:49.611006,0x433e9c88,98,4.174,21.296667,1.14975,,,1769443787,,3
2026-01-26 08:10:25.606671,0x433abf20,101,4.203,18.066668,5.2099442,5.75,-75,1769443822,3,3
2026-01-26 08:10:49.521180,0x433e9c88,100,4.197,24.251667,1.14975,,,1769443847,,3
2026-01-26 08:10:53.938985,0x433b0b38,101,4.205,26.263332,4.806778,5.75,-74,1769443851,5,5
2026-01-26 08:11:49.576721,0x433e9c88,98,4.175,22.02,1.1411389,,,1769443907,,3
2026-01-26 08:12:02.085758,0x433b0098,98,4.167,18.656666,4.536306,6.25,-60,1769443919,2,2
2026-01-26 08:12:10.007481,0xbd50376c,99,4.184,19.491667,1.6789721,5.5,-75,1769443927,3,3
2026-01-26 08:12:49.636134,0x433e9c88,101,4.202,27.023333,1.1867499,,,1769443967,,3
2026-01-26 08:13:39.475312,0x433acb14,101,4.218,18.888334,4.775833,4.0,-91,1769444016,3,3
2026-01-26 08:14:31.348783,0x433ad35c,96,4.145,23.975,4.5615,6.25,-53,1769444068,3,3
2026-01-26 08:14:50.100558,0x433e9c88,101,4.202,18.778334,1.1976944,,,1769444087,,3
2026-01-26 08:15:15.442774,0x433af380,98,4.168,22.939999,3.6451113,6.25,-38,1769444112,3,3
2026-01-26 08:15:49.994357,0x433e9c88,100,4.197,21.146667,1.2123055,,,1769444147,,3
2026-01-26 08:16:24.440347,0x433abf20,98,4.165,16.545,5.196722,5.5,-76,1769444181,3,3
2026-01-26 08:16:50.226850,0x433e9c88,100,4.193,21.023333,1.2123055,,,1769444207,,3
2026-01-26 08:16:55.962451,0x433b0b38,100,4.193,22.255001,4.650111,5.75,-74,1769444213,5,5
2026-01-26 08:17:50.124153,0x433e9c88,98,4.173,16.34,1.2312223,,,1769444267,,3
2026-01-26 08:18:02.225835,0x433b0098,99,4.183,20.528334,4.39575,7.25,-60,1769444279,2,2
2026-01-26 08:18:50.336063,0x433e9c88,97,4.152,22.390001,1.2579445,,,1769444327,,3
2026-01-26 08:19:37.373051,0x433acb14,101,4.215,20.241667,4.632639,4.0,-90,1769444374,3,3
2026-01-26 08:19:50.258598,0x433e9c88,98,4.169,24.925,1.2725556,,,1769444387,,3
2026-01-26 08:20:31.041417,0x433ad35c,101,4.208,22.536667,4.5721664,6.0,-54,1769444428,3,3
2026-01-26 08:20:50.391937,0x433e9c88,98,4.166,19.293333,1.3060833,,,1769444447,,3
2026-01-26 08:21:50.454873,0x433e9c88,100,4.198,21.185,1.2876111,,,1769444507,,3
2026-01-26 08:22:25.035791,0x433abf20,98,4.173,21.515,5.05025,5.5,-76,1769444542,3,3
2026-01-26 08:22:50.354806,0x433e9c88,78,3.97,23.073334,1.3168056,,,1769444567,,3
2026-01-26 08:22:56.109973,0x433b0b38,98,4.175,26.03,4.6522503,5.5,-75,1769444573,5,4
2026-01-26 08:23:50.584101,0x433e9c88,73,3.927,18.118334,1.3271111,,,1769444628,,3
2026-01-26 08:24:02.675738,0x433b0098,101,4.203,22.623333,4.2693334,6.25,-60,1769444640,2,2
2026-01-26 08:24:50.455064,0x433e9c88,96,4.136,21.321667,1.3647223,,,1769444688,,3
2026-01-26 08:25:14.547026,0x433af380,101,4.228,20.873333,3.5674446,6.0,-38,1769444711,3,3
2026-01-26 08:25:37.669581,0x433acb14,99,4.178,19.983334,4.5434446,3.5,-91,1769444734,3,3
2026-01-26 08:25:50.534739,0x433e9c88,100,4.192,20.448334,1.3750278,,,1769444748,,3
2026-01-26 08:26:31.810119,0x433ad35c,100,4.196,18.664999,4.459639,6.0,-53,1769444789,3,3
2026-01-26 08:26:50.729037,0x433e9c88,98,4.167,18.34,1.3896389,,,1769444808,,3
2026-01-26 08:27:50.611033,0x433e9c88,101,4.214,23.65,1.3939445,,,1769444868,,3
2026-01-26 08:28:24.962677,0x433abf20,99,4.184,20.816668,4.9113054,5.25,-76,1769444902,3,3
2026-01-26 08:28:55.395133,0x433b0b38,100,4.193,21.31,4.621667,6.5,-74,1769444932,5,5
2026-01-26 08:29:51.116954,0x433e9c88,100,4.195,21.061666,1.4639167,,,1769444988,,3
2026-01-26 08:30:03.278033,0x433b0098,95,4.125,15.493334,4.0677223,6.25,-61,1769445000,2,2
2026-01-26 08:30:51.049614,0x433e9c88,99,4.185,23.128334,1.4935833,,,1769445048,,3
2026-01-26 08:31:36.760656,0x433acb14,101,4.211,19.793333,4.428528,4.0,-91,1769445094,3,3
2026-01-26 08:31:51.124583,0x433e9c88,99,4.188,20.86,1.5394722,,,1769445108,,3
2026-01-26 08:32:35.535858,0x433ad35c,100,4.192,22.031666,4.2219443,6.25,-53,1769445152,3,3
2026-01-26 08:32:51.284590,0x433e9c88,99,4.185,24.225,1.5205556,,,1769445168,,3
2026-01-26 08:33:51.329210,0x433e9c88,98,4.169,19.378332,1.5057222,,,1769445228,,3
2026-01-26 08:34:25.316094,0x433abf20,99,4.189,19.736668,4.8699446,5.5,-76,1769445262,3,3
2026-01-26 08:34:51.763837,0x433e9c88,101,4.202,21.736666,1.4906666,,,1769445289,,3
2026-01-26 08:34:56.324210,0x433b0b38,98,4.17,23.49,4.5016947,5.5,-74,1769445293,5,5
2026-01-26 08:35:51.613302,0x433e9c88,101,4.216,23.156666,1.5447223,,,1769445349,,3
2026-01-26 08:36:02.994695,0x433b0098,99,4.18,18.039999,4.011167,6.0,-61,1769445360,2,2
2026-01-26 08:36:15.724460,0x433af380,100,4.195,21.805,3.3974721,6.25,-38,1769445373,3,3
2026-01-26 08:36:51.921417,0x433e9c88,101,4.217,27.096668,1.5823332,,,1769445409,,3
2026-01-26 08:37:37.758380,0x433acb14,99,4.183,24.881666,4.419,3.0,-91,1769445455,3,3
2026-01-26 08:37:52.185102,0x433e9c88,97,4.153,22.73,1.5805278,,,1769445469,,3
2026-01-26 08:38:34.653542,0x433ad35c,97,4.155,22.225,4.121139,6.0,-54,1769445511,3,3
2026-01-26 08:38:52.100472,0x433e9c88,98,4.167,22.008333,1.6368611,,,1769445529,,3
2026-01-26 08:39:52.594309,0x433e9c88,101,4.233,19.323332,1.6947778,,,1769445590,3,3
2026-01-26 08:40:25.476510,0x433abf20,101,4.204,22.843332,4.6981945,5.25,-76,1769445622,3,3
2026-01-26 08:40:52.760679,0x433e9c88,97,4.158,22.130001,1.7803334,,,1769445650,,3
2026-01-26 08:40:56.080103,0x433b0b38,100,4.195,27.493334,4.334861,5.75,-74,1769445653,5,5
2026-01-26 08:41:53.104931,0x433e9c88,98,4.173,18.89,1.8026667,,,1769445710,,3
2026-01-26 08:42:03.789184,0x433b0098,99,4.179,21.52,4.079222,6.0,-61,1769445721,2,2
2026-01-26 08:42:52.952096,0x433e9c88,100,4.19,25.176664,1.8195556,,,1769445770,,3
2026-01-26 08:43:39.372025,0x433acb14,101,4.218,16.233334,4.1667776,4.0,-91,1769445816,3,3
2026-01-26 08:43:53.004973,0x433e9c88,97,4.156,20.215,1.8195556,,,1769445830,,3
2026-01-26 08:44:39.419106,0x433ad35c,96,4.147,18.118334,4.03425,6.25,-54,1769445876,3,3
2026-01-26 08:44:53.067089,0x433e9c88,101,4.212,18.201668,1.7757223,,,1769445890,,3
2026-01-26 08:45:53.249948,0x433e9c88,76,3.957,20.283335,1.83825,,,1769445950,,3
2026-01-26 08:46:13.731489,0x433af380,101,4.201,20.533333,3.3785555,5.75,-39,1769445971,3,3
2026-01-26 08:46:26.121977,0x433abf20,101,4.214,20.915,4.661222,5.25,-76,1769445983,3,3
2026-01-26 08:46:53.197980,0x433e9c88,98,4.168,25.279999,1.8234167,,,1769446010,,3
2026-01-26 08:46:56.314216,0x433b0b38,98,4.173,24.661667,4.3680277,6.75,-74,1769446013,5,5
2026-01-26 08:47:53.219827,0x433e9c88,101,4.214,23.998333,1.831611,,,1769446070,,3
2026-01-26 08:48:03.676239,0x433b0098,101,4.222,20.276667,3.8788054,6.0,-60,1769446080,2,2
2026-01-26 08:48:09.463858,0xbd50376c,101,4.231,22.246666,2.54875,6.25,-74,1769446086,3,3
2026-01-26 08:48:53.330416,0x433e9c88,100,4.2,25.456667,1.8859167,,,1769446130,,3
2026-01-26 08:49:41.063126,0x433acb14,98,4.175,19.681667,4.108028,3.75,-91,1769446178,3,3
2026-01-26 08:49:53.373654,0x433e9c88,101,4.204,22.103333,1.8859167,,,1769446190,,3
2026-01-26 08:50:34.942737,0x433ad35c,99,4.185,23.976667,3.9539444,6.25,-54,1769446232,3,3
2026-01-26 08:50:53.412189,0x433e9c88,73,3.924,17.848333,1.9046111,,,1769446250,,3
2026-01-26 08:52:26.091705,0x433abf20,97,4.158,18.861666,4.4404445,6.0,-77,1769446343,3,3
2026-01-26 08:52:53.919398,0x433e9c88,97,4.151,22.075,1.9354444,,,1769446371,,3
2026-01-26 08:52:55.841290,0x433b0b38,100,4.19,23.828333,4.2741942,6.0,-75,1769446373,5,5
2026-01-26 08:53:54.157135,0x433e9c88,101,4.205,16.426666,1.9541389,,,1769446431,,3
2026-01-26 08:54:03.759896,0x433b0098,98,4.175,21.435,3.643889,5.25,-62,1769446441,2,2
2026-01-26 08:54:53.840060,0x433e9c88,99,4.189,18.475,1.95575,,,1769446491,,3
2026-01-26 08:55:41.335426,0x433acb14,101,4.239,20.913332,4.171222,3.5,-92,1769446538,3,3
2026-01-26 08:55:54.304728,0x433e9c88,101,4.22,26.016668,1.9851946,,,1769446551,,3
2026-01-26 08:56:35.008126,0x433ad35c,98,4.162,24.605,3.8214166,7.25,-54,1769446592,3,3
2026-01-26 08:56:54.536671,0x433e9c88,101,4.207,21.06,2.0016112,,,1769446611,,3
2026-01-26 08:57:16.030809,0x433af380,99,4.18,21.6,3.4499998,6.0,-39,1769446633,3,3
2026-01-26 08:57:54.255434,0x433e9c88,101,4.221,22.775,2.033111,,,1769446671,,3
2026-01-26 08:58:26.717720,0x433abf20,99,4.18,21.98,4.267722,5.5,-76,1769446704,3,3
2026-01-26 08:58:54.650798,0x433e9c88,98,4.17,23.156666,2.1010833,,,1769446732,,3
2026-01-26 08:58:58.086595,0x433b0b38,99,4.178,21.431667,4.180278,6.0,-73,1769446735,5,5
2026-01-25 22:59:51.566915,0x433abf20,101,4.203,21.02,4.9579167,5.5,-76,1769410789,3,3
2026-01-25 23:00:14.414911,0x433e9c88,100,4.19,22.525002,2.10075,,,1769410812,,3
2026-01-25 23:00:25.995212,0x433b0098,101,4.223,23.401667,4.3953056,5.5,-60,1769410824,2,2
2026-01-25 23:01:02.058314,0x433acb14,98,4.162,25.341665,4.4251666,3.5,-91,1769410860,3,3
2026-01-25 23:01:14.333715,0x433e9c88,101,4.229,19.156666,2.0795555,,,1769410872,,3
2026-01-25 23:01:59.166255,0x433ad35c,99,4.181,24.001667,4.4649444,6.25,-53,1769410917,3,3
2026-01-25 23:02:14.463586,0x433e9c88,100,4.194,19.416666,2.0975556,,,1769410932,,3
2026-01-25 23:03:14.592027,0x433e9c88,98,4.172,20.6,2.091639,,,1769410992,3,3
2026-01-25 23:04:14.688407,0x433e9c88,98,4.174,24.881666,2.0747776,,,1769411053,,3
2026-01-25 23:04:21.047647,0x433b0b38,100,4.198,23.76,4.4356947,6.75,-74,1769411059,5,5
2026-01-25 23:05:15.249023,0x433e9c88,97,4.151,25.576666,2.1078334,,,1769411113,,3
2026-01-25 23:05:48.668042,0x433af380,100,4.194,24.053333,3.6244445,6.25,-38,1769411146,3,3
2026-01-25 23:05:52.029663,0x433abf20,100,4.198,24.401667,4.9076667,6.25,-76,1769411150,3,3
2026-01-25 23:06:15.178152,0x433e9c88,99,4.181,23.405,2.097528,,,1769411173,,3
2026-01-25 23:07:12.744951,0x433acb14,99,4.186,18.526667,4.5423613,5.5,-75,1769411230,3,2
2026-01-25 23:07:15.300640,0x433e9c88,96,4.137,23.415,2.1305833,,,1769411233,,3
2026-01-25 23:07:29.145783,0xbd50376c,101,4.201,24.96,2.021139,5.75,-76,1769411247,3,3
2026-01-25 23:08:00.294452,0x433ad35c,97,4.148,27.726667,4.334472,6.5,-53,1769411278,3,3
2026-01-25 23:08:15.372175,0x433e9c88,98,4.167,20.966667,2.1305833,,,1769411293,,3
2026-01-25 23:08:26.082820,0x433b0098,99,4.182,23.401667,4.332722,6.0,-60,1769411304,2,2
2026-01-25 23:09:15.276531,0x433e9c88,101,4.215,19.945,2.1305833,,,1769411353,,3
2026-01-25 23:10:15.267079,0x433e9c88,100,4.19,22.485,2.080639,,,1769411413,,3
2026-01-25 23:10:21.245920,0x433b0b38,97,4.159,25.973331,4.4881115,6.75,-74,1769411419,5,5
2026-01-25 23:11:15.448771,0x433e9c88,99,4.177,19.476667,2.0366945,,,1769411473,,3
2026-01-25 23:11:52.580253,0x433abf20,101,4.213,21.488333,5.096389,5.5,-76,1769411510,3,3
2026-01-25 23:12:15.531544,0x433e9c88,101,4.212,19.04,2.0177777,,,1769411533,,3
2026-01-25 23:13:04.695326,0x433acb14,101,4.232,19.173332,4.4424443,3.5,-91,1769411582,3,3
2026-01-25 23:13:15.490118,0x433e9c88,101,4.232,25.166666,2.0366945,,,1769411593,,3
2026-01-25 23:13:59.415300,0x433ad35c,97,4.154,24.058332,4.521361,6.25,-53,1769411637,3,3
2026-01-25 23:14:15.522874,0x433e9c88,100,4.197,24.905,2.05425,,,1769411653,,3
2026-01-25 23:14:28.146740,0x433b0098,99,4.177,21.99,4.3145,5.75,-61,1769411666,2,2
2026-01-25 23:15:15.655103,0x433e9c88,100,4.194,24.278334,2.0499444,,,1769411714,,3
2026-01-25 23:16:15.529104,0x433e9c88,98,4.175,23.225,2.0495,,,1769411774,,3
2026-01-25 23:16:20.302201,0x433b0b38,97,4.149,20.078333,4.4387774,5.5,-74,1769411778,5,5
2026-01-25 23:17:15.620699,0x433e9c88,97,4.161,22.906668,2.0684166,,,1769411834,,3
2026-01-25 23:17:48.579612,0x433af380,90,4.061,18.465,3.822111,6.25,-39,1769411866,3,3
2026-01-25 23:17:52.316010,0x433abf20,97,4.157,19.953333,5.195833,6.0,-76,1769411870,3,3
2026-01-25 23:18:15.944992,0x433e9c88,101,4.207,21.748333,2.0873334,,,1769411894,,3
2026-01-25 23:19:03.803377,0x433acb14,101,4.209,20.335,4.413333,3.25,-91,1769411942,3,3
2026-01-25 23:19:15.805387,0x433e9c88,99,4.186,23.773333,2.0688612,,,1769411954,,3
2026-01-25 23:19:59.185990,0x433ad35c,101,4.209,26.99,4.624722,6.25,-54,1769411997,3,3
2026-01-25 23:20:15.837040,0x433e9c88,100,4.19,21.031668,2.0936944,,,1769412014,,3
2026-01-25 23:20:28.524264,0x433b0098,96,4.142,22.333332,4.4403334,6.25,-60,1769412026,2,2
2026-01-25 23:21:16.055213,0x433e9c88,101,4.235,21.761665,2.1126113,,,1769412074,,3
2026-01-25 23:22:15.969270,0x433e9c88,101,4.213,24.921665,2.1169167,,,1769412134,,3
2026-01-25 23:22:20.362875,0x433b0b38,100,4.198,23.786667,4.6274166,6.0,-74,1769412138,5,5
2026-01-25 23:23:16.085482,0x433e9c88,98,4.169,26.015,2.1169167,,,1769412194,,3
2026-01-25 23:23:52.548839,0x433abf20,101,4.201,22.651667,5.2298613,5.75,-77,1769412230,3,3
2026-01-25 23:24:16.052719,0x433e9c88,98,4.168,24.443333,2.1212223,,,1769412254,,3
2026-01-25 23:25:06.337291,0x433acb14,99,4.182,26.935,4.5548334,3.5,-91,1769412304,3,3
2026-01-25 23:25:16.062482,0x433e9c88,100,4.197,26.026667,2.1193888,,,1769412314,,3
2026-01-25 23:25:59.568662,0x433ad35c,101,4.207,25.7,4.668028,6.5,-53,1769412357,3,3
2026-01-25 23:26:16.302226,0x433e9c88,101,4.226,23.183334,2.1693335,,,1769412374,,3
2026-01-25 23:26:27.781968,0x433b0098,96,4.141,24.908335,4.4529166,6.25,-61,1769412386,2,2
2026-01-25 23:27:16.500680,0x433e9c88,99,4.184,19.695,2.1520278,,,1769412434,,3
2026-01-25 23:27:50.588413,0x433af380,96,4.142,23.191666,3.6708057,6.5,-38,1769412468,3,3
2026-01-25 23:28:16.331169,0x433e9c88,98,4.172,21.146667,2.1666389,,,1769412494,,3
2026-01-25 23:28:20.773889,0x433b0b38,99,4.176,24.855,4.7983055,6.25,-73,1769412499,5,5
2026-01-25 23:29:16.307805,0x433e9c88,98,4.169,20.31,2.164361,,,1769412554,,3
2026-01-25 23:29:52.792367,0x433abf20,98,4.172,19.791668,5.171861,6.25,-76,1769412591,3,3
2026-01-25 23:30:16.287367,0x433e9c88,100,4.193,26.031668,2.1789722,,,1769412614,,3
2026-01-25 23:31:06.113880,0x433acb14,100,4.191,20.225,4.571,3.25,-91,1769412664,3,3
2026-01-25 23:31:16.525348,0x433e9c88,99,4.182,25.785,2.1541388,,,1769412674,,3
2026-01-25 23:31:59.707552,0x433ad35c,97,4.16,24.88,4.861889,6.0,-53,1769412717,3,3
2026-01-25 23:32:16.547203,0x433e9c88,98,4.175,24.88,2.137028,,,1769412734,,3
2026-01-25 23:33:16.584276,0x433e9c88,98,4.17,18.915,2.1559446,,,1769412794,,3
2026-01-25 23:33:29.369113,0x433b0098,95,4.125,20.926666,4.4590836,6.0,-60,1769412807,2,2
2026-01-25 23:34:16.570643,0x433e9c88,97,4.156,23.153334,2.1737223,,,1769412855,,3
2026-01-25 23:34:20.943816,0x433b0b38,98,4.172,20.883333,4.9000278,5.0,-75,1769412859,5,5
2026-01-25 23:35:16.549889,0x433e9c88,101,4.217,22.906668,2.1678054,,,1769412915,,3
2026-01-25 23:35:53.245644,0x433abf20,101,4.216,23.24,5.1091666,5.5,-76,1769412951,3,3
2026-01-25 23:36:16.769418,0x433e9c88,97,4.149,17.998333,2.18175,,,1769412975,,3
2026-01-25 23:37:05.494113,0x433acb14,101,4.204,22.881668,4.5214725,4.0,-92,1769413023,3,3
2026-01-25 23:37:16.673186,0x433e9c88,100,4.199,22.813334,2.1860554,,,1769413035,,3
2026-01-25 23:38:00.487227,0x433ad35c,99,4.188,27.958334,4.8643885,6.25,-53,1769413078,3,3
2026-01-25 23:38:16.714984,0x433e9c88,97,4.161,20.213333,2.1860554,,,1769413095,,3
2026-01-25 23:38:49.094344,0x433af380,98,4.168,22.465,3.567472,5.75,-38,1769413127,3,3
2026-01-25 23:39:16.917163,0x433e9c88,97,4.156,21.789999,2.1671388,,,1769413155,3,3
2026-01-25 23:39:29.886340,0x433b0098,98,4.174,22.036667,4.518361,5.75,-61,1769413168,2,2
2026-01-25 23:40:17.055185,0x433e9c88,101,4.204,25.933334,2.2364724,,,1769413215,,3
2026-01-25 23:40:21.421349,0x433b0b38,98,4.162,24.741667,4.8496113,5.75,-74,1769413219,5,5
2026-01-25 23:41:17.042850,0x433e9c88,98,4.166,22.006666,2.2175555,,,1769413275,,3
2026-01-25 23:41:53.298502,0x433abf20,97,4.156,22.310001,5.057722,5.75,-76,1769413311,3,3
2026-01-25 23:42:17.116388,0x433e9c88,95,4.128,20.638332,2.17925,,,1769413335,,3
2026-01-25 23:43:05.662796,0x433acb14,101,4.217,22.496666,4.6906943,3.75,-91,1769413383,3,3
2026-01-25 23:43:17.063186,0x433e9c88,99,4.185,21.960001,2.2127776,,,1769413395,,3
2026-01-25 23:44:00.350230,0x433ad35c,101,4.202,27.25,4.843861,6.5,-53,1769413438,3,3
2026-01-25 23:44:17.147003,0x433e9c88,99,4.183,21.43,2.2353332,,,1769413455,,3
2026-01-25 23:44:32.633889,0xbd50376c,101,4.229,23.331665,1.9729167,5.25,-75,1769413470,3,3
2026-01-25 23:45:17.202051,0x433e9c88,98,4.166,18.791666,2.2333055,,,1769413515,,3
2026-01-25 23:45:28.940205,0x433b0098,99,4.189,23.431665,4.4399443,6.5,-60,1769413527,2,2
2026-01-25 23:46:17.320184,0x433e9c88,99,4.178,18.336668,2.1929722,,,1769413575,,3
2026-01-25 23:46:22.354461,0x433b0b38,97,4.15,19.105,4.7496943,6.5,-74,1769413580,5,5
2026-01-25 23:47:17.571564,0x433e9c88,100,4.196,16.928333,2.188639,,,1769413635,,3
2026-01-25 23:48:17.648122,0x433e9c88,98,4.164,18.75,2.1654167,,,1769413695,,3
2026-01-25 23:48:49.109113,0x433af380,94,4.111,19.261667,3.5132778,6.25,-38,1769413727,3,3
2026-01-25 23:48:53.597714,0x433abf20,98,4.167,21.789999,5.0799723,5.75,-76,1769413731,3,3
2026-01-25 23:49:07.286593,0x433acb14,101,4.206,22.225,4.6370277,4.0,-91,1769413745,3,3
2026-01-25 23:49:17.742342,0x433e9c88,100,4.195,27.123333,2.144,,,1769413756,,3
2026-01-25 23:50:00.596598,0x433ad35c,99,4.185,25.878334,4.841056,5.75,-53,1769413798,3,3
2026-01-25 23:50:18.023407,0x433e9c88,101,4.226,23.458334,2.144,,,1769413816,,3
2026-01-25 23:51:18.398293,0x433e9c88,99,4.182,18.886665,2.129389,,,1769413876,,3
2026-01-25 23:51:29.246753,0x433b0098,98,4.169,19.791668,4.403972,6.5,-61,1769413887,2,2
2026-01-25 23:52:18.629271,0x433e9c88,101,4.231,18.418333,2.113889,,,1769413936,,3
2026-01-25 23:52:24.884038,0x433b0b38,101,4.21,21.733334,4.9501944,6.5,-73,1769413943,5,5
2026-01-25 23:53:18.644306,0x433e9c88,100,4.192,19.363333,2.0785556,,,1769413996,,3
2026-01-25 23:54:18.596820,0x433e9c88,98,4.166,14.328334,2.0094445,,,1769414057,,3
2026-01-25 23:54:54.507057,0x433abf20,101,4.209,23.541666,5.0079446,5.5,-77,1769414092,3,3
2026-01-25 23:55:08.106030,0x433acb14,101,4.203,25.43,4.647333,3.75,-91,1769414106,3,3
2026-01-25 23:55:18.681173,0x433e9c88,101,4.209,19.788334,1.9777222,,,1769414117,,3
2026-01-25 23:56:00.905582,0x433ad35c,99,4.178,27.136665,4.878028,6.0,-53,1769414159,3,3
2026-01-25 23:56:19.148135,0x433e9c88,100,4.197,16.585,1.9485,,,1769414177,,3
2026-01-25 23:57:19.139057,0x433e9c88,101,4.212,9.226666,1.9674168,,,1769414237,,3
2026-01-25 23:57:31.629789,0x433b0098,98,4.173,16.396667,4.4966946,6.0,-60,1769414249,2,2
2026-01-25 23:58:18.956571,0x433e9c88,101,4.203,28.218332,1.9715,,,1769414297,,3
2026-01-25 23:58:24.628449,0x433b0b38,99,4.187,27.728334,5.0377226,5.25,-75,1769414302,5,5
2026-01-25 23:59:19.070999,0x433e9c88,98,4.164,24.031668,2.0093334,,,1769414357,,3
2026-01-27 06:01:24.939268,0x433e9c88,97,4.157,13.951667,1.4778055,,,1769522480,,3
2026-01-27 06:01:36.331636,0x433b0098,98,4.173,19.173332,4.236528,6.75,-60,1769522491,2,2
2026-01-27 06:01:48.137237,0x433abf20,99,4.181,23.881666,5.507111,5.25,-76,1769522503,3,3
2026-01-27 06:02:24.871883,0x433e9c88,101,4.208,20.61,1.4967222,,,1769522540,,3
2026-01-27 06:03:03.752823,0x433acb14,99,4.185,26.589998,4.3911667,4.25,-85,1769522579,3,3
2026-01-27 06:03:25.002285,0x433e9c88,98,4.169,19.241667,1.4778055,,,1769522600,,3
2026-01-27 06:03:51.278107,0x433ad35c,98,4.163,25.233334,4.484361,6.0,-55,1769522626,3,3
2026-01-27 06:04:12.188964,0x433af380,99,4.186,21.145,4.0730834,6.25,-38,1769522647,3,3
2026-01-27 06:04:24.907376,0x433e9c88,99,4.189,21.186666,1.4483888,,,1769522660,,3
2026-01-27 06:05:25.017379,0x433e9c88,101,4.209,24.523333,1.3943334,,,1769522720,,3
2026-01-27 06:06:23.686240,0x433b0b38,99,4.184,18.011667,5.062528,5.5,-71,1769522778,5,5
2026-01-27 06:06:24.996306,0x433e9c88,100,4.191,22.251667,1.41325,,,1769522780,,3
2026-01-27 06:07:25.118595,0x433e9c88,101,4.205,19.478333,1.4148612,,,1769522840,,3
2026-01-27 06:07:43.734470,0x433b0098,99,4.189,22.161667,4.3111944,6.0,-61,1769522859,2,2
2026-01-27 06:08:25.217951,0x433e9c88,100,4.195,26.353333,1.4463333,,,1769522900,,3
2026-01-27 06:08:48.467212,0x433abf20,97,4.16,20.225,5.6450276,5.5,-76,1769522923,3,3
2026-01-27 06:09:04.569694,0x433acb14,101,4.215,22.195,4.466472,5.25,-85,1769522939,3,3
2026-01-27 06:09:25.243154,0x433e9c88,51,3.73,26.001667,1.4798611,,,1769522960,,3
2026-01-27 06:09:51.879647,0x433ad35c,98,4.174,25.238333,4.473361,5.75,-54,1769522987,3,3
2026-01-27 06:10:25.272251,0x433e9c88,98,4.173,19.15,1.4944721,,,1769523020,,3
2026-01-27 06:11:25.382909,0x433e9c88,99,4.177,18.298334,1.45475,,,1769523080,,3
2026-01-27 06:12:25.297625,0x433e9c88,100,4.198,18.573334,1.4043334,,,1769523140,,3
2026-01-27 06:12:25.831210,0x433b0b38,100,4.193,20.668333,4.9246945,6.0,-72,1769523141,5,5
2026-01-27 06:13:25.329688,0x433e9c88,101,4.206,18.913334,1.4563333,,,1769523200,,3
2026-01-27 06:13:37.317418,0x433b0098,98,4.168,14.013333,4.3889165,5.5,-60,1769523212,2,2
2026-01-27 06:14:14.057423,0x433af380,98,4.163,22.193333,4.115528,6.25,-38,1769523249,3,3
2026-01-27 06:14:25.385252,0x433e9c88,97,4.156,22.991667,1.4271111,,,1769523260,,3
2026-01-27 06:15:04.428179,0x433acb14,99,4.184,28.92,4.4977503,5.0,-85,1769523299,3,3
2026-01-27 06:15:25.574897,0x433e9c88,97,4.148,26.493336,1.4460278,,,1769523320,,3
2026-01-27 06:15:48.596842,0x433abf20,99,4.187,24.493334,5.659806,5.5,-75,1769523343,3,3
2026-01-27 06:15:51.468994,0x433ad35c,99,4.183,24.63,4.520639,5.75,-55,1769523346,3,3
2026-01-27 06:16:25.467609,0x433e9c88,95,4.125,21.951666,1.4606389,,,1769523381,,3
2026-01-27 06:17:25.513507,0x433e9c88,101,4.212,24.016666,1.4941666,,,1769523441,,3
2026-01-27 06:18:24.152112,0x433b0b38,99,4.184,22.36,4.974111,6.75,-72,1769523499,5,5
2026-01-27 06:18:25.896905,0x433e9c88,97,4.16,21.346668,1.4850278,,,1769523501,,3
2026-01-27 06:19:26.119547,0x433e9c88,100,4.192,16.931667,1.4661111,,,1769523561,,3
2026-01-27 06:19:37.991070,0x433b0098,97,4.157,18.970001,4.262472,6.5,-60,1769523573,2,2
2026-01-27 06:20:26.131827,0x433e9c88,98,4.171,21.678333,1.4661111,,,1769523621,,3
2026-01-27 06:21:05.330564,0x433acb14,100,4.19,23.196667,4.498639,4.25,-85,1769523660,3,3
2026-01-27 06:21:26.168644,0x433e9c88,100,4.192,19.363333,1.4850278,,,1769523681,,3
2026-01-27 06:21:48.653669,0x433abf20,98,4.166,23.44,5.509611,5.75,-75,1769523703,3,3
2026-01-27 06:21:51.744981,0x433ad35c,98,4.17,23.289999,4.357389,6.25,-55,1769523707,3,3
2026-01-27 06:22:26.211940,0x433e9c88,97,4.16,20.501667,1.5228611,,,1769523741,,3
2026-01-27 06:23:26.309997,0x433e9c88,99,4.189,25.426668,1.5028056,,,1769523801,,3
2026-01-27 06:24:12.120790,0x433af380,96,4.138,19.583334,4.0119166,6.0,-38,1769523847,3,3
2026-01-27 06:24:26.175694,0x433b0b38,100,4.191,20.066666,4.8668885,5.75,-72,1769523861,5,5
2026-01-27 06:24:26.466673,0x433e9c88,99,4.177,22.831667,1.5383888,,,1769523861,3,3
2026-01-27 06:25:26.449271,0x433e9c88,101,4.205,25.595001,1.613,,,1769523922,,3
2026-01-27 06:25:38.595867,0x433b0098,100,4.195,19.038334,4.103139,7.0,-60,1769523933,2,2
2026-01-27 06:26:26.556198,0x433e9c88,95,4.133,22.306667,1.6659167,,,1769523982,,3
2026-01-27 06:27:04.720317,0x433acb14,98,4.175,24.47,4.4834166,5.0,-85,1769524019,3,3
2026-01-27 06:27:26.665466,0x433e9c88,99,4.184,23.798332,1.6348889,,,1769524042,,3
2026-01-27 06:27:49.091269,0x433abf20,98,4.171,23.62,5.279722,5.75,-75,1769524064,3,3
2026-01-27 06:27:52.376815,0x433ad35c,99,4.185,26.466667,4.285389,6.25,-55,1769524067,3,3
2026-01-27 06:28:26.628940,0x433e9c88,98,4.163,19.82,1.6184723,,,1769524102,,3
2026-01-27 06:29:26.740485,0x433e9c88,97,4.157,16.258333,1.5730278,,,1769524162,,3
2026-01-27 06:30:26.314323,0x433b0b38,95,4.127,22.881668,4.793028,6.0,-71,1769524221,5,5
2026-01-27 06:30:26.844424,0x433e9c88,99,4.178,24.743334,1.5671111,,,1769524222,,3
2026-01-27 06:31:26.887759,0x433e9c88,94,4.111,19.955,1.5876389,,,1769524282,,3
2026-01-27 06:31:40.269699,0x433b0098,99,4.184,18.393333,3.9433055,6.0,-59,1769524295,2,2
2026-01-27 06:32:27.144354,0x433e9c88,99,4.186,24.908335,1.5860279,,,1769524342,,3
2026-01-27 06:33:05.195150,0x433acb14,98,4.162,27.466667,4.6180553,5.5,-85,1769524380,3,3
2026-01-27 06:33:27.102219,0x433e9c88,96,4.146,25.958332,1.5860279,,,1769524402,,3
2026-01-27 06:33:50.427478,0x433abf20,100,4.199,23.126667,5.197611,6.0,-75,1769524425,3,3
2026-01-27 06:33:52.968140,0x433ad35c,100,4.2,24.988335,4.269639,5.75,-56,1769524428,3,3
2026-01-27 06:34:27.215724,0x433e9c88,99,4.183,17.763332,1.5504444,,,1769524462,,3
2026-01-27 06:35:27.474384,0x433e9c88,98,4.175,18.351667,1.5693611,,,1769524522,,3
2026-01-27 06:36:12.469875,0x433af380,98,4.167,18.601665,4.127389,6.5,-39,1769524567,3,3
2026-01-27 06:36:25.729308,0x433b0b38,98,4.171,14.945001,4.7079444,5.5,-72,1769524580,5,5
2026-01-27 06:36:27.284578,0x433e9c88,97,4.161,16.914999,1.5281111,,,1769524582,,3
2026-01-27 06:36:50.781232,0xbd50376c,101,4.205,24.018333,2.1504445,7.0,-74,1769524606,3,3
2026-01-27 06:37:27.318862,0x433e9c88,99,4.182,18.055,1.5655277,,,1769524642,,3
2026-01-27 06:38:27.398707,0x433e9c88,100,4.191,24.836666,1.5990555,,,1769524702,,3
2026-01-27 06:38:43.219759,0x433b0098,96,4.147,22.005001,4.0200276,7.25,-60,1769524718,2,2
2026-01-27 06:39:05.417172,0x433acb14,98,4.175,24.335,4.5337777,5.25,-86,1769524740,3,3
2026-01-27 06:39:27.472098,0x433e9c88,98,4.169,25.125,1.5990555,,,1769524762,,3
2026-01-27 06:39:52.620207,0x433ad35c,97,4.152,25.728333,4.34575,5.5,-55,1769524787,3,3
2026-01-27 06:39:54.617344,0x433abf20,99,4.179,22.278332,5.3118887,5.5,-76,1769524789,3,3
2026-01-27 06:40:27.377719,0x433e9c88,99,4.186,24.551668,1.5869445,,,1769524822,,3
2026-01-27 06:41:27.422385,0x433e9c88,98,4.163,19.405,1.5808333,,,1769524882,,3
2026-01-27 06:42:27.138759,0x433b0b38,101,4.201,18.555,4.56425,6.0,-71,1769524942,5,5
2026-01-27 06:42:27.441083,0x433e9c88,100,4.19,18.539999,1.5929444,,,1769524942,,3
2026-01-27 06:43:27.488594,0x433e9c88,101,4.226,18.83,1.5925,,,1769525003,,3
2026-01-27 06:44:27.622925,0x433e9c88,101,4.215,15.903333,1.5925,,,1769525063,,3
2026-01-27 06:44:42.360889,0x433b0098,98,4.169,18.555,4.01075,6.25,-59,1769525077,2,2
2026-01-27 06:45:06.092527,0x433acb14,101,4.211,26.289999,4.5996666,5.25,-85,1769525101,3,3
2026-01-27 06:45:27.678970,0x433e9c88,97,4.159,20.28,1.5384444,,,1769525123,,3
2026-01-27 06:45:50.005438,0x433abf20,101,4.202,19.363333,5.4076667,6.25,-75,1769525145,3,3
2026-01-27 06:45:54.119122,0x433ad35c,100,4.195,25.946669,4.3544164,5.75,-54,1769525149,3,3
2026-01-27 06:46:27.630510,0x433e9c88,99,4.178,25.098333,1.5676666,,,1769525183,,3
2026-01-27 06:47:14.153673,0x433af380,101,4.214,20.871666,4.0785832,6.25,-39,1769525229,3,3
2026-01-27 06:47:27.841832,0x433e9c88,97,4.155,22.443333,1.5822778,,,1769525243,,3
2026-01-27 06:48:26.546795,0x433b0b38,99,4.18,21.801666,4.5169444,5.75,-72,1769525301,5,5
2026-01-27 06:48:28.127347,0x433e9c88,98,4.166,22.758333,1.5610833,,,1769525303,,3
2026-01-27 06:49:28.008924,0x433e9c88,100,4.194,21.185,1.5843056,,,1769525363,,3
2026-01-27 06:50:28.030596,0x433e9c88,97,4.161,20.02,1.5343611,,,1769525423,,3
2026-01-27 06:50:42.361694,0x433b0098,98,4.162,21.705,3.842028,7.25,-59,1769525437,2,2
2026-01-27 06:51:05.803265,0x433acb14,98,4.163,24.963333,4.4116945,5.5,-85,1769525461,3,3
2026-01-27 06:51:28.273130,0x433e9c88,97,4.157,20.898333,1.5140834,,,1769525483,,3
2026-01-27 06:51:50.234192,0x433abf20,98,4.168,20.551666,5.265111,5.5,-75,1769525505,3,3
2026-01-27 06:51:55.362476,0x433ad35c,101,4.203,21.903334,4.205278,6.0,-55,1769525510,3,3
2026-01-27 06:52:28.184824,0x433e9c88,101,4.215,19.225,1.4801111,,,1769525543,,3
2026-01-27 06:53:28.592585,0x433e9c88,99,4.184,19.734999,1.5368612,,,1769525603,,3
2026-01-27 06:54:26.649091,0x433b0b38,101,4.209,17.393333,4.4706664,6.0,-72,1769525661,5,5
2026-01-27 06:54:28.442353,0x433e9c88,98,4.169,15.231666,1.5076388,,,1769525663,,3
2026-01-27 06:55:28.897215,0x433e9c88,97,4.151,28.48,1.5135555,,,1769525724,,3
2026-01-27 06:56:29.111095,0x433e9c88,100,4.193,20.31,1.5135555,,,1769525784,,3
2026-01-27 06:56:43.047316,0x433b0098,100,4.192,17.706667,3.7589166,7.25,-60,1769525798,2,2
2026-01-27 06:57:06.094311,0x433acb14,101,4.209,26.301666,4.2486115,4.75,-85,1769525821,3,3
2026-01-27 06:57:29.362512,0x433e9c88,100,4.194,26.001667,1.4989444,,,1769525844,,3
2026-01-27 06:57:51.404920,0x433abf20,100,4.191,24.958334,5.179222,6.0,-75,1769525866,3,3
2026-01-27 06:57:54.185698,0x433ad35c,96,4.138,27.255,4.0113053,6.25,-55,1769525869,3,3
2026-01-27 06:58:29.554558,0x433e9c88,101,4.202,26.378334,1.5014445,,,1769525904,,3
2026-01-27 06:59:13.423106,0x433af380,97,4.158,21.938334,4.2196946,6.0,-38,1769525948,3,3
2026-01-27 06:59:29.590504,0x433e9c88,101,4.225,19.65,1.4717778,,,1769525964,,3
2026-01-27 07:00:26.934694,0x433b0b38,97,4.156,22.691668,4.4189167,6.25,-71,1769526022,5,5
2026-01-27 01:01:04.497469,0x433e9c88,101,4.202,16.806667,1.6660833,,,1769504460,,3
2026-01-27 01:01:18.335240,0x433b0098,99,4.181,14.863333,3.9320555,6.75,-59,1769504474,2,2
2026-01-27 01:02:04.721419,0x433e9c88,99,4.187,30.724998,1.63075,,,1769504520,,3
2026-01-27 01:02:40.660515,0x433acb14,101,4.213,22.523333,4.5565557,5.75,-87,1769504556,3,3
2026-01-27 01:03:04.753746,0x433e9c88,96,4.143,21.661667,1.6143333,,,1769504580,,3
2026-01-27 01:03:31.583021,0x433ad35c,96,4.142,24.278334,4.3412223,6.0,-53,1769504607,3,3
2026-01-27 01:04:04.680240,0x433e9c88,97,4.153,24.278334,1.6022222,,,1769504640,,3
2026-01-27 01:04:23.850930,0x433abf20,101,4.208,22.211666,5.194195,5.5,-76,1769504659,3,3
2026-01-27 01:05:03.402775,0x433af380,97,4.159,17.4,4.089889,6.5,-38,1769504699,3,3
2026-01-27 01:05:04.685920,0x433e9c88,100,4.191,20.145,1.6022222,,,1769504700,,3
2026-01-27 01:06:04.451854,0x433b0b38,99,4.176,18.651667,4.7875,5.5,-73,1769504760,5,5
2026-01-27 01:06:04.769362,0x433e9c88,101,4.215,22.783333,1.5876111,,,1769504760,,3
2026-01-27 01:07:04.808556,0x433e9c88,99,4.186,21.241667,1.5894167,,,1769504820,,3
2026-01-27 01:07:16.701476,0x433b0098,97,4.153,19.516666,4.0631113,6.5,-60,1769504832,2,2
2026-01-27 01:08:05.344407,0x433e9c88,101,4.212,19.2,1.5894167,,,1769504881,,3
2026-01-27 01:08:26.952784,0xbd50376c,101,4.219,17.621666,1.6869445,6.0,-74,1769504902,3,3
2026-01-27 01:08:41.181131,0x433acb14,98,4.164,31.735,4.6900835,6.0,-86,1769504916,3,3
2026-01-27 01:09:05.221539,0x433e9c88,100,4.196,29.221666,1.6040279,,,1769504941,,3
2026-01-27 01:09:31.264368,0x433ad35c,96,4.147,24.455,4.421639,5.75,-54,1769504966,3,3
2026-01-27 01:10:05.390170,0x433e9c88,101,4.214,14.721666,1.5932778,,,1769505001,,3
2026-01-27 01:10:26.411924,0x433abf20,100,4.2,16.18,5.0692225,5.0,-76,1769505022,3,3
2026-01-27 01:11:05.332693,0x433e9c88,100,4.19,20.266666,1.5932778,,,1769505061,,3
2026-01-27 01:12:04.598719,0x433b0b38,98,4.172,24.006666,4.934111,5.75,-72,1769505120,5,5
2026-01-27 01:12:05.378324,0x433e9c88,101,4.21,28.396666,1.6078889,,,1769505121,,3
2026-01-27 01:13:05.385192,0x433e9c88,101,4.238,20.695,1.5791389,,,1769505181,,3
2026-01-27 01:13:19.091674,0x433b0098,97,4.148,21.571667,4.213722,5.75,-60,1769505194,2,2
2026-01-27 01:14:05.481990,0x433e9c88,100,4.196,27.166668,1.5305555,,,1769505241,,3
2026-01-27 01:14:41.345143,0x433acb14,99,4.189,23.74,4.6517224,5.5,-86,1769505277,3,3
2026-01-27 01:15:01.404784,0x433af380,100,4.198,18.738335,3.9138887,6.25,-38,1769505297,3,3
2026-01-27 01:15:05.476514,0x433e9c88,101,4.21,22.291666,1.5791389,,,1769505301,,3
2026-01-27 01:15:33.118725,0x433ad35c,99,4.176,22.201666,4.4940834,6.0,-53,1769505328,3,3
2026-01-27 01:16:05.576708,0x433e9c88,99,4.179,19.131666,1.5645279,,,1769505361,,3
2026-01-27 01:17:05.571409,0x433e9c88,98,4.173,21.771666,1.5791389,,,1769505421,,3
2026-01-27 01:18:04.443410,0x433b0b38,100,4.196,21.24,4.89075,5.5,-73,1769505480,5,5
2026-01-27 01:18:05.723789,0x433e9c88,98,4.162,18.201668,1.5645279,,,1769505481,,3
2026-01-27 01:19:05.666776,0x433e9c88,98,4.164,21.488333,1.5624722,,,1769505541,,3
2026-01-27 01:19:19.613090,0x433b0098,97,4.149,15.7683325,4.133222,6.0,-61,1769505555,2,2
2026-01-27 01:20:05.714171,0x433e9c88,101,4.202,25.166666,1.5084167,,,1769505601,,3
2026-01-27 01:20:41.321386,0x433acb14,99,4.186,20.18,4.5553336,6.0,-86,1769505637,3,3
2026-01-27 01:21:05.931883,0x433e9c88,101,4.209,18.745,1.4956111,,,1769505661,,3
2026-01-27 01:21:32.663404,0x433ad35c,96,4.147,21.611668,4.639111,7.25,-54,1769505688,3,3
2026-01-27 01:22:05.979145,0x433e9c88,100,4.196,26.878334,1.4641111,,,1769505721,,3
2026-01-27 01:22:27.496074,0x433abf20,99,4.183,23.485,5.026917,6.0,-77,1769505743,3,3
2026-01-27 01:23:05.911575,0x433e9c88,99,4.179,23.773333,1.3970556,,,1769505781,,3
2026-01-27 01:24:05.486960,0x433b0b38,96,4.145,19.938334,4.7283335,5.5,-72,1769505841,5,5
2026-01-27 01:24:06.018427,0x433e9c88,100,4.195,22.935,1.3970556,,,1769505841,,3
2026-01-27 01:25:00.362766,0x433af380,97,4.161,17.4,3.8749444,6.0,-38,1769505896,3,3
2026-01-27 01:25:06.090496,0x433e9c88,99,4.189,20.970001,1.3536944,,,1769505901,,3
2026-01-27 01:25:20.897887,0x433b0098,98,4.169,17.823334,4.3079724,6.0,-60,1769505916,2,2
2026-01-27 01:26:06.365423,0x433e9c88,101,4.227,21.278334,1.3000833,,,1769505962,,3
2026-01-27 01:26:41.376595,0x433acb14,101,4.207,25.151667,4.6945,5.5,-86,1769505997,3,3
2026-01-27 01:27:06.277885,0x433e9c88,97,4.155,21.39,1.2811667,,,1769506022,,3
2026-01-27 01:27:33.776596,0x433ad35c,96,4.141,24.925,4.720028,7.75,-53,1769506049,3,3
2026-01-27 01:28:06.262239,0x433e9c88,97,4.158,27.509998,1.2829722,,,1769506082,,3
2026-01-27 01:28:26.976838,0x433abf20,96,4.135,19.803333,5.1626387,5.75,-76,1769506102,3,3
2026-01-27 01:29:06.669026,0x433e9c88,101,4.211,24.976665,1.2829722,,,1769506142,,3
2026-01-27 01:30:05.311310,0x433b0b38,97,4.155,17.835001,4.787444,5.75,-72,1769506201,5,5
2026-01-27 01:30:06.590932,0x433e9c88,101,4.207,20.831667,1.3224167,,,1769506202,,3
2026-01-27 01:31:06.637327,0x433e9c88,101,4.203,19.82,1.2931945,,,1769506262,,3
2026-01-27 01:31:22.929774,0x433b0098,98,4.169,21.488333,4.32225,6.25,-61,1769506278,2,2
2026-01-27 01:32:06.775385,0x433e9c88,101,4.228,24.895,1.2783611,,,1769506322,3,3
2026-01-27 01:32:42.037904,0x433acb14,99,4.18,25.134998,4.579722,5.5,-87,1769506357,3,3
2026-01-27 01:33:06.878550,0x433e9c88,101,4.217,19.636667,1.3330833,,,1769506382,,3
2026-01-27 01:33:33.167252,0x433ad35c,97,4.159,23.403334,4.8759723,7.25,-53,1769506408,3,3
2026-01-27 01:34:07.001063,0x433e9c88,99,4.184,25.21,1.3330833,,,1769506442,,3
2026-01-27 01:34:26.360746,0x433abf20,98,4.171,20.063334,5.324639,6.0,-77,1769506462,3,3
2026-01-27 01:35:00.512864,0x433af380,99,4.177,17.603333,3.7391112,6.25,-38,1769506496,3,3
2026-01-27 01:35:07.016952,0x433e9c88,96,4.147,21.776667,1.3396666,,,1769506502,,3
2026-01-27 01:36:05.771915,0x433b0b38,98,4.163,17.936666,4.8134446,5.75,-73,1769506561,5,5
2026-01-27 01:36:07.036212,0x433e9c88,99,4.176,14.381666,1.3002223,,,1769506562,,3
2026-01-27 01:37:07.408108,0x433e9c88,99,4.188,19.476667,1.3164445,,,1769506623,,3
2026-01-27 01:37:20.589883,0x433b0098,101,4.216,16.875,4.3475,5.5,-61,1769506636,2,2
2026-01-27 01:38:07.784643,0x433e9c88,96,4.147,24.003332,1.2959167,,,1769506683,,3
2026-01-27 01:38:41.981660,0x433acb14,99,4.182,23.851667,4.622083,6.0,-87,1769506717,3,3
2026-01-27 01:39:07.751413,0x433e9c88,101,4.223,25.986666,1.3002223,,,1769506743,,3
2026-01-27 01:39:34.832851,0x433ad35c,101,4.203,21.503334,4.821,6.0,-54,1769506770,3,3
2026-01-27 01:40:07.681032,0x433e9c88,100,4.193,22.075,1.3063612,,,1769506803,,3
2026-01-27 01:41:07.863228,0x433e9c88,97,4.161,19.533333,1.3252778,,,1769506863,,3
2026-01-27 01:42:08.025921,0x433e9c88,100,4.198,22.308332,1.3437222,,,1769506923,,3
2026-01-27 01:42:08.740135,0x433b0b38,96,4.145,18.71,4.749111,5.5,-72,1769506924,5,5
2026-01-27 01:43:08.230599,0x433e9c88,98,4.165,17.751667,1.3583333,,,1769506983,,3
2026-01-27 01:43:20.795151,0x433b0098,98,4.173,16.644999,4.370861,6.0,-60,1769506996,2,2
2026-01-27 01:44:08.006059,0x433e9c88,98,4.17,21.585,1.3145,,,1769507043,,3
2026-01-27 01:44:42.257719,0x433acb14,99,4.189,26.343334,4.6430554,4.75,-85,1769507077,3,3
2026-01-27 01:45:07.969768,0x433e9c88,101,4.206,19.326666,1.2939723,,,1769507103,,3
2026-01-27 01:45:23.473371,0xbd50376c,101,4.206,20.885,1.8069999,6.5,-74,1769507119,3,3
2026-01-27 01:45:37.174494,0x433ad35c,101,4.206,23.501667,4.711833,5.5,-54,1769507132,3,3
2026-01-27 01:46:00.628988,0x433af380,99,4.187,24.33,3.776639,6.0,-39,1769507156,3,3
2026-01-27 01:46:08.477589,0x433e9c88,99,4.184,22.475,1.2880555,,,1769507164,,3
2026-01-27 01:46:28.353930,0x433abf20,101,4.206,19.378332,5.538889,5.75,-76,1769507184,3,3
2026-01-27 01:47:08.457448,0x433e9c88,101,4.211,18.883333,1.2750555,,,1769507224,,3
2026-01-27 01:48:06.241456,0x433b0b38,99,4.183,18.471666,4.708444,5.5,-72,1769507281,5,5
2026-01-27 01:48:08.529917,0x433e9c88,100,4.19,13.490001,1.2707499,,,1769507284,,3
2026-01-27 01:49:08.700468,0x433e9c88,96,4.137,23.378334,1.3101945,,,1769507344,,3
2026-01-27 01:49:21.693968,0x433b0098,97,4.157,20.611666,4.3078613,5.5,-60,1769507357,2,2
2026-01-27 01:50:08.605095,0x433e9c88,98,4.165,22.278332,1.3058889,,,1769507404,,3
2026-01-27 01:50:42.815732,0x433acb14,101,4.209,24.331667,4.6608057,6.0,-86,1769507438,3,3
2026-01-27 01:51:08.688075,0x433e9c88,101,4.213,22.306667,1.3428333,,,1769507464,,3
2026-01-27 01:51:35.727374,0x433ad35c,97,4.155,24.073334,4.74375,5.5,-53,1769507491,3,3
2026-01-27 01:52:08.777975,0x433e9c88,100,4.19,21.593334,1.3387222,,,1769507524,,3
2026-01-27 01:52:28.607557,0x433abf20,99,4.186,20.773333,5.6626945,5.0,-76,1769507544,3,3
2026-01-27 01:53:08.783032,0x433e9c88,96,4.134,24.248333,1.3414167,,,1769507584,,3
2026-01-27 01:54:06.296483,0x433b0b38,100,4.198,17.435,4.6586947,5.5,-72,1769507641,5,5
2026-01-27 01:54:08.901671,0x433e9c88,99,4.184,20.54,1.3208889,,,1769507644,,3
2026-01-27 01:55:08.947152,0x433e9c88,96,4.141,17.738333,1.3126667,,,1769507704,,3
2026-01-27 01:55:22.067061,0x433b0098,99,4.183,15.823333,4.386139,6.25,-61,1769507717,2,2
2026-01-27 01:56:00.974954,0x433af380,98,4.171,21.398333,3.7009723,6.5,-38,1769507756,3,3
2026-01-27 01:56:08.921490,0x433e9c88,98,4.17,26.058334,1.3206111,,,1769507764,,3
2026-01-27 01:56:42.934795,0x433acb14,97,4.151,26.273335,4.7360554,6.0,-86,1769507798,3,3
2026-01-27 01:57:08.907606,0x433e9c88,99,4.188,23.975,1.2535555,,,1769507824,,3
2026-01-27 01:57:35.216056,0x433ad35c,99,4.182,19.543333,4.833611,8.25,-54,1769507850,3,3
2026-01-27 01:58:08.994642,0x433e9c88,100,4.193,22.949999,1.2243333,,,1769507884,,3
2026-01-27 01:58:28.691782,0x433abf20,101,4.212,14.901667,5.7026668,6.0,-77,1769507904,3,3
2026-01-27 01:59:09.075922,0x433e9c88,98,4.164,25.865,1.2097222,,,1769507944,,3
2026-01-27 02:00:06.752232,0x433b0b38,101,4.215,20.52,4.525056,5.5,-73,1769508002,5,5
2026-01-27 02:00:09.068899,0x433e9c88,98,4.174,21.613333,1.2368333,,,1769508004,,3
2026-01-26 13:00:10.926493,0x433e9c88,98,4.175,21.653334,1.9362222,,,1769461208,,3
2026-01-26 13:01:11.020385,0x433e9c88,98,4.172,24.526667,1.9512779,,,1769461268,,3
2026-01-26 13:01:27.712312,0xbd50376c,99,4.182,22.256666,2.3819723,5.5,-74,1769461284,3,3
2026-01-26 13:01:40.569911,0x433abf20,99,4.188,21.955,4.8334723,5.5,-75,1769461297,3,3
2026-01-26 13:01:59.212140,0x433acb14,101,4.203,21.926666,3.9670277,3.5,-92,1769461316,3,3
2026-01-26 13:02:11.017856,0x433e9c88,100,4.196,27.016666,1.907,,,1769461328,,3
2026-01-26 13:02:49.418982,0x433ad35c,98,4.163,19.298332,4.3859444,7.5,-55,1769461366,3,3
2026-01-26 13:03:11.100852,0x433e9c88,99,4.178,19.93,1.9198056,,,1769461388,,3
2026-01-26 13:03:24.600587,0x433b0098,99,4.178,20.258333,4.1876664,6.25,-61,1769461401,2,2
2026-01-26 13:04:11.139751,0x433e9c88,101,4.223,24.716667,1.8869722,,,1769461448,,3
2026-01-26 13:05:11.366480,0x433e9c88,99,4.177,19.901667,1.9161946,,,1769461508,,3
2026-01-26 13:05:13.742303,0x433b0b38,97,4.148,22.776667,4.5065556,5.75,-74,1769461510,5,5
2026-01-26 13:06:11.391286,0x433e9c88,100,4.191,16.865,1.9454167,,,1769461568,,3
2026-01-26 13:07:11.409223,0x433e9c88,101,4.237,21.323334,1.9559445,,,1769461628,,3
2026-01-26 13:07:31.660131,0x433af380,99,4.177,19.601667,3.2445834,6.5,-39,1769461648,3,3
2026-01-26 13:07:40.968932,0x433abf20,99,4.178,21.765,4.811778,6.25,-76,1769461657,3,3
2026-01-26 13:07:55.698918,0x433acb14,100,4.195,19.983334,3.9709165,0.5,-95,1769461672,3,3
2026-01-26 13:08:11.330481,0x433e9c88,97,4.157,28.523333,1.9705557,,,1769461688,,3
2026-01-26 13:08:48.712667,0x433ad35c,101,4.205,22.331667,4.3088613,6.0,-53,1769461725,3,3
2026-01-26 13:09:11.374675,0x433e9c88,100,4.193,21.95,1.9664721,,,1769461748,,3
2026-01-26 13:09:25.724838,0x433b0098,101,4.223,23.813334,4.248361,5.75,-62,1769461762,2,2
2026-01-26 13:10:11.598894,0x433e9c88,101,4.226,23.95,1.9318333,,,1769461808,,3
2026-01-26 13:11:10.936063,0x433b0b38,101,4.205,23.678333,4.3416667,6.0,-74,1769461867,5,5
2026-01-26 13:11:11.468102,0x433e9c88,91,4.073,25.54,1.92775,,,1769461868,,3
2026-01-26 13:12:11.708606,0x433e9c88,101,4.202,17.986668,1.96675,,,1769461928,,3
2026-01-26 13:13:11.747174,0x433e9c88,100,4.19,25.375,2.0146666,,,1769461988,,3
2026-01-26 13:13:41.885286,0x433abf20,100,4.198,21.9,4.72075,5.5,-76,1769462018,3,3
2026-01-26 13:14:00.733968,0x433acb14,101,4.206,22.446667,3.9051945,3.0,-95,1769462037,3,3
2026-01-26 13:14:11.629808,0x433e9c88,101,4.201,27.810001,2.0032222,,,1769462048,,3
2026-01-26 13:14:48.971574,0x433ad35c,99,4.189,22.333332,4.3056946,5.75,-53,1769462085,3,3
2026-01-26 13:15:11.850878,0x433e9c88,92,4.091,18.119999,2.071639,,,1769462108,,3
2026-01-26 13:15:24.161173,0x433b0098,99,4.183,18.288334,4.143861,6.5,-61,1769462121,2,2
2026-01-26 13:16:11.709492,0x433e9c88,100,4.197,21.323334,2.0611112,,,1769462168,,3
2026-01-26 13:17:11.195241,0x433b0b38,99,4.187,22.886667,4.3629723,5.75,-73,1769462228,5,5
2026-01-26 13:17:11.748206,0x433e9c88,100,4.192,23.871666,2.0526388,,,1769462228,,3
2026-01-26 13:18:11.830275,0x433e9c88,101,4.216,22.421667,2.0631666,,,1769462288,,3
2026-01-26 13:18:32.051126,0x433af380,99,4.179,19.446667,3.2221668,5.75,-39,1769462308,3,3
2026-01-26 13:19:11.952519,0x433e9c88,99,4.184,28.593334,2.0298612,,,1769462349,,3
2026-01-26 13:19:42.079229,0x433abf20,101,4.213,19.656668,4.598778,6.0,-76,1769462378,3,3
2026-01-26 13:19:56.204670,0x433acb14,99,4.183,17.055,3.9095554,3.25,-93,1769462393,3,3
2026-01-26 13:20:12.054526,0x433e9c88,101,4.225,25.595001,1.9673612,,,1769462409,,3
2026-01-26 13:20:49.667079,0x433ad35c,98,4.166,23.813334,4.281361,6.25,-54,1769462446,3,3
2026-01-26 13:21:12.092447,0x433e9c88,101,4.213,20.995,2.00475,,,1769462469,,3
2026-01-26 13:21:25.813753,0x433b0098,100,4.193,21.408333,4.1490836,6.5,-62,1769462482,2,2
2026-01-26 13:22:12.129179,0x433e9c88,101,4.235,25.443333,2.0088334,,,1769462529,,3
2026-01-26 13:23:11.545260,0x433b0b38,96,4.142,22.01,4.4207497,5.75,-73,1769462588,5,5
2026-01-26 13:23:12.081634,0x433e9c88,101,4.202,23.980001,2.0955,,,1769462589,,3
2026-01-26 13:24:12.148443,0x433e9c88,99,4.189,22.256666,2.099139,,,1769462649,,3
2026-01-26 13:25:12.209226,0x433e9c88,99,4.183,21.898335,2.0640278,,,1769462709,,3
2026-01-26 13:25:43.459253,0x433abf20,97,4.157,21.38,4.619889,5.75,-75,1769462740,3,3
2026-01-26 13:25:56.460418,0x433acb14,100,4.2,23.981667,3.941,2.0,-94,1769462753,3,3
2026-01-26 13:26:12.234502,0x433e9c88,101,4.218,25.866667,2.0804443,,,1769462769,,3
2026-01-26 13:26:49.313863,0x433ad35c,99,4.184,21.295,4.0494165,7.25,-53,1769462806,3,3
2026-01-26 13:27:12.353924,0x433e9c88,80,3.991,19.928333,2.1260834,,,1769462829,,3
2026-01-26 13:27:24.736982,0x433b0098,98,4.174,20.778332,4.1208053,6.5,-63,1769462841,2,2
2026-01-26 13:28:12.446256,0x433e9c88,98,4.17,27.648333,2.1525,,,1769462889,,3
2026-01-26 13:29:11.928025,0x433b0b38,97,4.152,23.980001,4.389806,6.25,-72,1769462948,5,5
2026-01-26 13:29:12.458099,0x433e9c88,99,4.186,25.841665,2.1711943,,,1769462949,,3
2026-01-26 13:29:30.127251,0x433af380,96,4.141,22.466667,3.2165277,6.25,-39,1769462966,3,3
2026-01-26 13:30:12.541312,0x433e9c88,93,4.093,18.671665,2.2024722,,,1769463009,3,3
2026-01-26 13:31:12.612430,0x433e9c88,99,4.179,23.68,2.1545556,,,1769463069,,3
2026-01-26 13:31:44.013443,0x433abf20,99,4.184,19.108334,4.5329723,5.5,-76,1769463100,3,3
2026-01-26 13:31:57.014349,0x433acb14,101,4.208,22.831667,4.108861,-0.5,-98,1769463113,3,3
2026-01-26 13:32:12.806809,0x433e9c88,101,4.221,26.826668,2.1655278,,,1769463129,,3
2026-01-26 13:32:49.952011,0x433ad35c,97,4.156,23.05,4.0151944,7.25,-53,1769463166,3,3
2026-01-26 13:33:12.765239,0x433e9c88,101,4.216,19.08,2.1473055,,,1769463189,,3
2026-01-26 13:33:29.736439,0x433b0098,101,4.219,19.165,4.0699167,6.25,-61,1769463206,2,2
2026-01-26 13:34:12.787786,0x433e9c88,101,4.217,24.744999,2.1432223,,,1769463249,,3
2026-01-26 13:35:12.806159,0x433b0b38,97,4.159,23.706667,4.39275,5.75,-73,1769463309,5,5
2026-01-26 13:35:13.085434,0x433e9c88,101,4.208,25.568333,2.1769724,,,1769463310,,3
2026-01-26 13:36:12.991906,0x433e9c88,98,4.171,19.875,2.1728888,,,1769463370,,3
2026-01-26 13:37:13.122769,0x433e9c88,101,4.22,23.228334,2.1708333,,,1769463430,,3
2026-01-26 13:37:30.750024,0xbd50376c,101,4.204,19.766666,2.4994998,6.0,-74,1769463447,3,3
2026-01-26 13:37:42.943194,0x433abf20,98,4.168,23.886667,4.554222,5.75,-76,1769463459,3,3
2026-01-26 13:38:02.116665,0x433acb14,101,4.222,18.396667,4.067972,2.5,-95,1769463478,3,3
2026-01-26 13:38:13.034298,0x433e9c88,101,4.229,28.439999,2.159861,,,1769463490,,3
2026-01-26 13:38:49.897016,0x433ad35c,99,4.185,23.866667,3.8385556,5.75,-54,1769463526,3,3
2026-01-26 13:39:13.221911,0x433e9c88,101,4.229,20.42,2.214139,,,1769463550,,3
2026-01-26 13:39:28.788161,0x433b0098,99,4.179,21.353333,4.025889,5.75,-62,1769463565,2,2
2026-01-26 13:39:35.961619,0x433af380,97,4.153,23.26,3.341889,6.0,-39,1769463572,3,3
2026-01-26 13:40:13.126533,0x433e9c88,98,4.175,25.046667,2.303778,,,1769463610,,3
2026-01-26 13:41:13.013944,0x433b0b38,99,4.188,25.115002,4.231917,5.75,-73,1769463669,5,5
2026-01-26 13:41:13.293380,0x433e9c88,101,4.224,24.855,2.2750278,,,1769463670,,3
2026-01-26 13:42:13.219197,0x433e9c88,100,4.199,18.863335,2.307889,,,1769463730,,3
2026-01-26 13:43:13.375364,0x433e9c88,101,4.204,24.008333,2.3414166,,,1769463790,,3
2026-01-26 13:43:43.188683,0x433abf20,98,4.167,18.615,4.447889,6.25,-77,1769463820,3,3
2026-01-26 13:43:57.755588,0x433acb14,101,4.208,19.216667,4.0794168,0.5,-97,1769463834,3,3
2026-01-26 13:44:13.385935,0x433e9c88,101,4.21,29.07,2.3227222,,,1769463850,,3
2026-01-26 13:44:52.412735,0x433ad35c,100,4.196,25.84,3.8334723,8.0,-54,1769463889,3,3
2026-01-26 13:45:13.803420,0x433e9c88,101,4.224,23.128334,2.354222,,,1769463910,,3
2026-01-26 13:45:29.005370,0x433b0098,101,4.225,22.556667,3.8872778,6.0,-62,1769463925,2,2
2026-01-26 13:46:13.841587,0x433e9c88,101,4.223,24.306667,2.4075835,,,1769463970,,3
2026-01-26 13:47:13.831444,0x433e9c88,100,4.193,21.983334,2.3742778,,,1769464030,,3
2026-01-26 13:47:14.746811,0x433b0b38,97,4.152,22.859999,4.1443334,6.25,-73,1769464031,5,5
2026-01-26 13:48:13.822631,0x433e9c88,98,4.168,21.436666,2.3058612,,,1769464090,,3
2026-01-26 13:49:13.937265,0x433e9c88,98,4.17,22.746668,2.3017776,,,1769464150,,3
2026-01-26 13:49:29.539665,0x433af380,100,4.192,18.126667,3.3664722,6.0,-38,1769464166,3,3
2026-01-26 13:49:43.750048,0x433abf20,101,4.205,20.806667,4.3998055,5.75,-75,1769464180,3,3
2026-01-26 13:50:03.549508,0x433acb14,101,4.231,21.164999,4.1341667,3.5,-90,1769464200,3,3
2026-01-26 13:50:13.905484,0x433e9c88,97,4.158,25.293333,2.3346112,,,1769464210,,3
2026-01-26 13:50:50.390810,0x433ad35c,98,4.17,23.813334,3.7884998,6.0,-53,1769464247,3,3
2026-01-26 13:51:14.077452,0x433e9c88,98,4.175,18.996666,2.2871668,,,1769464271,,3
2026-01-26 13:51:31.776803,0x433b0098,97,4.159,20.505001,3.8994167,6.75,-62,1769464288,2,2
2026-01-26 13:52:14.048924,0x433e9c88,100,4.199,22.611668,2.3081388,,,1769464331,,3
2026-01-26 13:53:14.197169,0x433e9c88,100,4.194,21.981667,2.2579443,,,1769464391,,3
2026-01-26 13:53:18.521308,0x433b0b38,101,4.201,18.67,4.118361,5.75,-73,1769464395,5,5
2026-01-26 13:54:14.277099,0x433e9c88,101,4.222,23.376665,2.3135834,,,1769464451,,3
2026-01-26 13:55:14.215946,0x433e9c88,98,4.172,20.475,2.2967224,,,1769464511,,3
2026-01-26 13:55:43.870818,0x433abf20,98,4.163,21.651667,4.47075,5.75,-76,1769464540,3,3
2026-01-26 13:56:00.379007,0x433acb14,101,4.236,24.253332,4.2301393,1.0,-97,1769464557,3,3
2026-01-26 13:56:14.592858,0x433e9c88,101,4.212,23.458334,2.2720835,,,1769464571,,3
2026-01-26 13:56:51.411044,0x433ad35c,100,4.2,23.076668,3.6315556,6.0,-53,1769464608,3,3
2026-01-26 13:57:14.614739,0x433e9c88,97,4.158,17.493334,2.242889,,,1769464631,,3
2026-01-26 13:57:30.574519,0x433b0098,100,4.193,17.081665,3.9587502,6.0,-61,1769464647,2,2
2026-01-26 13:58:14.489313,0x433e9c88,98,4.163,25.003332,2.2515833,,,1769464691,,3
2026-01-26 13:59:14.138894,0x433b0b38,97,4.157,23.456667,4.1765275,5.5,-74,1769464750,5,5
2026-01-26 13:59:14.678349,0x433e9c88,101,4.214,21.101667,2.2554445,,,1769464751,,3
2026-01-26 13:59:30.815731,0x433af380,96,4.145,24.826666,3.424028,6.25,-39,1769464767,3,3
2026-01-26 15:00:19.147712,0x433e9c88,101,4.211,19.711668,2.2183056,,,1769468415,,3
2026-01-26 15:01:19.158270,0x433e9c88,101,4.206,25.838333,2.143278,,,1769468476,,3
2026-01-26 15:01:46.599308,0x433abf20,101,4.203,21.435,4.573833,6.0,-75,1769468503,3,3
2026-01-26 15:02:06.227673,0x433acb14,101,4.218,24.198334,4.2073054,-1.5,-99,1769468522,3,3
2026-01-26 15:02:19.109997,0x433e9c88,101,4.224,24.168333,2.1637776,,,1769468536,,3
2026-01-26 15:02:55.434116,0x433ad35c,99,4.188,22.145,3.8985279,6.0,-53,1769468572,3,3
2026-01-26 15:03:32.549341,0x433b0098,98,4.172,21.268333,3.9599445,6.25,-62,1769468609,2,2
2026-01-26 15:04:19.633519,0x433e9c88,101,4.222,26.798334,2.2157776,,,1769468656,,3
2026-01-26 15:04:40.020335,0x433af380,97,4.155,21.191668,3.5171945,6.75,-40,1769468676,3,3
2026-01-26 15:05:19.936197,0x433e9c88,98,4.164,24.801666,2.2509167,,,1769468716,,3
2026-01-26 15:05:20.438881,0x433b0b38,97,4.155,23.076668,4.238333,6.0,-72,1769468717,5,5
2026-01-26 15:06:20.101309,0x433e9c88,99,4.179,19.981667,2.2363055,,,1769468776,,3
2026-01-26 15:07:20.132094,0x433e9c88,100,4.191,21.133333,2.25725,,,1769468836,,3
2026-01-26 15:07:47.647639,0x433abf20,98,4.175,23.87,4.4861946,5.75,-77,1769468864,3,3
2026-01-26 15:08:02.980866,0x433acb14,101,4.218,27.838335,4.2967777,3.5,-93,1769468879,3,3
2026-01-26 15:08:20.402487,0x433e9c88,101,4.205,24.961666,2.2421944,,,1769468897,,3
2026-01-26 15:08:55.135045,0x433ad35c,101,4.215,26.796665,3.9300277,6.0,-53,1769468931,3,3
2026-01-26 15:09:21.015731,0x433e9c88,98,4.173,23.676666,2.1924722,,,1769468957,,3
2026-01-26 15:09:39.492871,0x433b0098,98,4.175,22.8,4.005028,6.5,-62,1769468976,2,2
2026-01-26 15:10:20.823494,0x433e9c88,94,4.111,22.171667,2.1965556,,,1769469017,,3
2026-01-26 15:11:20.216085,0x433b0b38,98,4.17,25.32,4.238389,4.5,-74,1769469076,5,5
2026-01-26 15:11:20.744679,0x433e9c88,95,4.133,26.304998,2.1965556,,,1769469077,,3
2026-01-26 15:12:20.985875,0x433e9c88,97,4.149,18.286667,2.1678612,,,1769469137,,3
2026-01-26 15:13:21.347003,0x433e9c88,96,4.142,22.01,2.1199443,,,1769469198,,3
2026-01-26 15:13:47.510943,0x433abf20,99,4.183,22.368332,4.438333,5.0,-77,1769469224,3,3
2026-01-26 15:14:07.467177,0x433acb14,100,4.199,25.431665,4.29175,,-96,1769469244,3,3
2026-01-26 15:14:21.720285,0x433e9c88,101,4.204,25.92,2.1224444,,,1769469258,,3
2026-01-26 15:14:55.546333,0x433ad35c,100,4.195,21.38,4.039944,6.0,-54,1769469292,3,3
2026-01-26 15:15:21.775606,0x433e9c88,101,4.231,23.351665,2.1224444,,,1769469318,,3
2026-01-26 15:15:36.586037,0x433af380,100,4.197,19.873333,3.520639,8.5,-39,1769469333,3,3
2026-01-26 15:15:42.338395,0x433b0098,99,4.18,19.27,3.9658055,6.5,-62,1769469338,2,2
2026-01-26 15:16:21.996112,0x433e9c88,100,4.192,25.413334,2.1224444,,,1769469378,,3
2026-01-26 15:17:19.720954,0x433b0b38,99,4.177,21.106667,4.2632504,5.25,-73,1769469436,5,5
2026-01-26 15:17:22.225414,0x433e9c88,94,4.118,23.076668,2.1183612,,,1769469438,,3
2026-01-26 15:18:22.084523,0x433e9c88,101,4.204,19.108334,2.1124723,,,1769469498,3,3
2026-01-26 15:19:22.263947,0x433e9c88,100,4.199,21.348333,2.1065834,,,1769469559,,3
2026-01-26 15:19:49.201510,0x433abf20,99,4.179,18.341667,4.480111,5.5,-76,1769469585,3,3
2026-01-26 15:20:03.574431,0x433acb14,99,4.186,23.65,4.3369164,1.5,-96,1769469600,3,3
2026-01-26 15:20:22.166181,0x433e9c88,99,4.177,23.263334,2.1047502,,,1769469619,,3
2026-01-26 15:20:55.637231,0x433ad35c,99,4.178,20.856667,4.1365833,6.0,-54,1769469652,3,3
2026-01-26 15:21:22.217926,0x433e9c88,100,4.198,21.568333,2.0778055,,,1769469679,,3
2026-01-26 15:21:37.588446,0x433b0098,100,4.195,24.688334,3.9906666,5.75,-62,1769469694,2,2
2026-01-26 15:22:22.394314,0x433e9c88,101,4.216,18.666666,2.0800834,,,1769469739,,3
2026-01-26 15:23:20.059068,0x433b0b38,96,4.142,23.076668,4.158278,6.0,-74,1769469796,5,5
2026-01-26 15:23:22.338376,0x433e9c88,100,4.192,22.171667,2.08825,,,1769469799,,3
2026-01-26 15:24:22.498068,0x433e9c88,101,4.207,18.561666,2.0823333,,,1769469859,,3
2026-01-26 15:25:22.408859,0x433e9c88,101,4.216,18.369999,2.1343334,,,1769469919,,3
2026-01-26 15:25:36.316637,0x433af380,99,4.176,21.01,3.3650835,6.25,-39,1769469932,3,3
2026-01-26 15:25:49.222801,0x433abf20,98,4.165,22.118334,4.379083,5.25,-76,1769469945,3,3
2026-01-26 15:26:22.519730,0x433e9c88,99,4.185,27.868334,2.1680834,,,1769469979,,3
2026-01-26 15:26:58.064228,0x433ad35c,101,4.212,26.856667,4.1464167,6.75,-53,1769470014,3,3
2026-01-26 15:27:22.484227,0x433e9c88,101,4.213,19.93,2.1662776,,,1769470039,,3
2026-01-26 15:27:37.338120,0x433b0098,99,4.183,22.805,4.0021944,6.5,-62,1769470053,2,2
2026-01-26 15:27:39.152027,0xbd50376c,101,4.215,19.543333,2.5628057,7.0,-74,1769470055,3,3
2026-01-26 15:28:22.714448,0x433e9c88,101,4.205,26.828333,2.149861,,,1769470099,,3
2026-01-26 15:29:20.539901,0x433b0b38,99,4.181,22.691668,4.148028,5.75,-72,1769470157,5,5
2026-01-26 15:29:22.573277,0x433e9c88,101,4.227,23.676666,2.1201944,,,1769470159,,3
2026-01-26 15:30:22.718087,0x433e9c88,92,4.089,18.78,2.1165555,,,1769470219,,3
2026-01-26 15:31:22.835811,0x433e9c88,98,4.171,23.623333,2.1165555,,,1769470279,,3
2026-01-26 15:31:48.390971,0x433abf20,99,4.186,21.463333,4.321778,5.75,-76,1769470305,3,3
2026-01-26 15:32:03.628857,0x433acb14,101,4.201,23.651667,4.3925834,1.5,-95,1769470320,3,3
2026-01-26 15:32:22.711817,0x433e9c88,95,4.13,22.416666,2.1311667,,,1769470339,,3
2026-01-26 15:32:56.312752,0x433ad35c,98,4.173,18.151667,4.1106386,7.25,-53,1769470372,3,3
2026-01-26 15:33:22.890834,0x433e9c88,100,4.199,21.736666,2.0814445,,,1769470399,,3
2026-01-26 15:33:35.828457,0x433b0098,96,4.145,22.858334,4.023611,6.25,-62,1769470412,2,2
2026-01-26 15:34:22.890205,0x433e9c88,100,4.191,20.995,2.0960557,,,1769470459,,3
2026-01-26 15:35:20.963212,0x433b0b38,99,4.187,24.583334,4.212611,6.0,-73,1769470517,5,5
2026-01-26 15:35:22.993329,0x433e9c88,99,4.187,21.105,2.1270833,,,1769470519,,3
2026-01-26 15:35:37.646300,0x433af380,99,4.182,23.871666,3.3151112,6.25,-39,1769470534,3,3
2026-01-26 15:36:22.923045,0x433e9c88,97,4.16,23.543335,2.0600278,,,1769470579,,3
2026-01-26 15:37:23.152134,0x433e9c88,98,4.167,22.859999,2.1079445,,,1769470639,,3
2026-01-26 15:37:48.597033,0x433abf20,97,4.158,19.135,4.34575,6.0,-76,1769470665,3,3
2026-01-26 15:38:05.395114,0x433acb14,101,4.219,20.395,4.4565,1.25,-97,1769470682,3,3
2026-01-26 15:38:23.015718,0x433e9c88,91,4.066,25.949999,2.158139,,,1769470699,,3
2026-01-26 15:38:56.571046,0x433ad35c,98,4.166,27.455,4.093806,6.75,-54,1769470733,3,3
2026-01-26 15:39:23.128196,0x433e9c88,96,4.142,26.223335,2.22475,,,1769470759,,3
2026-01-26 15:40:23.131711,0x433e9c88,99,4.186,20.146666,2.22475,,,1769470820,,3
2026-01-26 15:40:35.862623,0x433b0098,100,4.19,17.328335,3.9724998,5.75,-61,1769470832,2,2
2026-01-26 15:41:20.872218,0x433b0b38,98,4.175,26.496666,4.1633887,5.75,-73,1769470877,5,5
2026-01-26 15:41:23.154080,0x433e9c88,98,4.164,28.466665,2.2438889,,,1769470880,,3
2026-01-26 15:42:23.202676,0x433e9c88,98,4.175,16.206667,2.2690277,,,1769470940,,3
2026-01-26 15:43:23.427853,0x433e9c88,91,4.065,21.133333,2.31875,,,1769471000,,3
2026-01-26 15:43:51.678191,0x433abf20,99,4.18,17.986668,4.19475,6.0,-76,1769471028,3,3
2026-01-26 15:44:05.180573,0x433acb14,101,4.231,21.215,4.3731112,1.5,-95,1769471041,3,3
2026-01-26 15:44:23.294797,0x433e9c88,101,4.202,22.773333,2.283639,,,1769471060,,3
2026-01-26 15:44:56.827254,0x433ad35c,98,4.167,16.508333,4.026472,7.0,-54,1769471093,3,3
2026-01-26 15:45:23.340414,0x433e9c88,99,4.187,21.626667,2.2690277,,,1769471120,,3
2026-01-26 15:45:39.044937,0x433af380,98,4.168,20.873333,3.2741945,6.25,-40,1769471135,3,3
2026-01-26 15:46:23.408303,0x433e9c88,97,4.156,24.963333,2.2528057,,,1769471180,,3
2026-01-26 15:46:36.200532,0x433b0098,99,4.185,19.845,4.068556,5.75,-61,1769471192,2,2
2026-01-26 15:47:21.212960,0x433b0b38,98,4.165,23.980001,4.100111,5.5,-73,1769471237,5,5
2026-01-26 15:47:23.526322,0x433e9c88,78,3.976,25.949999,2.2418332,,,1769471240,,3
2026-01-26 15:48:23.665301,0x433e9c88,99,4.177,19.738333,2.1961944,,,1769471300,,3
2026-01-26 15:49:23.595251,0x433e9c88,101,4.221,19.406668,2.2376666,,,1769471360,,3
2026-01-26 15:49:51.841471,0x433abf20,98,4.168,24.5,4.3708334,5.5,-76,1769471388,3,3
2026-01-26 15:50:06.069180,0x433acb14,99,4.183,23.651667,4.3916388,2.5,-95,1769471402,3,3
2026-01-26 15:50:23.603039,0x433e9c88,101,4.231,24.279999,2.2166946,,,1769471420,,3
2026-01-26 15:50:57.225457,0x433ad35c,100,4.19,20.53,4.0576944,7.5,-53,1769471453,3,3
2026-01-26 15:51:23.841811,0x433e9c88,101,4.22,22.666668,2.217611,,,1769471480,,3
2026-01-26 15:52:23.758211,0x433e9c88,101,4.238,14.865001,2.241778,,,1769471540,,3
2026-01-26 15:52:37.098461,0x433b0098,100,4.2,16.206667,3.9376664,6.75,-62,1769471553,2,2
2026-01-26 15:53:21.350694,0x433b0b38,98,4.162,23.431665,4.109222,6.0,-73,1769471597,5,5
2026-01-26 15:53:23.880747,0x433e9c88,101,4.213,20.94,2.243611,,,1769471600,,3
2026-01-26 15:54:23.924726,0x433e9c88,83,4.012,22.421667,2.3120556,,,1769471660,3,3
2026-01-26 15:55:24.088262,0x433e9c88,81,3.998,23.898333,2.3330278,,,1769471720,,3
2026-01-26 15:55:37.608083,0x433af380,98,4.174,17.261665,3.2374446,5.75,-40,1769471734,3,3
2026-01-26 15:55:54.675340,0x433abf20,101,4.205,19.053333,4.4530835,5.5,-75,1769471751,3,3
2026-01-26 15:56:11.259169,0x433acb14,99,4.179,26.253334,4.4792223,-1.0,-98,1769471767,3,3
2026-01-26 15:56:24.041596,0x433e9c88,100,4.196,29.835001,2.3202221,,,1769471780,,3
2026-01-26 15:56:57.295384,0x433ad35c,100,4.196,23.295,3.9910278,7.0,-54,1769471813,3,3
2026-01-26 15:57:24.158576,0x433e9c88,101,4.21,20.806667,2.3220556,,,1769471840,,3
2026-01-26 15:58:24.098296,0x433e9c88,98,4.175,23.105,2.3051944,,,1769471900,,3
2026-01-26 15:58:38.197647,0x433b0098,101,4.223,21.738335,4.0034723,5.75,-62,1769471914,2,2
2026-01-26 15:59:21.516591,0x433b0b38,101,4.217,26.713333,3.9561386,6.0,-73,1769471958,5,5
2026-01-26 15:59:24.296760,0x433e9c88,101,4.211,27.561668,2.3097222,,,1769471961,,3
2026-01-26 02:59:30.281648,0x433e9c88,101,4.216,22.58,2.0772777,,,1769425168,,3
2026-01-26 03:00:05.158754,0x433abf20,96,4.14,18.311666,4.9669724,5.5,-76,1769425203,3,3
2026-01-26 03:00:30.350458,0x433e9c88,99,4.18,21.776667,2.1313334,,,1769425228,,3
2026-01-26 03:01:17.380628,0x433acb14,100,4.191,23.566666,4.3529997,4.25,-91,1769425275,3,3
2026-01-26 03:01:30.483387,0x433e9c88,101,4.202,24.305,2.1039166,,,1769425288,,3
2026-01-26 03:02:10.422916,0x433ad35c,98,4.164,23.181667,3.9299169,5.25,-53,1769425328,3,3
2026-01-26 03:02:30.388137,0x433e9c88,98,4.171,27.768335,2.1093888,,,1769425348,,3
2026-01-26 03:03:30.468840,0x433e9c88,101,4.206,18.039999,2.078361,,,1769425408,,3
2026-01-26 03:03:43.258556,0x433b0098,100,4.196,18.108334,4.315278,5.5,-61,1769425421,2,2
2026-01-26 03:04:30.573635,0x433e9c88,101,4.204,21.789999,2.1075833,,,1769425468,,3
2026-01-26 03:04:35.181746,0x433b0b38,99,4.18,22.666668,4.430611,6.5,-74,1769425473,5,5
2026-01-26 03:04:57.846290,0x433af380,97,4.156,24.803333,2.997611,6.0,-38,1769425495,3,3
2026-01-26 03:05:30.520198,0x433e9c88,101,4.206,26.303333,2.124,,,1769425528,,3
2026-01-26 03:06:05.547604,0x433abf20,100,4.193,17.928333,4.765028,5.5,-76,1769425563,3,3
2026-01-26 03:06:30.602639,0x433e9c88,100,4.199,22.24,2.0929723,,,1769425588,,3
2026-01-26 03:07:16.636230,0x433acb14,97,4.159,18.038334,4.434583,3.5,-91,1769425634,3,3
2026-01-26 03:07:30.676770,0x433e9c88,101,4.216,21.871666,2.0943332,,,1769425648,,3
2026-01-26 03:08:13.602099,0x433ad35c,99,4.182,28.186666,4.0997777,5.75,-53,1769425691,3,3
2026-01-26 03:08:31.042565,0x433e9c88,99,4.188,27.720001,2.0715277,,,1769425708,,3
2026-01-26 03:09:30.897570,0x433e9c88,101,4.216,14.441666,2.1066668,,,1769425768,,3
2026-01-26 03:09:43.979207,0x433b0098,98,4.174,18.011667,4.442639,5.5,-61,1769425781,2,2
2026-01-26 03:10:30.885042,0x433e9c88,101,4.206,19.395,2.102361,,,1769425828,,3
2026-01-26 03:10:35.699754,0x433b0b38,98,4.175,21.693335,4.4770555,6.5,-74,1769425833,5,5
2026-01-26 03:11:30.798899,0x433e9c88,101,4.203,26.383335,2.1320279,,,1769425888,,3
2026-01-26 03:12:07.868717,0x433abf20,101,4.201,16.543333,4.6500554,5.25,-76,1769425925,3,3
2026-01-26 03:12:30.964224,0x433e9c88,101,4.228,24.361668,2.1277223,,,1769425949,,3
2026-01-26 03:13:16.929354,0x433acb14,98,4.169,19.993334,4.6022778,3.75,-91,1769425994,3,3
2026-01-26 03:13:31.071822,0x433e9c88,100,4.199,17.738333,2.0985,,,1769426009,,3
2026-01-26 03:14:11.464679,0x433ad35c,101,4.217,17.243334,4.211528,5.75,-53,1769426049,3,3
2026-01-26 03:14:31.023094,0x433e9c88,101,4.223,27.125,2.0820835,,,1769426069,,3
2026-01-26 03:15:31.206409,0x433e9c88,99,4.189,22.555,2.0962222,,,1769426129,3,3
2026-01-26 03:15:44.634248,0x433b0098,101,4.204,22.406666,4.4196663,5.75,-61,1769426142,2,2
2026-01-26 03:15:57.850049,0x433af380,100,4.196,24.668333,3.116861,6.5,-39,1769426155,3,3
2026-01-26 03:16:31.370493,0x433e9c88,98,4.175,19.828333,2.0752778,,,1769426189,,3
2026-01-26 03:16:35.479212,0x433b0b38,99,4.187,22.716667,4.3870277,7.0,-74,1769426193,5,5
2026-01-26 03:17:31.458269,0x433e9c88,97,4.149,28.435001,2.0964723,,,1769426249,,3
2026-01-26 03:18:07.481334,0x433abf20,101,4.218,21.048332,4.4833055,5.25,-76,1769426285,3,3
2026-01-26 03:18:31.527447,0x433e9c88,98,4.169,23.676666,2.0818613,,,1769426309,,3
2026-01-26 03:19:18.763502,0x433acb14,101,4.229,18.941666,4.511945,3.75,-90,1769426356,3,3
2026-01-26 03:19:31.554807,0x433e9c88,99,4.183,21.788334,2.0944166,,,1769426369,,3
2026-01-26 03:20:13.174317,0x433ad35c,100,4.195,21.224998,4.3730555,6.25,-54,1769426411,3,3
2026-01-26 03:20:31.617834,0x433e9c88,98,4.166,24.603334,2.1284168,,,1769426429,,3
2026-01-26 03:21:31.640021,0x433e9c88,99,4.183,24.088333,2.0686946,,,1769426489,,3
2026-01-26 03:21:44.022100,0x433b0098,100,4.19,24.991667,4.6073055,6.0,-60,1769426501,2,2
2026-01-26 03:21:50.051196,0xbd50376c,101,4.238,22.268333,1.9432777,5.75,-75,1769426507,3,3
2026-01-26 03:22:31.550909,0x433e9c88,98,4.163,20.898333,2.04775,,,1769426549,,3
2026-01-26 03:22:35.689319,0x433b0b38,98,4.168,23.758333,4.4570556,7.25,-74,1769426553,5,5
2026-01-26 03:23:31.637724,0x433e9c88,100,4.196,22.061666,2.0272222,,,1769426609,,3
2026-01-26 03:24:31.787134,0x433e9c88,99,4.179,18.628334,2.0650556,,,1769426669,,3
2026-01-26 03:25:08.754534,0x433abf20,98,4.174,19.380001,4.389167,5.75,-76,1769426706,3,3
2026-01-26 03:25:20.403560,0x433acb14,101,4.217,23.980001,4.425833,3.5,-91,1769426718,3,3
2026-01-26 03:25:31.770540,0x433e9c88,101,4.225,27.646667,2.0776112,,,1769426729,,3
2026-01-26 03:26:18.064988,0x433ad35c,101,4.231,25.603333,4.4073057,6.0,-53,1769426775,3,3
2026-01-26 03:26:31.724998,0x433e9c88,96,4.142,26.263332,2.0586946,,,1769426789,,3
2026-01-26 03:27:31.877281,0x433e9c88,99,4.178,23.154999,2.0445278,,,1769426849,,3
2026-01-26 03:27:45.055200,0x433b0098,96,4.147,20.843332,4.6883054,5.75,-60,1769426862,2,2
2026-01-26 03:27:56.446482,0x433af380,96,4.144,24.191668,3.2557778,6.25,-39,1769426874,3,3
2026-01-26 03:28:31.847468,0x433e9c88,101,4.217,26.401667,2.0634444,,,1769426909,,3
2026-01-26 03:28:36.346856,0x433b0b38,96,4.136,27.181667,4.628278,6.75,-74,1769426914,5,5
2026-01-26 03:29:32.016029,0x433e9c88,91,4.075,19.853333,2.0714722,,,1769426969,,3
2026-01-26 03:30:31.942263,0x433e9c88,97,4.148,17.78,2.0418055,,,1769427030,,3
2026-01-26 03:31:07.582946,0x433abf20,99,4.182,19.791668,4.551306,5.75,-76,1769427065,3,3
2026-01-26 03:31:19.720663,0x433acb14,97,4.157,19.213333,4.4281945,3.25,-91,1769427077,3,3
2026-01-26 03:31:32.005914,0x433e9c88,101,4.21,27.153334,2.0477223,,,1769427090,,3
2026-01-26 03:32:15.031228,0x433ad35c,98,4.163,22.238333,4.589139,6.0,-53,1769427132,3,3
2026-01-26 03:32:32.092190,0x433e9c88,101,4.205,18.446667,2.012389,,,1769427150,,3
2026-01-26 03:33:32.322726,0x433e9c88,101,4.214,16.93,2.0272222,,,1769427210,,3
2026-01-26 03:33:45.138096,0x433b0098,97,4.156,19.818333,4.7331944,6.0,-61,1769427222,2,2
2026-01-26 03:34:32.596257,0x433e9c88,98,4.174,22.380001,2.0083055,,,1769427270,,3
2026-01-26 03:34:36.311571,0x433b0b38,98,4.175,24.391666,4.7988334,6.0,-73,1769427274,5,5
2026-01-26 03:35:32.792138,0x433e9c88,101,4.208,26.218334,1.9540555,,,1769427330,,3
2026-01-26 03:36:32.981747,0x433e9c88,100,4.2,23.568335,1.9394444,,,1769427390,,3
2026-01-26 03:37:07.844932,0x433abf20,98,4.165,21.843334,4.585472,5.5,-76,1769427425,3,3
2026-01-26 03:37:19.173461,0x433acb14,101,4.214,20.105,4.3437777,3.75,-91,1769427436,3,3
2026-01-26 03:37:33.048982,0x433e9c88,101,4.202,22.855,1.9394444,,,1769427450,,3
2026-01-26 03:38:15.134805,0x433ad35c,99,4.177,24.851665,4.725278,6.0,-53,1769427492,3,3
2026-01-26 03:38:32.926697,0x433e9c88,99,4.178,25.960001,1.8913054,,,1769427510,,3
2026-01-26 03:39:00.288182,0x433af380,99,4.176,24.666668,3.289389,6.0,-39,1769427538,3,3
2026-01-26 03:39:32.779949,0x433e9c88,96,4.139,19.406668,1.87125,,,1769427570,,3
2026-01-26 03:39:44.964464,0x433b0098,95,4.128,20.038334,4.9720836,6.25,-60,1769427582,2,2
2026-01-26 03:40:32.963307,0x433e9c88,99,4.186,20.911667,1.8840001,,,1769427630,,3
2026-01-26 03:40:36.552114,0x433b0b38,98,4.167,20.911667,4.744583,6.0,-74,1769427634,5,5
2026-01-26 03:41:32.927093,0x433e9c88,96,4.144,24.933334,1.8340555,,,1769427690,,3
2026-01-26 03:42:33.066623,0x433e9c88,98,4.17,20.051666,1.7989166,,,1769427751,,3
2026-01-26 03:43:08.265649,0x433abf20,100,4.199,21.543333,4.681195,5.5,-76,1769427786,3,3
2026-01-26 03:43:19.554073,0x433acb14,96,4.143,23.771666,4.2489443,3.5,-91,1769427797,3,3
2026-01-26 03:43:33.040216,0x433e9c88,100,4.191,20.87,1.8080555,,,1769427811,,3
2026-01-26 03:44:15.896713,0x433ad35c,97,4.151,18.038334,4.9011393,6.5,-53,1769427853,3,3
2026-01-26 03:44:33.060767,0x433e9c88,99,4.187,24.908335,1.7686112,,,1769427871,,3
2026-01-26 03:45:33.126873,0x433e9c88,101,4.204,23.731667,1.7540001,,,1769427931,,3
2026-01-26 03:45:45.240327,0x433b0098,97,4.152,22.61,4.9987497,5.75,-61,1769427943,2,2
2026-01-26 03:46:33.298220,0x433e9c88,99,4.183,22.551666,1.779361,,,1769427991,,3
2026-01-26 03:46:37.985285,0x433b0b38,97,4.149,23.428333,4.8282776,6.5,-74,1769427995,5,5
2026-01-26 03:47:33.376696,0x433e9c88,99,4.187,20.553333,1.7939723,,,1769428051,,3
2026-01-26 03:48:33.358296,0x433e9c88,98,4.166,19.708334,1.7896667,,,1769428111,,3
2026-01-26 03:48:59.553564,0x433af380,101,4.202,23.123333,3.306028,6.0,-39,1769428137,3,3
2026-01-26 03:49:08.353402,0x433abf20,101,4.228,22.923334,4.5659447,5.5,-76,1769428146,3,3
2026-01-26 03:49:25.159538,0x433acb14,98,4.167,20.308334,4.207195,3.25,-91,1769428162,3,3
2026-01-26 03:49:33.426739,0x433e9c88,95,4.132,23.183334,1.8069999,,,1769428171,,3
2026-01-26 03:50:18.325305,0x433ad35c,96,4.143,22.565,4.9980555,6.25,-54,1769428216,3,3
2026-01-26 03:50:33.444469,0x433e9c88,98,4.166,21.143333,1.8380277,,,1769428231,,3
2026-01-26 03:51:33.698348,0x433e9c88,97,4.151,21.431667,1.8487778,,,1769428291,3,3
2026-01-26 03:52:33.723422,0x433e9c88,99,4.188,16.93,1.8307778,,,1769428351,,3
2026-01-26 03:52:40.186811,0x433b0b38,97,4.155,18.064999,4.8114443,6.75,-74,1769428357,5,5
2026-01-26 03:52:45.295472,0x433b0098,98,4.174,24.333334,5.0398335,5.75,-61,1769428363,2,2
2026-01-26 03:53:34.079586,0x433e9c88,100,4.194,27.038332,1.88275,,,1769428411,,3
2026-01-26 03:54:34.164680,0x433e9c88,77,3.965,20.281666,1.928861,,,1769428472,,3
2026-01-26 03:55:08.616000,0x433abf20,97,4.158,19.82,4.519472,5.25,-76,1769428506,3,3
2026-01-26 03:55:20.394731,0x433acb14,99,4.188,21.021667,4.2229443,3.25,-91,1769428518,3,3
2026-01-26 03:55:34.059714,0x433e9c88,95,4.12,22.213333,1.9117501,,,1769428532,,3
2026-01-26 03:56:18.068586,0x433ad35c,97,4.152,26.056665,4.9604445,6.25,-53,1769428575,3,3
2026-01-26 03:56:34.181004,0x433e9c88,97,4.158,21.908335,1.8821111,,,1769428592,,3
2026-01-26 03:57:34.108741,0x433e9c88,101,4.211,22.061666,1.8976388,,,1769428652,,3
2026-01-26 03:57:49.659863,0xbd50376c,98,4.164,22.391666,1.9214166,5.75,-75,1769428667,3,3
2026-01-26 03:58:34.286609,0x433e9c88,99,4.181,21.613333,1.9366112,,,1769428712,,3
2026-01-26 03:58:39.987496,0x433b0b38,99,4.186,23.883333,4.7441664,6.5,-75,1769428717,5,5
2026-01-25 20:59:20.924276,0x433b0098,97,4.15,22.061666,3.90875,5.75,-62,1769403559,2,2
2026-01-25 21:00:07.596917,0x433e9c88,100,4.192,28.043333,1.6507221,,,1769403606,,3
2026-01-25 21:00:52.376443,0x433acb14,100,4.191,21.468334,4.8006945,3.5,-92,1769403650,3,3
2026-01-25 21:01:07.659502,0x433e9c88,99,4.181,22.303333,1.6559445,,,1769403666,,3
2026-01-25 21:01:44.338100,0x433abf20,97,4.153,23.69,4.68725,5.5,-77,1769403702,3,3
2026-01-25 21:01:47.439471,0x433ad35c,99,4.183,20.885,4.4901943,6.25,-53,1769403705,3,3
2026-01-25 21:02:07.623211,0x433e9c88,100,4.195,28.013334,1.6559445,,,1769403726,,3
2026-01-25 21:03:07.787360,0x433e9c88,96,4.144,18.038334,1.6748611,,,1769403786,,3
2026-01-25 21:04:07.708111,0x433e9c88,101,4.213,24.663334,1.676889,,,1769403846,,3
2026-01-25 21:04:13.769876,0x433b0b38,97,4.159,25.798332,4.702417,5.25,-74,1769403852,5,5
2026-01-25 21:05:07.701401,0x433e9c88,99,4.185,26.826668,1.7311666,,,1769403906,,3
2026-01-25 21:05:45.436588,0x433af380,99,4.181,24.073334,3.5942779,6.0,-38,1769403943,3,3
2026-01-25 21:06:07.795201,0x433e9c88,97,4.159,21.733334,1.7543889,,,1769403966,,3
2026-01-25 21:06:21.284962,0x433b0098,96,4.134,24.003332,3.9532223,6.0,-61,1769403979,2,2
2026-01-25 21:06:52.581343,0x433acb14,101,4.212,24.824999,4.759444,3.5,-92,1769404010,3,3
2026-01-25 21:07:07.862140,0x433e9c88,98,4.167,26.536667,1.824861,,,1769404026,,3
2026-01-25 21:07:46.373925,0x433abf20,97,4.161,18.324999,4.7288613,6.25,-76,1769404064,3,3
2026-01-25 21:07:48.988211,0x433ad35c,99,4.177,24.275,4.4956665,6.25,-53,1769404067,3,3
2026-01-25 21:08:07.974762,0x433e9c88,90,4.057,29.283333,1.8437779,,,1769404086,,3
2026-01-25 21:09:07.925302,0x433e9c88,95,4.133,14.533334,1.8437779,,,1769404146,,3
2026-01-25 21:10:07.933222,0x433e9c88,99,4.184,28.411665,1.867,,,1769404206,,3
2026-01-25 21:10:14.100451,0x433b0b38,100,4.193,28.411665,4.859611,6.5,-73,1769404212,5,5
2026-01-25 21:11:08.024604,0x433e9c88,96,4.134,25.728333,1.9212499,,,1769404266,,3
2026-01-25 21:12:08.028050,0x433e9c88,100,4.199,19.82,1.8498888,,,1769404326,,3
2026-01-25 21:12:22.460855,0x433b0098,98,4.175,20.078333,3.8810835,6.0,-61,1769404340,2,2
2026-01-25 21:12:52.698678,0x433acb14,101,4.216,26.071667,4.8624444,3.75,-92,1769404371,3,3
2026-01-25 21:13:08.073832,0x433e9c88,100,4.194,28.041666,1.8852223,,,1769404386,,3
2026-01-25 21:13:48.108632,0x433abf20,101,4.213,22.008333,4.7815,5.75,-77,1769404426,3,3
2026-01-25 21:13:49.945997,0x433ad35c,100,4.197,26.741665,4.698639,5.75,-54,1769404428,3,3
2026-01-25 21:14:08.162227,0x433e9c88,99,4.182,27.726667,1.8541945,,,1769404446,,3
2026-01-25 21:15:08.360381,0x433e9c88,101,4.208,22.050001,1.8146666,,,1769404506,3,3
2026-01-25 21:15:46.316468,0x433af380,100,4.191,24.871666,3.5110276,6.5,-38,1769404544,3,3
2026-01-25 21:16:08.491796,0x433e9c88,97,4.15,24.65,1.8650833,,,1769404567,,3
2026-01-25 21:16:14.339769,0x433b0b38,101,4.204,24.65,4.835806,6.0,-74,1769404572,5,5
2026-01-25 21:17:08.412121,0x433e9c88,97,4.149,23.975,1.8529723,,,1769404627,,3
2026-01-25 21:18:08.491548,0x433e9c88,99,4.187,20.695,1.8718889,,,1769404687,,3
2026-01-25 21:18:21.818088,0x433b0098,96,4.138,20.695,3.7806113,6.0,-61,1769404700,2,2
2026-01-25 21:18:25.552657,0xbd50376c,101,4.208,20.803333,1.8725833,5.5,-75,1769404703,3,3
2026-01-25 21:18:54.152079,0x433acb14,101,4.201,25.411665,4.893528,3.25,-92,1769404732,3,3
2026-01-25 21:19:08.689050,0x433e9c88,97,4.16,28.258333,1.8908056,,,1769404747,,3
2026-01-25 21:19:47.065211,0x433abf20,100,4.198,22.498333,4.7553053,6.0,-76,1769404785,3,3
2026-01-25 21:19:50.019884,0x433ad35c,101,4.221,21.348333,4.773945,6.25,-54,1769404788,3,3
2026-01-25 21:20:08.669997,0x433e9c88,100,4.195,30.558332,1.8700832,,,1769404807,,3
2026-01-25 21:21:08.627755,0x433e9c88,98,4.165,16.201666,1.9079168,,,1769404867,,3
2026-01-25 21:22:08.731345,0x433e9c88,98,4.174,23.815,1.8597778,,,1769404927,,3
2026-01-25 21:22:14.613057,0x433b0b38,99,4.18,23.815,4.8216667,6.0,-74,1769404932,5,5
2026-01-25 21:23:08.684139,0x433e9c88,99,4.183,26.785002,1.8761944,,,1769404987,,3
2026-01-25 21:24:08.897723,0x433e9c88,95,4.132,18.601665,1.8903611,,,1769405047,,3
2026-01-25 21:24:22.070218,0x433b0098,101,4.202,19.736668,3.8309722,6.0,-61,1769405060,2,2
2026-01-25 21:24:54.269637,0x433acb14,98,4.164,30.751667,4.91675,4.0,-92,1769405092,3,3
2026-01-25 21:25:08.803622,0x433e9c88,97,4.148,27.73,1.9606111,,,1769405107,,3
2026-01-25 21:25:49.616345,0x433ad35c,99,4.176,24.869999,4.7755833,5.75,-53,1769405148,3,3
2026-01-25 21:26:08.826151,0x433e9c88,98,4.173,25.756666,1.989361,,,1769405167,,3
2026-01-25 21:27:08.891466,0x433e9c88,101,4.21,16.230001,2.0116665,,,1769405227,,3
2026-01-25 21:27:46.440212,0x433abf20,99,4.182,19.008333,4.8173056,5.75,-76,1769405264,3,3
2026-01-25 21:27:49.375873,0x433af380,78,3.979,19.531668,3.4774165,6.5,-38,1769405267,3,3
2026-01-25 21:28:08.895441,0x433e9c88,97,4.151,27.193335,1.9927499,,,1769405287,,3
2026-01-25 21:28:14.916435,0x433b0b38,98,4.169,25.006666,4.8194165,5.25,-74,1769405293,5,5
2026-01-25 21:29:08.969153,0x433e9c88,97,4.154,24.060001,1.9781388,,,1769405347,,3
2026-01-25 21:30:09.178167,0x433e9c88,97,4.161,25.196665,2.0116665,,,1769405407,,3
2026-01-25 21:30:54.075181,0x433acb14,101,4.202,23.168333,5.006361,4.0,-91,1769405452,3,3
2026-01-25 21:31:09.026868,0x433e9c88,101,4.215,25.728333,2.0287502,,,1769405467,,3
2026-01-25 21:31:51.150157,0x433ad35c,99,4.188,22.390001,4.9833612,6.25,-53,1769405509,3,3
2026-01-25 21:32:09.106662,0x433e9c88,100,4.197,25.166666,2.0373611,,,1769405527,,3
2026-01-25 21:33:09.222949,0x433e9c88,90,4.062,16.286667,2.037139,,,1769405587,,3
2026-01-25 21:33:22.321568,0x433b0098,100,4.197,17.421667,4.036083,5.75,-61,1769405600,2,2
2026-01-25 21:33:44.832798,0x433abf20,100,4.193,23.261665,4.949445,5.75,-76,1769405623,3,3
2026-01-25 21:34:09.307229,0x433e9c88,98,4.172,27.726667,2.0206945,,,1769405647,,3
2026-01-25 21:34:14.917972,0x433b0b38,98,4.175,29.996666,4.8226943,5.75,-74,1769405653,5,5
2026-01-25 21:35:09.232627,0x433e9c88,101,4.205,24.578333,2.0560277,,,1769405707,,3
2026-01-25 21:36:09.296402,0x433e9c88,101,4.201,21.488333,2.025,,,1769405767,,3
2026-01-25 21:36:55.724954,0x433acb14,99,4.188,25.77,5.0361667,3.25,-92,1769405814,3,3
2026-01-25 21:37:09.506346,0x433e9c88,98,4.174,27.768335,2.028861,,,1769405828,,3
2026-01-25 21:37:44.386834,0x433af380,100,4.197,23.328333,3.343861,6.5,-38,1769405862,3,3
2026-01-25 21:37:51.029047,0x433ad35c,98,4.164,17.710001,5.220139,6.75,-54,1769405869,3,3
2026-01-25 21:38:09.452916,0x433e9c88,101,4.22,26.098335,1.9684722,,,1769405888,,3
2026-01-25 21:39:09.413348,0x433e9c88,99,4.179,19.173332,1.9326667,,,1769405948,,3
2026-01-25 21:39:22.397055,0x433b0098,98,4.167,19.173332,4.2798615,5.5,-61,1769405960,2,2
2026-01-25 21:39:45.452034,0x433abf20,98,4.163,20.58,5.2131114,5.75,-76,1769405983,3,3
2026-01-25 21:40:09.655245,0x433e9c88,98,4.17,28.001667,1.9322222,,,1769406008,,3
2026-01-25 21:40:15.348055,0x433b0b38,99,4.189,25.731668,4.747028,5.5,-74,1769406013,5,5
2026-01-25 21:41:09.529544,0x433e9c88,98,4.163,28.25,1.8961943,,,1769406068,,3
2026-01-25 21:42:09.645762,0x433e9c88,101,4.208,18.656666,1.9297222,,,1769406128,,3
2026-01-25 21:42:55.235698,0x433acb14,100,4.193,19.228333,5.139028,3.75,-92,1769406173,3,3
2026-01-25 21:43:09.593657,0x433e9c88,97,4.156,24.086666,1.9447777,,,1769406188,,3
2026-01-25 21:43:53.143180,0x433ad35c,98,4.174,21.513334,5.2528334,5.75,-54,1769406231,3,3
2026-01-25 21:44:09.790920,0x433e9c88,99,4.176,25.756666,1.9137499,,,1769406248,,3
2026-01-25 21:45:09.730620,0x433e9c88,101,4.214,23.185,1.9137499,,,1769406308,,3
2026-01-25 21:45:22.686271,0x433b0098,96,4.137,23.185,4.3363056,6.25,-61,1769406321,2,2
2026-01-25 21:45:45.475570,0x433abf20,98,4.162,22.278332,5.36075,5.0,-76,1769406343,3,3
2026-01-25 21:46:09.847378,0x433e9c88,99,4.177,27.726667,1.857,,,1769406368,,3
2026-01-25 21:46:15.547284,0x433b0b38,97,4.16,26.591667,4.7187223,5.5,-74,1769406373,5,5
2026-01-25 21:47:09.811565,0x433e9c88,98,4.162,22.25,1.8738889,,,1769406428,,3
2026-01-25 21:47:45.611224,0x433af380,99,4.181,20.803333,3.657,6.25,-39,1769406464,3,3
2026-01-25 21:48:09.850979,0x433e9c88,101,4.207,21.818335,1.85975,,,1769406488,,3
2026-01-25 21:48:56.180167,0x433acb14,101,4.206,20.678333,5.12175,3.5,-92,1769406534,3,3
2026-01-25 21:49:10.087520,0x433e9c88,101,4.201,22.28,1.8451389,,,1769406548,,3
2026-01-25 21:49:51.952415,0x433ad35c,101,4.211,24.686666,5.431,6.25,-53,1769406590,3,3
2026-01-25 21:50:10.087652,0x433e9c88,101,4.224,26.056665,1.8136389,,,1769406608,,3
2026-01-25 21:51:10.202251,0x433e9c88,99,4.18,21.488333,1.8136389,,,1769406668,3,3
2026-01-25 21:51:23.068305,0x433b0098,98,4.166,24.5,4.5017223,6.0,-61,1769406681,2,2
2026-01-25 21:52:10.156412,0x433e9c88,101,4.201,19.391666,1.7673334,,,1769406728,,3
2026-01-25 21:52:15.860973,0x433b0b38,98,4.171,20.526667,4.7469997,6.0,-73,1769406734,5,5
2026-01-25 21:52:47.323900,0x433abf20,98,4.166,19.65,5.523444,5.5,-76,1769406765,3,3
2026-01-25 21:53:10.261939,0x433e9c88,98,4.167,26.878334,1.7422779,,,1769406788,,3
2026-01-25 21:54:10.343638,0x433e9c88,98,4.175,21.488333,1.7379721,,,1769406848,,3
2026-01-25 21:54:25.075415,0xbd50376c,101,4.226,21.488333,1.4120555,5.25,-75,1769406863,3,3
2026-01-25 21:54:59.625981,0x433acb14,101,4.206,27.521667,4.9696665,3.5,-91,1769406898,3,3
2026-01-25 21:55:10.484291,0x433e9c88,100,4.198,30.529999,1.7568889,,,1769406908,,3
2026-01-25 21:55:56.003816,0x433ad35c,101,4.202,18.708334,5.510028,6.5,-53,1769406954,3,3
2026-01-25 21:56:10.375800,0x433e9c88,97,4.158,24.935,1.7758055,,,1769406969,,3
2026-01-25 21:57:10.489814,0x433e9c88,101,4.225,20.583334,1.7546111,,,1769407029,,3
2026-01-25 21:57:23.135288,0x433b0098,97,4.152,20.585001,4.6990833,5.25,-61,1769407041,2,2
2026-01-25 21:58:10.569826,0x433e9c88,101,4.21,25.948334,1.7755555,,,1769407089,,3
2026-01-25 21:58:16.054399,0x433b0b38,97,4.161,27.056667,4.682555,6.25,-74,1769407094,5,5
2026-01-25 21:58:48.253824,0x433abf20,98,4.167,24.060001,5.7258053,5.25,-76,1769407126,3,3
2026-01-25 21:58:51.343801,0x433af380,100,4.19,24.6,3.5714443,6.75,-38,1769407129,3,3
2026-01-25 21:59:10.483033,0x433e9c88,98,4.165,27.411667,1.7566389,,,1769407149,,3
2026-01-26 20:00:40.289812,0x433e9c88,97,4.16,21.43,2.0409443,,,1769486436,,3
2026-01-26 20:00:51.097084,0x433b0098,101,4.203,18.885,4.174667,5.5,-60,1769486447,2,2
2026-01-26 20:01:40.472262,0x433e9c88,100,4.19,24.595,2.0350277,,,1769486496,,3
2026-01-26 20:02:24.245906,0x433acb14,98,4.169,22.281666,4.1526113,4.5,-87,1769486540,3,3
2026-01-26 20:02:40.497847,0x433e9c88,101,4.205,26.935,1.9868888,,,1769486556,,3
2026-01-26 20:03:14.907339,0x433ad35c,97,4.155,21.788334,4.1728888,5.75,-53,1769486591,3,3
2026-01-26 20:03:40.560075,0x433e9c88,98,4.174,20.911667,1.9868888,,,1769486616,,3
2026-01-26 20:04:07.377991,0x433abf20,97,4.156,20.035,4.5842223,5.5,-76,1769486643,3,3
2026-01-26 20:04:40.577954,0x433e9c88,99,4.185,23.181667,2.0165555,,,1769486677,,3
2026-01-26 20:04:44.776427,0x433af380,101,4.209,24.938334,2.9736667,6.25,-38,1769486680,3,3
2026-01-26 20:05:40.959736,0x433e9c88,101,4.207,21.605,2.0706112,,,1769486737,,3
2026-01-26 20:05:41.698936,0x433b0b38,100,4.199,23.358334,4.383278,7.0,-74,1769486737,5,5
2026-01-26 20:06:40.860046,0x433e9c88,98,4.172,18.036667,2.0856667,,,1769486797,3,3
2026-01-26 20:06:52.521340,0x433b0098,99,4.178,20.35,4.161389,5.75,-61,1769486808,2,2
2026-01-26 20:07:41.185363,0x433e9c88,100,4.192,25.865,2.106861,,,1769486857,,3
2026-01-26 20:08:23.956219,0x433acb14,101,4.207,25.466665,4.082861,4.0,-87,1769486900,3,3
2026-01-26 20:08:41.141072,0x433e9c88,101,4.201,23.181667,2.1322222,,,1769486917,,3
2026-01-26 20:09:15.151770,0x433ad35c,100,4.195,20.653334,4.2296386,6.25,-53,1769486951,3,3
2026-01-26 20:09:41.113241,0x433e9c88,100,4.192,19.75,2.0986943,,,1769486977,,3
2026-01-26 20:10:06.692777,0x433abf20,98,4.173,18.438334,4.7526946,5.5,-76,1769487002,3,3
2026-01-26 20:10:41.646496,0x433e9c88,99,4.181,26.263332,2.1005,,,1769487037,,3
2026-01-26 20:11:41.672782,0x433e9c88,97,4.156,22.32,2.129722,,,1769487097,,3
2026-01-26 20:11:47.650906,0x433b0b38,97,4.15,21.185,4.199222,6.75,-74,1769487103,5,4
2026-01-26 20:12:41.568693,0x433e9c88,97,4.154,22.498333,2.12925,,,1769487158,,3
2026-01-26 20:12:53.766891,0x433b0098,100,4.198,20.5,4.1378055,6.0,-60,1769487169,2,2
2026-01-26 20:13:41.651059,0x433e9c88,101,4.238,22.048334,2.12925,,,1769487218,,3
2026-01-26 20:14:24.674304,0x433acb14,101,4.21,25.466665,4.10925,4.25,-87,1769487260,3,3
2026-01-26 20:14:42.074501,0x433e9c88,98,4.171,20.24,2.1481667,,,1769487278,,3
2026-01-26 20:14:45.760605,0x433af380,101,4.204,23.074999,3.0916667,6.25,-39,1769487281,3,3
2026-01-26 20:15:17.747414,0x433ad35c,100,4.19,19.488333,4.15325,6.25,-54,1769487313,3,3
2026-01-26 20:15:42.236448,0x433e9c88,97,4.159,20.391666,2.1395555,,,1769487338,,3
2026-01-26 20:16:05.992605,0x433abf20,96,4.146,22.581667,4.748306,5.5,-76,1769487362,3,3
2026-01-26 20:16:42.442914,0x433e9c88,99,4.179,23.481667,2.1206388,,,1769487398,,3
2026-01-26 20:17:43.189627,0x433b0b38,99,4.185,24.045,4.0029445,6.75,-74,1769487459,5,5
2026-01-26 20:17:56.920884,0xbd50376c,98,4.169,24.003332,2.4335833,7.0,-74,1769487473,3,3
2026-01-26 20:18:43.063757,0x433e9c88,97,4.154,19.258333,2.0551944,,,1769487519,,3
2026-01-26 20:18:56.200555,0x433b0098,101,4.202,21.528334,4.0683613,6.5,-74,1769487532,2,1
2026-01-26 20:19:43.096828,0x433e9c88,100,4.196,26.043335,2.0178056,,,1769487579,,3
2026-01-26 20:20:25.489214,0x433acb14,101,4.235,24.671667,4.0056944,-6.25,-88,1769487621,3,3
2026-01-26 20:20:43.367897,0x433e9c88,78,3.977,24.891666,2.0342221,,,1769487639,,3
2026-01-26 20:21:17.672382,0x433ad35c,98,4.164,21.801666,4.15625,6.0,-53,1769487673,3,3
2026-01-26 20:21:43.068720,0x433e9c88,96,4.145,20.598333,2.0470278,,,1769487699,,3
2026-01-26 20:22:06.240146,0x433abf20,97,4.15,21.705,4.850639,5.5,-77,1769487722,3,3
2026-01-26 20:22:43.093923,0x433e9c88,98,4.165,24.02,2.0488334,,,1769487759,,3
2026-01-26 20:23:43.507588,0x433e9c88,100,4.2,16.313334,2.0925832,,,1769487819,,3
2026-01-26 20:23:45.042398,0x433b0b38,100,4.194,17.448334,3.9486666,6.25,-73,1769487821,5,5
2026-01-26 20:24:43.584321,0x433e9c88,100,4.19,19.766666,2.0633612,,,1769487879,,3
2026-01-26 20:24:49.847303,0x433af380,98,4.174,20.535,3.2896113,6.25,-38,1769487886,3,3
2026-01-26 20:24:53.926721,0x433b0098,99,4.182,21.324999,4.0035834,5.75,-61,1769487890,2,2
2026-01-26 20:25:44.002371,0x433e9c88,101,4.218,23.086666,2.0656388,,,1769487940,,3
2026-01-26 20:26:24.726809,0x433acb14,101,4.223,24.248333,4.07325,3.75,-88,1769487980,3,3
2026-01-26 20:26:44.102062,0x433e9c88,90,4.059,20.83,2.07775,,,1769488000,,3
2026-01-26 20:27:16.532538,0x433ad35c,98,4.165,20.515,4.1328053,6.75,-53,1769488032,3,3
2026-01-26 20:27:44.356661,0x433e9c88,98,4.171,18.585,2.07775,,,1769488060,,3
2026-01-26 20:28:06.882310,0x433abf20,99,4.184,17.765001,4.8745556,5.5,-76,1769488083,3,3
2026-01-26 20:28:44.599124,0x433e9c88,99,4.189,20.913332,2.089861,,,1769488120,,3
2026-01-26 20:29:44.451199,0x433e9c88,101,4.204,17.161667,2.0180554,,,1769488180,,3
2026-01-26 20:29:45.129463,0x433b0b38,99,4.186,21.185,3.9744444,6.5,-74,1769488181,5,5
2026-01-26 20:30:44.650581,0x433e9c88,100,4.198,18.258333,1.9986666,,,1769488240,,3
2026-01-26 20:30:54.139783,0x433b0098,98,4.165,23.978333,3.9579167,5.75,-60,1769488250,2,2
2026-01-26 20:31:44.542631,0x433e9c88,99,4.176,20.008333,2.0002499,,,1769488300,,3
2026-01-26 20:32:24.988344,0x433acb14,101,4.207,25.455002,4.0249724,4.0,-88,1769488341,3,3
2026-01-26 20:32:44.710557,0x433e9c88,99,4.176,22.756666,1.9667222,,,1769488361,,3
2026-01-26 20:33:16.780684,0x433ad35c,101,4.204,22.978333,4.143833,5.75,-53,1769488392,3,3
2026-01-26 20:33:44.635892,0x433e9c88,97,4.156,21.761665,1.9619445,,,1769488421,,3
2026-01-26 20:34:07.438738,0x433abf20,98,4.167,22.746668,4.9696665,5.5,-76,1769488443,3,3
2026-01-26 20:34:44.719078,0x433e9c88,101,4.201,24.060001,1.9035833,,,1769488481,,3
2026-01-26 20:34:52.813667,0x433af380,98,4.165,21.601667,3.3096666,6.0,-38,1769488488,3,3
2026-01-26 20:35:44.931283,0x433e9c88,101,4.241,24.553333,1.8846667,,,1769488541,,3
2026-01-26 20:35:48.300746,0x433b0b38,98,4.169,22.61,3.9750278,6.0,-75,1769488544,5,5
2026-01-26 20:36:44.805160,0x433e9c88,100,4.199,23.131666,1.8554446,,,1769488601,,3
2026-01-26 20:36:54.992552,0x433b0098,98,4.17,21.516666,4.191111,7.0,-60,1769488611,2,2
2026-01-26 20:37:45.121282,0x433e9c88,90,4.055,21.378334,1.8365277,,,1769488661,,3
2026-01-26 20:38:25.291103,0x433acb14,98,4.162,25.236666,4.171111,4.0,-87,1769488701,3,3
2026-01-26 20:38:45.393192,0x433e9c88,100,4.195,19.295,1.8176111,,,1769488721,,3
2026-01-26 20:39:17.759614,0x433ad35c,98,4.172,21.116667,4.1634445,6.5,-53,1769488753,3,3
2026-01-26 20:39:45.631879,0x433e9c88,93,4.099,17.315,1.8468333,,,1769488781,,3
2026-01-26 20:40:07.925524,0x433abf20,99,4.18,20.34,5.0167503,5.5,-76,1769488804,3,3
2026-01-26 20:40:45.289317,0x433e9c88,99,4.186,20.966667,1.8673612,,,1769488841,,3
2026-01-26 20:41:45.444461,0x433e9c88,100,4.199,13.823334,1.8732777,,,1769488901,,3
2026-01-26 20:41:49.248559,0x433b0b38,98,4.173,19.285,3.9967225,6.25,-74,1769488905,5,5
2026-01-26 20:42:45.524954,0x433e9c88,98,4.162,26.031668,1.8878888,,,1769488961,,3
2026-01-26 20:42:54.732216,0x433b0098,93,4.105,21.981667,4.2305,5.75,-61,1769488970,2,2
2026-01-26 20:43:45.571741,0x433e9c88,100,4.194,24.060001,1.9068055,,,1769489021,3,3
2026-01-26 20:44:26.064995,0x433acb14,101,4.201,24.576668,4.186972,4.75,-87,1769489062,3,3
2026-01-26 20:44:45.599298,0x433e9c88,99,4.18,23.263334,1.8897222,,,1769489082,,3
2026-01-26 20:44:47.136318,0x433af380,96,4.142,21.94,3.4095836,6.0,-38,1769489083,3,3
2026-01-26 20:45:17.506499,0x433ad35c,95,4.132,25.743332,4.209361,6.0,-54,1769489113,3,3
2026-01-26 20:45:45.793509,0x433e9c88,99,4.183,24.621668,1.8810278,,,1769489142,,3
2026-01-26 20:46:45.689339,0x433e9c88,99,4.185,19.145,1.8306112,,,1769489202,,3
2026-01-26 20:47:13.665211,0x433abf20,99,4.189,22.578333,5.049139,5.5,-76,1769489229,3,3
2026-01-26 20:47:45.794571,0x433e9c88,96,4.143,22.77,1.8173611,,,1769489262,,3
2026-01-26 20:47:50.625453,0x433b0b38,96,4.147,22.06,4.0401387,6.5,-74,1769489266,5,5
2026-01-26 20:48:45.858711,0x433e9c88,99,4.187,18.765,1.7676111,,,1769489322,,3
2026-01-26 20:48:54.843135,0x433b0098,97,4.16,21.803333,4.3469443,6.75,-59,1769489330,2,2
2026-01-26 20:49:45.921683,0x433e9c88,99,4.189,20.913332,1.7633057,,,1769489382,,3
2026-01-26 20:50:25.970161,0x433acb14,101,4.218,29.421667,4.2670274,4.25,-88,1769489422,3,3
2026-01-26 20:50:46.002230,0x433e9c88,101,4.216,22.824999,1.7628332,,,1769489442,,3
2026-01-26 20:51:18.566281,0x433ad35c,101,4.211,19.925,4.240389,6.5,-53,1769489474,3,3
2026-01-26 20:51:46.040806,0x433e9c88,99,4.189,24.361668,1.7628332,,,1769489502,,3
2026-01-26 20:52:46.093569,0x433e9c88,98,4.164,28.064999,1.7756389,,,1769489562,,3
2026-01-26 20:53:08.366772,0x433abf20,99,4.184,20.495,5.171528,5.5,-76,1769489584,3,3
2026-01-26 20:53:46.076170,0x433e9c88,97,4.159,22.278332,1.7567223,,,1769489622,,3
2026-01-26 20:53:49.709153,0x433b0b38,95,4.133,19.390001,4.1306114,7.0,-74,1769489625,5,5
2026-01-26 20:53:59.577822,0xbd50376c,100,4.198,20.225,2.4104445,6.75,-74,1769489635,3,3
2026-01-26 20:54:46.270441,0x433e9c88,100,4.194,22.68,1.7758889,,,1769489682,,3
2026-01-26 20:54:47.496962,0x433af380,101,4.202,24.601667,3.3017223,6.75,-38,1769489683,3,3
2026-01-26 20:54:55.796910,0x433b0098,101,4.206,23.843332,4.470361,6.75,-60,1769489691,2,2
2026-01-26 20:55:46.132784,0x433e9c88,97,4.158,24.813334,1.7612778,,,1769489742,,3
2026-01-26 20:56:25.998616,0x433acb14,100,4.196,26.678333,4.301639,4.25,-87,1769489782,3,3
2026-01-26 20:56:46.279207,0x433e9c88,97,4.161,20.291666,1.7423611,,,1769489802,,3
2026-01-26 20:57:19.110770,0x433ad35c,100,4.198,19.706667,4.4705834,5.75,-54,1769489835,3,3
2026-01-26 20:57:46.293969,0x433e9c88,98,4.165,20.311666,1.6930833,,,1769489862,,3
2026-01-26 20:58:46.388227,0x433e9c88,101,4.219,15.796667,1.7015,,,1769489922,,3
2026-01-26 20:59:08.612645,0x433abf20,101,4.21,19.201666,5.2879167,5.5,-76,1769489944,3,3
2026-01-26 20:59:46.503422,0x433e9c88,97,4.154,24.521667,1.6679723,,,1769489982,,3
2026-01-26 20:59:50.380536,0x433b0b38,100,4.2,22.251667,4.114639,4.75,-74,1769489986,5,5
2026-01-27 12:00:42.204160,0x433b0b38,99,4.181,25.005001,4.320611,5.5,-72,1769544036,5,5
2026-01-27 12:00:50.238116,0x433e9c88,97,4.159,21.826666,2.0711665,,,1769544045,,3
2026-01-27 12:01:50.229181,0x433e9c88,101,4.213,15.906666,2.052472,,,1769544105,,3
2026-01-27 12:02:03.052778,0xbd50376c,101,4.229,19.716667,2.0799167,7.5,-74,1769544117,3,3
2026-01-27 12:02:50.306911,0x433e9c88,95,4.121,13.956666,1.9957222,,,1769544165,,3
2026-01-27 12:03:09.449581,0x433abf20,99,4.181,17.788332,4.463667,6.0,-75,1769544184,3,3
2026-01-27 12:03:24.198060,0x433acb14,101,4.204,20.006666,4.511611,4.5,-91,1769544198,3,3
2026-01-27 12:03:50.457024,0x433e9c88,101,4.209,24.743334,2.0121388,,,1769544225,,3
2026-01-27 12:04:11.865420,0x433ad35c,97,4.16,21.438334,4.4253335,6.75,-53,1769544246,3,3
2026-01-27 12:04:50.367029,0x433e9c88,98,4.175,25.406668,2.0221944,,,1769544285,,3
2026-01-27 12:05:25.009084,0x433af380,100,4.19,24.681667,3.0761945,6.0,-37,1769544319,3,3
2026-01-27 12:05:50.413833,0x433e9c88,98,4.165,23.289999,2.0205834,,,1769544345,,3
2026-01-27 12:06:01.856667,0x433b0098,101,4.201,23.521666,4.878889,6.0,-59,1769544356,2,2
2026-01-27 12:06:42.588469,0x433b0b38,100,4.2,24.301666,4.2323055,5.75,-74,1769544397,5,5
2026-01-27 12:06:50.458598,0x433e9c88,100,4.195,24.765,1.96175,,,1769544405,,3
2026-01-27 12:07:50.654522,0x433e9c88,98,4.165,22.931667,1.9193612,,,1769544465,,3
2026-01-27 12:08:50.669999,0x433e9c88,99,4.187,15.940001,1.9308054,,,1769544525,,3
2026-01-27 12:09:14.004896,0x433abf20,100,4.19,18.056667,4.577361,7.5,-74,1769544548,3,3
2026-01-27 12:09:23.851541,0x433acb14,101,4.208,23.78,4.439833,-3.5,-99,1769544558,3,3
2026-01-27 12:09:50.812918,0x433e9c88,99,4.183,21.205,1.9775556,,,1769544585,,3
2026-01-27 12:10:12.373348,0x433ad35c,98,4.164,21.356667,4.3894444,6.25,-53,1769544607,3,3
2026-01-27 12:10:50.683681,0x433e9c88,100,4.19,20.618334,1.99625,,,1769544645,,3
2026-01-27 12:11:50.817074,0x433e9c88,100,4.2,18.498333,2.0421112,,,1769544705,,3
2026-01-27 12:12:02.584044,0x433b0098,98,4.162,21.663334,4.670083,5.75,-61,1769544717,2,2
2026-01-27 12:12:42.759568,0x433b0b38,98,4.171,20.181665,4.216944,6.0,-72,1769544757,5,5
2026-01-27 12:12:50.831461,0x433e9c88,98,4.165,22.151667,2.050111,,,1769544765,,3
2026-01-27 12:13:50.980717,0x433e9c88,100,4.194,21.603334,2.047611,,,1769544825,,3
2026-01-27 12:14:50.931411,0x433e9c88,100,4.194,24.233334,2.0647223,,,1769544885,,3
2026-01-27 12:15:10.373507,0x433abf20,101,4.211,22.001667,4.5235834,5.5,-77,1769544905,3,3
2026-01-27 12:15:24.109288,0x433acb14,101,4.202,21.113333,4.42625,4.75,-89,1769544918,3,3
2026-01-27 12:15:27.879657,0x433af380,99,4.176,22.413332,3.2415278,7.25,-38,1769544922,3,3
2026-01-27 12:15:50.944796,0x433e9c88,99,4.187,27.846666,2.0950832,,,1769544945,,3
2026-01-27 12:16:12.520150,0x433ad35c,97,4.148,24.685,4.2802777,5.5,-53,1769544967,3,3
2026-01-27 12:16:50.967785,0x433e9c88,99,4.184,25.683334,2.1051388,,,1769545005,,3
2026-01-27 12:17:51.077092,0x433e9c88,97,4.161,20.375,2.1355,,,1769545065,,3
2026-01-27 12:18:03.405739,0x433b0098,97,4.157,21.314999,4.5889444,6.5,-60,1769545078,2,2
2026-01-27 12:18:42.977205,0x433b0b38,101,4.214,22.085001,4.2414446,5.75,-73,1769545117,5,5
2026-01-27 12:18:51.047171,0x433e9c88,99,4.189,21.031668,2.1555834,,,1769545126,,3
2026-01-27 12:19:51.249406,0x433e9c88,101,4.206,19.83,2.1740556,,,1769545186,,3
2026-01-27 12:20:51.330537,0x433e9c88,97,4.154,18.269999,2.1982222,,,1769545246,,3
2026-01-27 12:21:12.051121,0x433abf20,100,4.19,14.706667,4.471972,6.25,-77,1769545266,3,3
2026-01-27 12:21:25.218396,0x433acb14,101,4.227,20.768333,4.2709446,4.0,-92,1769545279,3,3
2026-01-27 12:21:51.263358,0x433e9c88,96,4.147,22.028334,2.2150834,,,1769545306,,3
2026-01-27 12:22:14.112108,0x433ad35c,100,4.19,18.414999,4.1597223,6.25,-54,1769545328,3,3
2026-01-27 12:22:51.235777,0x433e9c88,101,4.202,20.893333,2.2661946,,,1769545366,,3
2026-01-27 12:23:51.422514,0x433e9c88,101,4.213,20.403334,2.3321388,,,1769545426,,3
2026-01-27 12:24:05.666134,0x433b0098,101,4.217,23.073334,4.453389,5.75,-62,1769545440,2,2
2026-01-27 12:24:43.189855,0x433b0b38,97,4.152,23.028334,4.299361,6.0,-73,1769545477,5,5
2026-01-27 12:24:51.470712,0x433e9c88,96,4.14,24.998335,2.3255556,,,1769545486,,3
2026-01-27 12:25:27.994845,0x433af380,98,4.173,24.891666,3.3228889,6.0,-39,1769545522,3,3
2026-01-27 12:25:51.584740,0x433e9c88,99,4.178,25.658333,2.309611,,,1769545546,,3
2026-01-27 12:26:51.593714,0x433e9c88,99,4.186,24.89,2.3367777,,,1769545606,3,3
2026-01-27 12:27:24.534128,0x433acb14,101,4.209,21.375,4.274444,3.75,-93,1769545639,3,3
2026-01-27 12:27:51.792660,0x433e9c88,101,4.21,20.443335,2.3448055,,,1769545666,,3
2026-01-27 12:28:13.357457,0x433abf20,98,4.175,18.289999,4.2773333,6.0,-75,1769545688,3,3
2026-01-27 12:28:16.673497,0x433ad35c,97,4.151,18.618334,4.0671663,6.5,-54,1769545691,3,3
2026-01-27 12:28:51.669622,0x433e9c88,99,4.186,24.286667,2.31925,,,1769545726,,3
2026-01-27 12:29:51.794645,0x433e9c88,101,4.23,21.195,2.26475,,,1769545786,,3
2026-01-27 12:30:04.461936,0x433b0098,99,4.182,23.043333,4.383333,6.0,-61,1769545799,2,2
2026-01-27 12:30:43.444217,0x433b0b38,100,4.194,22.686666,4.241361,6.0,-74,1769545838,5,5
2026-01-27 12:30:51.763655,0x433e9c88,99,4.186,21.686666,2.2838888,,,1769545846,,3
2026-01-27 12:31:51.811109,0x433e9c88,99,4.183,20.371666,2.2850277,,,1769545906,,3
2026-01-27 12:32:52.049012,0x433e9c88,100,4.193,20.348333,2.271861,,,1769545966,,3
2026-01-27 12:33:25.254364,0x433acb14,99,4.177,18.61,4.228833,3.5,-91,1769545999,3,3
2026-01-27 12:33:52.074778,0x433e9c88,95,4.127,20.103334,2.2941945,,,1769546026,,3
2026-01-27 12:34:13.318900,0x433abf20,97,4.154,23.851667,4.2615,5.0,-78,1769546047,3,3
2026-01-27 12:34:16.635844,0x433ad35c,101,4.208,24.22,3.9951668,7.25,-54,1769546051,3,3
2026-01-27 12:34:51.950685,0x433e9c88,98,4.164,27.900002,2.318361,,,1769546086,,3
2026-01-27 12:35:28.283812,0x433af380,101,4.216,23.453335,3.4568331,7.0,-38,1769546122,3,3
2026-01-27 12:35:52.073312,0x433e9c88,99,4.18,20.095,2.335,,,1769546146,,3
2026-01-27 12:36:05.613678,0x433b0098,97,4.161,19.52,4.3861666,6.25,-62,1769546160,2,2
2026-01-27 12:36:49.801609,0x433b0b38,101,4.22,24.49,4.205,5.5,-73,1769546204,5,5
2026-01-27 12:36:52.115100,0x433e9c88,98,4.172,24.285,2.3302221,,,1769546207,,3
2026-01-27 12:37:52.092037,0x433e9c88,101,4.227,17.833332,2.320139,,,1769546267,,3
2026-01-27 12:38:06.330361,0xbd50376c,101,4.203,20.023335,2.0561666,5.75,-74,1769546280,3,3
2026-01-27 12:38:52.173504,0x433e9c88,101,4.204,20.821667,2.3280833,,,1769546327,,3
2026-01-27 12:39:26.796816,0x433acb14,101,4.231,19.591667,4.049361,4.5,-88,1769546361,3,3
2026-01-27 12:39:52.289677,0x433e9c88,99,4.184,19.741667,2.3531942,,,1769546387,,3
2026-01-27 12:40:13.490818,0x433abf20,101,4.223,17.85,4.269056,6.0,-76,1769546408,3,3
2026-01-27 12:40:16.232887,0x433ad35c,101,4.202,18.971666,3.96525,6.25,-55,1769546410,3,3
2026-01-27 12:40:52.269892,0x433e9c88,101,4.218,27.323332,2.299139,,,1769546447,,3
2026-01-27 12:41:52.464748,0x433e9c88,99,4.187,22.151667,2.2804444,,,1769546507,,3
2026-01-27 12:42:06.802245,0x433b0098,98,4.167,18.561666,4.1716666,5.75,-64,1769546521,2,2
2026-01-27 12:42:44.112522,0x433b0b38,99,4.183,23.105,4.301139,6.0,-72,1769546558,5,5
2026-01-27 12:42:52.447140,0x433e9c88,101,4.201,22.446667,2.2927501,,,1769546567,,3
2026-01-27 12:43:52.402674,0x433e9c88,100,4.199,17.880001,2.2297778,,,1769546627,,3
2026-01-27 12:44:52.481957,0x433e9c88,98,4.175,20.448334,2.2094722,,,1769546687,,3
2026-01-27 12:45:26.423340,0x433af380,99,4.186,16.28,3.5469167,6.25,-39,1769546721,3,3
2026-01-27 12:45:29.260231,0x433acb14,101,4.232,15.361667,4.011667,2.0,-95,1769546723,3,3
2026-01-27 12:45:52.517451,0x433e9c88,101,4.229,21.633333,2.1595278,,,1769546747,,3
2026-01-27 12:46:13.657040,0x433abf20,100,4.194,19.605,4.3603053,5.0,-75,1769546768,3,3
2026-01-27 12:46:15.467573,0x433ad35c,99,4.181,20.0,3.9244442,6.25,-55,1769546770,3,3
2026-01-27 12:46:52.542955,0x433e9c88,95,4.126,24.118334,2.1745832,,,1769546807,,3
2026-01-27 12:47:52.589360,0x433e9c88,101,4.233,18.125,2.220389,,,1769546867,,3
2026-01-27 12:48:06.325923,0x433b0098,99,4.181,19.641666,4.1645555,6.0,-59,1769546880,2,2
2026-01-27 12:48:44.585484,0x433b0b38,100,4.192,20.21,4.23875,5.25,-74,1769546919,5,5
2026-01-27 12:48:52.634811,0x433e9c88,101,4.222,22.18,2.2863054,,,1769546927,,3
2026-01-27 12:49:52.683486,0x433e9c88,101,4.212,22.258333,2.3349166,,,1769546987,,3
2026-01-27 12:50:52.878532,0x433e9c88,101,4.215,22.18,2.3310554,,,1769547047,,3
2026-01-27 12:51:30.795187,0x433acb14,101,4.244,17.748333,3.8686666,3.25,-93,1769547085,3,3
2026-01-27 12:51:52.799115,0x433e9c88,98,4.171,22.265001,2.335389,,,1769547107,,3
2026-01-27 12:52:13.555810,0x433abf20,100,4.19,20.811666,4.208611,5.5,-76,1769547128,3,3
2026-01-27 12:52:16.082368,0x433ad35c,97,4.159,23.645,3.7689168,5.75,-53,1769547130,3,3
2026-01-27 12:52:52.853149,0x433e9c88,99,4.18,22.151667,2.340139,,,1769547167,,3
2026-01-27 12:53:52.905339,0x433e9c88,98,4.172,20.193335,2.3568335,,,1769547227,,3
2026-01-27 12:54:05.513373,0x433b0098,101,4.205,23.163334,4.0044446,6.75,-59,1769547240,2,2
2026-01-27 12:54:45.388326,0x433b0b38,98,4.172,23.848333,4.179639,5.5,-70,1769547280,5,5
2026-01-27 12:54:52.946527,0x433e9c88,100,4.198,24.451668,2.4040556,,,1769547287,,3
2026-01-27 12:55:26.481005,0x433af380,98,4.167,24.276667,3.5037498,7.0,-38,1769547321,3,3
2026-01-27 12:55:53.172124,0x433e9c88,98,4.168,23.203333,2.4348612,,,1769547347,,3
2026-01-27 12:56:53.040070,0x433e9c88,98,4.172,23.876667,2.4357777,,,1769547407,,3
2026-01-27 12:57:28.972713,0x433acb14,99,4.187,20.548334,3.8133888,4.25,-86,1769547443,3,3
2026-01-27 12:57:53.253152,0x433e9c88,94,4.117,20.316666,2.3997223,,,1769547468,,3
2026-01-27 12:58:14.221233,0x433abf20,100,4.199,20.423334,4.1559443,6.0,-77,1769547488,3,3
2026-01-27 12:58:16.978199,0x433ad35c,96,4.143,18.833334,3.7360833,7.25,-53,1769547491,3,3
2026-01-27 12:58:53.137930,0x433e9c88,97,4.151,23.541666,2.3666112,,,1769547528,,3
2026-01-27 12:59:53.353821,0x433e9c88,98,4.167,21.933334,2.376889,,,1769547588,,3
2026-01-27 13:00:06.588564,0x433b0098,101,4.216,18.451668,4.1280556,5.5,-61,1769547601,2,2
2026-01-25 15:59:47.277132,0x433e9c88,98,4.171,24.556667,1.7891666,,,1769385586,,3
2026-01-25 16:00:20.952664,0x433abf20,97,4.154,24.529999,4.2692776,5.75,-76,1769385619,3,3
2026-01-25 16:00:33.057228,0x433acb14,98,4.165,22.146666,4.4994445,1.75,-95,1769385631,3,3
2026-01-25 16:00:47.357381,0x433e9c88,101,4.21,24.966665,1.8078611,,,1769385646,,3
2026-01-25 16:00:53.255732,0x433aad0c,99,4.176,23.845001,2.737139,6.75,-77,1769385652,3,3
2026-01-25 16:01:26.935453,0x433af380,97,4.153,22.145,3.041278,6.0,-39,1769385685,3,3
2026-01-25 16:01:29.689044,0x433ad35c,101,4.215,22.513332,3.1360276,7.5,-54,1769385688,3,3
2026-01-25 16:01:47.557733,0x433e9c88,101,4.229,26.74,1.7909722,,,1769385706,,3
2026-01-25 16:02:47.533277,0x433e9c88,100,4.196,23.115,1.8434167,,,1769385766,,3
2026-01-25 16:02:58.477745,0x433b0098,97,4.157,20.871666,3.3329167,6.25,-60,1769385777,2,2
2026-01-25 16:03:47.526368,0x433e9c88,100,4.194,23.638334,1.8434167,,,1769385826,,3
2026-01-25 16:03:54.228613,0x433b0b38,99,4.183,23.638334,4.0731945,5.0,-74,1769385833,5,5
2026-01-25 16:04:47.695834,0x433e9c88,101,4.209,26.51,1.8598332,,,1769385886,,3
2026-01-25 16:05:47.675711,0x433e9c88,99,4.178,23.733334,1.858,,,1769385946,,3
2026-01-25 16:06:21.193215,0x433abf20,98,4.175,18.491667,4.1948333,6.0,-77,1769385980,3,3
2026-01-25 16:06:33.456197,0x433acb14,101,4.223,20.86,4.371278,2.25,-93,1769385992,3,3
2026-01-25 16:06:47.810471,0x433e9c88,100,4.195,23.68,1.8974444,,,1769386006,,3
2026-01-25 16:06:53.762405,0x433aad0c,101,4.202,24.583334,2.600111,6.75,-77,1769386012,3,3
2026-01-25 16:07:29.055339,0x433ad35c,99,4.178,27.703333,3.169639,6.25,-54,1769386047,3,3
2026-01-25 16:07:47.776465,0x433e9c88,97,4.158,27.316666,1.9001666,,,1769386066,,3
2026-01-25 16:08:47.808150,0x433e9c88,99,4.187,27.016666,1.8725833,,,1769386126,,3
2026-01-25 16:08:58.818830,0x433b0098,101,4.222,23.076668,3.2094445,6.25,-61,1769386137,2,2
2026-01-25 16:09:47.764345,0x433e9c88,101,4.242,20.776667,1.854361,,,1769386186,,3
2026-01-25 16:09:54.740877,0x433b0b38,101,4.217,21.653334,4.0650277,6.25,-75,1769386193,5,5
2026-01-25 16:10:47.871203,0x433e9c88,99,4.185,24.416668,1.8548334,,,1769386246,,3
2026-01-25 16:11:30.464821,0x433af380,99,4.183,24.345,3.105611,6.0,-39,1769386289,3,3
2026-01-25 16:11:47.856591,0x433e9c88,100,4.2,25.173334,1.8589166,,,1769386307,,3
2026-01-25 16:12:25.509414,0x433abf20,99,4.186,20.41,4.1288056,5.5,-76,1769386344,3,3
2026-01-25 16:12:35.482964,0x433acb14,99,4.187,24.913334,4.3414445,3.0,-92,1769386354,3,3
2026-01-25 16:12:48.080988,0x433e9c88,100,4.191,26.609999,1.8226389,,,1769386367,,3
2026-01-25 16:12:53.876317,0x433aad0c,100,4.2,26.609999,2.5616112,5.25,-76,1769386372,3,3
2026-01-25 16:13:32.777951,0x433ad35c,99,4.176,30.206665,3.1942778,6.25,-54,1769386411,3,3
2026-01-25 16:13:47.950525,0x433e9c88,101,4.213,32.091667,1.7929722,,,1769386427,,3
2026-01-25 16:14:48.122728,0x433e9c88,100,4.191,24.746666,1.7929722,,,1769386487,,3
2026-01-25 16:14:59.157255,0x433b0098,101,4.206,23.625,3.1428888,5.75,-61,1769386498,2,2
2026-01-25 16:15:48.076485,0x433e9c88,100,4.195,21.626667,1.7783612,,,1769386547,,3
2026-01-25 16:15:55.260189,0x433b0b38,101,4.204,22.435001,4.210889,7.5,-74,1769386554,5,5
2026-01-25 16:16:48.214112,0x433e9c88,98,4.168,25.921667,1.7450557,,,1769386607,,3
2026-01-25 16:17:48.178533,0x433e9c88,101,4.203,22.833334,1.7186111,,,1769386667,,3
2026-01-25 16:18:22.989396,0x433abf20,101,4.221,24.366667,4.1245,5.5,-76,1769386701,3,3
2026-01-25 16:18:34.352485,0x433acb14,100,4.192,26.826668,4.3617225,2.0,-95,1769386713,3,3
2026-01-25 16:18:48.380654,0x433e9c88,100,4.196,25.21,1.7398056,,,1769386727,,3
2026-01-25 16:18:54.609915,0x433aad0c,101,4.219,23.513334,2.725611,6.25,-77,1769386733,3,3
2026-01-25 16:19:29.450353,0x433ad35c,99,4.187,22.581667,3.2405555,5.75,-53,1769386768,3,3
2026-01-25 16:19:48.288086,0x433e9c88,101,4.207,27.098333,1.7562221,,,1769386787,,3
2026-01-25 16:20:48.452024,0x433e9c88,97,4.155,22.886667,1.7398056,,,1769386847,,3
2026-01-25 16:20:59.340630,0x433b0098,101,4.204,23.763332,3.229861,6.25,-61,1769386858,2,2
2026-01-25 16:21:32.355249,0x433af380,99,4.185,21.601667,3.0,6.25,-39,1769386891,3,3
2026-01-25 16:21:48.601074,0x433e9c88,97,4.161,25.461668,1.7731111,,,1769386907,,3
2026-01-25 16:21:55.077644,0x433b0b38,100,4.196,26.283333,4.05175,6.25,-74,1769386913,5,5
2026-01-25 16:22:48.455717,0x433e9c88,99,4.182,26.961666,1.7918056,,,1769386967,,3
2026-01-25 16:23:48.634883,0x433e9c88,101,4.231,24.718334,1.8251112,,,1769387027,3,3
2026-01-25 16:24:21.956844,0x433abf20,98,4.175,17.33,4.001583,5.25,-77,1769387060,3,3
2026-01-25 16:24:38.562240,0x433acb14,99,4.188,22.09,4.0921392,3.0,-93,1769387077,3,3
2026-01-25 16:24:48.843647,0x433e9c88,97,4.161,22.789999,1.8766665,,,1769387087,,3
2026-01-25 16:24:54.567540,0x433aad0c,101,4.263,23.883333,2.8901944,6.25,-76,1769387093,3,3
2026-01-25 16:25:06.867863,0xbd50376c,101,4.234,24.731667,1.9226944,5.75,-74,1769387105,3,3
2026-01-25 16:25:29.914333,0x433ad35c,99,4.176,25.580002,3.3409166,8.0,-54,1769387128,3,3
2026-01-25 16:25:48.830315,0x433e9c88,99,4.182,27.698332,1.837,,,1769387147,,3
2026-01-25 16:26:48.866861,0x433e9c88,99,4.189,22.859999,1.8367778,,,1769387207,,3
2026-01-25 16:26:59.439779,0x433b0098,99,4.185,22.615,3.2726388,5.5,-61,1769387218,2,2
2026-01-25 16:27:48.873915,0x433e9c88,97,4.159,21.683334,1.7868055,,,1769387267,,3
2026-01-25 16:27:56.946208,0x433b0b38,100,4.197,22.560001,4.096417,6.0,-74,1769387275,5,5
2026-01-25 16:28:49.011424,0x433e9c88,100,4.19,29.480001,1.8216945,,,1769387327,,3
2026-01-25 16:29:49.026580,0x433e9c88,98,4.167,23.706667,1.8176111,,,1769387388,,3
2026-01-25 16:30:22.596296,0x433abf20,98,4.175,21.463333,3.891472,6.0,-77,1769387421,3,3
2026-01-25 16:30:49.142609,0x433e9c88,100,4.196,21.683334,1.8009722,,,1769387448,,3
2026-01-25 16:30:54.582914,0x433aad0c,101,4.248,22.560001,3.027111,5.75,-77,1769387453,3,3
2026-01-25 16:31:28.849609,0x433af380,97,4.151,24.803333,2.808861,6.0,-39,1769387487,3,3
2026-01-25 16:31:30.717479,0x433ad35c,99,4.181,27.088333,3.4542778,7.75,-54,1769387489,3,3
2026-01-25 16:31:49.216853,0x433e9c88,97,4.16,27.413332,1.8233055,,,1769387508,,3
2026-01-25 16:32:49.494085,0x433e9c88,101,4.203,19.928333,1.8438056,,,1769387568,,3
2026-01-25 16:32:59.733392,0x433b0098,100,4.199,21.926666,3.4177775,6.25,-60,1769387578,2,2
2026-01-25 16:33:49.430223,0x433e9c88,99,4.185,23.926666,1.8389722,,,1769387628,,3
2026-01-25 16:33:55.487648,0x433b0b38,100,4.197,24.323334,4.1160555,6.75,-73,1769387634,5,5
2026-01-25 16:34:49.464840,0x433e9c88,97,4.149,24.14,1.8784168,,,1769387688,,3
2026-01-25 16:35:49.700326,0x433e9c88,98,4.174,21.708334,1.8825,,,1769387748,,3
2026-01-25 16:36:23.077805,0x433abf20,98,4.172,22.095001,3.8094447,5.75,-76,1769387781,3,3
2026-01-25 16:36:38.627160,0x433acb14,98,4.175,25.650002,3.9811113,3.25,-93,1769387797,3,3
2026-01-25 16:36:49.812495,0x433e9c88,101,4.22,22.26,1.8809166,,,1769387808,,3
2026-01-25 16:36:56.314075,0x433aad0c,100,4.191,25.148333,3.1603613,5.75,-77,1769387815,3,3
2026-01-25 16:37:32.122978,0x433ad35c,99,4.183,25.154999,3.5514998,5.75,-54,1769387850,3,3
2026-01-25 16:37:49.729615,0x433e9c88,99,4.18,22.566668,1.8827223,,,1769387868,,3
2026-01-25 16:38:50.083321,0x433e9c88,101,4.215,23.158333,1.8286666,,,1769387929,,3
2026-01-25 16:39:00.056707,0x433b0098,97,4.158,24.335,3.4109168,6.0,-61,1769387938,2,2
2026-01-25 16:39:49.931785,0x433e9c88,99,4.187,22.011665,1.8437221,,,1769387989,,3
2026-01-25 16:39:56.080077,0x433b0b38,98,4.166,24.926666,4.11375,5.5,-75,1769387994,5,5
2026-01-25 16:40:49.977333,0x433e9c88,99,4.18,27.18,1.7899166,,,1769388049,,3
2026-01-25 16:41:30.109546,0x433af380,100,4.199,24.141666,2.7165277,6.25,-39,1769388088,3,3
2026-01-25 16:41:50.041133,0x433e9c88,98,4.167,23.213333,1.8195834,,,1769388109,,3
2026-01-25 16:42:25.420993,0x433abf20,100,4.2,15.795,3.7588332,5.75,-77,1769388144,3,3
2026-01-25 16:42:36.376174,0x433acb14,100,4.194,22.556667,3.9407778,2.75,-94,1769388155,3,3
2026-01-25 16:42:50.100544,0x433e9c88,101,4.225,23.623333,1.8403332,,,1769388169,,3
2026-01-25 16:42:55.518475,0x433aad0c,100,4.196,25.403332,3.1776946,5.25,-76,1769388174,3,3
2026-01-25 16:43:35.160394,0x433ad35c,101,4.215,30.246666,3.7191386,7.5,-54,1769388214,3,3
2026-01-25 16:43:50.198039,0x433e9c88,100,4.196,30.118334,1.8590277,,,1769388229,,3
2026-01-25 16:44:50.564503,0x433e9c88,99,4.181,22.265001,1.8403332,,,1769388289,,3
2026-01-25 16:45:00.705951,0x433b0098,96,4.145,23.168333,3.4410555,6.25,-60,1769388299,2,2
2026-01-25 16:45:50.766444,0x433e9c88,99,4.182,24.568333,1.8095278,,,1769388349,,3
2026-01-25 16:45:56.747295,0x433b0b38,99,4.179,26.348335,4.0961666,6.75,-73,1769388355,5,5
2026-01-25 16:46:50.780722,0x433e9c88,98,4.167,22.796667,1.8079445,,,1769388409,,3
2026-01-25 16:47:51.024374,0x433e9c88,101,4.211,21.418333,1.8043056,,,1769388469,,3
2026-01-25 16:48:27.664081,0x433abf20,101,4.225,21.203333,3.6524444,5.75,-76,1769388506,3,3
2026-01-25 16:48:36.493449,0x433acb14,101,4.211,23.486666,3.8561668,3.5,-92,1769388515,3,3
2026-01-25 16:48:50.803332,0x433e9c88,101,4.231,24.416668,1.7591112,,,1769388529,,3
2026-01-25 16:48:56.132510,0x433aad0c,101,4.244,24.416668,3.2315557,5.5,-76,1769388534,3,3
2026-01-25 16:49:32.051244,0x433ad35c,99,4.178,20.345,3.8393054,5.5,-53,1769388570,3,3
2026-01-25 16:49:50.899415,0x433e9c88,100,4.199,24.493334,1.7971667,,,1769388589,,3
2026-01-25 16:50:50.882751,0x433e9c88,101,4.232,20.541666,1.8117778,,,1769388649,,3
2026-01-25 16:51:00.915124,0x433b0098,99,4.176,24.346666,3.3850555,6.25,-61,1769388659,2,2
2026-01-25 16:51:31.960975,0x433af380,98,4.162,23.668333,2.776361,6.5,-39,1769388690,3,3
2026-01-25 16:51:51.205945,0x433e9c88,101,4.211,22.858334,1.8644445,,,1769388710,,3
2026-01-25 16:51:56.739332,0x433b0b38,97,4.157,21.805,4.193972,6.5,-74,1769388715,5,5
2026-01-25 16:52:51.079877,0x433e9c88,99,4.181,27.066666,1.8708056,,,1769388770,,3
2026-01-25 16:53:50.957918,0x433e9c88,101,4.216,24.895,1.8334167,,,1769388830,,3
2026-01-25 16:54:27.717205,0x433abf20,100,4.194,16.573334,3.646222,5.75,-76,1769388866,3,3
2026-01-25 16:54:37.077436,0x433acb14,101,4.201,19.955,4.0454445,2.25,-92,1769388875,3,3
2026-01-25 16:54:51.022430,0x433e9c88,101,4.206,23.623333,1.8771667,,,1769388890,,3
2026-01-25 16:54:56.167595,0x433aad0c,101,4.211,25.403332,3.1600556,5.75,-76,1769388895,3,3
2026-01-25 16:55:32.164898,0x433ad35c,99,4.18,24.701668,4.0401945,7.0,-54,1769388931,3,3
2026-01-25 16:55:51.146856,0x433e9c88,101,4.231,25.451666,1.8258611,,,1769388950,,3
2026-01-25 16:56:51.149465,0x433e9c88,101,4.204,21.186666,1.8452501,,,1769389010,,3
2026-01-25 16:57:01.171432,0x433b0098,99,4.181,21.296667,3.4745,6.25,-61,1769389020,2,2
2026-01-25 16:57:51.295389,0x433e9c88,99,4.187,20.833332,1.7911944,,,1769389070,,3
2026-01-25 16:57:58.076476,0x433b0b38,99,4.181,23.516666,4.257167,6.5,-74,1769389076,5,5
2026-01-25 16:58:51.178973,0x433e9c88,99,4.183,29.896667,1.7808888,,,1769389130,,3
2026-01-26 23:00:17.028409,0x433abf20,101,4.212,24.628334,4.50675,6.5,-76,1769497212,3,3
2026-01-26 23:00:54.873484,0x433e9c88,99,4.188,23.991667,1.9551944,,,1769497250,,3
2026-01-26 23:01:54.567804,0x433e9c88,99,4.187,16.235,1.9492778,,,1769497310,,3
2026-01-26 23:02:34.586893,0x433acb14,101,4.224,23.455,4.0648055,5.75,-86,1769497350,3,3
2026-01-26 23:02:54.614110,0x433e9c88,97,4.158,24.441668,1.9638889,,,1769497370,,3
2026-01-26 23:03:25.956479,0x433ad35c,99,4.184,22.266666,3.6463335,7.0,-54,1769497401,3,3
2026-01-26 23:03:54.660591,0x433e9c88,100,4.195,18.369999,2.0120277,,,1769497430,,3
2026-01-26 23:04:54.830848,0x433e9c88,99,4.18,14.538333,1.9931111,,,1769497490,,3
2026-01-26 23:05:54.790593,0x433e9c88,99,4.183,17.273335,1.9780556,,,1769497550,,3
2026-01-26 23:05:56.695951,0x433b0b38,99,4.188,21.349998,4.28775,5.75,-73,1769497552,5,5
2026-01-26 23:06:06.764527,0x433b0098,98,4.168,22.813334,4.132111,7.25,-59,1769497562,2,2
2026-01-26 23:06:16.836537,0x433abf20,99,4.176,24.633333,4.562611,6.25,-76,1769497572,3,3
2026-01-26 23:06:55.347607,0x433e9c88,97,4.152,23.246666,2.0086112,,,1769497611,,3
2026-01-26 23:07:55.446556,0x433e9c88,99,4.178,21.488333,1.9734721,,,1769497671,3,3
2026-01-26 23:08:34.612178,0x433acb14,99,4.178,26.301666,4.207972,5.75,-86,1769497710,3,3
2026-01-26 23:08:55.901843,0x433e9c88,97,4.159,22.156666,1.979611,,,1769497731,,3
2026-01-26 23:09:01.628854,0x433af380,99,4.188,22.738333,3.3563335,6.0,-38,1769497737,3,3
2026-01-26 23:09:26.058393,0x433ad35c,99,4.184,20.871666,3.70475,7.0,-54,1769497761,3,3
2026-01-26 23:09:55.752327,0x433e9c88,97,4.158,23.61,1.9985278,,,1769497791,,3
2026-01-26 23:10:55.896639,0x433e9c88,101,4.209,22.281666,1.9839168,,,1769497852,,3
2026-01-26 23:11:56.030261,0x433e9c88,97,4.15,22.651667,1.9898332,,,1769497912,,3
2026-01-26 23:11:57.109778,0x433b0b38,99,4.188,26.769999,4.3179164,6.0,-73,1769497913,5,5
2026-01-26 23:12:07.302194,0x433b0098,97,4.159,24.443333,4.1337223,5.75,-60,1769497923,2,2
2026-01-26 23:12:17.291060,0x433abf20,101,4.21,24.143333,4.6751113,5.25,-77,1769497933,3,3
2026-01-26 23:12:56.088052,0x433e9c88,97,4.153,26.221666,1.9441943,,,1769497972,,3
2026-01-26 23:13:55.939124,0x433e9c88,101,4.207,16.355,1.9631112,,,1769498032,,3
2026-01-26 23:14:34.942249,0x433acb14,101,4.229,22.606667,4.203833,5.5,-87,1769498070,3,3
2026-01-26 23:14:56.178862,0x433e9c88,101,4.214,27.206665,1.9587222,,,1769498092,,3
2026-01-26 23:15:26.637649,0x433ad35c,99,4.186,20.886667,3.6931944,7.5,-54,1769498122,3,3
2026-01-26 23:15:56.257763,0x433e9c88,98,4.167,22.555,1.9587222,,,1769498152,,3
2026-01-26 23:16:56.339439,0x433e9c88,101,4.226,18.573334,1.9879444,,,1769498212,,3
2026-01-26 23:17:56.198083,0x433e9c88,97,4.16,19.116667,1.9863334,,,1769498272,,3
2026-01-26 23:18:00.273582,0x433b0b38,100,4.199,17.336666,4.445361,5.5,-74,1769498276,5,5
2026-01-26 23:18:08.145067,0x433b0098,97,4.149,19.855,4.09475,6.75,-59,1769498284,2,2
2026-01-26 23:18:11.242006,0xbd50376c,98,4.166,18.651667,2.1028612,4.75,-87,1769498287,3,2
2026-01-26 23:18:19.694407,0x433abf20,100,4.192,21.306667,4.7186947,5.75,-77,1769498295,3,3
2026-01-26 23:18:56.377786,0x433e9c88,99,4.186,24.756666,1.9906389,,,1769498332,,3
2026-01-26 23:19:56.511700,0x433af380,97,4.154,16.4,3.3487222,5.75,-37,1769498392,3,3
2026-01-26 23:19:56.791728,0x433e9c88,99,4.183,19.053333,2.0154722,,,1769498392,,3
2026-01-26 23:20:35.323340,0x433acb14,100,4.192,27.206665,4.2014446,6.0,-86,1769498431,3,3
2026-01-26 23:20:56.738712,0x433e9c88,101,4.227,24.51,1.9862778,,,1769498452,,3
2026-01-26 23:21:26.614078,0x433ad35c,97,4.15,24.538334,3.8266392,7.5,-54,1769498482,3,3
2026-01-26 23:21:56.756750,0x433e9c88,97,4.155,21.706667,1.9921944,,,1769498512,,3
2026-01-26 23:22:56.874079,0x433e9c88,97,4.155,23.211666,2.0111113,,,1769498572,,3
2026-01-26 23:23:56.811382,0x433e9c88,99,4.188,21.443333,2.0300279,,,1769498632,,3
2026-01-26 23:23:58.044278,0x433b0b38,99,4.184,19.405,4.4971113,5.5,-74,1769498633,5,5
2026-01-26 23:24:08.276470,0x433b0098,95,4.124,20.035,4.104111,6.75,-60,1769498644,2,2
2026-01-26 23:24:21.093129,0x433abf20,101,4.219,21.855,4.7960835,5.75,-77,1769498656,3,3
2026-01-26 23:24:56.857710,0x433e9c88,98,4.166,24.91,2.076111,,,1769498693,,3
2026-01-26 23:25:56.997884,0x433e9c88,99,4.176,17.015,2.0450835,,,1769498753,,3
2026-01-26 23:26:35.566813,0x433acb14,99,4.184,26.848333,4.1794167,5.5,-86,1769498791,3,3
2026-01-26 23:26:57.055739,0x433e9c88,101,4.216,22.005001,2.0090556,,,1769498813,,3
2026-01-26 23:27:26.780440,0x433ad35c,99,4.176,20.211666,3.8383336,6.0,-53,1769498842,3,3
2026-01-26 23:27:57.379520,0x433e9c88,100,4.192,19.941668,2.0279722,,,1769498873,,3
2026-01-26 23:28:57.286492,0x433e9c88,98,4.164,15.123333,1.9739165,,,1769498933,,3
2026-01-26 23:29:57.385522,0x433e9c88,100,4.196,14.441666,1.9442501,,,1769498993,,3
2026-01-26 23:30:03.171417,0x433b0b38,97,4.16,18.491667,4.5548334,5.75,-73,1769498999,5,5
2026-01-26 23:30:08.532415,0x433b0098,98,4.171,20.368334,4.2186666,7.0,-61,1769499004,2,2
2026-01-26 23:30:18.538539,0x433abf20,97,4.151,22.446667,4.916694,5.75,-76,1769499014,3,3
2026-01-26 23:30:57.369601,0x433e9c88,97,4.153,20.586666,1.9460555,,,1769499053,,3
2026-01-26 23:31:57.369223,0x433e9c88,98,4.173,21.391666,1.9460555,,,1769499113,,3
2026-01-26 23:32:03.569516,0x433af380,98,4.162,23.326666,3.6211665,6.0,-39,1769499119,3,3
2026-01-26 23:32:36.389130,0x433acb14,100,4.194,30.38,4.1864166,6.0,-86,1769499152,3,3
2026-01-26 23:32:57.498738,0x433e9c88,101,4.207,29.966667,1.9809166,,,1769499173,,3
2026-01-26 23:33:27.603460,0x433ad35c,96,4.146,19.868334,3.8169167,6.75,-54,1769499203,3,3
2026-01-26 23:33:57.462772,0x433e9c88,101,4.215,17.97,1.9640278,,,1769499233,,3
2026-01-26 23:34:57.626000,0x433e9c88,98,4.173,18.656666,1.9494166,,,1769499293,,3
2026-01-26 23:35:58.051220,0x433e9c88,98,4.168,22.623333,1.9640278,,,1769499354,,3
2026-01-26 23:35:58.886947,0x433b0b38,97,4.155,17.341665,4.6869445,5.75,-73,1769499354,5,5
2026-01-26 23:36:08.781841,0x433b0098,95,4.124,23.458334,4.2075834,7.75,-59,1769499364,2,2
2026-01-26 23:36:58.013816,0x433e9c88,100,4.193,20.57,1.9658333,,,1769499414,,3
2026-01-26 23:37:19.110771,0x433abf20,96,4.137,20.611666,5.0404167,6.0,-76,1769499434,3,3
2026-01-26 23:37:58.124648,0x433e9c88,100,4.191,21.091667,1.9826945,,,1769499474,,3
2026-01-26 23:38:37.692646,0x433acb14,100,4.199,27.163332,4.2139997,6.0,-87,1769499513,3,3
2026-01-26 23:38:58.155448,0x433e9c88,100,4.192,17.641666,1.9973056,,,1769499534,,3
2026-01-26 23:39:27.228357,0x433ad35c,95,4.128,19.981667,3.8513057,7.25,-53,1769499563,3,3
2026-01-26 23:39:58.095114,0x433e9c88,99,4.178,15.963334,2.0119166,,,1769499594,,3
2026-01-26 23:40:58.153497,0x433e9c88,98,4.171,23.443335,1.9681666,,,1769499654,,3
2026-01-26 23:41:58.270469,0x433e9c88,72,3.914,27.523333,1.9287223,,,1769499714,,3
2026-01-26 23:41:59.689234,0x433b0b38,98,4.167,25.253334,4.7014723,5.75,-73,1769499715,5,5
2026-01-26 23:42:09.120723,0x433b0098,99,4.182,22.555,4.204361,7.0,-59,1769499724,2,2
2026-01-26 23:42:56.290673,0x433af380,98,4.169,24.328333,3.6378055,6.25,-38,1769499772,3,3
2026-01-26 23:42:58.361272,0x433e9c88,98,4.169,21.636667,1.9244167,,,1769499774,,3
2026-01-26 23:43:19.029878,0x433abf20,100,4.2,23.115,5.1525555,5.5,-77,1769499794,3,3
2026-01-26 23:43:58.411457,0x433e9c88,98,4.175,21.691666,1.8931667,,,1769499834,3,3
2026-01-26 23:44:38.449274,0x433acb14,100,4.193,25.618332,4.320778,5.25,-86,1769499874,3,3
2026-01-26 23:44:58.571120,0x433e9c88,98,4.167,21.01,1.8386946,,,1769499894,,3
2026-01-26 23:45:27.695634,0x433ad35c,100,4.193,20.171665,4.0576944,6.75,-53,1769499923,3,3
2026-01-26 23:45:58.576985,0x433e9c88,97,4.157,19.821667,1.8076668,,,1769499954,,3
2026-01-26 23:46:58.670006,0x433e9c88,100,4.193,17.208334,1.8329723,,,1769500014,,3
2026-01-26 23:47:58.870522,0x433e9c88,101,4.201,27.256668,1.7935278,,,1769500074,,3
2026-01-26 23:48:00.126341,0x433b0b38,97,4.151,24.11,4.7441664,6.0,-73,1769500075,5,5
2026-01-26 23:48:09.386315,0x433b0098,98,4.175,24.945,4.2261667,6.5,-59,1769500085,2,2
2026-01-26 23:48:58.800226,0x433e9c88,99,4.178,24.635,1.7581946,,,1769500134,,3
2026-01-26 23:49:18.904899,0x433abf20,99,4.186,20.696667,5.091639,5.75,-76,1769500154,3,3
2026-01-26 23:49:58.768671,0x433e9c88,99,4.186,21.171667,1.7874167,,,1769500194,,3
2026-01-26 23:50:37.251222,0x433acb14,101,4.223,23.51,4.349528,6.25,-87,1769500233,3,3
2026-01-26 23:50:58.907864,0x433e9c88,100,4.198,25.183332,1.7831111,,,1769500254,,3
2026-01-26 23:51:27.942067,0x433ad35c,98,4.162,26.289999,4.155417,6.0,-55,1769500283,3,3
2026-01-26 23:51:58.992411,0x433e9c88,101,4.205,19.666668,1.7831111,,,1769500315,,3
2026-01-26 23:52:59.005575,0x433e9c88,96,4.134,19.734999,1.7538888,,,1769500375,,3
2026-01-26 23:53:09.722963,0x433af380,100,4.195,14.4,3.7888613,6.5,-38,1769500385,3,3
2026-01-26 23:53:59.216431,0x433e9c88,99,4.182,21.528334,1.7306666,,,1769500435,,3
2026-01-26 23:54:03.726303,0x433b0b38,99,4.183,21.5,4.6399446,5.75,-73,1769500439,5,5
2026-01-26 23:54:09.804731,0x433b0098,96,4.144,21.213333,4.2395554,8.0,-61,1769500445,2,2
2026-01-26 23:54:10.686980,0xbd50376c,101,4.243,20.01,1.8389444,5.5,-74,1769500446,3,3
2026-01-26 23:54:59.636016,0x433e9c88,101,4.206,21.43,1.7452779,,,1769500495,,3
2026-01-26 23:55:20.300551,0x433abf20,98,4.172,16.711668,5.15775,6.0,-77,1769500516,3,3
2026-01-26 23:55:59.534064,0x433e9c88,97,4.157,17.720001,1.751389,,,1769500555,,3
2026-01-26 23:56:37.598838,0x433acb14,100,4.2,21.84,4.4345555,5.5,-86,1769500593,3,3
2026-01-26 23:56:59.821881,0x433e9c88,101,4.207,20.025,1.6827222,,,1769500615,,3
2026-01-26 23:57:28.817721,0x433ad35c,101,4.212,22.553333,4.1164722,7.25,-54,1769500644,3,3
2026-01-26 23:57:59.754969,0x433e9c88,101,4.212,16.52,1.6852223,,,1769500675,,3
2026-01-26 23:58:59.887108,0x433e9c88,100,4.2,22.938334,1.7041389,,,1769500735,,3
2026-01-26 23:59:59.885022,0x433e9c88,98,4.168,22.088333,1.6770277,,,1769500795,,3
2026-01-27 00:00:00.352754,0x433b0b38,99,4.184,14.401667,4.6906667,5.25,-73,1769500796,5,5
2026-01-27 00:00:11.317986,0x433b0098,99,4.185,22.665,4.3405833,5.75,-60,1769500807,2,2
2026-01-25 23:59:49.780716,0x433af380,97,4.159,20.465,3.4243333,6.25,-38,1769414387,3,3
2026-01-26 00:00:18.982406,0x433e9c88,97,4.148,17.52,1.9486945,,,1769414417,,3
2026-01-26 00:00:54.117281,0x433abf20,100,4.19,23.185,4.86625,5.75,-77,1769414452,3,3
2026-01-26 00:01:06.897918,0x433acb14,101,4.202,26.140001,4.579639,4.0,-91,1769414465,3,3
2026-01-26 00:01:19.118850,0x433e9c88,101,4.202,26.081667,1.9340833,,,1769414477,,3
2026-01-26 00:02:01.726684,0x433ad35c,99,4.179,26.218334,4.855472,6.25,-53,1769414519,3,3
2026-01-26 00:02:19.052519,0x433e9c88,100,4.199,21.06,1.9122223,,,1769414537,,3
2026-01-26 00:03:19.091319,0x433e9c88,99,4.189,15.741667,1.8971667,,,1769414597,,3
2026-01-26 00:03:38.852548,0x433b0098,94,4.113,18.643333,4.526056,5.75,-60,1769414616,2,2
2026-01-26 00:04:19.575611,0x433e9c88,99,4.186,18.668333,1.8640555,,,1769414657,,3
2026-01-26 00:04:29.734907,0x433b0b38,99,4.177,18.423334,5.0498333,6.5,-74,1769414667,5,5
2026-01-26 00:05:19.909641,0x433e9c88,98,4.171,22.253332,1.8408334,,,1769414718,,3
2026-01-26 00:06:19.797685,0x433e9c88,95,4.126,20.558334,1.8410834,,,1769414778,,3
2026-01-26 00:06:54.424371,0x433abf20,99,4.177,24.376667,4.9105835,5.5,-77,1769414812,3,3
2026-01-26 00:07:07.278506,0x433acb14,101,4.209,27.358332,4.481361,3.5,-91,1769414825,3,3
2026-01-26 00:07:19.806706,0x433e9c88,94,4.111,25.958332,1.86825,,,1769414838,,3
2026-01-26 00:08:01.296989,0x433ad35c,101,4.216,31.2,5.081222,6.25,-53,1769414879,3,3
2026-01-26 00:08:19.854408,0x433e9c88,98,4.173,29.201666,1.8833333,,,1769414898,,3
2026-01-26 00:09:20.045763,0x433e9c88,99,4.176,16.285,1.8876388,,,1769414958,,3
2026-01-26 00:09:30.530606,0x433b0098,96,4.14,19.818333,4.5769444,6.25,-60,1769414968,2,2
2026-01-26 00:09:49.560838,0x433af380,93,4.096,23.396666,3.5635557,6.0,-38,1769414987,3,3
2026-01-26 00:10:20.056348,0x433e9c88,100,4.194,25.07,1.8691666,,,1769415018,,3
2026-01-26 00:10:24.472696,0x433b0b38,98,4.167,25.66,5.062139,6.25,-74,1769415022,5,5
2026-01-26 00:11:20.241750,0x433e9c88,101,4.217,20.498333,1.8691666,,,1769415078,,3
2026-01-26 00:12:20.097857,0x433e9c88,98,4.165,17.105,1.8734721,,,1769415138,,3
2026-01-26 00:12:54.689683,0x433abf20,100,4.191,20.668333,4.733778,5.5,-76,1769415172,3,3
2026-01-26 00:13:07.783642,0x433acb14,100,4.194,21.761665,4.5450277,3.5,-92,1769415185,3,3
2026-01-26 00:13:20.189848,0x433e9c88,101,4.231,19.308332,1.8709723,,,1769415198,,3
2026-01-26 00:14:02.263644,0x433ad35c,99,4.179,25.48,4.9774723,5.5,-53,1769415240,3,3
2026-01-26 00:14:20.293257,0x433e9c88,98,4.163,19.498333,1.9204723,,,1769415258,,3
2026-01-26 00:15:20.391897,0x433e9c88,100,4.196,15.325,1.9015557,,,1769415318,3,3
2026-01-26 00:15:32.505093,0x433b0098,92,4.085,19.615,4.5141387,6.5,-61,1769415330,2,2
2026-01-26 00:16:20.515385,0x433e9c88,100,4.199,27.483332,1.9476666,,,1769415378,,3
2026-01-26 00:16:29.083238,0x433b0b38,101,4.203,18.475,4.968889,6.5,-74,1769415387,5,5
2026-01-26 00:17:20.646508,0x433e9c88,100,4.19,25.973331,1.95175,,,1769415438,,3
2026-01-26 00:18:20.669401,0x433e9c88,101,4.226,21.488333,1.95175,,,1769415498,,3
2026-01-26 00:18:54.960832,0x433abf20,97,4.159,21.9,4.6548057,5.5,-76,1769415533,3,3
2026-01-26 00:19:07.549473,0x433acb14,101,4.206,24.128332,4.6124997,3.0,-91,1769415545,3,3
2026-01-26 00:19:20.686276,0x433e9c88,101,4.226,22.225,1.9241389,,,1769415558,,3
2026-01-26 00:20:02.370871,0x433ad35c,101,4.205,25.616667,4.7925553,6.25,-52,1769415600,3,3
2026-01-26 00:20:20.763772,0x433e9c88,98,4.171,22.44,1.9466944,,,1769415619,,3
2026-01-26 00:20:36.646178,0xbd50376c,100,4.191,22.756666,1.7572222,5.75,-75,1769415634,3,3
2026-01-26 00:21:20.778182,0x433e9c88,98,4.166,17.065,1.921861,,,1769415679,,3
2026-01-26 00:21:31.393778,0x433b0098,97,4.155,21.789999,4.2977223,5.75,-61,1769415689,2,2
2026-01-26 00:21:50.561973,0x433af380,90,4.063,24.715,3.5525556,6.0,-39,1769415708,3,3
2026-01-26 00:22:20.747464,0x433e9c88,101,4.21,23.676666,1.9029444,,,1769415739,,3
2026-01-26 00:22:33.193935,0x433b0b38,100,4.196,22.541666,4.86375,3.75,-92,1769415751,5,4
2026-01-26 00:23:20.775855,0x433e9c88,98,4.173,19.378332,1.9380834,,,1769415799,,3
2026-01-26 00:24:20.953006,0x433e9c88,96,4.139,12.493333,1.9362777,,,1769415859,,3
2026-01-26 00:25:07.707595,0x433acb14,101,4.211,26.676666,4.5937223,3.75,-91,1769415905,3,3
2026-01-26 00:25:21.034294,0x433e9c88,96,4.146,29.563335,1.9173611,,,1769415919,,3
2026-01-26 00:26:02.547832,0x433ad35c,96,4.142,26.135,4.7261667,6.5,-54,1769415960,3,3
2026-01-26 00:26:20.958826,0x433e9c88,98,4.171,24.438334,1.9148611,,,1769415979,,3
2026-01-26 00:26:55.242935,0x433abf20,100,4.199,23.486666,4.6028056,5.5,-77,1769416013,3,3
2026-01-26 00:27:21.151577,0x433e9c88,100,4.19,24.471668,1.8503056,,,1769416039,,3
2026-01-26 00:28:21.192905,0x433e9c88,101,4.209,17.078333,1.8259165,,,1769416099,,3
2026-01-26 00:28:28.280396,0x433b0b38,95,4.129,16.201666,4.709111,3.25,-74,1769416106,5,5
2026-01-26 00:28:34.567731,0x433b0098,101,4.201,18.445,4.1455,6.25,-60,1769416112,2,2
2026-01-26 00:29:21.132696,0x433e9c88,101,4.204,29.848333,1.8053889,,,1769416159,,3
2026-01-26 00:30:21.185670,0x433e9c88,97,4.156,13.988334,1.8053889,,,1769416219,,3
2026-01-26 00:31:08.134081,0x433acb14,98,4.162,24.061666,4.628278,3.5,-91,1769416266,3,3
2026-01-26 00:31:21.269506,0x433e9c88,99,4.179,20.313334,1.7718611,,,1769416279,,3
2026-01-26 00:32:02.415737,0x433ad35c,97,4.158,28.696669,4.7355,6.25,-53,1769416320,3,3
2026-01-26 00:32:21.272273,0x433e9c88,99,4.181,22.003334,1.7383333,,,1769416339,,3
2026-01-26 00:32:53.947946,0x433af380,97,4.161,23.6,3.6231387,6.25,-38,1769416372,3,3
2026-01-26 00:32:56.778456,0x433abf20,100,4.19,24.786667,4.7306113,6.0,-76,1769416374,3,3
2026-01-26 00:33:21.444763,0x433e9c88,96,4.137,20.023335,1.7680278,,,1769416399,,3
2026-01-26 00:34:21.425895,0x433e9c88,99,4.186,8.046666,1.7448055,,,1769416459,,3
2026-01-26 00:34:32.251047,0x433b0098,99,4.178,19.463333,4.1731386,6.5,-60,1769416470,2,2
2026-01-26 00:34:41.570814,0x433b0b38,100,4.19,11.935,4.713972,5.75,-76,1769416479,5,4
2026-01-26 00:35:21.597735,0x433e9c88,100,4.195,32.556667,1.7087778,,,1769416519,,3
2026-01-26 00:36:21.516235,0x433e9c88,100,4.2,20.265,1.6941667,,,1769416579,,3
2026-01-26 00:37:08.221399,0x433acb14,97,4.157,22.365,4.920778,3.5,-92,1769416626,3,3
2026-01-26 00:37:21.693621,0x433e9c88,99,4.176,23.458334,1.6572223,,,1769416639,,3
2026-01-26 00:38:02.758310,0x433ad35c,101,4.208,28.793331,4.738694,6.75,-54,1769416680,3,3
2026-01-26 00:38:21.643808,0x433e9c88,97,4.153,27.916666,1.6340001,,,1769416699,,3
2026-01-26 00:38:55.730991,0x433abf20,98,4.169,19.363333,4.9146667,5.5,-76,1769416733,3,3
2026-01-26 00:39:21.589999,0x433e9c88,98,4.173,17.351665,1.6193889,,,1769416759,,3
2026-01-26 00:40:21.691734,0x433e9c88,101,4.209,16.863333,1.587889,,,1769416820,,3
2026-01-26 00:40:27.620564,0x433b0b38,101,4.209,19.055,4.7818055,7.0,-74,1769416825,5,5
2026-01-26 00:40:37.152648,0x433b0098,101,4.203,19.706667,4.1896667,6.0,-60,1769416835,2,2
2026-01-26 00:41:22.150532,0x433e9c88,98,4.174,29.025,1.5354444,,,1769416880,,3
2026-01-26 00:42:22.488236,0x433e9c88,101,4.211,12.179999,1.5402222,,,1769416940,,3
2026-01-26 00:42:50.938845,0x433af380,98,4.174,20.465,3.731278,6.25,-38,1769416969,3,3
2026-01-26 00:43:08.466510,0x433acb14,99,4.182,21.763334,4.8774443,4.0,-92,1769416986,3,3
2026-01-26 00:43:22.565163,0x433e9c88,100,4.194,18.833334,1.5420277,,,1769417000,,3
2026-01-26 00:44:02.850562,0x433ad35c,100,4.194,26.248333,4.728306,6.0,-53,1769417040,3,3
2026-01-26 00:44:22.421458,0x433e9c88,97,4.161,18.01,1.5582223,,,1769417060,,3
2026-01-26 00:44:56.025526,0x433abf20,99,4.176,23.46,4.971361,5.0,-76,1769417094,3,3
2026-01-26 00:45:22.556077,0x433e9c88,101,4.213,23.46,1.5078056,,,1769417120,,3
2026-01-26 00:46:22.533749,0x433e9c88,101,4.224,22.555,1.5119168,,,1769417180,,3
2026-01-26 00:46:32.684343,0x433b0b38,98,4.168,15.341666,4.667778,5.5,-76,1769417190,5,4
2026-01-26 00:46:40.440170,0x433b0098,99,4.183,16.421667,4.1931944,5.75,-53,1769417198,2,1
2026-01-26 00:47:22.666601,0x433e9c88,100,4.191,31.173334,1.5495555,,,1769417240,,3
2026-01-26 00:48:22.827849,0x433e9c88,96,4.134,17.433334,1.589,,,1769417301,,3
2026-01-26 00:49:08.856804,0x433acb14,101,4.23,22.476667,4.7965,4.0,-91,1769417346,3,3
2026-01-26 00:49:22.682117,0x433e9c88,101,4.201,19.805,1.6186665,,,1769417361,,3
2026-01-26 00:50:03.196756,0x433ad35c,97,4.155,27.698332,4.690583,5.75,-53,1769417401,3,3
2026-01-26 00:50:22.750800,0x433e9c88,98,4.175,23.62,1.58925,,,1769417421,,3
2026-01-26 00:50:56.401408,0x433abf20,99,4.188,23.758333,5.0418334,5.5,-76,1769417454,3,3
2026-01-26 00:51:22.945622,0x433e9c88,101,4.201,16.296667,1.5849445,,,1769417481,3,3
2026-01-26 00:52:23.123935,0x433e9c88,98,4.166,17.438334,1.5753613,,,1769417541,,3
2026-01-26 00:52:29.365659,0x433b0b38,97,4.148,21.461668,4.507028,6.5,-74,1769417547,5,5
2026-01-26 00:52:33.830712,0x433b0098,100,4.199,20.17,4.2445,6.0,-60,1769417551,2,2
2026-01-26 00:53:23.106791,0x433e9c88,99,4.18,30.298334,1.5402222,,,1769417601,,3
2026-01-26 00:53:51.725790,0x433af380,94,4.119,22.075,3.7558331,6.5,-38,1769417629,3,3
2026-01-26 00:54:23.029998,0x433e9c88,99,4.176,20.011667,1.5381944,,,1769417661,,3
2026-01-26 00:55:08.988167,0x433acb14,99,4.181,21.488333,4.7315,3.25,-91,1769417707,3,3
2026-01-26 00:55:23.269729,0x433e9c88,98,4.172,23.458334,1.5528055,,,1769417721,,3
2026-01-26 00:56:03.572483,0x433ad35c,97,4.16,29.668335,4.587583,5.5,-53,1769417761,3,3
2026-01-26 00:56:23.124227,0x433e9c88,99,4.18,29.668335,1.5338889,,,1769417781,,3
2026-01-26 00:56:36.988381,0xbd50376c,97,4.15,24.878334,1.7907778,5.75,-75,1769417795,3,3
2026-01-26 00:56:56.578517,0x433abf20,98,4.175,23.73,5.081222,5.5,-77,1769417814,3,3
2026-01-26 00:57:23.360900,0x433e9c88,101,4.204,22.853333,1.5300277,,,1769417841,,3
2026-01-26 00:58:23.217399,0x433e9c88,98,4.175,19.476667,1.5446389,,,1769417901,,3
2026-01-26 00:58:31.468319,0x433b0b38,95,4.13,15.066667,4.416,6.75,-73,1769417909,5,5
2026-01-26 00:58:33.927700,0x433b0098,98,4.175,22.473333,4.0576944,6.5,-60,1769417911,2,2
2026-01-26 12:00:06.964475,0x433e9c88,101,4.214,17.93,2.2405834,,,1769457604,,3
2026-01-26 12:01:07.037297,0x433e9c88,99,4.189,21.871666,2.2405834,,,1769457664,,3
2026-01-26 12:01:20.810313,0x433b0098,99,4.188,19.465,4.055472,6.0,-61,1769457677,2,2
2026-01-26 12:01:52.291427,0x433acb14,97,4.152,21.491667,4.2064443,3.25,-92,1769457709,3,3
2026-01-26 12:02:07.128455,0x433e9c88,98,4.174,26.249998,2.23875,,,1769457724,,3
2026-01-26 12:02:46.808143,0x433ad35c,99,4.18,20.555,4.2539997,6.25,-54,1769457763,3,3
2026-01-26 12:03:07.081113,0x433e9c88,96,4.147,20.805,2.2428334,,,1769457784,,3
2026-01-26 12:04:07.146531,0x433e9c88,99,4.176,24.528334,2.2423613,,,1769457844,,3
2026-01-26 12:04:31.150272,0x433af380,98,4.174,18.533333,3.1523888,5.5,-39,1769457868,3,3
2026-01-26 12:05:07.204982,0x433e9c88,101,4.211,22.64,2.1860278,,,1769457904,,3
2026-01-26 12:05:07.873364,0x433b0b38,99,4.177,22.64,3.8743057,5.75,-74,1769457904,5,5
2026-01-26 12:06:07.402304,0x433e9c88,98,4.171,19.74,2.1819444,,,1769457964,,3
2026-01-26 12:07:07.348297,0x433e9c88,98,4.165,22.5,2.2047222,,,1769458024,,3
2026-01-26 12:07:20.804877,0x433b0098,101,4.218,23.158333,3.9947777,6.0,-62,1769458037,2,2
2026-01-26 12:07:39.015619,0x433abf20,101,4.207,19.268333,4.428278,5.75,-75,1769458056,3,3
2026-01-26 12:07:52.300784,0x433acb14,100,4.198,26.658333,4.2043333,-2.75,-100,1769458069,3,3
2026-01-26 12:08:07.389765,0x433e9c88,100,4.193,31.033335,2.2206666,,,1769458084,,3
2026-01-26 12:08:45.777458,0x433ad35c,101,4.203,23.785,4.2638054,7.5,-53,1769458122,3,3
2026-01-26 12:09:07.406478,0x433e9c88,98,4.168,18.996666,2.2580554,,,1769458144,,3
2026-01-26 12:10:07.444977,0x433e9c88,98,4.165,21.021667,2.239361,,,1769458204,,3
2026-01-26 12:11:07.444592,0x433e9c88,101,4.206,22.486668,2.2024167,,,1769458264,,3
2026-01-26 12:11:08.176917,0x433b0b38,99,4.181,25.170002,4.0814166,5.5,-74,1769458265,5,5
2026-01-26 12:12:07.560560,0x433e9c88,98,4.174,20.285,2.1631944,,,1769458324,,3
2026-01-26 12:13:07.674138,0x433e9c88,93,4.095,22.83,2.1534166,,,1769458384,,3
2026-01-26 12:13:20.934180,0x433b0098,101,4.211,18.288334,4.0166945,6.0,-61,1769458397,2,2
2026-01-26 12:13:38.452194,0x433abf20,101,4.202,22.831667,4.5265555,5.5,-75,1769458415,3,3
2026-01-26 12:13:52.053769,0x433acb14,101,4.212,26.196667,4.32825,2.0,-94,1769458429,3,3
2026-01-26 12:14:07.600105,0x433e9c88,100,4.2,28.958332,2.1369998,,,1769458444,,3
2026-01-26 12:14:46.574183,0x433ad35c,98,4.164,16.668333,4.2795,5.5,-54,1769458483,3,3
2026-01-26 12:15:07.689022,0x433e9c88,94,4.109,21.626667,2.147972,,,1769458504,,3
2026-01-26 12:15:30.572339,0x433af380,101,4.207,22.193333,3.179278,6.0,-40,1769458527,3,3
2026-01-26 12:16:07.682928,0x433e9c88,101,4.204,25.130001,2.1523612,,,1769458564,,3
2026-01-26 12:17:07.880656,0x433e9c88,99,4.189,21.406668,2.1541667,,,1769458625,3,3
2026-01-26 12:17:08.638619,0x433b0b38,98,4.163,20.53,4.192917,5.5,-74,1769458625,5,5
2026-01-26 12:18:07.959417,0x433e9c88,101,4.204,19.598333,2.2143888,,,1769458685,,3
2026-01-26 12:19:08.040365,0x433e9c88,98,4.163,21.023333,2.2440557,,,1769458745,,3
2026-01-26 12:19:21.266582,0x433b0098,101,4.216,19.656668,4.116417,5.75,-62,1769458758,2,2
2026-01-26 12:19:38.536287,0x433abf20,99,4.189,22.748333,4.557778,6.25,-75,1769458775,3,3
2026-01-26 12:19:52.781726,0x433acb14,101,4.226,20.118334,4.290861,2.5,-94,1769458789,3,3
2026-01-26 12:20:08.098000,0x433e9c88,98,4.17,28.903332,2.225361,,,1769458805,,3
2026-01-26 12:20:46.257872,0x433ad35c,98,4.168,20.09,4.263222,6.0,-53,1769458843,3,3
2026-01-26 12:21:08.191691,0x433e9c88,101,4.233,19.981667,2.225361,,,1769458865,,3
2026-01-26 12:22:08.265479,0x433e9c88,101,4.205,22.858334,2.2404165,,,1769458925,,3
2026-01-26 12:23:08.245793,0x433e9c88,98,4.171,23.951666,2.2367778,,,1769458985,,3
2026-01-26 12:23:09.774256,0x433b0b38,97,4.156,23.925001,4.219389,5.75,-74,1769458986,5,5
2026-01-26 12:24:08.196021,0x433e9c88,98,4.165,20.613333,2.271889,,,1769459045,,3
2026-01-26 12:25:08.459235,0x433e9c88,101,4.219,24.966665,2.2426667,,,1769459105,,3
2026-01-26 12:25:26.833708,0xbd50376c,101,4.216,24.666668,2.4971387,6.75,-73,1769459123,3,3
2026-01-26 12:25:40.548371,0x433abf20,101,4.211,24.695,4.5565834,5.5,-76,1769459137,3,3
2026-01-26 12:25:55.204040,0x433acb14,100,4.19,22.19,4.1405554,2.75,-95,1769459152,3,3
2026-01-26 12:26:08.398484,0x433e9c88,100,4.194,24.416668,2.2239723,,,1769459165,,3
2026-01-26 12:26:21.487244,0x433b0098,98,4.17,23.295,4.1931944,6.25,-62,1769459178,2,2
2026-01-26 12:26:26.516353,0x433af380,96,4.146,24.943335,3.1463056,6.5,-39,1769459183,3,3
2026-01-26 12:26:49.390209,0x433ad35c,99,4.178,23.158333,4.282417,7.25,-54,1769459206,3,3
2026-01-26 12:27:08.446932,0x433e9c88,100,4.194,24.803333,2.20575,,,1769459225,,3
2026-01-26 12:28:08.471324,0x433e9c88,99,4.188,23.87,2.1847777,,,1769459285,,3
2026-01-26 12:29:08.509421,0x433e9c88,98,4.175,23.706667,2.1571665,,,1769459345,,3
2026-01-26 12:29:09.022535,0x433b0b38,97,4.16,26.65,4.26725,5.5,-73,1769459345,5,5
2026-01-26 12:30:08.598385,0x433e9c88,101,4.213,20.641666,2.1864166,,,1769459405,,3
2026-01-26 12:31:08.713006,0x433e9c88,101,4.233,22.83,2.1681666,,,1769459465,,3
2026-01-26 12:31:40.898521,0x433abf20,98,4.168,20.011667,4.631639,5.5,-76,1769459497,3,3
2026-01-26 12:31:53.431604,0x433acb14,99,4.185,20.491667,4.0872226,4.0,-92,1769459510,3,3
2026-01-26 12:32:08.731771,0x433e9c88,100,4.199,24.386667,2.1469445,,,1769459525,,3
2026-01-26 12:32:21.811149,0x433b0098,99,4.185,24.468334,4.1842775,5.75,-61,1769459538,2,2
2026-01-26 12:32:46.980408,0x433ad35c,101,4.224,23.346666,4.2542777,6.75,-54,1769459563,3,3
2026-01-26 12:33:09.130392,0x433e9c88,100,4.197,23.074999,2.0972223,,,1769459585,,3
2026-01-26 12:34:08.796730,0x433e9c88,101,4.201,19.27,2.0785277,,,1769459646,,3
2026-01-26 12:35:08.816179,0x433e9c88,101,4.217,21.023333,2.082611,,,1769459706,,3
2026-01-26 12:35:10.617534,0x433b0b38,97,4.154,20.146666,4.2770276,6.0,-74,1769459707,5,5
2026-01-26 12:36:08.965201,0x433e9c88,98,4.163,22.613333,2.0869446,,,1769459766,,3
2026-01-26 12:36:29.065212,0x433af380,98,4.173,19.398333,3.1799169,6.25,-39,1769459786,3,3
2026-01-26 12:37:09.384542,0x433e9c88,99,4.178,24.008333,2.0808055,,,1769459826,,3
2026-01-26 12:37:39.678826,0x433abf20,101,4.201,18.916666,4.660861,5.5,-76,1769459856,3,3
2026-01-26 12:38:01.080175,0x433acb14,99,4.183,16.728333,4.0925,2.75,-94,1769459878,3,3
2026-01-26 12:38:09.611293,0x433e9c88,100,4.192,26.741665,2.0190277,,,1769459886,,3
2026-01-26 12:38:47.070803,0x433ad35c,98,4.173,27.576668,4.467361,7.0,-54,1769459924,3,3
2026-01-26 12:39:09.724465,0x433e9c88,101,4.214,20.186666,2.0190277,,,1769459946,,3
2026-01-26 12:39:22.260147,0x433b0098,101,4.211,19.381666,4.2844167,6.75,-61,1769459959,2,2
2026-01-26 12:40:09.574683,0x433e9c88,101,4.213,23.018333,2.0144722,,,1769460006,,3
2026-01-26 12:41:09.406475,0x433b0b38,99,4.187,21.023333,4.396111,5.75,-74,1769460066,5,5
2026-01-26 12:41:09.686031,0x433e9c88,101,4.224,22.008333,1.9829723,,,1769460066,,3
2026-01-26 12:42:09.747941,0x433e9c88,100,4.197,14.453334,1.9523889,,,1769460126,,3
2026-01-26 12:43:09.880672,0x433e9c88,101,4.203,18.421667,1.9706389,,,1769460186,,3
2026-01-26 12:43:39.851033,0x433abf20,99,4.177,20.531666,4.685528,5.5,-76,1769460216,3,3
2026-01-26 12:43:55.091698,0x433acb14,101,4.231,20.941668,4.1045833,1.0,-96,1769460232,3,3
2026-01-26 12:44:09.827808,0x433e9c88,99,4.18,30.328333,1.957389,,,1769460246,,3
2026-01-26 12:44:47.347930,0x433ad35c,98,4.164,17.571667,4.466056,6.25,-53,1769460284,3,3
2026-01-26 12:45:09.858605,0x433e9c88,98,4.175,20.75,1.9035555,,,1769460307,,3
2026-01-26 12:45:22.217572,0x433b0098,97,4.153,22.04,4.3356943,7.0,-62,1769460319,2,2
2026-01-26 12:46:10.012903,0x433e9c88,101,4.206,21.349998,1.8583888,,,1769460367,,3
2026-01-26 12:46:27.250294,0x433af380,96,4.142,19.601667,3.1245556,6.0,-40,1769460384,3,3
2026-01-26 12:47:09.711711,0x433b0b38,98,4.163,26.006666,4.3985834,6.0,-73,1769460426,5,5
2026-01-26 12:47:09.991733,0x433e9c88,101,4.204,26.115,1.8378612,,,1769460427,,3
2026-01-26 12:48:09.983095,0x433e9c88,101,4.224,18.996666,1.8378612,,,1769460487,,3
2026-01-26 12:49:10.078170,0x433e9c88,99,4.182,23.019999,1.8606389,,,1769460547,,3
2026-01-26 12:49:40.158195,0x433abf20,100,4.195,21.653334,4.7163334,5.75,-75,1769460577,3,3
2026-01-26 12:50:03.396398,0x433acb14,99,4.181,18.561666,4.0273056,1.0,-96,1769460600,3,3
2026-01-26 12:50:10.069327,0x433e9c88,99,4.181,22.088333,1.8606389,,,1769460607,,3
2026-01-26 12:50:47.806176,0x433ad35c,101,4.232,24.906666,4.52625,6.0,-53,1769460644,3,3
2026-01-26 12:51:10.133013,0x433e9c88,98,4.169,18.091667,1.8565556,,,1769460667,,3
2026-01-26 12:51:22.432017,0x433b0098,97,4.159,22.473333,4.2291665,6.25,-61,1769460679,2,2
2026-01-26 12:52:10.264135,0x433e9c88,100,4.2,23.321667,1.8788888,,,1769460727,,3
2026-01-26 12:53:10.148094,0x433b0b38,100,4.197,20.256666,4.4829445,6.25,-73,1769460787,5,5
2026-01-26 12:53:10.439422,0x433e9c88,98,4.172,22.994999,1.8788888,,,1769460787,3,3
2026-01-26 12:54:10.462355,0x433e9c88,101,4.205,24.361668,1.8921388,,,1769460847,,3
2026-01-26 12:55:10.627144,0x433e9c88,97,4.156,23.706667,1.9459722,,,1769460907,,3
2026-01-26 12:55:40.313462,0x433abf20,99,4.182,20.011667,4.7110553,6.0,-76,1769460937,3,3
2026-01-26 12:55:55.748269,0x433acb14,101,4.208,22.613333,3.950611,1.5,-94,1769460952,3,3
2026-01-26 12:56:10.610091,0x433e9c88,99,4.183,19.926666,1.9564999,,,1769460967,,3
2026-01-26 12:56:48.126941,0x433ad35c,98,4.175,23.074999,4.4822226,5.75,-53,1769461005,3,3
2026-01-26 12:57:10.875646,0x433e9c88,100,4.191,19.736668,1.9530833,,,1769461027,,3
2026-01-26 12:57:22.696276,0x433b0098,101,4.205,20.778332,4.1892776,6.25,-62,1769461039,2,2
2026-01-26 12:57:27.457187,0x433af380,98,4.175,23.535,3.1745558,6.0,-39,1769461044,3,3
2026-01-26 12:58:10.726301,0x433e9c88,98,4.162,21.678333,1.9549167,,,1769461087,,3
2026-01-26 12:59:10.788634,0x433b0b38,96,4.146,24.171667,4.422361,5.5,-73,1769461147,5,5
2026-01-26 12:59:11.068774,0x433e9c88,99,4.184,20.475,1.9695278,,,1769461148,,3
2026-01-25 18:59:59.012936,0x433e9c88,97,4.154,15.151666,1.8462499,,,1769396397,,3
2026-01-25 19:00:46.577157,0x433acb14,101,4.221,21.57,4.4512224,2.75,-93,1769396445,3,3
2026-01-25 19:00:59.767400,0x433e9c88,79,3.984,24.675,1.829139,,,1769396458,,3
2026-01-25 19:01:33.570593,0x433abf20,98,4.17,22.775,4.9036665,5.75,-76,1769396492,3,3
2026-01-25 19:01:41.484944,0x433ad35c,97,4.153,24.663334,4.8174167,5.75,-53,1769396500,3,3
2026-01-25 19:01:59.607609,0x433e9c88,98,4.173,25.18,1.800361,,,1769396518,,3
2026-01-25 19:02:36.347737,0x433af380,99,4.179,24.803333,3.2470834,7.0,-37,1769396554,3,3
2026-01-25 19:02:59.631248,0x433e9c88,101,4.213,22.693333,1.8040277,,,1769396578,,3
2026-01-25 19:03:07.763820,0x433b0098,101,4.211,21.816666,4.5077777,6.25,-61,1769396586,2,2
2026-01-25 19:03:59.531808,0x433e9c88,101,4.219,21.965,1.7554445,,,1769396638,,3
2026-01-25 19:04:06.593626,0x433b0b38,98,4.168,22.431667,4.7657776,5.5,-74,1769396645,5,5
2026-01-25 19:04:59.757124,0x433e9c88,100,4.198,22.128334,1.7052777,,,1769396698,,3
2026-01-25 19:05:59.625136,0x433e9c88,101,4.215,19.789999,1.7014166,,,1769396758,,3
2026-01-25 19:06:47.402917,0x433acb14,100,4.199,19.736668,4.5681667,2.75,-94,1769396806,3,3
2026-01-25 19:06:59.690366,0x433e9c88,101,4.206,19.408333,1.6989166,,,1769396818,,3
2026-01-25 19:07:34.468422,0x433abf20,98,4.175,21.93,4.9836946,5.5,-77,1769396853,3,3
2026-01-25 19:07:43.539824,0x433ad35c,101,4.202,23.9,5.0080833,6.25,-54,1769396862,3,3
2026-01-25 19:07:59.859265,0x433e9c88,101,4.228,22.033333,1.6302778,,,1769396878,,3
2026-01-25 19:08:59.800376,0x433e9c88,101,4.229,15.381667,1.6113611,,,1769396938,,3
2026-01-25 19:09:08.645919,0x433b0098,99,4.189,19.061666,4.5911665,6.0,-61,1769396947,2,2
2026-01-25 19:09:59.941300,0x433e9c88,98,4.164,22.748333,1.6193889,,,1769396998,,3
2026-01-25 19:10:06.037374,0x433b0b38,96,4.134,22.025,5.069083,5.75,-74,1769397004,5,5
2026-01-25 19:11:00.017754,0x433e9c88,101,4.202,23.758333,1.6344445,,,1769397058,,3
2026-01-25 19:11:59.953320,0x433e9c88,97,4.16,20.31,1.6009166,,,1769397118,,3
2026-01-25 19:12:36.547200,0x433af380,98,4.172,22.803333,3.1202223,6.5,-38,1769397155,3,3
2026-01-25 19:12:47.376046,0x433acb14,101,4.208,21.791666,4.7956114,3.0,-93,1769397165,3,3
2026-01-25 19:13:00.108706,0x433e9c88,98,4.165,21.706667,1.5523334,,,1769397178,,3
2026-01-25 19:13:34.724877,0x433abf20,101,4.203,24.581667,4.9911666,5.5,-76,1769397213,3,3
2026-01-25 19:13:42.200327,0x433ad35c,97,4.16,24.553333,5.155222,6.25,-54,1769397220,3,3
2026-01-25 19:14:00.480355,0x433e9c88,97,4.153,22.855,1.5151666,,,1769397239,,3
2026-01-25 19:15:00.328901,0x433e9c88,99,4.18,16.258333,1.4773333,,,1769397299,,3
2026-01-25 19:15:11.620437,0x433b0098,96,4.147,17.311666,4.8112774,6.25,-61,1769397310,2,2
2026-01-25 19:16:00.498431,0x433e9c88,97,4.152,17.315,1.3858333,,,1769397359,,3
2026-01-25 19:16:06.719272,0x433b0b38,98,4.169,18.7,5.17975,5.75,-73,1769397365,5,5
2026-01-25 19:17:00.522479,0x433e9c88,98,4.168,17.983334,1.4189167,,,1769397419,,3
2026-01-25 19:18:00.851715,0x433e9c88,101,4.235,18.188334,1.4421389,,,1769397479,,3
2026-01-25 19:18:47.828157,0x433acb14,100,4.199,19.82,4.899639,3.25,-92,1769397526,3,3
2026-01-25 19:19:00.701460,0x433e9c88,98,4.17,15.753333,1.4259444,,,1769397539,,3
2026-01-25 19:19:42.837279,0x433ad35c,97,4.159,26.033333,5.2786946,6.5,-54,1769397581,3,3
2026-01-25 19:20:00.747822,0x433e9c88,101,4.219,27.684998,1.3840001,,,1769397599,,3
2026-01-25 19:21:00.817430,0x433e9c88,101,4.231,20.28,1.3794445,,,1769397659,,3
2026-01-25 19:21:14.008279,0x433b0098,98,4.173,21.746666,4.9385834,6.0,-61,1769397672,2,2
2026-01-25 19:21:35.187107,0x433abf20,101,4.209,24.033333,5.060361,5.25,-77,1769397693,3,3
2026-01-25 19:22:00.938894,0x433e9c88,101,4.223,21.98,1.3397777,,,1769397719,,3
2026-01-25 19:22:08.577209,0x433b0b38,97,4.15,23.733334,5.1884723,6.25,-73,1769397727,5,5
2026-01-25 19:22:37.496892,0x433af380,101,4.204,24.328333,3.1493056,7.0,-38,1769397756,3,3
2026-01-25 19:23:01.004544,0x433e9c88,99,4.182,25.181665,1.354389,,,1769397779,,3
2026-01-25 19:24:01.084977,0x433e9c88,101,4.205,19.431667,1.2861944,,,1769397839,,3
2026-01-25 19:24:48.155226,0x433acb14,99,4.189,24.061666,5.128667,3.0,-93,1769397886,3,3
2026-01-25 19:25:01.304658,0x433e9c88,101,4.217,20.856667,1.2656666,,,1769397900,,3
2026-01-25 19:25:43.218641,0x433ad35c,101,4.207,23.378334,5.3654723,6.75,-54,1769397941,3,3
2026-01-25 19:26:01.373317,0x433e9c88,97,4.161,22.25,1.2633889,,,1769397960,3,3
2026-01-25 19:27:01.521631,0x433e9c88,100,4.196,19.118332,1.2761945,,,1769398020,,3
2026-01-25 19:27:35.359621,0x433abf20,97,4.161,21.213333,5.0646386,5.75,-76,1769398053,3,3
2026-01-25 19:28:01.599417,0x433e9c88,100,4.195,14.518334,1.2891945,,,1769398080,,3
2026-01-25 19:28:08.276609,0x433b0b38,97,4.15,17.875,5.244639,6.0,-73,1769398086,5,5
2026-01-25 19:28:11.445376,0x433b0098,99,4.189,19.736668,5.167111,6.0,-60,1769398090,2,2
2026-01-25 19:29:01.454712,0x433e9c88,101,4.206,26.965002,1.2203056,,,1769398140,,3
2026-01-25 19:29:19.304710,0xbd50376c,100,4.19,18.748335,1.7310556,5.5,-75,1769398157,3,3
2026-01-25 19:30:01.878963,0x433e9c88,101,4.23,23.373333,1.2392222,,,1769398200,,3
2026-01-25 19:30:48.103829,0x433acb14,97,4.157,21.516666,5.221889,3.0,-93,1769398246,3,3
2026-01-25 19:31:02.148270,0x433e9c88,100,4.194,21.733334,1.2349167,,,1769398260,,3
2026-01-25 19:31:43.033901,0x433ad35c,101,4.205,24.031668,5.3436947,6.75,-54,1769398301,3,3
2026-01-25 19:32:02.403331,0x433e9c88,97,4.148,24.548334,1.1867777,,,1769398321,,3
2026-01-25 19:32:37.011901,0x433af380,96,4.145,22.939999,3.2058055,7.0,-38,1769398355,3,3
2026-01-25 19:33:02.511858,0x433e9c88,101,4.209,18.83,1.2371944,,,1769398381,,3
2026-01-25 19:33:36.520346,0x433abf20,101,4.215,24.018333,5.1269164,4.75,-76,1769398415,3,3
2026-01-25 19:34:02.384315,0x433e9c88,98,4.173,15.885,1.2250834,,,1769398441,,3
2026-01-25 19:34:08.678563,0x433b0b38,100,4.196,20.211666,5.237639,6.25,-73,1769398447,5,5
2026-01-25 19:34:12.734531,0x433b0098,99,4.188,23.058334,5.0523615,5.75,-61,1769398451,2,2
2026-01-25 19:35:02.409543,0x433e9c88,98,4.168,23.438334,1.2203056,,,1769398501,,3
2026-01-25 19:36:02.638059,0x433e9c88,99,4.185,17.391666,1.2246112,,,1769398561,,3
2026-01-25 19:36:48.310482,0x433acb14,98,4.164,21.516666,5.1863613,3.5,-93,1769398606,3,3
2026-01-25 19:37:02.590944,0x433e9c88,101,4.215,17.091665,1.2289166,,,1769398621,,3
2026-01-25 19:37:42.182437,0x433ad35c,97,4.149,22.666668,5.2391667,6.75,-54,1769398660,3,3
2026-01-25 19:38:02.672954,0x433e9c88,99,4.176,24.936666,1.2289166,,,1769398681,,3
2026-01-25 19:39:02.594261,0x433e9c88,98,4.164,23.251667,1.2642777,,,1769398741,,3
2026-01-25 19:39:36.341327,0x433abf20,99,4.186,24.836666,5.238028,5.75,-76,1769398774,3,3
2026-01-25 19:40:02.640065,0x433e9c88,98,4.167,23.401667,1.2996111,,,1769398801,,3
2026-01-25 19:40:08.802149,0x433b0b38,95,4.124,16.89,5.2734723,6.75,-73,1769398807,5,5
2026-01-25 19:40:12.749655,0x433b0098,98,4.163,19.994999,4.778694,6.25,-60,1769398811,2,2
2026-01-25 19:41:02.735630,0x433e9c88,98,4.164,26.85,1.3185277,,,1769398861,,3
2026-01-25 19:42:02.910422,0x433e9c88,99,4.188,20.336666,1.3142222,,,1769398921,,3
2026-01-25 19:42:37.079721,0x433af380,91,4.072,23.938334,3.1959164,7.0,-38,1769398955,3,3
2026-01-25 19:42:48.617172,0x433acb14,101,4.212,22.953333,4.96575,2.75,-93,1769398967,3,3
2026-01-25 19:43:02.898492,0x433e9c88,99,4.176,21.158333,1.3787779,,,1769398981,,3
2026-01-25 19:43:43.394375,0x433ad35c,97,4.149,22.581667,5.0961666,6.5,-54,1769399021,3,3
2026-01-25 19:44:02.980598,0x433e9c88,99,4.183,23.385,1.3876389,,,1769399041,,3
2026-01-25 19:45:02.987431,0x433e9c88,96,4.141,21.95,1.4126945,,,1769399101,,3
2026-01-25 19:45:36.388158,0x433abf20,97,4.151,23.813334,5.1969724,5.75,-76,1769399134,3,3
2026-01-25 19:46:03.017293,0x433e9c88,101,4.208,21.868334,1.4291111,,,1769399161,,3
2026-01-25 19:46:09.761626,0x433b0b38,99,4.187,22.744999,5.0584445,6.0,-73,1769399168,5,5
2026-01-25 19:46:15.369323,0x433b0098,101,4.204,24.198334,4.68175,6.25,-60,1769399173,2,2
2026-01-25 19:47:02.999820,0x433e9c88,99,4.176,23.235,1.4437222,,,1769399221,,3
2026-01-25 19:48:03.184029,0x433e9c88,101,4.212,22.09,1.4827223,,,1769399281,,3
2026-01-25 19:48:48.591804,0x433acb14,100,4.196,21.813334,4.9418335,3.25,-92,1769399327,3,3
2026-01-25 19:49:03.129141,0x433e9c88,97,4.157,15.911667,1.5052778,,,1769399341,,3
2026-01-25 19:49:42.986084,0x433ad35c,96,4.136,24.473333,5.0385556,6.25,-54,1769399381,3,3
2026-01-25 19:50:03.190470,0x433e9c88,101,4.201,29.206667,1.4863611,,,1769399401,,3
2026-01-25 19:51:03.301799,0x433e9c88,100,4.197,24.92,1.4751667,,,1769399462,,3
2026-01-25 19:51:36.724929,0x433abf20,101,4.209,21.581667,5.1201115,6.25,-76,1769399495,3,3
2026-01-25 19:52:03.226524,0x433e9c88,100,4.19,20.063334,1.4902222,,,1769399522,,3
2026-01-25 19:52:12.213955,0x433b0b38,99,4.176,16.916666,5.0281944,3.75,-73,1769399530,5,5
2026-01-25 19:52:14.664347,0x433b0098,99,4.176,19.913334,4.5659723,6.25,-61,1769399533,2,2
2026-01-25 19:52:37.170932,0x433af380,99,4.177,23.263334,3.317278,6.5,-38,1769399555,3,3
2026-01-25 19:53:03.273020,0x433e9c88,96,4.144,24.279999,1.4902222,,,1769399582,,3
2026-01-25 19:54:03.429386,0x433e9c88,100,4.2,22.828333,1.4902222,,,1769399642,,3
2026-01-25 19:54:49.855204,0x433acb14,101,4.239,25.224998,4.955139,3.0,-93,1769399688,3,3
2026-01-25 19:55:03.389050,0x433e9c88,99,4.184,25.691668,1.5091388,,,1769399702,,3
2026-01-25 19:55:43.525321,0x433ad35c,99,4.181,25.525002,4.929278,6.0,-53,1769399742,3,3
2026-01-25 19:56:03.568359,0x433e9c88,101,4.204,25.415,1.5034444,,,1769399762,,3
2026-01-25 19:57:03.653872,0x433e9c88,98,4.164,22.006666,1.4719722,,,1769399822,,3
2026-01-25 19:58:03.670671,0x433e9c88,100,4.199,21.545,1.4740278,,,1769399882,,3
2026-01-25 19:58:15.123452,0x433b0b38,100,4.198,23.048334,4.881417,6.25,-73,1769399893,5,5
2026-01-25 19:58:16.949792,0x433b0098,99,4.188,19.283333,4.395167,6.25,-62,1769399895,2,2
2026-01-25 19:59:03.617678,0x433e9c88,99,4.181,22.781668,1.4831111,,,1769399942,,3
2026-01-26 01:59:26.606471,0x433e9c88,96,4.14,27.093332,1.6870277,,,1769421564,,3
2026-01-26 02:00:01.858991,0x433abf20,99,4.176,22.796667,5.2231946,5.25,-76,1769421599,3,3
2026-01-26 02:00:26.474570,0x433e9c88,99,4.178,18.943333,1.6870277,,,1769421624,,3
2026-01-26 02:01:11.894883,0x433acb14,99,4.182,22.335001,4.11625,3.5,-91,1769421669,3,3
2026-01-26 02:01:26.676036,0x433e9c88,62,3.822,21.158333,1.721,,,1769421684,,3
2026-01-26 02:01:38.743005,0x433b0098,99,4.177,22.525002,4.475472,6.5,-60,1769421696,2,2
2026-01-26 02:02:07.398857,0x433ad35c,97,4.157,27.75,4.7595277,6.0,-53,1769421725,3,3
2026-01-26 02:02:26.601466,0x433e9c88,95,4.13,25.973331,1.7604444,,,1769421744,,3
2026-01-26 02:03:26.810615,0x433e9c88,96,4.144,16.618334,1.7415278,,,1769421804,3,3
2026-01-26 02:03:59.366355,0x433af380,97,4.151,24.668333,3.4621112,6.25,-39,1769421837,3,3
2026-01-26 02:04:26.840178,0x433e9c88,101,4.217,19.466667,1.7476667,,,1769421865,,3
2026-01-26 02:04:31.796597,0x433b0b38,99,4.181,23.885,4.851028,6.25,-73,1769421869,5,5
2026-01-26 02:05:26.871402,0x433e9c88,98,4.173,21.978334,1.7786944,,,1769421925,,3
2026-01-26 02:06:02.997863,0x433abf20,101,4.204,24.346666,5.248139,5.75,-76,1769421960,3,3
2026-01-26 02:06:26.914729,0x433e9c88,98,4.163,26.316666,1.79375,,,1769421985,,3
2026-01-26 02:07:12.939273,0x433acb14,100,4.196,18.86,4.0795555,2.75,-91,1769422030,3,3
2026-01-26 02:07:26.971216,0x433e9c88,100,4.195,20.571667,1.8306944,,,1769422045,,3
2026-01-26 02:07:39.602984,0x433b0098,95,4.132,22.61,4.4085,6.0,-60,1769422057,2,2
2026-01-26 02:08:07.187784,0x433ad35c,101,4.202,26.49,4.7576666,6.25,-54,1769422085,3,3
2026-01-26 02:08:27.397235,0x433e9c88,98,4.174,25.973331,1.8453056,,,1769422105,,3
2026-01-26 02:08:43.022232,0xbd50376c,101,4.231,23.1,1.6346389,5.5,-75,1769422120,3,3
2026-01-26 02:09:27.633522,0x433e9c88,101,4.212,20.886667,1.7924167,,,1769422165,,3
2026-01-26 02:10:27.784962,0x433e9c88,101,4.216,20.41,1.7442777,,,1769422225,,3
2026-01-26 02:10:32.730574,0x433b0b38,98,4.17,20.641666,4.80425,6.25,-74,1769422230,5,5
2026-01-26 02:11:28.029571,0x433e9c88,101,4.222,23.978333,1.7674999,,,1769422285,,3
2026-01-26 02:12:01.556697,0x433abf20,98,4.172,16.876667,5.2555833,5.75,-77,1769422319,3,3
2026-01-26 02:12:27.689033,0x433e9c88,99,4.189,19.408333,1.7967222,,,1769422345,,3
2026-01-26 02:13:13.542524,0x433acb14,98,4.174,19.533333,4.086389,6.25,-61,1769422391,3,2
2026-01-26 02:13:27.791605,0x433e9c88,101,4.205,21.244999,1.7985277,,,1769422405,,3
2026-01-26 02:13:40.198545,0x433b0098,97,4.161,20.285,4.4410834,6.0,-61,1769422418,2,2
2026-01-26 02:14:07.559884,0x433ad35c,99,4.186,27.573332,4.659333,6.25,-53,1769422445,3,3
2026-01-26 02:14:27.780496,0x433e9c88,99,4.188,26.588333,1.8174446,,,1769422466,,3
2026-01-26 02:14:54.945812,0x433af380,100,4.196,23.008333,3.1419165,6.5,-39,1769422492,3,3
2026-01-26 02:15:27.984892,0x433e9c88,99,4.184,24.853334,1.8073611,,,1769422526,,3
2026-01-26 02:16:28.140274,0x433e9c88,101,4.235,24.938334,1.8219723,,,1769422586,,3
2026-01-26 02:16:32.319096,0x433b0b38,101,4.219,24.938334,4.837333,7.25,-73,1769422590,5,5
2026-01-26 02:17:28.026789,0x433e9c88,99,4.179,25.056665,1.853,,,1769422646,,3
2026-01-26 02:18:03.881529,0x433abf20,101,4.203,20.61,5.422111,6.25,-76,1769422681,3,3
2026-01-26 02:18:28.065645,0x433e9c88,99,4.187,23.226665,1.8340833,,,1769422706,,3
2026-01-26 02:19:12.924504,0x433acb14,99,4.185,18.011667,4.274056,3.75,-91,1769422750,3,3
2026-01-26 02:19:28.309170,0x433e9c88,97,4.158,18.846666,1.853,,,1769422766,,3
2026-01-26 02:19:40.549807,0x433b0098,95,4.129,21.761665,4.521861,6.0,-60,1769422778,2,2
2026-01-26 02:20:07.813247,0x433ad35c,100,4.194,28.3,4.551389,5.75,-52,1769422805,3,3
2026-01-26 02:20:28.319091,0x433e9c88,100,4.191,27.164999,1.9106667,,,1769422826,,3
2026-01-26 02:21:28.326628,0x433e9c88,101,4.207,21.118334,1.8625278,,,1769422886,,3
2026-01-26 02:22:28.359649,0x433e9c88,99,4.177,22.651667,1.8533889,,,1769422946,,3
2026-01-26 02:22:32.618142,0x433b0b38,97,4.153,21.516666,4.8033056,7.0,-74,1769422950,5,5
2026-01-26 02:23:28.298941,0x433e9c88,97,4.153,22.795,1.81825,,,1769423006,,3
2026-01-26 02:24:05.598824,0x433abf20,101,4.223,18.01,5.4351387,5.25,-76,1769423043,3,3
2026-01-26 02:24:28.405465,0x433e9c88,99,4.177,26.473335,1.8036389,,,1769423066,,3
2026-01-26 02:25:11.366571,0x433af380,101,4.205,20.263334,2.9273334,6.25,-39,1769423109,3,3
2026-01-26 02:25:17.170666,0x433acb14,101,4.217,24.285,4.3845,3.5,-91,1769423115,3,3
2026-01-26 02:25:28.807601,0x433e9c88,100,4.198,25.021666,1.7782778,,,1769423126,,3
2026-01-26 02:26:08.310599,0x433ad35c,100,4.197,25.34,4.6756945,6.0,-54,1769423166,3,3
2026-01-26 02:26:28.571751,0x433e9c88,101,4.205,22.085001,1.7953889,,,1769423186,,3
2026-01-26 02:27:28.612175,0x433e9c88,100,4.191,18.546667,1.7748611,,,1769423246,,3
2026-01-26 02:27:41.659361,0x433b0098,99,4.189,20.816668,4.6330276,6.25,-61,1769423259,2,2
2026-01-26 02:28:28.700091,0x433e9c88,101,4.217,21.161667,1.7201388,,,1769423306,,3
2026-01-26 02:28:32.828907,0x433b0b38,100,4.19,23.431665,4.711806,7.25,-73,1769423310,5,5
2026-01-26 02:29:29.020206,0x433e9c88,100,4.19,21.24,1.7262777,,,1769423366,,3
2026-01-26 02:30:04.397389,0x433abf20,101,4.218,17.161667,5.527722,5.75,-77,1769423402,3,3
2026-01-26 02:30:28.632667,0x433e9c88,101,4.203,19.491667,1.7035,,,1769423426,,3
2026-01-26 02:31:13.648600,0x433acb14,99,4.179,24.538334,4.470278,3.75,-92,1769423471,3,3
2026-01-26 02:31:28.669377,0x433e9c88,101,4.201,23.993332,1.701,,,1769423486,,3
2026-01-26 02:32:08.739810,0x433ad35c,99,4.189,22.06,4.465667,6.0,-53,1769423526,3,3
2026-01-26 02:32:28.869405,0x433e9c88,101,4.208,24.798334,1.6848055,,,1769423546,,3
2026-01-26 02:33:28.789873,0x433e9c88,101,4.226,19.188334,1.7037222,,,1769423606,,3
2026-01-26 02:33:44.131767,0x433b0098,96,4.143,19.968334,4.5484166,5.75,-53,1769423622,2,1
2026-01-26 02:34:28.836566,0x433e9c88,96,4.146,19.723333,1.7390555,,,1769423667,,3
2026-01-26 02:34:33.044169,0x433b0b38,99,4.18,21.925,4.6309447,6.75,-74,1769423670,5,5
2026-01-26 02:34:58.864231,0x433af380,93,4.105,21.211668,3.0137222,5.75,-39,1769423696,3,3
2026-01-26 02:35:29.034755,0x433e9c88,100,4.191,28.314999,1.8061111,,,1769423727,,3
2026-01-26 02:36:04.336310,0x433abf20,101,4.219,20.731667,5.4489164,5.75,-76,1769423762,3,3
2026-01-26 02:36:29.053231,0x433e9c88,101,4.218,20.488335,1.8266389,,,1769423787,,3
2026-01-26 02:37:13.930617,0x433acb14,100,4.19,19.765,4.483278,3.5,-91,1769423831,3,3
2026-01-26 02:37:29.001289,0x433e9c88,97,4.16,22.296667,1.8412501,,,1769423847,,3
2026-01-26 02:38:10.378479,0x433ad35c,100,4.192,25.491667,4.3335834,5.75,-52,1769423888,3,3
2026-01-26 02:38:29.089696,0x433e9c88,71,3.909,25.083334,1.8576667,,,1769423907,,3
2026-01-26 02:39:29.223605,0x433e9c88,97,4.155,18.685,1.8781946,,,1769423967,3,3
2026-01-26 02:39:43.400470,0x433b0098,100,4.193,23.816666,4.4504166,6.5,-61,1769423981,2,2
2026-01-26 02:40:29.252065,0x433e9c88,99,4.183,26.031668,1.938611,,,1769424027,,3
2026-01-26 02:40:33.776032,0x433b0b38,101,4.203,21.845,4.4954443,7.0,-74,1769424031,5,5
2026-01-26 02:41:29.298101,0x433e9c88,101,4.222,28.505001,1.988111,,,1769424087,,3
2026-01-26 02:42:03.485018,0x433abf20,100,4.193,21.816666,5.1781945,5.5,-76,1769424121,3,3
2026-01-26 02:42:29.368507,0x433e9c88,95,4.126,20.571667,1.9609722,,,1769424147,,3
2026-01-26 02:43:14.569852,0x433acb14,99,4.176,22.393333,4.398722,3.75,-92,1769424192,3,3
2026-01-26 02:43:29.579377,0x433e9c88,98,4.166,23.543335,1.9961112,,,1769424207,,3
2026-01-26 02:44:09.268752,0x433ad35c,99,4.177,25.726667,4.0861945,5.75,-53,1769424247,3,3
2026-01-26 02:44:29.572619,0x433e9c88,101,4.229,21.635,2.0209444,,,1769424267,,3
2026-01-26 02:44:55.776883,0x433af380,101,4.201,16.806667,3.0569167,6.5,-39,1769424293,3,3
2026-01-26 02:45:29.533755,0x433e9c88,98,4.171,24.39,2.0063334,,,1769424327,,3
2026-01-26 02:45:43.585990,0x433b0098,100,4.192,20.313334,4.3835835,5.75,-60,1769424341,2,2
2026-01-26 02:45:47.701659,0xbd50376c,101,4.207,24.213333,1.9323335,5.5,-75,1769424345,3,3
2026-01-26 02:46:29.585875,0x433e9c88,95,4.133,26.126667,1.9858055,,,1769424387,,3
2026-01-26 02:46:33.807117,0x433b0b38,101,4.223,27.261665,4.5571666,6.75,-74,1769424391,5,5
2026-01-26 02:47:30.035595,0x433e9c88,98,4.171,26.176666,1.9668888,,,1769424447,,3
2026-01-26 02:48:04.353778,0x433abf20,101,4.209,20.318335,5.1699166,6.0,-76,1769424482,3,3
2026-01-26 02:48:29.722447,0x433e9c88,98,4.172,20.543333,1.9858055,,,1769424507,,3
2026-01-26 02:49:14.517237,0x433acb14,98,4.172,18.915,4.326389,3.5,-91,1769424552,3,3
2026-01-26 02:49:29.754377,0x433e9c88,98,4.163,20.626667,2.0168333,,,1769424567,,3
2026-01-26 02:50:11.074074,0x433ad35c,96,4.147,25.656668,4.0335555,6.5,-52,1769424608,3,3
2026-01-26 02:50:29.978990,0x433e9c88,97,4.161,26.888334,1.9711945,,,1769424627,,3
2026-01-26 02:51:29.976855,0x433e9c88,99,4.185,21.46,1.9711945,,,1769424688,,3
2026-01-26 02:51:44.434008,0x433b0098,99,4.182,20.556665,4.3089166,6.25,-61,1769424702,2,2
2026-01-26 02:52:30.070714,0x433e9c88,98,4.17,22.323332,2.0400555,,,1769424748,,3
2026-01-26 02:52:34.062946,0x433b0b38,97,4.157,26.455,4.5699167,6.0,-74,1769424751,5,5
2026-01-26 02:53:30.104709,0x433e9c88,101,4.201,21.606667,2.0375555,,,1769424808,,3
2026-01-26 02:54:04.474285,0x433abf20,101,4.21,20.926666,5.07825,5.75,-76,1769424842,3,3
2026-01-26 02:54:30.126901,0x433e9c88,98,4.164,21.761665,2.0564723,,,1769424868,,3
2026-01-26 02:54:57.667885,0x433af380,96,4.135,24.531668,3.034611,6.0,-39,1769424895,3,3
2026-01-26 02:55:15.309775,0x433acb14,101,4.222,25.593334,4.365972,3.25,-91,1769424913,3,3
2026-01-26 02:55:30.179997,0x433e9c88,97,4.161,26.401667,2.0566945,,,1769424928,,3
2026-01-26 02:56:10.978040,0x433ad35c,101,4.202,31.678333,3.8835275,6.0,-53,1769424968,3,3
2026-01-26 02:56:30.194982,0x433e9c88,101,4.204,28.23,2.0708334,,,1769424988,,3
2026-01-26 02:57:30.270926,0x433e9c88,99,4.177,19.395,2.0665278,,,1769425048,,3
2026-01-26 02:57:43.134371,0x433b0098,96,4.14,22.541666,4.330333,5.75,-61,1769425060,2,2
2026-01-26 02:58:30.199845,0x433e9c88,100,4.194,22.91,2.110278,,,1769425108,,3
2026-01-26 02:58:34.313892,0x433b0b38,99,4.181,23.69,4.4455833,6.75,-74,1769425112,5,5
2026-01-26 04:59:38.264561,0x433e9c88,98,4.167,25.685001,2.6503334,,,1769432376,,3
2026-01-26 05:00:38.410227,0x433e9c88,99,4.177,20.31,2.6227224,,,1769432436,,3
2026-01-26 05:00:49.336670,0x433b0098,98,4.172,22.063334,3.8488886,6.25,-60,1769432447,2,2
2026-01-26 05:01:03.748870,0x433af380,100,4.192,19.535,3.242722,6.0,-39,1769432461,3,3
2026-01-26 05:01:24.551089,0x433acb14,98,4.174,23.788334,4.3433332,3.25,-92,1769432482,3,3
2026-01-26 05:01:38.533193,0x433e9c88,101,4.221,24.251667,2.6434722,,,1769432496,,3
2026-01-26 05:02:19.036189,0x433ad35c,98,4.169,25.673332,3.9048333,6.0,-53,1769432536,3,3
2026-01-26 05:02:38.440473,0x433e9c88,97,4.157,15.626666,2.6126666,,,1769432556,,3
2026-01-26 05:03:12.647686,0x433abf20,100,4.199,23.906666,4.2401943,5.25,-76,1769432590,3,3
2026-01-26 05:03:38.634465,0x433e9c88,101,4.215,21.453333,2.6655555,,,1769432616,3,3
2026-01-26 05:04:38.662839,0x433e9c88,101,4.231,13.425,2.6683054,,,1769432676,,3
2026-01-26 05:04:45.861932,0x433b0b38,101,4.203,16.055,4.2086945,6.0,-74,1769432683,5,5
2026-01-26 05:05:38.709424,0x433e9c88,98,4.167,18.018333,2.6744165,,,1769432736,,3
2026-01-26 05:06:38.860093,0x433e9c88,99,4.179,25.170002,2.6721668,,,1769432796,,3
2026-01-26 05:06:49.606129,0x433b0098,101,4.209,24.966665,3.7928057,5.5,-61,1769432807,2,2
2026-01-26 05:07:25.724216,0x433acb14,99,4.184,23.801666,4.401528,3.25,-91,1769432843,3,3
2026-01-26 05:07:39.143178,0x433e9c88,98,4.174,24.811666,2.6700833,,,1769432856,,3
2026-01-26 05:08:18.804603,0x433ad35c,101,4.206,24.824999,4.0256667,5.75,-53,1769432896,3,3
2026-01-26 05:08:39.329782,0x433e9c88,99,4.181,23.525,2.6597776,,,1769432917,,3
2026-01-26 05:09:12.210889,0x433abf20,101,4.219,24.798334,4.1412225,5.25,-76,1769432949,3,3
2026-01-26 05:09:39.327782,0x433e9c88,98,4.162,21.296667,2.6406388,,,1769432977,,3
2026-01-26 05:09:53.917447,0xbd50376c,101,4.226,18.846666,2.3511112,5.75,-75,1769432991,3,3
2026-01-26 05:10:39.224718,0x433e9c88,98,4.171,19.025,2.5865834,,,1769433037,,3
2026-01-26 05:10:44.798173,0x433b0b38,101,4.212,18.698334,4.2364445,5.75,-74,1769433042,5,5
2026-01-26 05:11:04.536036,0x433af380,101,4.207,24.803333,3.198389,6.25,-38,1769433062,3,3
2026-01-26 05:11:39.302192,0x433e9c88,100,4.2,22.635,2.5598612,,,1769433097,,3
2026-01-26 05:12:39.317103,0x433e9c88,101,4.216,19.689999,2.5603056,,,1769433157,,3
2026-01-26 05:12:51.960507,0x433b0098,98,4.172,20.858334,3.7421112,6.75,-60,1769433169,2,2
2026-01-26 05:13:25.307756,0x433acb14,101,4.226,24.716667,4.555778,3.75,-91,1769433202,3,3
2026-01-26 05:13:39.476655,0x433e9c88,97,4.16,23.54,2.56075,,,1769433217,,3
2026-01-26 05:14:18.983543,0x433ad35c,99,4.18,24.058332,3.9349444,6.0,-53,1769433256,3,3
2026-01-26 05:14:39.535148,0x433e9c88,98,4.163,17.6,2.501861,,,1769433277,,3
2026-01-26 05:15:39.968793,0x433e9c88,100,4.193,14.7,2.4726388,,,1769433337,,3
2026-01-26 05:16:12.304516,0x433abf20,96,4.139,23.595,4.1539445,5.5,-76,1769433369,3,3
2026-01-26 05:16:39.673124,0x433e9c88,101,4.204,16.121666,2.5075278,,,1769433397,,3
2026-01-26 05:16:53.665420,0x433b0b38,97,4.154,18.391666,4.2240276,4.25,-91,1769433411,5,4
2026-01-26 05:17:39.682745,0x433e9c88,96,4.134,28.068335,2.4927223,,,1769433457,,3
2026-01-26 05:18:39.966288,0x433e9c88,98,4.172,23.113333,2.4970279,,,1769433517,,3
2026-01-26 05:19:25.534745,0x433acb14,99,4.177,22.351667,4.581639,3.75,-91,1769433563,3,3
2026-01-26 05:19:39.774508,0x433e9c88,99,4.183,20.801666,2.4498055,,,1769433577,,3
2026-01-26 05:19:54.050988,0x433b0098,98,4.166,21.735,3.9052222,6.0,-60,1769433591,2,2
2026-01-26 05:20:19.708690,0x433ad35c,99,4.179,26.001667,3.9766111,6.25,-53,1769433617,3,3
2026-01-26 05:20:40.027315,0x433e9c88,97,4.159,23.99,2.4124167,,,1769433637,,3
2026-01-26 05:21:06.130212,0x433af380,100,4.195,21.736666,3.2559998,6.0,-39,1769433663,3,3
2026-01-26 05:21:39.885392,0x433e9c88,96,4.14,22.511667,2.4313333,,,1769433697,,3
2026-01-26 05:22:12.559409,0x433abf20,98,4.17,23.39,4.3211665,5.5,-76,1769433730,3,3
2026-01-26 05:22:39.941635,0x433e9c88,97,4.149,17.928333,2.3918889,,,1769433757,,3
2026-01-26 05:22:44.564454,0x433b0b38,101,4.206,18.201668,4.417639,5.75,-74,1769433762,5,5
2026-01-26 05:23:40.098625,0x433e9c88,97,4.157,21.456667,2.435889,,,1769433817,,3
2026-01-26 05:24:40.052741,0x433e9c88,101,4.226,21.515,2.4913332,,,1769433877,,3
2026-01-26 05:25:25.789294,0x433acb14,99,4.185,19.765,4.5982223,3.5,-90,1769433923,3,3
2026-01-26 05:25:40.167118,0x433e9c88,101,4.207,17.351665,2.4573612,,,1769433937,,3
2026-01-26 05:25:58.968562,0x433b0098,96,4.141,20.435,3.88475,6.5,-60,1769433956,2,2
2026-01-26 05:26:19.575140,0x433ad35c,96,4.143,25.783333,3.9724166,5.5,-54,1769433977,3,3
2026-01-26 05:26:40.259697,0x433e9c88,101,4.217,19.496668,2.4220278,,,1769433998,,3
2026-01-26 05:27:40.204771,0x433e9c88,98,4.171,22.54,2.4108334,,,1769434058,,3
2026-01-26 05:28:13.282399,0x433abf20,99,4.179,23.215,4.3123612,5.5,-76,1769434090,3,3
2026-01-26 05:28:40.251020,0x433e9c88,99,4.18,25.728333,2.3599722,,,1769434118,,3
2026-01-26 05:28:45.373664,0x433b0b38,101,4.219,28.59,4.381111,5.75,-75,1769434123,5,5
2026-01-26 05:29:40.245781,0x433e9c88,100,4.197,22.855,2.3640833,,,1769434178,,3
2026-01-26 05:30:40.291236,0x433e9c88,101,4.203,21.253334,2.3494723,,,1769434238,,3
2026-01-26 05:31:02.151450,0x433af380,101,4.202,20.533333,3.2893054,6.25,-39,1769434259,3,3
2026-01-26 05:31:25.843308,0x433acb14,101,4.208,23.801666,4.693805,4.5,-89,1769434283,3,3
2026-01-26 05:31:40.812154,0x433e9c88,98,4.171,23.76,2.32025,,,1769434298,,3
2026-01-26 05:32:19.875258,0x433ad35c,99,4.189,26.098335,4.1703887,6.25,-54,1769434337,3,3
2026-01-26 05:32:40.838400,0x433e9c88,97,4.155,22.43,2.2808335,,,1769434358,,3
2026-01-26 05:32:52.390424,0x433b0098,101,4.212,20.526667,4.024611,6.0,-60,1769434370,2,2
2026-01-26 05:33:41.300182,0x433e9c88,98,4.17,21.061666,2.2532222,,,1769434419,,3
2026-01-26 05:34:13.067318,0x433abf20,97,4.155,22.708334,4.2415833,5.75,-76,1769434450,3,3
2026-01-26 05:34:41.462877,0x433e9c88,97,4.16,18.546667,2.2326944,,,1769434479,,3
2026-01-26 05:34:49.087053,0x433b0b38,101,4.225,17.12,4.437417,6.75,-74,1769434486,5,5
2026-01-26 05:35:41.318822,0x433e9c88,101,4.204,14.916667,2.1845555,,,1769434539,,3
2026-01-26 05:36:41.460628,0x433e9c88,99,4.181,18.72,2.16725,,,1769434599,,3
2026-01-26 05:37:26.091524,0x433acb14,101,4.225,23.24,4.725167,4.25,-91,1769434643,3,3
2026-01-26 05:37:41.678420,0x433e9c88,98,4.169,23.978333,2.1512778,,,1769434659,,3
2026-01-26 05:38:20.098297,0x433ad35c,97,4.16,25.083334,4.25625,6.25,-54,1769434697,3,3
2026-01-26 05:38:41.529656,0x433e9c88,98,4.175,25.083334,2.082611,,,1769434719,,3
2026-01-26 05:38:54.935240,0x433b0098,96,4.144,18.143333,4.1561947,7.0,-60,1769434732,2,2
2026-01-26 05:39:41.711640,0x433e9c88,99,4.183,22.69,2.0783055,,,1769434779,3,3
2026-01-26 05:40:13.314200,0x433abf20,101,4.206,22.666668,4.4299445,5.5,-77,1769434810,3,3
2026-01-26 05:40:41.817055,0x433e9c88,101,4.219,22.746668,2.0600555,,,1769434839,,3
2026-01-26 05:40:50.646956,0x433b0b38,97,4.158,16.861668,4.5195556,6.5,-74,1769434848,5,5
2026-01-26 05:41:41.781895,0x433e9c88,100,4.196,21.596666,2.0454445,,,1769434899,,3
2026-01-26 05:42:03.005393,0x433af380,98,4.162,23.51,3.407028,6.25,-38,1769434920,3,3
2026-01-26 05:42:41.890046,0x433e9c88,101,4.224,22.196667,2.0438335,,,1769434959,,3
2026-01-26 05:43:26.345140,0x433acb14,99,4.189,22.625,4.850972,3.75,-91,1769435003,3,3
2026-01-26 05:43:41.971161,0x433e9c88,101,4.22,20.843332,2.0486112,,,1769435019,,3
2026-01-26 05:44:20.296424,0x433ad35c,99,4.186,29.313335,4.245667,6.0,-53,1769435057,3,3
2026-01-26 05:44:41.916743,0x433e9c88,100,4.2,22.578333,2.0362778,,,1769435079,,3
2026-01-26 05:44:53.796190,0x433b0098,99,4.183,23.618334,4.323389,7.25,-59,1769435091,2,2
2026-01-26 05:45:42.148960,0x433e9c88,100,4.19,18.555,2.0214443,,,1769435139,,3
2026-01-26 05:46:04.748849,0xbd50376c,101,4.22,21.458334,2.1845,6.0,-75,1769435162,3,3
2026-01-26 05:46:13.693142,0x433abf20,99,4.183,24.336668,4.5704722,5.25,-76,1769435171,3,3
2026-01-26 05:46:42.169187,0x433e9c88,101,4.217,26.306667,2.0214443,,,1769435199,,3
2026-01-26 05:46:45.561478,0x433b0b38,98,4.164,26.565,4.5374165,6.0,-74,1769435203,5,5
2026-01-26 05:47:42.133266,0x433e9c88,101,4.202,32.086666,1.9917779,,,1769435259,,3
2026-01-26 05:48:42.224118,0x433e9c88,100,4.198,21.951666,1.9539443,,,1769435320,,3
2026-01-26 05:49:26.706698,0x433acb14,98,4.172,21.461668,5.0126944,4.75,-89,1769435364,3,3
2026-01-26 05:49:42.191465,0x433e9c88,101,4.21,23.431665,1.9204166,,,1769435380,,3
2026-01-26 05:50:20.421508,0x433ad35c,97,4.159,24.005001,4.2552223,6.5,-53,1769435418,3,3
2026-01-26 05:50:42.218288,0x433e9c88,101,4.204,24.005001,1.8895832,,,1769435440,,3
2026-01-26 05:50:54.624436,0x433b0098,99,4.179,12.415,4.347528,6.75,-60,1769435452,2,2
2026-01-26 05:51:42.263796,0x433e9c88,101,4.217,22.525002,1.8396388,,,1769435500,,3
2026-01-26 05:52:02.884998,0x433af380,99,4.184,21.529999,3.5497222,6.5,-38,1769435520,3,3
2026-01-26 05:52:14.318522,0x433abf20,99,4.185,24.278334,4.6236386,5.5,-76,1769435531,3,3
2026-01-26 05:52:42.449580,0x433e9c88,96,4.146,26.276667,1.8396388,,,1769435560,,3
2026-01-26 05:52:45.695319,0x433b0b38,97,4.156,27.125,4.6614723,6.75,-74,1769435563,5,5
2026-01-26 05:53:42.373355,0x433e9c88,99,4.183,22.398333,1.8400834,,,1769435620,,3
2026-01-26 05:54:42.445229,0x433e9c88,98,4.175,21.158333,1.8530833,,,1769435680,,3
2026-01-26 05:55:27.210422,0x433acb14,98,4.173,20.695,4.87675,4.25,-90,1769435724,3,3
2026-01-26 05:55:42.447051,0x433e9c88,92,4.085,19.471666,1.8651943,,,1769435740,,3
2026-01-26 05:56:20.802017,0x433ad35c,99,4.183,29.216667,4.32,6.5,-53,1769435778,3,3
2026-01-26 05:56:42.589137,0x433e9c88,86,4.026,20.801666,1.8489722,,,1769435800,,3
2026-01-26 05:56:59.166264,0x433b0098,95,4.127,19.776667,4.3115,7.5,-60,1769435816,2,2
2026-01-26 05:57:42.718207,0x433e9c88,99,4.188,25.618332,1.8489722,,,1769435860,,3
2026-01-26 05:58:16.310025,0x433abf20,100,4.192,19.708334,4.649389,5.25,-75,1769435893,3,3
2026-01-26 05:58:42.737915,0x433e9c88,98,4.167,24.443333,1.79925,,,1769435920,,3
2026-01-26 05:58:45.936875,0x433b0b38,99,4.184,21.813334,4.7578335,6.25,-75,1769435923,5,5
2026-01-25 16:59:51.296500,0x433e9c88,101,4.204,26.366667,1.77925,,,1769389190,,3
2026-01-25 17:00:28.915587,0x433abf20,101,4.204,16.561666,3.6593888,5.5,-77,1769389227,3,3
2026-01-25 17:00:37.482635,0x433acb14,99,4.186,18.201668,4.105417,2.5,-94,1769389236,3,3
2026-01-25 17:00:51.405486,0x433e9c88,99,4.182,21.926666,1.7785834,,,1769389250,3,3
2026-01-25 17:00:56.340568,0x433aad0c,101,4.24,25.705,3.2994444,6.25,-77,1769389255,3,3
2026-01-25 17:01:32.561714,0x433ad35c,98,4.175,29.233334,4.1047225,6.75,-53,1769389291,3,3
2026-01-25 17:01:51.503284,0x433e9c88,101,4.206,26.875002,1.8105278,,,1769389310,,3
2026-01-25 17:02:08.323020,0xbd50376c,99,4.188,21.648335,2.0619445,6.0,-75,1769389327,3,3
2026-01-25 17:02:51.505551,0x433e9c88,100,4.193,25.733334,1.8105278,,,1769389370,,3
2026-01-25 17:03:01.360868,0x433b0098,95,4.124,22.148333,3.5469167,6.25,-61,1769389380,2,2
2026-01-25 17:03:38.026654,0x433af380,98,4.162,24.26,2.7520556,6.25,-38,1769389416,3,3
2026-01-25 17:03:51.666734,0x433e9c88,98,4.166,27.275,1.7580833,,,1769389430,,3
2026-01-25 17:03:57.801323,0x433b0b38,97,4.153,27.59,4.1952777,6.5,-73,1769389436,5,5
2026-01-25 17:04:51.658762,0x433e9c88,101,4.219,26.476665,1.7624166,,,1769389490,,3
2026-01-25 17:05:51.638337,0x433e9c88,101,4.214,23.733334,1.7437222,,,1769389550,,3
2026-01-25 17:06:27.134898,0x433abf20,99,4.184,21.801666,3.7548332,5.25,-77,1769389585,3,3
2026-01-25 17:06:37.488632,0x433acb14,100,4.192,22.61,4.2741942,2.5,-95,1769389596,3,3
2026-01-25 17:06:51.864653,0x433e9c88,101,4.228,21.926666,1.71225,,,1769389610,,3
2026-01-25 17:06:56.328363,0x433aad0c,101,4.231,23.706667,3.4489722,6.0,-76,1769389615,3,3
2026-01-25 17:07:34.227414,0x433ad35c,99,4.179,19.501667,4.333028,6.0,-54,1769389653,3,3
2026-01-25 17:07:51.729643,0x433e9c88,98,4.172,24.793333,1.7457777,,,1769389670,,3
2026-01-25 17:08:51.850267,0x433e9c88,82,4.002,26.303333,1.8139722,,,1769389730,,3
2026-01-25 17:09:01.513778,0x433b0098,97,4.153,24.564999,3.7056665,6.25,-61,1769389740,2,2
2026-01-25 17:09:51.858105,0x433e9c88,95,4.126,22.528334,1.86825,,,1769389790,,3
2026-01-25 17:09:57.860888,0x433b0b38,99,4.177,25.470001,4.1137776,6.5,-74,1769389796,5,5
2026-01-25 17:10:52.034610,0x433e9c88,101,4.202,25.426668,1.9355278,,,1769389851,,3
2026-01-25 17:11:52.076196,0x433e9c88,100,4.197,20.31,1.9688332,,,1769389911,,3
2026-01-25 17:12:31.980890,0x433abf20,101,4.222,20.078333,3.709389,6.0,-76,1769389950,3,3
2026-01-25 17:12:40.278236,0x433acb14,98,4.171,18.56,4.2613335,3.0,-94,1769389959,3,3
2026-01-25 17:12:52.135870,0x433e9c88,101,4.238,24.471668,1.9542223,,,1769389971,,3
2026-01-25 17:12:56.659774,0x433aad0c,101,4.225,24.471668,3.5502777,5.5,-75,1769389975,3,3
2026-01-25 17:13:34.800700,0x433ad35c,100,4.195,24.988335,4.3523607,6.25,-53,1769390013,3,3
2026-01-25 17:13:52.148472,0x433e9c88,101,4.227,24.41,1.9405278,,,1769390031,,3
2026-01-25 17:14:35.973167,0x433af380,101,4.207,19.551666,2.6199167,6.25,-38,1769390074,3,3
2026-01-25 17:14:52.093145,0x433e9c88,101,4.208,23.978333,1.9740555,,,1769390091,,3
2026-01-25 17:15:02.264589,0x433b0098,101,4.231,24.855,3.7384722,6.0,-61,1769390101,2,2
2026-01-25 17:15:52.175919,0x433e9c88,99,4.184,22.871668,1.9929721,,,1769390151,,3
2026-01-25 17:15:58.801010,0x433b0b38,101,4.201,22.34,3.9278057,5.75,-74,1769390157,5,5
2026-01-25 17:16:52.261427,0x433e9c88,101,4.225,25.48,2.040889,,,1769390211,,3
2026-01-25 17:17:52.339395,0x433e9c88,98,4.166,22.553333,2.0221944,,,1769390271,,3
2026-01-25 17:18:28.951779,0x433abf20,100,4.193,16.668333,3.61375,5.5,-77,1769390307,3,3
2026-01-25 17:18:39.785103,0x433acb14,100,4.195,26.221666,4.2875834,2.5,-94,1769390318,3,3
2026-01-25 17:18:52.341880,0x433e9c88,101,4.221,26.140001,1.9968333,,,1769390331,,3
2026-01-25 17:18:56.955612,0x433aad0c,100,4.193,28.396666,3.4003887,5.75,-76,1769390335,3,3
2026-01-25 17:19:38.796714,0x433ad35c,98,4.174,26.548332,4.2360277,7.75,-54,1769390377,3,3
2026-01-25 17:19:52.328338,0x433e9c88,99,4.189,27.026665,1.9931945,,,1769390391,,3
2026-01-25 17:20:52.472146,0x433e9c88,97,4.161,20.283335,2.0267222,,,1769390451,,3
2026-01-25 17:21:05.115471,0x433b0098,92,4.084,22.050001,3.7664998,6.25,-59,1769390463,2,2
2026-01-25 17:21:52.516454,0x433e9c88,99,4.18,19.93,2.0431387,,,1769390511,,3
2026-01-25 17:21:58.766144,0x433b0b38,98,4.175,23.448334,4.0046945,6.0,-74,1769390517,5,5
2026-01-25 17:22:52.575895,0x433e9c88,101,4.229,23.971666,2.0595555,,,1769390571,,3
2026-01-25 17:23:52.592129,0x433e9c88,75,3.948,23.676666,2.13275,,,1769390631,,3
2026-01-25 17:24:28.724776,0x433abf20,97,4.158,18.421667,3.6201112,5.5,-76,1769390667,3,3
2026-01-25 17:24:39.505523,0x433af380,98,4.162,23.533335,2.6097221,6.25,-39,1769390678,3,3
2026-01-25 17:24:43.983833,0x433acb14,101,4.203,24.776667,4.299389,2.75,-93,1769390682,3,3
2026-01-25 17:24:52.684594,0x433e9c88,100,4.193,25.720001,2.083,,,1769390691,,3
2026-01-25 17:24:57.667760,0x433aad0c,98,4.171,25.720001,3.2303889,5.5,-77,1769390696,3,3
2026-01-25 17:25:34.371796,0x433ad35c,96,4.144,31.765,4.177889,7.0,-53,1769390733,3,3
2026-01-25 17:25:52.584975,0x433e9c88,97,4.161,25.818333,2.0291667,,,1769390751,,3
2026-01-25 17:26:52.769149,0x433e9c88,93,4.101,20.283335,2.0483055,,,1769390811,,3
2026-01-25 17:27:03.015950,0x433b0098,95,4.12,24.32,3.6566944,5.5,-62,1769390821,2,2
2026-01-25 17:27:52.698420,0x433e9c88,100,4.195,21.968334,2.0336945,,,1769390871,,3
2026-01-25 17:28:00.325146,0x433b0b38,101,4.226,22.871668,4.029556,6.25,-73,1769390879,5,5
2026-01-25 17:28:52.743380,0x433e9c88,100,4.19,26.776665,2.0697224,,,1769390931,,3
2026-01-25 17:29:52.793166,0x433e9c88,101,4.22,23.225,2.0508056,,,1769390991,,3
2026-01-25 17:30:28.972397,0x433abf20,101,4.219,19.736668,3.7549167,5.75,-77,1769391027,3,3
2026-01-25 17:30:40.885103,0x433acb14,98,4.174,19.983334,4.2320275,3.25,-93,1769391039,3,3
2026-01-25 17:30:52.933069,0x433e9c88,99,4.181,21.9,2.0508056,,,1769391051,,3
2026-01-25 17:30:57.524298,0x433aad0c,99,4.188,22.803333,3.138611,5.5,-76,1769391056,3,3
2026-01-25 17:31:34.988243,0x433ad35c,98,4.174,24.523333,4.123639,6.75,-53,1769391093,3,3
2026-01-25 17:31:52.930614,0x433e9c88,99,4.183,22.823334,2.0533056,,,1769391111,,3
2026-01-25 17:32:53.028801,0x433e9c88,91,4.072,24.608334,2.0350554,,,1769391172,,3
2026-01-25 17:33:03.368521,0x433b0098,97,4.152,24.608334,3.5264168,6.0,-61,1769391182,2,2
2026-01-25 17:33:53.023233,0x433e9c88,96,4.143,25.130001,2.0102222,,,1769391232,,3
2026-01-25 17:33:59.686776,0x433b0b38,98,4.169,18.673334,4.0374722,6.0,-73,1769391238,5,5
2026-01-25 17:34:53.261543,0x433e9c88,96,4.138,24.003332,2.0225554,,,1769391292,,3
2026-01-25 17:35:38.330912,0x433af380,88,4.039,23.073334,2.8595834,6.5,-38,1769391337,3,3
2026-01-25 17:35:53.140526,0x433e9c88,99,4.188,24.855,2.052,,,1769391352,,3
2026-01-25 17:36:29.242419,0x433abf20,101,4.228,20.831667,3.881,6.0,-77,1769391388,3,3
2026-01-25 17:36:40.949106,0x433acb14,101,4.213,20.776667,4.1935277,3.5,-92,1769391399,3,3
2026-01-25 17:36:53.305173,0x433e9c88,100,4.194,21.9,2.034889,,,1769391412,3,3
2026-01-25 17:37:35.282281,0x433ad35c,99,4.178,21.133333,3.9715,7.25,-53,1769391454,3,3
2026-01-25 17:37:53.495130,0x433e9c88,97,4.159,23.156666,2.1081111,,,1769391472,,3
2026-01-25 17:38:08.089076,0xbd50376c,101,4.203,24.086666,2.093611,5.5,-75,1769391486,3,3
2026-01-25 17:38:53.506862,0x433e9c88,98,4.168,22.17,2.1420832,,,1769391532,,3
2026-01-25 17:39:06.163723,0x433b0098,96,4.142,18.461666,3.4579725,6.25,-60,1769391544,2,2
2026-01-25 17:39:53.430011,0x433e9c88,99,4.183,20.545,2.1623888,,,1769391592,,3
2026-01-25 17:39:59.916168,0x433b0b38,96,4.143,20.945,4.0023336,6.5,-74,1769391598,5,5
2026-01-25 17:40:53.521618,0x433e9c88,96,4.138,26.045,2.1810834,,,1769391652,,3
2026-01-25 17:41:53.681841,0x433e9c88,95,4.131,22.063334,2.1851666,,,1769391712,,3
2026-01-25 17:42:29.525527,0x433abf20,101,4.216,23.295,3.9637778,6.0,-76,1769391748,3,3
2026-01-25 17:42:41.969181,0x433acb14,101,4.217,26.906666,4.151361,3.25,-93,1769391760,3,3
2026-01-25 17:42:53.656061,0x433e9c88,99,4.178,26.851665,2.2036388,,,1769391772,,3
2026-01-25 17:43:42.315122,0x433ad35c,97,4.151,23.95,3.805889,6.25,-53,1769391821,3,3
2026-01-25 17:43:53.737622,0x433e9c88,101,4.219,26.19,2.1975,,,1769391832,,3
2026-01-25 17:44:53.813544,0x433e9c88,99,4.179,23.733334,2.1934166,,,1769391892,,3
2026-01-25 17:45:03.167862,0x433b0098,99,4.18,21.026667,3.4536111,6.5,-61,1769391901,2,2
2026-01-25 17:45:53.744681,0x433e9c88,101,4.219,22.583332,2.2292223,,,1769391952,,3
2026-01-25 17:46:00.281189,0x433b0b38,99,4.179,24.363333,4.095361,6.0,-73,1769391959,5,5
2026-01-25 17:46:36.388010,0x433af380,96,4.142,24.463333,2.8819165,6.75,-38,1769391995,3,3
2026-01-25 17:46:53.957877,0x433e9c88,99,4.177,25.494999,2.248139,,,1769392012,,3
2026-01-25 17:47:53.979371,0x433e9c88,101,4.205,23.536667,2.2456388,,,1769392072,,3
2026-01-25 17:48:29.871717,0x433abf20,99,4.182,18.324999,4.114611,5.75,-75,1769392108,3,3
2026-01-25 17:48:43.891679,0x433acb14,101,4.209,23.718334,4.119,3.0,-93,1769392122,3,3
2026-01-25 17:48:53.953222,0x433e9c88,98,4.169,26.481667,2.2118888,,,1769392132,,3
2026-01-25 17:49:36.384488,0x433ad35c,98,4.175,19.050001,3.860722,6.75,-54,1769392175,3,3
2026-01-25 17:49:54.050534,0x433e9c88,97,4.157,25.73,2.2265,,,1769392192,,3
2026-01-25 17:50:53.978166,0x433e9c88,97,4.159,18.556667,2.1620278,,,1769392252,,3
2026-01-25 17:51:05.383499,0x433b0098,97,4.151,18.996666,3.640861,6.25,-61,1769392264,2,2
2026-01-25 17:51:54.184767,0x433e9c88,100,4.198,18.848333,2.2121944,,,1769392313,,3
2026-01-25 17:52:01.219180,0x433b0b38,95,4.128,16.673334,4.0344443,5.5,-74,1769392319,5,5
2026-01-25 17:52:54.106435,0x433e9c88,101,4.202,27.768335,2.18875,,,1769392373,,3
2026-01-25 17:53:54.144321,0x433e9c88,101,4.23,26.028332,2.182611,,,1769392433,,3
2026-01-25 17:54:30.171340,0x433abf20,98,4.172,21.433334,4.0569444,6.0,-77,1769392468,3,3
2026-01-25 17:54:43.099347,0x433acb14,101,4.232,17.353334,4.10075,3.25,-92,1769392481,3,3
2026-01-25 17:54:54.660616,0x433e9c88,94,4.115,22.746668,2.2323332,,,1769392493,,3
2026-01-25 17:55:37.715158,0x433ad35c,97,4.154,24.308332,3.801083,6.5,-53,1769392536,3,3
2026-01-25 17:55:54.629896,0x433e9c88,92,4.08,26.696667,2.222111,,,1769392553,,3
2026-01-25 17:56:54.562942,0x433e9c88,98,4.173,19.433332,2.2198331,,,1769392613,,3
2026-01-25 17:57:05.312604,0x433b0098,101,4.209,20.723333,3.615472,6.5,-61,1769392624,2,2
2026-01-25 17:57:34.689439,0x433af380,97,4.161,23.465,2.8944166,6.25,-38,1769392653,3,3
2026-01-25 17:57:54.704446,0x433e9c88,96,4.147,22.858334,2.1906943,,,1769392673,,3
2026-01-25 17:58:01.702867,0x433b0b38,96,4.144,21.491667,3.9933057,5.25,-75,1769392680,5,5
2026-01-25 17:58:54.892276,0x433e9c88,97,4.16,23.92,2.209611,,,1769392733,,3
2026-01-25 13:59:22.583844,0x433af380,98,4.17,18.238333,2.7303612,6.25,-46,,3,3
2026-01-25 13:59:40.372123,0x433e9c88,101,4.206,19.623333,0.06655555,,,,3,3
2026-01-25 14:00:40.687783,0x433e9c88,97,4.152,14.851667,0.09758333,,,,,3
2026-01-25 14:00:45.568271,0x433aad0c,99,4.188,14.043333,4.1105556,4.25,-81,,3,3
2026-01-25 14:01:20.874490,0x433ad35c,100,4.198,20.01,2.8039722,5.75,-53,,3,3
2026-01-25 14:01:40.778492,0x433e9c88,98,4.173,20.403334,0.09758333,,,,,3
2026-01-25 14:02:41.075079,0x433e9c88,101,4.226,16.616667,0.11627778,,,,,3
2026-01-25 14:03:41.300343,0x433e9c88,101,4.219,13.47,0.13133332,,,,,3
2026-01-25 14:03:44.658292,0x433b0b38,98,4.166,17.493334,3.6688056,5.75,-71,,5,5
2026-01-25 14:04:14.724358,0x433abf20,101,4.201,18.256668,0.4523611,5.75,-76,,3,3
2026-01-25 14:04:41.114654,0x433e9c88,99,4.179,16.531668,0.15002778,,,,,3
2026-01-25 14:06:41.147523,0x433e9c88,99,4.18,13.13,0.21094444,,,1769378800,,3
2026-01-25 14:06:45.657188,0x433aad0c,101,4.237,16.276667,4.0144167,5.75,-76,1769378804,3,3
2026-01-25 14:07:21.244170,0x433ad35c,97,4.154,19.378332,2.9237776,6.75,-54,1769378840,3,3
2026-01-25 14:07:41.556075,0x433e9c88,97,4.157,14.15,0.22963889,,,1769378860,,3
2026-01-25 14:08:41.387623,0x433e9c88,99,4.179,11.661667,0.22963889,,,1769378920,,3
2026-01-25 14:09:22.750402,0x433af380,98,4.17,14.536667,2.7791946,6.0,-39,1769378961,3,3
2026-01-25 14:09:41.441313,0x433e9c88,98,4.168,11.991667,0.24425001,,,1769378980,,3
2026-01-25 14:09:46.142937,0x433b0b38,100,4.191,15.138334,3.795889,5.25,-70,1769378985,5,5
2026-01-25 14:10:14.889297,0x433abf20,101,4.218,20.228334,0.8743611,6.5,-78,1769379013,3,3
2026-01-25 14:10:41.468975,0x433e9c88,99,4.183,20.663334,0.26294446,,,1769379040,,3
2026-01-25 14:11:41.732389,0x433e9c88,101,4.213,16.618334,0.26294446,,,1769379100,,3
2026-01-25 14:12:41.896474,0x433e9c88,99,4.186,15.7683325,0.2816389,,,1769379161,,3
2026-01-25 14:12:47.663832,0x433aad0c,97,4.16,12.851667,3.8781946,5.5,-76,1769379166,3,3
2026-01-25 14:13:21.379515,0x433ad35c,101,4.207,26.943333,3.0604167,7.75,-54,1769379200,3,3
2026-01-25 14:13:41.826403,0x433e9c88,100,4.192,24.04,0.31902778,,,1769379221,,3
2026-01-25 14:14:41.884725,0x433e9c88,101,4.208,13.785,0.33363888,,,1769379281,,3
2026-01-25 14:15:42.250794,0x433e9c88,101,4.228,12.031667,0.33363888,,,1769379341,,3
2026-01-25 14:15:48.473000,0x433b0b38,100,4.192,15.371667,3.7611942,5.75,-70,1769379347,5,5
2026-01-25 14:16:15.065408,0x433abf20,99,4.178,18.256668,1.2094444,6.0,-76,1769379374,3,3
2026-01-25 14:16:41.959534,0x433e9c88,101,4.205,17.065,0.33363888,,,1769379401,,3
2026-01-25 14:17:41.978738,0x433e9c88,101,4.207,11.523334,0.38791665,,,1769379461,,3
2026-01-25 14:18:42.037146,0x433e9c88,101,4.229,16.015001,0.41711113,,,1769379521,,3
2026-01-25 14:18:47.041027,0x433aad0c,101,4.237,11.155001,3.6958613,6.25,-77,1769379526,3,3
2026-01-25 14:19:21.727492,0x433ad35c,98,4.17,20.460001,3.1516387,6.75,-54,1769379560,3,3
2026-01-25 14:19:24.649401,0x433af380,98,4.174,22.078333,2.896139,6.0,-39,1769379563,3,3
2026-01-25 14:19:42.244874,0x433e9c88,101,4.226,20.311666,0.434,,,1769379581,,3
2026-01-25 14:19:55.032477,0xbd50376c,101,4.212,24.361668,1.2542223,5.25,-78,1769379594,3,3
2026-01-25 14:20:42.095482,0x433e9c88,100,4.198,9.583333,0.46366668,,,1769379641,,3
2026-01-25 14:21:42.140392,0x433e9c88,101,4.218,15.713332,0.46366668,,,1769379701,,3
2026-01-25 14:21:47.234559,0x433b0b38,100,4.19,13.073333,3.8045275,5.75,-71,1769379706,5,5
2026-01-25 14:22:15.749399,0x433abf20,98,4.175,21.664999,1.6775001,5.75,-75,1769379734,3,3
2026-01-25 14:22:42.431123,0x433e9c88,99,4.187,22.648333,0.51975,,,1769379761,,3
2026-01-25 14:23:42.285932,0x433e9c88,99,4.183,17.408333,0.5676389,,,1769379821,,3
2026-01-25 14:24:28.817469,0x433acb14,101,4.229,26.846668,0.06161111,2.25,-94,1769379867,3,3
2026-01-25 14:24:42.332028,0x433e9c88,88,4.039,34.315,0.68255556,,,1769379881,,3
2026-01-25 14:24:47.201503,0x433aad0c,86,4.027,32.838333,3.7581112,5.0,-78,1769379886,3,3
2026-01-25 14:25:22.025569,0x433ad35c,101,4.206,34.666668,3.2047224,7.5,-54,1769379921,3,3
2026-01-25 14:25:42.378265,0x433e9c88,93,4.093,27.649998,0.74569446,,,1769379941,,3
2026-01-25 14:26:42.578519,0x433e9c88,99,4.178,14.165001,0.77922225,,,1769380001,,3
2026-01-25 14:27:42.668111,0x433e9c88,98,4.174,14.673333,0.86658335,,,1769380061,,3
2026-01-25 14:27:51.236244,0x433b0b38,99,4.189,18.256668,3.8462777,5.0,-70,1769380070,5,5
2026-01-25 14:28:42.620465,0x433e9c88,98,4.165,23.015,0.9149444,,,1769380121,,3
2026-01-25 14:29:15.631496,0x433abf20,100,4.197,19.568333,2.1806111,5.5,-77,1769380154,3,3
2026-01-25 14:29:23.776693,0x433af380,101,4.205,22.075,3.0165,5.75,-39,1769380162,3,3
2026-01-25 14:29:42.614071,0x433e9c88,98,4.173,17.05,0.9685278,,,1769380181,,3
2026-01-25 14:30:28.366991,0x433acb14,98,4.164,20.011667,0.38847223,-1.5,-99,1769380227,3,3
2026-01-25 14:30:42.813226,0x433e9c88,101,4.206,13.22,1.0022779,,,1769380241,,3
2026-01-25 14:30:52.171008,0x433aad0c,101,4.208,22.831667,3.5044167,5.75,-77,1769380251,3,3
2026-01-25 14:31:22.374787,0x433ad35c,98,4.17,25.073334,3.2438889,7.75,-54,1769380281,3,3
2026-01-25 14:31:42.736542,0x433e9c88,92,4.085,24.66,1.052,,,1769380302,,3
2026-01-25 14:32:42.878922,0x433e9c88,101,4.21,19.724998,1.052,,,1769380362,,3
2026-01-25 14:33:42.830153,0x433e9c88,101,4.223,20.815,1.0898333,,,1769380422,,3
2026-01-25 14:33:48.344201,0x433b0b38,99,4.179,19.118332,4.0084724,6.0,-70,1769380427,5,5
2026-01-25 14:34:42.975738,0x433e9c88,101,4.221,23.51,1.1705834,,,1769380482,,3
2026-01-25 14:35:15.881715,0x433abf20,97,4.152,19.57,2.5815833,6.75,-76,1769380514,3,3
2026-01-25 14:35:43.056743,0x433e9c88,101,4.22,17.325,1.1856389,,,1769380542,3,3
2026-01-25 14:36:28.351059,0x433acb14,98,4.171,21.133333,0.7261389,-0.5,-97,1769380587,3,3
2026-01-25 14:36:43.119836,0x433e9c88,96,4.142,17.34,1.2331111,,,1769380602,,3
2026-01-25 14:36:48.812449,0x433aad0c,101,4.231,18.475,3.3297777,5.5,-77,1769380607,3,3
2026-01-25 14:37:22.620753,0x433ad35c,99,4.18,27.058332,3.477639,5.75,-54,1769380641,3,3
2026-01-25 14:37:43.129995,0x433e9c88,97,4.155,21.045,1.266639,,,1769380662,,3
2026-01-25 14:38:43.176697,0x433e9c88,98,4.165,17.051666,1.28125,,,1769380722,,3
2026-01-25 14:39:23.977595,0x433af380,97,4.15,20.396666,3.1875834,6.25,-39,1769380763,3,3
2026-01-25 14:39:43.248309,0x433e9c88,101,4.233,17.380001,1.3001666,,,1769380782,,3
2026-01-25 14:39:49.091585,0x433b0b38,100,4.194,19.133333,4.0859723,6.0,-70,1769380788,5,5
2026-01-25 14:40:43.283117,0x433e9c88,101,4.201,24.496668,1.3355278,,,1769380842,,3
2026-01-25 14:41:16.034667,0x433abf20,101,4.215,20.256666,2.9640832,5.75,-76,1769380875,3,3
2026-01-25 14:41:43.455204,0x433e9c88,99,4.189,21.118334,1.3501389,,,1769380902,,3
2026-01-25 14:42:28.749160,0x433acb14,97,4.158,19.736668,1.1418055,0.75,-96,1769380947,3,3
2026-01-25 14:42:43.471634,0x433e9c88,101,4.228,21.68,1.3998611,,,1769380962,,3
2026-01-25 14:42:50.792690,0x433aad0c,99,4.179,15.11,3.2557778,5.75,-76,1769380969,3,3
2026-01-25 14:43:22.690258,0x433ad35c,99,4.177,28.493332,3.5303612,5.5,-53,1769381001,3,3
2026-01-25 14:43:43.462466,0x433e9c88,101,4.227,24.933334,1.4352221,,,1769381022,,3
2026-01-25 14:44:43.451725,0x433e9c88,99,4.188,19.736668,1.4981945,,,1769381082,,3
2026-01-25 14:45:43.533814,0x433e9c88,101,4.218,14.533334,1.5315,,,1769381142,,3
2026-01-25 14:45:52.152371,0x433b0b38,96,4.137,15.151666,4.0336943,6.25,-73,1769381151,5,5
2026-01-25 14:46:43.607591,0x433e9c88,99,4.18,19.826668,1.5465555,,,1769381202,,3
2026-01-25 14:47:16.311882,0x433abf20,99,4.184,21.131666,3.3995833,6.25,-76,1769381235,3,3
2026-01-25 14:47:43.650214,0x433e9c88,70,3.898,18.539999,1.5736667,,,1769381262,,3
2026-01-25 14:48:19.826621,0xbd50376c,99,4.187,23.973333,0.027111111,6.0,-74,1769381298,3,3
2026-01-25 14:48:29.031917,0x433acb14,101,4.202,32.295002,1.4833056,-1.25,-99,1769381308,3,3
2026-01-25 14:48:43.863071,0x433e9c88,95,4.128,23.183334,1.6046945,,,1769381322,,3
2026-01-25 14:48:50.960665,0x433aad0c,101,4.223,26.661667,3.2448888,6.25,-77,1769381329,3,3
2026-01-25 14:49:22.937474,0x433ad35c,99,4.176,23.289999,3.508222,6.0,-55,1769381361,3,3
2026-01-25 14:49:27.961629,0x433af380,98,4.162,23.871666,3.4078333,6.0,-39,1769381366,3,3
2026-01-25 14:49:43.735203,0x433e9c88,99,4.182,26.573334,1.6046945,,,1769381383,,3
2026-01-25 14:50:43.845206,0x433e9c88,101,4.219,18.013332,1.6439166,,,1769381443,,3
2026-01-25 14:51:43.978689,0x433e9c88,100,4.194,18.916666,1.7018332,,,1769381503,,3
2026-01-25 14:51:55.449290,0x433b0b38,101,4.209,22.036667,4.1686945,5.75,-74,1769381514,5,5
2026-01-25 14:52:43.865848,0x433e9c88,100,4.191,25.493332,1.7205278,,,1769381563,,3
2026-01-25 14:53:16.706829,0x433abf20,101,4.202,23.005,3.8550556,5.25,-76,1769381595,3,3
2026-01-25 14:53:43.983408,0x433e9c88,101,4.208,24.581667,1.7599722,,,1769381623,,3
2026-01-25 14:54:30.078238,0x433acb14,99,4.181,17.956667,1.8765556,-0.5,-98,1769381669,3,3
2026-01-25 14:54:44.068928,0x433e9c88,101,4.204,19.843334,1.8074166,,,1769381683,,3
2026-01-25 14:54:52.868942,0x433aad0c,101,4.237,16.380001,2.9486668,6.75,-76,1769381691,3,3
2026-01-25 14:55:23.292697,0x433ad35c,98,4.162,30.983335,3.7053056,6.0,-54,1769381722,3,3
2026-01-25 14:55:44.194100,0x433e9c88,99,4.184,32.813335,1.8407222,,,1769381743,,3
2026-01-25 14:56:44.065065,0x433e9c88,100,4.194,17.608334,1.8835833,,,1769381803,,3
2026-01-25 14:56:56.559247,0x433b0098,97,4.161,17.17,0.06341667,5.25,-61,1769381815,2,2
2026-01-25 14:57:44.156363,0x433e9c88,99,4.186,17.826666,1.8995556,,,1769381863,,3
2026-01-25 14:57:56.244019,0x433b0b38,96,4.141,18.085,4.234111,5.0,-74,1769381875,5,5
2026-01-25 14:58:44.183252,0x433e9c88,101,4.206,23.333334,1.9141667,,,1769381923,,3
2026-01-27 10:00:37.009311,0x433b0b38,101,4.217,17.136665,4.5225277,5.75,-73,1769536831,5,5
2026-01-27 10:00:40.288615,0x433e9c88,100,4.194,19.738333,1.8636944,,,1769536835,,3
2026-01-27 10:00:52.404312,0x433b0098,99,4.189,23.433334,4.2414165,6.0,-59,1769536847,2,2
2026-01-27 10:01:40.469326,0x433e9c88,101,4.225,21.103333,1.8764724,,,1769536895,3,3
2026-01-27 10:02:40.627842,0x433e9c88,100,4.196,19.711668,1.9079722,,,1769536955,,3
2026-01-27 10:03:01.754038,0x433abf20,98,4.163,23.953333,5.0653334,5.75,-75,1769536976,3,3
2026-01-27 10:03:17.929386,0x433acb14,100,4.196,20.778332,3.8313613,2.75,-93,1769536992,3,3
2026-01-27 10:03:26.466629,0x433af380,101,4.204,21.67,3.4119167,7.25,-39,1769537001,3,3
2026-01-27 10:03:40.603229,0x433e9c88,100,4.197,23.295,1.9097778,,,1769537015,,3
2026-01-27 10:04:05.169441,0x433ad35c,96,4.144,26.198334,4.29125,6.25,-53,1769537040,3,3
2026-01-27 10:04:40.684387,0x433e9c88,101,4.215,19.9,1.8808056,,,1769537075,,3
2026-01-27 10:05:40.669215,0x433e9c88,101,4.22,23.706667,1.8954167,,,1769537135,,3
2026-01-27 10:06:38.320790,0x433b0b38,98,4.163,19.683332,4.4700837,6.0,-74,1769537193,5,5
2026-01-27 10:06:40.851062,0x433e9c88,101,4.204,23.406666,1.8705834,,,1769537195,,3
2026-01-27 10:06:52.661803,0x433b0098,97,4.155,22.586666,4.3443055,6.75,-60,1769537207,2,2
2026-01-27 10:07:40.878970,0x433e9c88,99,4.186,22.226667,1.8163055,,,1769537255,,3
2026-01-27 10:08:40.950569,0x433e9c88,100,4.196,23.706667,1.8516667,,,1769537315,,3
2026-01-27 10:09:01.801052,0x433abf20,97,4.15,24.925,4.9678054,5.25,-75,1769537336,3,3
2026-01-27 10:09:19.641897,0x433acb14,101,4.209,23.556665,3.8154445,-2.25,-96,1769537354,3,3
2026-01-27 10:09:40.873726,0x433e9c88,98,4.171,26.388332,1.8480278,,,1769537376,,3
2026-01-27 10:10:05.005512,0x433ad35c,99,4.187,27.428331,4.332611,7.25,-54,1769537399,3,3
2026-01-27 10:10:41.085668,0x433e9c88,97,4.151,22.471666,1.8318332,,,1769537436,,3
2026-01-27 10:11:40.978803,0x433e9c88,98,4.165,21.926666,1.8008056,,,1769537496,,3
2026-01-27 10:12:40.468681,0x433b0b38,97,4.155,20.365,4.5214443,6.5,-73,1769537555,5,5
2026-01-27 10:12:40.999401,0x433e9c88,97,4.155,16.781668,1.7734166,,,1769537556,,3
2026-01-27 10:12:53.010608,0x433b0098,98,4.168,21.763334,4.3735557,6.75,-59,1769537567,2,2
2026-01-27 10:12:55.836992,0xbd50376c,101,4.214,23.733334,2.2203333,5.75,-73,1769537570,3,3
2026-01-27 10:13:41.194594,0x433e9c88,101,4.203,22.911667,1.7684168,,,1769537616,,3
2026-01-27 10:14:41.264831,0x433e9c88,99,4.179,25.048334,1.7891666,,,1769537676,,3
2026-01-27 10:15:02.216052,0x433abf20,99,4.181,24.858334,5.1204166,5.75,-75,1769537697,3,3
2026-01-27 10:15:18.412134,0x433acb14,101,4.23,19.656668,3.9183054,0.25,-97,1769537713,3,3
2026-01-27 10:15:41.207791,0x433e9c88,101,4.211,24.963333,1.8265555,,,1769537736,,3
2026-01-27 10:16:05.304842,0x433ad35c,99,4.189,24.445,4.4909167,6.0,-52,1769537760,3,3
2026-01-27 10:16:33.685734,0x433af380,97,4.148,24.123333,3.3039722,5.75,-39,1769537788,3,3
2026-01-27 10:16:41.228753,0x433e9c88,100,4.191,24.141666,1.8268056,,,1769537796,,3
2026-01-27 10:17:41.226403,0x433e9c88,99,4.183,21.106667,1.7624445,,,1769537856,,3
2026-01-27 10:18:40.323639,0x433b0b38,99,4.182,22.585001,4.57525,5.5,-75,1769537915,5,4
2026-01-27 10:18:41.393790,0x433e9c88,101,4.228,20.461666,1.7234722,,,1769537916,,3
2026-01-27 10:19:41.321837,0x433e9c88,101,4.236,20.636667,1.72325,,,1769537976,,3
2026-01-27 10:19:53.241196,0x433b0098,97,4.155,21.24,4.5414724,6.75,-61,1769537988,2,2
2026-01-27 10:20:41.561778,0x433e9c88,101,4.231,20.228334,1.7376112,,,1769538036,,3
2026-01-27 10:21:02.356594,0x433abf20,101,4.207,23.074999,5.2716665,6.0,-75,1769538057,3,3
2026-01-27 10:21:18.493219,0x433acb14,100,4.194,22.665,3.8282223,2.5,-94,1769538073,3,3
2026-01-27 10:21:41.562589,0x433e9c88,99,4.177,21.215,1.74125,,,1769538096,,3
2026-01-27 10:22:05.401349,0x433ad35c,101,4.204,24.006666,4.6165557,6.0,-53,1769538120,3,3
2026-01-27 10:22:41.566527,0x433e9c88,99,4.18,19.105,1.7642777,,,1769538156,,3
2026-01-27 10:23:41.670067,0x433e9c88,101,4.227,20.748333,1.7266667,,,1769538216,,3
2026-01-27 10:24:37.358803,0x433b0b38,96,4.147,18.86,4.6963887,5.25,-73,1769538272,5,5
2026-01-27 10:24:41.611308,0x433e9c88,99,4.188,23.46,1.7287222,,,1769538276,,3
2026-01-27 10:25:41.790663,0x433e9c88,98,4.165,21.106667,1.7656667,,,1769538336,,3
2026-01-27 10:25:56.365543,0x433b0098,100,4.199,21.926666,4.6245003,6.5,-60,1769538351,2,2
2026-01-27 10:26:41.859139,0x433e9c88,99,4.181,27.564999,1.7588334,,,1769538396,,3
2026-01-27 10:27:02.584187,0x433abf20,98,4.171,21.351667,5.2296944,7.0,-75,1769538417,3,3
2026-01-27 10:27:19.644659,0x433acb14,98,4.172,19.983334,4.0121665,3.5,-92,1769538434,3,3
2026-01-27 10:27:24.404737,0x433af380,97,4.153,24.668333,3.2709446,6.25,-39,1769538439,3,3
2026-01-27 10:27:41.765734,0x433e9c88,94,4.117,23.61,1.740139,,,1769538456,,3
2026-01-27 10:28:05.653772,0x433ad35c,98,4.168,24.611668,4.788889,6.0,-53,1769538480,3,3
2026-01-27 10:28:41.860929,0x433e9c88,100,4.195,24.788334,1.7109166,,,1769538517,,3
2026-01-27 10:29:42.082582,0x433e9c88,99,4.183,18.873333,1.6739722,,,1769538577,,3
2026-01-27 10:30:37.624390,0x433b0b38,99,4.177,21.52,4.7620277,5.75,-74,1769538632,5,5
2026-01-27 10:30:42.015075,0x433e9c88,97,4.153,19.738333,1.6593611,,,1769538637,,3
2026-01-27 10:31:41.995383,0x433e9c88,101,4.204,19.928333,1.6655,,,1769538697,,3
2026-01-27 10:32:42.042479,0x433e9c88,100,4.19,14.891666,1.6378889,,,1769538757,,3
2026-01-27 10:32:55.477495,0x433b0098,98,4.175,23.736666,4.839861,7.5,-53,1769538770,2,1
2026-01-27 10:33:20.297155,0x433acb14,100,4.197,24.448334,4.0869164,5.25,-86,1769538795,3,3
2026-01-27 10:33:42.201512,0x433e9c88,101,4.209,24.2,1.6643889,,,1769538817,,3
2026-01-27 10:34:02.976093,0x433abf20,101,4.236,23.568335,5.1586666,5.25,-76,1769538837,3,3
2026-01-27 10:34:06.149890,0x433ad35c,99,4.185,25.538334,5.0060277,6.25,-53,1769538841,3,3
2026-01-27 10:34:42.167564,0x433e9c88,97,4.157,24.468334,1.6853611,,,1769538877,,3
2026-01-27 10:35:42.330406,0x433e9c88,94,4.118,21.351667,1.7123054,,,1769538937,,3
2026-01-27 10:36:38.792103,0x433b0b38,98,4.172,18.833334,4.82275,6.25,-74,1769538993,5,5
2026-01-27 10:36:42.412723,0x433e9c88,97,4.151,22.528334,1.6767223,,,1769538997,,3
2026-01-27 10:37:22.444109,0x433af380,97,4.157,23.668333,3.23,6.25,-40,1769539037,3,3
2026-01-27 10:37:42.431728,0x433e9c88,96,4.137,22.255001,1.6974723,,,1769539057,3,3
2026-01-27 10:38:42.496727,0x433e9c88,101,4.207,21.376667,1.6956667,,,1769539117,,3
2026-01-27 10:38:55.452439,0x433b0098,96,4.136,22.145,4.9578056,5.75,-62,1769539130,2,2
2026-01-27 10:39:19.842037,0x433acb14,99,4.187,23.651667,4.2545834,1.0,-97,1769539154,3,3
2026-01-27 10:39:42.665962,0x433e9c88,98,4.173,21.02,1.66825,,,1769539177,,3
2026-01-27 10:40:03.238956,0x433abf20,98,4.163,23.678333,5.133972,6.0,-76,1769539198,3,3
2026-01-27 10:40:06.478009,0x433ad35c,98,4.172,24.663334,5.135333,6.0,-53,1769539201,3,3
2026-01-27 10:40:43.024267,0x433e9c88,98,4.168,21.376667,1.6828611,,,1769539237,,3
2026-01-27 10:41:42.934442,0x433e9c88,92,4.08,22.856667,1.70225,,,1769539298,,3
2026-01-27 10:42:38.130419,0x433b0b38,101,4.228,21.011667,4.7989445,5.75,-74,1769539352,5,5
2026-01-27 10:42:42.928993,0x433e9c88,100,4.198,22.885,1.7713612,,,1769539358,,3
2026-01-27 10:43:43.431595,0x433e9c88,101,4.223,21.708334,1.8192778,,,1769539418,,3
2026-01-27 10:44:43.605037,0x433e9c88,101,4.238,24.266666,1.8192778,,,1769539478,,3
2026-01-27 10:44:56.080892,0x433b0098,96,4.144,22.513332,4.98075,6.0,-60,1769539490,2,2
2026-01-27 10:45:21.196462,0x433acb14,101,4.208,22.53,4.4815555,1.5,-96,1769539516,3,3
2026-01-27 10:45:43.782091,0x433e9c88,101,4.23,21.05,1.8295556,,,1769539538,,3
2026-01-27 10:46:07.007694,0x433ad35c,97,4.16,26.936665,5.2539167,6.5,-54,1769539561,3,3
2026-01-27 10:46:44.068744,0x433e9c88,101,4.216,23.813334,1.8464444,,,1769539599,,3
2026-01-27 10:47:03.371813,0x433abf20,99,4.177,21.08,4.950917,5.75,-75,1769539618,3,3
2026-01-27 10:47:44.115891,0x433e9c88,97,4.158,22.226667,1.8421111,,,1769539659,,3
2026-01-27 10:48:22.629342,0x433af380,98,4.17,22.396667,3.1210277,6.5,-39,1769539697,3,3
2026-01-27 10:48:40.458126,0x433b0b38,100,4.198,23.218334,4.84,5.0,-73,1769539715,5,5
2026-01-27 10:48:43.998726,0x433e9c88,100,4.192,20.776667,1.9000834,,,1769539719,,3
2026-01-27 10:49:44.017660,0x433e9c88,98,4.171,19.928333,1.8734444,,,1769539779,,3
2026-01-27 10:49:59.566733,0xbd50376c,101,4.245,21.05,2.0796945,5.25,-73,1769539794,3,3
2026-01-27 10:50:44.212430,0x433e9c88,100,4.194,20.475,1.9088056,,,1769539839,,3
2026-01-27 10:50:55.488162,0x433b0098,98,4.174,21.351667,5.1010833,6.25,-61,1769539850,2,2
2026-01-27 10:51:23.656877,0x433acb14,100,4.199,20.408335,4.5230002,3.0,-94,1769539878,3,3
2026-01-27 10:51:44.129060,0x433e9c88,101,4.214,22.746668,1.9234167,,,1769539899,,3
2026-01-27 10:52:06.878087,0x433ad35c,98,4.163,21.078333,5.3398614,6.25,-54,1769539921,3,3
2026-01-27 10:52:44.203366,0x433e9c88,101,4.232,23.076668,1.9026667,,,1769539959,,3
2026-01-27 10:53:04.409598,0x433abf20,100,4.196,23.953333,4.8624444,5.5,-76,1769539979,3,3
2026-01-27 10:53:44.373650,0x433e9c88,98,4.167,24.238333,1.8880556,,,1769540019,,3
2026-01-27 10:54:41.855840,0x433b0b38,98,4.173,18.26,4.8385,6.25,-74,1769540076,5,5
2026-01-27 10:54:44.386258,0x433e9c88,98,4.169,21.653334,1.8916667,,,1769540079,,3
2026-01-27 10:55:44.323020,0x433e9c88,100,4.194,20.256666,1.9126389,,,1769540139,,3
2026-01-27 10:56:44.477705,0x433e9c88,101,4.22,19.27,1.92725,,,1769540199,,3
2026-01-27 10:56:55.837024,0x433b0098,100,4.198,18.449999,5.0745835,5.75,-61,1769540210,2,2
2026-01-27 10:57:22.518250,0x433acb14,101,4.201,18.685,4.54925,0.75,-96,1769540237,3,3
2026-01-27 10:57:44.609261,0x433e9c88,101,4.216,21.076668,1.92725,,,1769540259,,3
2026-01-27 10:58:08.591901,0x433ad35c,101,4.215,22.613333,5.390694,6.0,-54,1769540283,3,3
2026-01-27 10:58:44.462902,0x433e9c88,99,4.177,22.743334,1.8716389,,,1769540319,,3
2026-01-27 10:59:44.570154,0x433e9c88,96,4.143,20.031666,1.8836945,,,1769540379,,3
2026-01-27 11:00:23.017689,0x433af380,98,4.175,24.055,2.9034166,6.75,-39,1769540417,3,3
2026-01-27 07:00:29.478620,0x433e9c88,101,4.219,22.908333,1.4425555,,,1769526024,3,3
2026-01-27 07:01:29.492199,0x433e9c88,100,4.194,21.185,1.4886667,,,1769526084,,3
2026-01-27 07:02:29.631648,0x433e9c88,100,4.198,19.431667,1.4800556,,,1769526145,,3
2026-01-27 07:02:42.088911,0x433b0098,101,4.211,23.758333,3.7320278,6.0,-60,1769526157,2,2
2026-01-27 07:03:06.259880,0x433acb14,98,4.162,26.289999,4.2417502,5.0,-86,1769526181,3,3
2026-01-27 07:03:29.579489,0x433e9c88,96,4.141,22.198334,1.5281944,,,1769526205,,3
2026-01-27 07:03:50.680411,0x433abf20,98,4.173,19.268333,4.9673333,5.75,-75,1769526225,3,3
2026-01-27 07:03:54.419898,0x433ad35c,98,4.172,21.496668,4.00925,6.75,-56,1769526229,3,3
2026-01-27 07:04:29.791519,0x433e9c88,98,4.164,20.95,1.5265833,,,1769526265,,3
2026-01-27 07:05:29.744996,0x433e9c88,101,4.207,18.775,1.5411944,,,1769526325,,3
2026-01-27 07:06:27.281907,0x433b0b38,100,4.191,20.078333,4.3813057,5.5,-72,1769526382,5,5
2026-01-27 07:06:29.821712,0x433e9c88,97,4.148,21.789999,1.5806388,,,1769526385,,3
2026-01-27 07:07:29.785590,0x433e9c88,101,4.216,23.305,1.5601112,,,1769526445,,3
2026-01-27 07:08:29.846665,0x433e9c88,101,4.22,23.813334,1.5621667,,,1769526505,,3
2026-01-27 07:09:06.516652,0x433acb14,98,4.165,23.84,4.0814724,5.25,-86,1769526541,3,3
2026-01-27 07:09:13.307210,0x433af380,101,4.217,24.26,4.3582497,6.25,-38,1769526548,3,3
2026-01-27 07:09:30.043900,0x433e9c88,101,4.24,25.538334,1.5683055,,,1769526565,,3
2026-01-27 07:09:43.860436,0x433b0098,100,4.198,24.073334,3.6229722,7.75,-60,1769526579,2,2
2026-01-27 07:09:52.727924,0x433abf20,100,4.19,24.908335,4.896861,6.75,-74,1769526587,3,3
2026-01-27 07:09:56.289223,0x433ad35c,98,4.173,24.39,3.9748614,5.75,-55,1769526591,3,3
2026-01-27 07:10:29.916494,0x433e9c88,100,4.198,31.380001,1.5347778,,,1769526625,,3
2026-01-27 07:11:30.154983,0x433e9c88,97,4.16,19.405,1.51425,,,1769526685,,3
2026-01-27 07:12:27.494563,0x433b0b38,97,4.148,21.941666,4.2686944,5.5,-71,1769526742,5,5
2026-01-27 07:12:30.064751,0x433e9c88,101,4.203,23.035,1.5368055,,,1769526745,,3
2026-01-27 07:12:44.076349,0xbd50376c,101,4.236,21.965,2.222861,6.25,-74,1769526759,3,3
2026-01-27 07:13:30.071122,0x433e9c88,101,4.211,21.786667,1.5375,,,1769526805,,3
2026-01-27 07:14:30.222093,0x433e9c88,98,4.165,16.313334,1.5616666,,,1769526865,,3
2026-01-27 07:15:07.728957,0x433acb14,101,4.214,25.510002,4.17125,4.5,-84,1769526902,3,3
2026-01-27 07:15:30.148863,0x433e9c88,100,4.194,21.471668,1.5659722,,,1769526925,,3
2026-01-27 07:15:55.561693,0x433ad35c,95,4.131,27.903334,3.8074446,6.0,-55,1769526950,3,3
2026-01-27 07:16:30.392684,0x433e9c88,100,4.197,16.916666,1.5470556,,,1769526985,,3
2026-01-27 07:16:43.060174,0x433b0098,97,4.158,21.816666,3.6098335,6.25,-60,1769526998,2,2
2026-01-27 07:16:52.797012,0x433abf20,101,4.205,23.786667,4.878861,5.5,-75,1769527007,3,3
2026-01-27 07:17:30.289964,0x433e9c88,99,4.181,26.906666,1.5281389,,,1769527045,,3
2026-01-27 07:18:27.742693,0x433b0b38,100,4.194,21.773335,4.0650554,5.25,-71,1769527102,5,5
2026-01-27 07:18:30.287815,0x433e9c88,98,4.17,24.619999,1.5226667,,,1769527105,,3
2026-01-27 07:19:30.371888,0x433e9c88,99,4.176,23.14,1.51675,,,1769527165,,3
2026-01-27 07:20:30.561965,0x433e9c88,99,4.185,25.511667,1.502139,,,1769527225,,3
2026-01-27 07:21:07.270627,0x433acb14,99,4.176,20.668333,4.2346945,4.5,-85,1769527262,3,3
2026-01-27 07:21:13.343938,0x433af380,98,4.169,23.396666,4.4584723,6.0,-38,1769527268,3,3
2026-01-27 07:21:30.460979,0x433e9c88,101,4.224,24.636667,1.4832222,,,1769527285,,3
2026-01-27 07:21:55.653408,0x433ad35c,98,4.168,25.18,3.8245,6.25,-55,1769527310,3,3
2026-01-27 07:22:30.511083,0x433e9c88,97,4.15,21.816666,1.5231111,,,1769527345,,3
2026-01-27 07:22:45.970098,0x433b0098,95,4.127,21.965,3.7055557,7.5,-60,1769527361,2,2
2026-01-27 07:22:55.299085,0x433abf20,97,4.149,22.045,4.8464723,5.25,-75,1769527370,3,3
2026-01-27 07:23:30.809991,0x433e9c88,98,4.168,25.031668,1.5041945,,,1769527406,,3
2026-01-27 07:24:28.037647,0x433b0b38,99,4.182,20.898333,4.238806,6.0,-72,1769527463,5,5
2026-01-27 07:24:30.818394,0x433e9c88,100,4.196,14.343333,1.4875278,,,1769527466,,3
2026-01-27 07:25:30.707075,0x433e9c88,101,4.213,18.846666,1.4528333,,,1769527526,,3
2026-01-27 07:26:30.826000,0x433e9c88,98,4.165,15.603333,1.37525,,,1769527586,,3
2026-01-27 07:27:08.812983,0x433acb14,98,4.169,19.791668,4.328861,4.5,-86,1769527623,3,3
2026-01-27 07:27:30.919330,0x433e9c88,101,4.227,16.18,1.352,,,1769527646,,3
2026-01-27 07:27:55.782758,0x433ad35c,96,4.134,26.135,3.9004445,5.75,-55,1769527670,3,3
2026-01-27 07:28:30.917777,0x433e9c88,98,4.174,27.011665,1.3709167,,,1769527706,,3
2026-01-27 07:28:49.223436,0x433b0098,97,4.16,23.853333,3.6767223,6.0,-61,1769527724,2,2
2026-01-27 07:29:31.085493,0x433e9c88,95,4.133,27.428331,1.4019444,,,1769527766,,3
2026-01-27 07:29:53.894401,0x433abf20,98,4.172,19.431667,4.971,5.5,-76,1769527789,3,3
2026-01-27 07:30:28.292708,0x433b0b38,101,4.209,25.470001,4.260444,6.0,-72,1769527823,5,5
2026-01-27 07:30:31.125687,0x433e9c88,98,4.166,27.439999,1.3830278,,,1769527826,,3
2026-01-27 07:31:13.968716,0x433af380,100,4.191,24.075,4.4785557,6.25,-38,1769527869,3,3
2026-01-27 07:31:31.032587,0x433e9c88,100,4.198,22.335001,1.3684167,,,1769527886,,3
2026-01-27 07:32:31.189112,0x433e9c88,101,4.208,22.938334,1.3771111,,,1769527946,,3
2026-01-27 07:33:07.710387,0x433acb14,99,4.18,27.793333,4.4631944,4.75,-85,1769527982,3,3
2026-01-27 07:33:31.124316,0x433e9c88,98,4.167,25.223333,1.3814167,,,1769528006,,3
2026-01-27 07:33:57.436803,0x433ad35c,100,4.196,28.588333,3.953889,6.25,-55,1769528032,3,3
2026-01-27 07:34:31.125140,0x433e9c88,97,4.152,23.308334,1.3960278,,,1769528066,,3
2026-01-27 07:35:31.367447,0x433e9c88,95,4.132,21.404999,1.3960278,,,1769528126,,3
2026-01-27 07:35:48.632835,0x433b0098,96,4.141,23.675001,3.7059166,6.0,-59,1769528143,2,2
2026-01-27 07:35:52.813033,0x433abf20,101,4.202,22.195,4.9870276,6.5,-75,1769528147,3,3
2026-01-27 07:36:28.589406,0x433b0b38,99,4.182,23.086666,4.3936667,6.0,-72,1769528183,5,5
2026-01-27 07:36:31.404524,0x433e9c88,99,4.189,25.056665,1.3960278,,,1769528186,,3
2026-01-27 07:37:31.492439,0x433e9c88,101,4.208,21.445,1.433861,,,1769528246,3,3
2026-01-27 07:38:31.505148,0x433e9c88,98,4.169,24.771667,1.43225,,,1769528306,,3
2026-01-27 07:39:08.704429,0x433acb14,97,4.152,23.786667,4.4700556,5.5,-86,1769528343,3,3
2026-01-27 07:39:31.592736,0x433e9c88,100,4.194,23.486666,1.4176389,,,1769528366,,3
2026-01-27 07:39:57.120801,0x433ad35c,96,4.141,22.278332,3.9419167,7.0,-55,1769528392,3,3
2026-01-27 07:40:31.565814,0x433e9c88,98,4.175,26.605001,1.4529722,,,1769528426,,3
2026-01-27 07:41:13.849723,0x433af380,101,4.205,20.736666,4.3786387,6.25,-38,1769528468,3,3
2026-01-27 07:41:31.672458,0x433e9c88,99,4.176,21.253334,1.4637222,,,1769528487,,3
2026-01-27 07:41:46.773821,0x433b0098,98,4.169,19.705,3.7763336,6.0,-61,1769528501,2,2
2026-01-27 07:41:53.053347,0x433abf20,101,4.21,23.4,4.8771667,6.5,-75,1769528508,3,3
2026-01-27 07:42:28.806203,0x433b0b38,101,4.224,21.978334,4.366028,6.0,-72,1769528543,5,5
2026-01-27 07:42:31.843103,0x433e9c88,99,4.185,21.678333,1.4680277,,,1769528547,,3
2026-01-27 07:43:31.705256,0x433e9c88,101,4.202,20.711666,1.5033889,,,1769528607,,3
2026-01-27 07:44:31.858598,0x433e9c88,100,4.193,23.785,1.5330555,,,1769528667,,3
2026-01-27 07:45:08.377500,0x433acb14,97,4.161,21.46,4.4607778,5.25,-86,1769528703,3,3
2026-01-27 07:45:31.819462,0x433e9c88,99,4.182,25.154999,1.5184444,,,1769528727,,3
2026-01-27 07:45:57.811527,0x433ad35c,98,4.162,21.866667,3.8063889,7.75,-56,1769528752,3,3
2026-01-27 07:46:31.835193,0x433e9c88,98,4.162,24.031668,1.5184444,,,1769528787,,3
2026-01-27 07:47:32.008101,0x433e9c88,99,4.177,21.24,1.5288888,,,1769528847,,3
2026-01-27 07:47:48.451725,0x433b0098,100,4.194,18.066668,3.7623055,5.75,-60,1769528863,2,2
2026-01-27 07:47:53.520880,0x433abf20,100,4.193,24.935,4.9441667,6.5,-75,1769528868,3,3
2026-01-27 07:48:28.941454,0x433b0b38,95,4.13,22.595001,4.2300277,5.75,-70,1769528904,5,5
2026-01-27 07:48:31.971718,0x433e9c88,101,4.205,24.564999,1.5521111,,,1769528907,,3
2026-01-27 07:48:56.479060,0xbd50376c,101,4.205,24.74,2.1452498,6.25,-75,1769528931,3,3
2026-01-27 07:49:32.109417,0x433e9c88,98,4.168,24.303333,1.5375,,,1769528967,,3
2026-01-27 07:50:32.149175,0x433e9c88,101,4.212,24.635,1.4850556,,,1769529027,,3
2026-01-27 07:51:09.167083,0x433acb14,97,4.16,17.938334,4.4113054,4.25,-88,1769529064,3,3
2026-01-27 07:51:16.186303,0x433af380,100,4.195,21.076668,4.490722,7.0,-38,1769529071,3,3
2026-01-27 07:51:32.182952,0x433e9c88,100,4.196,18.861666,1.4889166,,,1769529087,,3
2026-01-27 07:51:57.404034,0x433ad35c,101,4.214,23.595,3.8613334,6.25,-55,1769529112,3,3
2026-01-27 07:52:32.305313,0x433e9c88,99,4.177,20.516666,1.4592501,,,1769529147,,3
2026-01-27 07:53:32.204526,0x433e9c88,72,3.915,25.481668,1.4927777,,,1769529207,,3
2026-01-27 07:53:47.770898,0x433b0098,96,4.144,17.953333,3.856278,7.0,-60,1769529222,2,2
2026-01-27 07:53:55.220563,0x433abf20,101,4.219,22.906668,4.9128337,6.0,-75,1769529230,3,3
2026-01-27 07:54:29.384195,0x433b0b38,98,4.163,24.66,4.4532223,6.75,-69,1769529264,5,5
2026-01-27 07:54:32.413003,0x433e9c88,96,4.14,26.63,1.4317222,,,1769529267,,3
2026-01-27 07:55:32.327904,0x433e9c88,97,4.153,27.521667,1.46525,,,1769529327,,3
2026-01-27 07:56:32.402990,0x433e9c88,97,4.152,22.09,1.46525,,,1769529387,,3
2026-01-27 07:57:09.311716,0x433acb14,101,4.22,21.539999,4.5750556,5.25,-85,1769529424,3,3
2026-01-27 07:57:32.475464,0x433e9c88,100,4.197,21.503334,1.4841666,,,1769529447,,3
2026-01-27 07:57:58.329124,0x433ad35c,96,4.143,25.728333,3.9688334,5.75,-55,1769529473,3,3
2026-01-27 07:58:32.530177,0x433e9c88,100,4.196,25.246668,1.4992223,,,1769529507,,3
2026-01-27 07:59:32.467308,0x433e9c88,99,4.18,24.151667,1.5511667,,,1769529567,,3
2026-01-27 07:59:47.993564,0x433b0098,94,4.115,18.663334,3.8868334,6.0,-61,1769529583,2,2
2026-01-27 04:01:16.969258,0x433e9c88,101,4.207,22.53,1.9434167,,,1769515272,,3
2026-01-27 04:01:29.627058,0x433b0098,100,4.191,20.41,4.069083,7.5,-60,1769515285,2,2
2026-01-27 04:02:16.985277,0x433e9c88,100,4.196,25.671667,1.9459168,,,1769515332,,3
2026-01-27 04:02:55.529797,0x433acb14,99,4.181,20.768333,4.255028,6.5,-86,1769515370,3,3
2026-01-27 04:03:17.194550,0x433e9c88,101,4.224,22.221666,1.9459168,,,1769515392,,3
2026-01-27 04:03:42.834756,0x433abf20,99,4.178,19.648333,4.756861,6.0,-76,1769515418,3,3
2026-01-27 04:03:47.407670,0x433ad35c,101,4.213,14.174999,4.066056,6.25,-55,1769515422,3,3
2026-01-27 04:04:17.189971,0x433e9c88,97,4.161,29.233334,1.9367778,,,1769515452,,3
2026-01-27 04:05:17.132054,0x433e9c88,98,4.169,21.513334,1.9264722,,,1769515512,,3
2026-01-27 04:06:15.827278,0x433b0b38,98,4.169,19.791668,4.5525556,5.5,-72,1769515571,5,5
2026-01-27 04:06:17.357999,0x433e9c88,95,4.122,24.031668,1.9132223,,,1769515572,,3
2026-01-27 04:07:17.359092,0x433e9c88,97,4.154,24.376667,1.9170834,,,1769515633,,3
2026-01-27 04:08:17.383423,0x433e9c88,98,4.163,25.796667,1.9175278,,,1769515693,,3
2026-01-27 04:08:58.273390,0x433acb14,100,4.19,21.304998,4.296222,5.75,-86,1769515733,3,3
2026-01-27 04:09:17.520574,0x433e9c88,99,4.183,26.863333,1.9321389,,,1769515753,,3
2026-01-27 04:09:45.888841,0x433ad35c,95,4.133,23.458334,4.1069446,6.25,-54,1769515781,3,3
2026-01-27 04:10:17.423297,0x433e9c88,101,4.21,20.885,1.9467499,,,1769515813,,3
2026-01-27 04:10:29.659373,0xbd50376c,96,4.14,20.008333,2.0286944,7.0,-74,1769515825,3,3
2026-01-27 04:10:31.552947,0x433b0098,96,4.142,20.885,3.8669164,6.0,-61,1769515827,2,2
2026-01-27 04:10:43.108397,0x433abf20,98,4.172,24.853334,4.8317223,5.5,-76,1769515838,3,3
2026-01-27 04:11:04.558511,0x433af380,100,4.2,24.67,3.5434723,5.75,-38,1769515860,3,3
2026-01-27 04:11:17.514793,0x433e9c88,99,4.176,25.975,1.9588612,,,1769515873,,3
2026-01-27 04:12:13.346015,0x433b0b38,98,4.168,22.566668,4.6658053,5.75,-72,1769515928,5,5
2026-01-27 04:12:17.514651,0x433e9c88,100,4.2,28.41,1.9588612,,,1769515933,,3
2026-01-27 04:13:17.526453,0x433e9c88,99,4.182,19.734999,1.9399444,,,1769515993,,3
2026-01-27 04:14:17.573193,0x433e9c88,97,4.151,26.589998,1.9631667,,,1769516053,,3
2026-01-27 04:14:55.544140,0x433acb14,100,4.199,28.956667,4.423639,5.0,-86,1769516090,3,3
2026-01-27 04:15:17.713983,0x433e9c88,99,4.186,21.14,1.9811945,,,1769516113,,3
2026-01-27 04:15:46.716673,0x433ad35c,95,4.124,20.275,4.106472,5.75,-55,1769516142,3,3
2026-01-27 04:16:17.713932,0x433e9c88,100,4.194,22.896667,1.9665834,,,1769516173,,3
2026-01-27 04:16:30.561163,0x433b0098,98,4.174,22.896667,3.9615002,7.5,-60,1769516186,2,2
2026-01-27 04:16:43.448214,0x433abf20,99,4.181,20.008333,4.8565555,5.5,-76,1769516198,3,3
2026-01-27 04:17:17.715356,0x433e9c88,98,4.17,27.671667,2.006028,,,1769516233,,3
2026-01-27 04:18:14.732208,0x433b0b38,98,4.175,21.359999,4.5081944,6.0,-72,1769516290,5,5
2026-01-27 04:18:17.764799,0x433e9c88,97,4.149,23.948332,1.9725001,,,1769516293,,3
2026-01-27 04:19:17.886720,0x433e9c88,100,4.2,21.488333,1.9832777,,,1769516353,,3
2026-01-27 04:20:18.045879,0x433e9c88,99,4.177,20.05,1.9832777,,,1769516413,,3
2026-01-27 04:20:56.786197,0x433acb14,100,4.199,26.343334,4.413778,6.25,-86,1769516452,3,3
2026-01-27 04:21:18.003678,0x433e9c88,100,4.192,24.031668,1.9832777,,,1769516473,,3
2026-01-27 04:21:46.446373,0x433ad35c,98,4.167,25.166666,4.0474443,6.25,-54,1769516501,3,3
2026-01-27 04:22:18.043587,0x433e9c88,101,4.226,23.918333,1.9996945,,,1769516533,,3
2026-01-27 04:22:30.435386,0x433b0098,98,4.171,21.648335,3.9379168,6.25,-61,1769516545,2,2
2026-01-27 04:22:43.614266,0x433abf20,100,4.199,24.753334,4.786278,5.25,-76,1769516559,3,3
2026-01-27 04:23:07.268861,0x433af380,100,4.196,23.19,3.5389445,5.75,-38,1769516582,3,3
2026-01-27 04:23:18.205494,0x433e9c88,100,4.19,28.261667,2.0186112,,,1769516593,,3
2026-01-27 04:24:15.836867,0x433b0b38,97,4.16,17.955,4.4621663,6.0,-72,1769516651,5,5
2026-01-27 04:24:18.069435,0x433e9c88,97,4.157,23.375,2.0395555,,,1769516653,,3
2026-01-27 04:25:18.115046,0x433e9c88,101,4.204,22.978333,2.006028,,,1769516713,,3
2026-01-27 04:26:18.161927,0x433e9c88,100,4.19,22.061666,2.0085278,,,1769516773,,3
2026-01-27 04:26:57.018834,0x433acb14,98,4.167,22.32,4.374639,6.0,-86,1769516812,3,3
2026-01-27 04:27:18.269421,0x433e9c88,100,4.191,23.975,1.9733889,,,1769516833,,3
2026-01-27 04:27:47.425883,0x433ad35c,99,4.185,18.816666,4.080528,6.75,-54,1769516862,3,3
2026-01-27 04:28:18.310554,0x433e9c88,99,4.188,25.211668,1.9692779,,,1769516894,,3
2026-01-27 04:29:18.481594,0x433e9c88,101,4.207,23.46,1.9804722,,,1769516954,,3
2026-01-27 04:29:43.882935,0x433abf20,99,4.183,24.045,4.6614447,5.5,-76,1769516979,3,3
2026-01-27 04:30:13.862484,0x433b0b38,99,4.181,20.635,4.455806,5.75,-72,1769517009,5,5
2026-01-27 04:30:18.452802,0x433e9c88,93,4.093,22.153334,1.9512501,,,1769517014,,3
2026-01-27 04:30:30.699008,0x433b0098,95,4.12,23.453335,3.888833,6.25,-61,1769517026,2,2
2026-01-27 04:31:18.448637,0x433e9c88,96,4.145,21.788334,1.9300556,,,1769517074,,3
2026-01-27 04:32:18.495130,0x433e9c88,98,4.162,22.498333,1.8857777,,,1769517134,,3
2026-01-27 04:32:56.225072,0x433acb14,98,4.173,27.18,4.340222,5.5,-86,1769517171,3,3
2026-01-27 04:33:18.703314,0x433e9c88,97,4.156,18.006666,1.918861,,,1769517194,,3
2026-01-27 04:33:47.671408,0x433ad35c,97,4.149,21.576668,4.0521946,5.75,-54,1769517223,3,3
2026-01-27 04:34:05.718472,0x433af380,97,4.154,18.941666,3.6815279,6.5,-39,1769517241,3,3
2026-01-27 04:34:18.719195,0x433e9c88,98,4.171,26.535002,1.9042499,,,1769517254,,3
2026-01-27 04:35:18.790606,0x433e9c88,98,4.169,24.17,1.9523889,,,1769517314,3,3
2026-01-27 04:36:14.206636,0x433b0b38,100,4.197,25.046667,4.5795555,5.75,-72,1769517369,5,5
2026-01-27 04:36:31.299899,0x433b0098,97,4.159,24.263332,3.830278,7.25,-60,1769517386,2,2
2026-01-27 04:37:19.214975,0x433e9c88,101,4.228,23.416666,1.9026667,,,1769517434,,3
2026-01-27 04:37:44.146554,0x433abf20,101,4.203,21.515,4.592917,5.25,-76,1769517459,3,3
2026-01-27 04:38:19.298155,0x433e9c88,101,4.221,22.771667,1.8549721,,,1769517494,,3
2026-01-27 04:39:03.298130,0x433acb14,101,4.202,23.551666,4.261778,6.25,-86,1769517538,3,3
2026-01-27 04:39:19.386476,0x433e9c88,96,4.144,22.445002,1.8755,,,1769517555,,3
2026-01-27 04:39:47.322313,0x433ad35c,96,4.143,26.576668,4.0950556,5.75,-54,1769517582,3,3
2026-01-27 04:40:19.468959,0x433e9c88,101,4.217,19.653334,1.8999444,,,1769517615,,3
2026-01-27 04:41:19.394877,0x433e9c88,100,4.193,19.653334,1.9588332,,,1769517675,,3
2026-01-27 04:42:15.365783,0x433b0b38,97,4.159,21.045,4.5334997,6.25,-71,1769517730,5,5
2026-01-27 04:42:19.868642,0x433e9c88,98,4.164,22.978333,1.9588332,,,1769517735,,3
2026-01-27 04:43:19.724479,0x433e9c88,98,4.172,16.138332,1.9232501,,,1769517795,,3
2026-01-27 04:43:31.294942,0x433b0098,95,4.129,19.994999,3.9559166,7.0,-61,1769517806,2,2
2026-01-27 04:43:44.619783,0x433abf20,99,4.178,20.83,4.6147223,5.5,-76,1769517820,3,3
2026-01-27 04:44:10.560071,0x433af380,80,3.992,23.67,3.6967776,6.25,-38,1769517845,3,3
2026-01-27 04:44:19.845527,0x433e9c88,95,4.124,28.956667,1.9164445,,,1769517855,,3
2026-01-27 04:44:58.348222,0x433acb14,99,4.187,24.4,4.2827225,5.25,-85,1769517893,3,3
2026-01-27 04:45:19.975674,0x433e9c88,97,4.156,21.633333,1.9180555,,,1769517915,,3
2026-01-27 04:45:48.174357,0x433ad35c,96,4.14,17.735,4.065139,6.25,-54,1769517943,3,3
2026-01-27 04:46:20.010502,0x433e9c88,98,4.169,22.638332,1.9016389,,,1769517975,,3
2026-01-27 04:46:31.650524,0xbd50376c,98,4.169,22.638332,2.08825,5.25,-74,1769517987,3,3
2026-01-27 04:47:19.910549,0x433e9c88,96,4.136,25.526667,1.9142221,,,1769518035,,3
2026-01-27 04:48:20.144316,0x433e9c88,100,4.198,20.828333,1.8596945,,,1769518095,,3
2026-01-27 04:48:23.221333,0x433b0b38,99,4.178,23.043333,4.6528893,6.25,-39,1769518098,5,4
2026-01-27 04:49:20.357429,0x433e9c88,99,4.178,22.008333,1.8777221,,,1769518155,,3
2026-01-27 04:49:31.385947,0x433b0098,101,4.211,23.5,4.0453053,5.5,-59,1769518166,2,2
2026-01-27 04:50:20.207627,0x433e9c88,98,4.175,22.278332,1.846,,,1769518215,,3
2026-01-27 04:50:44.882003,0x433abf20,99,4.179,23.196667,4.5838056,5.5,-75,1769518240,3,3
2026-01-27 04:50:58.731826,0x433acb14,98,4.172,23.154999,4.4046946,6.0,-86,1769518254,3,3
2026-01-27 04:51:20.343924,0x433e9c88,96,4.135,23.566666,1.8752223,,,1769518275,,3
2026-01-27 04:51:47.930802,0x433ad35c,97,4.159,22.278332,4.2227497,6.0,-55,1769518303,3,3
2026-01-27 04:52:20.472131,0x433e9c88,96,4.134,26.713333,1.8252777,,,1769518335,,3
2026-01-27 04:53:20.377986,0x433e9c88,101,4.202,21.678333,1.8106667,,,1769518396,,3
2026-01-27 04:54:11.308224,0x433af380,101,4.212,22.938334,3.7478611,6.5,-39,1769518446,3,3
2026-01-27 04:54:20.422434,0x433e9c88,97,4.149,20.433334,1.7187778,,,1769518456,,3
2026-01-27 04:54:31.625911,0x433b0b38,101,4.209,24.060001,4.8272223,7.25,-74,1769518467,5,3
2026-01-27 04:55:20.469260,0x433e9c88,98,4.174,19.361668,1.6960001,,,1769518516,,3
2026-01-27 04:55:31.642433,0x433b0098,100,4.197,16.543333,4.1509724,6.5,-60,1769518527,2,2
2026-01-27 04:56:20.515436,0x433e9c88,101,4.217,19.131666,1.6649723,,,1769518576,,3
2026-01-27 04:56:45.146553,0x433abf20,96,4.137,21.776667,4.6805277,5.75,-76,1769518600,3,3
2026-01-27 04:56:59.599173,0x433acb14,101,4.226,23.515,4.5203333,5.75,-86,1769518614,3,3
2026-01-27 04:57:20.714137,0x433e9c88,93,4.103,21.208334,1.6692778,,,1769518636,,3
2026-01-27 04:57:48.108091,0x433ad35c,98,4.17,22.223333,4.1484447,5.75,-54,1769518663,3,3
2026-01-27 04:58:20.626931,0x433e9c88,99,4.188,22.623333,1.6708888,,,1769518696,,3
2026-01-27 04:59:20.822220,0x433e9c88,97,4.152,15.603333,1.6373612,,,1769518756,,3
2026-01-27 05:00:18.853024,0x433b0b38,97,4.159,22.356667,4.853667,5.5,-72,1769518814,5,5
2026-01-27 05:00:20.907558,0x433e9c88,97,4.151,19.416666,1.6487222,,,1769518816,,3
2026-01-27 09:00:32.376328,0x433b0b38,101,4.222,24.308332,4.7863054,5.75,-73,1769533227,5,5
2026-01-27 09:00:35.704031,0x433e9c88,99,4.185,22.615,1.7985277,,,1769533230,,3
2026-01-27 09:00:51.905275,0xbd50376c,99,4.177,24.336668,2.0908055,5.0,-82,1769533246,3,3
2026-01-27 09:01:35.893890,0x433e9c88,100,4.199,18.258333,1.713,,,1769533291,,3
2026-01-27 09:02:35.823763,0x433e9c88,91,4.076,18.398333,1.7170833,,,1769533351,,3
2026-01-27 09:03:12.927887,0x433acb14,100,4.199,20.943333,4.401,4.75,-89,1769533387,3,3
2026-01-27 09:03:24.159781,0x433af380,98,4.163,23.648335,3.8257499,6.5,-39,1769533399,3,3
2026-01-27 09:03:35.920434,0x433e9c88,98,4.167,26.58,1.7316945,,,1769533411,,3
2026-01-27 09:04:02.185157,0x433ad35c,101,4.211,22.963333,3.8826387,7.25,-54,1769533437,3,3
2026-01-27 09:04:35.981849,0x433e9c88,99,4.189,22.115,1.7814167,,,1769533471,,3
2026-01-27 09:04:49.303366,0x433b0098,99,4.189,23.976667,4.074639,6.0,-59,1769533484,2,2
2026-01-27 09:05:36.079669,0x433e9c88,97,4.159,23.925001,1.8003334,,,1769533531,,3
2026-01-27 09:06:34.271538,0x433b0b38,100,4.196,17.058334,4.779639,5.0,-73,1769533589,5,5
2026-01-27 09:06:36.051332,0x433e9c88,100,4.19,20.37,1.8600832,,,1769533591,,3
2026-01-27 09:06:59.867766,0x433abf20,101,4.207,23.598333,4.8258057,5.75,-74,1769533614,3,3
2026-01-27 09:07:36.429658,0x433e9c88,98,4.172,20.531666,1.8089722,,,1769533651,,3
2026-01-27 09:08:36.285087,0x433e9c88,100,4.192,20.258333,1.7546945,,,1769533711,,3
2026-01-27 09:09:13.260949,0x433acb14,101,4.228,23.446667,4.3381667,4.5,-90,1769533748,3,3
2026-01-27 09:09:36.292916,0x433e9c88,92,4.091,21.956667,1.7441666,,,1769533771,,3
2026-01-27 09:10:01.788282,0x433ad35c,96,4.141,21.926666,3.9005835,7.0,-54,1769533796,3,3
2026-01-27 09:10:36.260598,0x433e9c88,98,4.173,19.298332,1.7733611,,,1769533831,,3
2026-01-27 09:10:50.162763,0x433b0098,101,4.206,23.976667,3.9728613,6.5,-59,1769533845,2,2
2026-01-27 09:11:36.424706,0x433e9c88,101,4.222,23.074999,1.819,,,1769533891,,3
2026-01-27 09:12:34.237173,0x433b0b38,101,4.203,18.861666,4.679694,5.75,-72,1769533949,5,5
2026-01-27 09:12:36.539249,0x433e9c88,101,4.204,21.708334,1.8340555,,,1769533951,,3
2026-01-27 09:12:59.656277,0x433abf20,98,4.166,22.968334,4.8525276,7.0,-74,1769533974,3,3
2026-01-27 09:13:18.829932,0x433af380,98,4.169,23.076668,3.841639,5.75,-38,1769533993,3,3
2026-01-27 09:13:36.449829,0x433e9c88,98,4.171,25.071665,1.8545833,,,1769534011,,3
2026-01-27 09:14:36.498088,0x433e9c88,101,4.233,21.435,1.8041667,,,1769534071,,3
2026-01-27 09:15:13.525246,0x433acb14,100,4.2,17.985,4.188139,3.0,-93,1769534108,3,3
2026-01-27 09:15:36.593978,0x433e9c88,101,4.208,22.556667,1.777,,,1769534131,,3
2026-01-27 09:16:02.614475,0x433ad35c,98,4.167,27.703333,3.8260276,5.5,-53,1769534157,3,3
2026-01-27 09:16:36.590826,0x433e9c88,97,4.15,20.833332,1.7914166,,,1769534191,,3
2026-01-27 09:16:49.632724,0x433b0098,99,4.185,23.048334,3.9187498,6.25,-60,1769534204,2,2
2026-01-27 09:17:36.636439,0x433e9c88,101,4.209,19.955,1.8114722,,,1769534251,,3
2026-01-27 09:18:36.738732,0x433b0b38,101,4.207,20.545,4.7135835,5.25,-74,1769534311,5,5
2026-01-27 09:18:37.017938,0x433e9c88,101,4.201,18.686666,1.7676389,,,1769534312,,3
2026-01-27 09:19:37.050822,0x433e9c88,98,4.164,19.558332,1.7550833,,,1769534372,,3
2026-01-27 09:19:59.768218,0x433abf20,96,4.138,23.019999,4.787972,5.75,-74,1769534394,3,3
2026-01-27 09:20:36.952651,0x433e9c88,100,4.199,25.648335,1.7865555,,,1769534432,,3
2026-01-27 09:21:14.179716,0x433acb14,96,4.136,21.408333,4.1680555,3.25,-93,1769534469,3,3
2026-01-27 09:21:37.010434,0x433e9c88,97,4.151,21.898335,1.7883612,,,1769534492,,3
2026-01-27 09:22:02.884218,0x433ad35c,99,4.179,19.241667,3.8581946,6.25,-53,1769534517,3,3
2026-01-27 09:22:37.047483,0x433e9c88,98,4.162,21.953335,1.8109167,,,1769534552,,3
2026-01-27 09:22:50.021919,0x433b0098,96,4.146,23.980001,3.92475,6.25,-59,1769534565,2,2
2026-01-27 09:23:18.764249,0x433af380,96,4.14,23.735,3.782639,5.5,-39,1769534593,3,3
2026-01-27 09:23:37.097525,0x433e9c88,99,4.178,24.226667,1.8109167,,,1769534612,,3
2026-01-27 09:24:37.212334,0x433e9c88,100,4.193,19.85,1.8296112,,,1769534672,,3
2026-01-27 09:24:39.044968,0x433b0b38,99,4.177,16.098333,4.7051945,5.25,-73,1769534674,5,5
2026-01-27 09:25:37.324743,0x433e9c88,100,4.191,24.033333,1.782361,,,1769534732,3,3
2026-01-27 09:25:59.847438,0x433abf20,100,4.196,24.69,4.794389,6.0,-74,1769534754,3,3
2026-01-27 09:26:37.457981,0x433e9c88,101,4.22,20.391666,1.8863611,,,1769534792,,3
2026-01-27 09:27:14.315112,0x433acb14,101,4.222,19.956667,4.1293054,3.0,-93,1769534829,3,3
2026-01-27 09:27:37.508621,0x433e9c88,101,4.225,19.193333,1.8966668,,,1769534852,,3
2026-01-27 09:28:02.738977,0x433ad35c,100,4.198,23.463333,3.9115555,7.25,-53,1769534877,3,3
2026-01-27 09:28:37.723208,0x433e9c88,99,4.182,21.49,1.9183334,,,1769534912,,3
2026-01-27 09:28:53.181343,0x433b0098,99,4.187,24.855,3.9679446,5.75,-60,1769534928,2,2
2026-01-27 09:29:37.615343,0x433e9c88,99,4.176,23.708334,1.9140277,,,1769534972,,3
2026-01-27 09:30:34.641230,0x433b0b38,101,4.211,17.985,4.630722,5.5,-73,1769535029,5,5
2026-01-27 09:30:37.622287,0x433e9c88,100,4.2,22.585001,1.8951111,,,1769535032,,3
2026-01-27 09:31:37.855932,0x433e9c88,99,4.186,23.786667,1.9101666,,,1769535092,,3
2026-01-27 09:32:00.195851,0x433abf20,97,4.156,22.5,4.8664722,6.75,-74,1769535115,3,3
2026-01-27 09:32:37.846023,0x433e9c88,98,4.165,23.735,1.8957777,,,1769535152,,3
2026-01-27 09:33:17.653829,0x433acb14,98,4.171,22.858334,4.090167,2.75,-94,1769535192,3,3
2026-01-27 09:33:22.437036,0x433af380,100,4.192,24.326668,3.5460553,5.5,-40,1769535197,3,3
2026-01-27 09:33:37.782392,0x433e9c88,101,4.213,23.925001,1.8781946,,,1769535213,,3
2026-01-27 09:34:02.953659,0x433ad35c,99,4.176,26.168335,3.9060555,7.0,-54,1769535237,3,3
2026-01-27 09:34:37.917298,0x433e9c88,93,4.105,20.693333,1.8756945,,,1769535273,,3
2026-01-27 09:34:51.460349,0x433b0098,99,4.186,21.705,3.8480277,6.5,-59,1769535286,2,2
2026-01-27 09:35:37.853604,0x433e9c88,98,4.171,25.266665,1.892361,,,1769535333,,3
2026-01-27 09:36:34.555062,0x433b0b38,96,4.139,23.406666,4.7524166,5.5,-74,1769535389,5,5
2026-01-27 09:36:38.074804,0x433e9c88,101,4.209,18.561666,1.9293056,,,1769535393,,3
2026-01-27 09:36:53.433280,0xbd50376c,98,4.172,19.001667,2.18075,5.75,-74,1769535408,3,3
2026-01-27 09:37:38.345113,0x433e9c88,101,4.223,19.984999,1.9272778,,,1769535453,,3
2026-01-27 09:38:00.491727,0x433abf20,96,4.143,19.765,4.8348055,5.75,-75,1769535475,3,3
2026-01-27 09:38:38.136101,0x433e9c88,98,4.17,25.650002,1.9521945,,,1769535513,,3
2026-01-27 09:39:17.620348,0x433acb14,101,4.222,20.56,4.0021667,4.0,-92,1769535552,3,3
2026-01-27 09:39:38.139479,0x433e9c88,100,4.19,21.38,1.9519722,,,1769535573,,3
2026-01-27 09:40:05.385266,0x433ad35c,100,4.198,22.475,3.9948058,6.75,-54,1769535600,3,3
2026-01-27 09:40:38.530053,0x433e9c88,101,4.215,20.391666,1.9154999,,,1769535633,,3
2026-01-27 09:40:52.226735,0x433b0098,101,4.203,24.223333,3.8364167,6.5,-59,1769535647,2,2
2026-01-27 09:41:38.864898,0x433e9c88,96,4.143,23.103334,1.9154999,,,1769535693,,3
2026-01-27 09:42:34.918263,0x433b0b38,98,4.171,17.028334,4.4952774,5.75,-74,1769535749,5,5
2026-01-27 09:42:38.882611,0x433e9c88,101,4.201,19.875,1.8990834,,,1769535753,,3
2026-01-27 09:43:22.003756,0x433af380,100,4.19,23.6,3.328361,7.0,-40,1769535796,3,3
2026-01-27 09:43:39.049262,0x433e9c88,101,4.22,22.746668,1.8696388,,,1769535814,,3
2026-01-27 09:44:38.905768,0x433e9c88,101,4.218,20.2,1.8427223,,,1769535874,,3
2026-01-27 09:45:00.775792,0x433abf20,100,4.195,21.83,4.8968887,6.75,-75,1769535895,3,3
2026-01-27 09:45:19.388968,0x433acb14,97,4.156,22.775,3.8668334,3.75,-92,1769535914,3,3
2026-01-27 09:45:39.192600,0x433e9c88,99,4.184,23.378334,1.8238057,,,1769535934,,3
2026-01-27 09:46:04.037670,0x433ad35c,96,4.135,25.103334,4.11225,6.0,-54,1769535958,3,3
2026-01-27 09:46:39.124133,0x433e9c88,98,4.172,19.16,1.7898334,,,1769535994,,3
2026-01-27 09:46:51.878033,0x433b0098,101,4.205,23.156666,4.017667,6.0,-60,1769536006,2,2
2026-01-27 09:47:39.504139,0x433e9c88,97,4.161,20.86,1.7211944,,,1769536054,,3
2026-01-27 09:48:35.126631,0x433b0b38,97,4.161,23.803333,4.455861,6.25,-74,1769536110,5,5
2026-01-27 09:49:39.938823,0x433e9c88,99,4.181,23.435,1.7440001,,,1769536174,,3
2026-01-27 09:50:39.790587,0x433e9c88,101,4.201,20.311666,1.7125,,,1769536235,,3
2026-01-27 09:51:01.164890,0x433abf20,100,4.193,24.883333,4.986139,5.75,-75,1769536256,3,3
2026-01-27 09:51:20.869594,0x433acb14,100,4.195,18.146667,3.8070002,5.5,-73,1769536275,3,2
2026-01-27 09:51:39.844091,0x433e9c88,101,4.204,21.653334,1.7478611,,,1769536295,,3
2026-01-27 09:52:04.296815,0x433ad35c,101,4.203,20.956667,4.2195554,6.25,-54,1769536319,3,3
2026-01-27 09:52:39.981883,0x433e9c88,95,4.129,19.298332,1.8162777,,,1769536355,,3
2026-01-27 09:53:28.392992,0x433af380,101,4.204,24.276667,3.3975556,6.25,-40,1769536403,3,3
2026-01-27 09:53:39.966447,0x433e9c88,96,4.147,23.595,1.8265834,,,1769536415,,3
2026-01-27 09:54:35.332673,0x433b0b38,99,4.187,23.571667,4.4980836,6.25,-73,1769536470,5,5
2026-01-27 09:54:40.112623,0x433e9c88,101,4.211,18.643333,1.8598888,,,1769536475,,3
2026-01-27 09:54:52.323533,0x433b0098,97,4.155,21.626667,4.2054443,6.0,-59,1769536487,2,2
2026-01-27 09:55:40.218621,0x433e9c88,98,4.165,19.9,1.8639723,,,1769536535,,3
2026-01-27 09:56:40.242318,0x433e9c88,99,4.18,18.529999,1.8680556,,,1769536595,,3
2026-01-27 09:57:01.336953,0x433abf20,100,4.196,22.526667,4.994,6.5,-75,1769536616,3,3
2026-01-27 09:57:20.634285,0x433acb14,101,4.215,17.738333,3.8624997,3.75,-93,1769536635,3,3
2026-01-27 09:57:40.270481,0x433e9c88,101,4.216,23.68,1.8867222,,,1769536655,,3
2026-01-27 09:58:04.986134,0x433ad35c,97,4.157,21.71,4.254306,6.25,-54,1769536679,3,3
2026-01-27 09:58:40.193250,0x433e9c88,100,4.192,25.785,1.9163611,,,1769536715,,3
2026-01-27 09:59:40.299903,0x433e9c88,101,4.217,23.433334,1.882611,,,1769536775,,3
2026-01-27 14:00:48.434361,0x433b0b38,97,4.153,20.015,4.015611,5.5,-73,1769551242,5,5
2026-01-27 14:00:56.913238,0x433e9c88,99,4.179,20.890001,2.0853333,,,1769551251,,3
2026-01-27 14:01:08.503151,0x433b0098,99,4.182,22.011665,3.7434168,7.75,-60,1769551263,2,2
2026-01-27 14:01:57.002978,0x433e9c88,101,4.209,22.341667,2.116139,,,1769551311,,3
2026-01-27 14:02:57.040613,0x433e9c88,98,4.173,20.026667,2.1300557,,,1769551371,,3
2026-01-27 14:03:37.170091,0x433acb14,98,4.169,15.4383335,4.1526113,3.0,-94,1769551411,3,3
2026-01-27 14:03:56.983527,0x433e9c88,101,4.209,19.273333,2.082361,,,1769551431,,3
2026-01-27 14:04:18.540044,0x433abf20,101,4.21,20.395,4.0408893,6.25,-76,1769551453,3,3
2026-01-27 14:04:22.049833,0x433ad35c,100,4.196,19.82,3.7150834,6.25,-53,1769551456,3,3
2026-01-27 14:04:57.250183,0x433e9c88,101,4.211,24.583334,2.1065278,,,1769551491,,3
2026-01-27 14:05:57.514055,0x433e9c88,101,4.206,22.575,2.0981112,,,1769551552,,3
2026-01-27 14:06:33.533787,0x433af380,84,4.014,17.211666,3.545222,6.25,-38,1769551588,3,3
2026-01-27 14:06:51.380999,0x433b0b38,98,4.164,22.633333,4.0603614,5.75,-74,1769551605,5,5
2026-01-27 14:06:57.507770,0x433e9c88,100,4.198,26.326666,2.087889,,,1769551612,,3
2026-01-27 14:07:57.483548,0x433e9c88,101,4.214,18.635,2.0934167,,,1769551672,,3
2026-01-27 14:08:08.726417,0x433b0098,96,4.144,19.756668,3.7197776,5.75,-61,1769551683,2,2
2026-01-27 14:08:57.547899,0x433e9c88,76,3.958,21.331667,2.0934167,,,1769551732,,3
2026-01-27 14:09:38.596750,0x433acb14,100,4.2,21.511667,4.211361,3.75,-92,1769551773,3,3
2026-01-27 14:09:57.894672,0x433e9c88,62,3.821,22.358334,2.1205833,,,1769551792,,3
2026-01-27 14:10:19.635537,0x433abf20,98,4.175,23.48,3.979083,6.0,-77,1769551814,3,3
2026-01-27 14:10:22.586671,0x433ad35c,98,4.169,24.465,3.6841109,6.75,-54,1769551817,3,3
2026-01-27 14:10:57.912566,0x433e9c88,94,4.116,22.118334,2.16275,,,1769551852,,3
2026-01-27 14:11:57.983620,0x433e9c88,101,4.22,21.811666,2.16275,,,1769551912,,3
2026-01-27 14:12:51.492341,0x433b0b38,101,4.201,17.495,3.9081666,6.25,-70,1769551965,5,5
2026-01-27 14:12:57.930607,0x433e9c88,101,4.216,19.893333,2.1636388,,,1769551972,,3
2026-01-27 14:13:58.186517,0x433e9c88,101,4.211,18.456667,2.11225,,,1769552032,,3
2026-01-27 14:14:08.856487,0x433b0098,98,4.162,21.358334,3.6765556,6.0,-61,1769552043,2,2
2026-01-27 14:14:58.161442,0x433e9c88,101,4.208,25.325,2.1038332,,,1769552092,,3
2026-01-27 14:15:38.033936,0x433acb14,101,4.212,15.471667,4.148889,1.0,-96,1769552132,3,3
2026-01-27 14:15:58.276966,0x433e9c88,98,4.166,21.906666,2.1330557,,,1769552152,3,3
2026-01-27 14:16:19.139864,0x433abf20,99,4.184,23.933332,4.001639,5.5,-76,1769552173,3,3
2026-01-27 14:16:22.375132,0x433ad35c,100,4.198,23.738333,3.7715278,6.0,-55,1769552176,3,3
2026-01-27 14:16:58.405356,0x433e9c88,101,4.216,26.581665,2.1565278,,,1769552213,,3
2026-01-27 14:17:33.878417,0x433af380,98,4.174,24.953335,3.3291388,6.5,-39,1769552248,3,3
2026-01-27 14:17:58.382542,0x433e9c88,100,4.19,22.918333,2.1715832,,,1769552273,,3
2026-01-27 14:18:52.318363,0x433b0b38,98,4.173,17.54,3.8576946,6.0,-72,1769552326,5,5
2026-01-27 14:18:58.525894,0x433e9c88,100,4.19,18.211668,2.165,,,1769552333,,3
2026-01-27 14:19:58.535182,0x433e9c88,101,4.227,21.785,2.1705277,,,1769552393,,3
2026-01-27 14:20:09.197932,0x433b0098,101,4.222,23.301666,3.633278,7.0,-62,1769552403,2,2
2026-01-27 14:20:58.638381,0x433e9c88,99,4.18,20.093334,2.1869445,,,1769552453,,3
2026-01-27 14:21:37.100696,0x433acb14,101,4.228,15.05,4.2011113,3.0,-94,1769552491,3,3
2026-01-27 14:21:58.523495,0x433e9c88,98,4.169,20.551666,2.1846666,,,1769552513,,3
2026-01-27 14:22:19.264312,0x433abf20,99,4.181,22.795,4.0455556,5.5,-76,1769552533,3,3
2026-01-27 14:22:22.004781,0x433ad35c,98,4.173,23.78,3.7307777,6.0,-54,1769552536,3,3
2026-01-27 14:22:59.006894,0x433e9c88,97,4.149,24.505,2.1700833,,,1769552573,,3
2026-01-27 14:23:58.906786,0x433e9c88,101,4.202,21.658333,2.2448611,,,1769552633,,3
2026-01-27 14:24:51.542629,0x433b0b38,101,4.219,16.021666,3.7745833,3.75,-73,1769552686,5,5
2026-01-27 14:24:58.940971,0x433e9c88,99,4.183,22.415,2.2626667,,,1769552693,,3
2026-01-27 14:25:58.984287,0x433e9c88,101,4.216,22.470001,2.26925,,,1769552753,,3
2026-01-27 14:26:09.903390,0x433b0098,101,4.208,23.328333,3.5572224,5.75,-60,1769552764,2,2
2026-01-27 14:26:59.067574,0x433e9c88,101,4.204,25.128334,2.306639,,,1769552813,,3
2026-01-27 14:27:12.361313,0xbd50376c,101,4.221,24.361668,2.2840002,5.25,-74,1769552826,3,3
2026-01-27 14:27:31.916639,0x433af380,99,4.177,21.233334,3.3794723,6.0,-39,1769552846,3,3
2026-01-27 14:27:37.556193,0x433acb14,101,4.204,25.175,4.0818334,-10.5,-93,1769552852,3,3
2026-01-27 14:27:59.682541,0x433e9c88,98,4.173,22.44,2.2940834,,,1769552874,,3
2026-01-27 14:28:22.418247,0x433ad35c,98,4.174,25.481668,3.615778,7.75,-54,1769552896,3,3
2026-01-27 14:28:59.561616,0x433e9c88,95,4.12,19.728333,2.2626112,,,1769552934,,3
2026-01-27 14:29:19.570113,0x433abf20,99,4.185,23.161667,4.234444,3.5,-76,1769552954,3,3
2026-01-27 14:29:59.574101,0x433e9c88,99,4.188,23.861666,2.319361,,,1769552994,,3
2026-01-27 14:30:56.145769,0x433b0b38,98,4.169,22.33,3.8252223,4.25,-73,1769553050,5,5
2026-01-27 14:30:59.633464,0x433e9c88,101,4.228,20.960001,2.2970278,,,1769553054,,3
2026-01-27 14:31:59.708523,0x433e9c88,99,4.185,17.828333,2.3278334,,,1769553114,,3
2026-01-27 14:32:09.719663,0x433b0098,95,4.123,22.878334,3.5388892,5.75,-61,1769553124,2,2
2026-01-27 14:32:59.560485,0x433e9c88,97,4.161,21.698334,2.3399444,,,1769553174,,3
2026-01-27 14:33:37.351940,0x433acb14,101,4.211,15.241666,4.1450834,1.25,-96,1769553211,3,3
2026-01-27 14:33:59.995279,0x433e9c88,99,4.187,19.893333,2.3479445,,,1769553234,,3
2026-01-27 14:34:22.806427,0x433ad35c,99,4.181,20.288334,3.4259722,5.75,-53,1769553257,3,3
2026-01-27 14:35:00.025149,0x433e9c88,101,4.206,25.871668,2.3185,,,1769553294,,3
2026-01-27 14:35:59.874992,0x433e9c88,101,4.224,20.371666,2.2998056,,,1769553354,,3
2026-01-27 14:36:19.834393,0x433abf20,98,4.165,18.128334,4.330167,5.5,-75,1769553374,3,3
2026-01-27 14:36:55.778846,0x433b0b38,99,4.188,19.703333,3.903389,5.5,-72,1769553410,5,5
2026-01-27 14:37:00.002195,0x433e9c88,101,4.233,21.66,2.2646945,,,1769553414,,3
2026-01-27 14:37:31.872548,0x433af380,96,4.147,22.483334,3.51125,5.25,-39,1769553446,3,3
2026-01-27 14:38:00.324579,0x433e9c88,100,4.196,20.711666,2.24275,,,1769553474,,3
2026-01-27 14:38:10.016376,0x433b0098,99,4.178,23.681665,3.5740554,6.0,-61,1769553484,2,2
2026-01-27 14:39:00.210587,0x433e9c88,101,4.228,19.85,2.2240555,,,1769553534,,3
2026-01-27 14:39:44.592491,0x433acb14,101,4.217,18.333334,4.0831947,4.0,-89,1769553579,3,3
2026-01-27 14:40:00.659568,0x433e9c88,99,4.179,18.39,2.1818888,,,1769553594,,3
2026-01-27 14:40:22.583701,0x433ad35c,100,4.191,22.605,3.5799723,5.75,-54,1769553617,3,3
2026-01-27 14:41:00.444164,0x433e9c88,99,4.184,19.085001,2.1962779,,,1769553655,,3
2026-01-27 14:42:00.347016,0x433e9c88,98,4.169,19.183332,2.153361,,,1769553715,,3
2026-01-27 14:42:20.643418,0x433abf20,101,4.214,21.838333,4.3906946,5.25,-75,1769553735,3,3
2026-01-27 14:42:54.018097,0x433b0b38,98,4.168,17.29,3.9239724,6.0,-72,1769553768,5,5
2026-01-27 14:43:00.579883,0x433e9c88,101,4.222,20.331667,2.1376112,,,1769553775,,3
2026-01-27 14:44:00.954656,0x433e9c88,100,4.199,20.483334,2.1563056,,,1769553835,,3
2026-01-27 14:44:10.306025,0x433b0098,99,4.178,21.605,3.644139,7.5,-62,1769553844,2,2
2026-01-27 14:45:00.956141,0x433e9c88,100,4.198,24.393333,2.1255,,,1769553895,,3
2026-01-27 14:45:40.059753,0x433acb14,98,4.175,19.453333,4.055611,3.5,-92,1769553934,3,3
2026-01-27 14:46:01.093484,0x433e9c88,100,4.2,21.151667,2.0573056,,,1769553955,,3
2026-01-27 14:46:22.808904,0x433ad35c,96,4.147,23.0,3.6738057,5.75,-54,1769553977,3,3
2026-01-27 14:47:01.038202,0x433e9c88,98,4.165,18.906666,2.0979443,,,1769554015,,3
2026-01-27 14:48:00.995011,0x433e9c88,98,4.163,20.625,2.1474445,,,1769554075,,3
2026-01-27 14:48:20.565509,0x433abf20,101,4.224,19.998333,4.448222,6.0,-76,1769554095,3,3
2026-01-27 14:48:31.558260,0x433af380,99,4.188,21.574999,3.4722779,6.0,-39,1769554105,3,3
2026-01-27 14:48:56.324305,0x433b0b38,99,4.18,23.064999,4.0305557,5.75,-72,1769554130,5,5
2026-01-27 14:49:01.041295,0x433e9c88,97,4.149,21.338333,2.1013613,,,1769554135,,3
2026-01-27 14:50:01.215416,0x433e9c88,95,4.131,18.455,2.0775833,,,1769554195,,3
2026-01-27 14:50:10.394890,0x433b0098,98,4.162,22.878334,3.8904998,5.75,-61,1769554204,2,2
2026-01-27 14:51:01.173246,0x433e9c88,97,4.158,18.576666,2.0397222,,,1769554255,,3
2026-01-27 14:51:39.896156,0x433acb14,101,4.202,14.611668,3.9532502,3.25,-92,1769554294,3,3
2026-01-27 14:52:01.339117,0x433e9c88,99,4.186,14.405001,2.0132222,,,1769554315,3,3
2026-01-27 14:52:23.140839,0x433ad35c,98,4.17,25.725,3.731389,6.0,-55,1769554337,3,3
2026-01-27 14:53:01.431368,0x433e9c88,65,3.853,26.666668,2.069611,,,1769554376,,3
2026-01-27 14:54:01.415509,0x433e9c88,95,4.125,18.179998,2.0705,,,1769554436,,3
2026-01-27 14:54:21.175075,0x433abf20,98,4.174,19.824999,4.487111,6.0,-77,1769554455,3,3
2026-01-27 14:54:54.991324,0x433b0b38,98,4.168,20.605,4.083889,2.5,-73,1769554489,5,5
2026-01-27 14:55:01.933812,0x433e9c88,98,4.169,25.408333,2.0275834,,,1769554496,,3
2026-01-27 14:56:01.966974,0x433e9c88,97,4.159,22.201666,2.003361,,,1769554556,,3
2026-01-27 14:56:10.760706,0x433b0098,99,4.186,22.560001,3.9991112,6.0,-60,1769554565,2,2
2026-01-27 14:57:01.889456,0x433e9c88,99,4.186,19.0,1.9846667,,,1769554616,,3
2026-01-27 14:57:39.794980,0x433acb14,99,4.184,19.18,3.9328332,1.25,-96,1769554654,3,3
2026-01-27 14:58:01.906535,0x433e9c88,97,4.149,19.84,2.0417223,,,1769554676,,3
2026-01-27 14:58:23.193438,0x433ad35c,101,4.217,22.646667,3.8983889,6.75,-53,1769554697,3,3
2026-01-27 15:00:02.451266,0x433e9c88,97,4.155,18.548334,1.9981945,,,1769554797,,3
2026-01-27 15:00:21.387295,0x433abf20,100,4.195,20.741667,4.579361,5.75,-75,1769554815,3,3
2026-01-27 15:00:32.104691,0x433af380,98,4.167,22.278332,3.5423055,6.0,-39,1769554826,3,3
2026-01-26 18:00:32.304800,0x433e9c88,98,4.162,19.953333,1.7049445,,,1769479228,,3
2026-01-26 18:00:44.155397,0x433b0098,97,4.157,20.871666,4.31425,6.0,-61,1769479240,2,2
2026-01-26 18:01:32.470012,0x433e9c88,96,4.141,26.605001,1.7238611,,,1769479289,,3
2026-01-26 18:02:15.112364,0x433acb14,98,4.172,21.921665,4.43725,3.5,-91,1769479331,3,3
2026-01-26 18:02:32.561423,0x433e9c88,98,4.163,22.195,1.7336944,,,1769479349,,3
2026-01-26 18:03:10.718709,0x433ad35c,98,4.167,18.901667,4.251944,6.25,-53,1769479387,3,3
2026-01-26 18:03:32.495043,0x433e9c88,99,4.183,20.708332,1.7879722,,,1769479409,,3
2026-01-26 18:04:32.528320,0x433e9c88,100,4.193,22.651667,1.7528332,,,1769479469,,3
2026-01-26 18:04:58.592550,0x433abf20,101,4.201,23.786667,4.9203887,5.25,-75,1769479494,3,3
2026-01-26 18:05:33.058174,0x433e9c88,101,4.214,21.336668,1.7674444,,,1769479529,,3
2026-01-26 18:05:35.740092,0x433b0b38,98,4.172,23.238335,4.106222,6.0,-73,1769479532,5,5
2026-01-26 18:06:32.910691,0x433e9c88,100,4.2,18.765,1.7825,,,1769479589,,3
2026-01-26 18:06:44.606545,0x433b0098,98,4.173,22.76,4.1053333,6.0,-61,1769479600,2,2
2026-01-26 18:07:33.041785,0x433e9c88,99,4.184,22.925,1.7991388,,,1769479649,,3
2026-01-26 18:08:18.255423,0x433acb14,98,4.167,26.643333,4.3256946,4.0,-93,1769479694,3,3
2026-01-26 18:08:33.004073,0x433e9c88,100,4.195,18.67,1.8241944,,,1769479709,,3
2026-01-26 18:08:41.351430,0x433af380,97,4.157,22.873333,3.8543887,6.25,-39,1769479717,3,3
2026-01-26 18:09:12.121562,0x433ad35c,101,4.205,25.365002,4.222528,6.0,-52,1769479748,3,3
2026-01-26 18:09:33.173753,0x433e9c88,98,4.172,22.116667,1.8198888,,,1769479769,,3
2026-01-26 18:10:33.179688,0x433e9c88,99,4.176,23.813334,1.8030279,,,1769479829,,3
2026-01-26 18:10:58.906052,0x433abf20,101,4.209,23.813334,4.8621664,5.75,-75,1769479855,3,3
2026-01-26 18:11:33.286129,0x433e9c88,97,4.156,24.96,1.8365556,,,1769479889,,3
2026-01-26 18:11:34.020376,0x433b0b38,100,4.195,22.69,4.0743055,5.75,-72,1769479890,5,5
2026-01-26 18:12:33.255869,0x433e9c88,101,4.201,21.338333,1.8370278,,,1769479949,,3
2026-01-26 18:12:44.622475,0x433b0098,100,4.195,21.545,3.9155278,6.0,-61,1769479960,2,2
2026-01-26 18:13:33.377113,0x433e9c88,101,4.212,22.896667,1.8511944,,,1769480009,,3
2026-01-26 18:14:16.210350,0x433acb14,101,4.225,18.066668,4.3716664,3.5,-91,1769480052,3,3
2026-01-26 18:14:33.444191,0x433e9c88,96,4.135,23.513334,1.8954722,,,1769480069,,3
2026-01-26 18:15:12.488056,0x433ad35c,100,4.19,18.366667,4.1893334,6.5,-52,1769480108,3,3
2026-01-26 18:15:33.338647,0x433e9c88,98,4.162,21.188334,1.9246945,,,1769480129,,3
2026-01-26 18:16:33.504907,0x433e9c88,101,4.217,18.86,1.9301666,,,1769480190,,3
2026-01-26 18:16:59.237602,0x433abf20,97,4.16,22.006666,4.792361,5.5,-75,1769480215,3,3
2026-01-26 18:17:33.560972,0x433e9c88,101,4.213,19.133333,1.9502223,,,1769480250,,3
2026-01-26 18:17:34.236481,0x433b0b38,97,4.152,20.995,4.0950274,5.75,-73,1769480250,5,5
2026-01-26 18:18:33.606792,0x433e9c88,100,4.193,21.761665,1.9502223,,,1769480310,3,3
2026-01-26 18:18:45.347334,0x433b0098,96,4.145,21.898335,3.8425558,7.25,-62,1769480321,2,2
2026-01-26 18:18:50.886344,0x433af380,100,4.195,20.67,3.7719443,6.25,-39,1769480327,3,3
2026-01-26 18:19:33.669751,0x433e9c88,101,4.211,28.025002,1.9586945,,,1769480370,,3
2026-01-26 18:20:18.745464,0x433acb14,100,4.193,24.14,4.3011665,3.5,-90,1769480415,3,3
2026-01-26 18:20:33.755511,0x433e9c88,101,4.226,27.711666,1.96625,,,1769480430,,3
2026-01-26 18:21:10.307567,0x433ad35c,98,4.17,20.21,4.2448335,6.0,-54,1769480466,3,3
2026-01-26 18:21:33.881530,0x433e9c88,100,4.197,22.581667,1.9516389,,,1769480490,,3
2026-01-26 18:22:33.925682,0x433e9c88,97,4.157,22.130001,1.9424999,,,1769480550,,3
2026-01-26 18:22:59.457449,0x433abf20,101,4.21,21.568333,4.8010836,5.5,-76,1769480575,3,3
2026-01-26 18:23:33.895410,0x433e9c88,98,4.162,24.168333,1.927889,,,1769480610,,3
2026-01-26 18:23:34.533864,0x433b0b38,100,4.197,24.948334,4.061278,5.75,-73,1769480610,5,5
2026-01-26 18:24:33.894492,0x433e9c88,97,4.16,17.436666,1.9625555,,,1769480670,,3
2026-01-26 18:24:45.362030,0x433b0098,98,4.164,24.961666,3.973639,6.75,-62,1769480681,2,2
2026-01-26 18:25:34.045803,0x433e9c88,99,4.189,24.181667,1.9607499,,,1769480730,,3
2026-01-26 18:26:23.639056,0x433acb14,101,4.224,20.798332,4.224528,6.5,-74,1769480779,3,2
2026-01-26 18:26:34.010133,0x433e9c88,97,4.159,23.103334,1.9418333,,,1769480790,,3
2026-01-26 18:27:10.576144,0x433ad35c,101,4.219,25.836668,4.1499443,5.75,-54,1769480826,3,3
2026-01-26 18:27:34.062981,0x433e9c88,97,4.152,17.738333,1.9504722,,,1769480850,,3
2026-01-26 18:28:34.276151,0x433e9c88,99,4.186,18.915,1.9693888,,,1769480910,,3
2026-01-26 18:28:41.408872,0x433af380,101,4.218,20.871666,3.7984722,6.0,-39,1769480917,3,3
2026-01-26 18:28:49.298665,0xbd50376c,94,4.11,24.088333,2.2808056,6.25,-74,1769480925,3,3
2026-01-26 18:29:34.275466,0x433e9c88,101,4.215,27.756668,1.9737221,,,1769480970,,3
2026-01-26 18:29:35.167299,0x433b0b38,101,4.208,28.015,4.121417,5.75,-72,1769480971,5,5
2026-01-26 18:30:00.192524,0x433abf20,100,4.191,23.92,4.8565836,6.0,-75,1769480996,3,3
2026-01-26 18:30:34.173381,0x433e9c88,101,4.216,22.073334,1.9465834,,,1769481030,,3
2026-01-26 18:30:45.475467,0x433b0098,100,4.195,23.168333,3.8765833,5.75,-62,1769481041,2,2
2026-01-26 18:31:34.283848,0x433e9c88,100,4.197,23.716667,1.896639,,,1769481090,,3
2026-01-26 18:32:18.189257,0x433acb14,99,4.189,22.891666,4.1938334,3.25,-92,1769481134,3,3
2026-01-26 18:32:34.343273,0x433e9c88,78,3.972,21.576668,1.9112222,,,1769481150,,3
2026-01-26 18:33:10.818633,0x433ad35c,100,4.193,17.460001,4.138861,6.0,-52,1769481187,3,3
2026-01-26 18:33:34.309694,0x433e9c88,99,4.176,19.491667,1.8715835,,,1769481210,,3
2026-01-26 18:34:34.392273,0x433e9c88,101,4.226,18.913334,1.9055555,,,1769481270,,3
2026-01-26 18:35:34.430090,0x433e9c88,95,4.13,20.251665,1.9536945,,,1769481331,,3
2026-01-26 18:35:36.912194,0x433b0b38,96,4.145,20.251665,4.0394998,6.0,-73,1769481333,5,5
2026-01-26 18:36:00.360946,0x433abf20,96,4.145,23.458334,4.7995,5.75,-76,1769481356,3,3
2026-01-26 18:37:34.962833,0x433e9c88,67,3.868,19.818333,1.9170278,,,1769481451,,3
2026-01-26 18:37:45.824047,0x433b0098,98,4.173,22.088333,3.8645835,5.75,-62,1769481462,2,2
2026-01-26 18:38:19.960906,0x433acb14,100,4.198,27.231667,4.2028055,3.75,-91,1769481496,3,3
2026-01-26 18:38:35.006097,0x433e9c88,98,4.165,22.263332,1.9195,,,1769481511,,3
2026-01-26 18:39:11.132676,0x433ad35c,97,4.155,22.665,4.244639,5.75,-53,1769481547,3,3
2026-01-26 18:39:35.364446,0x433e9c88,99,4.183,25.183332,1.9005833,,,1769481571,,3
2026-01-26 18:39:43.421736,0x433af380,97,4.156,23.851667,3.6428888,6.0,-39,1769481579,3,3
2026-01-26 18:40:35.247822,0x433e9c88,101,4.215,25.606668,1.8864443,,,1769481631,,3
2026-01-26 18:41:35.326501,0x433e9c88,101,4.217,22.361666,1.8864443,,,1769481691,,3
2026-01-26 18:41:41.259687,0x433b0b38,101,4.202,26.098335,3.9904447,5.25,-73,1769481697,5,5
2026-01-26 18:42:35.541730,0x433e9c88,100,4.194,23.73,1.8859721,,,1769481751,,3
2026-01-26 18:43:00.863870,0x433abf20,96,4.14,20.091667,4.88525,5.75,-77,1769481777,3,3
2026-01-26 18:43:35.910480,0x433e9c88,98,4.169,21.08,1.8442501,,,1769481812,,3
2026-01-26 18:43:46.473910,0x433b0098,96,4.146,22.306667,3.9131944,6.0,-61,1769481822,2,2
2026-01-26 18:44:19.427109,0x433acb14,101,4.205,25.195,4.21475,3.25,-91,1769481855,3,3
2026-01-26 18:44:35.768405,0x433e9c88,98,4.169,16.983334,1.9172221,,,1769481872,,3
2026-01-26 18:45:11.360704,0x433ad35c,101,4.203,22.813334,4.282472,6.5,-53,1769481907,3,3
2026-01-26 18:45:35.879123,0x433e9c88,100,4.193,20.855001,1.9379444,,,1769481932,,3
2026-01-26 18:46:36.055046,0x433e9c88,97,4.159,15.108334,2.0065832,,,1769481992,,3
2026-01-26 18:47:35.995406,0x433e9c88,97,4.159,15.778333,2.0152779,,,1769482052,,3
2026-01-26 18:47:39.475626,0x433b0b38,100,4.191,17.531666,4.013111,5.5,-72,1769482055,5,5
2026-01-26 18:48:35.954024,0x433e9c88,101,4.209,16.644999,2.0109723,,,1769482112,,3
2026-01-26 18:49:00.485887,0x433abf20,96,4.136,19.763332,4.828889,5.5,-77,1769482136,3,3
2026-01-26 18:49:36.045340,0x433e9c88,95,4.13,24.328333,2.0595555,,,1769482172,,3
2026-01-26 18:49:46.608686,0x433b0098,98,4.174,24.988335,3.839,6.0,-61,1769482182,2,2
2026-01-26 18:49:49.722424,0x433af380,98,4.169,22.58,3.6307223,6.25,-39,1769482186,3,3
2026-01-26 18:50:21.024531,0x433acb14,100,4.197,30.625,4.3200555,3.75,-91,1769482217,3,3
2026-01-26 18:50:36.478918,0x433e9c88,96,4.142,27.86,2.0611665,,,1769482232,,3
2026-01-26 18:51:11.607533,0x433ad35c,99,4.186,21.128332,4.203806,6.5,-52,1769482267,3,3
2026-01-26 18:51:36.352645,0x433e9c88,95,4.131,19.485,2.0363333,,,1769482292,,3
2026-01-26 18:52:36.582778,0x433e9c88,98,4.169,22.908333,1.9928055,,,1769482352,,3
2026-01-26 18:53:36.542618,0x433e9c88,97,4.161,16.028332,1.9971112,,,1769482413,,3
2026-01-26 18:53:39.546902,0x433b0b38,99,4.18,20.568333,4.186389,5.75,-73,1769482415,5,5
2026-01-26 18:54:36.617745,0x433e9c88,101,4.218,17.888332,1.9989166,,,1769482473,3,3
2026-01-26 18:55:00.784803,0x433abf20,96,4.144,24.048332,4.8968053,5.75,-76,1769482497,3,3
2026-01-26 18:55:36.906562,0x433e9c88,97,4.158,21.73,2.0677776,,,1769482533,,3
2026-01-26 18:56:21.764292,0x433acb14,99,4.182,17.651667,4.3304725,3.75,-90,1769482578,3,3
2026-01-26 18:56:36.820468,0x433e9c88,101,4.223,18.023333,2.0618613,,,1769482593,,3
2026-01-26 18:57:11.941443,0x433ad35c,98,4.166,25.266665,4.1463056,6.0,-53,1769482628,3,3
2026-01-26 18:57:37.000076,0x433e9c88,101,4.22,15.700001,2.0041945,,,1769482653,,3
2026-01-26 18:57:48.097460,0x433b0098,97,4.154,21.763334,3.805528,6.25,-61,1769482664,2,2
2026-01-26 18:58:37.013168,0x433e9c88,101,4.202,24.386667,1.9706666,,,1769482713,,3
2026-01-26 18:59:37.057168,0x433e9c88,100,4.196,21.746666,1.92025,,,1769482773,,3
2026-01-26 18:59:38.342318,0x433b0b38,98,4.164,17.723333,4.282194,5.5,-73,1769482774,5,5
2026-01-26 18:59:43.931375,0x433af380,99,4.182,23.463333,3.6493335,6.0,-39,1769482780,3,3
2026-01-27 02:01:09.178521,0x433e9c88,98,4.172,19.791668,1.2350278,,,1769508065,,3
2026-01-27 02:01:24.533294,0x433b0098,97,4.155,16.644999,4.2933607,5.5,-60,1769508080,2,2
2026-01-27 02:02:09.141883,0x433e9c88,99,4.18,25.413334,1.2350278,,,1769508125,,3
2026-01-27 02:02:45.992659,0x433acb14,99,4.186,21.813334,4.567972,6.25,-86,1769508161,3,3
2026-01-27 02:03:09.365939,0x433e9c88,101,4.21,19.213333,1.2660556,,,1769508185,,3
2026-01-27 02:03:40.149765,0x433ad35c,101,4.201,22.238333,4.854833,6.0,-55,1769508215,3,3
2026-01-27 02:04:09.340212,0x433e9c88,97,4.151,24.278334,1.2428333,,,1769508245,,3
2026-01-27 02:04:29.079641,0x433abf20,101,4.219,20.966667,5.660528,5.5,-76,1769508264,3,3
2026-01-27 02:05:09.432702,0x433e9c88,98,4.174,23.181667,1.2471389,,,1769508305,,3
2026-01-27 02:06:01.257530,0x433af380,99,4.186,22.938334,3.7721944,6.0,-38,1769508356,3,3
2026-01-27 02:06:06.826017,0x433b0b38,101,4.207,24.291668,4.5094166,5.75,-72,1769508362,5,5
2026-01-27 02:06:09.372588,0x433e9c88,100,4.197,25.126665,1.26175,,,1769508365,,3
2026-01-27 02:07:09.505403,0x433e9c88,95,4.123,22.365,1.2763611,,,1769508425,,3
2026-01-27 02:07:23.826722,0x433b0098,98,4.162,24.061666,4.215889,6.0,-61,1769508439,2,2
2026-01-27 02:08:09.519290,0x433e9c88,99,4.18,26.346666,1.2410277,,,1769508485,,3
2026-01-27 02:08:44.303522,0x433acb14,101,4.205,25.77,4.4690275,5.5,-86,1769508519,3,3
2026-01-27 02:09:09.690394,0x433e9c88,100,4.196,25.211668,1.2410277,,,1769508545,,3
2026-01-27 02:09:38.685183,0x433ad35c,97,4.158,13.523333,4.7204723,6.75,-53,1769508574,3,3
2026-01-27 02:10:09.718208,0x433e9c88,99,4.183,19.75,1.2307222,,,1769508605,3,3
2026-01-27 02:11:09.827286,0x433e9c88,99,4.177,18.323334,1.2311945,,,1769508665,,3
2026-01-27 02:11:29.332915,0x433abf20,99,4.184,23.683334,5.7507777,5.5,-77,1769508684,3,3
2026-01-27 02:12:07.089830,0x433b0b38,99,4.183,21.39,4.4600277,5.5,-72,1769508722,5,5
2026-01-27 02:12:09.878660,0x433e9c88,97,4.156,23.618334,1.2501111,,,1769508725,,3
2026-01-27 02:13:09.828494,0x433e9c88,98,4.165,16.931667,1.2355,,,1769508785,,3
2026-01-27 02:13:24.178793,0x433b0098,97,4.153,16.931667,4.1424165,6.75,-59,1769508799,2,2
2026-01-27 02:14:10.424545,0x433e9c88,101,4.216,25.413334,1.2690278,,,1769508846,,3
2026-01-27 02:14:44.071527,0x433acb14,97,4.161,23.686666,4.416361,6.25,-86,1769508879,3,3
2026-01-27 02:15:10.414425,0x433e9c88,99,4.188,23.903332,1.3360834,,,1769508906,,3
2026-01-27 02:15:39.717864,0x433ad35c,101,4.201,18.228333,4.79175,6.25,-55,1769508935,3,3
2026-01-27 02:16:01.419044,0x433af380,100,4.196,21.33,3.7767224,6.5,-38,1769508957,3,3
2026-01-27 02:16:10.426815,0x433e9c88,98,4.167,22.68,1.3021111,,,1769508966,,3
2026-01-27 02:17:10.511353,0x433e9c88,98,4.162,21.72,1.2918056,,,1769509026,,3
2026-01-27 02:17:30.849244,0x433abf20,101,4.209,24.765,5.792861,5.0,-76,1769509046,3,3
2026-01-27 02:18:07.345931,0x433b0b38,96,4.139,22.195,4.3448057,5.25,-72,1769509082,5,5
2026-01-27 02:18:10.467057,0x433e9c88,101,4.205,25.3,1.2956667,,,1769509086,,3
2026-01-27 02:19:10.579679,0x433e9c88,96,4.137,22.623333,1.3102778,,,1769509146,,3
2026-01-27 02:19:24.329650,0x433b0098,97,4.153,20.353334,4.148139,6.75,-60,1769509159,2,2
2026-01-27 02:20:10.781887,0x433e9c88,101,4.226,22.896667,1.2931666,,,1769509206,,3
2026-01-27 02:20:45.539448,0x433acb14,99,4.185,20.498333,4.5314445,6.0,-86,1769509241,3,3
2026-01-27 02:21:10.831445,0x433e9c88,100,4.197,21.401667,1.3223889,,,1769509266,,3
2026-01-27 02:21:22.094264,0xbd50376c,101,4.203,22.278332,1.8232777,6.75,-73,1769509277,3,3
2026-01-27 02:21:39.605403,0x433ad35c,98,4.173,21.185,4.679111,5.5,-55,1769509295,3,3
2026-01-27 02:22:10.893419,0x433e9c88,100,4.194,23.62,1.3059722,,,1769509326,,3
2026-01-27 02:23:10.829844,0x433e9c88,98,4.173,20.926666,1.3248888,,,1769509386,,3
2026-01-27 02:23:30.551736,0x433abf20,100,4.199,22.606667,5.734111,5.75,-76,1769509406,3,3
2026-01-27 02:24:07.619868,0x433b0b38,100,4.198,27.941668,4.405528,5.75,-72,1769509443,5,5
2026-01-27 02:24:10.874447,0x433e9c88,101,4.228,24.753334,1.3390278,,,1769509446,,3
2026-01-27 02:25:10.946538,0x433e9c88,99,4.189,17.315,1.3973889,,,1769509506,,3
2026-01-27 02:25:24.235811,0x433b0098,99,4.186,16.055,4.0551667,6.0,-60,1769509519,2,2
2026-01-27 02:26:01.540427,0x433af380,99,4.185,23.6,3.8312223,6.25,-38,1769509557,3,3
2026-01-27 02:26:10.941315,0x433e9c88,97,4.15,27.193335,1.4284166,,,1769509566,,3
2026-01-27 02:26:44.954073,0x433acb14,98,4.172,26.178333,4.5462775,6.0,-86,1769509600,3,3
2026-01-27 02:27:10.954089,0x433e9c88,100,4.196,23.358334,1.4863334,,,1769509626,,3
2026-01-27 02:27:40.589665,0x433ad35c,96,4.14,20.211666,4.598111,4.25,-55,1769509656,3,3
2026-01-27 02:28:11.176422,0x433e9c88,99,4.179,25.061666,1.4906389,,,1769509686,,3
2026-01-27 02:29:11.528978,0x433e9c88,99,4.183,20.640001,1.4742223,,,1769509746,,3
2026-01-27 02:30:08.042103,0x433b0b38,97,4.16,20.023335,4.2860003,5.5,-72,1769509803,5,5
2026-01-27 02:30:11.097373,0x433e9c88,100,4.2,23.128334,1.5034444,,,1769509806,,3
2026-01-27 02:30:31.440540,0x433abf20,96,4.141,23.128334,5.5583334,5.5,-76,1769509827,3,3
2026-01-27 02:31:11.133048,0x433e9c88,99,4.184,19.52,1.5034444,,,1769509867,,3
2026-01-27 02:31:24.533288,0x433b0098,97,4.153,19.52,3.975861,6.0,-61,1769509880,2,2
2026-01-27 02:32:11.179108,0x433e9c88,100,4.195,24.278334,1.4888611,,,1769509927,,3
2026-01-27 02:32:46.962700,0x433acb14,101,4.214,24.275,4.4504447,6.25,-87,1769509962,3,3
2026-01-27 02:33:11.364296,0x433e9c88,96,4.144,22.58,1.4514444,,,1769509987,,3
2026-01-27 02:33:39.442436,0x433ad35c,99,4.178,17.378334,4.5069447,7.25,-54,1769510015,3,3
2026-01-27 02:34:11.298904,0x433e9c88,99,4.189,22.885,1.4514444,,,1769510047,,3
2026-01-27 02:35:11.368648,0x433e9c88,99,4.183,17.161667,1.4471389,,,1769510107,,3
2026-01-27 02:36:08.207126,0x433b0b38,99,4.186,22.061666,4.2692776,5.5,-72,1769510163,5,5
2026-01-27 02:36:11.509527,0x433e9c88,98,4.162,24.031668,1.444861,,,1769510167,,3
2026-01-27 02:36:33.106507,0x433abf20,100,4.19,19.131666,5.3565,5.75,-76,1769510188,3,3
2026-01-27 02:37:01.938866,0x433af380,99,4.179,24.328333,3.8198888,6.25,-38,1769510217,3,3
2026-01-27 02:37:11.510194,0x433e9c88,98,4.169,23.731667,1.4696945,,,1769510227,,3
2026-01-27 02:37:26.629899,0x433b0098,98,4.169,23.703333,3.8657777,5.5,-61,1769510242,2,2
2026-01-27 02:38:11.675773,0x433e9c88,99,4.177,23.39,1.4345555,,,1769510287,,3
2026-01-27 02:38:46.054765,0x433acb14,98,4.164,24.248333,4.3617225,5.25,-86,1769510321,3,3
2026-01-27 02:39:11.723497,0x433e9c88,99,4.188,21.023333,1.4156389,,,1769510347,,3
2026-01-27 02:39:40.302919,0x433ad35c,99,4.187,20.036667,4.5168333,5.75,-54,1769510375,3,3
2026-01-27 02:40:11.671286,0x433e9c88,97,4.148,17.083334,1.4263889,,,1769510407,,3
2026-01-27 02:41:11.715831,0x433e9c88,99,4.178,18.233334,1.3953334,,,1769510467,,3
2026-01-27 02:42:09.340251,0x433b0b38,101,4.203,25.971666,4.2980275,6.0,-72,1769510524,5,5
2026-01-27 02:42:11.869744,0x433e9c88,100,4.2,25.671667,1.3622777,,,1769510527,,3
2026-01-27 02:42:34.102459,0x433abf20,101,4.217,21.676666,5.0833054,5.25,-76,1769510549,3,3
2026-01-27 02:43:11.872844,0x433e9c88,99,4.181,21.678333,1.3811944,,,1769510587,,3
2026-01-27 02:43:24.895253,0x433b0098,101,4.227,16.835,3.8683057,6.25,-61,1769510600,2,2
2026-01-27 02:44:11.841422,0x433e9c88,97,4.156,27.425,1.4001112,,,1769510647,,3
2026-01-27 02:44:45.979442,0x433acb14,98,4.164,21.960001,4.2479725,6.0,-86,1769510681,3,3
2026-01-27 02:45:11.968595,0x433e9c88,97,4.159,19.73,1.4147222,,,1769510707,,3
2026-01-27 02:45:41.722046,0x433ad35c,98,4.17,19.213333,4.484889,5.75,-86,1769510737,3,2
2026-01-27 02:46:12.038424,0x433e9c88,98,4.17,20.653334,1.4500556,,,1769510767,3,3
2026-01-27 02:47:01.835307,0x433af380,101,4.201,23.396666,3.8856666,6.5,-38,1769510817,3,3
2026-01-27 02:47:12.022849,0x433e9c88,95,4.129,26.138332,1.495,,,1769510827,,3
2026-01-27 02:48:08.808599,0x433b0b38,99,4.18,21.466667,4.2731943,5.5,-73,1769510884,5,5
2026-01-27 02:48:12.088406,0x433e9c88,95,4.133,21.425,1.495,,,1769510887,,3
2026-01-27 02:48:35.276731,0x433abf20,101,4.214,20.605,4.8190002,5.5,-76,1769510910,3,3
2026-01-27 02:49:12.124257,0x433e9c88,96,4.145,21.446667,1.4555556,,,1769510947,,3
2026-01-27 02:49:26.150111,0x433b0098,99,4.184,19.366667,3.8725834,6.25,-60,1769510961,2,2
2026-01-27 02:50:12.161772,0x433e9c88,101,4.212,23.87,1.4555556,,,1769511008,,3
2026-01-27 02:50:48.568683,0x433acb14,101,4.211,20.853333,4.296,6.0,-86,1769511044,3,3
2026-01-27 02:51:12.244015,0x433e9c88,101,4.221,20.036667,1.4229167,,,1769511068,,3
2026-01-27 02:51:41.019427,0x433ad35c,100,4.194,17.158335,4.5376945,8.25,-54,1769511096,3,3
2026-01-27 02:52:12.395542,0x433e9c88,99,4.181,25.154999,1.4418334,,,1769511128,,3
2026-01-27 02:53:12.437501,0x433e9c88,101,4.213,20.898333,1.4229167,,,1769511188,,3
2026-01-27 02:54:12.409769,0x433e9c88,99,4.18,24.191668,1.4370556,,,1769511248,,3
2026-01-27 02:54:33.815941,0x433abf20,101,4.209,17.87,4.639472,5.75,-77,1769511269,3,3
2026-01-27 02:55:12.424135,0x433e9c88,100,4.196,22.638332,1.4354444,,,1769511308,,3
2026-01-27 02:55:26.423378,0x433b0098,99,4.188,20.626667,3.8892221,7.0,-60,1769511321,2,2
2026-01-27 02:56:12.468009,0x433e9c88,98,4.162,26.411667,1.4398334,,,1769511368,,3
2026-01-27 02:56:47.708116,0x433acb14,101,4.201,26.083332,4.2458887,6.0,-87,1769511403,3,3
2026-01-27 02:57:02.245814,0x433af380,101,4.207,23.21,3.799361,6.0,-38,1769511417,3,3
2026-01-27 02:57:12.610647,0x433e9c88,101,4.204,23.658333,1.4733889,,,1769511428,,3
2026-01-27 02:57:27.148708,0xbd50376c,101,4.215,17.983334,2.1141944,6.0,-73,1769511442,3,3
2026-01-27 02:57:42.668244,0x433ad35c,97,4.15,24.236668,4.3195,6.75,-53,1769511458,3,3
2026-01-27 02:58:12.737341,0x433e9c88,101,4.213,23.086666,1.5128334,,,1769511488,,3
2026-01-27 02:59:12.746863,0x433e9c88,101,4.207,23.785,1.53175,,,1769511548,,3
2026-01-27 03:00:09.455582,0x433b0b38,100,4.197,20.981667,4.3691664,5.5,-73,1769511605,5,5
2026-01-27 03:00:12.736712,0x433e9c88,96,4.135,23.21,1.5532223,,,1769511608,,3
2026-01-26 08:59:54.997806,0x433e9c88,100,4.191,23.306665,2.1302779,,,1769446792,,3
2026-01-26 09:00:03.975156,0x433b0098,100,4.195,18.314999,3.4690554,6.0,-61,1769446801,2,2
2026-01-26 09:00:54.960705,0x433e9c88,99,4.181,21.24,2.1223333,,,1769446852,,3
2026-01-26 09:01:41.440383,0x433acb14,101,4.206,15.741667,4.1827497,3.25,-92,1769446898,3,3
2026-01-26 09:01:54.904598,0x433e9c88,99,4.18,19.558332,2.1515555,,,1769446912,,3
2026-01-26 09:02:35.254462,0x433ad35c,97,4.153,22.963333,3.6991942,6.5,-53,1769446952,3,3
2026-01-26 09:02:55.137375,0x433e9c88,101,4.202,20.778332,2.1474445,,,1769446972,,3
2026-01-26 09:03:55.137529,0x433e9c88,97,4.16,15.054999,2.1917222,,,1769447032,,3
2026-01-26 09:04:26.752910,0x433abf20,98,4.162,21.46,4.213528,5.75,-76,1769447064,3,3
2026-01-26 09:04:55.116523,0x433e9c88,97,4.16,16.615,2.1511388,,,1769447092,,3
2026-01-26 09:05:02.189409,0x433b0b38,96,4.146,21.199999,4.0281944,6.25,-75,1769447099,5,5
2026-01-26 09:05:55.158962,0x433e9c88,101,4.213,15.77,2.16325,,,1769447152,,3
2026-01-26 09:06:04.606128,0x433b0098,99,4.186,19.766666,3.4906945,5.5,-61,1769447161,2,2
2026-01-26 09:06:55.344445,0x433e9c88,99,4.178,22.665,2.1942778,,,1769447212,,3
2026-01-26 09:07:16.114197,0x433af380,99,4.185,22.463333,3.6823611,5.75,-39,1769447233,3,3
2026-01-26 09:07:42.998127,0x433acb14,100,4.19,24.906666,4.351639,2.0,-95,1769447260,3,3
2026-01-26 09:07:55.268912,0x433e9c88,98,4.169,30.899998,2.1942778,,,1769447272,,3
2026-01-26 09:08:35.557611,0x433ad35c,98,4.175,22.141666,3.570111,6.75,-53,1769447312,3,3
2026-01-26 09:08:55.244984,0x433e9c88,98,4.175,17.846666,2.2293887,,,1769447332,,3
2026-01-26 09:09:55.391257,0x433e9c88,98,4.165,22.431667,2.24375,,,1769447392,,3
2026-01-26 09:10:27.881708,0x433abf20,98,4.175,21.463333,4.1896667,6.0,-77,1769447425,3,3
2026-01-26 09:10:55.524182,0x433e9c88,101,4.213,23.638334,2.24375,,,1769447452,,3
2026-01-26 09:10:57.017763,0x433b0b38,99,4.184,25.76,3.9991112,6.0,-74,1769447454,5,5
2026-01-26 09:11:55.472654,0x433e9c88,100,4.196,20.011667,2.3165,,,1769447512,,3
2026-01-26 09:12:04.887696,0x433b0098,97,4.153,21.215,3.4277222,6.0,-61,1769447522,2,2
2026-01-26 09:12:55.444353,0x433e9c88,100,4.198,23.515,2.2713332,,,1769447573,,3
2026-01-26 09:13:40.449583,0x433acb14,101,4.25,19.465,4.268111,3.0,-93,1769447617,3,3
2026-01-26 09:13:55.709965,0x433e9c88,100,4.193,19.763332,2.260361,,,1769447633,,3
2026-01-26 09:14:35.852197,0x433ad35c,100,4.199,25.044998,3.734361,6.75,-54,1769447673,3,3
2026-01-26 09:14:55.702154,0x433e9c88,97,4.154,24.968334,2.2804444,,,1769447693,,3
2026-01-26 09:15:55.759535,0x433e9c88,99,4.176,23.116667,2.2595,,,1769447753,3,3
2026-01-26 09:16:29.096799,0x433abf20,97,4.159,21.765,4.115083,5.5,-76,1769447786,3,3
2026-01-26 09:16:55.786969,0x433e9c88,99,4.179,23.925001,2.2823057,,,1769447813,,3
2026-01-26 09:16:58.517446,0x433b0b38,97,4.149,22.583332,4.118417,5.75,-74,1769447815,5,5
2026-01-26 09:17:55.952894,0x433e9c88,99,4.18,21.46,2.2823057,,,1769447873,,3
2026-01-26 09:18:05.296311,0x433b0098,100,4.192,16.904999,3.526528,6.0,-61,1769447882,2,2
2026-01-26 09:18:55.920822,0x433e9c88,101,4.206,25.086668,2.2615833,,,1769447933,,3
2026-01-26 09:19:16.545242,0x433af380,101,4.218,20.648333,3.6022224,6.5,-39,1769447953,3,3
2026-01-26 09:19:40.228257,0x433acb14,99,4.184,24.31,4.380833,3.5,-92,1769447977,3,3
2026-01-26 09:19:56.049580,0x433e9c88,99,4.183,24.688334,2.246972,,,1769447993,,3
2026-01-26 09:20:36.098187,0x433ad35c,97,4.159,23.1,3.716861,5.75,-53,1769448033,3,3
2026-01-26 09:20:56.046815,0x433e9c88,100,4.195,18.588333,2.2800555,,,1769448053,,3
2026-01-26 09:21:56.288350,0x433e9c88,100,4.199,20.255,2.2654443,,,1769448113,,3
2026-01-26 09:22:28.464576,0x433abf20,101,4.214,19.106667,4.0190835,5.75,-77,1769448145,3,3
2026-01-26 09:22:56.240354,0x433e9c88,101,4.201,22.961668,2.28825,,,1769448173,,3
2026-01-26 09:22:59.046529,0x433b0b38,98,4.167,26.713333,4.203,6.0,-75,1769448176,5,5
2026-01-26 09:23:56.556678,0x433e9c88,99,4.184,21.953335,2.2754443,,,1769448233,,3
2026-01-26 09:24:07.730638,0x433b0098,98,4.171,19.215,3.5338056,6.0,-61,1769448245,2,2
2026-01-26 09:24:13.472514,0xbd50376c,101,4.239,20.666666,2.4107502,6.0,-73,1769448250,3,3
2026-01-26 09:24:56.851378,0x433e9c88,97,4.157,29.785002,2.273639,,,1769448294,,3
2026-01-26 09:25:40.948392,0x433acb14,99,4.178,23.328333,4.375639,3.75,-92,1769448338,3,3
2026-01-26 09:25:57.069656,0x433e9c88,101,4.232,24.801666,2.2295833,,,1769448354,,3
2026-01-26 09:26:36.322087,0x433ad35c,100,4.19,23.57,3.733639,7.5,-53,1769448393,3,3
2026-01-26 09:26:57.070302,0x433e9c88,100,4.191,19.08,2.2482777,,,1769448414,,3
2026-01-26 09:27:56.978934,0x433e9c88,101,4.203,23.621666,2.229361,,,1769448474,,3
2026-01-26 09:28:28.858776,0x433abf20,100,4.199,21.133333,3.9866943,6.0,-76,1769448506,3,3
2026-01-26 09:28:57.150406,0x433e9c88,99,4.177,23.076668,2.2286944,,,1769448534,,3
2026-01-26 09:28:59.823857,0x433b0b38,97,4.156,22.2,4.2975554,5.75,-75,1769448537,5,5
2026-01-26 09:29:57.095879,0x433e9c88,98,4.173,24.581667,2.1539166,,,1769448594,,3
2026-01-26 09:30:09.693297,0x433b0098,99,4.183,21.518333,3.708389,6.0,-61,1769448606,2,2
2026-01-26 09:30:57.111670,0x433e9c88,98,4.175,20.391666,2.090722,,,1769448654,,3
2026-01-26 09:31:17.006814,0x433af380,98,4.164,18.398333,3.7908335,6.25,-39,1769448674,3,3
2026-01-26 09:31:42.054749,0x433acb14,101,4.216,19.645,4.5214167,3.5,-92,1769448699,3,3
2026-01-26 09:31:57.234457,0x433e9c88,101,4.22,23.35,2.0428057,,,1769448714,,3
2026-01-26 09:32:38.190285,0x433ad35c,97,4.149,28.166666,3.9404166,7.5,-54,1769448755,3,3
2026-01-26 09:32:57.240051,0x433e9c88,101,4.214,19.788334,2.0801945,,,1769448774,,3
2026-01-26 09:33:57.368634,0x433e9c88,101,4.219,22.859999,2.1714165,,,1769448834,,3
2026-01-26 09:34:29.034319,0x433abf20,101,4.24,23.19,4.0499167,6.25,-77,1769448866,3,3
2026-01-26 09:34:57.467791,0x433e9c88,99,4.177,25.650002,2.1860278,,,1769448894,,3
2026-01-26 09:34:58.806762,0x433b0b38,99,4.176,23.896667,4.3610277,6.0,-74,1769448896,5,5
2026-01-26 09:35:57.477413,0x433e9c88,101,4.201,19.738333,2.2051666,,,1769448954,,3
2026-01-26 09:36:09.339142,0x433b0098,95,4.122,18.861666,3.7875555,6.25,-61,1769448966,2,2
2026-01-26 09:36:57.537187,0x433e9c88,100,4.197,23.076668,2.2031112,,,1769449014,,3
2026-01-26 09:37:41.206331,0x433acb14,100,4.19,18.426666,4.649611,0.5,-96,1769449058,3,3
2026-01-26 09:37:57.465279,0x433e9c88,101,4.203,25.536665,2.1655002,,,1769449075,,3
2026-01-26 09:38:37.423855,0x433ad35c,97,4.159,21.761665,3.9345,5.75,-55,1769449114,3,3
2026-01-26 09:38:57.619416,0x433e9c88,101,4.235,19.928333,2.150889,,,1769449135,,3
2026-01-26 09:39:57.716375,0x433e9c88,101,4.228,21.87,2.0968332,,,1769449195,,3
2026-01-26 09:40:29.249212,0x433abf20,97,4.148,20.56,4.0316944,5.5,-77,1769449226,3,3
2026-01-26 09:40:57.965822,0x433e9c88,99,4.185,23.566666,2.0364168,,,1769449255,,3
2026-01-26 09:41:00.530829,0x433b0b38,97,4.155,26.196667,4.4465833,6.0,-74,1769449257,5,5
2026-01-26 09:41:57.976762,0x433e9c88,101,4.224,23.461666,1.99925,,,1769449315,,3
2026-01-26 09:42:10.160897,0x433b0098,95,4.133,16.836666,3.863861,5.75,-62,1769449327,2,2
2026-01-26 09:42:18.216625,0x433af380,101,4.21,21.736666,3.8930278,6.0,-39,1769449335,3,3
2026-01-26 09:42:57.932585,0x433e9c88,100,4.2,24.361668,1.9810001,,,1769449375,,3
2026-01-26 09:43:45.418589,0x433acb14,101,4.21,20.041666,4.7545,-1.5,-100,1769449422,3,3
2026-01-26 09:43:57.951653,0x433e9c88,95,4.131,28.168333,1.9915277,,,1769449435,,3
2026-01-26 09:44:37.302164,0x433ad35c,100,4.194,26.771667,4.0597496,5.75,-53,1769449474,3,3
2026-01-26 09:44:58.082666,0x433e9c88,98,4.171,20.75,1.9726111,,,1769449495,,3
2026-01-26 09:45:58.135146,0x433e9c88,101,4.213,19.353333,1.9913055,,,1769449555,,3
2026-01-26 09:46:29.627578,0x433abf20,99,4.177,18.863335,4.155417,5.0,-76,1769449586,3,3
2026-01-26 09:46:58.392153,0x433e9c88,100,4.199,21.858334,2.01,,,1769449615,,3
2026-01-26 09:47:01.174734,0x433b0b38,100,4.196,21.858334,4.413333,5.5,-75,1769449618,5,5
2026-01-26 09:47:58.422849,0x433e9c88,100,4.195,23.133333,2.0120556,,,1769449675,,3
2026-01-26 09:48:11.121407,0x433b0098,99,4.182,22.859999,3.938,5.75,-61,1769449688,2,2
2026-01-26 09:48:58.410985,0x433e9c88,98,4.165,17.983334,1.9890279,,,1769449735,,3
2026-01-26 09:49:41.984514,0x433acb14,101,4.205,21.436666,4.8450003,2.0,-95,1769449779,3,3
2026-01-26 09:49:58.424859,0x433e9c88,99,4.178,24.226667,1.9831111,,,1769449795,,3
2026-01-26 09:50:37.628450,0x433ad35c,99,4.178,29.231667,4.005139,5.75,-53,1769449834,3,3
2026-01-26 09:50:58.407862,0x433e9c88,101,4.209,26.565,1.9910555,,,1769449855,,3
2026-01-26 09:51:58.998425,0x433e9c88,98,4.166,22.01,1.9892222,,,1769449916,3,3
2026-01-26 09:52:16.002678,0x433af380,99,4.187,21.466667,3.9794166,6.0,-40,1769449933,3,3
2026-01-26 09:52:30.313497,0x433abf20,100,4.199,23.791666,4.2202225,6.25,-77,1769449947,3,3
2026-01-26 09:52:59.101534,0x433e9c88,101,4.212,27.251667,2.008389,,,1769449976,,3
2026-01-26 09:53:01.229186,0x433b0b38,97,4.157,24.008333,4.3989444,5.75,-74,1769449978,5,5
2026-01-26 09:53:59.108692,0x433e9c88,99,4.178,22.505001,2.0270834,,,1769450036,,3
2026-01-26 09:54:11.277156,0x433b0098,99,4.189,19.984999,4.0972776,6.0,-62,1769450048,2,2
2026-01-26 09:54:59.128629,0x433e9c88,101,4.211,24.416668,2.0065556,,,1769450096,,3
2026-01-26 09:55:42.087310,0x433acb14,101,4.214,15.688333,4.715667,0.75,-96,1769450139,3,3
2026-01-26 09:55:59.113365,0x433e9c88,101,4.222,22.061666,2.0061111,,,1769450156,,3
2026-01-26 09:56:39.970129,0x433ad35c,101,4.213,23.458334,3.8986113,6.0,-54,1769450197,3,3
2026-01-26 09:56:59.229875,0x433e9c88,100,4.199,17.055,2.0284443,,,1769450216,,3
2026-01-26 09:57:59.328906,0x433e9c88,101,4.214,23.238335,2.0201943,,,1769450276,,3
2026-01-26 09:58:30.224356,0x433abf20,101,4.227,21.378334,4.2785,6.0,-77,1769450307,3,3
2026-01-26 09:58:59.304890,0x433e9c88,101,4.228,20.94,1.968639,,,1769450336,,3
2026-01-26 09:59:02.569279,0x433b0b38,97,4.16,23.048334,4.4544444,6.25,-74,1769450339,5,5
2026-01-26 06:59:45.777684,0x433e9c88,98,4.165,19.021666,1.569639,,,1769439583,,3
2026-01-26 07:00:45.928168,0x433e9c88,100,4.198,22.116667,1.569639,,,1769439643,,3
2026-01-26 07:01:31.394815,0x433acb14,101,4.209,19.82,4.61425,4.25,-88,1769439688,3,3
2026-01-26 07:01:45.978629,0x433e9c88,101,4.203,20.585001,1.5361111,,,1769439703,,3
2026-01-26 07:02:24.630145,0x433ad35c,99,4.177,24.278334,4.096444,6.0,-54,1769439742,3,3
2026-01-26 07:02:46.382152,0x433e9c88,101,4.21,24.413334,1.5210556,,,1769439763,,3
2026-01-26 07:03:13.003185,0x433af380,96,4.137,18.603334,3.745361,6.25,-38,1769439790,3,3
2026-01-26 07:03:46.097006,0x433e9c88,98,4.165,22.773333,1.5258334,,,1769439823,,3
2026-01-26 07:04:20.978281,0x433abf20,100,4.194,20.900002,5.219,5.25,-75,1769439858,3,3
2026-01-26 07:04:46.041995,0x433e9c88,98,4.168,22.338333,1.5571111,,,1769439883,,3
2026-01-26 07:04:52.786778,0x433b0b38,97,4.149,22.338333,4.6105003,5.75,-75,1769439890,5,5
2026-01-26 07:05:46.090912,0x433e9c88,97,4.152,22.305,1.50125,,,1769439943,,3
2026-01-26 07:05:59.212259,0x433b0098,97,4.158,17.543333,4.0791388,5.75,-60,1769439956,2,2
2026-01-26 07:06:46.236064,0x433e9c88,101,4.215,24.525,1.5115556,,,1769440003,,3
2026-01-26 07:07:30.689061,0x433acb14,99,4.186,26.113335,4.74425,4.25,-88,1769440048,3,3
2026-01-26 07:07:46.199550,0x433e9c88,96,4.146,24.993334,1.5158612,,,1769440063,,3
2026-01-26 07:08:26.642660,0x433ad35c,99,4.184,23.358334,4.1760554,6.25,-53,1769440104,3,3
2026-01-26 07:08:46.335111,0x433e9c88,101,4.206,21.705,1.5347778,,,1769440124,,3
2026-01-26 07:09:46.280335,0x433e9c88,99,4.189,21.951666,1.5347778,,,1769440184,,3
2026-01-26 07:10:22.166491,0x433abf20,97,4.155,17.163334,5.2695,6.0,-76,1769440219,3,3
2026-01-26 07:10:46.448066,0x433e9c88,100,4.193,22.693333,1.5347778,,,1769440244,,3
2026-01-26 07:10:49.608304,0x433b0b38,101,4.21,22.693333,4.5646667,5.5,-76,1769440247,5,5
2026-01-26 07:11:46.374322,0x433e9c88,101,4.219,26.92,1.5493889,,,1769440304,,3
2026-01-26 07:11:59.426758,0x433b0098,99,4.187,22.68,4.223417,6.25,-59,1769440316,2,2
2026-01-26 07:12:46.598278,0x433e9c88,101,4.205,26.493336,1.5304722,,,1769440364,,3
2026-01-26 07:13:12.085520,0x433af380,101,4.204,15.243334,3.5069723,6.5,-38,1769440389,3,3
2026-01-26 07:13:30.977389,0x433acb14,99,4.179,23.87,4.769583,4.25,-89,1769440408,3,3
2026-01-26 07:13:46.566358,0x433e9c88,100,4.197,25.485,1.5466944,,,1769440424,,3
2026-01-26 07:14:25.769235,0x433ad35c,96,4.146,21.346668,4.4418335,6.25,-54,1769440463,3,3
2026-01-26 07:14:46.587341,0x433e9c88,97,4.155,23.154999,1.5681111,,,1769440484,,3
2026-01-26 07:15:46.574218,0x433e9c88,97,4.157,22.061666,1.5621945,,,1769440544,,3
2026-01-26 07:16:20.792741,0x433abf20,101,4.213,18.233334,5.483444,5.5,-77,1769440578,3,3
2026-01-26 07:16:46.608742,0x433e9c88,96,4.142,24.335,1.5288888,,,1769440604,,3
2026-01-26 07:16:49.628922,0x433b0b38,97,4.155,24.335,4.5609446,5.5,-76,1769440607,5,5
2026-01-26 07:17:46.721253,0x433e9c88,97,4.151,21.921665,1.5272777,,,1769440664,,3
2026-01-26 07:17:59.847870,0x433b0098,98,4.166,20.786667,4.408222,6.0,-60,1769440677,2,2
2026-01-26 07:18:46.791233,0x433e9c88,98,4.166,27.998335,1.47075,,,1769440724,,3
2026-01-26 07:19:31.666926,0x433acb14,99,4.179,25.238333,4.932889,4.0,-88,1769440769,3,3
2026-01-26 07:19:46.775250,0x433e9c88,98,4.174,24.016666,1.4518334,,,1769440784,,3
2026-01-26 07:20:26.263788,0x433ad35c,100,4.192,20.756666,4.542861,6.5,-53,1769440823,3,3
2026-01-26 07:20:46.822614,0x433e9c88,97,4.149,20.498333,1.47075,,,1769440844,,3
2026-01-26 07:21:46.924209,0x433e9c88,101,4.211,21.131666,1.4356389,,,1769440904,,3
2026-01-26 07:22:20.940548,0x433abf20,100,4.198,18.038334,5.642833,5.5,-77,1769440938,3,3
2026-01-26 07:22:46.915085,0x433e9c88,98,4.171,25.976667,1.4313334,,,1769440964,,3
2026-01-26 07:22:49.794044,0x433b0b38,99,4.182,25.128334,4.6190276,5.25,-76,1769440967,5,5
2026-01-26 07:23:12.905832,0x433af380,97,4.149,22.261667,3.455917,6.25,-39,1769440990,3,3
2026-01-26 07:23:47.017450,0x433e9c88,97,4.155,26.409998,1.4313334,,,1769441024,,3
2026-01-26 07:24:00.100729,0x433b0098,98,4.175,21.035,4.504861,6.0,-60,1769441037,2,2
2026-01-26 07:24:47.103200,0x433e9c88,98,4.17,25.73,1.464861,,,1769441084,,3
2026-01-26 07:25:31.618425,0x433acb14,98,4.17,18.888334,4.8634996,4.0,-88,1769441129,3,3
2026-01-26 07:25:47.192325,0x433e9c88,99,4.188,21.735,1.4130833,,,1769441144,,3
2026-01-26 07:26:26.797614,0x433ad35c,97,4.157,21.211668,4.6638613,6.5,-53,1769441184,3,3
2026-01-26 07:26:47.274521,0x433e9c88,99,4.181,24.593334,1.4112778,,,1769441204,,3
2026-01-26 07:27:47.275524,0x433e9c88,98,4.164,23.648335,1.3966666,,,1769441264,3,3
2026-01-26 07:28:21.591485,0x433abf20,99,4.188,22.418333,5.5673056,5.75,-76,1769441299,3,3
2026-01-26 07:28:47.318221,0x433e9c88,101,4.207,25.566668,1.3941667,,,1769441325,,3
2026-01-26 07:28:50.051778,0x433b0b38,97,4.157,27.675,4.591611,5.5,-75,1769441327,5,5
2026-01-26 07:29:47.491230,0x433e9c88,99,4.185,20.801666,1.4000833,,,1769441385,,3
2026-01-26 07:30:00.732478,0x433b0098,99,4.186,16.561666,4.524667,6.25,-60,1769441398,2,2
2026-01-26 07:30:47.394148,0x433e9c88,101,4.216,24.031668,1.3940834,,,1769441445,,3
2026-01-26 07:31:31.913510,0x433acb14,100,4.192,21.185,4.835583,4.25,-89,1769441489,3,3
2026-01-26 07:31:47.442032,0x433e9c88,100,4.193,23.773333,1.4104999,,,1769441505,,3
2026-01-26 07:32:29.278254,0x433ad35c,97,4.157,25.673332,4.7045,6.25,-53,1769441546,3,3
2026-01-26 07:32:47.643907,0x433e9c88,99,4.189,28.330002,1.3837779,,,1769441565,,3
2026-01-26 07:33:11.561466,0x433af380,99,4.186,23.328333,3.4423888,6.25,-38,1769441588,3,3
2026-01-26 07:33:47.729154,0x433e9c88,99,4.179,26.126667,1.3983889,,,1769441625,,3
2026-01-26 07:34:23.158887,0x433abf20,98,4.168,24.404999,5.4882503,6.0,-76,1769441660,3,3
2026-01-26 07:34:47.693636,0x433e9c88,101,4.227,20.063334,1.4280555,,,1769441685,,3
2026-01-26 07:34:50.347648,0x433b0b38,98,4.165,21.198334,4.597111,5.25,-76,1769441687,5,5
2026-01-26 07:35:47.810666,0x433e9c88,95,4.124,21.063334,1.4109445,,,1769441745,,3
2026-01-26 07:36:01.339593,0x433b0098,98,4.165,18.943333,4.4400554,6.25,-60,1769441758,2,2
2026-01-26 07:36:05.991002,0xbd50376c,101,4.214,19.928333,1.8425279,5.5,-75,1769441763,3,3
2026-01-26 07:36:47.706026,0x433e9c88,99,4.187,27.728334,1.3981389,,,1769441805,,3
2026-01-26 07:37:33.034634,0x433acb14,101,4.211,23.185,4.8539166,6.0,-87,1769441850,3,3
2026-01-26 07:37:47.752324,0x433e9c88,101,4.203,25.154999,1.3956388,,,1769441865,,3
2026-01-26 07:38:28.176745,0x433ad35c,98,4.167,20.361666,4.654139,6.5,-54,1769441905,3,3
2026-01-26 07:38:47.899849,0x433e9c88,99,4.176,24.085001,1.4145555,,,1769441925,,3
2026-01-26 07:39:47.844574,0x433e9c88,98,4.163,24.058332,1.3561945,,,1769441985,,3
2026-01-26 07:40:24.503725,0x433abf20,100,4.198,16.516666,5.4913335,6.0,-75,1769442021,3,3
2026-01-26 07:40:47.991587,0x433e9c88,99,4.176,22.896667,1.3708056,,,1769442045,,3
2026-01-26 07:40:56.862217,0x433b0b38,98,4.168,22.638332,4.651889,6.0,-74,1769442054,5,4
2026-01-26 07:41:48.122369,0x433e9c88,101,4.214,23.413334,1.3872222,,,1769442105,,3
2026-01-26 07:42:00.697615,0x433b0098,98,4.167,18.038334,4.455,6.5,-60,1769442118,2,2
2026-01-26 07:42:47.984109,0x433e9c88,99,4.179,27.785,1.4061389,,,1769442165,,3
2026-01-26 07:43:11.453264,0x433af380,99,4.184,24.443333,3.49575,6.25,-38,1769442188,3,3
2026-01-26 07:43:33.756212,0x433acb14,101,4.217,20.913332,4.9010277,4.25,-88,1769442211,3,3
2026-01-26 07:43:48.107223,0x433e9c88,99,4.184,25.456667,1.4349166,,,1769442225,,3
2026-01-26 07:44:29.047873,0x433ad35c,98,4.17,20.441666,4.6678333,6.25,-54,1769442266,3,3
2026-01-26 07:44:48.272198,0x433e9c88,99,4.189,22.896667,1.4180278,,,1769442285,,3
2026-01-26 07:45:48.123305,0x433e9c88,100,4.198,20.308334,1.41825,,,1769442345,,3
2026-01-26 07:46:22.655526,0x433abf20,99,4.186,19.173332,5.37925,6.0,-75,1769442380,3,3
2026-01-26 07:46:48.171086,0x433e9c88,100,4.196,23.458334,1.4371667,,,1769442405,,3
2026-01-26 07:46:54.443291,0x433b0b38,101,4.214,23.458334,4.610972,5.75,-74,1769442411,5,5
2026-01-26 07:47:48.268477,0x433e9c88,98,4.162,21.511667,1.4366944,,,1769442465,,3
2026-01-26 07:48:01.118089,0x433b0098,95,4.133,20.526667,4.389,5.5,-60,1769442478,2,2
2026-01-26 07:48:48.462223,0x433e9c88,97,4.155,25.728333,1.3783333,,,1769442525,,3
2026-01-26 07:49:33.245779,0x433acb14,99,4.177,22.308332,4.95325,4.25,-89,1769442570,3,3
2026-01-26 07:49:48.361395,0x433e9c88,98,4.171,24.335,1.3384445,,,1769442586,,3
2026-01-26 07:50:32.503842,0x433ad35c,96,4.141,18.201668,4.704111,6.25,-53,1769442629,3,3
2026-01-26 07:50:48.410332,0x433e9c88,99,4.185,24.031668,1.3384445,,,1769442646,,3
2026-01-26 07:51:48.512771,0x433e9c88,97,4.148,23.196667,1.3195279,,,1769442706,,3
2026-01-26 07:52:23.578201,0x433abf20,100,4.191,17.081665,5.3626113,5.25,-76,1769442740,3,3
2026-01-26 07:52:48.628650,0x433e9c88,96,4.136,23.375,1.2875834,,,1769442766,,3
2026-01-26 07:52:51.062269,0x433b0b38,98,4.165,23.375,4.7278333,6.0,-74,1769442768,5,5
2026-01-26 07:53:48.656225,0x433e9c88,96,4.141,24.823334,1.2695556,,,1769442826,,3
2026-01-26 07:54:01.201922,0x433b0098,101,4.202,19.448334,4.5065556,6.5,-60,1769442838,2,2
2026-01-26 07:54:16.213517,0x433af380,99,4.189,22.328333,3.5900002,6.25,-38,1769442853,3,3
2026-01-26 07:54:48.749985,0x433e9c88,99,4.178,24.223333,1.2398889,,,1769442886,,3
2026-01-26 07:55:36.416438,0x433acb14,100,4.195,12.198334,4.8708057,4.5,-90,1769442933,3,3
2026-01-26 07:55:48.689622,0x433e9c88,98,4.164,20.885,1.2063612,,,1769442946,,3
2026-01-26 07:56:29.976534,0x433ad35c,99,4.187,22.251667,4.8328886,7.0,-54,1769442987,3,3
2026-01-26 07:56:48.769746,0x433e9c88,99,4.177,23.458334,1.2355833,,,1769443006,,3
2026-01-26 07:57:48.897153,0x433e9c88,101,4.213,21.853334,1.2355833,,,1769443066,,3
2026-01-26 07:58:24.348760,0x433abf20,100,4.197,22.743334,5.295722,5.5,-76,1769443101,3,3
2026-01-26 07:58:48.807465,0x433e9c88,96,4.139,27.878332,1.21325,,,1769443126,,3
2026-01-26 07:58:52.795565,0x433b0b38,98,4.165,27.878332,4.729111,5.75,-74,1769443130,5,4
2026-01-25 20:00:03.693463,0x433e9c88,97,4.158,21.728334,1.5432777,,,1769400002,,3
2026-01-25 20:00:37.025434,0x433abf20,99,4.18,22.91,5.0677776,5.25,-77,1769400035,3,3
2026-01-25 20:00:49.584269,0x433acb14,98,4.17,25.783333,5.0674167,2.75,-93,1769400048,3,3
2026-01-25 20:01:03.643496,0x433e9c88,99,4.186,27.753332,1.5428333,,,1769400062,,3
2026-01-25 20:01:43.525246,0x433ad35c,101,4.212,23.951666,4.9223332,6.25,-53,1769400102,3,3
2026-01-25 20:02:03.845520,0x433e9c88,98,4.168,26.071667,1.5056667,,,1769400122,,3
2026-01-25 20:03:03.914907,0x433e9c88,99,4.184,20.981667,1.5052223,,,1769400182,3,3
2026-01-25 20:04:04.077282,0x433e9c88,98,4.165,23.786667,1.4844722,,,1769400242,,3
2026-01-25 20:04:12.753955,0x433b0b38,99,4.188,22.651667,4.791111,6.25,-74,1769400251,5,5
2026-01-25 20:04:17.393522,0x433b0098,96,4.142,18.586666,4.3314166,5.75,-60,1769400255,2,2
2026-01-25 20:05:04.031615,0x433e9c88,99,4.189,28.654999,1.46375,,,1769400302,,3
2026-01-25 20:05:38.958562,0x433af380,101,4.201,22.463333,3.6795278,6.25,-38,1769400337,3,3
2026-01-25 20:06:04.035408,0x433e9c88,99,4.181,22.611668,1.4486945,,,1769400362,,3
2026-01-25 20:06:19.170073,0xbd50376c,100,4.19,24.881666,1.8585278,5.75,-75,1769400377,3,3
2026-01-25 20:06:37.178788,0x433abf20,98,4.164,22.646667,5.0341663,6.0,-76,1769400395,3,3
2026-01-25 20:06:49.467631,0x433acb14,101,4.225,26.261667,5.0940833,3.25,-92,1769400407,3,3
2026-01-25 20:07:04.248821,0x433e9c88,97,4.153,26.22,1.4633056,,,1769400422,,3
2026-01-25 20:07:43.663773,0x433ad35c,98,4.166,23.828333,4.741639,6.25,-54,1769400462,3,3
2026-01-25 20:08:04.212910,0x433e9c88,96,4.138,24.963333,1.4322778,,,1769400482,,3
2026-01-25 20:09:04.353338,0x433e9c88,97,4.157,21.573334,1.4468889,,,1769400542,,3
2026-01-25 20:10:04.341897,0x433e9c88,97,4.153,21.691666,1.4322778,,,1769400603,,3
2026-01-25 20:10:11.461067,0x433b0b38,99,4.187,17.696667,4.642639,5.75,-73,1769400609,5,5
2026-01-25 20:10:19.574283,0x433b0098,98,4.162,24.279999,4.449,6.25,-60,1769400618,2,2
2026-01-25 20:11:04.329049,0x433e9c88,101,4.202,29.480001,1.4005834,,,1769400663,,3
2026-01-25 20:12:04.372350,0x433e9c88,94,4.107,18.066668,1.4719445,,,1769400723,,3
2026-01-25 20:12:39.324347,0x433abf20,96,4.135,21.213333,5.0277777,5.25,-76,1769400757,3,3
2026-01-25 20:12:49.806722,0x433acb14,101,4.205,25.044998,5.0783334,3.5,-92,1769400768,3,3
2026-01-25 20:13:04.359694,0x433e9c88,95,4.129,27.015001,1.5029722,,,1769400783,,3
2026-01-25 20:13:43.949404,0x433ad35c,100,4.191,26.308334,4.541667,6.25,-53,1769400822,3,3
2026-01-25 20:14:04.531175,0x433e9c88,81,4.001,24.705,1.5175834,,,1769400843,,3
2026-01-25 20:15:04.580447,0x433e9c88,98,4.169,24.966665,1.5468055,,,1769400903,,3
2026-01-25 20:15:40.638024,0x433af380,97,4.149,21.871666,3.8006942,6.25,-38,1769400939,3,3
2026-01-25 20:16:04.670203,0x433e9c88,98,4.173,23.515,1.5425,,,1769400963,,3
2026-01-25 20:16:11.946227,0x433b0b38,97,4.16,24.391666,4.637139,6.0,-73,1769400970,5,5
2026-01-25 20:16:21.713005,0x433b0098,98,4.162,20.585001,4.3662777,5.75,-61,1769400980,2,2
2026-01-25 20:17:04.654948,0x433e9c88,100,4.194,27.726667,1.4918611,,,1769401023,,3
2026-01-25 20:18:04.619534,0x433e9c88,101,4.212,19.82,1.4875555,,,1769401083,,3
2026-01-25 20:18:37.842797,0x433abf20,99,4.188,20.955,5.168972,6.25,-76,1769401116,3,3
2026-01-25 20:18:49.935405,0x433acb14,100,4.194,24.060001,5.160917,4.0,-92,1769401128,3,3
2026-01-25 20:19:04.723297,0x433e9c88,101,4.226,23.76,1.4704444,,,1769401143,,3
2026-01-25 20:19:44.206811,0x433ad35c,98,4.172,24.564999,4.595083,5.75,-53,1769401182,3,3
2026-01-25 20:20:04.761805,0x433e9c88,99,4.187,25.7,1.47475,,,1769401203,,3
2026-01-25 20:21:04.817619,0x433e9c88,101,4.201,19.763332,1.4606111,,,1769401263,,3
2026-01-25 20:22:04.989729,0x433e9c88,99,4.176,24.359999,1.50875,,,1769401323,,3
2026-01-25 20:22:11.873322,0x433b0b38,98,4.175,17.808332,4.570945,5.75,-74,1769401330,5,5
2026-01-25 20:22:20.372819,0x433b0098,95,4.131,19.418333,4.289,6.0,-61,1769401338,2,2
2026-01-25 20:23:05.003331,0x433e9c88,97,4.157,30.025,1.4752222,,,1769401383,,3
2026-01-25 20:24:04.969986,0x433e9c88,96,4.144,20.666666,1.4902778,,,1769401443,,3
2026-01-25 20:24:38.995687,0x433abf20,97,4.158,22.075,5.2476945,5.75,-76,1769401477,3,3
2026-01-25 20:24:50.276051,0x433acb14,98,4.169,27.301666,5.0730834,3.25,-92,1769401488,3,3
2026-01-25 20:25:05.059443,0x433e9c88,99,4.177,28.136667,1.4713612,,,1769401503,,3
2026-01-25 20:25:45.172755,0x433af380,91,4.073,21.738335,3.798722,6.5,-38,1769401543,3,3
2026-01-25 20:25:47.200161,0x433ad35c,101,4.21,24.648333,4.6045556,6.25,-54,1769401545,3,3
2026-01-25 20:26:04.991250,0x433e9c88,97,4.148,27.781666,1.4378333,,,1769401563,,3
2026-01-25 20:27:05.063910,0x433e9c88,99,4.178,18.94,1.4170833,,,1769401623,,3
2026-01-25 20:28:05.160974,0x433e9c88,96,4.14,19.82,1.4049722,,,1769401683,,3
2026-01-25 20:28:12.311348,0x433b0b38,101,4.201,19.82,4.602778,6.0,-74,1769401690,5,5
2026-01-25 20:28:20.501692,0x433b0098,99,4.18,20.036667,4.131389,6.0,-61,1769401698,2,2
2026-01-25 20:29:05.250647,0x433e9c88,101,4.208,26.906666,1.4384999,,,1769401743,,3
2026-01-25 20:30:05.227767,0x433e9c88,101,4.23,24.006666,1.4006667,,,1769401803,,3
2026-01-25 20:30:41.075659,0x433abf20,98,4.175,22.088333,5.150528,5.5,-75,1769401839,3,3
2026-01-25 20:30:50.643260,0x433acb14,100,4.192,27.028334,5.090889,3.25,-91,1769401849,3,3
2026-01-25 20:31:05.223418,0x433e9c88,101,4.202,25.510002,1.4214166,,,1769401863,,3
2026-01-25 20:31:44.963219,0x433ad35c,97,4.156,27.509998,4.5634446,6.5,-53,1769401903,3,3
2026-01-25 20:32:05.305161,0x433e9c88,96,4.147,24.936666,1.46525,,,1769401924,,3
2026-01-25 20:33:05.849219,0x433e9c88,101,4.213,19.201666,1.4501944,,,1769401984,,3
2026-01-25 20:34:05.582997,0x433e9c88,98,4.166,22.678333,1.4356111,,,1769402044,,3
2026-01-25 20:34:12.589498,0x433b0b38,99,4.183,19.273333,4.5079446,6.5,-74,1769402051,5,5
2026-01-25 20:34:22.348763,0x433b0098,101,4.21,18.418333,4.1688056,6.0,-61,1769402060,2,2
2026-01-25 20:35:05.531429,0x433e9c88,97,4.16,25.916666,1.4714167,,,1769402104,,3
2026-01-25 20:35:43.683399,0x433af380,98,4.164,19.533333,3.83,6.5,-38,1769402142,3,3
2026-01-25 20:36:05.631181,0x433e9c88,97,4.16,23.541666,1.4821666,,,1769402164,,3
2026-01-25 20:36:42.228900,0x433abf20,98,4.17,17.3,4.971361,5.25,-77,1769402200,3,3
2026-01-25 20:36:51.360127,0x433acb14,99,4.185,24.538334,5.081583,3.75,-91,1769402209,3,3
2026-01-25 20:37:05.686679,0x433e9c88,99,4.186,25.483334,1.5382501,,,1769402224,,3
2026-01-25 20:37:45.397840,0x433ad35c,97,4.158,19.503332,4.487222,5.75,-53,1769402263,3,3
2026-01-25 20:38:05.681227,0x433e9c88,98,4.17,24.113333,1.5886667,,,1769402284,,3
2026-01-25 20:39:06.213160,0x433e9c88,96,4.135,21.858334,1.5872779,,,1769402344,3,3
2026-01-25 20:40:06.293606,0x433e9c88,99,4.177,21.46,1.5938889,,,1769402404,,3
2026-01-25 20:40:12.699668,0x433b0b38,101,4.203,19.19,4.4933057,6.5,-74,1769402411,5,5
2026-01-25 20:40:19.895817,0x433b0098,99,4.18,19.98,4.1247225,5.75,-60,1769402418,2,2
2026-01-25 20:41:06.235466,0x433e9c88,101,4.204,28.436666,1.5938889,,,1769402464,,3
2026-01-25 20:42:06.281572,0x433e9c88,99,4.185,20.955,1.5792778,,,1769402525,,3
2026-01-25 20:42:21.246692,0xbd50376c,100,4.196,18.583334,1.8590556,5.5,-76,1769402539,3,3
2026-01-25 20:42:40.938967,0x433abf20,101,4.224,19.42,4.8753333,5.25,-76,1769402559,3,3
2026-01-25 20:42:50.919674,0x433acb14,98,4.162,24.278334,4.8353333,3.5,-92,1769402569,3,3
2026-01-25 20:43:06.485288,0x433e9c88,100,4.19,23.978333,1.614611,,,1769402585,,3
2026-01-25 20:43:45.561990,0x433ad35c,97,4.158,27.536667,4.649389,6.0,-53,1769402624,3,3
2026-01-25 20:44:06.378110,0x433e9c88,96,4.143,26.633335,1.5646666,,,1769402645,,3
2026-01-25 20:45:06.908181,0x433e9c88,91,4.064,20.815,1.58175,,,1769402705,,3
2026-01-25 20:45:41.500939,0x433af380,97,4.152,19.01,3.6888335,4.75,-54,1769402739,3,2
2026-01-25 20:46:06.758215,0x433e9c88,101,4.222,23.513334,1.5938612,,,1769402765,,3
2026-01-25 20:46:12.898275,0x433b0b38,99,4.179,26.621666,4.6561666,6.25,-74,1769402771,5,5
2026-01-25 20:47:06.920094,0x433e9c88,101,4.214,21.631666,1.5915834,,,1769402825,,3
2026-01-25 20:47:22.335725,0x433b0098,99,4.188,17.171665,3.998639,6.0,-60,1769402840,2,2
2026-01-25 20:48:06.910273,0x433e9c88,99,4.188,25.056665,1.5915834,,,1769402885,,3
2026-01-25 20:48:42.260701,0x433abf20,98,4.164,22.966667,4.842861,3.75,-93,1769402920,3,2
2026-01-25 20:48:52.128752,0x433acb14,101,4.226,26.071667,4.9105277,3.75,-91,1769402930,3,3
2026-01-25 20:49:06.941124,0x433e9c88,98,4.171,27.164999,1.6166945,,,1769402945,,3
2026-01-25 20:49:48.959616,0x433ad35c,100,4.191,25.523335,4.5445,6.25,-54,1769402987,3,3
2026-01-25 20:50:06.994031,0x433e9c88,96,4.139,24.905,1.5649166,,,1769403005,,3
2026-01-25 20:51:07.019314,0x433e9c88,100,4.193,21.543333,1.6281111,,,1769403065,,3
2026-01-25 20:52:07.160821,0x433e9c88,98,4.173,22.993334,1.6135,,,1769403125,,3
2026-01-25 20:52:13.724184,0x433b0b38,100,4.193,17.181665,4.6440277,5.75,-74,1769403132,5,5
2026-01-25 20:53:07.114460,0x433e9c88,100,4.196,24.060001,1.6173611,,,1769403185,,3
2026-01-25 20:53:22.853854,0x433b0098,99,4.176,22.09,3.934111,5.5,-75,1769403201,2,1
2026-01-25 20:54:07.349441,0x433e9c88,99,4.179,25.865,1.6362777,,,1769403245,,3
2026-01-25 20:54:52.034791,0x433acb14,97,4.159,26.893333,4.9887223,3.75,-92,1769403290,3,3
2026-01-25 20:55:07.316131,0x433e9c88,101,4.228,29.538334,1.6362777,,,1769403305,,3
2026-01-25 20:55:41.839344,0x433abf20,99,4.186,22.048334,4.806722,5.25,-76,1769403340,3,3
2026-01-25 20:55:47.123176,0x433ad35c,96,4.141,26.056665,4.436389,6.25,-53,1769403345,3,3
2026-01-25 20:55:53.148532,0x433af380,101,4.211,21.805,3.6476114,6.5,-38,1769403351,3,3
2026-01-25 20:56:07.251709,0x433e9c88,100,4.199,29.585001,1.6337779,,,1769403365,,3
2026-01-25 20:57:07.464106,0x433e9c88,101,4.23,16.230001,1.6727778,,,1769403426,,3
2026-01-25 20:58:07.344490,0x433e9c88,99,4.187,21.803333,1.6873889,,,1769403486,,3
2026-01-25 20:58:13.700454,0x433b0b38,99,4.183,19.533333,4.747361,6.75,-73,1769403492,5,5
2026-01-25 20:59:07.497244,0x433e9c88,101,4.208,24.908335,1.6657223,,,1769403546,,3
2026-01-26 09:59:59.369255,0x433e9c88,97,4.159,19.6,1.9955277,,,1769450396,,3
2026-01-26 10:00:11.952390,0x433b0098,99,4.179,18.78,4.0753336,5.75,-61,1769450409,2,2
2026-01-26 10:00:17.120307,0xbd50376c,101,4.215,21.98,1.968361,5.5,-74,1769450414,3,3
2026-01-26 10:00:59.347289,0x433e9c88,97,4.16,19.763332,2.007639,,,1769450456,,3
2026-01-26 10:01:42.564517,0x433acb14,98,4.174,20.643333,4.6962223,2.5,-94,1769450499,3,3
2026-01-26 10:01:59.393696,0x433e9c88,101,4.231,24.47,2.0121667,,,1769450516,,3
2026-01-26 10:02:42.031196,0x433ad35c,101,4.206,26.550001,3.9967225,7.0,-55,1769450559,3,3
2026-01-26 10:02:59.679852,0x433e9c88,97,4.156,21.625,2.0527222,,,1769450576,,3
2026-01-26 10:03:59.663106,0x433e9c88,99,4.177,26.058334,2.0545278,,,1769450637,,3
2026-01-26 10:04:23.850183,0x433af380,99,4.176,20.261665,3.743667,6.0,-39,1769450661,3,3
2026-01-26 10:04:30.439839,0x433abf20,101,4.203,23.68,4.3638887,6.0,-76,1769450667,3,3
2026-01-26 10:04:59.731420,0x433e9c88,98,4.171,24.141666,2.0107222,,,1769450697,,3
2026-01-26 10:05:03.260290,0x433b0b38,99,4.189,28.138334,4.497389,6.0,-74,1769450700,5,5
2026-01-26 10:05:59.699260,0x433e9c88,101,4.203,19.875,2.027611,,,1769450757,,3
2026-01-26 10:06:12.635486,0x433b0098,97,4.154,17.548332,4.109139,6.0,-61,1769450769,2,2
2026-01-26 10:07:00.260560,0x433e9c88,101,4.233,23.103334,2.0175555,,,1769450817,,3
2026-01-26 10:07:42.887463,0x433acb14,99,4.183,21.406668,4.728389,,-98,1769450860,3,3
2026-01-26 10:08:00.197599,0x433e9c88,99,4.189,24.414999,2.0357778,,,1769450877,,3
2026-01-26 10:08:41.507743,0x433ad35c,100,4.196,21.898335,4.1140003,6.25,-53,1769450918,3,3
2026-01-26 10:09:00.460159,0x433e9c88,100,4.196,18.148333,2.0316944,,,1769450937,,3
2026-01-26 10:10:00.654343,0x433e9c88,98,4.175,21.076668,2.0191388,,,1769450997,,3
2026-01-26 10:10:30.746395,0x433abf20,98,4.166,23.433334,4.250389,5.5,-76,1769451027,3,3
2026-01-26 10:11:00.402492,0x433e9c88,100,4.192,24.963333,2.048361,,,1769451057,,3
2026-01-26 10:11:00.968763,0x433b0b38,98,4.175,21.268333,4.532472,5.75,-74,1769451058,5,5
2026-01-26 10:12:00.503397,0x433e9c88,99,4.183,20.725,2.01075,,,1769451117,,3
2026-01-26 10:12:12.505927,0x433b0098,101,4.207,21.983334,4.0945277,6.25,-62,1769451129,2,2
2026-01-26 10:13:00.604843,0x433e9c88,101,4.201,23.84,2.0812223,,,1769451177,,3
2026-01-26 10:13:43.613819,0x433acb14,100,4.199,16.563334,4.5337224,-2.75,-100,1769451220,3,3
2026-01-26 10:14:00.664802,0x433e9c88,99,4.176,22.226667,2.062528,,,1769451238,,3
2026-01-26 10:14:16.522822,0x433af380,99,4.182,21.601667,3.7512221,6.75,-39,1769451253,3,3
2026-01-26 10:14:40.448912,0x433ad35c,97,4.159,24.881666,4.207722,5.75,-53,1769451277,3,3
2026-01-26 10:15:00.660247,0x433e9c88,99,4.182,23.65,2.0716667,,,1769451298,,3
2026-01-26 10:16:00.801366,0x433e9c88,99,4.189,19.651667,2.0965002,,,1769451358,,3
2026-01-26 10:16:30.896072,0x433abf20,101,4.218,19.983334,4.3455276,6.0,-76,1769451388,3,3
2026-01-26 10:17:00.782191,0x433e9c88,101,4.212,22.171667,2.0923889,,,1769451418,,3
2026-01-26 10:17:02.835651,0x433b0b38,99,4.186,25.923332,4.5886664,5.75,-74,1769451420,5,5
2026-01-26 10:18:01.110232,0x433e9c88,101,4.223,20.720001,2.1434722,,,1769451478,,3
2026-01-26 10:18:13.985674,0x433b0098,98,4.173,19.953333,4.103,5.75,-61,1769451491,2,2
2026-01-26 10:19:01.014154,0x433e9c88,101,4.211,25.648335,2.148,,,1769451538,,3
2026-01-26 10:19:44.937235,0x433acb14,100,4.195,20.285,4.4529448,0.5,-96,1769451582,3,3
2026-01-26 10:20:01.185781,0x433e9c88,99,4.188,23.87,2.1639445,,,1769451598,,3
2026-01-26 10:20:40.756539,0x433ad35c,100,4.198,24.855,4.0645,7.25,-53,1769451637,3,3
2026-01-26 10:21:01.153383,0x433e9c88,101,4.228,21.681667,2.1639445,,,1769451658,,3
2026-01-26 10:22:01.333975,0x433e9c88,100,4.199,21.351667,2.182639,,,1769451718,,3
2026-01-26 10:22:31.090618,0x433abf20,101,4.205,19.74,4.38025,5.25,-76,1769451748,3,3
2026-01-26 10:23:01.233445,0x433e9c88,101,4.237,23.019999,2.194972,,,1769451778,,3
2026-01-26 10:23:05.258661,0x433b0b38,98,4.167,21.266666,4.6183887,5.75,-74,1769451782,5,5
2026-01-26 10:24:01.282723,0x433e9c88,100,4.199,18.916666,2.1675832,,,1769451838,,3
2026-01-26 10:24:14.215834,0x433b0098,100,4.199,21.324999,4.072722,6.0,-61,1769451851,2,2
2026-01-26 10:24:19.970849,0x433af380,99,4.177,23.803333,3.6648333,5.75,-39,1769451857,3,3
2026-01-26 10:25:01.385045,0x433e9c88,101,4.206,24.963333,2.1653056,,,1769451898,,3
2026-01-26 10:25:45.694790,0x433acb14,99,4.177,19.685,4.404583,1.25,-96,1769451942,3,3
2026-01-26 10:26:01.875196,0x433e9c88,95,4.133,19.08,2.1653056,,,1769451959,,3
2026-01-26 10:26:41.624195,0x433ad35c,99,4.185,23.953333,4.0902224,5.75,-54,1769451998,3,3
2026-01-26 10:27:01.827794,0x433e9c88,100,4.197,16.863333,2.1466112,,,1769452019,,3
2026-01-26 10:28:01.932747,0x433e9c88,99,4.182,17.41,2.1612222,,,1769452079,3,3
2026-01-26 10:29:01.936378,0x433e9c88,97,4.154,23.926666,2.2488055,,,1769452139,,3
2026-01-26 10:29:10.571603,0x433b0b38,98,4.17,23.926666,4.414917,5.75,-75,1769452147,5,5
2026-01-26 10:30:02.077974,0x433e9c88,101,4.223,27.634998,2.2447224,,,1769452199,,3
2026-01-26 10:30:31.997857,0x433abf20,100,4.195,24.075,4.4749446,5.75,-76,1769452229,3,3
2026-01-26 10:31:02.525081,0x433e9c88,101,4.232,21.925,2.3215554,,,1769452259,,3
2026-01-26 10:31:13.734520,0x433b0098,98,4.169,21.955,4.0528336,6.0,-61,1769452270,2,2
2026-01-26 10:31:47.195224,0x433acb14,99,4.181,18.835001,4.2006946,-0.25,-97,1769452304,3,3
2026-01-26 10:32:02.509702,0x433e9c88,99,4.181,22.461666,2.302861,,,1769452319,,3
2026-01-26 10:32:41.314911,0x433ad35c,99,4.184,25.171667,3.9583888,5.75,-55,1769452358,3,3
2026-01-26 10:33:02.456904,0x433e9c88,97,4.158,19.9,2.28825,,,1769452379,,3
2026-01-26 10:34:02.519279,0x433e9c88,101,4.203,19.025,2.3069446,,,1769452439,,3
2026-01-26 10:34:19.520497,0x433af380,99,4.187,20.94,3.5671391,6.0,-39,1769452456,3,3
2026-01-26 10:35:02.664312,0x433e9c88,101,4.213,19.833334,2.2326112,,,1769452500,,3
2026-01-26 10:35:06.576057,0x433b0b38,96,4.144,17.835001,4.4509726,6.0,-74,1769452503,5,5
2026-01-26 10:36:02.700305,0x433e9c88,99,4.181,15.715,2.2472222,,,1769452560,,3
2026-01-26 10:36:16.355425,0xbd50376c,101,4.23,17.985,2.1101944,6.0,-73,1769452573,3,3
2026-01-26 10:37:02.820815,0x433e9c88,96,4.14,17.026667,2.2285278,,,1769452620,,3
2026-01-26 10:37:14.028583,0x433b0098,99,4.188,19.108334,4.122639,6.0,-61,1769452631,2,2
2026-01-26 10:37:31.572241,0x433abf20,99,4.188,23.623333,4.5634723,6.0,-77,1769452648,3,3
2026-01-26 10:37:50.342069,0x433acb14,101,4.226,26.441666,4.099222,2.5,-94,1769452667,3,3
2026-01-26 10:38:02.705020,0x433e9c88,99,4.183,23.4,2.2221665,,,1769452680,,3
2026-01-26 10:38:42.058338,0x433ad35c,101,4.215,25.81,3.9697223,6.5,-54,1769452719,3,3
2026-01-26 10:39:02.750156,0x433e9c88,101,4.212,15.59,2.2385833,,,1769452740,,3
2026-01-26 10:40:02.813993,0x433e9c88,101,4.206,23.801666,2.2572777,,,1769452800,,3
2026-01-26 10:41:02.882837,0x433e9c88,101,4.218,23.803333,2.2759724,,,1769452860,,3
2026-01-26 10:41:09.626145,0x433b0b38,99,4.187,21.436666,4.439833,5.5,-75,1769452866,5,5
2026-01-26 10:42:02.890126,0x433e9c88,99,4.18,20.615,2.2426667,,,1769452920,,3
2026-01-26 10:43:02.970655,0x433e9c88,97,4.16,22.681667,2.2447224,,,1769452980,,3
2026-01-26 10:43:15.940997,0x433b0098,100,4.194,21.38,4.0121665,6.0,-61,1769452993,2,2
2026-01-26 10:43:32.038899,0x433abf20,101,4.217,23.321667,4.6588054,5.75,-77,1769453009,3,3
2026-01-26 10:43:50.303310,0x433acb14,100,4.198,20.720001,4.035389,0.5,-97,1769453027,3,3
2026-01-26 10:44:02.983142,0x433e9c88,99,4.181,22.908333,2.2939723,,,1769453040,,3
2026-01-26 10:44:19.435180,0x433af380,100,4.193,24.94,3.3296943,6.0,-39,1769453056,3,3
2026-01-26 10:44:42.403598,0x433ad35c,99,4.181,27.263334,3.8575833,5.5,-53,1769453079,3,3
2026-01-26 10:45:03.183687,0x433e9c88,97,4.151,19.955,2.3340833,,,1769453100,,3
2026-01-26 10:46:03.189856,0x433e9c88,100,4.191,17.573334,2.3633056,,,1769453160,,3
2026-01-26 10:47:03.121794,0x433e9c88,61,3.81,18.231667,2.3633056,,,1769453220,,3
2026-01-26 10:47:06.497721,0x433b0b38,99,4.184,23.105,4.485722,5.5,-74,1769453223,5,5
2026-01-26 10:48:03.312426,0x433e9c88,94,4.111,17.3,2.30925,,,1769453280,,3
2026-01-26 10:49:03.386047,0x433e9c88,101,4.208,23.678333,2.3389165,,,1769453340,,3
2026-01-26 10:49:16.232114,0x433b0098,100,4.196,21.736666,4.0393333,6.25,-61,1769453353,2,2
2026-01-26 10:49:32.212117,0x433abf20,101,4.21,24.281668,4.6285834,6.0,-78,1769453369,3,3
2026-01-26 10:49:48.192978,0x433acb14,101,4.21,25.238333,3.8605,,-97,1769453385,3,3
2026-01-26 10:50:03.420941,0x433e9c88,99,4.176,26.660002,2.35125,,,1769453400,,3
2026-01-26 10:50:42.050359,0x433ad35c,101,4.219,20.778332,3.9019444,6.75,-54,1769453439,3,3
2026-01-26 10:51:03.340711,0x433e9c88,97,4.158,24.283333,2.29925,,,1769453460,,3
2026-01-26 10:52:03.410708,0x433e9c88,95,4.131,21.955,2.3097777,,,1769453520,,3
2026-01-26 10:53:03.486037,0x433e9c88,100,4.19,22.53,2.2613888,,,1769453580,,3
2026-01-26 10:53:04.782644,0x433b0b38,101,4.209,18.778334,4.4929447,6.5,-74,1769453581,5,5
2026-01-26 10:54:03.573278,0x433e9c88,101,4.207,17.411667,2.2946944,,,1769453640,,3
2026-01-26 10:54:19.978041,0x433af380,94,4.11,16.533333,3.1619444,5.75,-39,1769453657,3,3
2026-01-26 10:55:03.580493,0x433e9c88,101,4.208,21.626667,2.2946944,,,1769453700,,3
2026-01-26 10:55:15.451702,0x433b0098,100,4.196,18.506666,4.0836945,6.0,-60,1769453712,2,2
2026-01-26 10:55:32.490104,0x433abf20,100,4.2,22.173332,4.5505834,5.75,-77,1769453729,3,3
2026-01-26 10:55:48.556431,0x433acb14,101,4.206,26.005,3.9410553,2.25,-94,1769453745,3,3
2026-01-26 10:56:03.602115,0x433e9c88,101,4.216,25.453333,2.3093057,,,1769453760,,3
2026-01-26 10:56:42.363680,0x433ad35c,99,4.189,19.651667,4.0786667,6.25,-54,1769453799,3,3
2026-01-26 10:57:03.624031,0x433e9c88,100,4.192,19.08,2.2887778,,,1769453821,,3
2026-01-26 10:58:03.720310,0x433e9c88,98,4.173,25.663334,2.2495835,,,1769453881,,3
2026-01-26 10:59:03.795103,0x433e9c88,101,4.203,24.279999,2.3015833,,,1769453941,,3
2026-01-26 10:59:05.089126,0x433b0b38,98,4.168,24.279999,4.5181665,7.25,-74,1769453942,5,5
2026-01-27 03:00:35.621904,0x433abf20,96,4.14,21.72,4.6555557,5.75,-76,1769511631,3,3
2026-01-27 03:01:12.706394,0x433e9c88,99,4.187,23.101667,1.569639,,,1769511668,,3
2026-01-27 03:01:31.752511,0x433b0098,95,4.133,17.943333,3.9160557,5.5,-61,1769511687,2,2
2026-01-27 03:02:12.829193,0x433e9c88,99,4.183,28.560001,1.569639,,,1769511728,,3
2026-01-27 03:02:49.024399,0x433acb14,98,4.173,26.054998,4.422472,6.0,-86,1769511764,3,3
2026-01-27 03:03:12.818465,0x433e9c88,100,4.195,26.013332,1.5993055,,,1769511788,,3
2026-01-27 03:03:41.714286,0x433ad35c,100,4.198,23.828333,4.3634443,7.5,-54,1769511817,3,3
2026-01-27 03:04:12.855890,0x433e9c88,101,4.223,25.183332,1.5975001,,,1769511848,,3
2026-01-27 03:05:12.980962,0x433e9c88,98,4.164,23.251667,1.6125556,,,1769511908,,3
2026-01-27 03:06:09.622863,0x433b0b38,96,4.146,19.458332,4.3641114,6.0,-72,1769511965,5,5
2026-01-27 03:06:12.968943,0x433e9c88,101,4.201,21.686666,1.6422222,,,1769511968,,3
2026-01-27 03:06:35.138190,0x433abf20,101,4.207,12.958333,4.5798054,5.25,-76,1769511990,3,3
2026-01-27 03:07:13.118059,0x433e9c88,99,4.183,24.593334,1.6422222,,,1769512028,,3
2026-01-27 03:07:29.516830,0x433b0098,98,4.17,24.335,4.1046114,5.75,-61,1769512045,2,2
2026-01-27 03:08:02.223833,0x433af380,96,4.135,24.76,3.6915,6.5,-38,1769512077,3,3
2026-01-27 03:08:13.111078,0x433e9c88,101,4.21,28.380001,1.6276112,,,1769512088,,3
2026-01-27 03:08:50.124711,0x433acb14,99,4.177,21.975,4.4012504,6.0,-86,1769512125,3,3
2026-01-27 03:09:13.213871,0x433e9c88,96,4.145,24.908335,1.6465279,,,1769512148,,3
2026-01-27 03:09:43.593821,0x433ad35c,101,4.208,17.351665,4.2528334,7.0,-54,1769512179,3,3
2026-01-27 03:10:13.150398,0x433e9c88,100,4.19,22.896667,1.6654445,,,1769512208,,3
2026-01-27 03:11:13.196781,0x433e9c88,101,4.216,22.32,1.6107222,,,1769512269,,3
2026-01-27 03:12:10.010437,0x433b0b38,96,4.141,28.833332,4.3458056,5.75,-72,1769512325,5,5
2026-01-27 03:12:13.290599,0x433e9c88,99,4.189,26.521667,1.6588612,,,1769512329,,3
2026-01-27 03:13:13.289936,0x433e9c88,101,4.22,23.241667,1.6545557,,,1769512389,,3
2026-01-27 03:13:28.132187,0x433b0098,96,4.134,23.241667,4.0609164,6.75,-60,1769512403,2,2
2026-01-27 03:13:35.907486,0x433abf20,101,4.203,22.380001,4.493861,5.75,-77,1769512411,3,3
2026-01-27 03:14:13.334897,0x433e9c88,100,4.196,30.529999,1.6545557,,,1769512449,,3
2026-01-27 03:14:53.004727,0x433acb14,100,4.2,25.59,4.3807497,5.5,-86,1769512488,3,3
2026-01-27 03:15:13.410098,0x433e9c88,97,4.149,21.143333,1.6210278,,,1769512509,,3
2026-01-27 03:15:42.100454,0x433ad35c,95,4.123,17.378334,4.2152224,7.5,-54,1769512537,3,3
2026-01-27 03:16:13.617163,0x433e9c88,98,4.164,21.761665,1.5875001,,,1769512569,,3
2026-01-27 03:17:13.480801,0x433e9c88,100,4.197,27.028334,1.6064167,,,1769512629,,3
2026-01-27 03:18:10.181379,0x433b0b38,98,4.163,21.1,4.5196667,5.5,-72,1769512685,5,5
2026-01-27 03:18:13.711905,0x433e9c88,99,4.188,22.221666,1.5827222,,,1769512689,,3
2026-01-27 03:19:13.738674,0x433e9c88,99,4.179,25.181665,1.6016388,,,1769512749,,3
2026-01-27 03:19:27.751796,0x433b0098,101,4.202,23.17,4.1863613,6.25,-61,1769512763,2,2
2026-01-27 03:20:02.689766,0x433af380,101,4.231,20.601665,3.638139,6.5,-38,1769512798,3,3
2026-01-27 03:20:13.706454,0x433e9c88,101,4.23,24.25,1.6205555,,,1769512809,,3
2026-01-27 03:20:36.843730,0x433abf20,99,4.186,22.28,4.4981666,5.5,-76,1769512832,3,3
2026-01-27 03:20:49.182241,0x433acb14,101,4.212,26.519999,4.3151665,6.5,-86,1769512844,3,3
2026-01-27 03:21:13.844965,0x433e9c88,101,4.219,23.345,1.627361,,,1769512869,,3
2026-01-27 03:21:42.370288,0x433ad35c,97,4.15,17.351665,4.2583055,7.25,-55,1769512897,3,3
2026-01-27 03:22:13.793959,0x433e9c88,99,4.177,26.031668,1.5938334,,,1769512929,,3
2026-01-27 03:23:13.921266,0x433e9c88,98,4.175,23.73,1.5749166,,,1769512989,3,3
2026-01-27 03:24:10.676334,0x433b0b38,101,4.203,28.713333,4.4953055,5.75,-72,1769513046,5,5
2026-01-27 03:24:13.976822,0x433e9c88,101,4.209,29.67,1.6064167,,,1769513049,,3
2026-01-27 03:25:14.071236,0x433e9c88,96,4.141,20.148335,1.5879723,,,1769513109,,3
2026-01-27 03:25:28.187780,0x433b0098,98,4.171,19.013332,4.1259165,6.5,-61,1769513123,2,2
2026-01-27 03:26:14.109408,0x433e9c88,99,4.176,25.195,1.5836667,,,1769513169,,3
2026-01-27 03:26:38.022521,0x433abf20,99,4.177,23.58,4.6125555,5.5,-77,1769513193,3,3
2026-01-27 03:26:51.745978,0x433acb14,99,4.185,23.85,4.303111,6.5,-86,1769513207,3,3
2026-01-27 03:27:14.217585,0x433e9c88,98,4.174,24.193333,1.5706666,,,1769513229,,3
2026-01-27 03:27:42.552043,0x433ad35c,97,4.161,15.053333,4.2291665,6.75,-54,1769513258,3,3
2026-01-27 03:28:14.131265,0x433e9c88,98,4.164,26.965002,1.5200278,,,1769513289,,3
2026-01-27 03:29:14.312047,0x433e9c88,98,4.166,22.623333,1.54925,,,1769513350,,3
2026-01-27 03:30:02.903181,0x433af380,96,4.14,23.345,3.6915276,6.0,-38,1769513398,3,3
2026-01-27 03:30:11.666708,0x433b0b38,96,4.144,24.89,4.469889,5.75,-73,1769513407,5,5
2026-01-27 03:30:14.225495,0x433e9c88,101,4.213,22.578333,1.6165277,,,1769513410,,3
2026-01-27 03:31:14.295730,0x433e9c88,99,4.183,19.818333,1.6461945,,,1769513470,,3
2026-01-27 03:31:29.094027,0x433b0098,99,4.18,20.695,4.060222,6.0,-61,1769513484,2,2
2026-01-27 03:32:14.358770,0x433e9c88,99,4.189,28.328333,1.6261111,,,1769513530,,3
2026-01-27 03:32:50.526012,0x433acb14,101,4.206,24.043333,4.348778,5.75,-86,1769513566,3,3
2026-01-27 03:33:14.546494,0x433e9c88,100,4.191,26.013332,1.6218055,,,1769513590,,3
2026-01-27 03:33:29.493151,0xbd50376c,101,4.238,24.878334,2.2208333,6.5,-74,1769513605,3,3
2026-01-27 03:33:42.847569,0x433ad35c,100,4.198,22.91,4.2278333,7.0,-54,1769513618,3,3
2026-01-27 03:34:14.553650,0x433e9c88,98,4.162,25.046667,1.6364167,,,1769513650,,3
2026-01-27 03:35:14.577645,0x433e9c88,101,4.202,20.31,1.6699444,,,1769513710,,3
2026-01-27 03:36:11.166951,0x433b0b38,101,4.204,20.761667,4.4235835,6.0,-73,1769513766,5,5
2026-01-27 03:36:14.697981,0x433e9c88,99,4.183,20.461666,1.6888611,,,1769513770,,3
2026-01-27 03:37:14.581940,0x433e9c88,60,3.801,20.311666,1.7331389,,,1769513830,,3
2026-01-27 03:37:28.245202,0x433b0098,97,4.148,23.296665,4.1406665,7.0,-59,1769513843,2,2
2026-01-27 03:38:15.182021,0x433e9c88,95,4.131,23.62,1.7495556,,,1769513890,,3
2026-01-27 03:38:41.604781,0x433abf20,98,4.174,22.033333,4.603778,5.25,-77,1769513917,3,3
2026-01-27 03:38:53.364736,0x433acb14,96,4.141,25.453333,4.3244166,6.5,-86,1769513928,3,3
2026-01-27 03:39:15.381347,0x433e9c88,97,4.148,22.961668,1.7727778,,,1769513951,,3
2026-01-27 03:39:43.220585,0x433ad35c,96,4.142,21.06,4.2381387,7.0,-55,1769513978,3,3
2026-01-27 03:40:04.819398,0x433af380,97,4.152,22.465,3.7296667,5.75,-39,1769514000,3,3
2026-01-27 03:40:15.683780,0x433e9c88,101,4.204,24.991667,1.7624723,,,1769514011,,3
2026-01-27 03:41:16.029299,0x433e9c88,100,4.2,23.843332,1.7095834,,,1769514071,,3
2026-01-27 03:42:11.432838,0x433b0b38,101,4.217,23.728333,4.4035277,5.5,-72,1769514126,5,5
2026-01-27 03:42:15.969503,0x433e9c88,101,4.22,24.466667,1.7246389,,,1769514131,,3
2026-01-27 03:43:15.936962,0x433e9c88,99,4.179,22.393333,1.7305555,,,1769514191,,3
2026-01-27 03:43:28.406957,0x433b0098,99,4.176,23.596666,4.040111,7.5,-60,1769514203,2,2
2026-01-27 03:44:16.005743,0x433e9c88,97,4.148,27.451668,1.7305555,,,1769514251,,3
2026-01-27 03:44:53.143711,0x433acb14,100,4.191,24.191668,4.395583,6.0,-87,1769514288,3,3
2026-01-27 03:45:16.056991,0x433e9c88,101,4.205,24.058332,1.7159445,,,1769514311,,3
2026-01-27 03:45:43.029589,0x433abf20,98,4.169,20.911667,4.6196113,5.75,-76,1769514338,3,3
2026-01-27 03:45:44.849288,0x433ad35c,99,4.188,20.035,4.171111,5.75,-54,1769514340,3,3
2026-01-27 03:46:16.176276,0x433e9c88,98,4.17,22.5,1.7323611,,,1769514371,,3
2026-01-27 03:47:16.204986,0x433e9c88,101,4.215,22.526667,1.6693888,,,1769514431,,3
2026-01-27 03:48:11.779695,0x433b0b38,100,4.197,27.03,4.495389,5.75,-73,1769514487,5,5
2026-01-27 03:48:16.311118,0x433e9c88,96,4.145,26.278332,1.7234445,,,1769514491,,3
2026-01-27 03:49:16.206211,0x433e9c88,98,4.167,20.283335,1.7569723,,,1769514551,,3
2026-01-27 03:49:30.225343,0x433b0098,95,4.126,23.526667,4.0435834,7.0,-60,1769514565,2,2
2026-01-27 03:50:11.056410,0x433af380,100,4.193,23.056667,3.6581664,6.25,-38,1769514606,3,3
2026-01-27 03:50:16.252288,0x433e9c88,100,4.19,25.643333,1.7948055,,,1769514612,,3
2026-01-27 03:50:54.320764,0x433acb14,101,4.203,23.960001,4.348139,5.0,-86,1769514649,3,3
2026-01-27 03:51:16.432942,0x433e9c88,98,4.174,19.65,1.8258333,,,1769514672,,3
2026-01-27 03:51:43.804347,0x433abf20,100,4.198,18.745,4.6743054,5.25,-77,1769514699,3,3
2026-01-27 03:51:45.842207,0x433ad35c,100,4.194,16.733334,4.1403337,6.25,-53,1769514701,3,3
2026-01-27 03:52:16.374326,0x433e9c88,98,4.171,27.125,1.8240279,,,1769514732,,3
2026-01-27 03:53:16.549242,0x433e9c88,101,4.226,25.018333,1.9159166,,,1769514792,,3
2026-01-27 03:54:12.704087,0x433b0b38,98,4.174,24.32,4.5059166,6.0,-73,1769514848,5,5
2026-01-27 03:54:16.485249,0x433e9c88,98,4.172,27.425,1.9181944,,,1769514852,,3
2026-01-27 03:55:16.576074,0x433e9c88,96,4.143,18.011667,1.9181944,,,1769514912,,3
2026-01-27 03:55:29.260358,0x433b0098,97,4.159,18.011667,4.0678334,6.25,-60,1769514924,2,2
2026-01-27 03:56:16.562051,0x433e9c88,101,4.207,26.301666,1.9010832,,,1769514972,,3
2026-01-27 03:56:57.333447,0x433acb14,100,4.199,27.478334,4.30975,6.0,-86,1769515012,3,3
2026-01-27 03:57:16.659415,0x433e9c88,101,4.219,23.975,1.9200001,,,1769515032,,3
2026-01-27 03:57:45.079713,0x433ad35c,98,4.165,22.771667,4.2848887,7.25,-54,1769515060,3,3
2026-01-27 03:57:46.942149,0x433abf20,99,4.18,18.651667,4.7263055,5.25,-77,1769515062,3,3
2026-01-27 03:58:16.801917,0x433e9c88,93,4.095,26.563335,1.9035555,,,1769515092,,3
2026-01-27 03:59:16.859714,0x433e9c88,93,4.103,23.785,1.9543889,,,1769515152,3,3
2026-01-27 04:00:06.068078,0x433af380,99,4.183,24.141666,3.5692222,6.25,-38,1769515201,3,3
2026-01-27 04:00:14.736510,0x433b0b38,98,4.162,22.525002,4.5522223,5.5,-73,1769515210,5,5
2026-01-27 04:00:17.017128,0x433e9c88,98,4.168,22.496666,1.9523611,,,1769515212,,3
2026-01-26 11:00:03.930812,0x433e9c88,97,4.157,23.908333,2.3104444,,,1769454001,,3
2026-01-26 11:01:03.837847,0x433e9c88,55,3.766,23.678333,2.2940278,,,1769454061,,3
2026-01-26 11:01:18.198919,0x433b0098,99,4.187,22.613333,4.075722,6.25,-61,1769454075,2,2
2026-01-26 11:01:32.638472,0x433abf20,99,4.186,23.735,4.4781666,7.0,-77,1769454089,3,3
2026-01-26 11:01:48.684062,0x433acb14,100,4.2,22.83,4.019778,-0.5,-99,1769454105,3,3
2026-01-26 11:02:04.039819,0x433e9c88,97,4.16,26.113335,2.2895,,,1769454121,,3
2026-01-26 11:02:42.572938,0x433ad35c,99,4.177,22.173332,4.150472,7.25,-54,1769454159,3,3
2026-01-26 11:03:03.948261,0x433e9c88,94,4.106,23.406666,2.2872221,,,1769454181,,3
2026-01-26 11:04:04.118554,0x433e9c88,97,4.155,20.776667,2.2384443,,,1769454241,3,3
2026-01-26 11:04:29.502585,0x433af380,99,4.176,15.196666,3.2387779,6.75,-39,1769454266,3,3
2026-01-26 11:05:04.238152,0x433e9c88,101,4.229,22.416666,2.313472,,,1769454301,,3
2026-01-26 11:05:05.307786,0x433b0b38,99,4.18,26.618334,4.481639,6.0,-74,1769454302,5,5
2026-01-26 11:06:04.238105,0x433e9c88,99,4.185,20.861668,2.313472,,,1769454361,,3
2026-01-26 11:07:04.417971,0x433e9c88,98,4.173,22.173332,2.3075557,,,1769454421,,3
2026-01-26 11:07:18.642521,0x433b0098,101,4.207,17.686666,4.1362224,6.5,-60,1769454435,2,2
2026-01-26 11:07:34.690154,0x433abf20,99,4.176,23.596666,4.64175,6.0,-77,1769454451,3,3
2026-01-26 11:07:49.253953,0x433acb14,101,4.207,25.321665,3.9461389,4.0,-90,1769454466,3,3
2026-01-26 11:08:04.322234,0x433e9c88,97,4.153,28.601667,2.277889,,,1769454481,,3
2026-01-26 11:08:43.449782,0x433ad35c,100,4.195,22.06,4.2174444,7.75,-54,1769454520,3,3
2026-01-26 11:09:04.477588,0x433e9c88,99,4.189,23.651667,2.2491388,,,1769454541,,3
2026-01-26 11:10:04.378525,0x433e9c88,95,4.126,24.8,2.2496111,,,1769454601,,3
2026-01-26 11:11:04.464027,0x433e9c88,101,4.216,23.021667,2.2536945,,,1769454661,,3
2026-01-26 11:11:05.464067,0x433b0b38,100,4.19,25.02,4.351639,7.5,-74,1769454662,5,5
2026-01-26 11:12:04.651483,0x433e9c88,99,4.188,17.986668,2.2577777,,,1769454721,,3
2026-01-26 11:12:20.853188,0xbd50376c,99,4.186,17.741667,2.2214444,6.0,-73,1769454737,3,3
2026-01-26 11:13:04.689609,0x433e9c88,100,4.193,23.925001,2.2454445,,,1769454781,,3
2026-01-26 11:13:21.769710,0x433b0098,100,4.192,23.993332,4.2990556,6.25,-60,1769454798,2,2
2026-01-26 11:13:35.166846,0x433abf20,101,4.212,22.691668,4.59425,5.5,-75,1769454812,3,3
2026-01-26 11:13:49.149312,0x433acb14,100,4.191,26.414999,3.931778,-0.25,-98,1769454826,3,3
2026-01-26 11:14:04.676353,0x433e9c88,98,4.171,27.810001,2.2285557,,,1769454841,,3
2026-01-26 11:14:23.174752,0x433af380,101,4.205,19.671667,3.0495834,5.75,-39,1769454860,3,3
2026-01-26 11:14:43.132652,0x433ad35c,101,4.207,23.021667,4.1798334,5.75,-53,1769454880,3,3
2026-01-26 11:15:04.809726,0x433e9c88,101,4.213,23.68,2.2508888,,,1769454901,,3
2026-01-26 11:16:04.825666,0x433e9c88,100,4.194,23.158333,2.2212222,,,1769454962,,3
2026-01-26 11:17:04.821757,0x433e9c88,97,4.157,23.763332,2.1901944,,,1769455022,,3
2026-01-26 11:17:06.173040,0x433b0b38,100,4.198,22.859999,4.3226385,5.5,-73,1769455023,5,5
2026-01-26 11:18:04.887112,0x433e9c88,100,4.191,23.215,2.1801667,,,1769455082,,3
2026-01-26 11:19:04.932264,0x433e9c88,101,4.208,23.706667,2.1742501,,,1769455142,,3
2026-01-26 11:19:18.129382,0x433b0098,99,4.187,14.648334,4.2866945,6.75,-62,1769455155,2,2
2026-01-26 11:19:35.667861,0x433abf20,101,4.214,19.518333,4.622778,6.25,-74,1769455172,3,3
2026-01-26 11:19:50.294657,0x433acb14,98,4.172,26.251667,4.001333,0.5,-97,1769455187,3,3
2026-01-26 11:20:04.874928,0x433e9c88,100,4.194,28.903332,2.1619444,,,1769455202,,3
2026-01-26 11:20:43.475653,0x433ad35c,98,4.168,22.115,4.2928057,5.75,-53,1769455240,3,3
2026-01-26 11:21:05.050200,0x433e9c88,98,4.165,23.678333,2.14325,,,1769455262,,3
2026-01-26 11:22:05.152146,0x433e9c88,101,4.202,19.108334,2.1099443,,,1769455322,,3
2026-01-26 11:23:05.038794,0x433e9c88,98,4.162,23.68,2.0935278,,,1769455382,,3
2026-01-26 11:23:06.113124,0x433b0b38,97,4.159,24.556667,4.264,5.25,-74,1769455383,5,5
2026-01-26 11:24:05.228716,0x433e9c88,98,4.168,18.886665,2.12275,,,1769455442,,3
2026-01-26 11:24:27.235137,0x433af380,74,3.935,17.605001,3.2116945,6.0,-39,1769455464,3,3
2026-01-26 11:25:05.106168,0x433e9c88,100,4.194,23.763332,2.12275,,,1769455502,,3
2026-01-26 11:25:18.423656,0x433b0098,97,4.155,22.695,4.2529163,6.0,-62,1769455515,2,2
2026-01-26 11:25:34.744080,0x433abf20,101,4.208,18.996666,4.60975,6.5,-77,1769455531,3,3
2026-01-26 11:25:50.163637,0x433acb14,99,4.18,22.611668,4.0154448,-0.25,-98,1769455547,3,3
2026-01-26 11:26:05.152984,0x433e9c88,98,4.167,25.345001,2.1870832,,,1769455562,,3
2026-01-26 11:26:43.634134,0x433ad35c,101,4.228,20.228334,4.370611,5.75,-54,1769455600,3,3
2026-01-26 11:27:05.197710,0x433e9c88,99,4.186,22.885,2.1601388,,,1769455622,,3
2026-01-26 11:28:05.250851,0x433e9c88,101,4.213,27.155,2.2125833,,,1769455682,,3
2026-01-26 11:29:05.290266,0x433e9c88,100,4.199,22.803333,2.2312777,,,1769455742,,3
2026-01-26 11:29:07.936795,0x433b0b38,100,4.199,22.803333,4.19575,6.5,-75,1769455744,5,5
2026-01-26 11:30:05.467444,0x433e9c88,100,4.191,19.656668,2.212111,,,1769455802,,3
2026-01-26 11:31:05.499772,0x433e9c88,99,4.18,22.611668,2.2369444,,,1769455862,,3
2026-01-26 11:31:19.509213,0x433b0098,97,4.159,22.708334,4.2709446,6.5,-62,1769455876,2,2
2026-01-26 11:31:35.091292,0x433abf20,100,4.195,22.981667,4.5593333,6.0,-76,1769455892,3,3
2026-01-26 11:31:50.635915,0x433acb14,98,4.171,22.585001,4.133389,1.75,-95,1769455907,3,3
2026-01-26 11:32:05.430726,0x433e9c88,97,4.158,25.481668,2.2285278,,,1769455922,,3
2026-01-26 11:32:43.994433,0x433ad35c,101,4.211,21.541668,4.415806,6.0,-54,1769455961,3,3
2026-01-26 11:33:05.545037,0x433e9c88,99,4.181,23.433334,2.2472222,,,1769455982,,3
2026-01-26 11:34:05.549868,0x433e9c88,90,4.062,18.806665,2.2431388,,,1769456042,,3
2026-01-26 11:34:27.346766,0x433af380,101,4.206,14.536667,3.2628055,6.25,-39,1769456064,3,3
2026-01-26 11:35:05.661921,0x433e9c88,97,4.161,25.84,2.2016666,,,1769456102,,3
2026-01-26 11:35:07.250540,0x433b0b38,97,4.151,24.963333,4.023722,5.5,-74,1769456104,5,5
2026-01-26 11:36:05.647555,0x433e9c88,99,4.186,21.736666,2.2219443,,,1769456162,,3
2026-01-26 11:37:05.689268,0x433e9c88,100,4.196,21.133333,2.2508612,,,1769456223,,3
2026-01-26 11:37:19.226201,0x433b0098,99,4.188,18.89,4.1495833,5.75,-62,1769456236,2,2
2026-01-26 11:37:35.571888,0x433abf20,101,4.239,20.435,4.473139,5.5,-75,1769456252,3,3
2026-01-26 11:37:50.817803,0x433acb14,99,4.186,25.376665,4.0888333,2.0,-95,1769456267,3,3
2026-01-26 11:38:05.768701,0x433e9c88,101,4.228,28.601667,2.2211945,,,1769456283,,3
2026-01-26 11:38:44.677421,0x433ad35c,99,4.184,24.661667,4.3129997,6.25,-53,1769456321,3,3
2026-01-26 11:39:05.781608,0x433e9c88,99,4.185,22.53,2.2380834,,,1769456343,,3
2026-01-26 11:40:05.964115,0x433e9c88,77,3.965,20.805,2.2198613,,,1769456403,3,3
2026-01-26 11:41:06.149809,0x433e9c88,97,4.148,21.9,2.2531946,,,1769456463,,3
2026-01-26 11:41:06.900887,0x433b0b38,96,4.139,22.776667,3.892778,6.25,-74,1769456463,5,5
2026-01-26 11:42:06.128987,0x433e9c88,93,4.102,21.52,2.2659724,,,1769456523,,3
2026-01-26 11:43:06.533509,0x433e9c88,97,4.149,24.801666,2.2785277,,,1769456583,,3
2026-01-26 11:43:19.500711,0x433b0098,94,4.119,22.585001,4.1046114,7.25,-61,1769456596,2,2
2026-01-26 11:43:36.042077,0x433abf20,101,4.202,24.253332,4.386028,5.75,-76,1769456613,3,3
2026-01-26 11:43:50.694576,0x433acb14,101,4.216,26.963333,4.1437497,1.0,-96,1769456627,3,3
2026-01-26 11:44:06.130178,0x433e9c88,101,4.204,27.945,2.2976944,,,1769456643,,3
2026-01-26 11:44:26.773877,0x433af380,92,4.085,19.603333,3.384778,6.25,-39,1769456663,3,3
2026-01-26 11:44:45.130401,0x433ad35c,96,4.147,18.529999,4.3514447,6.25,-54,1769456682,3,3
2026-01-26 11:45:06.326172,0x433e9c88,100,4.194,25.293333,2.293139,,,1769456703,,3
2026-01-26 11:46:06.249688,0x433e9c88,101,4.205,20.23,2.329639,,,1769456763,,3
2026-01-26 11:47:06.303365,0x433e9c88,100,4.197,23.105,2.3231945,,,1769456823,,3
2026-01-26 11:47:07.708275,0x433b0b38,96,4.14,23.105,3.835472,5.75,-74,1769456824,5,5
2026-01-26 11:48:06.354673,0x433e9c88,99,4.178,24.593334,2.3022223,,,1769456883,,3
2026-01-26 11:49:06.451375,0x433e9c88,99,4.186,22.803333,2.3022223,,,1769456943,,3
2026-01-26 11:49:19.768413,0x433b0098,101,4.208,17.44,4.0931945,6.25,-61,1769456956,2,2
2026-01-26 11:49:25.691607,0xbd50376c,101,4.204,24.664999,2.4496112,4.75,-82,1769456962,3,3
2026-01-26 11:49:37.489037,0x433abf20,99,4.179,24.83,4.26425,5.25,-76,1769456974,3,3
2026-01-26 11:49:50.899910,0x433acb14,101,4.214,27.13,4.2835555,3.0,-94,1769456987,3,3
2026-01-26 11:50:06.630380,0x433e9c88,100,4.195,26.468334,2.3240833,,,1769457003,,3
2026-01-26 11:50:45.085335,0x433ad35c,100,4.19,23.318335,4.4165,5.5,-53,1769457042,3,3
2026-01-26 11:51:06.620593,0x433e9c88,98,4.165,22.501667,2.3076665,,,1769457063,,3
2026-01-26 11:52:06.598445,0x433e9c88,101,4.216,23.228334,2.2889721,,,1769457123,,3
2026-01-26 11:53:06.594466,0x433e9c88,99,4.185,22.803333,2.2748055,,,1769457183,,3
2026-01-26 11:53:07.349042,0x433b0b38,98,4.165,21.9,3.8560555,5.5,-74,1769457184,5,5
2026-01-26 11:54:06.736740,0x433e9c88,99,4.179,20.695,2.278889,,,1769457243,,3
2026-01-26 11:54:27.741865,0x433af380,99,4.184,16.126667,3.260278,5.75,-39,1769457264,3,3
2026-01-26 11:55:07.002768,0x433e9c88,101,4.201,24.115,2.2601945,,,1769457303,,3
2026-01-26 11:55:20.159582,0x433b0098,99,4.184,23.46,4.000111,7.0,-61,1769457317,2,2
2026-01-26 11:55:39.970908,0x433abf20,101,4.219,20.748333,4.2596946,5.25,-76,1769457336,3,3
2026-01-26 11:55:51.306971,0x433acb14,99,4.188,26.386665,4.3086386,0.5,-97,1769457348,3,3
2026-01-26 11:56:06.716426,0x433e9c88,101,4.217,28.82,2.2800279,,,1769457364,,3
2026-01-26 11:56:46.457479,0x433ad35c,99,4.183,21.936666,4.4193053,5.5,-53,1769457403,3,3
2026-01-26 11:57:07.096436,0x433e9c88,99,4.185,19.380001,2.3133333,,,1769457424,,3
2026-01-26 11:58:06.938086,0x433e9c88,97,4.161,21.843334,2.2654166,,,1769457484,,3
2026-01-26 11:59:07.046024,0x433e9c88,101,4.204,21.953335,2.3050833,,,1769457544,,3
2026-01-26 11:59:10.348949,0x433b0b38,99,4.179,23.074999,3.8090558,5.5,-76,1769457547,5,4
2026-01-25 17:59:54.998863,0x433e9c88,97,4.158,22.033333,2.2116666,,,1769392793,,3
2026-01-25 18:00:32.269900,0x433abf20,100,4.199,23.581667,4.2155557,5.25,-77,1769392830,3,3
2026-01-25 18:00:44.835623,0x433acb14,99,4.187,22.868334,4.0540276,5.75,-75,1769392843,3,2
2026-01-25 18:00:55.056551,0x433e9c88,101,4.214,23.938334,2.2186112,,,1769392853,,3
2026-01-25 18:01:37.767432,0x433ad35c,100,4.194,16.64,3.849889,7.5,-54,1769392896,3,3
2026-01-25 18:01:55.073101,0x433e9c88,98,4.172,23.156666,2.1896112,,,1769392913,,3
2026-01-25 18:02:55.188467,0x433e9c88,94,4.118,22.936666,2.2381945,,,1769392973,,3
2026-01-25 18:03:05.390584,0x433b0098,95,4.123,23.786667,3.6933613,6.25,-61,1769392984,2,2
2026-01-25 18:03:55.036846,0x433e9c88,96,4.14,24.564999,2.3009167,,,1769393034,,3
2026-01-25 18:04:01.236238,0x433b0b38,99,4.184,25.386667,4.004083,6.25,-73,1769393039,5,5
2026-01-25 18:04:55.170387,0x433e9c88,80,3.991,23.358334,2.318,,,1769393094,,3
2026-01-25 18:05:55.237817,0x433e9c88,99,4.184,20.363335,2.318,,,1769393154,,3
2026-01-25 18:06:31.389320,0x433abf20,101,4.212,22.651667,4.2895274,5.25,-77,1769393190,3,3
2026-01-25 18:06:43.428509,0x433acb14,101,4.21,23.555,3.8870554,2.75,-93,1769393202,3,3
2026-01-25 18:06:55.210625,0x433e9c88,95,4.133,22.83,2.3658888,,,1769393214,,3
2026-01-25 18:07:39.338265,0x433ad35c,98,4.167,24.621668,3.7023332,6.5,-54,1769393258,3,3
2026-01-25 18:07:55.322519,0x433e9c88,98,4.169,25.59,2.3807223,,,1769393274,,3
2026-01-25 18:08:34.999503,0x433af380,97,4.152,23.346666,2.9500833,6.5,-38,1769393313,3,3
2026-01-25 18:08:55.385661,0x433e9c88,84,4.017,23.948332,2.3248334,,,1769393334,,3
2026-01-25 18:09:06.098288,0x433b0098,99,4.181,22.555,3.630389,6.5,-61,1769393344,2,2
2026-01-25 18:09:55.368455,0x433e9c88,100,4.193,18.201668,2.2773888,,,1769393394,,3
2026-01-25 18:10:01.658245,0x433b0b38,97,4.158,21.68,4.087139,6.25,-74,1769393400,5,5
2026-01-25 18:10:55.378002,0x433e9c88,98,4.173,24.88,2.222889,,,1769393454,,3
2026-01-25 18:11:55.528739,0x433e9c88,99,4.187,22.09,2.1706667,,,1769393514,,3
2026-01-25 18:12:31.686007,0x433abf20,100,4.198,20.723333,4.327528,5.25,-76,1769393550,3,3
2026-01-25 18:12:51.160103,0x433acb14,98,4.166,19.16,3.8653889,2.25,-94,1769393569,3,3
2026-01-25 18:12:55.617001,0x433e9c88,88,4.041,24.458334,2.19025,,,1769393574,3,3
2026-01-25 18:13:39.604376,0x433ad35c,97,4.152,24.678333,3.781361,6.25,-54,1769393618,3,3
2026-01-25 18:13:55.752437,0x433e9c88,96,4.145,28.066668,2.2233334,,,1769393634,,3
2026-01-25 18:14:55.858752,0x433e9c88,98,4.164,19.431667,2.2946944,,,1769393694,,3
2026-01-25 18:15:06.958450,0x433b0098,100,4.198,21.488333,3.6313334,6.5,-60,1769393705,2,2
2026-01-25 18:15:55.753389,0x433e9c88,101,4.232,23.461666,2.3380556,,,1769393754,,3
2026-01-25 18:16:03.421815,0x433b0b38,98,4.168,23.201666,4.1315837,6.5,-73,1769393762,5,5
2026-01-25 18:16:56.143665,0x433e9c88,101,4.229,20.553333,2.3344166,,,1769393814,,3
2026-01-25 18:17:12.644451,0xbd50376c,99,4.176,22.09,2.4252224,5.75,-75,1769393831,3,3
2026-01-25 18:17:55.916650,0x433e9c88,101,4.219,19.336666,2.3198056,,,1769393874,,3
2026-01-25 18:18:32.193344,0x433abf20,99,4.177,22.063334,4.329389,6.0,-77,1769393910,3,3
2026-01-25 18:18:36.546340,0x433af380,96,4.145,24.803333,3.092111,6.5,-38,1769393915,3,3
2026-01-25 18:18:55.960386,0x433e9c88,100,4.197,21.896666,2.3549445,,,1769393934,,3
2026-01-25 18:19:01.288826,0x433acb14,101,4.209,21.391666,3.8725,5.5,-76,1769393939,3,2
2026-01-25 18:19:38.810165,0x433ad35c,101,4.217,23.145,3.7497222,7.25,-53,1769393977,3,3
2026-01-25 18:19:56.001845,0x433e9c88,97,4.157,17.651667,2.3360279,,,1769393994,,3
2026-01-25 18:20:56.235172,0x433e9c88,101,4.216,20.761667,2.3214166,,,1769394055,,3
2026-01-25 18:21:06.057750,0x433b0098,98,4.162,20.091667,3.5075002,6.25,-61,1769394064,2,2
2026-01-25 18:21:56.497723,0x433e9c88,98,4.175,20.545,2.311361,,,1769394115,,3
2026-01-25 18:22:04.382003,0x433b0b38,100,4.19,20.378334,4.105056,5.75,-73,1769394123,5,5
2026-01-25 18:22:56.201285,0x433e9c88,100,4.197,25.36,2.3284721,,,1769394175,,3
2026-01-25 18:23:56.280697,0x433e9c88,101,4.202,23.62,2.3109167,,,1769394235,,3
2026-01-25 18:24:31.920928,0x433abf20,101,4.205,23.676666,4.3852777,6.25,-76,1769394270,3,3
2026-01-25 18:24:47.680646,0x433acb14,98,4.169,23.35,3.8727224,2.75,-94,1769394286,3,3
2026-01-25 18:24:56.423455,0x433e9c88,100,4.196,22.818333,2.2771666,,,1769394295,,3
2026-01-25 18:25:39.902562,0x433ad35c,97,4.154,26.526665,3.7734165,6.75,-55,1769394338,3,3
2026-01-25 18:25:56.302920,0x433e9c88,89,4.045,22.416666,2.3154724,,,1769394355,,3
2026-01-25 18:26:56.328207,0x433e9c88,99,4.187,19.598333,2.263028,,,1769394415,,3
2026-01-25 18:27:10.133722,0x433b0098,100,4.198,22.116667,3.4815834,5.75,-61,1769394428,2,2
2026-01-25 18:27:56.522740,0x433e9c88,99,4.178,20.518333,2.3105,,,1769394475,,3
2026-01-25 18:28:04.668398,0x433b0b38,96,4.142,26.609999,4.106889,6.0,-73,1769394483,5,5
2026-01-25 18:28:35.759452,0x433af380,98,4.163,24.396667,3.3219445,6.5,-38,1769394514,3,3
2026-01-25 18:28:56.424838,0x433e9c88,99,4.176,19.516666,2.3123333,,,1769394535,,3
2026-01-25 18:29:56.569391,0x433e9c88,99,4.185,18.311666,2.302028,,,1769394595,,3
2026-01-25 18:30:32.895142,0x433abf20,101,4.205,23.141666,4.4645,6.0,-76,1769394631,3,3
2026-01-25 18:30:45.294792,0x433acb14,99,4.18,21.68,3.8951945,3.5,-92,1769394643,3,3
2026-01-25 18:30:56.694894,0x433e9c88,100,4.197,23.623333,2.3209445,,,1769394655,,3
2026-01-25 18:31:40.260844,0x433ad35c,100,4.194,24.625,3.9019997,6.25,-53,1769394698,3,3
2026-01-25 18:31:56.747503,0x433e9c88,101,4.215,26.663334,2.3186667,,,1769394715,,3
2026-01-25 18:32:56.689965,0x433e9c88,95,4.128,18.473333,2.3138888,,,1769394775,,3
2026-01-25 18:33:07.944312,0x433b0098,99,4.179,24.84,3.6341388,6.25,-61,1769394786,2,2
2026-01-25 18:33:56.780306,0x433e9c88,98,4.166,25.130001,2.3618054,,,1769394835,,3
2026-01-25 18:34:05.043218,0x433b0b38,98,4.163,23.131666,4.275472,6.5,-73,1769394843,5,5
2026-01-25 18:34:56.724243,0x433e9c88,98,4.164,21.376667,2.3143332,,,1769394895,,3
2026-01-25 18:35:56.769618,0x433e9c88,99,4.182,21.13,2.2808056,,,1769394955,,3
2026-01-25 18:36:32.470103,0x433abf20,100,4.195,24.663334,4.4554167,6.0,-76,1769394991,3,3
2026-01-25 18:36:45.420734,0x433acb14,101,4.237,20.856667,4.116945,3.0,-93,1769395004,3,3
2026-01-25 18:36:56.873138,0x433e9c88,98,4.165,22.856667,2.2792222,,,1769395015,,3
2026-01-25 18:37:41.143552,0x433ad35c,101,4.222,21.763334,4.1376944,6.25,-54,1769395059,3,3
2026-01-25 18:37:56.952991,0x433e9c88,98,4.163,22.306667,2.1895833,,,1769395075,,3
2026-01-25 18:38:56.925369,0x433e9c88,100,4.193,24.921665,2.2041945,,,1769395135,,3
2026-01-25 18:39:08.008496,0x433b0098,101,4.201,18.970001,3.9915555,6.25,-61,1769395146,2,2
2026-01-25 18:39:56.952202,0x433e9c88,100,4.194,22.583332,2.1848333,,,1769395195,,3
2026-01-25 18:40:04.751807,0x433b0b38,98,4.163,20.01,4.2699447,5.75,-74,1769395203,5,5
2026-01-25 18:40:56.998486,0x433e9c88,101,4.221,25.921667,2.1683888,,,1769395255,,3
2026-01-25 18:41:35.611256,0x433af380,96,4.14,22.211666,3.1742778,6.5,-38,1769395294,3,3
2026-01-25 18:41:57.112813,0x433e9c88,101,4.221,23.838333,2.168611,,,1769395315,,3
2026-01-25 18:42:32.806474,0x433abf20,101,4.201,24.978334,4.606,5.5,-76,1769395351,3,3
2026-01-25 18:42:45.810737,0x433acb14,98,4.173,24.446667,4.4078336,3.0,-93,1769395364,3,3
2026-01-25 18:42:57.130970,0x433e9c88,98,4.169,24.321667,2.1807222,,,1769395376,,3
2026-01-25 18:43:40.677806,0x433ad35c,97,4.15,25.213333,4.323389,6.5,-54,1769395419,3,3
2026-01-25 18:43:57.330984,0x433e9c88,101,4.21,25.470001,2.113889,,,1769395436,,3
2026-01-25 18:44:57.254510,0x433e9c88,98,4.172,17.653332,2.113889,,,1769395496,,3
2026-01-25 18:45:10.995523,0x433b0098,101,4.229,17.381666,4.0958333,6.25,-60,1769395509,2,2
2026-01-25 18:45:57.230963,0x433e9c88,101,4.203,22.555,2.0992777,,,1769395556,,3
2026-01-25 18:46:10.910078,0x433b0b38,101,4.209,16.835,4.3485837,5.75,-73,1769395569,5,5
2026-01-25 18:46:57.309847,0x433e9c88,101,4.223,21.17,2.0785277,,,1769395616,,3
2026-01-25 18:47:57.348194,0x433e9c88,97,4.15,19.446667,2.059611,,,1769395676,,3
2026-01-25 18:48:46.425751,0x433acb14,99,4.189,20.363335,4.410472,3.25,-93,1769395725,3,3
2026-01-25 18:48:57.514452,0x433e9c88,100,4.192,25.470001,2.0598333,,,1769395736,,3
2026-01-25 18:49:32.901294,0x433abf20,100,4.197,21.676666,4.6365833,5.25,-75,1769395771,3,3
2026-01-25 18:49:41.061592,0x433ad35c,100,4.192,23.646666,4.520111,6.25,-54,1769395779,3,3
2026-01-25 18:49:57.927767,0x433e9c88,101,4.236,23.14,2.074889,,,1769395796,3,3
2026-01-25 18:50:57.999342,0x433e9c88,101,4.209,21.118334,2.0582502,,,1769395856,,3
2026-01-25 18:51:07.129452,0x433b0098,101,4.208,22.116667,4.2440276,6.0,-60,1769395865,2,2
2026-01-25 18:51:58.069240,0x433e9c88,99,4.176,20.723333,2.0139723,,,1769395916,,3
2026-01-25 18:52:06.617609,0x433b0b38,95,4.128,22.735,4.378389,5.5,-74,1769395925,5,5
2026-01-25 18:52:36.121024,0x433af380,98,4.17,22.533333,3.326139,6.5,-38,1769395954,3,3
2026-01-25 18:52:58.030199,0x433e9c88,100,4.199,24.866667,1.96425,,,1769395976,,3
2026-01-25 18:53:18.113242,0xbd50376c,101,4.22,21.993334,2.1535,5.75,-75,1769395996,3,3
2026-01-25 18:53:58.577635,0x433e9c88,99,4.177,23.101667,1.9350277,,,1769396037,,3
2026-01-25 18:54:46.849910,0x433acb14,99,4.187,22.678333,4.413639,2.75,-93,1769396085,3,3
2026-01-25 18:54:58.633102,0x433e9c88,97,4.151,18.970001,1.9033333,,,1769396097,,3
2026-01-25 18:55:33.152964,0x433abf20,101,4.202,24.484999,4.84825,5.75,-76,1769396131,3,3
2026-01-25 18:55:41.234418,0x433ad35c,98,4.168,26.455,4.7260556,6.75,-53,1769396139,3,3
2026-01-25 18:55:58.577713,0x433e9c88,99,4.188,25.768333,1.8893888,,,1769396157,,3
2026-01-25 18:56:59.065920,0x433e9c88,101,4.214,20.31,1.8604167,,,1769396217,,3
2026-01-25 18:57:08.007785,0x433b0098,97,4.155,17.478333,4.409917,6.0,-60,1769396226,2,2
2026-01-25 18:57:59.031275,0x433e9c88,101,4.229,18.985,1.8608611,,,1769396277,,3
2026-01-25 18:58:05.559556,0x433b0b38,99,4.186,16.396667,4.5452776,5.75,-73,1769396284,5,5
2026-01-25 18:58:58.936947,0x433e9c88,97,4.158,20.611666,1.8651667,,,1769396337,,3
2026-01-27 11:00:42.277736,0x433b0b38,100,4.192,20.616667,4.8973613,5.5,-74,1769540437,5,5
2026-01-27 11:00:44.556566,0x433e9c88,101,4.214,26.706665,1.9210835,,,1769540439,,3
2026-01-27 11:01:44.603090,0x433e9c88,97,4.15,24.898335,1.8727223,,,1769540499,,3
2026-01-27 11:02:04.037261,0x433abf20,99,4.18,24.858334,4.812278,5.25,-76,1769540518,3,3
2026-01-27 11:02:44.753135,0x433e9c88,59,3.797,21.695,1.9096389,,,1769540559,,3
2026-01-27 11:02:55.811244,0x433b0098,99,4.179,23.185,5.132722,6.0,-61,1769540570,2,2
2026-01-27 11:03:20.979502,0x433acb14,99,4.188,22.078333,4.6854167,0.25,-97,1769540595,3,3
2026-01-27 11:03:44.759583,0x433e9c88,94,4.106,25.061666,1.9139721,,,1769540619,,3
2026-01-27 11:04:07.310870,0x433ad35c,101,4.218,27.758333,5.5469723,6.25,-54,1769540642,3,3
2026-01-27 11:04:44.797123,0x433e9c88,98,4.173,24.716667,1.9347223,,,1769540679,,3
2026-01-27 11:05:44.792814,0x433e9c88,98,4.162,17.74,2.0013335,,,1769540739,,3
2026-01-27 11:06:40.369042,0x433b0b38,99,4.187,23.555,4.8786664,5.5,-74,1769540795,5,5
2026-01-27 11:06:45.030065,0x433e9c88,101,4.215,20.928333,2.026611,,,1769540799,,3
2026-01-27 11:07:45.050675,0x433e9c88,101,4.207,16.998333,2.0430279,,,1769540859,,3
2026-01-27 11:08:04.311655,0x433abf20,99,4.176,21.493334,4.7108335,5.75,-76,1769540879,3,3
2026-01-27 11:08:45.121941,0x433e9c88,97,4.154,24.529999,2.057639,,,1769540920,,3
2026-01-27 11:08:56.262281,0x433b0098,100,4.193,21.24,5.2198057,6.0,-61,1769540931,2,2
2026-01-27 11:09:21.238243,0x433acb14,101,4.208,22.748333,4.7882776,-0.75,-100,1769540956,3,3
2026-01-27 11:09:45.007068,0x433e9c88,98,4.167,25.376665,2.0430279,,,1769540980,,3
2026-01-27 11:10:07.696127,0x433ad35c,101,4.204,23.406666,5.48975,7.25,-54,1769541002,3,3
2026-01-27 11:10:45.220679,0x433e9c88,101,4.208,23.158333,2.0072222,,,1769541040,,3
2026-01-27 11:11:45.262164,0x433e9c88,101,4.24,20.681667,2.0275278,,,1769541100,,3
2026-01-27 11:12:22.895336,0x433af380,98,4.166,18.67,2.6919723,5.75,-40,1769541137,3,3
2026-01-27 11:12:39.818009,0x433b0b38,99,4.188,16.891666,4.8266387,5.75,-73,1769541154,5,5
2026-01-27 11:12:45.251394,0x433e9c88,100,4.196,22.490002,2.0482779,,,1769541160,,3
2026-01-27 11:13:45.390970,0x433e9c88,101,4.211,19.643333,2.0234444,,,1769541220,3,3
2026-01-27 11:14:45.418277,0x433e9c88,99,4.18,24.815,2.0106666,,,1769541280,,3
2026-01-27 11:14:57.504883,0x433b0098,101,4.206,22.145,5.3564444,5.5,-61,1769541292,2,2
2026-01-27 11:15:04.661889,0x433abf20,101,4.209,24.115,4.689472,5.5,-76,1769541299,3,3
2026-01-27 11:15:21.927081,0x433acb14,100,4.193,24.718334,4.774889,4.25,-91,1769541316,3,3
2026-01-27 11:15:45.509599,0x433e9c88,99,4.179,21.503334,2.0063334,,,1769541340,,3
2026-01-27 11:16:07.828624,0x433ad35c,97,4.161,23.35,5.535,6.75,-53,1769541362,3,3
2026-01-27 11:16:45.776134,0x433e9c88,99,4.186,22.253332,1.9750834,,,1769541400,,3
2026-01-27 11:17:45.663909,0x433e9c88,99,4.177,12.675001,1.977111,,,1769541460,,3
2026-01-27 11:18:40.489553,0x433b0b38,99,4.188,19.205,4.7853613,6.25,-73,1769541515,5,5
2026-01-27 11:18:45.947850,0x433e9c88,101,4.212,24.898335,1.977111,,,1769541520,,3
2026-01-27 11:19:46.063447,0x433e9c88,98,4.174,25.676668,1.9974166,,,1769541580,,3
2026-01-27 11:20:46.073778,0x433e9c88,101,4.218,20.203333,2.0165832,,,1769541641,,3
2026-01-27 11:20:59.045627,0x433b0098,97,4.161,19.695,5.447528,5.75,-73,1769541653,2,1
2026-01-27 11:21:06.767070,0x433abf20,99,4.189,23.076668,4.4435277,5.75,-75,1769541661,3,3
2026-01-27 11:21:21.701678,0x433acb14,99,4.183,24.608334,4.9416943,-1.25,-99,1769541676,3,3
2026-01-27 11:21:46.102989,0x433e9c88,101,4.216,24.471668,1.99925,,,1769541701,,3
2026-01-27 11:22:08.316602,0x433ad35c,98,4.166,20.915,5.451139,7.75,-53,1769541723,3,3
2026-01-27 11:22:24.807316,0x433af380,100,4.195,21.67,2.7253056,6.25,-39,1769541739,3,3
2026-01-27 11:22:46.031261,0x433e9c88,100,4.2,23.953333,1.958,,,1769541761,,3
2026-01-27 11:23:46.600201,0x433e9c88,100,4.192,19.93,1.9393054,,,1769541821,,3
2026-01-27 11:24:41.398195,0x433b0b38,100,4.199,26.390001,4.7278056,6.75,-73,1769541876,5,5
2026-01-27 11:24:46.537646,0x433e9c88,99,4.186,22.996668,1.9710001,,,1769541881,,3
2026-01-27 11:25:47.013870,0x433e9c88,98,4.167,17.136665,1.9523057,,,1769541941,,3
2026-01-27 11:26:03.586733,0xbd50376c,93,4.092,17.711666,1.6655833,5.75,-74,1769541958,3,3
2026-01-27 11:26:46.937262,0x433e9c88,98,4.169,20.505001,1.9376944,,,1769542001,,3
2026-01-27 11:27:07.218324,0x433abf20,99,4.179,17.6,4.432389,5.75,-76,1769542021,3,3
2026-01-27 11:27:22.177624,0x433acb14,98,4.174,19.325,4.695722,3.75,-92,1769542036,3,3
2026-01-27 11:27:47.091203,0x433e9c88,99,4.176,23.978333,1.9071112,,,1769542061,,3
2026-01-27 11:27:59.272329,0x433b0098,101,4.206,23.101667,5.4042225,6.25,-62,1769542074,2,2
2026-01-27 11:28:10.209415,0x433ad35c,97,4.153,21.953335,5.2840834,6.25,-55,1769542084,3,3
2026-01-27 11:28:47.419279,0x433e9c88,96,4.144,25.676668,1.9426944,,,1769542122,,3
2026-01-27 11:29:47.618864,0x433e9c88,98,4.174,25.376665,1.9719167,,,1769542182,,3
2026-01-27 11:30:41.302207,0x433b0b38,101,4.21,18.013332,4.6810555,5.75,-73,1769542236,5,5
2026-01-27 11:30:47.322544,0x433e9c88,97,4.161,18.861666,1.9719167,,,1769542242,,3
2026-01-27 11:31:47.528063,0x433e9c88,97,4.153,17.903334,1.9844722,,,1769542302,,3
2026-01-27 11:32:47.915176,0x433e9c88,98,4.175,19.298332,2.0157223,,,1769542362,,3
2026-01-27 11:33:22.305531,0x433acb14,99,4.186,21.421667,4.6751113,4.0,-91,1769542397,3,3
2026-01-27 11:33:28.938973,0x433af380,97,4.16,23.211666,2.6584167,8.0,-39,1769542403,3,3
2026-01-27 11:33:48.020138,0x433e9c88,99,4.178,20.656666,1.9887778,,,1769542422,,3
2026-01-27 11:34:11.419920,0x433ad35c,96,4.142,23.581667,5.1421666,7.25,-53,1769542446,3,3
2026-01-27 11:34:48.023401,0x433e9c88,99,4.187,18.748335,1.9887778,,,1769542482,,3
2026-01-27 11:35:01.659184,0x433b0098,100,4.2,23.291666,5.2253056,6.0,-62,1769542496,2,2
2026-01-27 11:35:47.965676,0x433e9c88,101,4.212,17.93,1.9915277,,,1769542542,,3
2026-01-27 11:36:41.215749,0x433b0b38,98,4.17,25.156668,4.610139,6.0,-73,1769542595,5,5
2026-01-27 11:36:48.511909,0x433e9c88,101,4.205,20.01,2.0289166,,,1769542603,,3
2026-01-27 11:37:48.363474,0x433e9c88,99,4.178,23.980001,2.014611,,,1769542663,,3
2026-01-27 11:38:48.939163,0x433e9c88,100,4.192,22.378332,2.0371666,,,1769542723,,3
2026-01-27 11:39:06.299429,0x433abf20,97,4.159,23.951666,4.3751945,6.0,-76,1769542741,3,3
2026-01-27 11:39:22.517442,0x433acb14,101,4.201,22.475,4.7423887,2.25,-94,1769542757,3,3
2026-01-27 11:39:48.880722,0x433e9c88,100,4.191,25.923332,2.055861,,,1769542783,,3
2026-01-27 11:40:10.497255,0x433ad35c,101,4.215,24.113333,4.978,6.25,-54,1769542805,3,3
2026-01-27 11:40:48.966144,0x433e9c88,86,4.031,20.5,2.0601945,,,1769542843,,3
2026-01-27 11:41:01.907481,0x433b0098,98,4.163,23.62,5.304389,6.75,-61,1769542856,2,2
2026-01-27 11:41:48.926858,0x433e9c88,96,4.135,21.898335,2.0581388,,,1769542903,,3
2026-01-27 11:42:41.675069,0x433b0b38,99,4.18,18.916666,4.5786667,5.25,-72,1769542956,5,5
2026-01-27 11:42:49.167726,0x433e9c88,97,4.157,18.011667,2.07275,,,1769542964,,3
2026-01-27 11:43:49.017869,0x433e9c88,98,4.167,15.988334,2.0556388,,,1769543024,,3
2026-01-27 11:44:49.245535,0x433e9c88,98,4.167,20.748333,2.07025,,,1769543084,,3
2026-01-27 11:45:06.566382,0x433abf20,97,4.155,19.051666,4.3913336,7.25,-75,1769543101,3,3
2026-01-27 11:45:22.863246,0x433acb14,98,4.173,21.653334,4.7198887,3.75,-90,1769543117,3,3
2026-01-27 11:45:26.579699,0x433af380,94,4.119,23.396666,2.7583332,6.75,-37,1769543121,3,3
2026-01-27 11:45:49.303335,0x433e9c88,99,4.176,16.975,2.1176944,,,1769543144,,3
2026-01-27 11:46:09.764407,0x433ad35c,101,4.202,24.58,4.790583,5.5,-53,1769543164,3,3
2026-01-27 11:46:49.158195,0x433e9c88,93,4.098,27.136665,2.1195,,,1769543204,,3
2026-01-27 11:47:49.432099,0x433e9c88,101,4.209,22.241667,2.094,,,1769543264,,3
2026-01-27 11:48:03.904802,0x433b0098,97,4.158,19.806667,5.103444,5.75,-64,1769543278,2,2
2026-01-27 11:48:41.733268,0x433b0b38,101,4.211,23.298334,4.6329165,5.5,-71,1769543316,5,5
2026-01-27 11:48:49.354572,0x433e9c88,99,4.18,24.541668,2.0501666,,,1769543324,,3
2026-01-27 11:49:49.458843,0x433e9c88,101,4.204,20.41,2.0385,,,1769543384,3,3
2026-01-27 11:50:49.610026,0x433e9c88,99,4.176,19.031666,2.0704443,,,1769543444,,3
2026-01-27 11:51:07.092379,0x433abf20,100,4.197,20.955,4.482611,5.25,-79,1769543461,3,3
2026-01-27 11:51:23.911190,0x433acb14,99,4.18,20.61,4.761889,-2.25,-98,1769543478,3,3
2026-01-27 11:51:49.551429,0x433e9c88,101,4.203,18.921667,2.07225,,,1769543504,,3
2026-01-27 11:52:11.033233,0x433ad35c,96,4.146,19.743334,4.632583,6.0,-53,1769543525,3,3
2026-01-27 11:52:49.696273,0x433e9c88,99,4.182,18.098333,2.065,,,1769543564,,3
2026-01-27 11:53:49.660053,0x433e9c88,99,4.18,14.586666,2.0643332,,,1769543624,,3
2026-01-27 11:54:00.971912,0x433b0098,97,4.159,22.391666,5.019194,5.75,-61,1769543635,2,2
2026-01-27 11:54:42.107160,0x433b0b38,99,4.183,27.488333,4.508917,5.5,-74,1769543676,5,5
2026-01-27 11:54:50.348643,0x433e9c88,99,4.178,22.391666,2.0431387,,,1769543684,,3
2026-01-27 11:55:24.901279,0x433af380,100,4.198,24.981667,2.9270833,7.0,-38,1769543719,3,3
2026-01-27 11:55:49.944761,0x433e9c88,100,4.193,24.483334,2.0538888,,,1769543744,,3
2026-01-27 11:56:50.171680,0x433e9c88,99,4.182,23.505,2.0655556,,,1769543805,,3
2026-01-27 11:57:09.271756,0x433abf20,98,4.172,23.863333,4.5029445,5.75,-77,1769543823,3,3
2026-01-27 11:57:23.335766,0x433acb14,101,4.213,20.87,4.643167,1.5,-96,1769543838,3,3
2026-01-27 11:57:50.056310,0x433e9c88,101,4.221,23.14,2.0934167,,,1769543865,,3
2026-01-27 11:58:10.263921,0x433ad35c,97,4.151,19.461666,4.558472,6.0,-53,1769543884,3,3
2026-01-27 11:58:50.218671,0x433e9c88,100,4.19,21.619999,2.080639,,,1769543925,,3
2026-01-27 11:59:50.175887,0x433e9c88,99,4.188,20.715,2.0469444,,,1769543985,,3
2026-01-27 12:00:01.355716,0x433b0098,101,4.216,22.168333,4.9721665,5.75,-64,1769543996,2,2
2026-01-27 00:01:00.248453,0x433e9c88,98,4.17,23.251667,1.6788334,,,1769500855,,3
2026-01-27 00:01:21.201605,0x433abf20,100,4.19,23.701666,5.081972,5.75,-86,1769500877,3,2
2026-01-27 00:02:00.379163,0x433e9c88,97,4.159,23.126667,1.6806388,,,1769500916,,3
2026-01-27 00:02:37.812193,0x433acb14,101,4.208,23.943333,4.399667,6.0,-86,1769500953,3,3
2026-01-27 00:03:00.281159,0x433e9c88,97,4.161,23.356667,1.6678333,,,1769500976,,3
2026-01-27 00:03:01.729546,0x433af380,101,4.208,21.414999,3.897778,6.5,-38,1769500977,3,3
2026-01-27 00:03:29.021583,0x433ad35c,98,4.173,28.906668,4.12975,7.0,-54,1769501004,3,3
2026-01-27 00:04:00.323011,0x433e9c88,101,4.201,23.308334,1.6799444,,,1769501036,,3
2026-01-27 00:05:00.519703,0x433e9c88,101,4.201,15.150001,1.6653333,,,1769501096,,3
2026-01-27 00:06:00.405923,0x433e9c88,97,4.159,15.150001,1.7134722,,,1769501156,,3
2026-01-27 00:06:00.843485,0x433b0b38,99,4.188,19.173332,4.6745276,5.0,-73,1769501156,5,5
2026-01-27 00:06:10.374414,0x433b0098,98,4.174,24.593334,4.2390833,6.75,-59,1769501166,2,2
2026-01-27 00:07:00.521697,0x433e9c88,98,4.165,19.27,1.6872221,,,1769501216,,3
2026-01-27 00:07:20.522427,0x433abf20,101,4.211,21.488333,5.1893334,6.0,-76,1769501236,3,3
2026-01-27 00:08:00.510969,0x433e9c88,98,4.169,27.026665,1.6872221,,,1769501276,,3
2026-01-27 00:08:38.237953,0x433acb14,101,4.227,26.905,4.419833,5.25,-87,1769501314,3,3
2026-01-27 00:09:00.539275,0x433e9c88,101,4.217,26.140001,1.6617222,,,1769501336,,3
2026-01-27 00:09:28.634444,0x433ad35c,100,4.198,19.158333,4.0483055,7.5,-53,1769501364,3,3
2026-01-27 00:10:01.096900,0x433e9c88,97,4.151,18.648335,1.6596668,,,1769501397,,3
2026-01-27 00:11:00.953112,0x433e9c88,96,4.135,25.183332,1.6261389,,,1769501457,,3
2026-01-27 00:12:01.040747,0x433e9c88,100,4.198,17.078333,1.634361,,,1769501517,,3
2026-01-27 00:12:04.786104,0x433b0b38,100,4.194,17.05,4.5483613,5.5,-73,1769501520,5,5
2026-01-27 00:12:11.984632,0x433b0098,101,4.203,19.408333,4.123611,7.0,-59,1769501527,2,2
2026-01-27 00:13:01.044014,0x433e9c88,94,4.106,19.175001,1.6683333,,,1769501577,,3
2026-01-27 00:13:11.856150,0x433af380,99,4.177,23.533335,4.0291114,6.25,-38,1769501587,3,3
2026-01-27 00:14:01.087034,0x433e9c88,99,4.189,20.266666,1.6348054,,,1769501637,,3
2026-01-27 00:14:19.807631,0x433abf20,99,4.18,21.443333,5.1835833,6.5,-76,1769501655,3,3
2026-01-27 00:14:38.410165,0x433acb14,101,4.224,24.031668,4.396806,5.25,-86,1769501674,3,3
2026-01-27 00:15:01.352958,0x433e9c88,97,4.156,17.315,1.6245832,,,1769501697,,3
2026-01-27 00:15:28.973598,0x433ad35c,96,4.143,23.800001,4.101611,8.0,-54,1769501724,3,3
2026-01-27 00:16:01.523112,0x433e9c88,100,4.193,15.588333,1.5880833,,,1769501757,,3
2026-01-27 00:17:01.358793,0x433e9c88,101,4.206,16.105001,1.5734723,,,1769501817,,3
2026-01-27 00:18:01.391444,0x433e9c88,99,4.185,14.041667,1.5712222,,,1769501877,,3
2026-01-27 00:18:01.797172,0x433b0b38,96,4.136,22.706667,4.6236944,5.0,-73,1769501877,5,5
2026-01-27 00:18:16.924886,0x433b0098,97,4.151,24.361668,4.19725,5.75,-60,1769501892,2,2
2026-01-27 00:19:01.437980,0x433e9c88,98,4.166,26.591667,1.6252779,,,1769501937,,3
2026-01-27 00:20:01.816617,0x433e9c88,100,4.196,20.05,1.6234722,,,1769501997,3,3
2026-01-27 00:20:38.794471,0x433acb14,99,4.177,29.068333,4.5126944,6.25,-86,1769502034,3,3
2026-01-27 00:21:01.835542,0x433e9c88,101,4.211,29.588333,1.6155279,,,1769502057,,3
2026-01-27 00:21:29.183320,0x433ad35c,101,4.201,25.154999,4.0874443,5.75,-54,1769502084,3,3
2026-01-27 00:22:02.064531,0x433e9c88,100,4.19,19.923334,1.6679723,,,1769502117,,3
2026-01-27 00:22:21.085093,0x433abf20,97,4.155,20.543333,5.4236946,5.5,-77,1769502136,3,3
2026-01-27 00:23:02.115267,0x433e9c88,96,4.145,18.745,1.6809722,,,1769502178,,3
2026-01-27 00:23:09.614222,0x433af380,98,4.163,19.67,4.143472,6.5,-38,1769502185,3,3
2026-01-27 00:24:01.870922,0x433b0b38,100,4.196,28.86,4.7612224,5.75,-73,1769502237,5,5
2026-01-27 00:24:01.967636,0x433e9c88,99,4.179,22.371666,1.6908056,,,1769502238,,3
2026-01-27 00:24:12.993500,0x433b0098,99,4.182,15.093334,4.2950277,6.25,-59,1769502248,2,2
2026-01-27 00:25:02.014330,0x433e9c88,99,4.181,18.666666,1.7259445,,,1769502298,,3
2026-01-27 00:26:02.062335,0x433e9c88,98,4.164,14.273334,1.6944721,,,1769502358,,3
2026-01-27 00:26:39.014904,0x433acb14,101,4.211,26.286667,4.599889,6.25,-86,1769502394,3,3
2026-01-27 00:27:02.106479,0x433e9c88,97,4.152,18.816666,1.7279999,,,1769502418,,3
2026-01-27 00:27:29.574035,0x433ad35c,101,4.203,24.308332,4.1884446,6.25,-55,1769502445,3,3
2026-01-27 00:28:02.154031,0x433e9c88,98,4.164,22.869999,1.7261945,,,1769502478,,3
2026-01-27 00:28:22.881328,0x433abf20,100,4.197,23.199999,5.3525,5.25,-76,1769502498,3,3
2026-01-27 00:29:02.198368,0x433e9c88,97,4.15,24.621668,1.6926666,,,1769502538,,3
2026-01-27 00:30:02.131782,0x433b0b38,101,4.212,21.185,4.7429724,5.5,-73,1769502597,5,5
2026-01-27 00:30:02.411331,0x433e9c88,96,4.144,24.181667,1.721889,,,1769502598,,3
2026-01-27 00:30:12.079262,0x433b0098,101,4.201,24.031668,4.302806,5.75,-60,1769502607,2,2
2026-01-27 00:31:02.322720,0x433e9c88,101,4.216,22.581667,1.7529167,,,1769502658,,3
2026-01-27 00:32:02.396458,0x433e9c88,101,4.202,19.733334,1.7700278,,,1769502718,,3
2026-01-27 00:32:13.415493,0xbd50376c,99,4.179,24.301666,1.6326388,6.75,-74,1769502729,3,3
2026-01-27 00:32:39.041097,0x433acb14,100,4.192,27.205,4.6250834,5.75,-86,1769502754,3,3
2026-01-27 00:32:58.464837,0x433af380,100,4.197,24.279999,4.191222,6.5,-38,1769502774,3,3
2026-01-27 00:33:02.458314,0x433e9c88,98,4.165,20.553333,1.7175833,,,1769502778,,3
2026-01-27 00:33:29.735498,0x433ad35c,98,4.167,21.838333,4.1491666,5.75,-54,1769502805,3,3
2026-01-27 00:34:02.468143,0x433e9c88,99,4.176,14.435,1.6827222,,,1769502838,,3
2026-01-27 00:34:21.179816,0x433abf20,100,4.191,23.515,5.2146664,6.0,-76,1769502856,3,3
2026-01-27 00:35:02.775269,0x433e9c88,97,4.151,24.060001,1.6886389,,,1769502898,,3
2026-01-27 00:36:02.479874,0x433b0b38,96,4.147,16.516666,4.5721664,6.0,-74,1769502958,5,5
2026-01-27 00:36:02.759941,0x433e9c88,98,4.175,19.513332,1.7075555,,,1769502958,,3
2026-01-27 00:36:12.498399,0x433b0098,100,4.194,20.801666,4.2938333,6.0,-60,1769502968,2,2
2026-01-27 00:37:02.701121,0x433e9c88,101,4.204,25.033335,1.6824445,,,1769503018,,3
2026-01-27 00:38:02.746657,0x433e9c88,95,4.125,23.196667,1.6738333,,,1769503078,,3
2026-01-27 00:38:39.497587,0x433acb14,101,4.212,25.125,4.5565,5.0,-85,1769503115,3,3
2026-01-27 00:39:02.793208,0x433e9c88,70,3.892,21.678333,1.6884444,,,1769503138,,3
2026-01-27 00:39:32.353925,0x433ad35c,99,4.179,20.488335,4.1336946,7.0,-54,1769503168,3,3
2026-01-27 00:40:02.839510,0x433e9c88,87,4.033,19.776667,1.7365834,,,1769503198,,3
2026-01-27 00:40:21.072990,0x433abf20,96,4.14,21.244999,5.117,5.5,-77,1769503216,3,3
2026-01-27 00:41:03.203604,0x433e9c88,99,4.184,21.733334,1.7073611,,,1769503259,,3
2026-01-27 00:42:02.678915,0x433b0b38,101,4.209,23.278334,4.586639,5.5,-72,1769503318,5,5
2026-01-27 00:42:03.209353,0x433e9c88,101,4.22,17.97,1.69275,,,1769503319,,3
2026-01-27 00:42:13.370544,0x433b0098,100,4.198,16.096666,4.1678333,6.25,-61,1769503329,2,2
2026-01-27 00:43:03.215342,0x433e9c88,98,4.174,21.566668,1.69275,,,1769503379,,3
2026-01-27 00:43:59.177658,0x433af380,99,4.179,17.65,4.1000557,6.25,-38,1769503434,3,3
2026-01-27 00:44:03.251919,0x433e9c88,96,4.139,22.845,1.7073611,,,1769503439,,3
2026-01-27 00:44:39.733680,0x433acb14,98,4.175,24.028334,4.5222225,5.5,-87,1769503475,3,3
2026-01-27 00:45:03.289697,0x433e9c88,99,4.185,21.758333,1.6901944,,,1769503499,,3
2026-01-27 00:45:30.121887,0x433ad35c,98,4.165,23.543335,4.2504444,7.75,-54,1769503525,3,3
2026-01-27 00:46:03.522092,0x433e9c88,98,4.174,25.263332,1.709111,,,1769503559,,3
2026-01-27 00:46:21.401767,0x433abf20,98,4.175,21.775,5.2406664,5.25,-76,1769503577,3,3
2026-01-27 00:47:03.482234,0x433e9c88,101,4.223,22.756666,1.6842777,,,1769503619,,3
2026-01-27 00:48:03.640292,0x433e9c88,101,4.22,15.741667,1.6550555,,,1769503679,,3
2026-01-27 00:48:04.322309,0x433b0b38,100,4.194,21.416668,4.6173887,5.5,-73,1769503680,5,5
2026-01-27 00:48:15.280295,0x433b0098,98,4.17,19.048332,4.212861,6.5,-60,1769503691,2,2
2026-01-27 00:49:03.613058,0x433e9c88,101,4.222,17.193335,1.6550555,,,1769503739,,3
2026-01-27 00:50:03.606870,0x433e9c88,101,4.206,18.066668,1.6361389,,,1769503799,,3
2026-01-27 00:50:39.811169,0x433acb14,99,4.179,24.386667,4.4549723,6.0,-86,1769503835,3,3
2026-01-27 00:51:03.670125,0x433e9c88,99,4.181,17.175,1.6274445,,,1769503859,,3
2026-01-27 00:51:30.586147,0x433ad35c,97,4.152,23.43,4.179861,7.0,-53,1769503886,3,3
2026-01-27 00:52:03.741942,0x433e9c88,99,4.183,15.476666,1.5793055,,,1769503919,,3
2026-01-27 00:52:22.788634,0x433abf20,100,4.19,22.351667,5.24025,5.75,-76,1769503938,3,3
2026-01-27 00:53:03.705865,0x433e9c88,92,4.086,27.561668,1.6333612,,,1769503979,,3
2026-01-27 00:54:04.242915,0x433e9c88,100,4.198,25.386667,1.6474999,,,1769504040,,3
2026-01-27 00:54:05.700506,0x433b0b38,97,4.149,22.211666,4.6675553,5.5,-73,1769504041,5,5
2026-01-27 00:54:58.728761,0x433af380,97,4.151,19.263332,4.089861,5.75,-38,1769504094,3,3
2026-01-27 00:55:04.428483,0x433e9c88,93,4.105,21.05,1.693611,,,1769504100,,3
2026-01-27 00:55:16.908653,0x433b0098,99,4.177,20.751667,3.9724998,6.5,-60,1769504112,2,2
2026-01-27 00:56:04.306279,0x433e9c88,98,4.164,22.278332,1.6771945,,,1769504160,3,3
2026-01-27 00:56:40.072234,0x433acb14,100,4.194,25.886667,4.369,6.25,-86,1769504195,3,3
2026-01-27 00:57:04.636962,0x433e9c88,97,4.154,22.261667,1.693611,,,1769504220,,3
2026-01-27 00:57:30.717308,0x433ad35c,97,4.153,22.663334,4.2166944,7.75,-54,1769504246,3,3
2026-01-27 00:58:04.538830,0x433e9c88,99,4.177,19.213333,1.7039167,,,1769504280,,3
2026-01-27 00:58:22.338253,0x433abf20,96,4.144,20.161667,5.2071943,4.5,-76,1769504298,3,3
2026-01-27 00:59:04.546039,0x433e9c88,99,4.177,25.59,1.6996112,,,1769504340,,3
2026-01-27 01:00:04.138770,0x433b0b38,101,4.219,19.045,4.6590557,5.75,-73,1769504399,5,5
2026-01-27 01:00:04.449077,0x433e9c88,99,4.184,13.64,1.6806946,,,1769504400,,3
2026-01-25 14:59:17.186259,0x433abf20,100,4.19,23.55,4.263695,5.75,-77,1769381956,3,3
2026-01-25 14:59:44.179390,0x433e9c88,99,4.177,25.029999,1.9141667,,,1769381983,,3
2026-01-25 15:00:24.877443,0x433af380,99,4.185,19.941668,3.4623055,6.25,-39,1769382023,3,3
2026-01-25 15:00:29.598370,0x433acb14,100,4.193,20.671667,2.2629724,4.75,-89,1769382028,3,3
2026-01-25 15:00:44.277216,0x433e9c88,100,4.195,23.201666,1.8644999,,,1769382043,,3
2026-01-25 15:00:52.057523,0x433aad0c,92,4.08,19.695,2.7683332,5.25,-75,1769382051,3,3
2026-01-25 15:01:24.173648,0x433ad35c,99,4.178,26.033333,3.7620556,7.25,-54,1769382083,3,3
2026-01-25 15:01:44.363232,0x433e9c88,101,4.213,26.631664,1.8334723,,,1769382103,,3
2026-01-25 15:02:44.513032,0x433e9c88,99,4.184,23.733334,1.8334723,,,1769382163,,3
2026-01-25 15:02:56.341087,0x433b0098,99,4.179,21.16,0.3843889,5.75,-61,1769382175,2,2
2026-01-25 15:03:44.572668,0x433e9c88,98,4.173,24.266666,1.8334723,,,1769382223,,3
2026-01-25 15:03:52.710858,0x433b0b38,99,4.177,24.266666,4.1930003,6.75,-74,1769382231,5,5
2026-01-25 15:04:44.560697,0x433e9c88,100,4.196,28.0,1.8724723,,,1769382283,,3
2026-01-25 15:05:17.055836,0x433abf20,98,4.168,22.744999,4.261389,5.75,-76,1769382316,3,3
2026-01-25 15:05:44.486108,0x433e9c88,101,4.226,24.8,1.8537779,,,1769382343,,3
2026-01-25 15:06:30.033926,0x433acb14,101,4.202,22.313334,2.7556667,-1.0,-98,1769382388,3,3
2026-01-25 15:06:44.690261,0x433e9c88,98,4.163,21.683334,1.8512778,,,1769382403,,3
2026-01-25 15:06:51.541283,0x433aad0c,101,4.201,22.560001,2.9309444,6.25,-76,1769382410,3,3
2026-01-25 15:07:24.629721,0x433ad35c,98,4.169,24.529999,3.7532778,7.25,-54,1769382443,3,3
2026-01-25 15:07:44.722011,0x433e9c88,98,4.165,26.359999,1.8553333,,,1769382463,,3
2026-01-25 15:08:44.623737,0x433e9c88,96,4.146,21.131666,1.8694723,,,1769382523,,3
2026-01-25 15:09:44.693044,0x433e9c88,98,4.164,22.313334,1.8836111,,,1769382583,,3
2026-01-25 15:09:51.888121,0x433b0b38,97,4.149,21.435,4.1658053,7.0,-74,1769382590,5,5
2026-01-25 15:10:44.755818,0x433e9c88,101,4.217,27.073332,1.8982222,,,1769382643,,3
2026-01-25 15:11:17.724040,0x433abf20,98,4.173,23.595,4.297,5.75,-76,1769382676,3,3
2026-01-25 15:11:25.166747,0x433af380,98,4.165,24.481667,3.4482777,6.0,-39,1769382684,3,3
2026-01-25 15:11:44.886035,0x433e9c88,101,4.206,23.063334,1.9315279,,,1769382704,3,3
2026-01-25 15:12:00.374954,0x433b0098,97,4.154,24.255,0.8742223,6.0,-61,1769382719,2,2
2026-01-25 15:12:30.264859,0x433acb14,101,4.214,22.695,3.1147223,1.5,-96,1769382749,3,3
2026-01-25 15:12:45.032556,0x433e9c88,95,4.124,25.445,1.9778612,,,1769382764,,3
2026-01-25 15:12:51.799659,0x433aad0c,101,4.219,20.626667,2.9005,6.5,-77,1769382770,3,3
2026-01-25 15:13:24.195252,0x433ad35c,95,4.132,30.138334,3.7279167,7.0,-54,1769382803,3,3
2026-01-25 15:13:44.956120,0x433e9c88,98,4.167,29.383335,1.9591666,,,1769382824,,3
2026-01-25 15:14:45.172446,0x433e9c88,99,4.178,21.57,1.9217778,,,1769382884,,3
2026-01-25 15:15:45.236997,0x433e9c88,101,4.212,20.218334,1.9696945,,,1769382944,,3
2026-01-25 15:15:56.284106,0x433b0b38,97,4.16,22.216667,4.2207503,6.5,-74,1769382955,5,5
2026-01-25 15:16:45.261703,0x433e9c88,100,4.2,22.553333,2.0089166,,,1769383004,,3
2026-01-25 15:17:17.623533,0x433abf20,100,4.191,22.473333,4.412667,5.75,-75,1769383036,3,3
2026-01-25 15:17:45.270286,0x433e9c88,101,4.232,21.585,2.0376945,,,1769383064,,3
2026-01-25 15:18:01.058355,0x433b0098,101,4.201,24.609999,1.265861,6.0,-61,1769383080,2,2
2026-01-25 15:18:30.716832,0x433acb14,97,4.161,25.868332,3.5638888,-0.5,-98,1769383109,3,3
2026-01-25 15:18:45.247350,0x433e9c88,101,4.208,28.125,2.0089443,,,1769383124,,3
2026-01-25 15:18:51.500033,0x433aad0c,101,4.215,27.248331,2.8776388,6.0,-78,1769383130,3,3
2026-01-25 15:19:24.376341,0x433ad35c,99,4.179,25.99,3.7641666,6.75,-54,1769383163,3,3
2026-01-25 15:19:45.343008,0x433e9c88,97,4.159,26.085001,2.029,,,1769383184,,3
2026-01-25 15:20:45.313254,0x433e9c88,101,4.203,23.211666,1.9975,,,1769383244,,3
2026-01-25 15:21:27.453879,0x433af380,99,4.177,21.668333,3.2900832,5.75,-39,1769383286,3,3
2026-01-25 15:21:45.530974,0x433e9c88,101,4.229,25.515,1.9824445,,,1769383304,,3
2026-01-25 15:21:52.525322,0x433b0b38,99,4.189,22.885,4.3634725,7.25,-74,1769383311,5,5
2026-01-25 15:22:45.519407,0x433e9c88,100,4.191,22.991667,1.9824445,,,1769383364,,3
2026-01-25 15:23:45.428854,0x433e9c88,101,4.211,24.035,1.9450556,,,1769383424,,3
2026-01-25 15:23:56.290043,0x433b0098,98,4.17,14.468333,1.6609166,6.0,-61,1769383435,2,2
2026-01-25 15:24:18.043258,0x433abf20,98,4.165,21.653334,4.415167,5.5,-76,1769383457,3,3
2026-01-25 15:24:31.043556,0x433acb14,101,4.224,25.69,4.116417,0.25,-97,1769383470,3,3
2026-01-25 15:24:45.575549,0x433e9c88,98,4.162,25.853333,1.9195,,,1769383484,,3
2026-01-25 15:24:52.249120,0x433aad0c,96,4.144,27.018333,2.9549444,6.25,-77,1769383491,3,3
2026-01-25 15:25:26.758953,0x433ad35c,100,4.194,22.625,3.7149165,5.75,-54,1769383525,3,3
2026-01-25 15:25:45.531262,0x433e9c88,101,4.201,24.346666,1.8274446,,,1769383544,,3
2026-01-25 15:26:45.705945,0x433e9c88,98,4.171,22.939999,1.8796668,,,1769383604,,3
2026-01-25 15:27:45.610385,0x433e9c88,101,4.221,19.82,1.8425001,,,1769383664,,3
2026-01-25 15:27:53.834781,0x433b0b38,97,4.148,19.82,4.3130555,6.0,-75,1769383672,5,5
2026-01-25 15:28:45.657139,0x433e9c88,97,4.156,27.096668,1.8128333,,,1769383724,,3
2026-01-25 15:29:45.701506,0x433e9c88,97,4.15,24.868334,1.7743055,,,1769383784,,3
2026-01-25 15:29:57.049761,0x433b0098,99,4.176,21.993334,1.9599445,5.75,-61,1769383795,2,2
2026-01-25 15:30:19.718784,0x433abf20,98,4.167,20.491667,4.3956113,5.25,-77,1769383818,3,3
2026-01-25 15:30:31.287719,0x433acb14,100,4.195,23.68,4.232583,2.25,-94,1769383830,3,3
2026-01-25 15:30:45.782900,0x433e9c88,97,4.156,25.623333,1.7868612,,,1769383844,,3
2026-01-25 15:30:52.763644,0x433aad0c,99,4.183,25.623333,2.7989724,5.25,-77,1769383851,3,3
2026-01-25 15:31:27.328281,0x433ad35c,96,4.144,22.906668,3.6206946,7.5,-54,1769383886,3,3
2026-01-25 15:31:29.205306,0x433af380,101,4.204,23.483334,3.2722223,6.0,-39,1769383888,3,3
2026-01-25 15:31:45.846470,0x433e9c88,100,4.19,27.15,1.7366943,,,1769383905,,3
2026-01-25 15:32:46.031311,0x433e9c88,101,4.221,21.388334,1.7499444,,,1769383965,,3
2026-01-25 15:33:45.988747,0x433e9c88,100,4.194,23.186666,1.7456388,,,1769384025,,3
2026-01-25 15:33:52.807455,0x433b0b38,98,4.171,23.186666,4.3055277,7.0,-74,1769384031,5,5
2026-01-25 15:34:46.099091,0x433e9c88,101,4.204,25.605,1.6646667,,,1769384085,,3
2026-01-25 15:35:46.143848,0x433e9c88,99,4.183,22.856667,1.6605834,,,1769384145,,3
2026-01-25 15:36:03.363053,0xbd50376c,100,4.19,22.638332,1.3992223,2.75,-75,1769384162,3,3
2026-01-25 15:36:20.025759,0x433abf20,98,4.17,23.064999,4.3951387,5.75,-77,1769384178,3,3
2026-01-25 15:36:31.305123,0x433acb14,101,4.202,25.691668,4.3763614,1.25,-96,1769384190,3,3
2026-01-25 15:36:46.103000,0x433e9c88,101,4.225,25.224998,1.6491389,,,1769384205,,3
2026-01-25 15:36:52.901425,0x433aad0c,101,4.22,25.101667,2.757,6.5,-77,1769384211,3,3
2026-01-25 15:37:28.532327,0x433ad35c,100,4.196,24.116667,3.5306666,8.0,-53,1769384247,3,3
2026-01-25 15:37:46.153939,0x433e9c88,98,4.17,25.401667,1.6286387,,,1769384265,,3
2026-01-25 15:38:46.327316,0x433e9c88,96,4.145,22.744999,1.6534722,,,1769384325,,3
2026-01-25 15:38:57.261102,0x433b0098,99,4.185,21.72,2.4034722,6.0,-61,1769384336,2,2
2026-01-25 15:39:46.294211,0x433e9c88,99,4.187,22.898333,1.6534722,,,1769384385,,3
2026-01-25 15:39:53.305950,0x433b0b38,98,4.164,22.803333,4.265972,7.0,-74,1769384392,5,5
2026-01-25 15:40:46.237588,0x433e9c88,101,4.203,23.538334,1.6676111,,,1769384445,,3
2026-01-25 15:41:26.316099,0x433af380,98,4.169,19.483334,3.2524998,5.75,-39,1769384485,3,3
2026-01-25 15:41:46.282131,0x433e9c88,98,4.175,22.416666,1.6716944,,,1769384505,,3
2026-01-25 15:42:19.468816,0x433abf20,101,4.213,24.473333,4.434583,5.25,-76,1769384538,3,3
2026-01-25 15:42:31.557962,0x433acb14,98,4.173,23.406666,4.362111,1.0,-96,1769384550,3,3
2026-01-25 15:42:46.339832,0x433e9c88,99,4.178,24.541668,1.6570833,,,1769384565,,3
2026-01-25 15:42:52.538888,0x433aad0c,101,4.224,24.541668,2.6761944,7.25,-77,1769384571,3,3
2026-01-25 15:43:27.968582,0x433ad35c,100,4.194,24.47,3.4599721,5.5,-54,1769384606,3,3
2026-01-25 15:43:46.423215,0x433e9c88,101,4.222,28.93,1.6053057,,,1769384625,,3
2026-01-25 15:44:46.419263,0x433e9c88,100,4.19,21.103333,1.5573889,,,1769384685,,3
2026-01-25 15:44:57.122633,0x433b0098,101,4.203,20.885,2.7969723,5.75,-61,1769384696,2,2
2026-01-25 15:45:46.504070,0x433e9c88,99,4.185,22.598333,1.5544444,,,1769384745,,3
2026-01-25 15:45:53.803855,0x433b0b38,101,4.202,23.475,4.2689443,6.0,-75,1769384752,5,5
2026-01-25 15:46:46.659747,0x433e9c88,94,4.106,24.335,1.6105278,,,1769384805,,3
2026-01-25 15:47:46.740072,0x433e9c88,101,4.203,22.01,1.6016666,,,1769384865,3,3
2026-01-25 15:48:20.069213,0x433abf20,101,4.201,23.926666,4.425611,6.25,-76,1769384898,3,3
2026-01-25 15:48:34.775065,0x433acb14,99,4.176,26.281666,4.5415554,6.25,-39,1769384913,3,2
2026-01-25 15:48:46.805108,0x433e9c88,100,4.193,28.293333,1.6509444,,,1769384925,,3
2026-01-25 15:48:54.029791,0x433aad0c,101,4.212,24.993334,2.5866113,6.75,-77,1769384932,3,3
2026-01-25 15:49:28.128703,0x433ad35c,99,4.183,26.92,3.4179444,7.75,-54,1769384967,3,3
2026-01-25 15:49:46.903269,0x433e9c88,100,4.198,29.095,1.6903888,,,1769384986,,3
2026-01-25 15:50:46.904734,0x433e9c88,101,4.206,20.501667,1.6511668,,,1769385046,,3
2026-01-25 15:50:57.265430,0x433b0098,100,4.198,21.404999,3.1022222,6.0,-61,1769385056,2,2
2026-01-25 15:51:26.457999,0x433af380,101,4.227,20.67,3.0757499,6.25,-39,1769385085,3,3
2026-01-25 15:51:47.101242,0x433e9c88,99,4.18,22.859999,1.6265557,,,1769385106,,3
2026-01-25 15:51:56.592872,0x433b0b38,97,4.161,23.736666,4.16475,7.25,-74,1769385115,5,5
2026-01-25 15:52:46.954324,0x433e9c88,101,4.231,24.359999,1.6452501,,,1769385166,,3
2026-01-25 15:53:47.135056,0x433e9c88,101,4.22,25.14,1.6204168,,,1769385226,,3
2026-01-25 15:54:22.408648,0x433abf20,101,4.225,19.08,4.4058056,5.75,-76,1769385261,3,3
2026-01-25 15:54:32.209366,0x433acb14,98,4.163,24.473333,4.5336113,3.25,-93,1769385271,3,3
2026-01-25 15:54:47.243605,0x433e9c88,100,4.197,24.391666,1.6548333,,,1769385286,,3
2026-01-25 15:54:53.180509,0x433aad0c,99,4.18,26.484999,2.802472,6.75,-76,1769385292,3,3
2026-01-25 15:55:28.529920,0x433ad35c,97,4.16,25.936666,3.2137778,5.75,-53,1769385327,3,3
2026-01-25 15:55:47.246121,0x433e9c88,98,4.173,27.125,1.6609722,,,1769385346,,3
2026-01-25 15:56:47.137017,0x433e9c88,101,4.211,22.036667,1.6721666,,,1769385406,,3
2026-01-25 15:56:58.250172,0x433b0098,97,4.15,19.301666,3.3470001,6.25,-61,1769385417,2,2
2026-01-25 15:57:47.378705,0x433e9c88,101,4.232,20.806667,1.7041111,,,1769385466,,3
2026-01-25 15:57:54.998354,0x433b0b38,97,4.155,21.588333,4.0820556,7.0,-74,1769385473,5,5
2026-01-25 15:58:47.309304,0x433e9c88,99,4.178,27.631668,1.7515554,,,1769385526,,3
2026-01-26 19:00:36.948347,0x433e9c88,101,4.225,23.418333,1.8913054,,,1769482833,,3
2026-01-26 19:01:00.913168,0x433abf20,99,4.183,19.708334,4.943472,5.5,-76,1769482857,3,3
2026-01-26 19:01:37.087912,0x433e9c88,101,4.217,22.128334,1.8766946,,,1769482893,,3
2026-01-26 19:02:20.954751,0x433acb14,101,4.208,25.713333,4.307389,4.25,-90,1769482937,3,3
2026-01-26 19:02:37.130687,0x433e9c88,101,4.228,19.925,1.9253055,,,1769482953,,3
2026-01-26 19:03:12.214983,0x433ad35c,98,4.164,21.735,4.3403335,7.0,-52,1769482988,3,3
2026-01-26 19:03:37.091856,0x433e9c88,98,4.17,16.861668,1.8917779,,,1769483013,,3
2026-01-26 19:03:47.055768,0x433b0098,95,4.123,17.573334,3.8855002,5.75,-61,1769483023,2,2
2026-01-26 19:04:37.354386,0x433e9c88,101,4.206,17.12,1.8564167,,,1769483073,,3
2026-01-26 19:04:53.051251,0xbd50376c,95,4.129,22.526667,2.337222,6.75,-74,1769483089,3,3
2026-01-26 19:05:37.327326,0x433e9c88,101,4.208,28.358334,1.8375,,,1769483133,,3
2026-01-26 19:05:38.678255,0x433b0b38,100,4.193,28.358334,4.392389,6.0,-73,1769483134,5,5
2026-01-26 19:06:37.417956,0x433e9c88,101,4.205,21.789999,1.8331945,,,1769483193,,3
2026-01-26 19:07:01.170509,0x433abf20,101,4.211,23.213333,4.8853335,5.25,-76,1769483217,3,3
2026-01-26 19:07:37.377121,0x433e9c88,101,4.23,23.43,1.7992222,,,1769483253,,3
2026-01-26 19:08:21.199553,0x433acb14,101,4.223,21.471668,4.3047776,4.75,-90,1769483297,3,3
2026-01-26 19:08:37.391005,0x433e9c88,98,4.174,21.171667,1.7992222,,,1769483313,,3
2026-01-26 19:09:12.566142,0x433ad35c,98,4.17,24.976665,4.436139,6.0,-53,1769483348,3,3
2026-01-26 19:09:37.525507,0x433e9c88,98,4.166,19.993334,1.7930833,,,1769483374,,3
2026-01-26 19:09:48.904711,0x433b0098,98,4.167,24.578333,4.0597224,6.0,-62,1769483385,2,2
2026-01-26 19:10:37.627084,0x433e9c88,92,4.081,23.403334,1.8325279,,,1769483434,,3
2026-01-26 19:11:37.602305,0x433e9c88,98,4.168,19.201666,1.836389,,,1769483494,,3
2026-01-26 19:11:39.290573,0x433b0b38,100,4.194,24.359999,4.4890833,5.75,-73,1769483495,5,5
2026-01-26 19:12:37.771790,0x433e9c88,98,4.167,17.231667,1.836389,,,1769483554,,3
2026-01-26 19:12:49.786388,0x433af380,98,4.165,21.92,3.3836386,6.0,-39,1769483566,3,3
2026-01-26 19:13:02.465357,0x433abf20,98,4.173,18.778334,4.820528,5.5,-76,1769483578,3,3
2026-01-26 19:13:37.621825,0x433e9c88,100,4.194,18.57,1.8510001,,,1769483614,,3
2026-01-26 19:14:21.554556,0x433acb14,100,4.199,18.528334,4.21175,4.75,-88,1769483657,3,3
2026-01-26 19:14:37.832799,0x433e9c88,101,4.214,24.908335,1.8553056,,,1769483674,,3
2026-01-26 19:15:12.880286,0x433ad35c,100,4.194,23.458334,4.4203887,6.75,-52,1769483709,3,3
2026-01-26 19:15:37.957311,0x433e9c88,98,4.167,24.02,1.8342501,,,1769483734,,3
2026-01-26 19:16:37.829585,0x433e9c88,98,4.175,21.443333,1.8385556,,,1769483794,,3
2026-01-26 19:16:47.668380,0x433b0098,95,4.132,21.746666,4.217528,6.5,-62,1769483803,2,2
2026-01-26 19:17:37.855467,0x433e9c88,94,4.118,25.441668,1.8326389,,,1769483854,,3
2026-01-26 19:17:39.368953,0x433b0b38,96,4.142,21.991667,4.53275,5.25,-73,1769483855,5,5
2026-01-26 19:18:37.976775,0x433e9c88,101,4.223,20.213333,1.8501945,,,1769483914,,3
2026-01-26 19:19:01.691777,0x433abf20,97,4.159,20.723333,4.8253336,5.5,-76,1769483937,3,3
2026-01-26 19:19:37.985712,0x433e9c88,99,4.176,21.143333,1.8351111,,,1769483974,,3
2026-01-26 19:20:21.854003,0x433acb14,100,4.193,20.071667,4.3079724,5.0,-90,1769484018,3,3
2026-01-26 19:20:38.036384,0x433e9c88,98,4.17,22.165,1.8081667,,,1769484034,,3
2026-01-26 19:21:12.927727,0x433ad35c,97,4.153,23.029999,4.5305552,7.25,-52,1769484069,3,3
2026-01-26 19:21:38.182574,0x433e9c88,101,4.229,14.598333,1.8464721,,,1769484094,,3
2026-01-26 19:22:38.281155,0x433e9c88,101,4.23,21.4,1.8464721,,,1769484154,,3
2026-01-26 19:22:49.626435,0x433b0098,101,4.204,19.473333,4.1990275,5.75,-61,1769484165,2,2
2026-01-26 19:23:38.166571,0x433e9c88,97,4.154,19.390001,1.8697778,,,1769484214,,3
2026-01-26 19:23:39.541920,0x433b0b38,97,4.16,21.143333,4.5651665,5.75,-73,1769484215,5,5
2026-01-26 19:24:38.229355,0x433e9c88,101,4.208,20.008333,1.8843889,,,1769484274,,3
2026-01-26 19:25:00.039719,0x433af380,99,4.179,18.601665,3.306,6.0,-38,1769484296,3,3
2026-01-26 19:25:03.257248,0x433abf20,97,4.151,20.231667,4.8299723,6.0,-75,1769484299,3,3
2026-01-26 19:25:38.327935,0x433e9c88,100,4.191,26.508335,1.8454167,,,1769484334,,3
2026-01-26 19:26:21.987783,0x433acb14,99,4.186,21.101667,4.2288055,4.5,-88,1769484378,3,3
2026-01-26 19:26:38.416143,0x433e9c88,100,4.195,23.745,1.8497223,,,1769484394,,3
2026-01-26 19:27:13.172266,0x433ad35c,99,4.183,25.183332,4.60975,6.0,-53,1769484429,3,3
2026-01-26 19:27:38.465994,0x433e9c88,98,4.173,19.695,1.8308054,,,1769484454,,3
2026-01-26 19:28:38.400486,0x433e9c88,101,4.219,19.2,1.8312501,,,1769484514,,3
2026-01-26 19:28:48.561569,0x433b0098,99,4.178,23.606667,4.2904167,6.0,-61,1769484524,2,2
2026-01-26 19:29:38.447207,0x433e9c88,99,4.178,21.251667,1.8645277,,,1769484574,,3
2026-01-26 19:29:40.239167,0x433b0b38,96,4.147,22.128334,4.50525,5.75,-74,1769484576,5,5
2026-01-26 19:30:38.868526,0x433e9c88,101,4.217,20.323334,1.8925833,,,1769484635,3,3
2026-01-26 19:31:02.410376,0x433abf20,99,4.179,23.771666,4.748083,5.5,-76,1769484658,3,3
2026-01-26 19:31:38.844954,0x433e9c88,100,4.192,20.401667,1.89925,,,1769484695,,3
2026-01-26 19:32:22.295888,0x433acb14,99,4.186,28.600002,4.2242503,4.5,-87,1769484738,3,3
2026-01-26 19:32:38.890924,0x433e9c88,101,4.206,24.85,1.9432223,,,1769484755,,3
2026-01-26 19:33:13.611160,0x433ad35c,101,4.212,20.063334,4.4541388,5.75,-53,1769484789,3,3
2026-01-26 19:33:38.964781,0x433e9c88,100,4.191,18.696667,1.9623889,,,1769484815,,3
2026-01-26 19:34:39.020875,0x433e9c88,97,4.153,24.359999,2.0002222,,,1769484875,,3
2026-01-26 19:34:45.623082,0x433af380,99,4.176,23.938334,3.2258055,6.5,-39,1769484881,3,3
2026-01-26 19:35:39.521501,0x433e9c88,99,4.186,23.486666,1.9473333,,,1769484935,,3
2026-01-26 19:35:40.255733,0x433b0b38,99,4.189,26.633335,4.5808053,6.25,-74,1769484936,5,5
2026-01-26 19:36:39.237042,0x433e9c88,101,4.229,19.173332,1.9619445,,,1769484995,,3
2026-01-26 19:36:52.591875,0x433b0098,100,4.193,18.393333,4.2273054,6.5,-60,1769485008,2,2
2026-01-26 19:37:39.332254,0x433e9c88,97,4.157,21.513334,1.964639,,,1769485055,,3
2026-01-26 19:38:02.995288,0x433abf20,101,4.208,19.146666,4.6526947,5.25,-75,1769485079,3,3
2026-01-26 19:38:23.152161,0x433acb14,101,4.225,22.251667,4.1236663,4.25,-88,1769485099,3,3
2026-01-26 19:38:39.236959,0x433e9c88,95,4.128,24.47,1.9603332,,,1769485115,,3
2026-01-26 19:39:13.781858,0x433ad35c,101,4.222,25.553333,4.416972,6.25,-53,1769485149,3,3
2026-01-26 19:39:39.267623,0x433e9c88,99,4.179,19.981667,1.9749444,,,1769485175,,3
2026-01-26 19:40:39.314491,0x433e9c88,101,4.23,22.908333,1.9749444,,,1769485235,,3
2026-01-26 19:40:55.721129,0xbd50376c,99,4.182,21.101667,2.1653056,5.75,-75,1769485251,3,3
2026-01-26 19:41:39.492874,0x433e9c88,97,4.159,21.198334,1.9706389,,,1769485295,,3
2026-01-26 19:41:40.681178,0x433b0b38,99,4.188,21.198334,4.581389,5.25,-73,1769485296,5,5
2026-01-26 19:42:39.607353,0x433e9c88,100,4.194,19.608334,1.9564999,,,1769485355,,3
2026-01-26 19:42:50.994824,0x433b0098,96,4.138,23.796667,4.0740833,6.25,-60,1769485367,2,2
2026-01-26 19:43:39.578756,0x433e9c88,98,4.164,21.005001,1.9904722,,,1769485415,,3
2026-01-26 19:44:23.193017,0x433acb14,101,4.208,24.1,4.1240835,4.0,-87,1769485459,3,3
2026-01-26 19:44:39.649468,0x433e9c88,99,4.176,24.031668,2.0196943,,,1769485476,,3
2026-01-26 19:44:44.740322,0x433af380,99,4.178,24.735,3.1467502,6.0,-39,1769485480,3,3
2026-01-26 19:45:13.941540,0x433ad35c,100,4.192,26.728333,4.2795835,6.0,-53,1769485510,3,3
2026-01-26 19:45:39.713362,0x433e9c88,100,4.197,25.196665,1.9825277,,,1769485536,,3
2026-01-26 19:46:03.009055,0x433abf20,98,4.172,24.648333,4.7041945,5.25,-75,1769485559,3,3
2026-01-26 19:46:39.614232,0x433e9c88,97,4.152,23.468334,2.0163054,,,1769485596,,3
2026-01-26 19:47:39.708916,0x433e9c88,98,4.165,21.748333,2.0120277,,,1769485656,,3
2026-01-26 19:47:42.282663,0x433b0b38,95,4.133,22.625,4.602028,6.25,-74,1769485658,5,5
2026-01-26 19:48:39.747610,0x433e9c88,98,4.168,20.776667,2.001722,,,1769485716,,3
2026-01-26 19:48:50.769471,0x433b0098,98,4.162,14.985,4.034167,7.25,-60,1769485726,2,2
2026-01-26 19:49:39.824946,0x433e9c88,98,4.165,22.02,2.001722,,,1769485776,,3
2026-01-26 19:50:23.231186,0x433acb14,101,4.204,25.455002,4.1886387,4.0,-88,1769485819,3,3
2026-01-26 19:50:39.827576,0x433e9c88,101,4.208,24.481667,1.953139,,,1769485836,,3
2026-01-26 19:51:15.032080,0x433ad35c,98,4.168,21.678333,4.2773333,6.0,-53,1769485871,3,3
2026-01-26 19:51:39.856072,0x433e9c88,98,4.162,21.761665,1.9490278,,,1769485896,,3
2026-01-26 19:52:05.737231,0x433abf20,101,4.214,16.563334,4.66875,5.5,-75,1769485921,3,3
2026-01-26 19:52:40.002402,0x433e9c88,58,3.784,26.78,1.9236667,,,1769485956,,3
2026-01-26 19:53:40.129734,0x433e9c88,96,4.14,20.308334,1.9086112,,,1769486016,,3
2026-01-26 19:53:40.938722,0x433b0b38,99,4.186,20.308334,4.517889,6.0,-74,1769486017,5,5
2026-01-26 19:54:40.156012,0x433e9c88,96,4.136,19.668333,1.9207222,,,1769486076,,3
2026-01-26 19:54:44.763833,0x433af380,100,4.194,17.67,3.0823889,6.25,-39,1769486080,3,3
2026-01-26 19:54:50.902034,0x433b0098,98,4.166,21.816666,4.154611,5.75,-60,1769486087,2,2
2026-01-26 19:55:40.043234,0x433e9c88,97,4.155,26.015,1.9063333,,,1769486136,,3
2026-01-26 19:56:23.539319,0x433acb14,100,4.199,22.305,4.1884165,4.25,-88,1769486179,3,3
2026-01-26 19:56:40.130973,0x433e9c88,99,4.183,21.115,1.9079444,,,1769486196,,3
2026-01-26 19:57:14.558203,0x433ad35c,99,4.188,22.581667,4.245139,6.5,-53,1769486230,3,3
2026-01-26 19:57:40.267265,0x433e9c88,98,4.17,20.57,1.9200556,,,1769486256,,3
2026-01-26 19:58:07.203277,0x433abf20,100,4.194,19.75,4.5949445,5.75,-75,1769486283,3,3
2026-01-26 19:58:40.315943,0x433e9c88,99,4.176,24.631668,1.9681944,,,1769486316,,3
2026-01-26 19:59:40.373628,0x433e9c88,98,4.171,21.551666,2.0142221,,,1769486376,,3
2026-01-26 19:59:44.311039,0x433b0b38,100,4.192,21.551666,4.4615836,5.0,-74,1769486380,5,5
2026-01-27 05:01:20.757956,0x433e9c88,101,4.202,23.815,1.6633334,,,1769518876,,3
2026-01-27 05:01:31.856217,0x433b0098,99,4.177,20.761667,4.3345556,6.75,-59,1769518887,2,2
2026-01-27 05:02:20.803514,0x433e9c88,99,4.184,29.563335,1.6090833,,,1769518936,,3
2026-01-27 05:03:03.045032,0x433acb14,100,4.196,24.578333,4.622222,5.0,-85,1769518978,3,3
2026-01-27 05:03:21.086829,0x433e9c88,100,4.193,23.975,1.6298056,,,1769518996,,3
2026-01-27 05:03:45.181153,0x433abf20,101,4.201,23.975,4.6751947,5.25,-77,1769519020,3,3
2026-01-27 05:03:48.222696,0x433ad35c,96,4.138,25.945,4.251278,6.25,-55,1769519023,3,3
2026-01-27 05:04:08.421028,0x433af380,96,4.144,24.668333,3.9322224,6.0,-38,1769519043,3,3
2026-01-27 05:04:21.081539,0x433e9c88,99,4.181,24.115,1.6779445,,,1769519056,,3
2026-01-27 05:05:21.156268,0x433e9c88,99,4.179,22.035,1.6779445,,,1769519116,,3
2026-01-27 05:06:20.672312,0x433b0b38,98,4.173,21.518333,4.920472,5.5,-72,1769519176,5,5
2026-01-27 05:06:21.202098,0x433e9c88,100,4.19,21.23,1.68825,,,1769519176,,3
2026-01-27 05:07:21.203876,0x433e9c88,98,4.173,17.106667,1.69075,,,1769519236,,3
2026-01-27 05:07:32.583537,0x433b0098,97,4.161,19.736668,4.3242497,6.5,-61,1769519247,2,2
2026-01-27 05:08:21.300485,0x433e9c88,101,4.207,18.56,1.6383055,,,1769519296,,3
2026-01-27 05:09:02.789228,0x433acb14,101,4.218,19.598333,4.532361,6.25,-87,1769519338,3,3
2026-01-27 05:09:21.310439,0x433e9c88,100,4.192,17.831667,1.62325,,,1769519356,,3
2026-01-27 05:09:48.478564,0x433ad35c,100,4.191,25.728333,4.2820554,6.25,-55,1769519383,3,3
2026-01-27 05:10:21.326228,0x433e9c88,101,4.21,25.32,1.6499722,,,1769519416,,3
2026-01-27 05:10:46.025592,0x433abf20,100,4.199,23.623333,4.754861,5.75,-75,1769519441,3,3
2026-01-27 05:11:21.446882,0x433e9c88,97,4.158,22.02,1.6310556,,,1769519476,3,3
2026-01-27 05:12:21.538390,0x433e9c88,100,4.193,24.715,1.6504444,,,1769519537,,3
2026-01-27 05:12:22.422546,0x433b0b38,98,4.169,20.593334,5.02375,6.25,-72,1769519537,5,5
2026-01-27 05:13:21.544275,0x433e9c88,98,4.17,18.886665,1.6650555,,,1769519597,,3
2026-01-27 05:13:32.408629,0x433b0098,93,4.092,18.176668,4.2756667,6.0,-61,1769519607,2,2
2026-01-27 05:14:07.399728,0x433af380,95,4.131,21.601667,3.9801943,6.25,-38,1769519642,3,3
2026-01-27 05:14:21.648516,0x433e9c88,99,4.179,23.428333,1.6650555,,,1769519657,,3
2026-01-27 05:15:01.702081,0x433acb14,101,4.204,30.766666,4.307528,4.25,-86,1769519697,3,3
2026-01-27 05:15:21.698850,0x433e9c88,98,4.173,24.233334,1.6272223,,,1769519717,,3
2026-01-27 05:15:48.741068,0x433ad35c,98,4.174,22.278332,4.3283057,6.0,-54,1769519744,3,3
2026-01-27 05:16:22.049008,0x433e9c88,101,4.219,16.861668,1.5902778,,,1769519777,,3
2026-01-27 05:16:46.391857,0x433abf20,97,4.158,19.791668,4.776472,5.75,-76,1769519801,3,3
2026-01-27 05:17:22.300490,0x433e9c88,101,4.202,22.390001,1.6048889,,,1769519837,,3
2026-01-27 05:18:19.342014,0x433b0b38,97,4.158,21.841665,5.075722,5.75,-71,1769519894,5,5
2026-01-27 05:18:22.173105,0x433e9c88,101,4.208,27.41,1.6199446,,,1769519897,,3
2026-01-27 05:19:22.279687,0x433e9c88,100,4.194,18.038334,1.6199446,,,1769519957,,3
2026-01-27 05:19:32.733750,0x433b0098,97,4.155,21.488333,4.285306,5.75,-61,1769519968,2,2
2026-01-27 05:20:22.461879,0x433e9c88,98,4.17,24.741667,1.6053333,,,1769520017,,3
2026-01-27 05:21:01.999577,0x433acb14,98,4.171,19.321667,4.18,4.75,-85,1769520057,3,3
2026-01-27 05:21:22.371109,0x433e9c88,99,4.179,21.088333,1.5528889,,,1769520078,,3
2026-01-27 05:21:49.081839,0x433ad35c,101,4.219,24.060001,4.3613615,6.0,-54,1769520104,3,3
2026-01-27 05:22:22.590756,0x433e9c88,97,4.157,20.118334,1.5485834,,,1769520138,,3
2026-01-27 05:23:22.495115,0x433e9c88,92,4.085,18.761665,1.5814444,,,1769520198,,3
2026-01-27 05:23:35.886171,0xbd50376c,100,4.192,19.993334,1.5524445,6.25,-74,1769520211,3,3
2026-01-27 05:23:45.967615,0x433abf20,97,4.157,24.003332,4.885722,5.25,-76,1769520221,3,3
2026-01-27 05:24:08.102777,0x433af380,97,4.157,22.873333,4.3026114,6.5,-38,1769520243,3,3
2026-01-27 05:24:22.573057,0x433e9c88,96,4.14,22.705,1.543611,,,1769520258,,3
2026-01-27 05:24:25.949077,0x433b0b38,101,4.218,21.02,5.1185555,5.0,-87,1769520261,5,4
2026-01-27 05:25:22.600643,0x433e9c88,100,4.19,25.675,1.5388334,,,1769520318,,3
2026-01-27 05:25:35.947258,0x433b0098,94,4.113,18.038334,4.2150555,5.0,-71,1769520331,2,1
2026-01-27 05:26:22.656795,0x433e9c88,100,4.2,25.785,1.5844722,,,1769520378,,3
2026-01-27 05:27:02.339235,0x433acb14,101,4.234,24.428333,4.1050277,4.75,-85,1769520417,3,3
2026-01-27 05:27:22.864656,0x433e9c88,101,4.213,28.068335,1.5862777,,,1769520438,,3
2026-01-27 05:27:49.950309,0x433ad35c,99,4.189,25.701666,4.3704443,6.25,-54,1769520465,3,3
2026-01-27 05:28:22.883333,0x433e9c88,92,4.09,21.568333,1.6198056,,,1769520498,,3
2026-01-27 05:29:22.794032,0x433e9c88,97,4.153,21.158333,1.6695555,,,1769520558,,3
2026-01-27 05:29:46.397561,0x433abf20,99,4.186,22.006666,5.078861,5.5,-76,1769520581,3,3
2026-01-27 05:30:21.769223,0x433b0b38,98,4.162,21.733334,5.2546945,6.0,-72,1769520617,5,5
2026-01-27 05:30:22.833166,0x433e9c88,97,4.161,22.988333,1.6230278,,,1769520618,,3
2026-01-27 05:31:22.885734,0x433e9c88,95,4.126,17.161667,1.6066111,,,1769520678,,3
2026-01-27 05:31:33.993909,0x433b0098,95,4.13,17.711666,4.3381944,7.25,-60,1769520689,2,2
2026-01-27 05:32:22.965826,0x433e9c88,96,4.139,23.223333,1.5828612,,,1769520738,,3
2026-01-27 05:33:02.422673,0x433acb14,99,4.186,23.701666,4.115083,4.25,-84,1769520777,3,3
2026-01-27 05:33:22.996380,0x433e9c88,99,4.181,19.101667,1.579,,,1769520798,,3
2026-01-27 05:33:49.733129,0x433ad35c,100,4.195,24.03,4.253667,6.5,-54,1769520825,3,3
2026-01-27 05:34:10.831382,0x433af380,98,4.162,23.803333,4.3215556,6.25,-38,1769520846,3,3
2026-01-27 05:34:23.004516,0x433e9c88,101,4.22,17.888332,1.5659999,,,1769520858,,3
2026-01-27 05:35:23.050877,0x433e9c88,98,4.164,25.483334,1.5513889,,,1769520918,,3
2026-01-27 05:35:46.491628,0x433abf20,98,4.172,22.648333,5.141361,5.5,-76,1769520941,3,3
2026-01-27 05:36:22.557162,0x433b0b38,99,4.188,25.003332,5.169778,5.75,-72,1769520977,5,5
2026-01-27 05:36:23.097957,0x433e9c88,101,4.214,25.261667,1.5379167,,,1769520978,,3
2026-01-27 05:37:23.180872,0x433e9c88,99,4.178,21.775,1.5233055,,,1769521038,,3
2026-01-27 05:37:34.923429,0x433b0098,98,4.168,18.121668,4.321111,6.75,-60,1769521050,2,2
2026-01-27 05:38:23.259291,0x433e9c88,101,4.222,25.055,1.5228611,,,1769521098,,3
2026-01-27 05:39:03.289841,0x433acb14,101,4.218,23.786667,4.2720556,4.25,-85,1769521138,3,3
2026-01-27 05:39:23.428006,0x433e9c88,100,4.194,22.306667,1.5144444,,,1769521158,,3
2026-01-27 05:39:49.942771,0x433ad35c,101,4.203,28.330002,4.25275,5.75,-54,1769521185,3,3
2026-01-27 05:40:23.525593,0x433e9c88,97,4.159,22.416666,1.4831945,,,1769521218,,3
2026-01-27 05:41:23.469678,0x433e9c88,99,4.181,19.703333,1.4544166,,,1769521278,,3
2026-01-27 05:41:46.859169,0x433abf20,101,4.213,22.855,5.237639,5.0,-76,1769521302,3,3
2026-01-27 05:42:23.627467,0x433e9c88,101,4.212,21.086666,1.4247501,,,1769521339,,3
2026-01-27 05:42:27.632365,0x433b0b38,97,4.157,25.728333,5.294667,5.5,-72,1769521342,5,5
2026-01-27 05:43:23.648796,0x433e9c88,98,4.167,17.106667,1.4393611,,,1769521399,,3
2026-01-27 05:43:36.431781,0x433b0098,100,4.191,20.871666,4.163472,7.0,-59,1769521411,2,2
2026-01-27 05:44:17.501952,0x433af380,100,4.199,16.536667,4.1905274,6.25,-38,1769521452,3,3
2026-01-27 05:44:23.524282,0x433e9c88,99,4.186,21.223333,1.477,,,1769521459,,3
2026-01-27 05:45:03.691355,0x433acb14,99,4.183,24.824999,4.392972,4.5,-85,1769521499,3,3
2026-01-27 05:45:23.716981,0x433e9c88,100,4.199,25.413334,1.477,,,1769521519,,3
2026-01-27 05:45:50.241060,0x433ad35c,100,4.196,23.154999,4.282861,6.0,-55,1769521545,3,3
2026-01-27 05:46:23.813822,0x433e9c88,99,4.181,21.353333,1.4623889,,,1769521579,,3
2026-01-27 05:47:23.803916,0x433e9c88,101,4.212,23.471666,1.42725,,,1769521639,3,3
2026-01-27 05:48:23.226258,0x433b0b38,100,4.19,20.741667,5.2628336,5.75,-71,1769521698,5,5
2026-01-27 05:48:24.043835,0x433e9c88,99,4.185,26.571667,1.4607778,,,1769521699,,3
2026-01-27 05:48:46.992307,0x433abf20,101,4.213,23.975,5.2756114,5.75,-75,1769521722,3,3
2026-01-27 05:49:24.001556,0x433e9c88,101,4.208,19.898333,1.4819722,,,1769521759,,3
2026-01-27 05:49:38.921285,0x433b0098,97,4.159,20.775,4.1931944,6.0,-61,1769521774,2,2
2026-01-27 05:50:24.276977,0x433e9c88,101,4.219,20.183334,1.5052778,,,1769521819,,3
2026-01-27 05:51:03.193155,0x433acb14,101,4.216,19.295,4.4471664,4.5,-85,1769521858,3,3
2026-01-27 05:51:24.171472,0x433e9c88,99,4.184,17.01,1.5000556,,,1769521879,,3
2026-01-27 05:51:50.936043,0x433ad35c,97,4.154,24.031668,4.2670555,5.75,-55,1769521906,3,3
2026-01-27 05:52:24.219916,0x433e9c88,100,4.193,15.411666,1.48975,,,1769521939,,3
2026-01-27 05:53:24.368558,0x433e9c88,97,4.148,18.993334,1.5232778,,,1769521999,,3
2026-01-27 05:54:11.598908,0x433af380,96,4.136,13.536666,4.176139,6.5,-38,1769522046,3,3
2026-01-27 05:54:24.473018,0x433e9c88,98,4.172,22.993334,1.5378889,,,1769522059,,3
2026-01-27 05:54:26.965748,0x433b0b38,98,4.171,18.778334,5.1868057,5.5,-71,1769522062,5,5
2026-01-27 05:55:24.501747,0x433e9c88,101,4.211,23.306665,1.5525,,,1769522119,,3
2026-01-27 05:55:35.979072,0x433b0098,101,4.203,16.258333,4.183361,6.0,-61,1769522131,2,2
2026-01-27 05:55:47.343586,0x433abf20,101,4.204,23.238335,5.4108334,6.0,-75,1769522142,3,3
2026-01-27 05:56:24.499597,0x433e9c88,99,4.181,23.645,1.5331389,,,1769522179,,3
2026-01-27 05:57:03.454079,0x433acb14,98,4.167,19.433332,4.3708057,5.5,-86,1769522218,3,3
2026-01-27 05:57:24.616151,0x433e9c88,98,4.167,21.513334,1.5538611,,,1769522240,,3
2026-01-27 05:57:50.538883,0x433ad35c,100,4.196,26.713333,4.5227222,6.0,-55,1769522265,3,3
2026-01-27 05:58:24.483598,0x433e9c88,101,4.208,22.606667,1.5130556,,,1769522300,,3
2026-01-27 05:59:24.669101,0x433e9c88,94,4.11,15.576667,1.5774167,,,1769522360,,3
2026-01-27 05:59:45.954425,0xbd50376c,99,4.181,19.105,1.7538611,6.5,-75,1769522381,3,3
2026-01-27 06:00:21.857074,0x433b0b38,97,4.159,26.730001,5.1653886,5.5,-72,1769522417,5,5
2026-01-27 06:00:24.637490,0x433e9c88,96,4.142,22.473333,1.5443889,,,1769522420,,3
2026-01-26 16:00:24.290259,0x433e9c88,97,4.156,23.516666,2.2932777,,,1769472021,,3
2026-01-26 16:01:24.251697,0x433e9c88,101,4.206,25.403332,2.3178887,,,1769472081,,3
2026-01-26 16:01:50.747513,0x433abf20,100,4.192,22.585001,4.5263333,5.25,-76,1769472107,3,3
2026-01-26 16:02:05.546553,0x433acb14,99,4.181,24.501667,4.532778,1.25,-95,1769472122,3,3
2026-01-26 16:02:24.330571,0x433e9c88,99,4.186,23.898333,2.3325,,,1769472141,,3
2026-01-26 16:02:58.816253,0x433ad35c,98,4.167,18.371668,4.0985,5.75,-54,1769472175,3,3
2026-01-26 16:03:24.325084,0x433e9c88,101,4.229,22.721666,2.3311388,,,1769472201,,3
2026-01-26 16:03:40.543392,0xbd50376c,101,4.237,24.733334,2.5310278,6.0,-73,1769472217,3,3
2026-01-26 16:04:24.406186,0x433e9c88,99,4.176,24.171667,2.2809443,,,1769472261,,3
2026-01-26 16:04:38.143783,0x433b0098,100,4.19,18.628334,3.9706666,6.5,-61,1769472274,2,2
2026-01-26 16:05:21.766187,0x433b0b38,98,4.17,23.868332,3.8434722,6.0,-73,1769472318,5,5
2026-01-26 16:05:24.545463,0x433e9c88,100,4.197,25.838333,2.2640557,,,1769472321,,3
2026-01-26 16:05:41.595168,0x433af380,97,4.155,21.008333,3.1228333,6.0,-39,1769472338,3,3
2026-01-26 16:06:24.575481,0x433e9c88,101,4.208,23.463333,2.2645001,,,1769472381,,3
2026-01-26 16:07:24.595942,0x433e9c88,98,4.168,21.983334,2.2645001,,,1769472441,,3
2026-01-26 16:07:56.106376,0x433abf20,98,4.166,13.235,4.6271667,5.5,-76,1769472472,3,3
2026-01-26 16:08:06.663511,0x433acb14,101,4.235,23.953333,4.4928336,2.25,-95,1769472483,3,3
2026-01-26 16:08:24.694581,0x433e9c88,83,4.011,25.318333,2.1789722,,,1769472501,,3
2026-01-26 16:09:02.533159,0x433ad35c,99,4.184,21.335,4.1365275,6.0,-53,1769472539,3,3
2026-01-26 16:09:24.665882,0x433e9c88,101,4.202,25.293333,2.14975,,,1769472561,,3
2026-01-26 16:10:24.865027,0x433e9c88,101,4.221,21.9,2.1912222,,,1769472621,,3
2026-01-26 16:10:38.831174,0x433b0098,98,4.17,19.326666,3.909278,6.5,-62,1769472635,2,2
2026-01-26 16:11:22.034304,0x433b0b38,98,4.164,28.439999,3.9143891,5.5,-74,1769472678,5,5
2026-01-26 16:11:24.844489,0x433e9c88,101,4.24,29.288334,2.162,,,1769472681,,3
2026-01-26 16:12:24.866238,0x433e9c88,101,4.227,18.618334,2.1392221,,,1769472741,,3
2026-01-26 16:13:24.828043,0x433e9c88,101,4.202,22.831667,2.162,,,1769472801,,3
2026-01-26 16:13:53.103144,0x433abf20,98,4.168,14.62,4.657778,6.25,-76,1769472829,3,3
2026-01-26 16:14:09.792426,0x433acb14,101,4.208,20.890001,4.5361114,2.25,-94,1769472846,3,3
2026-01-26 16:14:25.021076,0x433e9c88,99,4.179,25.838333,2.17,,,1769472861,,3
2026-01-26 16:14:58.513570,0x433ad35c,97,4.149,24.335,4.067639,6.25,-54,1769472895,3,3
2026-01-26 16:15:25.035018,0x433e9c88,101,4.225,22.72,2.2028613,,,1769472921,,3
2026-01-26 16:15:44.265217,0x433af380,99,4.185,21.94,3.1281664,6.0,-39,1769472940,3,3
2026-01-26 16:16:24.964937,0x433e9c88,101,4.202,22.145,2.217472,,,1769472981,,3
2026-01-26 16:16:40.146077,0x433b0098,98,4.162,18.011667,3.8969445,6.0,-62,1769472996,2,2
2026-01-26 16:17:22.424917,0x433b0b38,98,4.173,24.83,3.91775,5.5,-73,1769473038,5,5
2026-01-26 16:17:25.009654,0x433e9c88,101,4.215,26.800001,2.2028613,,,1769473041,,3
2026-01-26 16:18:25.058434,0x433e9c88,101,4.237,19.74,2.2215557,,,1769473101,,3
2026-01-26 16:19:25.183009,0x433e9c88,101,4.231,23.596666,2.1900556,,,1769473161,,3
2026-01-26 16:19:52.165422,0x433abf20,100,4.198,20.476665,4.778667,5.5,-76,1769473188,3,3
2026-01-26 16:20:10.300088,0x433acb14,101,4.209,21.163334,4.5849724,2.25,-94,1769473206,3,3
2026-01-26 16:20:25.332451,0x433e9c88,99,4.186,25.866667,2.171361,,,1769473222,,3
2026-01-26 16:21:00.410771,0x433ad35c,97,4.155,18.585,3.90525,6.5,-53,1769473256,3,3
2026-01-26 16:21:25.404617,0x433e9c88,99,4.176,24.008333,2.1549444,,,1769473282,,3
2026-01-26 16:22:25.403456,0x433e9c88,97,4.158,19.74,2.1508613,,,1769473342,,3
2026-01-26 16:22:40.923448,0x433b0098,100,4.194,17.986668,3.9809167,6.0,-61,1769473357,2,2
2026-01-26 16:23:22.725671,0x433b0b38,98,4.163,25.171667,3.9611113,5.75,-74,1769473399,5,5
2026-01-26 16:23:25.507766,0x433e9c88,101,4.215,25.896666,2.1483889,,,1769473402,,3
2026-01-26 16:24:25.465568,0x433e9c88,101,4.22,19.654999,2.1004722,,,1769473462,,3
2026-01-26 16:25:25.412749,0x433e9c88,101,4.222,23.68,2.0484724,,,1769473522,,3
2026-01-26 16:25:39.349864,0x433af380,100,4.19,20.465,3.2583053,5.5,-61,1769473535,3,2
2026-01-26 16:25:52.751430,0x433abf20,99,4.185,19.435001,4.8131666,6.25,-76,1769473549,3,3
2026-01-26 16:26:10.986146,0x433acb14,101,4.21,27.633333,4.5740275,3.25,-93,1769473567,3,3
2026-01-26 16:26:25.519237,0x433e9c88,100,4.192,26.550001,2.062611,,,1769473582,,3
2026-01-26 16:26:59.219575,0x433ad35c,101,4.214,23.238335,3.976722,6.25,-54,1769473615,3,3
2026-01-26 16:27:25.658150,0x433e9c88,101,4.208,20.778332,2.0329444,,,1769473642,,3
2026-01-26 16:28:25.682760,0x433e9c88,100,4.199,23.79,2.0311112,,,1769473702,,3
2026-01-26 16:28:40.667534,0x433b0098,99,4.183,23.736666,3.9099443,7.25,-62,1769473717,2,2
2026-01-26 16:29:23.087765,0x433b0b38,99,4.182,25.240002,3.91225,5.75,-73,1769473759,5,5
2026-01-26 16:29:25.619043,0x433e9c88,81,4.001,24.226667,2.0822222,,,1769473762,,3
2026-01-26 16:30:25.823698,0x433e9c88,99,4.186,16.071667,2.1155276,,,1769473822,3,3
2026-01-26 16:31:25.828062,0x433e9c88,94,4.107,26.551666,2.16275,,,1769473882,,3
2026-01-26 16:31:53.073281,0x433abf20,99,4.178,19.571667,4.9183054,5.5,-76,1769473909,3,3
2026-01-26 16:32:07.058385,0x433acb14,100,4.195,23.623333,4.418667,3.5,-92,1769473923,3,3
2026-01-26 16:32:25.875184,0x433e9c88,100,4.193,24.17,2.177361,,,1769473942,,3
2026-01-26 16:32:59.888187,0x433ad35c,98,4.171,20.718332,3.9986112,6.5,-53,1769473976,3,3
2026-01-26 16:33:25.922909,0x433e9c88,99,4.18,23.49,2.1919723,,,1769474002,,3
2026-01-26 16:34:26.162950,0x433e9c88,100,4.2,20.173334,2.208639,,,1769474062,,3
2026-01-26 16:34:39.911383,0x433b0098,94,4.113,17.026667,3.8081388,6.25,-62,1769474076,2,2
2026-01-26 16:35:23.263887,0x433b0b38,97,4.154,26.553333,3.7212498,5.5,-72,1769474119,5,5
2026-01-26 16:35:26.081222,0x433e9c88,100,4.193,27.646667,2.2291389,,,1769474122,,3
2026-01-26 16:36:26.206582,0x433e9c88,99,4.178,20.56,2.2314167,,,1769474182,,3
2026-01-26 16:36:37.648388,0x433af380,94,4.109,17.853333,3.2551944,5.75,-39,1769474194,3,3
2026-01-26 16:37:26.138728,0x433e9c88,100,4.196,24.336668,2.1834998,,,1769474242,,3
2026-01-26 16:37:55.643325,0x433abf20,101,4.216,16.206667,4.9460278,5.0,-75,1769474272,3,3
2026-01-26 16:38:07.593697,0x433acb14,101,4.229,22.831667,4.4777775,-1.25,-93,1769474284,3,3
2026-01-26 16:38:26.187400,0x433e9c88,101,4.214,25.291666,2.1164446,,,1769474303,,3
2026-01-26 16:39:03.011041,0x433ad35c,99,4.189,17.27,3.9913054,7.5,-62,1769474339,3,2
2026-01-26 16:39:26.385660,0x433e9c88,99,4.189,21.338333,2.093639,,,1769474363,,3
2026-01-26 16:40:26.280694,0x433e9c88,97,4.152,20.505001,2.0749445,,,1769474423,,3
2026-01-26 16:40:42.134995,0x433b0098,96,4.145,19.586666,3.9644167,6.25,-61,1769474438,2,2
2026-01-26 16:40:50.119639,0xbd50376c,101,4.25,16.136667,2.2088335,6.75,-74,1769474446,3,3
2026-01-26 16:41:24.179014,0x433b0b38,97,4.15,28.396666,3.8070276,5.5,-73,1769474480,5,5
2026-01-26 16:41:26.460462,0x433e9c88,97,4.157,29.095,2.0411944,,,1769474483,,3
2026-01-26 16:42:26.389069,0x433e9c88,101,4.206,22.776667,2.0124168,,,1769474543,,3
2026-01-26 16:43:26.527215,0x433e9c88,101,4.217,22.036667,1.9750278,,,1769474603,,3
2026-01-26 16:43:55.694564,0x433abf20,97,4.156,16.233334,5.183972,5.5,-76,1769474632,3,3
2026-01-26 16:44:09.210694,0x433acb14,101,4.218,23.46,4.4354167,3.5,-91,1769474645,3,3
2026-01-26 16:44:26.552182,0x433e9c88,100,4.2,26.768333,1.9793334,,,1769474663,,3
2026-01-26 16:45:02.113691,0x433ad35c,96,4.146,26.74,3.9600835,6.0,-53,1769474698,3,3
2026-01-26 16:45:26.513454,0x433e9c88,64,3.839,21.075,1.99825,,,1769474723,,3
2026-01-26 16:46:26.727320,0x433e9c88,98,4.168,22.91,1.9647222,,,1769474783,,3
2026-01-26 16:46:37.917499,0x433af380,99,4.188,20.056667,3.3218331,5.75,-38,1769474794,3,3
2026-01-26 16:46:40.797878,0x433b0098,92,4.088,22.666668,3.8945556,6.25,-62,1769474797,2,2
2026-01-26 16:47:23.624367,0x433b0b38,98,4.174,26.603333,3.8174722,5.75,-73,1769474840,5,5
2026-01-26 16:47:26.655198,0x433e9c88,99,4.183,28.573334,1.9314166,,,1769474843,,3
2026-01-26 16:48:26.756510,0x433e9c88,91,4.067,18.685,1.9667778,,,1769474903,,3
2026-01-26 16:49:26.739027,0x433e9c88,101,4.209,23.786667,1.9106945,,,1769474963,,3
2026-01-26 16:49:54.530926,0x433abf20,99,4.182,19.68,5.2512774,5.75,-76,1769474991,3,3
2026-01-26 16:50:08.291546,0x433acb14,101,4.202,22.223333,4.3138056,3.5,-92,1769475004,3,3
2026-01-26 16:50:26.770644,0x433e9c88,101,4.207,24.811666,1.8796668,,,1769475023,,3
2026-01-26 16:51:02.555123,0x433ad35c,99,4.183,15.11,3.934778,7.0,-54,1769475059,3,3
2026-01-26 16:51:27.012503,0x433e9c88,99,4.177,26.06,1.8947221,,,1769475083,,3
2026-01-26 16:52:27.056813,0x433e9c88,98,4.173,20.283335,1.909111,,,1769475143,,3
2026-01-26 16:52:40.975081,0x433b0098,99,4.177,16.891666,3.89025,6.75,-62,1769475157,2,2
2026-01-26 16:53:25.326245,0x433b0b38,100,4.198,22.28,3.861667,6.0,-73,1769475201,5,5
2026-01-26 16:53:27.106031,0x433e9c88,99,4.186,25.018333,1.8863056,,,1769475203,,3
2026-01-26 16:54:26.983784,0x433e9c88,99,4.177,22.42,1.9157499,,,1769475263,,3
2026-01-26 16:55:27.031375,0x433e9c88,101,4.208,24.636667,1.8954445,,,1769475323,,3
2026-01-26 16:55:56.348695,0x433abf20,100,4.197,21.791666,5.11575,5.5,-76,1769475352,3,3
2026-01-26 16:56:09.170253,0x433acb14,98,4.17,22.238333,4.292611,3.5,-91,1769475365,3,3
2026-01-26 16:56:27.062120,0x433e9c88,99,4.189,27.068335,1.859861,,,1769475383,,3
2026-01-26 16:57:02.289827,0x433ad35c,101,4.211,18.818335,3.9525278,6.25,-54,1769475418,3,3
2026-01-26 16:57:27.132174,0x433e9c88,100,4.192,20.628334,1.8101388,,,1769475443,,3
2026-01-26 16:57:40.905157,0x433af380,98,4.166,23.668333,3.4963057,6.0,-39,1769475457,3,3
2026-01-26 16:58:27.141246,0x433e9c88,101,4.212,20.638332,1.8053612,,,1769475503,,3
2026-01-26 16:58:41.228726,0x433b0098,93,4.096,21.378334,4.024139,5.75,-61,1769475517,2,2
2026-01-26 16:59:25.243100,0x433b0b38,98,4.165,30.706669,4.0049167,5.5,-73,1769475561,5,5
2026-01-26 16:59:27.272611,0x433e9c88,98,4.168,32.676666,1.851611,,,1769475563,,3
