datetime,fromNode,ch3Voltage,ch3Current,rxSnr,rxRssi,rxTime,hopStart,hopLimit
2026-01-26 12:00:25.194668,0x433b0098,13.24375,62.5,7.0,-62,1769457622,2,2
2026-01-26 12:03:03.232806,0x433abf20,13.26875,60.0,5.5,-76,1769457780,3,3
2026-01-26 12:03:34.325258,0x433b0b38,13.24625,62.5,6.0,-74,1769457811,5,5
2026-01-26 12:04:46.365678,0x433acb14,13.2875,76.25,1.5,-96,1769457883,3,3
2026-01-26 12:07:41.545226,0x433ad35c,13.28,62.5,5.75,-53,1769458058,3,3
2026-01-26 12:08:04.107029,0x433abf20,13.26375,73.75,5.5,-76,1769458081,3,3
2026-01-26 12:08:35.532116,0x433b0b38,13.24625,57.5,6.25,-73,1769458112,5,5
2026-01-26 12:09:47.915631,0x433acb14,13.29,72.5,1.25,-96,1769458184,3,3
2026-01-26 12:10:26.766456,0x433b0098,13.23875,72.5,5.75,-62,1769458223,2,2
2026-01-26 12:13:06.644810,0x433abf20,13.265,68.75,5.75,-76,1769458383,3,3
2026-01-26 12:13:34.998075,0x433b0b38,13.2425,75.0,5.5,-73,1769458411,5,5
2026-01-26 12:14:50.190951,0x433acb14,13.2925,63.75,1.75,-96,1769458487,3,3
2026-01-26 12:17:43.483166,0x433ad35c,13.27875,76.25,7.0,-54,1769458660,3,3
2026-01-26 12:18:06.398240,0x433abf20,13.26875,66.25,5.75,-76,1769458683,3,3
2026-01-26 12:18:36.568174,0x433b0b38,13.24375,76.25,5.75,-73,1769458713,5,5
2026-01-26 12:19:50.032568,0x433acb14,13.29125,65.0,-1.75,-100,1769458787,3,3
2026-01-26 12:20:27.650690,0x433b0098,13.2375,71.25,6.5,-62,1769458824,2,2
2026-01-26 12:23:07.215236,0x433abf20,13.26625,70.0,5.75,-75,1769458984,3,3
2026-01-26 12:23:36.859511,0x433b0b38,13.24,75.0,5.5,-73,1769459013,5,5
2026-01-26 12:24:54.760153,0x433acb14,13.2875,73.75,2.25,-94,1769459091,3,3
2026-01-26 12:25:11.708394,0x433af380,13.20625,81.25,6.5,-40,1769459108,3,3
2026-01-26 12:27:46.017044,0x433ad35c,13.28375,63.75,7.5,-53,1769459262,3,3
2026-01-26 12:28:07.362485,0x433abf20,13.26875,62.5,5.25,-76,1769459284,3,3
2026-01-26 12:28:39.290761,0x433b0b38,13.2425,70.0,5.5,-74,1769459316,5,5
2026-01-26 12:29:52.464652,0x433acb14,13.28875,67.5,2.0,-95,1769459389,3,3
2026-01-26 12:30:31.044357,0x433b0098,13.2425,58.75,6.0,-62,1769459428,2,2
2026-01-26 12:33:09.194173,0x433abf20,13.2725,62.5,5.25,-75,1769459586,3,3
2026-01-26 12:33:40.622608,0x433b0b38,13.24625,73.75,6.0,-73,1769459617,5,5
2026-01-26 12:34:58.025917,0x433acb14,13.295,62.5,2.5,-94,1769459694,3,3
2026-01-26 12:37:48.644581,0x433ad35c,13.28,78.75,6.0,-55,1769459865,3,3
2026-01-26 12:38:10.553130,0x433abf20,13.2725,65.0,5.75,-75,1769459887,3,3
2026-01-26 12:38:40.753361,0x433b0b38,13.245,73.75,5.5,-74,1769459917,5,5
2026-01-26 12:39:58.283033,0x433acb14,13.2925,63.75,3.5,-93,1769459995,3,3
2026-01-26 12:40:32.825485,0x433b0098,13.25125,57.5,6.25,-61,1769460029,2,2
2026-01-26 12:43:11.280603,0x433abf20,13.26875,75.0,5.5,-76,1769460188,3,3
2026-01-26 12:43:43.614070,0x433b0b38,13.245,75.0,6.0,-74,1769460220,5,5
2026-01-26 12:44:56.512066,0x433acb14,13.29,73.75,3.75,-92,1769460293,3,3
2026-01-26 12:47:50.259256,0x433ad35c,13.2825,75.0,6.0,-54,1769460467,3,3
2026-01-26 12:48:12.378736,0x433abf20,13.2675,72.5,5.75,-76,1769460489,3,3
2026-01-26 12:48:44.040398,0x433b0b38,13.24875,61.25,5.5,-73,1769460520,5,5
2026-01-26 12:49:59.690255,0x433acb14,13.26625,138.75,1.75,-95,1769460596,3,3
2026-01-26 12:50:34.282721,0x433b0098,13.25125,61.25,7.0,-62,1769460631,2,2
2026-01-26 12:53:14.465703,0x433abf20,13.26375,65.0,5.5,-75,1769460791,3,3
2026-01-26 12:53:44.470887,0x433b0b38,13.2475,76.25,6.25,-74,1769460821,5,5
2026-01-26 12:55:01.267764,0x433acb14,13.2925,63.75,1.75,-95,1769460898,3,3
2026-01-26 12:57:53.658763,0x433ad35c,13.28125,77.5,6.0,-54,1769461070,3,3
2026-01-26 12:58:15.996796,0x433abf20,13.26875,72.5,6.0,-75,1769461092,3,3
2026-01-26 12:58:45.731699,0x433b0b38,13.24875,75.0,5.75,-73,1769461122,5,5
2026-01-25 19:00:10.091298,0x433acb14,13.29625,126.25,2.75,-93,1769396408,3,3
2026-01-25 19:02:57.330138,0x433ad35c,13.285,65.0,6.25,-54,1769396575,3,3
2026-01-25 19:03:55.743783,0x433b0b38,13.26125,63.75,5.75,-74,1769396634,5,5
2026-01-25 19:04:02.569679,0x433abf20,13.26625,76.25,6.0,-76,1769396641,3,3
2026-01-25 19:05:10.943479,0x433acb14,13.315,72.5,3.0,-93,1769396709,3,3
2026-01-25 19:06:08.485662,0x433b0098,13.24875,60.0,6.25,-60,1769396767,2,2
2026-01-25 19:08:59.002432,0x433b0b38,13.26375,63.75,6.5,-73,1769396937,5,5
2026-01-25 19:09:03.383899,0x433abf20,13.27,65.0,6.25,-76,1769396941,3,3
2026-01-25 19:10:13.873176,0x433acb14,13.31375,78.75,3.0,-92,1769397012,3,3
2026-01-25 19:12:58.300391,0x433ad35c,13.28125,76.25,6.25,-53,1769397176,3,3
2026-01-25 19:14:00.193485,0x433b0b38,13.2625,65.0,5.5,-74,1769397238,5,5
2026-01-25 19:14:04.627748,0x433abf20,13.26625,88.75,5.5,-76,1769397243,3,3
2026-01-25 19:15:15.777484,0x433acb14,13.3175,63.75,3.25,-92,1769397314,3,3
2026-01-25 19:16:12.607771,0x433b0098,13.24375,75.0,6.5,-60,1769397371,2,2
2026-01-25 19:19:00.535665,0x433b0b38,13.26,75.0,6.75,-73,1769397539,5,5
2026-01-25 19:19:04.830158,0x433abf20,13.2675,77.5,6.0,-76,1769397543,3,3
2026-01-25 19:20:17.387837,0x433acb14,13.31125,75.0,3.25,-93,1769397615,3,3
2026-01-25 19:22:20.066755,0x433af380,13.20375,81.25,6.75,-38,1769397738,3,3
2026-01-25 19:23:01.411436,0x433ad35c,13.28,75.0,6.0,-54,1769397780,3,3
2026-01-25 19:24:00.149792,0x433b0b38,13.26125,63.75,6.0,-74,1769397838,5,5
2026-01-25 19:24:05.917405,0x433abf20,13.26625,78.75,5.5,-76,1769397844,3,3
2026-01-25 19:25:22.256241,0x433acb14,13.315,62.5,3.25,-93,1769397920,3,3
2026-01-25 19:26:13.669005,0x433b0098,13.25,62.5,6.25,-60,1769397972,2,2
2026-01-25 19:29:02.958927,0x433b0b38,13.25625,70.0,6.5,-73,1769398141,5,5
2026-01-25 19:29:06.122409,0x433abf20,13.25,123.75,5.25,-76,1769398144,3,3
2026-01-25 19:30:19.842162,0x433acb14,13.3125,73.75,3.5,-92,1769398218,3,3
2026-01-25 19:33:04.508328,0x433ad35c,13.2825,63.75,5.75,-53,1769398383,3,3
2026-01-25 19:34:02.731888,0x433b0b38,13.2625,60.0,6.0,-73,1769398441,5,5
2026-01-25 19:34:16.495855,0x433abf20,13.26375,78.75,5.75,-76,1769398455,3,3
2026-01-25 19:35:20.314978,0x433acb14,13.315,60.0,3.5,-93,1769398518,3,3
2026-01-25 19:36:14.735092,0x433b0098,13.245,75.0,6.0,-60,1769398573,2,2
2026-01-25 19:39:04.910838,0x433b0b38,13.26125,61.25,5.75,-73,1769398743,5,5
2026-01-25 19:39:08.490579,0x433abf20,13.2675,65.0,5.75,-76,1769398747,3,3
2026-01-25 19:40:22.721685,0x433acb14,13.31125,75.0,2.75,-93,1769398821,3,3
2026-01-25 19:43:06.880109,0x433ad35c,13.2725,65.0,6.25,-54,1769398985,3,3
2026-01-25 19:44:07.765960,0x433b0b38,13.26375,63.75,6.0,-74,1769399046,5,5
2026-01-25 19:44:11.481375,0x433abf20,13.27,57.5,5.0,-76,1769399050,3,3
2026-01-25 19:45:22.748776,0x433acb14,13.31375,60.0,2.5,-94,1769399121,3,3
2026-01-25 19:46:17.461054,0x433b0098,13.24625,62.5,6.0,-61,1769399176,2,2
2026-01-25 19:49:07.425629,0x433b0b38,13.26,62.5,5.75,-73,1769399345,5,5
2026-01-25 19:49:12.581125,0x433abf20,13.26875,63.75,6.0,-76,1769399351,3,3
2026-01-25 19:50:26.559940,0x433acb14,13.31375,67.5,3.5,-93,1769399425,3,3
2026-01-25 19:53:08.848711,0x433ad35c,13.2825,63.75,5.75,-53,1769399587,3,3
2026-01-25 19:54:10.615238,0x433b0b38,13.2525,76.25,5.75,-73,1769399649,5,5
2026-01-25 19:54:15.926201,0x433abf20,13.27,66.25,6.0,-76,1769399654,3,3
2026-01-25 19:55:25.922044,0x433acb14,13.31125,76.25,3.25,-93,1769399724,3,3
2026-01-25 19:56:20.377120,0x433b0098,13.2475,62.5,6.0,-61,1769399778,2,2
2026-01-26 02:00:44.131125,0x433b0b38,13.2525,65.0,6.75,-74,1769421642,5,5
2026-01-26 02:00:50.398067,0x433abf20,13.26125,61.25,5.25,-76,1769421648,3,3
2026-01-26 02:02:09.192766,0x433acb14,13.28625,73.75,3.5,-91,1769421727,3,3
2026-01-26 02:04:53.944999,0x433ad35c,13.27,65.0,5.5,-53,1769421891,3,3
2026-01-26 02:05:46.173839,0x433b0b38,13.25,80.0,6.25,-73,1769421944,5,5
2026-01-26 02:05:50.730606,0x433abf20,13.2575,75.0,5.75,-77,1769421948,3,3
2026-01-26 02:07:09.194710,0x433acb14,13.2875,71.25,3.75,-90,1769422027,3,3
2026-01-26 02:07:58.171286,0x433b0098,13.24,62.5,6.0,-61,1769422076,2,2
2026-01-26 02:10:46.755750,0x433b0b38,13.25125,62.5,6.25,-74,1769422244,5,5
2026-01-26 02:10:54.898188,0x433abf20,13.26,61.25,5.0,-76,1769422252,3,3
2026-01-26 02:12:11.650690,0x433acb14,13.29,65.0,3.25,-90,1769422329,3,3
2026-01-26 02:14:58.152902,0x433ad35c,13.26875,66.25,6.0,-54,1769422496,3,3
2026-01-26 02:15:50.310466,0x433b0b38,13.245,73.75,6.5,-74,1769422548,5,5
2026-01-26 02:15:55.921133,0x433abf20,13.255,75.0,4.0,-76,1769422553,3,3
2026-01-26 02:17:11.761907,0x433acb14,13.29,58.75,3.5,-91,1769422629,3,3
2026-01-26 02:18:00.526445,0x433b0098,13.23375,75.0,6.0,-61,1769422678,2,2
2026-01-26 02:20:53.600533,0x433b0b38,13.245,71.25,6.5,-74,1769422851,5,5
2026-01-26 02:20:57.806610,0x433abf20,13.25875,65.0,5.5,-76,1769422855,3,3
2026-01-26 02:22:13.908449,0x433acb14,13.28625,63.75,3.25,-91,1769422931,3,3
2026-01-26 02:23:40.027911,0x433af380,13.19,78.75,6.5,-38,1769423017,3,3
2026-01-26 02:24:59.770315,0x433ad35c,13.26875,63.75,6.5,-53,1769423097,3,3
2026-01-26 02:25:52.565907,0x433b0b38,13.22125,135.0,6.75,-74,1769423150,5,5
2026-01-26 02:25:55.902819,0x433abf20,13.26,60.0,5.5,-76,1769423153,3,3
2026-01-26 02:27:14.462921,0x433acb14,13.28875,62.5,3.75,-91,1769423232,3,3
2026-01-26 02:28:04.320752,0x433b0098,13.23875,60.0,6.0,-60,1769423282,2,2
2026-01-26 02:30:53.381249,0x433b0b38,13.25,63.75,7.0,-73,1769423451,5,5
2026-01-26 02:31:04.095207,0x433abf20,13.26,63.75,5.75,-76,1769423462,3,3
2026-01-26 02:32:16.887471,0x433acb14,13.29,67.5,3.0,-91,1769423534,3,3
2026-01-26 02:35:05.612464,0x433ad35c,13.2675,77.5,6.5,-53,1769423703,3,3
2026-01-26 02:35:55.069134,0x433b0b38,13.24625,75.0,7.0,-73,1769423752,5,5
2026-01-26 02:35:57.564466,0x433abf20,13.23625,136.25,5.5,-76,1769423755,3,3
2026-01-26 02:37:17.901066,0x433acb14,13.28625,76.25,3.25,-91,1769423835,3,3
2026-01-26 02:38:07.788678,0x433b0098,13.23625,61.25,6.25,-61,1769423885,2,2
2026-01-26 02:40:58.522450,0x433b0b38,13.2475,58.75,0.75,-74,1769424056,5,5
2026-01-26 02:40:59.191888,0x433abf20,13.25625,76.25,5.75,-76,1769424057,3,3
2026-01-26 02:42:19.496260,0x433acb14,13.28625,62.5,3.5,-91,1769424137,3,3
2026-01-26 02:45:06.066933,0x433ad35c,13.26875,63.75,5.5,-53,1769424303,3,3
2026-01-26 02:45:59.863648,0x433b0b38,13.245,75.0,6.0,-73,1769424357,5,5
2026-01-26 02:46:02.045869,0x433abf20,13.25875,65.0,5.5,-76,1769424359,3,3
2026-01-26 02:47:19.503097,0x433acb14,13.28625,65.0,3.25,-91,1769424437,3,3
2026-01-26 02:48:08.645177,0x433b0098,13.23125,72.5,6.25,-61,1769424486,2,2
2026-01-26 02:50:58.293848,0x433b0b38,13.24875,68.75,6.25,-74,1769424656,5,5
2026-01-26 02:51:01.549007,0x433abf20,13.25875,63.75,6.0,-76,1769424659,3,3
2026-01-26 02:52:20.863394,0x433acb14,13.28875,66.25,3.75,-91,1769424738,3,3
2026-01-26 02:55:08.520513,0x433ad35c,13.26875,62.5,6.5,-53,1769424906,3,3
2026-01-26 02:56:02.222288,0x433abf20,13.26125,62.5,5.75,-76,1769424960,3,3
2026-01-26 02:56:05.492179,0x433b0b38,13.25125,60.0,7.25,-74,1769424963,5,5
2026-01-26 02:57:22.003469,0x433acb14,13.285,73.75,3.25,-90,1769425039,3,3
2026-01-26 02:58:11.406092,0x433b0098,13.22875,73.75,6.0,-61,1769425089,2,2
2026-01-26 13:00:01.536906,0x433acb14,13.28875,76.25,4.75,-90,1769461198,3,3
2026-01-26 13:00:35.323404,0x433b0098,13.24375,72.5,5.75,-62,1769461232,2,2
2026-01-26 13:03:14.758546,0x433abf20,13.27375,61.25,5.75,-75,1769461391,3,3
2026-01-26 13:03:47.809727,0x433b0b38,13.24875,75.0,6.25,-73,1769461424,5,5
2026-01-26 13:05:03.031918,0x433acb14,13.29,87.5,-1.5,-99,1769461499,3,3
2026-01-26 13:08:00.142220,0x433ad35c,13.28625,80.0,6.75,-53,1769461677,3,3
2026-01-26 13:08:15.942023,0x433abf20,13.2725,62.5,5.5,-76,1769461692,3,3
2026-01-26 13:08:49.384596,0x433b0b38,13.25,73.75,6.25,-74,1769461726,5,5
2026-01-26 13:10:03.815391,0x433acb14,13.29125,73.75,2.75,-92,1769461800,3,3
2026-01-26 13:10:36.849079,0x433b0098,13.24625,75.0,6.5,-62,1769461833,2,2
2026-01-26 13:13:17.052408,0x433abf20,13.27125,72.5,5.75,-77,1769461993,3,3
2026-01-26 13:13:49.517673,0x433b0b38,13.25,73.75,5.75,-74,1769462026,5,5
2026-01-26 13:15:04.218754,0x433acb14,13.29625,63.75,-0.25,-98,1769462101,3,3
2026-01-26 13:17:58.760924,0x433ad35c,13.285,65.0,5.5,-54,1769462275,3,3
2026-01-26 13:18:18.991207,0x433abf20,13.27375,63.75,5.5,-76,1769462295,3,3
2026-01-26 13:18:51.779090,0x433b0b38,13.255,61.25,5.75,-73,1769462328,5,5
2026-01-26 13:20:06.191061,0x433acb14,13.29625,62.5,-11.5,-93,1769462403,3,3
2026-01-26 13:20:38.890429,0x433b0098,13.245,71.25,7.0,-62,1769462435,2,2
2026-01-26 13:23:19.994987,0x433abf20,13.27375,62.5,5.75,-75,1769462596,3,3
2026-01-26 13:23:52.829044,0x433b0b38,13.25125,73.75,5.5,-73,1769462629,5,5
2026-01-26 13:25:06.653850,0x433acb14,13.29375,78.75,2.0,-94,1769462703,3,3
2026-01-26 13:25:22.937894,0x433af380,13.22875,67.5,6.25,-39,1769462719,3,3
2026-01-26 13:28:01.989963,0x433ad35c,13.28625,62.5,6.0,-54,1769462878,3,3
2026-01-26 13:28:19.841726,0x433abf20,13.275,62.5,5.25,-76,1769462896,3,3
2026-01-26 13:28:56.506313,0x433b0b38,13.25,72.5,6.0,-72,1769462933,5,5
2026-01-26 13:30:08.643608,0x433acb14,13.29625,63.75,2.5,-94,1769463005,3,3
2026-01-26 13:30:41.317626,0x433b0098,13.2525,61.25,7.0,-62,1769463038,2,2
2026-01-26 13:33:20.843414,0x433abf20,13.27625,60.0,5.75,-76,1769463197,3,3
2026-01-26 13:33:57.698873,0x433b0b38,13.25875,63.75,6.0,-73,1769463234,5,5
2026-01-26 13:35:09.462627,0x433acb14,13.27375,128.75,4.25,-92,1769463306,3,3
2026-01-26 13:38:05.645056,0x433ad35c,13.285,63.75,6.75,-54,1769463482,3,3
2026-01-26 13:38:21.753592,0x433abf20,13.275,76.25,5.75,-77,1769463498,3,3
2026-01-26 13:38:58.565431,0x433b0b38,13.2575,62.5,6.25,-74,1769463535,5,5
2026-01-26 13:40:10.771067,0x433acb14,13.29375,77.5,-4.25,-103,1769463607,3,3
2026-01-26 13:40:44.769479,0x433b0098,13.24375,87.5,6.75,-61,1769463641,2,2
2026-01-26 13:43:23.992397,0x433abf20,13.275,61.25,5.75,-75,1769463800,3,3
2026-01-26 13:44:01.008394,0x433b0b38,13.25375,76.25,5.75,-73,1769463837,5,5
2026-01-26 13:45:13.524306,0x433acb14,13.29375,76.25,5.75,-73,1769463910,3,2
2026-01-26 13:48:08.835886,0x433ad35c,13.28375,75.0,6.75,-53,1769464085,3,3
2026-01-26 13:48:25.047562,0x433abf20,13.27125,71.25,6.0,-78,1769464101,3,3
2026-01-26 13:49:01.354885,0x433b0b38,13.255,73.75,6.0,-74,1769464138,5,5
2026-01-26 13:50:14.253006,0x433acb14,13.2975,60.0,4.75,-90,1769464211,3,3
2026-01-26 13:50:45.945890,0x433b0098,13.24875,76.25,6.0,-62,1769464242,2,2
2026-01-26 13:53:25.122919,0x433abf20,13.275,63.75,5.5,-75,1769464401,3,3
2026-01-26 13:54:01.098934,0x433b0b38,13.25375,75.0,6.0,-74,1769464437,5,5
2026-01-26 13:55:15.602517,0x433acb14,13.2975,65.0,0.75,-97,1769464512,3,3
2026-01-26 13:58:09.265853,0x433ad35c,13.28625,62.5,6.25,-54,1769464686,3,3
2026-01-26 13:58:28.232262,0x433abf20,13.2775,65.0,5.5,-76,1769464705,3,3
2026-01-26 13:59:04.119780,0x433b0b38,13.2575,75.0,6.5,-74,1769464740,5,5
2026-01-27 01:01:05.880718,0x433ad35c,13.2575,72.5,6.75,-55,1769504461,3,3
2026-01-27 01:01:15.092884,0x433abf20,13.2575,73.75,5.75,-77,1769504470,3,3
2026-01-27 01:01:55.837881,0x433b0b38,13.245,62.5,6.0,-73,1769504511,5,5
2026-01-27 01:03:14.686606,0x433acb14,13.26125,75.0,5.0,-87,1769504590,3,3
2026-01-27 01:03:19.747147,0x433b0098,13.225,65.0,6.25,-61,1769504595,2,2
2026-01-27 01:06:17.275442,0x433abf20,13.25375,70.0,5.75,-77,1769504773,3,3
2026-01-27 01:06:57.106142,0x433b0b38,13.2475,60.0,5.25,-73,1769504812,5,5
2026-01-27 01:08:18.362727,0x433acb14,13.26375,66.25,6.25,-39,1769504894,3,2
2026-01-27 01:11:09.870939,0x433ad35c,13.26125,62.5,6.75,-54,1769505065,3,3
2026-01-27 01:11:17.733653,0x433abf20,13.26125,65.0,5.75,-76,1769505073,3,3
2026-01-27 01:11:58.382069,0x433b0b38,13.2475,63.75,5.5,-73,1769505114,5,5
2026-01-27 01:13:22.872252,0x433b0098,13.23375,58.75,7.0,-60,1769505198,2,2
2026-01-27 01:13:26.814015,0x433acb14,13.2575,72.5,5.0,-86,1769505202,3,3
2026-01-27 01:16:17.654393,0x433abf20,13.26,61.25,5.75,-77,1769505373,3,3
2026-01-27 01:17:00.704971,0x433b0b38,13.24375,73.75,6.0,-73,1769505416,5,5
2026-01-27 01:18:20.024864,0x433acb14,13.2625,62.5,6.0,-86,1769505495,3,3
2026-01-27 01:21:11.029783,0x433ad35c,13.2625,66.25,7.5,-54,1769505666,3,3
2026-01-27 01:21:18.497290,0x433abf20,13.26125,65.0,5.5,-76,1769505674,3,3
2026-01-27 01:22:01.019173,0x433b0b38,13.24125,68.75,5.5,-72,1769505716,5,5
2026-01-27 01:23:20.173576,0x433acb14,13.265,65.0,6.0,-86,1769505795,3,3
2026-01-27 01:23:33.595670,0x433b0098,13.2325,58.75,5.75,-61,1769505809,2,2
2026-01-27 01:26:18.902029,0x433abf20,13.26125,65.0,5.5,-77,1769505974,3,3
2026-01-27 01:27:02.630939,0x433b0b38,13.24125,73.75,5.5,-73,1769506018,5,5
2026-01-27 01:27:28.147379,0x433af380,13.20125,68.75,6.0,-38,1769506043,3,3
2026-01-27 01:28:23.547827,0x433acb14,13.265,65.0,6.0,-86,1769506099,3,3
2026-01-27 01:31:13.562883,0x433ad35c,13.25875,76.25,6.0,-55,1769506269,3,3
2026-01-27 01:31:20.801648,0x433abf20,13.26,65.0,5.25,-76,1769506276,3,3
2026-01-27 01:32:05.574569,0x433b0b38,13.23875,72.5,5.75,-72,1769506321,5,5
2026-01-27 01:33:22.801763,0x433acb14,13.26,75.0,5.75,-87,1769506398,3,3
2026-01-27 01:33:27.349224,0x433b0098,13.2,120.0,6.5,-60,1769506403,2,2
2026-01-27 01:36:21.656393,0x433abf20,13.25875,65.0,5.75,-76,1769506577,3,3
2026-01-27 01:37:07.128896,0x433b0b38,13.24625,61.25,5.5,-72,1769506622,5,5
2026-01-27 01:38:25.782427,0x433acb14,13.25875,73.75,6.0,-87,1769506701,3,3
2026-01-27 01:41:16.085453,0x433ad35c,13.2575,70.0,5.75,-55,1769506871,3,3
2026-01-27 01:41:23.661073,0x433abf20,13.26,65.0,5.75,-76,1769506879,3,3
2026-01-27 01:42:10.278512,0x433b0b38,13.24375,66.25,6.0,-73,1769506925,5,5
2026-01-27 01:43:26.120406,0x433acb14,13.2375,142.5,6.0,-86,1769507001,3,3
2026-01-27 01:43:30.071173,0x433b0098,13.19875,120.0,6.25,-60,1769507005,2,2
2026-01-27 01:46:25.327584,0x433abf20,13.26,65.0,5.25,-76,1769507181,3,3
2026-01-27 01:47:10.214367,0x433b0b38,13.245,61.25,5.5,-72,1769507225,5,5
2026-01-27 01:48:27.429776,0x433acb14,13.25875,72.5,6.0,-87,1769507303,3,3
2026-01-27 01:51:19.242310,0x433ad35c,13.255,76.25,7.25,-53,1769507474,3,3
2026-01-27 01:51:25.413368,0x433abf20,13.2575,62.5,5.75,-76,1769507481,3,3
2026-01-27 01:52:10.388279,0x433b0b38,13.24125,76.25,5.75,-73,1769507526,5,5
2026-01-27 01:53:28.731873,0x433acb14,13.25125,85.0,6.0,-86,1769507604,3,3
2026-01-27 01:53:32.740195,0x433b0098,13.23,62.5,6.5,-61,1769507608,2,2
2026-01-27 01:56:27.096745,0x433abf20,13.25875,62.5,5.5,-76,1769507782,3,3
2026-01-27 01:57:10.883576,0x433b0b38,13.245,60.0,5.75,-72,1769507826,5,5
2026-01-27 01:58:31.853247,0x433acb14,13.26,73.75,5.75,-86,1769507907,3,3
2026-01-26 00:00:12.258493,0x433b0b38,13.2525,63.75,5.75,-75,1769414410,5,5
2026-01-26 00:00:20.941894,0x433abf20,13.25875,81.25,6.0,-76,1769414419,3,3
2026-01-26 00:01:33.522301,0x433acb14,13.29375,62.5,3.75,-91,1769414491,3,3
2026-01-26 00:04:22.506804,0x433ad35c,13.2725,65.0,6.25,-54,1769414660,3,3
2026-01-26 00:05:12.914679,0x433b0b38,13.24875,73.75,6.25,-73,1769414711,5,5
2026-01-26 00:05:21.152388,0x433abf20,13.25875,76.25,5.75,-76,1769414719,3,3
2026-01-26 00:06:35.828600,0x433acb14,13.29625,66.25,3.75,-91,1769414793,3,3
2026-01-26 00:07:29.233346,0x433b0098,13.24125,63.75,6.25,-60,1769414847,2,2
2026-01-26 00:10:14.970807,0x433b0b38,13.2525,62.5,5.25,-74,1769415013,5,5
2026-01-26 00:10:22.655805,0x433abf20,13.2575,76.25,6.0,-76,1769415020,3,3
2026-01-26 00:11:38.533287,0x433acb14,13.29125,73.75,3.5,-91,1769415096,3,3
2026-01-26 00:14:22.120925,0x433ad35c,13.27125,66.25,6.5,-54,1769415260,3,3
2026-01-26 00:15:16.185113,0x433b0b38,13.24875,73.75,5.75,-74,1769415314,5,5
2026-01-26 00:15:24.975683,0x433abf20,13.25875,73.75,5.5,-76,1769415323,3,3
2026-01-26 00:16:39.820063,0x433acb14,13.29125,72.5,4.0,-91,1769415397,3,3
2026-01-26 00:17:27.790722,0x433b0098,13.23875,62.5,6.25,-60,1769415445,2,2
2026-01-26 00:20:17.731008,0x433b0b38,13.25125,73.75,6.25,-74,1769415615,5,5
2026-01-26 00:20:27.326872,0x433abf20,13.26125,61.25,5.25,-77,1769415625,3,3
2026-01-26 00:21:40.558529,0x433acb14,13.29375,61.25,3.25,-91,1769415698,3,3
2026-01-26 00:23:23.110609,0x433af380,13.21125,67.5,6.0,-39,1769415801,3,3
2026-01-26 00:24:24.703252,0x433ad35c,13.27125,77.5,6.5,-54,1769415862,3,3
2026-01-26 00:25:18.753035,0x433b0b38,13.25375,61.25,6.25,-73,1769415916,5,5
2026-01-26 00:25:25.676725,0x433abf20,13.25875,75.0,5.25,-76,1769415923,3,3
2026-01-26 00:26:42.386386,0x433acb14,13.29,76.25,3.5,-91,1769416000,3,3
2026-01-26 00:27:31.072211,0x433b0098,13.23875,62.5,6.0,-60,1769416049,2,2
2026-01-26 00:30:20.364497,0x433b0b38,13.2525,65.0,5.75,-75,1769416218,5,5
2026-01-26 00:30:27.015784,0x433abf20,13.2625,62.5,5.5,-77,1769416225,3,3
2026-01-26 00:31:43.490462,0x433acb14,13.2675,136.25,3.75,-90,1769416301,3,3
2026-01-26 00:34:27.115102,0x433ad35c,13.255,133.75,6.25,-53,1769416465,3,3
2026-01-26 00:35:21.317644,0x433b0b38,13.2525,63.75,5.75,-74,1769416519,5,5
2026-01-26 00:35:31.870639,0x433abf20,13.26,62.5,5.75,-77,1769416529,3,3
2026-01-26 00:36:46.953956,0x433acb14,13.29375,62.5,3.75,-92,1769416605,3,3
2026-01-26 00:37:33.363669,0x433b0098,13.235,71.25,6.25,-60,1769416651,2,2
2026-01-26 00:40:22.941595,0x433b0b38,13.25125,62.5,6.25,-74,1769416821,5,5
2026-01-26 00:40:33.119118,0x433abf20,13.25375,102.5,5.25,-76,1769416831,3,3
2026-01-26 00:41:47.877046,0x433acb14,13.29375,67.5,3.5,-91,1769416905,3,3
2026-01-26 00:44:31.567544,0x433ad35c,13.27125,65.0,5.75,-53,1769417069,3,3
2026-01-26 00:45:24.318528,0x433b0b38,13.25125,65.0,6.25,-74,1769417122,5,5
2026-01-26 00:45:32.954525,0x433abf20,13.25875,76.25,6.0,-77,1769417131,3,3
2026-01-26 00:46:52.383336,0x433acb14,13.2925,77.5,4.0,-92,1769417210,3,3
2026-01-26 00:47:36.078425,0x433b0098,13.23375,71.25,6.25,-61,1769417254,2,2
2026-01-26 00:50:24.895258,0x433b0b38,13.2475,71.25,6.5,-74,1769417422,5,5
2026-01-26 00:50:34.053249,0x433abf20,13.25875,77.5,5.0,-76,1769417432,3,3
2026-01-26 00:51:49.713258,0x433acb14,13.28875,73.75,3.75,-91,1769417507,3,3
2026-01-26 00:54:32.926925,0x433ad35c,13.26875,65.0,6.0,-54,1769417670,3,3
2026-01-26 00:55:25.522329,0x433b0b38,13.2525,63.75,6.25,-74,1769417723,5,5
2026-01-26 00:55:37.165216,0x433abf20,13.26125,58.75,5.5,-76,1769417735,3,3
2026-01-26 00:56:51.591023,0x433acb14,13.29125,63.75,3.25,-92,1769417809,3,3
2026-01-26 00:57:37.530739,0x433b0098,13.2425,62.5,5.25,-61,1769417855,2,2
2026-01-25 15:59:21.072811,0x433acb14,13.33875,66.25,2.0,-95,1769385559,3,3
2026-01-25 16:02:14.053488,0x433ad35c,13.28625,65.0,6.0,-54,1769385732,3,3
2026-01-25 16:03:12.792728,0x433abf20,13.275,63.75,5.5,-77,1769385791,3,3
2026-01-25 16:03:15.052622,0x433b0b38,13.2525,63.75,6.5,-74,1769385793,5,5
2026-01-25 16:04:22.249248,0x433acb14,13.33875,65.0,2.5,-94,1769385861,3,3
2026-01-25 16:05:31.334932,0x433b0098,13.26875,76.25,6.0,-62,1769385930,2,2
2026-01-25 16:07:53.841285,0x433aad0c,12.54,65.0,6.25,-77,1769386072,3,3
2026-01-25 16:08:10.630408,0x433b0b38,13.26125,62.5,6.25,-74,1769386089,5,5
2026-01-25 16:08:21.696336,0x433abf20,13.25625,127.5,5.25,-77,1769386100,3,3
2026-01-25 16:09:23.574253,0x433acb14,13.33125,77.5,3.5,-93,1769386162,3,3
2026-01-25 16:12:09.974757,0x433ad35c,13.28625,65.0,6.0,-53,1769386328,3,3
2026-01-25 16:13:17.736029,0x433b0b38,13.265,62.5,6.75,-74,1769386396,5,5
2026-01-25 16:13:22.978937,0x433abf20,13.27375,82.5,5.5,-77,1769386401,3,3
2026-01-25 16:14:24.308553,0x433acb14,13.33125,75.0,1.75,-95,1769386463,3,3
2026-01-25 16:15:33.540726,0x433b0098,13.27375,63.75,6.25,-61,1769386532,2,2
2026-01-25 16:17:54.225750,0x433aad0c,12.51875,61.25,5.5,-77,1769386673,3,3
2026-01-25 16:18:13.657315,0x433b0b38,13.255,97.5,5.75,-74,1769386692,5,5
2026-01-25 16:18:16.060901,0x433abf20,13.27625,67.5,6.0,-76,1769386694,3,3
2026-01-25 16:19:26.290710,0x433acb14,13.335,61.25,2.25,-95,1769386765,3,3
2026-01-25 16:21:49.213460,0x433af380,13.20375,83.75,6.25,-39,1769386908,3,3
2026-01-25 16:22:13.749840,0x433ad35c,13.285,60.0,7.0,-54,1769386932,3,3
2026-01-25 16:23:14.670601,0x433b0b38,13.265,63.75,7.0,-74,1769386993,5,5
2026-01-25 16:23:21.897766,0x433abf20,13.27375,76.25,5.5,-76,1769387000,3,3
2026-01-25 16:24:28.073215,0x433acb14,13.335,65.0,3.0,-95,1769387066,3,3
2026-01-25 16:25:36.028564,0x433b0098,13.26875,62.5,6.0,-61,1769387134,2,2
2026-01-25 16:27:54.921433,0x433aad0c,12.49375,76.25,6.25,-77,1769387273,3,3
2026-01-25 16:28:16.965049,0x433b0b38,13.25625,72.5,6.75,-74,1769387295,5,5
2026-01-25 16:28:21.278863,0x433abf20,13.275,66.25,5.75,-77,1769387300,3,3
2026-01-25 16:29:28.723349,0x433acb14,13.33125,85.0,3.0,-93,1769387367,3,3
2026-01-25 16:32:16.674466,0x433ad35c,13.28,63.75,6.0,-53,1769387535,3,3
2026-01-25 16:33:18.869719,0x433b0b38,13.2625,65.0,6.75,-74,1769387597,5,5
2026-01-25 16:33:23.757284,0x433abf20,13.27375,63.75,5.5,-76,1769387602,3,3
2026-01-25 16:34:30.098052,0x433acb14,13.335,65.0,3.5,-92,1769387668,3,3
2026-01-25 16:35:37.179646,0x433b0098,13.2675,63.75,5.75,-60,1769387736,2,2
2026-01-25 16:37:56.508293,0x433aad0c,12.47375,66.25,6.25,-77,1769387875,3,3
2026-01-25 16:38:17.577105,0x433b0b38,13.26375,63.75,6.25,-74,1769387896,5,5
2026-01-25 16:38:25.356972,0x433abf20,13.275,65.0,5.25,-76,1769387904,3,3
2026-01-25 16:39:31.850964,0x433acb14,13.33125,66.25,3.0,-94,1769387970,3,3
2026-01-25 16:42:21.115652,0x433ad35c,13.28625,61.25,6.0,-55,1769388139,3,3
2026-01-25 16:43:18.433814,0x433b0b38,13.2625,58.75,5.5,-74,1769388197,5,5
2026-01-25 16:43:25.853118,0x433abf20,13.27375,91.25,6.0,-76,1769388204,3,3
2026-01-25 16:44:32.080385,0x433acb14,13.3325,67.5,3.0,-94,1769388270,3,3
2026-01-25 16:45:40.167437,0x433b0098,13.25875,77.5,6.0,-61,1769388339,2,2
2026-01-25 16:47:55.300161,0x433aad0c,12.435,73.75,5.75,-76,1769388474,3,3
2026-01-25 16:48:21.867707,0x433b0b38,13.2625,62.5,6.75,-74,1769388500,5,5
2026-01-25 16:48:26.827823,0x433abf20,13.275,66.25,6.0,-77,1769388505,3,3
2026-01-25 16:49:33.863101,0x433acb14,13.3325,63.75,3.5,-92,1769388572,3,3
2026-01-25 16:52:21.260308,0x433ad35c,13.28375,77.5,7.0,-54,1769388740,3,3
2026-01-25 16:53:29.321587,0x433abf20,13.27625,60.0,5.75,-76,1769388808,3,3
2026-01-25 16:53:32.676036,0x433b0b38,13.26,75.0,7.0,-74,1769388811,5,5
2026-01-25 16:54:35.690598,0x433acb14,13.33,62.5,2.75,-94,1769388874,3,3
2026-01-25 16:55:43.116356,0x433b0098,13.26,66.25,6.25,-60,1769388941,2,2
2026-01-25 16:57:56.329329,0x433aad0c,12.4,75.0,6.25,-76,1769389075,3,3
2026-01-25 16:58:23.578058,0x433b0b38,13.25875,75.0,6.75,-74,1769389102,5,5
2026-01-25 16:58:29.654702,0x433abf20,13.2725,76.25,5.5,-76,1769389108,3,3
2026-01-26 23:00:35.894394,0x433ad35c,13.26875,63.75,6.25,-54,1769497231,3,3
2026-01-26 23:00:44.217701,0x433abf20,13.26625,65.0,6.25,-77,1769497240,3,3
2026-01-26 23:01:25.110170,0x433b0b38,13.24875,73.75,5.5,-73,1769497281,5,5
2026-01-26 23:02:42.005909,0x433acb14,13.2675,72.5,6.25,-86,1769497357,3,3
2026-01-26 23:02:46.989133,0x433b0098,13.24125,61.25,7.0,-59,1769497362,2,2
2026-01-26 23:05:44.991842,0x433abf20,13.26625,65.0,5.0,-76,1769497540,3,3
2026-01-26 23:06:27.996760,0x433b0b38,13.25375,63.75,5.75,-73,1769497583,5,5
2026-01-26 23:07:42.814030,0x433acb14,13.26625,75.0,5.25,-86,1769497658,3,3
2026-01-26 23:10:37.947618,0x433ad35c,13.26875,65.0,6.0,-55,1769497833,3,3
2026-01-26 23:10:46.338115,0x433abf20,13.25875,67.5,5.5,-77,1769497842,3,3
2026-01-26 23:11:28.560969,0x433b0b38,13.2475,70.0,5.5,-73,1769497884,5,5
2026-01-26 23:12:45.599662,0x433acb14,13.2675,76.25,5.0,-87,1769497961,3,3
2026-01-26 23:12:48.841434,0x433b0098,13.2075,118.75,6.75,-60,1769497964,2,2
2026-01-26 23:15:46.767833,0x433abf20,13.26375,73.75,5.25,-77,1769498142,3,3
2026-01-26 23:16:30.197069,0x433b0b38,13.2525,57.5,5.75,-74,1769498186,5,5
2026-01-26 23:17:46.341609,0x433acb14,13.26625,76.25,5.5,-86,1769498262,3,3
2026-01-26 23:20:39.760884,0x433ad35c,13.26375,72.5,7.25,-54,1769498435,3,3
2026-01-26 23:20:48.770743,0x433abf20,13.265,61.25,5.25,-76,1769498444,3,3
2026-01-26 23:21:31.366599,0x433b0b38,13.2475,73.75,5.25,-74,1769498487,5,5
2026-01-26 23:22:50.432731,0x433acb14,13.26875,57.5,6.0,-86,1769498566,3,3
2026-01-26 23:22:52.574047,0x433b0098,13.23875,62.5,6.5,-60,1769498568,2,2
2026-01-26 23:25:49.606488,0x433abf20,13.26625,63.75,5.5,-76,1769498745,3,3
2026-01-26 23:26:31.889969,0x433b0b38,13.25375,65.0,5.25,-74,1769498787,5,5
2026-01-26 23:27:02.386085,0x433af380,13.20875,68.75,6.25,-38,1769498818,3,3
2026-01-26 23:27:48.161839,0x433acb14,13.27125,66.25,5.75,-87,1769498864,3,3
2026-01-26 23:30:43.043946,0x433ad35c,13.265,76.25,6.5,-55,1769499038,3,3
2026-01-26 23:30:51.050383,0x433abf20,13.26375,61.25,6.0,-77,1769499046,3,3
2026-01-26 23:31:33.127672,0x433b0b38,13.25,58.75,6.0,-73,1769499089,5,5
2026-01-26 23:32:48.631410,0x433acb14,13.2675,68.75,5.5,-85,1769499164,3,3
2026-01-26 23:32:53.581666,0x433b0098,13.23625,63.75,6.0,-59,1769499169,2,2
2026-01-26 23:35:52.775750,0x433abf20,13.26375,65.0,6.25,-76,1769499348,3,3
2026-01-26 23:36:35.102011,0x433b0b38,13.2525,72.5,5.5,-74,1769499390,5,5
2026-01-26 23:37:50.806561,0x433acb14,13.265,82.5,6.25,-86,1769499466,3,3
2026-01-26 23:40:45.696831,0x433ad35c,13.26375,77.5,6.0,-55,1769499641,3,3
2026-01-26 23:40:53.786313,0x433abf20,13.26375,66.25,5.75,-76,1769499649,3,3
2026-01-26 23:41:35.651582,0x433b0b38,13.25375,65.0,5.75,-73,1769499691,5,5
2026-01-26 23:42:51.149750,0x433acb14,13.2675,62.5,6.0,-86,1769499767,3,3
2026-01-26 23:42:57.811081,0x433b0098,13.23125,75.0,5.5,-76,1769499773,2,1
2026-01-26 23:45:54.538237,0x433abf20,13.25875,75.0,5.25,-77,1769499950,3,3
2026-01-26 23:46:36.913044,0x433b0b38,13.25,57.5,5.75,-74,1769499992,5,5
2026-01-26 23:47:53.335329,0x433acb14,13.26875,63.75,6.25,-86,1769500069,3,3
2026-01-26 23:50:47.978046,0x433ad35c,13.265,63.75,7.0,-54,1769500243,3,3
2026-01-26 23:50:56.877183,0x433abf20,13.265,67.5,5.5,-76,1769500252,3,3
2026-01-26 23:51:38.173853,0x433b0b38,13.245,95.0,5.75,-73,1769500294,5,5
2026-01-26 23:52:53.668678,0x433acb14,13.265,76.25,5.75,-86,1769500369,3,3
2026-01-26 23:53:00.178096,0x433b0098,13.2375,63.75,7.25,-60,1769500376,2,2
2026-01-26 23:56:00.458459,0x433abf20,13.2625,62.5,6.0,-76,1769500556,3,3
2026-01-26 23:56:39.614669,0x433b0b38,13.25,58.75,5.75,-73,1769500595,5,5
2026-01-26 23:57:55.883712,0x433acb14,13.26625,75.0,6.0,-86,1769500671,3,3
2026-01-26 20:00:39.258157,0x433b0b38,13.26,68.75,6.0,-74,1769486435,5,5
2026-01-26 20:01:54.463544,0x433acb14,13.285,66.25,4.25,-87,1769486510,3,3
2026-01-26 20:02:04.556181,0x433b0098,13.25875,63.75,6.5,-60,1769486520,2,2
2026-01-26 20:04:58.361537,0x433abf20,13.27125,71.25,5.5,-76,1769486694,3,3
2026-01-26 20:05:39.424963,0x433b0b38,13.265,63.75,6.75,-74,1769486735,5,5
2026-01-26 20:06:55.771625,0x433acb14,13.28125,75.0,4.0,-87,1769486811,3,3
2026-01-26 20:09:50.976715,0x433ad35c,13.27875,61.25,6.0,-53,1769486987,3,3
2026-01-26 20:09:58.586325,0x433abf20,13.27,72.5,5.25,-76,1769486994,3,3
2026-01-26 20:10:40.522299,0x433b0b38,13.265,65.0,4.75,-74,1769487036,5,5
2026-01-26 20:11:57.037424,0x433acb14,13.2825,63.75,3.75,-87,1769487113,3,3
2026-01-26 20:12:05.397783,0x433b0098,13.25625,58.75,6.0,-60,1769487121,2,2
2026-01-26 20:15:00.368174,0x433abf20,13.2725,65.0,5.75,-76,1769487296,3,3
2026-01-26 20:15:41.956720,0x433b0b38,13.26,73.75,7.0,-74,1769487338,5,5
2026-01-26 20:16:58.298038,0x433acb14,13.2825,62.5,4.0,-87,1769487414,3,3
2026-01-26 20:19:53.502455,0x433ad35c,13.28,65.0,5.75,-53,1769487589,3,3
2026-01-26 20:20:01.275136,0x433abf20,13.27,65.0,5.5,-76,1769487597,3,3
2026-01-26 20:20:44.139555,0x433b0b38,13.25875,75.0,5.0,-74,1769487640,5,5
2026-01-26 20:22:00.428803,0x433acb14,13.2825,62.5,4.0,-87,1769487716,3,3
2026-01-26 20:22:10.924646,0x433b0098,13.255,63.75,7.0,-59,1769487727,2,2
2026-01-26 20:25:04.055624,0x433abf20,13.2725,63.75,5.75,-76,1769487900,3,3
2026-01-26 20:25:44.440124,0x433b0b38,13.23875,123.75,6.75,-73,1769487940,5,5
2026-01-26 20:26:32.588048,0x433af380,13.21125,77.5,6.25,-38,1769487988,3,3
2026-01-26 20:27:00.940517,0x433acb14,13.28125,65.0,4.0,-87,1769488017,3,3
2026-01-26 20:29:56.026684,0x433ad35c,13.27625,75.0,6.25,-53,1769488192,3,3
2026-01-26 20:30:04.610227,0x433abf20,13.26875,72.5,5.0,-76,1769488200,3,3
2026-01-26 20:30:46.664407,0x433b0b38,13.2575,71.25,5.75,-74,1769488242,5,5
2026-01-26 20:32:03.098398,0x433acb14,13.27875,77.5,4.0,-88,1769488319,3,3
2026-01-26 20:32:12.370673,0x433b0098,13.2475,71.25,6.0,-60,1769488328,2,2
2026-01-26 20:35:06.753942,0x433abf20,13.26875,72.5,5.5,-76,1769488502,3,3
2026-01-26 20:35:46.750522,0x433b0b38,13.2575,68.75,5.5,-75,1769488542,5,5
2026-01-26 20:37:03.458965,0x433acb14,13.27125,85.0,4.5,-87,1769488619,3,3
2026-01-26 20:39:58.689699,0x433ad35c,13.275,73.75,6.5,-53,1769488794,3,3
2026-01-26 20:40:07.157091,0x433abf20,13.2725,63.75,5.5,-76,1769488803,3,3
2026-01-26 20:40:51.527485,0x433b0b38,13.26375,65.0,6.75,-74,1769488847,5,5
2026-01-26 20:42:05.087020,0x433acb14,13.28375,67.5,4.0,-88,1769488921,3,3
2026-01-26 20:42:14.074937,0x433b0098,13.2475,70.0,7.25,-59,1769488930,2,2
2026-01-26 20:45:08.852668,0x433abf20,13.27375,63.75,5.5,-76,1769489104,3,3
2026-01-26 20:45:50.137524,0x433b0b38,13.2325,132.5,7.0,-74,1769489146,5,5
2026-01-26 20:47:07.505284,0x433acb14,13.2775,73.75,4.0,-87,1769489223,3,3
2026-01-26 20:50:01.762263,0x433ad35c,13.2775,60.0,6.5,-53,1769489397,3,3
2026-01-26 20:50:11.198552,0x433abf20,13.27,75.0,5.75,-76,1769489407,3,3
2026-01-26 20:50:50.468232,0x433b0b38,13.25875,75.0,6.75,-73,1769489446,5,5
2026-01-26 20:52:08.619819,0x433acb14,13.2825,65.0,4.0,-87,1769489524,3,3
2026-01-26 20:52:16.598059,0x433b0098,13.25,58.75,7.25,-60,1769489532,2,2
2026-01-26 20:55:14.727779,0x433abf20,13.27,63.75,5.5,-77,1769489710,3,3
2026-01-26 20:55:54.450875,0x433b0b38,13.25625,71.25,6.5,-74,1769489750,5,5
2026-01-26 20:57:09.039333,0x433acb14,13.28,67.5,4.5,-87,1769489825,3,3
2026-01-26 21:00:04.323246,0x433ad35c,13.275,67.5,7.0,-52,1769490000,3,3
2026-01-27 12:01:14.762527,0x433acb14,13.27375,63.75,3.5,-92,1769544069,3,3
2026-01-27 12:03:55.792628,0x433abf20,13.26375,62.5,6.0,-75,1769544230,3,3
2026-01-27 12:04:06.324164,0x433ad35c,13.2725,61.25,6.5,-53,1769544241,3,3
2026-01-27 12:04:53.327872,0x433b0b38,13.24,58.75,6.75,-71,1769544288,5,5
2026-01-27 12:06:09.777733,0x433b0098,13.2275,70.0,6.25,-60,1769544364,2,2
2026-01-27 12:06:16.154512,0x433acb14,13.27,76.25,-0.75,-96,1769544370,3,3
2026-01-27 12:08:59.515621,0x433abf20,13.26375,62.5,5.75,-75,1769544534,3,3
2026-01-27 12:09:54.322714,0x433b0b38,13.24,61.25,6.0,-72,1769544589,5,5
2026-01-27 12:11:16.992905,0x433acb14,13.275,63.75,2.25,-92,1769544671,3,3
2026-01-27 12:14:03.153472,0x433abf20,13.265,61.25,5.75,-75,1769544837,3,3
2026-01-27 12:14:10.970380,0x433ad35c,13.27375,61.25,5.75,-59,1769544845,3,2
2026-01-27 12:14:55.046059,0x433b0b38,13.235,72.5,6.0,-72,1769544889,5,5
2026-01-27 12:16:15.726824,0x433b0098,13.22875,72.5,6.0,-58,1769544970,2,2
2026-01-27 12:16:18.856685,0x433acb14,13.27375,65.0,3.75,-88,1769544973,3,3
2026-01-27 12:18:59.776268,0x433abf20,13.26625,63.75,6.0,-77,1769545134,3,3
2026-01-27 12:19:57.952912,0x433b0b38,13.24375,62.5,5.5,-71,1769545192,5,5
2026-01-27 12:21:22.733525,0x433acb14,13.275,62.5,0.5,-97,1769545277,3,3
2026-01-27 12:24:01.744918,0x433abf20,13.26,72.5,5.5,-75,1769545436,3,3
2026-01-27 12:24:10.607693,0x433ad35c,13.275,62.5,5.75,-54,1769545445,3,3
2026-01-27 12:24:59.223256,0x433b0b38,13.235,71.25,5.25,-70,1769545493,5,5
2026-01-27 12:26:17.223305,0x433b0098,13.22625,87.5,6.0,-61,1769545571,2,2
2026-01-27 12:26:21.141625,0x433acb14,13.275,60.0,4.5,-89,1769545575,3,3
2026-01-27 12:29:02.089735,0x433abf20,13.2475,123.75,5.75,-76,1769545736,3,3
2026-01-27 12:29:34.002758,0x433af380,13.19,77.5,6.25,-38,1769545768,3,3
2026-01-27 12:30:00.045995,0x433b0b38,13.24375,62.5,5.75,-72,1769545794,5,5
2026-01-27 12:31:22.875711,0x433acb14,13.2775,65.0,4.0,-91,1769545877,3,3
2026-01-27 12:34:03.411025,0x433abf20,13.265,72.5,5.5,-77,1769546038,3,3
2026-01-27 12:34:15.883899,0x433ad35c,13.27625,63.75,6.5,-54,1769546050,3,3
2026-01-27 12:35:00.992541,0x433b0b38,13.2425,58.75,5.5,-73,1769546095,5,5
2026-01-27 12:36:17.144438,0x433b0098,13.235,61.25,5.75,-61,1769546171,2,2
2026-01-27 12:36:24.450158,0x433acb14,13.27375,76.25,-3.25,-96,1769546179,3,3
2026-01-27 12:39:04.408102,0x433abf20,13.26625,78.75,5.25,-77,1769546339,3,3
2026-01-27 12:40:03.486148,0x433b0b38,13.24375,58.75,5.75,-74,1769546398,5,5
2026-01-27 12:41:27.231191,0x433acb14,13.2775,63.75,0.25,-96,1769546481,3,3
2026-01-27 12:44:05.997241,0x433abf20,13.2675,62.5,5.5,-76,1769546640,3,3
2026-01-27 12:44:15.493167,0x433ad35c,13.27375,73.75,5.5,-54,1769546650,3,3
2026-01-27 12:45:03.605126,0x433b0b38,13.23875,62.5,5.75,-72,1769546698,5,5
2026-01-27 12:46:18.597275,0x433b0098,13.23625,61.25,5.5,-61,1769546773,2,2
2026-01-27 12:46:27.825038,0x433acb14,13.27625,65.0,3.25,-93,1769546782,3,3
2026-01-27 12:49:07.712536,0x433abf20,13.26875,61.25,5.75,-77,1769546942,3,3
2026-01-27 12:50:04.599461,0x433b0b38,13.24125,70.0,6.0,-73,1769546999,5,5
2026-01-27 12:51:29.151339,0x433acb14,13.2775,65.0,2.75,-93,1769547083,3,3
2026-01-27 12:54:09.242563,0x433abf20,13.26875,60.0,6.25,-74,1769547243,3,3
2026-01-27 12:54:18.330922,0x433ad35c,13.27875,63.75,7.75,-54,1769547252,3,3
2026-01-27 12:55:06.571538,0x433b0b38,13.24125,72.5,6.0,-72,1769547301,5,5
2026-01-27 12:56:21.732542,0x433b0098,13.2375,60.0,6.75,-59,1769547376,2,2
2026-01-27 12:56:29.854439,0x433acb14,13.2725,67.5,6.0,-82,1769547384,3,3
2026-01-27 12:59:10.251813,0x433abf20,13.27,62.5,5.5,-77,1769547544,3,3
2026-01-27 13:00:08.509605,0x433b0b38,13.25,63.75,5.5,-73,1769547603,5,5
2026-01-26 15:00:33.584250,0x433acb14,13.29875,65.0,-1.75,-100,1769468430,3,3
2026-01-26 15:01:02.394529,0x433b0098,13.2525,76.25,6.0,-61,1769468459,2,2
2026-01-26 15:03:41.243305,0x433abf20,13.25875,121.25,5.5,-76,1769468617,3,3
2026-01-26 15:04:20.255414,0x433b0b38,13.2675,65.0,5.5,-73,1769468656,5,5
2026-01-26 15:05:33.570512,0x433acb14,13.3,65.0,2.0,-96,1769468730,3,3
2026-01-26 15:08:30.206562,0x433ad35c,13.2925,61.25,6.0,-54,1769468906,3,3
2026-01-26 15:08:43.830137,0x433abf20,13.27125,62.5,5.5,-76,1769468920,3,3
2026-01-26 15:09:21.048032,0x433b0b38,13.26625,62.5,5.25,-74,1769468957,5,5
2026-01-26 15:10:35.144098,0x433acb14,13.29625,76.25,2.0,-95,1769469031,3,3
2026-01-26 15:11:03.350432,0x433b0098,13.255,71.25,6.5,-61,1769469060,2,2
2026-01-26 15:13:44.964882,0x433abf20,13.27875,62.5,5.75,-76,1769469221,3,3
2026-01-26 15:14:22.124215,0x433b0b38,13.26875,61.25,6.0,-73,1769469258,5,5
2026-01-26 15:15:38.143017,0x433acb14,13.295,77.5,0.25,-97,1769469334,3,3
2026-01-26 15:18:32.030859,0x433ad35c,13.28875,61.25,6.25,-53,1769469508,3,3
2026-01-26 15:18:44.491885,0x433abf20,13.27875,57.5,6.25,-76,1769469521,3,3
2026-01-26 15:19:24.227379,0x433b0b38,13.265,67.5,5.25,-73,1769469560,5,5
2026-01-26 15:20:38.991110,0x433acb14,13.29625,72.5,4.0,-91,1769469635,3,3
2026-01-26 15:21:05.087835,0x433b0098,13.25625,73.75,6.0,-62,1769469661,2,2
2026-01-26 15:23:46.832317,0x433abf20,13.275,75.0,6.0,-76,1769469823,3,3
2026-01-26 15:24:23.941400,0x433b0b38,13.26875,61.25,5.75,-73,1769469860,5,5
2026-01-26 15:25:39.472725,0x433acb14,13.295,75.0,-2.25,-101,1769469936,3,3
2026-01-26 15:25:47.594901,0x433af380,13.21625,82.5,5.25,-39,1769469944,3,3
2026-01-26 15:28:34.817120,0x433ad35c,13.28625,76.25,6.5,-53,1769470111,3,3
2026-01-26 15:28:47.333574,0x433abf20,13.27375,72.5,6.0,-77,1769470123,3,3
2026-01-26 15:29:26.444094,0x433b0b38,13.265,75.0,5.5,-73,1769470163,5,5
2026-01-26 15:30:41.002567,0x433acb14,13.29625,73.75,3.0,-93,1769470237,3,3
2026-01-26 15:31:08.526916,0x433b0098,13.26375,58.75,5.75,-62,1769470265,2,2
2026-01-26 15:33:48.102786,0x433abf20,13.27875,63.75,5.5,-75,1769470424,3,3
2026-01-26 15:34:27.646371,0x433b0b38,13.26875,60.0,5.75,-74,1769470464,5,5
2026-01-26 15:35:42.574764,0x433acb14,13.29875,62.5,,-98,1769470539,3,3
2026-01-26 15:38:36.694168,0x433ad35c,13.2875,76.25,6.25,-53,1769470713,3,3
2026-01-26 15:38:49.394972,0x433abf20,13.275,75.0,5.75,-76,1769470726,3,3
2026-01-26 15:39:27.882005,0x433b0b38,13.26875,62.5,5.75,-73,1769470764,5,5
2026-01-26 15:40:43.117125,0x433acb14,13.29375,73.75,0.5,-96,1769470839,3,3
2026-01-26 15:41:10.943642,0x433b0098,13.26375,62.5,7.0,-61,1769470867,2,2
2026-01-26 15:43:50.829131,0x433abf20,13.2775,61.25,5.25,-77,1769471027,3,3
2026-01-26 15:44:29.276857,0x433b0b38,13.26375,75.0,5.5,-73,1769471065,5,5
2026-01-26 15:45:44.093411,0x433acb14,13.3,65.0,2.0,-94,1769471140,3,3
2026-01-26 15:48:39.421782,0x433ad35c,13.29,76.25,5.75,-53,1769471316,3,3
2026-01-26 15:48:52.641863,0x433abf20,13.275,71.25,5.5,-76,1769471329,3,3
2026-01-26 15:49:30.520076,0x433b0b38,13.2675,71.25,5.75,-73,1769471367,5,5
2026-01-26 15:50:45.686423,0x433acb14,13.295,95.0,1.0,-95,1769471442,3,3
2026-01-26 15:51:12.308169,0x433b0098,13.265,60.0,6.0,-61,1769471468,2,2
2026-01-26 15:53:51.777001,0x433abf20,13.28,61.25,5.25,-76,1769471628,3,3
2026-01-26 15:54:36.759725,0x433b0b38,13.2725,62.5,6.5,-74,1769471673,5,5
2026-01-26 15:55:47.930852,0x433acb14,13.29625,77.5,-0.25,-98,1769471744,3,3
2026-01-26 15:58:42.383817,0x433ad35c,13.28875,62.5,6.25,-54,1769471918,3,3
2026-01-26 15:58:53.050976,0x433abf20,13.27625,72.5,5.5,-76,1769471929,3,3
2026-01-26 15:59:34.324577,0x433b0b38,13.2725,62.5,5.5,-73,1769471970,5,5
2026-01-26 03:01:00.853368,0x433b0b38,13.24875,58.75,7.0,-73,1769425258,5,5
2026-01-26 03:01:05.088433,0x433abf20,13.2625,65.0,5.25,-76,1769425262,3,3
2026-01-26 03:02:24.332183,0x433acb14,13.27875,88.75,3.5,-91,1769425342,3,3
2026-01-26 03:05:12.359289,0x433ad35c,13.26875,62.5,5.75,-53,1769425510,3,3
2026-01-26 03:06:02.828894,0x433b0b38,13.2525,66.25,5.25,-74,1769425560,5,5
2026-01-26 03:06:07.176394,0x433abf20,13.25875,76.25,5.75,-76,1769425565,3,3
2026-01-26 03:07:24.546656,0x433acb14,13.285,73.75,3.5,-91,1769425642,3,3
2026-01-26 03:08:16.051444,0x433b0098,13.235,62.5,6.0,-60,1769425693,2,2
2026-01-26 03:11:03.379565,0x433b0b38,13.24875,62.5,6.5,-74,1769425861,5,5
2026-01-26 03:11:07.966501,0x433abf20,13.26,65.0,5.5,-76,1769425865,3,3
2026-01-26 03:12:27.521662,0x433acb14,13.2825,70.0,3.75,-91,1769425945,3,3
2026-01-26 03:15:13.785214,0x433ad35c,13.26375,72.5,3.75,-53,1769426111,3,3
2026-01-26 03:16:04.641876,0x433b0b38,13.24375,73.75,5.75,-74,1769426162,5,5
2026-01-26 03:16:07.955180,0x433abf20,13.25625,71.25,5.5,-75,1769426165,3,3
2026-01-26 03:17:27.347412,0x433acb14,13.28625,63.75,3.75,-91,1769426245,3,3
2026-01-26 03:18:15.803616,0x433b0098,13.23875,63.75,6.25,-59,1769426293,2,2
2026-01-26 03:21:06.409445,0x433b0b38,13.24875,60.0,7.0,-73,1769426464,5,5
2026-01-26 03:21:09.714378,0x433abf20,13.25875,75.0,6.0,-76,1769426467,3,3
2026-01-26 03:22:31.018870,0x433acb14,13.28625,67.5,4.0,-91,1769426548,3,3
2026-01-26 03:23:48.128979,0x433af380,13.20375,70.0,6.25,-39,1769426625,3,3
2026-01-26 03:25:17.351527,0x433ad35c,13.26375,75.0,6.0,-53,1769426715,3,3
2026-01-26 03:26:09.136400,0x433b0b38,13.25,61.25,6.0,-74,1769426766,5,5
2026-01-26 03:26:12.964073,0x433abf20,13.2625,63.75,5.5,-76,1769426770,3,3
2026-01-26 03:27:29.983574,0x433acb14,13.28625,67.5,3.25,-91,1769426847,3,3
2026-01-26 03:28:18.524248,0x433b0098,13.235,60.0,6.5,-61,1769426896,2,2
2026-01-26 03:31:10.566252,0x433b0b38,13.245,73.75,6.5,-73,1769427068,5,5
2026-01-26 03:31:14.652429,0x433abf20,13.25625,73.75,6.0,-76,1769427072,3,3
2026-01-26 03:32:32.825361,0x433acb14,13.285,63.75,3.25,-91,1769427150,3,3
2026-01-26 03:35:21.578161,0x433ad35c,13.26875,65.0,6.5,-53,1769427319,3,3
2026-01-26 03:36:10.522280,0x433b0b38,13.2475,62.5,6.25,-75,1769427368,5,5
2026-01-26 03:36:14.156080,0x433abf20,13.26125,62.5,5.75,-76,1769427371,3,3
2026-01-26 03:37:33.896093,0x433acb14,13.28875,63.75,3.5,-92,1769427451,3,3
2026-01-26 03:38:20.679616,0x433b0098,13.23625,60.0,5.75,-62,1769427498,2,2
2026-01-26 03:41:11.211172,0x433b0b38,13.24625,77.5,6.75,-74,1769427669,5,5
2026-01-26 03:41:14.499936,0x433abf20,13.26,61.25,5.25,-76,1769427672,3,3
2026-01-26 03:42:35.019669,0x433acb14,13.2875,63.75,3.25,-90,1769427752,3,3
2026-01-26 03:45:22.598317,0x433ad35c,13.26625,65.0,6.0,-54,1769427920,3,3
2026-01-26 03:46:12.225653,0x433b0b38,13.24125,76.25,6.0,-75,1769427970,5,5
2026-01-26 03:46:15.377670,0x433abf20,13.26,61.25,6.0,-76,1769427973,3,3
2026-01-26 03:47:35.668985,0x433acb14,13.28375,60.0,3.5,-91,1769428053,3,3
2026-01-26 03:48:21.862227,0x433b0098,13.235,61.25,6.0,-61,1769428099,2,2
2026-01-26 03:51:13.471487,0x433b0b38,13.2475,72.5,5.5,-75,1769428271,5,5
2026-01-26 03:51:16.914602,0x433abf20,13.25625,72.5,5.5,-77,1769428274,3,3
2026-01-26 03:52:36.687566,0x433acb14,13.29,61.25,3.25,-91,1769428354,3,3
2026-01-26 03:55:25.696635,0x433ad35c,13.265,76.25,6.25,-54,1769428523,3,3
2026-01-26 03:56:14.749377,0x433b0b38,13.2475,65.0,5.25,-74,1769428572,5,5
2026-01-26 03:56:19.923548,0x433abf20,13.25875,65.0,5.5,-75,1769428577,3,3
2026-01-26 03:57:39.184751,0x433acb14,13.28625,66.25,3.75,-91,1769428656,3,3
2026-01-26 03:58:24.126117,0x433b0098,13.2275,68.75,6.25,-59,1769428701,2,2
2026-01-25 20:59:26.335102,0x433b0b38,13.25875,65.0,6.0,-74,1769403564,5,5
2026-01-25 20:59:34.606887,0x433abf20,13.265,73.75,6.5,-53,1769403573,3,2
2026-01-25 21:00:45.867502,0x433acb14,13.31,65.0,3.75,-93,1769403644,3,3
2026-01-25 21:03:29.219024,0x433ad35c,13.27875,63.75,6.75,-52,1769403807,3,3
2026-01-25 21:04:26.873085,0x433b0b38,13.26,62.5,6.0,-74,1769403865,5,5
2026-01-25 21:04:30.912592,0x433abf20,13.2675,62.5,5.75,-76,1769403869,3,3
2026-01-25 21:05:48.641678,0x433acb14,13.3075,71.25,3.25,-93,1769403947,3,3
2026-01-25 21:06:37.681865,0x433b0098,13.2425,75.0,5.75,-60,1769403996,2,2
2026-01-25 21:09:28.846131,0x433b0b38,13.2625,61.25,6.25,-73,1769404167,5,5
2026-01-25 21:09:31.818346,0x433abf20,13.26625,65.0,6.0,-76,1769404170,3,3
2026-01-25 21:10:47.589703,0x433acb14,13.30625,63.75,3.75,-92,1769404246,3,3
2026-01-25 21:13:31.036936,0x433ad35c,13.28,65.0,6.75,-53,1769404409,3,3
2026-01-25 21:14:29.685835,0x433b0b38,13.25375,73.75,5.25,-74,1769404468,5,5
2026-01-25 21:14:37.891245,0x433abf20,13.2675,61.25,5.75,-76,1769404476,3,3
2026-01-25 21:15:50.841049,0x433acb14,13.2825,130.0,4.0,-92,1769404549,3,3
2026-01-25 21:16:40.200529,0x433b0098,13.2425,71.25,6.0,-61,1769404598,2,2
2026-01-25 21:19:30.681098,0x433b0b38,13.25625,76.25,5.75,-74,1769404769,5,5
2026-01-25 21:19:38.032699,0x433abf20,13.26125,80.0,5.75,-76,1769404776,3,3
2026-01-25 21:20:52.209202,0x433acb14,13.30625,67.5,4.0,-92,1769404850,3,3
2026-01-25 21:22:47.915285,0x433af380,13.21875,71.25,6.5,-38,1769404966,3,3
2026-01-25 21:23:38.127429,0x433ad35c,13.275,71.25,6.25,-53,1769405016,3,3
2026-01-25 21:24:36.391164,0x433b0b38,13.2475,96.25,5.25,-74,1769405074,5,5
2026-01-25 21:24:40.391871,0x433abf20,13.26625,66.25,5.25,-76,1769405078,3,3
2026-01-25 21:25:54.139875,0x433acb14,13.3025,78.75,3.75,-92,1769405152,3,3
2026-01-25 21:26:43.712674,0x433b0098,13.24125,75.0,5.75,-61,1769405202,2,2
2026-01-25 21:29:37.543312,0x433b0b38,13.25375,70.0,6.25,-74,1769405375,5,5
2026-01-25 21:29:41.445208,0x433abf20,13.26875,65.0,5.5,-76,1769405379,3,3
2026-01-25 21:30:53.155066,0x433acb14,13.3,77.5,3.75,-92,1769405451,3,3
2026-01-25 21:33:40.254259,0x433ad35c,13.275,73.75,5.5,-53,1769405618,3,3
2026-01-25 21:34:34.719178,0x433b0b38,13.2575,61.25,6.25,-74,1769405673,5,5
2026-01-25 21:34:42.180781,0x433abf20,13.26125,72.5,5.5,-76,1769405680,3,3
2026-01-25 21:35:55.224650,0x433acb14,13.30375,63.75,4.0,-91,1769405753,3,3
2026-01-25 21:36:46.137500,0x433b0098,13.245,57.5,6.5,-61,1769405804,2,2
2026-01-25 21:39:36.919135,0x433b0b38,13.2575,65.0,5.75,-74,1769405975,5,5
2026-01-25 21:39:40.604661,0x433abf20,13.2475,125.0,5.0,-77,1769405979,3,3
2026-01-25 21:40:55.902327,0x433acb14,13.30125,76.25,3.75,-93,1769406054,3,3
2026-01-25 21:43:43.065245,0x433ad35c,13.275,62.5,6.0,-53,1769406221,3,3
2026-01-25 21:44:38.130161,0x433b0b38,13.2575,65.0,6.25,-73,1769406276,5,5
2026-01-25 21:44:44.273649,0x433abf20,13.2425,126.25,5.5,-76,1769406282,3,3
2026-01-25 21:45:58.062631,0x433acb14,13.3,76.25,3.25,-91,1769406356,3,3
2026-01-25 21:46:49.529246,0x433b0098,13.23625,72.5,6.25,-60,1769406407,2,2
2026-01-25 21:49:39.101548,0x433b0b38,13.23125,132.5,6.25,-73,1769406577,5,5
2026-01-25 21:49:47.106736,0x433abf20,13.25875,72.5,5.75,-76,1769406585,3,3
2026-01-25 21:50:59.384352,0x433acb14,13.3025,58.75,3.75,-91,1769406657,3,3
2026-01-25 21:53:43.260851,0x433ad35c,13.27375,71.25,6.0,-53,1769406821,3,3
2026-01-25 21:54:41.579847,0x433b0b38,13.25625,65.0,6.0,-73,1769406879,5,5
2026-01-25 21:54:45.646714,0x433abf20,13.24125,137.5,5.75,-76,1769406884,3,3
2026-01-25 21:56:00.946384,0x433acb14,13.3025,63.75,3.0,-91,1769406959,3,3
2026-01-25 21:56:51.325860,0x433b0098,13.24625,62.5,6.0,-60,1769407009,2,2
2026-01-25 22:59:56.352381,0x433b0b38,13.25625,63.75,6.25,-73,1769410794,5,5
2026-01-25 23:00:03.168837,0x433abf20,13.26,77.5,5.75,-76,1769410801,3,3
2026-01-25 23:01:17.734029,0x433acb14,13.29875,66.25,3.5,-91,1769410875,3,3
2026-01-25 23:04:01.180503,0x433ad35c,13.27125,72.5,6.5,-53,1769411039,3,3
2026-01-25 23:04:59.167630,0x433b0b38,13.2525,76.25,6.25,-73,1769411097,5,5
2026-01-25 23:05:03.072457,0x433abf20,13.24375,120.0,5.75,-76,1769411101,3,3
2026-01-25 23:06:19.168278,0x433acb14,13.29875,63.75,3.5,-91,1769411177,3,3
2026-01-25 23:07:08.941816,0x433b0098,13.24125,62.5,6.25,-60,1769411227,2,2
2026-01-25 23:09:59.891669,0x433b0b38,13.25125,72.5,6.25,-73,1769411398,5,5
2026-01-25 23:10:08.194569,0x433abf20,13.26375,62.5,5.25,-76,1769411406,3,3
2026-01-25 23:11:23.159616,0x433acb14,13.29875,68.75,3.5,-91,1769411481,3,3
2026-01-25 23:14:04.581007,0x433ad35c,13.275,60.0,6.25,-53,1769411642,3,3
2026-01-25 23:15:00.936481,0x433b0b38,13.25625,65.0,6.25,-74,1769411699,5,5
2026-01-25 23:15:07.557564,0x433abf20,13.26,76.25,6.0,-77,1769411705,3,3
2026-01-25 23:16:24.025370,0x433acb14,13.29875,62.5,3.25,-91,1769411782,3,3
2026-01-25 23:17:10.303405,0x433b0098,13.21125,120.0,6.25,-61,1769411828,2,2
2026-01-25 23:20:02.527504,0x433b0b38,13.25375,63.75,5.5,-74,1769412000,5,5
2026-01-25 23:20:08.799609,0x433abf20,13.26125,68.75,5.75,-77,1769412007,3,3
2026-01-25 23:21:23.253832,0x433acb14,13.2975,65.0,3.5,-91,1769412081,3,3
2026-01-25 23:23:06.009054,0x433af380,13.20625,68.75,6.25,-38,1769412184,3,3
2026-01-25 23:24:07.615415,0x433ad35c,13.275,61.25,6.0,-54,1769412245,3,3
2026-01-25 23:25:03.665172,0x433b0b38,13.25375,61.25,6.75,-74,1769412301,5,5
2026-01-25 23:25:09.967238,0x433abf20,13.26375,66.25,6.0,-76,1769412308,3,3
2026-01-25 23:26:25.318203,0x433acb14,13.295,77.5,3.25,-91,1769412383,3,3
2026-01-25 23:27:18.376628,0x433b0098,13.2425,58.75,6.25,-61,1769412436,2,2
2026-01-25 23:30:05.055889,0x433b0b38,13.255,66.25,5.75,-74,1769412603,5,5
2026-01-25 23:30:11.785797,0x433abf20,13.2625,62.5,5.25,-77,1769412610,3,3
2026-01-25 23:31:25.886522,0x433acb14,13.29625,61.25,3.0,-91,1769412684,3,3
2026-01-25 23:34:10.447483,0x433ad35c,13.27125,61.25,6.25,-53,1769412848,3,3
2026-01-25 23:35:06.150011,0x433b0b38,13.25625,63.75,6.5,-74,1769412904,5,5
2026-01-25 23:35:11.996627,0x433abf20,13.26375,67.5,5.5,-77,1769412910,3,3
2026-01-25 23:36:27.982026,0x433acb14,13.2975,63.75,3.5,-91,1769412986,3,3
2026-01-25 23:37:17.617851,0x433b0098,13.24125,61.25,5.75,-60,1769413035,2,2
2026-01-25 23:40:06.476777,0x433b0b38,13.25625,63.75,7.0,-73,1769413204,5,5
2026-01-25 23:40:16.525385,0x433abf20,13.25875,72.5,5.25,-76,1769413214,3,3
2026-01-25 23:41:28.437343,0x433acb14,13.29625,60.0,3.25,-92,1769413286,3,3
2026-01-25 23:44:12.284677,0x433ad35c,13.2725,66.25,6.0,-53,1769413450,3,3
2026-01-25 23:45:07.784686,0x433b0b38,13.25,78.75,6.0,-74,1769413505,5,5
2026-01-25 23:45:16.172141,0x433abf20,13.26,76.25,5.5,-76,1769413514,3,3
2026-01-25 23:46:29.880694,0x433acb14,13.29375,75.0,3.25,-91,1769413588,3,3
2026-01-25 23:47:20.045715,0x433b0098,13.20875,120.0,6.0,-61,1769413638,2,2
2026-01-25 23:50:13.400222,0x433b0b38,13.255,65.0,6.25,-73,1769413811,5,5
2026-01-25 23:50:17.744909,0x433abf20,13.26375,63.75,5.5,-77,1769413815,3,3
2026-01-25 23:51:32.422972,0x433acb14,13.295,62.5,3.0,-91,1769413890,3,3
2026-01-25 23:54:21.706122,0x433ad35c,13.2525,140.0,6.25,-54,1769414059,3,3
2026-01-25 23:55:11.669186,0x433b0b38,13.255,63.75,5.5,-74,1769414109,5,5
2026-01-25 23:55:19.950669,0x433abf20,13.2625,60.0,5.75,-77,1769414118,3,3
2026-01-25 23:56:32.591130,0x433acb14,13.2925,77.5,3.75,-92,1769414190,3,3
2026-01-25 23:57:23.177599,0x433b0098,13.235,73.75,6.25,-60,1769414241,2,2
2026-01-26 08:02:15.611287,0x433abf20,13.255,73.75,5.5,-76,1769443333,3,3
2026-01-26 08:02:23.800060,0x433b0b38,13.24,71.25,5.75,-74,1769443341,5,5
2026-01-26 08:03:46.941765,0x433acb14,13.2775,73.75,5.0,-90,1769443424,3,3
2026-01-26 08:06:35.771295,0x433ad35c,13.2625,61.25,5.5,-54,1769443593,3,3
2026-01-26 08:07:16.413643,0x433abf20,13.25625,76.25,5.5,-76,1769443633,3,3
2026-01-26 08:07:24.657521,0x433b0b38,13.24375,62.5,6.0,-74,1769443642,5,5
2026-01-26 08:08:45.233365,0x433acb14,13.25375,131.25,4.75,-90,1769443722,3,3
2026-01-26 08:09:28.278507,0x433b0098,13.19875,117.5,6.0,-60,1769443765,2,2
2026-01-26 08:12:17.192011,0x433abf20,13.255,76.25,5.75,-76,1769443934,3,3
2026-01-26 08:12:25.283453,0x433b0b38,13.24125,76.25,6.0,-74,1769443942,5,5
2026-01-26 08:13:49.907220,0x433acb14,13.2775,68.75,4.0,-90,1769444027,3,3
2026-01-26 08:16:38.482913,0x433ad35c,13.2425,143.75,6.0,-53,1769444195,3,3
2026-01-26 08:17:18.265192,0x433abf20,13.25375,75.0,5.75,-76,1769444235,3,3
2026-01-26 08:17:27.687885,0x433b0b38,13.24125,75.0,6.25,-74,1769444245,5,5
2026-01-26 08:18:47.929605,0x433acb14,13.27625,60.0,5.0,-90,1769444325,3,3
2026-01-26 08:19:30.320722,0x433b0098,13.23125,65.0,6.75,-61,1769444367,2,2
2026-01-26 08:22:19.246515,0x433abf20,13.255,72.5,5.75,-76,1769444536,3,3
2026-01-26 08:22:28.588328,0x433b0b38,13.2375,73.75,5.75,-75,1769444545,5,5
2026-01-26 08:23:50.931117,0x433acb14,13.27625,73.75,3.5,-90,1769444628,3,3
2026-01-26 08:24:34.337867,0x433af380,13.1825,83.75,6.25,-38,1769444671,3,3
2026-01-26 08:26:40.993107,0x433ad35c,13.26,66.25,6.0,-53,1769444798,3,3
2026-01-26 08:27:20.009131,0x433abf20,13.25625,62.5,5.5,-75,1769444837,3,3
2026-01-26 08:27:29.929405,0x433b0b38,13.245,57.5,6.0,-73,1769444847,5,5
2026-01-26 08:28:50.933814,0x433acb14,13.2775,62.5,3.5,-91,1769444928,3,3
2026-01-26 08:29:32.269530,0x433b0098,13.23125,63.75,5.75,-61,1769444969,2,2
2026-01-26 08:32:21.948308,0x433abf20,13.255,76.25,5.25,-77,1769445139,3,3
2026-01-26 08:32:30.514897,0x433b0b38,13.24125,61.25,6.25,-74,1769445147,5,5
2026-01-26 08:33:51.801918,0x433acb14,13.27625,62.5,3.75,-90,1769445229,3,3
2026-01-26 08:36:45.314159,0x433ad35c,13.26125,76.25,7.0,-54,1769445402,3,3
2026-01-26 08:37:22.501827,0x433abf20,13.2575,63.75,5.5,-75,1769445439,3,3
2026-01-26 08:37:32.561107,0x433b0b38,13.2425,62.5,5.75,-74,1769445449,5,5
2026-01-26 08:38:53.659761,0x433acb14,13.2775,66.25,3.75,-91,1769445530,3,3
2026-01-26 08:39:35.766820,0x433b0098,13.225,68.75,6.0,-60,1769445573,2,2
2026-01-26 08:42:22.782165,0x433abf20,13.2575,62.5,5.5,-76,1769445740,3,3
2026-01-26 08:42:35.622958,0x433b0b38,13.24375,63.75,5.75,-73,1769445752,5,5
2026-01-26 08:43:55.690596,0x433acb14,13.27125,72.5,3.5,-91,1769445832,3,3
2026-01-26 08:46:49.137972,0x433ad35c,13.26,78.75,5.75,-53,1769446006,3,3
2026-01-26 08:47:23.346049,0x433abf20,13.25375,75.0,5.5,-77,1769446040,3,3
2026-01-26 08:47:35.562023,0x433b0b38,13.245,63.75,5.75,-73,1769446052,5,5
2026-01-26 08:48:55.433894,0x433acb14,13.27625,65.0,3.75,-91,1769446132,3,3
2026-01-26 08:49:38.028709,0x433b0098,13.2325,61.25,6.25,-60,1769446175,2,2
2026-01-26 08:52:26.814486,0x433abf20,13.255,71.25,5.5,-76,1769446344,3,3
2026-01-26 08:52:35.776993,0x433b0b38,13.24125,73.75,5.75,-74,1769446353,5,5
2026-01-26 08:53:57.941380,0x433acb14,13.275,75.0,3.25,-93,1769446435,3,3
2026-01-26 08:56:49.175173,0x433ad35c,13.2625,62.5,6.25,-54,1769446606,3,3
2026-01-26 08:57:25.715943,0x433abf20,13.25875,65.0,5.0,-77,1769446643,3,3
2026-01-26 08:57:38.130520,0x433b0b38,13.24125,58.75,5.75,-74,1769446655,5,5
2026-01-26 08:59:01.712805,0x433acb14,13.275,75.0,3.75,-92,1769446739,3,3
2026-01-26 22:00:20.517897,0x433ad35c,13.2725,63.75,5.75,-53,1769493616,3,3
2026-01-26 22:00:28.176795,0x433abf20,13.2675,65.0,6.0,-76,1769493624,3,3
2026-01-26 22:01:09.233415,0x433b0b38,13.25625,62.5,6.0,-73,1769493665,5,5
2026-01-26 22:02:26.833150,0x433acb14,13.2775,65.0,5.0,-87,1769493742,3,3
2026-01-26 22:02:35.293780,0x433b0098,13.24,75.0,6.75,-60,1769493751,2,2
2026-01-26 22:05:29.038305,0x433abf20,13.2475,142.5,5.5,-76,1769493925,3,3
2026-01-26 22:06:10.486366,0x433b0b38,13.2525,75.0,6.25,-74,1769493966,5,5
2026-01-26 22:07:27.107029,0x433acb14,13.27375,67.5,-5.75,-87,1769494043,3,3
2026-01-26 22:10:22.216363,0x433ad35c,13.27,78.75,6.5,-54,1769494218,3,3
2026-01-26 22:10:30.506274,0x433abf20,13.24375,135.0,4.75,-76,1769494226,3,3
2026-01-26 22:11:12.021020,0x433b0b38,13.255,63.75,5.75,-74,1769494268,5,5
2026-01-26 22:12:28.370295,0x433acb14,13.27375,62.5,4.75,-87,1769494344,3,3
2026-01-26 22:12:33.653955,0x433b0098,13.24625,58.75,6.0,-60,1769494349,2,2
2026-01-26 22:15:33.199096,0x433abf20,13.2675,65.0,5.75,-77,1769494529,3,3
2026-01-26 22:16:13.731383,0x433b0b38,13.25625,63.75,5.25,-74,1769494569,5,5
2026-01-26 22:17:29.639038,0x433acb14,13.275,67.5,5.75,-87,1769494645,3,3
2026-01-26 22:20:25.312394,0x433ad35c,13.27,76.25,6.25,-53,1769494821,3,3
2026-01-26 22:20:34.233162,0x433abf20,13.26375,73.75,5.5,-76,1769494830,3,3
2026-01-26 22:21:16.681710,0x433b0b38,13.25625,60.0,5.25,-74,1769494872,5,5
2026-01-26 22:22:31.327692,0x433acb14,13.2725,77.5,6.0,-87,1769494947,3,3
2026-01-26 22:22:36.707909,0x433b0098,13.23875,71.25,7.75,-60,1769494952,2,2
2026-01-26 22:25:34.690217,0x433abf20,13.26875,60.0,5.5,-76,1769495130,3,3
2026-01-26 22:26:18.138600,0x433b0b38,13.255,60.0,6.0,-74,1769495174,5,5
2026-01-26 22:26:50.685808,0x433af380,13.21625,70.0,6.25,-38,1769495206,3,3
2026-01-26 22:27:32.413938,0x433acb14,13.26875,76.25,5.75,-87,1769495248,3,3
2026-01-26 22:30:27.954744,0x433ad35c,13.27125,66.25,6.25,-54,1769495423,3,3
2026-01-26 22:30:36.854434,0x433abf20,13.2675,62.5,5.25,-76,1769495432,3,3
2026-01-26 22:31:17.504244,0x433b0b38,13.2575,65.0,6.5,-73,1769495473,5,5
2026-01-26 22:32:34.329066,0x433acb14,13.275,60.0,6.25,-87,1769495550,3,3
2026-01-26 22:32:37.601309,0x433b0098,13.24,75.0,7.0,-59,1769495553,2,2
2026-01-26 22:35:37.018407,0x433abf20,13.265,62.5,5.5,-76,1769495732,3,3
2026-01-26 22:36:18.898811,0x433b0b38,13.2525,75.0,6.5,-74,1769495774,5,5
2026-01-26 22:37:35.512336,0x433acb14,13.27,67.5,6.0,-86,1769495851,3,3
2026-01-26 22:40:30.333519,0x433ad35c,13.2675,73.75,7.25,-54,1769496026,3,3
2026-01-26 22:40:38.739373,0x433abf20,13.26625,65.0,6.0,-76,1769496034,3,3
2026-01-26 22:41:19.908015,0x433b0b38,13.25625,68.75,6.5,-73,1769496075,5,5
2026-01-26 22:42:36.806087,0x433acb14,13.2725,66.25,5.75,-87,1769496152,3,3
2026-01-26 22:42:39.605687,0x433b0098,13.24375,60.0,6.75,-61,1769496155,2,2
2026-01-26 22:45:42.790034,0x433abf20,13.265,77.5,3.25,-76,1769496338,3,3
2026-01-26 22:46:21.286612,0x433b0b38,13.25,68.75,5.5,-74,1769496377,5,5
2026-01-26 22:47:37.219886,0x433acb14,13.27375,60.0,5.0,-87,1769496453,3,3
2026-01-26 22:50:33.022724,0x433ad35c,13.26875,66.25,7.5,-54,1769496628,3,3
2026-01-26 22:50:41.339884,0x433abf20,13.26125,71.25,5.5,-77,1769496637,3,3
2026-01-26 22:51:25.312818,0x433b0b38,13.2525,63.75,4.75,-73,1769496681,5,5
2026-01-26 22:52:40.013937,0x433acb14,13.26875,77.5,5.75,-86,1769496755,3,3
2026-01-26 22:52:44.688409,0x433b0098,13.20875,115.0,6.0,-61,1769496760,2,2
2026-01-26 22:55:43.107094,0x433abf20,13.265,65.0,5.5,-77,1769496939,3,3
2026-01-26 22:56:23.849964,0x433b0b38,13.25375,58.75,6.0,-74,1769496979,5,5
2026-01-26 22:57:41.229302,0x433acb14,13.27,65.0,6.0,-87,1769497057,3,3
2026-01-26 14:00:17.205502,0x433acb14,13.295,75.0,0.25,-97,1769464814,3,3
2026-01-26 14:00:48.713278,0x433b0098,13.25125,70.0,6.75,-62,1769464845,2,2
2026-01-26 14:03:32.190138,0x433abf20,13.26625,73.75,5.75,-76,1769465008,3,3
2026-01-26 14:04:04.752532,0x433b0b38,13.26,65.0,6.0,-73,1769465041,5,5
2026-01-26 14:05:17.862480,0x433acb14,13.2975,65.0,0.5,-97,1769465114,3,3
2026-01-26 14:08:12.535505,0x433ad35c,13.285,72.5,7.0,-53,1769465289,3,3
2026-01-26 14:08:28.824512,0x433abf20,13.27625,60.0,5.75,-76,1769465305,3,3
2026-01-26 14:09:05.986138,0x433b0b38,13.2575,75.0,6.25,-72,1769465342,5,5
2026-01-26 14:10:19.631045,0x433acb14,13.2975,62.5,2.75,-93,1769465416,3,3
2026-01-26 14:10:51.356080,0x433b0098,13.2575,57.5,6.75,-62,1769465448,2,2
2026-01-26 14:13:30.124117,0x433abf20,13.27625,65.0,5.5,-76,1769465606,3,3
2026-01-26 14:14:06.983447,0x433b0b38,13.265,65.0,5.5,-73,1769465643,5,5
2026-01-26 14:15:21.066685,0x433acb14,13.29875,63.75,2.0,-95,1769465717,3,3
2026-01-26 14:18:15.023244,0x433ad35c,13.285,76.25,7.75,-54,1769465891,3,3
2026-01-26 14:18:32.234371,0x433abf20,13.2775,65.0,5.75,-76,1769465909,3,3
2026-01-26 14:19:08.109279,0x433b0b38,13.25875,75.0,6.0,-73,1769465944,5,5
2026-01-26 14:20:21.369157,0x433acb14,13.2975,61.25,-2.0,-100,1769466018,3,3
2026-01-26 14:20:52.674273,0x433b0098,13.26,58.75,6.5,-61,1769466049,2,2
2026-01-26 14:23:32.142270,0x433abf20,13.2725,75.0,5.75,-76,1769466208,3,3
2026-01-26 14:24:15.707069,0x433b0b38,13.26,75.0,6.0,-74,1769466252,5,5
2026-01-26 14:25:23.374262,0x433acb14,13.29625,72.5,0.75,-97,1769466320,3,3
2026-01-26 14:25:32.788980,0x433af380,13.21125,82.5,5.75,-39,1769466329,3,3
2026-01-26 14:28:18.105294,0x433ad35c,13.2875,65.0,6.25,-53,1769466494,3,3
2026-01-26 14:28:32.793565,0x433abf20,13.2775,65.0,5.25,-76,1769466509,3,3
2026-01-26 14:29:10.005078,0x433b0b38,13.26125,75.0,6.25,-74,1769466546,5,5
2026-01-26 14:30:25.640169,0x433acb14,13.2975,60.0,1.25,-96,1769466622,3,3
2026-01-26 14:30:55.118100,0x433b0098,13.2525,72.5,5.75,-61,1769466651,2,2
2026-01-26 14:33:36.249177,0x433abf20,13.2775,63.75,5.75,-77,1769466812,3,3
2026-01-26 14:34:11.554145,0x433b0b38,13.26,70.0,5.5,-73,1769466848,5,5
2026-01-26 14:35:25.148094,0x433acb14,13.29625,77.5,3.25,-93,1769466921,3,3
2026-01-26 14:38:21.387620,0x433ad35c,13.29,61.25,6.5,-53,1769467098,3,3
2026-01-26 14:38:35.767213,0x433abf20,13.2775,66.25,5.75,-76,1769467112,3,3
2026-01-26 14:39:13.194238,0x433b0b38,13.265,63.75,5.75,-73,1769467149,5,5
2026-01-26 14:40:27.225309,0x433acb14,13.3,63.75,-0.75,-98,1769467223,3,3
2026-01-26 14:40:56.684869,0x433b0098,13.2525,65.0,6.25,-61,1769467253,2,2
2026-01-26 14:43:39.715469,0x433abf20,13.2725,73.75,5.5,-76,1769467416,3,3
2026-01-26 14:44:13.793915,0x433b0b38,13.26125,72.5,6.0,-74,1769467450,5,5
2026-01-26 14:45:28.613048,0x433acb14,13.3,62.5,1.0,-96,1769467525,3,3
2026-01-26 14:48:23.776923,0x433ad35c,13.29,65.0,6.25,-54,1769467700,3,3
2026-01-26 14:48:39.040365,0x433abf20,13.27375,71.25,5.25,-76,1769467715,3,3
2026-01-26 14:49:16.016499,0x433b0b38,13.265,62.5,5.75,-72,1769467752,5,5
2026-01-26 14:50:30.410098,0x433acb14,13.3,66.25,2.0,-96,1769467827,3,3
2026-01-26 14:50:59.888462,0x433b0098,13.26125,61.25,7.0,-62,1769467856,2,2
2026-01-26 14:53:40.420084,0x433abf20,13.2625,76.25,5.25,-76,1769468017,3,3
2026-01-26 14:54:16.578894,0x433b0b38,13.25875,88.75,6.0,-72,1769468053,5,5
2026-01-26 14:55:33.165364,0x433acb14,13.3,63.75,1.0,-96,1769468129,3,3
2026-01-26 14:58:26.417474,0x433ad35c,13.28625,77.5,6.75,-54,1769468303,3,3
2026-01-26 14:58:41.190079,0x433abf20,13.27875,61.25,5.5,-75,1769468317,3,3
2026-01-26 14:59:18.148756,0x433b0b38,13.26875,62.5,5.75,-73,1769468354,5,5
2026-01-27 13:01:30.118556,0x433acb14,13.27875,63.75,3.5,-92,1769547684,3,3
2026-01-27 13:04:11.011821,0x433abf20,13.26625,72.5,6.5,-75,1769547845,3,3
2026-01-27 13:04:21.184868,0x433ad35c,13.28,62.5,5.5,-53,1769547855,3,3
2026-01-27 13:05:08.389327,0x433b0b38,13.25,62.5,6.0,-72,1769547903,5,5
2026-01-27 13:06:23.398547,0x433b0098,13.23125,71.25,5.75,-61,1769547978,2,2
2026-01-27 13:06:32.180178,0x433acb14,13.2775,62.5,3.75,-93,1769547986,3,3
2026-01-27 13:09:12.400230,0x433abf20,13.2675,73.75,5.75,-75,1769548147,3,3
2026-01-27 13:10:10.273156,0x433b0b38,13.25125,63.75,5.75,-73,1769548204,5,5
2026-01-27 13:11:33.397103,0x433acb14,13.275,73.75,4.25,-88,1769548288,3,3
2026-01-27 13:14:14.707499,0x433abf20,13.2725,63.75,5.75,-75,1769548449,3,3
2026-01-27 13:14:24.307652,0x433ad35c,13.28,61.25,6.25,-54,1769548458,3,3
2026-01-27 13:15:10.957716,0x433b0b38,13.245,75.0,6.0,-77,1769548505,5,5
2026-01-27 13:16:26.414989,0x433b0098,13.24,58.75,5.75,-60,1769548581,2,2
2026-01-27 13:16:34.487383,0x433acb14,13.27875,65.0,4.75,-90,1769548589,3,3
2026-01-27 13:19:14.264396,0x433abf20,13.2725,62.5,6.0,-75,1769548748,3,3
2026-01-27 13:20:12.980979,0x433b0b38,13.25,61.25,6.25,-73,1769548807,5,5
2026-01-27 13:21:35.191521,0x433acb14,13.27625,82.5,4.25,-86,1769548889,3,3
2026-01-27 13:24:15.541570,0x433abf20,13.2725,61.25,6.0,-76,1769549050,3,3
2026-01-27 13:24:26.302134,0x433ad35c,13.2775,72.5,6.5,-53,1769549060,3,3
2026-01-27 13:25:13.801104,0x433b0b38,13.25125,62.5,6.0,-71,1769549108,5,5
2026-01-27 13:26:29.328021,0x433b0098,13.2425,61.25,7.0,-60,1769549183,2,2
2026-01-27 13:26:36.982019,0x433acb14,13.27625,72.5,0.75,-96,1769549191,3,3
2026-01-27 13:29:18.044622,0x433abf20,13.27125,62.5,5.25,-77,1769549352,3,3
2026-01-27 13:29:43.777127,0x433af380,13.2,92.5,6.0,-38,1769549378,3,3
2026-01-27 13:30:18.055231,0x433b0b38,13.25125,60.0,6.0,-72,1769549412,5,5
2026-01-27 13:31:42.747750,0x433acb14,13.28,66.25,4.25,-87,1769549497,3,3
2026-01-27 13:34:21.398842,0x433abf20,13.27,73.75,6.0,-76,1769549655,3,3
2026-01-27 13:34:29.055323,0x433ad35c,13.2825,63.75,6.5,-54,1769549663,3,3
2026-01-27 13:35:17.689190,0x433b0b38,13.2475,75.0,5.5,-73,1769549712,5,5
2026-01-27 13:36:33.515944,0x433b0098,13.24125,58.75,6.0,-61,1769549788,2,2
2026-01-27 13:36:41.280788,0x433acb14,13.27875,63.75,1.0,-96,1769549795,3,3
2026-01-27 13:39:20.082696,0x433abf20,13.275,62.5,5.75,-76,1769549954,3,3
2026-01-27 13:40:19.162345,0x433b0b38,13.2475,75.0,5.75,-69,1769550013,5,5
2026-01-27 13:41:40.797445,0x433acb14,13.2775,75.0,3.0,-93,1769550095,3,3
2026-01-27 13:44:21.481324,0x433abf20,13.27125,77.5,6.0,-77,1769550256,3,3
2026-01-27 13:44:32.120100,0x433ad35c,13.28125,63.75,6.75,-54,1769550266,3,3
2026-01-27 13:45:18.618280,0x433b0b38,13.2475,73.75,6.25,-70,1769550313,5,5
2026-01-27 13:46:35.467608,0x433b0098,13.23625,71.25,6.5,-62,1769550390,2,2
2026-01-27 13:46:43.002668,0x433acb14,13.28,62.5,-5.0,-104,1769550397,3,3
2026-01-27 13:49:23.661160,0x433abf20,13.275,63.75,5.75,-75,1769550558,3,3
2026-01-27 13:50:20.878443,0x433b0b38,13.2525,58.75,6.25,-72,1769550615,5,5
2026-01-27 13:51:45.832930,0x433acb14,13.275,76.25,3.5,-91,1769550700,3,3
2026-01-27 13:54:23.798474,0x433abf20,13.27375,62.5,5.5,-76,1769550858,3,3
2026-01-27 13:54:33.253349,0x433ad35c,13.2825,65.0,5.75,-54,1769550867,3,3
2026-01-27 13:55:21.219478,0x433b0b38,13.2525,63.75,5.5,-72,1769550915,5,5
2026-01-27 13:56:37.144737,0x433b0098,13.2375,72.5,5.75,-61,1769550991,2,2
2026-01-27 13:56:44.915634,0x433acb14,13.2825,65.0,2.5,-94,1769550999,3,3
2026-01-27 13:59:24.901314,0x433abf20,13.27,73.75,5.5,-76,1769551159,3,3
2026-01-27 14:00:23.711791,0x433b0b38,13.24875,71.25,6.0,-72,1769551218,5,5
2026-01-27 06:02:19.823757,0x433abf20,13.255,66.25,5.5,-75,1769522535,3,3
2026-01-27 06:02:32.926692,0x433ad35c,13.25375,67.5,6.5,-54,1769522548,3,3
2026-01-27 06:03:14.954588,0x433b0b38,13.235,63.75,6.0,-71,1769522590,5,5
2026-01-27 06:04:36.434396,0x433b0098,13.2175,62.5,6.75,-60,1769522671,2,2
2026-01-27 06:04:41.262236,0x433acb14,13.2525,71.25,4.5,-85,1769522676,3,3
2026-01-27 06:07:21.825101,0x433abf20,13.2525,71.25,5.5,-75,1769522837,3,3
2026-01-27 06:08:17.187416,0x433b0b38,13.23625,53.75,5.75,-72,1769522892,5,5
2026-01-27 06:09:41.719146,0x433acb14,13.255,61.25,5.25,-85,1769522977,3,3
2026-01-27 06:12:22.352852,0x433abf20,13.25125,77.5,5.5,-75,1769523137,3,3
2026-01-27 06:12:32.314591,0x433ad35c,13.25,87.5,5.75,-55,1769523147,3,3
2026-01-27 06:13:19.073724,0x433b0b38,13.23875,62.5,6.0,-71,1769523194,5,5
2026-01-27 06:14:37.834733,0x433b0098,13.21625,58.75,6.5,-60,1769523273,2,2
2026-01-27 06:14:43.776868,0x433acb14,13.25625,66.25,4.75,-85,1769523279,3,3
2026-01-27 06:17:22.360873,0x433abf20,13.24875,72.5,5.75,-75,1769523437,3,3
2026-01-27 06:18:21.076854,0x433b0b38,13.235,57.5,5.5,-72,1769523496,5,5
2026-01-27 06:19:45.220454,0x433acb14,13.25375,61.25,4.75,-85,1769523580,3,3
2026-01-27 06:22:24.180309,0x433abf20,13.25375,66.25,5.75,-76,1769523739,3,3
2026-01-27 06:22:35.814961,0x433ad35c,13.25,73.75,6.25,-55,1769523751,3,3
2026-01-27 06:23:20.205011,0x433b0b38,13.23625,65.0,5.75,-72,1769523795,5,5
2026-01-27 06:24:39.033849,0x433b0098,13.21625,61.25,6.0,-60,1769523874,2,2
2026-01-27 06:24:45.441692,0x433acb14,13.25625,66.25,5.0,-85,1769523880,3,3
2026-01-27 06:27:24.939248,0x433abf20,13.25375,66.25,5.75,-75,1769524040,3,3
2026-01-27 06:28:22.248288,0x433b0b38,13.23625,57.5,5.5,-71,1769524097,5,5
2026-01-27 06:28:30.117580,0x433af380,13.185,72.5,6.5,-38,1769524105,3,3
2026-01-27 06:29:48.295528,0x433acb14,13.25625,67.5,5.25,-85,1769524183,3,3
2026-01-27 06:32:26.042695,0x433abf20,13.25375,62.5,5.75,-74,1769524341,3,3
2026-01-27 06:32:38.090991,0x433ad35c,13.25125,66.25,6.25,-55,1769524353,3,3
2026-01-27 06:33:25.949087,0x433b0b38,13.23125,85.0,6.0,-72,1769524401,5,5
2026-01-27 06:34:41.471768,0x433b0098,13.21,71.25,6.5,-60,1769524476,2,2
2026-01-27 06:34:48.623477,0x433acb14,13.2575,63.75,5.25,-85,1769524483,3,3
2026-01-27 06:37:30.541996,0x433abf20,13.25125,66.25,5.75,-75,1769524645,3,3
2026-01-27 06:38:24.423630,0x433b0b38,13.2325,75.0,5.75,-71,1769524699,5,5
2026-01-27 06:39:50.225598,0x433acb14,13.255,65.0,5.5,-85,1769524785,3,3
2026-01-27 06:42:31.140153,0x433abf20,13.25125,65.0,5.75,-76,1769524946,3,3
2026-01-27 06:42:40.158395,0x433ad35c,13.2475,77.5,6.25,-55,1769524955,3,3
2026-01-27 06:43:26.453643,0x433b0b38,13.2375,63.75,5.75,-72,1769525001,5,5
2026-01-27 06:44:43.225892,0x433b0098,13.18625,120.0,6.75,-61,1769525078,2,2
2026-01-27 06:44:50.673973,0x433acb14,13.25375,77.5,5.75,-86,1769525085,3,3
2026-01-27 06:47:30.497558,0x433abf20,13.25375,65.0,5.75,-75,1769525245,3,3
2026-01-27 06:48:27.244972,0x433b0b38,13.20875,117.5,6.25,-71,1769525302,5,5
2026-01-27 06:49:52.873968,0x433acb14,13.25,93.75,4.5,-85,1769525388,3,3
2026-01-27 06:52:31.816730,0x433abf20,13.25375,65.0,6.0,-75,1769525547,3,3
2026-01-27 06:52:44.172509,0x433ad35c,13.25125,66.25,6.0,-55,1769525559,3,3
2026-01-27 06:53:29.024898,0x433b0b38,13.235,65.0,5.75,-71,1769525604,5,5
2026-01-27 06:54:45.892746,0x433b0098,13.2125,73.75,6.25,-61,1769525681,2,2
2026-01-27 06:54:54.296505,0x433acb14,13.2525,76.25,5.0,-85,1769525689,3,3
2026-01-27 06:57:33.893707,0x433abf20,13.25,73.75,4.0,-76,1769525849,3,3
2026-01-27 06:58:30.452364,0x433b0b38,13.22875,75.0,6.0,-72,1769525905,5,5
2026-01-27 06:59:56.486859,0x433acb14,13.25375,76.25,5.5,-85,1769525991,3,3
2026-01-25 21:59:41.736786,0x433b0b38,13.25875,63.75,5.5,-74,1769407180,5,5
2026-01-25 21:59:46.610890,0x433abf20,13.265,63.75,6.0,-77,1769407184,3,3
2026-01-25 22:01:04.455038,0x433acb14,13.3025,63.75,4.0,-92,1769407262,3,3
2026-01-25 22:03:45.185124,0x433ad35c,13.275,62.5,6.25,-53,1769407423,3,3
2026-01-25 22:04:43.014453,0x433b0b38,13.2525,71.25,6.0,-73,1769407481,5,5
2026-01-25 22:04:50.789612,0x433abf20,13.265,65.0,5.75,-76,1769407489,3,3
2026-01-25 22:06:06.216888,0x433acb14,13.30125,66.25,3.75,-92,1769407564,3,3
2026-01-25 22:06:54.881060,0x433b0098,13.245,61.25,6.0,-60,1769407613,2,2
2026-01-25 22:09:43.619213,0x433b0b38,13.25625,63.75,6.0,-74,1769407781,5,5
2026-01-25 22:09:49.826918,0x433abf20,13.26375,67.5,5.75,-76,1769407788,3,3
2026-01-25 22:11:07.804071,0x433acb14,13.3,62.5,3.25,-92,1769407866,3,3
2026-01-25 22:13:48.725206,0x433ad35c,13.27625,66.25,6.25,-54,1769408027,3,3
2026-01-25 22:14:45.001617,0x433b0b38,13.25625,60.0,6.25,-74,1769408083,5,5
2026-01-25 22:14:52.046187,0x433abf20,13.26375,67.5,6.0,-76,1769408090,3,3
2026-01-25 22:16:06.725814,0x433acb14,13.3,72.5,3.75,-91,1769408165,3,3
2026-01-25 22:16:58.222528,0x433b0098,13.24625,58.75,6.5,-60,1769408216,2,2
2026-01-25 22:19:47.467876,0x433b0b38,13.255,61.25,6.25,-74,1769408385,5,5
2026-01-25 22:19:52.334373,0x433abf20,13.26625,67.5,6.0,-76,1769408390,3,3
2026-01-25 22:21:08.833143,0x433acb14,13.3,66.25,4.0,-91,1769408467,3,3
2026-01-25 22:23:00.351271,0x433af380,13.19875,85.0,6.5,-39,1769408578,3,3
2026-01-25 22:23:50.224967,0x433ad35c,13.27625,66.25,6.25,-53,1769408628,3,3
2026-01-25 22:24:47.467178,0x433b0b38,13.25625,60.0,5.5,-74,1769408685,5,5
2026-01-25 22:24:54.734477,0x433abf20,13.2575,78.75,5.75,-76,1769408693,3,3
2026-01-25 22:26:08.929438,0x433acb14,13.3,62.5,4.0,-91,1769408767,3,3
2026-01-25 22:26:58.162238,0x433b0098,13.2425,58.75,6.25,-61,1769408816,2,2
2026-01-25 22:29:49.559813,0x433b0b38,13.255,62.5,6.25,-73,1769408987,5,5
2026-01-25 22:29:54.443121,0x433abf20,13.26,75.0,5.25,-76,1769408992,3,3
2026-01-25 22:31:10.168452,0x433acb14,13.30125,66.25,3.5,-91,1769409068,3,3
2026-01-25 22:33:52.780824,0x433ad35c,13.27375,75.0,6.5,-54,1769409231,3,3
2026-01-25 22:34:50.907435,0x433b0b38,13.255,71.25,5.25,-74,1769409289,5,5
2026-01-25 22:34:55.378848,0x433abf20,13.26125,75.0,6.0,-77,1769409293,3,3
2026-01-25 22:36:11.658883,0x433acb14,13.2975,76.25,3.5,-91,1769409369,3,3
2026-01-25 22:37:01.060779,0x433b0098,13.24,63.75,6.0,-60,1769409419,2,2
2026-01-25 22:39:52.151823,0x433b0b38,13.255,76.25,6.25,-74,1769409590,5,5
2026-01-25 22:39:57.607808,0x433abf20,13.26,76.25,5.5,-76,1769409595,3,3
2026-01-25 22:41:13.926481,0x433acb14,13.3,60.0,3.5,-91,1769409672,3,3
2026-01-25 22:43:55.785229,0x433ad35c,13.27125,73.75,6.25,-53,1769409834,3,3
2026-01-25 22:44:52.524486,0x433b0b38,13.25625,62.5,5.5,-74,1769409890,5,5
2026-01-25 22:44:58.214381,0x433abf20,13.26,77.5,6.0,-76,1769409896,3,3
2026-01-25 22:46:14.824900,0x433acb14,13.3,60.0,3.75,-91,1769409973,3,3
2026-01-25 22:47:03.095193,0x433b0098,13.2025,130.0,6.25,-61,1769410021,2,2
2026-01-25 22:49:54.792050,0x433b0b38,13.25625,58.75,5.75,-73,1769410193,5,5
2026-01-25 22:51:15.198371,0x433acb14,13.29875,65.0,3.5,-91,1769410273,3,3
2026-01-25 22:53:58.845334,0x433ad35c,13.275,62.5,6.5,-53,1769410437,3,3
2026-01-25 22:54:55.813224,0x433b0b38,13.24875,70.0,6.0,-74,1769410494,5,5
2026-01-25 22:55:01.718344,0x433abf20,13.26375,61.25,5.5,-76,1769410499,3,3
2026-01-25 22:56:17.608384,0x433acb14,13.29875,63.75,4.0,-91,1769410575,3,3
2026-01-25 22:57:05.605858,0x433b0098,13.2425,63.75,6.25,-60,1769410623,2,2
2026-01-26 01:00:28.178264,0x433b0b38,13.25,60.0,6.5,-74,1769418026,5,5
2026-01-26 01:00:36.539321,0x433abf20,13.2625,62.5,5.0,-76,1769418034,3,3
2026-01-26 01:01:54.449768,0x433acb14,13.2925,62.5,3.5,-92,1769418112,3,3
2026-01-26 01:04:37.944052,0x433ad35c,13.27125,66.25,6.25,-53,1769418276,3,3
2026-01-26 01:05:28.721978,0x433b0b38,13.25125,62.5,7.25,-74,1769418326,5,5
2026-01-26 01:05:36.515197,0x433abf20,13.2575,75.0,5.5,-76,1769418334,3,3
2026-01-26 01:06:53.915335,0x433acb14,13.29375,62.5,3.25,-91,1769418411,3,3
2026-01-26 01:07:41.388470,0x433b0098,13.23875,63.75,5.75,-61,1769418459,2,2
2026-01-26 01:10:29.847795,0x433b0b38,13.24875,75.0,6.5,-74,1769418627,5,5
2026-01-26 01:11:54.552222,0x433acb14,13.29125,63.75,3.25,-91,1769418712,3,3
2026-01-26 01:14:39.623635,0x433ad35c,13.265,103.75,6.25,-53,1769418877,3,3
2026-01-26 01:15:32.279488,0x433b0b38,13.25375,65.0,5.5,-75,1769418930,5,5
2026-01-26 01:15:40.405477,0x433abf20,13.26125,66.25,6.0,-76,1769418938,3,3
2026-01-26 01:16:56.802272,0x433acb14,13.29,66.25,3.5,-91,1769419014,3,3
2026-01-26 01:17:43.227834,0x433b0098,13.24125,58.75,5.75,-61,1769419061,2,2
2026-01-26 01:20:34.002874,0x433b0b38,13.24875,61.25,7.0,-73,1769419232,5,5
2026-01-26 01:20:39.560957,0x433abf20,13.26125,65.0,5.75,-76,1769419237,3,3
2026-01-26 01:21:57.924679,0x433acb14,13.29125,60.0,4.0,-91,1769419315,3,3
2026-01-26 01:23:33.030187,0x433af380,13.195,83.75,6.25,-38,1769419411,3,3
2026-01-26 01:24:42.580059,0x433ad35c,13.26875,66.25,6.25,-53,1769419480,3,3
2026-01-26 01:25:35.814461,0x433b0b38,13.245,75.0,7.0,-74,1769419533,5,5
2026-01-26 01:25:41.613212,0x433abf20,13.26375,63.75,5.75,-76,1769419539,3,3
2026-01-26 01:26:59.469825,0x433acb14,13.29,63.75,3.75,-91,1769419617,3,3
2026-01-26 01:27:48.472279,0x433b0098,13.23125,73.75,6.25,-60,1769419666,2,2
2026-01-26 01:30:36.167541,0x433b0b38,13.25,58.75,6.25,-74,1769419834,5,5
2026-01-26 01:30:42.586509,0x433abf20,13.26,61.25,5.25,-77,1769419840,3,3
2026-01-26 01:32:00.272264,0x433acb14,13.28875,73.75,3.75,-92,1769419918,3,3
2026-01-26 01:34:47.229404,0x433ad35c,13.26875,61.25,6.5,-53,1769420085,3,3
2026-01-26 01:35:37.518719,0x433b0b38,13.24625,76.25,6.75,-74,1769420135,5,5
2026-01-26 01:35:42.755334,0x433abf20,13.255,81.25,5.75,-76,1769420140,3,3
2026-01-26 01:37:02.105062,0x433acb14,13.28875,73.75,3.75,-92,1769420220,3,3
2026-01-26 01:37:53.462591,0x433b0098,13.235,60.0,6.5,-61,1769420271,2,2
2026-01-26 01:40:42.771914,0x433b0b38,13.25,58.75,6.25,-60,1769420440,5,4
2026-01-26 01:40:45.829548,0x433abf20,13.25625,72.5,5.25,-76,1769420443,3,3
2026-01-26 01:42:02.877012,0x433acb14,13.29,68.75,4.0,-91,1769420520,3,3
2026-01-26 01:44:49.312739,0x433ad35c,13.26625,75.0,6.25,-53,1769420687,3,3
2026-01-26 01:45:41.944758,0x433b0b38,13.24875,58.75,7.0,-73,1769420739,5,5
2026-01-26 01:45:45.011908,0x433abf20,13.2575,73.75,5.75,-76,1769420743,3,3
2026-01-26 01:47:03.783317,0x433acb14,13.2925,65.0,4.0,-91,1769420821,3,3
2026-01-26 01:47:54.235260,0x433b0098,13.23625,63.75,5.75,-60,1769420872,2,2
2026-01-26 01:50:42.125342,0x433b0b38,13.24,92.5,6.5,-73,1769421040,5,5
2026-01-26 01:50:47.840414,0x433abf20,13.26125,63.75,5.0,-77,1769421045,3,3
2026-01-26 01:52:05.066611,0x433acb14,13.29,61.25,3.25,-91,1769421123,3,3
2026-01-26 01:54:53.661666,0x433ad35c,13.24875,138.75,6.0,-53,1769421291,3,3
2026-01-26 01:55:44.672134,0x433b0b38,13.24625,67.5,5.75,-73,1769421342,5,5
2026-01-26 01:55:47.755718,0x433abf20,13.23875,126.25,5.5,-76,1769421345,3,3
2026-01-26 01:57:07.386265,0x433acb14,13.29125,63.75,3.75,-91,1769421425,3,3
2026-01-26 01:57:54.016490,0x433b0098,13.23625,63.75,6.25,-60,1769421472,2,2
2026-01-26 06:01:51.873849,0x433abf20,13.26125,66.25,5.0,-76,1769436109,3,3
2026-01-26 06:01:55.264108,0x433b0b38,13.2475,58.75,0.75,-74,1769436112,5,5
2026-01-26 06:03:12.027576,0x433acb14,13.28125,58.75,3.5,-90,1769436189,3,3
2026-01-26 06:06:04.881218,0x433ad35c,13.265,61.25,5.75,-53,1769436362,3,3
2026-01-26 06:06:51.148296,0x433abf20,13.2575,62.5,5.5,-76,1769436408,3,3
2026-01-26 06:06:53.599574,0x433b0b38,13.2425,72.5,5.75,-74,1769436411,5,5
2026-01-26 06:08:12.394648,0x433acb14,13.2825,62.5,3.0,-91,1769436490,3,3
2026-01-26 06:08:56.451448,0x433b0098,13.235,58.75,7.25,-61,1769436534,2,2
2026-01-26 06:11:52.618737,0x433abf20,13.25875,75.0,5.5,-76,1769436710,3,3
2026-01-26 06:11:55.627158,0x433b0b38,13.24375,75.0,5.75,-74,1769436713,5,5
2026-01-26 06:13:14.062506,0x433acb14,13.2775,75.0,2.75,-90,1769436791,3,3
2026-01-26 06:16:07.786208,0x433ad35c,13.265,61.25,6.0,-53,1769436965,3,3
2026-01-26 06:16:53.293153,0x433abf20,13.2575,61.25,5.25,-76,1769437010,3,3
2026-01-26 06:16:57.580914,0x433b0b38,13.2475,61.25,5.5,-74,1769437015,5,5
2026-01-26 06:18:16.961664,0x433acb14,13.2775,77.5,4.75,-90,1769437094,3,3
2026-01-26 06:18:59.309805,0x433b0098,13.23375,63.75,7.25,-60,1769437136,2,2
2026-01-26 06:21:54.793671,0x433abf20,13.25875,58.75,5.0,-76,1769437312,3,3
2026-01-26 06:21:58.880294,0x433b0b38,13.2475,62.5,6.25,-75,1769437316,5,5
2026-01-26 06:23:20.706744,0x433acb14,13.2825,65.0,4.5,-90,1769437398,3,3
2026-01-26 06:24:21.981011,0x433af380,13.195,82.5,6.0,-39,1769437459,3,3
2026-01-26 06:26:09.185146,0x433ad35c,13.26375,63.75,6.0,-53,1769437566,3,3
2026-01-26 06:26:55.803126,0x433abf20,13.25375,75.0,6.0,-77,1769437613,3,3
2026-01-26 06:26:58.369332,0x433b0b38,13.245,60.0,6.5,-74,1769437615,5,5
2026-01-26 06:28:22.081284,0x433acb14,13.28125,63.75,4.75,-90,1769437699,3,3
2026-01-26 06:29:03.997548,0x433b0098,13.235,60.0,6.5,-60,1769437741,2,2
2026-01-26 06:31:55.781141,0x433abf20,13.26,62.5,5.5,-76,1769437913,3,3
2026-01-26 06:31:59.861864,0x433b0b38,13.2225,118.75,6.0,-74,1769437917,5,5
2026-01-26 06:33:19.621245,0x433acb14,13.28125,60.0,4.75,-90,1769437997,3,3
2026-01-26 06:36:12.460591,0x433ad35c,13.265,63.75,6.0,-53,1769438170,3,3
2026-01-26 06:36:58.428195,0x433abf20,13.25875,62.5,5.5,-75,1769438216,3,3
2026-01-26 06:37:01.598799,0x433b0b38,13.24875,66.25,6.75,-74,1769438219,5,5
2026-01-26 06:38:21.082055,0x433acb14,13.28,65.0,4.75,-90,1769438298,3,3
2026-01-26 06:39:06.099583,0x433b0098,13.19625,128.75,6.25,-61,1769438343,2,2
2026-01-26 06:41:58.826377,0x433abf20,13.25625,68.75,5.5,-77,1769438516,3,3
2026-01-26 06:42:04.371822,0x433b0b38,13.25,65.0,6.5,-74,1769438521,5,5
2026-01-26 06:43:22.305608,0x433acb14,13.275,71.25,5.0,-88,1769438599,3,3
2026-01-26 06:46:15.627343,0x433ad35c,13.26125,72.5,6.0,-53,1769438773,3,3
2026-01-26 06:46:59.047676,0x433abf20,13.255,71.25,5.75,-76,1769438816,3,3
2026-01-26 06:47:03.871276,0x433b0b38,13.215,128.75,6.0,-74,1769438821,5,5
2026-01-26 06:48:23.951325,0x433acb14,13.28,62.5,4.75,-88,1769438901,3,3
2026-01-26 06:49:11.525731,0x433b0098,13.22875,67.5,6.0,-59,1769438949,2,2
2026-01-26 06:52:02.675686,0x433abf20,13.2575,76.25,5.25,-76,1769439120,3,3
2026-01-26 06:52:07.406961,0x433b0b38,13.24125,67.5,5.75,-74,1769439124,5,5
2026-01-26 06:53:24.177702,0x433acb14,13.28,58.75,4.25,-89,1769439201,3,3
2026-01-26 06:56:17.916283,0x433ad35c,13.26625,80.0,6.0,-53,1769439375,3,3
2026-01-26 06:57:02.009875,0x433abf20,13.25875,66.25,5.5,-76,1769439419,3,3
2026-01-26 06:57:06.610361,0x433b0b38,13.24375,62.5,5.5,-75,1769439424,5,5
2026-01-26 06:58:27.922108,0x433acb14,13.28,63.75,4.25,-87,1769439505,3,3
2026-01-26 06:59:10.138586,0x433b0098,13.22625,73.75,6.25,-60,1769439547,2,2
2026-01-27 08:03:01.047187,0x433ad35c,13.24875,67.5,5.75,-55,1769529776,3,3
2026-01-27 08:03:47.052032,0x433b0b38,13.23125,75.0,5.25,-70,1769529822,5,5
2026-01-27 08:05:04.012903,0x433b0098,13.20625,72.5,5.75,-60,1769529899,2,2
2026-01-27 08:05:14.657212,0x433acb14,13.25375,62.5,5.0,-85,1769529909,3,3
2026-01-27 08:07:51.858915,0x433abf20,13.2325,123.75,5.75,-75,1769530066,3,3
2026-01-27 08:08:48.312670,0x433b0b38,13.22875,75.0,5.75,-70,1769530123,5,5
2026-01-27 08:10:13.522723,0x433acb14,13.255,67.5,5.75,-86,1769530208,3,3
2026-01-27 08:12:52.610170,0x433abf20,13.25125,65.0,5.5,-75,1769530367,3,3
2026-01-27 08:13:04.007085,0x433ad35c,13.24875,67.5,6.75,-54,1769530379,3,3
2026-01-27 08:13:49.601170,0x433b0b38,13.2325,58.75,5.75,-70,1769530424,5,5
2026-01-27 08:15:06.063166,0x433b0098,13.2125,61.25,6.0,-60,1769530501,2,2
2026-01-27 08:15:16.823919,0x433acb14,13.2525,66.25,4.25,-87,1769530511,3,3
2026-01-27 08:17:53.681039,0x433abf20,13.24875,60.0,5.5,-75,1769530668,3,3
2026-01-27 08:18:50.901706,0x433b0b38,13.22875,70.0,5.25,-70,1769530726,5,5
2026-01-27 08:20:21.121075,0x433acb14,13.2525,65.0,4.0,-88,1769530816,3,3
2026-01-27 08:22:55.356189,0x433abf20,13.24625,76.25,5.75,-76,1769530970,3,3
2026-01-27 08:23:06.617296,0x433ad35c,13.245,72.5,6.75,-54,1769530981,3,3
2026-01-27 08:23:52.912138,0x433b0b38,13.2325,63.75,6.25,-71,1769531028,5,5
2026-01-27 08:25:08.760445,0x433b0098,13.21125,61.25,6.25,-59,1769531103,2,2
2026-01-27 08:25:17.173865,0x433acb14,13.25125,65.0,4.0,-88,1769531112,3,3
2026-01-27 08:27:59.061998,0x433abf20,13.25,65.0,5.5,-75,1769531274,3,3
2026-01-27 08:28:54.686483,0x433b0b38,13.23125,61.25,6.0,-72,1769531329,5,5
2026-01-27 08:29:04.116681,0x433af380,13.1875,65.0,6.75,-38,1769531339,3,3
2026-01-27 08:30:18.434415,0x433acb14,13.24875,76.25,5.5,-89,1769531413,3,3
2026-01-27 08:33:01.560034,0x433abf20,13.2475,75.0,5.75,-75,1769531576,3,3
2026-01-27 08:33:08.428239,0x433ad35c,13.24625,61.25,6.0,-54,1769531583,3,3
2026-01-27 08:33:57.040986,0x433b0b38,13.2275,72.5,5.75,-71,1769531632,5,5
2026-01-27 08:35:12.405380,0x433b0098,13.205,73.75,5.75,-59,1769531707,2,2
2026-01-27 08:35:20.317700,0x433acb14,13.25375,61.25,4.25,-88,1769531715,3,3
2026-01-27 08:38:00.248514,0x433abf20,13.2475,73.75,5.5,-76,1769531875,3,3
2026-01-27 08:38:57.182586,0x433b0b38,13.2275,68.75,6.0,-72,1769531932,5,5
2026-01-27 08:40:24.010525,0x433acb14,13.2475,76.25,4.25,-89,1769532019,3,3
2026-01-27 08:43:00.753549,0x433abf20,13.25,62.5,6.0,-74,1769532175,3,3
2026-01-27 08:43:11.003248,0x433ad35c,13.245,77.5,6.0,-53,1769532186,3,3
2026-01-27 08:43:58.484769,0x433b0b38,13.2325,65.0,5.75,-71,1769532233,5,5
2026-01-27 08:45:17.362970,0x433b0098,13.2075,73.75,5.5,-59,1769532312,2,2
2026-01-27 08:45:24.813875,0x433acb14,13.25375,65.0,5.25,-86,1769532319,3,3
2026-01-27 08:48:01.871142,0x433abf20,13.24625,75.0,5.75,-74,1769532476,3,3
2026-01-27 08:48:58.849839,0x433b0b38,13.22625,62.5,5.75,-72,1769532533,5,5
2026-01-27 08:50:26.963448,0x433acb14,13.25375,65.0,3.5,-91,1769532622,3,3
2026-01-27 08:53:03.897944,0x433abf20,13.25,66.25,6.75,-75,1769532778,3,3
2026-01-27 08:53:19.018123,0x433ad35c,13.24875,65.0,5.75,-54,1769532794,3,3
2026-01-27 08:54:00.382925,0x433b0b38,13.23,61.25,5.5,-73,1769532835,5,5
2026-01-27 08:55:19.701998,0x433b0098,13.2125,58.75,5.5,-60,1769532914,2,2
2026-01-27 08:55:27.155742,0x433acb14,13.25625,67.5,4.5,-90,1769532922,3,3
2026-01-27 08:58:06.023252,0x433abf20,13.25,62.5,7.25,-74,1769533081,3,3
2026-01-27 08:59:02.862686,0x433b0b38,13.22625,73.75,5.75,-73,1769533137,5,5
2026-01-27 09:00:27.818802,0x433acb14,13.2525,66.25,3.25,-90,1769533222,3,3
2026-01-26 21:00:19.110930,0x433abf20,13.2725,62.5,3.25,-76,1769490015,3,3
2026-01-26 21:00:54.902678,0x433b0b38,13.2625,58.75,4.75,-74,1769490051,5,5
2026-01-26 21:02:11.983560,0x433acb14,13.27625,77.5,4.0,-88,1769490128,3,3
2026-01-26 21:02:19.075666,0x433b0098,13.245,75.0,7.25,-60,1769490135,2,2
2026-01-26 21:05:15.702038,0x433abf20,13.25125,126.25,5.5,-75,1769490311,3,3
2026-01-26 21:05:54.322725,0x433b0b38,13.26125,63.75,6.75,-75,1769490350,5,5
2026-01-26 21:07:12.701792,0x433acb14,13.27375,76.25,4.25,-87,1769490428,3,3
2026-01-26 21:10:06.293119,0x433ad35c,13.275,65.0,6.0,-53,1769490602,3,3
2026-01-26 21:10:16.250528,0x433abf20,13.24875,136.25,6.25,-76,1769490612,3,3
2026-01-26 21:10:56.768317,0x433b0b38,13.255,75.0,5.75,-74,1769490652,5,5
2026-01-26 21:12:13.109219,0x433acb14,13.27875,62.5,5.25,-86,1769490729,3,3
2026-01-26 21:12:22.702436,0x433b0098,13.24625,73.75,6.5,-60,1769490738,2,2
2026-01-26 21:15:17.463925,0x433abf20,13.26625,72.5,5.75,-76,1769490913,3,3
2026-01-26 21:15:57.647414,0x433b0b38,13.2575,75.0,6.25,-73,1769490953,5,5
2026-01-26 21:17:15.581299,0x433acb14,13.275,73.75,4.25,-87,1769491031,3,3
2026-01-26 21:20:09.326442,0x433ad35c,13.27625,65.0,6.75,-54,1769491205,3,3
2026-01-26 21:20:20.514705,0x433abf20,13.2675,75.0,5.75,-76,1769491216,3,3
2026-01-26 21:20:58.273957,0x433b0b38,13.26125,61.25,7.0,-73,1769491254,5,5
2026-01-26 21:22:16.596519,0x433acb14,13.2775,62.5,4.5,-87,1769491332,3,3
2026-01-26 21:22:22.780115,0x433b0098,13.2475,75.0,7.0,-60,1769491338,2,2
2026-01-26 21:25:20.052333,0x433abf20,13.27,61.25,5.75,-76,1769491516,3,3
2026-01-26 21:26:00.401509,0x433b0b38,13.2625,65.0,6.0,-73,1769491556,5,5
2026-01-26 21:26:41.619111,0x433af380,13.2225,72.5,6.5,-38,1769491597,3,3
2026-01-26 21:27:17.474910,0x433acb14,13.27875,76.25,5.25,-85,1769491633,3,3
2026-01-26 21:30:14.414771,0x433ad35c,13.275,61.25,6.5,-53,1769491810,3,3
2026-01-26 21:30:20.582431,0x433abf20,13.2675,75.0,5.25,-76,1769491816,3,3
2026-01-26 21:31:01.699681,0x433b0b38,13.26125,63.75,5.75,-73,1769491857,5,5
2026-01-26 21:32:19.195481,0x433acb14,13.2775,66.25,4.0,-88,1769491935,3,3
2026-01-26 21:32:25.587799,0x433b0098,13.24125,71.25,7.25,-59,1769491941,2,2
2026-01-26 21:35:21.585420,0x433abf20,13.26875,63.75,5.75,-77,1769492117,3,3
2026-01-26 21:36:03.209517,0x433b0b38,13.25875,62.5,6.75,-74,1769492159,5,5
2026-01-26 21:37:19.369342,0x433acb14,13.2775,62.5,5.5,-86,1769492235,3,3
2026-01-26 21:40:15.549578,0x433ad35c,13.2725,73.75,6.0,-54,1769492411,3,3
2026-01-26 21:40:23.692041,0x433abf20,13.27,90.0,5.5,-76,1769492419,3,3
2026-01-26 21:41:06.372182,0x433b0b38,13.25875,62.5,6.75,-74,1769492462,5,5
2026-01-26 21:42:21.497612,0x433acb14,13.2725,80.0,5.25,-87,1769492537,3,3
2026-01-26 21:42:27.932718,0x433b0098,13.25,62.5,7.0,-60,1769492544,2,2
2026-01-26 21:45:25.104463,0x433abf20,13.265,76.25,5.5,-76,1769492721,3,3
2026-01-26 21:46:06.254063,0x433b0b38,13.25875,60.0,6.5,-74,1769492762,5,5
2026-01-26 21:47:22.787729,0x433acb14,13.27125,80.0,4.0,-87,1769492838,3,3
2026-01-26 21:50:18.011621,0x433ad35c,13.2725,61.25,6.25,-54,1769493014,3,3
2026-01-26 21:50:25.484971,0x433abf20,13.26875,66.25,5.25,-76,1769493021,3,3
2026-01-26 21:51:09.453739,0x433b0b38,13.25875,63.75,6.5,-73,1769493065,5,5
2026-01-26 21:52:24.348403,0x433acb14,13.27375,77.5,4.25,-88,1769493140,3,3
2026-01-26 21:52:29.995451,0x433b0098,13.2475,61.25,6.75,-59,1769493146,2,2
2026-01-26 21:55:26.759647,0x433abf20,13.265,75.0,6.0,-77,1769493322,3,3
2026-01-26 21:56:08.891741,0x433b0b38,13.2575,57.5,5.25,-74,1769493364,5,5
2026-01-26 21:57:24.777800,0x433acb14,13.27375,66.25,4.75,-87,1769493440,3,3
2026-01-26 04:01:16.944920,0x433b0b38,13.24875,63.75,6.0,-74,1769428874,5,5
2026-01-26 04:01:20.268928,0x433abf20,13.26,61.25,5.5,-76,1769428878,3,3
2026-01-26 04:02:39.939820,0x433acb14,13.28625,66.25,4.0,-92,1769428957,3,3
2026-01-26 04:05:27.523949,0x433ad35c,13.26625,62.5,6.0,-54,1769429125,3,3
2026-01-26 04:06:17.283574,0x433b0b38,13.24125,75.0,6.5,-75,1769429175,5,5
2026-01-26 04:06:20.310607,0x433abf20,13.26,63.75,5.25,-75,1769429178,3,3
2026-01-26 04:07:41.226256,0x433acb14,13.285,67.5,3.25,-91,1769429259,3,3
2026-01-26 04:08:25.987456,0x433b0098,13.23,73.75,6.5,-60,1769429303,2,2
2026-01-26 04:11:18.565322,0x433b0b38,13.2425,71.25,6.5,-74,1769429476,5,5
2026-01-26 04:11:22.804430,0x433abf20,13.25625,72.5,5.75,-76,1769429480,3,3
2026-01-26 04:12:42.496214,0x433acb14,13.28375,62.5,3.5,-91,1769429560,3,3
2026-01-26 04:15:30.114234,0x433ad35c,13.26625,65.0,6.25,-53,1769429727,3,3
2026-01-26 04:16:19.847898,0x433b0b38,13.24875,65.0,6.5,-73,1769429777,5,5
2026-01-26 04:16:24.242482,0x433abf20,13.26,57.5,5.75,-76,1769429781,3,3
2026-01-26 04:17:42.855700,0x433acb14,13.28375,67.5,3.75,-91,1769429860,3,3
2026-01-26 04:18:28.901641,0x433b0098,13.2375,63.75,6.0,-60,1769429906,2,2
2026-01-26 04:21:23.540278,0x433b0b38,13.2475,61.25,6.75,-73,1769430081,5,5
2026-01-26 04:21:26.701122,0x433abf20,13.25625,73.75,5.25,-76,1769430084,3,3
2026-01-26 04:22:46.995226,0x433acb14,13.2825,73.75,5.25,-76,1769430164,3,2
2026-01-26 04:24:03.238297,0x433af380,13.19125,81.25,6.25,-39,1769430240,3,3
2026-01-26 04:25:32.719714,0x433ad35c,13.26625,58.75,6.25,-54,1769430330,3,3
2026-01-26 04:26:22.947483,0x433b0b38,13.2425,72.5,6.5,-74,1769430380,5,5
2026-01-26 04:26:28.025983,0x433abf20,13.26,58.75,5.25,-77,1769430385,3,3
2026-01-26 04:27:46.077170,0x433acb14,13.2825,72.5,3.5,-91,1769430463,3,3
2026-01-26 04:28:32.769625,0x433b0098,13.23,73.75,6.25,-60,1769430510,2,2
2026-01-26 04:31:25.836702,0x433b0b38,13.24375,62.5,6.25,-74,1769430683,5,5
2026-01-26 04:31:29.798841,0x433abf20,13.26,62.5,5.5,-76,1769430687,3,3
2026-01-26 04:32:47.514302,0x433acb14,13.28625,66.25,3.0,-91,1769430765,3,3
2026-01-26 04:35:36.615836,0x433ad35c,13.2675,61.25,5.75,-53,1769430934,3,3
2026-01-26 04:36:26.629743,0x433b0b38,13.24875,66.25,6.75,-74,1769430984,5,5
2026-01-26 04:36:29.162058,0x433abf20,13.25875,76.25,5.75,-76,1769430986,3,3
2026-01-26 04:37:48.092829,0x433acb14,13.28125,73.75,3.25,-91,1769431065,3,3
2026-01-26 04:38:32.732394,0x433b0098,13.235,58.75,7.0,-60,1769431110,2,2
2026-01-26 04:41:27.242248,0x433b0b38,13.24875,63.75,7.0,-74,1769431284,5,5
2026-01-26 04:41:30.458210,0x433abf20,13.24,121.25,5.5,-76,1769431288,3,3
2026-01-26 04:42:51.615120,0x433acb14,13.28,77.5,3.75,-91,1769431369,3,3
2026-01-26 04:45:39.943352,0x433ad35c,13.2675,61.25,6.25,-53,1769431537,3,3
2026-01-26 04:46:28.703624,0x433b0b38,13.24875,65.0,6.75,-74,1769431586,5,5
2026-01-26 04:46:32.541216,0x433abf20,13.25625,75.0,5.25,-76,1769431590,3,3
2026-01-26 04:47:51.337778,0x433acb14,13.28125,75.0,3.75,-91,1769431669,3,3
2026-01-26 04:48:35.137885,0x433b0098,13.23,70.0,6.5,-62,1769431712,2,2
2026-01-26 04:51:29.805463,0x433b0b38,13.245,73.75,6.25,-74,1769431887,5,5
2026-01-26 04:51:34.021402,0x433abf20,13.25375,63.75,5.5,-76,1769431891,3,3
2026-01-26 04:52:52.168007,0x433acb14,13.2825,65.0,3.5,-91,1769431969,3,3
2026-01-26 04:55:41.276493,0x433ad35c,13.26625,66.25,6.0,-53,1769432138,3,3
2026-01-26 04:56:32.597790,0x433b0b38,13.2475,57.5,6.25,-74,1769432190,5,5
2026-01-26 04:56:35.557759,0x433abf20,13.25625,77.5,5.5,-76,1769432193,3,3
2026-01-26 04:57:53.978346,0x433acb14,13.2825,65.0,3.25,-91,1769432271,3,3
2026-01-26 04:58:40.596976,0x433b0098,13.23125,73.75,6.75,-61,1769432318,2,2
2026-01-26 17:01:06.930844,0x433acb14,13.27625,130.0,3.75,-92,1769475663,3,3
2026-01-26 17:01:24.223196,0x433b0098,13.2675,60.0,5.75,-62,1769475680,2,2
2026-01-26 17:04:10.103721,0x433abf20,13.27875,65.0,5.5,-76,1769475846,3,3
2026-01-26 17:04:50.933075,0x433b0b38,13.27375,65.0,5.75,-72,1769475887,5,5
2026-01-26 17:06:06.836132,0x433acb14,13.2725,135.0,3.5,-92,1769475963,3,3
2026-01-26 17:09:03.734880,0x433ad35c,13.29,65.0,6.25,-54,1769476140,3,3
2026-01-26 17:09:12.595248,0x433abf20,13.27625,68.75,6.0,-75,1769476149,3,3
2026-01-26 17:09:52.278826,0x433b0b38,13.27,72.5,5.75,-73,1769476188,5,5
2026-01-26 17:11:09.484653,0x433acb14,13.29875,66.25,3.5,-92,1769476265,3,3
2026-01-26 17:11:26.250906,0x433b0098,13.26125,75.0,7.0,-61,1769476282,2,2
2026-01-26 17:14:13.982342,0x433abf20,13.27875,62.5,6.0,-76,1769476450,3,3
2026-01-26 17:14:52.586928,0x433b0b38,13.2725,58.75,5.75,-73,1769476489,5,5
2026-01-26 17:16:11.823600,0x433acb14,13.29875,66.25,3.75,-92,1769476568,3,3
2026-01-26 17:19:04.909210,0x433ad35c,13.28625,70.0,6.25,-54,1769476741,3,3
2026-01-26 17:19:13.703084,0x433abf20,13.2775,63.75,5.5,-76,1769476750,3,3
2026-01-26 17:19:54.941386,0x433b0b38,13.27125,63.75,5.75,-72,1769476791,5,5
2026-01-26 17:21:11.666439,0x433acb14,13.2725,138.75,3.5,-92,1769476868,3,3
2026-01-26 17:21:28.951291,0x433b0098,13.2625,72.5,7.25,-62,1769476885,2,2
2026-01-26 17:24:14.604336,0x433abf20,13.28,61.25,5.25,-76,1769477051,3,3
2026-01-26 17:24:55.105163,0x433b0b38,13.27375,58.75,5.75,-73,1769477091,5,5
2026-01-26 17:26:08.937434,0x433af380,13.2425,68.75,6.25,-39,1769477165,3,3
2026-01-26 17:26:12.025034,0x433acb14,13.29125,90.0,3.5,-92,1769477168,3,3
2026-01-26 17:29:08.264403,0x433ad35c,13.2875,77.5,5.75,-53,1769477344,3,3
2026-01-26 17:29:16.565971,0x433abf20,13.27625,76.25,6.0,-76,1769477353,3,3
2026-01-26 17:29:56.402281,0x433b0b38,13.27,76.25,5.5,-73,1769477392,5,5
2026-01-26 17:31:14.243819,0x433acb14,13.29375,88.75,3.75,-92,1769477470,3,3
2026-01-26 17:31:30.509672,0x433b0098,13.2675,60.0,5.75,-61,1769477486,2,2
2026-01-26 17:34:17.452854,0x433abf20,13.27875,61.25,5.5,-76,1769477653,3,3
2026-01-26 17:34:57.637831,0x433b0b38,13.2675,76.25,5.75,-73,1769477694,5,5
2026-01-26 17:36:15.461412,0x433acb14,13.29375,75.0,3.25,-91,1769477771,3,3
2026-01-26 17:39:14.832291,0x433ad35c,13.29,62.5,6.25,-53,1769477951,3,3
2026-01-26 17:39:18.497624,0x433abf20,13.27875,65.0,6.0,-76,1769477954,3,3
2026-01-26 17:39:59.731919,0x433b0b38,13.2725,63.75,6.0,-73,1769477996,5,5
2026-01-26 17:41:16.014001,0x433acb14,13.295,77.5,3.75,-92,1769478072,3,3
2026-01-26 17:41:35.127767,0x433b0098,13.2625,73.75,6.0,-61,1769478091,2,2
2026-01-26 17:44:20.763808,0x433abf20,13.27625,72.5,5.5,-75,1769478257,3,3
2026-01-26 17:45:00.942624,0x433b0b38,13.2675,76.25,5.75,-72,1769478297,5,5
2026-01-26 17:46:18.983718,0x433acb14,13.2975,66.25,3.5,-92,1769478375,3,3
2026-01-26 17:49:14.406043,0x433ad35c,13.29,62.5,5.75,-53,1769478550,3,3
2026-01-26 17:49:21.569370,0x433abf20,13.275,72.5,6.0,-77,1769478557,3,3
2026-01-26 17:50:05.651617,0x433b0b38,13.2725,62.5,5.5,-73,1769478602,5,5
2026-01-26 17:51:18.613011,0x433acb14,13.29375,73.75,4.0,-91,1769478675,3,3
2026-01-26 17:51:37.681948,0x433b0098,13.265,61.25,6.0,-61,1769478694,2,2
2026-01-26 17:54:22.420375,0x433abf20,13.27875,61.25,5.75,-75,1769478858,3,3
2026-01-26 17:55:04.304104,0x433b0b38,13.26875,76.25,5.25,-73,1769478900,5,5
2026-01-26 17:56:20.031577,0x433acb14,13.2975,63.75,3.5,-92,1769478976,3,3
2026-01-26 17:59:17.898907,0x433ad35c,13.28625,76.25,5.75,-53,1769479154,3,3
2026-01-26 17:59:23.134712,0x433abf20,13.275,72.5,5.25,-76,1769479159,3,3
2026-01-27 15:02:06.423401,0x433acb14,13.28,73.75,2.5,-94,1769554920,3,3
2026-01-27 15:04:42.328137,0x433abf20,13.2725,76.25,5.75,-76,1769555076,3,3
2026-01-27 15:04:53.333293,0x433ad35c,13.2825,73.75,6.25,-54,1769555087,3,3
2026-01-27 15:05:39.023915,0x433b0b38,13.2575,58.75,6.25,-72,1769555133,5,5
2026-01-27 15:06:55.979459,0x433b0098,13.25,61.25,6.25,-62,1769555210,2,2
2026-01-27 15:07:04.392175,0x433acb14,13.25625,130.0,-1.75,-99,1769555218,3,3
2026-01-27 15:09:44.852254,0x433abf20,13.2775,61.25,6.0,-76,1769555379,3,3
2026-01-27 15:10:41.104962,0x433b0b38,13.2575,58.75,6.0,-74,1769555435,5,5
2026-01-27 15:12:08.354302,0x433acb14,13.28125,63.75,3.5,-93,1769555522,3,3
2026-01-27 15:14:45.393137,0x433abf20,13.25625,122.5,5.5,-75,1769555679,3,3
2026-01-27 15:14:55.736450,0x433ad35c,13.28625,62.5,6.0,-53,1769555690,3,3
2026-01-27 15:15:43.173667,0x433b0b38,13.25875,58.75,5.75,-72,1769555737,5,5
2026-01-27 15:16:58.207318,0x433b0098,13.24875,61.25,6.5,-61,1769555812,2,2
2026-01-26 19:00:21.062211,0x433b0b38,13.26875,58.75,5.5,-73,1769482817,5,5
2026-01-26 19:01:39.804787,0x433acb14,13.2875,77.5,3.75,-90,1769482896,3,3
2026-01-26 19:01:52.242547,0x433b0098,13.2575,73.75,6.0,-62,1769482908,2,2
2026-01-26 19:04:44.978247,0x433abf20,13.27375,76.25,5.5,-75,1769483081,3,3
2026-01-26 19:05:24.083180,0x433b0b38,13.2675,61.25,5.5,-73,1769483120,5,5
2026-01-26 19:06:39.903118,0x433acb14,13.29125,66.25,4.75,-89,1769483196,3,3
2026-01-26 19:09:35.219760,0x433ad35c,13.285,62.5,6.25,-53,1769483371,3,3
2026-01-26 19:09:43.945655,0x433abf20,13.27625,58.75,5.75,-75,1769483380,3,3
2026-01-26 19:10:23.242445,0x433b0b38,13.27,66.25,6.0,-74,1769483419,5,5
2026-01-26 19:11:48.656588,0x433acb14,13.29,66.25,4.75,-89,1769483504,3,3
2026-01-26 19:11:52.548693,0x433b0098,13.25375,75.0,5.75,-61,1769483508,2,2
2026-01-26 19:14:45.067501,0x433abf20,13.2725,75.0,5.75,-76,1769483681,3,3
2026-01-26 19:15:25.707475,0x433b0b38,13.26625,61.25,5.25,-73,1769483721,5,5
2026-01-26 19:16:42.946619,0x433acb14,13.28625,73.75,4.75,-91,1769483799,3,3
2026-01-26 19:19:39.698534,0x433ad35c,13.28125,75.0,6.5,-53,1769483975,3,3
2026-01-26 19:19:48.038357,0x433abf20,13.27625,73.75,5.25,-75,1769483984,3,3
2026-01-26 19:20:28.068737,0x433b0b38,13.26625,60.0,5.75,-73,1769484024,5,5
2026-01-26 19:21:44.638545,0x433acb14,13.28875,60.0,4.75,-88,1769484100,3,3
2026-01-26 19:21:54.295199,0x433b0098,13.25375,73.75,6.5,-61,1769484110,2,2
2026-01-26 19:24:48.473300,0x433abf20,13.27375,66.25,5.75,-76,1769484284,3,3
2026-01-26 19:25:29.435532,0x433b0b38,13.26375,76.25,5.75,-73,1769484325,5,5
2026-01-26 19:26:28.581749,0x433af380,13.2275,70.0,6.25,-39,1769484384,3,3
2026-01-26 19:26:46.305483,0x433acb14,13.2875,65.0,4.25,-88,1769484402,3,3
2026-01-26 19:29:42.732252,0x433ad35c,13.2825,62.5,6.75,-53,1769484578,3,3
2026-01-26 19:29:48.979349,0x433abf20,13.275,65.0,5.5,-76,1769484585,3,3
2026-01-26 19:30:29.612255,0x433b0b38,13.26625,60.0,6.0,-74,1769484625,5,5
2026-01-26 19:31:46.357579,0x433acb14,13.28625,61.25,4.0,-87,1769484702,3,3
2026-01-26 19:31:56.552203,0x433b0098,13.25625,70.0,6.5,-60,1769484712,2,2
2026-01-26 19:34:52.056518,0x433abf20,13.27125,75.0,5.5,-75,1769484888,3,3
2026-01-26 19:35:30.899111,0x433b0b38,13.2675,63.75,6.25,-73,1769484927,5,5
2026-01-26 19:36:48.407194,0x433acb14,13.28375,77.5,4.0,-87,1769485004,3,3
2026-01-26 19:39:45.527728,0x433ad35c,13.2825,66.25,6.25,-53,1769485181,3,3
2026-01-26 19:39:51.339607,0x433abf20,13.27625,63.75,5.5,-75,1769485187,3,3
2026-01-26 19:40:32.145962,0x433b0b38,13.26375,72.5,6.0,-73,1769485228,5,5
2026-01-26 19:41:50.716012,0x433acb14,13.285,76.25,4.0,-87,1769485306,3,3
2026-01-26 19:41:58.849284,0x433b0098,13.2575,58.75,6.25,-60,1769485315,2,2
2026-01-26 19:44:53.782968,0x433abf20,13.2725,62.5,5.75,-76,1769485490,3,3
2026-01-26 19:45:34.283845,0x433b0b38,13.26625,65.0,6.0,-73,1769485530,5,5
2026-01-26 19:46:53.148765,0x433acb14,13.28375,77.5,4.25,-88,1769485609,3,3
2026-01-26 19:49:46.579924,0x433ad35c,13.28,75.0,5.75,-53,1769485782,3,3
2026-01-26 19:49:55.802626,0x433abf20,13.275,65.0,5.5,-76,1769485792,3,3
2026-01-26 19:50:34.672868,0x433b0b38,13.26,72.5,5.5,-74,1769485830,5,5
2026-01-26 19:51:52.022148,0x433acb14,13.28375,78.75,4.25,-87,1769485908,3,3
2026-01-26 19:52:01.608464,0x433b0098,13.25875,62.5,6.75,-59,1769485917,2,2
2026-01-26 19:55:36.568544,0x433b0b38,13.26,72.5,6.5,-73,1769486132,5,5
2026-01-26 19:56:53.186658,0x433acb14,13.28125,77.5,4.5,-87,1769486209,3,3
2026-01-26 19:59:49.655382,0x433ad35c,13.28,65.0,6.0,-54,1769486385,3,3
2026-01-26 19:59:56.144866,0x433abf20,13.27375,63.75,6.25,-76,1769486392,3,3
2026-01-27 00:00:49.884722,0x433ad35c,13.26125,71.25,7.0,-54,1769500845,3,3
2026-01-27 00:00:58.476532,0x433abf20,13.26375,62.5,5.5,-76,1769500854,3,3
2026-01-27 00:01:41.357336,0x433b0b38,13.25,65.0,5.75,-73,1769500897,5,5
2026-01-27 00:02:56.838092,0x433acb14,13.26125,78.75,5.5,-86,1769500972,3,3
2026-01-27 00:03:06.004962,0x433b0098,13.23875,60.0,6.75,-60,1769500981,2,2
2026-01-27 00:06:04.207367,0x433abf20,13.26375,62.5,5.25,-76,1769501160,3,3
2026-01-27 00:06:42.905380,0x433b0b38,13.25,63.75,6.0,-73,1769501198,5,5
2026-01-27 00:07:58.730092,0x433acb14,13.26625,66.25,6.25,-86,1769501274,3,3
2026-01-27 00:10:52.402176,0x433ad35c,13.26375,66.25,6.5,-54,1769501448,3,3
2026-01-27 00:11:02.180131,0x433abf20,13.2625,63.75,5.5,-76,1769501458,3,3
2026-01-27 00:11:43.963542,0x433b0b38,13.25125,63.75,5.75,-73,1769501499,5,5
2026-01-27 00:13:00.221594,0x433acb14,13.265,62.5,6.0,-87,1769501576,3,3
2026-01-27 00:13:05.660977,0x433b0098,13.235,61.25,7.0,-59,1769501581,2,2
2026-01-27 00:16:02.421178,0x433abf20,13.25875,75.0,5.75,-76,1769501758,3,3
2026-01-27 00:16:44.993826,0x433b0b38,13.24875,60.0,5.5,-73,1769501800,5,5
2026-01-27 00:18:06.146703,0x433acb14,13.26375,77.5,6.0,-87,1769501881,3,3
2026-01-27 00:20:56.390290,0x433ad35c,13.25875,90.0,7.25,-53,1769502052,3,3
2026-01-27 00:21:05.108640,0x433abf20,13.2625,66.25,5.5,-76,1769502060,3,3
2026-01-27 00:21:45.760839,0x433b0b38,13.2475,60.0,5.25,-73,1769502101,5,5
2026-01-27 00:23:02.464701,0x433acb14,13.26375,65.0,6.0,-87,1769502178,3,3
2026-01-27 00:23:11.326721,0x433b0098,13.22875,73.75,6.25,-61,1769502187,2,2
2026-01-27 00:26:08.621922,0x433abf20,13.2625,63.75,6.25,-77,1769502364,3,3
2026-01-27 00:26:47.868409,0x433b0b38,13.24375,72.5,6.0,-73,1769502403,5,5
2026-01-27 00:27:14.370503,0x433af380,13.20375,67.5,6.5,-38,1769502430,3,3
2026-01-27 00:28:03.112381,0x433acb14,13.265,81.25,6.0,-87,1769502478,3,3
2026-01-27 00:30:57.562649,0x433ad35c,13.26125,73.75,8.0,-53,1769502653,3,3
2026-01-27 00:31:07.442568,0x433abf20,13.26,65.0,5.0,-77,1769502663,3,3
2026-01-27 00:31:49.040682,0x433b0b38,13.245,75.0,5.5,-74,1769502704,5,5
2026-01-27 00:33:04.755051,0x433acb14,13.2675,63.75,5.5,-87,1769502780,3,3
2026-01-27 00:33:10.152186,0x433b0098,13.2325,67.5,6.75,-59,1769502785,2,2
2026-01-27 00:36:08.676660,0x433abf20,13.26125,65.0,5.5,-76,1769502964,3,3
2026-01-27 00:36:49.547222,0x433b0b38,13.24375,71.25,5.75,-73,1769503005,5,5
2026-01-27 00:38:07.444873,0x433acb14,13.2625,77.5,5.5,-87,1769503083,3,3
2026-01-27 00:41:02.183061,0x433ad35c,13.26,76.25,7.25,-54,1769503257,3,3
2026-01-27 00:41:10.902299,0x433abf20,13.24375,126.25,5.0,-77,1769503266,3,3
2026-01-27 00:41:51.470199,0x433b0b38,13.25,60.0,5.75,-73,1769503307,5,5
2026-01-27 00:43:08.387162,0x433acb14,13.26125,73.75,6.0,-85,1769503384,3,3
2026-01-27 00:43:13.885541,0x433b0098,13.23,75.0,6.0,-61,1769503389,2,2
2026-01-27 00:46:10.727400,0x433abf20,13.2625,63.75,5.5,-77,1769503566,3,3
2026-01-27 00:46:52.768750,0x433b0b38,13.24375,72.5,5.5,-73,1769503608,5,5
2026-01-27 00:48:08.811216,0x433acb14,13.265,63.75,6.0,-87,1769503684,3,3
2026-01-27 00:51:05.169027,0x433ad35c,13.26125,60.0,6.0,-55,1769503860,3,3
2026-01-27 00:51:12.787067,0x433abf20,13.26125,66.25,5.25,-76,1769503868,3,3
2026-01-27 00:51:53.318112,0x433b0b38,13.24375,72.5,5.25,-72,1769503909,5,5
2026-01-27 00:53:10.778697,0x433acb14,13.24125,130.0,5.75,-86,1769503986,3,3
2026-01-27 00:53:15.631395,0x433b0098,13.2325,63.75,7.0,-60,1769503991,2,2
2026-01-27 00:56:14.764112,0x433abf20,13.26,66.25,5.75,-76,1769504170,3,3
2026-01-27 00:56:55.411324,0x433b0b38,13.2475,58.75,5.75,-73,1769504211,5,5
2026-01-27 00:58:15.224565,0x433acb14,13.26125,72.5,5.5,-86,1769504290,3,3
2026-01-25 14:59:05.204666,0x433acb14,13.3275,128.75,2.0,-95,1769381944,3,3
2026-01-25 15:01:53.468162,0x433ad35c,13.28375,62.5,5.75,-54,1769382112,3,3
2026-01-25 15:02:53.911398,0x433b0b38,13.25875,60.0,6.5,-74,1769382172,5,5
2026-01-25 15:03:01.509402,0x433abf20,13.28,66.25,5.75,-76,1769382180,3,3
2026-01-25 15:04:07.556515,0x433acb14,13.35125,58.75,1.75,-96,1769382246,3,3
2026-01-25 15:05:29.782936,0x433b0098,13.31125,60.0,6.0,-61,1769382328,2,2
2026-01-25 15:07:51.762074,0x433aad0c,12.6225,61.25,6.0,-77,1769382470,3,3
2026-01-25 15:08:01.424290,0x433abf20,13.275,72.5,5.75,-76,1769382480,3,3
2026-01-25 15:08:04.893296,0x433b0b38,13.26125,62.5,6.0,-74,1769382483,5,5
2026-01-25 15:09:06.634889,0x433acb14,13.3475,61.25,-0.25,-98,1769382545,3,3
2026-01-25 15:11:54.901144,0x433ad35c,13.28625,63.75,7.25,-54,1769382713,3,3
2026-01-25 15:12:54.678226,0x433b0b38,13.255,70.0,6.0,-74,1769382773,5,5
2026-01-25 15:13:01.996727,0x433abf20,13.27625,77.5,6.0,-76,1769382780,3,3
2026-01-25 15:14:07.816145,0x433acb14,13.34375,77.5,0.75,-97,1769382846,3,3
2026-01-25 15:15:29.249172,0x433b0098,13.29875,72.5,6.0,-60,1769382928,2,2
2026-01-25 15:17:53.508999,0x433aad0c,12.61125,61.25,5.75,-77,1769383072,3,3
2026-01-25 15:17:56.031882,0x433b0b38,13.25625,73.75,6.5,-74,1769383075,5,5
2026-01-25 15:18:06.129829,0x433abf20,13.275,65.0,5.25,-76,1769383085,3,3
2026-01-25 15:19:10.357933,0x433acb14,13.34625,61.25,,-97,1769383149,3,3
2026-01-25 15:21:43.500284,0x433af380,13.19875,86.25,6.25,-39,1769383302,3,3
2026-01-25 15:21:56.473852,0x433ad35c,13.28375,65.0,5.75,-54,1769383315,3,3
2026-01-25 15:22:58.292090,0x433b0b38,13.26125,62.5,7.5,-74,1769383377,5,5
2026-01-25 15:23:06.358147,0x433abf20,13.28,65.0,5.75,-76,1769383385,3,3
2026-01-25 15:24:11.278351,0x433acb14,13.34375,61.25,-1.0,-99,1769383450,3,3
2026-01-25 15:25:29.460179,0x433b0098,13.28375,83.75,6.5,-61,1769383528,2,2
2026-01-25 15:27:52.164774,0x433aad0c,12.6,65.0,7.0,-76,1769383671,3,3
2026-01-25 15:28:03.814939,0x433b0b38,13.25625,72.5,7.0,-74,1769383682,5,5
2026-01-25 15:28:06.548853,0x433abf20,13.27375,77.5,5.5,-76,1769383685,3,3
2026-01-25 15:29:13.353686,0x433acb14,13.33875,75.0,0.5,-97,1769383752,3,3
2026-01-25 15:32:00.651292,0x433ad35c,13.285,63.75,6.75,-54,1769383919,3,3
2026-01-25 15:33:02.841883,0x433b0b38,13.25625,70.0,6.5,-74,1769383981,5,5
2026-01-25 15:33:06.093337,0x433abf20,13.2725,76.25,5.5,-77,1769383985,3,3
2026-01-25 15:34:18.231770,0x433acb14,13.34125,78.75,0.25,-97,1769384057,3,3
2026-01-25 15:35:29.922316,0x433b0098,13.28375,72.5,6.25,-60,1769384128,2,2
2026-01-25 15:37:52.406847,0x433aad0c,12.58375,75.0,6.25,-77,1769384271,3,3
2026-01-25 15:38:01.243812,0x433b0b38,13.26125,62.5,6.5,-73,1769384280,5,5
2026-01-25 15:38:09.890020,0x433abf20,13.27,77.5,5.75,-76,1769384288,3,3
2026-01-25 15:39:14.370094,0x433acb14,13.34,61.25,2.0,-96,1769384353,3,3
2026-01-25 15:42:03.013814,0x433ad35c,13.28,81.25,6.0,-54,1769384521,3,3
2026-01-25 15:43:04.287075,0x433b0b38,13.26125,58.75,7.5,-74,1769384583,5,5
2026-01-25 15:43:13.543670,0x433abf20,13.2775,63.75,5.75,-76,1769384592,3,3
2026-01-25 15:44:16.939254,0x433acb14,13.34125,65.0,3.75,-93,1769384655,3,3
2026-01-25 15:45:29.971908,0x433b0098,13.28375,58.75,6.0,-62,1769384728,2,2
2026-01-25 15:47:52.831545,0x433aad0c,12.56625,71.25,6.5,-76,1769384871,3,3
2026-01-25 15:48:05.345739,0x433b0b38,13.2575,70.0,5.5,-75,1769384884,5,5
2026-01-25 15:48:09.749660,0x433abf20,13.25625,122.5,5.5,-77,1769384888,3,3
2026-01-25 15:49:18.487518,0x433acb14,13.34,62.5,1.75,-95,1769384957,3,3
2026-01-25 15:52:04.853885,0x433ad35c,13.285,60.0,7.5,-54,1769385123,3,3
2026-01-25 15:53:07.713708,0x433b0b38,13.25625,72.5,7.0,-74,1769385186,5,5
2026-01-25 15:53:10.189985,0x433abf20,13.255,125.0,6.0,-76,1769385189,3,3
2026-01-25 15:54:20.418959,0x433acb14,13.34,66.25,6.25,-77,1769385259,3,2
2026-01-25 15:55:30.468288,0x433b0098,13.2475,120.0,6.25,-61,1769385329,2,2
2026-01-25 15:57:53.135341,0x433aad0c,12.5525,72.5,5.5,-78,1769385472,3,3
2026-01-25 15:58:08.378941,0x433b0b38,13.25625,70.0,7.25,-74,1769385487,5,5
2026-01-25 15:58:12.312907,0x433abf20,13.25375,136.25,5.5,-76,1769385491,3,3
2026-01-26 16:00:48.890272,0x433acb14,13.27125,137.5,2.0,-95,1769472045,3,3
2026-01-26 16:01:14.866324,0x433b0098,13.26,72.5,6.0,-61,1769472071,2,2
2026-01-26 16:03:54.094859,0x433abf20,13.275,75.0,5.5,-75,1769472230,3,3
2026-01-26 16:04:35.110095,0x433b0b38,13.2725,62.5,5.75,-73,1769472271,5,5
2026-01-26 16:05:49.175726,0x433acb14,13.295,72.5,2.5,-95,1769472345,3,3
2026-01-26 16:08:44.746227,0x433ad35c,13.28625,71.25,5.75,-53,1769472521,3,3
2026-01-26 16:08:57.214936,0x433abf20,13.275,72.5,5.25,-76,1769472533,3,3
2026-01-26 16:09:36.404275,0x433b0b38,13.2675,75.0,6.25,-73,1769472572,5,5
2026-01-26 16:10:51.365557,0x433acb14,13.29625,80.0,1.75,-95,1769472647,3,3
2026-01-26 16:11:16.659021,0x433b0098,13.26625,57.5,6.5,-62,1769472673,2,2
2026-01-26 16:13:58.549566,0x433abf20,13.27625,71.25,5.25,-76,1769472835,3,3
2026-01-26 16:14:38.044972,0x433b0b38,13.27125,58.75,5.75,-73,1769472874,5,5
2026-01-26 16:15:51.698435,0x433acb14,13.29,95.0,2.5,-95,1769472948,3,3
2026-01-26 16:18:48.055456,0x433ad35c,13.28625,73.75,6.25,-55,1769473124,3,3
2026-01-26 16:18:59.389093,0x433abf20,13.27875,71.25,5.75,-75,1769473135,3,3
2026-01-26 16:19:38.393933,0x433b0b38,13.27375,61.25,5.5,-73,1769473174,5,5
2026-01-26 16:20:55.914614,0x433acb14,13.3,62.5,2.0,-95,1769473252,3,3
2026-01-26 16:21:18.119193,0x433b0098,13.26,72.5,6.75,-62,1769473274,2,2
2026-01-26 16:23:59.169196,0x433abf20,13.2775,62.5,5.25,-76,1769473435,3,3
2026-01-26 16:24:40.067769,0x433b0b38,13.27375,62.5,6.0,-74,1769473476,5,5
2026-01-26 16:25:57.801318,0x433acb14,13.2975,66.25,3.25,-92,1769473554,3,3
2026-01-26 16:26:04.490333,0x433af380,13.23625,71.25,6.5,-39,1769473561,3,3
2026-01-26 16:28:50.534172,0x433ad35c,13.2875,76.25,6.25,-53,1769473727,3,3
2026-01-26 16:29:02.333773,0x433abf20,13.275,73.75,5.75,-76,1769473738,3,3
2026-01-26 16:29:40.957991,0x433b0b38,13.26,81.25,6.0,-73,1769473777,5,5
2026-01-26 16:30:56.959892,0x433acb14,13.295,77.5,2.75,-93,1769473853,3,3
2026-01-26 16:31:19.792739,0x433b0098,13.265,62.5,6.5,-62,1769473876,2,2
2026-01-26 16:34:03.165409,0x433abf20,13.27625,76.25,5.75,-76,1769474039,3,3
2026-01-26 16:34:43.014640,0x433b0b38,13.27375,60.0,6.0,-73,1769474079,5,5
2026-01-26 16:35:58.856422,0x433acb14,13.29625,76.25,4.0,-92,1769474155,3,3
2026-01-26 16:38:53.102227,0x433ad35c,13.29125,63.75,6.25,-54,1769474329,3,3
2026-01-26 16:39:06.765364,0x433abf20,13.27875,62.5,5.75,-76,1769474343,3,3
2026-01-26 16:39:43.535717,0x433b0b38,13.27,68.75,6.0,-73,1769474380,5,5
2026-01-26 16:40:58.843166,0x433acb14,13.2975,73.75,3.25,-92,1769474455,3,3
2026-01-26 16:41:20.987586,0x433b0098,13.26625,60.0,6.25,-62,1769474477,2,2
2026-01-26 16:44:04.540225,0x433abf20,13.27875,65.0,5.75,-75,1769474641,3,3
2026-01-26 16:44:47.618303,0x433b0b38,13.275,60.0,5.75,-73,1769474684,5,5
2026-01-26 16:46:00.027254,0x433acb14,13.2975,60.0,3.5,-92,1769474756,3,3
2026-01-26 16:48:55.058053,0x433ad35c,13.29,63.75,6.75,-53,1769474931,3,3
2026-01-26 16:49:06.616211,0x433abf20,13.28,63.75,5.5,-76,1769474943,3,3
2026-01-26 16:49:49.268516,0x433b0b38,13.27375,60.0,5.75,-73,1769474985,5,5
2026-01-26 16:51:07.063808,0x433acb14,13.295,73.75,4.0,-91,1769475063,3,3
2026-01-26 16:51:23.227239,0x433b0098,13.26125,73.75,5.75,-62,1769475079,2,2
2026-01-26 16:54:07.200670,0x433abf20,13.2775,73.75,6.0,-75,1769475243,3,3
2026-01-26 16:54:48.861964,0x433b0b38,13.27,71.25,5.75,-72,1769475285,5,5
2026-01-26 16:56:06.697082,0x433acb14,13.29625,73.75,3.75,-92,1769475363,3,3
2026-01-26 16:58:58.507500,0x433ad35c,13.29125,63.75,6.0,-53,1769475535,3,3
2026-01-26 16:59:08.286267,0x433abf20,13.28,61.25,5.5,-76,1769475544,3,3
2026-01-26 16:59:49.037832,0x433b0b38,13.275,63.75,5.75,-73,1769475585,5,5
2026-01-27 05:02:04.886170,0x433abf20,13.255,62.5,5.5,-76,1769518920,3,3
2026-01-27 05:02:11.897531,0x433ad35c,13.25125,76.25,6.25,-55,1769518927,3,3
2026-01-27 05:03:00.078882,0x433b0b38,13.2375,63.75,6.0,-72,1769518975,5,5
2026-01-27 05:04:19.104763,0x433b0098,13.215,70.0,5.75,-60,1769519054,2,2
2026-01-27 05:04:23.435950,0x433acb14,13.25875,66.25,5.25,-86,1769519058,3,3
2026-01-27 05:07:07.074640,0x433abf20,13.255,62.5,5.5,-75,1769519222,3,3
2026-01-27 05:08:01.633139,0x433b0b38,13.24,63.75,6.0,-72,1769519277,5,5
2026-01-27 05:09:24.705402,0x433acb14,13.25875,67.5,5.5,-86,1769519360,3,3
2026-01-27 05:12:09.637049,0x433abf20,13.2525,73.75,5.25,-76,1769519525,3,3
2026-01-27 05:12:18.236899,0x433ad35c,13.25375,65.0,6.0,-55,1769519533,3,3
2026-01-27 05:13:02.833245,0x433b0b38,13.23875,65.0,5.75,-71,1769519578,5,5
2026-01-27 05:14:22.270410,0x433b0098,13.2175,61.25,7.75,-60,1769519657,2,2
2026-01-27 05:14:26.792109,0x433acb14,13.255,76.25,5.5,-85,1769519662,3,3
2026-01-27 05:17:11.661968,0x433abf20,13.25125,75.0,5.5,-76,1769519827,3,3
2026-01-27 05:18:03.545214,0x433b0b38,13.23875,62.5,5.75,-73,1769519878,5,5
2026-01-27 05:19:27.538637,0x433acb14,13.2525,76.25,5.0,-86,1769519962,3,3
2026-01-27 05:22:10.609606,0x433abf20,13.25375,62.5,5.25,-76,1769520125,3,3
2026-01-27 05:22:19.072114,0x433ad35c,13.25,72.5,6.5,-55,1769520134,3,3
2026-01-27 05:23:04.537078,0x433b0b38,13.23875,66.25,6.25,-72,1769520179,5,5
2026-01-27 05:24:30.197819,0x433acb14,13.2525,73.75,4.25,-85,1769520265,3,3
2026-01-27 05:24:34.289528,0x433b0098,13.21375,73.75,5.75,-61,1769520269,2,2
2026-01-27 05:27:10.957684,0x433abf20,13.255,65.0,5.25,-76,1769520426,3,3
2026-01-27 05:28:06.936274,0x433b0b38,13.2325,73.75,5.75,-72,1769520482,5,5
2026-01-27 05:28:15.221798,0x433af380,13.19625,70.0,6.5,-38,1769520490,3,3
2026-01-27 05:29:30.306736,0x433acb14,13.25375,76.25,4.75,-86,1769520565,3,3
2026-01-27 05:32:15.557503,0x433abf20,13.255,67.5,5.75,-76,1769520730,3,3
2026-01-27 05:32:23.593954,0x433ad35c,13.2525,67.5,6.25,-54,1769520738,3,3
2026-01-27 05:33:07.085194,0x433b0b38,13.2325,75.0,6.0,-72,1769520782,5,5
2026-01-27 05:34:27.507203,0x433b0098,13.22125,65.0,7.0,-60,1769520862,2,2
2026-01-27 05:34:32.745526,0x433acb14,13.2325,122.5,4.25,-85,1769520868,3,3
2026-01-27 05:37:15.914436,0x433abf20,13.25375,66.25,5.5,-76,1769521031,3,3
2026-01-27 05:38:09.268537,0x433b0b38,13.2325,72.5,5.75,-72,1769521084,5,5
2026-01-27 05:39:33.754484,0x433acb14,13.25375,77.5,5.25,-85,1769521169,3,3
2026-01-27 05:42:17.181402,0x433abf20,13.25125,75.0,5.75,-75,1769521332,3,3
2026-01-27 05:42:25.180990,0x433ad35c,13.25375,63.75,6.75,-55,1769521340,3,3
2026-01-27 05:43:09.600321,0x433b0b38,13.2325,75.0,6.0,-72,1769521384,5,5
2026-01-27 05:44:28.494590,0x433b0098,13.2125,75.0,6.25,-60,1769521463,2,2
2026-01-27 05:44:34.981196,0x433acb14,13.2525,72.5,4.0,-85,1769521470,3,3
2026-01-27 05:47:16.077373,0x433abf20,13.24875,73.75,5.25,-76,1769521631,3,3
2026-01-27 05:48:11.601932,0x433b0b38,13.2375,62.5,5.5,-71,1769521686,5,5
2026-01-27 05:49:36.408538,0x433acb14,13.25375,77.5,4.5,-85,1769521771,3,3
2026-01-27 05:52:18.037203,0x433abf20,13.255,66.25,5.5,-76,1769521933,3,3
2026-01-27 05:52:27.691258,0x433ad35c,13.25125,63.75,6.25,-55,1769521943,3,3
2026-01-27 05:53:14.268104,0x433b0b38,13.2325,75.0,5.75,-71,1769521989,5,5
2026-01-27 05:54:34.150822,0x433b0098,13.21875,65.0,6.75,-60,1769522069,2,2
2026-01-27 05:54:36.981416,0x433acb14,13.2475,76.25,4.5,-86,1769522072,3,3
2026-01-27 05:57:20.291648,0x433abf20,13.2525,66.25,5.5,-76,1769522235,3,3
2026-01-27 05:58:14.204210,0x433b0b38,13.21125,123.75,6.25,-72,1769522289,5,5
2026-01-27 05:59:39.427348,0x433acb14,13.2575,67.5,5.25,-85,1769522374,3,3
2026-01-26 11:00:10.606604,0x433b0098,13.20375,117.5,6.0,-60,1769454007,2,2
2026-01-26 11:02:52.384834,0x433abf20,13.25875,72.5,6.0,-76,1769454169,3,3
2026-01-26 11:03:13.950562,0x433b0b38,13.2375,75.0,5.5,-73,1769454191,5,5
2026-01-26 11:04:34.273056,0x433acb14,13.29,63.75,3.75,-91,1769454271,3,3
2026-01-26 11:07:26.514056,0x433ad35c,13.27625,63.75,6.25,-55,1769454443,3,3
2026-01-26 11:07:52.335922,0x433abf20,13.25625,76.25,5.5,-76,1769454469,3,3
2026-01-26 11:08:15.142574,0x433b0b38,13.24125,73.75,6.0,-74,1769454492,5,5
2026-01-26 11:09:33.847819,0x433acb14,13.285,75.0,4.5,-91,1769454570,3,3
2026-01-26 11:10:13.693650,0x433b0098,13.23375,73.75,6.25,-61,1769454610,2,2
2026-01-26 11:12:53.629588,0x433abf20,13.25875,71.25,5.75,-75,1769454770,3,3
2026-01-26 11:13:16.436699,0x433b0b38,13.24375,62.5,6.0,-74,1769454793,5,5
2026-01-26 11:14:32.931408,0x433acb14,13.29,63.75,0.25,-97,1769454870,3,3
2026-01-26 11:17:26.854919,0x433ad35c,13.275,63.75,6.25,-53,1769455043,3,3
2026-01-26 11:17:54.881888,0x433abf20,13.25875,73.75,5.5,-76,1769455071,3,3
2026-01-26 11:18:18.393334,0x433b0b38,13.24625,65.0,6.25,-74,1769455095,5,5
2026-01-26 11:19:37.483356,0x433acb14,13.285,76.25,1.0,-96,1769455174,3,3
2026-01-26 11:20:14.752712,0x433b0098,13.23875,63.75,5.75,-62,1769455211,2,2
2026-01-26 11:22:58.374666,0x433abf20,13.26125,65.0,5.5,-75,1769455375,3,3
2026-01-26 11:23:19.697023,0x433b0b38,13.215,132.5,4.75,-73,1769455396,5,5
2026-01-26 11:24:36.218354,0x433acb14,13.28125,75.0,-0.75,-99,1769455473,3,3
2026-01-26 11:25:02.755370,0x433af380,13.20875,76.25,6.0,-40,1769455499,3,3
2026-01-26 11:27:29.473167,0x433ad35c,13.275,66.25,7.0,-53,1769455646,3,3
2026-01-26 11:27:56.628438,0x433abf20,13.2575,73.75,5.75,-75,1769455673,3,3
2026-01-26 11:28:21.018917,0x433b0b38,13.24,70.0,6.5,-73,1769455698,5,5
2026-01-26 11:29:39.617805,0x433acb14,13.285,76.25,0.5,-97,1769455776,3,3
2026-01-26 11:30:17.425249,0x433b0098,13.24125,60.0,5.75,-62,1769455814,2,2
2026-01-26 11:32:57.658356,0x433abf20,13.26,90.0,5.75,-76,1769455974,3,3
2026-01-26 11:33:23.663120,0x433b0b38,13.23875,73.75,6.0,-72,1769456000,5,5
2026-01-26 11:34:40.602325,0x433acb14,13.29,61.25,,-98,1769456077,3,3
2026-01-26 11:37:32.887234,0x433ad35c,13.27375,90.0,6.5,-54,1769456249,3,3
2026-01-26 11:37:58.199244,0x433abf20,13.2625,71.25,5.5,-76,1769456275,3,3
2026-01-26 11:38:24.350240,0x433b0b38,13.245,62.5,5.75,-72,1769456301,5,5
2026-01-26 11:39:40.518248,0x433acb14,13.29,63.75,-0.25,-98,1769456377,3,3
2026-01-26 11:40:19.133396,0x433b0098,13.24125,61.25,5.75,-61,1769456416,2,2
2026-01-26 11:42:59.433925,0x433abf20,13.26375,76.25,6.0,-76,1769456576,3,3
2026-01-26 11:43:28.922379,0x433b0b38,13.23875,73.75,5.75,-73,1769456605,5,5
2026-01-26 11:44:56.327308,0x433acb14,13.285,73.75,5.25,-79,1769456693,3,2
2026-01-26 11:47:34.525617,0x433ad35c,13.2775,63.75,7.5,-54,1769456851,3,3
2026-01-26 11:48:00.820450,0x433abf20,13.26,75.0,5.5,-75,1769456877,3,3
2026-01-26 11:48:28.870340,0x433b0b38,13.24125,73.75,6.25,-74,1769456905,5,5
2026-01-26 11:49:42.437343,0x433acb14,13.285,75.0,4.75,-89,1769456979,3,3
2026-01-26 11:50:21.897040,0x433b0098,13.2425,61.25,6.0,-62,1769457018,2,2
2026-01-26 11:53:02.296122,0x433abf20,13.2675,65.0,5.75,-76,1769457179,3,3
2026-01-26 11:53:29.263389,0x433b0b38,13.245,61.25,6.0,-73,1769457206,5,5
2026-01-26 11:54:43.691152,0x433acb14,13.2875,77.5,1.25,-96,1769457280,3,3
2026-01-26 11:57:37.554669,0x433ad35c,13.27625,73.75,5.75,-53,1769457454,3,3
2026-01-26 11:58:02.034828,0x433abf20,13.26375,73.75,5.75,-76,1769457479,3,3
2026-01-26 11:58:30.604624,0x433b0b38,13.23375,95.0,5.5,-73,1769457507,5,5
2026-01-26 11:59:45.575732,0x433acb14,13.28875,76.25,2.75,-94,1769457582,3,3
2026-01-25 17:59:52.271244,0x433acb14,13.32375,66.25,2.75,-94,1769392790,3,3
2026-01-25 18:02:40.514672,0x433ad35c,13.2825,75.0,6.5,-54,1769392959,3,3
2026-01-25 18:03:41.677209,0x433b0b38,13.2625,60.0,5.75,-73,1769393020,5,5
2026-01-25 18:03:44.764513,0x433abf20,13.27125,65.0,5.75,-76,1769393023,3,3
2026-01-25 18:04:53.374976,0x433acb14,13.32375,67.5,2.75,-94,1769393092,3,3
2026-01-25 18:05:55.853538,0x433b0098,13.25625,62.5,6.25,-61,1769393154,2,2
2026-01-25 18:08:46.743444,0x433b0b38,13.25875,71.25,5.5,-74,1769393325,5,5
2026-01-25 18:08:49.778338,0x433abf20,13.26625,68.75,5.5,-77,1769393328,3,3
2026-01-25 18:09:55.088247,0x433acb14,13.325,63.75,2.75,-93,1769393393,3,3
2026-01-25 18:12:43.016036,0x433ad35c,13.28625,65.0,6.0,-54,1769393561,3,3
2026-01-25 18:13:43.528749,0x433b0b38,13.2625,73.75,6.0,-74,1769393622,5,5
2026-01-25 18:13:46.103487,0x433abf20,13.26875,76.25,6.25,-77,1769393624,3,3
2026-01-25 18:14:55.578430,0x433acb14,13.32125,77.5,2.25,-93,1769393694,3,3
2026-01-25 18:15:57.530325,0x433b0098,13.24875,77.5,5.75,-62,1769393756,2,2
2026-01-25 18:18:46.072209,0x433b0b38,13.25875,72.5,5.75,-73,1769393924,5,5
2026-01-25 18:18:54.419914,0x433abf20,13.26625,71.25,5.25,-77,1769393933,3,3
2026-01-25 18:19:56.925320,0x433acb14,13.3225,62.5,2.25,-93,1769393995,3,3
2026-01-25 18:22:09.095794,0x433af380,13.2175,68.75,6.25,-38,1769394127,3,3
2026-01-25 18:22:51.129918,0x433ad35c,13.2825,76.25,6.25,-54,1769394169,3,3
2026-01-25 18:23:47.803594,0x433b0b38,13.26375,65.0,6.25,-73,1769394226,5,5
2026-01-25 18:23:51.289908,0x433abf20,13.2725,66.25,5.5,-76,1769394229,3,3
2026-01-25 18:25:02.925120,0x433acb14,13.3225,61.25,2.5,-93,1769394301,3,3
2026-01-25 18:26:01.220319,0x433b0098,13.25875,62.5,6.0,-61,1769394359,2,2
2026-01-25 18:28:47.609491,0x433b0b38,13.25875,73.75,6.0,-73,1769394526,5,5
2026-01-25 18:28:59.743383,0x433abf20,13.27125,66.25,5.5,-76,1769394538,3,3
2026-01-25 18:30:01.721130,0x433acb14,13.3225,61.25,3.0,-93,1769394600,3,3
2026-01-25 18:32:48.846106,0x433ad35c,13.2825,75.0,6.25,-53,1769394767,3,3
2026-01-25 18:33:48.173636,0x433b0b38,13.26375,61.25,6.25,-74,1769394826,5,5
2026-01-25 18:33:52.517620,0x433abf20,13.2675,77.5,5.0,-76,1769394831,3,3
2026-01-25 18:35:04.879914,0x433acb14,13.32,65.0,3.0,-92,1769394903,3,3
2026-01-25 18:36:01.821048,0x433b0098,13.25375,66.25,6.0,-60,1769394960,2,2
2026-01-25 18:38:53.154600,0x433abf20,13.27125,62.5,5.75,-76,1769395131,3,3
2026-01-25 18:38:58.468982,0x433b0b38,13.25875,73.75,5.75,-75,1769395137,5,4
2026-01-25 18:42:52.132021,0x433ad35c,13.28375,65.0,6.25,-54,1769395370,3,3
2026-01-25 18:43:52.432079,0x433b0b38,13.26,76.25,5.5,-74,1769395431,5,5
2026-01-25 18:43:56.300851,0x433abf20,13.26625,73.75,5.5,-77,1769395434,3,3
2026-01-25 18:45:05.955776,0x433acb14,13.32,65.0,2.75,-93,1769395504,3,3
2026-01-25 18:46:04.863800,0x433b0098,13.2525,63.75,6.25,-60,1769395563,2,2
2026-01-25 18:48:52.790891,0x433b0b38,13.25625,73.75,6.0,-74,1769395731,5,5
2026-01-25 18:48:57.234174,0x433abf20,13.27,63.75,5.75,-77,1769395735,3,3
2026-01-25 18:50:08.922725,0x433acb14,13.31875,75.0,3.25,-93,1769395807,3,3
2026-01-25 18:52:54.761615,0x433ad35c,13.2825,75.0,6.0,-53,1769395973,3,3
2026-01-25 18:53:54.029281,0x433b0b38,13.25875,76.25,5.5,-74,1769396032,5,5
2026-01-25 18:53:59.143126,0x433abf20,13.24875,123.75,6.5,-76,1769396037,3,3
2026-01-25 18:55:10.207802,0x433acb14,13.3175,63.75,2.5,-93,1769396108,3,3
2026-01-25 18:56:05.502915,0x433b0098,13.245,75.0,6.0,-61,1769396164,2,2
2026-01-25 18:58:56.247613,0x433b0b38,13.26125,65.0,5.75,-74,1769396334,5,5
2026-01-25 18:58:58.637272,0x433abf20,13.27125,65.0,5.5,-77,1769396337,3,3
2026-01-26 09:59:57.433168,0x433b0098,13.2275,72.5,6.0,-60,1769450394,2,2
2026-01-26 10:02:38.574730,0x433abf20,13.2575,62.5,5.75,-77,1769450555,3,3
2026-01-26 10:02:55.802483,0x433b0b38,13.2375,72.5,1.0,-75,1769450573,5,5
2026-01-26 10:04:17.032991,0x433acb14,13.27875,77.5,-1.75,-99,1769450654,3,3
2026-01-26 10:07:07.828125,0x433ad35c,13.26625,61.25,7.5,-53,1769450825,3,3
2026-01-26 10:07:39.548009,0x433abf20,13.25375,72.5,5.5,-76,1769450856,3,3
2026-01-26 10:07:58.148401,0x433b0b38,13.24375,63.75,6.75,-74,1769450875,5,5
2026-01-26 10:09:21.798990,0x433acb14,13.28,78.75,0.25,-97,1769450959,3,3
2026-01-26 10:10:00.686217,0x433b0098,13.2275,73.75,6.25,-61,1769450997,2,2
2026-01-26 10:12:40.944522,0x433abf20,13.25375,76.25,5.5,-77,1769451158,3,3
2026-01-26 10:13:00.325304,0x433b0b38,13.24375,63.75,6.5,-74,1769451177,5,5
2026-01-26 10:14:21.336208,0x433acb14,13.28125,62.5,0.5,-96,1769451258,3,3
2026-01-26 10:17:10.380342,0x433ad35c,13.26625,76.25,5.75,-53,1769451427,3,3
2026-01-26 10:17:42.089162,0x433abf20,13.25875,66.25,5.75,-78,1769451459,3,3
2026-01-26 10:18:00.830702,0x433b0b38,13.24,75.0,7.5,-74,1769451478,5,5
2026-01-26 10:19:19.063440,0x433acb14,13.28375,63.75,-0.25,-97,1769451556,3,3
2026-01-26 10:20:01.659117,0x433b0098,13.2325,58.75,6.25,-61,1769451598,2,2
2026-01-26 10:22:42.754622,0x433abf20,13.26,62.5,5.0,-77,1769451759,3,3
2026-01-26 10:23:03.712969,0x433b0b38,13.23875,75.0,5.75,-73,1769451780,5,5
2026-01-26 10:24:20.899104,0x433acb14,13.28,73.75,2.0,-95,1769451858,3,3
2026-01-26 10:24:56.518937,0x433af380,13.17625,90.0,6.0,-39,1769451893,3,3
2026-01-26 10:27:12.935113,0x433ad35c,13.26625,76.25,6.25,-53,1769452030,3,3
2026-01-26 10:27:43.783527,0x433abf20,13.25625,75.0,5.5,-75,1769452060,3,3
2026-01-26 10:28:04.864608,0x433b0b38,13.24375,62.5,6.5,-74,1769452082,5,5
2026-01-26 10:29:22.063822,0x433acb14,13.2825,77.5,0.5,-96,1769452159,3,3
2026-01-26 10:30:04.511544,0x433b0098,13.23125,61.25,6.0,-60,1769452201,2,2
2026-01-26 10:32:44.637979,0x433abf20,13.25625,76.25,5.75,-76,1769452361,3,3
2026-01-26 10:33:06.730193,0x433b0b38,13.24,75.0,6.25,-75,1769452383,5,5
2026-01-26 10:34:22.960709,0x433acb14,13.2825,75.0,1.25,-96,1769452460,3,3
2026-01-26 10:37:19.690155,0x433ad35c,13.27,62.5,7.0,-54,1769452636,3,3
2026-01-26 10:37:45.804199,0x433abf20,13.26,60.0,5.75,-77,1769452662,3,3
2026-01-26 10:38:07.524834,0x433b0b38,13.2325,92.5,6.75,-73,1769452684,5,5
2026-01-26 10:39:25.334886,0x433acb14,13.285,68.75,3.0,-94,1769452762,3,3
2026-01-26 10:40:07.462263,0x433b0098,13.23,73.75,6.0,-62,1769452804,2,2
2026-01-26 10:42:50.013235,0x433abf20,13.255,75.0,6.5,-77,1769452967,3,3
2026-01-26 10:43:08.614534,0x433b0b38,13.23875,72.5,5.75,-75,1769452985,5,5
2026-01-26 10:44:25.617349,0x433acb14,13.2825,76.25,-1.25,-99,1769453062,3,3
2026-01-26 10:47:21.148511,0x433ad35c,13.27125,65.0,6.0,-53,1769453238,3,3
2026-01-26 10:47:50.274946,0x433abf20,13.25625,73.75,6.25,-76,1769453267,3,3
2026-01-26 10:48:10.510557,0x433b0b38,13.23875,73.75,7.0,-74,1769453287,5,5
2026-01-26 10:49:27.236843,0x433acb14,13.28125,73.75,-0.25,-98,1769453364,3,3
2026-01-26 10:50:09.551091,0x433b0098,13.22875,70.0,7.25,-60,1769453406,2,2
2026-01-26 10:52:50.078475,0x433abf20,13.2575,62.5,7.0,-77,1769453567,3,3
2026-01-26 10:53:12.809409,0x433b0b38,13.2425,61.25,6.0,-74,1769453589,5,5
2026-01-26 10:54:28.467135,0x433acb14,13.28625,62.5,4.25,-87,1769453665,3,3
2026-01-26 10:57:22.988597,0x433ad35c,13.27375,65.0,6.75,-53,1769453840,3,3
2026-01-26 10:57:50.483180,0x433abf20,13.26125,63.75,7.0,-77,1769453867,3,3
2026-01-26 10:58:14.370649,0x433b0b38,13.24125,75.0,6.0,-75,1769453891,5,5
2026-01-26 10:59:29.025332,0x433acb14,13.2875,66.25,-0.25,-98,1769453966,3,3
2026-01-27 03:01:38.255507,0x433ad35c,13.2575,62.5,7.0,-54,1769511693,3,3
2026-01-27 03:01:41.320880,0x433abf20,13.2525,71.25,6.0,-76,1769511696,3,3
2026-01-27 03:02:33.502229,0x433b0b38,13.24125,63.75,6.0,-73,1769511749,5,5
2026-01-27 03:03:49.028903,0x433acb14,13.26,61.25,6.5,-86,1769511824,3,3
2026-01-27 03:03:53.019174,0x433b0098,13.22125,75.0,5.5,-61,1769511828,2,2
2026-01-27 03:06:41.539034,0x433abf20,13.255,76.25,6.0,-77,1769511997,3,3
2026-01-27 03:07:32.377959,0x433b0b38,13.245,65.0,5.75,-72,1769512047,5,5
2026-01-27 03:11:42.902940,0x433abf20,13.25875,68.75,5.75,-76,1769512298,3,3
2026-01-27 03:11:46.333765,0x433ad35c,13.2575,63.75,7.0,-54,1769512301,3,3
2026-01-27 03:12:31.026469,0x433b0b38,13.24125,61.25,5.75,-72,1769512346,5,5
2026-01-27 03:13:52.250291,0x433b0098,13.19125,116.25,6.0,-59,1769512427,2,2
2026-01-27 03:13:54.554307,0x433acb14,13.26,67.5,5.75,-86,1769512430,3,3
2026-01-27 03:16:43.784112,0x433abf20,13.25625,65.0,5.75,-76,1769512599,3,3
2026-01-27 03:17:32.288794,0x433b0b38,13.23625,73.75,5.75,-73,1769512647,5,5
2026-01-27 03:18:56.840056,0x433acb14,13.26125,66.25,5.75,-86,1769512732,3,3
2026-01-27 03:21:43.026594,0x433ad35c,13.23625,141.25,5.75,-54,1769512898,3,3
2026-01-27 03:21:47.895894,0x433abf20,13.2575,63.75,5.25,-76,1769512903,3,3
2026-01-27 03:22:33.553101,0x433b0b38,13.24125,63.75,6.0,-72,1769512949,5,5
2026-01-27 03:23:54.631943,0x433acb14,13.26125,66.25,6.25,-86,1769513030,3,3
2026-01-27 03:23:58.492236,0x433b0098,13.22,73.75,6.0,-60,1769513034,2,2
2026-01-27 03:26:46.413744,0x433abf20,13.2575,61.25,5.5,-77,1769513201,3,3
2026-01-27 03:27:35.596103,0x433b0b38,13.2425,60.0,5.75,-72,1769513251,5,5
2026-01-27 03:27:56.554431,0x433af380,13.20125,71.25,6.5,-38,1769513272,3,3
2026-01-27 03:28:58.887842,0x433acb14,13.255,76.25,6.0,-86,1769513334,3,3
2026-01-27 03:31:45.869241,0x433ad35c,13.255,72.5,7.5,-53,1769513501,3,3
2026-01-27 03:31:50.729881,0x433abf20,13.2575,61.25,5.5,-76,1769513506,3,3
2026-01-27 03:32:37.032826,0x433b0b38,13.2375,73.75,5.5,-72,1769513552,5,5
2026-01-27 03:33:56.999712,0x433b0098,13.2175,73.75,5.75,-61,1769513632,2,2
2026-01-27 03:34:00.085291,0x433acb14,13.26,62.5,6.0,-87,1769513635,3,3
2026-01-27 03:36:49.102479,0x433abf20,13.2575,67.5,5.75,-77,1769513804,3,3
2026-01-27 03:37:37.334617,0x433b0b38,13.24125,60.0,5.75,-72,1769513852,5,5
2026-01-27 03:38:58.179808,0x433acb14,13.26,68.75,6.0,-86,1769513933,3,3
2026-01-27 03:41:49.067664,0x433ad35c,13.2575,67.5,7.25,-54,1769514104,3,3
2026-01-27 03:41:52.079054,0x433abf20,13.25375,73.75,5.5,-76,1769514107,3,3
2026-01-27 03:42:38.586711,0x433b0b38,13.235,77.5,5.75,-72,1769514154,5,5
2026-01-27 03:43:58.361928,0x433b0098,13.22625,63.75,5.75,-60,1769514233,2,2
2026-01-27 03:44:02.129821,0x433acb14,13.26,66.25,5.25,-86,1769514237,3,3
2026-01-27 03:46:51.308708,0x433abf20,13.24375,87.5,5.75,-76,1769514406,3,3
2026-01-27 03:47:39.860067,0x433b0b38,13.24,57.5,5.5,-72,1769514455,5,5
2026-01-27 03:49:05.649686,0x433acb14,13.26,65.0,6.0,-86,1769514541,3,3
2026-01-27 03:51:51.611573,0x433abf20,13.255,65.0,5.25,-77,1769514707,3,3
2026-01-27 03:51:54.856365,0x433ad35c,13.255,60.0,6.0,-55,1769514710,3,3
2026-01-27 03:52:41.115838,0x433b0b38,13.24125,57.5,6.0,-72,1769514756,5,5
2026-01-27 03:54:01.100972,0x433b0098,13.21625,76.25,6.0,-61,1769514836,2,2
2026-01-27 03:54:05.027748,0x433acb14,13.25625,73.75,6.25,-86,1769514840,3,3
2026-01-27 03:56:54.509300,0x433abf20,13.25625,61.25,5.5,-77,1769515010,3,3
2026-01-27 03:57:48.663719,0x433b0b38,13.23875,58.75,5.75,-72,1769515064,5,5
2026-01-27 03:59:04.328670,0x433acb14,13.26,62.5,6.0,-86,1769515139,3,3
2026-01-26 07:02:03.332975,0x433abf20,13.26125,65.0,5.75,-76,1769439720,3,3
2026-01-26 07:02:07.822454,0x433b0b38,13.24,70.0,5.5,-75,1769439725,5,5
2026-01-26 07:03:26.790076,0x433acb14,13.27625,72.5,3.75,-88,1769439804,3,3
2026-01-26 07:06:20.052379,0x433ad35c,13.2625,88.75,6.75,-53,1769439977,3,3
2026-01-26 07:07:03.988271,0x433abf20,13.255,73.75,5.75,-76,1769440021,3,3
2026-01-26 07:07:13.504831,0x433b0b38,13.24375,62.5,4.0,-88,1769440030,5,4
2026-01-26 07:08:30.237155,0x433acb14,13.28,66.25,4.0,-88,1769440107,3,3
2026-01-26 07:09:13.432043,0x433b0098,13.235,63.75,6.25,-60,1769440150,2,2
2026-01-26 07:12:12.569267,0x433abf20,13.255,77.5,5.75,-76,1769440330,3,3
2026-01-26 07:12:17.687827,0x433b0b38,13.245,62.5,5.75,-76,1769440335,5,5
2026-01-26 07:13:30.198196,0x433acb14,13.28125,65.0,3.5,-87,1769440407,3,3
2026-01-26 07:16:23.209439,0x433ad35c,13.26125,78.75,6.25,-53,1769440580,3,3
2026-01-26 07:17:06.582353,0x433abf20,13.26,63.75,5.5,-76,1769440624,3,3
2026-01-26 07:17:15.329319,0x433b0b38,13.2475,76.25,6.0,-76,1769440632,5,5
2026-01-26 07:18:33.012805,0x433acb14,13.28125,63.75,4.25,-89,1769440710,3,3
2026-01-26 07:19:16.418614,0x433b0098,13.22625,70.0,7.0,-53,1769440753,2,1
2026-01-26 07:22:09.945805,0x433abf20,13.25875,61.25,5.5,-75,1769440927,3,3
2026-01-26 07:22:17.326001,0x433b0b38,13.2475,56.25,5.25,-76,1769440934,5,5
2026-01-26 07:23:32.995163,0x433acb14,13.28,65.0,4.5,-88,1769441010,3,3
2026-01-26 07:24:27.225544,0x433af380,13.20375,68.75,6.5,-38,1769441064,3,3
2026-01-26 07:26:25.738147,0x433ad35c,13.26125,76.25,6.5,-54,1769441183,3,3
2026-01-26 07:27:10.829157,0x433abf20,13.26,65.0,5.5,-76,1769441228,3,3
2026-01-26 07:27:15.873398,0x433b0b38,13.245,57.5,5.75,-76,1769441233,5,5
2026-01-26 07:28:35.089479,0x433acb14,13.2775,75.0,4.75,-86,1769441312,3,3
2026-01-26 07:29:17.364304,0x433b0098,13.23125,61.25,6.5,-59,1769441354,2,2
2026-01-26 07:32:12.522720,0x433abf20,13.2575,76.25,5.75,-75,1769441529,3,3
2026-01-26 07:32:15.437217,0x433b0b38,13.24125,68.75,5.5,-75,1769441532,5,5
2026-01-26 07:33:35.287219,0x433acb14,13.27875,63.75,4.0,-88,1769441612,3,3
2026-01-26 07:36:28.242329,0x433ad35c,13.2625,65.0,6.0,-54,1769441785,3,3
2026-01-26 07:37:11.367777,0x433abf20,13.255,73.75,5.5,-76,1769441828,3,3
2026-01-26 07:37:19.306169,0x433b0b38,13.24125,76.25,6.0,-75,1769441836,5,5
2026-01-26 07:38:36.025957,0x433acb14,13.28,65.0,5.5,-86,1769441913,3,3
2026-01-26 07:39:19.878177,0x433b0098,13.2275,71.25,5.75,-60,1769441957,2,2
2026-01-26 07:42:12.732115,0x433abf20,13.26,63.75,6.0,-75,1769442130,3,3
2026-01-26 07:42:17.957478,0x433b0b38,13.245,61.25,6.0,-76,1769442135,5,5
2026-01-26 07:43:37.332102,0x433acb14,13.27375,70.0,4.25,-87,1769442214,3,3
2026-01-26 07:46:34.043573,0x433ad35c,13.26375,86.25,6.0,-54,1769442391,3,3
2026-01-26 07:47:12.824359,0x433abf20,13.2525,78.75,6.0,-75,1769442430,3,3
2026-01-26 07:47:19.973862,0x433b0b38,13.24,73.75,5.75,-74,1769442437,5,5
2026-01-26 07:48:38.446033,0x433acb14,13.28125,67.5,4.5,-88,1769442515,3,3
2026-01-26 07:49:23.561565,0x433b0098,13.22625,72.5,7.25,-59,1769442560,2,2
2026-01-26 07:52:14.873030,0x433abf20,13.255,73.75,5.5,-76,1769442732,3,3
2026-01-26 07:52:21.114480,0x433b0b38,13.24125,72.5,5.5,-73,1769442738,5,5
2026-01-26 07:53:39.567846,0x433acb14,13.27875,62.5,4.5,-90,1769442816,3,3
2026-01-26 07:56:36.762500,0x433ad35c,13.2625,67.5,6.5,-53,1769442994,3,3
2026-01-26 07:57:14.996919,0x433abf20,13.2525,88.75,5.5,-77,1769443032,3,3
2026-01-26 07:57:22.653860,0x433b0b38,13.245,60.0,5.75,-73,1769443040,5,5
2026-01-26 07:58:44.519226,0x433acb14,13.27875,63.75,5.0,-89,1769443121,3,3
2026-01-26 07:59:25.160707,0x433b0098,13.22875,63.75,6.5,-60,1769443162,2,2
2026-01-25 19:59:10.437584,0x433b0b38,13.26125,63.75,5.75,-74,1769399948,5,5
2026-01-25 19:59:20.141528,0x433abf20,13.24875,123.75,6.0,-53,1769399958,3,2
2026-01-25 20:00:30.991199,0x433acb14,13.3125,66.25,3.0,-92,1769400029,3,3
2026-01-25 20:03:17.151668,0x433ad35c,13.27875,76.25,6.5,-53,1769400195,3,3
2026-01-25 20:04:14.332097,0x433b0b38,13.26125,57.5,6.0,-73,1769400252,5,5
2026-01-25 20:04:18.212187,0x433abf20,13.26375,76.25,6.0,-76,1769400256,3,3
2026-01-25 20:05:33.957212,0x433acb14,13.30875,80.0,3.25,-92,1769400332,3,3
2026-01-25 20:06:23.609000,0x433b0098,13.24625,61.25,6.0,-60,1769400382,2,2
2026-01-25 20:09:15.916773,0x433b0b38,13.26,63.75,5.5,-74,1769400554,5,5
2026-01-25 20:09:20.188500,0x433abf20,13.2675,65.0,6.25,-76,1769400558,3,3
2026-01-25 20:10:31.511104,0x433acb14,13.3125,68.75,3.75,-93,1769400630,3,3
2026-01-25 20:13:15.400824,0x433ad35c,13.2775,71.25,6.25,-54,1769400793,3,3
2026-01-25 20:14:17.236599,0x433b0b38,13.2575,66.25,5.75,-74,1769400855,5,5
2026-01-25 20:14:18.822625,0x433abf20,13.26875,62.5,5.75,-77,1769400857,3,3
2026-01-25 20:15:36.902045,0x433acb14,13.3125,65.0,3.75,-92,1769400935,3,3
2026-01-25 20:16:25.617812,0x433b0098,13.24875,65.0,6.25,-61,1769400984,2,2
2026-01-25 20:19:17.508998,0x433b0b38,13.255,73.75,6.0,-74,1769401156,5,5
2026-01-25 20:19:20.758560,0x433abf20,13.27,68.75,5.5,-76,1769401159,3,3
2026-01-25 20:20:34.820942,0x433acb14,13.31,65.0,4.0,-91,1769401233,3,3
2026-01-25 20:22:31.518543,0x433af380,13.21875,67.5,6.25,-38,1769401350,3,3
2026-01-25 20:23:18.124444,0x433ad35c,13.28125,70.0,6.25,-54,1769401396,3,3
2026-01-25 20:24:18.418614,0x433b0b38,13.25875,57.5,6.0,-73,1769401456,5,5
2026-01-25 20:24:22.559797,0x433abf20,13.2625,97.5,5.25,-77,1769401461,3,3
2026-01-25 20:25:39.841559,0x433acb14,13.30625,73.75,3.75,-92,1769401538,3,3
2026-01-25 20:26:27.162970,0x433b0098,13.24125,72.5,6.0,-60,1769401585,2,2
2026-01-25 20:29:19.409374,0x433b0b38,13.25375,70.0,5.5,-73,1769401757,5,5
2026-01-25 20:29:22.264732,0x433abf20,13.2675,62.5,6.0,-77,1769401760,3,3
2026-01-25 20:30:36.894224,0x433acb14,13.31,63.75,4.0,-91,1769401835,3,3
2026-01-25 20:33:21.352088,0x433ad35c,13.27875,66.25,5.75,-54,1769401999,3,3
2026-01-25 20:34:19.409564,0x433b0b38,13.26,58.75,6.25,-73,1769402057,5,5
2026-01-25 20:34:23.984779,0x433abf20,13.265,75.0,5.75,-76,1769402062,3,3
2026-01-25 20:35:38.160348,0x433acb14,13.30875,65.0,4.0,-93,1769402136,3,3
2026-01-25 20:36:30.518904,0x433b0098,13.25,58.75,6.0,-61,1769402188,2,2
2026-01-25 20:39:20.482479,0x433b0b38,13.2575,57.5,6.0,-74,1769402358,5,5
2026-01-25 20:39:25.866629,0x433abf20,13.265,73.75,5.25,-77,1769402364,3,3
2026-01-25 20:40:40.458705,0x433acb14,13.30875,61.25,3.5,-92,1769402438,3,3
2026-01-25 20:43:23.322502,0x433ad35c,13.27875,63.75,5.75,-53,1769402601,3,3
2026-01-25 20:44:21.745341,0x433b0b38,13.26,75.0,6.5,-74,1769402660,5,5
2026-01-25 20:44:26.895374,0x433abf20,13.2675,63.75,5.75,-77,1769402665,3,3
2026-01-25 20:45:42.767607,0x433acb14,13.31,65.0,4.0,-92,1769402741,3,3
2026-01-25 20:46:32.337777,0x433b0098,13.24375,66.25,6.0,-60,1769402790,2,2
2026-01-25 20:49:23.823677,0x433b0b38,13.2575,61.25,6.5,-73,1769402962,5,5
2026-01-25 20:49:29.013085,0x433abf20,13.265,77.5,5.5,-77,1769402967,3,3
2026-01-25 20:50:42.875154,0x433acb14,13.30875,63.75,3.75,-92,1769403041,3,3
2026-01-25 20:53:25.352801,0x433ad35c,13.27625,73.75,6.0,-53,1769403203,3,3
2026-01-25 20:54:30.008535,0x433abf20,13.245,152.5,5.5,-76,1769403268,3,3
2026-01-25 20:54:40.235340,0x433b0b38,13.26,62.5,5.75,-76,1769403278,5,4
2026-01-25 20:55:43.628997,0x433acb14,13.305,73.75,3.75,-92,1769403342,3,3
2026-01-25 20:56:34.980890,0x433b0098,13.2475,62.5,5.5,-61,1769403393,2,2
2026-01-27 11:00:59.344098,0x433acb14,13.26125,77.5,2.75,-93,1769540454,3,3
2026-01-27 11:03:41.695732,0x433abf20,13.255,63.75,5.25,-76,1769540616,3,3
2026-01-27 11:03:49.094154,0x433ad35c,13.26125,71.25,6.0,-53,1769540623,3,3
2026-01-27 11:04:38.491294,0x433b0b38,13.23625,63.75,6.0,-74,1769540673,5,5
2026-01-27 11:05:55.900915,0x433b0098,13.22375,62.5,6.0,-60,1769540750,2,2
2026-01-27 11:06:00.853120,0x433acb14,13.2675,67.5,2.75,-94,1769540755,3,3
2026-01-27 11:08:42.841956,0x433abf20,13.23625,126.25,5.75,-75,1769540917,3,3
2026-01-27 11:09:38.815466,0x433b0b38,13.23625,65.0,6.75,-74,1769540973,5,5
2026-01-27 11:11:00.937461,0x433acb14,13.2675,63.75,2.0,-95,1769541055,3,3
2026-01-27 11:13:52.336397,0x433ad35c,13.26625,65.0,6.5,-53,1769541227,3,3
2026-01-27 11:14:39.993121,0x433b0b38,13.23,71.25,6.5,-74,1769541274,5,5
2026-01-27 11:15:57.314808,0x433b0098,13.225,63.75,6.25,-61,1769541352,2,2
2026-01-27 11:16:03.927202,0x433acb14,13.2675,62.5,2.5,-94,1769541358,3,3
2026-01-27 11:18:43.662171,0x433abf20,13.25375,75.0,5.75,-75,1769541518,3,3
2026-01-27 11:19:40.902521,0x433b0b38,13.235,60.0,6.25,-75,1769541575,5,5
2026-01-27 11:21:04.110751,0x433acb14,13.2625,61.25,-1.25,-98,1769541658,3,3
2026-01-27 11:23:45.464602,0x433abf20,13.2525,73.75,6.0,-75,1769541820,3,3
2026-01-27 11:23:55.803552,0x433ad35c,13.26625,60.0,7.25,-54,1769541830,3,3
2026-01-27 11:24:42.401569,0x433b0b38,13.21,123.75,6.75,-74,1769541877,5,5
2026-01-27 11:25:58.847309,0x433b0098,13.22,73.75,6.25,-61,1769541953,2,2
2026-01-27 11:26:09.777696,0x433acb14,13.265,72.5,1.25,-96,1769541964,3,3
2026-01-27 11:28:47.139238,0x433abf20,13.2575,63.75,5.25,-75,1769542121,3,3
2026-01-27 11:29:25.849843,0x433af380,13.20125,71.25,6.25,-38,1769542160,3,3
2026-01-27 11:29:44.310507,0x433b0b38,13.235,60.0,6.0,-73,1769542179,5,5
2026-01-27 11:31:07.564889,0x433acb14,13.2725,65.0,4.0,-88,1769542262,3,3
2026-01-27 11:33:47.706431,0x433abf20,13.25875,63.75,5.75,-76,1769542422,3,3
2026-01-27 11:33:57.654280,0x433ad35c,13.265,75.0,6.0,-53,1769542432,3,3
2026-01-27 11:34:44.889905,0x433b0b38,13.23625,65.0,5.5,-72,1769542479,5,5
2026-01-27 11:36:01.131901,0x433b0098,13.22,71.25,6.0,-62,1769542555,2,2
2026-01-27 11:36:09.770511,0x433acb14,13.27125,65.0,1.75,-95,1769542564,3,3
2026-01-27 11:38:50.380424,0x433abf20,13.235,133.75,5.5,-75,1769542725,3,3
2026-01-27 11:39:46.026705,0x433b0b38,13.2375,62.5,5.75,-72,1769542780,5,5
2026-01-27 11:41:09.985745,0x433acb14,13.27,61.25,0.75,-96,1769542864,3,3
2026-01-27 11:43:50.868647,0x433abf20,13.25625,76.25,5.75,-75,1769543025,3,3
2026-01-27 11:44:00.512469,0x433ad35c,13.26625,75.0,6.75,-53,1769543035,3,3
2026-01-27 11:44:47.183208,0x433b0b38,13.22375,82.5,6.0,-72,1769543081,5,5
2026-01-27 11:46:04.219933,0x433b0098,13.2225,72.5,5.75,-66,1769543158,2,2
2026-01-27 11:46:12.282852,0x433acb14,13.27125,60.0,3.5,-92,1769543167,3,3
2026-01-27 11:48:51.405259,0x433abf20,13.26125,62.5,5.5,-75,1769543326,3,3
2026-01-27 11:49:48.439324,0x433b0b38,13.235,72.5,5.75,-73,1769543383,5,5
2026-01-27 11:51:12.446655,0x433acb14,13.26875,72.5,-4.75,-98,1769543467,3,3
2026-01-27 11:53:52.535084,0x433abf20,13.2575,75.0,6.25,-77,1769543627,3,3
2026-01-27 11:54:04.183147,0x433ad35c,13.27,63.75,6.0,-54,1769543638,3,3
2026-01-27 11:54:49.815494,0x433b0b38,13.23125,71.25,6.75,-73,1769543684,5,5
2026-01-27 11:56:06.381458,0x433b0098,13.23125,60.0,6.25,-62,1769543761,2,2
2026-01-27 11:56:13.243758,0x433acb14,13.2725,61.25,-4.0,-102,1769543767,3,3
2026-01-27 11:58:54.734352,0x433abf20,13.2625,61.25,6.0,-77,1769543929,3,3
2026-01-27 11:59:50.977918,0x433b0b38,13.235,73.75,5.75,-72,1769543985,5,5
2026-01-27 14:01:47.516614,0x433acb14,13.27375,76.25,5.75,-86,1769551302,3,3
2026-01-27 14:04:26.562659,0x433abf20,13.27625,62.5,5.75,-76,1769551461,3,3
2026-01-27 14:04:36.552970,0x433ad35c,13.2825,58.75,7.5,-53,1769551471,3,3
2026-01-27 14:05:24.656229,0x433b0b38,13.25,73.75,6.0,-72,1769551519,5,5
2026-01-27 14:06:42.510311,0x433b0098,13.23625,67.5,5.75,-62,1769551597,2,2
2026-01-27 14:06:48.936335,0x433acb14,13.2775,75.0,4.25,-89,1769551603,3,3
2026-01-27 14:09:28.075493,0x433abf20,13.27375,75.0,5.5,-75,1769551762,3,3
2026-01-27 14:10:25.379107,0x433b0b38,13.24875,71.25,6.5,-72,1769551819,5,5
2026-01-27 14:11:48.939665,0x433acb14,13.2825,65.0,4.0,-90,1769551903,3,3
2026-01-27 14:14:29.592415,0x433abf20,13.27625,65.0,6.25,-75,1769552064,3,3
2026-01-27 14:14:39.508268,0x433ad35c,13.28,71.25,6.5,-53,1769552074,3,3
2026-01-27 14:15:28.189999,0x433b0b38,13.255,58.75,6.75,-70,1769552122,5,5
2026-01-27 14:16:41.541808,0x433b0098,13.24,73.75,6.25,-62,1769552196,2,2
2026-01-27 14:16:51.153017,0x433acb14,13.28,61.25,2.0,-95,1769552205,3,3
2026-01-27 14:19:31.769520,0x433abf20,13.2675,90.0,5.5,-76,1769552366,3,3
2026-01-27 14:20:28.149501,0x433b0b38,13.25625,61.25,6.0,-72,1769552422,5,5
2026-01-27 14:21:51.570932,0x433acb14,13.27625,86.25,2.5,-95,1769552506,3,3
2026-01-27 14:24:33.431490,0x433abf20,13.2775,65.0,4.25,-75,1769552667,3,3
2026-01-27 14:24:43.381057,0x433ad35c,13.2825,80.0,6.0,-54,1769552677,3,3
2026-01-27 14:25:29.442240,0x433b0b38,13.25375,75.0,4.0,-72,1769552723,5,5
2026-01-27 14:26:45.862938,0x433b0098,13.24625,60.0,6.25,-62,1769552800,2,2
2026-01-27 14:26:53.177565,0x433acb14,13.27875,78.75,-10.5,-93,1769552807,3,3
2026-01-27 14:29:32.885591,0x433abf20,13.2775,60.0,4.25,-75,1769552967,3,3
2026-01-27 14:29:56.153841,0x433af380,13.21625,68.75,6.75,-38,1769552990,3,3
2026-01-27 14:30:31.301425,0x433b0b38,13.25375,67.5,4.0,-72,1769553025,5,5
2026-01-27 14:31:54.281925,0x433acb14,13.2775,78.75,3.25,-93,1769553108,3,3
2026-01-27 14:34:34.612390,0x433abf20,13.2725,73.75,7.0,-77,1769553269,3,3
2026-01-27 14:34:46.635615,0x433ad35c,13.285,60.0,7.0,-53,1769553281,3,3
2026-01-27 14:35:31.628239,0x433b0b38,13.25625,62.5,6.25,-72,1769553326,5,5
2026-01-27 14:36:48.045094,0x433b0098,13.2475,61.25,6.25,-61,1769553402,2,2
2026-01-27 14:37:01.335470,0x433acb14,13.28,61.25,2.5,-94,1769553415,3,3
2026-01-27 14:39:35.350516,0x433abf20,13.27625,62.5,5.5,-77,1769553569,3,3
2026-01-27 14:40:33.843647,0x433b0b38,13.24375,80.0,5.75,-73,1769553628,5,5
2026-01-27 14:41:59.566476,0x433acb14,13.27875,62.5,4.0,-92,1769553714,3,3
2026-01-27 14:44:36.362964,0x433abf20,13.2775,63.75,5.5,-77,1769553870,3,3
2026-01-27 14:44:47.552103,0x433ad35c,13.28375,65.0,6.25,-53,1769553882,3,3
2026-01-27 14:45:34.482310,0x433b0b38,13.255,62.5,5.75,-71,1769553928,5,5
2026-01-27 14:46:50.757431,0x433b0098,13.2475,62.5,6.0,-62,1769554005,2,2
2026-01-27 14:47:00.257746,0x433acb14,13.2775,77.5,3.0,-92,1769554014,3,3
2026-01-27 14:49:38.276936,0x433abf20,13.27625,88.75,5.75,-76,1769554172,3,3
2026-01-27 14:50:35.563169,0x433b0b38,13.25875,63.75,5.75,-73,1769554230,5,5
2026-01-27 14:52:07.925693,0x433acb14,13.28,66.25,2.5,-93,1769554322,3,3
2026-01-27 14:54:39.436754,0x433abf20,13.27375,72.5,5.5,-76,1769554473,3,3
2026-01-27 14:54:50.848281,0x433ad35c,13.28625,63.75,6.0,-53,1769554485,3,3
2026-01-27 14:55:37.150747,0x433b0b38,13.25875,63.75,6.0,-73,1769554531,5,5
2026-01-27 14:56:53.038336,0x433b0098,13.24875,61.25,6.0,-61,1769554607,2,2
2026-01-27 14:57:03.472854,0x433acb14,13.27625,76.25,3.5,-90,1769554617,3,3
2026-01-27 14:59:40.546044,0x433abf20,13.2775,65.0,5.5,-75,1769554774,3,3
2026-01-27 15:00:37.757103,0x433b0b38,13.25375,72.5,5.75,-72,1769554832,5,5
2026-01-27 04:01:53.814091,0x433abf20,13.25,86.25,5.0,-76,1769515309,3,3
2026-01-27 04:01:56.976668,0x433ad35c,13.255,62.5,6.5,-54,1769515312,3,3
2026-01-27 04:02:44.152737,0x433b0b38,13.235,75.0,5.75,-72,1769515359,5,5
2026-01-27 04:04:03.861998,0x433b0098,13.22125,61.25,6.0,-60,1769515439,2,2
2026-01-27 04:04:07.799408,0x433acb14,13.25625,78.75,6.0,-86,1769515443,3,3
2026-01-27 04:06:55.955734,0x433abf20,13.25375,73.75,5.75,-76,1769515611,3,3
2026-01-27 04:07:46.305336,0x433b0b38,13.2375,75.0,5.5,-72,1769515661,5,5
2026-01-27 04:09:08.945056,0x433acb14,13.26125,67.5,5.5,-86,1769515744,3,3
2026-01-27 04:11:55.714986,0x433abf20,13.25625,62.5,5.75,-76,1769515911,3,3
2026-01-27 04:11:59.620907,0x433ad35c,13.25625,63.75,6.0,-54,1769515915,3,3
2026-01-27 04:12:46.697949,0x433b0b38,13.23875,65.0,5.75,-72,1769515962,5,5
2026-01-27 04:14:06.781076,0x433b0098,13.215,73.75,7.0,-61,1769516042,2,2
2026-01-27 04:14:09.866518,0x433acb14,13.26,67.5,5.5,-85,1769516045,3,3
2026-01-27 04:16:57.329136,0x433abf20,13.2525,71.25,5.5,-76,1769516212,3,3
2026-01-27 04:17:48.755555,0x433b0b38,13.24125,65.0,5.75,-73,1769516264,5,5
2026-01-27 04:19:11.772704,0x433acb14,13.25875,62.5,6.0,-87,1769516347,3,3
2026-01-27 04:21:57.741565,0x433abf20,13.2575,61.25,5.5,-76,1769516513,3,3
2026-01-27 04:22:01.097771,0x433ad35c,13.25625,65.0,5.75,-55,1769516516,3,3
2026-01-27 04:22:49.282010,0x433b0b38,13.23375,75.0,5.75,-72,1769516564,5,5
2026-01-27 04:24:10.226419,0x433b0098,13.21625,71.25,7.0,-60,1769516645,2,2
2026-01-27 04:24:12.562909,0x433acb14,13.235,127.5,5.75,-86,1769516648,3,3
2026-01-27 04:26:59.282240,0x433abf20,13.255,68.75,6.5,-76,1769516814,3,3
2026-01-27 04:27:50.543599,0x433b0b38,13.23875,60.0,5.75,-72,1769516865,5,5
2026-01-27 04:28:04.849860,0x433af380,13.18,80.0,6.25,-38,1769516880,3,3
2026-01-27 04:29:14.579175,0x433acb14,13.25375,86.25,5.5,-86,1769516950,3,3
2026-01-27 04:32:00.612528,0x433abf20,13.255,62.5,5.5,-77,1769517116,3,3
2026-01-27 04:32:03.583334,0x433ad35c,13.235,146.25,6.25,-55,1769517119,3,3
2026-01-27 04:32:53.692957,0x433b0b38,13.23875,62.5,6.0,-72,1769517169,5,5
2026-01-27 04:34:10.056019,0x433b0098,13.22375,62.5,6.75,-60,1769517245,2,2
2026-01-27 04:34:16.437513,0x433acb14,13.26,63.75,5.75,-86,1769517251,3,3
2026-01-27 04:37:00.812990,0x433abf20,13.25625,63.75,5.5,-76,1769517416,3,3
2026-01-27 04:37:54.030098,0x433b0b38,13.24125,65.0,5.75,-72,1769517469,5,5
2026-01-27 04:39:16.881613,0x433acb14,13.25875,68.75,6.0,-86,1769517552,3,3
2026-01-27 04:42:02.606563,0x433abf20,13.255,62.5,5.75,-76,1769517718,3,3
2026-01-27 04:42:05.822505,0x433ad35c,13.25375,65.0,6.25,-55,1769517721,3,3
2026-01-27 04:42:55.249627,0x433b0b38,13.23375,70.0,6.0,-72,1769517770,5,5
2026-01-27 04:44:13.780096,0x433b0098,13.22125,60.0,7.0,-60,1769517849,2,2
2026-01-27 04:44:20.553441,0x433acb14,13.255,76.25,5.25,-86,1769517855,3,3
2026-01-27 04:47:03.006531,0x433abf20,13.255,60.0,5.25,-76,1769518018,3,3
2026-01-27 04:47:55.678095,0x433b0b38,13.23625,71.25,5.75,-71,1769518071,5,5
2026-01-27 04:49:20.939699,0x433acb14,13.26,66.25,5.75,-86,1769518156,3,3
2026-01-27 04:52:03.816798,0x433abf20,13.25625,62.5,5.75,-76,1769518319,3,3
2026-01-27 04:52:11.735590,0x433ad35c,13.255,65.0,6.5,-54,1769518327,3,3
2026-01-27 04:52:57.678036,0x433b0b38,13.2375,63.75,6.0,-73,1769518373,5,5
2026-01-27 04:54:16.797653,0x433b0098,13.22,62.5,5.0,-60,1769518452,2,2
2026-01-27 04:54:24.255445,0x433acb14,13.25625,75.0,5.75,-86,1769518459,3,3
2026-01-27 04:57:04.550482,0x433abf20,13.25,72.5,5.5,-76,1769518619,3,3
2026-01-27 04:57:58.186175,0x433b0b38,13.23875,65.0,6.0,-72,1769518673,5,5
2026-01-27 04:59:25.985898,0x433acb14,13.26,66.25,3.25,-54,1769518761,3,2
2026-01-27 09:03:05.317380,0x433abf20,13.25,62.5,7.25,-73,1769533380,3,3
2026-01-27 09:03:16.830475,0x433ad35c,13.2475,65.0,6.0,-55,1769533391,3,3
2026-01-27 09:04:04.945682,0x433b0b38,13.22625,71.25,5.75,-73,1769533439,5,5
2026-01-27 09:05:20.062471,0x433b0098,13.2075,73.75,6.25,-58,1769533515,2,2
2026-01-27 09:05:28.640111,0x433acb14,13.25375,63.75,4.0,-91,1769533523,3,3
2026-01-27 09:08:07.744527,0x433abf20,13.24625,77.5,6.0,-74,1769533682,3,3
2026-01-27 09:09:05.265493,0x433b0b38,13.23,58.75,5.5,-73,1769533740,5,5
2026-01-27 09:10:31.105845,0x433acb14,13.25375,61.25,5.0,-90,1769533826,3,3
2026-01-27 09:13:09.248292,0x433abf20,13.25,66.25,6.75,-74,1769533984,3,3
2026-01-27 09:13:22.341104,0x433ad35c,13.25,65.0,6.25,-54,1769533997,3,3
2026-01-27 09:14:08.036163,0x433b0b38,13.2325,63.75,5.5,-73,1769534043,5,5
2026-01-27 09:15:23.022279,0x433b0098,13.2125,62.5,6.25,-60,1769534118,2,2
2026-01-27 09:15:31.592702,0x433acb14,13.25,73.75,3.25,-92,1769534126,3,3
2026-01-27 09:18:10.131262,0x433abf20,13.25,61.25,5.75,-75,1769534285,3,3
2026-01-27 09:19:08.784388,0x433b0b38,13.225,71.25,5.0,-73,1769534343,5,5
2026-01-27 09:20:32.214599,0x433acb14,13.25125,82.5,3.75,-92,1769534427,3,3
2026-01-27 09:23:14.290912,0x433abf20,13.24625,75.0,6.0,-74,1769534589,3,3
2026-01-27 09:23:22.556042,0x433ad35c,13.24625,73.75,5.5,-53,1769534597,3,3
2026-01-27 09:24:09.038715,0x433b0b38,13.23125,65.0,5.5,-74,1769534644,5,5
2026-01-27 09:25:25.033347,0x433b0098,13.2125,63.75,6.25,-59,1769534720,2,2
2026-01-27 09:25:34.377629,0x433acb14,13.25375,77.5,3.75,-92,1769534729,3,3
2026-01-27 09:28:14.352352,0x433abf20,13.25,65.0,6.0,-74,1769534889,3,3
2026-01-27 09:29:08.240212,0x433af380,13.1625,85.0,6.0,-40,1769534943,3,3
2026-01-27 09:29:16.535076,0x433b0b38,13.20375,120.0,6.0,-73,1769534951,5,5
2026-01-27 09:30:41.673985,0x433acb14,13.25625,62.5,3.75,-93,1769535036,3,3
2026-01-27 09:33:15.217047,0x433abf20,13.25,61.25,5.75,-75,1769535190,3,3
2026-01-27 09:33:25.531287,0x433ad35c,13.25,76.25,6.25,-54,1769535200,3,3
2026-01-27 09:34:13.669499,0x433b0b38,13.23,60.0,0.5,-73,1769535248,5,5
2026-01-27 09:35:28.730237,0x433b0098,13.21,75.0,6.25,-59,1769535323,2,2
2026-01-27 09:35:36.769854,0x433acb14,13.25625,66.25,1.5,-95,1769535331,3,3
2026-01-27 09:38:15.715604,0x433abf20,13.24875,61.25,6.0,-75,1769535490,3,3
2026-01-27 09:39:12.338103,0x433b0b38,13.23125,63.75,6.0,-74,1769535547,5,5
2026-01-27 09:40:37.623086,0x433acb14,13.25375,76.25,3.5,-92,1769535632,3,3
2026-01-27 09:43:16.659775,0x433abf20,13.25125,62.5,7.0,-75,1769535791,3,3
2026-01-27 09:43:28.367880,0x433ad35c,13.24875,71.25,6.0,-53,1769535803,3,3
2026-01-27 09:44:16.506430,0x433b0b38,13.2325,63.75,5.75,-74,1769535851,5,5
2026-01-27 09:45:30.806195,0x433b0098,13.215,68.75,6.5,-60,1769535925,2,2
2026-01-27 09:45:39.597725,0x433acb14,13.2525,77.5,2.5,-91,1769535934,3,3
2026-01-27 09:48:17.924998,0x433abf20,13.245,75.0,5.75,-74,1769536092,3,3
2026-01-27 09:49:18.666175,0x433b0b38,13.22625,72.5,6.5,-73,1769536153,5,5
2026-01-27 09:50:41.795733,0x433acb14,13.26,63.75,0.25,-96,1769536236,3,3
2026-01-27 09:53:23.856363,0x433abf20,13.25125,62.5,3.0,-93,1769536398,3,2
2026-01-27 09:53:31.286021,0x433ad35c,13.25125,63.75,6.0,-54,1769536406,3,3
2026-01-27 09:54:17.594687,0x433b0b38,13.22625,72.5,6.75,-73,1769536452,5,5
2026-01-27 09:55:32.936178,0x433b0098,13.21625,63.75,6.25,-59,1769536527,2,2
2026-01-27 09:55:43.584419,0x433acb14,13.25625,63.75,5.0,-89,1769536538,3,3
2026-01-27 09:58:20.214671,0x433abf20,13.24625,75.0,6.0,-75,1769536695,3,3
2026-01-27 09:59:19.826112,0x433b0b38,13.22625,75.0,5.75,-73,1769536754,5,5
2026-01-27 02:01:21.281566,0x433ad35c,13.2575,75.0,7.5,-54,1769508076,3,3
2026-01-27 02:01:27.677099,0x433abf20,13.26,60.0,5.25,-76,1769508083,3,3
2026-01-27 02:02:13.293365,0x433b0b38,13.24,73.75,5.5,-73,1769508128,5,5
2026-01-27 02:03:31.741844,0x433acb14,13.26375,66.25,6.0,-86,1769508207,3,3
2026-01-27 02:03:36.889193,0x433b0098,13.19,131.25,5.75,-60,1769508212,2,2
2026-01-27 02:06:28.578067,0x433abf20,13.25875,66.25,5.5,-76,1769508384,3,3
2026-01-27 02:07:13.473213,0x433b0b38,13.23625,57.5,5.75,-73,1769508429,5,5
2026-01-27 02:08:37.510032,0x433acb14,13.2575,68.75,6.25,-86,1769508513,3,3
2026-01-27 02:11:24.856771,0x433ad35c,13.26,67.5,7.75,-54,1769508680,3,3
2026-01-27 02:11:30.565952,0x433abf20,13.25875,65.0,5.25,-76,1769508686,3,3
2026-01-27 02:12:15.573404,0x433b0b38,13.24125,73.75,6.0,-73,1769508731,5,5
2026-01-27 02:13:34.598678,0x433acb14,13.2575,78.75,5.25,-87,1769508810,3,3
2026-01-27 02:13:38.643647,0x433b0098,13.2225,70.0,6.0,-60,1769508814,2,2
2026-01-27 02:16:30.019311,0x433abf20,13.25875,62.5,6.0,-76,1769508985,3,3
2026-01-27 02:17:16.006234,0x433b0b38,13.23875,70.0,5.5,-72,1769509031,5,5
2026-01-27 02:18:35.822023,0x433acb14,13.26125,65.0,5.5,-85,1769509111,3,3
2026-01-27 02:21:27.907237,0x433ad35c,13.25875,65.0,7.5,-54,1769509283,3,3
2026-01-27 02:21:32.073213,0x433abf20,13.2575,76.25,5.0,-77,1769509287,3,3
2026-01-27 02:22:17.259182,0x433b0b38,13.23875,73.75,5.5,-72,1769509332,5,5
2026-01-27 02:23:38.167645,0x433acb14,13.2625,67.5,5.75,-87,1769509413,3,3
2026-01-27 02:23:40.709256,0x433b0098,13.22375,73.75,5.75,-61,1769509416,2,2
2026-01-27 02:26:33.620931,0x433abf20,13.2575,76.25,5.5,-76,1769509589,3,3
2026-01-27 02:27:19.315448,0x433b0b38,13.245,65.0,5.5,-72,1769509634,5,5
2026-01-27 02:27:46.070466,0x433af380,13.18375,78.75,6.25,-39,1769509661,3,3
2026-01-27 02:28:39.347242,0x433acb14,13.2625,68.75,5.75,-86,1769509714,3,3
2026-01-27 02:31:29.266596,0x433ad35c,13.26,66.25,7.25,-53,1769509884,3,3
2026-01-27 02:31:33.084872,0x433abf20,13.25625,75.0,5.75,-76,1769509888,3,3
2026-01-27 02:32:20.534404,0x433b0b38,13.24,73.75,5.5,-72,1769509936,5,5
2026-01-27 02:33:42.283723,0x433acb14,13.2625,63.75,6.0,-87,1769510017,3,3
2026-01-27 02:33:44.775769,0x433b0098,13.22375,62.5,6.0,-61,1769510020,2,2
2026-01-27 02:36:34.266171,0x433abf20,13.255,73.75,5.75,-76,1769510189,3,3
2026-01-27 02:37:21.909087,0x433b0b38,13.24625,63.75,5.75,-73,1769510237,5,5
2026-01-27 02:38:41.594336,0x433acb14,13.26375,67.5,6.25,-86,1769510317,3,3
2026-01-27 02:41:32.134245,0x433ad35c,13.255,71.25,6.75,-54,1769510487,3,3
2026-01-27 02:41:35.462046,0x433abf20,13.23875,122.5,5.5,-76,1769510491,3,3
2026-01-27 02:42:22.313349,0x433b0b38,13.23875,75.0,5.75,-72,1769510537,5,5
2026-01-27 02:43:43.000306,0x433acb14,13.26,63.75,5.75,-86,1769510618,3,3
2026-01-27 02:43:46.204695,0x433b0098,13.2275,63.75,5.5,-60,1769510621,2,2
2026-01-27 02:46:36.671392,0x433abf20,13.2575,67.5,5.5,-76,1769510792,3,3
2026-01-27 02:47:24.220978,0x433b0b38,13.2425,63.75,5.75,-72,1769510839,5,5
2026-01-27 02:48:46.068415,0x433acb14,13.26125,66.25,6.25,-86,1769510921,3,3
2026-01-27 02:51:34.350191,0x433ad35c,13.255,75.0,7.5,-54,1769511089,3,3
2026-01-27 02:51:37.497076,0x433abf20,13.23875,125.0,5.5,-76,1769511093,3,3
2026-01-27 02:52:26.924176,0x433b0b38,13.245,66.25,5.75,-72,1769511142,5,5
2026-01-27 02:53:45.088925,0x433acb14,13.235,142.5,6.0,-87,1769511220,3,3
2026-01-27 02:53:47.405606,0x433b0098,13.2275,61.25,6.25,-59,1769511222,2,2
2026-01-27 02:56:39.005647,0x433abf20,13.2575,62.5,5.75,-76,1769511394,3,3
2026-01-27 02:57:29.719664,0x433b0b38,13.24375,58.75,6.0,-73,1769511445,5,5
2026-01-27 02:58:46.389338,0x433acb14,13.26125,65.0,6.0,-87,1769511521,3,3
2026-01-26 18:00:04.865137,0x433b0b38,13.27,73.75,5.5,-72,1769479201,5,5
2026-01-26 18:01:21.420438,0x433acb14,13.2975,66.25,3.5,-91,1769479277,3,3
2026-01-26 18:01:38.685803,0x433b0098,13.265,60.0,6.0,-61,1769479295,2,2
2026-01-26 18:04:24.849715,0x433abf20,13.27875,62.5,5.25,-76,1769479461,3,3
2026-01-26 18:05:08.558829,0x433b0b38,13.27,60.0,5.75,-73,1769479504,5,5
2026-01-26 18:06:22.431220,0x433acb14,13.29625,65.0,3.75,-91,1769479578,3,3
2026-01-26 18:09:20.164167,0x433ad35c,13.285,77.5,6.75,-54,1769479756,3,3
2026-01-26 18:09:26.611506,0x433abf20,13.27875,66.25,5.5,-77,1769479762,3,3
2026-01-26 18:10:10.712711,0x433b0b38,13.26625,72.5,5.5,-73,1769479807,5,5
2026-01-26 18:11:23.730310,0x433acb14,13.29375,63.75,3.75,-92,1769479880,3,3
2026-01-26 18:11:39.845837,0x433b0098,13.25875,63.75,6.25,-62,1769479896,2,2
2026-01-26 18:14:27.895103,0x433abf20,13.27875,65.0,6.0,-75,1769480064,3,3
2026-01-26 18:15:09.133496,0x433b0b38,13.27,63.75,5.5,-73,1769480105,5,5
2026-01-26 18:16:26.424277,0x433acb14,13.29375,61.25,3.25,-91,1769480182,3,3
2026-01-26 18:19:23.970766,0x433ad35c,13.2825,76.25,5.75,-52,1769480360,3,3
2026-01-26 18:19:30.309857,0x433abf20,13.275,75.0,5.75,-75,1769480366,3,2
2026-01-26 18:20:10.151068,0x433b0b38,13.2725,65.0,6.0,-73,1769480406,5,5
2026-01-26 18:21:26.404393,0x433acb14,13.295,66.25,3.5,-89,1769480482,3,3
2026-01-26 18:21:42.103602,0x433b0098,13.26,70.0,6.25,-62,1769480498,2,2
2026-01-26 18:24:30.450277,0x433abf20,13.275,75.0,5.75,-76,1769480666,3,3
2026-01-26 18:25:12.161483,0x433b0b38,13.2625,73.75,5.75,-72,1769480708,5,5
2026-01-26 18:26:19.494472,0x433af380,13.23875,68.75,6.25,-39,1769480775,3,3
2026-01-26 18:26:29.536516,0x433acb14,13.29375,65.0,3.5,-90,1769480785,3,3
2026-01-26 18:29:24.666108,0x433ad35c,13.2875,66.25,6.0,-53,1769480961,3,3
2026-01-26 18:29:31.717364,0x433abf20,13.2725,72.5,5.75,-75,1769480968,3,3
2026-01-26 18:30:13.521900,0x433b0b38,13.26375,76.25,6.25,-73,1769481009,5,5
2026-01-26 18:31:31.133540,0x433acb14,13.2925,63.75,3.25,-91,1769481087,3,3
2026-01-26 18:31:43.832094,0x433b0098,13.2625,63.75,5.75,-62,1769481100,2,2
2026-01-26 18:34:32.971106,0x433abf20,13.27375,76.25,5.5,-75,1769481269,3,3
2026-01-26 18:35:14.093590,0x433b0b38,13.27125,62.5,6.0,-73,1769481310,5,5
2026-01-26 18:36:32.140475,0x433acb14,13.2925,63.75,3.25,-92,1769481388,3,3
2026-01-26 18:39:31.928371,0x433ad35c,13.285,77.5,5.75,-52,1769481568,3,3
2026-01-26 18:39:35.083911,0x433abf20,13.27625,61.25,5.5,-76,1769481571,3,3
2026-01-26 18:40:16.312768,0x433b0b38,13.27,63.75,5.75,-73,1769481612,5,5
2026-01-26 18:41:33.600038,0x433acb14,13.28875,75.0,3.75,-91,1769481689,3,3
2026-01-26 18:41:46.716736,0x433b0098,13.25625,75.0,6.0,-60,1769481703,2,2
2026-01-26 18:44:37.269126,0x433abf20,13.275,62.5,5.5,-76,1769481873,3,3
2026-01-26 18:45:17.540232,0x433b0b38,13.27,65.0,6.0,-73,1769481913,5,5
2026-01-26 18:46:44.013106,0x433acb14,13.2875,72.5,6.0,-75,1769482000,3,2
2026-01-26 18:49:32.257746,0x433ad35c,13.28375,76.25,6.25,-53,1769482168,3,3
2026-01-26 18:49:37.278523,0x433abf20,13.27375,73.75,5.75,-76,1769482173,3,3
2026-01-26 18:50:17.893985,0x433b0b38,13.2675,63.75,5.0,-73,1769482214,5,5
2026-01-26 18:51:36.702507,0x433acb14,13.2875,77.5,3.75,-91,1769482293,3,3
2026-01-26 18:51:48.677742,0x433b0098,13.2625,61.25,6.0,-60,1769482305,2,2
2026-01-26 18:54:44.260368,0x433abf20,13.26875,97.5,4.0,-91,1769482480,3,1
2026-01-26 18:55:21.462643,0x433b0b38,13.265,75.0,6.0,-73,1769482517,5,5
2026-01-26 18:56:44.106764,0x433acb14,13.28875,63.75,3.75,-91,1769482600,3,3
2026-01-26 18:59:33.882757,0x433ad35c,13.285,65.0,5.75,-53,1769482770,3,3
2026-01-26 18:59:47.851697,0x433abf20,13.27875,61.25,5.5,-76,1769482784,3,3
2026-01-26 08:59:41.088833,0x433b0098,13.2225,70.0,6.0,-61,1769446778,2,2
2026-01-26 09:02:25.847801,0x433abf20,13.25875,62.5,6.0,-76,1769446943,3,3
2026-01-26 09:02:39.145985,0x433b0b38,13.245,61.25,5.75,-74,1769446956,5,5
2026-01-26 09:03:59.859756,0x433acb14,13.27875,66.25,3.5,-92,1769447037,3,3
2026-01-26 09:06:52.533392,0x433ad35c,13.2625,63.75,7.0,-53,1769447209,3,3
2026-01-26 09:07:27.758516,0x433abf20,13.25375,76.25,5.5,-76,1769447245,3,3
2026-01-26 09:07:40.437660,0x433b0b38,13.2375,72.5,5.5,-74,1769447257,5,5
2026-01-26 09:09:00.144964,0x433acb14,13.27625,75.0,2.75,-93,1769447337,3,3
2026-01-26 09:09:43.665379,0x433b0098,13.22375,71.25,6.25,-61,1769447380,2,2
2026-01-26 09:12:28.455285,0x433abf20,13.25125,76.25,5.25,-77,1769447545,3,3
2026-01-26 09:12:41.448848,0x433b0b38,13.24,76.25,5.75,-74,1769447558,5,5
2026-01-26 09:14:02.940986,0x433acb14,13.27375,77.5,3.0,-94,1769447640,3,3
2026-01-26 09:16:54.390868,0x433ad35c,13.26375,67.5,6.25,-53,1769447811,3,3
2026-01-26 09:17:29.091621,0x433abf20,13.2575,61.25,5.5,-77,1769447846,3,3
2026-01-26 09:17:42.707465,0x433b0b38,13.24,75.0,5.5,-75,1769447860,5,5
2026-01-26 09:19:03.982529,0x433acb14,13.28,61.25,3.75,-92,1769447941,3,3
2026-01-26 09:19:47.431294,0x433b0098,13.22375,71.25,5.5,-61,1769447984,2,2
2026-01-26 09:22:30.979773,0x433abf20,13.255,76.25,6.0,-76,1769448148,3,3
2026-01-26 09:22:43.354869,0x433b0b38,13.24125,60.0,5.75,-75,1769448160,5,5
2026-01-26 09:24:04.923933,0x433acb14,13.27875,62.5,3.0,-93,1769448242,3,3
2026-01-26 09:24:48.535660,0x433af380,13.1875,70.0,6.0,-39,1769448285,3,3
2026-01-26 09:26:57.947221,0x433ad35c,13.26,75.0,7.5,-54,1769448415,3,3
2026-01-26 09:27:31.393621,0x433abf20,13.25,75.0,5.75,-76,1769448448,3,3
2026-01-26 09:27:49.636889,0x433b0b38,13.23625,73.75,6.0,-75,1769448466,5,5
2026-01-26 09:29:06.096893,0x433acb14,13.27375,71.25,2.5,-94,1769448543,3,3
2026-01-26 09:29:47.867031,0x433b0098,13.23,77.5,6.0,-61,1769448585,2,2
2026-01-26 09:32:34.919309,0x433abf20,13.25375,73.75,6.0,-76,1769448752,3,3
2026-01-26 09:32:48.688374,0x433b0b38,13.24125,58.75,6.0,-75,1769448765,5,5
2026-01-26 09:34:07.180369,0x433acb14,13.27625,76.25,2.5,-94,1769448844,3,3
2026-01-26 09:37:01.220875,0x433ad35c,13.26125,75.0,6.25,-53,1769449018,3,3
2026-01-26 09:37:34.537916,0x433abf20,13.255,76.25,5.5,-76,1769449051,3,3
2026-01-26 09:37:48.912300,0x433b0b38,13.2375,75.0,5.5,-74,1769449066,5,5
2026-01-26 09:39:10.843820,0x433acb14,13.27875,65.0,,-97,1769449148,3,3
2026-01-26 09:39:54.198521,0x433b0098,13.225,73.75,6.25,-61,1769449191,2,2
2026-01-26 09:42:35.810664,0x433abf20,13.25625,61.25,5.75,-76,1769449353,3,3
2026-01-26 09:42:49.956563,0x433b0b38,13.2375,70.0,6.25,-74,1769449367,5,5
2026-01-26 09:44:09.161104,0x433acb14,13.2775,73.75,,-97,1769449446,3,3
2026-01-26 09:47:04.690454,0x433ad35c,13.265,65.0,6.5,-54,1769449621,3,3
2026-01-26 09:47:35.655051,0x433abf20,13.255,75.0,5.25,-77,1769449652,3,3
2026-01-26 09:47:56.890328,0x433b0b38,13.24375,63.75,1.75,-95,1769449674,5,4
2026-01-26 09:49:11.301875,0x433acb14,13.27625,78.75,2.25,-94,1769449748,3,3
2026-01-26 09:49:55.374023,0x433b0098,13.2275,73.75,5.75,-61,1769449792,2,2
2026-01-26 09:52:37.056492,0x433abf20,13.255,76.25,6.5,-76,1769449954,3,3
2026-01-26 09:52:51.512068,0x433b0b38,13.2375,73.75,5.75,-74,1769449968,5,5
2026-01-26 09:57:06.451017,0x433ad35c,13.2675,63.75,6.0,-54,1769450223,3,3
2026-01-26 09:57:37.676758,0x433abf20,13.25625,57.5,5.25,-76,1769450254,3,3
2026-01-26 09:57:54.299560,0x433b0b38,13.23625,70.0,7.0,-74,1769450271,5,5
2026-01-26 09:59:13.993282,0x433acb14,13.2775,76.25,0.75,-96,1769450351,3,3
2026-01-25 14:01:38.751237,0x433ad35c,13.28,62.5,5.75,-56,,3,3
2026-01-25 14:02:37.496785,0x433b0b38,13.255,60.0,6.0,-72,,5,5
2026-01-25 14:02:49.595712,0x433abf20,13.28625,62.5,5.25,-80,,3,3
2026-01-25 14:07:38.008618,0x433b0b38,13.25625,60.0,5.75,-70,1769378857,5,5
2026-01-25 14:07:48.274404,0x433aad0c,12.67125,61.25,6.25,-76,1769378867,3,3
2026-01-25 14:07:51.462774,0x433abf20,13.285,66.25,5.75,-77,1769378870,3,3
2026-01-25 14:11:40.712620,0x433ad35c,13.27875,72.5,7.0,-53,1769379099,3,3
2026-01-25 14:12:41.617702,0x433b0b38,13.255,58.75,5.0,-70,1769379160,5,5
2026-01-25 14:12:52.040659,0x433abf20,13.28125,72.5,5.75,-76,1769379171,3,3
2026-01-25 14:17:47.681553,0x433aad0c,12.6625,61.25,5.25,-77,1769379466,3,3
2026-01-25 14:17:50.641533,0x433b0b38,13.25625,61.25,5.75,-70,1769379469,5,5
2026-01-25 14:17:52.862162,0x433abf20,13.28125,71.25,5.5,-77,1769379471,3,3
2026-01-25 14:21:36.321045,0x433af380,13.2175,73.75,6.25,-39,1769379695,3,3
2026-01-25 14:21:40.838798,0x433ad35c,13.2825,65.0,7.0,-54,1769379699,3,3
2026-01-25 14:22:42.983211,0x433b0b38,13.25625,62.5,6.5,-71,1769379762,5,5
2026-01-25 14:22:50.799489,0x433abf20,13.28375,66.25,6.0,-75,1769379769,3,3
2026-01-25 14:23:38.880666,0x433acb14,13.365,63.75,3.25,-94,1769379817,3,3
2026-01-25 14:24:02.909771,0x433acb14,13.36125,72.5,2.0,-95,1769379841,3,3
2026-01-25 14:27:45.838418,0x433b0b38,13.255,75.0,5.5,-70,1769380064,5,5
2026-01-25 14:27:50.275291,0x433aad0c,12.65375,73.75,6.25,-69,1769380069,3,2
2026-01-25 14:27:53.865509,0x433abf20,13.28375,63.75,5.5,-76,1769380072,3,3
2026-01-25 14:29:03.484818,0x433acb14,13.35875,70.0,0.25,-97,1769380142,3,3
2026-01-25 14:31:43.966076,0x433ad35c,13.2825,60.0,7.5,-55,1769380303,3,3
2026-01-25 14:32:45.880169,0x433b0b38,13.25125,70.0,6.25,-71,1769380364,5,5
2026-01-25 14:32:53.400287,0x433abf20,13.28375,66.25,5.75,-76,1769380372,3,3
2026-01-25 14:34:03.958160,0x433acb14,13.35875,65.0,2.25,-94,1769380443,3,3
2026-01-25 14:37:46.902848,0x433b0b38,13.26,65.0,6.0,-72,1769380665,5,5
2026-01-25 14:37:50.203602,0x433aad0c,12.6475,63.75,6.25,-76,1769380669,3,3
2026-01-25 14:37:52.841349,0x433abf20,13.26125,126.25,5.5,-76,1769380671,3,3
2026-01-25 14:39:04.123696,0x433acb14,13.35375,77.5,1.5,-95,1769380743,3,3
2026-01-25 14:41:48.252823,0x433ad35c,13.28,71.25,6.0,-54,1769380907,3,3
2026-01-25 14:42:48.517346,0x433b0b38,13.25625,75.0,6.0,-70,1769380967,5,5
2026-01-25 14:42:54.417237,0x433abf20,13.2775,76.25,5.5,-76,1769380973,3,3
2026-01-25 14:44:04.652106,0x433acb14,13.35625,65.0,1.25,-96,1769381043,3,3
2026-01-25 14:47:52.024973,0x433b0b38,13.255,71.25,6.75,-74,1769381271,5,5
2026-01-25 14:47:54.387257,0x433aad0c,12.6375,71.25,5.5,-77,1769381273,3,3
2026-01-25 14:47:56.185693,0x433abf20,13.28,65.0,5.5,-76,1769381275,3,3
2026-01-25 14:49:05.844665,0x433acb14,13.35,71.25,1.0,-97,1769381344,3,3
2026-01-25 14:51:49.954132,0x433ad35c,13.28375,65.0,7.25,-54,1769381508,3,3
2026-01-25 14:52:55.092149,0x433b0b38,13.25375,82.5,6.75,-74,1769381574,5,5
2026-01-25 14:52:59.488056,0x433abf20,13.27,68.75,5.5,-76,1769381578,3,3
2026-01-25 14:54:05.525164,0x433acb14,13.35375,60.0,1.0,-96,1769381644,3,3
2026-01-25 14:54:43.037905,0x433b0098,13.32875,63.75,6.0,-64,1769381682,2,2
2026-01-25 14:55:28.823311,0x433b0098,13.3225,73.75,6.5,-63,1769381727,2,2
2026-01-25 14:57:52.778376,0x433aad0c,12.6325,63.75,6.5,-76,1769381871,3,3
2026-01-25 14:57:56.900668,0x433b0b38,13.255,70.0,6.25,-73,1769381875,5,5
2026-01-25 14:58:02.948485,0x433abf20,13.26875,78.75,5.75,-76,1769381881,3,3
2026-01-26 05:01:33.252949,0x433b0b38,13.24375,76.25,5.75,-74,1769432490,5,5
2026-01-26 05:01:36.633179,0x433abf20,13.25875,61.25,5.5,-77,1769432494,3,3
2026-01-26 05:02:58.801427,0x433acb14,13.27875,73.75,3.25,-91,1769432576,3,3
2026-01-26 05:05:45.151827,0x433ad35c,13.26375,61.25,6.0,-53,1769432742,3,3
2026-01-26 05:06:34.497944,0x433b0b38,13.2475,66.25,6.25,-74,1769432792,5,5
2026-01-26 05:06:37.762889,0x433abf20,13.26125,63.75,5.25,-76,1769432795,3,3
2026-01-26 05:07:56.562252,0x433acb14,13.28375,62.5,3.75,-90,1769432874,3,3
2026-01-26 05:08:43.961729,0x433b0098,13.23625,63.75,6.5,-60,1769432921,2,2
2026-01-26 05:11:36.554513,0x433b0b38,13.2475,63.75,6.25,-74,1769433094,5,5
2026-01-26 05:11:39.788632,0x433abf20,13.25125,71.25,5.5,-76,1769433097,3,3
2026-01-26 05:12:59.499423,0x433acb14,13.2825,61.25,4.0,-91,1769433177,3,3
2026-01-26 05:15:47.750193,0x433ad35c,13.2675,66.25,6.25,-54,1769433345,3,3
2026-01-26 05:16:37.020611,0x433b0b38,13.24875,61.25,5.75,-74,1769433394,5,5
2026-01-26 05:16:42.225177,0x433abf20,13.25875,62.5,5.75,-76,1769433399,3,3
2026-01-26 05:18:00.594989,0x433acb14,13.28375,65.0,3.75,-90,1769433478,3,3
2026-01-26 05:18:46.775998,0x433b0098,13.2275,73.75,6.0,-60,1769433524,2,2
2026-01-26 05:21:41.380437,0x433b0b38,13.25,62.5,5.25,-74,1769433699,5,5
2026-01-26 05:21:43.704190,0x433abf20,13.25625,72.5,6.0,-76,1769433701,3,3
2026-01-26 05:23:00.412102,0x433acb14,13.285,60.0,4.5,-90,1769433778,3,3
2026-01-26 05:24:07.087406,0x433af380,13.20375,70.0,6.25,-39,1769433844,3,3
2026-01-26 05:25:53.688549,0x433ad35c,13.26375,71.25,6.0,-53,1769433951,3,3
2026-01-26 05:26:42.858179,0x433b0b38,13.24625,63.75,6.5,-73,1769434000,5,5
2026-01-26 05:26:45.314443,0x433abf20,13.2575,65.0,5.25,-76,1769434002,3,3
2026-01-26 05:28:01.839389,0x433acb14,13.28,71.25,4.25,-90,1769434079,3,3
2026-01-26 05:28:47.916529,0x433b0098,13.19625,133.75,6.5,-60,1769434125,2,2
2026-01-26 05:31:44.170283,0x433b0b38,13.245,63.75,6.0,-75,1769434301,5,5
2026-01-26 05:31:47.474663,0x433abf20,13.25625,73.75,5.5,-76,1769434305,3,3
2026-01-26 05:33:04.065738,0x433acb14,13.28375,65.0,4.75,-89,1769434381,3,3
2026-01-26 05:35:54.189488,0x433ad35c,13.2625,77.5,5.75,-53,1769434551,3,3
2026-01-26 05:36:43.617173,0x433b0b38,13.24375,71.25,6.0,-74,1769434601,5,5
2026-01-26 05:36:49.006465,0x433abf20,13.255,72.5,5.25,-76,1769434606,3,3
2026-01-26 05:38:04.367427,0x433acb14,13.285,63.75,4.0,-91,1769434681,3,3
2026-01-26 05:38:50.453426,0x433b0098,13.195,128.75,6.0,-59,1769434728,2,2
2026-01-26 05:41:45.062246,0x433b0b38,13.24875,63.75,5.5,-74,1769434902,5,5
2026-01-26 05:41:49.948217,0x433abf20,13.2575,72.5,5.25,-76,1769434907,3,3
2026-01-26 05:43:05.660032,0x433acb14,13.2775,71.25,3.75,-91,1769434983,3,3
2026-01-26 05:45:57.897756,0x433ad35c,13.26625,75.0,6.0,-53,1769435155,3,3
2026-01-26 05:46:47.347739,0x433b0b38,13.22375,123.75,5.5,-74,1769435204,5,5
2026-01-26 05:46:50.453014,0x433abf20,13.25875,63.75,6.0,-76,1769435208,3,3
2026-01-26 05:48:07.148370,0x433acb14,13.28125,65.0,4.25,-90,1769435284,3,3
2026-01-26 05:48:56.479420,0x433b0098,13.22875,67.5,7.75,-60,1769435334,2,2
2026-01-26 05:51:47.442983,0x433abf20,13.26,63.75,5.5,-77,1769435505,3,3
2026-01-26 05:51:51.618708,0x433b0b38,13.2425,73.75,6.0,-74,1769435509,5,5
2026-01-26 05:53:08.196537,0x433acb14,13.28,76.25,4.0,-90,1769435585,3,3
2026-01-26 05:56:01.714983,0x433ad35c,13.265,66.25,6.0,-53,1769435759,3,3
2026-01-26 05:56:48.712091,0x433abf20,13.25625,76.25,5.25,-76,1769435806,3,3
2026-01-26 05:56:51.692302,0x433b0b38,13.23625,70.0,6.5,-74,1769435809,5,5
2026-01-26 05:58:09.472414,0x433acb14,13.2775,75.0,3.25,-92,1769435887,3,3
2026-01-26 05:58:57.620408,0x433b0098,13.23375,62.5,6.75,-61,1769435935,2,2
2026-01-25 16:59:36.684770,0x433acb14,13.32875,67.5,3.0,-93,1769389175,3,3
2026-01-25 17:02:28.918611,0x433ad35c,13.28625,66.25,7.0,-54,1769389347,3,3
2026-01-25 17:03:26.226799,0x433b0b38,13.26625,58.75,1.5,-74,1769389405,5,5
2026-01-25 17:03:29.737962,0x433abf20,13.27625,65.0,5.5,-76,1769389408,3,3
2026-01-25 17:04:37.527144,0x433acb14,13.32625,75.0,2.5,-95,1769389476,3,3
2026-01-25 17:05:42.932757,0x433b0098,13.2525,73.75,5.75,-60,1769389541,2,2
2026-01-25 17:07:56.461693,0x433aad0c,12.3625,66.25,6.0,-76,1769389675,3,3
2026-01-25 17:08:25.212314,0x433b0b38,13.25375,100.0,6.25,-74,1769389704,5,5
2026-01-25 17:08:31.838117,0x433abf20,13.275,67.5,5.5,-76,1769389710,3,3
2026-01-25 17:09:38.112463,0x433acb14,13.3275,73.75,3.25,-93,1769389776,3,3
2026-01-25 17:12:28.013520,0x433ad35c,13.28375,75.0,6.0,-53,1769389946,3,3
2026-01-25 17:13:30.386953,0x433b0b38,13.26625,61.25,5.25,-74,1769390009,5,5
2026-01-25 17:13:32.967820,0x433abf20,13.2725,60.0,5.25,-76,1769390011,3,3
2026-01-25 17:14:39.426557,0x433acb14,13.33,66.25,3.0,-93,1769390078,3,3
2026-01-25 17:15:45.407257,0x433b0098,13.25875,62.5,6.25,-61,1769390144,2,2
2026-01-25 17:17:57.133147,0x433aad0c,12.3175,82.5,5.0,-76,1769390275,3,3
2026-01-25 17:18:32.978102,0x433abf20,13.27375,60.0,5.25,-77,1769390311,3,3
2026-01-25 17:18:36.194001,0x433b0b38,13.26,76.25,6.25,-73,1769390315,5,5
2026-01-25 17:19:42.427328,0x433acb14,13.32875,60.0,3.25,-93,1769390381,3,3
2026-01-25 17:21:54.915207,0x433af380,13.1975,85.0,6.5,-38,1769390513,3,3
2026-01-25 17:22:30.773010,0x433ad35c,13.28625,66.25,6.5,-54,1769390549,3,3
2026-01-25 17:23:31.162085,0x433b0b38,13.2625,63.75,6.25,-73,1769390610,5,5
2026-01-25 17:23:33.417060,0x433abf20,13.27375,63.75,5.75,-76,1769390612,3,3
2026-01-25 17:24:44.901227,0x433acb14,13.3275,62.5,2.5,-94,1769390683,3,3
2026-01-25 17:25:46.301450,0x433b0098,13.2475,81.25,6.0,-61,1769390745,2,2
2026-01-25 17:27:58.207631,0x433aad0c,12.26875,81.25,5.25,-76,1769390877,3,3
2026-01-25 17:28:31.419041,0x433b0b38,13.26375,63.75,5.25,-74,1769390910,5,5
2026-01-25 17:28:34.396788,0x433abf20,13.2675,81.25,5.5,-77,1769390913,3,3
2026-01-25 17:29:44.610076,0x433acb14,13.32875,67.5,3.25,-93,1769390983,3,3
2026-01-25 17:32:30.969467,0x433ad35c,13.2875,65.0,7.5,-54,1769391149,3,3
2026-01-25 17:33:32.034163,0x433b0b38,13.26,71.25,6.5,-73,1769391210,5,5
2026-01-25 17:33:36.107914,0x433abf20,13.27,72.5,5.5,-77,1769391214,3,3
2026-01-25 17:34:45.729584,0x433acb14,13.3225,72.5,3.25,-92,1769391284,3,3
2026-01-25 17:35:49.325350,0x433b0098,13.25125,75.0,6.5,-60,1769391348,2,2
2026-01-25 17:38:34.794308,0x433b0b38,13.265,65.0,6.0,-73,1769391513,5,5
2026-01-25 17:38:37.174711,0x433abf20,13.2725,67.5,5.75,-77,1769391515,3,3
2026-01-25 17:39:46.364010,0x433acb14,13.3225,68.75,3.5,-92,1769391585,3,3
2026-01-25 17:42:35.217101,0x433ad35c,13.28625,65.0,6.75,-53,1769391753,3,3
2026-01-25 17:43:36.613852,0x433b0b38,13.25875,73.75,6.25,-74,1769391815,5,5
2026-01-25 17:43:38.950510,0x433abf20,13.27375,61.25,5.75,-76,1769391817,3,3
2026-01-25 17:44:48.675431,0x433acb14,13.32375,76.25,3.0,-92,1769391887,3,3
2026-01-25 17:45:51.698415,0x433b0098,13.25625,66.25,6.0,-60,1769391950,2,2
2026-01-25 17:48:36.896976,0x433b0b38,13.26375,66.25,6.25,-73,1769392115,5,5
2026-01-25 17:48:41.319897,0x433abf20,13.27125,66.25,5.75,-77,1769392120,3,3
2026-01-25 17:49:49.812548,0x433acb14,13.32375,75.0,3.0,-93,1769392188,3,3
2026-01-25 17:52:37.959154,0x433ad35c,13.2825,72.5,6.0,-53,1769392356,3,3
2026-01-25 17:53:37.122265,0x433b0b38,13.26125,65.0,5.5,-74,1769392415,5,5
2026-01-25 17:53:41.713986,0x433abf20,13.2725,63.75,6.0,-76,1769392420,3,3
2026-01-25 17:54:50.887129,0x433acb14,13.32375,61.25,2.75,-93,1769392489,3,3
2026-01-25 17:55:53.764957,0x433b0098,13.25,76.25,6.25,-61,1769392552,2,2
2026-01-25 17:58:41.952231,0x433b0b38,13.2625,58.75,6.0,-74,1769392720,5,5
2026-01-25 17:58:45.041431,0x433abf20,13.26875,75.0,5.5,-76,1769392723,3,3
2026-01-27 07:02:37.353057,0x433abf20,13.2525,67.5,5.25,-75,1769526152,3,3
2026-01-27 07:02:45.824953,0x433ad35c,13.2475,61.25,6.0,-55,1769526161,3,3
2026-01-27 07:03:31.052251,0x433b0b38,13.23375,63.75,5.75,-71,1769526206,5,5
2026-01-27 07:04:49.184108,0x433b0098,13.20875,75.0,7.0,-59,1769526284,2,2
2026-01-27 07:04:56.827747,0x433acb14,13.2525,75.0,5.0,-86,1769526292,3,3
2026-01-27 07:07:37.483256,0x433abf20,13.24875,72.5,5.75,-75,1769526452,3,3
2026-01-27 07:08:33.030315,0x433b0b38,13.23,67.5,5.5,-71,1769526508,5,5
2026-01-27 07:10:02.941628,0x433acb14,13.25375,65.0,5.25,-85,1769526598,3,3
2026-01-27 07:12:38.677293,0x433abf20,13.2525,62.5,6.25,-74,1769526753,3,3
2026-01-27 07:12:48.051740,0x433ad35c,13.25125,62.5,6.75,-56,1769526763,3,3
2026-01-27 07:13:33.360367,0x433b0b38,13.2325,62.5,5.75,-72,1769526808,5,5
2026-01-27 07:14:51.349755,0x433b0098,13.21375,63.75,7.0,-60,1769526886,2,2
2026-01-27 07:14:59.889647,0x433acb14,13.23125,131.25,4.75,-85,1769526895,3,3
2026-01-27 07:17:39.164195,0x433abf20,13.25125,61.25,5.5,-75,1769527054,3,3
2026-01-27 07:18:42.317526,0x433b0b38,13.235,61.25,5.75,-72,1769527117,5,5
2026-01-27 07:20:01.236633,0x433acb14,13.25125,71.25,4.5,-86,1769527196,3,3
2026-01-27 07:22:40.296738,0x433abf20,13.2525,65.0,7.0,-73,1769527355,3,3
2026-01-27 07:22:50.267608,0x433ad35c,13.2475,76.25,6.75,-54,1769527365,3,3
2026-01-27 07:23:38.233735,0x433b0b38,13.235,61.25,6.0,-72,1769527413,5,5
2026-01-27 07:24:53.209442,0x433b0098,13.20875,75.0,6.75,-60,1769527488,2,2
2026-01-27 07:25:01.702776,0x433acb14,13.25375,63.75,5.75,-86,1769527496,3,3
2026-01-27 07:27:44.038428,0x433abf20,13.24875,75.0,6.25,-74,1769527659,3,3
2026-01-27 07:28:37.917770,0x433b0b38,13.23375,62.5,5.5,-72,1769527713,5,5
2026-01-27 07:28:46.632777,0x433af380,13.18875,72.5,6.25,-39,1769527721,3,3
2026-01-27 07:30:03.787065,0x433acb14,13.25125,77.5,4.25,-85,1769527798,3,3
2026-01-27 07:32:43.434697,0x433abf20,13.25,76.25,6.0,-75,1769527958,3,3
2026-01-27 07:32:53.669754,0x433ad35c,13.24875,62.5,6.0,-55,1769527968,3,3
2026-01-27 07:33:40.233243,0x433b0b38,13.2325,62.5,5.75,-70,1769528015,5,5
2026-01-27 07:34:56.532001,0x433b0098,13.2125,63.75,6.5,-59,1769528091,2,2
2026-01-27 07:35:04.221477,0x433acb14,13.25,77.5,4.75,-86,1769528099,3,3
2026-01-27 07:37:47.543045,0x433abf20,13.2525,66.25,5.5,-76,1769528262,3,3
2026-01-27 07:38:41.615383,0x433b0b38,13.22875,71.25,6.0,-71,1769528316,5,5
2026-01-27 07:40:05.480984,0x433acb14,13.25375,66.25,5.0,-86,1769528400,3,3
2026-01-27 07:42:47.033427,0x433abf20,13.24875,91.25,5.75,-75,1769528562,3,3
2026-01-27 07:42:55.368118,0x433ad35c,13.24875,65.0,6.25,-55,1769528570,3,3
2026-01-27 07:43:43.405650,0x433b0b38,13.2325,57.5,6.0,-73,1769528618,5,5
2026-01-27 07:44:59.229328,0x433b0098,13.2075,71.25,6.0,-60,1769528694,2,2
2026-01-27 07:45:06.751566,0x433acb14,13.25625,66.25,6.25,-86,1769528701,3,3
2026-01-27 07:47:51.036496,0x433abf20,13.2475,73.75,6.0,-74,1769528866,3,3
2026-01-27 07:48:43.267921,0x433b0b38,13.235,63.75,6.0,-70,1769528918,5,5
2026-01-27 07:50:08.850043,0x433acb14,13.25375,65.0,5.25,-85,1769529003,3,3
2026-01-27 07:52:48.364616,0x433abf20,13.25,62.5,5.75,-75,1769529163,3,3
2026-01-27 07:52:59.360749,0x433ad35c,13.2475,62.5,6.25,-55,1769529174,3,3
2026-01-27 07:53:44.684580,0x433b0b38,13.23,71.25,6.0,-70,1769529219,5,5
2026-01-27 07:55:02.024876,0x433b0098,13.2125,68.75,7.25,-60,1769529297,2,2
2026-01-27 07:55:12.222939,0x433acb14,13.25375,61.25,5.75,-85,1769529307,3,3
2026-01-27 07:57:49.610805,0x433abf20,13.2325,125.0,6.0,-75,1769529464,3,3
2026-01-27 07:58:45.790744,0x433b0b38,13.2325,60.0,5.25,-70,1769529520,5,5
2026-01-27 08:00:11.605858,0x433acb14,13.22875,128.75,6.25,-86,1769529606,3,3
2026-01-27 10:00:43.634920,0x433acb14,13.25375,75.0,1.75,-96,1769536838,3,3
2026-01-27 10:03:22.366627,0x433abf20,13.25,62.5,5.75,-76,1769536997,3,3
2026-01-27 10:03:33.528877,0x433ad35c,13.25125,76.25,6.25,-54,1769537008,3,3
2026-01-27 10:04:21.314309,0x433b0b38,13.22875,75.0,5.25,-74,1769537056,5,5
2026-01-27 10:05:35.806761,0x433b0098,13.21625,62.5,5.75,-61,1769537130,2,2
2026-01-27 10:05:46.935534,0x433acb14,13.26,66.25,0.75,-97,1769537141,3,3
2026-01-27 10:08:25.033842,0x433abf20,13.2475,75.0,5.75,-75,1769537299,3,3
2026-01-27 10:09:27.433435,0x433b0b38,13.2275,70.0,6.5,-73,1769537362,5,5
2026-01-27 10:10:46.319725,0x433acb14,13.26,63.75,3.25,-93,1769537441,3,3
2026-01-27 10:13:29.759860,0x433abf20,13.2425,98.75,5.75,-76,1769537604,3,3
2026-01-27 10:13:35.697683,0x433ad35c,13.25375,63.75,6.5,-53,1769537610,3,3
2026-01-27 10:14:24.241216,0x433b0b38,13.23,63.75,6.0,-73,1769537659,5,5
2026-01-27 10:15:39.507151,0x433b0098,13.21,73.75,7.0,-60,1769537734,2,2
2026-01-27 10:15:48.048171,0x433acb14,13.26125,66.25,0.5,-96,1769537742,3,3
2026-01-27 10:18:26.854351,0x433abf20,13.25125,61.25,5.75,-75,1769537901,3,3
2026-01-27 10:19:26.345697,0x433b0b38,13.2275,76.25,5.75,-73,1769537961,5,5
2026-01-27 10:20:47.910412,0x433acb14,13.2575,76.25,1.25,-95,1769538042,3,3
2026-01-27 10:23:30.354363,0x433abf20,13.25125,63.75,6.0,-74,1769538205,3,3
2026-01-27 10:23:38.005748,0x433ad35c,13.25375,72.5,6.0,-55,1769538212,3,3
2026-01-27 10:24:26.466642,0x433b0b38,13.22625,73.75,6.0,-73,1769538261,5,5
2026-01-27 10:25:43.140318,0x433b0098,13.21,75.0,6.0,-61,1769538338,2,2
2026-01-27 10:25:55.678556,0x433acb14,13.25875,72.5,3.25,-53,1769538350,3,2
2026-01-27 10:28:30.662980,0x433abf20,13.255,63.75,5.75,-75,1769538505,3,3
2026-01-27 10:29:18.635472,0x433af380,13.18125,72.5,6.0,-40,1769538553,3,3
2026-01-27 10:29:28.055055,0x433b0b38,13.22875,71.25,6.0,-73,1769538562,5,5
2026-01-27 10:30:54.930429,0x433acb14,13.2625,63.75,1.75,-96,1769538649,3,3
2026-01-27 10:33:33.714185,0x433abf20,13.2525,61.25,5.5,-75,1769538808,3,3
2026-01-27 10:33:41.421666,0x433ad35c,13.2575,63.75,6.25,-54,1769538816,3,3
2026-01-27 10:34:29.643260,0x433b0b38,13.22,95.0,6.25,-74,1769538864,5,5
2026-01-27 10:35:43.666258,0x433b0098,13.21125,75.0,5.75,-60,1769538938,2,2
2026-01-27 10:35:53.333001,0x433acb14,13.26125,75.0,2.25,-94,1769538948,3,3
2026-01-27 10:38:35.998335,0x433abf20,13.25,73.75,5.5,-76,1769539110,3,3
2026-01-27 10:39:32.133400,0x433b0b38,13.235,65.0,6.0,-74,1769539167,5,5
2026-01-27 10:40:53.338939,0x433acb14,13.2625,60.0,1.0,-97,1769539248,3,3
2026-01-27 10:43:37.656513,0x433abf20,13.255,63.75,5.25,-76,1769539412,3,3
2026-01-27 10:43:43.933742,0x433ad35c,13.26,61.25,6.25,-54,1769539418,3,3
2026-01-27 10:44:31.767609,0x433b0b38,13.20625,117.5,6.5,-74,1769539466,5,5
2026-01-27 10:45:46.522859,0x433b0098,13.21375,71.25,6.0,-62,1769539541,2,2
2026-01-27 10:45:54.599399,0x433acb14,13.26375,65.0,2.0,-95,1769539549,3,3
2026-01-27 10:48:38.663450,0x433abf20,13.235,125.0,4.0,-92,1769539713,3,2
2026-01-27 10:49:34.004002,0x433b0b38,13.2275,68.75,6.25,-73,1769539768,5,5
2026-01-27 10:50:58.876501,0x433acb14,13.26625,63.75,3.75,-92,1769539853,3,3
2026-01-27 10:53:39.148865,0x433abf20,13.255,66.25,5.5,-76,1769540013,3,3
2026-01-27 10:53:46.786627,0x433ad35c,13.2625,62.5,5.75,-53,1769540021,3,3
2026-01-27 10:54:33.925526,0x433b0b38,13.23375,58.75,6.0,-74,1769540068,5,5
2026-01-27 10:55:49.012726,0x433b0098,13.2175,73.75,5.75,-62,1769540143,2,2
2026-01-27 10:55:58.208011,0x433acb14,13.26375,68.75,2.0,-95,1769540153,3,3
2026-01-27 10:58:40.255130,0x433abf20,13.25625,61.25,5.75,-75,1769540315,3,3
2026-01-27 10:59:36.381431,0x433b0b38,13.2325,58.75,5.5,-73,1769540371,5,5
