datetime,fromNode,temperature,relativeHumidity,barometricPressure,gasResistance,iaq,windDirection,windSpeed,rxSnr,rxRssi,rxTime,hopStart,hopLimit
2026-01-22 22:01:01.798328,0x433acb14,28.651957,29.044405,1012.1016,296.91492,131,,,6.5,-11,,3,3
2026-01-22 22:01:10.040406,0x433b0b38,28.607397,30.174786,1011.71216,168.42105,190,,,6.0,-3,,5,5
2026-01-22 22:01:11.970548,0x433ad35c,28.4427,29.904222,1012.08795,147.73726,165,,,6.0,-30,,3,3
2026-01-22 22:01:28.315971,0x433aad0c,29.241749,27.386469,1012.08246,173.57512,199,,,5.75,-37,,3,3
2026-01-22 22:02:01.997019,0x433acb14,28.644625,29.080784,1012.1264,292.7238,132,,,7.5,-11,,3,3
2026-01-22 22:02:10.061461,0x433b0b38,28.620441,30.17706,1011.7375,167.2656,190,,,6.5,-3,,5,5
2026-01-22 22:03:01.686865,0x433acb14,28.719215,28.94772,1012.16644,295.32925,131,,,7.0,-11,,3,3
2026-01-22 22:03:09.992091,0x433b0b38,28.638441,30.160803,1011.7718,167.59412,190,,,6.0,-3,,5,5
2026-01-22 22:04:01.956001,0x433acb14,28.627201,29.050732,1012.1681,296.11993,131,,,7.0,-11,,3,3
2026-01-22 22:04:10.146956,0x433b0b38,28.650505,30.085888,1011.79535,168.25502,190,,,5.75,-3,,5,5
2026-01-22 22:04:12.153451,0x433ad35c,28.369871,30.175028,1012.1554,143.57387,167,,,6.25,-28,,3,3
2026-01-22 22:04:27.942164,0x433aad0c,29.247068,27.370659,1012.14453,174.11644,198,,,7.0,-38,,3,3
2026-01-22 22:05:01.964070,0x433acb14,28.627201,29.106838,1012.1784,295.59235,132,,,6.0,-12,,3,3
2026-01-22 22:05:10.176056,0x433b0b38,28.650959,30.100983,1011.8054,167.2656,191,,,6.0,-4,,5,5
2026-01-22 22:06:01.798092,0x433acb14,28.609098,29.042065,1012.18933,295.06662,132,,,6.25,-11,,3,3
2026-01-22 22:06:09.857270,0x433b0b38,28.617758,30.270008,1011.81036,165.32127,191,,,6.0,-4,,5,5
2026-01-22 22:07:01.790051,0x433acb14,28.591034,29.075653,1012.1795,291.18243,132,,,6.0,-12,,3,3
2026-01-22 22:07:10.155718,0x433b0b38,28.682114,30.026081,1011.79944,167.59412,190,,,5.75,-3,,5,5
2026-01-22 22:07:15.422365,0x433ad35c,28.550648,29.74768,1012.30023,147.21979,165,,,6.25,-37,,3,2
2026-01-22 22:07:27.948005,0x433aad0c,29.247068,27.399836,1012.1789,173.75517,198,,,6.25,-37,,3,3
2026-01-22 22:08:01.968662,0x433acb14,29.214733,28.183825,1013.37714,293.24118,132,,,6.0,-12,,3,3
2026-01-22 22:08:09.918778,0x433b0b38,28.707415,30.010155,1011.7999,166.93837,190,,,5.75,-3,,5,5
2026-01-22 22:09:01.868120,0x433acb14,28.667807,29.011065,1012.2221,296.11993,132,,,6.0,-11,,3,3
2026-01-22 22:09:10.007977,0x433b0b38,28.694746,30.065939,1011.8249,168.42105,190,,,6.25,-4,,5,5
2026-01-22 22:10:01.878317,0x433acb14,28.657417,29.071383,1012.23914,295.06662,131,,,7.5,-11,,3,3
2026-01-22 22:10:09.951711,0x433b0b38,28.692327,30.020792,1011.8238,166.93837,190,,,5.75,-4,,5,5
2026-01-22 22:10:11.954962,0x433ad35c,28.47262,29.882435,1012.22943,146.45035,166,,,7.0,-29,,3,3
2026-01-22 22:10:27.375304,0x433aad0c,29.246233,27.405846,1012.2012,174.11644,199,,,6.25,-37,,3,3
2026-01-22 22:11:02.576204,0x433acb14,28.585346,29.116234,1012.2154,294.28152,132,,,7.75,-11,,3,3
2026-01-22 22:11:09.982044,0x433b0b38,28.681776,30.067736,1011.82477,167.10182,190,,,6.0,-4,,5,5
2026-01-22 22:12:01.954455,0x433acb14,28.590654,29.165274,1012.22766,294.54276,132,,,5.75,-12,,3,3
2026-01-22 22:12:10.019222,0x433b0b38,28.72307,30.007637,1011.81793,167.75885,190,,,5.75,-4,,5,5
2026-01-22 22:13:02.169357,0x433acb14,28.669846,28.98709,1012.2228,295.59235,131,,,6.5,-11,,3,3
2026-01-22 22:13:10.020294,0x433b0b38,28.71494,30.002743,1011.8164,168.0893,190,,,6.0,-3,,5,5
2026-01-22 22:13:12.029602,0x433ad35c,28.482645,29.863495,1012.23615,145.81526,166,,,6.75,-29,,3,3
2026-01-22 22:13:28.430263,0x433aad0c,29.246841,27.361235,1012.1892,172.85861,199,,,6.0,-36,,3,3
2026-01-22 22:14:02.671832,0x433acb14,29.156027,28.224426,1013.4061,293.76044,132,,,6.0,-12,,3,3
2026-01-22 22:14:10.182627,0x433b0b38,28.819828,29.812204,1012.0777,165.64218,191,,,5.75,-3,,5,5
2026-01-22 22:15:02.084823,0x433acb14,28.754436,28.884235,1012.2273,295.59235,131,,,6.25,-12,,3,3
2026-01-22 22:15:10.188631,0x433b0b38,28.73596,29.947126,1011.8315,167.42969,190,,,6.25,-4,,5,5
2026-01-22 22:16:02.120300,0x433acb14,28.592983,29.171848,1012.2216,294.02072,132,,,6.0,-11,,3,3
2026-01-22 22:16:10.114372,0x433b0b38,28.741217,29.96371,1011.8184,167.2656,190,,,6.0,-4,,5,5
2026-01-22 22:16:12.301101,0x433ad35c,28.442095,30.005724,1012.23846,145.68892,166,,,6.5,-30,,3,3
2026-01-22 22:16:26.289706,0x433aad0c,29.26477,27.3678,1012.22754,173.93561,199,,,6.0,-37,,3,3
2026-01-22 22:17:02.262018,0x433acb14,28.598824,29.066349,1012.22675,295.32925,132,,,6.25,-12,,3,3
2026-01-22 22:17:10.118816,0x433b0b38,28.746286,29.939674,1011.824,169.0885,190,,,6.25,-3,,5,5
2026-01-22 22:18:02.061082,0x433acb14,28.59619,29.110685,1012.1984,297.18085,131,,,6.0,-12,,3,3
2026-01-22 22:18:10.111580,0x433b0b38,28.75071,29.939285,1011.8259,173.20703,189,,,7.5,-3,,5,5
2026-01-22 22:19:02.252714,0x433acb14,28.606348,29.010057,1012.1797,295.59235,131,,,6.25,-12,,3,3
2026-01-22 22:19:10.447441,0x433b0b38,28.756004,29.876375,1011.79285,167.2656,190,,,5.75,-3,,5,5
2026-01-22 22:19:12.486646,0x433ad35c,28.397438,30.086061,1012.1957,146.06863,165,,,7.5,-29,,3,3
2026-01-22 22:19:29.966441,0x433aad0c,29.262619,27.32046,1012.163,174.2976,198,,,6.0,-37,,3,3
2026-01-22 22:20:02.029821,0x433acb14,28.603218,29.00328,1012.1686,297.18085,131,,,6.0,-11,,3,3
2026-01-22 22:20:10.128522,0x433b0b38,28.682077,30.22139,1011.78265,165.48158,190,,,6.0,-3,,5,5
2026-01-22 22:21:02.211070,0x433acb14,28.593931,29.005606,1012.165,296.38443,132,,,6.25,-12,,3,3
2026-01-22 22:21:10.290554,0x433b0b38,28.751204,29.860262,1011.7738,167.9239,190,,,5.75,-3,,5,5
2026-01-22 22:22:02.629945,0x433acb14,28.598406,29.010729,1012.1701,294.02072,132,,,5.75,-11,,3,3
2026-01-22 22:22:10.316169,0x433b0b38,28.746286,29.871208,1011.7701,167.59412,190,,,6.0,-4,,5,5
2026-01-22 22:22:13.986738,0x433ad35c,28.462595,29.827291,1012.16895,146.45035,166,,,6.5,-37,,3,2
2026-01-22 22:22:26.625535,0x433aad0c,29.285305,27.276978,1012.1345,173.75517,199,,,6.75,-37,,3,3
2026-01-22 22:23:03.109188,0x433acb14,28.601458,29.039032,1012.1452,296.64948,131,,,6.0,-12,,3,3
2026-01-22 22:23:10.208181,0x433b0b38,28.76065,29.86092,1011.768,168.92114,189,,,5.75,-4,,5,5
2026-01-22 22:24:02.321594,0x433acb14,28.580454,29.052874,1012.15515,293.76044,132,,,5.75,-12,,3,3
2026-01-22 22:24:10.365220,0x433b0b38,28.763908,29.825174,1011.7606,167.42969,190,,,6.5,-4,,5,5
2026-01-22 22:25:02.196733,0x433acb14,28.587788,28.984346,1012.1424,295.8559,132,,,6.25,-12,,3,3
2026-01-22 22:25:10.496269,0x433ad35c,28.467459,29.847734,1012.14465,147.73726,165,,,6.0,-29,,3,3
2026-01-22 22:25:13.446059,0x433b0b38,28.771393,29.805708,1011.7468,168.92114,189,,,5.5,-4,,5,5
2026-01-22 22:25:27.923480,0x433aad0c,29.289799,27.254763,1012.12115,174.66109,199,,,5.5,-37,,3,3
2026-01-22 22:26:02.268231,0x433acb14,28.5887,29.001389,1012.1304,293.50055,133,,,6.25,-11,,3,3
2026-01-22 22:26:10.431083,0x433b0b38,28.786709,29.815817,1011.73456,167.9239,190,,,6.0,-4,,5,5
2026-01-22 22:27:02.974722,0x433acb14,28.593857,28.942703,1012.1409,295.32925,132,,,6.25,-11,,3,3
2026-01-22 22:27:10.346947,0x433b0b38,28.77442,29.778538,1011.74115,168.92114,190,,,5.75,-3,,5,5
2026-01-22 22:28:02.298582,0x433acb14,28.593742,28.952412,1012.122,295.8559,132,,,5.75,-11,,3,3
2026-01-22 22:28:10.362653,0x433ad35c,28.49267,29.781038,1012.1339,146.45035,166,,,5.75,-30,,3,3
2026-01-22 22:28:12.544613,0x433b0b38,28.738081,29.99026,1011.7553,166.77525,190,,,6.25,-4,,5,5
2026-01-22 22:28:26.576365,0x433aad0c,29.300179,27.234789,1012.12537,173.75517,198,,,6.5,-38,,3,3
2026-01-22 22:28:44.970325,0x433af380,28.074024,29.425758,1012.8154,76.12702,243,190,0.28884864,6.75,-22,,3,3
2026-01-22 22:29:02.458046,0x433acb14,28.591185,28.934679,1012.14856,296.64948,132,,,6.25,-11,,3,3
2026-01-22 22:29:10.409923,0x433b0b38,28.79514,29.742167,1011.7799,167.9239,190,,,5.75,-3,,5,5
2026-01-22 22:29:42.295156,0x433af380,28.124678,29.377525,1012.8283,75.92076,500,,,7.75,-23,,3,3
2026-01-22 22:30:02.655943,0x433acb14,28.588623,28.926405,1012.151,294.80447,132,,,6.25,-11,,3,3
2026-01-22 22:30:10.816358,0x433b0b38,28.779488,29.77199,1011.7501,168.75412,190,,,6.0,-4,,5,5
2026-01-22 22:30:44.120282,0x433af380,28.146627,29.319805,1012.834,76.68257,500,,,7.25,-22,,3,3
2026-01-22 22:31:02.990030,0x433acb14,28.578388,28.92043,1012.168,296.38443,132,,,6.25,-11,,3,3
2026-01-22 22:31:11.820536,0x433ad35c,28.477367,29.765425,1012.17755,147.47807,165,,,6.25,-30,,3,3
2026-01-22 22:31:14.546491,0x9e9faaa4,,,,,,349,0.009704446,7.5,-38,,3,3
2026-01-22 22:31:22.940853,0x433b0b38,28.786633,29.727098,1011.7632,169.42422,190,,,6.25,-4,,5,5
2026-01-22 22:31:29.001848,0x433aad0c,29.30802,27.214941,1012.1557,174.8434,198,,,5.75,-37,,3,3
2026-01-22 22:32:03.554933,0x433acb14,28.616737,28.878817,1012.1697,297.44724,131,,,6.5,-11,,3,3
2026-01-22 22:32:10.504706,0x433b0b38,28.808186,29.729153,1011.79004,167.42969,190,,,5.75,-4,,5,5
2026-01-22 22:32:24.583519,0x433af380,28.2613,29.258207,1012.8545,74.1135,500,,,5.75,-24,,3,3
2026-01-22 22:33:03.415554,0x433acb14,28.59871,28.957499,1012.1735,297.44724,131,,,6.25,-11,,3,3
2026-01-22 22:33:10.777142,0x433b0b38,28.82055,29.675695,1011.79694,168.58742,190,,,5.75,-3,,5,5
2026-01-22 22:33:25.408422,0x433af380,28.294218,29.125935,1012.8124,76.68257,500,,,6.25,-24,,3,3
2026-01-22 22:34:03.192400,0x433acb14,28.587788,28.929407,1012.18536,297.44724,131,,,5.75,-11,,3,3
2026-01-22 22:34:10.433748,0x433ad35c,28.46761,29.784199,1012.1706,146.9624,166,,,6.75,-28,,3,3
2026-01-22 22:34:12.573659,0x433b0b38,28.764212,29.864666,1011.78754,167.59412,190,,,6.25,-3,,5,5
2026-01-22 22:34:26.782236,0x433aad0c,29.330297,27.183815,1012.1688,174.47917,198,,,5.5,-37,,3,3
2026-01-22 22:35:04.609973,0x433acb14,28.598139,28.913992,1012.1822,297.18085,131,,,6.25,-11,,3,3
2026-01-22 22:35:10.684075,0x433b0b38,28.916142,29.54387,1012.0473,169.0885,189,,,7.5,-4,,5,5
2026-01-22 22:36:03.877006,0x433acb14,28.570747,28.951206,1012.1773,296.91492,132,,,5.75,-11,,3,3
2026-01-22 22:36:12.486025,0x433b0b38,28.866577,29.612177,1011.7985,169.42422,189,,,6.5,-4,,5,5
2026-01-22 22:36:52.089896,0x433af380,28.424534,28.89187,1012.84686,76.4733,236,189,0.5983918,6.0,-20,,3,3
2026-01-22 22:37:04.766908,0x433acb14,28.57327,28.961117,1012.16284,295.59235,132,,,6.5,-11,,3,3
2026-01-22 22:37:11.755343,0x433b0b38,28.851198,29.59955,1011.77545,169.42422,190,,,6.0,-4,,5,5
2026-01-22 22:37:15.254577,0x433ad35c,28.562576,29.599472,1012.26105,147.99736,165,,,5.75,-37,,3,2
2026-01-22 22:37:28.014631,0x433aad0c,29.302708,27.249184,1012.14526,173.39545,199,,,6.25,-37,,3,3
2026-01-22 22:38:04.589066,0x433acb14,28.603676,28.903034,1012.184,296.64948,131,,,6.25,-11,,3,3
2026-01-22 22:38:10.629239,0x433b0b38,28.786823,29.710701,1011.74805,167.2656,190,,,5.5,-3,,5,5
2026-01-22 22:38:12.654859,0x433af380,28.453457,28.865368,1012.8244,77.10458,500,,,6.0,-22,,3,3
2026-01-22 22:39:04.787255,0x433acb14,28.594007,28.867453,1012.177,296.11993,131,,,6.75,-11,,3,3
2026-01-22 22:39:11.483157,0x433b0b38,28.804745,29.633543,1011.7722,169.59258,190,,,7.5,-3,,5,5
2026-01-22 22:40:05.052510,0x433acb14,28.578388,28.894293,1012.15265,299.86664,131,,,7.25,-10,,3,3
2026-01-22 22:40:12.227920,0x433ad35c,28.462406,29.74329,1012.16895,146.06863,167,,,7.5,-23,,3,3
2026-01-22 22:40:14.472021,0x433b0b38,28.79465,29.674526,1011.7648,169.59258,189,,,6.25,-3,,5,5
2026-01-22 22:40:26.648951,0x433aad0c,29.32777,27.18402,1012.154,174.47917,199,,,7.5,-38,,3,3
2026-01-22 22:41:05.769156,0x433acb14,28.578388,28.887691,1012.1904,297.71414,131,,,6.0,-11,,3,3
2026-01-22 22:41:11.081436,0x433b0b38,28.823048,29.64763,1011.7963,169.0885,190,,,6.0,-4,,5,5
2026-01-22 22:41:33.619448,0x433af380,28.508488,28.850147,1012.85425,73.33761,236,,,6.5,-20,,3,3
2026-01-22 22:42:05.682507,0x433acb14,28.565592,28.929523,1012.1909,296.64948,131,,,5.75,-11,,3,3
2026-01-22 22:42:10.695465,0x433b0b38,28.83997,29.707531,1011.80426,169.0885,189,,,5.75,-4,,5,5
2026-01-22 22:42:33.604325,0x433af380,28.793798,28.93078,1012.87024,72.5778,267,,0.016594205,5.75,-19,,3,3
2026-01-22 22:43:06.963979,0x433acb14,28.57327,28.93115,1012.2264,298.7865,131,,,6.0,-11,,3,3
2026-01-22 22:43:10.540946,0x433ad35c,28.497265,29.687046,1012.2083,147.21979,166,,,6.5,-23,,3,3
2026-01-22 22:43:14.077912,0x433b0b38,28.823425,29.804737,1011.8047,168.0893,190,,,6.25,-3,,5,5
2026-01-22 22:43:28.137768,0x433aad0c,29.330524,27.150816,1012.2032,174.2976,198,,,6.5,-37,,3,3
2026-01-22 22:43:34.199913,0x433af380,28.997362,28.359486,1012.89685,72.5778,321,,0.016599715,5.5,-16,,3,3
2026-01-22 22:44:06.526881,0x433acb14,28.586067,28.90137,1012.19995,298.7865,131,,,6.5,-11,,3,3
2026-01-22 22:44:10.939985,0x433b0b38,28.845581,29.630169,1011.841,168.92114,190,,,6.75,-2,,5,5
2026-01-22 22:44:40.887321,0x433af380,29.243265,28.984352,1012.93066,69.230545,500,,0.033192266,6.5,-20,,3,3
2026-01-22 22:45:05.450609,0x433acb14,28.578503,28.865736,1012.22473,297.44724,131,,,7.25,-11,,3,3
2026-01-22 22:45:10.654468,0x433b0b38,28.84872,29.609934,1011.82184,168.42105,190,,,6.0,-3,,5,5
2026-01-22 22:45:34.035551,0x433af380,29.460342,28.723053,1012.9286,70.6859,500,,,6.25,-20,,3,3
2026-01-22 22:46:05.782050,0x433acb14,28.591185,28.855854,1012.2207,299.32556,128,,,7.0,-10,,3,3
2026-01-22 22:46:10.591306,0x433ad35c,28.525549,29.651714,1012.2383,147.60756,165,,,7.75,-28,,3,3
2026-01-22 22:46:14.039308,0x433b0b38,28.848797,29.584684,1011.85046,169.59258,189,,,6.0,-3,,5,5
2026-01-22 22:46:26.745233,0x433aad0c,29.300518,27.296198,1012.21466,173.57512,199,,,6.75,-36,,3,3
2026-01-22 22:46:34.262449,0x433af380,29.427082,28.249094,1012.9256,70.09648,500,,,5.5,-20,,3,3
2026-01-22 22:47:05.550610,0x433acb14,28.586067,28.887733,1012.23254,296.11993,131,,,7.0,-10,,3,3
2026-01-22 22:47:10.684949,0x433b0b38,28.850607,29.617458,1011.8549,169.0885,190,,,6.0,-3,,5,5
2026-01-22 22:47:34.468242,0x433af380,29.518896,29.058514,1012.97284,70.38996,500,,0.06639665,6.5,-16,,3,3
2026-01-22 22:48:07.816124,0x433acb14,28.565592,28.969244,1012.24585,297.44724,131,,,6.0,-11,,3,3
2026-01-22 22:48:11.337875,0x433b0b38,28.850838,29.599344,1011.88513,169.42422,189,,,6.25,-4,,5,5
2026-01-22 22:48:34.927911,0x433af380,29.574638,27.532154,1013.0076,66.80959,500,,,6.0,-19,,3,3
2026-01-22 22:49:05.570821,0x433acb14,28.565592,28.886927,1012.2699,298.7865,131,,,7.25,-11,,3,3
2026-01-22 22:49:10.732988,0x433b0b38,28.869558,29.580444,1011.9109,169.25621,190,,,5.75,-3,,5,5
2026-01-22 22:49:17.492864,0x433ad35c,28.513393,29.657597,1012.2721,147.09099,165,,,5.75,-37,,3,2
2026-01-22 22:49:28.169124,0x433aad0c,29.322937,27.227703,1012.28076,174.11644,199,,,5.75,-36,,3,3
2026-01-22 22:49:42.128150,0x433af380,29.62981,27.86867,1013.02844,68.94664,500,,,6.75,-16,,3,3
2026-01-22 22:50:05.850387,0x433acb14,28.547678,28.894953,1012.30316,294.80447,132,,,7.0,-12,,3,3
2026-01-22 22:50:10.932927,0x433b0b38,28.877424,29.526758,1011.8955,168.58742,190,,,5.75,-3,,5,5
2026-01-22 22:50:40.619736,0x433af380,29.79635,27.347702,1013.0293,72.45268,500,,,5.75,-15,,3,3
2026-01-22 22:51:05.642386,0x433acb14,28.565592,28.846676,1012.2751,297.9815,131,,,7.5,-11,,3,3
2026-01-22 22:51:10.790227,0x433b0b38,28.85383,29.548365,1011.90125,167.9239,191,,,5.75,-3,,5,5
2026-01-22 22:51:41.883372,0x433af380,29.903013,29.353365,1013.01733,59.94873,500,,,6.5,-15,,3,3
2026-01-22 22:52:06.083176,0x433acb14,28.563147,28.85267,1012.29663,298.2494,132,,,6.0,-11,,3,3
2026-01-22 22:52:10.682135,0x433ad35c,28.507517,29.643723,1012.3189,146.70593,166,,,7.25,-26,,3,3
2026-01-22 22:52:13.526900,0x433b0b38,28.869596,29.516632,1011.921,168.42105,190,,,6.25,-3,,5,5
2026-01-22 22:52:26.903429,0x433aad0c,29.360874,27.076855,1012.2877,174.2976,199,,,5.5,-35,,3,3
2026-01-22 22:53:05.894543,0x433acb14,28.578426,28.88376,1012.3054,297.18085,132,,,7.25,-11,,3,3
2026-01-22 22:53:11.964499,0x433b0b38,28.879805,29.489851,1011.8949,169.0885,190,,,6.25,-3,,5,5
2026-01-22 22:53:18.058236,0x433af380,29.824335,27.10477,1013.0258,72.51519,500,,,6.5,-23,,3,3
2026-01-22 22:54:05.807411,0x433acb14,28.593742,28.812452,1012.29034,299.59586,131,,,6.5,-11,,3,3
2026-01-22 22:54:10.772016,0x433b0b38,28.882566,29.51172,1011.90265,169.9303,190,,,6.25,-4,,5,5
2026-01-22 22:54:12.869911,0x433af380,29.689499,27.256212,1013.0395,73.91799,500,,0.03318676,6.75,-16,,3,3
2026-01-22 22:55:06.600349,0x433acb14,28.55803,28.852472,1012.2964,297.18085,131,,,7.5,-11,,3,3
2026-01-22 22:55:10.789880,0x433b0b38,28.879805,29.487238,1011.9167,169.25621,190,,,5.75,-3,,5,5
2026-01-22 22:55:12.770630,0x433ad35c,28.509298,29.657185,1012.30756,146.9624,166,,,6.5,-29,,3,3
2026-01-22 22:55:18.996025,0x433af380,29.530514,27.270922,1013.01086,74.24442,500,,,6.5,-23,,3,3
2026-01-22 22:55:28.474863,0x433aad0c,29.350456,27.104286,1012.2922,174.11644,199,,,6.5,-38,,3,3
2026-01-22 22:56:05.932598,0x433acb14,28.55024,28.872242,1012.2835,297.9815,131,,,8.0,-11,,3,3
2026-01-22 22:56:11.641968,0x433b0b38,28.892017,29.479837,1011.8951,170.26938,189,,,6.0,-3,,5,5
2026-01-22 22:56:14.548680,0x433af380,29.62518,27.60832,1013.0168,75.4438,500,,,6.75,-19,,3,3
2026-01-22 22:57:05.822540,0x433acb14,28.545118,28.856676,1012.27637,296.91492,132,,,7.75,-11,,3,3
2026-01-22 22:57:12.214893,0x433b0b38,28.885098,29.567837,1011.9036,167.75885,190,,,6.0,-3,,5,5
2026-01-22 22:57:14.290877,0x433af380,30.58658,27.013515,1012.9686,73.14617,500,,0.016591452,6.5,-19,,3,3
2026-01-22 22:58:05.794882,0x433acb14,28.560625,28.809017,1012.2528,298.2494,131,,,8.0,-11,,3,3
2026-01-22 22:58:12.756039,0x433ad35c,28.535612,29.603508,1012.2624,147.60756,165,,,6.0,-24,,3,3
2026-01-22 22:58:14.962925,0x433af380,30.907213,28.486506,1012.9733,68.05358,500,180,0.4977518,5.75,-18,,3,3
2026-01-22 22:58:17.213193,0x433b0b38,28.87916,29.513,1011.85114,167.9239,191,,,6.25,-3,,5,5
2026-01-22 22:58:26.920959,0x433aad0c,29.348228,27.083755,1012.2362,174.8434,199,,,5.75,-36,,3,3
2026-01-22 22:59:05.875043,0x433acb14,28.565023,28.795618,1012.24585,297.18085,131,,,7.25,-11,,3,3
2026-01-22 22:59:12.592793,0x433b0b38,28.866947,29.452127,1011.8493,168.42105,191,,,6.0,-3,,5,5
2026-01-22 22:59:14.778017,0x433af380,30.592237,26.030075,1012.9349,73.85306,500,,,6.0,-18,,3,3
2026-01-22 23:00:05.844607,0x433acb14,28.552036,28.785404,1012.2311,297.18085,131,,,7.25,-11,,3,3
2026-01-22 23:00:11.952504,0x433b0b38,28.889751,29.437244,1011.8469,169.42422,190,,,6.0,-3,,5,5
2026-01-22 23:00:15.813402,0x433af380,30.3183,26.668638,1012.9464,74.24442,487,,0.28206405,6.0,-16,,3,3
2026-01-22 16:00:24.027642,0x433b0b38,28.303757,28.83765,1010.8683,224.51218,167,,,5.75,-3,,5,5
2026-01-22 16:00:42.268785,0x433acb14,28.145254,27.986305,1011.2417,368.05594,110,,,7.5,-11,,3,3
2026-01-22 16:01:05.843073,0x433ad35c,28.111708,28.381084,1011.24286,183.14268,144,,,6.5,-28,,3,3
2026-01-22 16:01:25.472806,0x433b0b38,28.32556,28.755981,1010.8917,225.99867,167,,,6.25,-3,,5,5
2026-01-22 16:01:42.418189,0x433acb14,28.16637,28.027153,1011.261,368.46463,109,,,7.5,-11,,3,3
2026-01-22 16:02:23.981505,0x433b0b38,28.350452,28.755999,1010.9238,225.6998,167,,,6.25,-4,,5,5
2026-01-22 16:02:42.327022,0x433acb14,28.161253,28.092592,1011.2951,368.87424,109,,,6.0,-12,,3,3
2026-01-22 16:03:23.619980,0x433b0b38,28.35034,28.760994,1010.9256,224.95607,167,,,6.25,-4,,5,5
2026-01-22 16:03:42.312620,0x433acb14,28.110298,28.00372,1011.29926,368.46463,110,,,7.75,-11,,3,3
2026-01-22 16:04:05.721866,0x433ad35c,28.10935,28.55204,1011.28876,180.39165,145,,,6.5,-28,,3,3
2026-01-22 16:04:23.345736,0x433aad0c,28.801966,26.234356,1011.2846,375.27875,90,,,6.5,-35,,3,3
2026-01-22 16:04:27.316190,0x433b0b38,28.332003,28.76918,1010.94183,225.99867,167,,,6.0,-3,,5,5
2026-01-22 16:04:42.653748,0x433acb14,28.08448,28.05126,1011.29193,366.83514,110,,,7.75,-11,,3,3
2026-01-22 16:05:24.271294,0x433b0b38,28.355331,28.727425,1010.9611,225.25298,167,,,6.0,-3,,5,5
2026-01-22 16:05:42.385987,0x433acb14,28.097275,28.132343,1011.3274,366.83514,115,,,7.75,-11,,3,3
2026-01-22 16:06:25.124547,0x433b0b38,28.340094,28.793352,1010.96344,223.62961,167,,,5.75,-3,,5,5
2026-01-22 16:06:42.520879,0x433acb14,28.096897,28.03261,1011.3189,368.05594,110,,,7.5,-11,,3,3
2026-01-22 16:07:05.834348,0x433ad35c,28.107107,28.610207,1011.32086,179.81285,145,,,5.25,-29,,3,3
2026-01-22 16:07:25.129721,0x433b0b38,28.362782,28.805532,1010.966,223.92303,167,,,5.75,-3,,5,5
2026-01-22 16:07:27.215845,0x433aad0c,28.79185,26.312077,1011.3044,370.63315,92,,,6.25,-36,,3,3
2026-01-22 16:07:42.476035,0x433acb14,28.102995,28.0938,1011.31537,369.28482,109,,,7.25,-11,,3,3
2026-01-22 16:08:25.175671,0x433b0b38,28.358017,28.824802,1010.94214,223.33698,167,,,6.0,-3,,5,5
2026-01-22 16:08:42.434490,0x433acb14,28.096973,28.072575,1011.31537,368.87424,109,,,8.0,-10,,3,3
2026-01-22 16:09:25.962117,0x433b0b38,28.352875,28.840477,1010.9166,222.75397,168,,,6.0,-3,,5,5
2026-01-22 16:09:43.103170,0x433acb14,28.074394,28.12728,1011.2642,369.28482,110,,,7.75,-11,,3,3
2026-01-22 16:10:05.980296,0x433ad35c,28.126516,28.672981,1011.2756,179.81285,146,,,5.75,-28,,3,3
2026-01-22 16:10:22.038564,0x433aad0c,28.774147,26.572985,1011.2492,362.0763,95,,,6.0,-36,,3,3
2026-01-22 16:10:26.574158,0x433b0b38,28.345348,28.890917,1010.8933,222.46361,168,,,6.0,-3,,5,5
2026-01-22 16:10:42.468418,0x433acb14,28.094719,28.125795,1011.2526,368.05594,110,,,7.0,-11,,3,3
2026-01-22 16:11:29.039714,0x433b0b38,28.347921,28.880062,1010.87756,220.88007,168,,,6.25,-4,,5,5
2026-01-22 16:11:42.686944,0x433acb14,28.099836,28.155306,1011.22534,365.62247,110,,,8.0,-11,,3,3
2026-01-22 16:12:24.246721,0x433b0b38,28.345198,28.8883,1010.8513,221.59706,168,,,6.0,-3,,5,5
2026-01-22 16:12:42.601519,0x433acb14,28.081923,28.239845,1011.19995,364.81848,110,,,7.75,-11,,3,3
2026-01-22 16:13:06.185426,0x433ad35c,28.120852,28.806898,1011.1719,176.9737,147,,,6.0,-28,,3,3
2026-01-22 16:13:23.603420,0x433aad0c,28.817253,26.51685,1011.1554,354.28638,99,,,5.75,-36,,3,3
2026-01-22 16:13:25.605529,0x433b0b38,28.337523,28.942024,1010.80615,220.88007,168,,,6.0,-3,,5,5
2026-01-22 16:13:42.693406,0x433acb14,28.117826,28.193956,1011.1579,366.83514,110,,,7.5,-11,,3,3
2026-01-22 16:14:26.331122,0x433b0b38,28.360624,28.935587,1010.78876,219.88405,169,,,6.25,-3,,5,5
2026-01-22 16:14:38.833009,0x433af380,27.953587,28.182749,1011.8034,102.39038,53,,,6.0,-21,,3,3
2026-01-22 16:14:42.696781,0x433acb14,28.112516,28.266958,1011.1491,364.81848,110,,,7.25,-12,,3,3
2026-01-22 16:15:24.279652,0x433b0b38,28.332304,29.025204,1010.7705,218.33688,169,,,5.75,-3,,5,5
2026-01-22 16:15:42.521072,0x433acb14,28.074244,28.31539,1011.1303,363.221,110,,,7.25,-11,,3,3
2026-01-22 16:16:08.051955,0x433ad35c,28.1294,28.866512,1011.1381,175.86298,147,,,5.75,-29,,3,3
2026-01-22 16:16:21.968647,0x433aad0c,28.78932,26.73185,1011.13367,346.09564,102,,,5.5,-37,,3,3
2026-01-22 16:16:25.302635,0x433b0b38,28.338993,29.014587,1010.7752,219.74248,169,,,6.25,-3,,5,5
2026-01-22 16:16:43.445478,0x433acb14,28.074244,28.428055,1011.13885,360.8509,111,,,7.5,-10,,3,3
2026-01-22 16:17:24.343661,0x433b0b38,28.346899,29.025482,1010.7599,217.9187,169,,,6.0,-3,,5,5
2026-01-22 16:17:42.717284,0x433acb14,28.11267,28.325516,1011.11316,361.6375,111,,,7.75,-11,,3,3
2026-01-22 16:18:24.389009,0x433b0b38,28.32735,29.081348,1010.77844,216.81134,170,,,5.75,-3,,5,5
2026-01-22 16:18:42.592259,0x433acb14,28.130547,28.386057,1011.1607,362.42752,110,,,7.25,-11,,3,3
2026-01-22 16:19:06.102600,0x433ad35c,28.128489,28.969202,1011.1623,175.86298,147,,,6.5,-28,,3,3
2026-01-22 16:19:23.156622,0x433aad0c,28.809088,26.647177,1011.12445,340.02124,105,,,5.75,-36,,3,3
2026-01-22 16:19:26.021627,0x433b0b38,28.336422,29.095455,1010.7961,217.22528,170,,,6.0,-3,,5,5
2026-01-22 16:19:42.748848,0x433acb14,28.127985,28.404545,1011.17175,360.45886,111,,,7.5,-11,,3,3
2026-01-22 16:20:24.634579,0x433b0b38,28.35034,29.125702,1010.79114,216.67372,170,,,6.0,-3,,5,5
2026-01-22 16:20:42.851567,0x433acb14,28.043684,28.617329,1011.1674,357.73843,111,,,7.25,-11,,3,3
2026-01-22 16:21:24.657181,0x433b0b38,28.352951,29.107267,1010.7956,215.44287,170,,,6.0,-3,,5,5
2026-01-22 16:21:42.638244,0x433acb14,28.127985,28.490873,1011.1666,360.45886,110,,,7.75,-11,,3,3
2026-01-22 16:22:05.976175,0x433ad35c,28.151613,28.996107,1011.1577,175.86298,147,,,5.75,-29,,3,3
2026-01-22 16:22:22.135406,0x433aad0c,28.821743,26.769272,1011.1438,330.80017,109,,,5.5,-37,,3,3
2026-01-22 16:22:25.103766,0x433b0b38,28.334686,29.299576,1010.8086,214.22594,170,,,5.75,-3,,5,5
2026-01-22 16:22:42.995538,0x433acb14,28.130547,28.389717,1011.1795,360.06772,111,,,7.75,-11,,3,3
2026-01-22 16:23:24.884459,0x433b0b38,28.355482,29.189386,1010.81006,215.7152,170,,,6.0,-3,,5,5
2026-01-22 16:23:42.682676,0x433acb14,28.122868,28.401829,1011.15106,357.73843,111,,,7.75,-11,,3,3
2026-01-22 16:24:25.201151,0x433b0b38,28.340017,29.221344,1010.77185,214.36049,170,,,5.75,-3,,5,5
2026-01-22 16:24:42.905746,0x433acb14,28.128061,28.444645,1011.1529,362.42752,111,,,7.25,-10,,3,3
2026-01-22 16:25:06.558002,0x433ad35c,28.123592,29.104525,1011.1312,173.32474,148,,,6.25,-28,,3,3
2026-01-22 16:25:23.209089,0x433aad0c,28.824348,26.776415,1011.1156,324.92563,112,,,6.25,-36,,3,3
2026-01-22 16:25:26.396589,0x433b0b38,28.346899,29.235113,1010.74817,214.4952,171,,,5.75,-3,,5,5
2026-01-22 16:25:42.925907,0x433acb14,28.112633,28.469095,1011.12683,361.6375,111,,,7.5,-11,,3,3
2026-01-22 16:26:24.824281,0x433b0b38,28.347694,29.271883,1010.78516,212.49222,171,,,6.0,-3,,5,5
2026-01-22 16:26:42.710040,0x433acb14,28.128023,28.572582,1011.1237,360.06772,111,,,7.75,-11,,3,3
2026-01-22 16:27:25.421754,0x433b0b38,28.316877,29.442532,1010.74066,212.09612,171,,,6.25,-4,,5,5
2026-01-22 16:27:42.724959,0x433acb14,28.114925,28.52236,1011.1003,359.28793,111,,,7.5,-11,,3,3
2026-01-22 16:28:06.015965,0x433ad35c,28.098682,29.210854,1011.0883,173.32474,148,,,6.0,-28,,3,3
2026-01-22 16:28:22.225781,0x433aad0c,28.81461,26.850151,1011.0635,321.43726,115,,,5.5,-36,,3,3
2026-01-22 16:28:24.963311,0x433b0b38,28.334497,29.340282,1010.7094,212.88982,171,,,5.5,-3,,5,5
2026-01-22 16:28:43.095292,0x433acb14,28.11775,28.533333,1011.08575,358.51157,111,,,7.5,-11,,3,3
2026-01-22 16:28:59.507256,0x9e9faaa4,,,,,,12,0.010263113,7.0,-11,,3,2
2026-01-22 16:29:25.035711,0x433b0b38,28.337671,29.32201,1010.6952,211.4392,171,,,7.0,-4,,5,5
2026-01-22 16:29:42.746038,0x433acb14,28.107134,28.607767,1011.0753,355.05875,112,,,8.0,-11,,3,3
2026-01-22 16:30:25.016796,0x433b0b38,28.291239,29.529234,1010.6917,210.39655,171,,,6.0,-3,,5,5
2026-01-22 16:30:42.746894,0x433acb14,28.115152,28.694578,1011.0403,360.8509,111,,,7.25,-10,,3,3
2026-01-22 16:31:06.669883,0x433ad35c,28.106466,29.241184,1011.0425,172.43591,148,,,6.0,-28,,3,3
2026-01-22 16:31:23.933512,0x433aad0c,28.776299,27.148664,1011.0134,314.6805,117,,,6.0,-37,,3,3
2026-01-22 16:31:27.116961,0x433b0b38,28.336498,29.37726,1010.67175,211.04698,171,,,5.75,-3,,5,5
2026-01-22 16:31:43.118245,0x433acb14,28.138561,28.636524,1011.009,356.96872,111,,,5.75,-11,,3,3
2026-01-22 16:32:24.901905,0x433b0b38,28.365694,29.337627,1010.6278,210.39655,171,,,5.75,-3,,5,5
2026-01-22 16:32:42.788026,0x433acb14,28.120308,28.619852,1011.0043,355.82028,111,,,7.5,-11,,3,3
2026-01-22 16:33:24.910378,0x433b0b38,28.347694,29.386707,1010.607,209.87907,171,,,6.0,-4,,5,5
2026-01-22 16:33:42.805080,0x433acb14,28.145899,28.610874,1010.96375,354.3005,112,,,6.75,-12,,3,3
2026-01-22 16:34:06.066093,0x433ad35c,28.139576,29.253805,1010.99805,172.43591,148,,,5.75,-28,,3,3
2026-01-22 16:34:22.262580,0x433aad0c,28.816418,26.952168,1010.9667,314.08032,117,,,5.5,-36,,3,3
2026-01-22 16:34:25.195768,0x433b0b38,28.260267,29.695543,1010.61865,208.46906,172,,,6.0,-3,,5,5
2026-01-22 16:34:42.830960,0x433acb14,28.096706,28.692902,1010.98065,355.4391,112,,,7.5,-11,,3,3
2026-01-22 16:35:25.207524,0x433b0b38,28.333889,29.454088,1010.6271,210.26694,171,,,5.75,-3,,5,5
2026-01-22 16:35:43.506064,0x433acb14,28.076805,28.771442,1010.9631,356.20227,112,,,7.5,-11,,3,3
2026-01-22 16:36:24.942096,0x433b0b38,28.32705,29.490683,1010.61554,211.57025,170,,,6.0,-3,,5,5
2026-01-22 16:36:43.018332,0x433acb14,28.762644,27.756897,1012.11145,353.54547,112,,,7.0,-11,,3,3
2026-01-22 16:37:06.799522,0x433ad35c,28.096212,29.381615,1010.94403,171.38126,149,,,5.75,-28,,3,3
2026-01-22 16:37:23.705387,0x433aad0c,28.820047,27.023783,1010.95905,309.65082,119,,,5.75,-36,,3,3
2026-01-22 16:37:26.722127,0x433b0b38,28.336727,29.501959,1010.58777,210.00821,171,,,5.75,-3,,5,5
2026-01-22 16:37:43.514444,0x433acb14,28.102394,28.866581,1010.9499,353.16916,111,,,7.25,-11,,3,3
2026-01-22 16:38:25.631280,0x433b0b38,28.331585,29.485888,1010.5907,210.1375,171,,,6.25,-3,,5,5
2026-01-22 16:38:42.903561,0x433acb14,28.117105,28.719595,1010.9228,356.20227,112,,,7.75,-10,,3,3
2026-01-22 16:39:25.175804,0x433b0b38,28.332417,29.523281,1010.5689,209.49265,172,,,6.0,-3,,5,5
2026-01-22 16:39:43.395647,0x433acb14,28.099836,28.90146,1010.94904,353.16916,112,,,7.5,-11,,3,3
2026-01-22 16:40:06.152469,0x433ad35c,28.12506,29.391733,1010.9108,174.40353,147,,,7.0,-28,,3,3
2026-01-22 16:40:22.637972,0x433aad0c,28.82484,27.060799,1010.9046,306.1962,121,,,5.75,-36,,3,3
2026-01-22 16:40:26.528377,0x433b0b38,28.349354,29.525242,1010.5795,209.87907,171,,,6.25,-3,,5,5
2026-01-22 16:40:43.087898,0x433acb14,28.109112,28.840483,1010.9226,349.4496,112,,,7.5,-11,,3,3
2026-01-22 16:41:25.258962,0x433b0b38,28.345236,29.549759,1010.5624,208.21472,172,,,6.25,-3,,5,5
2026-01-22 16:41:43.031650,0x433acb14,28.150219,28.8024,1010.9175,356.20227,111,,,8.0,-11,,3,3
2026-01-22 16:42:25.430189,0x433b0b38,28.334988,29.559803,1010.5515,209.87907,171,,,6.0,-3,,5,5
2026-01-22 16:42:43.053240,0x433acb14,28.150639,28.773478,1010.9088,354.6792,111,,,7.75,-11,,3,3
2026-01-22 16:43:07.216637,0x433ad35c,28.129362,29.471487,1010.9496,172.25923,148,,,7.0,-28,,3,3
2026-01-22 16:43:24.028390,0x433aad0c,28.836918,27.135246,1010.93207,304.4976,122,,,5.5,-36,,3,3
2026-01-22 16:43:27.819914,0x433b0b38,28.328823,29.592451,1010.55945,209.1076,172,,,5.5,-3,,5,5
2026-01-22 16:43:43.273003,0x433acb14,28.13348,28.876621,1010.93,353.16916,112,,,7.5,-11,,3,3
2026-01-22 16:44:25.666376,0x433b0b38,28.327238,29.602661,1010.5651,208.46906,172,,,5.75,-3,,5,5
2026-01-22 16:44:43.064909,0x433acb14,28.127985,28.802399,1010.9435,352.79364,112,,,7.75,-10,,3,3
2026-01-22 16:45:25.485545,0x433b0b38,28.327124,29.67063,1010.5802,208.34181,172,,,6.0,-3,,5,5
2026-01-22 16:45:43.151540,0x433acb14,28.114735,29.061577,1010.96136,352.41895,112,,,5.75,-12,,3,3
2026-01-22 16:46:06.529992,0x433ad35c,28.136578,29.547176,1010.9556,171.90695,148,,,6.25,-27,,3,3
2026-01-22 16:46:22.684015,0x433aad0c,28.76124,27.431673,1010.93335,299.51312,124,,,5.5,-37,,3,3
2026-01-22 16:46:25.581391,0x433b0b38,28.33771,29.678041,1010.6062,209.7501,172,,,6.0,-3,,5,5
2026-01-22 16:46:43.833790,0x433acb14,28.128922,28.921658,1010.9504,352.045,112,,,5.25,-12,,3,3
2026-01-22 16:47:25.600952,0x433b0b38,28.355444,29.657532,1010.61523,208.08778,172,,,6.25,-3,,5,5
2026-01-22 16:47:43.432277,0x433acb14,28.099836,29.00613,1010.9455,351.67188,112,,,7.25,-11,,3,3
2026-01-22 16:48:25.608811,0x433b0b38,28.386877,29.675182,1010.5712,207.45543,172,,,6.25,-3,,5,5
2026-01-22 16:48:43.301726,0x433acb14,28.115189,28.970524,1010.9356,354.3005,111,,,6.25,-12,,3,3
2026-01-22 16:49:07.959831,0x433ad35c,28.141361,29.58773,1010.95734,171.90695,148,,,5.75,-28,,3,3
2026-01-22 16:49:24.099733,0x433aad0c,28.83163,27.26053,1010.93176,295.48233,127,,,6.0,-36,,3,3
2026-01-22 16:49:27.233104,0x433b0b38,28.327238,29.750261,1010.5567,207.07787,172,,,8.0,-2,,5,5
2026-01-22 16:49:43.264870,0x433acb14,28.112633,29.122866,1010.9278,355.82028,111,,,7.25,-11,,3,3
2026-01-22 16:50:26.156021,0x433b0b38,28.437122,29.562532,1010.8468,203.4976,173,,,6.0,-3,,5,5
2026-01-22 16:50:43.417724,0x433acb14,28.229744,28.913992,1010.918,352.045,112,,,7.5,-11,,3,3
2026-01-22 16:51:25.713027,0x433b0b38,28.327011,29.80219,1010.5701,205.5812,173,,,6.0,-3,,5,5
2026-01-22 16:51:43.364924,0x433acb14,28.160608,28.921589,1010.9021,350.55722,112,,,7.25,-11,,3,3
2026-01-22 16:52:06.296670,0x433ad35c,28.161638,29.6426,1010.93286,171.20674,148,,,6.25,-28,,3,3
2026-01-22 16:52:25.773775,0x433b0b38,28.323643,29.778767,1010.54224,205.5812,173,,,6.0,-3,,5,5
2026-01-22 16:52:44.477611,0x433acb14,28.10148,29.059845,1010.9326,353.16916,112,,,7.75,-10,,3,3
2026-01-22 16:53:25.770817,0x433b0b38,28.395391,29.664999,1010.5458,207.07787,172,,,6.0,-3,,5,5
2026-01-22 16:53:43.330540,0x433acb14,28.112217,29.036129,1010.8935,350.55722,112,,,7.0,-11,,3,3
2026-01-22 16:54:25.738968,0x433b0b38,28.32606,29.827326,1010.54663,205.70511,173,,,6.25,-3,,5,5
2026-01-22 16:54:43.335533,0x433acb14,28.08884,29.235516,1010.9299,350.928,113,,,6.75,-11,,3,3
2026-01-22 16:55:06.333898,0x433ad35c,28.159472,29.658258,1010.91113,171.90695,148,,,5.75,-27,,3,3
2026-01-22 16:55:23.525654,0x433aad0c,28.82484,27.408808,1010.88574,286.23727,132,,,5.25,-36,,3,3
2026-01-22 16:55:27.478761,0x433b0b38,28.333813,29.829111,1010.55316,202.41154,173,,,6.25,-3,,5,5
2026-01-22 16:55:44.071883,0x433acb14,28.081923,29.217888,1010.9169,349.4496,112,,,8.0,-11,,3,3
2026-01-22 16:56:25.979503,0x433b0b38,28.365883,29.827982,1010.54034,205.45747,173,,,6.0,-3,,5,5
2026-01-22 16:56:43.349552,0x433acb14,28.73102,28.311453,1012.0645,346.16837,113,,,8.0,-11,,3,3
2026-01-22 16:57:26.199049,0x433b0b38,28.357292,29.827257,1010.54974,204.84097,173,,,6.0,-3,,5,5
2026-01-22 16:57:43.506629,0x433acb14,28.119473,29.111195,1010.89795,347.25525,113,,,7.5,-10,,3,3
2026-01-22 16:58:06.384976,0x433ad35c,28.151955,29.670254,1010.9381,170.85873,148,,,6.75,-28,,3,3
2026-01-22 16:58:22.788463,0x433aad0c,28.835032,27.364958,1010.9259,282.5537,134,,,6.0,-36,,3,3
2026-01-22 16:58:25.865134,0x433b0b38,28.342703,29.913593,1010.55286,202.41154,174,,,6.0,-3,,5,5
2026-01-22 16:58:43.476517,0x433acb14,28.155262,29.074638,1010.89856,348.349,113,,,8.0,-11,,3,3
2026-01-22 16:59:25.959402,0x433b0b38,28.370686,29.824383,1010.566,203.37636,173,,,5.75,-4,,5,5
2026-01-22 16:59:44.723474,0x433acb14,28.08884,29.140234,1010.94183,347.25525,113,,,7.0,-11,,3,3
2026-01-23 05:01:17.669084,0x433ad35c,27.526913,28.387648,1011.04297,181.16917,142,,,7.5,-29,,3,3
2026-01-23 05:01:20.523600,0x433acb14,27.557611,27.778084,1011.04553,348.349,117,,,7.0,-11,,3,3
2026-01-23 05:01:31.469654,0x433aad0c,28.278154,26.112505,1011.0233,200.38005,181,,,5.5,-36,,3,3
2026-01-23 05:01:33.581058,0x433af380,28.180119,26.553436,1011.71094,110.2459,159,,,6.5,-11,,3,3
2026-01-23 05:01:36.963611,0x433b0b38,27.742603,28.703028,1010.68066,202.53165,175,,,5.75,-3,,5,5
2026-01-23 05:02:19.346114,0x433acb14,27.551582,27.800127,1011.09686,341.185,118,,,7.25,-11,,3,3
2026-01-23 05:02:36.339132,0x433af380,28.198492,26.524555,1011.731,109.17208,161,,,7.75,-10,,3,3
2026-01-23 05:02:38.598926,0x433b0b38,27.740072,28.653055,1010.68805,203.74054,174,,,6.25,-3,,5,5
2026-01-23 05:03:20.511724,0x433acb14,27.62934,27.712132,1011.11053,347.61908,117,,,7.5,-11,,3,3
2026-01-23 05:03:33.721745,0x433af380,28.250086,26.441626,1011.73505,109.59908,160,,,6.75,-11,,3,3
2026-01-23 05:03:36.975047,0x433b0b38,27.85839,28.470474,1010.96106,201.45583,175,,,5.75,-3,,5,5
2026-01-23 05:04:17.695961,0x433ad35c,27.574986,28.32018,1011.2057,179.81285,143,,,7.5,-29,,3,3
2026-01-23 05:04:21.571552,0x433acb14,27.64006,27.689861,1011.1622,347.9836,117,,,7.25,-11,,3,3
2026-01-23 05:04:30.526212,0x433aad0c,28.215841,26.196283,1011.06415,201.60664,181,,,6.0,-37,,3,3
2026-01-23 05:04:35.258074,0x433af380,28.203732,26.526228,1011.7462,108.748375,161,,,7.25,-11,,3,3
2026-01-23 05:04:38.510105,0x433b0b38,27.77845,28.541708,1010.7305,203.4976,174,,,5.75,-3,,5,5
2026-01-23 05:05:20.544559,0x433acb14,27.608868,27.738058,1011.1324,347.9836,116,,,7.0,-10,,3,3
2026-01-23 05:05:35.111731,0x433af380,28.205597,26.502201,1011.73816,109.03048,161,,,7.25,-11,,3,3
2026-01-23 05:05:38.031156,0x433b0b38,27.748543,28.633026,1010.74304,203.01349,175,,,5.75,-3,,5,5
2026-01-23 05:06:19.399469,0x433acb14,27.60134,27.72229,1011.13116,345.8076,116,,,7.5,-11,,3,3
2026-01-23 05:06:33.802382,0x433af380,28.203318,26.557096,1011.7479,105.14384,162,,,6.5,-11,,3,3
2026-01-23 05:06:36.965259,0x433b0b38,27.80653,28.513039,1010.73474,203.98407,174,,,6.0,-3,,5,5
2026-01-23 05:07:17.784137,0x433ad35c,27.414331,28.671923,1011.0829,178.28737,143,,,7.75,-28,,3,3
2026-01-23 05:07:21.379164,0x433acb14,27.608454,27.729744,1011.1306,348.349,116,,,6.25,-11,,3,3
2026-01-23 05:07:31.364020,0x433aad0c,28.192278,26.218601,1011.0638,202.1015,180,,,6.0,-36,,3,3
2026-01-23 05:07:35.469600,0x433af380,28.20009,26.503616,1011.7334,109.81385,160,,,7.5,-11,,3,3
2026-01-23 05:07:38.710114,0x433b0b38,27.735273,28.644451,1010.7144,205.21042,173,,,6.0,-3,,5,5
2026-01-23 05:08:19.371732,0x433acb14,27.597763,27.72462,1011.12024,348.349,116,,,7.5,-11,,3,3
2026-01-23 05:08:34.318638,0x433af380,28.187675,26.52074,1011.74414,109.81385,159,,,7.0,-11,,3,3
2026-01-23 05:08:37.790049,0x433b0b38,27.730206,28.613207,1010.72894,205.08713,174,,,6.75,-3,,5,5
2026-01-23 05:09:19.603120,0x433acb14,27.579468,27.736914,1011.1273,347.25525,116,,,7.5,-10,,3,3
2026-01-23 05:09:34.593680,0x433af380,28.222736,26.439127,1011.7331,110.46322,158,,,7.0,-11,,3,3
2026-01-23 05:09:38.063936,0x433b0b38,27.734322,28.688738,1010.71375,202.65189,174,,,5.75,-3,,5,5
2026-01-23 05:10:17.934278,0x433ad35c,27.477137,28.43041,1011.09,179.42902,142,,,7.0,-29,,3,3
2026-01-23 05:10:20.707215,0x433acb14,27.551506,27.762068,1011.1139,346.89224,116,,,7.0,-11,,3,3
2026-01-23 05:10:30.622056,0x433aad0c,28.199385,26.212538,1011.06305,200.86888,181,,,6.0,-36,,3,3
2026-01-23 05:10:35.943833,0x433af380,28.147501,26.576323,1011.7581,109.9575,159,,,7.5,-10,,3,3
2026-01-23 05:10:39.670306,0x433b0b38,27.811396,28.520329,1010.7352,205.33388,173,,,5.5,-3,,5,5
2026-01-23 05:11:19.649954,0x433acb14,27.54997,27.767607,1011.13007,345.8076,117,,,7.25,-10,,3,3
2026-01-23 05:11:37.405845,0x433b0b38,27.740454,28.647682,1010.74506,204.10605,174,,,5.75,-3,,5,5
2026-01-23 05:11:39.462602,0x433af380,28.119629,26.6902,1011.7598,101.52476,163,,,6.75,-10,,3,3
2026-01-23 05:12:19.598843,0x433acb14,27.546503,27.793598,1011.148,349.08197,116,,,7.5,-10,,3,3
2026-01-23 05:12:36.044243,0x433af380,28.154865,26.566755,1011.7741,109.88563,159,,,6.75,-11,,3,3
2026-01-23 05:12:39.357042,0x433b0b38,27.721804,28.634813,1010.7376,203.1343,174,,,6.0,-3,,5,5
2026-01-23 05:13:18.250904,0x433ad35c,27.454235,28.459448,1011.1429,181.95348,141,,,7.0,-29,,3,3
2026-01-23 05:13:20.836968,0x433acb14,27.569382,27.759418,1011.16656,349.81802,116,,,6.75,-11,,3,3
2026-01-23 05:13:30.826019,0x433aad0c,28.184555,26.185461,1011.10974,201.85376,179,,,5.5,-36,,3,3
2026-01-23 05:13:36.306851,0x433af380,28.151493,26.560425,1011.76685,110.10151,159,,,7.25,-10,,3,3
2026-01-23 05:13:40.814135,0x433b0b38,27.712698,28.667433,1010.75195,204.96397,173,,,5.75,-3,,5,5
2026-01-23 05:14:19.679089,0x433acb14,27.603523,27.711159,1011.1716,346.89224,116,,,7.75,-11,,3,3
2026-01-23 05:14:38.276618,0x433b0b38,27.727709,28.616932,1010.7818,204.96397,174,,,5.75,-3,,5,5
2026-01-23 05:14:40.332302,0x433af380,28.123653,26.570377,1011.75934,110.75427,158,,,6.25,-11,,3,3
2026-01-23 05:15:19.694977,0x433acb14,27.546732,27.794,1011.1618,348.349,115,,,6.75,-11,,3,3
2026-01-23 05:15:37.799886,0x433b0b38,27.725025,28.615887,1010.7873,205.5812,173,,,5.75,-3,,5,5
2026-01-23 05:15:39.856107,0x433af380,28.129389,26.812834,1011.8025,111.267365,160,,,6.25,-11,,3,3
2026-01-23 05:16:18.156158,0x433ad35c,27.432161,28.481472,1011.1639,182.1506,142,,,7.0,-29,,3,3
2026-01-23 05:16:22.459301,0x433acb14,27.554142,27.751701,1011.1798,349.4496,116,,,7.75,-11,,3,3
2026-01-23 05:16:30.681874,0x433aad0c,28.152319,26.338703,1011.1356,201.73012,179,,,5.75,-36,,3,3
2026-01-23 05:16:37.904603,0x433b0b38,27.727936,28.613111,1010.80695,206.20218,172,,,6.0,-3,,5,5
2026-01-23 05:16:40.469956,0x433af380,28.16906,26.527441,1011.80835,111.0469,158,,,7.0,-11,,3,3
2026-01-23 05:17:20.032675,0x433acb14,27.559032,27.733341,1011.2213,348.349,116,,,7.25,-11,,3,3
2026-01-23 05:17:36.652888,0x433af380,28.124905,26.60265,1011.8394,110.2459,159,,,7.25,-11,,3,3
2026-01-23 05:17:39.344369,0x433b0b38,27.724375,28.596062,1010.831,205.95334,173,,,6.0,-3,,5,5
2026-01-23 05:18:19.780679,0x433acb14,27.554749,27.728203,1011.25195,348.349,115,,,7.5,-11,,3,3
2026-01-23 05:18:38.119280,0x433b0b38,27.714207,28.600058,1010.8452,206.8269,173,,,5.75,-3,,5,5
2026-01-23 05:18:40.325943,0x433af380,28.126884,26.605394,1011.8558,106.67831,164,,,6.75,-11,,3,3
2026-01-23 05:19:17.907959,0x433ad35c,27.422798,28.488314,1011.2374,181.36461,141,,,6.75,-28,,3,3
2026-01-23 05:19:20.556040,0x433acb14,27.511244,27.78273,1011.2552,354.3005,115,,,7.5,-12,,3,3
2026-01-23 05:19:30.698463,0x433aad0c,28.166737,26.1844,1011.1932,202.72351,178,,,5.75,-37,,3,3
2026-01-23 05:19:38.837750,0x433b0b38,27.806387,28.469736,1010.8774,207.32942,172,,,6.0,-4,,5,5
2026-01-23 05:19:40.855039,0x433af380,28.118795,26.696533,1011.8748,100.493126,164,,,6.5,-11,,3,3
2026-01-23 05:20:20.426620,0x433acb14,27.51595,27.881783,1011.2742,350.18726,116,,,7.75,-11,,3,3
2026-01-23 05:20:38.332443,0x433b0b38,27.744518,28.585274,1010.8938,206.9523,173,,,6.25,-3,,5,5
2026-01-23 05:20:40.488967,0x433af380,28.1827,26.508066,1011.8908,109.88563,159,,,6.25,-10,,3,3
2026-01-23 05:21:19.783002,0x433acb14,27.507395,27.806,1011.2637,348.349,115,,,6.75,-11,,3,3
2026-01-23 05:21:38.082867,0x433af380,28.198568,26.478079,1011.9329,110.75427,158,,,6.0,-11,,3,3
2026-01-23 05:21:40.158004,0x433b0b38,27.740643,28.594488,1010.9128,206.9523,172,,,5.75,-3,,5,5
2026-01-23 05:22:17.863231,0x433ad35c,27.449455,28.436941,1011.2241,183.34242,140,,,6.25,-29,,3,3
2026-01-23 05:22:21.400418,0x433acb14,27.511244,27.797613,1011.25696,349.81802,115,,,7.0,-10,,3,3
2026-01-23 05:22:30.740183,0x433aad0c,28.175043,26.178915,1011.21014,204.7399,177,,,7.0,-36,,3,3
2026-01-23 05:22:38.210390,0x433b0b38,27.676435,28.77261,1010.88824,206.20218,172,,,6.0,-3,,5,5
2026-01-23 05:22:40.608266,0x433af380,28.207874,26.484915,1011.88684,111.48872,157,,,6.75,-10,,3,3
2026-01-23 05:23:21.079771,0x433acb14,27.498112,27.804146,1011.2866,350.928,115,,,7.5,-11,,3,3
2026-01-23 05:23:38.503554,0x433b0b38,27.686266,28.645273,1010.84045,205.45747,173,,,6.0,-3,,5,5
2026-01-23 05:23:40.571918,0x433af380,28.172525,26.493397,1011.8588,110.827286,158,,,6.25,-10,,3,3
2026-01-23 05:24:20.526944,0x433acb14,27.505787,27.814558,1011.2242,354.3005,114,,,6.75,-11,,3,3
2026-01-23 05:24:38.278751,0x433b0b38,27.642666,28.82888,1010.8294,204.84097,174,,,6.25,-3,,5,5
2026-01-23 05:24:40.343275,0x433af380,28.182737,26.466862,1011.87335,110.53583,157,,,6.5,-11,,3,3
2026-01-23 05:25:18.185014,0x433ad35c,27.449379,28.439682,1011.1758,183.14268,139,,,6.75,-29,,3,3
2026-01-23 05:25:21.892878,0x433acb14,27.533672,27.751478,1011.2481,350.928,115,,,7.0,-11,,3,3
2026-01-23 05:25:31.820791,0x433aad0c,28.164661,26.192892,1011.1957,204.99478,177,,,5.5,-37,,3,3
2026-01-23 05:25:38.862404,0x433b0b38,27.673027,28.694666,1010.8519,205.33388,173,,,6.0,-3,,5,5
2026-01-23 05:25:41.024474,0x433af380,28.16474,26.514727,1011.8446,111.267365,156,,,6.75,-11,,3,3
2026-01-23 05:26:21.310504,0x433acb14,27.539396,27.888758,1011.2362,352.79364,115,,,7.0,-10,,3,3
2026-01-23 05:26:38.277136,0x433b0b38,27.69708,28.65876,1010.82794,205.95334,173,,,5.75,-4,,5,5
2026-01-23 05:26:40.581784,0x433af380,28.162537,26.50529,1011.83185,111.34106,156,,,6.0,-11,,3,3
2026-01-23 05:27:20.667458,0x433acb14,27.529497,27.837349,1011.2171,350.18726,114,,,7.25,-11,,3,3
2026-01-23 05:27:38.484267,0x433b0b38,27.680857,28.706657,1010.8367,204.10605,174,,,6.0,-3,,5,5
2026-01-23 05:27:43.752613,0x433af380,28.172106,26.55696,1011.85004,111.78524,156,,,7.0,-11,,3,3
2026-01-23 05:28:19.321994,0x433ad35c,27.425077,28.464577,1011.1899,183.54257,140,,,6.0,-29,,3,3
2026-01-23 05:28:22.295555,0x433acb14,27.529045,27.738636,1011.22577,350.928,115,,,6.5,-12,,3,3
2026-01-23 05:28:33.903587,0x433aad0c,28.136845,26.305202,1011.1909,204.7399,177,,,6.0,-36,,3,3
2026-01-23 05:28:38.598103,0x433b0b38,27.68354,28.646166,1010.8259,207.45543,172,,,6.0,-3,,5,5
2026-01-23 05:28:42.381833,0x433af380,28.15498,26.702848,1011.842,106.20657,163,,,7.25,-10,,3,3
2026-01-23 05:29:22.137407,0x433acb14,27.53852,27.745707,1011.2311,351.29953,114,,,7.75,-10,,3,3
2026-01-23 05:29:41.117561,0x433b0b38,27.642513,28.873983,1010.8177,204.35042,173,,,5.75,-3,,5,5
2026-01-23 05:30:26.031466,0x433acb14,27.547071,27.746313,1011.24585,354.3005,114,,,5.75,-4,,3,2
2026-01-23 05:30:36.146369,0x433af380,28.160183,26.463678,1011.8206,111.12029,157,,,6.0,-11,,3,3
2026-01-23 05:30:38.916379,0x433b0b38,27.661043,28.722525,1010.8283,206.8269,173,,,5.75,-4,,5,5
2026-01-23 05:31:13.332647,0x9e9faaa4,,,,,,349,0.0033039476,7.0,-29,,3,2
2026-01-23 05:31:18.104566,0x433ad35c,27.450064,28.411177,1011.1896,183.14268,140,,,7.75,-29,,3,3
2026-01-23 05:31:22.731333,0x433acb14,27.520876,27.752802,1011.235,353.16916,114,,,7.0,-10,,3,3
2026-01-23 05:31:32.291754,0x433aad0c,28.159605,26.170544,1011.1592,205.12245,177,,,6.25,-37,,3,3
2026-01-23 05:31:34.360937,0x433af380,28.170282,26.501158,1011.83014,110.39068,158,,,7.0,-11,,3,3
2026-01-23 05:31:40.246980,0x433b0b38,27.689293,28.630457,1010.8416,207.83438,172,,,6.75,-3,,5,5
2026-01-23 05:32:23.330155,0x433acb14,27.516441,27.780819,1011.21246,352.41895,114,,,6.25,-11,,3,3
2026-01-23 05:32:36.732887,0x433af380,28.151676,26.508015,1011.8449,111.267365,156,,,7.0,-10,,3,3
2026-01-23 05:32:39.657627,0x433b0b38,27.663586,28.655022,1010.8301,208.72401,172,,,6.5,-3,,5,5
2026-01-23 05:33:24.203240,0x433acb14,27.51926,27.75951,1011.25464,351.67188,114,,,7.5,-11,,3,3
2026-01-23 05:33:35.378024,0x433af380,28.1576,26.480494,1011.8773,112.083336,155,,,7.25,-11,,3,3
2026-01-23 05:33:41.530123,0x433b0b38,27.657906,28.663666,1010.84406,208.34181,172,,,6.75,-3,,5,5
2026-01-23 05:34:18.130931,0x433ad35c,27.420067,28.454702,1011.2383,184.3476,139,,,7.25,-28,,3,3
2026-01-23 05:34:22.730259,0x433acb14,27.520607,27.756104,1011.27264,355.82028,113,,,7.0,-11,,3,3
2026-01-23 05:34:30.844451,0x433aad0c,28.18995,26.140312,1011.2249,205.63475,175,,,5.5,-36,,3,3
2026-01-23 05:34:36.811435,0x433af380,28.15779,26.490911,1011.91034,110.46322,157,,,6.75,-10,,3,3
2026-01-23 05:34:39.029840,0x433b0b38,27.766088,28.52428,1011.1381,205.95334,172,,,6.25,-3,,5,5
2026-01-23 05:35:23.311025,0x433acb14,27.547337,27.70745,1011.3023,353.92258,113,,,6.75,-11,,3,3
2026-01-23 05:35:36.612880,0x433af380,28.129805,26.506428,1011.93823,111.78524,155,,,6.5,-11,,3,3
2026-01-23 05:35:40.577638,0x433b0b38,27.681692,28.650995,1010.91724,208.08778,172,,,6.0,-3,,5,5
2026-01-23 05:36:26.932444,0x433acb14,27.536835,27.72555,1011.33124,354.6792,113,,,7.5,-12,,3,3
2026-01-23 05:36:37.584047,0x433af380,28.133867,26.52393,1011.9413,111.85961,155,,,7.25,-11,,3,3
2026-01-23 05:36:41.317832,0x433b0b38,27.68619,28.641674,1010.93274,209.2358,171,,,6.0,-3,,5,5
2026-01-23 05:37:18.182873,0x433ad35c,27.432747,28.41078,1011.3098,184.956,138,,,7.0,-29,,3,3
2026-01-23 05:37:23.806547,0x433acb14,27.577782,27.638554,1011.3699,354.3005,113,,,6.5,-10,,3,3
2026-01-23 05:37:31.084386,0x433aad0c,28.174286,26.15245,1011.2736,207.70976,174,,,5.5,-36,,3,3
2026-01-23 05:37:39.797841,0x433b0b38,27.658058,28.784773,1010.95984,207.20357,171,,,5.75,-3,,5,5
2026-01-23 05:37:42.150351,0x433af380,28.173054,26.475365,1011.97015,112.911354,153,,,6.5,-11,,3,3
2026-01-23 05:38:24.478536,0x433acb14,27.533443,27.69754,1011.36816,352.41895,114,,,6.75,-10,,3,3
2026-01-23 05:38:37.211444,0x433af380,28.142523,26.539703,1011.9937,112.083336,154,,,7.0,-11,,3,3
2026-01-23 05:38:41.279145,0x433b0b38,27.687098,28.634983,1010.9714,210.39655,171,,,6.25,-3,,5,5
2026-01-23 05:39:24.167226,0x433acb14,27.503569,27.766853,1011.3947,351.67188,114,,,7.75,-11,,3,3
2026-01-23 05:39:37.274038,0x433af380,28.14507,26.49286,1011.99255,113.13929,154,,,7.25,-10,,3,3
2026-01-23 05:39:41.868069,0x433b0b38,27.766466,28.47519,1011.2136,208.21472,171,,,6.25,-3,,5,5
2026-01-23 05:40:18.184622,0x433ad35c,27.405027,28.432297,1011.3541,184.54994,138,,,7.5,-30,,3,3
2026-01-23 05:40:24.297925,0x433acb14,27.49115,27.80339,1011.3971,353.16916,114,,,7.0,-11,,3,3
2026-01-23 05:40:31.113990,0x433aad0c,28.162285,26.153067,1011.3146,206.92674,174,,,5.75,-36,,3,3
2026-01-23 05:40:40.903768,0x433af380,28.13379,26.505037,1012.0093,112.15811,155,,,6.0,-11,,3,3
2026-01-23 05:40:43.055136,0x433b0b38,27.696968,28.632668,1010.98914,208.59645,172,,,6.0,-3,,5,5
2026-01-23 05:41:24.354223,0x433acb14,27.491613,27.77944,1011.39624,354.3005,113,,,7.25,-11,,3,3
2026-01-23 05:41:38.476556,0x433af380,28.142523,26.48369,1012.0163,112.60883,154,,,6.25,-11,,3,3
2026-01-23 05:41:42.298085,0x433b0b38,27.6767,28.597153,1011.00073,209.1076,171,,,6.75,-3,,5,5
2026-01-23 05:42:24.577224,0x433acb14,27.498451,27.750164,1011.40497,353.92258,113,,,7.75,-11,,3,3
2026-01-23 05:42:39.259508,0x433af380,28.134703,26.494747,1012.03534,113.215485,153,,,6.75,-10,,3,3
2026-01-23 05:42:41.257155,0x433b0b38,27.661156,28.62289,1011.01794,211.04698,170,,,6.25,-3,,5,5
2026-01-23 05:43:18.187298,0x433ad35c,27.419916,28.42268,1011.3937,183.34242,139,,,7.75,-29,,3,3
2026-01-23 05:43:25.058812,0x433acb14,27.495054,27.743351,1011.4075,353.92258,113,,,7.0,-11,,3,3
2026-01-23 05:43:30.902031,0x433aad0c,28.16394,26.149824,1011.3722,207.31752,174,,,5.5,-37,,3,3
2026-01-23 05:43:37.962384,0x433af380,28.132387,26.480383,1012.0503,112.083336,155,,,7.25,-12,,3,3
2026-01-23 05:43:42.529980,0x433b0b38,27.66834,28.680723,1011.0274,209.2358,171,,,6.0,-3,,5,5
2026-01-23 05:44:24.702301,0x433acb14,27.520685,27.868887,1011.4424,353.92258,113,,,7.5,-11,,3,3
2026-01-23 05:44:38.518893,0x433af380,28.141804,26.458157,1012.0581,112.75989,154,,,6.75,-11,,3,3
2026-01-23 05:44:41.000514,0x433b0b38,27.797022,28.419086,1011.27496,207.58159,171,,,5.75,-3,,5,5
2026-01-23 05:45:25.121712,0x433acb14,27.511244,27.756224,1011.4233,352.79364,113,,,7.0,-10,,3,3
2026-01-23 05:45:37.619096,0x433af380,28.128819,26.480001,1012.05145,112.00867,156,,,6.5,-11,,3,3
2026-01-23 05:45:42.279241,0x433b0b38,27.722982,28.540813,1011.028,210.78633,170,,,6.0,-3,,5,5
2026-01-23 05:46:18.235175,0x433ad35c,27.36744,28.478792,1011.42444,184.3476,139,,,8.0,-29,,3,3
2026-01-23 05:46:25.028385,0x433acb14,27.519072,27.753431,1011.46204,355.05875,113,,,7.25,-11,,3,3
2026-01-23 05:46:30.952320,0x433aad0c,28.187689,26.108313,1011.39374,208.23509,173,,,5.75,-37,,3,3
2026-01-23 05:46:38.564448,0x433af380,28.128971,26.492754,1012.07404,113.215485,154,,,7.0,-10,,3,3
2026-01-23 05:46:40.789353,0x433b0b38,27.68335,28.64391,1011.04755,209.49265,171,,,6.25,-4,,5,5
2026-01-23 05:47:25.934008,0x433acb14,27.515522,27.729288,1011.46265,352.045,113,,,7.0,-11,,3,3
2026-01-23 05:47:38.206147,0x433af380,28.142448,26.474173,1012.0547,112.987236,153,,,7.25,-11,,3,3
2026-01-23 05:47:41.177646,0x433b0b38,27.657562,28.735723,1011.0505,209.49265,170,,,6.0,-3,,5,5
2026-01-23 05:48:23.466512,0x433acb14,27.508686,27.721558,1011.4551,353.92258,113,,,6.5,-11,,3,3
2026-01-23 05:48:39.732925,0x433af380,28.132387,26.478598,1012.07117,112.60883,153,,,7.0,-11,,3,3
2026-01-23 05:48:41.730772,0x433b0b38,27.661495,28.608635,1011.05664,211.04698,170,,,5.75,-4,,5,5
2026-01-23 05:49:18.295892,0x433ad35c,27.39751,28.436773,1011.43964,185.1597,138,,,6.75,-29,,3,3
2026-01-23 05:49:23.479563,0x433acb14,27.566435,27.605034,1011.4567,360.45886,112,,,7.0,-10,,3,3
2026-01-23 05:49:31.134578,0x433aad0c,28.136086,26.264662,1011.4069,206.27873,174,,,5.75,-36,,3,3
2026-01-23 05:49:39.672120,0x433b0b38,27.673033,28.611183,1011.07983,210.5263,170,,,6.0,-3,,5,5
2026-01-23 05:49:48.479645,0x433af380,28.113436,26.555187,1012.07367,109.456375,160,,,6.75,-11,,3,3
2026-01-23 05:50:23.694324,0x433acb14,27.485655,27.749586,1011.4775,353.92258,113,,,7.5,-11,,3,3
2026-01-23 05:50:39.051145,0x433af380,28.11891,26.520077,1012.09766,112.30795,154,,,6.25,-11,,3,3
2026-01-23 05:50:41.204486,0x433b0b38,27.723028,28.506725,1011.0671,211.17757,170,,,6.25,-3,,5,5
2026-01-23 05:51:23.639672,0x433acb14,27.467741,27.781546,1011.46246,356.20227,112,,,7.25,-11,,3,3
2026-01-23 05:51:38.540421,0x433af380,28.10592,26.510693,1012.0943,112.458206,154,,,6.5,-11,,3,3
2026-01-23 05:51:41.296073,0x433b0b38,27.781404,28.394281,1011.3207,210.78633,170,,,6.0,-4,,5,5
2026-01-23 05:52:18.272506,0x433ad35c,27.395004,28.460152,1011.4303,185.56844,138,,,6.0,-28,,3,3
2026-01-23 05:52:23.705121,0x433acb14,27.463072,27.761236,1011.4649,357.35315,112,,,7.75,-10,,3,3
2026-01-23 05:52:30.949650,0x433aad0c,28.153866,26.133537,1011.4075,208.63081,172,,,5.75,-37,,3,3
2026-01-23 05:52:39.494000,0x433af380,28.094036,26.546223,1012.0947,113.06322,153,,,7.25,-11,,3,3
2026-01-23 05:52:41.606855,0x433b0b38,27.688915,28.587559,1011.06976,211.17757,169,,,6.0,-4,,5,5
2026-01-23 05:53:24.119363,0x433acb14,27.446352,27.825516,1011.4671,355.4391,112,,,7.25,-11,,3,3
2026-01-23 05:53:39.937580,0x433af380,28.06294,26.568798,1012.09045,111.56271,156,,,6.5,-11,,3,3
2026-01-23 05:53:42.675639,0x433b0b38,27.67084,28.657202,1011.0742,210.39655,170,,,6.0,-3,,5,5
2026-01-23 05:54:24.408490,0x433acb14,27.44471,27.799067,1011.473,356.58505,112,,,7.5,-11,,3,3
2026-01-23 05:54:40.071812,0x433b0b38,27.673294,28.570662,1011.045,211.57025,169,,,6.0,-3,,5,5
2026-01-23 05:54:49.658180,0x433af380,28.0619,26.584513,1012.0707,112.75989,154,,,6.25,-11,,3,3
2026-01-23 05:55:18.493024,0x433ad35c,27.38498,28.44257,1011.4303,184.3476,139,,,7.0,-29,,3,3
2026-01-23 05:55:23.634038,0x433acb14,27.4318,27.813763,1011.45154,354.6792,113,,,7.25,-11,,3,3
2026-01-23 05:55:31.122583,0x433aad0c,28.164888,26.111206,1011.40485,209.82707,172,,,5.75,-36,,3,3
2026-01-23 05:55:40.557656,0x433b0b38,27.673523,28.533918,1011.04663,211.57025,169,,,6.0,-3,,5,5
2026-01-23 05:55:42.743320,0x433af380,28.058083,26.537762,1012.077,114.37076,154,,,7.5,-11,,3,3
2026-01-23 05:56:23.843311,0x433acb14,27.452387,27.779787,1011.4657,358.8993,112,,,6.0,-11,,3,3
2026-01-23 05:56:39.816364,0x433af380,28.00769,26.654896,1012.1023,112.83557,153,,,6.75,-11,,3,3
2026-01-23 05:56:41.970215,0x433b0b38,27.6632,28.585482,1011.07104,212.62457,169,,,6.0,-3,,5,5
2026-01-23 05:57:23.897802,0x433acb14,27.442074,27.87202,1011.48413,355.82028,112,,,6.5,-11,,3,3
2026-01-23 05:57:40.101719,0x433b0b38,27.64942,28.60108,1011.0714,212.09612,169,,,6.25,-4,,5,5
2026-01-23 05:57:42.337572,0x433af380,27.986961,26.757872,1012.1007,105.539856,159,,,6.5,-10,,3,3
2026-01-23 05:58:18.574165,0x433ad35c,27.36159,28.458855,1011.45544,185.97899,138,,,7.25,-29,,3,3
2026-01-23 05:58:23.679137,0x433acb14,27.473047,27.783493,1011.50726,360.06772,111,,,7.75,-11,,3,3
2026-01-23 05:58:31.209671,0x433aad0c,28.184021,26.087486,1011.4492,209.02806,172,,,6.0,-37,,3,3
2026-01-23 05:58:40.967108,0x433b0b38,27.64482,28.622133,1011.0938,212.36002,169,,,6.25,-3,,5,5
2026-01-23 05:58:43.215178,0x433af380,28.101177,26.485931,1012.1349,113.828705,152,,,6.5,-10,,3,3
2026-01-23 05:59:24.032655,0x433acb14,27.488213,27.740398,1011.45795,359.67737,111,,,6.5,-11,,3,3
2026-01-23 05:59:41.412054,0x433b0b38,27.647545,28.585083,1011.09485,212.88982,169,,,5.75,-4,,5,5
2026-01-23 05:59:42.377204,0x433af380,28.05094,26.547709,1012.0888,114.13782,151,,,6.25,-12,,3,3
2026-01-23 06:00:23.965356,0x433acb14,27.477825,27.782143,1011.5143,357.35315,111,,,7.25,-11,,3,3
2026-01-23 06:00:40.335932,0x433b0b38,27.648453,28.56085,1011.1335,214.63007,168,,,6.0,-3,,5,5
2026-01-23 06:00:42.334260,0x433af380,28.057854,26.533607,1012.13617,112.53347,155,,,6.25,-11,,3,3
2026-01-22 13:01:04.318881,0x433ad35c,26.11441,36.506863,1011.7436,57.059616,378,,,5.75,-33,,3,3
2026-01-22 13:01:17.819137,0x433b0b38,22.084234,44.570953,1011.4778,10.136205,177,,,7.0,-4,,5,5
2026-01-22 13:01:20.540101,0x433aad0c,27.565678,32.225357,1011.69965,177.81317,193,,,5.75,-39,,3,3
2026-01-22 13:01:38.522963,0x433acb14,22.530724,44.010254,1011.7028,11.018299,73,,,6.0,-12,,3,3
2026-01-22 13:02:16.759203,0x433b0b38,22.500723,43.665894,1011.42206,16.368286,215,,,5.75,-3,,5,5
2026-01-22 13:02:38.763087,0x433acb14,22.915249,42.56715,1011.71844,13.617658,123,,,5.5,-12,,3,3
2026-01-22 13:03:16.697564,0x433b0b38,22.896795,42.82858,1011.38324,22.237665,281,,,5.75,-3,,5,5
2026-01-22 13:03:37.113627,0x433acb14,23.280575,41.877453,1011.6842,16.727797,209,,,6.25,-12,,3,3
2026-01-22 13:04:04.220684,0x433ad35c,26.417793,36.016155,1011.70044,62.862686,350,,,5.75,-26,,3,3
2026-01-22 13:04:16.715250,0x433b0b38,23.264471,41.679535,1011.3901,27.717627,373,,,6.75,-4,,5,5
2026-01-22 13:04:19.990553,0x433aad0c,27.694275,31.977701,1011.61316,184.06593,188,,,5.75,-40,,3,3
2026-01-22 13:04:37.102732,0x433acb14,23.621674,41.048973,1011.67365,19.899763,333,,,5.75,-12,,3,3
2026-01-22 13:05:17.410176,0x433b0b38,23.583181,41.22467,1011.3823,32.437912,493,,,6.0,-3,,5,5
2026-01-22 13:05:37.160045,0x433acb14,23.938835,40.257816,1011.637,23.872091,491,,,6.5,-12,,3,3
2026-01-22 13:06:19.061454,0x433b0b38,23.884336,40.626205,1011.35254,36.613274,500,,,5.75,-3,,5,5
2026-01-22 13:06:37.989971,0x433acb14,24.215208,39.720978,1011.63074,27.404108,500,,,6.0,-12,,3,3
2026-01-22 13:07:04.346219,0x433ad35c,26.678423,35.44765,1011.6337,67.18335,329,,,6.75,-25,,3,3
2026-01-22 13:07:16.822331,0x433b0b38,24.12978,40.289867,1011.3273,39.975014,500,,,5.75,-3,,5,5
2026-01-22 13:07:20.408071,0x433aad0c,27.800228,31.911617,1011.5787,184.26842,187,,,5.5,-38,,3,3
2026-01-22 13:07:37.372063,0x433acb14,24.46087,39.207764,1011.5753,31.632757,493,,,7.5,-10,,3,3
2026-01-22 13:08:16.889851,0x433b0b38,24.346825,40.102367,1011.28656,43.039677,500,,,6.0,-4,,5,5
2026-01-22 13:08:37.377250,0x433acb14,24.698858,39.10437,1011.56085,36.032192,468,,,6.25,-11,,3,3
2026-01-22 13:09:17.269796,0x433b0b38,24.604134,39.631905,1011.2761,46.664234,500,,,5.75,-3,,5,5
2026-01-22 13:09:37.252901,0x433acb14,24.902857,38.59108,1011.5444,38.921406,451,,,7.5,-11,,3,3
2026-01-22 13:10:04.438331,0x433ad35c,26.891436,34.89915,1011.56433,71.285324,310,,,5.75,-26,,3,3
2026-01-22 13:10:16.850204,0x433b0b38,24.796824,39.077568,1011.22687,50.3937,491,,,6.0,-4,,5,5
2026-01-22 13:10:21.389794,0x433aad0c,27.954758,31.488281,1011.49396,186.00734,186,,,5.5,-38,,3,3
2026-01-22 13:10:37.306774,0x433acb14,25.029045,38.460396,1011.5257,42.829338,433,,,6.75,-11,,3,3
2026-01-22 13:11:17.327656,0x433b0b38,24.986412,38.670116,1011.2481,53.056995,478,,,8.0,-3,,5,5
2026-01-22 13:11:37.328901,0x433acb14,25.277193,37.58577,1011.51776,47.907677,414,,,6.0,-12,,3,3
2026-01-22 13:12:16.841614,0x433b0b38,25.176262,38.108524,1011.23425,56.687332,464,,,5.75,-4,,5,5
2026-01-22 13:12:37.846098,0x433acb14,25.430735,37.207443,1011.48883,52.044785,398,,,6.0,-12,,3,3
2026-01-22 13:13:05.515864,0x433ad35c,27.069403,34.45921,1011.4898,75.4438,294,,,6.5,-25,,3,3
2026-01-22 13:13:20.755913,0x433b0b38,25.302938,37.91807,1011.1999,58.7156,453,,,5.75,-3,,5,5
2026-01-22 13:13:23.757648,0x433aad0c,28.01979,31.380447,1011.4202,190.08693,183,,,7.5,-38,,3,3
2026-01-22 13:13:37.450367,0x433acb14,25.599632,36.908585,1011.48566,56.73414,382,,,5.75,-12,,3,3
2026-01-22 13:14:16.986298,0x433b0b38,25.517473,37.396942,1011.1767,61.288002,444,,,6.0,-4,,5,5
2026-01-22 13:14:37.502113,0x433acb14,25.737818,36.314423,1011.461,61.444073,368,,,6.5,-12,,3,3
2026-01-22 13:15:17.117226,0x433b0b38,25.588232,37.140858,1011.1501,63.00763,437,,,6.25,-3,,5,5
2026-01-22 13:15:37.324100,0x433acb14,25.845263,35.988266,1011.44214,65.44756,356,,,6.0,-13,,3,3
2026-01-22 13:16:04.420779,0x433ad35c,27.239666,33.84689,1011.43835,80.347244,277,,,5.75,-29,,3,3
2026-01-22 13:16:17.015271,0x433b0b38,25.79393,36.759228,1011.1553,66.54536,425,,,6.0,-3,,5,5
2026-01-22 13:16:22.909149,0x433aad0c,28.129915,30.675087,1011.37195,197.61467,179,,,6.25,-29,,3,2
2026-01-22 13:16:37.455155,0x433acb14,25.985895,35.714794,1011.42,69.37592,346,,,6.25,-14,,3,3
2026-01-22 13:17:17.071541,0x433b0b38,25.894773,36.578888,1011.1417,69.02129,415,,,6.0,-5,,5,5
2026-01-22 13:17:40.055293,0x433acb14,26.10636,35.52373,1011.4123,73.48459,334,,,6.5,-12,,3,3
2026-01-22 13:18:17.130161,0x433b0b38,25.96681,36.275883,1011.1148,71.56835,406,,,5.75,-3,,5,5
2026-01-22 13:18:37.344041,0x433acb14,26.206123,35.309986,1011.4093,76.20574,326,,,6.25,-13,,3,3
2026-01-22 13:19:04.328309,0x433ad35c,27.367554,33.460987,1011.3916,84.8054,263,,,5.75,-31,,3,3
2026-01-22 13:19:17.529828,0x433b0b38,26.08486,35.920776,1011.0818,74.1814,398,,,6.25,-4,,5,5
2026-01-22 13:19:20.888060,0x433aad0c,28.21494,30.461079,1011.3709,201.97757,176,,,7.0,-38,,3,3
2026-01-22 13:19:37.561378,0x433acb14,26.368599,34.881824,1011.4202,80.72618,316,,,5.5,-12,,3,3
2026-01-22 13:20:17.241599,0x433b0b38,26.192245,35.745506,1011.07623,76.372314,390,,,6.5,-5,,5,5
2026-01-22 13:20:37.416913,0x433acb14,26.429138,34.818752,1011.36176,85.0383,307,,,6.0,-11,,3,3
2026-01-22 13:21:17.689034,0x433b0b38,26.36413,35.286034,1011.0645,78.69659,383,,,5.75,-4,,5,5
2026-01-22 13:21:37.978138,0x433acb14,26.533718,34.463207,1011.37946,89.26684,298,,,5.75,-12,,3,3
2026-01-22 13:22:04.335493,0x433ad35c,27.505386,32.911324,1011.38763,88.00144,252,,,6.75,-34,,3,3
2026-01-22 13:22:17.230570,0x433b0b38,26.357601,35.168964,1011.05725,79.95003,378,,,6.0,-4,,5,5
2026-01-22 13:22:20.921238,0x433aad0c,28.296244,30.128252,1011.3292,208.36682,172,,,5.75,-38,,3,3
2026-01-22 13:22:37.447551,0x433acb14,26.597656,34.238087,1011.3494,93.625175,290,,,6.0,-13,,3,3
2026-01-22 13:23:17.229481,0x433b0b38,26.460035,35.005013,1011.0462,82.262215,371,,,5.5,-4,,5,5
2026-01-22 13:23:37.506065,0x433acb14,26.653955,34.02714,1011.3732,94.80337,286,,,5.75,-13,,3,3
2026-01-22 13:24:17.085017,0x433b0b38,26.612228,34.75277,1011.0653,84.46057,364,,,6.0,-3,,5,5
2026-01-22 13:24:38.178972,0x433acb14,26.73818,33.89356,1011.3388,98.799774,278,,,6.5,-12,,3,3
2026-01-22 13:25:04.423140,0x433ad35c,27.615538,32.77962,1011.34015,91.54742,241,,,5.75,-33,,3,3
2026-01-22 13:25:18.369018,0x433b0b38,26.68672,34.541607,1011.03406,86.253365,358,,,6.5,-3,,5,5
2026-01-22 13:25:22.053822,0x433aad0c,28.369398,29.97976,1011.29614,213.36134,169,,,5.75,-36,,3,3
2026-01-22 13:25:38.221463,0x433acb14,26.720682,34.04293,1011.31506,100.088974,273,,,6.0,-13,,3,3
2026-01-22 13:26:18.508758,0x433b0b38,26.739729,34.426945,1011.02454,87.312416,353,,,7.0,-4,,5,5
2026-01-22 13:26:38.022568,0x433acb14,26.82545,33.70264,1011.3136,104.29543,267,,,7.75,-12,,3,3
2026-01-22 13:27:17.255719,0x433b0b38,26.834791,34.330063,1011.0451,89.60448,347,,,6.0,-4,,5,5
2026-01-22 13:27:37.599204,0x433acb14,26.912422,33.429157,1011.30914,108.5209,261,,,5.75,-12,,3,3
2026-01-22 13:28:02.660730,0x9e9faaa4,,,,,,240,0.0038836447,7.25,-30,,3,3
2026-01-22 13:28:04.417366,0x433ad35c,27.61254,32.815052,1011.33575,93.17089,232,,,5.5,-31,,3,3
2026-01-22 13:28:17.182936,0x433b0b38,26.930763,34.142773,1011.00714,90.94138,342,,,6.0,-4,,5,5
2026-01-22 13:28:20.444869,0x433aad0c,28.396912,29.854961,1011.2665,216.30411,166,,,7.25,-40,,3,3
2026-01-22 13:28:37.744925,0x433acb14,26.963602,33.30283,1011.3121,112.800804,254,,,6.0,-12,,3,3
2026-01-22 13:29:17.719031,0x433b0b38,26.967026,34.17663,1011.0321,92.020134,337,,,6.5,-4,,5,5
2026-01-22 13:29:38.008530,0x433acb14,26.991867,33.484386,1011.2983,114.95233,251,,,7.5,-11,,3,3
2026-01-22 13:30:17.219070,0x433b0b38,27.044088,34.06856,1011.0135,94.27362,331,,,7.0,-3,,5,5
2026-01-22 13:30:37.708943,0x433acb14,27.055767,33.261906,1011.2922,117.02497,246,,,6.0,-12,,3,3
2026-01-22 13:31:04.763128,0x433ad35c,27.765942,32.38213,1011.316,94.718315,225,,,5.75,-31,,3,3
2026-01-22 13:31:18.008195,0x433b0b38,27.169628,33.811413,1011.02155,96.349266,325,,,6.0,-3,,5,5
2026-01-22 13:31:21.291876,0x433aad0c,28.450476,29.86766,1011.2577,216.87383,166,,,7.75,-36,,3,3
2026-01-22 13:31:37.809358,0x433acb14,27.060846,33.58105,1011.3248,118.08958,242,,,6.0,-12,,3,3
2026-01-22 13:32:17.247825,0x433b0b38,27.208536,33.659286,1011.014,97.28292,322,,,6.0,-3,,5,5
2026-01-22 13:32:37.623238,0x433acb14,27.155193,33.013496,1011.3126,123.26516,237,,,6.0,-13,,3,3
2026-01-22 13:33:17.287614,0x433b0b38,27.244308,33.568043,1011.0154,100.72791,317,,,6.0,-4,,5,5
2026-01-22 13:33:37.655381,0x433acb14,27.236628,32.80453,1011.3096,125.93284,232,,,5.75,-12,,3,3
2026-01-22 13:34:04.682765,0x433ad35c,27.836187,32.258503,1011.317,96.51263,218,,,6.25,-32,,3,3
2026-01-22 13:34:18.158254,0x433b0b38,27.35264,33.391994,1011.01764,100.96628,313,,,5.75,-3,,5,5
2026-01-22 13:34:20.877341,0x433aad0c,28.489986,29.734684,1011.2641,216.02032,166,,,6.5,-38,,3,3
2026-01-22 13:34:37.691180,0x433acb14,27.231777,32.700962,1011.32654,129.31035,228,,,6.25,-12,,3,3
2026-01-22 13:35:18.187670,0x433b0b38,27.355175,33.401318,1010.9985,102.29771,310,,,5.75,-3,,5,5
2026-01-22 13:35:38.001014,0x433acb14,27.349209,32.605267,1011.35114,131.42523,224,,,6.25,-11,,3,3
2026-01-22 13:36:17.499801,0x433b0b38,27.383574,33.291504,1011.0183,103.727715,306,,,6.25,-3,,5,5
2026-01-22 13:36:38.587210,0x433acb14,27.33467,32.60368,1011.34106,134.56938,220,,,6.0,-12,,3,3
2026-01-22 13:37:04.544544,0x433ad35c,27.86364,32.12574,1011.3123,98.31872,211,,,6.25,-28,,3,3
2026-01-22 13:37:18.024975,0x433b0b38,27.401571,33.271893,1010.98895,105.06875,302,,,6.25,-3,,5,5
2026-01-22 13:37:21.531751,0x433aad0c,28.534082,29.636427,1011.26825,216.87383,166,,,6.5,-37,,3,3
2026-01-22 13:37:37.961154,0x433acb14,27.365417,32.65324,1011.3143,134.89207,218,,,7.0,-11,,3,3
2026-01-22 13:38:17.913657,0x433b0b38,27.405651,33.246773,1010.97925,104.5538,300,,,6.0,-3,,5,5
2026-01-22 13:38:37.755020,0x433acb14,27.416597,32.49319,1011.3001,139.4628,213,,,6.25,-12,,3,3
2026-01-22 13:39:18.920995,0x433b0b38,27.401533,33.555717,1010.98553,105.98219,296,,,6.0,-3,,5,5
2026-01-22 13:39:38.040501,0x433acb14,27.48298,32.659946,1011.3188,141.0953,209,,,6.0,-12,,3,3
2026-01-22 13:40:04.733742,0x433ad35c,27.906359,32.318996,1011.27997,99.07189,206,,,5.75,-27,,3,3
2026-01-22 13:40:19.035665,0x433b0b38,27.45296,33.468067,1010.9949,106.84474,293,,,5.75,-4,,5,5
2026-01-22 13:40:22.664083,0x433aad0c,28.573711,29.801113,1011.2403,216.30411,166,,,7.5,-37,,3,3
2026-01-22 13:40:37.822020,0x433acb14,27.495283,32.72755,1011.28577,142.285,207,,,5.75,-13,,3,3
2026-01-22 13:41:19.204556,0x433b0b38,27.528957,33.289753,1010.94086,107.789474,289,,,5.5,-4,,5,5
2026-01-22 13:41:37.829446,0x433acb14,27.546541,32.558544,1011.29724,145.85135,203,,,7.25,-10,,3,3
2026-01-22 13:42:19.033707,0x433b0b38,27.557701,33.327225,1010.9576,108.95935,286,,,6.0,-3,,5,5
2026-01-22 13:42:38.352415,0x433acb14,27.592907,32.584538,1011.3206,148.28645,201,,,7.5,-11,,3,3
2026-01-22 13:43:05.412273,0x433ad35c,27.976753,32.490356,1011.29645,101.46349,199,,,6.75,-29,,3,3
2026-01-22 13:43:20.835976,0x433b0b38,27.599184,33.50004,1010.97107,108.40567,284,,,5.75,-4,,5,5
2026-01-22 13:43:24.031195,0x433aad0c,28.554049,29.970488,1011.27826,214.19395,167,,,6.0,-39,,3,3
2026-01-22 13:43:38.196330,0x433acb14,27.587715,32.68807,1011.3188,148.94086,198,,,7.5,-11,,3,3
2026-01-22 13:44:19.823485,0x433b0b38,27.606365,33.414124,1010.9824,107.51785,283,,,6.25,-3,,5,5
2026-01-22 13:44:38.278058,0x433acb14,28.138561,31.834179,1012.47125,148.80951,197,,,5.5,-12,,3,3
2026-01-22 13:45:20.053960,0x433b0b38,27.671633,33.400658,1010.98865,108.95935,279,,,6.0,-5,,5,5
2026-01-22 13:45:38.305878,0x433acb14,27.679268,32.633514,1011.36554,153.96896,195,,,6.25,-11,,3,3
2026-01-22 13:46:04.659239,0x433ad35c,28.056345,32.315575,1011.3335,103.01777,198,,,6.0,-27,,3,3
2026-01-22 13:46:21.115257,0x433b0b38,27.766579,33.21585,1011.03076,111.087,275,,,6.25,-3,,5,5
2026-01-22 13:46:23.195991,0x433aad0c,28.642866,29.818016,1011.2875,210.90204,168,,,5.75,-37,,3,3
2026-01-22 13:46:38.165171,0x433acb14,27.70404,32.8386,1011.348,155.38675,193,,,5.75,-12,,3,3
2026-01-22 13:47:20.365957,0x433b0b38,27.797512,33.29285,1011.0651,112.03501,272,,,6.0,-3,,5,5
2026-01-22 13:47:38.029828,0x433acb14,27.746418,32.664062,1011.3807,156.68524,192,,,6.0,-9,,3,3
2026-01-22 13:48:20.592113,0x433b0b38,27.820616,33.25569,1011.0612,112.70086,270,,,5.75,-3,,5,5
2026-01-22 13:48:38.928507,0x433acb14,27.76742,32.622303,1011.4017,157.56302,191,,,6.75,-11,,3,3
2026-01-22 13:49:04.531271,0x433ad35c,28.046358,32.62688,1011.37506,103.27089,196,,,7.0,-26,,3,3
2026-01-22 13:49:21.784465,0x433aad0c,28.713905,29.91556,1011.34406,209.02806,170,,,6.0,-36,,3,3
2026-01-22 13:49:23.862849,0x433b0b38,27.903936,33.090652,1011.0768,113.0742,267,,,6.0,-3,,5,5
2026-01-22 13:49:38.392094,0x433acb14,27.768915,32.77976,1011.3907,159.1981,191,,,7.25,-11,,3,3
2026-01-22 13:50:20.612879,0x433b0b38,27.853966,33.32999,1011.0261,113.82837,265,,,6.25,-4,,5,5
2026-01-22 13:50:38.194096,0x433acb14,27.803244,32.684986,1011.3665,160.25641,190,,,6.75,-11,,3,3
2026-01-22 13:51:20.850705,0x433b0b38,27.895182,33.215607,1011.0261,114.82395,262,,,6.25,-3,,5,5
2026-01-22 13:51:39.001105,0x433acb14,27.782282,32.672424,1011.37964,160.71428,189,,,7.0,-11,,3,3
2026-01-22 13:52:04.551279,0x433ad35c,28.131222,32.35775,1011.36884,104.88148,194,,,5.75,-27,,3,3
2026-01-22 13:52:20.812279,0x433aad0c,28.71598,29.945219,1011.3332,208.63081,170,,,5.75,-36,,3,3
2026-01-22 13:52:23.825793,0x433b0b38,27.913181,33.09219,1011.0333,115.837105,259,,,6.0,-3,,5,5
2026-01-22 13:52:38.331253,0x433acb14,27.866655,32.257946,1011.3327,165.7662,187,,,7.5,-11,,3,3
2026-01-22 13:53:21.051472,0x433b0b38,27.910538,32.98021,1011.01715,115.68007,257,,,6.25,-3,,5,5
2026-01-22 13:53:38.090892,0x433acb14,27.859169,32.279507,1011.3403,167.24478,186,,,6.0,-11,,3,3
2026-01-22 13:54:21.051264,0x433b0b38,27.938932,32.971367,1011.00366,117.02857,255,,,6.25,-3,,5,5
2026-01-22 13:54:38.249746,0x433acb14,27.851942,32.32766,1011.30664,168.41318,185,,,7.5,-10,,3,3
2026-01-22 13:55:04.574449,0x433ad35c,28.138552,32.219105,1011.3455,107.980095,192,,,5.5,-27,,3,3
2026-01-22 13:55:21.035849,0x433b0b38,27.966536,32.927315,1011.005,116.6287,254,,,6.0,-3,,5,5
2026-01-22 13:55:23.160329,0x433aad0c,28.730585,29.84072,1011.295,208.76306,170,,,6.5,-36,,3,3
2026-01-22 13:55:39.344940,0x433acb14,27.925362,32.119564,1011.33484,171.14603,183,,,6.75,-11,,3,3
2026-01-22 13:56:21.450357,0x433b0b38,28.00314,32.902424,1010.9744,117.189285,251,,,6.25,-3,,5,5
2026-01-22 13:56:38.551920,0x433acb14,27.877272,32.152454,1011.29,172.19388,183,,,7.5,-11,,3,3
2026-01-22 13:57:22.833042,0x433b0b38,28.026432,32.842934,1010.98035,118.40888,249,,,6.25,-3,,5,5
2026-01-22 13:57:38.888414,0x433acb14,27.88743,32.152115,1011.30585,173.4327,182,,,5.75,-11,,3,3
2026-01-22 13:58:04.798952,0x433ad35c,28.141626,32.143715,1011.31683,109.17208,191,,,5.75,-28,,3,3
2026-01-22 13:58:20.121801,0x433b0b38,28.06916,32.73681,1010.97296,119.31951,246,,,6.5,-3,,5,5
2026-01-22 13:58:24.732850,0x433aad0c,28.774374,29.659101,1011.2835,209.02806,170,,,5.75,-36,,3,3
2026-01-22 13:58:38.824015,0x433acb14,27.877234,32.173042,1011.3277,173.61111,182,,,7.5,-10,,3,3
2026-01-22 13:59:20.160774,0x433b0b38,28.051994,32.781513,1010.954,119.65412,245,,,6.0,-4,,5,5
2026-01-22 13:59:40.907239,0x433acb14,27.892624,32.085545,1011.3059,176.33229,180,,,7.0,-10,,3,3
2026-01-23 03:01:14.028541,0x433acb14,27.784801,28.163906,1011.6329,329.00583,123,,,7.5,-11,,3,3
2026-01-23 03:01:17.320844,0x433ad35c,27.906244,28.55665,1011.5945,169.82323,151,,,6.25,-29,,3,3
2026-01-23 03:01:29.562300,0x433aad0c,28.647697,26.26371,1011.552,190.08693,190,,,5.75,-36,,3,3
2026-01-23 03:01:34.388127,0x433b0b38,28.139381,28.723812,1011.21967,192.58981,180,,,5.5,-4,,5,5
2026-01-23 03:02:03.801183,0x433af380,28.470707,26.973768,1012.2627,88.744675,184,,,7.25,-11,,3,3
2026-01-23 03:02:14.031914,0x433acb14,27.775131,28.126352,1011.63605,326.73798,124,,,7.75,-10,,3,3
2026-01-23 03:02:32.513518,0x433b0b38,28.154882,28.685379,1011.2158,193.35347,180,,,6.0,-4,,5,5
2026-01-23 03:03:04.368544,0x433af380,28.505337,26.788939,1012.249,97.4073,181,,,7.0,-11,,3,3
2026-01-23 03:03:13.927723,0x433acb14,27.80776,28.035992,1011.6341,328.67993,124,,,6.25,-11,,3,3
2026-01-23 03:03:32.884438,0x433b0b38,28.157381,28.70682,1011.2185,191.94002,181,,,6.25,-3,,5,5
2026-01-23 03:04:03.147946,0x433af380,28.511223,26.776854,1012.26086,100.37312,176,,,7.0,-10,,3,3
2026-01-23 03:04:15.861269,0x433ad35c,27.903736,28.551697,1011.58856,169.13985,151,,,6.75,-29,,3,3
2026-01-23 03:04:29.424155,0x433aad0c,28.632523,26.341516,1011.5612,188.34761,191,,,5.25,-36,,3,3
2026-01-23 03:04:32.174733,0x433acb14,27.809784,28.082851,1011.62317,330.97498,123,,,6.75,-10,,3,2
2026-01-23 03:04:34.894817,0x433b0b38,28.154694,28.67437,1011.18726,191.61676,180,,,6.0,-3,,5,5
2026-01-23 03:05:01.542807,0x433af380,28.51631,26.781086,1012.2412,100.0744,177,,,6.25,-10,,3,3
2026-01-23 03:05:14.619836,0x433acb14,27.835987,28.05787,1011.6238,327.38275,124,,,7.75,-11,,3,3
2026-01-23 03:05:32.422294,0x433b0b38,28.146223,28.678545,1011.1875,192.91637,180,,,6.0,-3,,5,5
2026-01-23 03:06:04.712064,0x433af380,28.507917,26.782751,1012.23065,99.30596,178,,,7.0,-11,,3,3
2026-01-23 03:06:13.880060,0x433acb14,27.913023,27.923721,1011.5928,328.67993,124,,,7.75,-11,,3,3
2026-01-23 03:06:32.455655,0x433b0b38,28.13424,28.70479,1011.1687,192.80737,180,,,6.25,-3,,5,5
2026-01-23 03:07:03.746030,0x433af380,28.48058,26.838463,1012.2288,98.72285,180,,,6.75,-11,,3,3
2026-01-23 03:07:14.616654,0x433acb14,27.83625,28.000004,1011.56714,328.35468,123,,,7.5,-11,,3,3
2026-01-23 03:07:17.047143,0x433ad35c,27.850958,28.63022,1011.55865,168.29327,152,,,6.5,-28,,3,3
2026-01-23 03:07:29.439721,0x433aad0c,28.632599,26.236958,1011.5166,189.75836,190,,,5.25,-36,,3,3
2026-01-23 03:07:32.712631,0x433b0b38,28.104929,28.753536,1011.174,192.4812,181,,,6.0,-3,,5,5
2026-01-23 03:08:05.800077,0x433af380,28.445265,26.864359,1012.1954,99.541145,178,,,7.5,-10,,3,3
2026-01-23 03:08:14.700778,0x433acb14,27.94373,27.856216,1011.57477,331.30548,123,,,6.25,-11,,3,3
2026-01-23 03:08:32.742304,0x433b0b38,28.113668,28.710651,1011.1385,191.18745,181,,,6.25,-3,,5,5
2026-01-23 03:09:06.582881,0x433af380,28.467556,26.793081,1012.20123,100.854836,175,,,7.75,-11,,3,3
2026-01-23 03:09:15.108908,0x433acb14,27.843357,28.11833,1011.5441,330.316,123,,,6.75,-11,,3,3
2026-01-23 03:09:32.705855,0x433b0b38,28.098204,28.754244,1011.1391,187.06613,182,,,6.0,-3,,5,5
2026-01-23 03:10:04.429634,0x433af380,28.44781,26.80825,1012.1803,100.25343,176,,,7.5,-11,,3,3
2026-01-23 03:10:14.620113,0x433acb14,27.818602,27.989138,1011.5606,330.316,123,,,7.25,-11,,3,3
2026-01-23 03:10:17.184106,0x433ad35c,27.843592,28.601683,1011.52856,169.13985,151,,,6.25,-29,,3,3
2026-01-23 03:10:29.754103,0x433aad0c,28.58953,26.386244,1011.49365,188.34761,191,,,6.25,-36,,3,3
2026-01-23 03:10:32.729680,0x433b0b38,28.090601,28.710314,1011.1376,190.86673,181,,,7.0,-4,,5,5
2026-01-23 03:11:03.817624,0x433af380,28.47306,26.751429,1012.17285,100.01487,177,,,7.5,-11,,3,3
2026-01-23 03:11:13.967328,0x433acb14,27.690382,28.27121,1011.53723,330.64514,123,,,7.25,-11,,3,3
2026-01-23 03:11:32.551993,0x433b0b38,28.093023,28.729969,1011.1169,193.02545,180,,,5.75,-3,,5,5
2026-01-23 03:12:05.996885,0x433af380,28.501045,26.84607,1012.1713,100.67365,177,,,7.25,-10,,3,3
2026-01-23 03:12:14.817537,0x433acb14,27.764595,28.037062,1011.5449,328.03006,124,,,6.0,-11,,3,3
2026-01-23 03:12:32.604161,0x433b0b38,28.098204,28.697443,1011.1106,191.61676,180,,,5.75,-3,,5,5
2026-01-23 03:13:05.018965,0x433af380,28.4961,26.73255,1012.1466,100.975975,175,,,6.75,-11,,3,3
2026-01-23 03:13:14.797500,0x433acb14,27.913023,28.168833,1011.5293,329.6596,123,,,7.0,-11,,3,3
2026-01-23 03:13:18.124898,0x433ad35c,27.811012,28.736357,1011.5091,168.80019,151,,,6.0,-28,,3,3
2026-01-23 03:13:29.855887,0x433aad0c,28.604704,26.2523,1011.49316,190.74748,190,,,7.25,-37,,3,3
2026-01-23 03:13:32.632591,0x433b0b38,28.118734,28.670105,1011.13055,193.02545,180,,,6.0,-4,,5,5
2026-01-23 03:14:08.712461,0x433af380,28.591722,26.62477,1012.1795,101.58611,174,,,5.75,-11,,3,3
2026-01-23 03:14:17.876763,0x433acb14,27.87173,27.85744,1011.51935,329.9875,123,,,7.75,-10,,3,3
2026-01-23 03:14:33.154088,0x433b0b38,28.098242,28.669865,1011.1022,191.61676,181,,,6.5,-3,,5,5
2026-01-23 03:15:06.519737,0x433af380,28.492805,26.737408,1012.171,97.01385,176,,,7.5,-11,,3,3
2026-01-23 03:15:15.592045,0x433acb14,28.40708,27.20865,1012.7147,320.42722,125,,,6.75,-11,,3,3
2026-01-23 03:15:32.871816,0x433b0b38,28.082735,28.721874,1011.12933,193.02545,181,,,6.0,-3,,5,5
2026-01-23 03:16:06.747326,0x433af380,28.497782,26.726664,1012.1723,101.58611,174,,,7.0,-11,,3,3
2026-01-23 03:16:15.484765,0x433acb14,27.77159,28.092075,1011.52545,328.35468,124,,,7.5,-11,,3,3
2026-01-23 03:16:18.168036,0x433ad35c,27.806,28.602303,1011.5057,169.31017,152,,,6.0,-29,,3,3
2026-01-23 03:16:29.519840,0x433aad0c,28.583904,26.35078,1011.4847,189.21329,191,,,5.5,-36,,3,3
2026-01-23 03:16:33.338244,0x433b0b38,28.08973,28.676394,1011.11914,191.40187,180,,,5.5,-3,,5,5
2026-01-23 03:17:06.645118,0x433af380,28.457455,26.757484,1012.1603,97.91789,180,,,7.25,-10,,3,3
2026-01-23 03:17:15.224649,0x433acb14,27.797861,27.96535,1011.5328,328.03006,124,,,6.75,-11,,3,3
2026-01-23 03:17:32.823925,0x433b0b38,28.064777,28.703611,1011.12366,191.94002,181,,,6.0,-4,,5,5
2026-01-23 03:18:08.104165,0x433af380,28.459581,26.764791,1012.1452,100.854836,176,,,7.25,-11,,3,3
2026-01-23 03:18:16.097770,0x433acb14,27.74702,28.044641,1011.5333,329.6596,123,,,7.0,-10,,3,3
2026-01-23 03:18:32.834997,0x433b0b38,28.08542,28.681734,1011.1153,192.26436,180,,,5.75,-3,,5,5
2026-01-23 03:19:07.275677,0x433af380,28.495083,26.703089,1012.1558,101.52476,174,,,7.0,-11,,3,3
2026-01-23 03:19:17.399869,0x433acb14,27.756916,27.9661,1011.5131,329.00583,123,,,6.25,-11,,3,3
2026-01-23 03:19:21.027201,0x433ad35c,27.778435,28.615337,1011.4912,171.20674,150,,,6.25,-28,,3,3
2026-01-23 03:19:29.556554,0x433aad0c,28.597116,26.219952,1011.44696,189.86775,190,,,6.0,-36,,3,3
2026-01-23 03:19:33.069164,0x433b0b38,28.084587,28.720982,1011.0985,192.04802,181,,,6.0,-3,,5,5
2026-01-23 03:20:11.154184,0x433af380,28.480314,26.71892,1012.1486,101.09741,175,,,6.5,-11,,3,3
2026-01-23 03:20:16.032062,0x433acb14,27.749128,28.131151,1011.5205,330.64514,123,,,7.5,-11,,3,3
2026-01-23 03:20:32.991644,0x433b0b38,28.105957,28.643227,1011.08844,193.24402,180,,,6.25,-3,,5,5
2026-01-23 03:21:11.345970,0x433af380,28.430002,26.864159,1012.13403,94.96013,177,,,7.0,-10,,3,3
2026-01-23 03:21:16.244388,0x433acb14,27.78526,27.988798,1011.5023,330.64514,123,,,7.5,-10,,3,3
2026-01-23 03:21:33.045158,0x433b0b38,28.09215,28.65635,1011.0833,194.12321,179,,,6.5,-3,,5,5
2026-01-23 03:22:11.101258,0x433af380,28.516499,26.647102,1012.15765,100.55323,176,,,6.75,-11,,3,3
2026-01-23 03:22:16.341075,0x433ad35c,27.839382,28.4854,1011.4661,170.85873,150,,,5.75,-29,,3,3
2026-01-23 03:22:18.556022,0x433acb14,27.766853,28.113688,1011.4943,330.316,123,,,6.75,-10,,3,3
2026-01-23 03:22:29.766848,0x433aad0c,28.559183,26.351944,1011.4449,189.6491,190,,,5.75,-36,,3,3
2026-01-23 03:22:33.464425,0x433b0b38,28.086538,28.660175,1011.0665,193.02545,180,,,5.75,-3,,5,5
2026-01-23 03:23:13.419810,0x433af380,28.401905,26.895023,1012.1287,93.5858,178,,,6.0,-11,,3,3
2026-01-23 03:23:17.294768,0x433acb14,27.795303,27.942423,1011.4872,331.30548,124,,,7.0,-11,,3,3
2026-01-23 03:23:32.987103,0x433b0b38,28.077631,28.652441,1011.07196,192.69853,180,,,6.0,-3,,5,5
2026-01-23 03:24:12.269529,0x433af380,28.430002,26.88837,1012.1236,102.95469,175,,,7.25,-11,,3,3
2026-01-23 03:24:18.613575,0x433acb14,27.78175,27.96951,1011.4859,331.6366,123,,,6.25,-11,,3,3
2026-01-23 03:24:32.936428,0x433b0b38,28.080355,28.667131,1011.08124,192.69853,180,,,6.5,-3,,5,5
2026-01-23 03:25:12.780255,0x433af380,28.404486,26.781359,1012.1259,101.58611,174,,,7.0,-12,,3,3
2026-01-23 03:25:16.331980,0x433ad35c,27.803495,28.535593,1011.46515,170.68529,150,,,7.0,-29,,3,3
2026-01-23 03:25:18.800092,0x433acb14,27.794773,27.962107,1011.47516,332.30087,123,,,6.75,-11,,3,3
2026-01-23 03:25:29.612201,0x433aad0c,28.559183,26.230919,1011.421,188.88773,191,,,5.75,-36,,3,3
2026-01-23 03:25:33.596662,0x433b0b38,28.026245,28.884298,1011.06433,191.61676,181,,,6.5,-3,,5,5
2026-01-23 03:26:13.618416,0x433af380,28.479456,26.63638,1012.1147,102.328064,173,,,6.25,-12,,3,3
2026-01-23 03:26:17.103957,0x433acb14,27.74909,28.160965,1011.47766,332.63397,122,,,6.5,-11,,3,3
2026-01-23 03:26:33.616212,0x433b0b38,28.062204,28.664175,1011.0522,192.80737,180,,,6.0,-3,,5,5
2026-01-23 03:27:13.784961,0x433af380,28.419636,26.757795,1012.0829,101.77058,175,,,6.75,-10,,3,3
2026-01-23 03:27:16.616255,0x433acb14,27.69294,28.205685,1011.4798,330.64514,123,,,7.0,-11,,3,3
2026-01-23 03:27:33.172490,0x433b0b38,28.075024,28.640022,1011.0256,194.12321,180,,,6.25,-3,,5,5
2026-01-23 03:28:14.218945,0x433af380,28.386753,26.874617,1012.0936,94.96013,177,,,6.75,-10,,3,3
2026-01-23 03:28:17.170945,0x433ad35c,27.802813,28.496515,1011.4323,172.25923,149,,,7.25,-28,,3,3
2026-01-23 03:28:20.564937,0x433acb14,27.764482,27.966463,1011.4626,330.316,123,,,6.0,-11,,3,3
2026-01-23 03:28:29.766472,0x433aad0c,28.485844,26.43326,1011.38715,189.75836,190,,,5.25,-36,,3,3
2026-01-23 03:28:33.143704,0x433b0b38,28.076796,28.646517,1011.0332,193.79257,180,,,6.0,-3,,5,5
2026-01-23 03:29:14.774830,0x433af380,28.452633,26.696337,1012.10156,101.955734,173,,,7.0,-11,,3,3
2026-01-23 03:29:17.639326,0x433acb14,27.72346,28.021877,1011.47015,327.38275,124,,,7.5,-10,,3,3
2026-01-23 03:29:33.453052,0x433b0b38,28.057062,28.73673,1011.045,193.13467,180,,,6.75,-3,,5,5
2026-01-23 03:29:56.632655,0x9e9faaa4,,,,,,349,0.0133095095,6.0,-37,,3,2
2026-01-23 03:30:14.459382,0x433af380,28.457983,26.67603,1012.1063,103.20749,172,,,7.0,-11,,3,3
2026-01-23 03:30:18.136709,0x433acb14,27.677055,28.22661,1011.4588,327.06006,124,,,7.75,-11,,3,3
2026-01-23 03:30:33.232891,0x433b0b38,28.05192,28.685417,1011.0144,192.04802,180,,,6.0,-3,,5,5
2026-01-23 03:31:14.600915,0x433af380,28.43509,26.700655,1012.0936,102.64041,172,,,7.5,-11,,3,3
2026-01-23 03:31:17.278715,0x433ad35c,27.798481,28.493382,1011.44965,172.61293,149,,,7.5,-28,,3,3
2026-01-23 03:31:19.652309,0x433acb14,27.71853,28.007662,1011.45294,331.6366,123,,,7.0,-11,,3,3
2026-01-23 03:31:29.649700,0x433aad0c,28.541782,26.215755,1011.39484,190.85803,190,,,5.5,-37,,3,3
2026-01-23 03:31:33.389109,0x433b0b38,28.048435,28.707329,1011.0334,193.68263,181,,,6.0,-3,,5,5
2026-01-23 03:32:14.859739,0x433af380,28.437632,26.892359,1012.10474,97.860886,182,,,6.75,-11,,3,3
2026-01-23 03:32:18.083598,0x433acb14,27.712692,28.117773,1011.47687,330.97498,123,,,7.25,-11,,3,3
2026-01-23 03:32:33.088638,0x433b0b38,28.062166,28.63052,1011.04535,192.69853,180,,,5.75,-4,,5,5
2026-01-23 03:33:15.137872,0x433af380,28.426739,26.770273,1012.1072,94.346245,184,,,7.5,-11,,3,3
2026-01-23 03:33:18.136754,0x433acb14,27.664068,28.232685,1011.4834,332.30087,123,,,7.0,-11,,3,3
2026-01-23 03:33:33.551209,0x433b0b38,28.064816,28.622967,1011.07495,195.12195,179,,,6.25,-3,,5,5
2026-01-23 03:34:15.509228,0x433af380,28.437443,26.7335,1012.13257,101.34118,174,,,6.75,-11,,3,3
2026-01-23 03:34:17.811727,0x433ad35c,27.830647,28.447319,1011.4708,172.43591,148,,,5.75,-28,,3,3
2026-01-23 03:34:20.170410,0x433acb14,27.762033,27.942648,1011.5182,329.6596,123,,,6.5,-11,,3,3
2026-01-23 03:34:30.383892,0x433aad0c,28.524117,26.22871,1011.45264,190.85803,189,,,5.75,-36,,3,3
2026-01-23 03:34:33.342240,0x433b0b38,28.063942,28.61626,1011.0985,194.12321,179,,,6.25,-4,,5,5
2026-01-23 03:35:15.988107,0x433af380,28.541388,26.516407,1012.1528,101.70901,175,,,7.25,-12,,3,3
2026-01-23 03:35:18.402940,0x433acb14,27.77231,27.908268,1011.52356,332.63397,123,,,6.25,-11,,3,3
2026-01-23 03:35:33.467636,0x433b0b38,28.021103,28.764057,1011.12445,192.4812,180,,,5.75,-3,,5,5
2026-01-23 03:36:16.044962,0x433af380,28.473024,26.64476,1012.1502,102.01759,173,,,7.25,-11,,3,3
2026-01-23 03:36:18.341724,0x433acb14,27.73851,28.040144,1011.5374,331.9684,123,,,6.0,-11,,3,3
2026-01-23 03:36:33.341994,0x433b0b38,28.026207,28.667658,1011.1198,193.68263,180,,,6.0,-3,,5,5
2026-01-23 03:37:16.159556,0x433af380,28.46053,26.638535,1012.1417,103.08093,172,,,6.75,-11,,3,3
2026-01-23 03:37:18.273951,0x433ad35c,27.758385,28.512993,1011.4518,170.85873,149,,,6.25,-29,,3,3
2026-01-23 03:37:22.453764,0x433acb14,27.767155,27.904406,1011.5424,332.30087,123,,,6.5,-11,,3,3
2026-01-23 03:37:30.111997,0x433aad0c,28.488258,26.24805,1011.47235,190.52681,190,,,5.75,-36,,3,3
2026-01-23 03:37:33.188553,0x433b0b38,28.012743,28.726244,1011.1263,192.69853,180,,,6.5,-3,,5,5
2026-01-23 03:38:16.619733,0x433af380,28.419825,26.725674,1012.13855,99.18879,177,,,6.75,-10,,3,3
2026-01-23 03:38:18.694006,0x433acb14,27.754358,27.944262,1011.5293,332.9678,122,,,6.5,-10,,3,3
2026-01-23 03:38:33.232597,0x433b0b38,28.035542,28.635252,1011.13574,194.0129,179,,,5.75,-4,,5,5
2026-01-23 03:39:16.781342,0x433af380,28.407104,26.648935,1012.13354,103.08093,172,,,7.25,-11,,3,3
2026-01-23 03:39:19.974506,0x433acb14,27.754358,28.024614,1011.507,333.30225,122,,,7.5,-10,,3,3
2026-01-23 03:39:33.554245,0x433b0b38,28.021065,28.657692,1011.12616,195.01047,179,,,6.0,-3,,5,5
2026-01-23 03:40:16.797831,0x433ad35c,27.755878,28.503382,1011.4769,172.43591,149,,,6.0,-28,,3,3
2026-01-23 03:40:18.797388,0x433af380,28.401829,26.684887,1012.13574,102.7659,173,,,6.5,-11,,3,3
2026-01-23 03:40:21.100153,0x433acb14,27.764595,27.873436,1011.53125,331.9684,119,,,6.5,-10,,3,3
2026-01-23 03:40:29.802311,0x433aad0c,28.48784,26.219156,1011.4501,191.30147,189,,,6.75,-37,,3,3
2026-01-23 03:40:33.265750,0x433b0b38,28.01316,28.727865,1011.11786,194.56584,179,,,6.0,-3,,5,5
2026-01-23 03:41:17.126252,0x433acb14,27.728085,27.932007,1011.50964,332.30087,123,,,7.5,-11,,3,3
2026-01-23 03:41:19.366187,0x433af380,28.360401,26.855293,1012.12555,94.66498,175,,,6.5,-11,,3,3
2026-01-23 03:41:33.326367,0x433b0b38,27.994705,28.675663,1011.08704,193.68263,180,,,6.0,-3,,5,5
2026-01-23 03:42:17.198574,0x433acb14,27.708635,27.945534,1011.49036,331.30548,123,,,7.5,-11,,3,3
2026-01-23 03:42:19.406168,0x433af380,28.407104,26.656187,1012.1075,103.46154,171,,,6.75,-10,,3,3
2026-01-23 03:42:33.347066,0x433b0b38,28.000454,28.67518,1011.0893,195.34528,179,,,6.5,-4,,5,5
2026-01-23 03:43:16.508345,0x433ad35c,27.799183,28.430695,1011.4338,171.55612,150,,,6.25,-29,,3,3
2026-01-23 03:43:18.667360,0x433acb14,27.787437,27.848679,1011.49304,330.316,123,,,6.5,-11,,3,3
2026-01-23 03:43:20.918167,0x433af380,28.432545,26.609512,1012.08417,103.716835,170,,,6.5,-11,,3,3
2026-01-23 03:43:29.893218,0x433aad0c,28.542501,26.125748,1011.39575,191.41266,189,,,5.75,-36,,3,3
2026-01-23 03:43:33.360419,0x433b0b38,27.99743,28.74867,1011.0714,192.80737,180,,,6.0,-3,,5,5
2026-01-23 03:44:17.667764,0x433acb14,27.631523,28.167051,1011.47833,331.30548,123,,,7.5,-11,,3,3
2026-01-23 03:44:26.670261,0x433af380,28.412191,26.63152,1012.07733,103.84496,171,,,6.25,-11,,3,3
2026-01-23 03:44:33.799170,0x433b0b38,28.005638,28.644318,1011.0409,196.13101,179,,,5.75,-3,,5,5
2026-01-23 03:45:17.163521,0x433acb14,27.705734,27.979193,1011.4415,332.63397,123,,,7.5,-11,,3,3
2026-01-23 03:45:27.835658,0x433af380,28.40456,26.642126,1012.0754,104.166664,170,,,7.0,-10,,3,3
2026-01-23 03:45:33.315948,0x433b0b38,28.007942,28.641462,1011.04694,195.01047,179,,,6.0,-3,,5,5
2026-01-23 03:46:16.583867,0x433ad35c,27.653093,28.772121,1011.39404,169.99495,150,,,7.25,-29,,3,3
2026-01-23 03:46:18.673438,0x433acb14,27.699972,27.952803,1011.4498,331.9684,123,,,7.5,-11,,3,3
2026-01-23 03:46:20.827416,0x433af380,28.401867,26.654938,1012.073,103.65289,170,,,7.0,-11,,3,3
2026-01-23 03:46:29.854161,0x433aad0c,28.454697,26.231447,1011.36597,192.41914,189,,,5.5,-36,,3,3
2026-01-23 03:46:33.531728,0x433b0b38,27.992022,28.646564,1011.02045,195.34528,179,,,6.25,-3,,5,5
2026-01-23 03:47:17.193671,0x433acb14,27.687897,27.936623,1011.44354,332.63397,122,,,7.25,-11,,3,3
2026-01-23 03:47:23.257505,0x433af380,28.402018,26.652897,1012.05914,103.90915,170,,,6.0,-11,,3,3
2026-01-23 03:47:33.715237,0x433b0b38,28.031311,28.575792,1011.03796,196.46968,178,,,6.0,-4,,5,5
2026-01-23 03:48:17.223266,0x433acb14,27.698133,27.938324,1011.44214,334.30975,122,,,7.5,-10,,3,3
2026-01-23 03:48:20.676193,0x433af380,28.400032,26.695522,1012.06824,99.60012,176,,,6.5,-11,,3,3
2026-01-23 03:48:33.365344,0x433b0b38,28.010742,28.640848,1011.0144,195.23357,178,,,6.0,-3,,5,5
2026-01-23 03:49:16.836954,0x433ad35c,27.69334,28.536943,1011.3937,174.04245,149,,,7.5,-28,,3,3
2026-01-23 03:49:19.059622,0x433acb14,27.716085,27.925053,1011.43317,334.98477,122,,,7.0,-11,,3,3
2026-01-23 03:49:21.054731,0x433af380,28.401754,26.635725,1012.0451,104.23124,170,,,6.75,-11,,3,3
2026-01-23 03:49:30.858704,0x433aad0c,28.422976,26.358238,1011.3572,190.41664,190,,,5.25,-36,,3,3
2026-01-23 03:49:34.290992,0x433b0b38,28.018883,28.704638,1011.0297,193.68263,180,,,7.25,-3,,5,5
2026-01-23 03:50:17.612430,0x433acb14,27.736067,27.909807,1011.4216,332.30087,123,,,7.25,-11,,3,3
2026-01-23 03:50:22.030480,0x433af380,28.418953,26.721918,1012.05505,104.55535,169,,,7.0,-11,,3,3
2026-01-23 03:50:34.176517,0x433b0b38,27.964535,28.661016,1011.0224,195.01047,179,,,6.5,-4,,5,5
2026-01-23 03:51:17.386524,0x433acb14,27.721088,27.92814,1011.41614,333.9732,122,,,7.25,-11,,3,3
2026-01-23 03:51:22.582849,0x433af380,28.408852,26.59533,1012.0261,104.42547,169,,,7.0,-11,,3,3
2026-01-23 03:51:33.607259,0x433b0b38,27.946459,28.668156,1010.9982,194.0129,180,,,6.0,-3,,5,5
2026-01-23 03:52:16.576243,0x433ad35c,27.664745,28.6787,1011.3723,171.03256,150,,,6.75,-28,,3,3
2026-01-23 03:52:18.712777,0x433acb14,27.761494,27.797478,1011.40295,336.00247,122,,,6.75,-11,,3,3
2026-01-23 03:52:21.880487,0x433af380,28.47233,26.501358,1012.06055,104.946945,169,,,6.75,-11,,3,3
2026-01-23 03:52:29.894133,0x433aad0c,28.447529,26.20288,1011.33374,192.08249,189,,,6.0,-36,,3,3
2026-01-23 03:52:33.492812,0x433b0b38,27.943998,28.726646,1011.0091,195.23357,179,,,5.75,-4,,5,5
2026-01-23 03:53:18.074601,0x433acb14,27.700201,27.953396,1011.3865,333.30225,123,,,7.75,-11,,3,3
2026-01-23 03:53:23.125464,0x433af380,28.37821,26.654375,1012.0151,104.36065,170,,,7.25,-11,,3,3
2026-01-23 03:53:33.600110,0x433b0b38,27.98242,28.61211,1011.01636,195.90587,178,,,6.0,-4,,5,5
2026-01-23 03:54:17.412147,0x433acb14,27.71273,27.883366,1011.3791,334.6469,120,,,7.25,-11,,3,3
2026-01-23 03:54:22.234431,0x433af380,28.383104,26.58802,1011.99896,105.275505,169,,,7.0,-11,,3,3
2026-01-23 03:54:33.794882,0x433b0b38,27.976896,28.599506,1010.97217,195.90587,178,,,6.0,-3,,5,5
2026-01-23 03:55:16.688740,0x433ad35c,27.714947,28.459068,1011.35114,173.50362,148,,,6.5,-28,,3,3
2026-01-23 03:55:18.871014,0x433acb14,27.66911,28.205389,1011.4097,333.30225,123,,,7.25,-11,,3,3
2026-01-23 03:55:23.635009,0x433af380,28.364044,26.685472,1012.0235,101.34118,174,,,6.5,-11,,3,3
2026-01-23 03:55:30.720728,0x433aad0c,28.496754,26.124584,1011.3244,192.08249,188,,,6.0,-36,,3,3
2026-01-23 03:55:34.609351,0x433b0b38,27.915226,28.827679,1010.99915,194.12321,179,,,5.5,-3,,5,5
2026-01-23 03:56:17.685146,0x433acb14,27.723536,27.894596,1011.41016,336.68436,121,,,7.25,-11,,3,3
2026-01-23 03:56:23.945578,0x433af380,28.355274,26.65286,1012.00757,101.893936,175,,,7.0,-11,,3,3
2026-01-23 03:56:33.640470,0x433b0b38,27.984573,28.595415,1010.9705,196.58284,178,,,5.75,-3,,5,5
2026-01-23 03:57:17.506956,0x433acb14,27.720749,27.871859,1011.4075,334.98477,122,,,7.0,-11,,3,3
2026-01-23 03:57:24.212213,0x433af380,28.358881,26.69024,1012.00305,100.37312,175,,,6.5,-11,,3,3
2026-01-23 03:57:33.770453,0x433b0b38,27.975044,28.60268,1011.0031,198.18077,178,,,6.25,-3,,5,5
2026-01-23 03:58:16.644615,0x433ad35c,27.619907,28.68853,1011.37286,172.61293,149,,,6.75,-28,,3,3
2026-01-23 03:58:18.774892,0x433acb14,27.717886,27.839718,1011.374,336.00247,121,,,6.5,-11,,3,3
2026-01-23 03:58:24.440920,0x433af380,28.335531,26.678444,1011.98315,104.295906,169,,,6.75,-10,,3,3
2026-01-23 03:58:29.873424,0x433aad0c,28.39107,26.313007,1011.3154,193.09607,188,,,5.25,-36,,3,3
2026-01-23 03:58:33.710807,0x433b0b38,27.94899,28.619677,1010.97754,197.15056,178,,,6.25,-3,,5,5
2026-01-23 03:59:17.487105,0x433acb14,27.723536,27.801,1011.3878,334.6469,122,,,7.5,-11,,3,3
2026-01-23 03:59:24.834280,0x433af380,28.338114,26.637995,1011.98914,104.816086,169,,,6.75,-11,,3,3
2026-01-23 03:59:33.823246,0x433b0b38,27.946571,28.619015,1010.9681,194.89912,178,,,6.0,-3,,5,5
2026-01-23 04:00:17.571024,0x433acb14,27.77157,27.75534,1011.3672,337.71237,121,,,7.25,-11,,3,3
2026-01-23 04:00:28.441762,0x433af380,28.355274,26.825106,1012.00055,105.739,169,,,6.25,-11,,3,3
2026-01-23 04:00:33.950206,0x433b0b38,27.93122,28.720478,1010.9803,196.46968,178,,,5.75,-3,,5,5
2026-01-23 00:01:08.185191,0x433acb14,28.642742,28.264862,1011.83856,303.7093,130,,,7.25,-11,,3,3
2026-01-23 00:01:11.879907,0x433ad35c,28.658224,28.84342,1011.85156,149.84402,165,,,7.0,-28,,3,3
2026-01-23 00:01:13.887150,0x433b0b38,28.856964,29.160053,1011.44006,170.78052,190,,,6.5,-3,,5,5
2026-01-23 00:01:27.568215,0x433aad0c,29.312523,26.683182,1011.8009,175.2092,198,,,5.75,-37,,3,3
2026-01-23 00:02:00.407368,0x433af380,29.174614,27.505203,1012.51764,85.32185,260,,,7.25,-10,,3,3
2026-01-23 00:02:08.195194,0x433acb14,29.258316,27.4046,1013.00586,303.15433,130,,,7.0,-10,,3,3
2026-01-23 00:02:15.095040,0x433b0b38,28.882303,29.064486,1011.4403,170.78052,189,,,5.75,-4,,5,5
2026-01-23 00:02:59.401290,0x433af380,29.126848,27.560339,1012.5039,84.54951,257,,,7.75,-11,,3,3
2026-01-23 00:03:08.423101,0x433acb14,28.63431,28.262976,1011.7913,305.10568,130,,,7.5,-11,,3,3
2026-01-23 00:03:14.450130,0x433b0b38,28.861237,29.049084,1011.4354,172.1587,189,,,6.5,-3,,5,5
2026-01-23 00:04:00.748067,0x433af380,29.087925,27.640339,1012.4943,84.46455,253,,,7.5,-11,,3,3
2026-01-23 00:04:08.459735,0x433acb14,28.642328,28.255346,1011.81976,303.98752,130,,,7.25,-11,,3,3
2026-01-23 00:04:12.984518,0x433b0b38,28.845734,29.080608,1011.4224,171.46684,189,,,5.5,-3,,5,5
2026-01-23 00:04:15.141006,0x433ad35c,28.65093,28.786886,1011.80927,149.57741,165,,,6.5,-29,,3,3
2026-01-23 00:04:28.837716,0x433aad0c,29.333054,26.651451,1011.8179,175.39267,198,,,6.0,-36,,3,3
2026-01-23 00:05:00.554361,0x433af380,29.065863,27.579245,1012.5113,86.108444,245,,,7.5,-11,,3,3
2026-01-23 00:05:08.265787,0x433acb14,28.603064,28.37212,1011.8182,304.82538,130,,,7.25,-11,,3,3
2026-01-23 00:05:13.396613,0x433b0b38,28.843275,29.071638,1011.3994,172.68127,189,,,5.75,-3,,5,5
2026-01-23 00:06:01.098998,0x433af380,29.085493,27.618364,1012.49194,86.020325,241,,,7.75,-11,,3,3
2026-01-23 00:06:08.296350,0x433acb14,28.580301,28.28494,1011.8065,302.60138,131,,,7.25,-11,,3,3
2026-01-23 00:06:14.030031,0x433b0b38,28.849062,29.039997,1011.4032,173.20703,189,,,6.25,-3,,5,5
2026-01-23 00:07:01.072102,0x433af380,29.072811,27.631866,1012.487,85.93239,237,,,7.0,-11,,3,3
2026-01-23 00:07:08.295938,0x433acb14,29.238451,27.32813,1013.02594,300.4096,131,,,6.75,-11,,3,3
2026-01-23 00:07:11.625537,0x433ad35c,28.622072,28.80701,1011.8053,151.05571,164,,,6.0,-29,,3,3
2026-01-23 00:07:15.207289,0x433b0b38,28.835716,29.039822,1011.4064,172.68127,189,,,6.0,-3,,5,5
2026-01-23 00:07:28.408633,0x433aad0c,29.282475,26.739502,1011.77985,174.2976,199,,,6.75,-37,,3,3
2026-01-23 00:08:02.068022,0x433af380,29.07076,27.5994,1012.49164,85.844635,234,,,6.25,-12,,3,3
2026-01-23 00:08:08.671698,0x433acb14,28.590769,28.24055,1011.8189,303.43155,130,,,7.25,-11,,3,3
2026-01-23 00:08:15.017065,0x433b0b38,28.797674,29.225367,1011.42944,171.81207,189,,,6.5,-3,,5,5
2026-01-23 00:09:02.728944,0x433af380,29.049953,27.647453,1012.4831,85.93239,230,,,6.0,-11,,3,3
2026-01-23 00:09:09.060692,0x433acb14,28.544436,28.45729,1011.79724,304.26633,130,,,7.25,-11,,3,3
2026-01-23 00:09:15.110053,0x433b0b38,28.837416,29.054255,1011.42554,171.46684,189,,,5.75,-3,,5,5
2026-01-23 00:10:03.457466,0x433af380,29.602732,26.823689,1013.43097,84.29516,226,,,7.0,-10,,3,3
2026-01-23 00:10:09.453873,0x433acb14,28.591034,28.230316,1011.81366,305.38647,130,,,6.75,-11,,3,3
2026-01-23 00:10:14.427343,0x433ad35c,28.62238,28.75893,1011.8053,151.19154,164,,,5.5,-28,,3,3
2026-01-23 00:10:19.397007,0x433b0b38,28.8328,29.072357,1011.43054,171.98521,189,,,5.75,-3,,5,5
2026-01-23 00:10:28.870827,0x433aad0c,29.231213,26.838976,1011.78125,175.57652,198,,,6.5,-37,,3,3
2026-01-23 00:11:03.686150,0x433af380,29.022575,27.651062,1012.4848,86.19673,224,,,7.75,-10,,3,3
2026-01-23 00:11:10.555857,0x433acb14,28.57545,28.219372,1011.8047,303.15433,130,,,8.0,-11,,3,3
2026-01-23 00:11:15.350657,0x433b0b38,28.820627,29.05086,1011.4052,173.383,189,,,6.0,-4,,5,5
2026-01-23 00:12:03.590323,0x433af380,29.007427,27.629822,1012.4583,86.8199,219,,,8.0,-11,,3,3
2026-01-23 00:12:09.435028,0x433acb14,28.557041,28.203705,1011.76227,303.43155,131,,,6.75,-11,,3,3
2026-01-23 00:12:16.613082,0x433b0b38,28.791927,29.25247,1011.39215,170.9516,189,,,5.75,-4,,5,5
2026-01-23 00:13:04.363389,0x433af380,29.020222,27.641043,1012.43365,85.58245,219,,,7.0,-11,,3,3
2026-01-23 00:13:10.935462,0x433acb14,28.555056,28.200848,1011.7408,305.94965,130,,,7.5,-11,,3,3
2026-01-23 00:13:13.164872,0x433ad35c,28.584904,28.783278,1011.7616,151.46397,164,,,6.0,-28,,3,3
2026-01-23 00:13:17.227220,0x433b0b38,28.874588,29.095074,1011.63043,169.9303,189,,,6.25,-3,,5,5
2026-01-23 00:13:27.596947,0x433aad0c,29.279945,26.67606,1011.7186,176.50159,198,,,5.75,-36,,3,3
2026-01-23 00:14:06.547910,0x433af380,28.98358,27.65558,1012.4212,87.18006,213,,,6.75,-10,,3,3
2026-01-23 00:14:10.679139,0x433acb14,28.546995,28.219063,1011.7261,305.66782,130,,,7.0,-10,,3,3
2026-01-23 00:14:17.095969,0x433b0b38,28.931572,28.877052,1011.6014,174.09045,189,,,5.75,-3,,5,5
2026-01-23 00:15:09.613777,0x433acb14,28.56487,28.199047,1011.70654,304.54556,130,,,7.25,-10,,3,3
2026-01-23 00:15:11.714933,0x433af380,28.975986,27.650393,1012.3862,86.73033,210,,,6.25,-11,,3,3
2026-01-23 00:15:16.335977,0x433b0b38,28.797712,29.128572,1011.3135,171.46684,190,,,6.0,-3,,5,5
2026-01-23 00:16:09.477044,0x433acb14,28.54,28.200478,1011.6889,305.10568,130,,,7.75,-11,,3,3
2026-01-23 00:16:11.571303,0x433af380,28.978683,27.6513,1012.3729,85.757065,208,,,6.75,-11,,3,3
2026-01-23 00:16:13.644496,0x433ad35c,28.57537,28.795153,1011.7221,150.9201,165,,,6.0,-28,,3,3
2026-01-23 00:16:17.439127,0x433b0b38,28.815096,29.029318,1011.30133,173.383,188,,,6.5,-3,,5,5
2026-01-23 00:16:27.465852,0x433aad0c,29.296965,26.551262,1011.6624,177.24867,197,,,5.75,-38,,3,3
2026-01-23 00:17:09.483349,0x433af380,28.994022,27.780304,1012.3575,87.81759,204,,,7.25,-11,,3,3
2026-01-23 00:17:11.888994,0x433acb14,28.53676,28.276196,1011.6829,306.23203,130,,,6.75,-10,,3,3
2026-01-23 00:17:16.695886,0x433b0b38,28.809658,29.025034,1011.2935,173.55933,188,,,6.25,-3,,5,5
2026-01-23 00:18:10.254501,0x433acb14,28.501692,28.376543,1011.67535,304.82538,130,,,7.0,-11,,3,3
2026-01-23 00:18:12.348919,0x433af380,28.98206,27.61687,1012.3561,86.90965,202,,,7.0,-11,,3,3
2026-01-23 00:18:15.257789,0x433b0b38,28.828266,29.025682,1011.2907,174.09045,188,,,6.0,-4,,5,5
2026-01-23 00:19:09.837025,0x433acb14,28.522087,28.208138,1011.65344,305.10568,130,,,7.0,-10,,3,3
2026-01-23 00:19:11.892624,0x433af380,28.999868,27.54293,1012.3431,86.90965,200,,,6.25,-11,,3,3
2026-01-23 00:19:13.971932,0x433ad35c,28.572334,28.744793,1011.68665,150.1116,165,,,6.75,-28,,3,3
2026-01-23 00:19:16.047057,0x433b0b38,28.802855,29.003902,1011.2852,174.44635,188,,,6.0,-3,,5,5
2026-01-23 00:19:27.644957,0x433aad0c,29.229515,26.75533,1011.6583,175.2092,198,,,8.0,-36,,3,3
2026-01-23 00:20:10.535608,0x433af380,29.019958,27.524048,1012.34467,86.8199,199,,,6.25,-11,,3,3
2026-01-23 00:20:12.744537,0x433acb14,28.529348,28.136047,1011.6493,305.10568,130,,,7.25,-11,,3,3
2026-01-23 00:20:16.504312,0x433b0b38,28.80948,29.024925,1011.27734,173.55933,188,,,6.0,-3,,5,5
2026-01-23 00:21:09.292079,0x433af380,29.050106,27.620438,1012.34357,81.12262,201,,,7.25,-10,,3,3
2026-01-23 00:21:11.365962,0x433acb14,28.490618,28.273731,1011.6563,304.54556,130,,,6.75,-11,,3,3
2026-01-23 00:21:15.831181,0x433b0b38,28.796879,29.05285,1011.27136,173.20703,188,,,6.0,-3,,5,5
2026-01-23 00:22:10.430425,0x433acb14,28.526484,28.307018,1011.6638,306.23203,131,,,7.25,-10,,3,3
2026-01-23 00:22:12.534006,0x433af380,29.001932,27.636755,1012.3129,80.81068,200,,,7.0,-11,,3,3
2026-01-23 00:22:14.533927,0x433ad35c,28.5625,28.750652,1011.6469,150.9201,164,,,5.75,-28,,3,3
2026-01-23 00:22:16.580707,0x433b0b38,28.807278,29.078463,1011.2722,174.2682,188,,,6.25,-3,,5,5
2026-01-23 00:22:27.771388,0x433aad0c,29.290062,26.512781,1011.61456,176.50159,198,,,6.0,-37,,3,3
2026-01-23 00:23:11.912938,0x433acb14,28.506393,28.199821,1011.62726,307.36676,129,,,7.25,-10,,3,3
2026-01-23 00:23:14.011795,0x433af380,29.026867,27.511246,1012.3379,87.08975,195,,,6.75,-11,,3,3
2026-01-23 00:23:18.104328,0x433b0b38,28.794838,29.050985,1011.2453,174.09045,188,,,6.0,-3,,5,5
2026-01-23 00:24:11.130153,0x433acb14,28.491377,28.232447,1011.634,307.36676,130,,,6.75,-11,,3,3
2026-01-23 00:24:13.316165,0x433af380,28.989502,27.54427,1012.3092,87.45215,194,,,6.25,-11,,3,3
2026-01-23 00:24:16.514591,0x433b0b38,28.866531,28.97245,1011.49286,170.6098,189,,,6.0,-4,,5,5
2026-01-23 00:25:10.994708,0x433acb14,28.44742,28.252993,1011.6098,305.10568,130,,,7.0,-10,,3,3
2026-01-23 00:25:13.007222,0x433ad35c,28.52783,28.749641,1011.6354,152.01175,164,,,6.25,-28,,3,3
2026-01-23 00:25:15.007524,0x433af380,28.974426,27.544123,1012.2722,87.45215,195,,,7.0,-11,,3,3
2026-01-23 00:25:19.866800,0x433b0b38,28.797789,29.00523,1011.1925,174.2682,188,,,6.25,-3,,5,5
2026-01-23 00:25:27.737787,0x433aad0c,29.266619,26.521683,1011.5812,176.50159,198,,,6.25,-37,,3,3
2026-01-23 00:26:09.560574,0x433acb14,28.385578,28.503334,1011.60864,305.94965,130,,,7.75,-11,,3,3
2026-01-23 00:26:13.015532,0x433af380,28.966795,27.58761,1012.2738,87.90942,194,,,6.0,-11,,3,3
2026-01-23 00:26:16.810727,0x433b0b38,28.78739,28.954744,1011.2051,173.383,189,,,6.0,-3,,5,5
2026-01-23 00:27:09.523769,0x433acb14,28.376219,28.490507,1011.5879,304.54556,130,,,7.75,-11,,3,3
2026-01-23 00:27:13.430225,0x433af380,28.977049,27.404228,1012.26953,87.63448,194,,,6.5,-12,,3,3
2026-01-23 00:27:16.351207,0x433b0b38,28.8484,28.837389,1011.20953,172.85617,189,,,5.75,-3,,5,5
2026-01-23 00:28:09.417567,0x433acb14,28.445312,28.227264,1011.59875,305.94965,130,,,6.0,-11,,3,3
2026-01-23 00:28:12.787867,0x433ad35c,28.530262,28.712502,1011.6085,152.4252,164,,,6.75,-28,,3,3
2026-01-23 00:28:16.696709,0x433b0b38,28.750595,29.182772,1011.2124,171.29475,189,,,6.25,-3,,5,5
2026-01-23 00:28:23.381066,0x433af380,28.966606,27.4856,1012.2704,87.81759,194,,,6.5,-10,,3,3
2026-01-23 00:28:27.548705,0x433aad0c,29.272509,26.484484,1011.5816,177.81317,197,,,5.5,-37,,3,3
2026-01-23 00:29:09.961368,0x433acb14,28.434164,28.27692,1011.5935,305.38647,130,,,7.5,-11,,3,3
2026-01-23 00:29:14.908067,0x433b0b38,28.90472,28.790813,1011.44293,171.6393,189,,,6.25,-3,,5,5
2026-01-23 00:29:17.210704,0x433af380,28.94405,27.496847,1012.2628,87.63448,194,,,7.25,-11,,3,3
2026-01-23 00:30:09.456498,0x433acb14,28.440422,28.32293,1011.5883,307.65176,129,,,7.0,-11,,3,3
2026-01-23 00:30:15.710024,0x433b0b38,28.784212,28.992584,1011.1823,173.20703,189,,,6.25,-4,,5,5
2026-01-23 00:30:17.966603,0x433af380,28.940445,27.603462,1012.23615,88.3715,193,,,7.0,-12,,3,3
2026-01-23 00:31:09.513603,0x433acb14,29.105228,27.297523,1012.757,307.93726,129,,,7.75,-11,,3,3
2026-01-23 00:31:13.477914,0x433ad35c,28.516817,28.701815,1011.58875,154.10175,162,,,5.75,-28,,3,3
2026-01-23 00:31:15.689134,0x433af380,28.922714,27.510578,1012.2439,88.18609,193,,,7.25,-11,,3,3
2026-01-23 00:31:20.276918,0x433b0b38,28.771011,29.00006,1011.1636,172.85617,189,,,6.5,-4,,5,5
2026-01-23 00:31:27.580436,0x433aad0c,29.259413,26.473236,1011.5369,178.00212,197,,,5.75,-36,,3,3
2026-01-23 00:32:10.141857,0x433acb14,28.513996,28.210217,1011.55115,308.50995,129,,,8.0,-11,,3,3
2026-01-23 00:32:15.087706,0x433b0b38,28.790148,28.96106,1011.17084,174.80368,188,,,6.5,-3,,5,5
2026-01-23 00:32:23.791842,0x433af380,28.90817,27.591728,1012.2557,88.651085,193,,,7.25,-10,,3,3
2026-01-23 00:33:09.603458,0x433acb14,28.624414,27.99868,1011.5506,306.23203,130,,,6.75,-11,,3,3
2026-01-23 00:33:15.859510,0x433b0b38,28.791775,29.047293,1011.1871,174.2682,188,,,6.0,-3,,5,5
2026-01-23 00:33:18.234828,0x433af380,28.910448,27.455866,1012.2372,88.27869,193,,,7.0,-10,,3,3
2026-01-23 00:34:09.809140,0x433acb14,28.463528,28.233538,1011.58795,308.79703,129,,,7.25,-11,,3,3
2026-01-23 00:34:13.014077,0x433ad35c,28.495176,28.70953,1011.5673,153.96063,162,,,6.5,-29,,3,3
2026-01-23 00:34:15.942877,0x433b0b38,28.765907,29.024908,1011.1683,173.20703,188,,,6.25,-3,,5,5
2026-01-23 00:34:24.841665,0x433af380,28.945799,27.342903,1012.2409,88.744675,192,,,7.25,-11,,3,3
2026-01-23 00:34:28.018401,0x433aad0c,29.239782,26.558554,1011.55615,176.87433,198,,,7.5,-37,,3,3
2026-01-23 00:35:09.559730,0x433acb14,28.440195,28.196096,1011.55914,305.94965,130,,,8.0,-10,,3,3
2026-01-23 00:35:15.155782,0x433b0b38,28.751204,29.012123,1011.1871,173.383,189,,,5.75,-3,,5,5
2026-01-23 00:35:19.493696,0x433af380,28.92841,27.51807,1012.2643,88.838455,192,,,7.0,-10,,3,3
2026-01-23 00:36:01.577046,0x9e9faaa4,,,,,,349,0.011649501,6.5,-36,,3,2
2026-01-23 00:36:12.266850,0x433acb14,28.490694,28.106094,1011.5808,308.79703,129,,,7.75,-11,,3,3
2026-01-23 00:36:15.251192,0x433b0b38,28.756712,28.9494,1011.19336,174.80368,188,,,6.0,-3,,5,5
2026-01-23 00:36:21.979929,0x433af380,28.928484,27.442677,1012.24335,88.744675,192,,,6.75,-10,,3,3
2026-01-23 00:37:10.599314,0x433acb14,28.411325,28.23642,1011.6058,306.23203,130,,,7.5,-10,,3,3
2026-01-23 00:37:13.552828,0x433ad35c,28.487656,28.717226,1011.5994,153.67915,163,,,6.0,-29,,3,3
2026-01-23 00:37:16.581882,0x433b0b38,28.77366,28.934458,1011.2234,175.34247,188,,,6.0,-4,,5,5
2026-01-23 00:37:24.904572,0x433af380,28.986542,27.454954,1012.2806,89.40536,192,,,7.5,-11,,3,3
2026-01-23 00:37:27.780025,0x433aad0c,29.252129,26.438051,1011.5783,177.62459,197,,,5.75,-36,,3,3
2026-01-23 00:38:09.966860,0x433acb14,28.419573,28.211657,1011.60504,307.93726,129,,,7.5,-11,,3,3
2026-01-23 00:38:15.078219,0x433b0b38,28.761374,28.93085,1011.21497,175.5228,188,,,6.25,-3,,5,5
2026-01-23 00:38:19.557167,0x433af380,29.010006,27.326504,1012.3125,89.40536,191,,,7.0,-11,,3,3
2026-01-23 00:39:10.392037,0x433acb14,28.42962,28.19428,1011.6362,308.22336,129,,,7.75,-11,,3,3
2026-01-23 00:39:15.613274,0x433b0b38,28.82279,28.79761,1011.23615,176.06602,188,,,6.25,-3,,5,5
2026-01-23 00:39:19.759120,0x433af380,29.004086,27.225994,1012.31305,89.02663,192,,,7.0,-11,,3,3
2026-01-23 00:40:10.016841,0x433acb14,28.398643,28.26396,1011.64246,307.93726,130,,,8.0,-11,,3,3
2026-01-23 00:40:13.184567,0x433ad35c,28.490162,28.670553,1011.6454,153.96063,162,,,6.25,-29,,3,3
2026-01-23 00:40:16.300084,0x433b0b38,28.745453,28.970892,1011.249,174.09045,188,,,6.0,-3,,5,5
2026-01-23 00:40:24.508980,0x433af380,28.982021,27.330975,1012.316,89.787346,191,,,8.0,-11,,3,3
2026-01-23 00:40:27.980760,0x433aad0c,29.252092,26.41964,1011.6282,179.1444,196,,,6.0,-36,,3,3
2026-01-23 00:41:10.249486,0x433acb14,28.443747,28.159883,1011.6585,310.53104,129,,,7.25,-10,,3,3
2026-01-23 00:41:15.156237,0x433b0b38,28.745453,28.939802,1011.2507,173.736,189,,,6.25,-3,,5,5
2026-01-23 00:41:23.124034,0x433af380,28.961744,27.576286,1012.3196,90.65884,192,,,6.75,-11,,3,3
2026-01-23 00:42:10.161065,0x433acb14,28.454638,28.177155,1011.6469,307.08228,130,,,7.25,-11,,3,3
2026-01-23 00:42:15.327086,0x433b0b38,28.755136,29.03036,1011.27966,172.85617,189,,,6.25,-4,,5,5
2026-01-23 00:42:25.372145,0x433af380,28.943674,27.286955,1012.3221,90.26943,191,,,7.25,-11,,3,3
2026-01-23 00:43:10.320740,0x433acb14,28.40196,28.212759,1011.6606,309.0847,129,,,7.25,-11,,3,3
2026-01-23 00:43:13.695318,0x433ad35c,28.476717,28.672834,1011.6708,154.52666,162,,,6.0,-28,,3,3
2026-01-23 00:43:16.336968,0x433b0b38,28.735165,28.936028,1011.26337,174.2682,188,,,6.0,-4,,5,5
2026-01-23 00:43:24.925178,0x433af380,28.928068,27.352098,1012.32,89.883354,191,,,7.25,-11,,3,3
2026-01-23 00:43:28.574981,0x433aad0c,29.239632,26.404545,1011.62823,178.00212,197,,,5.75,-37,,3,3
2026-01-23 00:44:10.678852,0x433acb14,28.44003,28.145802,1011.66003,306.79834,130,,,7.5,-10,,3,3
2026-01-23 00:44:15.734192,0x433b0b38,28.746136,28.941477,1011.2524,174.09045,188,,,6.0,-4,,5,5
2026-01-23 00:44:20.736761,0x433af380,29.012186,27.179401,1012.33685,89.787346,191,,,7.25,-11,,3,3
2026-01-23 00:45:10.487819,0x433acb14,28.38111,28.225855,1011.6549,309.37286,129,,,7.5,-11,,3,3
2026-01-23 00:45:15.713995,0x433b0b38,28.724728,29.019238,1011.2593,174.2682,189,,,5.75,-3,,5,5
2026-01-23 00:45:20.794351,0x433af380,28.97701,27.234182,1012.34265,89.97955,191,,,7.5,-10,,3,3
2026-01-23 00:46:10.637811,0x433acb14,28.389091,28.252602,1011.65076,309.37286,129,,,7.5,-11,,3,3
2026-01-23 00:46:13.964110,0x433ad35c,28.442926,28.68923,1011.64856,154.10175,163,,,6.5,-28,,3,3
2026-01-23 00:46:17.970180,0x433b0b38,28.710363,28.982712,1011.27313,174.98291,188,,,6.75,-3,,5,5
2026-01-23 00:46:24.511867,0x433af380,29.02017,27.222248,1012.3248,89.69154,191,,,6.0,-11,,3,3
2026-01-23 00:46:28.751934,0x433aad0c,29.244352,26.346216,1011.64233,179.1444,196,,,5.5,-36,,3,3
2026-01-23 00:47:10.192460,0x433acb14,28.376068,28.21039,1011.64966,307.65176,130,,,7.5,-11,,3,3
2026-01-23 00:47:16.096490,0x433b0b38,28.718077,28.904236,1011.2493,175.7035,188,,,6.25,-4,,5,5
2026-01-23 00:47:23.939643,0x433af380,28.950508,27.259386,1012.3187,89.59595,191,,,6.25,-11,,3,3
2026-01-23 00:48:10.662427,0x433acb14,28.376484,28.227478,1011.6669,309.37286,129,,,7.0,-11,,3,3
2026-01-23 00:48:17.125685,0x433b0b38,28.714327,28.922514,1011.2634,175.88458,188,,,6.0,-3,,5,5
2026-01-23 00:48:27.104168,0x433af380,28.95108,27.253225,1012.3187,90.36646,190,,,6.75,-10,,3,3
2026-01-23 00:49:10.241525,0x433acb14,28.36602,28.228521,1011.66156,310.53104,129,,,7.0,-11,,3,3
2026-01-23 00:49:14.042107,0x433ad35c,28.465216,28.630713,1011.65436,155.24008,161,,,7.5,-28,,3,3
2026-01-23 00:49:17.965443,0x433b0b38,28.72061,28.997883,1011.24207,173.736,188,,,6.5,-3,,5,5
2026-01-23 00:49:22.261236,0x433af380,28.946291,27.193415,1012.30707,90.1726,190,,,7.25,-11,,3,3
2026-01-23 00:49:29.486813,0x433aad0c,29.223969,26.42668,1011.634,178.762,196,,,5.25,-36,,3,3
2026-01-23 00:50:10.204910,0x433acb14,28.343216,28.250118,1011.63617,310.24066,129,,,6.5,-10,,3,3
2026-01-23 00:50:16.696019,0x433b0b38,28.746475,28.927826,1011.2272,174.98291,188,,,6.0,-3,,5,5
2026-01-23 00:50:24.852805,0x433af380,29.012173,27.112728,1012.29395,90.36646,190,,,7.5,-10,,3,3
2026-01-23 00:51:10.343457,0x433acb14,28.348145,28.201193,1011.63794,310.53104,129,,,7.0,-10,,3,3
2026-01-23 00:51:16.971502,0x433b0b38,28.75936,28.850624,1011.23865,175.7035,188,,,5.75,-3,,5,5
2026-01-23 00:51:25.224925,0x433af380,29.014715,27.220451,1012.32245,84.04233,196,,,7.5,-12,,3,3
2026-01-23 00:52:10.246770,0x433acb14,28.353188,28.211742,1011.61926,310.53104,128,,,5.75,-11,,3,3
2026-01-23 00:52:12.977611,0x433ad35c,28.527905,28.509876,1011.7063,156.39534,161,,,5.75,-29,,3,3
2026-01-23 00:52:17.194334,0x433b0b38,28.753355,28.900099,1011.22186,175.1625,187,,,6.0,-3,,5,5
2026-01-23 00:52:27.806818,0x433aad0c,29.208567,26.44578,1011.5933,178.762,197,,,5.75,-36,,3,3
2026-01-23 00:52:30.162943,0x433af380,29.101501,26.922915,1012.3085,90.1726,190,,,6.0,-11,,3,3
2026-01-23 00:53:10.360909,0x433acb14,28.37061,28.198505,1011.5963,311.40536,129,,,7.75,-12,,3,3
2026-01-23 00:53:19.216578,0x433b0b38,28.758076,28.838345,1011.2475,175.88458,187,,,6.0,-3,,5,5
2026-01-23 00:53:23.687224,0x433af380,29.066013,27.013844,1012.2707,90.075966,191,,,7.75,-11,,3,3
2026-01-23 00:54:10.512940,0x433acb14,28.365831,28.29535,1011.5705,309.0847,129,,,7.25,-11,,3,3
2026-01-23 00:54:17.698945,0x433b0b38,28.743563,28.875463,1011.16724,176.24785,187,,,6.75,-4,,5,5
2026-01-23 00:54:23.103987,0x433af380,29.142878,26.868748,1012.2618,90.65884,189,,,7.0,-11,,3,3
2026-01-23 00:55:10.387466,0x433acb14,28.357737,28.194267,1011.60223,310.53104,129,,,8.0,-11,,3,3
2026-01-23 00:55:13.840249,0x433ad35c,28.439472,28.631899,1011.57336,156.10492,161,,,6.25,-28,,3,3
2026-01-23 00:55:17.958774,0x433b0b38,28.713009,28.882504,1011.17664,177.5312,187,,,6.5,-3,,5,5
2026-01-23 00:55:23.754194,0x433af380,29.065863,27.024048,1012.26373,90.075966,190,,,6.75,-11,,3,3
2026-01-23 00:55:28.775689,0x433aad0c,29.15059,26.595083,1011.5488,178.1915,196,,,5.75,-37,,3,3
2026-01-23 00:56:10.390506,0x433acb14,28.358154,28.171482,1011.56445,308.50995,128,,,8.0,-10,,3,3
2026-01-23 00:56:18.212739,0x433b0b38,28.717888,28.823296,1011.17535,176.61263,187,,,5.75,-3,,5,5
2026-01-23 00:56:44.902592,0x433af380,29.042244,26.9631,1012.25616,90.36646,190,,,6.75,-10,,3,3
2026-01-23 00:57:10.419166,0x433acb14,28.36587,28.13991,1011.60156,309.0847,129,,,7.75,-11,,3,3
2026-01-23 00:57:19.176459,0x433b0b38,28.720722,28.837997,1011.1833,176.79558,187,,,8.25,-2,,5,5
2026-01-23 00:57:45.135927,0x433af380,29.066013,26.936045,1012.25323,91.2493,189,,,7.0,-11,,3,3
2026-01-23 00:58:10.592134,0x433acb14,28.353264,28.206053,1011.57465,310.53104,129,,,7.75,-11,,3,3
2026-01-23 00:58:13.947478,0x433ad35c,28.500263,28.513536,1011.6625,156.25,161,,,7.25,-28,,3,3
2026-01-23 00:58:19.699209,0x433b0b38,28.686237,29.027685,1011.17474,175.7035,188,,,6.5,-3,,5,5
2026-01-23 00:58:28.230837,0x433aad0c,29.210749,26.334482,1011.5274,180.3014,196,,,5.5,-36,,3,3
2026-01-23 00:58:49.095008,0x433af380,29.038029,27.029552,1012.2584,91.2493,189,,,7.25,-11,,3,3
2026-01-23 00:59:10.776340,0x433acb14,28.335161,28.205915,1011.56476,308.79703,129,,,7.5,-10,,3,3
2026-01-23 00:59:18.972285,0x433b0b38,28.71938,28.847063,1011.1474,177.16263,187,,,6.25,-3,,5,5
2026-01-23 00:59:46.527858,0x433af380,29.002222,27.025011,1012.20953,91.05163,189,,,7.75,-11,,3,3
2026-01-23 01:00:11.892378,0x433acb14,28.325037,28.19244,1011.5405,309.95087,129,,,7.75,-10,,3,3
2026-01-23 01:00:19.285836,0x433b0b38,28.719624,28.86931,1011.17145,176.43005,187,,,5.75,-3,,5,5
2026-01-23 01:00:45.464860,0x433af380,29.03784,26.943892,1012.2323,91.74725,189,,,7.25,-12,,3,3
2026-01-23 06:01:18.942640,0x433ad35c,27.366833,28.486135,1011.5004,185.97899,137,,,5.5,-29,,3,3
2026-01-23 06:01:23.969181,0x433acb14,27.474583,27.719725,1011.5495,357.73843,111,,,7.75,-11,,3,3
2026-01-23 06:01:31.065841,0x433aad0c,28.128727,26.231354,1011.4791,208.89548,172,,,5.5,-37,,3,3
2026-01-23 06:01:40.308612,0x433b0b38,27.655827,28.561037,1011.12823,213.02267,168,,,6.0,-3,,5,5
2026-01-23 06:01:44.303526,0x433af380,28.045017,26.53978,1012.16425,113.67478,152,,,6.0,-10,,3,3
2026-01-23 06:02:24.732485,0x433acb14,27.477976,27.826061,1011.5673,358.12457,110,,,6.5,-11,,3,3
2026-01-23 06:02:40.679882,0x433b0b38,27.657906,28.53727,1011.1713,212.75711,169,,,5.0,-3,,5,5
2026-01-23 06:02:43.796298,0x433af380,27.948154,27.005974,1012.1833,113.215485,152,,,7.5,-10,,3,3
2026-01-23 06:03:23.790116,0x433acb14,27.456707,27.768772,1011.56,358.12457,111,,,7.0,-11,,3,3
2026-01-23 06:03:40.326651,0x433b0b38,27.656725,28.736315,1011.1803,212.75711,168,,,6.25,-3,,5,5
2026-01-23 06:03:52.815852,0x433af380,27.729406,27.386301,1012.22516,112.15811,155,,,7.0,-10,,3,3
2026-01-23 06:04:18.390965,0x433ad35c,27.322327,28.676023,1011.55426,186.18494,137,,,7.75,-29,,3,3
2026-01-23 06:04:23.951842,0x433acb14,27.462774,27.977314,1011.58246,359.28793,111,,,7.5,-11,,3,3
2026-01-23 06:04:31.112823,0x433aad0c,28.226522,26.113914,1011.5286,210.63226,170,,,6.25,-36,,3,3
2026-01-23 06:04:42.200096,0x433b0b38,27.653408,28.797575,1011.18756,212.09612,169,,,5.75,-3,,5,5
2026-01-23 06:04:44.496429,0x433af380,27.785488,27.425894,1012.21326,113.36817,152,,,6.25,-10,,3,3
2026-01-23 06:05:24.446982,0x433acb14,27.447605,28.041008,1011.5974,360.45886,110,,,7.25,-11,,3,3
2026-01-23 06:05:40.424788,0x433b0b38,27.65337,29.024214,1011.1893,212.88982,167,,,6.25,-4,,5,5
2026-01-23 06:05:45.512182,0x433af380,27.833786,27.282402,1012.1907,113.67478,151,,,7.0,-10,,3,3
2026-01-23 06:06:23.874899,0x433acb14,27.447643,28.195524,1011.62317,361.24377,109,,,7.25,-11,,3,3
2026-01-23 06:06:40.638350,0x433b0b38,27.65254,29.17729,1011.22675,213.42227,166,,,5.75,-3,,5,5
2026-01-23 06:06:48.193635,0x433af380,27.813587,27.40888,1012.262,113.29177,151,,,6.5,-11,,3,3
2026-01-23 06:07:18.409512,0x433ad35c,27.189846,29.296038,1011.58386,185.6581,135,,,7.5,-29,,3,3
2026-01-23 06:07:24.135501,0x433acb14,27.439213,28.30826,1011.6412,358.51157,109,,,7.5,-10,,3,3
2026-01-23 06:07:31.433982,0x433aad0c,28.129295,26.700493,1011.5632,209.42682,168,,,6.0,-36,,3,3
2026-01-23 06:07:40.344103,0x433b0b38,27.66388,29.227295,1011.227,214.09158,166,,,6.5,-3,,5,5
2026-01-23 06:07:46.711928,0x433af380,27.808193,27.530197,1012.2679,114.60464,150,,,7.0,-11,,3,3
2026-01-23 06:08:24.084333,0x433acb14,27.41671,28.494617,1011.631,358.12457,108,,,7.5,-11,,3,3
2026-01-23 06:08:40.599492,0x433b0b38,27.648266,29.395285,1011.23413,212.88982,166,,,6.0,-3,,5,5
2026-01-23 06:08:47.030862,0x433af380,27.762745,27.668777,1012.29266,110.75427,156,,,7.0,-11,,3,3
2026-01-23 06:09:23.902617,0x433acb14,27.390968,28.606665,1011.639,357.73843,108,,,8.0,-11,,3,3
2026-01-23 06:09:40.504810,0x433b0b38,27.648228,29.352076,1011.2492,214.36049,165,,,6.0,-3,,5,5
2026-01-23 06:09:46.874062,0x433af380,27.700981,27.744722,1012.26776,113.90583,150,,,6.75,-10,,3,3
2026-01-23 06:10:18.409966,0x433ad35c,27.041649,29.641264,1011.62555,185.24196,134,,,7.5,-29,,3,3
2026-01-23 06:10:23.977822,0x433acb14,27.341433,28.691504,1011.637,358.8993,108,,,7.25,-11,,3,3
2026-01-23 06:10:31.988664,0x433aad0c,28.121672,26.790365,1011.55316,211.7155,164,,,5.75,-36,,3,3
2026-01-23 06:10:41.248963,0x433b0b38,27.64819,29.405346,1011.20734,212.49222,165,,,5.75,-4,,5,5
2026-01-23 06:10:48.282249,0x433af380,27.684486,27.825462,1012.2309,113.90583,151,,,6.5,-11,,3,3
2026-01-23 06:11:24.086236,0x433acb14,27.33467,28.814924,1011.581,360.06772,106,,,7.0,-10,,3,3
2026-01-23 06:11:41.680182,0x433b0b38,27.637901,29.45794,1011.17285,215.44287,164,,,7.0,-3,,5,5
2026-01-23 06:11:46.092285,0x433af380,27.548817,28.048935,1012.2069,114.29301,149,,,6.75,-11,,3,3
2026-01-23 06:12:24.670222,0x433acb14,27.32699,28.810337,1011.5336,357.73843,107,,,7.5,-11,,3,3
2026-01-23 06:12:41.291005,0x433b0b38,27.63537,29.464699,1011.1401,215.30699,163,,,6.5,-3,,5,5
2026-01-23 06:12:50.282240,0x433af380,27.421923,28.224405,1012.1778,114.52657,148,,,7.0,-10,,3,3
2026-01-23 06:13:18.483999,0x433ad35c,26.938902,29.858574,1011.5114,186.91783,133,,,7.25,-29,,3,3
2026-01-23 06:13:24.015802,0x433acb14,27.321114,28.810232,1011.54034,359.28793,106,,,7.5,-10,,3,3
2026-01-23 06:13:33.364745,0x433aad0c,28.119066,26.988468,1011.4663,212.26128,161,,,5.5,-36,,3,3
2026-01-23 06:13:41.801366,0x433b0b38,27.627693,29.491865,1011.1084,216.53627,163,,,6.0,-4,,5,5
2026-01-23 06:13:46.606955,0x433af380,27.419342,28.229105,1012.15106,114.83948,148,,,6.75,-10,,3,3
2026-01-23 06:14:24.130312,0x433acb14,27.329552,28.869421,1011.5192,360.8509,105,,,7.75,-11,,3,3
2026-01-23 06:14:43.313576,0x433b0b38,27.625086,29.542631,1011.09216,216.39899,163,,,6.5,-2,,5,5
2026-01-23 06:14:48.414125,0x433af380,27.345676,28.363995,1012.1271,115.07529,148,,,6.5,-11,,3,3
2026-01-23 06:15:25.288538,0x433acb14,27.326345,28.835281,1011.48914,362.03214,105,,,7.25,-11,,3,3
2026-01-23 06:15:42.141937,0x433b0b38,27.622513,29.600388,1011.11957,216.94916,162,,,6.25,-3,,5,5
2026-01-23 06:15:47.380934,0x433af380,27.365974,28.408274,1012.1246,109.17208,155,,,6.75,-11,,3,3
2026-01-23 06:16:18.462323,0x433ad35c,26.816105,30.103022,1011.4803,187.98071,131,,,7.5,-29,,3,3
2026-01-23 06:16:24.065482,0x433acb14,27.31592,28.858734,1011.49915,361.6375,104,,,7.25,-10,,3,3
2026-01-23 06:16:32.701984,0x433aad0c,28.136845,26.910364,1011.4446,216.58858,157,,,6.5,-37,,3,3
2026-01-23 06:16:42.047445,0x433b0b38,27.63809,29.483356,1011.09906,215.44287,162,,,5.75,-3,,5,5
2026-01-23 06:16:48.532935,0x433af380,27.307972,28.447428,1012.12946,114.52657,149,,,7.5,-11,,3,3
2026-01-23 06:17:24.289933,0x433acb14,27.311638,28.85906,1011.5042,362.82388,104,,,7.5,-11,,3,3
2026-01-23 06:17:42.927474,0x433b0b38,27.604477,29.555464,1011.0972,217.77968,161,,,6.25,-3,,5,5
2026-01-23 06:17:48.324176,0x433af380,27.312376,28.468767,1012.1429,115.94827,146,,,7.25,-11,,3,3
2026-01-23 06:18:24.858388,0x433acb14,27.291162,28.909334,1011.51404,366.43005,103,,,7.0,-10,,3,3
2026-01-23 06:18:42.654102,0x433b0b38,27.60368,29.524332,1011.12067,220.16771,161,,,5.75,-3,,5,5
2026-01-23 06:18:48.100573,0x433af380,27.35289,28.391918,1012.1516,115.6293,146,,,6.5,-10,,3,3
2026-01-23 06:19:18.494892,0x433ad35c,26.79097,30.19201,1011.5062,189.38072,130,,,7.5,-29,,3,3
2026-01-23 06:19:24.167740,0x433acb14,27.274937,28.947908,1011.55304,365.22003,103,,,6.25,-11,,3,3
2026-01-23 06:19:33.436200,0x433aad0c,28.113249,26.95339,1011.49347,218.31142,156,,,6.25,-36,,3,3
2026-01-23 06:19:44.965736,0x433b0b38,27.599335,29.537794,1011.1254,221.1663,161,,,6.25,-3,,5,5
2026-01-23 06:19:50.325045,0x433af380,27.323051,28.636328,1012.18304,107.08598,160,,,7.0,-10,,3,3
2026-01-23 06:20:24.340113,0x433acb14,27.252018,29.123995,1011.56366,363.61905,103,,,7.5,-11,,3,3
2026-01-23 06:20:43.727886,0x433b0b38,27.601906,29.577906,1011.17004,220.02579,160,,,5.75,-4,,5,5
2026-01-23 06:20:49.822795,0x433af380,27.271671,28.547895,1012.1864,116.26902,146,,,7.0,-11,,3,3
2026-01-23 06:21:24.498100,0x433acb14,27.257896,29.004255,1011.5621,366.02582,102,,,7.0,-11,,3,3
2026-01-23 06:21:43.777477,0x433b0b38,27.594193,29.579105,1011.2004,217.77968,160,,,6.0,-3,,5,5
2026-01-23 06:21:49.125551,0x433af380,27.208225,28.647465,1012.20825,116.43006,145,,,6.75,-11,,3,3
2026-01-23 06:22:18.488062,0x433ad35c,26.730896,30.313587,1011.55664,189.81569,129,,,7.25,-30,,3,3
2026-01-23 06:22:24.189657,0x433acb14,27.246862,29.028017,1011.5824,368.05594,102,,,7.0,-10,,3,3
2026-01-23 06:22:32.092137,0x433aad0c,28.045538,27.173883,1011.5249,219.32913,153,,,5.75,-36,,3,3
2026-01-23 06:22:43.678640,0x433b0b38,27.583946,29.638811,1011.19617,222.174,159,,,6.75,-4,,5,5
2026-01-23 06:22:49.126554,0x433af380,27.174694,28.821245,1012.22766,111.78524,153,,,6.75,-11,,3,3
2026-01-23 06:23:24.301138,0x433acb14,27.234863,29.036907,1011.5777,366.02582,102,,,7.0,-11,,3,3
2026-01-23 06:23:43.850966,0x433b0b38,27.591732,29.590412,1011.2077,222.6087,158,,,6.0,-4,,5,5
2026-01-23 06:23:49.403326,0x433af380,27.208717,28.664911,1012.21875,116.0283,146,,,7.0,-10,,3,3
2026-01-23 06:24:24.219939,0x433acb14,27.214394,29.092953,1011.5739,367.6481,101,,,7.25,-11,,3,3
2026-01-23 06:24:44.055671,0x433b0b38,27.586515,29.668903,1011.18555,220.88007,159,,,5.75,-3,,5,5
2026-01-23 06:24:51.106770,0x433af380,27.187553,28.733313,1012.22437,113.751686,151,,,7.25,-11,,3,3
2026-01-23 06:25:19.383286,0x433ad35c,26.740921,30.337091,1011.5601,191.35396,127,,,7.5,-29,,3,3
2026-01-23 06:25:24.406544,0x433acb14,27.224743,29.099045,1011.5808,366.83514,100,,,6.5,-11,,3,3
2026-01-23 06:25:31.743404,0x433aad0c,28.022434,27.137428,1011.56177,222.59029,151,,,6.0,-36,,3,3
2026-01-23 06:25:45.168085,0x433b0b38,27.586554,29.643,1011.2224,224.07002,158,,,6.25,-4,,5,5
2026-01-23 06:25:49.826836,0x433af380,27.139841,28.819803,1012.2462,116.672455,145,,,6.5,-11,,3,3
2026-01-23 06:26:24.482632,0x433acb14,27.241629,29.08969,1011.6268,367.6481,100,,,6.75,-10,,3,3
2026-01-23 06:26:45.090086,0x433b0b38,27.560804,29.686266,1011.1968,220.30981,159,,,6.0,-3,,5,5
2026-01-23 06:26:53.678417,0x433af380,27.11706,28.82134,1012.2492,116.672455,144,,,6.25,-11,,3,3
2026-01-23 06:27:25.602090,0x433acb14,27.219511,29.097118,1011.603,370.10867,100,,,7.25,-11,,3,3
2026-01-23 06:27:45.479896,0x433b0b38,27.545599,29.718315,1011.23065,224.95607,157,,,6.5,-3,,5,5
2026-01-23 06:27:51.592968,0x433af380,27.1911,28.741764,1012.2697,117.24197,145,,,7.5,-10,,3,3
2026-01-23 06:28:19.294040,0x433ad35c,26.703331,30.442602,1011.6352,192.80482,125,,,6.25,-29,,3,3
2026-01-23 06:28:24.268414,0x433acb14,27.199074,29.201933,1011.63,368.87424,99,,,7.5,-11,,3,3
2026-01-23 06:28:31.693042,0x433aad0c,28.050858,27.148062,1011.5785,225.94992,147,,,5.75,-36,,3,3
2026-01-23 06:28:45.748653,0x433b0b38,27.550554,29.715603,1011.2278,226.59882,156,,,6.25,-3,,5,5
2026-01-23 06:28:50.790693,0x433af380,27.177505,28.77768,1012.2613,116.51074,144,,,6.5,-11,,3,3
2026-01-23 06:29:24.296317,0x433acb14,27.1888,29.26979,1011.5954,368.87424,99,,,7.25,-11,,3,3
2026-01-23 06:29:46.988930,0x433b0b38,27.5265,29.794872,1011.23016,225.40172,156,,,6.0,-3,,5,5
2026-01-23 06:29:54.741681,0x433af380,27.257551,28.6645,1012.2411,116.75348,144,,,7.0,-11,,3,3
2026-01-23 06:30:24.385500,0x433acb14,27.199036,29.235245,1011.61115,370.9362,99,,,6.75,-11,,3,3
2026-01-23 06:30:40.017686,0x9e9faaa4,,,,,,349,0.0052690455,5.75,-11,,3,2
2026-01-23 06:30:46.262702,0x433b0b38,27.494062,29.904343,1011.2331,225.40172,156,,,6.0,-3,,5,5
2026-01-23 06:30:51.155346,0x433af380,27.213009,28.892508,1012.23395,116.51074,145,,,6.75,-10,,3,3
2026-01-23 06:31:19.126867,0x433ad35c,26.698318,30.462465,1011.5888,193.48189,125,,,6.0,-30,,3,3
2026-01-23 06:31:25.309275,0x433acb14,27.180706,29.241673,1011.61145,374.70627,97,,,7.75,-11,,3,3
2026-01-23 06:31:31.705675,0x433aad0c,28.0204,27.291393,1011.5505,225.94992,145,,,5.5,-36,,3,3
2026-01-23 06:31:46.090106,0x433b0b38,27.511986,29.795307,1011.2322,227.65674,155,,,5.75,-3,,5,5
2026-01-23 06:31:53.061427,0x433af380,27.2725,28.689688,1012.26013,117.07869,144,,,6.75,-10,,3,3
2026-01-23 06:32:24.570482,0x433acb14,27.1888,29.339016,1011.61255,372.6024,97,,,7.75,-11,,3,3
2026-01-23 06:32:46.788211,0x433b0b38,27.522306,29.808308,1011.2027,227.96082,155,,,6.0,-3,,5,5
2026-01-23 06:32:55.265990,0x433af380,27.191906,28.785015,1012.2467,116.91585,144,,,7.0,-10,,3,3
2026-01-23 06:33:24.961039,0x433acb14,27.173447,29.269474,1011.59155,373.44107,96,,,5.75,-11,,3,3
2026-01-23 06:33:46.340989,0x433b0b38,27.527336,29.807478,1011.2133,228.57143,155,,,5.75,-3,,5,5
2026-01-23 06:33:54.995375,0x433af380,27.184948,28.878637,1012.23193,116.672455,145,,,6.0,-36,,3,2
2026-01-23 06:34:18.616101,0x433ad35c,26.657387,30.56885,1011.5734,195.31094,123,,,6.0,-30,,3,3
2026-01-23 06:34:24.621172,0x433acb14,27.175665,29.327911,1011.59076,379.90176,95,,,7.75,-11,,3,3
2026-01-23 06:34:31.863097,0x433aad0c,28.012241,27.349096,1011.501,228.9341,142,,,5.75,-36,,3,3
2026-01-23 06:34:47.795544,0x433b0b38,27.522194,29.817402,1011.1977,228.7246,154,,,6.25,-3,,5,5
2026-01-23 06:34:53.438015,0x433af380,27.211527,28.805038,1012.1899,116.43006,144,,,6.5,-11,,3,3
2026-01-23 06:35:24.699094,0x433acb14,27.176193,29.244265,1011.56335,379.47418,94,,,7.25,-10,,3,3
2026-01-23 06:35:47.359609,0x433b0b38,27.514482,29.838245,1011.17615,229.03152,153,,,5.75,-4,,5,5
2026-01-23 06:35:53.715515,0x433af380,27.21039,28.835682,1012.19336,117.16026,144,,,6.5,-10,,3,3
2026-01-23 06:36:24.480487,0x433acb14,27.147856,29.416338,1011.5464,380.33032,94,,,6.0,-11,,3,3
2026-01-23 06:36:47.402144,0x433b0b38,27.509377,29.850378,1011.1673,229.95732,153,,,5.75,-3,,5,5
2026-01-23 06:36:54.062921,0x433af380,27.249723,28.784857,1012.19604,116.43006,145,,,7.0,-11,,3,3
2026-01-23 06:37:20.521749,0x433ad35c,26.63601,30.660042,1011.55536,195.08041,122,,,5.5,-30,,3,3
2026-01-23 06:37:24.937397,0x433acb14,27.190315,29.338778,1011.5289,379.68784,97,,,7.5,-11,,3,3
2026-01-23 06:37:31.754704,0x433aad0c,28.004847,27.385607,1011.4825,230.0535,139,,,6.75,-37,,3,3
2026-01-23 06:37:48.089154,0x433b0b38,27.465628,30.03442,1011.15436,228.57143,154,,,6.5,-3,,5,5
2026-01-23 06:37:54.531063,0x433af380,27.313969,28.700176,1012.18066,114.29301,149,,,6.0,-11,,3,3
2026-01-23 06:38:24.623459,0x433acb14,27.121431,29.39585,1011.5389,379.90176,93,,,7.5,-11,,3,3
2026-01-23 06:38:47.603343,0x433b0b38,27.490366,29.884792,1011.15796,229.03152,153,,,6.0,-3,,5,5
2026-01-23 06:39:02.214813,0x433af380,27.264385,28.770739,1012.17224,115.07529,147,,,6.25,-11,,3,3
2026-01-23 06:39:24.605688,0x433acb14,27.122267,29.398071,1011.5252,379.2607,93,,,7.25,-11,,3,3
2026-01-23 06:39:48.706026,0x433b0b38,27.483665,29.918694,1011.1585,230.5787,152,,,6.0,-4,,5,5
2026-01-23 06:39:59.221834,0x433af380,27.24965,28.809114,1012.15265,115.94827,145,,,7.0,-11,,3,3
2026-01-23 06:40:19.326781,0x433ad35c,26.601585,30.888033,1011.52716,195.54198,121,,,5.75,-30,,3,3
2026-01-23 06:40:24.712336,0x433acb14,27.117376,29.457628,1011.5216,382.48758,92,,,7.5,-11,,3,3
2026-01-23 06:40:32.276943,0x433aad0c,27.984537,27.336666,1011.4705,233.64403,136,,,5.5,-36,,3,3
2026-01-23 06:40:48.711355,0x433b0b38,27.48113,29.935238,1011.139,231.83156,152,,,6.25,-3,,5,5
2026-01-23 06:40:57.366010,0x433af380,27.267418,28.805437,1012.1833,115.708885,146,,,6.0,-11,,3,3
2026-01-23 06:41:24.598518,0x433acb14,27.114475,29.419064,1011.5054,383.35733,91,,,6.5,-11,,3,3
2026-01-23 06:41:49.029709,0x433b0b38,27.45262,30.010387,1011.1123,229.4935,152,,,6.0,-3,,5,5
2026-01-23 06:41:57.919113,0x433af380,27.223719,28.898388,1012.1532,115.78858,145,,,7.0,-11,,3,3
2026-01-23 06:42:25.174930,0x433acb14,27.08644,29.490208,1011.5037,386.65457,90,,,7.25,-10,,3,3
2026-01-23 06:42:48.606090,0x433b0b38,27.442486,30.010551,1011.1367,230.5787,152,,,6.0,-3,,5,5
2026-01-23 06:42:57.829677,0x433af380,27.251396,28.872696,1012.16034,116.43006,144,,,6.75,-11,,3,3
2026-01-23 06:43:18.712964,0x433ad35c,26.68579,30.669657,1011.5206,196.70555,119,,,6.5,-29,,3,3
2026-01-23 06:43:24.902111,0x433acb14,27.229746,29.338057,1011.5314,385.32892,90,,,7.5,-10,,3,3
2026-01-23 06:43:31.807498,0x433aad0c,27.997751,27.32288,1011.4792,236.66614,132,,,5.75,-36,,3,3
2026-01-23 06:43:49.479010,0x433b0b38,27.445093,30.013462,1011.14105,234.21774,150,,,6.0,-3,,5,5
2026-01-23 06:44:03.159426,0x433af380,27.26719,28.886992,1012.1641,112.23299,151,,,6.75,-11,,3,3
2026-01-23 06:44:24.813663,0x433acb14,27.060846,29.721556,1011.5065,383.5754,90,,,7.0,-11,,3,3
2026-01-23 06:44:50.388348,0x433b0b38,27.47077,29.997686,1011.1432,234.05714,149,,,6.25,-4,,5,5
2026-01-23 06:44:59.906414,0x433af380,27.292557,28.812874,1012.17084,116.43006,144,,,7.25,-10,,3,3
2026-01-23 06:45:24.978305,0x433acb14,27.119099,29.499262,1011.53973,389.33353,89,,,7.0,-11,,3,3
2026-01-23 06:45:50.250691,0x433b0b38,27.457989,30.04357,1011.14294,236.65358,149,,,6.75,-3,,5,5
2026-01-23 06:45:58.720119,0x433af380,27.226788,28.90296,1012.20233,116.99721,143,,,6.5,-10,,3,3
2026-01-23 06:46:18.754704,0x433ad35c,26.655716,30.728292,1011.5675,199.67593,117,,,6.0,-29,,3,3
2026-01-23 06:46:24.711794,0x433acb14,27.119478,29.515034,1011.5671,384.88904,89,,,7.5,-11,,3,3
2026-01-23 06:46:31.974721,0x433aad0c,28.020248,27.360798,1011.51794,238.37914,130,,,5.75,-37,,3,3
2026-01-23 06:46:49.613715,0x433b0b38,27.45024,30.034552,1011.16327,236.65358,149,,,6.0,-3,,5,5
2026-01-23 06:46:58.937410,0x433af380,27.282682,28.895824,1012.215,116.672455,143,,,6.5,-11,,3,3
2026-01-23 06:47:24.768770,0x433acb14,27.122267,29.585075,1011.5749,390.2347,89,,,6.0,-11,,3,3
2026-01-23 06:47:50.664077,0x433b0b38,27.442486,30.062517,1011.182,231.83156,150,,,6.0,-3,,5,5
2026-01-23 06:47:59.189997,0x433af380,27.328436,28.883934,1012.20935,116.10843,144,,,7.25,-11,,3,3
2026-01-23 06:48:25.398953,0x433acb14,27.105999,29.555202,1011.571,389.5584,88,,,6.75,-11,,3,3
2026-01-23 06:48:50.115904,0x433b0b38,27.434809,30.106882,1011.2072,232.62154,149,,,7.0,-3,,5,5
2026-01-23 06:48:59.339150,0x433af380,27.312983,28.85528,1012.2247,116.43006,143,,,6.5,-11,,3,3
2026-01-23 06:49:18.943733,0x433ad35c,26.603203,30.841822,1011.59094,199.07472,117,,,6.75,-29,,3,3
2026-01-23 06:49:24.925583,0x433acb14,27.089148,29.57771,1011.56464,389.5584,88,,,7.5,-11,,3,3
2026-01-23 06:49:32.156104,0x433aad0c,27.9999,27.400047,1011.52844,240.64345,128,,,5.5,-37,,3,3
2026-01-23 06:49:49.858438,0x433b0b38,27.413443,30.122099,1011.20386,235.83601,148,,,6.0,-3,,5,5
2026-01-23 06:50:00.367053,0x433af380,27.223148,29.171974,1012.23663,107.56558,147,,,6.25,-10,,3,3
2026-01-23 06:50:24.988419,0x433acb14,27.08644,29.691257,1011.5705,389.5584,87,,,7.25,-11,,3,3
2026-01-23 06:50:52.286848,0x433b0b38,27.419344,30.133757,1011.206,237.80771,148,,,6.0,-3,,5,5
2026-01-23 06:51:05.467377,0x433af380,27.264648,28.933859,1012.2297,114.996574,146,,,7.0,-11,,3,3
2026-01-23 06:51:25.588207,0x433acb14,27.07876,29.719341,1011.5678,393.42218,87,,,7.25,-11,,3,3
2026-01-23 06:51:50.073786,0x433b0b38,27.41178,30.159115,1011.1895,234.53963,148,,,5.75,-3,,5,5
2026-01-23 06:52:00.215937,0x433af380,27.279343,28.889767,1012.21454,115.78858,144,,,6.0,-11,,3,3
2026-01-23 06:52:18.851924,0x433ad35c,26.613113,30.864147,1011.572,200.15956,116,,,6.5,-29,,3,3
2026-01-23 06:52:25.522625,0x433acb14,27.093853,29.60672,1011.5562,391.82196,86,,,6.75,-11,,3,3
2026-01-23 06:52:31.964685,0x433aad0c,27.990355,27.460623,1011.5396,241.52585,126,,,6.0,-36,,3,3
2026-01-23 06:52:49.927259,0x433b0b38,27.406487,30.154177,1011.18896,234.37857,148,,,6.0,-3,,5,5
2026-01-23 06:53:02.153976,0x433af380,27.262293,29.059273,1012.2117,104.55535,155,,,6.0,-11,,3,3
2026-01-23 06:53:24.988189,0x433acb14,27.099236,29.709703,1011.55457,389.33353,86,,,8.0,-11,,3,3
2026-01-23 06:53:50.281012,0x433b0b38,27.349047,30.367023,1011.196,234.05714,148,,,5.75,-3,,5,5
2026-01-23 06:54:04.703893,0x433af380,27.20898,28.972897,1012.2031,115.86836,145,,,7.25,-10,,3,3
2026-01-23 06:54:25.045542,0x433acb14,27.091557,29.608294,1011.509,392.5062,86,,,7.0,-10,,3,3
2026-01-23 06:54:49.971584,0x433b0b38,27.388489,30.192766,1011.1513,237.64214,147,,,5.75,-3,,5,5
2026-01-23 06:55:01.145956,0x433af380,27.230894,29.003376,1012.1742,116.188675,145,,,6.75,-10,,3,3
2026-01-23 06:55:18.846186,0x433ad35c,26.649748,30.784544,1011.52026,200.64552,115,,,7.75,-30,,3,3
2026-01-23 06:55:25.020700,0x433acb14,27.100918,29.596678,1011.51624,392.27783,86,,,7.5,-11,,3,3
2026-01-23 06:55:31.934960,0x433aad0c,27.96997,27.531364,1011.46936,242.7721,125,,,5.5,-36,,3,3
2026-01-23 06:55:50.023406,0x433b0b38,27.388035,30.215544,1011.14465,238.63902,147,,,5.75,-3,,5,5
2026-01-23 06:56:02.106763,0x433af380,27.256866,28.992027,1012.14075,115.78858,143,,,7.0,-10,,3,3
2026-01-23 06:56:24.851347,0x433acb14,27.094116,29.62591,1011.5048,394.11197,85,,,7.25,-10,,3,3
2026-01-23 06:56:51.756583,0x433b0b38,27.375708,30.225208,1011.1277,236.81776,147,,,6.25,-3,,5,5
2026-01-23 06:57:05.967809,0x433af380,27.21582,29.174578,1012.15826,106.88176,148,,,6.5,-10,,3,3
2026-01-23 06:57:25.082979,0x433acb14,27.104353,29.615185,1011.5187,396.196,85,,,7.75,-10,,3,3
2026-01-23 06:57:49.995127,0x433b0b38,27.372189,30.2551,1011.1232,238.63902,147,,,5.5,-4,,5,5
2026-01-23 06:58:01.754096,0x433af380,27.261421,29.134447,1012.1578,107.70339,152,,,6.5,-11,,3,3
2026-01-23 06:58:18.866822,0x433ad35c,26.585436,31.023554,1011.51263,200.03842,116,,,7.25,-29,,3,3
2026-01-23 06:58:25.072546,0x433acb14,27.166985,29.67861,1011.49817,395.73096,85,,,7.5,-11,,3,3
2026-01-23 06:58:32.056514,0x433aad0c,27.96944,27.53354,1011.46094,244.39345,123,,,5.75,-36,,3,3
2026-01-23 06:58:50.538855,0x433b0b38,27.355139,30.283031,1011.131,237.80771,147,,,6.25,-3,,5,5
2026-01-23 06:59:01.974896,0x433af380,27.279911,28.94463,1012.1589,115.708885,144,,,6.5,-11,,3,3
2026-01-23 06:59:24.921701,0x433acb14,27.088997,29.648659,1011.49445,395.26706,84,,,7.0,-11,,3,3
2026-01-23 06:59:50.073481,0x433b0b38,27.357635,30.27215,1011.10675,234.7009,147,,,5.75,-3,,5,5
2026-01-23 07:00:06.644354,0x433af380,27.310328,29.03747,1012.1354,116.8346,144,,,6.75,-12,,3,3
2026-01-23 07:00:26.293509,0x433acb14,27.073074,29.818237,1011.47687,398.3022,84,,,7.5,-11,,3,3
2026-01-23 07:00:50.217682,0x433b0b38,27.362816,30.26086,1011.08386,240.65805,146,,,6.0,-3,,5,5
2026-01-23 07:01:03.942404,0x433af380,27.331095,28.916279,1012.1005,115.31207,144,,,6.75,-11,,3,3
2026-01-23 02:01:13.433411,0x433acb14,28.048653,28.099564,1011.3065,322.2947,125,,,7.25,-10,,3,3
2026-01-23 02:01:15.395913,0x433ad35c,28.186924,28.571335,1011.3076,164.18456,155,,,6.25,-29,,3,3
2026-01-23 02:01:28.871893,0x433af380,28.681671,26.976353,1011.97253,94.346245,185,,,7.5,-11,,3,3
2026-01-23 02:01:31.102967,0x433aad0c,28.978466,26.217525,1011.2959,185.37915,192,,,6.25,-37,,3,3
2026-01-23 02:01:34.401464,0x433b0b38,28.463936,28.8016,1010.92847,183.4468,184,,,6.0,-3,,5,5
2026-01-23 02:02:12.425097,0x433acb14,28.03074,28.219202,1011.307,319.19424,126,,,7.5,-10,,3,3
2026-01-23 02:02:30.429876,0x433b0b38,28.413904,28.780901,1010.9114,182.66144,185,,,6.75,-4,,5,5
2026-01-23 02:02:32.441223,0x433af380,28.66877,26.97322,1011.9792,94.771706,184,,,6.5,-10,,3,3
2026-01-23 02:03:12.378247,0x433acb14,28.071423,28.27272,1011.2839,320.11813,125,,,8.0,-11,,3,3
2026-01-23 02:03:30.452748,0x433b0b38,28.437727,28.732264,1010.9258,183.84201,184,,,6.25,-3,,5,5
2026-01-23 02:03:32.505861,0x433af380,28.625551,27.065056,1011.9621,94.08226,185,,,6.5,-11,,3,3
2026-01-23 02:04:12.972922,0x433acb14,28.066566,28.205427,1011.29565,321.0473,126,,,7.0,-11,,3,3
2026-01-23 02:04:15.838381,0x433ad35c,28.186924,28.565878,1011.2782,163.70497,154,,,6.0,-29,,3,3
2026-01-23 02:04:29.015561,0x433aad0c,28.976465,26.207165,1011.27765,185.06665,192,,,5.75,-36,,3,3
2026-01-23 02:04:32.228773,0x433b0b38,28.462198,28.745756,1010.9055,183.24983,185,,,6.0,-3,,5,5
2026-01-23 02:04:34.424083,0x433af380,28.617195,27.049238,1011.97235,95.25496,184,,,6.5,-11,,3,3
2026-01-23 02:05:12.702466,0x433acb14,28.0584,28.112415,1011.3086,321.35825,125,,,7.0,-11,,3,3
2026-01-23 02:05:30.834333,0x433b0b38,28.411865,28.757719,1010.9138,183.64418,184,,,6.75,-3,,5,5
2026-01-23 02:05:32.942033,0x433af380,28.60463,27.064144,1011.9501,94.346245,184,,,7.25,-11,,3,3
2026-01-23 02:06:12.745960,0x433acb14,28.012827,28.159267,1011.28876,319.80957,126,,,7.5,-10,,3,3
2026-01-23 02:06:31.474148,0x433b0b38,28.39303,28.73248,1010.9131,183.24983,184,,,6.0,-3,,5,5
2026-01-23 02:06:40.430072,0x433af380,28.624943,27.05486,1011.9777,95.417145,183,,,7.0,-11,,3,3
2026-01-23 02:07:12.857124,0x433acb14,28.020502,28.164148,1011.2845,321.98196,125,,,7.25,-11,,3,3
2026-01-23 02:07:15.588879,0x433ad35c,28.11926,28.647943,1011.2956,163.06984,155,,,6.25,-28,,3,3
2026-01-23 02:07:28.741359,0x433aad0c,28.956425,26.221928,1011.2831,186.00734,192,,,5.75,-36,,3,3
2026-01-23 02:07:32.065806,0x433b0b38,28.377981,28.747663,1010.93036,183.84201,184,,,6.0,-4,,5,5
2026-01-23 02:07:34.121598,0x433af380,28.614807,27.117634,1011.9682,89.2156,193,,,7.5,-11,,3,3
2026-01-23 02:08:12.662042,0x433acb14,28.033298,28.199036,1011.30634,322.2947,126,,,7.5,-11,,3,3
2026-01-23 02:08:30.775978,0x433b0b38,28.380781,28.807058,1010.91284,183.05327,184,,,6.0,-3,,5,5
2026-01-23 02:08:35.645827,0x433af380,28.631094,27.04161,1011.97723,94.50534,184,,,6.5,-11,,3,3
2026-01-23 02:09:12.761102,0x433acb14,28.053051,28.091177,1011.29645,322.92206,125,,,7.5,-11,,3,3
2026-01-23 02:09:32.287979,0x433b0b38,28.35537,28.805416,1010.9343,184.23894,184,,,6.5,-3,,5,5
2026-01-23 02:09:34.641142,0x433af380,28.634966,27.00156,1011.99426,95.417145,183,,,7.25,-10,,3,3
2026-01-23 02:10:13.353686,0x433acb14,28.05159,28.093233,1011.34875,321.6698,125,,,7.5,-11,,3,3
2026-01-23 02:10:16.008914,0x433ad35c,28.126629,28.601604,1011.3534,163.86453,155,,,6.25,-29,,3,3
2026-01-23 02:10:30.048278,0x433aad0c,28.922672,26.252672,1011.3365,186.11246,192,,,6.25,-36,,3,3
2026-01-23 02:10:32.261832,0x433b0b38,28.339905,28.846115,1010.9566,184.83754,184,,,6.0,-3,,5,5
2026-01-23 02:10:34.515041,0x433af380,28.627527,27.078793,1012.02203,95.79772,183,,,6.5,-10,,3,3
2026-01-23 02:11:12.761482,0x433acb14,28.033298,28.189913,1011.3561,324.18405,127,,,7.5,-11,,3,3
2026-01-23 02:11:31.062656,0x433b0b38,28.352837,28.756622,1010.97534,184.23894,184,,,6.0,-3,,5,5
2026-01-23 02:11:34.566545,0x433af380,28.61272,27.115688,1012.0617,96.01657,183,,,6.0,-11,,3,3
2026-01-23 02:12:12.705589,0x433acb14,28.030058,28.09773,1011.3739,323.55185,125,,,7.75,-10,,3,3
2026-01-23 02:12:30.805846,0x433b0b38,28.36486,28.740334,1010.9906,185.44006,183,,,6.0,-4,,5,5
2026-01-23 02:12:35.360750,0x433af380,28.628437,27.010393,1012.05676,96.01657,182,,,7.25,-10,,3,3
2026-01-23 02:13:13.822754,0x433acb14,28.046095,28.080994,1011.3828,323.23663,124,,,7.5,-11,,3,3
2026-01-23 02:13:16.940012,0x433ad35c,28.111744,28.598278,1011.3985,164.82843,154,,,7.0,-28,,3,3
2026-01-23 02:13:31.219691,0x433aad0c,28.925127,26.235237,1011.3753,186.00734,192,,,6.0,-36,,3,3
2026-01-23 02:13:33.405053,0x433b0b38,28.368227,28.730886,1011.0001,184.83754,183,,,6.25,-3,,5,5
2026-01-23 02:13:35.656310,0x433af380,28.64302,26.958286,1012.0868,96.79045,182,,,7.25,-11,,3,3
2026-01-23 02:14:12.776838,0x433acb14,28.081923,28.182476,1011.3767,326.41656,124,,,7.5,-12,,3,3
2026-01-23 02:14:31.113853,0x433b0b38,28.377905,28.742132,1010.9791,184.63757,183,,,7.5,-2,,5,5
2026-01-23 02:14:39.020366,0x433af380,28.666332,26.88659,1012.04895,96.18135,182,,,7.75,-11,,3,3
2026-01-23 02:15:12.876819,0x433acb14,28.060802,28.03388,1011.3592,322.92206,125,,,8.0,-10,,3,3
2026-01-23 02:15:31.653987,0x433b0b38,28.365694,28.721983,1010.98895,186.24954,183,,,7.25,-4,,5,5
2026-01-23 02:15:38.894821,0x433af380,28.675863,26.897738,1012.0411,96.236404,182,,,7.25,-11,,3,3
2026-01-23 02:16:12.778724,0x433acb14,28.074244,27.973494,1011.3895,324.81882,124,,,7.75,-11,,3,3
2026-01-23 02:16:15.606772,0x433ad35c,28.081669,28.594765,1011.38684,165.31465,154,,,6.25,-29,,3,3
2026-01-23 02:16:30.601824,0x433aad0c,28.908182,26.227737,1011.39545,186.11246,191,,,6.0,-36,,3,3
2026-01-23 02:16:33.957212,0x433b0b38,28.339867,28.7532,1010.99866,183.84201,184,,,5.5,-4,,5,5
2026-01-23 02:16:41.312852,0x433af380,28.668499,26.980988,1012.0617,96.34671,182,,,7.25,-11,,3,3
2026-01-23 02:17:12.810815,0x433acb14,28.07707,27.977943,1011.3664,325.1371,124,,,7.5,-10,,3,3
2026-01-23 02:17:32.737256,0x433b0b38,28.334042,28.741539,1011.0018,186.04651,183,,,6.0,-3,,5,5
2026-01-23 02:17:39.407667,0x433af380,28.675978,26.897045,1012.0462,97.29456,181,,,6.25,-11,,3,3
2026-01-23 02:18:12.837084,0x433acb14,28.0126,28.111372,1011.3711,322.60806,125,,,7.5,-11,,3,3
2026-01-23 02:18:33.175423,0x433b0b38,28.313395,28.824476,1010.98663,184.63757,184,,,6.75,-3,,5,5
2026-01-23 02:18:39.680911,0x433af380,28.681293,26.872757,1012.04395,95.85233,182,,,5.75,-11,,3,3
2026-01-23 02:19:12.856153,0x433acb14,28.023064,28.029627,1011.3661,325.1371,125,,,7.75,-10,,3,3
2026-01-23 02:19:16.117909,0x433ad35c,28.081669,28.580141,1011.37476,165.47736,153,,,6.25,-29,,3,3
2026-01-23 02:19:30.020291,0x433aad0c,28.875305,26.262527,1011.3699,186.53409,192,,,7.5,-36,,3,3
2026-01-23 02:19:35.158444,0x433b0b38,28.33676,28.797949,1011.0018,186.45302,183,,,6.5,-4,,5,5
2026-01-23 02:19:44.586270,0x433af380,28.66933,26.872072,1012.0321,95.688675,184,,,7.0,-11,,3,3
2026-01-23 02:20:12.928872,0x433acb14,28.020502,28.071695,1011.34973,324.18405,124,,,7.25,-11,,3,3
2026-01-23 02:20:33.116007,0x433b0b38,28.32368,28.761497,1010.9858,186.65694,183,,,6.0,-3,,5,5
2026-01-23 02:20:42.447442,0x433af380,28.663296,26.87521,1012.04645,96.34671,182,,,7.0,-10,,3,3
2026-01-23 02:21:13.504874,0x433acb14,28.02562,28.0548,1011.379,325.456,124,,,8.0,-11,,3,3
2026-01-23 02:21:32.263978,0x433b0b38,28.3213,28.753847,1011.0015,185.44006,183,,,6.0,-3,,5,5
2026-01-23 02:21:42.348320,0x433af380,28.676773,26.910025,1012.0462,91.44783,186,,,6.25,-11,,3,3
2026-01-23 02:22:12.949160,0x433acb14,27.99607,28.04751,1011.36975,325.456,124,,,6.75,-10,,3,3
2026-01-23 02:22:16.098911,0x433ad35c,28.07187,28.578615,1011.36804,165.80376,153,,,7.75,-29,,3,3
2026-01-23 02:22:29.094692,0x433aad0c,28.870249,26.241636,1011.347,186.95766,191,,,5.75,-36,,3,3
2026-01-23 02:22:31.714710,0x433b0b38,28.303907,28.758923,1010.9975,186.65694,183,,,6.75,-3,,5,5
2026-01-23 02:22:43.428881,0x433af380,28.610626,27.00651,1012.0174,96.90202,182,,,7.0,-11,,3,3
2026-01-23 02:23:13.299634,0x433acb14,27.991556,28.07855,1011.34485,324.81882,124,,,7.75,-11,,3,3
2026-01-23 02:23:32.998578,0x433b0b38,28.303907,28.764227,1010.964,186.24954,183,,,6.0,-3,,5,5
2026-01-23 02:23:47.031716,0x433af380,28.579113,26.982426,1012.0359,96.34671,182,,,7.0,-10,,3,3
2026-01-23 02:24:13.395706,0x433acb14,27.98422,28.065283,1011.3507,325.456,124,,,8.0,-11,,3,3
2026-01-23 02:24:33.008371,0x433b0b38,28.30648,28.753433,1010.9786,185.44006,183,,,6.0,-3,,5,5
2026-01-23 02:24:43.900959,0x433af380,28.575012,27.016459,1012.005,96.84621,181,,,7.0,-10,,3,3
2026-01-23 02:25:14.528675,0x433acb14,27.974365,28.032818,1011.3419,326.09573,124,,,6.0,-11,,3,3
2026-01-23 02:25:16.590761,0x433ad35c,28.066822,28.581875,1011.3317,166.79068,152,,,7.0,-29,,3,3
2026-01-23 02:25:29.528319,0x433aad0c,28.829786,26.29527,1011.3252,186.8516,192,,,5.75,-36,,3,3
2026-01-23 02:25:34.080206,0x433b0b38,28.270706,28.7668,1010.9521,186.86131,183,,,6.0,-3,,5,5
2026-01-23 02:25:49.855170,0x433af380,28.57718,27.028149,1012.03754,92.862114,186,,,6.0,-11,,3,3
2026-01-23 02:26:13.000915,0x433acb14,27.979103,28.03766,1011.37616,325.77557,124,,,7.5,-11,,3,3
2026-01-23 02:26:31.608219,0x433b0b38,28.288593,28.747782,1011.0081,186.45302,183,,,6.0,-3,,5,5
2026-01-23 02:26:45.997467,0x433af380,28.608217,26.894001,1012.05286,96.84621,181,,,6.25,-10,,3,3
2026-01-23 02:27:13.040656,0x433acb14,27.950726,28.24319,1011.38684,324.18405,124,,,7.25,-11,,3,3
2026-01-23 02:27:31.640977,0x433b0b38,28.251875,28.844202,1010.99347,186.24954,183,,,5.75,-3,,5,5
2026-01-23 02:27:48.644635,0x433af380,28.630339,26.863142,1012.0626,96.51263,182,,,6.5,-11,,3,3
2026-01-23 02:28:13.051058,0x433acb14,27.96676,28.191202,1011.3991,325.456,124,,,7.0,-10,,3,3
2026-01-23 02:28:17.045115,0x433ad35c,28.029041,28.720972,1011.4056,165.15227,153,,,7.5,-28,,3,3
2026-01-23 02:28:29.280726,0x433aad0c,28.82469,26.30444,1011.3988,187.91774,191,,,5.5,-36,,3,3
2026-01-23 02:28:34.721989,0x433b0b38,28.239624,28.76756,1010.9982,187.06613,182,,,6.0,-3,,5,5
2026-01-23 02:28:47.246132,0x433af380,28.627335,26.880089,1012.08124,97.23829,181,,,7.5,-11,,3,3
2026-01-23 02:29:14.406816,0x433acb14,27.989342,27.997824,1011.4228,326.41656,125,,,7.0,-10,,3,3
2026-01-23 02:29:31.884862,0x433b0b38,28.249983,28.764576,1011.02765,191.08043,181,,,6.5,-3,,5,5
2026-01-23 02:29:47.998926,0x433af380,28.629879,26.874144,1012.0869,97.4073,180,,,6.75,-11,,3,3
2026-01-23 02:29:52.313403,0x9e9faaa4,,,,,,349,0.004681034,7.0,-11,,3,2
2026-01-23 02:30:13.106811,0x433acb14,27.96676,28.113682,1011.4489,326.41656,124,,,7.25,-11,,3,3
2026-01-23 02:30:31.744436,0x433b0b38,28.25505,28.776201,1011.0382,187.06613,183,,,6.25,-3,,5,5
2026-01-23 02:30:46.335876,0x433af380,28.642677,26.841751,1012.1286,97.46377,180,,,6.75,-11,,3,3
2026-01-23 02:31:13.140331,0x433acb14,27.941172,28.089708,1011.4552,325.456,124,,,7.75,-11,,3,3
2026-01-23 02:31:16.578952,0x433ad35c,28.028282,28.583008,1011.435,167.12227,152,,,7.75,-28,,3,3
2026-01-23 02:31:29.168576,0x433aad0c,28.84243,26.253296,1011.4404,188.6713,190,,,5.5,-36,,3,3
2026-01-23 02:31:32.480726,0x433b0b38,28.249983,28.771538,1011.04785,186.45302,183,,,6.5,-3,,5,5
2026-01-23 02:31:46.764736,0x433af380,28.625816,26.831028,1012.1206,97.6903,179,,,6.75,-11,,3,3
2026-01-23 02:32:13.646644,0x433acb14,27.913023,28.174534,1011.4675,324.50113,125,,,7.0,-11,,3,3
2026-01-23 02:32:31.711014,0x433b0b38,28.249908,28.791365,1011.0646,190.76006,181,,,6.0,-3,,5,5
2026-01-23 02:32:55.567710,0x433af380,28.61307,26.876963,1012.12476,96.84621,181,,,6.75,-11,,3,3
2026-01-23 02:33:13.233725,0x433acb14,27.910763,28.33848,1011.4837,326.09573,124,,,6.75,-11,,3,3
2026-01-23 02:33:31.754207,0x433b0b38,28.24734,28.759775,1011.08716,191.08043,181,,,6.5,-3,,5,5
2026-01-23 02:33:52.631338,0x433af380,28.585188,26.99069,1012.14703,91.34846,187,,,6.75,-11,,3,3
2026-01-23 02:34:13.242903,0x433acb14,27.94629,28.040495,1011.5034,326.09573,124,,,7.75,-11,,3,3
2026-01-23 02:34:15.744771,0x433ad35c,28.043242,28.558985,1011.48145,166.95631,152,,,7.5,-29,,3,3
2026-01-23 02:34:29.258715,0x433aad0c,28.819935,26.21992,1011.46356,187.81056,191,,,5.75,-36,,3,3
2026-01-23 02:34:32.704042,0x433b0b38,28.24809,28.7681,1011.08264,191.50925,181,,,5.75,-3,,5,5
2026-01-23 02:34:48.353835,0x433af380,28.622631,26.83132,1012.17395,96.29153,183,,,6.75,-10,,3,3
2026-01-23 02:35:13.692530,0x433acb14,27.94629,28.213682,1011.5034,328.03006,123,,,7.75,-10,,3,3
2026-01-23 02:35:32.317457,0x433b0b38,28.234444,28.803053,1011.1071,187.2714,181,,,5.75,-4,,5,5
2026-01-23 02:35:49.502820,0x433af380,28.622326,26.841015,1012.19653,97.4073,180,,,7.5,-11,,3,3
2026-01-23 02:36:14.067967,0x433acb14,27.936054,28.068537,1011.55817,325.456,124,,,6.75,-11,,3,3
2026-01-23 02:36:31.887104,0x433b0b38,28.219053,28.759253,1011.126,186.65694,181,,,5.75,-4,,5,5
2026-01-23 02:36:49.277123,0x433af380,28.612492,26.827076,1012.2185,97.91789,179,,,7.0,-11,,3,3
2026-01-23 02:37:13.845216,0x433acb14,27.925816,28.060795,1011.5784,327.7061,123,,,7.75,-10,,3,3
2026-01-23 02:37:17.038356,0x433ad35c,27.988945,28.594648,1011.54254,168.125,152,,,7.75,-29,,3,3
2026-01-23 02:37:29.206717,0x433aad0c,28.791243,26.242498,1011.5463,189.53993,190,,,5.75,-36,,3,3
2026-01-23 02:37:32.290646,0x433b0b38,28.224197,28.787174,1011.1633,192.26436,180,,,5.75,-3,,5,5
2026-01-23 02:37:51.215162,0x433af380,28.602087,26.951508,1012.23505,98.95527,179,,,7.0,-11,,3,3
2026-01-23 02:38:13.345250,0x433acb14,27.897099,28.077799,1011.6011,328.35468,123,,,7.75,-10,,3,3
2026-01-23 02:38:31.950891,0x433b0b38,28.221588,28.812492,1011.18585,185.44006,183,,,5.75,-3,,5,5
2026-01-23 02:38:58.757985,0x433af380,28.595177,26.87742,1012.2523,95.579865,183,,,7.0,-10,,3,3
2026-01-23 02:39:13.630153,0x433acb14,28.567738,27.217403,1012.817,321.35825,125,,,7.25,-11,,3,3
2026-01-23 02:39:31.890288,0x433b0b38,28.22673,28.76776,1011.1913,191.18745,182,,,6.0,-4,,5,5
2026-01-23 02:39:54.487042,0x433af380,28.600452,26.824125,1012.2676,97.91789,180,,,7.25,-11,,3,3
2026-01-23 02:40:13.321709,0x433acb14,27.86364,28.129192,1011.6286,327.38275,123,,,7.25,-11,,3,3
2026-01-23 02:40:16.075843,0x433ad35c,27.973907,28.595987,1011.61365,168.125,151,,,5.25,-30,,3,3
2026-01-23 02:40:29.468846,0x433aad0c,28.774147,26.254086,1011.57684,188.77943,190,,,7.25,-37,,3,3
2026-01-23 02:40:32.228973,0x433b0b38,28.22121,28.773392,1011.201,191.7244,181,,,6.0,-4,,5,5
2026-01-23 02:40:54.493979,0x433af380,28.622288,26.798674,1012.282,98.43384,179,,,6.75,-11,,3,3
2026-01-23 02:41:13.406165,0x433acb14,27.859282,28.130138,1011.6353,328.03006,123,,,7.5,-10,,3,3
2026-01-23 02:41:31.928559,0x433b0b38,28.237053,28.739315,1011.21063,191.29459,181,,,5.75,-4,,5,5
2026-01-23 02:41:54.453632,0x433af380,28.594418,26.851246,1012.27496,98.60703,179,,,6.0,-10,,3,3
2026-01-23 02:42:14.862796,0x433acb14,27.879753,28.07801,1011.6684,326.41656,124,,,7.5,-11,,3,3
2026-01-23 02:42:32.300521,0x433b0b38,28.244804,28.722012,1011.2372,190.97351,181,,,6.0,-3,,5,5
2026-01-23 02:42:57.261118,0x433af380,28.722715,26.707464,1012.2685,95.20103,183,,,6.75,-10,,3,3
2026-01-23 02:43:13.359719,0x433acb14,27.864248,28.070276,1011.64575,328.03006,124,,,6.25,-11,,3,3
2026-01-23 02:43:17.231910,0x433ad35c,27.960924,28.621078,1011.61633,167.95705,151,,,7.5,-29,,3,3
2026-01-23 02:43:29.354744,0x433aad0c,28.726097,26.411629,1011.6067,188.88773,190,,,5.75,-37,,3,3
2026-01-23 02:43:33.410092,0x433b0b38,28.234444,28.717821,1011.21454,192.37271,180,,,5.75,-3,,5,5
2026-01-23 02:43:57.072714,0x433af380,28.605616,26.79756,1012.28973,98.14653,179,,,6.75,-10,,3,3
2026-01-23 02:44:13.781683,0x433acb14,28.536568,27.176111,1012.8216,326.73798,124,,,6.75,-10,,3,3
2026-01-23 02:44:32.015956,0x433b0b38,28.237091,28.725073,1011.209,187.06613,182,,,5.75,-3,,5,5
2026-01-23 02:44:55.478337,0x433af380,28.589973,26.848328,1012.2631,98.032074,179,,,6.5,-11,,3,3
2026-01-23 02:45:13.936843,0x433acb14,27.968601,27.97088,1011.6353,329.00583,123,,,7.25,-10,,3,3
2026-01-23 02:45:32.605003,0x433b0b38,28.221739,28.718227,1011.21606,191.61676,180,,,6.75,-3,,5,5
2026-01-23 02:45:55.575292,0x433af380,28.610815,26.77606,1012.26843,99.01354,178,,,6.75,-10,,3,3
2026-01-23 02:46:13.439836,0x433acb14,27.899696,28.06728,1011.63446,328.67993,123,,,7.0,-10,,3,3
2026-01-23 02:46:16.143742,0x433ad35c,27.935863,28.653687,1011.6062,168.125,152,,,6.75,-28,,3,3
2026-01-23 02:46:29.280313,0x433aad0c,28.734022,26.285372,1011.5721,189.97728,190,,,5.25,-37,,3,3
2026-01-23 02:46:32.261935,0x433b0b38,28.197573,28.731956,1011.22516,191.40187,180,,,6.0,-3,,5,5
2026-01-23 02:46:55.890093,0x433af380,28.697165,26.649797,1012.2814,99.30596,178,,,6.5,-11,,3,3
2026-01-23 02:47:14.024952,0x433acb14,27.902521,28.006468,1011.6456,328.03006,123,,,5.5,-11,,3,3
2026-01-23 02:47:32.269660,0x433b0b38,28.17443,28.74465,1011.199,192.37271,180,,,6.0,-3,,5,5
2026-01-23 02:47:56.171609,0x433af380,28.587732,26.819736,1012.25214,99.659164,178,,,6.5,-11,,3,3
2026-01-23 02:48:13.939256,0x433acb14,27.895336,28.017101,1011.6242,327.7061,123,,,7.5,-11,,3,3
2026-01-23 02:48:32.169477,0x433b0b38,28.19107,28.738329,1011.19684,192.37271,180,,,6.0,-3,,5,5
2026-01-23 02:48:56.544794,0x433af380,28.569126,26.820618,1012.25116,99.48225,178,,,7.0,-11,,3,3
2026-01-23 02:49:13.894611,0x433acb14,27.853079,28.07275,1011.62317,326.73798,124,,,6.0,-11,,3,3
2026-01-23 02:49:17.638049,0x433ad35c,27.958456,28.615889,1011.57745,169.82323,151,,,7.25,-29,,3,3
2026-01-23 02:49:29.409978,0x433aad0c,28.72315,26.257923,1011.5646,188.34761,190,,,5.5,-36,,3,3
2026-01-23 02:49:32.708399,0x433b0b38,28.198786,28.728703,1011.1915,191.94002,180,,,5.75,-3,,5,5
2026-01-23 02:49:56.524284,0x433af380,28.590313,26.769012,1012.24054,100.0744,177,,,6.0,-11,,3,3
2026-01-23 02:50:13.523587,0x433acb14,27.858368,28.200161,1011.61646,318.88748,125,,,7.75,-11,,3,3
2026-01-23 02:50:32.777443,0x433b0b38,28.195911,28.736267,1011.20215,191.94002,181,,,6.0,-3,,5,5
2026-01-23 02:50:57.035947,0x433af380,28.585075,26.770252,1012.2619,99.423416,177,,,6.25,-11,,3,3
2026-01-23 02:51:13.508268,0x433acb14,27.85856,28.069519,1011.6147,321.35825,124,,,7.25,-12,,3,3
2026-01-23 02:51:32.475162,0x433b0b38,28.185627,28.735313,1011.2132,192.15613,181,,,6.0,-3,,5,5
2026-01-23 02:51:57.105255,0x433af380,28.539207,26.919079,1012.26434,92.35202,180,,,7.25,-11,,3,3
2026-01-23 02:52:14.126702,0x433acb14,28.435041,27.19137,1012.80225,283.95584,131,,,7.0,-11,,3,3
2026-01-23 02:52:17.734269,0x433ad35c,27.973518,28.529484,1011.6031,168.46193,151,,,6.25,-29,,3,3
2026-01-23 02:52:29.304864,0x433aad0c,28.728626,26.225985,1011.57855,189.75836,189,,,5.25,-36,,3,3
2026-01-23 02:52:32.531519,0x433b0b38,28.177,28.72749,1011.2336,192.15613,180,,,6.0,-4,,5,5
2026-01-23 02:53:01.480566,0x433af380,28.513462,27.000183,1012.2563,92.35202,181,,,6.75,-10,,3,3
2026-01-23 02:53:13.758850,0x433acb14,27.79993,28.179798,1011.6264,325.456,125,,,7.0,-11,,3,3
2026-01-23 02:53:32.365547,0x433b0b38,28.203627,28.70034,1011.23224,192.15613,180,,,6.25,-3,,5,5
2026-01-23 02:54:02.659355,0x433af380,28.513763,26.956514,1012.2563,92.04864,181,,,7.25,-10,,3,3
2026-01-23 02:54:13.861283,0x433acb14,27.777126,28.161625,1011.637,328.35468,124,,,5.75,-11,,3,3
2026-01-23 02:54:32.566134,0x433b0b38,28.177153,28.784443,1011.195,191.08043,181,,,6.5,-3,,5,5
2026-01-23 02:54:57.997244,0x433af380,28.567192,26.762157,1012.2504,99.30596,178,,,6.5,-11,,3,3
2026-01-23 02:55:13.805137,0x433acb14,27.82201,28.145882,1011.6033,321.0473,124,,,8.0,-11,,3,3
2026-01-23 02:55:16.582766,0x433ad35c,27.845644,28.792227,1011.5709,167.45517,152,,,6.75,-29,,3,3
2026-01-23 02:55:29.344881,0x433aad0c,28.68514,26.269821,1011.5729,189.53993,190,,,5.5,-37,,3,3
2026-01-23 02:55:32.488143,0x433b0b38,28.165773,28.728025,1011.1971,191.7244,180,,,6.75,-3,,5,5
2026-01-23 02:55:58.154409,0x433af380,28.551128,26.799812,1012.2274,99.07189,179,,,7.0,-11,,3,3
2026-01-23 02:56:13.828747,0x433acb14,28.457617,27.197346,1012.7864,326.09573,124,,,6.75,-11,,3,3
2026-01-23 02:56:32.522827,0x433b0b38,28.1781,28.716412,1011.1613,191.50925,180,,,6.0,-3,,5,5
2026-01-23 02:56:58.530550,0x433af380,28.523867,26.803524,1012.2274,99.541145,177,,,6.0,-11,,3,3
2026-01-23 02:57:13.942647,0x433acb14,27.835491,28.070576,1011.58435,328.35468,124,,,6.5,-10,,3,3
2026-01-23 02:57:32.235943,0x433b0b38,28.165096,28.710175,1011.1797,192.58981,180,,,6.0,-3,,5,5
2026-01-23 02:57:58.933724,0x433af380,28.535748,26.775928,1012.20966,100.01487,177,,,6.75,-10,,3,3
2026-01-23 02:58:14.071072,0x433acb14,27.802334,28.185543,1011.58093,326.73798,124,,,7.75,-11,,3,3
2026-01-23 02:58:17.004988,0x433ad35c,27.890602,28.592375,1011.5498,169.13985,151,,,6.75,-29,,3,3
2026-01-23 02:58:32.407542,0x433b0b38,28.129133,28.75878,1011.1616,190.76006,182,,,6.25,-4,,5,5
2026-01-23 02:59:03.242048,0x433af380,28.536963,26.766582,1012.2027,100.31325,176,,,6.75,-10,,3,3
2026-01-23 02:59:13.724006,0x433acb14,27.794811,28.16037,1011.5867,326.09573,124,,,7.75,-10,,3,3
2026-01-23 02:59:32.696798,0x433b0b38,28.131819,28.746235,1011.1609,186.86131,183,,,6.0,-3,,5,5
2026-01-23 03:00:01.426833,0x433af380,28.508865,26.859898,1012.2394,99.896034,177,,,7.0,-10,,3,3
2026-01-23 03:00:13.737213,0x433acb14,27.785065,28.100153,1011.602,327.7061,124,,,6.5,-11,,3,3
2026-01-23 03:00:32.717961,0x433b0b38,28.13163,28.711601,1011.17596,191.7244,180,,,6.0,-3,,5,5
2026-01-23 03:01:00.476919,0x433af380,28.564001,26.723415,1012.2464,100.73398,176,,,7.75,-12,,3,3
2026-01-22 17:00:25.878995,0x433b0b38,28.34985,29.875284,1010.5795,202.53165,173,,,6.25,-3,,5,5
2026-01-22 17:00:43.516536,0x433acb14,28.107512,29.103893,1010.9226,347.61908,113,,,7.25,-11,,3,3
2026-01-22 17:01:07.455110,0x433ad35c,28.154346,29.60847,1010.9858,170.3394,148,,,6.0,-28,,3,3
2026-01-22 17:01:23.969729,0x433aad0c,28.912865,27.150246,1010.929,284.26083,133,,,6.0,-36,,3,3
2026-01-22 17:01:29.864764,0x433b0b38,28.37538,29.796389,1010.566,203.4976,173,,,6.25,-3,,5,5
2026-01-22 17:01:43.661049,0x433acb14,28.109655,29.214022,1010.9389,349.08197,112,,,7.0,-11,,3,3
2026-01-22 17:02:26.061644,0x433b0b38,28.394167,29.76973,1010.5771,204.84097,173,,,6.0,-3,,5,5
2026-01-22 17:02:43.924007,0x433acb14,28.15805,29.080862,1010.92523,344.72977,113,,,7.75,-11,,3,3
2026-01-22 17:03:26.003955,0x433b0b38,28.373632,29.794619,1010.61414,204.10605,173,,,6.0,-3,,5,5
2026-01-22 17:03:43.531274,0x433acb14,28.170732,29.138443,1010.9658,344.72977,114,,,7.75,-10,,3,3
2026-01-22 17:04:06.522776,0x433ad35c,28.154535,29.617134,1010.9806,172.96811,147,,,5.75,-28,,3,3
2026-01-22 17:04:22.843884,0x433aad0c,28.846804,27.333275,1010.94836,283.771,134,,,6.25,-36,,3,3
2026-01-22 17:04:26.512301,0x433b0b38,28.3528,29.88527,1010.61255,202.65189,174,,,5.75,-4,,5,5
2026-01-22 17:04:43.536400,0x433acb14,28.16622,29.019854,1010.95374,346.16837,113,,,7.25,-11,,3,3
2026-01-22 17:05:26.114628,0x433b0b38,28.363235,29.842625,1010.5964,202.53165,174,,,5.75,-4,,5,5
2026-01-22 17:05:43.519715,0x433acb14,28.163473,29.172144,1010.9494,348.7151,113,,,7.75,-10,,3,3
2026-01-22 17:06:26.026921,0x433b0b38,28.363272,29.811419,1010.5998,204.22815,174,,,6.25,-3,,5,5
2026-01-22 17:06:43.780162,0x433acb14,28.105068,29.182642,1010.9576,347.9836,113,,,7.75,-11,,3,3
2026-01-22 17:07:06.482218,0x433ad35c,28.136805,29.686174,1010.95044,168.80019,149,,,5.25,-28,,3,3
2026-01-22 17:07:23.177922,0x433aad0c,28.867607,27.267698,1010.9686,277.5532,138,,,5.5,-36,,3,3
2026-01-22 17:07:29.443403,0x433b0b38,28.3728,29.791222,1010.59906,202.8928,174,,,6.0,-3,,5,5
2026-01-22 17:07:43.713062,0x433acb14,28.12264,29.10803,1010.94006,349.08197,113,,,7.5,-10,,3,3
2026-01-22 17:08:27.055279,0x433b0b38,28.362211,29.816961,1010.598,202.8928,173,,,6.0,-3,,5,5
2026-01-22 17:08:43.576087,0x433acb14,28.130585,29.169909,1010.95636,346.89224,113,,,7.5,-10,,3,3
2026-01-22 17:09:26.904981,0x433b0b38,28.365658,29.84655,1010.5891,202.65189,174,,,5.5,-3,,5,5
2026-01-22 17:09:44.156279,0x433acb14,28.112747,29.140108,1010.95355,347.25525,113,,,7.25,-11,,3,3
2026-01-22 17:10:07.404952,0x433ad35c,28.16198,29.661322,1010.9917,167.45517,150,,,6.25,-28,,3,3
2026-01-22 17:10:23.084256,0x433aad0c,28.847298,27.394152,1010.9346,270.04312,142,,,5.5,-37,,3,3
2026-01-22 17:10:29.032816,0x433b0b38,28.3653,29.824596,1010.5939,202.29158,174,,,6.25,-3,,5,5
2026-01-22 17:10:43.604748,0x433acb14,28.13521,29.132584,1010.9755,346.5299,113,,,7.5,-11,,3,3
2026-01-22 17:11:28.621517,0x433b0b38,28.350452,29.93706,1010.5963,200.86308,175,,,6.0,-3,,5,5
2026-01-22 17:11:44.281781,0x433acb14,28.148762,29.055176,1010.95593,345.4476,114,,,7.75,-11,,3,3
2026-01-22 17:12:28.831642,0x433b0b38,28.37095,29.858854,1010.5961,201.45583,174,,,6.5,-3,,5,5
2026-01-22 17:12:43.611161,0x433acb14,28.119394,29.186216,1010.9545,344.372,114,,,7.25,-11,,3,3
2026-01-22 17:13:06.940192,0x433ad35c,28.167067,29.682198,1010.97076,167.28854,151,,,5.75,-27,,3,3
2026-01-22 17:13:22.920839,0x433aad0c,28.80193,27.544588,1010.93115,265.04474,145,,,5.5,-36,,3,3
2026-01-22 17:13:26.804815,0x433b0b38,28.36743,29.856035,1010.59357,199.57123,175,,,6.75,-3,,5,5
2026-01-22 17:13:43.987727,0x433acb14,28.787401,28.261852,1012.09485,343.30307,115,,,7.0,-10,,3,3
2026-01-22 17:14:29.076914,0x433b0b38,28.360058,29.842731,1010.54175,198.29588,175,,,5.75,-3,,5,5
2026-01-22 17:14:39.948917,0x433af380,28.012589,29.084345,1011.59357,102.89168,55,,,6.0,-21,,3,3
2026-01-22 17:14:43.916596,0x433acb14,28.114353,29.175304,1010.9167,345.4476,114,,,6.75,-11,,3,3
2026-01-22 17:15:27.847626,0x433b0b38,28.36562,29.859417,1010.55383,200.03906,175,,,5.75,-3,,5,5
2026-01-22 17:15:43.875120,0x433acb14,28.268053,28.95901,1010.9008,342.24075,114,,,6.0,-11,,3,3
2026-01-22 17:16:06.462999,0x433ad35c,28.166992,29.704908,1010.93274,165.15227,152,,,6.25,-28,,3,3
2026-01-22 17:16:23.203012,0x433aad0c,28.885422,27.321074,1010.9125,261.67538,148,,,6.0,-36,,3,3
2026-01-22 17:16:26.986192,0x433b0b38,28.378134,29.873758,1010.5524,197.49277,176,,,6.0,-3,,5,5
2026-01-22 17:16:45.764846,0x433acb14,28.11974,29.197666,1010.89795,342.59412,114,,,6.0,-28,,3,2
2026-01-22 17:17:28.365434,0x433b0b38,28.368227,29.894855,1010.58014,196.13101,176,,,6.5,-3,,5,5
2026-01-22 17:17:43.820892,0x433acb14,28.112597,29.204475,1010.93475,341.8881,114,,,7.25,-10,,3,3
2026-01-22 17:18:26.539046,0x433b0b38,28.321262,30.088678,1010.56647,195.12195,177,,,6.0,-3,,5,5
2026-01-22 17:18:43.826712,0x433acb14,28.070927,29.339943,1010.927,340.8345,115,,,7.25,-11,,3,3
2026-01-22 17:19:06.494580,0x433ad35c,28.161335,29.694675,1010.9588,165.47736,151,,,5.75,-28,,3,3
2026-01-22 17:19:23.420162,0x433aad0c,28.875607,27.303038,1010.9015,259.40817,149,,,5.5,-36,,3,3
2026-01-22 17:19:29.730023,0x433b0b38,28.460909,29.769987,1010.8243,193.68263,177,,,6.0,-3,,5,5
2026-01-22 17:19:43.786789,0x433acb14,28.106981,29.236332,1010.9346,341.185,115,,,7.0,-11,,3,3
2026-01-22 17:20:26.844529,0x433b0b38,28.4918,29.697863,1010.8031,195.68124,176,,,6.25,-4,,5,5
2026-01-22 17:20:44.113055,0x433acb14,28.079437,29.333878,1010.9348,339.78745,115,,,6.25,-11,,3,3
2026-01-22 17:21:26.808302,0x433b0b38,28.496607,29.696829,1010.8187,194.67682,177,,,6.0,-3,,5,5
2026-01-22 17:21:44.783934,0x433acb14,28.089487,29.265461,1010.9299,341.8881,115,,,6.5,-11,,3,3
2026-01-22 17:22:06.700116,0x433ad35c,28.181269,29.645193,1010.9551,167.95705,150,,,6.0,-27,,3,3
2026-01-22 17:22:23.739817,0x433aad0c,28.879452,27.27064,1010.90344,259.61267,149,,,5.5,-36,,3,3
2026-01-22 17:22:27.042640,0x433b0b38,28.386112,29.862183,1010.56714,197.03674,176,,,6.75,-2,,5,5
2026-01-22 17:22:44.582250,0x433acb14,28.107512,29.20526,1010.9123,341.8881,115,,,7.75,-10,,3,3
2026-01-22 17:23:26.862325,0x433b0b38,28.372725,29.89786,1010.5469,196.35666,176,,,5.75,-3,,5,5
2026-01-22 17:23:44.101528,0x433acb14,28.133368,29.301697,1010.9146,340.8345,115,,,7.5,-11,,3,3
2026-01-22 17:24:26.993919,0x433b0b38,28.373028,29.90162,1010.5452,197.2645,176,,,6.5,-4,,5,5
2026-01-22 17:24:44.230690,0x433acb14,28.19567,29.097599,1010.91113,341.185,115,,,7.0,-11,,3,3
2026-01-22 17:25:06.589039,0x433ad35c,28.174393,29.658804,1010.93524,167.95705,149,,,6.0,-28,,3,3
2026-01-22 17:25:24.191268,0x433aad0c,28.869642,27.252653,1010.91125,260.02258,150,,,6.25,-37,,3,3
2026-01-22 17:25:28.166691,0x433b0b38,28.390877,29.857513,1010.5492,196.69612,176,,,5.75,-3,,5,5
2026-01-22 17:25:44.675152,0x433acb14,28.109274,29.280304,1010.92004,339.0929,115,,,7.5,-10,,3,3
2026-01-22 17:26:26.897808,0x433b0b38,28.380516,29.872366,1010.55505,198.52657,176,,,6.0,-3,,5,5
2026-01-22 17:26:45.717754,0x433acb14,28.145937,29.239475,1010.9156,341.5362,115,,,6.25,-11,,3,3
2026-01-22 17:27:26.956836,0x433b0b38,28.404303,29.860624,1010.5449,196.69612,176,,,5.75,-3,,5,5
2026-01-22 17:27:44.980410,0x433acb14,28.1386,29.159142,1010.8974,338.7467,115,,,7.25,-11,,3,3
2026-01-22 17:28:06.678620,0x433ad35c,28.172077,29.677647,1010.94824,167.28854,150,,,5.5,-27,,3,3
2026-01-22 17:28:23.387030,0x9e9faaa4,,,,,,12,0.008323218,7.0,-27,,3,3
2026-01-22 17:28:28.098357,0x433aad0c,28.865189,27.268711,1010.89905,257.98575,150,,,6.25,-36,,3,3
2026-01-22 17:28:32.677876,0x433b0b38,28.45627,29.754358,1010.56067,198.06577,176,,,6.0,-3,,5,5
2026-01-22 17:28:45.240171,0x433acb14,28.151016,29.10896,1010.89514,340.48477,115,,,7.25,-11,,3,3
2026-01-22 17:29:27.114737,0x433b0b38,28.364975,29.999807,1010.5487,195.56914,177,,,6.0,-3,,5,5
2026-01-22 17:29:45.486149,0x433acb14,28.13475,29.164085,1010.90515,340.1357,115,,,7.0,-11,,3,3
2026-01-22 17:30:26.916245,0x433b0b38,28.377829,29.95395,1010.5508,196.92308,176,,,5.75,-4,,5,5
2026-01-22 17:30:45.741672,0x433acb14,28.112103,29.209852,1010.89514,341.185,116,,,7.5,-10,,3,3
2026-01-22 17:31:06.601384,0x433ad35c,28.194443,29.6263,1010.9453,167.62215,150,,,7.5,-27,,3,3
2026-01-22 17:31:23.090163,0x433aad0c,28.860132,27.357086,1010.8985,254.2024,153,,,6.0,-36,,3,3
2026-01-22 17:31:30.138812,0x433b0b38,28.393183,29.895527,1010.5385,196.58284,176,,,6.0,-3,,5,5
2026-01-22 17:31:46.230467,0x433acb14,28.135664,29.192677,1010.9326,339.0929,116,,,7.5,-11,,3,3
2026-01-22 17:32:26.905824,0x433b0b38,28.421772,29.82695,1010.5549,197.03674,176,,,5.75,-3,,5,5
2026-01-22 17:32:46.349109,0x433acb14,28.145407,29.157969,1010.9036,342.24075,115,,,7.5,-11,,3,3
2026-01-22 17:33:26.979877,0x433b0b38,28.375221,29.971415,1010.53296,196.46968,176,,,6.0,-3,,5,5
2026-01-22 17:33:46.488163,0x433acb14,28.137653,29.121517,1010.88196,341.185,115,,,7.5,-11,,3,3
2026-01-22 17:34:06.615258,0x433ad35c,28.179407,29.694027,1010.90405,166.29575,151,,,5.75,-27,,3,3
2026-01-22 17:34:23.130514,0x433aad0c,28.864391,27.362448,1010.88184,251.67706,155,,,5.75,-36,,3,3
2026-01-22 17:34:28.118518,0x433b0b38,28.40105,29.82448,1010.53143,196.58284,176,,,6.25,-4,,5,5
2026-01-22 17:34:47.805135,0x433acb14,28.150562,29.208834,1010.8917,338.7467,115,,,7.25,-10,,3,3
2026-01-22 17:35:27.062110,0x433b0b38,28.393145,29.847076,1010.5166,196.80952,176,,,5.75,-4,,5,5
2026-01-22 17:35:46.989761,0x433acb14,28.116953,29.19252,1010.85583,340.8345,115,,,7.5,-11,,3,3
2026-01-22 17:36:28.232543,0x433b0b38,28.40415,29.841427,1010.5476,196.24376,177,,,6.0,-3,,5,5
2026-01-22 17:36:47.254253,0x433acb14,28.115416,29.155397,1010.86865,340.1357,116,,,6.75,-11,,3,3
2026-01-22 17:37:07.175873,0x433ad35c,28.191938,29.642403,1010.88574,166.62538,151,,,5.75,-28,,3,3
2026-01-22 17:37:23.412017,0x433aad0c,28.887953,27.274313,1010.8792,249.7684,157,,,5.75,-36,,3,3
2026-01-22 17:37:30.719528,0x433b0b38,28.40695,29.81755,1010.5286,196.01837,177,,,6.25,-3,,5,5
2026-01-22 17:37:48.327295,0x433acb14,28.184055,29.041857,1010.8912,338.05646,116,,,6.5,-11,,3,3
2026-01-22 17:38:27.298200,0x433b0b38,28.373556,29.937056,1010.5251,194.34428,177,,,6.0,-3,,5,5
2026-01-22 17:38:48.668686,0x433acb14,28.123056,29.153236,1010.8971,338.4012,116,,,6.5,-11,,3,3
2026-01-22 17:39:27.243866,0x433b0b38,28.406836,29.845577,1010.5336,194.67682,177,,,6.25,-3,,5,5
2026-01-22 17:39:49.118444,0x433acb14,28.134789,29.147795,1010.9378,341.185,115,,,6.25,-11,,3,3
2026-01-22 17:40:06.700347,0x433ad35c,28.19175,29.630358,1010.9652,165.9674,152,,,6.0,-28,,3,3
2026-01-22 17:40:23.156046,0x433aad0c,28.862171,27.273237,1010.9373,245.12102,160,,,6.25,-36,,3,3
2026-01-22 17:40:27.827028,0x433b0b38,28.373104,29.985779,1010.59906,194.34428,177,,,6.25,-4,,5,5
2026-01-22 17:40:48.247659,0x433acb14,28.140896,29.140457,1010.9618,339.0929,116,,,7.5,-11,,3,3
2026-01-22 17:41:27.339990,0x433b0b38,28.404263,29.82625,1010.6316,194.12321,177,,,6.0,-3,,5,5
2026-01-22 17:41:49.410496,0x433acb14,28.106752,29.24707,1010.9809,337.02628,116,,,7.25,-11,,3,3
2026-01-22 17:42:27.262881,0x433b0b38,28.409632,29.814402,1010.64886,195.7935,177,,,6.25,-3,,5,5
2026-01-22 17:42:49.299904,0x433acb14,28.125652,29.225271,1011.02325,338.7467,116,,,6.25,-11,,3,3
2026-01-22 17:43:06.696784,0x433ad35c,28.184645,29.611338,1011.02155,164.02438,153,,,5.5,-27,,3,3
2026-01-22 17:43:23.282450,0x433aad0c,28.837221,27.411604,1011.0144,239.94215,164,,,5.75,-36,,3,3
2026-01-22 17:43:30.815497,0x433b0b38,28.408838,29.842987,1010.64545,195.12195,178,,,6.25,-3,,5,5
2026-01-22 17:43:49.846370,0x433acb14,28.125425,29.163515,1011.049,339.43982,116,,,7.0,-11,,3,3
2026-01-22 17:44:28.217080,0x433b0b38,28.391254,29.83578,1010.66187,191.40187,178,,,6.25,-3,,5,5
2026-01-22 17:44:49.834817,0x433acb14,28.03853,29.644207,1011.0456,334.6469,118,,,6.0,-11,,3,3
2026-01-22 17:45:28.584635,0x433b0b38,28.39152,29.84174,1010.6818,191.50925,179,,,8.25,-2,,5,5
2026-01-22 17:45:49.486662,0x433acb14,28.0972,29.175705,1011.0545,338.05646,117,,,7.25,-11,,3,3
2026-01-22 17:46:06.752121,0x433ad35c,28.177017,29.610971,1011.071,162.2828,154,,,6.0,-28,,3,3
2026-01-22 17:46:23.462013,0x433aad0c,28.84496,27.371506,1011.04156,233.1478,169,,,5.75,-36,,3,3
2026-01-22 17:46:30.049458,0x433b0b38,28.332153,30.061134,1010.7101,186.24954,180,,,5.5,-4,,5,5
2026-01-22 17:46:50.310378,0x433acb14,28.053772,29.35254,1011.0562,331.9684,118,,,7.0,-11,,3,3
2026-01-22 17:47:28.227185,0x433b0b38,28.378096,29.865826,1010.72546,186.86131,181,,,6.0,-3,,5,5
2026-01-22 17:47:50.866107,0x433acb14,28.092535,29.236063,1011.09894,332.63397,118,,,6.75,-11,,3,3
2026-01-22 17:48:29.390555,0x433b0b38,28.30402,30.188894,1010.76074,182.46614,182,,,8.25,-2,,5,5
2026-01-22 17:48:50.829480,0x433acb14,28.087154,29.231415,1011.1452,332.9678,118,,,6.0,-12,,3,3
2026-01-22 17:49:06.729109,0x433ad35c,28.169382,29.614252,1011.1583,161.97012,155,,,5.75,-27,,3,3
2026-01-22 17:49:24.063788,0x433aad0c,28.847675,27.273502,1011.1183,231.83485,171,,,5.5,-37,,3,3
2026-01-22 17:49:30.119634,0x433b0b38,28.370913,29.857563,1010.7423,185.03795,182,,,6.25,-3,,5,5
2026-01-22 17:49:51.186326,0x433acb14,28.156136,29.14275,1011.16797,331.9684,118,,,6.25,-11,,3,3
2026-01-22 17:50:29.378594,0x433b0b38,28.375639,29.887264,1010.7513,186.04651,182,,,6.75,-3,,5,5
2026-01-22 17:50:52.379495,0x433acb14,28.10247,29.308775,1011.1661,331.30548,119,,,7.0,-10,,3,3
2026-01-22 17:51:30.758911,0x433b0b38,28.372648,29.85807,1010.7872,186.24954,182,,,6.25,-3,,5,5
2026-01-22 17:51:51.029509,0x433acb14,28.076693,29.194483,1011.1725,332.63397,119,,,7.25,-11,,3,3
2026-01-22 17:52:06.759910,0x433ad35c,28.159357,29.66828,1011.1774,161.65866,154,,,5.75,-27,,3,3
2026-01-22 17:52:23.362483,0x433aad0c,28.857603,27.319422,1011.17725,228.61629,173,,,5.5,-37,,3,3
2026-01-22 17:52:29.507792,0x433b0b38,28.392227,29.831501,1010.8204,184.83754,182,,,6.0,-3,,5,5
2026-01-22 17:52:51.591626,0x433acb14,28.08719,29.197699,1011.2087,331.6366,119,,,7.75,-11,,3,3
2026-01-22 17:53:30.821813,0x433b0b38,28.378662,29.869541,1010.8463,183.24983,182,,,6.0,-3,,5,5
2026-01-22 17:53:51.984579,0x433acb14,28.073942,29.233223,1011.2299,330.316,119,,,7.25,-12,,3,3
2026-01-22 17:54:30.465242,0x433b0b38,28.363348,29.884361,1010.87866,183.24983,183,,,6.25,-3,,5,5
2026-01-22 17:54:52.348410,0x433acb14,28.074244,29.207626,1011.2642,330.97498,119,,,6.25,-11,,3,3
2026-01-22 17:55:06.737449,0x433ad35c,28.134296,29.92868,1011.285,160.42462,155,,,6.0,-28,,3,3
2026-01-22 17:55:23.304977,0x433aad0c,28.864391,27.527882,1011.2816,225.64032,174,,,5.5,-36,,3,3
2026-01-22 17:55:32.277153,0x433b0b38,28.355219,29.95003,1010.9091,184.04027,183,,,6.25,-3,,5,5
2026-01-22 17:55:52.003900,0x433acb14,28.22779,29.070282,1011.32214,328.67993,119,,,7.25,-10,,3,3
2026-01-22 17:56:31.080936,0x433b0b38,28.350264,30.007946,1010.95074,183.64418,183,,,6.25,-4,,5,5
2026-01-22 17:56:53.077236,0x433acb14,28.061447,29.338396,1011.3489,327.7061,120,,,7.0,-11,,3,3
2026-01-22 17:57:31.547575,0x433b0b38,28.396624,29.966099,1010.98804,183.64418,183,,,6.0,-3,,5,5
2026-01-22 17:57:51.945372,0x433acb14,28.121267,29.266348,1011.3533,326.09573,120,,,6.25,-11,,3,3
2026-01-22 17:58:06.765861,0x433ad35c,28.105816,30.13958,1011.364,159.96669,155,,,6.0,-28,,3,3
2026-01-22 17:58:24.521577,0x433aad0c,28.870476,27.64906,1011.347,222.28983,176,,,6.25,-36,,3,3
2026-01-22 17:58:31.739929,0x433b0b38,28.380478,30.106684,1010.98846,181.49593,183,,,6.5,-3,,5,5
2026-01-22 17:58:51.943257,0x433acb14,28.066566,29.46657,1011.3798,327.7061,120,,,8.0,-11,,3,3
2026-01-22 17:59:31.940079,0x433b0b38,28.386301,30.105886,1010.98724,182.66144,183,,,6.0,-3,,5,5
2026-01-22 17:59:51.845036,0x433acb14,28.053698,29.587416,1011.3428,326.73798,120,,,7.75,-11,,3,3
2026-01-23 04:01:16.755767,0x433ad35c,27.635588,28.613646,1011.33466,172.96811,148,,,6.0,-28,,3,3
2026-01-23 04:01:18.761216,0x433acb14,27.69783,27.88213,1011.37695,335.3233,122,,,7.0,-10,,3,3
2026-01-23 04:01:25.040008,0x433af380,28.406939,26.542536,1011.97943,105.87216,168,,,7.0,-11,,3,3
2026-01-23 04:01:31.351410,0x433aad0c,28.416954,26.201433,1011.28516,193.8918,187,,,6.25,-36,,3,3
2026-01-23 04:01:35.224839,0x433b0b38,27.939365,28.728966,1010.9756,193.90268,179,,,5.75,-3,,5,5
2026-01-23 04:02:17.446092,0x433acb14,27.68752,27.87416,1011.3715,336.00247,122,,,7.0,-11,,3,3
2026-01-23 04:02:25.427038,0x433af380,28.305382,26.772266,1011.96344,96.90202,175,,,7.5,-11,,3,3
2026-01-23 04:02:33.805531,0x433b0b38,27.915339,28.652954,1010.9454,196.01837,179,,,6.25,-4,,5,5
2026-01-23 04:03:17.575190,0x433acb14,27.677017,27.906752,1011.3851,336.34302,121,,,7.0,-11,,3,3
2026-01-23 04:03:25.695282,0x433af380,28.287346,26.815647,1011.9642,94.66498,175,,,6.75,-11,,3,3
2026-01-23 04:03:34.020422,0x433b0b38,27.90498,28.748243,1010.9363,195.01047,179,,,6.25,-3,,5,5
2026-01-23 04:04:16.773521,0x433ad35c,27.69072,28.463915,1011.29254,174.04245,148,,,7.0,-28,,3,3
2026-01-23 04:04:18.706434,0x433acb14,27.705507,27.79628,1011.33856,333.9732,122,,,6.5,-11,,3,3
2026-01-23 04:04:26.251908,0x433af380,28.35576,26.655483,1011.9196,96.84621,180,,,7.25,-11,,3,3
2026-01-23 04:04:36.754689,0x433b0b38,27.920557,28.635109,1010.90234,196.58284,178,,,6.0,-3,,5,5
2026-01-23 04:05:17.478652,0x433acb14,27.692865,27.84596,1011.29285,336.00247,121,,,7.75,-11,,3,3
2026-01-23 04:05:26.064901,0x433af380,28.30428,26.653635,1011.8972,104.10217,169,,,7.25,-11,,3,3
2026-01-23 04:05:34.138501,0x433b0b38,27.943998,28.620989,1010.8597,196.58284,178,,,5.75,-3,,5,5
2026-01-23 04:06:17.988351,0x433acb14,27.703178,27.805885,1011.2502,336.68436,121,,,7.25,-11,,3,3
2026-01-23 04:06:26.398909,0x433af380,28.312977,26.626566,1011.8695,105.87216,167,,,7.25,-11,,3,3
2026-01-23 04:06:35.715565,0x433b0b38,27.935907,28.59354,1010.81616,197.72156,177,,,6.25,-3,,5,5
2026-01-23 04:07:18.395919,0x433ad35c,27.712626,28.402256,1011.1836,174.22281,148,,,6.5,-28,,3,3
2026-01-23 04:07:20.807906,0x433acb14,27.706295,27.804571,1011.2177,338.4012,121,,,7.25,-10,,3,3
2026-01-23 04:07:26.822849,0x433af380,28.299343,26.664267,1011.8227,105.078125,169,,,6.75,-10,,3,3
2026-01-23 04:07:30.428963,0x433aad0c,28.372639,26.22376,1011.1599,195.04005,187,,,5.75,-37,,3,3
2026-01-23 04:07:35.929004,0x433b0b38,27.931293,28.59931,1010.77045,198.06577,177,,,6.25,-3,,5,5
2026-01-23 04:08:18.763623,0x433acb14,27.697412,27.82338,1011.20374,337.71237,121,,,7.75,-11,,3,3
2026-01-23 04:08:27.160576,0x433af380,28.297523,26.641941,1011.7944,104.36065,170,,,7.0,-11,,3,3
2026-01-23 04:08:34.394075,0x433b0b38,28.06655,28.44029,1010.9199,198.41116,177,,,5.75,-3,,5,5
2026-01-23 04:09:17.581427,0x433acb14,27.70769,27.826378,1011.20386,337.71237,121,,,5.75,-11,,3,3
2026-01-23 04:09:27.136060,0x433af380,28.31533,26.61903,1011.8109,105.93887,167,,,7.0,-10,,3,3
2026-01-23 04:09:34.454931,0x433b0b38,27.993614,28.557236,1010.7524,196.69612,178,,,6.0,-3,,5,5
2026-01-23 04:10:19.232197,0x433acb14,27.68782,27.83244,1011.1589,339.0929,120,,,8.0,-11,,3,3
2026-01-23 04:10:21.287981,0x433ad35c,27.655634,28.484041,1011.15826,175.1302,147,,,5.75,-29,,3,3
2026-01-23 04:10:27.353188,0x433af380,28.259361,26.81179,1011.8003,97.01385,171,,,6.75,-11,,3,3
2026-01-23 04:10:32.033742,0x433aad0c,28.379623,26.216074,1011.1117,193.77773,186,,,6.25,-36,,3,3
2026-01-23 04:10:34.696166,0x433b0b38,27.9277,28.570635,1010.746,197.72156,178,,,5.75,-3,,5,5
2026-01-23 04:11:17.824041,0x433acb14,27.677586,27.804863,1011.1638,338.4012,120,,,6.0,-10,,3,3
2026-01-23 04:11:27.836117,0x433af380,28.277058,26.677727,1011.7648,105.40752,168,,,7.25,-11,,3,3
2026-01-23 04:11:34.440240,0x433b0b38,27.933596,28.611713,1010.7141,197.83617,177,,,6.5,-3,,5,5
2026-01-23 04:12:18.570018,0x433acb14,27.659672,27.912205,1011.1354,337.71237,121,,,7.5,-11,,3,3
2026-01-23 04:12:28.110119,0x433af380,28.272268,26.667091,1011.7531,106.00567,167,,,6.5,-11,,3,3
2026-01-23 04:12:34.363087,0x433b0b38,27.920444,28.60857,1010.6924,198.29588,177,,,6.25,-3,,5,5
2026-01-23 04:13:18.897556,0x433ad35c,27.660648,28.452433,1011.10126,176.9737,146,,,6.0,-29,,3,3
2026-01-23 04:13:20.800168,0x433acb14,27.654554,28.04914,1011.12476,339.0929,121,,,8.0,-11,,3,3
2026-01-23 04:13:28.680539,0x433af380,28.256819,26.671604,1011.751,104.490364,170,,,7.0,-11,,3,3
2026-01-23 04:13:31.451351,0x433aad0c,28.379623,26.196278,1011.0688,195.27133,186,,,6.0,-36,,3,3
2026-01-23 04:13:35.436867,0x433b0b38,27.9257,28.587252,1010.6962,198.52657,177,,,6.25,-3,,5,5
2026-01-23 04:14:18.097532,0x433acb14,27.618652,28.116333,1011.112,336.34302,116,,,7.5,-11,,3,3
2026-01-23 04:14:28.374105,0x433af380,28.272268,26.67887,1011.73047,102.57779,172,,,7.25,-10,,3,3
2026-01-23 04:14:35.140087,0x433b0b38,27.910461,28.66787,1010.68646,197.95091,177,,,6.25,-3,,5,5
2026-01-23 04:15:19.072959,0x433acb14,27.672468,27.880516,1011.1091,338.4012,120,,,6.5,-10,,3,3
2026-01-23 04:15:28.621493,0x433af380,28.269539,26.655664,1011.7247,106.00567,167,,,7.25,-10,,3,3
2026-01-23 04:15:34.588083,0x433b0b38,27.891386,28.699202,1010.67554,197.37856,178,,,5.75,-3,,5,5
2026-01-23 04:16:18.396280,0x433ad35c,27.623358,28.521893,1011.09375,175.1302,148,,,6.25,-28,,3,3
2026-01-23 04:16:20.535306,0x433acb14,27.651766,27.87188,1011.09644,338.4012,120,,,7.0,-11,,3,3
2026-01-23 04:16:29.336050,0x433af380,28.228834,26.771053,1011.72833,96.51263,173,,,6.75,-11,,3,3
2026-01-23 04:16:33.348152,0x433aad0c,28.354334,26.211452,1011.03436,196.67061,185,,,6.0,-37,,3,3
2026-01-23 04:16:36.879081,0x433b0b38,27.902063,28.606627,1010.6817,199.33813,177,,,6.25,-3,,5,5
2026-01-23 04:17:19.056820,0x433acb14,27.636755,27.8815,1011.1253,336.34302,121,,,7.25,-11,,3,3
2026-01-23 04:17:29.166618,0x433af380,28.269503,26.65526,1011.7542,106.61066,166,,,7.25,-10,,3,3
2026-01-23 04:17:35.121705,0x433b0b38,27.903048,28.602869,1010.69476,199.10558,177,,,6.25,-3,,5,5
2026-01-23 04:18:21.961110,0x433acb14,27.643597,27.855352,1011.13654,359.67737,117,,,6.5,-11,,3,3
2026-01-23 04:18:29.491501,0x433af380,28.296001,26.685032,1011.7743,99.896034,172,,,7.25,-11,,3,3
2026-01-23 04:18:36.114106,0x433b0b38,27.874651,28.600878,1010.70886,199.10558,177,,,6.25,-3,,5,5
2026-01-23 04:19:19.382160,0x433ad35c,27.672338,28.38749,1011.11206,175.1302,147,,,6.25,-29,,3,3
2026-01-23 04:19:21.310044,0x433acb14,27.723648,27.73117,1011.10834,336.68436,121,,,6.75,-11,,3,3
2026-01-23 04:19:29.942235,0x433af380,28.80557,25.888977,1012.71124,102.57779,169,,,7.0,-11,,3,3
2026-01-23 04:19:32.058037,0x433aad0c,28.351807,26.17684,1011.071,197.14151,185,,,6.0,-37,,3,3
2026-01-23 04:19:37.416450,0x433b0b38,27.86947,28.603327,1010.7133,199.4546,177,,,6.0,-3,,5,5
2026-01-23 04:20:19.309409,0x433acb14,27.659521,27.841225,1011.13873,337.369,120,,,6.5,-11,,3,3
2026-01-23 04:20:30.261696,0x433af380,28.236654,26.69096,1011.75116,105.47365,167,,,7.25,-10,,3,3
2026-01-23 04:20:36.041818,0x433b0b38,27.876234,28.621145,1010.6982,199.80487,177,,,6.0,-3,,5,5
2026-01-23 04:21:19.441030,0x433acb14,27.623693,27.826033,1011.1189,339.43982,120,,,6.25,-12,,3,3
2026-01-23 04:21:30.366827,0x433af380,28.24683,26.657999,1011.73975,105.606155,168,,,7.25,-11,,3,3
2026-01-23 04:21:36.116035,0x433b0b38,27.866974,28.631247,1010.7057,199.10558,177,,,6.0,-3,,5,5
2026-01-23 04:22:17.699775,0x433ad35c,27.660763,28.402674,1011.0891,175.1302,147,,,7.0,-29,,3,3
2026-01-23 04:22:19.797141,0x433acb14,27.595734,27.89405,1011.1278,337.369,121,,,7.5,-11,,3,3
2026-01-23 04:22:30.400837,0x433aad0c,28.331573,26.315659,1011.0508,195.61928,185,,,5.75,-36,,3,3
2026-01-23 04:22:32.721839,0x433af380,28.249374,26.705593,1011.7387,105.805534,168,,,7.0,-11,,3,3
2026-01-23 04:22:36.635408,0x433b0b38,27.858885,28.627031,1010.69586,199.10558,177,,,6.0,-3,,5,5
2026-01-23 04:23:18.050443,0x433acb14,27.611048,27.982594,1011.12305,338.4012,121,,,8.0,-10,,3,3
2026-01-23 04:23:30.792774,0x433af380,28.246641,26.663858,1011.75195,107.154236,165,,,7.25,-10,,3,3
2026-01-23 04:23:36.389143,0x433b0b38,27.85551,28.68406,1010.7065,198.29588,178,,,6.25,-3,,5,5
2026-01-23 04:24:18.391642,0x433acb14,27.715631,27.741167,1011.12445,338.7467,120,,,7.0,-11,,3,3
2026-01-23 04:24:31.079995,0x433af380,28.228834,26.650406,1011.74927,107.08598,165,,,7.0,-10,,3,3
2026-01-23 04:24:37.174192,0x433b0b38,27.856575,28.612577,1010.71655,200.86308,176,,,6.0,-3,,5,5
2026-01-23 04:25:17.761871,0x433ad35c,27.615046,28.458075,1011.10175,175.86298,146,,,6.5,-28,,3,3
2026-01-23 04:25:19.985646,0x433acb14,27.628508,27.83134,1011.1431,338.7467,120,,,6.5,-11,,3,3
2026-01-23 04:25:30.218708,0x433aad0c,28.346367,26.173317,1011.07825,196.55324,185,,,5.75,-37,,3,3
2026-01-23 04:25:33.762272,0x433af380,28.223932,26.789518,1011.75653,94.32084,180,,,6.25,-11,,3,3
2026-01-23 04:25:36.119613,0x433b0b38,27.840847,28.655989,1010.7339,198.41116,177,,,5.75,-3,,5,5
2026-01-23 04:26:18.656000,0x433acb14,27.618082,27.852896,1011.1377,341.185,120,,,7.5,-11,,3,3
2026-01-23 04:26:31.972755,0x433af380,28.264639,26.657703,1011.74774,105.739,167,,,6.75,-11,,3,3
2026-01-23 04:26:37.150599,0x433b0b38,27.850456,28.63655,1010.7202,199.10558,177,,,6.0,-3,,5,5
2026-01-23 04:27:18.137632,0x433acb14,27.587639,27.898369,1011.1284,342.24075,119,,,7.25,-11,,3,3
2026-01-23 04:27:32.607047,0x433af380,28.25955,26.622005,1011.7655,107.77244,167,,,6.25,-11,,3,3
2026-01-23 04:27:38.218838,0x433b0b38,27.83444,28.65308,1010.7256,199.2218,177,,,6.0,-3,,5,5
2026-01-23 04:28:17.343062,0x433ad35c,27.55019,28.507742,1011.07117,177.34706,145,,,7.5,-28,,3,3
2026-01-23 04:28:19.360255,0x433acb14,27.595772,27.869314,1011.1243,340.1357,120,,,6.75,-12,,3,3
2026-01-23 04:28:30.852292,0x433aad0c,28.300354,26.315805,1011.0791,196.31891,184,,,5.5,-36,,3,3
2026-01-23 04:28:36.822645,0x433b0b38,27.831013,28.687265,1010.72296,200.03906,177,,,6.25,-3,,5,5
2026-01-23 04:28:42.569481,0x433af380,28.251917,26.607683,1011.74786,107.35951,164,,,7.75,-11,,3,3
2026-01-23 04:29:18.408859,0x433acb14,27.649878,27.81388,1011.1337,342.59412,119,,,7.5,-11,,3,3
2026-01-23 04:29:33.446885,0x433af380,28.271282,26.565535,1011.76355,107.63444,164,,,7.0,-11,,3,3
2026-01-23 04:29:36.738746,0x433b0b38,27.848974,28.618467,1010.7185,200.62695,176,,,5.75,-3,,5,5
2026-01-23 04:30:18.254845,0x433acb14,27.613573,27.873043,1011.141,341.5362,119,,,7.5,-10,,3,3
2026-01-23 04:30:33.016144,0x433af380,28.274853,26.65155,1011.76953,100.854836,170,,,7.5,-11,,3,3
2026-01-23 04:30:36.956334,0x433b0b38,27.84296,28.59442,1010.7467,200.27382,176,,,6.25,-3,,5,5
2026-01-23 04:31:18.272359,0x433ad35c,27.52779,28.535181,1011.1189,176.7876,145,,,7.0,-29,,3,3
2026-01-23 04:31:20.385996,0x433acb14,27.613724,27.866566,1011.1479,340.1357,119,,,6.75,-10,,3,3
2026-01-23 04:31:30.265260,0x433aad0c,28.252419,26.38657,1011.1175,195.73555,185,,,5.75,-36,,3,3
2026-01-23 04:31:35.461869,0x433af380,28.28454,26.521906,1011.75116,107.980095,165,,,6.25,-12,,3,3
2026-01-23 04:31:37.617989,0x433b0b38,27.827381,28.639395,1010.7571,200.39139,176,,,6.25,-3,,5,5
2026-01-23 04:32:18.315794,0x433acb14,27.621552,28.008314,1011.1352,341.5362,119,,,7.5,-11,,3,3
2026-01-23 04:32:33.580010,0x433af380,28.27717,26.544369,1011.7648,107.77244,164,,,8.0,-10,,3,3
2026-01-23 04:32:38.617491,0x433b0b38,27.838764,28.642078,1010.74615,201.81317,176,,,6.5,-3,,5,5
2026-01-23 04:33:19.001672,0x433acb14,27.634155,27.853477,1011.12274,341.5362,119,,,6.75,-11,,3,3
2026-01-23 04:33:33.941283,0x433af380,28.258448,26.576038,1011.7463,107.91079,163,,,6.75,-10,,3,3
2026-01-23 04:33:38.746347,0x433b0b38,27.84852,28.604443,1010.73364,200.98135,176,,,6.5,-3,,5,5
2026-01-23 04:34:17.984601,0x433ad35c,27.58296,28.45867,1011.0596,177.16019,145,,,7.25,-29,,3,3
2026-01-23 04:34:20.338748,0x433acb14,27.639086,27.8091,1011.11584,339.78745,119,,,7.0,-11,,3,3
2026-01-23 04:34:30.460301,0x433aad0c,28.29379,26.196531,1011.04175,197.97104,183,,,5.5,-37,,3,3
2026-01-23 04:34:35.721294,0x433b0b38,27.901922,28.53238,1010.698,201.5748,175,,,6.0,-3,,5,5
2026-01-23 04:34:43.820766,0x433af380,28.243755,26.57845,1011.71466,108.60789,163,,,7.0,-10,,3,3
2026-01-23 04:35:18.484215,0x433acb14,27.697067,27.745405,1011.0781,340.48477,119,,,7.0,-10,,3,3
2026-01-23 04:35:34.309982,0x433af380,28.254272,26.571257,1011.6965,107.63444,164,,,6.5,-11,,3,3
2026-01-23 04:35:37.316637,0x433b0b38,27.815737,28.66729,1010.6898,199.57123,177,,,6.0,-3,,5,5
2026-01-23 04:36:18.628963,0x433acb14,27.64096,27.811226,1011.0705,341.8881,119,,,6.75,-11,,3,3
2026-01-23 04:36:35.369033,0x433af380,28.254272,26.555574,1011.6842,108.748375,163,,,7.25,-11,,3,3
2026-01-23 04:36:39.142903,0x433b0b38,27.820465,28.616344,1010.6399,201.2183,176,,,6.0,-3,,5,5
2026-01-23 04:37:18.565236,0x433acb14,27.636148,27.792,1011.0446,341.8881,119,,,6.25,-10,,3,3
2026-01-23 04:37:20.659370,0x433ad35c,27.55251,28.454617,1011.0202,178.09851,144,,,6.5,-28,,3,3
2026-01-23 04:37:30.410318,0x433aad0c,28.275637,26.207388,1010.99835,198.32869,184,,,6.25,-36,,3,3
2026-01-23 04:37:35.809789,0x433af380,28.23096,26.576227,1011.67145,107.22257,164,,,7.0,-11,,3,3
2026-01-23 04:37:38.051894,0x433b0b38,27.793802,28.738462,1010.6579,199.80487,176,,,6.25,-3,,5,5
2026-01-23 04:38:18.916476,0x433acb14,27.647253,27.773071,1011.05695,343.30307,118,,,6.25,-11,,3,3
2026-01-23 04:38:35.159820,0x433af380,28.218845,26.599985,1011.68567,108.39781,163,,,7.25,-11,,3,3
2026-01-23 04:38:37.231710,0x433b0b38,27.810219,28.639782,1010.6374,201.69391,175,,,6.0,-3,,5,5
2026-01-23 04:39:18.411327,0x433acb14,27.637762,27.79231,1011.0635,344.01492,118,,,7.25,-11,,3,3
2026-01-23 04:39:35.334151,0x433af380,28.223932,26.656427,1011.6695,108.67809,162,,,6.75,-11,,3,3
2026-01-23 04:39:37.616242,0x433b0b38,27.80965,28.640446,1010.66425,201.45583,176,,,6.5,-3,,5,5
2026-01-23 04:40:18.412955,0x433ad35c,27.57795,28.43748,1011.01825,177.72198,145,,,7.25,-28,,3,3
2026-01-23 04:40:20.501753,0x433acb14,27.642097,27.790312,1011.0567,344.372,118,,,7.0,-11,,3,3
2026-01-23 04:40:30.524249,0x433aad0c,28.216936,26.393902,1011.0153,197.3778,183,,,5.5,-36,,3,3
2026-01-23 04:40:35.811870,0x433af380,28.235592,26.541468,1011.6884,108.748375,162,,,6.75,-12,,3,3
2026-01-23 04:40:37.806704,0x433b0b38,27.79755,28.66202,1010.64215,202.17177,175,,,6.0,-4,,5,5
2026-01-23 04:41:18.476749,0x433acb14,27.623276,27.778254,1011.0332,341.8881,119,,,7.75,-11,,3,3
2026-01-23 04:41:35.838696,0x433b0b38,27.794071,28.623884,1010.6243,201.2183,175,,,6.25,-3,,5,5
2026-01-23 04:41:37.970948,0x433af380,28.221502,26.58456,1011.65137,108.188545,163,,,6.5,-10,,3,3
2026-01-23 04:42:19.372067,0x433acb14,27.595846,27.802511,1011.0267,344.72977,118,,,7.5,-11,,3,3
2026-01-23 04:42:36.246068,0x433af380,28.18813,26.616251,1011.6588,108.748375,162,,,6.75,-11,,3,3
2026-01-23 04:42:40.025977,0x433b0b38,27.776793,28.666569,1010.632,200.62695,176,,,6.25,-4,,5,5
2026-01-23 04:43:18.759282,0x433acb14,27.601002,27.767399,1011.03864,342.24075,119,,,8.0,-11,,3,3
2026-01-23 04:43:20.848317,0x433ad35c,27.585464,28.405983,1010.99146,179.04686,144,,,7.0,-29,,3,3
2026-01-23 04:43:30.584021,0x433aad0c,28.273483,26.186647,1010.97,199.28876,183,,,5.5,-37,,3,3
2026-01-23 04:43:36.084393,0x433b0b38,27.7842,28.673693,1010.6421,201.5748,175,,,6.0,-4,,5,5
2026-01-23 04:43:38.385003,0x433af380,28.185623,26.606495,1011.64246,108.46775,162,,,6.5,-11,,3,3
2026-01-23 04:44:20.406270,0x433acb14,27.63261,27.715391,1011.00085,343.30307,118,,,7.25,-10,,3,3
2026-01-23 04:44:38.044978,0x433b0b38,27.799784,28.639687,1010.59796,202.0521,176,,,6.0,-3,,5,5
2026-01-23 04:45:20.632215,0x433acb14,27.682703,27.65879,1011.0046,344.72977,118,,,7.0,-11,,3,3
2026-01-23 04:45:26.357199,0x433af380,28.275972,26.475557,1011.6423,109.456375,161,,,6.5,-10,,3,3
2026-01-23 04:45:36.130289,0x433b0b38,27.799519,28.59858,1010.61475,202.53165,175,,,5.75,-3,,5,5
2026-01-23 04:46:18.551334,0x433ad35c,27.562609,28.435135,1010.98724,177.72198,144,,,7.5,-29,,3,3
2026-01-23 04:46:20.478824,0x433acb14,27.659672,27.807669,1010.98444,343.30307,119,,,6.0,-11,,3,3
2026-01-23 04:46:28.397489,0x433af380,28.243793,26.590359,1011.62585,108.60789,162,,,6.5,-11,,3,3
2026-01-23 04:46:32.159298,0x433aad0c,28.247997,26.223396,1010.947,196.90578,184,,,5.75,-36,,3,3
2026-01-23 04:46:36.662815,0x433b0b38,27.763214,28.677876,1010.60516,202.0521,175,,,6.0,-3,,5,5
2026-01-23 04:47:19.894131,0x433acb14,27.630917,27.738377,1010.99475,344.72977,118,,,6.0,-11,,3,3
2026-01-23 04:47:29.709738,0x433af380,28.231678,26.545736,1011.65405,108.60789,162,,,7.25,-10,,3,3
2026-01-23 04:47:36.353419,0x433b0b38,27.778603,28.63964,1010.59784,203.1343,175,,,5.75,-3,,5,5
2026-01-23 04:48:19.746048,0x433acb14,27.61361,27.780989,1010.985,345.08832,117,,,6.5,-11,,3,3
2026-01-23 04:48:24.856603,0x433af380,28.210684,26.557356,1011.62286,109.101234,161,,,6.75,-11,,3,3
2026-01-23 04:48:36.197427,0x433b0b38,27.771534,28.637123,1010.625,201.45583,175,,,6.0,-3,,5,5
2026-01-23 04:49:17.621192,0x433ad35c,27.5579,28.39582,1010.96844,178.28737,145,,,7.25,-28,,3,3
2026-01-23 04:49:19.772414,0x433acb14,27.592413,27.8073,1011.024,345.08832,117,,,7.5,-12,,3,3
2026-01-23 04:49:27.660506,0x433af380,28.207567,26.565987,1011.63086,109.24302,161,,,6.25,-10,,3,3
2026-01-23 04:49:30.373278,0x433aad0c,28.25048,26.191038,1010.956,197.97104,183,,,5.5,-37,,3,3
2026-01-23 04:49:36.496778,0x433b0b38,27.763023,28.666782,1010.62866,202.65189,175,,,6.25,-3,,5,5
2026-01-23 04:50:21.436633,0x433acb14,27.603674,27.757948,1011.031,346.16837,117,,,6.75,-11,,3,3
2026-01-23 04:50:28.702126,0x433af380,28.218279,26.54047,1011.6317,109.81385,161,,,7.0,-10,,3,3
2026-01-23 04:50:36.188259,0x433b0b38,27.714512,28.820728,1010.627,200.15637,176,,,6.0,-3,,5,5
2026-01-23 04:51:19.297160,0x433acb14,27.590576,27.783924,1011.0144,345.08832,117,,,7.5,-10,,3,3
2026-01-23 04:51:30.096271,0x433af380,28.220287,26.551634,1011.65137,109.101234,161,,,6.75,-11,,3,3
2026-01-23 04:51:36.384852,0x433b0b38,27.763367,28.624443,1010.62695,202.77228,175,,,5.75,-3,,5,5
2026-01-23 04:52:17.638068,0x433ad35c,27.5579,28.432611,1010.95636,178.47664,143,,,7.25,-29,,3,3
2026-01-23 04:52:22.841841,0x433acb14,27.590576,27.912743,1011.0042,345.08832,118,,,6.75,-11,,3,3
2026-01-23 04:52:30.437699,0x433aad0c,28.256603,26.170475,1010.95233,200.50201,182,,,5.5,-36,,3,3
2026-01-23 04:52:32.795051,0x433af380,28.22287,26.538425,1011.64685,109.38516,161,,,6.25,-11,,3,3
2026-01-23 04:52:36.304691,0x433b0b38,27.760134,28.613926,1010.59296,203.4976,174,,,6.0,-3,,5,5
2026-01-23 04:53:19.307211,0x433acb14,27.549631,27.927843,1011.01855,344.372,118,,,7.5,-11,,3,3
2026-01-23 04:53:33.898702,0x433af380,28.235668,26.513412,1011.63965,109.38516,160,,,7.0,-11,,3,3
2026-01-23 04:53:37.265467,0x433b0b38,27.7974,28.562588,1010.57336,204.35042,174,,,6.25,-3,,5,5
2026-01-23 04:54:19.223112,0x433acb14,27.598293,27.758932,1010.9795,343.65866,117,,,7.5,-11,,3,3
2026-01-23 04:54:32.174216,0x433af380,28.291271,26.415985,1011.632,109.101234,161,,,6.25,-10,,3,3
2026-01-23 04:54:36.337466,0x433b0b38,27.814837,28.53802,1010.5787,204.59541,174,,,5.75,-3,,5,5
2026-01-23 04:55:17.642486,0x433ad35c,27.510283,28.461483,1010.9438,178.09851,144,,,7.5,-29,,3,3
2026-01-23 04:55:22.440585,0x433acb14,27.602324,27.75309,1010.9761,346.5299,117,,,7.25,-11,,3,3
2026-01-23 04:55:30.551731,0x433aad0c,28.230717,26.187038,1010.91254,200.25818,182,,,5.25,-37,,3,3
2026-01-23 04:55:36.683882,0x433af380,28.23658,26.499683,1011.6432,109.24302,161,,,6.75,-11,,3,3
2026-01-23 04:55:39.242858,0x433b0b38,27.824886,28.523672,1010.58826,204.35042,174,,,5.75,-3,,5,5
2026-01-23 04:56:19.157516,0x433acb14,27.603373,27.86752,1010.9847,346.5299,117,,,7.25,-10,,3,3
2026-01-23 04:56:32.687935,0x433af380,28.17461,26.726543,1011.6225,99.955414,165,,,7.0,-10,,3,3
2026-01-23 04:56:36.328673,0x433b0b38,27.900253,28.415607,1010.8569,202.53165,174,,,6.0,-4,,5,5
2026-01-23 04:57:19.257416,0x433acb14,27.5829,27.785343,1011.0048,346.16837,117,,,7.25,-11,,3,3
2026-01-23 04:57:33.566348,0x433af380,28.21638,26.600801,1011.631,109.03048,161,,,6.75,-11,,3,3
2026-01-23 04:57:36.306905,0x433b0b38,27.787077,28.566473,1010.59094,202.29158,175,,,5.5,-3,,5,5
2026-01-23 04:58:17.655617,0x433ad35c,27.530333,28.422823,1010.98846,180.19829,142,,,7.75,-29,,3,3
2026-01-23 04:58:20.760917,0x433acb14,27.49513,28.033506,1011.01483,346.5299,117,,,8.0,-11,,3,3
2026-01-23 04:58:30.586228,0x433af380,28.233543,26.505646,1011.65985,109.67058,160,,,6.5,-11,,3,3
2026-01-23 04:58:32.659887,0x433aad0c,28.240683,26.171053,1010.9718,201.36012,181,,,6.5,-36,,3,3
2026-01-23 04:58:36.726805,0x433b0b38,27.83523,28.511324,1010.612,204.84097,174,,,6.0,-4,,5,5
2026-01-23 04:59:19.702311,0x433acb14,27.61361,27.737606,1011.0536,346.5299,117,,,7.5,-10,,3,3
2026-01-23 04:59:32.275042,0x433af380,28.223858,26.505184,1011.66077,110.39068,160,,,6.5,-11,,3,3
2026-01-23 04:59:36.416201,0x433b0b38,27.774069,28.59487,1010.6747,204.22815,174,,,6.75,-3,,5,5
2026-01-23 05:00:19.225137,0x433acb14,27.570103,27.780972,1011.0431,346.89224,117,,,7.25,-11,,3,3
2026-01-23 05:00:35.465984,0x433af380,28.201038,26.538658,1011.69867,109.59908,160,,,7.25,-11,,3,3
2026-01-23 05:00:38.034883,0x433b0b38,27.725327,28.774448,1010.6783,203.1343,174,,,6.75,-3,,5,5
2026-01-23 01:01:11.125025,0x433acb14,28.350626,28.174866,1011.55304,311.991,129,,,7.5,-11,,3,3
2026-01-23 01:01:13.803711,0x433ad35c,28.417452,28.630001,1011.5539,156.25,161,,,5.5,-28,,3,3
2026-01-23 01:01:19.791992,0x433b0b38,28.71509,28.853285,1011.14575,176.43005,187,,,5.5,-3,,5,5
2026-01-23 01:01:28.819668,0x433aad0c,29.216114,26.302576,1011.5398,180.10754,196,,,6.0,-37,,3,3
2026-01-23 01:01:47.077180,0x433af380,29.032753,26.94262,1012.2224,91.74725,188,,,7.25,-11,,3,3
2026-01-23 01:02:12.391612,0x433acb14,28.33751,28.184723,1011.5742,311.6979,129,,,6.75,-11,,3,3
2026-01-23 01:02:19.720750,0x433b0b38,28.715542,28.855654,1011.14905,176.79558,187,,,5.75,-3,,5,5
2026-01-23 01:02:47.142672,0x433af380,29.597534,26.189714,1013.1634,88.744675,189,,,7.25,-11,,3,3
2026-01-23 01:03:12.543471,0x433acb14,28.2585,28.39727,1011.5461,311.6979,129,,,7.0,-10,,3,3
2026-01-23 01:03:21.737183,0x433b0b38,28.7,28.796907,1011.1362,178.08696,187,,,6.25,-3,,5,5
2026-01-23 01:03:46.229118,0x433af380,29.030396,27.018198,1012.213,89.12102,192,,,7.25,-11,,3,3
2026-01-23 01:04:12.023204,0x433acb14,28.337337,28.147411,1011.5485,311.40536,129,,,5.75,-11,,3,3
2026-01-23 01:04:14.238694,0x433ad35c,28.387564,28.654951,1011.5525,157.86386,159,,,6.25,-28,,3,3
2026-01-23 01:04:21.260388,0x433b0b38,28.699244,28.763298,1011.1614,177.34674,187,,,6.25,-4,,5,5
2026-01-23 01:04:28.018504,0x433aad0c,29.189167,26.319864,1011.5335,180.3014,196,,,5.5,-36,,3,3
2026-01-23 01:04:46.110786,0x433af380,29.020372,27.050865,1012.2209,84.71993,194,,,7.25,-11,,3,3
2026-01-23 01:05:12.381710,0x433acb14,28.340391,28.134048,1011.56323,309.6616,129,,,7.75,-11,,3,3
2026-01-23 01:05:21.312815,0x433b0b38,28.63311,28.988834,1011.18646,175.5228,188,,,6.0,-3,,5,5
2026-01-23 01:05:46.412123,0x433af380,29.043116,26.918396,1012.23175,90.26943,191,,,7.0,-11,,3,3
2026-01-23 01:06:12.902951,0x433acb14,28.31702,28.16097,1011.58075,311.991,129,,,7.75,-11,,3,3
2026-01-23 01:06:21.474597,0x433b0b38,28.674479,28.798193,1011.16614,177.71608,187,,,6.25,-3,,5,5
2026-01-23 01:06:48.231421,0x433af380,29.027172,26.93147,1012.23846,91.44783,189,,,7.0,-10,,3,3
2026-01-23 01:07:12.301193,0x433acb14,28.307123,28.192318,1011.59076,311.991,129,,,6.0,-11,,3,3
2026-01-23 01:07:14.435425,0x433ad35c,28.364136,28.655603,1011.5674,156.54097,160,,,6.25,-28,,3,3
2026-01-23 01:07:21.607161,0x433b0b38,28.668543,28.85338,1011.15894,177.16263,187,,,6.5,-3,,5,5
2026-01-23 01:07:28.290074,0x433aad0c,29.163982,26.469574,1011.5421,180.10754,196,,,7.0,-36,,3,3
2026-01-23 01:07:47.759773,0x433af380,29.02011,26.938305,1012.2593,91.74725,188,,,7.75,-11,,3,3
2026-01-23 01:08:12.446644,0x433acb14,28.302078,28.204056,1011.56323,308.79703,130,,,7.0,-11,,3,3
2026-01-23 01:08:25.893944,0x433b0b38,28.76587,28.683287,1011.4069,175.5228,188,,,7.25,-11,,5,4
2026-01-23 01:08:57.772465,0x433af380,29.002033,26.935486,1012.2443,91.94796,188,,,7.75,-11,,3,3
2026-01-23 01:09:12.192227,0x433acb14,28.32928,28.13129,1011.5852,310.24066,129,,,6.25,-12,,3,3
2026-01-23 01:09:22.395779,0x433b0b38,28.67429,28.82393,1011.16614,178.08696,187,,,6.0,-3,,5,5
2026-01-23 01:09:57.685377,0x433af380,29.009855,26.93126,1012.2445,92.149536,188,,,6.5,-11,,3,3
2026-01-23 01:10:12.673832,0x433acb14,28.340391,28.210852,1011.55804,312.57883,128,,,7.75,-11,,3,3
2026-01-23 01:10:14.679396,0x433ad35c,28.377388,28.62491,1011.57153,157.12617,160,,,6.25,-28,,3,3
2026-01-23 01:10:21.742471,0x433b0b38,28.662476,28.78735,1011.16254,177.5312,187,,,5.75,-3,,5,5
2026-01-23 01:10:28.243497,0x433aad0c,29.157795,26.32025,1011.54333,180.10754,196,,,6.0,-36,,3,3
2026-01-23 01:10:58.855021,0x433af380,28.986958,26.94291,1012.23694,92.04864,188,,,7.0,-10,,3,3
2026-01-23 01:11:13.110518,0x433acb14,28.362625,28.067768,1011.58154,311.40536,129,,,6.75,-10,,3,3
2026-01-23 01:11:22.016910,0x433b0b38,28.66555,28.798761,1011.16296,176.61263,188,,,6.25,-3,,5,5
2026-01-23 01:11:58.992757,0x433af380,28.954075,27.049547,1012.2462,92.149536,188,,,6.75,-11,,3,3
2026-01-23 01:12:12.012710,0x433acb14,28.371101,28.042805,1011.57404,313.46472,128,,,7.0,-11,,3,3
2026-01-23 01:12:22.265820,0x433b0b38,28.711948,28.854048,1011.4439,173.736,188,,,6.0,-3,,5,5
2026-01-23 01:12:58.890851,0x433af380,28.910297,27.057037,1012.23895,92.75964,187,,,7.0,-11,,3,3
2026-01-23 01:13:11.320787,0x433acb14,28.472933,27.964731,1011.5846,313.46472,128,,,7.75,-10,,3,3
2026-01-23 01:13:14.468768,0x433ad35c,28.3824,28.620316,1011.58716,158.75827,158,,,6.0,-29,,3,3
2026-01-23 01:13:22.482887,0x433b0b38,28.795177,28.60432,1011.4286,177.90132,187,,,5.75,-4,,5,5
2026-01-23 01:13:28.029419,0x433aad0c,29.158705,26.308697,1011.557,180.49568,195,,,5.75,-37,,3,3
2026-01-23 01:13:59.996408,0x433af380,28.847223,27.374199,1012.2667,78.03508,197,,,7.25,-11,,3,3
2026-01-23 01:14:11.837974,0x433acb14,28.383896,28.065638,1011.58734,312.87354,128,,,7.25,-10,,3,3
2026-01-23 01:14:23.535065,0x433b0b38,28.666574,28.786453,1011.19653,177.71608,187,,,6.0,-3,,5,5
2026-01-23 01:14:59.917521,0x433af380,28.885386,27.16921,1012.2554,89.2156,193,,,7.75,-10,,3,3
2026-01-23 01:15:11.635717,0x433acb14,28.35059,28.004059,1011.5959,313.16885,128,,,7.25,-11,,3,3
2026-01-23 01:15:22.992310,0x433b0b38,28.64619,28.74481,1011.2068,178.4594,187,,,5.25,-3,,5,5
2026-01-23 01:16:01.476345,0x433af380,28.915915,27.052902,1012.26105,92.25067,188,,,7.25,-11,,3,3
2026-01-23 01:16:11.572599,0x433acb14,28.34058,28.038847,1011.6268,310.24066,129,,,7.75,-11,,3,3
2026-01-23 01:16:13.797394,0x433ad35c,28.36235,28.64756,1011.5787,159.20926,158,,,6.25,-29,,3,3
2026-01-23 01:16:24.152996,0x433b0b38,28.653717,28.790617,1011.2115,178.08696,187,,,6.5,-4,,5,5
2026-01-23 01:16:28.041543,0x433aad0c,29.150969,26.289146,1011.5607,180.3014,195,,,5.75,-36,,3,3
2026-01-23 01:17:02.942169,0x433af380,28.915915,27.011787,1012.2524,90.854805,190,,,7.0,-11,,3,3
2026-01-23 01:17:11.351862,0x433acb14,28.348032,28.047705,1011.5796,314.65378,127,,,7.25,-11,,3,3
2026-01-23 01:17:24.377657,0x433b0b38,28.659048,28.749216,1011.20526,178.4594,187,,,6.25,-3,,5,5
2026-01-23 01:18:02.024219,0x433af380,28.905737,27.02898,1012.2515,92.45359,187,,,7.0,-11,,3,3
2026-01-23 01:18:11.358592,0x433acb14,28.352581,28.054604,1011.58844,311.11334,129,,,7.75,-11,,3,3
2026-01-23 01:18:24.951129,0x433b0b38,28.658821,28.702963,1011.20355,179.39734,186,,,6.25,-3,,5,5
2026-01-23 01:19:02.450397,0x433af380,28.918457,27.000587,1012.2652,92.04864,188,,,6.0,-11,,3,3
2026-01-23 01:19:11.399982,0x433acb14,28.345509,28.041876,1011.5838,313.46472,128,,,7.75,-11,,3,3
2026-01-23 01:19:13.928229,0x433ad35c,28.369871,28.613604,1011.5777,159.05867,158,,,6.0,-28,,3,3
2026-01-23 01:19:25.068565,0x433b0b38,28.659048,28.76454,1011.18677,179.20895,186,,,5.75,-3,,5,5
2026-01-23 01:19:29.098916,0x433aad0c,29.148174,26.279472,1011.54266,181.08109,195,,,5.5,-36,,3,3
2026-01-23 01:20:03.976280,0x433af380,28.900461,27.053759,1012.259,88.932434,193,,,7.0,-11,,3,3
2026-01-23 01:20:11.386096,0x433acb14,28.347994,28.028238,1011.58655,314.05814,128,,,7.25,-10,,3,3
2026-01-23 01:20:24.252998,0x433b0b38,28.653906,28.717316,1011.1762,179.5861,186,,,6.75,-3,,5,5
2026-01-23 01:21:04.410479,0x433af380,28.915726,26.967594,1012.22626,92.96482,187,,,7.5,-11,,3,3
2026-01-23 01:21:12.268860,0x433acb14,28.325415,28.00257,1011.5749,313.46472,128,,,7.75,-10,,3,3
2026-01-23 01:21:27.642360,0x433b0b38,28.633074,28.71683,1011.16797,180.72714,186,,,6.25,-29,,5,4
2026-01-23 01:22:04.567342,0x433af380,28.920815,26.976086,1012.2171,93.17089,187,,,7.5,-10,,3,3
2026-01-23 01:22:11.481270,0x433acb14,28.870127,27.199492,1012.787,310.82193,128,,,7.25,-11,,3,3
2026-01-23 01:22:15.434170,0x433ad35c,28.379442,28.547493,1011.5604,159.20926,158,,,6.25,-28,,3,3
2026-01-23 01:22:25.861191,0x433b0b38,28.627588,28.743727,1011.16925,179.20895,186,,,6.25,-4,,5,5
2026-01-23 01:22:28.841767,0x433aad0c,29.14338,26.277756,1011.53876,183.4611,194,,,5.5,-36,,3,3
2026-01-23 01:23:06.207856,0x433af380,28.905586,26.958286,1012.2272,92.25067,188,,,7.5,-11,,3,3
2026-01-23 01:23:12.238993,0x433acb14,28.330343,28.023867,1011.58014,314.05814,127,,,7.5,-11,,3,3
2026-01-23 01:23:26.662143,0x433b0b38,28.586334,28.951492,1011.17444,178.27298,186,,,6.0,-2,,5,5
2026-01-23 01:24:06.426291,0x433af380,28.88011,26.996666,1012.21735,93.37788,186,,,7.25,-10,,3,3
2026-01-23 01:24:11.513427,0x433acb14,28.302303,28.091753,1011.56323,315.8519,127,,,7.5,-11,,3,3
2026-01-23 01:24:25.895159,0x433b0b38,28.61938,28.779905,1011.16943,178.08696,186,,,6.25,-4,,5,5
2026-01-23 01:25:06.354728,0x433af380,28.852125,27.051432,1012.24866,92.96482,187,,,7.0,-11,,3,3
2026-01-23 01:25:11.490015,0x433acb14,28.308922,28.06074,1011.57623,314.35568,128,,,8.25,-11,,3,3
2026-01-23 01:25:14.314100,0x433ad35c,28.329962,28.591972,1011.5799,159.81464,158,,,6.25,-28,,3,3
2026-01-23 01:25:25.504011,0x433b0b38,28.58622,28.883696,1011.16943,178.27298,187,,,5.5,-3,,5,5
2026-01-23 01:25:29.054380,0x433aad0c,29.115713,26.332764,1011.5531,182.66086,194,,,7.0,-37,,3,3
2026-01-23 01:26:07.437186,0x433af380,28.839632,27.015606,1012.24896,93.48173,186,,,6.75,-11,,3,3
2026-01-23 01:26:12.988276,0x433acb14,28.316944,28.042385,1011.58936,316.15283,127,,,7.5,-10,,3,3
2026-01-23 01:26:25.769067,0x433b0b38,28.609966,28.79848,1011.19727,179.20895,186,,,6.0,-3,,5,5
2026-01-23 01:27:07.588926,0x433af380,28.862488,27.00909,1012.25116,94.00441,186,,,7.0,-11,,3,3
2026-01-23 01:27:11.669365,0x433acb14,28.30411,28.023481,1011.5916,314.35568,128,,,5.75,-11,,3,3
2026-01-23 01:27:27.603128,0x433b0b38,28.593906,28.771574,1011.1839,179.96484,186,,,6.0,-3,,5,5
2026-01-23 01:28:07.786788,0x433af380,28.834503,27.05227,1012.2425,93.5858,186,,,7.5,-11,,3,3
2026-01-23 01:28:11.602257,0x433acb14,28.26885,28.031694,1011.5788,315.25168,128,,,7.25,-11,,3,3
2026-01-23 01:28:14.495938,0x433ad35c,28.323847,28.597015,1011.5852,159.20926,158,,,6.75,-28,,3,3
2026-01-23 01:28:28.249848,0x433b0b38,28.589474,28.785028,1011.167,179.77528,186,,,6.25,-4,,5,5
2026-01-23 01:28:33.796262,0x433aad0c,29.121592,26.27085,1011.5294,183.26039,194,,,7.25,-36,,3,3
2026-01-23 01:29:09.577903,0x433af380,28.83215,27.037743,1012.23145,93.8994,186,,,6.75,-11,,3,3
2026-01-23 01:29:13.169112,0x433acb14,28.263657,28.058928,1011.57367,316.15283,128,,,7.25,-11,,3,3
2026-01-23 01:29:26.510536,0x433b0b38,28.61254,28.723167,1011.18317,181.30312,185,,,6.0,-3,,5,5
2026-01-23 01:29:55.357815,0x9e9faaa4,,,,,,349,0.0024962383,6.0,-37,,3,2
2026-01-23 01:30:10.315106,0x433af380,28.832073,27.030472,1012.2105,93.5858,186,,,6.5,-11,,3,3
2026-01-23 01:30:12.834165,0x433acb14,28.232908,28.097385,1011.5524,316.45435,127,,,7.75,-11,,3,3
2026-01-23 01:30:27.564492,0x433b0b38,28.604824,28.698462,1011.17664,179.20895,186,,,5.75,-3,,5,5
2026-01-23 01:31:10.924448,0x433af380,28.841948,27.024847,1012.2269,93.79463,185,,,7.25,-11,,3,3
2026-01-23 01:31:13.012305,0x433acb14,28.16637,28.139565,1011.5442,317.0591,127,,,7.25,-11,,3,3
2026-01-23 01:31:13.783249,0x433ad35c,28.304977,28.60491,1011.5629,158.90833,158,,,6.5,-28,,3,3
2026-01-23 01:31:27.018567,0x433b0b38,28.597376,28.786383,1011.15344,182.07681,185,,,6.0,-4,,5,5
2026-01-23 01:31:30.383328,0x433aad0c,29.128204,26.203064,1011.5102,184.26842,193,,,6.25,-37,,3,3
2026-01-23 01:32:11.436192,0x433af380,28.806067,27.049768,1012.2058,93.690094,186,,,6.75,-11,,3,3
2026-01-23 01:32:13.720056,0x433acb14,28.199566,28.235113,1011.5405,316.45435,128,,,7.25,-11,,3,3
2026-01-23 01:32:28.215321,0x433b0b38,28.606945,28.803349,1011.1675,180.91873,186,,,6.0,-3,,5,5
2026-01-23 01:33:11.741952,0x433af380,28.775991,27.123785,1012.2034,93.17089,187,,,7.5,-11,,3,3
2026-01-23 01:33:13.900215,0x433acb14,28.204758,28.156319,1011.5321,315.5515,127,,,7.0,-11,,3,3
2026-01-23 01:33:29.136708,0x433b0b38,28.601727,28.71103,1011.16547,180.34518,185,,,5.25,-3,,5,5
2026-01-23 01:34:12.372840,0x433acb14,28.227564,28.070433,1011.5265,318.58127,126,,,7.25,-10,,3,3
2026-01-23 01:34:14.436486,0x433ad35c,28.278816,28.746021,1011.5581,158.6085,158,,,7.5,-29,,3,3
2026-01-23 01:34:17.021482,0x433af380,28.785978,27.078215,1012.2199,93.37788,187,,,7.25,-10,,3,3
2026-01-23 01:34:27.777664,0x433b0b38,28.589624,28.748062,1011.1552,180.34518,186,,,5.75,-4,,5,5
2026-01-23 01:34:31.452577,0x433aad0c,29.123148,26.201874,1011.5115,183.4611,193,,,5.5,-36,,3,3
2026-01-23 01:35:11.851835,0x433acb14,28.22049,28.065067,1011.54956,317.0591,127,,,7.25,-10,,3,3
2026-01-23 01:35:19.977906,0x433af380,28.801386,27.01791,1012.21967,94.74608,185,,,6.25,-11,,3,3
2026-01-23 01:35:29.076231,0x433b0b38,28.566332,28.731998,1011.13074,179.96484,186,,,6.5,-3,,5,5
2026-01-23 01:36:11.956924,0x433acb14,28.209877,28.04522,1011.5167,316.45435,127,,,7.5,-11,,3,3
2026-01-23 01:36:15.380790,0x433af380,28.790802,27.07616,1012.1864,94.32084,185,,,7.5,-11,,3,3
2026-01-23 01:36:28.280796,0x433b0b38,28.563797,28.70214,1011.10614,181.49593,185,,,5.75,-3,,5,5
2026-01-23 01:37:11.884059,0x433acb14,28.188492,28.101099,1011.48895,316.75647,127,,,7.5,-11,,3,3
2026-01-23 01:37:14.886795,0x433ad35c,28.288763,28.599157,1011.52155,161.1937,157,,,6.75,-29,,3,3
2026-01-23 01:37:16.945217,0x433af380,28.821632,27.01435,1012.1678,93.48173,186,,,6.75,-12,,3,3
2026-01-23 01:37:28.497654,0x433aad0c,29.105446,26.196632,1011.4734,184.06593,193,,,6.0,-36,,3,3
2026-01-23 01:37:30.655473,0x433b0b38,28.571613,28.728958,1011.0932,181.49593,185,,,6.0,-3,,5,5
2026-01-23 01:38:13.389740,0x433acb14,28.194523,28.088253,1011.4631,317.3624,127,,,7.25,-11,,3,3
2026-01-23 01:38:18.057202,0x433af380,28.83686,27.000454,1012.1403,90.854805,191,,,6.25,-12,,3,3
2026-01-23 01:38:34.372127,0x433b0b38,28.57064,28.683006,1011.0606,181.30312,185,,,6.0,-3,,5,5
2026-01-23 01:39:12.728468,0x433acb14,28.214994,28.104343,1011.4602,318.58127,126,,,7.5,-11,,3,3
2026-01-23 01:39:24.274403,0x433af380,28.814114,26.963074,1012.13104,93.8994,185,,,7.0,-10,,3,3
2026-01-23 01:39:29.742352,0x433b0b38,28.568789,28.727934,1011.0512,181.11072,185,,,6.25,-3,,5,5
2026-01-23 01:40:12.071217,0x433acb14,28.20732,28.06289,1011.43524,317.97067,126,,,7.5,-10,,3,3
2026-01-23 01:40:14.727123,0x433ad35c,28.232035,28.65121,1011.44037,160.27168,157,,,6.5,-28,,3,3
2026-01-23 01:40:20.995129,0x433af380,28.808346,26.999388,1012.10724,93.8994,186,,,7.0,-10,,3,3
2026-01-23 01:40:28.510278,0x433aad0c,29.097746,26.199358,1011.4222,184.26842,193,,,5.75,-36,,3,3
2026-01-23 01:40:32.023794,0x433b0b38,28.676859,28.54737,1011.30835,181.30312,185,,,6.25,-3,,5,5
2026-01-23 01:41:11.938279,0x433acb14,28.186844,28.102654,1011.4055,316.15283,127,,,7.25,-12,,3,3
2026-01-23 01:41:16.865956,0x433af380,28.811232,27.057344,1012.09216,95.06751,184,,,6.75,-11,,3,3
2026-01-23 01:41:29.546967,0x433b0b38,28.568863,28.690153,1011.05286,182.66144,185,,,6.25,-3,,5,5
2026-01-23 01:42:11.947558,0x433acb14,28.214767,28.101942,1011.42413,317.66626,127,,,6.75,-11,,3,3
2026-01-23 01:42:17.772016,0x433af380,28.793535,27.006922,1012.08954,95.06751,184,,,7.25,-11,,3,3
2026-01-23 01:42:30.543302,0x433b0b38,28.563833,28.683916,1011.0524,182.27127,185,,,6.0,-3,,5,5
2026-01-23 01:43:11.956174,0x433acb14,28.22779,28.04397,1011.4217,319.80957,126,,,7.0,-11,,3,3
2026-01-23 01:43:14.722951,0x433ad35c,28.224554,28.63749,1011.40326,163.22815,156,,,6.0,-28,,3,3
2026-01-23 01:43:18.264609,0x433af380,28.773108,27.070704,1012.0877,94.00441,186,,,7.5,-11,,3,3
2026-01-23 01:43:28.535111,0x433aad0c,29.064754,26.231379,1011.4053,184.87857,192,,,5.5,-36,,3,3
2026-01-23 01:43:31.812658,0x433b0b38,28.532866,28.736263,1011.0331,182.27127,185,,,5.75,-3,,5,5
2026-01-23 01:44:12.011668,0x433acb14,28.222672,28.103579,1011.3977,319.5016,126,,,7.0,-11,,3,3
2026-01-23 01:44:18.732139,0x433af380,28.77849,26.985905,1012.06573,95.49953,184,,,7.5,-11,,3,3
2026-01-23 01:44:29.999906,0x433b0b38,28.532602,28.72539,1011.01794,182.07681,185,,,6.25,-3,,5,5
2026-01-23 01:45:12.201542,0x433acb14,28.184284,28.042025,1011.38574,320.11813,126,,,7.25,-11,,3,3
2026-01-23 01:45:19.687668,0x433af380,28.788183,26.947521,1012.04114,93.48173,187,,,7.5,-11,,3,3
2026-01-23 01:45:30.154757,0x433b0b38,28.540012,28.692986,1010.9976,182.66144,185,,,6.0,-3,,5,5
2026-01-23 01:46:12.135047,0x433acb14,28.176609,28.065535,1011.37616,319.80957,126,,,7.5,-11,,3,3
2026-01-23 01:46:15.262746,0x433ad35c,28.259602,28.579515,1011.39594,161.65866,156,,,6.75,-28,,3,3
2026-01-23 01:46:19.226422,0x433af380,28.793459,26.960022,1012.0285,91.8475,185,,,7.5,-11,,3,3
2026-01-23 01:46:28.565534,0x433aad0c,29.075323,26.20855,1011.3665,184.87857,192,,,6.0,-36,,3,3
2026-01-23 01:46:31.108329,0x433b0b38,28.532564,28.701649,1010.9996,183.24983,184,,,6.25,-3,,5,5
2026-01-23 01:47:12.194369,0x433acb14,28.120308,28.180113,1011.3715,317.97067,127,,,7.25,-10,,3,3
2026-01-23 01:47:19.649019,0x433af380,28.849768,26.852835,1012.0564,94.02964,185,,,7.25,-11,,3,3
2026-01-23 01:47:30.243621,0x433b0b38,28.545797,28.708113,1010.99475,181.68915,185,,,5.5,-3,,5,5
2026-01-23 01:48:12.070923,0x433acb14,28.120308,28.17609,1011.38354,318.58127,127,,,7.5,-11,,3,3
2026-01-23 01:48:19.775085,0x433af380,28.80633,26.91486,1012.042,94.74608,185,,,7.75,-11,,3,3
2026-01-23 01:48:30.302911,0x433b0b38,28.530256,28.67723,1010.97327,182.66144,185,,,6.0,-3,,5,5
2026-01-23 01:49:12.203190,0x433acb14,28.094719,28.21666,1011.3865,319.5016,127,,,7.0,-10,,3,3
2026-01-23 01:49:15.375331,0x433ad35c,28.224516,28.57883,1011.3825,161.65866,156,,,6.5,-28,,3,3
2026-01-23 01:49:20.026137,0x433af380,28.765474,27.037045,1012.0441,86.64094,187,,,7.25,-11,,3,3
2026-01-23 01:49:28.727960,0x433aad0c,29.066135,26.202757,1011.3715,185.28761,192,,,7.25,-36,,3,3
2026-01-23 01:49:32.398495,0x433b0b38,28.522543,28.694725,1010.98193,183.05327,184,,,5.75,-3,,5,5
2026-01-23 01:50:12.145997,0x433acb14,28.120308,28.136513,1011.37335,319.19424,126,,,7.5,-11,,3,3
2026-01-23 01:50:20.302611,0x433af380,28.781118,26.943228,1012.0462,95.39117,184,,,7.0,-11,,3,3
2026-01-23 01:50:30.374050,0x433b0b38,28.522015,28.69062,1011.00214,183.64418,184,,,6.5,-4,,5,5
2026-01-23 01:51:12.140506,0x433acb14,28.133102,28.107002,1011.3985,321.0473,125,,,7.5,-11,,3,3
2026-01-23 01:51:20.816383,0x433af380,28.765436,27.012781,1012.0685,93.97709,184,,,7.5,-10,,3,3
2026-01-23 01:51:30.188709,0x433b0b38,28.600313,28.577995,1011.0116,183.24983,185,,,6.0,-3,,5,5
2026-01-23 01:52:12.582402,0x433acb14,28.135664,28.066116,1011.38226,318.2757,126,,,7.75,-11,,3,3
2026-01-23 01:52:15.656993,0x433ad35c,28.20477,28.582434,1011.39136,162.43962,156,,,6.5,-29,,3,3
2026-01-23 01:52:23.407971,0x433af380,28.720135,27.053165,1012.0536,94.96013,185,,,6.0,-11,,3,3
2026-01-23 01:52:29.302748,0x433aad0c,29.04758,26.204767,1011.3738,185.08287,192,,,5.75,-37,,3,3
2026-01-23 01:52:31.606241,0x433b0b38,28.506207,28.722271,1011.0261,181.68915,185,,,5.75,-4,,5,5
2026-01-23 01:53:12.213063,0x433acb14,28.153578,28.062662,1011.39886,321.35825,126,,,7.5,-11,,3,3
2026-01-23 01:53:26.724943,0x433af380,28.707003,27.128256,1012.047,88.557686,189,,,6.75,-11,,3,3
2026-01-23 01:53:30.666957,0x433b0b38,28.51649,28.676155,1010.9917,182.85715,184,,,6.0,-4,,5,5
2026-01-23 01:54:12.189711,0x433acb14,28.171492,28.09732,1011.40186,321.0473,125,,,7.5,-11,,3,3
2026-01-23 01:54:29.638669,0x433af380,28.704758,27.043783,1012.0533,94.96013,184,,,7.0,-10,,3,3
2026-01-23 01:54:32.531945,0x433b0b38,28.571547,28.627434,1010.9939,181.68915,185,,,6.0,-3,,5,5
2026-01-23 01:55:12.353594,0x433acb14,28.158695,28.109581,1011.3818,319.80957,126,,,7.25,-11,,3,3
2026-01-23 01:55:15.434952,0x433ad35c,28.19467,28.577345,1011.37415,163.70497,155,,,7.25,-28,,3,3
2026-01-23 01:55:28.099130,0x433af380,28.724125,26.942268,1012.03217,93.97709,185,,,7.5,-11,,3,3
2026-01-23 01:55:30.190477,0x433aad0c,29.036404,26.206154,1011.3388,185.49281,192,,,6.25,-36,,3,3
2026-01-23 01:55:32.119165,0x433b0b38,28.489004,28.750027,1010.9836,182.66144,185,,,6.25,-3,,5,5
2026-01-23 01:56:12.634228,0x433acb14,28.156136,28.129408,1011.36884,321.98196,125,,,7.5,-11,,3,3
2026-01-23 01:56:28.790072,0x433af380,28.748007,26.911503,1012.0257,94.66498,185,,,6.0,-11,,3,3
2026-01-23 01:56:35.631044,0x433b0b38,28.506739,28.715605,1010.98755,183.05327,184,,,6.25,-4,,5,5
2026-01-23 01:57:12.389251,0x433acb14,28.156136,28.078917,1011.35675,319.5016,125,,,7.5,-11,,3,3
2026-01-23 01:57:29.971259,0x433af380,28.729212,26.971684,1012.002,95.175156,184,,,7.5,-10,,3,3
2026-01-23 01:57:32.323783,0x433b0b38,28.489344,28.742487,1010.9735,184.43805,184,,,6.0,-3,,5,5
2026-01-23 01:58:12.622184,0x433acb14,28.064098,28.123346,1011.3318,321.0473,125,,,8.0,-10,,3,3
2026-01-23 01:58:16.530216,0x433ad35c,28.179626,28.593344,1011.3407,163.86453,155,,,6.5,-28,,3,3
2026-01-23 01:58:29.391508,0x433af380,28.73031,26.999477,1012.01245,91.44783,188,,,7.5,-11,,3,3
2026-01-23 01:58:31.462973,0x433aad0c,29.031689,26.183773,1011.30927,186.31813,191,,,7.0,-36,,3,3
2026-01-23 01:58:33.903414,0x433b0b38,28.447863,28.821293,1010.9568,182.27127,185,,,6.25,-3,,5,5
2026-01-23 01:59:12.586577,0x433acb14,28.05633,28.226774,1011.3265,321.0473,125,,,7.0,-10,,3,3
2026-01-23 01:59:30.186324,0x433af380,28.724659,26.92411,1011.9817,94.87867,184,,,7.5,-11,,3,3
2026-01-23 01:59:32.392609,0x433b0b38,28.470627,28.713448,1010.9629,183.84201,184,,,6.0,-3,,5,5
2026-01-23 02:00:12.341050,0x433acb14,28.058891,28.131124,1011.30334,320.11813,126,,,7.5,-11,,3,3
2026-01-23 02:00:27.966867,0x433af380,28.717176,26.966637,1011.9937,94.82516,184,,,7.25,-11,,3,3
2026-01-23 02:00:30.977766,0x433b0b38,28.4451,28.718107,1010.9121,183.84201,184,,,5.75,-3,,5,5
2026-01-23 07:01:18.944969,0x433ad35c,26.597471,30.949408,1011.453,202.11766,114,,,6.5,-28,,3,3
2026-01-23 07:01:25.803443,0x433acb14,27.05012,29.734144,1011.4343,393.65182,84,,,7.0,-10,,3,3
2026-01-23 07:01:31.948905,0x433aad0c,27.903458,27.608086,1011.4267,247.14441,121,,,5.75,-36,,3,3
2026-01-23 07:01:50.466540,0x433b0b38,27.418867,30.202517,1011.061,236.32588,146,,,5.75,-3,,5,5
2026-01-23 07:02:05.098117,0x433af380,27.351334,28.868181,1012.09015,116.672455,143,,,7.25,-11,,3,3
2026-01-23 07:02:25.121011,0x433acb14,27.063408,29.66981,1011.4337,395.26706,83,,,7.25,-11,,3,3
2026-01-23 07:02:51.384218,0x433b0b38,27.357937,30.297369,1011.04474,238.47227,145,,,6.5,-4,,5,5
2026-01-23 07:03:07.555825,0x433af380,27.350729,28.90128,1012.0727,116.349495,143,,,7.0,-11,,3,3
2026-01-23 07:03:25.046502,0x433acb14,27.058289,29.786348,1011.3839,398.7733,83,,,7.5,-11,,3,3
2026-01-23 07:03:50.793263,0x433b0b38,27.427399,30.17883,1011.24286,237.64214,146,,,6.25,-3,,5,5
2026-01-23 07:04:05.103552,0x433af380,27.241903,29.04288,1012.0204,116.99721,142,,,6.75,-11,,3,3
2026-01-23 07:04:18.956056,0x433ad35c,26.620138,30.9561,1011.3969,202.2413,113,,,7.25,-29,,3,3
2026-01-23 07:04:25.217914,0x433acb14,27.070784,29.733414,1011.3748,397.83218,82,,,7.25,-11,,3,3
2026-01-23 07:04:33.619116,0x433aad0c,27.917126,27.625767,1011.33417,247.14441,120,,,5.5,-37,,3,3
2026-01-23 07:04:50.389956,0x433b0b38,27.364588,30.337042,1011.00946,236.65358,146,,,6.75,-3,,5,5
2026-01-23 07:05:03.471160,0x433af380,27.20883,29.179255,1012.0153,116.26902,142,,,7.0,-11,,3,3
2026-01-23 07:05:25.743029,0x433acb14,27.096561,29.706093,1011.3703,398.06702,82,,,7.75,-11,,3,3
2026-01-23 07:05:50.400719,0x433b0b38,27.349693,30.332794,1010.9964,241.33867,145,,,6.0,-3,,5,5
2026-01-23 07:06:08.474872,0x433af380,27.25466,29.02096,1012.02374,116.188675,142,,,7.0,-11,,3,3
2026-01-23 07:06:25.060219,0x433acb14,27.083878,29.697573,1011.37256,398.7733,82,,,6.75,-11,,3,3
2026-01-23 07:06:50.213009,0x433b0b38,27.347347,30.330498,1010.99207,238.47227,145,,,6.0,-3,,5,5
2026-01-23 07:07:08.493560,0x433af380,27.315718,28.984007,1012.02356,116.91585,142,,,7.25,-11,,3,3
2026-01-23 07:07:19.098476,0x433ad35c,26.598267,31.0135,1011.3598,203.11113,114,,,6.5,-29,,3,3
2026-01-23 07:07:25.200444,0x433acb14,27.076128,29.765469,1011.3647,400.66882,81,,,6.0,-11,,3,3
2026-01-23 07:07:32.387195,0x433aad0c,27.906672,27.660524,1011.3214,248.82489,118,,,5.5,-37,,3,3
2026-01-23 07:07:50.337691,0x433b0b38,27.395247,30.250975,1010.96936,240.82785,145,,,5.75,-3,,5,5
2026-01-23 07:08:04.775431,0x433af380,27.219044,29.074585,1012.0144,116.75348,142,,,6.25,-11,,3,3
2026-01-23 07:08:25.358341,0x433acb14,27.073643,29.872385,1011.37396,399.24548,89,,,7.75,-11,,3,3
2026-01-23 07:08:51.658266,0x433b0b38,27.323713,30.392262,1010.99274,237.9735,145,,,6.0,-3,,5,5
2026-01-23 07:09:09.669069,0x433af380,27.231766,29.139894,1012.0316,108.53777,157,,,7.0,-10,,3,3
2026-01-23 07:09:25.099089,0x433acb14,27.076202,29.826874,1011.4058,400.1932,80,,,6.75,-11,,3,3
2026-01-23 07:09:50.329288,0x433b0b38,27.337364,30.360344,1011.0431,239.1406,144,,,6.5,-3,,5,5
2026-01-23 07:10:06.155511,0x433af380,27.282442,29.034801,1012.05035,115.31207,145,,,7.0,-12,,3,3
2026-01-23 07:10:19.782380,0x433ad35c,26.595762,31.076601,1011.40735,201.50162,114,,,6.75,-30,,3,3
2026-01-23 07:10:25.206779,0x433acb14,27.735147,28.7112,1012.5684,392.96362,82,,,7.75,-11,,3,3
2026-01-23 07:10:32.048004,0x433aad0c,27.889006,27.705713,1011.3877,249.7684,116,,,5.75,-36,,3,3
2026-01-23 07:10:50.568727,0x433b0b38,27.334301,30.39288,1011.0286,242.71155,143,,,6.0,-3,,5,5
2026-01-23 07:11:07.101824,0x433af380,27.235277,29.131773,1012.0705,116.51074,142,,,6.5,-11,,3,3
2026-01-23 07:11:25.137956,0x433acb14,27.048018,29.82309,1011.4265,402.10236,81,,,7.25,-11,,3,3
2026-01-23 07:11:50.480400,0x433b0b38,27.321712,30.400293,1011.06036,242.88425,144,,,6.25,-3,,5,5
2026-01-23 07:12:09.396109,0x433af380,27.210657,29.14568,1012.0682,116.91585,141,,,6.5,-10,,3,3
2026-01-23 07:12:25.171358,0x433acb14,27.049967,29.776346,1011.4464,405.00037,79,,,7.5,-10,,3,3
2026-01-23 07:12:50.357928,0x433b0b38,27.326817,30.41224,1011.0506,240.82785,144,,,6.25,-4,,5,5
2026-01-23 07:13:08.866825,0x433af380,27.213806,29.326994,1012.0949,116.26902,142,,,7.0,-10,,3,3
2026-01-23 07:13:20.500828,0x433ad35c,26.64068,30.961674,1011.4364,203.236,112,,,6.25,-30,,3,3
2026-01-23 07:13:25.202392,0x433acb14,27.032887,29.82063,1011.4363,401.86273,81,,,7.75,-11,,3,3
2026-01-23 07:13:32.200542,0x433aad0c,27.828459,27.91464,1011.3882,249.7684,115,,,5.75,-36,,3,3
2026-01-23 07:13:50.472078,0x433b0b38,27.316078,30.421389,1011.0549,241.50943,143,,,6.0,-3,,5,5
2026-01-23 07:14:10.317894,0x433af380,27.205908,29.177025,1012.06506,115.1541,145,,,7.0,-10,,3,3
2026-01-23 07:14:26.311933,0x433acb14,27.055918,29.939985,1011.4258,403.5461,81,,,7.5,-11,,3,3
2026-01-23 07:14:52.618997,0x433b0b38,27.326134,30.416166,1011.0623,241.85167,143,,,6.25,-3,,5,5
2026-01-23 07:15:11.392099,0x433af380,27.219044,29.18246,1012.08386,115.6293,144,,,7.5,-10,,3,3
2026-01-23 07:15:25.246834,0x433acb14,27.065964,29.84378,1011.40735,404.51447,79,,,7.0,-11,,3,3
2026-01-23 07:15:50.545286,0x433b0b38,27.321976,30.420368,1011.0285,241.68044,142,,,6.0,-4,,5,5
2026-01-23 07:16:07.222751,0x433af380,27.233322,29.159632,1012.0705,115.78858,143,,,7.0,-11,,3,3
2026-01-23 07:16:20.012331,0x433ad35c,26.63567,31.000944,1011.39154,203.98846,110,,,6.5,-28,,3,3
2026-01-23 07:16:25.201492,0x433acb14,27.16814,29.662954,1011.40125,407.4475,77,,,7.0,-11,,3,3
2026-01-23 07:16:32.253938,0x433aad0c,27.832952,27.791882,1011.363,253.22513,113,,,5.5,-36,,3,3
2026-01-23 07:16:51.056000,0x433b0b38,27.305866,30.463997,1011.0171,245.50467,142,,,5.75,-3,,5,5
2026-01-23 07:17:10.519040,0x433af380,27.229221,29.225895,1012.0414,115.6293,144,,,6.5,-10,,3,3
2026-01-23 07:17:25.483264,0x433acb14,27.08136,29.802534,1011.39233,406.46512,77,,,7.25,-11,,3,3
2026-01-23 07:17:50.425711,0x433b0b38,27.303486,30.469662,1010.99927,242.36685,142,,,6.0,-3,,5,5
2026-01-23 07:18:10.544933,0x433af380,27.205221,29.321102,1012.0251,107.017815,147,,,7.0,-11,,3,3
2026-01-23 07:18:25.268543,0x433acb14,27.047333,29.834002,1011.3803,409.9244,76,,,6.75,-11,,3,3
2026-01-23 07:18:50.450018,0x433b0b38,27.310741,30.465523,1010.9823,244.10013,142,,,6.0,-4,,5,5
2026-01-23 07:19:11.186573,0x433af380,27.195393,29.317522,1012.0017,105.805534,149,,,7.0,-11,,3,3
2026-01-23 07:19:19.021595,0x433ad35c,26.537363,31.30445,1011.35504,203.48622,110,,,6.5,-30,,3,3
2026-01-23 07:19:25.776031,0x433acb14,27.633816,29.00885,1012.51685,397.83218,79,,,7.25,-11,,3,3
2026-01-23 07:19:32.179020,0x433aad0c,27.814869,27.848885,1011.3195,253.22513,112,,,5.5,-37,,3,3
2026-01-23 07:19:50.733557,0x433b0b38,27.308172,30.457151,1010.98615,246.92549,140,,,6.75,-3,,5,5
2026-01-23 07:20:10.415426,0x433af380,27.269245,29.098087,1011.9909,115.6293,144,,,6.75,-11,,3,3
2026-01-23 07:20:25.811833,0x433acb14,27.022928,29.884851,1011.36755,406.2202,78,,,7.5,-11,,3,3
2026-01-23 07:20:52.930258,0x433b0b38,27.316587,30.449507,1010.96716,247.46254,141,,,6.0,-3,,5,5
2026-01-23 07:21:11.415696,0x433af380,27.284395,29.203268,1011.98615,111.0469,152,,,6.25,-11,,3,3
2026-01-23 07:21:25.780837,0x433acb14,27.566748,29.08464,1012.52704,399.48196,79,,,8.0,-10,,3,3
2026-01-23 07:21:50.869548,0x433b0b38,27.300343,30.495354,1010.98145,248.36284,141,,,6.0,-3,,5,5
2026-01-23 07:22:08.231910,0x433af380,27.287733,29.083931,1012.032,114.91798,145,,,6.25,-11,,3,3
2026-01-23 07:22:19.035056,0x433ad35c,26.633162,31.045723,1011.3441,205.38258,109,,,6.75,-29,,3,3
2026-01-23 07:22:25.374963,0x433acb14,27.606007,28.970667,1012.5135,400.907,77,,,7.25,-11,,3,3
2026-01-23 07:22:32.265578,0x433aad0c,27.823517,27.881235,1011.3312,255.98059,109,,,6.25,-36,,3,3
2026-01-23 07:22:50.538222,0x433b0b38,27.254782,30.562534,1010.98425,245.15201,142,,,5.75,-3,,5,5
2026-01-23 07:23:09.178059,0x433af380,27.314732,29.044903,1012.0201,114.52657,145,,,6.25,-11,,3,3
2026-01-23 07:23:25.451042,0x433acb14,27.09076,29.800007,1011.4045,408.43466,76,,,6.75,-11,,3,3
2026-01-23 07:24:02.163799,0x433b0b38,27.257355,30.54418,1011.01544,242.71155,142,,,6.25,-4,,5,5
2026-01-23 07:24:15.996257,0x433af380,27.330757,29.04386,1012.0501,114.761086,143,,,7.25,-10,,3,3
2026-01-23 07:24:25.723149,0x433acb14,27.055466,29.889446,1011.3813,408.6822,76,,,7.25,-10,,3,3
2026-01-23 07:24:51.045949,0x433b0b38,27.252213,30.543196,1011.0452,244.27481,142,,,6.5,-3,,5,5
2026-01-23 07:25:10.003892,0x433af380,27.32316,29.049822,1012.05676,115.86836,142,,,7.25,-10,,3,3
2026-01-23 07:25:19.190494,0x433ad35c,26.613077,31.100761,1011.4477,205.76608,109,,,6.25,-30,,3,3
2026-01-23 07:25:26.408667,0x433acb14,26.99401,29.973244,1011.4328,410.42334,75,,,7.75,-11,,3,3
2026-01-23 07:25:32.284309,0x433aad0c,27.823479,27.89766,1011.38257,257.38092,109,,,5.75,-36,,3,3
2026-01-23 07:25:51.610625,0x433b0b38,27.24389,30.55495,1011.0707,243.75148,142,,,6.0,-4,,5,5
2026-01-23 07:26:11.974919,0x433af380,27.330643,29.0784,1012.078,109.9575,154,,,7.5,-10,,3,3
2026-01-23 07:26:25.608346,0x433acb14,26.968037,30.017418,1011.41516,407.4475,77,,,7.75,-10,,3,3
2026-01-23 07:26:50.780203,0x433b0b38,27.252514,30.562172,1011.067,245.15201,141,,,6.0,-3,,5,5
2026-01-23 07:27:11.868992,0x433af380,27.319895,29.128828,1012.0753,110.17365,146,,,7.0,-11,,3,3
2026-01-23 07:27:25.659490,0x433acb14,27.470188,29.326487,1012.60693,400.66882,77,,,7.25,-11,,3,3
2026-01-23 07:27:51.477677,0x433b0b38,27.249752,30.5687,1011.0744,248.18227,141,,,5.75,-3,,5,5
2026-01-23 07:28:10.109118,0x433af380,27.338085,29.18067,1012.10944,114.761086,145,,,6.25,-11,,3,3
2026-01-23 07:28:19.867556,0x433ad35c,26.630062,31.080648,1011.47437,205.25504,109,,,7.25,-29,,3,3
2026-01-23 07:28:26.039197,0x433acb14,27.180325,29.72038,1011.46747,409.67532,75,,,7.25,-10,,3,3
2026-01-23 07:28:32.395801,0x433aad0c,27.81736,27.89703,1011.41644,258.79663,107,,,7.0,-36,,3,3
2026-01-23 07:28:52.088848,0x433b0b38,27.226574,30.62886,1011.0716,244.97607,142,,,6.0,-3,,5,5
2026-01-23 07:29:10.284687,0x433af380,27.35331,29.023964,1012.1115,114.29301,146,,,7.25,-10,,3,3
2026-01-23 07:29:25.549633,0x433acb14,27.564226,29.053064,1012.59326,350.18726,85,,,6.0,-11,,3,3
2026-01-23 07:29:52.018431,0x433b0b38,27.21882,30.612648,1011.0852,244.27481,141,,,5.75,-3,,5,5
2026-01-23 07:30:14.856285,0x433af380,27.363865,29.003166,1012.11945,116.0283,142,,,6.0,-11,,3,3
2026-01-23 07:30:25.672197,0x433acb14,26.98686,29.942095,1011.4421,413.44305,74,,,7.25,-11,,3,3
2026-01-23 07:30:47.888067,0x9e9faaa4,,,,,,349,0.013585344,6.75,-29,,3,2
2026-01-23 07:30:51.678929,0x433b0b38,27.220444,30.601955,1011.0628,244.27481,141,,,6.25,-3,,5,5
2026-01-23 07:31:12.054419,0x433af380,27.282455,29.171658,1012.09686,110.827286,152,,,6.75,-10,,3,3
2026-01-23 07:31:19.078640,0x433ad35c,26.64296,31.058136,1011.43726,204.3668,110,,,7.0,-29,,3,3
2026-01-23 07:31:26.384330,0x433acb14,27.020779,29.897076,1011.46277,413.1897,74,,,7.5,-11,,3,3
2026-01-23 07:31:32.260366,0x433aad0c,27.772446,27.970299,1011.41974,259.204,105,,,5.5,-37,,3,3
2026-01-23 07:31:52.893143,0x433b0b38,27.203167,30.635443,1011.08905,248.36284,140,,,6.0,-3,,5,5
2026-01-23 07:32:12.839001,0x433af380,27.272278,29.161865,1012.12726,114.37076,145,,,7.75,-10,,3,3
2026-01-23 07:32:25.631575,0x433acb14,26.971018,30.126917,1011.4724,413.95062,75,,,7.75,-11,,3,3
2026-01-23 07:32:54.000926,0x433b0b38,27.200825,30.637403,1011.08624,244.97607,141,,,6.25,-3,,5,5
2026-01-23 07:33:14.487793,0x433af380,27.279911,29.170334,1012.1067,111.93409,150,,,6.75,-10,,3,3
2026-01-23 07:33:25.755598,0x433acb14,26.921936,30.179441,1011.4463,409.67532,75,,,7.0,-10,,3,3
2026-01-23 07:33:53.753037,0x433b0b38,27.21111,30.63498,1011.0988,248.90617,140,,,6.0,-3,,5,5
2026-01-23 07:34:14.300211,0x433af380,27.29742,29.165575,1012.1321,110.90039,152,,,6.5,-10,,3,3
2026-01-23 07:34:19.119517,0x433ad35c,26.572716,31.179932,1011.48773,206.53746,108,,,7.25,-29,,3,3
2026-01-23 07:34:27.107236,0x433acb14,26.97113,30.010302,1011.4912,411.17416,74,,,7.25,-10,,3,3
2026-01-23 07:34:32.403635,0x433aad0c,27.797203,27.957928,1011.456,261.05313,104,,,6.25,-37,,3,3
2026-01-23 07:34:52.586299,0x433b0b38,27.203394,30.645912,1011.1293,246.39076,141,,,6.0,-3,,5,5
2026-01-23 07:35:14.660794,0x433af380,27.292253,29.12248,1012.1465,114.37076,145,,,6.75,-10,,3,3
2026-01-23 07:35:26.480236,0x433acb14,27.559868,29.073452,1012.65643,405.48743,70,,,6.75,-11,,3,3
2026-01-23 07:35:52.341447,0x433b0b38,27.208536,30.648046,1011.113,250.36674,140,,,6.0,-3,,5,5
2026-01-23 07:36:15.120376,0x433af380,27.310139,29.099047,1012.1789,115.78858,142,,,7.5,-10,,3,3
2026-01-23 07:36:26.130226,0x433acb14,26.993591,29.975906,1011.49786,412.68396,73,,,7.75,-11,,3,3
2026-01-23 07:36:52.592928,0x433b0b38,27.19564,30.661005,1011.13446,246.74698,140,,,6.0,-3,,5,5
2026-01-23 07:37:16.041284,0x433af380,27.264347,29.177698,1012.1843,115.94827,142,,,6.25,-11,,3,3
2026-01-23 07:37:19.196594,0x433ad35c,26.577574,31.19358,1011.5202,207.31462,107,,,7.5,-29,,3,3
2026-01-23 07:37:25.762595,0x433acb14,26.99435,29.97135,1011.53906,415.22513,73,,,7.0,-10,,3,3
2026-01-23 07:37:32.285230,0x433aad0c,27.83008,27.92629,1011.4937,264.61884,102,,,5.75,-37,,3,3
2026-01-23 07:37:50.865042,0x433b0b38,27.193148,30.740845,1011.1669,244.10013,140,,,6.0,-3,,5,5
2026-01-23 07:38:15.015536,0x433af380,27.27767,29.295603,1012.16675,116.51074,143,,,6.5,-11,,3,3
2026-01-23 07:38:25.642509,0x433acb14,26.989573,30.18145,1011.53375,415.22513,72,,,6.75,-11,,3,3
2026-01-23 07:38:50.926471,0x433b0b38,27.195679,30.687437,1011.1663,250.18323,140,,,6.0,-4,,5,5
2026-01-23 07:39:15.379382,0x433af380,27.275164,29.167656,1012.1906,115.708885,141,,,6.5,-11,,3,3
2026-01-23 07:39:26.141292,0x433acb14,26.978958,30.048412,1011.5334,415.48096,72,,,7.25,-11,,3,3
2026-01-23 07:39:51.036419,0x433b0b38,27.200787,30.67005,1011.1734,246.56876,140,,,6.0,-3,,5,5
2026-01-23 07:40:13.358694,0x433af380,27.27148,29.181126,1012.23505,116.10843,141,,,7.0,-10,,3,3
2026-01-23 07:40:19.278350,0x433ad35c,26.62276,31.168293,1011.5892,207.83598,107,,,6.75,-29,,3,3
2026-01-23 07:40:25.872063,0x433acb14,26.958258,30.118422,1011.55005,413.95062,73,,,6.75,-11,,3,3
2026-01-23 07:40:32.299222,0x433aad0c,27.809925,27.971203,1011.5385,263.77112,102,,,5.5,-36,,3,3
2026-01-23 07:40:51.532643,0x433b0b38,27.2077,30.679638,1011.2034,246.74698,140,,,5.75,-3,,5,5
2026-01-23 07:41:16.248656,0x433af380,27.221437,29.252089,1012.22723,115.6293,141,,,6.75,-11,,3,3
2026-01-23 07:41:25.700648,0x433acb14,26.953367,30.057638,1011.567,415.73712,72,,,7.25,-11,,3,3
2026-01-23 07:41:51.045972,0x433b0b38,27.200825,30.686134,1011.2171,246.74698,139,,,6.5,-3,,5,5
2026-01-23 07:42:16.823411,0x433af380,27.22155,29.237131,1012.2707,116.188675,141,,,6.5,-11,,3,3
2026-01-23 07:42:25.814718,0x433acb14,26.922657,30.094048,1011.597,415.73712,72,,,6.25,-10,,3,3
2026-01-23 07:42:51.103573,0x433b0b38,27.195717,30.696482,1011.2384,250.73457,139,,,6.0,-4,,5,5
2026-01-23 07:43:14.329711,0x433af380,27.238523,29.237274,1012.2805,115.31207,141,,,7.0,-10,,3,3
2026-01-23 07:43:19.505890,0x433ad35c,26.570587,31.22549,1011.63513,206.79587,107,,,7.75,-29,,3,3
2026-01-23 07:43:25.794516,0x433acb14,26.91487,30.13528,1011.63727,417.53906,72,,,6.75,-10,,3,3
2026-01-23 07:43:32.482516,0x433aad0c,27.867552,27.866823,1011.60864,265.2582,100,,,5.5,-36,,3,3
2026-01-23 07:43:51.638991,0x433b0b38,27.182787,30.71978,1011.2701,247.82187,139,,,6.0,-3,,5,5
2026-01-23 07:44:21.874426,0x433af380,27.272278,29.184515,1012.30457,115.23303,143,,,6.0,-10,,3,3
2026-01-23 07:44:25.771126,0x433acb14,26.940798,30.220974,1011.6533,415.22513,72,,,7.25,-10,,3,3
2026-01-23 07:44:51.222597,0x433b0b38,27.188269,30.707216,1011.29724,250.73457,139,,,6.0,-3,,5,5
2026-01-23 07:45:17.663236,0x433af380,27.254848,29.199326,1012.34357,115.23303,143,,,6.5,-11,,3,3
2026-01-23 07:45:26.242887,0x433acb14,26.958824,30.11901,1011.68536,420.6648,70,,,7.0,-11,,3,3
2026-01-23 07:45:51.131412,0x433b0b38,27.211071,30.690056,1011.3117,247.46254,140,,,5.75,-3,,5,5
2026-01-23 07:46:15.301395,0x433af380,27.290625,29.187498,1012.33276,115.86836,141,,,6.75,-10,,3,3
2026-01-23 07:46:19.330008,0x433ad35c,26.604431,31.198715,1011.70654,208.62296,106,,,7.75,-28,,3,3
2026-01-23 07:46:27.421913,0x433acb14,26.934732,30.119905,1011.68396,416.50748,71,,,6.25,-11,,3,3
2026-01-23 07:46:32.331269,0x433aad0c,27.830765,27.967123,1011.6427,265.2582,100,,,5.5,-36,,3,3
2026-01-23 07:46:51.017008,0x433b0b38,27.188005,30.726301,1011.31067,247.64207,139,,,6.0,-3,,5,5
2026-01-23 07:47:20.474533,0x433af380,27.248777,29.25709,1012.35254,115.47047,142,,,7.0,-10,,3,3
2026-01-23 07:47:26.524684,0x433acb14,26.917841,30.124702,1011.68256,416.76486,71,,,6.5,-11,,3,3
2026-01-23 07:47:51.648002,0x433b0b38,27.172539,30.760462,1011.3178,247.28326,139,,,6.0,-3,,5,5
2026-01-23 07:48:15.758689,0x433af380,27.27148,29.21951,1012.35675,112.23299,149,,,6.25,-11,,3,3
2026-01-23 07:48:27.512375,0x433acb14,26.857924,30.413685,1011.69214,416.25037,72,,,7.25,-11,,3,3
2026-01-23 07:48:51.125281,0x433b0b38,27.164864,30.798382,1011.32294,246.74698,140,,,6.0,-3,,5,5
2026-01-23 07:49:17.748063,0x433af380,27.29267,29.19259,1012.3394,115.23303,142,,,7.0,-10,,3,3
2026-01-23 07:49:20.616649,0x433ad35c,26.612507,31.184414,1011.7065,207.70538,107,,,7.5,-29,,3,3
2026-01-23 07:49:27.133414,0x433acb14,26.916664,30.131977,1011.6861,417.53906,71,,,7.25,-10,,3,3
2026-01-23 07:49:32.506470,0x433aad0c,27.797508,28.008,1011.6684,264.4064,100,,,6.25,-37,,3,3
2026-01-23 07:49:51.068610,0x433b0b38,27.172613,30.759869,1011.33624,245.50467,140,,,6.0,-3,,5,5
2026-01-23 07:50:19.544719,0x433af380,27.269054,29.235575,1012.35425,115.86836,141,,,7.0,-11,,3,3
2026-01-23 07:50:27.500860,0x433acb14,26.927282,30.256758,1011.6984,417.7978,72,,,7.0,-11,,3,3
2026-01-23 07:50:51.295912,0x433b0b38,27.180252,30.736795,1011.32605,245.68138,140,,,5.75,-3,,5,5
2026-01-23 07:51:19.643853,0x433af380,27.26237,29.22455,1012.33856,115.39121,141,,,7.0,-11,,3,3
2026-01-23 07:51:27.718565,0x433acb14,26.948477,30.248892,1011.7005,418.0568,71,,,7.0,-11,,3,3
2026-01-23 07:51:51.133607,0x433b0b38,27.180477,30.764833,1011.3428,246.92549,140,,,6.0,-3,,5,5
2026-01-23 07:52:17.726277,0x433af380,27.269398,29.246544,1012.37695,115.47047,141,,,5.75,-12,,3,3
2026-01-23 07:52:20.658563,0x433ad35c,26.637531,31.200167,1011.739,207.0549,107,,,6.25,-24,,3,3
2026-01-23 07:52:28.470693,0x433acb14,26.845394,30.397118,1011.70636,416.76486,71,,,6.75,-10,,3,3
2026-01-23 07:52:35.715739,0x433aad0c,27.756702,28.0813,1011.69086,264.61884,99,,,7.25,-25,,3,2
2026-01-23 07:52:51.141830,0x433b0b38,27.182825,30.787342,1011.34717,247.46254,140,,,5.75,-3,,5,5
2026-01-22 23:01:05.861732,0x433acb14,28.557915,28.777254,1012.2019,296.91492,132,,,6.25,-11,,3,3
2026-01-22 23:01:12.102206,0x433ad35c,28.598162,29.440733,1012.19836,147.99736,166,,,7.5,-26,,3,3
2026-01-22 23:01:14.173871,0x433af380,30.177094,26.48826,1012.9138,74.573746,469,,,7.0,-15,,3,3
2026-01-22 23:01:16.747714,0x433b0b38,28.874323,29.420387,1011.8087,169.0885,190,,,5.5,-4,,5,5
2026-01-22 23:01:28.758924,0x433aad0c,29.275227,27.322079,1012.17847,173.21614,199,,,6.75,-35,,3,3
2026-01-22 23:02:05.874845,0x433acb14,28.542068,28.907928,1012.1843,297.18085,132,,,6.0,-12,,3,3
2026-01-22 23:02:12.253770,0x433b0b38,28.868761,29.5118,1011.7933,168.0893,191,,,6.25,-3,,5,5
2026-01-22 23:03:06.073772,0x433acb14,28.573572,28.806978,1012.15936,296.64948,133,,,6.75,-12,,3,3
2026-01-22 23:03:13.637629,0x433b0b38,28.8764,29.401852,1011.78796,169.25621,190,,,6.0,-3,,5,5
2026-01-22 23:04:05.921283,0x433acb14,28.576056,28.734434,1012.1705,299.0558,131,,,7.75,-11,,3,3
2026-01-22 23:04:11.968910,0x433ad35c,28.546968,29.490429,1012.16437,147.73726,165,,,6.25,-29,,3,3
2026-01-22 23:04:13.971965,0x433b0b38,28.884378,29.402279,1011.78094,169.25621,190,,,6.0,-4,,5,5
2026-01-22 23:04:26.880963,0x433aad0c,29.350266,27.046406,1012.16675,173.93561,198,,,6.0,-41,,3,3
2026-01-22 23:05:05.955475,0x433acb14,28.59886,28.744873,1012.15125,299.0558,131,,,7.25,-11,,3,3
2026-01-22 23:05:12.161224,0x433b0b38,28.930918,29.417377,1011.74054,168.92114,190,,,6.0,-3,,5,5
2026-01-22 23:06:05.986703,0x433acb14,28.627012,28.920736,1012.13727,298.2494,131,,,6.25,-10,,3,3
2026-01-22 23:06:12.551835,0x433b0b38,28.864454,29.500898,1011.7406,168.75412,190,,,6.0,-3,,5,5
2026-01-22 23:07:06.097748,0x433acb14,28.583506,28.834164,1012.08905,299.0558,131,,,6.75,-11,,3,3
2026-01-22 23:07:10.911182,0x433ad35c,28.545298,29.528996,1012.1031,147.99736,165,,,6.5,-28,,3,3
2026-01-22 23:07:14.554468,0x433b0b38,28.85122,29.50339,1011.7052,170.09967,189,,,6.25,-3,,5,5
2026-01-22 23:07:28.989676,0x433aad0c,29.333054,27.057463,1012.08234,174.2976,198,,,5.75,-37,,3,3
2026-01-22 23:08:06.314508,0x433acb14,28.627012,28.674164,1012.08563,298.7865,131,,,7.5,-11,,3,3
2026-01-22 23:08:11.275420,0x433b0b38,28.866264,29.452106,1011.69977,169.76126,189,,,6.0,-4,,5,5
2026-01-22 23:09:06.044931,0x433acb14,28.624338,28.638891,1012.10016,299.32556,131,,,7.5,-11,,3,3
2026-01-22 23:09:11.554814,0x433b0b38,28.871449,29.404375,1011.6867,169.59258,189,,,6.25,-3,,5,5
2026-01-22 23:10:06.083294,0x433acb14,28.598291,28.687073,1012.07214,299.86664,131,,,7.5,-10,,3,3
2026-01-22 23:10:11.447873,0x433b0b38,28.851408,29.412916,1011.68005,171.29475,189,,,6.0,-3,,5,5
2026-01-22 23:10:14.852883,0x433ad35c,28.484697,29.661978,1012.08136,146.57803,166,,,6.5,-28,,3,3
2026-01-22 23:10:27.019932,0x433aad0c,29.353287,26.970333,1012.08374,174.47917,198,,,6.0,-36,,3,3
2026-01-22 23:11:06.097166,0x433acb14,28.593742,28.737848,1012.06366,297.71414,133,,,7.75,-11,,3,3
2026-01-22 23:11:11.260690,0x433b0b38,28.853754,29.41147,1011.71124,169.25621,190,,,5.75,-3,,5,5
2026-01-22 23:12:06.063821,0x433acb14,28.524647,28.876553,1012.06476,298.5177,131,,,6.75,-12,,3,3
2026-01-22 23:12:11.275334,0x433b0b38,28.854132,29.393297,1011.6794,169.42422,190,,,6.25,-3,,5,5
2026-01-22 23:13:06.269817,0x433acb14,28.593742,28.635359,1012.0481,300.13788,131,,,8.0,-10,,3,3
2026-01-22 23:13:10.957559,0x433ad35c,28.487844,29.55458,1012.04224,147.73726,165,,,5.5,-31,,3,3
2026-01-22 23:13:15.723012,0x433b0b38,28.869785,29.348976,1011.6722,169.59258,190,,,7.25,-3,,5,5
2026-01-22 23:13:26.895777,0x433aad0c,29.335585,27.07269,1012.02997,173.75517,198,,,5.5,-37,,3,3
2026-01-22 23:14:06.730745,0x433acb14,28.60142,28.688183,1012.04395,298.5177,132,,,5.75,-11,,3,3
2026-01-22 23:14:11.316505,0x433b0b38,28.892813,29.34025,1011.6648,168.58742,191,,,6.0,-3,,5,5
2026-01-22 23:15:06.137418,0x433acb14,28.59886,28.609764,1012.02405,299.86664,131,,,6.5,-10,,3,3
2026-01-22 23:15:11.388072,0x433b0b38,28.87992,29.312748,1011.614,170.43942,190,,,6.0,-3,,5,5
2026-01-22 23:16:06.290998,0x433acb14,28.606537,28.57781,1012.0062,299.86664,131,,,7.25,-10,,3,3
2026-01-22 23:16:11.098572,0x433ad35c,28.509377,29.490051,1011.99274,147.21979,166,,,5.75,-29,,3,3
2026-01-22 23:16:12.981784,0x433b0b38,28.876934,29.299364,1011.5996,169.76126,190,,,6.25,-3,,5,5
2026-01-22 23:16:26.934087,0x433aad0c,29.327997,27.062216,1011.9961,174.8434,198,,,5.5,-36,,3,3
2026-01-22 23:17:06.252747,0x433acb14,28.596302,28.618393,1011.982,299.86664,131,,,6.75,-11,,3,3
2026-01-22 23:17:11.802646,0x433b0b38,28.846529,29.463911,1011.5972,169.0885,190,,,6.0,-3,,5,5
2026-01-22 23:18:06.240717,0x433acb14,28.606537,28.602282,1011.989,300.68185,131,,,7.75,-11,,3,3
2026-01-22 23:18:11.399356,0x433b0b38,28.843313,29.475979,1011.58765,169.0885,190,,,6.0,-3,,5,5
2026-01-22 23:19:06.395029,0x433acb14,28.542221,28.840631,1011.98694,296.38443,131,,,7.25,-10,,3,3
2026-01-22 23:19:11.150518,0x433ad35c,28.512074,29.459965,1011.97797,147.47807,165,,,7.0,-26,,3,3
2026-01-22 23:19:13.603719,0x433b0b38,28.841312,29.360157,1011.5883,171.123,190,,,6.25,-3,,5,5
2026-01-22 23:19:27.214475,0x433aad0c,29.315351,26.997433,1011.9736,173.93561,198,,,5.5,-39,,3,3
2026-01-22 23:20:06.522370,0x433acb14,28.627352,28.615242,1011.99457,300.13788,131,,,6.75,-10,,3,3
2026-01-22 23:20:11.474698,0x433b0b38,28.826107,29.476938,1011.59906,167.42969,191,,,6.5,-4,,5,5
2026-01-22 23:20:34.869763,0x433af380,26.097937,38.44454,1012.61316,38.777252,227,118,0.37185782,6.25,-10,,3,3
2026-01-22 23:21:06.548701,0x433acb14,28.623692,28.611496,1011.9731,300.95456,130,,,6.0,-11,,3,3
2026-01-22 23:21:11.480517,0x433b0b38,28.848911,29.399311,1011.59827,168.58742,191,,,6.5,-4,,5,5
2026-01-22 23:21:30.872648,0x433af380,26.499094,32.279007,1012.6381,66.43997,238,,,6.0,-13,,3,3
2026-01-22 23:22:06.595202,0x433acb14,28.676847,28.466803,1011.9937,300.4096,131,,,6.0,-11,,3,3
2026-01-22 23:22:11.027196,0x433ad35c,28.542908,29.41645,1011.99316,147.99736,166,,,6.0,-26,,3,3
2026-01-22 23:22:13.429925,0x433b0b38,28.859575,29.455597,1011.57886,169.42422,190,,,6.0,-4,,5,5
2026-01-22 23:22:27.042533,0x433aad0c,29.272358,27.182821,1011.9835,173.93561,199,,,5.25,-38,,3,3
2026-01-22 23:22:43.228996,0x433af380,26.901157,31.355747,1012.67474,72.45268,281,,,7.25,-10,,3,3
2026-01-22 23:23:06.922749,0x433acb14,28.618727,28.534742,1011.9954,300.4096,131,,,6.75,-10,,3,3
2026-01-22 23:23:11.845805,0x433b0b38,28.86381,29.372168,1011.6027,168.25502,191,,,6.25,-3,,5,5
2026-01-22 23:23:43.156955,0x433af380,27.228958,30.77386,1012.6984,75.98938,500,,,6.0,-12,,3,3
2026-01-22 23:24:06.516330,0x433acb14,28.616396,28.574541,1011.99286,300.68185,131,,,6.75,-11,,3,3
2026-01-22 23:24:11.671542,0x433b0b38,28.884758,29.340517,1011.6077,169.76126,190,,,6.0,-3,,5,5
2026-01-22 23:24:43.080898,0x433af380,27.481228,30.332232,1012.67114,77.17537,500,,,6.0,-12,,3,3
2026-01-22 23:25:06.371285,0x433acb14,28.609137,28.561863,1012.00726,300.95456,131,,,5.75,-11,,3,3
2026-01-22 23:25:11.048796,0x433ad35c,28.572275,29.289186,1012.0014,147.47807,166,,,5.75,-24,,3,3
2026-01-22 23:25:14.133476,0x433b0b38,28.863962,29.307365,1011.5808,169.59258,190,,,5.75,-4,,5,5
2026-01-22 23:25:27.259186,0x433aad0c,29.310295,26.931265,1011.9853,174.66109,198,,,6.0,-39,,3,3
2026-01-22 23:25:43.557348,0x433af380,27.755983,29.860678,1012.69446,78.39897,500,,,7.5,-10,,3,3
2026-01-22 23:26:06.407013,0x433acb14,28.608568,28.572422,1011.98663,300.13788,131,,,6.25,-10,,3,3
2026-01-22 23:26:11.800543,0x433b0b38,28.851408,29.290628,1011.6044,169.76126,190,,,6.0,-3,,5,5
2026-01-22 23:26:43.720955,0x433af380,27.935814,29.55777,1012.6778,79.062584,500,,,7.25,-11,,3,3
2026-01-22 23:27:06.450492,0x433acb14,28.60593,28.544477,1012.0011,300.68185,131,,,7.0,-10,,3,3
2026-01-22 23:27:11.828853,0x433b0b38,28.887758,29.245678,1011.591,169.42422,190,,,6.75,-4,,5,5
2026-01-22 23:27:43.909415,0x433af380,28.076342,29.304134,1012.6699,79.586555,500,,,8.0,-11,,3,3
2026-01-22 23:28:06.454358,0x433acb14,28.672022,28.561094,1011.9781,300.13788,131,,,6.5,-10,,3,3
2026-01-22 23:28:11.088974,0x433ad35c,28.476757,29.39317,1011.9838,147.47807,166,,,6.25,-26,,3,3
2026-01-22 23:28:13.310489,0x433b0b38,28.779184,29.484749,1011.6223,168.75412,190,,,6.0,-3,,5,5
2026-01-22 23:28:27.166894,0x433aad0c,29.335585,26.88269,1011.9887,175.39267,198,,,6.75,-38,,3,3
2026-01-22 23:28:45.202488,0x433af380,28.20309,29.100721,1012.6673,78.54547,500,,,7.5,-11,,3,3
2026-01-22 23:29:06.589022,0x433acb14,28.608377,28.489107,1012.0021,300.13788,131,,,6.25,-11,,3,3
2026-01-22 23:29:11.729390,0x433b0b38,28.841274,29.278814,1011.6102,170.6098,190,,,5.75,-3,,5,5
2026-01-22 23:29:45.363064,0x433af380,28.27379,28.981014,1012.6644,80.347244,500,,,7.5,-11,,3,3
2026-01-22 23:30:06.519743,0x433acb14,28.605623,28.471296,1012.01654,300.68185,131,,,6.25,-10,,3,3
2026-01-22 23:30:11.735642,0x433b0b38,28.84619,29.253748,1011.6175,169.9303,190,,,5.75,-3,,5,5
2026-01-22 23:30:45.903273,0x433af380,28.389408,28.796154,1012.6899,79.062584,500,,,7.5,-11,,3,3
2026-01-22 23:31:06.491137,0x433acb14,28.61888,28.535044,1012.0143,300.4096,131,,,6.0,-10,,3,3
2026-01-22 23:31:11.178561,0x433ad35c,28.381794,29.64937,1012.0213,146.06863,167,,,5.25,-25,,3,3
2026-01-22 23:31:13.269864,0x433b0b38,28.835602,29.278666,1011.60657,171.29475,189,,,5.75,-4,,5,5
2026-01-22 23:31:27.251810,0x433aad0c,29.31788,26.864742,1011.9867,175.02612,199,,,7.0,-38,,3,3
2026-01-22 23:31:51.530156,0x433af380,28.490034,28.602314,1012.6808,80.966354,500,,,7.5,-10,,3,3
2026-01-22 23:32:06.516766,0x433acb14,28.629835,28.504875,1012.01965,301.22778,131,,,6.75,-10,,3,3
2026-01-22 23:32:11.820865,0x433b0b38,28.85689,29.237076,1011.60815,171.29475,190,,,6.0,-3,,5,5
2026-01-22 23:32:50.747264,0x433af380,28.575012,28.439638,1012.667,79.511284,500,,,7.75,-11,,3,3
2026-01-22 23:33:06.547970,0x433acb14,28.59649,28.55255,1011.9923,300.4096,131,,,6.25,-10,,3,3
2026-01-22 23:33:11.973127,0x433b0b38,28.853449,29.213816,1011.6105,171.6393,189,,,5.75,-3,,5,5
2026-01-22 23:33:50.372343,0x433af380,28.694279,28.216537,1012.66223,79.81325,500,,,6.0,-10,,3,3
2026-01-22 23:34:07.050004,0x433acb14,28.600622,28.52434,1011.98553,297.71414,132,,,6.5,-10,,3,3
2026-01-22 23:34:11.271729,0x433ad35c,28.409967,29.490921,1011.9802,145.56277,168,,,6.5,-25,,3,3
2026-01-22 23:34:13.362370,0x433b0b38,28.864115,29.169506,1011.60614,171.123,189,,,6.25,-3,,5,5
2026-01-22 23:34:27.210936,0x433aad0c,29.249598,27.043236,1011.9466,174.8434,198,,,5.75,-37,,3,3
2026-01-22 23:34:52.001251,0x433af380,28.773485,28.11121,1012.6315,80.888435,500,,,6.5,-10,,3,3
2026-01-22 23:35:06.999081,0x433acb14,28.614555,28.409607,1011.96606,301.22778,131,,,5.75,-10,,3,3
2026-01-22 23:35:11.830960,0x433b0b38,28.861542,29.161465,1011.5766,171.46684,189,,,6.0,-3,,5,5
2026-01-22 23:35:53.419518,0x433af380,28.880411,27.950876,1012.6652,80.42411,500,,,5.75,-13,,3,3
2026-01-22 23:36:06.638401,0x433acb14,28.613571,28.528578,1011.9694,299.32556,131,,,7.75,-10,,3,3
2026-01-22 23:36:12.197139,0x433b0b38,28.85152,29.196335,1011.55896,171.6393,189,,,6.0,-3,,5,5
2026-01-22 23:36:51.475622,0x433af380,29.048395,27.72333,1012.6584,80.966354,500,,,7.25,-11,,3,3
2026-01-22 23:37:06.735194,0x433acb14,28.603218,28.477135,1011.95215,301.77573,131,,,7.25,-11,,3,3
2026-01-22 23:37:11.253461,0x433ad35c,28.336569,29.662931,1011.95087,146.45035,166,,,6.25,-28,,3,3
2026-01-22 23:37:13.258375,0x433b0b38,28.818209,29.396927,1011.5707,170.43942,189,,,6.25,-3,,5,5
2026-01-22 23:37:28.151376,0x433aad0c,29.292591,26.845242,1011.91797,175.76076,198,,,5.5,-37,,3,3
2026-01-22 23:37:53.294410,0x433af380,29.10881,27.723911,1012.65106,80.50113,491,,,7.5,-11,,3,3
2026-01-22 23:38:06.897033,0x433acb14,28.626482,28.592726,1011.9311,301.5015,131,,,7.25,-11,,3,3
2026-01-22 23:38:12.076543,0x433b0b38,28.942638,29.075506,1011.53546,171.46684,189,,,5.75,-4,,5,5
2026-01-22 23:38:52.776065,0x433af380,29.175335,27.619488,1012.6379,81.0444,471,,,7.75,-11,,3,3
2026-01-22 23:39:07.393558,0x433acb14,28.57327,28.71676,1011.93787,299.59586,131,,,7.25,-11,,3,3
2026-01-22 23:39:12.037891,0x433b0b38,28.86116,29.239607,1011.5363,170.78052,190,,,5.75,-3,,5,5
2026-01-22 23:39:54.426322,0x433af380,29.189838,27.594015,1012.6312,81.43697,453,,,6.75,-11,,3,3
2026-01-22 23:40:08.411229,0x433acb14,28.573572,28.718212,1011.93445,300.13788,131,,,6.75,-10,,3,3
2026-01-22 23:40:12.275304,0x433ad35c,28.555218,29.288092,1011.91766,146.19565,167,,,6.0,-28,,3,3
2026-01-22 23:40:14.458987,0x433b0b38,28.851484,29.283875,1011.5254,170.78052,190,,,6.25,-3,,5,5
2026-01-22 23:40:27.409696,0x433aad0c,29.25194,27.051767,1011.89606,173.93561,199,,,5.5,-37,,3,3
2026-01-22 23:40:53.415341,0x433af380,29.175598,27.629448,1012.5995,82.073044,436,,,7.75,-11,,3,3
2026-01-22 23:41:07.301894,0x433acb14,28.640373,28.49676,1011.90295,299.86664,131,,,7.25,-11,,3,3
2026-01-22 23:41:11.901906,0x433b0b38,28.867098,29.257635,1011.4996,170.6098,189,,,6.25,-3,,5,5
2026-01-22 23:41:53.734276,0x433af380,29.220938,27.612825,1012.5918,82.15326,422,,,7.75,-11,,3,3
2026-01-22 23:42:07.796110,0x433acb14,28.638811,28.54831,1011.8762,300.68185,131,,,6.75,-11,,3,3
2026-01-22 23:42:12.248094,0x433b0b38,28.863695,29.2419,1011.4884,171.29475,189,,,5.75,-3,,5,5
2026-01-22 23:42:54.056815,0x433af380,29.236578,27.537209,1012.5886,82.31415,408,,,7.5,-11,,3,3
2026-01-22 23:43:08.779028,0x433acb14,28.667768,28.586212,1011.8357,299.0558,131,,,7.0,-11,,3,3
2026-01-22 23:43:12.118337,0x433ad35c,28.531855,29.322163,1011.87396,145.94185,167,,,6.25,-29,,3,3
2026-01-22 23:43:14.249442,0x433b0b38,28.853905,29.258596,1011.4456,170.78052,189,,,5.75,-4,,5,5
2026-01-22 23:43:28.205072,0x433aad0c,29.29512,26.8937,1011.83655,173.93561,199,,,5.75,-36,,3,3
2026-01-22 23:43:56.064006,0x433af380,29.25587,27.524895,1012.5291,81.59506,401,,,6.75,-11,,3,3
2026-01-22 23:44:07.613794,0x433acb14,28.688013,28.387754,1011.8274,300.68185,130,,,7.5,-11,,3,3
2026-01-22 23:44:12.254113,0x433b0b38,28.948908,29.086649,1011.45856,171.123,189,,,5.75,-3,,5,5
2026-01-22 23:44:56.512234,0x433af380,29.314669,27.467966,1012.52216,82.637825,386,,,7.5,-11,,3,3
2026-01-22 23:45:08.246516,0x433acb14,28.685835,28.345182,1011.8112,302.60138,131,,,7.5,-10,,3,3
2026-01-22 23:45:12.312761,0x433b0b38,28.872131,29.215527,1011.4328,171.46684,190,,,6.0,-3,,5,5
2026-01-22 23:45:56.547200,0x433af380,29.273603,27.46768,1012.5091,82.39484,375,,,7.25,-11,,3,3
2026-01-22 23:46:08.968039,0x433acb14,28.66284,28.428009,1011.7875,298.5177,132,,,7.75,-10,,3,3
2026-01-22 23:46:11.884927,0x433ad35c,28.608961,29.091335,1011.8229,152.70209,165,,,6.25,-28,,3,3
2026-01-22 23:46:14.064075,0x433b0b38,28.869596,29.174576,1011.40643,170.78052,189,,,6.25,-4,,5,5
2026-01-22 23:46:27.192438,0x433aad0c,29.299265,26.85443,1011.7682,173.93561,199,,,5.25,-37,,3,3
2026-01-22 23:46:56.646179,0x433af380,29.301702,27.512459,1012.50226,82.80061,364,,,7.5,-11,,3,3
2026-01-22 23:47:09.000743,0x433acb14,28.673075,28.346857,1011.77576,302.05048,131,,,8.0,-11,,3,3
2026-01-22 23:47:12.182341,0x433b0b38,28.87735,29.172781,1011.40125,170.9516,190,,,5.75,-4,,5,5
2026-01-22 23:47:56.996772,0x433af380,29.31522,27.49393,1012.4773,82.96406,354,,,7.5,-11,,3,3
2026-01-22 23:48:08.728442,0x433acb14,28.759478,28.22318,1011.7567,300.95456,131,,,6.25,-11,,3,3
2026-01-22 23:48:12.310068,0x433b0b38,28.994755,28.963518,1011.64404,170.26938,190,,,5.75,-3,,5,5
2026-01-22 23:48:57.496381,0x433af380,29.387627,27.345669,1012.476,83.45827,344,,,7.75,-11,,3,3
2026-01-22 23:49:09.082289,0x433acb14,28.739613,28.198448,1011.74084,302.32562,131,,,7.25,-11,,3,3
2026-01-22 23:49:13.903565,0x433b0b38,28.887709,29.13239,1011.39856,171.98521,189,,,6.0,-3,,5,5
2026-01-22 23:49:15.836111,0x433ad35c,28.630695,29.011177,1011.7819,149.04698,165,,,6.75,-28,,3,3
2026-01-22 23:49:27.420049,0x433aad0c,29.317919,26.791338,1011.791,173.75517,199,,,6.0,-37,,3,3
2026-01-22 23:49:59.188204,0x433af380,29.326988,27.472778,1012.4824,80.5783,345,,,7.75,-10,,3,3
2026-01-22 23:50:10.215065,0x433acb14,28.684612,28.367352,1011.7372,302.8776,130,,,7.25,-10,,3,3
2026-01-22 23:50:14.127833,0x433b0b38,28.876858,29.155584,1011.3827,171.98521,189,,,6.0,-3,,5,5
2026-01-22 23:50:59.347801,0x433af380,29.907799,26.650768,1013.4306,79.586555,335,,,6.0,-11,,3,3
2026-01-22 23:51:08.989581,0x433acb14,28.683084,28.314459,1011.72943,302.8776,130,,,6.25,-11,,3,3
2026-01-22 23:51:12.326184,0x433b0b38,28.890356,29.123138,1011.37946,171.123,189,,,5.75,-3,,5,5
2026-01-22 23:51:42.773967,0x9e9faaa4,,,,,,349,0.013315631,7.25,-31,,3,3
2026-01-22 23:52:10.562359,0x433acb14,28.693811,28.393496,1011.7383,302.05048,130,,,6.0,-11,,3,3
2026-01-22 23:52:12.737751,0x433ad35c,28.630808,28.992018,1011.7766,147.47807,167,,,5.75,-28,,3,3
2026-01-22 23:52:17.035373,0x433b0b38,28.87247,29.224651,1011.379,169.76126,190,,,6.0,-3,,5,5
2026-01-22 23:52:27.749915,0x433aad0c,29.342943,26.74569,1011.7584,175.39267,198,,,6.0,-36,,3,3
2026-01-22 23:52:58.040625,0x433af380,29.27182,27.455238,1012.49457,83.62431,314,,,7.25,-10,,3,3
2026-01-22 23:53:09.170575,0x433acb14,28.808897,28.135406,1011.7756,303.7093,130,,,6.5,-11,,3,3
2026-01-22 23:53:12.438431,0x433b0b38,28.864643,29.223793,1011.3892,168.92114,190,,,6.25,-3,,5,5
2026-01-22 23:53:58.580612,0x433af380,29.271894,27.50248,1012.505,83.874626,307,,,8.0,-10,,3,3
2026-01-22 23:54:09.365143,0x433acb14,28.680338,28.260908,1011.7663,303.43155,130,,,6.25,-10,,3,3
2026-01-22 23:54:12.352523,0x433b0b38,28.881618,29.081863,1011.4066,171.6393,190,,,6.0,-3,,5,5
2026-01-22 23:54:58.183843,0x433af380,29.282295,27.471155,1012.5336,84.04233,300,,,7.75,-11,,3,3
2026-01-22 23:55:09.999059,0x433acb14,28.68316,28.240322,1011.78613,304.26633,130,,,6.75,-10,,3,3
2026-01-22 23:55:12.803004,0x433ad35c,28.667377,28.884188,1011.8428,148.52031,166,,,7.0,-28,,3,3
2026-01-22 23:55:15.243531,0x433b0b38,28.869635,29.156462,1011.42505,171.6393,190,,,6.5,-3,,5,5
2026-01-22 23:55:27.486996,0x433aad0c,29.295158,26.874615,1011.8107,174.47917,199,,,6.0,-36,,3,3
2026-01-22 23:55:57.701045,0x433af380,29.29264,27.441996,1012.5216,84.379776,293,,,7.5,-10,,3,3
2026-01-22 23:56:08.112647,0x433acb14,28.670137,28.311008,1011.7765,303.7093,130,,,7.75,-11,,3,3
2026-01-22 23:56:13.874675,0x433b0b38,28.87247,29.09397,1011.4345,171.46684,189,,,5.75,-3,,5,5
2026-01-22 23:56:56.545981,0x433af380,29.292435,27.464127,1012.53107,83.12815,291,,,7.0,-11,,3,3
2026-01-22 23:57:09.127618,0x433acb14,28.659634,28.251738,1011.81067,303.43155,130,,,5.75,-12,,3,3
2026-01-22 23:57:12.516720,0x433b0b38,28.861237,29.078331,1011.4421,172.1587,189,,,6.5,-4,,5,5
2026-01-22 23:57:57.898716,0x433af380,29.297333,27.408869,1012.5375,84.379776,281,,,6.5,-11,,3,3
2026-01-22 23:58:08.221001,0x433acb14,28.721548,28.139282,1011.815,303.7093,130,,,7.75,-11,,3,3
2026-01-22 23:58:12.491807,0x433b0b38,28.870308,29.072975,1011.45355,170.9516,190,,,6.25,-3,,5,5
2026-01-22 23:58:14.717077,0x433ad35c,28.659567,28.867737,1011.8368,147.21979,167,,,5.75,-28,,3,3
2026-01-22 23:58:27.361863,0x433aad0c,29.300179,26.75269,1011.80597,175.02612,199,,,6.75,-36,,3,3
2026-01-22 23:58:59.177525,0x433af380,29.248884,27.424856,1012.52203,84.54951,277,,,7.5,-10,,3,3
2026-01-22 23:59:08.193007,0x433acb14,28.652262,28.251556,1011.8319,303.43155,130,,,7.0,-11,,3,3
2026-01-22 23:59:14.077850,0x433b0b38,28.864492,29.082731,1011.4363,172.33255,189,,,6.0,-3,,5,5
2026-01-22 23:59:59.794961,0x433af380,29.197813,27.497107,1012.5321,85.235344,269,,,8.0,-11,,3,3
2026-01-23 00:00:08.283625,0x433acb14,28.645227,28.24536,1011.80005,303.43155,131,,,7.75,-10,,3,3
2026-01-23 00:00:13.941598,0x433b0b38,28.853487,29.10381,1011.4406,171.81207,189,,,5.75,-3,,5,5
2026-01-23 00:00:58.023157,0x433af380,29.177536,27.515142,1012.5322,84.63464,266,,,6.75,-10,,3,3
2026-01-22 19:00:47.717798,0x433b0b38,28.239662,31.09392,1010.99664,172.50673,186,,,6.0,-3,,5,5
2026-01-22 19:00:57.516607,0x433acb14,27.956451,30.483135,1011.3923,308.50995,124,,,7.0,-11,,3,3
2026-01-22 19:01:07.742469,0x433ad35c,28.079464,30.73224,1011.3877,155.81557,157,,,6.0,-27,,3,3
2026-01-22 19:01:24.125577,0x433aad0c,28.826382,28.188309,1011.3569,192.86989,199,,,6.0,-36,,3,3
2026-01-22 19:01:46.750880,0x433b0b38,28.302082,30.892776,1011.01495,174.09045,186,,,5.75,-4,,5,5
2026-01-22 19:01:56.316096,0x433acb14,28.032385,30.265585,1011.38684,311.11334,124,,,6.75,-10,,3,3
2026-01-22 19:02:47.585549,0x433b0b38,28.306593,30.900928,1011.0508,174.2682,186,,,6.25,-3,,5,5
2026-01-22 19:02:55.376569,0x433acb14,28.627012,29.338202,1012.57,305.66782,125,,,6.25,-11,,3,3
2026-01-22 19:03:48.003341,0x433b0b38,28.273163,30.91792,1011.02527,174.80368,186,,,6.0,-3,,5,5
2026-01-22 19:03:55.501455,0x433acb14,28.59348,29.357456,1012.5737,307.65176,124,,,7.5,-11,,3,3
2026-01-22 19:04:07.764566,0x433ad35c,28.093784,30.635061,1011.4255,153.53882,159,,,5.5,-28,,3,3
2026-01-22 19:04:23.981392,0x433aad0c,28.825027,28.179241,1011.4211,192.3068,199,,,6.0,-36,,3,3
2026-01-22 19:04:47.511121,0x433b0b38,28.277966,30.885729,1011.0442,174.2682,186,,,5.75,-3,,5,5
2026-01-22 19:04:55.890383,0x433acb14,28.690762,29.212439,1012.62366,309.37286,124,,,7.25,-11,,3,3
2026-01-22 19:05:48.649767,0x433b0b38,28.280804,30.906157,1011.06036,174.44635,186,,,6.25,-3,,5,5
2026-01-22 19:05:54.829082,0x433acb14,28.657568,29.238516,1012.617,271.1912,129,,,7.75,-10,,3,3
2026-01-22 19:06:48.787930,0x433b0b38,28.288631,30.905836,1011.077,174.62483,186,,,6.5,-4,,5,5
2026-01-22 19:06:54.343765,0x433acb14,28.573082,29.366325,1012.6368,306.5149,125,,,7.75,-10,,3,3
2026-01-22 19:07:07.784039,0x433ad35c,28.11683,30.621565,1011.4382,154.52666,158,,,5.5,-28,,3,3
2026-01-22 19:07:24.100602,0x433aad0c,28.817139,28.181187,1011.4197,190.63708,199,,,5.75,-37,,3,3
2026-01-22 19:07:49.163883,0x433b0b38,28.303982,30.888018,1011.0983,174.44635,185,,,6.0,-3,,5,5
2026-01-22 19:07:54.388366,0x433acb14,28.066492,30.237362,1011.48785,308.50995,124,,,7.5,-11,,3,3
2026-01-22 19:08:48.490954,0x433b0b38,28.293093,30.88668,1011.11597,175.1625,185,,,6.25,-3,,5,5
2026-01-22 19:08:54.413481,0x433acb14,28.135239,30.083662,1011.49164,310.53104,124,,,7.25,-11,,3,3
2026-01-22 19:09:49.872466,0x433b0b38,28.299028,30.878544,1011.16516,174.62483,186,,,6.25,-3,,5,5
2026-01-22 19:09:54.415179,0x433acb14,28.081772,30.177292,1011.55176,310.53104,124,,,7.75,-10,,3,3
2026-01-22 19:10:07.944747,0x433ad35c,28.104225,30.723297,1011.5361,152.70209,159,,,6.25,-28,,3,3
2026-01-22 19:10:24.080407,0x433aad0c,28.827255,28.14782,1011.549,190.30661,199,,,6.5,-37,,3,3
2026-01-22 19:10:49.672108,0x433b0b38,28.293736,30.879417,1011.1966,174.09045,186,,,6.25,-4,,5,5
2026-01-22 19:10:54.454479,0x433acb14,28.087341,30.145403,1011.57074,309.37286,124,,,7.5,-11,,3,3
2026-01-22 19:11:50.528371,0x433b0b38,28.291162,30.880177,1011.2461,173.91304,186,,,6.25,-3,,5,5
2026-01-22 19:11:54.499682,0x433acb14,28.107813,30.126173,1011.64325,311.11334,124,,,7.25,-10,,3,3
2026-01-22 19:12:50.004877,0x433b0b38,28.301409,30.8648,1011.31226,174.80368,186,,,6.0,-3,,5,5
2026-01-22 19:12:54.528241,0x433acb14,28.112783,30.114683,1011.6812,308.79703,124,,,7.5,-11,,3,3
2026-01-22 19:13:07.893505,0x433ad35c,28.143906,30.596722,1011.6895,152.56352,159,,,5.75,-27,,3,3
2026-01-22 19:13:24.185649,0x433aad0c,28.82752,28.137737,1011.6691,188.77943,199,,,5.75,-36,,3,3
2026-01-22 19:13:49.761651,0x433b0b38,28.363926,30.737352,1011.3178,174.2682,186,,,6.0,-3,,5,5
2026-01-22 19:13:54.558371,0x433acb14,28.135134,30.237621,1011.69116,311.991,124,,,8.0,-11,,3,3
2026-01-22 19:14:39.927802,0x433af380,27.884476,30.189854,1012.362,105.078125,90,,,6.25,-20,,3,3
2026-01-22 19:14:50.592513,0x433b0b38,28.301447,30.841827,1011.32574,173.03142,186,,,6.25,-4,,5,5
2026-01-22 19:14:54.884347,0x433acb14,28.17764,29.990746,1011.69586,309.0847,124,,,8.0,-11,,3,3
2026-01-22 19:15:50.585629,0x433b0b38,28.2912,30.865559,1011.3115,174.44635,186,,,6.25,-3,,5,5
2026-01-22 19:15:54.732843,0x433acb14,28.110071,30.100456,1011.71967,308.50995,125,,,6.75,-11,,3,3
2026-01-22 19:16:08.506736,0x433ad35c,28.16961,30.476084,1011.69434,153.11931,159,,,6.0,-28,,3,3
2026-01-22 19:16:25.061867,0x433aad0c,28.82484,28.1387,1011.66473,187.38315,199,,,5.5,-36,,3,3
2026-01-22 19:16:52.853696,0x433b0b38,28.273125,30.892355,1011.30414,171.6393,187,,,5.75,-3,,5,5
2026-01-22 19:16:56.091592,0x433acb14,28.107512,30.09226,1011.7051,307.93726,125,,,7.5,-12,,3,3
2026-01-22 19:17:51.572438,0x433b0b38,28.242496,31.065432,1011.31006,171.81207,186,,,6.0,-3,,5,5
2026-01-22 19:17:54.818282,0x433acb14,28.114391,30.104101,1011.69586,308.50995,125,,,7.5,-11,,3,3
2026-01-22 19:18:51.019553,0x433b0b38,28.293848,30.860886,1011.3143,173.20703,186,,,6.0,-4,,5,5
2026-01-22 19:18:54.614378,0x433acb14,28.11481,30.058014,1011.71466,307.93726,125,,,7.5,-12,,3,3
2026-01-22 19:19:07.868900,0x433ad35c,28.168928,30.491703,1011.7065,152.70209,159,,,5.5,-28,,3,3
2026-01-22 19:19:24.451629,0x433aad0c,28.812082,28.189236,1011.66113,185.79747,200,,,5.5,-36,,3,3
2026-01-22 19:19:51.389524,0x433b0b38,28.298954,30.863386,1011.35834,172.50673,187,,,6.0,-3,,5,5
2026-01-22 19:19:54.942640,0x433acb14,28.122868,30.07521,1011.69855,308.79703,125,,,6.5,-11,,3,3
2026-01-22 19:20:51.541358,0x433b0b38,28.291056,30.922344,1011.3138,172.50673,187,,,6.0,-3,,5,5
2026-01-22 19:20:54.917446,0x433acb14,28.135664,30.096918,1011.7101,308.50995,125,,,6.75,-11,,3,3
2026-01-22 19:21:52.348005,0x433b0b38,28.323488,30.864367,1011.3184,172.68127,187,,,6.25,-4,,5,5
2026-01-22 19:21:58.647011,0x433acb14,28.135664,30.08202,1011.7186,308.79703,124,,,7.75,-11,,3,3
2026-01-22 19:22:07.945486,0x433ad35c,28.159206,30.509039,1011.7117,152.70209,160,,,5.5,-28,,3,3
2026-01-22 19:22:24.213283,0x433aad0c,28.832314,28.13866,1011.68335,185.37915,200,,,5.75,-36,,3,3
2026-01-22 19:22:52.866110,0x433b0b38,28.329695,30.85991,1011.32715,172.1587,187,,,6.0,-3,,5,5
2026-01-22 19:22:55.717568,0x433acb14,28.117067,30.092781,1011.70874,310.24066,125,,,6.75,-11,,3,3
2026-01-22 19:23:52.444815,0x433b0b38,28.309162,30.88506,1011.32227,171.98521,187,,,6.25,-3,,5,5
2026-01-22 19:23:57.098466,0x433acb14,28.094036,30.192339,1011.6989,307.36676,125,,,6.0,-10,,3,3
2026-01-22 19:24:53.408225,0x433b0b38,28.3092,30.888212,1011.31055,170.6098,187,,,7.5,-4,,5,5
2026-01-22 19:24:56.316760,0x433acb14,28.069126,30.197557,1011.68805,307.36676,125,,,6.5,-10,,3,3
2026-01-22 19:25:09.235780,0x433ad35c,28.15184,30.828476,1011.7006,151.87442,160,,,6.25,-24,,3,3
2026-01-22 19:25:24.337455,0x433aad0c,28.912806,28.214603,1011.69214,185.69846,198,,,5.5,-37,,3,3
2026-01-22 19:25:53.822398,0x433b0b38,28.338915,30.900774,1011.3162,171.6393,187,,,6.0,-4,,5,5
2026-01-22 19:25:56.854792,0x433acb14,28.061749,30.553457,1011.69543,307.65176,125,,,7.0,-10,,3,3
2026-01-22 19:26:54.663808,0x433b0b38,28.38377,30.946833,1011.30206,171.6393,187,,,6.75,-3,,5,5
2026-01-22 19:26:58.205609,0x433acb14,28.065653,30.376774,1011.69037,305.66782,126,,,7.5,-11,,3,3
2026-01-22 19:27:53.871412,0x433b0b38,28.40192,30.885384,1011.2774,169.76126,188,,,6.75,-4,,5,5
2026-01-22 19:27:56.411568,0x433acb14,28.071686,30.348673,1011.67,302.8776,126,,,7.5,-11,,3,3
2026-01-22 19:28:07.992192,0x433ad35c,28.211226,30.988676,1011.67053,148.91496,161,,,7.0,-25,,3,3
2026-01-22 19:28:24.299504,0x433aad0c,28.852016,28.420654,1011.66925,183.66228,199,,,5.75,-36,,3,3
2026-01-22 19:28:35.798346,0x9e9faaa4,,,,,,14,0.008877742,7.0,-10,,3,2
2026-01-22 19:28:53.554482,0x433b0b38,28.415482,30.839664,1011.286,169.59258,188,,,5.75,-4,,5,5
2026-01-22 19:28:58.664052,0x433acb14,28.074244,30.289143,1011.6675,304.26633,125,,,6.25,-11,,3,3
2026-01-22 19:29:53.886949,0x433b0b38,28.383808,31.003834,1011.3003,166.77525,189,,,6.0,-3,,5,5
2026-01-22 19:29:57.222734,0x433acb14,28.08448,30.276707,1011.6608,302.8776,127,,,6.0,-11,,3,3
2026-01-22 19:30:54.703093,0x433b0b38,28.458298,30.767164,1011.2769,167.75885,189,,,6.25,-3,,5,5
2026-01-22 19:30:57.568381,0x433acb14,28.08706,30.252043,1011.6437,303.98752,127,,,6.5,-11,,3,3
2026-01-22 19:31:09.336915,0x433ad35c,28.238642,30.74944,1011.65894,150.38014,160,,,6.25,-25,,3,3
2026-01-22 19:31:24.452039,0x433aad0c,28.884624,28.394085,1011.6469,182.66086,199,,,6.25,-36,,3,3
2026-01-22 19:31:55.549049,0x433b0b38,28.45062,30.830044,1011.2738,167.9239,189,,,6.5,-3,,5,5
2026-01-22 19:31:59.709154,0x433acb14,28.064009,30.438412,1011.6553,300.68185,127,,,6.0,-11,,3,3
2026-01-22 19:32:55.352251,0x433b0b38,28.467749,30.833107,1011.2944,167.42969,189,,,6.5,-3,,5,5
2026-01-22 19:32:58.426201,0x433acb14,28.058361,30.4016,1011.65857,301.5015,127,,,6.0,-11,,3,3
2026-01-22 19:33:54.776115,0x433b0b38,28.455687,30.884262,1011.3127,165.1613,190,,,6.25,-2,,5,5
2026-01-22 19:33:58.032390,0x433acb14,28.048841,30.439785,1011.6806,299.59586,128,,,6.0,-11,,3,3
2026-01-22 19:34:07.986300,0x433ad35c,28.227325,31.016869,1011.6789,149.31174,161,,,6.0,-26,,3,3
2026-01-22 19:34:24.524242,0x433aad0c,28.895538,28.47291,1011.6734,181.67029,199,,,6.5,-38,,3,3
2026-01-22 19:34:55.640454,0x433b0b38,28.38112,31.118053,1011.31946,165.1613,189,,,6.25,-4,,5,5
2026-01-22 19:34:58.353271,0x433acb14,28.058891,30.427546,1011.6998,298.5177,128,,,6.5,-10,,3,3
2026-01-22 19:35:56.030331,0x433b0b38,28.44952,30.927605,1011.341,166.44994,189,,,5.75,-3,,5,5
2026-01-22 19:35:58.783729,0x433acb14,28.048653,30.481266,1011.7149,300.13788,128,,,6.0,-10,,3,3
2026-01-22 19:36:57.116812,0x433b0b38,28.46087,30.937613,1011.33344,165.96434,189,,,8.25,-2,,5,5
2026-01-22 19:37:00.439034,0x433acb14,28.046095,30.525122,1011.7191,299.86664,128,,,6.25,-10,,3,3
2026-01-22 19:37:08.047483,0x433ad35c,28.266893,31.031904,1011.73047,147.99736,161,,,5.75,-27,,3,3
2026-01-22 19:37:24.164841,0x433aad0c,28.89803,28.56298,1011.6967,180.49568,199,,,5.75,-38,,3,3
2026-01-22 19:37:55.812049,0x433b0b38,28.498415,30.902458,1011.35895,165.64218,190,,,5.75,-4,,5,5
2026-01-22 19:38:03.207527,0x433acb14,28.058891,30.557896,1011.75305,298.5177,128,,,6.25,-11,,3,3
2026-01-22 19:38:56.805538,0x433b0b38,28.49441,30.868744,1011.3553,166.61244,189,,,6.0,-4,,5,5
2026-01-22 19:38:59.564760,0x433acb14,28.061447,30.482414,1011.73334,296.91492,128,,,7.5,-11,,3,3
2026-01-22 19:39:57.310356,0x433b0b38,28.503517,30.897831,1011.3796,167.10182,189,,,6.25,-3,,5,5
2026-01-22 19:40:00.016805,0x433acb14,28.097275,30.443132,1011.77014,298.7865,128,,,6.75,-10,,3,3
2026-01-22 19:40:09.727900,0x433ad35c,28.327152,30.842638,1011.76245,149.44446,161,,,6.25,-26,,3,3
2026-01-22 19:40:24.306694,0x433aad0c,28.926113,28.46853,1011.7374,179.72101,199,,,6.5,-37,,3,3
2026-01-22 19:40:56.535073,0x433b0b38,28.48908,30.882246,1011.3801,165.64218,190,,,5.75,-3,,5,5
2026-01-22 19:40:59.922983,0x433acb14,28.066566,30.481075,1011.7779,296.64948,129,,,7.0,-11,,3,3
2026-01-22 19:41:58.541732,0x433b0b38,28.494297,30.86248,1011.3838,166.28775,189,,,6.75,-3,,5,5
2026-01-22 19:42:02.109763,0x433acb14,28.081923,30.640625,1011.7835,298.5177,129,,,6.75,-10,,3,3
2026-01-22 19:42:58.159021,0x433b0b38,28.491724,30.866442,1011.403,165.0016,190,,,6.25,-4,,5,5
2026-01-22 19:43:01.761138,0x433acb14,28.120308,30.450249,1011.76965,296.11993,129,,,6.5,-10,,3,3
2026-01-22 19:43:08.163312,0x433ad35c,28.361897,30.852581,1011.77234,147.60756,161,,,5.5,-25,,3,3
2026-01-22 19:43:24.249715,0x433aad0c,28.945856,28.350914,1011.7337,178.57144,200,,,7.25,-37,,3,3
2026-01-22 19:43:58.113021,0x433b0b38,28.50205,30.88673,1011.40216,165.64218,190,,,6.0,-3,,5,5
2026-01-22 19:44:01.959783,0x433acb14,28.129902,30.399778,1011.7665,298.5177,128,,,6.75,-11,,3,3
2026-01-22 19:44:57.509585,0x433b0b38,28.507193,30.849707,1011.39246,166.93837,189,,,6.0,-3,,5,5
2026-01-22 19:45:01.201869,0x433acb14,28.132189,30.402851,1011.7624,296.64948,129,,,7.25,-10,,3,3
2026-01-22 19:45:58.246665,0x433b0b38,28.514866,30.838203,1011.3703,166.28775,189,,,6.0,-3,,5,5
2026-01-22 19:46:01.507294,0x433acb14,28.138222,30.38108,1011.76746,297.9815,129,,,7.5,-11,,3,3
2026-01-22 19:46:09.126423,0x433ad35c,28.394781,30.760872,1011.7451,149.57741,161,,,5.75,-25,,3,3
2026-01-22 19:46:24.908860,0x433aad0c,28.994434,28.309631,1011.7312,178.00212,199,,,7.0,-38,,3,3
2026-01-22 19:46:58.960638,0x433b0b38,28.49286,30.899265,1011.36505,166.44994,190,,,7.0,-3,,5,5
2026-01-22 19:47:03.491539,0x433acb14,28.140781,30.37681,1011.7529,296.11993,129,,,7.5,-11,,3,3
2026-01-22 19:47:59.577578,0x433b0b38,28.507193,30.863482,1011.3774,165.80312,189,,,6.5,-3,,5,5
2026-01-22 19:48:02.121848,0x433acb14,28.069126,30.676798,1011.77716,295.59235,129,,,6.75,-11,,3,3
2026-01-22 19:48:58.403538,0x433acb14,28.127758,30.382437,1011.80164,297.44724,129,,,7.5,-11,,3,3
2026-01-22 19:49:00.457727,0x433b0b38,28.572483,30.740461,1011.399,166.28775,189,,,6.0,-3,,5,5
2026-01-22 19:49:08.841412,0x433ad35c,28.351643,31.021742,1011.8053,146.06863,162,,,6.25,-25,,3,3
2026-01-22 19:49:24.578670,0x433aad0c,28.943777,28.65458,1011.767,177.24867,199,,,5.5,-37,,3,3
2026-01-22 19:49:58.403330,0x433acb14,28.130547,30.406874,1011.8025,298.5177,129,,,7.75,-12,,3,3
2026-01-22 19:50:01.368326,0x433b0b38,28.509535,30.86009,1011.412,165.32127,190,,,6.5,-3,,5,5
2026-01-22 19:50:58.507056,0x433acb14,28.155376,30.32417,1011.82874,295.8559,129,,,7.5,-11,,3,3
2026-01-22 19:51:01.673151,0x433b0b38,28.540354,30.785465,1011.42285,165.96434,189,,,6.25,-3,,5,5
2026-01-22 19:51:37.526700,0x433af380,29.335232,28.876451,1012.54706,93.6108,50,255,0.3371402,6.0,-17,,3,3
2026-01-22 19:51:58.439211,0x433acb14,28.158695,30.334816,1011.8176,296.38443,129,,,5.75,-11,,3,3
2026-01-22 19:52:01.824573,0x433b0b38,28.574085,30.735067,1011.4448,167.10182,189,,,6.25,-3,,5,5
2026-01-22 19:52:09.233531,0x433ad35c,28.417564,30.732233,1011.82715,148.12775,161,,,5.75,-25,,3,3
2026-01-22 19:52:25.886526,0x433aad0c,29.02663,28.348139,1011.81683,178.38126,199,,,6.0,-37,,3,3
2026-01-22 19:52:58.466972,0x433acb14,28.173975,30.318693,1011.8505,297.71414,128,,,6.25,-11,,3,3
2026-01-22 19:53:00.953919,0x433b0b38,28.552832,30.754578,1011.4466,166.61244,189,,,6.0,-3,,5,5
2026-01-22 19:53:58.542143,0x433acb14,28.152971,30.325851,1011.852,293.76044,130,,,7.25,-11,,3,3
2026-01-22 19:54:02.622745,0x433b0b38,28.51154,30.821407,1011.4567,166.93837,189,,,6.5,-3,,5,5
2026-01-22 19:54:58.555538,0x433acb14,28.153578,30.345375,1011.86566,298.2494,129,,,6.5,-11,,3,3
2026-01-22 19:55:02.826536,0x433b0b38,28.527685,30.796051,1011.4967,166.28775,189,,,6.25,-3,,5,5
2026-01-22 19:55:10.684274,0x433ad35c,28.440117,30.653292,1011.8795,149.44446,160,,,6.25,-27,,3,3
2026-01-22 19:55:27.325217,0x433aad0c,29.031706,28.201807,1011.8598,177.81317,199,,,6.25,-38,,3,3
2026-01-22 19:55:58.629940,0x433acb14,28.151016,30.324078,1011.8751,294.54276,129,,,7.25,-11,,3,3
2026-01-22 19:56:01.376662,0x433b0b38,28.563871,30.744696,1011.4978,166.61244,189,,,6.0,-3,,5,5
2026-01-22 19:56:58.571352,0x433acb14,28.163813,30.292835,1011.9054,295.32925,129,,,8.0,-11,,3,3
2026-01-22 19:57:04.892711,0x433b0b38,28.56637,30.718004,1011.52905,167.10182,189,,,6.5,-3,,5,5
2026-01-22 19:57:58.755333,0x433acb14,28.165457,30.295607,1011.94403,295.32925,129,,,6.75,-11,,3,3
2026-01-22 19:58:02.707682,0x433b0b38,28.56894,30.715534,1011.55365,167.42969,189,,,6.5,-3,,5,5
2026-01-22 19:58:08.145074,0x433ad35c,28.467535,30.754215,1012.01495,148.38922,161,,,7.25,-23,,3,3
2026-01-22 19:58:26.129952,0x433aad0c,29.054865,28.09952,1011.90576,177.24867,199,,,6.75,-37,,3,3
2026-01-22 19:58:59.088714,0x433acb14,28.165993,30.272787,1011.9492,295.8559,129,,,8.0,-11,,3,3
2026-01-22 19:59:03.604426,0x433b0b38,28.543077,30.754889,1011.55,167.59412,189,,,6.5,-3,,5,5
2026-01-22 19:59:58.681610,0x433acb14,28.173481,30.271526,1011.945,296.38443,129,,,7.0,-11,,3,3
2026-01-22 20:00:03.872983,0x433b0b38,28.486582,30.948465,1011.532,165.80312,189,,,6.5,-4,,5,5
2026-01-22 14:00:20.171711,0x433b0b38,28.054602,32.74289,1010.9533,120.84022,242,,,6.25,-3,,5,5
2026-01-22 14:00:39.667953,0x433acb14,27.869814,32.24113,1011.25977,176.33229,180,,,6.0,-11,,3,3
2026-01-22 14:01:04.659964,0x433ad35c,28.131678,32.072533,1011.2738,110.75427,189,,,7.0,-27,,3,3
2026-01-22 14:01:20.367206,0x433b0b38,28.05464,32.72525,1010.9197,121.183426,240,,,6.25,-3,,5,5
2026-01-22 14:01:22.500099,0x433aad0c,28.790936,29.582405,1011.2529,208.36682,170,,,6.25,-36,,3,3
2026-01-22 14:01:41.239400,0x433acb14,27.914974,32.130085,1011.2626,178.38266,179,,,6.5,-10,,3,3
2026-01-22 14:02:20.258331,0x433b0b38,28.088032,32.55922,1010.9131,122.137405,238,,,5.75,-3,,5,5
2026-01-22 14:02:41.040043,0x433acb14,27.953667,31.977505,1011.27625,179.90407,178,,,7.75,-11,,3,3
2026-01-22 14:03:20.213394,0x433b0b38,28.082962,32.572807,1010.9295,123.37349,236,,,7.5,-4,,5,5
2026-01-22 14:03:40.104651,0x433acb14,27.951485,31.81607,1011.25653,182.23541,177,,,7.25,-10,,3,3
2026-01-22 14:04:04.639029,0x433ad35c,28.136993,31.889442,1011.2529,113.44467,187,,,6.25,-28,,3,3
2026-01-22 14:04:20.331210,0x433b0b38,28.098278,32.49523,1010.92584,123.552124,234,,,6.0,-3,,5,5
2026-01-22 14:04:22.327915,0x433aad0c,28.801966,29.462624,1011.2485,210.63226,169,,,6.0,-36,,3,3
2026-01-22 14:04:40.487083,0x433acb14,27.959085,31.776875,1011.2746,184.42622,176,,,7.25,-10,,3,3
2026-01-22 14:05:20.796892,0x433b0b38,28.098354,32.469948,1010.9393,125.27527,232,,,6.0,-3,,5,5
2026-01-22 14:05:40.175014,0x433acb14,28.627352,30.54863,1012.393,161.32886,180,,,7.0,-11,,3,3
2026-01-22 14:06:20.365042,0x433b0b38,28.093136,32.441837,1010.9406,125.36729,230,,,5.75,-3,,5,5
2026-01-22 14:06:41.310697,0x433acb14,27.982456,31.605799,1011.2829,186.66803,175,,,7.75,-11,,3,3
2026-01-22 14:07:04.780726,0x433ad35c,28.15849,31.684898,1011.2838,115.54983,185,,,6.0,-28,,3,3
2026-01-22 14:07:20.473864,0x433b0b38,28.113365,32.370113,1010.93695,126.764046,228,,,6.0,-3,,5,5
2026-01-22 14:07:22.431607,0x433aad0c,28.824652,29.215044,1011.2615,213.63817,168,,,6.5,-35,,3,3
2026-01-22 14:07:41.217401,0x433acb14,27.968563,31.699545,1011.2697,186.66803,175,,,7.75,-10,,3,3
2026-01-22 14:08:20.589551,0x433b0b38,28.118998,32.33115,1010.9256,127.14179,226,,,6.0,-3,,5,5
2026-01-22 14:08:41.248720,0x433acb14,27.992655,31.53907,1011.28656,189.54724,174,,,7.75,-11,,3,3
2026-01-22 14:09:20.375174,0x433b0b38,28.110302,32.321827,1010.91766,128.19229,224,,,6.0,-3,,5,5
2026-01-22 14:09:42.166017,0x433acb14,28.002777,31.583723,1011.24567,191.29572,172,,,6.5,-10,,3,3
2026-01-22 14:10:05.001128,0x433ad35c,28.178493,31.468359,1011.269,119.153076,183,,,5.5,-28,,3,3
2026-01-22 14:10:20.489884,0x433b0b38,28.156353,32.218117,1010.9363,128.86987,223,,,6.0,-3,,5,5
2026-01-22 14:10:23.592831,0x433aad0c,28.827255,28.963142,1011.2643,218.7464,166,,,5.75,-36,,3,3
2026-01-22 14:10:41.181478,0x433acb14,28.00462,31.444735,1011.23615,193.3017,171,,,6.5,-11,,3,3
2026-01-22 14:11:20.698535,0x433b0b38,28.140965,32.224415,1010.93176,129.35826,221,,,6.0,-3,,5,5
2026-01-22 14:11:40.946306,0x433acb14,28.025583,31.375265,1011.2606,195.58055,170,,,6.25,-11,,3,3
2026-01-22 14:12:20.348557,0x433b0b38,28.12142,32.124542,1010.9033,130.54564,219,,,6.0,-3,,5,5
2026-01-22 14:12:41.102058,0x433acb14,28.0155,31.330389,1011.28784,197.79578,169,,,7.0,-11,,3,3
2026-01-22 14:13:05.700743,0x433ad35c,28.153433,31.281212,1011.3022,121.21486,182,,,6.0,-27,,3,3
2026-01-22 14:13:20.885176,0x433b0b38,28.13609,32.13024,1010.9582,130.74565,218,,,6.0,-3,,5,5
2026-01-22 14:13:41.778526,0x433acb14,28.010382,31.2373,1011.2808,198.62462,169,,,6.75,-11,,3,3
2026-01-22 14:14:20.420676,0x433b0b38,28.147247,32.01997,1010.9691,131.75502,216,,,6.25,-3,,5,5
2026-01-22 14:14:39.039050,0x433af380,28.390892,29.732353,1012.0079,95.39117,54,,,6.25,-21,,3,3
2026-01-22 14:14:41.030969,0x433acb14,28.077414,31.11157,1011.3017,200.3033,168,,,6.75,-11,,3,3
2026-01-22 14:15:20.435413,0x433b0b38,28.14974,31.947523,1010.987,133.50717,214,,,6.0,-3,,5,5
2026-01-22 14:15:39.810132,0x433acb14,28.020048,31.18282,1011.319,202.01059,167,,,7.25,-11,,3,3
2026-01-22 14:16:05.764692,0x433ad35c,28.163727,31.043655,1011.3106,122.36171,181,,,6.25,-28,,3,3
2026-01-22 14:16:20.443229,0x433b0b38,28.160213,31.889397,1010.9627,134.0314,212,,,6.0,-3,,5,5
2026-01-22 14:16:22.518781,0x433aad0c,28.83239,28.652164,1011.304,226.88387,161,,,6.5,-36,,3,3
2026-01-22 14:16:40.039418,0x433acb14,28.040827,31.11106,1011.3176,204.50072,166,,,7.5,-11,,3,3
2026-01-22 14:17:20.664202,0x433b0b38,28.170275,31.79131,1010.9752,135.62914,210,,,6.0,-3,,5,5
2026-01-22 14:17:40.242001,0x433acb14,28.04495,31.021667,1011.3202,206.02448,166,,,6.5,-11,,3,3
2026-01-22 14:18:20.491941,0x433b0b38,28.160025,31.82503,1010.9828,135.84505,209,,,6.25,-3,,5,5
2026-01-22 14:18:39.850989,0x433acb14,28.028446,30.961128,1011.30786,207.83115,165,,,8.0,-11,,3,3
2026-01-22 14:19:06.056155,0x433ad35c,28.159584,30.785471,1011.3157,126.314804,178,,,5.75,-28,,3,3
2026-01-22 14:19:20.594485,0x433b0b38,28.18978,31.70194,1010.9819,137.1551,207,,,6.5,-3,,5,5
2026-01-22 14:19:22.589969,0x433aad0c,28.822197,28.313593,1011.3086,235.48163,156,,,6.0,-37,,3,3
2026-01-22 14:19:40.781405,0x433acb14,28.02577,30.941263,1011.3173,209.00938,164,,,7.0,-10,,3,3
2026-01-22 14:20:20.727532,0x433b0b38,28.18574,31.672508,1010.99164,136.60619,207,,,6.0,-3,,5,5
2026-01-22 14:20:40.101978,0x433acb14,28.012753,30.877861,1011.323,209.14114,164,,,7.25,-11,,3,3
2026-01-22 14:21:20.758896,0x433b0b38,28.193455,31.521568,1011.008,138.71579,205,,,6.0,-3,,5,5
2026-01-22 14:21:39.914322,0x433acb14,28.024937,30.748472,1011.32745,212.89856,163,,,6.75,-11,,3,3
2026-01-22 14:22:05.993710,0x433ad35c,28.146221,30.54257,1011.3307,129.22751,176,,,6.5,-28,,3,3
2026-01-22 14:22:20.631180,0x433b0b38,28.190086,31.453838,1010.9903,140.77536,203,,,6.0,-3,,5,5
2026-01-22 14:22:22.571786,0x433aad0c,28.832163,28.109407,1011.2938,243.8506,151,,,6.25,-36,,3,3
2026-01-22 14:22:40.284503,0x433acb14,28.020124,30.617243,1011.32227,216.08752,161,,,7.5,-11,,3,3
2026-01-22 14:23:21.084734,0x433b0b38,28.190882,31.399696,1010.9668,141.82825,201,,,6.0,-3,,5,5
2026-01-22 14:23:39.966475,0x433acb14,28.038567,30.574278,1011.27905,217.93263,161,,,7.5,-11,,3,3
2026-01-22 14:24:20.543754,0x433b0b38,28.200294,31.238901,1010.97253,143.73947,199,,,6.25,-3,,5,5
2026-01-22 14:24:40.558593,0x433acb14,28.022266,30.503475,1011.2889,220.3935,160,,,7.0,-12,,3,3
2026-01-22 14:25:06.715264,0x433ad35c,28.137144,30.32093,1011.28754,132.59068,174,,,6.25,-28,,3,3
2026-01-22 14:25:20.603909,0x433b0b38,28.26042,31.099865,1010.95013,145.70291,198,,,6.0,-3,,5,5
2026-01-22 14:25:22.646760,0x433aad0c,28.824915,27.880924,1011.2496,251.67706,147,,,6.5,-36,,3,3
2026-01-22 14:25:41.743607,0x433acb14,28.030287,30.445953,1011.2727,221.86722,159,,,6.25,-10,,3,3
2026-01-22 14:26:20.799722,0x433b0b38,28.205479,31.106281,1010.9343,145.9521,198,,,6.0,-3,,5,5
2026-01-22 14:26:40.307216,0x433acb14,28.042889,30.41208,1011.2927,223.51123,158,,,7.75,-11,,3,3
2026-01-22 14:27:20.674675,0x433b0b38,28.22121,31.029903,1010.9457,147.8487,198,,,6.0,-3,,5,5
2026-01-22 14:27:40.716668,0x433acb14,28.053736,30.249945,1011.257,226.87344,158,,,7.25,-10,,3,3
2026-01-22 14:28:05.040879,0x433ad35c,28.163574,30.064693,1011.2743,135.80373,172,,,5.5,-28,,3,3
2026-01-22 14:28:12.039780,0x9e9faaa4,,,,,,12,0.7690303,6.5,-3,,3,2
2026-01-22 14:28:20.766537,0x433b0b38,28.2006,31.069555,1010.9189,148.49188,197,,,6.0,-4,,5,5
2026-01-22 14:28:22.898900,0x433aad0c,28.804762,27.756565,1011.22577,260.43384,142,,,6.25,-36,,3,3
2026-01-22 14:28:40.508305,0x433acb14,28.05859,30.162344,1011.27765,228.4354,156,,,7.5,-10,,3,3
2026-01-22 14:29:21.388148,0x433b0b38,28.223667,30.878595,1010.9198,151.52412,196,,,6.5,-3,,5,5
2026-01-22 14:29:40.874207,0x433acb14,28.06107,30.221378,1011.258,231.30179,155,,,7.0,-12,,3,3
2026-01-22 14:30:20.698527,0x433b0b38,28.286133,30.756422,1010.9432,151.79366,196,,,6.0,-3,,5,5
2026-01-22 14:30:41.339079,0x433acb14,28.074244,30.016792,1011.30194,234.90434,154,,,7.5,-11,,3,3
2026-01-22 14:31:04.891897,0x433ad35c,28.174091,29.85097,1011.27747,141.04446,169,,,6.25,-28,,3,3
2026-01-22 14:31:20.887036,0x433b0b38,28.408876,30.470871,1010.9631,154.96368,194,,,5.75,-3,,5,5
2026-01-22 14:31:23.060154,0x433aad0c,28.844467,27.427383,1011.3023,271.15482,137,,,6.25,-36,,3,3
2026-01-22 14:31:41.511152,0x433acb14,28.094189,29.904621,1011.30756,237.0864,153,,,7.5,-11,,3,3
2026-01-22 14:32:20.695198,0x433b0b38,28.365883,30.489147,1010.95703,155.67043,194,,,6.0,-3,,5,5
2026-01-22 14:32:41.971242,0x433acb14,28.084707,29.855215,1011.2953,237.76598,153,,,7.0,-10,,3,3
2026-01-22 14:33:20.846218,0x433b0b38,28.34686,30.479988,1010.9901,156.67075,193,,,5.75,-4,,5,5
2026-01-22 14:33:41.903642,0x433acb14,28.071987,29.806715,1011.32336,240.69817,152,,,7.5,-11,,3,3
2026-01-22 14:34:04.854385,0x433ad35c,28.13878,29.824013,1011.3439,139.9875,169,,,5.75,-28,,3,3
2026-01-22 14:34:20.723479,0x433b0b38,28.311886,30.533388,1010.9906,156.52707,193,,,5.75,-3,,5,5
2026-01-22 14:34:23.125605,0x433aad0c,28.837372,27.318365,1011.29755,278.492,133,,,5.5,-36,,3,3
2026-01-22 14:34:41.664662,0x433acb14,28.02577,29.99718,1011.3224,240.69817,151,,,8.0,-11,,3,3
2026-01-22 14:35:20.742280,0x433b0b38,28.321339,30.174559,1010.9899,161.1076,192,,,6.0,-3,,5,5
2026-01-22 14:35:42.989458,0x433acb14,28.071686,29.725283,1011.3337,245.32527,150,,,7.0,-11,,3,3
2026-01-22 14:36:21.903482,0x433b0b38,28.352535,30.31579,1010.99054,160.95567,192,,,6.0,-3,,5,5
2026-01-22 14:36:57.875421,0x433acb14,28.074244,29.714193,1011.3432,247.15263,150,,,7.25,-11,,3,3
2026-01-22 14:37:04.882434,0x433ad35c,28.127008,29.510794,1011.31024,146.06863,166,,,5.5,-28,,3,3
2026-01-22 14:37:21.057595,0x433aad0c,28.899307,26.928537,1011.3083,290.27377,128,,,5.5,-36,,3,3
2026-01-22 14:37:22.050540,0x433b0b38,28.380592,30.203274,1010.96155,162.33354,191,,,5.75,-3,,5,5
2026-01-22 14:37:43.016753,0x433acb14,28.08994,29.682886,1011.2988,250.13373,148,,,6.5,-10,,3,3
2026-01-22 14:38:21.302698,0x433b0b38,28.398554,30.084927,1010.9588,163.57828,190,,,6.0,-3,,5,5
2026-01-22 14:38:43.663146,0x433acb14,28.0794,29.522497,1011.2952,252.03374,148,,,7.5,-11,,3,3
2026-01-22 14:39:21.470567,0x433b0b38,28.365166,30.09259,1010.94196,165.0016,190,,,6.0,-3,,5,5
2026-01-22 14:39:42.234535,0x433acb14,28.060688,29.439571,1011.2888,255.33083,147,,,7.0,-10,,3,3
2026-01-22 14:40:05.092341,0x433ad35c,28.103619,29.468655,1011.29407,147.8672,165,,,6.25,-28,,3,3
2026-01-22 14:40:21.103221,0x433aad0c,28.84258,27.106842,1011.2946,295.74768,125,,,5.5,-36,,3,3
2026-01-22 14:40:24.654641,0x433b0b38,28.414547,29.912907,1010.92816,166.12589,189,,,6.0,-4,,5,5
2026-01-22 14:40:40.742545,0x433acb14,28.063972,29.128489,1011.2863,258.7153,146,,,7.25,-11,,3,3
2026-01-22 14:41:21.867702,0x433b0b38,28.486694,29.781523,1010.9758,167.2656,189,,,6.5,-3,,5,5
2026-01-22 14:41:42.368776,0x433acb14,28.064009,29.349703,1011.30005,259.52478,145,,,6.75,-11,,3,3
2026-01-22 14:42:21.420024,0x433b0b38,28.383694,29.989075,1010.9476,168.42105,188,,,6.0,-3,,5,5
2026-01-22 14:42:41.115553,0x433acb14,28.064009,29.19476,1011.28973,261.98376,144,,,7.5,-10,,3,3
2026-01-22 14:43:05.155550,0x433ad35c,28.086834,29.264679,1011.2935,149.9777,163,,,5.25,-28,,3,3
2026-01-22 14:43:21.072196,0x433aad0c,28.850243,26.706263,1011.2994,305.0617,121,,,5.75,-36,,3,3
2026-01-22 14:43:24.555179,0x433b0b38,28.328785,29.920897,1010.971,169.25621,188,,,5.5,-3,,5,5
2026-01-22 14:43:41.681113,0x433acb14,28.060955,29.11333,1011.30945,264.70074,143,,,7.75,-10,,3,3
2026-01-22 14:44:22.035614,0x433b0b38,28.329771,29.72863,1010.9744,170.9516,187,,,6.0,-3,,5,5
2026-01-22 14:44:41.029440,0x433acb14,28.055416,29.130285,1011.32825,267.90668,142,,,7.75,-11,,3,3
2026-01-22 14:45:21.499999,0x433b0b38,28.362516,29.725595,1011.0148,173.20703,187,,,6.0,-3,,5,5
2026-01-22 14:45:40.587073,0x433acb14,28.058855,29.023457,1011.3549,268.77475,142,,,7.0,-11,,3,3
2026-01-22 14:46:06.500126,0x433ad35c,28.10434,29.079319,1011.3406,153.67915,161,,,6.0,-27,,3,3
2026-01-22 14:46:21.563725,0x433b0b38,28.375565,29.62344,1011.0235,174.44635,186,,,5.75,-3,,5,5
2026-01-22 14:46:41.439901,0x433acb14,28.04564,28.969023,1011.36914,271.1912,141,,,7.75,-11,,3,3
2026-01-22 14:47:23.149709,0x433b0b38,28.378624,29.55344,1011.0446,176.61263,185,,,6.25,-3,,5,5
2026-01-22 14:47:41.157059,0x433acb14,28.033298,29.007298,1011.40405,273.42596,141,,,7.75,-11,,3,3
2026-01-22 14:48:21.649105,0x433b0b38,28.383732,29.424376,1011.0904,178.08696,185,,,6.0,-4,,5,5
2026-01-22 14:48:41.188686,0x433acb14,28.050606,28.935581,1011.45685,276.61725,139,,,6.25,-11,,3,3
2026-01-22 14:49:05.716060,0x433ad35c,28.097752,28.90642,1011.4262,157.27316,159,,,7.75,-28,,3,3
2026-01-22 14:49:21.111093,0x433aad0c,28.834122,26.412846,1011.4476,325.568,112,,,5.5,-36,,3,3
2026-01-22 14:49:23.198560,0x433b0b38,28.40339,29.3542,1011.10547,179.5861,184,,,6.25,-3,,5,5
2026-01-22 14:49:40.709450,0x433acb14,28.035858,28.913836,1011.4478,276.84808,139,,,7.75,-11,,3,3
2026-01-22 14:50:21.961086,0x433b0b38,28.345236,29.392342,1011.1134,181.88277,184,,,6.75,-3,,5,5
2026-01-22 14:50:40.672776,0x433acb14,28.056707,28.69678,1011.44324,282.50525,138,,,7.5,-10,,3,3
2026-01-22 14:51:21.187391,0x433b0b38,28.36263,29.284966,1011.1189,183.24983,183,,,5.75,-3,,5,5
2026-01-22 14:51:41.024080,0x433acb14,28.043306,28.63276,1011.43,284.68674,137,,,7.75,-11,,3,3
2026-01-22 14:52:06.006039,0x433ad35c,28.086872,28.753735,1011.46106,161.65866,157,,,6.0,-28,,3,3
2026-01-22 14:52:21.116269,0x433b0b38,28.306555,29.439718,1011.13477,182.85715,183,,,6.75,-3,,5,5
2026-01-22 14:52:23.289595,0x433aad0c,28.834843,26.383833,1011.4441,339.6706,106,,,6.25,-36,,3,3
2026-01-22 14:52:40.714648,0x433acb14,28.03044,28.636044,1011.42365,284.4427,137,,,7.0,-11,,3,3
2026-01-22 14:53:21.125194,0x433b0b38,28.352913,29.23726,1011.1232,186.45302,182,,,6.0,-3,,5,5
2026-01-22 14:53:40.716491,0x433acb14,28.025696,28.63732,1011.47687,288.148,136,,,7.25,-11,,3,3
2026-01-22 14:54:22.253433,0x433b0b38,28.337408,29.367495,1011.1136,186.45302,181,,,5.75,-4,,5,5
2026-01-22 14:54:40.745931,0x433acb14,28.02001,28.629965,1011.43555,292.20822,135,,,7.25,-11,,3,3
2026-01-22 14:55:05.051145,0x433ad35c,28.184645,28.816652,1011.57996,160.11905,158,,,6.0,-28,,3,3
2026-01-22 14:55:21.170131,0x433b0b38,28.360624,29.11467,1011.1197,191.50925,180,,,7.5,-2,,5,5
2026-01-22 14:55:40.911260,0x433acb14,28.091614,28.403908,1011.4864,292.7238,134,,,7.75,-11,,3,3
2026-01-22 14:56:21.339710,0x433b0b38,28.32867,29.202545,1011.12396,192.69853,179,,,6.0,-3,,5,5
2026-01-22 14:56:41.479578,0x433acb14,28.047932,28.462708,1011.4438,295.59235,133,,,7.5,-11,,3,3
2026-01-22 14:57:21.208778,0x433b0b38,28.385696,29.15198,1011.1368,193.35347,179,,,6.25,-4,,5,5
2026-01-22 14:57:41.481919,0x433acb14,28.061598,28.5224,1011.46906,297.44724,132,,,6.5,-11,,3,3
2026-01-22 14:58:07.525506,0x433ad35c,28.099213,28.640276,1011.4583,164.66698,156,,,6.25,-28,,3,3
2026-01-22 14:58:21.239634,0x433aad0c,28.817139,26.208363,1011.4831,352.39096,100,,,5.75,-36,,3,3
2026-01-22 14:58:24.607074,0x433b0b38,28.412128,29.11715,1011.1222,194.56584,178,,,6.0,-4,,5,5
2026-01-22 14:58:41.031178,0x433acb14,28.077106,28.51073,1011.4985,299.32556,132,,,7.5,-11,,3,3
2026-01-22 14:59:21.312220,0x433b0b38,28.39912,29.016117,1011.15546,195.90587,178,,,6.0,-3,,5,5
2026-01-22 14:59:40.880078,0x433acb14,28.05599,28.526089,1011.505,299.0558,132,,,7.5,-11,,3,3
2026-01-22 20:00:58.669224,0x433acb14,28.170923,30.278196,1011.9322,293.24118,129,,,6.75,-11,,3,3
2026-01-22 20:01:02.236871,0x433b0b38,28.517365,30.897676,1011.56305,167.10182,189,,,6.25,-3,,5,5
2026-01-22 20:01:08.808938,0x433ad35c,28.451963,30.570707,1011.95795,148.65164,161,,,7.0,-22,,3,3
2026-01-22 20:01:26.192822,0x433aad0c,29.054144,28.22642,1011.91254,177.0613,200,,,6.75,-38,,3,3
2026-01-22 20:01:58.767906,0x433acb14,28.20453,30.196888,1011.9492,296.38443,129,,,6.75,-10,,3,3
2026-01-22 20:02:03.449565,0x433b0b38,28.560812,30.692616,1011.5606,166.77525,189,,,6.0,-4,,5,5
2026-01-22 20:02:59.261160,0x433acb14,28.206675,30.206226,1011.93976,295.32925,130,,,8.25,-10,,3,3
2026-01-22 20:03:03.299682,0x433b0b38,28.562696,30.689016,1011.54315,167.75885,189,,,7.0,-3,,5,5
2026-01-22 20:03:58.696879,0x433acb14,28.207508,30.176723,1011.9347,296.64948,129,,,6.5,-11,,3,3
2026-01-22 20:04:04.759946,0x433b0b38,28.545269,30.691021,1011.55597,167.9239,189,,,6.5,-3,,5,5
2026-01-22 20:04:08.410393,0x433ad35c,28.455078,30.584156,1011.95544,147.34882,162,,,6.0,-29,,3,3
2026-01-22 20:04:26.616658,0x433aad0c,29.075096,28.188408,1011.92786,176.50159,199,,,6.25,-37,,3,3
2026-01-22 20:04:59.216188,0x433acb14,28.201363,30.182802,1011.9448,296.38443,130,,,6.0,-12,,3,3
2026-01-22 20:05:03.507118,0x433b0b38,28.543077,30.668667,1011.55,167.9239,189,,,6.25,-3,,5,5
2026-01-22 20:05:58.725678,0x433acb14,28.204569,30.193626,1011.93036,297.71414,129,,,6.0,-12,,3,3
2026-01-22 20:06:03.660135,0x433b0b38,28.555328,30.667242,1011.5434,168.58742,188,,,5.75,-4,,5,5
2026-01-22 20:06:59.010900,0x433acb14,28.204418,30.193733,1011.92694,296.91492,129,,,6.5,-11,,3,3
2026-01-22 20:07:04.236889,0x433b0b38,28.49089,30.767202,1011.519,167.42969,189,,,6.25,-4,,5,5
2026-01-22 20:07:08.261984,0x433ad35c,28.518837,30.38969,1011.91034,148.52031,162,,,6.75,-26,,3,3
2026-01-22 20:07:25.153567,0x433aad0c,29.019573,28.218994,1011.9032,175.76076,199,,,6.0,-36,,3,3
2026-01-22 20:07:59.491035,0x433acb14,28.209423,30.219046,1011.9045,295.32925,129,,,6.25,-11,,3,3
2026-01-22 20:08:03.905266,0x433b0b38,28.516605,30.718178,1011.5176,167.10182,189,,,7.25,-3,,5,5
2026-01-22 20:08:59.896766,0x433acb14,28.214731,30.135382,1011.8979,295.8559,129,,,6.0,-12,,3,3
2026-01-22 20:09:04.089505,0x433b0b38,28.489605,30.738867,1011.5179,166.61244,189,,,6.25,-4,,5,5
2026-01-22 20:09:58.928744,0x433acb14,28.232416,30.126,1011.92145,295.32925,130,,,6.0,-12,,3,3
2026-01-22 20:10:04.166406,0x433b0b38,28.462759,30.790133,1011.5243,167.59412,189,,,5.75,-3,,5,5
2026-01-22 20:10:08.433414,0x433ad35c,28.46951,30.462917,1011.93976,147.47807,163,,,5.75,-32,,3,3
2026-01-22 20:10:25.133349,0x433aad0c,29.120619,28.005722,1011.90186,176.50159,199,,,5.25,-37,,3,3
2026-01-22 20:10:58.979924,0x433acb14,28.252699,30.062038,1011.8927,296.38443,129,,,6.25,-11,,3,3
2026-01-22 20:11:04.918804,0x433b0b38,28.398901,30.858751,1011.5129,166.61244,190,,,6.0,-4,,5,5
2026-01-22 20:11:58.823107,0x433acb14,28.271296,30.03959,1011.9335,295.8559,129,,,7.5,-10,,3,3
2026-01-22 20:12:05.225833,0x433b0b38,28.409065,30.837233,1011.5057,167.59412,189,,,6.0,-4,,5,5
2026-01-22 20:12:59.653357,0x433acb14,28.273853,30.033134,1011.9274,295.8559,129,,,7.5,-11,,3,3
2026-01-22 20:13:05.498934,0x433b0b38,28.411715,30.821693,1011.5269,167.59412,189,,,6.25,-4,,5,5
2026-01-22 20:13:08.335455,0x433ad35c,28.51215,30.322424,1011.9123,147.8672,162,,,5.75,-27,,3,3
2026-01-22 20:13:25.214697,0x433aad0c,29.135792,27.977806,1011.90826,176.68776,199,,,5.75,-39,,3,3
2026-01-22 20:13:59.230677,0x433acb14,28.276339,30.009651,1011.9284,295.8559,129,,,7.0,-11,,3,3
2026-01-22 20:14:06.092321,0x433b0b38,28.480238,30.693525,1011.5176,167.75885,189,,,6.25,-4,,5,5
2026-01-22 20:14:59.032355,0x433acb14,28.256783,30.015347,1011.96655,297.71414,129,,,6.75,-11,,3,3
2026-01-22 20:15:06.418740,0x433b0b38,28.455612,30.739126,1011.6101,166.61244,189,,,6.25,-3,,5,5
2026-01-22 20:15:59.567593,0x433acb14,28.255903,29.997168,1011.9897,297.9815,129,,,8.0,-11,,3,3
2026-01-22 20:16:06.177445,0x433b0b38,28.465712,30.702618,1011.5791,168.0893,189,,,6.0,-4,,5,5
2026-01-22 20:16:08.750701,0x433ad35c,28.50178,30.295855,1011.97296,148.52031,162,,,6.25,-28,,3,3
2026-01-22 20:16:25.290256,0x433aad0c,29.150969,27.861107,1011.95215,176.87433,199,,,6.0,-39,,3,3
2026-01-22 20:16:58.911840,0x433acb14,28.248264,29.99559,1012.0042,296.64948,130,,,7.25,-11,,3,3
2026-01-22 20:17:06.139490,0x433b0b38,28.491762,30.663754,1011.60297,167.75885,190,,,6.0,-4,,5,5
2026-01-22 20:17:59.524797,0x433acb14,28.2585,29.990875,1012.00616,295.8559,129,,,6.75,-10,,3,3
2026-01-22 20:18:06.259031,0x433b0b38,28.52213,30.611975,1011.597,167.10182,189,,,6.0,-3,,5,5
2026-01-22 20:19:00.188788,0x433acb14,28.270918,29.925755,1012.0193,296.38443,130,,,6.0,-11,,3,3
2026-01-22 20:19:06.363301,0x433b0b38,28.553324,30.534378,1011.61975,166.44994,190,,,6.25,-3,,5,5
2026-01-22 20:19:09.299902,0x433ad35c,28.602139,30.0975,1012.12054,147.21979,163,,,6.0,-27,,3,3
2026-01-22 20:19:25.849401,0x433aad0c,29.151083,27.830624,1011.97107,176.3158,199,,,5.5,-39,,3,3
2026-01-22 20:20:00.641583,0x433acb14,28.271296,29.952585,1012.0021,297.44724,129,,,8.0,-11,,3,3
2026-01-22 20:20:06.595224,0x433b0b38,28.62242,30.4169,1011.6058,166.28775,190,,,6.75,-3,,5,5
2026-01-22 20:21:00.652570,0x433acb14,28.2585,29.928976,1012.0302,297.18085,130,,,6.75,-11,,3,3
2026-01-22 20:21:07.638091,0x433b0b38,28.544619,30.544857,1011.60974,166.12589,190,,,6.5,-3,,5,5
2026-01-22 20:22:00.362470,0x433acb14,28.285545,29.902512,1012.0411,297.9815,129,,,6.0,-11,,3,3
2026-01-22 20:22:06.627861,0x433b0b38,28.650085,30.374067,1011.8711,165.0016,190,,,5.75,-4,,5,5
2026-01-22 20:22:11.094926,0x433ad35c,28.497757,30.263477,1012.0266,146.70593,164,,,5.75,-27,,3,3
2026-01-22 20:22:25.231896,0x433aad0c,29.156025,27.80495,1011.9939,175.94536,199,,,7.75,-38,,3,3
2026-01-22 20:23:00.922098,0x433acb14,28.294214,29.857658,1012.0514,299.0558,130,,,7.0,-11,,3,3
2026-01-22 20:23:06.698579,0x433b0b38,28.599268,30.45249,1011.6602,167.2656,189,,,5.75,-3,,5,5
2026-01-22 20:24:00.149490,0x433acb14,28.276413,29.884466,1012.07605,296.11993,130,,,7.25,-11,,3,3
2026-01-22 20:24:06.666907,0x433b0b38,28.645084,30.34777,1011.6736,166.93837,190,,,6.5,-4,,5,5
2026-01-22 20:25:00.587211,0x433acb14,28.284092,29.881317,1012.09937,296.91492,130,,,7.25,-11,,3,3
2026-01-22 20:25:07.152120,0x433b0b38,28.514603,30.678228,1011.69977,164.68317,190,,,5.75,-3,,5,5
2026-01-22 20:25:10.120269,0x433ad35c,28.49768,30.190632,1012.0907,147.34882,164,,,5.5,-28,,3,3
2026-01-22 20:25:25.494599,0x433aad0c,29.135792,27.808517,1012.0782,175.39267,199,,,5.5,-38,,3,3
2026-01-22 20:26:00.667883,0x433acb14,28.302002,29.87048,1012.1178,295.32925,130,,,7.5,-11,,3,3
2026-01-22 20:26:07.140352,0x433b0b38,28.558163,30.473074,1011.71594,166.93837,190,,,6.5,-4,,5,5
2026-01-22 20:27:01.606197,0x433acb14,28.304564,29.802242,1012.141,295.8559,130,,,6.75,-11,,3,3
2026-01-22 20:27:06.754861,0x433b0b38,28.547613,30.471247,1011.7183,166.28775,190,,,6.0,-4,,5,5
2026-01-22 20:28:01.782030,0x433acb14,28.294516,29.820486,1012.11835,294.54276,130,,,7.0,-10,,3,3
2026-01-22 20:28:07.006348,0x433b0b38,28.558466,30.422323,1011.7193,167.2656,190,,,5.75,-3,,5,5
2026-01-22 20:28:11.149989,0x433ad35c,28.507517,30.150894,1012.1183,147.99736,163,,,6.25,-29,,3,3
2026-01-22 20:28:25.344971,0x433aad0c,29.130735,27.773794,1012.095,175.2092,199,,,5.25,-36,,3,3
2026-01-22 20:28:50.536810,0x9e9faaa4,,,,,,349,0.006362233,6.75,-11,,3,2
2026-01-22 20:29:01.769151,0x433acb14,28.828613,28.929365,1013.26385,292.98224,130,,,6.75,-11,,3,3
2026-01-22 20:29:06.804363,0x433b0b38,28.532866,30.476639,1011.7171,166.28775,190,,,6.0,-3,,5,5
2026-01-22 20:30:00.985164,0x433acb14,28.27897,29.803408,1012.1353,296.91492,130,,,6.5,-12,,3,3
2026-01-22 20:30:06.772549,0x433b0b38,28.498682,30.502808,1011.732,166.28775,190,,,6.5,-3,,5,5
2026-01-22 20:31:02.711162,0x433acb14,28.271069,29.791388,1012.10675,297.18085,130,,,6.25,-12,,3,3
2026-01-22 20:31:07.151098,0x433b0b38,28.494335,30.489496,1011.6998,167.42969,190,,,6.0,-3,,5,5
2026-01-22 20:31:12.888768,0x433ad35c,28.492407,30.248018,1012.0821,146.83406,164,,,6.75,-38,,3,2
2026-01-22 20:31:25.539475,0x433aad0c,29.135414,27.740225,1012.04553,174.47917,199,,,5.75,-39,,3,3
2026-01-22 20:32:01.930800,0x433acb14,28.281532,29.812765,1012.0812,294.02072,131,,,6.0,-12,,3,3
2026-01-22 20:32:07.100001,0x433b0b38,28.606438,30.313211,1011.673,166.61244,190,,,6.0,-3,,5,5
2026-01-22 20:33:00.014305,0x433acb14,28.346958,29.666992,1012.0737,296.38443,131,,,7.0,-11,,3,3
2026-01-22 20:33:06.844790,0x433b0b38,28.576616,30.357769,1011.6625,166.93837,190,,,6.0,-3,,5,5
2026-01-22 20:34:00.029823,0x433acb14,28.304337,29.726353,1012.07227,296.64948,130,,,6.5,-12,,3,3
2026-01-22 20:34:06.844123,0x433b0b38,28.580658,30.340889,1011.67145,167.2656,190,,,6.0,-3,,5,5
2026-01-22 20:34:09.395897,0x433ad35c,28.518032,30.118069,1012.0645,147.99736,163,,,6.25,-30,,3,3
2026-01-22 20:34:25.883816,0x433aad0c,29.138132,27.8413,1012.0414,173.93561,200,,,5.5,-38,,3,3
2026-01-22 20:35:00.130068,0x433acb14,28.293568,29.731707,1012.06335,295.8559,131,,,6.25,-11,,3,3
2026-01-22 20:35:06.910161,0x433b0b38,28.583841,30.337534,1011.6506,167.10182,190,,,6.0,-3,,5,5
2026-01-22 20:36:00.577182,0x433acb14,28.289398,29.724995,1012.06854,295.8559,130,,,7.0,-11,,3,3
2026-01-22 20:36:06.862783,0x433b0b38,28.63131,30.254066,1011.6499,167.75885,190,,,6.25,-3,,5,5
2026-01-22 20:37:00.149725,0x433acb14,28.276073,29.746449,1012.0691,294.02072,131,,,7.25,-10,,3,3
2026-01-22 20:37:06.882149,0x433b0b38,28.623552,30.262327,1011.6686,166.93837,190,,,6.0,-3,,5,5
2026-01-22 20:37:09.914035,0x433ad35c,28.543058,30.029947,1012.0486,147.8672,163,,,7.0,-29,,3,3
2026-01-22 20:37:25.517710,0x433aad0c,29.17837,27.638725,1012.02026,175.76076,198,,,6.5,-38,,3,3
2026-01-22 20:38:00.151856,0x433acb14,28.271296,29.774246,1012.05194,295.59235,131,,,6.5,-11,,3,3
2026-01-22 20:38:07.333603,0x433b0b38,28.589624,30.296776,1011.6544,167.2656,190,,,5.5,-3,,5,5
2026-01-22 20:39:00.308048,0x433acb14,28.283485,29.739357,1012.0307,296.64948,131,,,6.25,-11,,3,3
2026-01-22 20:39:07.060952,0x433b0b38,28.591784,30.294708,1011.6437,166.93837,190,,,6.0,-3,,5,5
2026-01-22 20:40:00.202795,0x433acb14,28.299446,29.745043,1012.04974,295.06662,131,,,6.0,-12,,3,3
2026-01-22 20:40:06.987563,0x433b0b38,28.652784,30.1853,1011.6431,168.58742,190,,,6.0,-3,,5,5
2026-01-22 20:40:09.812565,0x433ad35c,28.527185,30.033974,1012.03156,147.73726,163,,,6.75,-29,,3,3
2026-01-22 20:40:25.878528,0x433aad0c,29.190748,27.616096,1011.9964,175.57652,198,,,6.75,-37,,3,3
2026-01-22 20:41:00.830146,0x433acb14,28.284092,29.723713,1011.98944,297.18085,130,,,6.5,-11,,3,3
2026-01-22 20:41:07.012069,0x433b0b38,28.579302,30.298773,1011.6032,167.2656,190,,,5.75,-3,,5,5
2026-01-22 20:42:00.279128,0x433acb14,28.28665,29.708935,1012.0025,294.80447,131,,,6.25,-11,,3,3
2026-01-22 20:42:07.027808,0x433b0b38,28.590673,30.272549,1011.58954,167.9239,190,,,6.0,-3,,5,5
2026-01-22 20:43:00.243800,0x433acb14,28.284092,29.712877,1011.95856,295.06662,131,,,6.0,-11,,3,3
2026-01-22 20:43:07.510230,0x433b0b38,28.55582,30.309864,1011.577,167.59412,190,,,6.25,-3,,5,5
2026-01-22 20:43:10.606967,0x433ad35c,28.525211,30.034315,1011.9615,146.9624,164,,,6.5,-25,,3,3
2026-01-22 20:43:25.410047,0x433aad0c,29.213278,27.56018,1011.9406,175.2092,199,,,6.75,-38,,3,3
2026-01-22 20:43:41.680707,0x9e9b5524,,,,,,,,6.0,-30,,3,3
2026-01-22 20:44:00.815109,0x433acb14,28.294214,29.631918,1011.9415,296.64948,131,,,6.75,-12,,3,3
2026-01-22 20:44:08.825794,0x433b0b38,28.549839,30.334797,1011.54803,166.93837,190,,,7.25,-3,,5,5
2026-01-22 20:45:00.311402,0x433acb14,28.286423,29.673615,1011.9131,296.91492,131,,,6.0,-11,,3,3
2026-01-22 20:45:07.088551,0x433b0b38,28.532337,30.35275,1011.5087,167.2656,190,,,6.0,-3,,5,5
2026-01-22 20:46:00.276611,0x433acb14,28.278402,29.658123,1011.9155,297.9815,130,,,6.0,-12,,3,3
2026-01-22 20:46:07.869072,0x433b0b38,28.517439,30.327538,1011.5159,167.9239,189,,,5.75,-4,,5,5
2026-01-22 20:46:11.221428,0x433ad35c,28.527338,29.969225,1011.9208,149.44446,163,,,6.25,-25,,3,3
2026-01-22 20:46:25.466643,0x433aad0c,29.216494,27.46999,1011.88995,176.1304,198,,,5.75,-39,,3,3
2026-01-22 20:47:00.277132,0x433acb14,28.273853,29.678429,1011.9119,296.64948,130,,,6.25,-11,,3,3
2026-01-22 20:47:07.094780,0x433b0b38,28.503557,30.36177,1011.5107,169.76126,189,,,6.0,-3,,5,5
2026-01-22 20:48:00.279237,0x433acb14,28.2585,29.689947,1011.9015,296.11993,131,,,6.25,-12,,3,3
2026-01-22 20:48:07.697637,0x433b0b38,28.514565,30.32553,1011.5266,169.59258,189,,,5.75,-3,,5,5
2026-01-22 20:49:00.321138,0x433acb14,28.24781,29.683578,1011.9097,296.38443,131,,,6.0,-12,,3,3
2026-01-22 20:49:07.336502,0x433b0b38,28.478569,30.38027,1011.5388,168.0893,190,,,6.25,-4,,5,5
2026-01-22 20:49:10.517612,0x433ad35c,28.53778,29.928068,1011.9164,148.78319,163,,,6.0,-24,,3,3
2026-01-22 20:49:25.802622,0x433aad0c,29.208757,27.563555,1011.9041,175.94536,199,,,5.75,-36,,3,3
2026-01-22 20:50:00.480849,0x433acb14,28.263126,29.665226,1011.9272,299.0558,130,,,7.25,-11,,3,3
2026-01-22 20:50:07.259187,0x433b0b38,28.465712,30.387665,1011.532,168.0893,190,,,6.0,-4,,5,5
2026-01-22 20:51:00.550500,0x433acb14,28.276073,29.630024,1011.8958,298.7865,130,,,6.0,-12,,3,3
2026-01-22 20:51:08.569384,0x433b0b38,28.467672,30.405579,1011.52124,168.42105,190,,,6.0,-4,,5,5
2026-01-22 20:52:00.429381,0x433acb14,28.284092,29.633205,1011.9088,299.0558,130,,,6.5,-11,,3,3
2026-01-22 20:52:07.828165,0x433b0b38,28.472706,30.398556,1011.52795,168.75412,189,,,5.75,-3,,5,5
2026-01-22 20:52:11.168853,0x433ad35c,28.5355,29.941242,1011.9043,148.65164,163,,,6.5,-26,,3,3
2026-01-22 20:52:25.477979,0x433aad0c,29.188902,27.489763,1011.8785,175.39267,199,,,7.5,-38,,3,3
2026-01-22 20:53:00.548129,0x433acb14,28.286915,29.659601,1011.9011,296.38443,130,,,6.5,-11,,3,3
2026-01-22 20:53:09.394217,0x433b0b38,28.5101,30.31705,1011.49927,169.25621,189,,,6.0,-3,,5,5
2026-01-22 20:54:00.437791,0x433acb14,28.326677,29.515352,1011.881,296.38443,131,,,6.5,-11,,3,3
2026-01-22 20:54:08.278697,0x433b0b38,28.563139,30.201235,1011.5023,169.76126,189,,,6.75,-3,,5,5
2026-01-22 20:55:00.394980,0x433acb14,28.258045,29.622204,1011.86194,296.91492,130,,,7.25,-12,,3,3
2026-01-22 20:55:08.219752,0x433b0b38,28.501596,30.3091,1011.4912,168.58742,189,,,6.25,-3,,5,5
2026-01-22 20:55:11.508325,0x433ad35c,28.534397,29.917162,1011.8835,149.04698,163,,,5.75,-27,,3,3
2026-01-22 20:55:25.568755,0x433aad0c,29.196564,27.52686,1011.8679,175.94536,198,,,7.75,-37,,3,3
2026-01-22 20:56:00.676653,0x433acb14,28.273853,29.583216,1011.8587,298.7865,130,,,7.0,-11,,3,3
2026-01-22 20:56:09.344268,0x433b0b38,28.61942,30.124973,1011.73065,168.92114,189,,,6.25,-4,,5,5
2026-01-22 20:57:00.656766,0x433acb14,28.268435,29.579288,1011.8534,298.5177,130,,,6.75,-11,,3,3
2026-01-22 20:57:09.151896,0x433b0b38,28.569052,30.192106,1011.4663,170.09967,189,,,6.25,-3,,5,5
2026-01-22 20:58:00.828652,0x433acb14,28.287027,29.581715,1011.8256,298.5177,130,,,5.75,-11,,3,3
2026-01-22 20:58:09.467729,0x433b0b38,28.571474,30.191204,1011.4421,169.42422,189,,,6.0,-3,,5,5
2026-01-22 20:58:11.356902,0x433ad35c,28.469624,30.13994,1011.83765,146.9624,164,,,6.25,-26,,3,3
2026-01-22 20:58:25.817871,0x433aad0c,29.231934,27.406242,1011.79144,175.76076,199,,,7.5,-38,,3,3
2026-01-22 20:59:00.999360,0x433acb14,28.284092,29.605844,1011.80066,298.2494,130,,,6.25,-10,,3,3
2026-01-22 20:59:10.363557,0x433b0b38,28.56894,30.176422,1011.41254,170.6098,188,,,5.75,-3,,5,5
2026-01-22 21:00:01.215940,0x433acb14,28.28191,29.536358,1011.7499,298.2494,130,,,6.25,-11,,3,3
2026-01-22 21:00:11.075103,0x433b0b38,28.629173,30.084568,1011.3564,168.42105,189,,,5.75,-4,,5,5
2026-01-22 21:01:01.254960,0x433acb14,28.299334,29.633068,1011.73395,298.2494,130,,,6.5,-11,,3,3
2026-01-22 21:01:10.735662,0x433ad35c,28.517656,29.805847,1011.7306,147.60756,164,,,7.5,-26,,3,3
2026-01-22 21:01:12.812219,0x433b0b38,28.539707,30.28085,1011.3556,168.58742,189,,,6.25,-3,,5,5
2026-01-22 21:01:25.575212,0x433aad0c,29.23646,27.41642,1011.70605,177.0613,198,,,6.0,-38,,3,3
2026-01-22 21:02:00.643024,0x433acb14,28.325037,29.593573,1011.7345,300.13788,130,,,6.0,-12,,3,3
2026-01-22 21:02:10.259824,0x433b0b38,28.519972,30.315,1011.3573,170.43942,189,,,6.0,-3,,5,5
2026-01-22 21:03:00.955325,0x433acb14,28.339556,29.55879,1011.74005,297.18085,130,,,6.25,-12,,3,3
2026-01-22 21:03:09.669598,0x433b0b38,28.475235,30.378527,1011.37317,169.59258,189,,,6.0,-3,,5,5
2026-01-22 21:04:00.565239,0x433acb14,28.34329,29.55849,1011.74945,298.7865,130,,,6.25,-11,,3,3
2026-01-22 21:04:10.266082,0x433b0b38,28.44026,30.444405,1011.38544,170.26938,189,,,6.25,-4,,5,5
2026-01-22 21:04:12.356760,0x433ad35c,28.49267,29.867739,1011.7551,148.78319,164,,,5.75,-27,,3,3
2026-01-22 21:04:25.610446,0x433aad0c,29.239368,27.443811,1011.7415,176.3158,198,,,5.75,-38,,3,3
2026-01-22 21:05:01.646289,0x433acb14,28.376219,29.520517,1011.77496,298.2494,129,,,6.5,-13,,3,3
2026-01-22 21:05:08.825732,0x433b0b38,28.429333,30.463934,1011.36786,170.09967,188,,,6.25,-3,,5,5
2026-01-22 21:06:00.865554,0x433acb14,28.408367,29.460358,1011.78143,299.59586,129,,,6.5,-11,,3,3
2026-01-22 21:06:08.750924,0x433b0b38,28.396322,30.49173,1011.3459,170.9516,188,,,5.75,-4,,5,5
2026-01-22 21:07:01.334972,0x433acb14,28.414415,29.45762,1011.744,298.2494,129,,,6.75,-10,,3,3
2026-01-22 21:07:08.785342,0x433b0b38,28.47796,30.352095,1011.59937,169.59258,188,,,5.75,-3,,5,5
2026-01-22 21:07:10.957693,0x433ad35c,28.48276,29.887735,1011.7657,150.1116,162,,,5.5,-27,,3,3
2026-01-22 21:07:28.495158,0x433aad0c,29.210827,27.481668,1011.71625,176.87433,197,,,7.0,-39,,3,3
2026-01-22 21:08:00.792909,0x433acb14,28.452991,29.512257,1011.74054,298.5177,129,,,6.5,-12,,3,3
2026-01-22 21:08:08.798281,0x433b0b38,28.386263,30.531052,1011.3467,171.6393,188,,,6.25,-4,,5,5
2026-01-22 21:09:01.252817,0x433acb14,28.452576,29.444933,1011.73883,299.0558,129,,,6.25,-11,,3,3
2026-01-22 21:09:08.811771,0x433b0b38,28.337372,30.736633,1011.3522,168.92114,189,,,5.75,-3,,5,5
2026-01-22 21:10:00.867396,0x433acb14,28.455318,29.411554,1011.7629,299.59586,129,,,6.0,-12,,3,3
2026-01-22 21:10:09.073180,0x433b0b38,28.372839,30.471785,1011.3432,170.26938,189,,,6.0,-4,,5,5
2026-01-22 21:10:11.330745,0x433ad35c,28.47763,29.899069,1011.759,150.38014,162,,,5.75,-29,,3,3
2026-01-22 21:10:25.650664,0x433aad0c,29.207829,27.569693,1011.7338,177.24867,197,,,6.75,-39,,3,3
2026-01-22 21:11:00.740058,0x433acb14,28.454868,29.449118,1011.76886,299.32556,129,,,6.25,-11,,3,3
2026-01-22 21:11:10.351971,0x433b0b38,28.391405,30.441076,1011.3624,170.9516,188,,,6.25,-3,,5,5
2026-01-22 21:12:00.894032,0x433acb14,28.483702,29.46685,1011.7978,298.7865,129,,,6.25,-12,,3,3
2026-01-22 21:12:08.942609,0x433b0b38,28.409594,30.447521,1011.38477,170.26938,188,,,6.0,-3,,5,5
2026-01-22 21:13:01.188376,0x433acb14,28.514149,29.36745,1011.8207,299.32556,129,,,6.25,-11,,3,3
2026-01-22 21:13:09.100041,0x433b0b38,28.403315,30.472809,1011.3826,170.09967,189,,,6.25,-3,,5,5
2026-01-22 21:13:11.064868,0x433ad35c,28.434727,29.96298,1011.7931,149.04698,163,,,5.75,-27,,3,3
2026-01-22 21:13:25.639619,0x433aad0c,29.221704,27.469969,1011.7925,176.1304,198,,,6.0,-39,,3,3
2026-01-22 21:14:00.857015,0x433acb14,28.503757,29.405567,1011.8068,299.32556,129,,,6.5,-12,,3,3
2026-01-22 21:14:09.345882,0x433b0b38,28.418705,30.413923,1011.4259,170.6098,188,,,6.0,-3,,5,5
2026-01-22 21:15:01.706514,0x433acb14,28.496498,29.411892,1011.83325,298.5177,130,,,6.25,-12,,3,3
2026-01-22 21:15:08.955317,0x433b0b38,28.48696,30.290974,1011.45526,170.9516,188,,,6.0,-3,,5,5
2026-01-22 21:16:00.760545,0x433acb14,28.506544,29.339556,1011.80414,300.13788,129,,,7.0,-11,,3,3
2026-01-22 21:16:08.967982,0x433b0b38,28.40933,30.438185,1011.3965,170.78052,188,,,6.0,-3,,5,5
2026-01-22 21:16:11.201436,0x433ad35c,28.42751,29.944983,1011.80444,149.17923,163,,,6.25,-30,,3,3
2026-01-22 21:16:25.710029,0x433aad0c,29.218912,27.443748,1011.77435,177.43643,197,,,6.5,-37,,3,3
2026-01-22 21:17:01.098384,0x433acb14,28.51953,29.32195,1011.7933,299.86664,129,,,7.25,-11,,3,3
2026-01-22 21:17:09.147358,0x433b0b38,28.547346,30.248892,1011.64105,170.6098,188,,,6.25,-3,,5,5
2026-01-22 21:18:01.071691,0x433acb14,29.115803,28.476393,1012.92065,296.38443,130,,,7.0,-11,,3,3
2026-01-22 21:18:09.365959,0x433b0b38,28.406496,30.564419,1011.3653,170.43942,188,,,5.75,-3,,5,5
2026-01-22 21:19:00.901539,0x433acb14,28.498295,29.462395,1011.72766,300.13788,129,,,7.25,-10,,3,3
2026-01-22 21:19:09.525613,0x433b0b38,28.34709,30.684912,1011.33606,168.25502,189,,,6.0,-3,,5,5
2026-01-22 21:19:11.616093,0x433ad35c,28.407463,30.170513,1011.70624,147.73726,164,,,6.0,-30,,3,3
2026-01-22 21:19:25.734108,0x433aad0c,29.176258,27.672655,1011.69995,174.66109,199,,,7.25,-38,,3,3
2026-01-22 21:20:01.039317,0x433acb14,28.516968,29.435953,1011.72534,297.9815,129,,,6.0,-11,,3,3
2026-01-22 21:20:09.223315,0x433b0b38,28.41103,30.438618,1011.31024,168.75412,189,,,6.0,-3,,5,5
2026-01-22 21:21:00.913506,0x433acb14,28.516968,29.384731,1011.69965,297.71414,130,,,6.0,-10,,3,3
2026-01-22 21:21:09.073896,0x433b0b38,28.428911,30.387957,1011.3107,169.25621,189,,,6.0,-3,,5,5
2026-01-22 21:22:00.897181,0x433acb14,28.534882,29.314762,1011.70605,297.18085,130,,,7.5,-11,,3,3
2026-01-22 21:22:09.143149,0x433b0b38,28.381197,30.569649,1011.3228,168.0893,189,,,6.0,-4,,5,5
2026-01-22 21:22:11.074381,0x433ad35c,28.430094,29.972622,1011.73425,147.34882,164,,,5.5,-32,,3,3
2026-01-22 21:22:26.090228,0x433aad0c,29.22845,27.45417,1011.6808,175.94536,198,,,7.25,-37,,3,3
2026-01-22 21:23:01.143030,0x433acb14,28.552265,29.297533,1011.67474,297.44724,130,,,7.25,-11,,3,3
2026-01-22 21:23:09.770225,0x433b0b38,28.468508,30.36186,1011.32465,169.76126,189,,,6.25,-3,,5,5
2026-01-22 21:24:00.964853,0x433acb14,28.55024,29.288763,1011.6996,296.64948,130,,,8.0,-11,,3,3
2026-01-22 21:24:09.108803,0x433b0b38,28.470665,30.33996,1011.32574,169.9303,189,,,6.0,-3,,5,5
2026-01-22 21:25:00.965538,0x433acb14,28.563032,29.322565,1011.71094,297.9815,131,,,7.5,-11,,3,3
2026-01-22 21:25:09.190895,0x433b0b38,28.4547,30.367783,1011.3178,168.92114,189,,,5.75,-4,,5,5
2026-01-22 21:25:11.146928,0x433ad35c,28.414978,29.976055,1011.6999,148.65164,163,,,5.75,-29,,3,3
2026-01-22 21:25:25.855612,0x433aad0c,29.20343,27.551151,1011.6994,174.8434,199,,,6.5,-38,,3,3
2026-01-22 21:26:02.248729,0x433acb14,28.555357,29.401865,1011.6996,298.2494,129,,,7.25,-11,,3,3
2026-01-22 21:26:09.350033,0x433b0b38,28.45996,30.378944,1011.3015,170.6098,189,,,6.0,-3,,5,5
2026-01-22 21:27:01.499623,0x433acb14,28.563032,29.248657,1011.6834,298.7865,129,,,7.0,-11,,3,3
2026-01-22 21:27:09.725847,0x433b0b38,28.398933,30.651539,1011.2881,168.25502,189,,,6.25,-3,,5,5
2026-01-22 21:28:01.038003,0x433acb14,28.57327,29.284615,1011.6854,299.0558,129,,,8.25,-10,,3,3
2026-01-22 21:28:09.609420,0x433b0b38,28.439617,30.475695,1011.3267,169.25621,189,,,5.75,-3,,5,5
2026-01-22 21:28:11.721355,0x433ad35c,28.402449,30.01904,1011.7131,147.21979,165,,,6.0,-26,,3,3
2026-01-22 21:28:26.275199,0x433aad0c,29.214191,27.477854,1011.67615,175.57652,199,,,5.25,-36,,3,3
2026-01-22 21:29:01.268894,0x433acb14,28.557915,29.416937,1011.70905,298.2494,130,,,6.0,-12,,3,3
2026-01-22 21:29:09.369756,0x433b0b38,28.409555,30.50009,1011.30414,168.75412,189,,,6.0,-3,,5,5
2026-01-22 21:30:01.066519,0x433acb14,28.565517,29.431597,1011.71857,299.0558,129,,,6.25,-12,,3,3
2026-01-22 21:30:09.210372,0x433b0b38,28.391405,30.516191,1011.31537,168.75412,189,,,6.25,-3,,5,5
2026-01-22 21:30:46.166595,0x9e9faaa4,,,,,,349,0.010816088,6.25,-32,,3,2
2026-01-22 21:31:01.125448,0x433acb14,28.547678,29.43935,1011.7312,299.32556,129,,,7.25,-11,,3,3
2026-01-22 21:31:10.333559,0x433ad35c,28.396717,30.012125,1011.701,148.12775,164,,,7.5,-28,,3,3
2026-01-22 21:31:12.307153,0x433b0b38,28.347921,30.710035,1011.31256,167.2656,190,,,6.0,-3,,5,5
2026-01-22 21:31:26.907736,0x433aad0c,29.224045,27.469513,1011.68726,176.1304,199,,,6.25,-36,,3,3
2026-01-22 21:32:01.825272,0x433acb14,28.547678,29.326895,1011.7038,296.64948,130,,,6.0,-12,,3,3
2026-01-22 21:32:09.270786,0x433b0b38,28.41644,30.482012,1011.3257,167.75885,190,,,5.5,-3,,5,5
2026-01-22 21:33:01.424205,0x433acb14,28.565592,29.378477,1011.68945,299.32556,129,,,6.5,-12,,3,3
2026-01-22 21:33:09.388064,0x433b0b38,28.44737,30.449099,1011.32983,167.9239,190,,,5.5,-3,,5,5
2026-01-22 21:34:01.265494,0x433acb14,28.565138,29.428356,1011.7015,296.64948,129,,,6.25,-12,,3,3
2026-01-22 21:34:09.610853,0x433b0b38,28.44291,30.484863,1011.3193,167.59412,190,,,5.75,-3,,5,5
2026-01-22 21:34:11.656025,0x433ad35c,28.392426,30.0274,1011.7046,148.38922,165,,,6.0,-27,,3,3
2026-01-22 21:34:27.121514,0x433aad0c,29.214191,27.48554,1011.6898,175.02612,199,,,6.25,-36,,3,3
2026-01-22 21:35:01.339717,0x433acb14,28.567318,29.336601,1011.7042,298.7865,129,,,5.75,-11,,3,3
2026-01-22 21:35:09.356707,0x433b0b38,28.437653,30.469614,1011.3122,167.59412,190,,,5.75,-3,,5,5
2026-01-22 21:36:01.179446,0x433acb14,28.578388,29.326275,1011.701,296.91492,130,,,6.0,-11,,3,3
2026-01-22 21:36:09.512471,0x433b0b38,28.4223,30.50648,1011.3042,168.58742,190,,,6.25,-3,,5,5
2026-01-22 21:37:01.223424,0x433acb14,28.583506,29.312164,1011.70776,295.59235,130,,,6.25,-12,,3,3
2026-01-22 21:37:09.335588,0x433b0b38,28.423962,30.403618,1011.3355,169.25621,190,,,5.75,-3,,5,5
2026-01-22 21:37:11.236818,0x433ad35c,28.33763,30.232386,1011.7261,145.68892,165,,,6.0,-27,,3,3
2026-01-22 21:37:25.929249,0x433aad0c,29.20615,27.523201,1011.70215,174.2976,199,,,5.75,-37,,3,3
2026-01-22 21:38:01.538838,0x433acb14,28.603977,29.29245,1011.7529,295.06662,130,,,6.25,-12,,3,3
2026-01-22 21:38:10.206941,0x433b0b38,28.448013,30.304623,1011.3349,169.0885,189,,,6.5,-3,,5,5
2026-01-22 21:39:02.090898,0x433acb14,28.596302,29.33776,1011.7278,297.71414,130,,,5.5,-12,,3,3
2026-01-22 21:39:10.074244,0x433b0b38,28.442984,30.355751,1011.35956,168.92114,189,,,6.75,-4,,5,5
2026-01-22 21:40:01.238216,0x433acb14,28.588623,29.423063,1011.73883,297.44724,130,,,6.0,-11,,3,3
2026-01-22 21:40:09.445793,0x433b0b38,28.382708,30.553457,1011.381,166.93837,190,,,5.75,-3,,5,5
2026-01-22 21:40:11.453020,0x433ad35c,28.404957,29.929972,1011.76044,146.9624,165,,,5.75,-28,,3,3
2026-01-22 21:40:26.045171,0x433aad0c,29.229063,27.398634,1011.7339,174.8434,199,,,6.0,-36,,3,3
2026-01-22 21:41:01.355608,0x433acb14,28.504173,29.521507,1011.7846,294.28152,131,,,6.25,-12,,3,3
2026-01-22 21:41:10.098980,0x433b0b38,28.442984,30.278582,1011.39655,169.42422,189,,,6.0,-4,,5,5
2026-01-22 21:42:01.348156,0x433acb14,28.587788,29.257942,1011.82635,295.06662,131,,,6.5,-11,,3,3
2026-01-22 21:42:09.970263,0x433b0b38,28.460114,30.256718,1011.4174,168.92114,189,,,6.0,-4,,5,5
2026-01-22 21:43:01.281171,0x433acb14,28.616774,29.193201,1011.8399,295.59235,131,,,6.25,-12,,3,3
2026-01-22 21:43:09.757942,0x433b0b38,28.47626,30.231941,1011.44714,169.59258,189,,,6.0,-3,,5,5
2026-01-22 21:43:11.739368,0x433ad35c,28.49301,29.763859,1011.93506,147.99736,164,,,6.25,-28,,3,3
2026-01-22 21:43:28.891943,0x433aad0c,29.229328,27.365414,1011.8112,174.8434,199,,,6.25,-36,,3,3
2026-01-22 21:44:01.526188,0x433acb14,28.608835,29.203495,1011.8613,296.11993,131,,,6.25,-12,,3,3
2026-01-22 21:44:09.702712,0x433b0b38,28.470093,30.19664,1011.46185,169.76126,189,,,6.0,-3,,5,5
2026-01-22 21:45:01.493136,0x433acb14,28.596302,29.316694,1011.88586,296.38443,131,,,6.0,-12,,3,3
2026-01-22 21:45:09.644423,0x433b0b38,28.483065,30.186483,1011.4839,170.26938,189,,,6.0,-3,,5,5
2026-01-22 21:46:01.364972,0x433acb14,28.598557,29.334215,1011.8721,295.32925,131,,,6.0,-11,,3,3
2026-01-22 21:46:09.565770,0x433b0b38,28.484013,30.179272,1011.4721,169.9303,189,,,5.75,-3,,5,5
2026-01-22 21:46:11.656007,0x433ad35c,28.415356,29.86944,1011.84515,147.8672,164,,,6.0,-27,,3,3
2026-01-22 21:46:26.015597,0x433aad0c,29.269209,27.378672,1011.8399,174.8434,199,,,7.5,-37,,3,3
2026-01-22 21:47:03.420159,0x433acb14,28.580946,29.21077,1011.8786,294.80447,131,,,6.5,-12,,3,3
2026-01-22 21:47:10.329120,0x433b0b38,28.480337,30.203564,1011.46765,170.09967,189,,,6.75,-4,,5,5
2026-01-22 21:48:01.801167,0x433acb14,28.603977,29.372389,1011.87317,296.91492,130,,,6.0,-11,,3,3
2026-01-22 21:48:09.783828,0x433b0b38,28.49872,30.154425,1011.49176,170.6098,189,,,6.25,-3,,5,5
2026-01-22 21:49:01.554465,0x433acb14,28.578388,29.207241,1011.8881,293.50055,132,,,6.5,-12,,3,3
2026-01-22 21:49:09.650819,0x433b0b38,28.48405,30.181894,1011.4889,169.25621,189,,,5.75,-3,,5,5
2026-01-22 21:49:11.630120,0x433ad35c,28.404274,29.879784,1011.8661,148.25838,165,,,6.0,-28,,3,3
2026-01-22 21:49:28.175136,0x433aad0c,29.201849,27.465248,1011.8753,173.21614,199,,,6.75,-36,,3,3
2026-01-22 21:50:01.625576,0x433acb14,28.605663,29.213406,1011.92206,296.38443,131,,,6.75,-11,,3,3
2026-01-22 21:50:09.729483,0x433b0b38,28.483974,30.311066,1011.5074,169.9303,190,,,5.75,-3,,5,5
2026-01-22 21:51:01.468933,0x433acb14,28.60066,29.15662,1011.891,295.59235,131,,,6.75,-12,,3,3
2026-01-22 21:51:09.899049,0x433b0b38,28.49653,30.28122,1011.5076,169.59258,189,,,6.0,-3,,5,5
2026-01-22 21:52:02.204952,0x433acb14,28.62957,29.362532,1011.92175,294.54276,131,,,6.25,-11,,3,3
2026-01-22 21:52:09.752899,0x433b0b38,28.567259,30.164675,1011.5077,168.42105,189,,,6.5,-3,,5,5
2026-01-22 21:52:11.718857,0x433ad35c,28.447447,29.84802,1011.90967,148.12775,165,,,6.75,-27,,3,3
2026-01-22 21:52:26.200077,0x433aad0c,29.208984,27.432425,1011.8818,173.75517,199,,,6.0,-37,,3,3
2026-01-22 21:53:02.645865,0x433acb14,28.65516,29.289314,1011.9067,293.24118,132,,,7.5,-11,,3,3
2026-01-22 21:53:10.066263,0x433b0b38,28.532032,30.257734,1011.52045,168.0893,190,,,6.0,-3,,5,5
2026-01-22 21:54:01.786686,0x433acb14,28.660278,29.106432,1011.92926,295.32925,131,,,7.25,-10,,3,3
2026-01-22 21:54:09.902173,0x433b0b38,28.521479,30.298508,1011.5349,168.0893,190,,,5.5,-3,,5,5
2026-01-22 21:55:01.528892,0x433acb14,28.644926,29.102512,1011.92535,295.06662,131,,,7.5,-10,,3,3
2026-01-22 21:55:09.759144,0x433b0b38,28.509762,30.312538,1011.53296,167.42969,190,,,5.75,-3,,5,5
2026-01-22 21:55:11.726009,0x433ad35c,28.44494,29.877022,1011.92444,147.99736,164,,,6.5,-29,,3,3
2026-01-22 21:55:26.878562,0x433aad0c,29.24737,27.380722,1011.9265,174.11644,199,,,5.25,-37,,3,3
2026-01-22 21:56:02.243288,0x433acb14,28.670515,29.119629,1011.96027,295.32925,131,,,7.5,-11,,3,3
2026-01-22 21:56:09.930846,0x433b0b38,28.531841,30.279892,1011.5625,167.75885,190,,,6.0,-3,,5,5
2026-01-22 21:57:01.899864,0x433acb14,28.644926,29.11048,1011.9908,291.6944,132,,,7.75,-12,,3,3
2026-01-22 21:57:10.225271,0x433b0b38,28.540579,30.260254,1011.5993,168.0893,190,,,6.25,-4,,5,5
2026-01-22 21:58:01.666293,0x433acb14,28.731174,29.160236,1011.99585,293.24118,132,,,7.25,-11,,3,3
2026-01-22 21:58:09.743481,0x433b0b38,28.550524,30.286194,1011.6101,167.59412,190,,,6.0,-4,,5,5
2026-01-22 21:58:11.709170,0x433ad35c,28.445053,29.89595,1012.00055,148.25838,164,,,6.5,-28,,3,3
2026-01-22 21:58:26.126086,0x433aad0c,29.264511,27.358908,1011.9989,174.11644,199,,,5.75,-37,,3,3
2026-01-22 21:59:02.303829,0x433acb14,28.642365,29.131662,1012.06537,293.24118,132,,,8.0,-10,,3,3
2026-01-22 21:59:09.767680,0x433b0b38,28.55805,30.300665,1011.6638,168.0893,190,,,6.0,-3,,5,5
2026-01-22 22:00:02.206992,0x433acb14,28.63213,29.10666,1012.0841,295.32925,132,,,7.75,-11,,3,3
2026-01-22 22:00:09.771054,0x433b0b38,28.576504,30.24903,1011.6861,167.10182,190,,,5.75,-3,,5,5
2026-01-22 15:00:21.723545,0x433b0b38,28.396585,28.9887,1011.151,196.92308,178,,,6.0,-3,,5,5
2026-01-22 15:00:40.958317,0x433acb14,28.083836,28.413763,1011.5064,303.15433,131,,,7.25,-11,,3,3
2026-01-22 15:01:05.195226,0x433ad35c,28.096743,28.447836,1011.5283,166.13142,154,,,5.25,-28,,3,3
2026-01-22 15:01:21.219241,0x433aad0c,28.792,26.073097,1011.488,362.87418,96,,,5.75,-36,,3,3
2026-01-22 15:01:23.266081,0x433b0b38,28.40918,29.035849,1011.1563,198.29588,177,,,6.25,-4,,5,5
2026-01-22 15:01:40.976648,0x433acb14,28.117826,28.093866,1011.5045,307.36676,130,,,7.5,-11,,3,3
2026-01-22 15:02:21.411829,0x433b0b38,28.471043,28.91143,1011.1812,199.33813,177,,,6.25,-3,,5,5
2026-01-22 15:02:41.142543,0x433acb14,28.11011,28.185684,1011.50696,308.22336,129,,,7.0,-11,,3,3
2026-01-22 15:03:21.380507,0x433b0b38,28.424532,28.934496,1011.1776,199.10558,176,,,6.0,-3,,5,5
2026-01-22 15:03:40.962572,0x433acb14,28.117449,28.2875,1011.52515,310.82193,128,,,7.25,-11,,3,3
2026-01-22 15:04:05.262261,0x433ad35c,28.081442,28.416977,1011.49927,169.31017,153,,,5.5,-28,,3,3
2026-01-22 15:04:21.248045,0x433aad0c,28.79185,26.072681,1011.5137,372.30905,93,,,5.25,-37,,3,3
2026-01-22 15:04:23.643305,0x433b0b38,28.553436,28.773373,1011.17596,200.03906,176,,,6.5,-3,,5,5
2026-01-22 15:04:40.995373,0x433acb14,28.084103,28.302422,1011.5304,310.24066,128,,,7.0,-10,,3,3
2026-01-22 15:05:21.349908,0x433b0b38,28.49441,28.732868,1011.199,202.29158,175,,,6.0,-4,,5,5
2026-01-22 15:05:41.051393,0x433acb14,28.092234,28.221127,1011.5451,311.991,128,,,7.75,-11,,3,3
2026-01-22 15:06:21.367645,0x433b0b38,28.468582,28.849796,1011.23224,203.74054,175,,,6.0,-3,,5,5
2026-01-22 15:06:41.519648,0x433acb14,28.089298,28.165913,1011.5837,314.65378,127,,,7.75,-11,,3,3
2026-01-22 15:07:05.198721,0x433ad35c,28.141153,28.246317,1011.57263,171.90695,151,,,5.5,-28,,3,3
2026-01-22 15:07:21.420237,0x433aad0c,28.75682,26.27352,1011.55585,380.95084,89,,,5.5,-36,,3,3
2026-01-22 15:07:23.510914,0x433b0b38,28.452284,28.752941,1011.24115,203.98407,175,,,6.25,-3,,5,5
2026-01-22 15:07:41.024545,0x433acb14,28.089146,28.104206,1011.5837,317.66626,126,,,7.5,-11,,3,3
2026-01-22 15:08:22.059409,0x433b0b38,28.507116,28.547419,1011.22614,207.58159,174,,,6.25,-3,,5,5
2026-01-22 15:08:41.709222,0x433acb14,28.06367,28.109629,1011.5678,317.97067,126,,,7.25,-10,,3,3
2026-01-22 15:09:21.415085,0x433b0b38,28.538048,28.51648,1011.2235,207.32942,174,,,6.25,-3,,5,5
2026-01-22 15:09:41.691942,0x433acb14,28.076792,28.180075,1011.58765,321.0473,126,,,7.5,-11,,3,3
2026-01-22 15:10:05.238911,0x433ad35c,28.061811,28.349743,1011.5634,173.86247,150,,,6.5,-28,,3,3
2026-01-22 15:10:21.299046,0x433aad0c,28.796906,25.887304,1011.5777,383.13144,87,,,5.5,-37,,3,3
2026-01-22 15:10:23.666479,0x433b0b38,28.506966,28.52676,1011.2412,209.87907,173,,,6.0,-3,,5,5
2026-01-22 15:10:41.649884,0x433acb14,28.071117,28.031652,1011.555,321.6698,125,,,7.5,-10,,3,3
2026-01-22 15:11:21.485820,0x433b0b38,28.489344,28.61588,1011.21375,210.39655,173,,,6.0,-3,,5,5
2026-01-22 15:11:41.777094,0x433acb14,28.076805,28.028435,1011.5431,323.86765,124,,,7.25,-11,,3,3
2026-01-22 15:12:21.490200,0x433b0b38,28.409481,28.552332,1011.1949,212.75711,172,,,6.0,-3,,5,5
2026-01-22 15:12:42.072924,0x433acb14,28.076542,28.01145,1011.5585,326.73798,124,,,7.5,-10,,3,3
2026-01-22 15:13:05.331357,0x433ad35c,28.116528,28.094894,1011.57825,177.53432,148,,,6.0,-28,,3,3
2026-01-22 15:13:21.324703,0x433aad0c,28.7635,25.79565,1011.55707,394.8853,83,,,5.5,-36,,3,3
2026-01-22 15:13:23.531473,0x433b0b38,28.448048,28.543354,1011.22125,214.22594,172,,,6.25,-3,,5,5
2026-01-22 15:13:42.839628,0x433acb14,28.058891,27.983894,1011.5128,326.73798,123,,,7.75,-11,,3,3
2026-01-22 15:14:22.815897,0x433b0b38,28.367199,28.52397,1011.20514,213.68948,171,,,5.75,-3,,5,5
2026-01-22 15:14:38.420857,0x433af380,27.928638,27.038363,1012.2233,101.28013,63,,,6.25,-21,,3,3
2026-01-22 15:14:43.470048,0x433acb14,28.053772,27.939713,1011.55554,328.67993,123,,,7.75,-11,,3,3
2026-01-22 15:15:21.859840,0x433b0b38,28.460682,28.467596,1011.4897,212.75711,172,,,6.0,-3,,5,5
2026-01-22 15:15:42.948157,0x433acb14,28.053772,27.912155,1011.59326,332.9678,122,,,6.5,-11,,3,3
2026-01-22 15:16:05.474777,0x433ad35c,28.081669,28.097752,1011.596,178.28737,148,,,6.0,-28,,3,3
2026-01-22 15:16:21.419792,0x433aad0c,28.745453,26.062225,1011.5774,404.42938,79,,,5.75,-37,,3,3
2026-01-22 15:16:24.096228,0x433b0b38,28.382708,28.521511,1011.22144,216.39899,171,,,6.5,-3,,5,5
2026-01-22 15:16:42.151722,0x433acb14,28.061598,27.909029,1011.5737,334.30975,121,,,7.5,-11,,3,3
2026-01-22 15:17:21.609024,0x433b0b38,28.391405,28.50347,1011.2044,217.22528,170,,,6.0,-3,,5,5
2026-01-22 15:17:44.370009,0x433acb14,28.04903,27.94188,1011.55365,334.6469,121,,,7.5,-11,,3,3
2026-01-22 15:18:21.620743,0x433b0b38,28.378397,28.568783,1011.19745,217.50212,170,,,6.25,-3,,5,5
2026-01-22 15:18:42.652680,0x433acb14,28.05633,27.849236,1011.58215,338.4012,120,,,7.0,-10,,3,3
2026-01-22 15:19:05.337818,0x433ad35c,28.099213,28.009954,1011.5568,181.16917,146,,,6.0,-28,,3,3
2026-01-22 15:19:21.378651,0x433aad0c,28.76369,25.877792,1011.552,413.9336,75,,,5.75,-36,,3,3
2026-01-22 15:19:23.296233,0x433b0b38,28.35552,28.538746,1011.1965,218.05792,170,,,6.0,-3,,5,5
2026-01-22 15:19:44.098131,0x433acb14,28.035858,27.92679,1011.54565,337.369,120,,,7.25,-11,,3,3
2026-01-22 15:20:21.671881,0x433b0b38,28.365808,28.58538,1011.1888,217.50212,170,,,5.75,-3,,5,5
2026-01-22 15:20:43.543457,0x433acb14,28.048653,27.918457,1011.5313,339.43982,120,,,7.0,-10,,3,3
2026-01-22 15:21:21.834243,0x433b0b38,28.349277,28.61102,1011.1658,220.88007,170,,,5.75,-3,,5,5
2026-01-22 15:21:42.721366,0x433acb14,28.061447,27.828676,1011.5325,341.5362,119,,,6.75,-11,,3,3
2026-01-22 15:22:05.345862,0x433ad35c,28.081669,28.10234,1011.5079,183.94421,145,,,5.75,-28,,3,3
2026-01-22 15:22:21.707631,0x433aad0c,28.76369,25.658665,1011.4696,427.6873,71,,,5.0,-36,,3,3
2026-01-22 15:22:23.701127,0x433b0b38,28.36084,28.530083,1011.1561,221.30971,169,,,6.25,-3,,5,5
2026-01-22 15:22:43.048951,0x433acb14,28.05381,27.817463,1011.50574,343.30307,118,,,7.25,-11,,3,3
2026-01-22 15:23:21.754574,0x433b0b38,28.354801,28.459873,1011.1696,220.30981,169,,,5.75,-3,,5,5
2026-01-22 15:23:42.949795,0x433acb14,28.040977,27.800194,1011.50476,343.65866,118,,,6.25,-10,,3,3
2026-01-22 15:24:21.993742,0x433b0b38,28.291351,28.639408,1011.1689,221.74101,169,,,5.75,-3,,5,5
2026-01-22 15:24:41.474352,0x433acb14,28.035858,27.775711,1011.4873,346.16837,118,,,7.5,-11,,3,3
2026-01-22 15:25:05.360614,0x433ad35c,28.09148,28.142149,1011.48883,182.74457,145,,,5.75,-29,,3,3
2026-01-22 15:25:21.438019,0x433aad0c,28.768656,25.757412,1011.49194,431.8262,69,,,5.5,-36,,3,3
2026-01-22 15:25:23.497606,0x433b0b38,28.347052,28.410763,1011.1513,222.174,168,,,6.0,-3,,5,5
2026-01-22 15:25:41.756714,0x433acb14,28.038567,27.736183,1011.5107,346.16837,117,,,5.75,-11,,3,3
2026-01-22 15:26:21.930560,0x433b0b38,28.334686,28.39684,1011.14453,225.10442,168,,,6.0,-3,,5,5
2026-01-22 15:26:42.147140,0x433acb14,28.046095,27.7971,1011.5235,349.4496,116,,,7.25,-11,,3,3
2026-01-22 15:27:22.305985,0x433b0b38,28.32391,28.406137,1011.1454,226.29834,167,,,6.75,-3,,5,5
2026-01-22 15:27:41.619050,0x433acb14,28.04568,27.801727,1011.52527,353.54547,116,,,8.0,-11,,3,3
2026-01-22 15:28:05.785726,0x433ad35c,28.207088,27.948397,1011.63074,184.14568,144,,,6.25,-28,,3,3
2026-01-22 15:28:19.059839,0x9e9faaa4,,,,,,12,0.00610164,6.25,-29,,3,2
2026-01-22 15:28:22.620550,0x433aad0c,28.812138,25.856066,1011.5204,434.34824,68,,,5.5,-36,,3,3
2026-01-22 15:28:24.617608,0x433b0b38,28.337446,28.379366,1011.1606,226.44847,167,,,6.25,-3,,5,5
2026-01-22 15:28:42.460028,0x433acb14,28.035858,27.82668,1011.54224,352.045,116,,,7.75,-11,,3,3
2026-01-22 15:29:22.348890,0x433b0b38,28.342062,28.396679,1011.1745,227.65674,167,,,6.25,-3,,5,5
2026-01-22 15:29:41.619982,0x433acb14,28.03074,27.7885,1011.54724,353.92258,115,,,7.25,-11,,3,3
2026-01-22 15:30:22.613685,0x433b0b38,28.35049,28.396187,1011.19434,227.20212,166,,,6.0,-3,,5,5
2026-01-22 15:30:42.032333,0x433acb14,28.051363,27.76714,1011.5529,357.35315,115,,,7.5,-11,,3,3
2026-01-22 15:31:05.408308,0x433ad35c,28.124352,28.01926,1011.5652,184.3476,144,,,6.25,-28,,3,3
2026-01-22 15:31:22.116863,0x433aad0c,28.748667,25.805143,1011.54584,429.3333,69,,,5.5,-36,,3,3
2026-01-22 15:31:25.328399,0x433b0b38,28.352232,28.374899,1011.2273,229.4935,166,,,5.75,-3,,5,5
2026-01-22 15:31:41.938691,0x433acb14,28.06513,27.699085,1011.5746,359.67737,114,,,7.5,-11,,3,3
2026-01-22 15:32:21.996042,0x433b0b38,28.35034,28.317875,1011.2297,231.20343,166,,,6.0,-3,,5,5
2026-01-22 15:32:43.012273,0x433acb14,28.0406,27.754345,1011.57324,359.67737,114,,,7.25,-11,,3,3
2026-01-22 15:33:22.358982,0x433b0b38,28.347921,28.387627,1011.23865,231.36014,166,,,5.75,-4,,5,5
2026-01-22 15:33:41.612080,0x433acb14,28.041016,27.807436,1011.5939,358.12457,114,,,7.25,-11,,3,3
2026-01-22 15:34:05.435178,0x433ad35c,28.116869,28.142616,1011.59906,183.94421,144,,,6.25,-28,,3,3
2026-01-22 15:34:22.583812,0x433b0b38,28.396095,28.369581,1011.2182,230.5787,166,,,5.75,-3,,5,5
2026-01-22 15:34:42.045470,0x433acb14,28.017643,27.876831,1011.6045,358.51157,114,,,7.5,-10,,3,3
2026-01-22 15:35:22.018291,0x433b0b38,28.444607,28.318792,1011.21967,231.04694,165,,,6.0,-3,,5,5
2026-01-22 15:35:42.192826,0x433acb14,28.023064,27.822315,1011.56683,359.67737,113,,,7.25,-11,,3,3
2026-01-22 15:36:23.094795,0x433b0b38,28.409103,28.358376,1011.1848,230.11237,166,,,6.25,-3,,5,5
2026-01-22 15:36:42.255891,0x433acb14,28.038416,27.838814,1011.5346,360.06772,113,,,7.5,-11,,3,3
2026-01-22 15:37:05.583047,0x433ad35c,28.136805,28.21379,1011.54865,183.74318,144,,,6.25,-28,,3,3
2026-01-22 15:37:22.708801,0x433aad0c,28.776413,26.030647,1011.53156,423.0914,71,,,6.5,-36,,3,3
2026-01-22 15:37:24.880071,0x433b0b38,28.370459,28.40148,1011.1658,230.5787,166,,,6.25,-4,,5,5
2026-01-22 15:37:42.038425,0x433acb14,28.040977,27.82367,1011.51495,360.45886,113,,,7.25,-10,,3,3
2026-01-22 15:38:22.357542,0x433b0b38,28.334574,28.43471,1011.1511,230.73456,166,,,6.0,-3,,5,5
2026-01-22 15:38:42.175540,0x433acb14,28.043533,27.847073,1011.48663,361.6375,113,,,7.75,-10,,3,3
2026-01-22 15:39:22.195372,0x433b0b38,28.311623,28.525642,1011.08295,230.42305,166,,,5.75,-3,,5,5
2026-01-22 15:39:41.731272,0x433acb14,28.05893,27.927795,1011.4424,361.6375,112,,,7.0,-11,,3,3
2026-01-22 15:40:05.598409,0x433ad35c,28.101074,28.221148,1011.43665,183.54257,144,,,6.0,-29,,3,3
2026-01-22 15:40:22.998810,0x433b0b38,28.31075,28.552729,1011.07794,229.6479,166,,,6.0,-3,,5,5
2026-01-22 15:40:25.288386,0x433aad0c,28.774555,26.071804,1011.43,412.40335,75,,,5.75,-36,,3,3
2026-01-22 15:40:43.105477,0x433acb14,28.079512,27.829529,1011.41534,366.02582,112,,,7.75,-11,,3,3
2026-01-22 15:41:24.314466,0x433b0b38,28.300766,28.564405,1011.0536,229.95732,166,,,5.75,-3,,5,5
2026-01-22 15:41:41.792869,0x433acb14,28.071686,27.952633,1011.4264,362.82388,112,,,7.0,-11,,3,3
2026-01-22 15:42:23.144515,0x433b0b38,28.286097,28.612862,1011.0524,228.41847,166,,,6.0,-3,,5,5
2026-01-22 15:42:42.091851,0x433acb14,28.089676,27.83891,1011.41724,366.83514,111,,,7.25,-10,,3,3
2026-01-22 15:43:06.024293,0x433ad35c,28.134441,28.335466,1011.4276,183.54257,144,,,6.25,-28,,3,3
2026-01-22 15:43:22.273393,0x433aad0c,28.774412,26.123953,1011.41046,410.88434,76,,,5.75,-36,,3,3
2026-01-22 15:43:25.870126,0x433b0b38,28.269491,28.622187,1011.0394,228.7246,166,,,5.75,-3,,5,5
2026-01-22 15:43:41.864896,0x433acb14,28.08448,27.91845,1011.39825,362.42752,112,,,7.5,-10,,3,3
2026-01-22 15:44:26.379749,0x433b0b38,28.285568,28.631317,1011.04395,228.87798,166,,,6.25,-3,,5,5
2026-01-22 15:44:41.957017,0x433acb14,28.112633,27.855804,1011.4049,366.02582,111,,,7.75,-11,,3,3
2026-01-22 15:45:23.878045,0x433b0b38,28.275055,28.728834,1011.04645,228.26572,166,,,6.25,-3,,5,5
2026-01-22 15:45:42.390357,0x433acb14,28.110071,27.898985,1011.404,365.62247,111,,,7.5,-11,,3,3
2026-01-22 15:46:05.702697,0x433ad35c,28.127007,28.39541,1011.4069,182.34816,145,,,6.0,-28,,3,3
2026-01-22 15:46:21.765249,0x433aad0c,28.776827,26.16904,1011.4064,405.16385,77,,,5.5,-36,,3,3
2026-01-22 15:46:23.986948,0x433b0b38,28.285263,28.69426,1011.0406,228.11317,166,,,6.0,-4,,5,5
2026-01-22 15:46:41.917687,0x433acb14,28.120308,27.89999,1011.40765,364.81848,111,,,6.25,-11,,3,3
2026-01-22 15:47:22.881245,0x433b0b38,28.290596,28.699524,1011.05786,227.20212,166,,,6.5,-3,,5,5
2026-01-22 15:47:41.943499,0x433acb14,28.104954,27.927011,1011.3918,364.4178,111,,,7.25,-11,,3,3
2026-01-22 15:48:23.886995,0x433b0b38,28.341404,28.654198,1011.01105,227.505,166,,,6.0,-3,,5,5
2026-01-22 15:48:42.012318,0x433acb14,28.096401,28.00864,1011.39777,363.61905,111,,,7.5,-11,,3,3
2026-01-22 15:49:06.548217,0x433ad35c,28.14645,28.32505,1011.40326,182.34816,145,,,6.0,-28,,3,3
2026-01-22 15:49:22.137133,0x433aad0c,28.783428,26.215183,1011.38544,398.88596,80,,,6.0,-36,,3,3
2026-01-22 15:49:24.228813,0x433b0b38,28.325516,28.6766,1011.02325,225.99867,167,,,6.75,-3,,5,5
2026-01-22 15:49:42.487373,0x433acb14,28.081999,28.010416,1011.37164,363.221,111,,,7.5,-11,,3,3
2026-01-22 15:50:22.798791,0x433b0b38,28.303339,28.733084,1011.006,226.29834,167,,,5.75,-3,,5,5
2026-01-22 15:50:42.315814,0x433acb14,28.079361,27.982235,1011.36383,364.81848,111,,,7.25,-11,,3,3
2026-01-22 15:51:22.847712,0x433b0b38,28.308329,28.73774,1011.01825,226.90005,166,,,6.25,-3,,5,5
2026-01-22 15:51:42.544483,0x433acb14,28.08448,28.028511,1011.3502,364.4178,111,,,7.75,-10,,3,3
2026-01-22 15:52:06.694518,0x433ad35c,28.18927,28.290705,1011.3809,181.16917,145,,,6.0,-28,,3,3
2026-01-22 15:52:22.784680,0x433aad0c,28.79109,26.17123,1011.3542,393.95563,82,,,5.5,-36,,3,3
2026-01-22 15:52:25.967065,0x433b0b38,28.309162,28.733387,1010.9897,226.74933,167,,,6.25,-3,,5,5
2026-01-22 15:52:42.246511,0x433acb14,28.082073,28.007898,1011.34076,367.2412,111,,,7.0,-11,,3,3
2026-01-22 15:53:22.994861,0x433b0b38,28.303642,28.742561,1010.9657,228.11317,166,,,6.0,-3,,5,5
2026-01-22 15:53:42.099610,0x433acb14,28.074244,28.05906,1011.3243,363.221,111,,,7.75,-11,,3,3
2026-01-22 15:54:22.878897,0x433b0b38,28.301031,28.79254,1010.9427,226.1484,167,,,6.0,-4,,5,5
2026-01-22 15:54:42.360173,0x433acb14,28.068863,28.06495,1011.3001,365.62247,111,,,7.25,-11,,3,3
2026-01-22 15:55:05.770218,0x433ad35c,28.1095,28.480679,1011.30255,181.36461,145,,,5.5,-29,,3,3
2026-01-22 15:55:22.635190,0x433aad0c,28.796299,26.21102,1011.2655,388.24277,84,,,6.25,-36,,3,3
2026-01-22 15:55:26.308021,0x433b0b38,28.29884,28.8427,1010.9418,224.95607,167,,,6.25,-3,,5,5
2026-01-22 15:55:42.380388,0x433acb14,28.048653,28.150822,1011.2602,362.42752,111,,,7.75,-11,,3,3
2026-01-22 15:56:23.495675,0x433b0b38,28.332342,28.760311,1010.915,225.10442,167,,,6.0,-3,,5,5
2026-01-22 15:56:42.395718,0x433acb14,28.105104,28.048048,1011.26654,364.018,111,,,7.0,-11,,3,3
2026-01-22 15:57:23.523831,0x433b0b38,28.322132,28.76938,1010.8672,225.40172,167,,,6.0,-4,,5,5
2026-01-22 15:57:42.766259,0x433acb14,28.102394,28.0257,1011.2415,365.62247,110,,,5.75,-12,,3,3
2026-01-22 15:58:05.619984,0x433ad35c,28.108934,28.458527,1011.25073,181.16917,145,,,6.25,-28,,3,3
2026-01-22 15:58:22.574614,0x433aad0c,28.804497,26.16664,1011.2189,383.35086,86,,,6.0,-36,,3,3
2026-01-22 15:58:27.393152,0x433b0b38,28.3152,28.786364,1010.8505,225.6998,167,,,6.5,-4,,5,5
2026-01-22 15:58:42.216778,0x433acb14,28.0896,27.968777,1011.2644,366.02582,110,,,7.5,-12,,3,3
2026-01-22 15:59:24.847406,0x433b0b38,28.306292,28.75204,1010.8693,225.6998,167,,,6.0,-3,,5,5
2026-01-22 15:59:42.279055,0x433acb14,28.107512,27.988052,1011.252,368.46463,110,,,5.75,-11,,3,3
2026-01-22 18:00:31.994315,0x433b0b38,28.378662,30.158918,1010.97577,182.27127,183,,,6.0,-3,,5,5
2026-01-22 18:00:51.829024,0x433acb14,28.068634,29.521116,1011.35675,457.79065,107,,,7.5,-11,,3,3
2026-01-22 18:01:06.770017,0x433ad35c,28.106844,30.244165,1011.3467,158.16086,156,,,6.0,-28,,3,3
2026-01-22 18:01:24.648652,0x433aad0c,28.857603,27.833916,1011.3248,219.7682,178,,,5.25,-36,,3,3
2026-01-22 18:01:33.678173,0x433b0b38,28.370459,30.199293,1010.9692,181.68915,183,,,6.25,-3,,5,5
2026-01-22 18:01:52.238954,0x433acb14,28.023064,29.769186,1011.3129,322.92206,119,,,7.5,-10,,3,3
2026-01-22 18:02:32.408526,0x433b0b38,28.376205,30.21603,1010.96466,181.68915,183,,,6.25,-3,,5,5
2026-01-22 18:02:52.127003,0x433acb14,28.05144,29.743195,1011.34015,324.18405,120,,,7.5,-10,,3,3
2026-01-22 18:03:32.617882,0x433b0b38,28.37337,30.28368,1010.977,181.30312,183,,,6.25,-4,,5,5
2026-01-22 18:03:52.167596,0x433acb14,28.04778,29.76558,1011.3683,324.50113,120,,,5.75,-12,,3,3
2026-01-22 18:04:06.870491,0x433ad35c,28.116148,30.366045,1011.3587,159.05867,155,,,6.0,-28,,3,3
2026-01-22 18:04:24.745983,0x433aad0c,28.862814,27.958914,1011.3475,215.87875,180,,,6.25,-36,,3,3
2026-01-22 18:04:32.681458,0x433b0b38,28.367544,30.363878,1011.0084,179.5861,183,,,6.25,-3,,5,5
2026-01-22 18:04:52.259447,0x433acb14,28.038755,29.868042,1011.35956,323.55185,120,,,7.0,-11,,3,3
2026-01-22 18:05:32.749818,0x433b0b38,28.355444,30.416887,1011.0049,179.5861,183,,,6.0,-3,,5,5
2026-01-22 18:05:53.769782,0x433acb14,28.033224,29.918749,1011.38855,323.23663,120,,,6.25,-11,,3,3
2026-01-22 18:06:34.850363,0x433b0b38,28.355444,30.424568,1011.03,180.72714,183,,,6.5,-4,,5,5
2026-01-22 18:06:51.957993,0x433acb14,28.03074,29.93393,1011.39795,322.60806,120,,,6.0,-11,,3,3
2026-01-22 18:07:06.817485,0x433ad35c,28.089226,30.423859,1011.3789,159.20926,155,,,6.5,-28,,3,3
2026-01-22 18:07:31.395891,0x433aad0c,28.850016,28.028526,1011.3834,215.87875,180,,,5.75,-70,,3,2
2026-01-22 18:07:34.726523,0x433b0b38,28.368446,30.432499,1011.01746,180.34518,183,,,5.75,-3,,5,5
2026-01-22 18:07:52.743105,0x433acb14,28.040865,29.949152,1011.37427,323.55185,120,,,7.5,-11,,3,3
2026-01-22 18:08:34.132463,0x433b0b38,28.356993,30.468918,1011.0295,179.96484,183,,,6.0,-4,,5,5
2026-01-22 18:08:52.095650,0x433acb14,28.046095,29.85065,1011.36395,320.73697,121,,,7.75,-10,,3,3
2026-01-22 18:09:34.200019,0x433b0b38,28.347694,30.520939,1011.00183,179.96484,183,,,6.75,-3,,5,5
2026-01-22 18:09:52.056790,0x433acb14,28.142479,29.69864,1011.37085,321.0473,121,,,7.25,-11,,3,3
2026-01-22 18:10:07.062292,0x433ad35c,28.083721,30.542782,1011.3825,157.56793,155,,,5.5,-28,,3,3
2026-01-22 18:10:23.624176,0x433aad0c,28.84496,28.074232,1011.3658,213.36134,182,,,5.75,-36,,3,3
2026-01-22 18:10:34.515068,0x433b0b38,28.352346,30.52457,1010.9837,179.5861,183,,,6.0,-3,,5,5
2026-01-22 18:10:52.416455,0x433acb14,28.068253,29.992512,1011.3912,320.73697,118,,,8.0,-11,,3,3
2026-01-22 18:11:34.231773,0x433b0b38,28.383694,30.521137,1010.9929,180.91873,183,,,6.25,-4,,5,5
2026-01-22 18:11:52.375595,0x433acb14,28.065731,29.92584,1011.3729,319.80957,121,,,7.25,-10,,3,3
2026-01-22 18:12:35.222262,0x433b0b38,28.378323,30.610355,1010.99585,179.77528,183,,,6.0,-4,,5,5
2026-01-22 18:12:52.064273,0x433acb14,28.061636,30.037918,1011.3712,324.18405,120,,,7.5,-11,,3,3
2026-01-22 18:13:06.860676,0x433ad35c,28.089302,30.603346,1011.38745,157.27316,156,,,5.5,-28,,3,3
2026-01-22 18:13:23.666175,0x433aad0c,28.857567,28.097694,1011.37286,209.96088,184,,,5.75,-36,,3,3
2026-01-22 18:13:34.733551,0x433b0b38,28.364708,30.61642,1010.98895,177.90132,184,,,6.0,-3,,5,5
2026-01-22 18:13:52.492001,0x433acb14,28.0558,30.143488,1011.37115,320.42722,121,,,7.5,-11,,3,3
2026-01-22 18:14:34.986243,0x433b0b38,28.36834,30.63736,1011.01013,179.02098,183,,,6.5,-3,,5,5
2026-01-22 18:14:43.452449,0x433af380,27.327946,31.082905,1012.06854,105.0125,57,,,6.25,-21,,3,3
2026-01-22 18:14:52.370589,0x433acb14,28.060802,30.121595,1011.3798,318.88748,120,,,7.0,-10,,3,3
2026-01-22 18:15:35.244907,0x433b0b38,28.355444,30.647697,1011.01337,179.96484,183,,,6.0,-3,,5,5
2026-01-22 18:15:52.714506,0x433acb14,28.05599,30.132708,1011.39685,319.80957,121,,,8.0,-11,,3,3
2026-01-22 18:16:07.655601,0x433ad35c,28.061924,30.68071,1011.3767,153.67915,158,,,5.5,-28,,3,3
2026-01-22 18:16:23.705157,0x433aad0c,28.875305,28.104969,1011.37164,208.36682,186,,,5.75,-36,,3,3
2026-01-22 18:16:36.366666,0x433b0b38,28.339828,30.698343,1011.0087,179.39734,184,,,6.25,-3,,5,5
2026-01-22 18:16:52.242390,0x433acb14,28.043873,30.049997,1011.37,318.88748,121,,,7.5,-12,,3,3
2026-01-22 18:17:36.416753,0x433b0b38,28.340017,30.727455,1011.01215,177.90132,184,,,6.25,-3,,5,5
2026-01-22 18:17:52.219628,0x433acb14,28.027613,30.06802,1011.3731,320.11813,121,,,7.0,-11,,3,3
2026-01-22 18:18:36.717715,0x433b0b38,28.342667,30.71039,1010.9964,178.4594,184,,,6.0,-3,,5,5
2026-01-22 18:18:52.183081,0x433acb14,28.019743,30.091536,1011.37036,316.75647,121,,,7.75,-11,,3,3
2026-01-22 18:19:06.962466,0x433ad35c,28.064241,30.71129,1011.35156,155.24008,157,,,6.25,-27,,3,3
2026-01-22 18:19:23.608807,0x433aad0c,28.860132,28.208563,1011.3377,204.6127,189,,,6.0,-36,,3,3
2026-01-22 18:19:36.302036,0x433b0b38,28.352686,30.761198,1011.0039,176.79558,184,,,5.75,-3,,5,5
2026-01-22 18:19:52.862640,0x433acb14,27.999386,30.259075,1011.3545,315.25168,122,,,7.5,-11,,3,3
2026-01-22 18:20:37.170008,0x433b0b38,28.357904,30.708208,1010.99084,178.27298,184,,,5.75,-3,,5,5
2026-01-22 18:20:52.363871,0x433acb14,28.012753,30.302725,1011.3453,314.95245,122,,,7.5,-11,,3,3
2026-01-22 18:21:39.229901,0x433b0b38,28.347733,30.782785,1010.97327,177.34674,184,,,6.0,-3,,5,5
2026-01-22 18:21:52.488075,0x433acb14,28.0202,30.364967,1011.34125,313.16885,123,,,7.25,-11,,3,3
2026-01-22 18:22:07.756602,0x433ad35c,28.049091,30.828785,1011.3292,154.10175,158,,,5.25,-28,,3,3
2026-01-22 18:22:23.588196,0x433aad0c,28.847788,28.269852,1011.33795,202.97339,190,,,6.0,-36,,3,3
2026-01-22 18:22:38.417809,0x433b0b38,28.342741,30.790407,1010.9796,176.43005,185,,,6.25,-3,,5,5
2026-01-22 18:22:52.255048,0x433acb14,28.025734,30.415852,1011.32745,313.16885,126,,,7.25,-10,,3,3
2026-01-22 18:23:38.168101,0x433b0b38,28.339678,30.804312,1010.97003,175.34247,185,,,6.0,-3,,5,5
2026-01-22 18:23:52.355177,0x433acb14,28.051212,30.290274,1011.3539,314.65378,123,,,7.75,-11,,3,3
2026-01-22 18:24:37.483478,0x433b0b38,28.33998,30.8049,1010.98694,176.61263,184,,,6.25,-3,,5,5
2026-01-22 18:24:52.487444,0x433acb14,28.045832,30.168262,1011.3485,314.05814,123,,,6.5,-10,,3,3
2026-01-22 18:25:07.034398,0x433ad35c,28.085808,30.768383,1011.35913,154.66881,157,,,6.25,-28,,3,3
2026-01-22 18:25:23.616399,0x433aad0c,28.846804,28.297836,1011.3704,201.97757,191,,,5.5,-36,,3,3
2026-01-22 18:25:38.510789,0x433b0b38,28.352423,30.801136,1010.98883,176.43005,185,,,6.25,-4,,5,5
2026-01-22 18:25:52.432157,0x433acb14,27.984863,30.43842,1011.3507,310.53104,123,,,8.0,-11,,3,3
2026-01-22 18:26:40.261033,0x433b0b38,28.339184,30.838125,1010.9819,177.16263,184,,,6.0,-3,,5,5
2026-01-22 18:26:53.387286,0x433acb14,28.036085,30.35636,1011.3363,313.16885,123,,,7.25,-11,,3,3
2026-01-22 18:27:38.794616,0x433b0b38,28.350264,30.880142,1010.9675,175.1625,185,,,6.25,-3,,5,5
2026-01-22 18:27:53.038760,0x433acb14,28.048578,30.211067,1011.3546,313.46472,123,,,7.25,-11,,3,3
2026-01-22 18:28:06.983740,0x433ad35c,28.076622,30.829838,1011.3368,154.2431,158,,,6.0,-28,,3,3
2026-01-22 18:28:23.839065,0x433aad0c,28.84228,28.298468,1011.3237,201.4833,192,,,5.5,-36,,3,3
2026-01-22 18:28:39.066214,0x433b0b38,28.337597,30.869743,1010.949,175.34247,185,,,6.5,-4,,5,5
2026-01-22 18:28:53.103738,0x433acb14,28.040977,30.21634,1011.31934,314.05814,123,,,7.25,-11,,3,3
2026-01-22 18:29:38.740497,0x433b0b38,28.332493,30.868296,1010.9334,176.06602,185,,,6.0,-3,,5,5
2026-01-22 18:29:53.158500,0x433acb14,28.030172,30.269056,1011.31226,311.11334,123,,,5.75,-11,,3,3
2026-01-22 18:30:38.953164,0x433b0b38,28.337183,30.917328,1010.9372,174.98291,185,,,6.0,-4,,5,5
2026-01-22 18:30:54.423438,0x433acb14,28.688429,29.268473,1012.451,310.24066,123,,,7.5,-11,,3,3
2026-01-22 18:31:07.057888,0x433ad35c,28.09925,30.792284,1011.30444,154.81123,157,,,5.25,-28,,3,3
2026-01-22 18:31:23.782078,0x433aad0c,28.845224,28.280157,1011.2955,200.50201,192,,,5.5,-37,,3,3
2026-01-22 18:31:40.589524,0x433b0b38,28.344479,30.890455,1010.95044,176.43005,185,,,6.25,-3,,5,5
2026-01-22 18:31:53.381558,0x433acb14,28.16637,30.223251,1011.3262,315.8519,122,,,7.5,-11,,3,3
2026-01-22 18:32:40.309099,0x433b0b38,28.373444,30.888058,1010.96014,174.09045,185,,,5.75,-3,,5,5
2026-01-22 18:32:53.084633,0x433acb14,28.020502,30.455484,1011.3,311.6979,123,,,7.75,-11,,3,3
2026-01-22 18:33:40.558951,0x433b0b38,28.296267,31.099669,1010.95905,173.20703,185,,,6.5,-3,,5,5
2026-01-22 18:33:54.128527,0x433acb14,28.10298,30.14549,1011.30566,308.79703,124,,,7.25,-11,,3,3
2026-01-22 18:34:07.013102,0x433ad35c,28.135359,30.741983,1011.3212,154.2431,157,,,7.25,-28,,3,3
2026-01-22 18:34:23.735530,0x433aad0c,28.834465,28.29732,1011.30164,201.36012,192,,,5.5,-36,,3,3
2026-01-22 18:34:40.827502,0x433b0b38,28.345121,30.920187,1010.9303,175.1625,185,,,6.0,-3,,5,5
2026-01-22 18:34:53.939148,0x433acb14,28.09978,30.237585,1011.30396,312.28464,123,,,6.75,-11,,3,3
2026-01-22 18:35:40.351075,0x433b0b38,28.34259,30.899971,1010.9292,175.5228,185,,,6.0,-3,,5,5
2026-01-22 18:35:53.851171,0x433acb14,28.035595,30.388504,1011.30383,311.6979,123,,,7.75,-11,,3,3
2026-01-22 18:36:41.846532,0x433b0b38,28.342628,30.921581,1010.95105,175.88458,185,,,6.25,-3,,5,5
2026-01-22 18:36:54.659526,0x433acb14,28.002703,30.427608,1011.28687,310.53104,123,,,6.25,-11,,3,3
2026-01-22 18:37:07.208431,0x433ad35c,28.092852,30.799065,1011.321,155.96011,156,,,6.25,-28,,3,3
2026-01-22 18:37:24.227474,0x433aad0c,28.818794,28.465805,1011.2955,201.1142,192,,,5.5,-36,,3,3
2026-01-22 18:37:42.423460,0x433b0b38,28.337107,30.99333,1010.9187,174.09045,185,,,6.0,-4,,5,5
2026-01-22 18:37:52.681070,0x433acb14,28.033676,30.31242,1011.29425,314.05814,123,,,7.25,-11,,3,3
2026-01-22 18:38:40.947974,0x433b0b38,28.347204,30.908234,1010.92456,175.7035,185,,,6.0,-3,,5,5
2026-01-22 18:38:55.283486,0x433acb14,28.027498,30.314373,1011.2924,313.46472,123,,,6.75,-10,,3,3
2026-01-22 18:39:41.932605,0x433b0b38,28.329922,30.933975,1010.92395,176.24785,184,,,6.5,-3,,5,5
2026-01-22 18:39:56.969740,0x433acb14,28.071323,30.292915,1011.28876,311.991,123,,,6.25,-28,,3,2
2026-01-22 18:40:07.039965,0x433ad35c,28.071644,30.891441,1011.3006,155.6713,157,,,5.5,-28,,3,3
2026-01-22 18:40:23.802303,0x433aad0c,28.84511,28.285725,1011.26794,202.59882,192,,,5.75,-36,,3,3
2026-01-22 18:40:41.454678,0x433b0b38,28.337559,30.949184,1010.95233,176.43005,184,,,6.25,-3,,5,5
2026-01-22 18:40:53.236230,0x433acb14,27.971008,30.624462,1011.30664,311.11334,123,,,7.75,-10,,3,3
2026-01-22 18:41:43.199762,0x433b0b38,28.342703,30.916584,1010.93933,175.5228,184,,,6.25,-3,,5,5
2026-01-22 18:41:54.477155,0x433acb14,27.945683,30.612907,1011.3181,309.0847,123,,,7.25,-10,,3,3
2026-01-22 18:42:42.492628,0x433b0b38,28.327124,30.944092,1010.9532,175.1625,185,,,6.25,-3,,5,5
2026-01-22 18:42:54.429659,0x433acb14,28.032692,30.33129,1011.3337,311.11334,123,,,7.25,-10,,3,3
2026-01-22 18:43:07.085649,0x433ad35c,28.076923,30.810648,1011.3351,156.54097,156,,,6.25,-28,,3,3
2026-01-22 18:43:23.934125,0x433aad0c,28.817139,28.396029,1011.32355,200.25818,193,,,6.0,-36,,3,3
2026-01-22 18:43:42.200957,0x433b0b38,28.337446,30.937296,1010.98926,176.24785,184,,,6.0,-3,,5,5
2026-01-22 18:43:53.249237,0x433acb14,28.041533,30.462364,1011.34937,313.16885,123,,,7.75,-11,,3,3
2026-01-22 18:44:43.440078,0x433b0b38,28.278198,31.148165,1011.02966,175.7035,184,,,6.25,-3,,5,5
2026-01-22 18:44:53.715908,0x433acb14,28.0126,30.398235,1011.3848,312.87354,123,,,6.5,-11,,3,3
2026-01-22 18:45:42.713011,0x433b0b38,28.32202,30.951721,1010.9999,178.27298,184,,,6.0,-3,,5,5
2026-01-22 18:45:54.722726,0x433acb14,28.002588,30.33656,1011.39825,311.991,123,,,6.5,-11,,3,3
2026-01-22 18:46:07.097411,0x433ad35c,28.071608,30.824106,1011.4078,157.42041,155,,,5.75,-27,,3,3
2026-01-22 18:46:23.822543,0x433aad0c,28.837336,28.313461,1011.3902,201.73012,192,,,6.25,-36,,3,3
2026-01-22 18:46:43.201902,0x433b0b38,28.306744,30.975735,1011.0255,176.24785,184,,,6.0,-3,,5,5
2026-01-22 18:46:55.882016,0x433acb14,27.982004,30.51425,1011.3876,311.6979,123,,,8.0,-11,,3,3
2026-01-22 18:47:43.962195,0x433b0b38,28.319447,30.944023,1011.0274,177.34674,184,,,6.5,-3,,5,5
2026-01-22 18:47:54.000976,0x433acb14,28.006832,30.529305,1011.3983,313.16885,123,,,7.25,-10,,3,3
2026-01-22 18:48:43.482652,0x433b0b38,28.314304,30.93433,1010.995,177.34674,184,,,6.0,-3,,5,5
2026-01-22 18:48:53.586413,0x433acb14,28.019934,30.322441,1011.3549,311.991,123,,,6.75,-11,,3,3
2026-01-22 18:49:08.751403,0x433ad35c,28.056608,30.823505,1011.3525,155.96011,156,,,6.25,-28,,3,3
2026-01-22 18:49:23.892604,0x433aad0c,28.82159,28.278679,1011.34973,199.40942,194,,,5.75,-36,,3,3
2026-01-22 18:49:44.317162,0x433b0b38,28.329243,30.934132,1011.0029,176.97893,184,,,6.25,-3,,5,5
2026-01-22 18:49:54.190967,0x433acb14,28.032692,30.52361,1011.3475,313.16885,122,,,6.5,-10,,3,3
2026-01-22 18:50:43.976261,0x433b0b38,28.325413,30.937613,1010.9657,177.16263,184,,,6.0,-3,,5,5
2026-01-22 18:50:54.277711,0x433acb14,28.043156,30.46386,1011.3322,314.05814,122,,,7.25,-11,,3,3
2026-01-22 18:51:46.181694,0x433b0b38,28.340094,30.914751,1010.9852,177.34674,184,,,6.75,-3,,5,5
2026-01-22 18:51:53.653605,0x433acb14,28.037657,30.295467,1011.3288,310.24066,123,,,6.25,-11,,3,3
2026-01-22 18:52:09.590956,0x433ad35c,28.049206,30.921913,1011.32574,153.53882,158,,,6.25,-28,,3,3
2026-01-22 18:52:23.915692,0x433aad0c,28.817139,28.309805,1011.3338,197.3778,196,,,5.5,-37,,3,3
2026-01-22 18:52:45.322328,0x433b0b38,28.262804,31.143373,1010.95233,175.1625,184,,,6.25,-3,,5,5
2026-01-22 18:52:53.991308,0x433acb14,28.110071,30.22652,1011.35077,311.11334,123,,,8.0,-11,,3,3
2026-01-22 18:53:44.717795,0x433b0b38,28.32444,30.90299,1010.9841,175.5228,184,,,6.0,-3,,5,5
2026-01-22 18:53:53.709026,0x433acb14,28.03758,30.249056,1011.358,311.991,123,,,8.0,-11,,3,3
2026-01-22 18:54:45.616397,0x433b0b38,28.301447,30.931616,1010.99146,174.98291,185,,,6.25,-3,,5,5
2026-01-22 18:54:54.077999,0x433acb14,27.960884,30.4845,1011.3546,310.82193,123,,,7.25,-10,,3,3
2026-01-22 18:55:08.808175,0x433ad35c,28.073925,30.73705,1011.3722,155.52728,157,,,6.25,-28,,3,3
2026-01-22 18:55:24.070844,0x433aad0c,28.824726,28.237274,1011.34045,197.02357,197,,,5.75,-36,,3,3
2026-01-22 18:55:46.288071,0x433b0b38,28.309088,30.889284,1010.9964,174.98291,185,,,6.25,-3,,5,5
2026-01-22 18:55:54.277115,0x433acb14,28.069946,30.168339,1011.3471,311.991,123,,,6.75,-10,,3,3
2026-01-22 18:56:47.513540,0x433b0b38,28.31438,30.875212,1010.9833,175.7035,185,,,5.75,-3,,5,5
2026-01-22 18:56:57.934297,0x433acb14,28.02069,30.262629,1011.37897,311.991,123,,,6.5,-10,,3,3
2026-01-22 18:57:46.396918,0x433b0b38,28.318344,30.87154,1010.99207,176.06602,185,,,6.25,-3,,5,5
2026-01-22 18:57:56.214254,0x433acb14,28.06653,30.190647,1011.3506,311.991,123,,,7.25,-11,,3,3
2026-01-22 18:58:09.302732,0x433ad35c,28.086683,30.694876,1011.36255,153.96063,158,,,6.0,-28,,3,3
2026-01-22 18:58:24.431508,0x433aad0c,28.827255,28.204203,1011.34827,194.46423,199,,,5.75,-36,,3,3
2026-01-22 18:58:45.998479,0x433b0b38,28.234594,31.246737,1010.98114,172.68127,185,,,7.25,-4,,5,5
2026-01-22 18:58:55.873604,0x433acb14,28.007895,30.260897,1011.3502,314.05814,123,,,7.5,-11,,3,3
2026-01-22 18:59:51.178359,0x433b0b38,28.288706,30.883793,1010.988,175.5228,185,,,6.25,-3,,5,5
2026-01-22 18:59:54.233651,0x433acb14,27.987047,30.338806,1011.35675,310.82193,124,,,6.0,-11,,3,3
