datetime,fromNode,batteryLevel,voltage,channelUtilization,airUtilTx,rxSnr,rxRssi,rxTime,hopStart,hopLimit
2026-01-22 17:01:04.047567,0x433e9c88,99,4.177,18.551666,1.7112778,,,,,3
2026-01-22 17:01:10.402043,0x433b0b38,97,4.15,15.101666,3.5552223,6.25,-3,,5,5
2026-01-22 17:01:26.693237,0x433acb14,101,4.218,21.311666,3.7469168,7.25,-11,,3,3
2026-01-22 17:01:53.089809,0x433ad35c,101,4.228,28.59,3.5908055,5.75,-28,,3,3
2026-01-22 17:02:04.145556,0x433e9c88,101,4.21,31.381666,1.6590556,,,,,3
2026-01-22 17:02:09.425814,0x433aad0c,101,4.236,26.141666,3.4080553,6.0,-36,,3,3
2026-01-22 17:03:04.206409,0x433e9c88,101,4.204,15.748334,1.6711667,,,,,3
2026-01-22 17:04:04.322536,0x433e9c88,101,4.245,11.896667,1.679639,,,,,3
2026-01-22 17:05:04.351756,0x433e9c88,101,4.21,18.285,1.6607223,,,,,3
2026-01-22 17:06:04.317136,0x433e9c88,98,4.166,11.83,1.6404166,,,,,3
2026-01-22 17:07:04.312678,0x433e9c88,101,4.233,17.836666,1.6593333,,,,,3
2026-01-22 17:07:10.593691,0x433b0b38,98,4.166,20.886667,3.5577497,5.75,-3,,5,5
2026-01-22 17:07:26.668055,0x433acb14,101,4.228,20.245,3.7249722,7.25,-11,,3,3
2026-01-22 17:07:53.315395,0x433ad35c,99,4.185,24.133333,3.517639,5.75,-28,,3,3
2026-01-22 17:08:04.346680,0x433e9c88,98,4.174,20.533333,1.6755277,,,,,3
2026-01-22 17:08:10.779369,0x433aad0c,101,4.238,23.353334,3.43225,5.75,-36,,3,3
2026-01-22 17:09:04.385040,0x433e9c88,98,4.17,14.54,1.6784722,,,,,3
2026-01-22 17:09:18.316813,0x9e9faaa4,93,4.097,24.345,3.0050833,6.0,-3,,3,2
2026-01-22 17:10:04.435888,0x433e9c88,101,4.232,17.251667,1.6665555,,,,,3
2026-01-22 17:11:04.478803,0x433e9c88,101,4.239,18.011667,1.6386945,,,,,3
2026-01-22 17:12:04.668398,0x433e9c88,101,4.207,18.07,1.6325556,,,,,3
2026-01-22 17:13:04.683070,0x433e9c88,99,4.177,15.281667,1.59925,,,,,3
2026-01-22 17:13:09.265916,0x433b0b38,101,4.218,13.936667,3.547861,6.0,-3,,5,5
2026-01-22 17:13:24.719131,0x433acb14,100,4.19,18.263334,3.85225,7.0,-10,,3,3
2026-01-22 17:13:53.524468,0x433ad35c,98,4.174,22.721666,3.604639,6.25,-27,,3,3
2026-01-22 17:14:04.804661,0x433e9c88,101,4.216,25.636667,1.6152222,,,,,3
2026-01-22 17:14:11.790424,0x433aad0c,101,4.221,19.779999,3.3806667,6.5,-36,,3,3
2026-01-22 17:15:04.700107,0x433e9c88,101,4.22,19.15,1.5801111,,,,,3
2026-01-22 17:16:04.743737,0x433e9c88,101,4.236,20.485,1.5755554,,,,,3
2026-01-22 17:17:04.810000,0x433e9c88,101,4.212,20.57,1.6396389,,,,,3
2026-01-22 17:17:54.966835,0x9e9faaa4,93,4.1,16.76,2.8755555,6.0,-3,,3,2
2026-01-22 17:18:04.996657,0x433e9c88,101,4.216,17.836666,1.6726944,,,,,3
2026-01-22 17:19:04.894803,0x433e9c88,94,4.117,13.826667,1.6686112,,,,,3
2026-01-22 17:19:09.330200,0x433b0b38,98,4.171,15.056666,3.5597498,6.0,-4,,5,5
2026-01-22 17:19:25.323113,0x433acb14,101,4.257,17.7,3.715111,7.25,-11,,3,3
2026-01-22 17:19:53.775696,0x433ad35c,99,4.183,26.458332,3.7120278,5.75,-28,,3,3
2026-01-22 17:20:05.071913,0x433e9c88,101,4.205,22.326666,1.6489999,,,,,3
2026-01-22 17:20:11.166154,0x433aad0c,101,4.213,24.12,3.5743334,6.0,-36,,3,3
2026-01-22 17:21:04.967975,0x433e9c88,100,4.2,22.788334,1.6932778,,,,,3
2026-01-22 17:22:05.105527,0x433e9c88,101,4.236,19.206667,1.6836667,,,,,3
2026-01-22 17:23:05.111388,0x433e9c88,101,4.217,19.678333,1.6779723,,,,,3
2026-01-22 17:24:05.133569,0x433e9c88,101,4.214,17.386665,1.6756945,,,,,3
2026-01-22 17:25:05.175688,0x433e9c88,101,4.25,16.748333,1.6483333,,,,,3
2026-01-22 17:25:09.725721,0x433b0b38,97,4.151,19.744999,3.663889,6.25,-3,,5,5
2026-01-22 17:25:25.972161,0x433acb14,101,4.208,23.068333,3.7025278,6.75,-11,,3,3
2026-01-22 17:25:54.037661,0x433ad35c,99,4.177,25.615002,3.7996943,5.25,-27,,3,3
2026-01-22 17:26:05.334068,0x433e9c88,98,4.167,23.148335,1.6620278,,,,,3
2026-01-22 17:26:11.315718,0x433aad0c,101,4.245,22.421667,3.6522222,5.75,-36,,3,3
2026-01-22 17:27:05.373745,0x433e9c88,99,4.187,17.688334,1.6474167,,,,3,3
2026-01-22 17:27:50.651570,0x9e9faaa4,93,4.1,23.966667,3.2374446,7.5,-26,,3,3
2026-01-22 17:28:05.430846,0x433e9c88,101,4.208,21.636667,1.660861,,,,,3
2026-01-22 17:29:05.637708,0x433e9c88,99,4.187,18.013332,1.6325556,,,,,3
2026-01-22 17:30:05.611098,0x433e9c88,99,4.189,14.226666,1.6325556,,,,,3
2026-01-22 17:31:05.728712,0x433e9c88,97,4.159,15.5,1.6327778,,,,,3
2026-01-22 17:31:09.114579,0x433b0b38,97,4.161,14.62,3.8913612,5.75,-3,,5,5
2026-01-22 17:31:28.194878,0x433acb14,101,4.235,15.728333,3.6543612,7.25,-11,,3,3
2026-01-22 17:31:54.484933,0x433ad35c,101,4.209,24.526667,3.889139,5.75,-27,,3,3
2026-01-22 17:32:05.614862,0x433e9c88,100,4.195,29.166666,1.6557777,,,,,3
2026-01-22 17:32:11.355545,0x433aad0c,101,4.203,26.088333,3.7242222,6.0,-36,,3,3
2026-01-22 17:33:05.795632,0x433e9c88,101,4.238,17.073334,1.6305,,,,,3
2026-01-22 17:34:05.803772,0x433e9c88,100,4.192,14.935,1.6113611,,,,,3
2026-01-22 17:35:05.832686,0x433e9c88,101,4.24,19.478333,1.6094722,,,,,3
2026-01-22 17:36:05.797643,0x433e9c88,99,4.178,14.913334,1.5907778,,,,,3
2026-01-22 17:37:05.965990,0x433e9c88,101,4.218,16.975,1.5912222,,,,,3
2026-01-22 17:37:09.967835,0x433b0b38,101,4.214,18.109999,3.979083,6.0,-3,,5,5
2026-01-22 17:37:27.526826,0x433acb14,99,4.185,22.953333,3.7389722,7.5,-11,,3,3
2026-01-22 17:37:54.700462,0x433ad35c,101,4.209,21.706667,3.9979722,6.0,-27,,3,3
2026-01-22 17:38:05.979017,0x433e9c88,101,4.233,21.406668,1.6251944,,,,,3
2026-01-22 17:38:11.736760,0x433aad0c,101,4.244,20.516666,3.7803612,6.5,-36,,3,3
2026-01-22 17:38:43.201581,0x9e9faaa4,93,4.1,20.1,3.1106389,6.0,-21,,3,2
2026-01-22 17:39:05.955843,0x433e9c88,101,4.23,20.488335,1.573889,,,,,3
2026-01-22 17:40:06.147472,0x433e9c88,99,4.186,15.898334,1.6010556,,,,,3
2026-01-22 17:41:06.056762,0x433e9c88,99,4.182,24.581667,1.6229167,,,,,3
2026-01-22 17:42:06.073478,0x433e9c88,99,4.189,17.403334,1.589389,,,,,3
2026-01-22 17:43:06.158383,0x433e9c88,98,4.173,15.295,1.589389,,,,,3
2026-01-22 17:43:09.961438,0x433b0b38,101,4.21,17.551666,4.0774164,5.75,-3,,5,5
2026-01-22 17:43:26.688583,0x433acb14,101,4.25,17.22,3.7723331,7.25,-11,,3,3
2026-01-22 17:43:55.431694,0x433ad35c,100,4.2,24.953335,4.1015277,5.75,-27,,3,3
2026-01-22 17:44:06.276855,0x433e9c88,100,4.196,22.901667,1.6058055,,,,,3
2026-01-22 17:44:12.119695,0x433aad0c,101,4.211,20.781666,3.883361,6.25,-36,,3,3
2026-01-22 17:45:06.368875,0x433e9c88,101,4.211,17.773333,1.5709168,,,,,3
2026-01-22 17:46:06.690700,0x433e9c88,101,4.236,13.675,1.6017222,,,,,3
2026-01-22 17:47:06.497969,0x433e9c88,96,4.136,20.418335,1.6395556,,,,,3
2026-01-22 17:48:06.394661,0x433e9c88,94,4.113,17.445,1.6249722,,,,,3
2026-01-22 17:48:17.931938,0x9e9faaa4,93,4.098,16.08,3.2135558,6.25,-3,,3,2
2026-01-22 17:49:10.176139,0x433b0b38,100,4.195,18.621666,4.134472,6.0,-4,,5,5
2026-01-22 17:49:27.627786,0x433acb14,100,4.195,20.423334,3.8120277,8.0,-11,,3,3
2026-01-22 17:49:55.304038,0x433ad35c,98,4.172,23.475,4.2280555,6.0,-28,,3,3
2026-01-22 17:50:06.833844,0x433e9c88,101,4.223,20.328335,1.6352501,,,,,3
2026-01-22 17:50:12.330116,0x433aad0c,101,4.222,21.205,4.00525,5.75,-36,,3,3
2026-01-22 17:51:06.914886,0x433e9c88,101,4.211,18.875,1.6210834,,,,,3
2026-01-22 17:52:07.036916,0x433e9c88,100,4.197,20.845001,1.5733888,,,,,3
2026-01-22 17:53:07.090979,0x433e9c88,99,4.188,17.848333,1.5576389,,,,,3
2026-01-22 17:54:07.054365,0x433e9c88,101,4.212,13.333334,1.5444444,,,,,3
2026-01-22 17:55:07.015649,0x433e9c88,101,4.208,14.295,1.5140834,,,,,3
2026-01-22 17:55:10.581215,0x433b0b38,99,4.176,15.43,4.227222,6.0,-3,,5,5
2026-01-22 17:55:27.731738,0x433acb14,101,4.222,15.22,3.900722,8.0,-10,,3,3
2026-01-22 17:55:55.371594,0x433ad35c,98,4.167,23.515,4.390917,5.75,-27,,3,3
2026-01-22 17:56:07.187040,0x433e9c88,101,4.209,24.526667,1.5494167,,,,,3
2026-01-22 17:56:12.684252,0x433aad0c,101,4.232,23.119999,4.0320277,6.0,-37,,3,3
2026-01-22 17:57:07.197224,0x433e9c88,101,4.206,20.531666,1.5448611,,,,,3
2026-01-22 17:58:07.291818,0x433e9c88,101,4.219,18.576666,1.5448611,,,,,3
2026-01-22 17:58:20.872246,0x9e9faaa4,93,4.1,13.9,3.1358056,6.0,-28,,3,2
2026-01-22 17:59:07.352469,0x433e9c88,99,4.189,22.2,1.5676389,,,,,3
2026-01-22 18:00:07.273859,0x433e9c88,101,4.218,12.833333,1.5357223,,,,,3
2026-01-23 02:01:36.748007,0x433e9c88,101,4.201,21.528334,1.5398889,,,,,3
2026-01-23 02:01:38.079574,0x433b0b38,101,4.205,18.021667,4.1075835,6.5,-3,,5,5
2026-01-23 02:01:52.607686,0x433acb14,99,4.178,24.015001,4.760861,7.0,-11,,3,3
2026-01-23 02:02:33.063622,0x433ad35c,98,4.174,24.656668,4.777167,6.0,-29,,3,3
2026-01-23 02:02:36.766794,0x433e9c88,101,4.204,22.455,1.5209723,,,,,3
2026-01-23 02:02:39.630410,0x433aad0c,101,4.25,22.921667,4.1395555,6.0,-36,,3,3
2026-01-23 02:03:37.070195,0x433e9c88,99,4.181,19.53,1.5139445,,,,,3
2026-01-23 02:04:37.424510,0x433e9c88,99,4.176,22.428333,1.5285555,,,,,3
2026-01-23 02:05:03.102073,0x433af380,101,4.206,21.733334,2.1647222,7.5,-11,,3,3
2026-01-23 02:05:37.273594,0x433e9c88,101,4.221,18.421667,1.4968889,,,,,3
2026-01-23 02:06:37.428718,0x433e9c88,101,4.237,16.508333,1.49075,,,,,3
2026-01-23 02:07:00.221726,0x9e9faaa4,92,4.091,21.733334,3.3514445,7.25,-31,,3,3
2026-01-23 02:07:37.632834,0x433b0b38,97,4.155,24.618334,4.12025,6.0,-3,,5,5
2026-01-23 02:07:37.910613,0x433e9c88,101,4.215,24.358334,1.5580277,,,,,3
2026-01-23 02:07:52.868491,0x433acb14,101,4.222,23.673334,4.6349444,7.25,-10,,3,3
2026-01-23 02:08:33.643830,0x433ad35c,101,4.213,19.383333,4.6795278,6.25,-29,,3,3
2026-01-23 02:08:37.936018,0x433e9c88,101,4.239,19.133333,1.5915556,,,,,3
2026-01-23 02:08:42.372895,0x433aad0c,101,4.208,20.995,4.07525,6.25,-37,,3,3
2026-01-23 02:09:38.087606,0x433e9c88,101,4.207,19.230001,1.551889,,,,,3
2026-01-23 02:10:37.964187,0x433e9c88,98,4.172,18.706665,1.5932223,,,,,3
2026-01-23 02:11:37.982061,0x433e9c88,98,4.163,11.06,1.5889165,,,,,3
2026-01-23 02:12:38.449479,0x433e9c88,98,4.162,15.93,1.6051111,,,,,3
2026-01-23 02:13:38.433955,0x433e9c88,100,4.2,24.083332,1.6085001,,,,,3
2026-01-23 02:13:40.864079,0x433b0b38,101,4.234,24.083332,4.1275,6.0,-3,,5,5
2026-01-23 02:13:53.474677,0x433acb14,101,4.235,25.998333,4.479472,7.75,-11,,3,3
2026-01-23 02:14:33.693471,0x433ad35c,97,4.158,26.866665,4.4098334,6.75,-28,,3,3
2026-01-23 02:14:38.473416,0x433e9c88,90,4.06,26.373333,1.6561667,,,,,3
2026-01-23 02:14:43.051974,0x433aad0c,101,4.215,23.046667,4.017139,6.25,-37,,3,3
2026-01-23 02:15:05.973979,0x433af380,97,4.157,24.396667,2.2615278,7.25,-11,,3,3
2026-01-23 02:15:38.481896,0x433e9c88,100,4.196,19.465,1.6739445,,,,,3
2026-01-23 02:16:38.520222,0x433e9c88,99,4.184,21.321667,1.6363057,,,,,3
2026-01-23 02:17:38.516494,0x433e9c88,98,4.171,15.056666,1.6216944,,,,,3
2026-01-23 02:18:29.618356,0x9e9faaa4,92,4.089,22.67,3.351889,7.0,-29,,3,2
2026-01-23 02:18:38.719453,0x433e9c88,101,4.217,17.416666,1.6027778,,,,,3
2026-01-23 02:19:38.775297,0x433e9c88,98,4.167,22.418333,1.6363057,,,,,3
2026-01-23 02:19:40.671397,0x433b0b38,100,4.199,19.914999,4.094861,8.0,-2,,5,5
2026-01-23 02:19:53.469121,0x433acb14,100,4.2,26.081667,4.4229445,7.0,-10,,3,3
2026-01-23 02:20:35.150837,0x433ad35c,99,4.189,17.258333,4.2581944,6.75,-29,,3,3
2026-01-23 02:20:38.722765,0x433e9c88,101,4.21,18.651667,1.6173888,,,,,3
2026-01-23 02:20:46.111812,0x433aad0c,101,4.226,15.285,3.8370278,5.5,-37,,3,3
2026-01-23 02:21:38.799787,0x433e9c88,101,4.202,16.668333,1.5674444,,,,,3
2026-01-23 02:22:38.915503,0x433e9c88,99,4.183,18.966667,1.5818334,,,,,3
2026-01-23 02:23:38.788176,0x433e9c88,101,4.21,15.723332,1.5881945,,,,,3
2026-01-23 02:24:38.833696,0x433e9c88,101,4.205,16.18,1.6071111,,,,,3
2026-01-23 02:25:04.824589,0x433af380,99,4.188,17.716667,2.471611,7.0,-11,,3,3
2026-01-23 02:25:13.508340,0x9e9faaa4,92,4.091,17.716667,3.4389443,7.75,-30,,3,3
2026-01-23 02:25:38.702731,0x433b0b38,99,4.183,24.788334,4.1291666,5.75,-3,,5,5
2026-01-23 02:25:38.982085,0x433e9c88,99,4.187,21.556667,1.6192222,,,,,3
2026-01-23 02:25:53.637062,0x433acb14,98,4.175,27.919998,4.264917,7.5,-11,,3,3
2026-01-23 02:26:33.844684,0x433ad35c,98,4.172,19.786667,4.113055,6.5,-29,,3,3
2026-01-23 02:26:39.017053,0x433e9c88,101,4.219,23.4,1.6021112,,,,,3
2026-01-23 02:26:43.533193,0x433aad0c,101,4.231,17.665,3.8983889,6.0,-36,,3,3
2026-01-23 02:27:39.216269,0x433e9c88,99,4.187,17.463333,1.6353889,,,,3,3
2026-01-23 02:28:39.303391,0x433e9c88,99,4.187,22.35,1.6444722,,,,,3
2026-01-23 02:29:39.181749,0x433e9c88,99,4.189,29.593334,1.7413888,,,,,3
2026-01-23 02:30:39.315745,0x433e9c88,101,4.233,15.440001,1.7336389,,,,,3
2026-01-23 02:31:39.393565,0x433b0b38,98,4.174,17.380001,4.098583,6.0,-3,,5,5
2026-01-23 02:31:39.670622,0x433e9c88,101,4.227,18.365,1.7879168,,,,,3
2026-01-23 02:31:54.604729,0x433acb14,100,4.198,20.226665,4.1369166,7.5,-11,,3,3
2026-01-23 02:32:35.423180,0x433ad35c,98,4.175,16.263332,4.02175,7.5,-29,,3,3
2026-01-23 02:32:39.549396,0x433e9c88,101,4.205,18.505,1.8000278,,,,,3
2026-01-23 02:32:42.799572,0x433aad0c,100,4.193,21.833334,3.874972,5.5,-37,,3,3
2026-01-23 02:33:39.778429,0x433e9c88,101,4.204,17.055,1.7642223,,,,,3
2026-01-23 02:34:39.711170,0x433e9c88,73,3.928,21.625,1.8164445,,,,,3
2026-01-23 02:35:03.734995,0x433af380,99,4.185,21.391666,2.4451387,6.5,-11,,3,3
2026-01-23 02:35:14.745788,0x9e9faaa4,92,4.09,22.981667,3.169889,7.25,-31,,3,3
2026-01-23 02:35:39.713739,0x433e9c88,97,4.154,16.891666,1.8123612,,,,,3
2026-01-23 02:36:39.838490,0x433e9c88,101,4.23,13.716666,1.80025,,,,,3
2026-01-23 02:37:39.563860,0x433b0b38,99,4.176,20.515,4.069861,6.0,-3,,5,5
2026-01-23 02:37:39.842472,0x433e9c88,97,4.161,21.5,1.8483888,,,,,3
2026-01-23 02:37:56.024821,0x433acb14,101,4.22,22.485,4.0582223,7.25,-10,,3,3
2026-01-23 02:38:34.724610,0x433ad35c,98,4.174,19.586666,3.9445558,8.0,-29,,3,3
2026-01-23 02:38:39.825640,0x433e9c88,100,4.195,23.46,1.8859999,,,,,3
2026-01-23 02:38:43.018705,0x433aad0c,101,4.233,21.598333,3.9233055,5.75,-37,,3,3
2026-01-23 02:39:39.872400,0x433e9c88,101,4.228,23.745,1.9377778,,,,,3
2026-01-23 02:40:40.108745,0x433e9c88,100,4.192,19.886667,1.9564722,,,,,3
2026-01-23 02:41:40.079567,0x433e9c88,100,4.199,16.578333,1.92725,,,,,3
2026-01-23 02:42:40.018766,0x433e9c88,100,4.197,18.411667,1.9669166,,,,,3
2026-01-23 02:43:39.632000,0x433b0b38,101,4.224,21.98,3.9881666,6.0,-3,,5,5
2026-01-23 02:43:40.161549,0x433e9c88,100,4.193,22.088333,1.9669166,,,,,3
2026-01-23 02:43:55.099617,0x433acb14,101,4.246,21.828335,3.9777224,6.0,-11,,3,3
2026-01-23 02:44:35.125113,0x433ad35c,99,4.187,23.43,3.6967502,6.0,-28,,3,3
2026-01-23 02:44:40.246913,0x433e9c88,99,4.183,18.816666,1.9876666,,,,,3
2026-01-23 02:44:44.079258,0x433aad0c,101,4.208,22.295,3.909,5.5,-36,,3,3
2026-01-23 02:45:03.814039,0x433af380,99,4.187,20.785,2.5560834,8.0,-11,,3,3
2026-01-23 02:45:40.149668,0x433e9c88,101,4.203,20.506666,2.029,,,,,3
2026-01-23 02:46:40.230257,0x433e9c88,100,4.194,20.968332,1.9954445,,,,,3
2026-01-23 02:47:40.323885,0x433e9c88,99,4.186,17.726667,2.0264723,,,,,3
2026-01-23 02:48:40.420779,0x433e9c88,101,4.24,20.521666,2.0563612,,,,,3
2026-01-23 02:49:40.444425,0x433e9c88,101,4.232,26.593334,2.0575,,,,,3
2026-01-23 02:49:41.894210,0x433b0b38,99,4.189,27.47,4.0371943,6.0,-3,,5,5
2026-01-23 02:49:58.671758,0x433acb14,101,4.223,21.555,3.8363888,6.75,-10,,3,3
2026-01-23 02:50:35.749033,0x433ad35c,98,4.171,16.494999,3.5963888,7.5,-28,,3,3
2026-01-23 02:50:40.475990,0x433e9c88,101,4.218,18.506666,2.0677776,,,,,3
2026-01-23 02:50:43.957417,0x433aad0c,101,4.208,16.753334,3.860639,5.75,-36,,3,3
2026-01-23 02:51:40.457830,0x433e9c88,101,4.215,17.711666,2.1220555,,,,,3
2026-01-23 02:52:40.565170,0x433e9c88,101,4.207,19.896667,2.0889444,,,,,3
2026-01-23 02:53:40.646478,0x433e9c88,101,4.246,20.273335,2.0889444,,,,,3
2026-01-23 02:54:40.648848,0x433e9c88,101,4.221,20.883333,2.08575,,,,,3
2026-01-23 02:55:04.281129,0x433af380,101,4.204,21.258333,2.683361,7.25,-11,,3,3
2026-01-23 02:55:40.733913,0x433e9c88,101,4.201,23.103334,2.1400278,,,,,3
2026-01-23 02:55:41.964327,0x433b0b38,97,4.161,21.349998,3.975861,6.5,-3,,5,5
2026-01-23 02:56:00.251860,0x433acb14,101,4.204,25.073334,3.834861,6.5,-11,,3,3
2026-01-23 02:56:35.647514,0x433ad35c,101,4.206,22.735,3.3975277,7.0,-29,,3,3
2026-01-23 02:56:40.740797,0x433e9c88,98,4.17,23.828333,2.1110277,,,,,3
2026-01-23 02:56:43.846701,0x433aad0c,101,4.201,21.858334,3.6355834,6.0,-36,,3,3
2026-01-23 02:57:40.960593,0x433e9c88,101,4.213,17.781668,2.1110277,,,,,3
2026-01-23 02:58:40.992767,0x433e9c88,99,4.178,17.955,2.1612222,,,,,3
2026-01-23 02:59:40.878813,0x433e9c88,101,4.228,21.435,2.1324723,,,,,3
2026-01-23 03:00:41.013019,0x433e9c88,101,4.237,18.74,2.1094723,,,,,3
2026-01-23 03:00:41.514746,0x9e9faaa4,92,4.09,16.806667,3.3720002,6.5,-31,,3,3
2026-01-23 03:00:43.428946,0x9e9faaa4,92,4.088,17.605001,3.1096945,7.75,-10,,3,2
2026-01-23 04:01:45.328416,0x433e9c88,100,4.197,23.5,2.085,,,,,3
2026-01-23 04:01:46.897778,0x433b0b38,99,4.185,23.5,4.0762224,6.5,-3,,5,5
2026-01-23 04:02:03.942843,0x433acb14,101,4.218,21.321667,3.895,7.25,-10,,3,3
2026-01-23 04:02:38.599586,0x433ad35c,99,4.176,18.751665,4.0634446,6.0,-28,,3,3
2026-01-23 04:02:45.390950,0x433e9c88,99,4.188,18.615,2.0393612,,,,,3
2026-01-23 04:02:47.024981,0x433aad0c,101,4.219,17.630001,3.633389,5.75,-36,,3,3
2026-01-23 04:03:45.550140,0x433e9c88,100,4.199,19.671667,2.0229445,,,,,3
2026-01-23 04:04:45.531819,0x433e9c88,101,4.223,24.386667,2.0078888,,,,,3
2026-01-23 04:05:05.847045,0x433af380,97,4.154,23.621666,2.6276388,7.0,-11,,3,3
2026-01-23 04:05:45.671241,0x433e9c88,100,4.194,17.835001,2.0329444,,,,,3
2026-01-23 04:06:34.933715,0x9e9faaa4,92,4.09,19.125,2.978139,6.25,-3,,3,2
2026-01-23 04:06:45.552215,0x433e9c88,101,4.202,19.668333,2.0140278,,,,,3
2026-01-23 04:07:45.709067,0x433e9c88,101,4.218,18.363333,2.04325,,,,,3
2026-01-23 04:07:47.247462,0x433b0b38,99,4.177,21.335,4.058472,6.75,-3,,5,5
2026-01-23 04:08:04.367344,0x433acb14,101,4.225,25.316668,3.9060555,6.75,-11,,3,3
2026-01-23 04:08:38.983831,0x433ad35c,98,4.165,21.406668,4.0347776,6.5,-29,,3,3
2026-01-23 04:08:45.768212,0x433e9c88,101,4.214,23.376665,1.9595556,,,,,3
2026-01-23 04:08:47.290865,0x433aad0c,101,4.231,22.391666,3.5573888,6.0,-36,,3,3
2026-01-23 04:09:45.736233,0x433e9c88,101,4.237,20.640001,1.9636389,,,,,3
2026-01-23 04:10:45.735157,0x433e9c88,101,4.237,19.133333,1.9990001,,,,,3
2026-01-23 04:11:45.969522,0x433e9c88,100,4.197,18.271667,1.9319445,,,,,3
2026-01-23 04:12:45.897591,0x433e9c88,101,4.221,15.66,1.9111944,,,,,3
2026-01-23 04:13:46.012348,0x433e9c88,100,4.195,23.803333,1.9086944,,,,,3
2026-01-23 04:13:47.743213,0x433b0b38,101,4.209,22.926668,4.0135555,5.75,-4,,5,5
2026-01-23 04:14:04.829422,0x433acb14,100,4.198,21.596666,3.9255002,7.0,-11,,3,3
2026-01-23 04:14:39.110003,0x433ad35c,98,4.173,21.966665,4.1365004,7.25,-29,,3,3
2026-01-23 04:14:45.921463,0x433e9c88,101,4.224,21.24,1.9251112,,,,,3
2026-01-23 04:14:47.941382,0x433aad0c,99,4.184,21.24,3.555972,6.0,-36,,3,3
2026-01-23 04:15:06.367343,0x433af380,99,4.177,23.785,2.5330276,7.0,-10,,3,3
2026-01-23 04:15:46.210207,0x433e9c88,94,4.111,19.135,1.9588612,,,,3,3
2026-01-23 04:16:46.160491,0x433e9c88,101,4.223,21.266666,1.969611,,,,,3
2026-01-23 04:17:46.200295,0x433e9c88,94,4.11,19.15,1.9212499,,,,,3
2026-01-23 04:18:17.479666,0x9e9faaa4,92,4.091,19.598333,2.9913056,6.25,-28,,3,2
2026-01-23 04:18:46.391350,0x433e9c88,101,4.212,27.628332,1.9433612,,,,,3
2026-01-23 04:19:46.487159,0x433e9c88,101,4.24,23.635,1.9579722,,,,,3
2026-01-23 04:19:47.721878,0x433b0b38,101,4.208,24.511667,3.9469442,6.25,-3,,5,5
2026-01-23 04:20:04.758935,0x433acb14,101,4.207,26.481667,3.9619722,7.25,-10,,3,3
2026-01-23 04:20:39.581245,0x433ad35c,101,4.205,19.926666,4.034055,6.5,-29,,3,3
2026-01-23 04:20:46.508254,0x433e9c88,100,4.193,22.473333,1.9805279,,,,,3
2026-01-23 04:20:48.020446,0x433aad0c,101,4.212,22.473333,3.6422498,6.0,-36,,3,3
2026-01-23 04:21:46.409409,0x433e9c88,101,4.231,18.806665,1.961611,,,,,3
2026-01-23 04:22:46.428780,0x433e9c88,101,4.212,20.955,1.9719167,,,,,3
2026-01-23 04:23:46.476446,0x433e9c88,101,4.238,18.026667,1.9780556,,,,,3
2026-01-23 04:24:46.522478,0x433e9c88,99,4.188,18.066668,1.9426944,,,,,3
2026-01-23 04:25:06.416396,0x433af380,98,4.172,19.783333,2.5107222,7.0,-11,,3,3
2026-01-23 04:25:46.569218,0x433e9c88,98,4.174,22.881668,1.9595834,,,,,3
2026-01-23 04:25:49.039082,0x433b0b38,101,4.221,22.881668,3.8295555,5.75,-4,,5,5
2026-01-23 04:26:05.187546,0x433acb14,101,4.244,21.92,3.9754443,6.75,-11,,3,3
2026-01-23 04:26:39.904039,0x433ad35c,101,4.231,18.3,3.9455554,7.25,-29,,3,3
2026-01-23 04:26:46.708224,0x433e9c88,99,4.178,19.435001,1.9949166,,,,,3
2026-01-23 04:26:48.521256,0x433aad0c,101,4.222,19.435001,3.5372224,6.0,-36,,3,3
2026-01-23 04:27:46.749518,0x433e9c88,101,4.202,16.628334,1.9992223,,,,,3
2026-01-23 04:28:46.856405,0x433e9c88,99,4.18,22.363333,2.03275,,,,,3
2026-01-23 04:29:46.750282,0x433e9c88,101,4.217,21.383333,2.0514443,,,,,3
2026-01-23 04:30:46.798551,0x433e9c88,99,4.182,16.481667,2.0530279,,,,,3
2026-01-23 04:31:46.977385,0x433e9c88,101,4.204,22.605,2.0322778,,,,,3
2026-01-23 04:31:48.223246,0x433b0b38,101,4.216,22.605,3.6794443,6.5,-3,,5,5
2026-01-23 04:32:07.278532,0x433acb14,101,4.229,21.345,4.045472,6.75,-10,,3,3
2026-01-23 04:32:41.249720,0x433ad35c,99,4.183,22.705,3.9439998,6.25,-29,,3,3
2026-01-23 04:32:47.029871,0x433e9c88,98,4.174,20.995,1.9866388,,,,,3
2026-01-23 04:32:48.403755,0x433aad0c,97,4.155,21.98,3.4890835,6.0,-36,,3,3
2026-01-23 04:33:47.029578,0x433e9c88,100,4.191,23.088333,2.022,,,,,3
2026-01-23 04:34:47.097173,0x433e9c88,97,4.149,25.388332,2.0411665,,,,,3
2026-01-23 04:35:11.375912,0x433af380,98,4.168,23.391666,2.4831111,6.75,-11,,3,3
2026-01-23 04:35:47.220466,0x433e9c88,99,4.179,16.741667,2.04025,,,,,3
2026-01-23 04:36:47.212201,0x433e9c88,100,4.2,16.291666,2.0361667,,,,,3
2026-01-23 04:37:47.213411,0x433e9c88,99,4.181,20.87,2.0051389,,,,,3
2026-01-23 04:37:48.580970,0x433b0b38,99,4.185,21.746666,3.6560555,6.25,-3,,5,5
2026-01-23 04:38:05.749472,0x433acb14,101,4.216,22.208332,4.0625834,5.75,-11,,3,3
2026-01-23 04:38:41.629170,0x433ad35c,97,4.158,21.103333,3.8979445,6.5,-29,,3,3
2026-01-23 04:38:47.194374,0x433e9c88,99,4.188,22.869999,1.9725277,,,,,3
2026-01-23 04:38:48.673633,0x433aad0c,101,4.237,23.019999,3.4747221,5.25,-36,,3,3
2026-01-23 04:39:47.240315,0x433e9c88,101,4.231,23.186666,1.9561112,,,,,3
2026-01-23 04:40:47.441227,0x433e9c88,98,4.166,22.401667,1.9433055,,,,,3
2026-01-23 04:41:47.332685,0x433e9c88,100,4.193,18.148333,1.9517777,,,,,3
2026-01-23 04:42:47.378098,0x433e9c88,99,4.189,15.388334,1.9205,,,,,3
2026-01-23 04:43:47.501614,0x433e9c88,101,4.216,26.783333,1.9308054,,,,,3
2026-01-23 04:43:49.334087,0x433b0b38,100,4.196,25.906668,3.7160833,6.25,-3,,5,5
2026-01-23 04:44:05.796097,0x433acb14,100,4.193,28.753334,4.1608887,7.25,-11,,3,3
2026-01-23 04:44:36.831496,0x9e9faaa4,92,4.091,19.851667,3.1177223,5.75,-36,,3,2
2026-01-23 04:44:43.961059,0x433ad35c,101,4.218,25.906668,3.9276943,7.5,-29,,3,3
2026-01-23 04:44:47.513455,0x433e9c88,101,4.236,32.011665,1.9308054,,,,,3
2026-01-23 04:44:48.966339,0x433aad0c,101,4.24,32.011665,3.5,6.0,-36,,3,3
2026-01-23 04:45:47.571628,0x433e9c88,101,4.234,22.416666,1.9319167,,,,,3
2026-01-23 04:46:09.705672,0x9e9faaa4,92,4.091,16.26,3.3603058,6.0,-11,,3,2
2026-01-23 04:46:15.863130,0x433af380,98,4.169,16.26,2.4429998,6.5,-11,,3,3
2026-01-23 04:46:47.757843,0x433e9c88,101,4.237,28.166666,1.9086666,,,,,3
2026-01-23 04:47:47.728262,0x433e9c88,101,4.205,14.593333,1.9540833,,,,,3
2026-01-23 04:48:47.808517,0x433e9c88,101,4.202,17.74,1.9273611,,,,,3
2026-01-23 04:49:47.874318,0x433e9c88,101,4.22,21.84,1.9095554,,,,,3
2026-01-23 04:49:49.299638,0x433b0b38,98,4.164,21.84,3.7103333,6.0,-3,,5,5
2026-01-23 04:50:07.244996,0x433acb14,101,4.207,24.658333,4.1153336,7.5,-11,,3,3
2026-01-23 04:50:42.572842,0x433ad35c,101,4.206,25.415,3.8739722,7.25,-29,,3,3
2026-01-23 04:50:47.902441,0x433e9c88,98,4.169,24.295,1.8888056,,,,,3
2026-01-23 04:50:49.134703,0x433aad0c,101,4.235,24.295,3.4304445,5.75,-36,,3,3
2026-01-23 04:51:47.951981,0x433e9c88,101,4.23,15.806666,1.8552501,,,,3,3
2026-01-23 04:52:48.075992,0x433e9c88,101,4.23,26.9,1.8418055,,,,,3
2026-01-23 04:53:48.025795,0x433e9c88,100,4.199,21.733334,1.8418055,,,,,3
2026-01-23 04:54:48.251721,0x433e9c88,99,4.189,17.536667,1.8107778,,,,,3
2026-01-23 04:55:48.118677,0x433e9c88,101,4.237,22.363333,1.8107778,,,,,3
2026-01-23 04:55:49.328412,0x433b0b38,98,4.167,23.211666,3.8070555,6.0,-4,,5,5
2026-01-23 04:56:06.766290,0x433acb14,101,4.233,24.591667,4.0931945,7.5,-10,,3,3
2026-01-23 04:56:42.039008,0x433ad35c,99,4.178,18.765,3.8433888,7.0,-29,,3,3
2026-01-23 04:56:48.218927,0x433e9c88,101,4.249,23.064999,1.8375,,,,,3
2026-01-23 04:56:49.832736,0x433aad0c,101,4.218,23.064999,3.5544443,5.75,-36,,3,3
2026-01-23 04:57:08.136982,0x433af380,96,4.137,23.373333,2.4517221,6.25,-10,,3,3
2026-01-23 04:57:48.258301,0x433e9c88,99,4.18,21.529999,1.8340833,,,,,3
2026-01-23 04:57:59.956048,0x9e9faaa4,92,4.088,22.373333,3.4029167,7.25,-31,,3,3
2026-01-23 04:58:48.442540,0x433e9c88,101,4.205,23.25,1.8682778,,,,,3
2026-01-23 04:59:48.458626,0x433e9c88,101,4.228,18.928333,1.8395,,,,,3
2026-01-23 05:00:48.527503,0x433e9c88,101,4.221,15.551667,1.8395,,,,,3
2026-01-23 01:01:32.963563,0x433b0b38,101,4.219,28.153334,3.8635557,6.5,-4,,5,5
2026-01-23 01:01:33.547038,0x433e9c88,98,4.163,23.855001,1.4882778,,,,,3
2026-01-23 01:01:50.944672,0x433acb14,101,4.206,24.481667,4.171111,6.0,-12,,3,3
2026-01-23 01:02:25.364858,0x433ad35c,100,4.191,25.616667,4.219861,6.5,-28,,3,3
2026-01-23 01:02:33.706755,0x433e9c88,101,4.236,24.166666,1.5220001,,,,,3
2026-01-23 01:02:36.838807,0x433aad0c,101,4.233,25.151667,3.9889443,5.25,-37,,3,3
2026-01-23 01:03:02.547482,0x433af380,99,4.186,24.125,2.5365,7.0,-11,,3,3
2026-01-23 01:03:33.826177,0x433e9c88,101,4.24,17.765001,1.4720556,,,,,3
2026-01-23 01:04:33.749140,0x433e9c88,99,4.18,22.771667,1.4008889,,,,,3
2026-01-23 01:05:33.810983,0x433e9c88,101,4.232,14.246666,1.4303056,,,,,3
2026-01-23 01:06:33.942972,0x433e9c88,99,4.188,19.283333,1.4321389,,,,,3
2026-01-23 01:07:33.459143,0x433b0b38,98,4.168,20.01,3.8672779,5.75,-3,,5,5
2026-01-23 01:07:33.986925,0x433e9c88,101,4.239,22.130001,1.4321389,,,,,3
2026-01-23 01:07:51.060151,0x433acb14,101,4.231,21.488333,4.3575835,6.25,-11,,3,3
2026-01-23 01:08:26.734890,0x433ad35c,99,4.185,21.323334,4.388889,6.25,-28,,3,3
2026-01-23 01:08:33.924539,0x433e9c88,97,4.157,24.211666,1.44425,,,,,3
2026-01-23 01:08:36.892369,0x433aad0c,101,4.207,23.893333,3.958139,5.5,-36,,3,3
2026-01-23 01:09:33.979836,0x433e9c88,101,4.219,19.611668,1.4125556,,,,,3
2026-01-23 01:10:34.059855,0x433e9c88,101,4.206,22.293333,1.4460834,,,,,3
2026-01-23 01:11:34.022623,0x433e9c88,98,4.168,18.723333,1.4064167,,,,,3
2026-01-23 01:11:43.944901,0x9e9faaa4,92,4.09,22.711666,3.7278612,6.0,-3,,3,2
2026-01-23 01:12:34.180121,0x433e9c88,101,4.202,22.293333,1.3922778,,,,,3
2026-01-23 01:13:01.917204,0x433af380,101,4.202,20.375,2.4876666,6.5,-10,,3,3
2026-01-23 01:13:33.473538,0x433b0b38,101,4.211,25.661665,3.9518054,6.0,-3,,5,5
2026-01-23 01:13:34.251365,0x433e9c88,95,4.132,24.853334,1.4037223,,,,,3
2026-01-23 01:13:50.095508,0x433acb14,100,4.2,28.616667,4.571722,7.75,-10,,3,3
2026-01-23 01:14:26.288194,0x433ad35c,97,4.151,23.39,4.578778,6.5,-28,,3,3
2026-01-23 01:14:34.146286,0x433e9c88,99,4.188,19.653334,1.3494723,,,,,3
2026-01-23 01:14:37.746582,0x433aad0c,100,4.2,20.53,4.07125,5.75,-36,,3,3
2026-01-23 01:15:34.397938,0x433e9c88,101,4.221,17.453333,1.3166388,,,,3,3
2026-01-23 01:16:00.316186,0x9e9faaa4,92,4.091,21.259998,3.8103335,6.75,-31,,3,3
2026-01-23 01:16:34.490942,0x433e9c88,101,4.212,23.596666,1.3353611,,,,,3
2026-01-23 01:17:34.486981,0x433e9c88,101,4.23,18.013332,1.3121389,,,,,3
2026-01-23 01:18:34.656293,0x433e9c88,97,4.161,18.411667,1.3456666,,,,,3
2026-01-23 01:19:33.783417,0x433b0b38,99,4.183,24.138332,3.9700556,6.25,-3,,5,5
2026-01-23 01:19:34.561373,0x433e9c88,99,4.185,23.988333,1.3645834,,,,,3
2026-01-23 01:19:50.475022,0x433acb14,101,4.228,23.673334,4.7060275,7.25,-11,,3,3
2026-01-23 01:20:27.541551,0x433ad35c,98,4.172,18.215,4.7078333,6.25,-29,,3,3
2026-01-23 01:20:34.671759,0x433e9c88,99,4.18,17.956667,1.4102223,,,,,3
2026-01-23 01:20:37.654453,0x433aad0c,100,4.197,17.956667,4.2040834,6.0,-38,,3,3
2026-01-23 01:21:34.684060,0x433e9c88,101,4.205,15.441667,1.4179444,,,,,3
2026-01-23 01:22:34.832279,0x433e9c88,100,4.199,24.130001,1.4179444,,,,,3
2026-01-23 01:23:02.653506,0x433af380,97,4.158,24.983334,2.3287222,7.0,-11,,3,3
2026-01-23 01:23:34.888212,0x433e9c88,101,4.211,18.425,1.436639,,,,,3
2026-01-23 01:24:34.849354,0x433e9c88,101,4.222,18.38,1.4158889,,,,,3
2026-01-23 01:25:34.794224,0x433e9c88,101,4.247,19.898333,1.4021944,,,,,3
2026-01-23 01:25:35.236186,0x433b0b38,97,4.161,20.788332,3.9494724,5.75,-3,,5,5
2026-01-23 01:25:51.154753,0x433acb14,100,4.195,25.891668,4.7119164,7.5,-10,,3,3
2026-01-23 01:26:29.171858,0x433ad35c,97,4.153,19.75,4.8128057,6.25,-28,,3,3
2026-01-23 01:26:34.835675,0x433e9c88,101,4.215,21.503334,1.4211111,,,,,3
2026-01-23 01:26:37.796512,0x433aad0c,101,4.225,22.488333,4.305333,5.75,-36,,3,3
2026-01-23 01:27:34.957928,0x433e9c88,101,4.223,17.316666,1.3978611,,,,,3
2026-01-23 01:28:34.978681,0x433e9c88,101,4.201,27.578333,1.3953612,,,,,3
2026-01-23 01:29:35.028685,0x433e9c88,100,4.195,16.52,1.3686389,,,,,3
2026-01-23 01:29:48.652871,0x9e9faaa4,92,4.091,18.851665,3.5715277,7.75,-30,,3,3
2026-01-23 01:30:35.036806,0x433e9c88,99,4.185,24.363333,1.4211111,,,,,3
2026-01-23 01:31:35.212902,0x433e9c88,100,4.199,19.651667,1.436639,,,,,3
2026-01-23 01:31:36.112934,0x433b0b38,98,4.171,18.775,3.8592498,5.75,-4,,5,5
2026-01-23 01:31:51.439007,0x433acb14,100,4.198,21.73,4.8590837,6.75,-11,,3,3
2026-01-23 01:32:30.958964,0x433ad35c,100,4.194,22.35,4.9156666,7.0,-28,,3,3
2026-01-23 01:32:35.140689,0x433e9c88,100,4.19,21.336668,1.4555556,,,,,3
2026-01-23 01:32:37.945066,0x433aad0c,98,4.171,25.908333,4.3229165,6.0,-36,,3,3
2026-01-23 01:33:35.189858,0x433e9c88,101,4.227,20.543333,1.4854444,,,,,3
2026-01-23 01:34:02.665886,0x433af380,96,4.135,21.031668,2.1565278,7.0,-11,,3,3
2026-01-23 01:34:35.392226,0x433e9c88,101,4.233,25.73,1.4665278,,,,,3
2026-01-23 01:35:05.374940,0x9e9faaa4,92,4.089,24.865,3.54425,6.75,-29,,3,2
2026-01-23 01:35:35.399509,0x433e9c88,101,4.209,17.808332,1.4541944,,,,,3
2026-01-23 01:36:35.370930,0x433e9c88,100,4.193,16.07,1.462,,,,,3
2026-01-23 01:37:35.437869,0x433e9c88,100,4.198,19.365002,1.462,,,,,3
2026-01-23 01:37:37.068967,0x433b0b38,101,4.212,19.365002,3.8110833,6.25,-3,,5,5
2026-01-23 01:37:51.475043,0x433acb14,100,4.19,23.456667,4.923,7.5,-11,,3,3
2026-01-23 01:38:32.078008,0x433ad35c,100,4.198,18.288334,4.929472,5.5,-28,,3,3
2026-01-23 01:38:35.414583,0x433e9c88,97,4.16,24.871666,1.462,,,,,3
2026-01-23 01:38:38.587351,0x433aad0c,96,4.147,23.16,4.2604165,5.75,-37,,3,3
2026-01-23 01:39:35.519688,0x433e9c88,99,4.187,21.788334,1.4766111,,,,,3
2026-01-23 01:40:35.518415,0x433e9c88,98,4.174,19.458332,1.4373056,,,,,3
2026-01-23 01:41:35.735563,0x433e9c88,101,4.226,16.111666,1.4519166,,,,,3
2026-01-23 01:42:35.598655,0x433e9c88,100,4.195,18.77,1.4519166,,,,,3
2026-01-23 01:43:35.714151,0x433e9c88,100,4.19,20.226665,1.4708334,,,,,3
2026-01-23 01:43:37.021687,0x433b0b38,101,4.234,22.828333,3.9753332,6.25,-3,,5,5
2026-01-23 01:43:53.138372,0x433acb14,100,4.192,20.551666,4.842111,7.0,-11,,3,3
2026-01-23 01:44:33.359679,0x433ad35c,101,4.234,24.343332,4.9630003,6.5,-28,,3,3
2026-01-23 01:44:35.887860,0x433e9c88,101,4.211,21.511667,1.4519166,,,,,3
2026-01-23 01:44:38.684292,0x433aad0c,101,4.257,23.373333,4.2143335,6.0,-37,,3,3
2026-01-23 01:45:02.815042,0x433af380,98,4.169,21.263332,2.1731944,6.0,-10,,3,3
2026-01-23 01:45:20.589798,0x9e9faaa4,92,4.087,21.263332,3.4220555,7.5,-31,,3,3
2026-01-23 01:45:35.737416,0x433e9c88,101,4.222,19.876667,1.4337223,,,,,3
2026-01-23 01:46:35.973676,0x433e9c88,101,4.218,19.365002,1.4001944,,,,,3
2026-01-23 01:47:35.933106,0x433e9c88,74,3.938,14.165001,1.4285,,,,,3
2026-01-23 01:48:35.969431,0x433e9c88,97,4.152,16.425,1.4401389,,,,,3
2026-01-23 01:49:35.948974,0x433e9c88,100,4.195,21.868334,1.4590555,,,,,3
2026-01-23 01:49:36.485728,0x433b0b38,100,4.195,20.115,4.0303054,5.75,-3,,5,5
2026-01-23 01:49:52.176013,0x433acb14,100,4.2,21.32,4.922222,5.75,-11,,3,3
2026-01-23 01:50:34.692604,0x433ad35c,100,4.197,14.96,4.8683333,5.75,-29,,3,3
2026-01-23 01:50:35.996209,0x433e9c88,101,4.22,18.696667,1.4588333,,,,,3
2026-01-23 01:50:39.015088,0x433aad0c,101,4.219,18.064999,4.1237226,5.75,-37,,3,3
2026-01-23 01:51:36.172435,0x433e9c88,101,4.229,17.996668,1.4964722,,,,3,3
2026-01-23 01:52:36.249942,0x433e9c88,97,4.152,24.8,1.5279722,,,,,3
2026-01-23 01:53:36.332624,0x433e9c88,101,4.232,24.741667,1.5562222,,,,,3
2026-01-23 01:54:36.440618,0x433e9c88,99,4.183,15.548333,1.5373056,,,,,3
2026-01-23 01:55:02.975393,0x433af380,99,4.181,15.716666,2.122389,7.5,-11,,3,3
2026-01-23 01:55:36.358566,0x433e9c88,98,4.168,22.158333,1.6016388,,,,,3
2026-01-23 01:55:36.794844,0x433b0b38,96,4.144,23.035,4.079278,6.5,-3,,5,5
2026-01-23 01:55:52.483643,0x433acb14,101,4.214,24.278334,4.8697777,7.0,-11,,3,3
2026-01-23 01:56:32.367146,0x433ad35c,99,4.18,17.383333,4.7830834,7.0,-29,,3,3
2026-01-23 01:56:36.454379,0x433e9c88,101,4.21,18.86,1.5681111,,,,,3
2026-01-23 01:56:39.348222,0x433aad0c,101,4.215,21.748333,4.2206945,5.5,-36,,3,3
2026-01-23 01:57:36.493460,0x433e9c88,101,4.241,16.536667,1.5393611,,,,,3
2026-01-23 01:58:09.259275,0x9e9faaa4,92,4.085,13.99,3.2069724,7.0,-37,,3,2
2026-01-23 01:58:36.711381,0x433e9c88,100,4.195,23.168333,1.6014166,,,,,3
2026-01-23 01:59:36.619367,0x433e9c88,101,4.226,16.493334,1.6021112,,,,,3
2026-01-23 02:00:36.631308,0x433e9c88,100,4.195,16.151667,1.5555834,,,,,3
2026-01-23 07:01:55.979196,0x433b0b38,101,4.212,22.205,3.6926389,6.25,-3,,5,5
2026-01-23 07:01:56.256649,0x433e9c88,99,4.181,19.941668,1.7827222,,,,,3
2026-01-23 07:02:13.942633,0x433acb14,101,4.237,21.971666,4.287555,6.25,-10,,3,3
2026-01-23 07:02:49.522622,0x433ad35c,99,4.18,18.831667,4.432056,7.0,-29,,3,3
2026-01-23 07:02:56.236858,0x433e9c88,99,4.188,20.375,1.74075,,,,,3
2026-01-23 07:03:02.070847,0x433aad0c,101,4.229,17.885,4.3055277,5.75,-36,,3,3
2026-01-23 07:03:56.282649,0x433e9c88,101,4.227,14.168334,1.7391667,,,,,3
2026-01-23 07:04:56.506046,0x433e9c88,101,4.234,26.865,1.7291112,,,,,3
2026-01-23 07:05:56.374264,0x433e9c88,101,4.233,17.806667,1.7145001,,,,,3
2026-01-23 07:06:56.583571,0x433e9c88,99,4.176,14.296667,1.7145001,,,,,3
2026-01-23 07:07:09.728500,0x9e9faaa4,92,4.09,11.625,2.899139,7.25,-29,,3,3
2026-01-23 07:07:13.590895,0x433af380,98,4.164,14.691668,2.2282777,6.25,-11,,3,3
2026-01-23 07:07:56.371598,0x433b0b38,101,4.21,24.393333,3.7716389,6.0,-3,,5,5
2026-01-23 07:07:56.650643,0x433e9c88,101,4.226,23.53,1.7683055,,,,,3
2026-01-23 07:08:14.077956,0x433acb14,101,4.223,26.103333,4.2498612,7.25,-10,,3,3
2026-01-23 07:08:49.732382,0x433ad35c,99,4.178,18.918333,4.3789167,7.0,-30,,3,3
2026-01-23 07:08:56.512784,0x433e9c88,98,4.175,18.286667,1.7683055,,,,,3
2026-01-23 07:09:03.561001,0x433aad0c,101,4.238,17.655,4.1653056,5.5,-37,,3,3
2026-01-23 07:09:56.629259,0x433e9c88,101,4.235,19.466667,1.7611945,,,,,3
2026-01-23 07:10:56.726116,0x433e9c88,101,4.212,19.395,1.779889,,,,,3
2026-01-23 07:11:56.650458,0x433e9c88,99,4.188,15.620001,1.7928889,,,,,3
2026-01-23 07:12:56.843152,0x433e9c88,101,4.219,13.703333,1.7842499,,,,,3
2026-01-23 07:13:56.973510,0x433b0b38,96,4.139,19.833334,3.7454445,6.5,-3,,5,5
2026-01-23 07:13:57.251706,0x433e9c88,101,4.235,19.365002,1.7486944,,,,,3
2026-01-23 07:14:14.387046,0x433acb14,98,4.174,22.88,4.2018332,6.75,-11,,3,3
2026-01-23 07:14:50.169489,0x433ad35c,100,4.193,17.575,4.254667,6.5,-30,,3,3
2026-01-23 07:14:57.200289,0x433e9c88,99,4.188,14.15,1.7797222,,,,,3
2026-01-23 07:15:05.204266,0x433aad0c,99,4.189,17.039999,4.0803056,6.5,-36,,3,3
2026-01-23 07:15:57.306978,0x433e9c88,101,4.207,20.713333,1.7918334,,,,3,3
2026-01-23 07:16:57.389836,0x433e9c88,100,4.197,21.0,1.8304445,,,,,3
2026-01-23 07:17:11.538614,0x433af380,98,4.174,18.141666,2.2093055,6.25,-11,,3,3
2026-01-23 07:17:57.453577,0x433e9c88,101,4.208,17.65,1.7907778,,,,,3
2026-01-23 07:18:32.508545,0x9e9faaa4,92,4.09,18.141666,2.8494167,7.0,-30,,3,3
2026-01-23 07:18:57.522721,0x433e9c88,99,4.183,18.083334,1.7673055,,,,,3
2026-01-23 07:19:56.970754,0x433b0b38,97,4.16,17.795,3.7515278,6.25,-3,,5,5
2026-01-23 07:19:57.499213,0x433e9c88,101,4.239,18.288334,1.7693611,,,,,3
2026-01-23 07:20:14.481707,0x433acb14,101,4.23,18.916666,4.0915275,7.0,-10,,3,3
2026-01-23 07:20:50.381859,0x433ad35c,98,4.171,24.925,4.3163333,6.75,-30,,3,3
2026-01-23 07:20:57.527344,0x433e9c88,101,4.204,22.365,1.7754999,,,,,3
2026-01-23 07:21:05.777530,0x433aad0c,101,4.226,23.955,3.9256666,5.75,-36,,3,3
2026-01-23 07:21:57.649271,0x433e9c88,100,4.191,16.743334,1.7651945,,,,,3
2026-01-23 07:22:57.616751,0x433e9c88,98,4.17,16.576668,1.7773056,,,,,3
2026-01-23 07:23:57.846132,0x433e9c88,101,4.206,12.365,1.7766389,,,,,3
2026-01-23 07:24:57.854472,0x433e9c88,101,4.23,21.404999,1.8149999,,,,,3
2026-01-23 07:25:57.363166,0x433b0b38,97,4.158,19.971666,3.6804445,5.75,-4,,5,5
2026-01-23 07:25:57.890349,0x433e9c88,99,4.187,19.231667,1.8003888,,,,,3
2026-01-23 07:26:14.951772,0x433acb14,101,4.21,21.905,3.9738889,6.75,-10,,3,3
2026-01-23 07:26:52.680767,0x433ad35c,99,4.178,15.913333,4.2393055,6.75,-28,,3,3
2026-01-23 07:26:57.962408,0x433e9c88,101,4.228,15.276666,1.818,,,,,3
2026-01-23 07:27:07.291128,0x433aad0c,101,4.207,18.441668,3.936722,5.75,-37,,3,3
2026-01-23 07:27:12.748937,0x433af380,99,4.185,19.351667,2.2978055,6.25,-11,,3,3
2026-01-23 07:27:58.007568,0x433e9c88,101,4.238,20.373335,1.7730557,,,,,3
2026-01-23 07:28:18.434268,0x9e9faaa4,92,4.09,14.353333,2.818389,6.75,-60,,3,2
2026-01-23 07:28:57.894786,0x433e9c88,101,4.237,24.316668,1.7566389,,,,,3
2026-01-23 07:29:58.072102,0x433e9c88,101,4.218,16.091667,1.7564167,,,,,3
2026-01-23 07:30:57.987516,0x433e9c88,98,4.175,20.106667,1.7701112,,,,,3
2026-01-23 07:31:57.622892,0x433b0b38,98,4.173,17.871666,3.7919443,6.0,-4,,5,5
2026-01-23 07:31:58.150439,0x433e9c88,101,4.206,19.583334,1.7976665,,,,,3
2026-01-23 07:32:17.303789,0x433acb14,100,4.198,19.814999,4.044472,6.0,-11,,3,3
2026-01-23 07:32:51.174118,0x433ad35c,98,4.163,18.75,4.1646667,7.0,-29,,3,3
2026-01-23 07:32:58.105515,0x433e9c88,101,4.24,16.41,1.7379444,,,,,3
2026-01-23 07:33:09.443876,0x433aad0c,100,4.196,14.331667,3.7865832,6.0,-36,,3,3
2026-01-23 07:33:58.288290,0x433e9c88,101,4.254,18.099998,1.7379444,,,,,3
2026-01-23 07:34:58.371411,0x433e9c88,98,4.174,17.846666,1.767139,,,,,3
2026-01-23 07:35:58.427565,0x433e9c88,101,4.206,13.76,1.7174168,,,,,3
2026-01-23 07:36:58.372396,0x433e9c88,101,4.201,18.633333,1.7174168,,,,,3
2026-01-23 07:37:15.095805,0x433af380,96,4.143,13.805,2.3533888,7.0,-10,,3,3
2026-01-23 07:37:57.851301,0x433b0b38,99,4.182,21.136667,3.8058612,6.0,-4,,5,5
2026-01-23 07:37:58.379231,0x433e9c88,101,4.216,22.121666,1.7005278,,,,,3
2026-01-23 07:38:18.137933,0x433acb14,99,4.187,24.541668,3.9809167,6.5,-10,,3,3
2026-01-23 07:38:54.080258,0x433ad35c,100,4.199,19.863333,4.152639,7.0,-28,,3,3
2026-01-23 07:38:58.382793,0x433e9c88,101,4.211,22.315,1.7235277,,,,,3
2026-01-23 07:39:04.584829,0x9e9faaa4,92,4.089,17.483334,2.7441387,7.0,-29,,3,2
2026-01-23 07:39:10.847418,0x433aad0c,101,4.24,25.868332,3.6650558,6.25,-36,,3,3
2026-01-23 07:39:58.619299,0x433e9c88,101,4.211,21.175,1.7424444,,,,,3
2026-01-23 07:40:58.474354,0x433e9c88,101,4.211,24.421667,1.7098334,,,,,3
2026-01-23 07:41:58.576760,0x433e9c88,101,4.23,13.911666,1.7408612,,,,,3
2026-01-23 07:42:58.714646,0x433e9c88,101,4.22,14.665,1.7408612,,,,,3
2026-01-23 07:43:58.681238,0x433e9c88,100,4.19,19.821667,1.7661389,,,,,3
2026-01-23 07:43:59.845066,0x433b0b38,100,4.197,19.246666,3.9190001,6.0,-3,,5,5
2026-01-23 07:44:16.755644,0x433acb14,101,4.236,21.751667,3.9227777,7.25,-11,,3,3
2026-01-23 07:44:54.985616,0x433ad35c,101,4.208,23.436666,4.0950274,6.25,-29,,3,3
2026-01-23 07:44:58.763418,0x433e9c88,101,4.22,20.271666,1.7661389,,,,,3
2026-01-23 07:45:11.824227,0x433aad0c,101,4.222,21.226667,3.6956112,5.75,-36,,3,3
2026-01-23 07:45:58.804715,0x433e9c88,99,4.188,21.926666,1.7223889,,,,,3
2026-01-23 07:46:58.992544,0x433e9c88,99,4.184,17.821667,1.7618334,,,,,3
2026-01-23 07:47:11.086181,0x9e9faaa4,92,4.089,17.981667,2.8176389,7.5,-30,,3,3
2026-01-23 07:47:12.408168,0x433af380,97,4.155,17.051666,2.3582778,6.25,-11,,3,3
2026-01-23 07:47:58.907583,0x433e9c88,96,4.143,18.056667,1.7946944,,,,,3
2026-01-23 07:48:59.115586,0x433e9c88,98,4.166,18.471666,1.7618334,,,,,3
2026-01-23 07:49:58.387575,0x433b0b38,101,4.202,21.394999,4.0740833,6.0,-4,,5,5
2026-01-23 07:49:59.165788,0x433e9c88,99,4.18,21.258333,1.78075,,,,,3
2026-01-23 07:50:17.293546,0x433acb14,101,4.203,25.061666,3.830111,6.5,-11,,3,3
2026-01-23 07:50:53.643420,0x433ad35c,99,4.183,19.136667,4.1021113,7.75,-29,,3,3
2026-01-23 07:50:59.183639,0x433e9c88,101,4.215,21.725,1.7905,,,,,3
2026-01-23 07:51:12.517586,0x433aad0c,101,4.202,21.89,3.5120554,5.75,-37,,3,3
2026-01-23 07:51:59.209664,0x433e9c88,100,4.197,19.166666,1.7596946,,,,3,3
2026-01-22 23:01:25.782730,0x433e9c88,94,4.112,16.89,1.9475,,,,,3
2026-01-22 23:01:26.621528,0x433b0b38,100,4.196,17.766666,4.0195,5.75,-4,,5,5
2026-01-22 23:01:44.309578,0x433acb14,101,4.22,24.838333,3.5605278,6.5,-11,,3,3
2026-01-22 23:02:18.557947,0x433ad35c,97,4.153,24.658333,4.2500553,6.0,-28,,3,3
2026-01-22 23:02:25.844875,0x433e9c88,101,4.212,20.376667,1.9189723,,,,,3
2026-01-22 23:02:29.328080,0x433aad0c,101,4.215,20.376667,3.821639,6.5,-35,,3,3
2026-01-22 23:03:25.919775,0x433e9c88,101,4.201,18.986666,1.9189723,,,,,3
2026-01-22 23:04:25.785402,0x433e9c88,101,4.204,17.846666,1.8943057,,,,,3
2026-01-22 23:05:25.959322,0x433e9c88,100,4.198,13.991668,1.9104166,,,,,3
2026-01-22 23:06:25.877623,0x433e9c88,76,3.951,13.265,1.9026111,,,,,3
2026-01-22 23:07:26.083670,0x433e9c88,94,4.117,15.535,1.8861943,,,,,3
2026-01-22 23:07:26.690889,0x433b0b38,98,4.167,16.261667,4.0746665,6.0,-4,,5,5
2026-01-22 23:07:44.695329,0x433acb14,101,4.228,19.775,3.585111,7.5,-11,,3,3
2026-01-22 23:08:19.021528,0x433ad35c,97,4.148,22.976667,4.245389,6.75,-28,,3,3
2026-01-22 23:08:26.063855,0x433e9c88,101,4.203,20.706667,1.8836945,,,,,3
2026-01-22 23:08:29.526172,0x433aad0c,101,4.213,21.841665,3.8444445,6.0,-36,,3,3
2026-01-22 23:09:26.014943,0x433e9c88,100,4.191,16.121666,1.8886944,,,,,3
2026-01-22 23:10:00.288183,0x9e9faaa4,92,4.089,11.583333,3.5464444,6.25,-38,,3,3
2026-01-22 23:10:26.142338,0x433e9c88,101,4.204,18.625,1.8679724,,,,,3
2026-01-22 23:11:26.285977,0x433e9c88,101,4.222,14.848333,1.8490555,,,,,3
2026-01-22 23:12:26.236028,0x433e9c88,101,4.224,17.725,1.8670555,,,,,3
2026-01-22 23:13:26.260484,0x433e9c88,101,4.227,18.928333,1.8360277,,,,,3
2026-01-22 23:13:28.828557,0x433b0b38,101,4.215,17.793333,4.1424446,6.25,-4,,5,5
2026-01-22 23:13:44.698017,0x433acb14,100,4.19,20.158335,3.5915833,6.25,-11,,3,3
2026-01-22 23:14:19.144344,0x433ad35c,98,4.171,20.473333,4.1974998,6.5,-32,,3,3
2026-01-22 23:14:26.424108,0x433e9c88,101,4.228,19.188334,1.8118056,,,,,3
2026-01-22 23:14:30.114885,0x433aad0c,101,4.231,18.203333,3.9336388,5.75,-37,,3,3
2026-01-22 23:15:26.427950,0x433e9c88,101,4.206,15.341666,1.7846944,,,,,3
2026-01-22 23:16:26.373467,0x433e9c88,100,4.195,15.535,1.7993056,,,,,3
2026-01-22 23:17:26.558201,0x433e9c88,101,4.231,13.99,1.7929444,,,,,3
2026-01-22 23:18:26.565165,0x433e9c88,101,4.207,16.303333,1.7740277,,,,,3
2026-01-22 23:19:26.562759,0x433e9c88,100,4.196,17.985,1.7279444,,,,,3
2026-01-22 23:19:29.170667,0x433b0b38,100,4.198,17.985,4.1627502,6.25,-3,,5,5
2026-01-22 23:19:45.548874,0x433acb14,99,4.188,25.506666,3.5893612,7.75,-11,,3,3
2026-01-22 23:20:01.019981,0x433af380,99,4.178,22.488333,0.09691667,7.25,-11,,3,3
2026-01-22 23:20:19.342225,0x433ad35c,98,4.167,25.618332,4.1275835,5.5,-25,,3,3
2026-01-22 23:20:26.636504,0x433e9c88,101,4.206,22.266666,1.7158333,,,,,3
2026-01-22 23:20:30.581081,0x433aad0c,101,4.227,25.113333,3.9450831,7.25,-39,,3,3
2026-01-22 23:21:26.701284,0x433e9c88,101,4.227,19.503332,1.7774167,,,,,3
2026-01-22 23:21:59.692643,0x9e9faaa4,92,4.088,18.988333,3.446139,7.25,-31,,3,3
2026-01-22 23:22:26.645095,0x433e9c88,101,4.224,26.851665,1.8127779,,,,,3
2026-01-22 23:23:26.856576,0x433e9c88,100,4.192,20.846666,1.7443889,,,,,3
2026-01-22 23:24:26.906556,0x433e9c88,101,4.225,16.904999,1.7736111,,,,,3
2026-01-22 23:25:26.862155,0x433e9c88,101,4.245,17.19,1.7624445,,,,,3
2026-01-22 23:25:30.503998,0x433b0b38,101,4.23,17.531666,4.2292776,5.75,-4,,5,5
2026-01-22 23:25:47.338297,0x433acb14,101,4.228,19.566668,3.589111,6.0,-10,,3,3
2026-01-22 23:26:19.549445,0x433ad35c,101,4.228,24.826666,4.156,6.0,-26,,3,3
2026-01-22 23:26:26.827704,0x433e9c88,101,4.218,23.541666,1.7779722,,,,,3
2026-01-22 23:26:31.424662,0x433aad0c,101,4.23,22.556667,3.8771112,6.0,-38,,3,3
2026-01-22 23:27:27.004247,0x433e9c88,101,4.221,16.863333,1.7323334,,,,3,3
2026-01-22 23:28:27.443859,0x433e9c88,101,4.233,22.333332,1.7822778,,,,,3
2026-01-22 23:29:27.369672,0x433e9c88,101,4.23,15.728333,1.7865833,,,,,3
2026-01-22 23:29:59.380650,0x433af380,99,4.189,16.736668,0.53758335,7.25,-11,,3,3
2026-01-22 23:30:27.508391,0x433e9c88,100,4.193,20.186666,1.7893056,,,,,3
2026-01-22 23:31:27.529228,0x433e9c88,101,4.231,19.516666,1.8185278,,,,,3
2026-01-22 23:31:30.078533,0x433b0b38,98,4.171,18.381668,4.146639,6.25,-3,,5,5
2026-01-22 23:31:49.288887,0x433acb14,101,4.227,25.101667,3.5428333,6.25,-10,,3,3
2026-01-22 23:32:20.096511,0x433ad35c,100,4.198,31.11,4.105833,5.5,-24,,3,3
2026-01-22 23:32:27.635257,0x433e9c88,101,4.232,25.483334,1.82875,,,,,3
2026-01-22 23:32:31.626909,0x433aad0c,101,4.226,25.483334,3.799361,5.5,-38,,3,3
2026-01-22 23:33:27.644042,0x433e9c88,99,4.176,18.313334,1.8118888,,,,,3
2026-01-22 23:34:27.739637,0x433e9c88,100,4.198,20.268333,1.7760834,,,,,3
2026-01-22 23:35:27.614996,0x433e9c88,100,4.192,17.848333,1.7760834,,,,,3
2026-01-22 23:36:27.787040,0x433e9c88,101,4.208,17.275,1.8096112,,,,,3
2026-01-22 23:37:28.119124,0x433e9c88,99,4.186,21.021667,1.8157501,,,,,3
2026-01-22 23:37:30.844712,0x433b0b38,100,4.194,21.131666,4.1238055,6.0,-3,,5,5
2026-01-22 23:37:46.315397,0x433acb14,101,4.201,22.991667,3.5661113,7.25,-11,,3,3
2026-01-22 23:38:22.101364,0x433ad35c,99,4.178,24.661667,4.025944,6.5,-29,,3,3
2026-01-22 23:38:27.880206,0x433e9c88,101,4.235,25.650002,1.8258055,,,,,3
2026-01-22 23:38:31.934598,0x433aad0c,101,4.213,24.815,3.6003888,5.75,-36,,3,3
2026-01-22 23:39:27.905145,0x433e9c88,101,4.216,18.063334,1.8264722,,,,,3
2026-01-22 23:40:01.985378,0x433af380,101,4.215,17.328335,0.9248055,7.0,-11,,3,3
2026-01-22 23:40:27.937818,0x433e9c88,99,4.187,20.833332,1.8219445,,,,,3
2026-01-22 23:41:27.895068,0x433e9c88,101,4.221,16.904999,1.8554723,,,,,3
2026-01-22 23:42:28.067783,0x433e9c88,101,4.243,20.311666,1.8554723,,,,,3
2026-01-22 23:43:28.482896,0x433e9c88,101,4.235,22.295,1.8700832,,,,,3
2026-01-22 23:43:30.111309,0x433b0b38,99,4.179,23.171667,4.155722,6.25,-3,,5,5
2026-01-22 23:43:46.333853,0x433acb14,101,4.234,27.125,3.710889,6.75,-11,,3,3
2026-01-22 23:44:22.256939,0x433ad35c,99,4.185,21.183332,3.9057221,6.25,-28,,3,3
2026-01-22 23:44:28.331462,0x433e9c88,101,4.204,20.965,1.8700832,,,,,3
2026-01-22 23:44:32.048791,0x433aad0c,101,4.209,22.826668,3.4377775,5.75,-36,,3,3
2026-01-22 23:45:28.429964,0x433e9c88,101,4.205,14.565,1.8657777,,,,,3
2026-01-22 23:46:28.468792,0x433e9c88,101,4.224,21.386667,1.8995278,,,,,3
2026-01-22 23:47:28.631219,0x433e9c88,101,4.215,22.306667,1.8513888,,,,,3
2026-01-22 23:48:28.594018,0x433e9c88,99,4.177,21.133333,1.8703054,,,,,3
2026-01-22 23:49:28.697197,0x433e9c88,99,4.189,19.601667,1.8367778,,,,,3
2026-01-22 23:49:30.132148,0x433b0b38,98,4.175,20.736666,4.090667,6.0,-4,,5,5
2026-01-22 23:49:46.590596,0x433acb14,101,4.211,22.965,3.6610835,7.0,-11,,3,3
2026-01-22 23:50:06.481015,0x433af380,98,4.165,20.461666,1.3279167,7.0,-11,,3,3
2026-01-22 23:50:21.769736,0x433ad35c,98,4.17,22.565,3.9091666,6.0,-29,,3,3
2026-01-22 23:50:28.758947,0x433e9c88,101,4.21,22.733334,1.7825,,,,,3
2026-01-22 23:50:32.258162,0x433aad0c,101,4.215,21.748333,3.279889,5.5,-37,,3,3
2026-01-22 23:51:28.717474,0x433e9c88,100,4.199,19.301666,1.7325556,,,,,3
2026-01-22 23:51:48.291347,0x9e9faaa4,92,4.09,19.261667,3.1012778,6.75,-31,,3,3
2026-01-22 23:51:50.451573,0x9e9faaa4,92,4.087,20.603333,3.1027777,6.25,-4,,3,2
2026-01-22 23:52:28.778129,0x433e9c88,101,4.21,35.056667,1.7870555,,,,,3
2026-01-22 23:53:28.883609,0x433e9c88,101,4.232,19.57,1.7777224,,,,,3
2026-01-22 23:54:28.864885,0x433e9c88,101,4.212,16.605,1.796639,,,,,3
2026-01-22 23:54:49.883574,0x9e9faaa4,92,4.09,24.776667,3.144778,7.75,-31,,3,3
2026-01-22 23:55:29.014214,0x433e9c88,99,4.178,24.183332,1.8009444,,,,,3
2026-01-22 23:55:29.991791,0x433b0b38,97,4.151,25.170002,4.1162224,5.75,-3,,5,5
2026-01-22 23:55:47.005923,0x433acb14,101,4.206,29.409998,3.8062222,7.25,-11,,3,3
2026-01-22 23:56:22.228966,0x433ad35c,100,4.197,24.525,3.844,6.0,-28,,3,3
2026-01-22 23:56:28.945103,0x433e9c88,101,4.212,23.24,1.8267499,,,,,3
2026-01-22 23:56:32.539272,0x433aad0c,101,4.242,21.269999,3.2524724,6.0,-37,,3,3
2026-01-22 23:57:28.957790,0x433e9c88,100,4.196,18.601665,1.8438611,,,,,3
2026-01-22 23:58:29.142580,0x433e9c88,101,4.236,21.756666,1.8084999,,,,,3
2026-01-22 23:59:29.187372,0x433e9c88,101,4.232,20.093334,1.7938889,,,,,3
2026-01-23 00:00:00.548645,0x433af380,101,4.218,13.445001,1.6553333,7.0,-11,,3,3
2026-01-23 00:00:29.204909,0x433e9c88,101,4.238,19.588333,1.8000278,,,,,3
2026-01-22 16:00:59.968041,0x433e9c88,101,4.215,26.373333,1.91625,,,,,3
2026-01-22 16:01:02.359279,0x433b0b38,99,4.188,28.043333,3.8205833,6.5,-3,,5,5
2026-01-22 16:01:20.053799,0x433acb14,99,4.188,22.64,3.3860557,7.25,-10,,3,3
2026-01-22 16:01:49.890587,0x433ad35c,98,4.163,30.688334,3.7906666,6.0,-28,,3,3
2026-01-22 16:02:00.192303,0x433e9c88,101,4.209,29.605001,1.9105,,,,,3
2026-01-22 16:02:05.387437,0x433aad0c,100,4.194,27.431667,3.412389,5.5,-36,,3,3
2026-01-22 16:03:00.240307,0x433e9c88,101,4.208,18.109999,1.8691944,,,,,3
2026-01-22 16:04:00.109528,0x433e9c88,101,4.205,14.308333,1.8124167,,,,,3
2026-01-22 16:05:00.318433,0x433e9c88,101,4.204,22.621668,1.8124167,,,,,3
2026-01-22 16:06:00.190010,0x433e9c88,101,4.223,12.106667,1.8121945,,,,,3
2026-01-22 16:07:00.331653,0x433e9c88,99,4.184,15.181666,1.8308889,,,,,3
2026-01-22 16:07:02.727608,0x433b0b38,100,4.192,15.455,3.7923057,8.25,-2,,5,5
2026-01-22 16:07:19.902092,0x433acb14,101,4.226,20.423334,3.528139,7.5,-11,,3,3
2026-01-22 16:07:50.110702,0x433ad35c,100,4.192,22.226667,3.8249164,6.25,-28,,3,3
2026-01-22 16:08:00.283678,0x433e9c88,98,4.163,21.818335,1.7618057,,,,,3
2026-01-22 16:08:05.676267,0x433aad0c,101,4.254,22.136667,3.4235277,6.25,-36,,3,3
2026-01-22 16:09:00.445048,0x433e9c88,100,4.2,16.965,1.7145833,,,,,3
2026-01-22 16:09:05.912796,0x9e9faaa4,93,4.092,20.393333,2.8619444,7.25,-27,,3,3
2026-01-22 16:10:00.484428,0x433e9c88,100,4.198,14.81,1.7314723,,,,,3
2026-01-22 16:11:00.421521,0x433e9c88,92,4.084,19.873333,1.8266112,,,,,3
2026-01-22 16:12:00.467652,0x433e9c88,101,4.224,16.895,1.8266112,,,,,3
2026-01-22 16:13:00.511985,0x433e9c88,100,4.194,15.24,1.8327501,,,,,3
2026-01-22 16:13:02.877170,0x433b0b38,98,4.167,13.841666,3.6374722,6.5,-4,,5,5
2026-01-22 16:13:20.041467,0x433acb14,99,4.186,17.923332,3.5808332,7.0,-11,,3,3
2026-01-22 16:13:50.327431,0x433ad35c,98,4.172,26.391666,3.8061113,6.75,-28,,3,3
2026-01-22 16:14:00.581144,0x433e9c88,100,4.191,29.47,1.78825,,,,,3
2026-01-22 16:14:06.589848,0x433aad0c,101,4.242,26.445002,3.4792223,6.25,-36,,3,3
2026-01-22 16:15:00.770152,0x433e9c88,101,4.249,17.373333,1.7505556,,,,3,3
2026-01-22 16:16:00.807618,0x433e9c88,101,4.229,18.376667,1.7551111,,,,,3
2026-01-22 16:17:00.873702,0x433e9c88,73,3.928,26.006666,1.7427778,,,,,3
2026-01-22 16:17:49.431605,0x9e9faaa4,93,4.096,15.308334,3.0784721,7.5,-27,,3,3
2026-01-22 16:18:00.939999,0x433e9c88,98,4.167,20.371666,1.7583055,,,,,3
2026-01-22 16:19:00.930756,0x433e9c88,101,4.23,13.581666,1.7608056,,,,,3
2026-01-22 16:19:03.226712,0x433b0b38,97,4.161,14.361666,3.64675,6.0,-4,,5,5
2026-01-22 16:19:20.490847,0x433acb14,101,4.236,18.359999,3.6869445,7.25,-11,,3,3
2026-01-22 16:19:51.597994,0x433ad35c,101,4.229,23.681665,3.7748888,6.0,-29,,3,3
2026-01-22 16:20:01.083615,0x433e9c88,77,3.961,24.67,1.7525556,,,,,3
2026-01-22 16:20:07.466690,0x433aad0c,101,4.253,22.081667,3.4441109,6.0,-36,,3,3
2026-01-22 16:21:01.022531,0x433e9c88,98,4.172,14.62,1.7242501,,,,,3
2026-01-22 16:22:01.067151,0x433e9c88,100,4.19,13.803333,1.7295556,,,,,3
2026-01-22 16:23:01.253340,0x433e9c88,101,4.206,14.35,1.7331945,,,,,3
2026-01-22 16:24:01.172643,0x433e9c88,101,4.222,13.541667,1.7642223,,,,,3
2026-01-22 16:25:01.381576,0x433e9c88,101,4.238,20.123333,1.8105,,,,,3
2026-01-22 16:25:03.490004,0x433b0b38,98,4.168,14.46,3.6575277,5.75,-3,,5,5
2026-01-22 16:25:21.099216,0x433acb14,101,4.207,19.699999,3.7419446,7.5,-10,,3,3
2026-01-22 16:25:51.067290,0x433ad35c,100,4.191,23.431665,3.6929998,5.5,-28,,3,3
2026-01-22 16:26:01.275318,0x433e9c88,92,4.082,25.951666,1.7956667,,,,,3
2026-01-22 16:26:06.870163,0x433aad0c,101,4.241,23.845001,3.4413888,5.75,-36,,3,3
2026-01-22 16:27:01.298085,0x433e9c88,99,4.182,17.85,1.7968055,,,,,3
2026-01-22 16:27:49.419410,0x9e9faaa4,93,4.096,14.693334,2.933111,7.0,-28,,3,3
2026-01-22 16:28:01.411029,0x433e9c88,99,4.178,16.551666,1.8138889,,,,,3
2026-01-22 16:29:01.553424,0x433e9c88,101,4.22,23.658333,1.8757222,,,,,3
2026-01-22 16:30:01.613882,0x433e9c88,100,4.196,15.706667,1.8499166,,,,,3
2026-01-22 16:31:01.549183,0x433e9c88,101,4.228,15.828334,1.843111,,,,,3
2026-01-22 16:31:04.150692,0x433b0b38,98,4.171,17.281666,3.7353888,6.25,-3,,5,5
2026-01-22 16:31:20.777866,0x433acb14,101,4.214,17.95,3.8348057,7.5,-12,,3,3
2026-01-22 16:31:51.268917,0x433ad35c,98,4.171,27.651669,3.5323057,5.5,-28,,3,3
2026-01-22 16:32:01.590730,0x433e9c88,101,4.214,27.621666,1.8764166,,,,,3
2026-01-22 16:32:07.925348,0x433aad0c,101,4.21,23.336666,3.51325,6.75,-36,,3,3
2026-01-22 16:33:01.679675,0x433e9c88,101,4.203,15.021667,1.8428888,,,,,3
2026-01-22 16:34:01.771323,0x433e9c88,101,4.226,12.663333,1.8437779,,,,,3
2026-01-22 16:35:01.773698,0x433e9c88,100,4.197,19.371666,1.8435557,,,,,3
2026-01-22 16:36:01.740900,0x433e9c88,100,4.194,12.983334,1.7951945,,,,,3
2026-01-22 16:37:01.902390,0x433e9c88,100,4.191,18.65,1.7612222,,,,,3
2026-01-22 16:37:04.132464,0x433b0b38,97,4.152,18.65,3.8082778,6.0,-3,,5,5
2026-01-22 16:37:21.121788,0x433acb14,101,4.226,23.778334,3.8633332,7.25,-11,,3,3
2026-01-22 16:37:51.704975,0x433ad35c,101,4.215,23.913332,3.5232224,5.5,-28,,3,3
2026-01-22 16:38:01.947304,0x433e9c88,101,4.215,26.318333,1.7463889,,,,,3
2026-01-22 16:38:07.812156,0x433aad0c,101,4.247,21.035,3.481139,5.5,-36,,3,3
2026-01-22 16:38:57.491217,0x9e9faaa4,93,4.096,24.301666,2.9800277,7.5,-26,,3,3
2026-01-22 16:39:01.902520,0x433e9c88,101,4.214,20.045,1.7593888,,,,,3
2026-01-22 16:40:02.381376,0x433e9c88,101,4.235,14.558333,1.7023612,,,,,3
2026-01-22 16:41:02.421485,0x433e9c88,100,4.19,21.476667,1.7237777,,,,,3
2026-01-22 16:42:02.282399,0x433e9c88,100,4.192,16.525,1.7237777,,,,,3
2026-01-22 16:43:02.370747,0x433e9c88,100,4.199,13.718334,1.6986666,,,,,3
2026-01-22 16:43:05.107776,0x433b0b38,101,4.224,12.991667,3.7023888,6.0,-3,,5,5
2026-01-22 16:43:21.226770,0x433acb14,101,4.209,17.673332,3.8123612,7.75,-11,,3,3
2026-01-22 16:43:52.005140,0x433ad35c,97,4.156,23.131666,3.559139,5.5,-28,,3,3
2026-01-22 16:44:02.529616,0x433e9c88,101,4.213,18.713333,1.7310556,,,,,3
2026-01-22 16:44:08.093791,0x433aad0c,101,4.207,21.533333,3.4047499,6.0,-36,,3,3
2026-01-22 16:45:02.512525,0x433e9c88,101,4.212,13.936667,1.7160001,,,,,3
2026-01-22 16:46:02.875123,0x433e9c88,101,4.227,13.691667,1.7106944,,,,,3
2026-01-22 16:47:03.195760,0x433e9c88,101,4.211,21.943335,1.7166667,,,,,3
2026-01-22 16:47:51.159381,0x9e9faaa4,93,4.096,17.011665,3.1480556,7.25,-71,,3,2
2026-01-22 16:48:03.188790,0x433e9c88,99,4.189,17.143333,1.7056944,,,,,3
2026-01-22 16:49:03.519399,0x433e9c88,101,4.23,15.158333,1.7203056,,,,,3
2026-01-22 16:49:06.040847,0x433b0b38,101,4.201,14.431667,3.6257777,6.25,-3,,5,5
2026-01-22 16:49:21.808036,0x433acb14,100,4.198,18.74,3.809472,7.75,-11,,3,3
2026-01-22 16:49:52.992428,0x433ad35c,98,4.17,24.748333,3.635139,5.75,-28,,3,3
2026-01-22 16:50:03.791856,0x433e9c88,99,4.185,27.031666,1.739,,,,,3
2026-01-22 16:50:08.374126,0x433aad0c,101,4.245,24.76,3.2998056,5.75,-36,,3,3
2026-01-22 16:51:03.568108,0x433e9c88,89,4.047,18.303333,1.7158889,,,,3,3
2026-01-22 16:52:03.644691,0x433e9c88,98,4.174,19.646667,1.7325556,,,,,3
2026-01-22 16:53:03.743538,0x433e9c88,87,4.033,21.993334,1.74575,,,,,3
2026-01-22 16:54:03.860568,0x433e9c88,97,4.154,13.283333,1.7493889,,,,,3
2026-01-22 16:55:03.884616,0x433e9c88,99,4.186,13.31,1.7368333,,,,,3
2026-01-22 16:55:08.869924,0x433b0b38,98,4.17,13.46,3.530472,6.25,-4,,5,5
2026-01-22 16:55:25.561794,0x433acb14,101,4.206,17.306665,3.813111,7.0,-11,,3,3
2026-01-22 16:55:52.759551,0x433ad35c,101,4.206,24.428333,3.5789444,6.25,-27,,3,3
2026-01-22 16:56:03.793499,0x433e9c88,97,4.16,19.528334,1.7580278,,,,,3
2026-01-22 16:56:08.737905,0x433aad0c,101,4.253,22.198334,3.3939998,6.0,-36,,3,3
2026-01-22 16:57:03.919362,0x433e9c88,100,4.197,17.741667,1.7393334,,,,,3
2026-01-22 16:57:49.953163,0x9e9faaa4,93,4.1,14.763333,3.088,7.75,-26,,3,3
2026-01-22 16:58:04.022489,0x433e9c88,98,4.166,15.03,1.7521111,,,,,3
2026-01-22 16:59:04.009382,0x433e9c88,101,4.208,20.668333,1.7262777,,,,,3
2026-01-22 17:00:04.031858,0x433e9c88,91,4.072,15.496667,1.7383888,,,,,3
2026-01-22 22:01:22.552750,0x433e9c88,93,4.093,23.191666,1.7876943,,,,,3
2026-01-22 22:01:26.351300,0x433b0b38,101,4.204,21.438334,3.9780557,6.25,-3,,5,5
2026-01-22 22:01:42.355898,0x433acb14,100,4.196,24.938334,3.8198612,7.25,-11,,3,3
2026-01-22 22:02:15.265909,0x433ad35c,98,4.168,23.721666,3.885889,7.25,-28,,3,3
2026-01-22 22:02:22.545977,0x433e9c88,101,4.209,24.815,1.8187222,,,,,3
2026-01-22 22:02:29.526836,0x433aad0c,101,4.21,21.148333,3.3339725,5.75,-28,,3,2
2026-01-22 22:03:22.771427,0x433e9c88,101,4.21,18.273333,1.77425,,,,,3
2026-01-22 22:04:22.686564,0x433e9c88,97,4.158,16.701668,1.77425,,,,,3
2026-01-22 22:05:22.760603,0x433e9c88,98,4.167,19.378332,1.7834166,,,,,3
2026-01-22 22:06:22.889563,0x433e9c88,99,4.188,12.496667,1.7980278,,,,,3
2026-01-22 22:07:22.958399,0x433e9c88,64,3.841,17.231667,1.7733611,,,,,3
2026-01-22 22:07:24.366782,0x433b0b38,99,4.185,18.861666,3.93475,6.0,-3,,5,5
2026-01-22 22:07:40.296509,0x433acb14,101,4.236,22.483334,3.7589445,6.25,-12,,3,3
2026-01-22 22:08:15.649606,0x433ad35c,99,4.181,26.191668,3.804222,7.25,-30,,3,3
2026-01-22 22:08:22.927659,0x433e9c88,96,4.143,22.168333,1.8111944,,,,,3
2026-01-22 22:08:26.973810,0x433aad0c,101,4.24,22.894999,3.3884723,5.5,-36,,3,3
2026-01-22 22:09:22.854871,0x433e9c88,100,4.193,11.211666,1.8208054,,,,,3
2026-01-22 22:10:23.052543,0x433e9c88,101,4.219,17.476665,1.858639,,,,,3
2026-01-22 22:11:23.011241,0x433e9c88,101,4.209,17.618332,1.8775556,,,,,3
2026-01-22 22:11:57.823235,0x9e9faaa4,92,4.088,16.695,2.9216666,6.25,-3,,3,2
2026-01-22 22:12:23.047236,0x433e9c88,100,4.193,23.01,1.8650001,,,,,3
2026-01-22 22:13:23.058660,0x433e9c88,101,4.207,17.683332,1.879611,,,,,3
2026-01-22 22:13:24.270605,0x433b0b38,97,4.15,15.93,3.7781668,6.0,-3,,5,5
2026-01-22 22:13:40.668397,0x433acb14,101,4.234,20.036667,3.7354443,6.75,-11,,3,3
2026-01-22 22:14:15.867199,0x433ad35c,99,4.188,20.478334,3.7591667,7.25,-29,,3,3
2026-01-22 22:14:23.215708,0x433e9c88,101,4.216,21.406668,1.9241111,,,,,3
2026-01-22 22:14:28.264008,0x433aad0c,101,4.216,22.006666,3.3236668,6.75,-37,,3,3
2026-01-22 22:15:23.262486,0x433e9c88,101,4.214,16.586668,1.9304723,,,,3,3
2026-01-22 22:16:23.329512,0x433e9c88,100,4.198,17.863333,1.9284444,,,,,3
2026-01-22 22:17:23.404907,0x433e9c88,100,4.191,15.348333,1.9541667,,,,,3
2026-01-22 22:18:23.411616,0x433e9c88,81,3.998,19.121666,1.9537221,,,,,3
2026-01-22 22:19:23.542450,0x433e9c88,67,3.87,15.536668,1.9998055,,,,,3
2026-01-22 22:19:24.984602,0x433b0b38,99,4.178,16.316668,3.6954443,6.0,-3,,5,5
2026-01-22 22:19:40.919098,0x433acb14,101,4.221,20.335,3.6901667,6.25,-11,,3,3
2026-01-22 22:20:16.090208,0x433ad35c,101,4.228,25.136667,3.909111,5.75,-31,,3,3
2026-01-22 22:20:23.621712,0x433e9c88,95,4.128,20.688334,1.9562222,,,,,3
2026-01-22 22:20:27.185202,0x433aad0c,101,4.222,22.603333,3.183,6.25,-39,,3,3
2026-01-22 22:21:23.625816,0x433e9c88,99,4.186,13.876666,1.9441111,,,,,3
2026-01-22 22:22:23.595753,0x433e9c88,101,4.234,19.12,1.9960834,,,,,3
2026-01-22 22:23:23.737722,0x433e9c88,100,4.198,19.888334,1.9839723,,,,,3
2026-01-22 22:24:23.692884,0x433e9c88,101,4.234,24.243334,1.9839723,,,,,3
2026-01-22 22:24:27.511278,0x433af380,98,4.166,24.69,0.09883334,6.5,-23,,3,3
2026-01-22 22:25:23.731811,0x433e9c88,101,4.225,19.61,1.9770833,,,,,3
2026-01-22 22:25:24.941706,0x433b0b38,98,4.163,14.903334,3.635389,5.75,-3,,5,5
2026-01-22 22:25:40.973399,0x433acb14,101,4.234,23.126667,3.7223055,6.25,-11,,3,3
2026-01-22 22:26:16.336832,0x433ad35c,100,4.198,22.705,3.9414723,5.75,-30,,3,3
2026-01-22 22:26:23.865441,0x433e9c88,101,4.234,23.1,1.9702778,,,,,3
2026-01-22 22:26:27.956887,0x433aad0c,101,4.201,24.961666,3.258111,6.25,-37,,3,3
2026-01-22 22:27:23.874856,0x433e9c88,101,4.227,22.18,1.9520555,,,,,3
2026-01-22 22:27:58.106326,0x433af380,98,4.162,23.101667,0.12911111,5.75,-25,,3,3
2026-01-22 22:28:23.871640,0x433e9c88,101,4.219,26.198334,1.9137777,,,,,3
2026-01-22 22:29:23.977699,0x433e9c88,101,4.225,16.59,1.9594166,,,,,3
2026-01-22 22:30:24.098269,0x433e9c88,99,4.177,19.796667,1.9405,,,,,3
2026-01-22 22:31:15.360935,0x9e9faaa4,92,4.091,17.736668,2.8380556,6.25,-11,,3,2
2026-01-22 22:31:19.033687,0x9e9faaa4,92,4.09,20.393333,3.1053612,7.0,-37,,3,2
2026-01-22 22:31:24.043759,0x433e9c88,99,4.185,30.831667,1.9240834,,,,,3
2026-01-22 22:31:25.733713,0x433b0b38,101,4.203,32.693333,3.6391945,6.25,-4,,5,5
2026-01-22 22:31:42.919434,0x433acb14,101,4.223,37.493332,3.7183614,6.5,-11,,3,3
2026-01-22 22:32:16.890395,0x433ad35c,98,4.163,32.295002,4.018028,7.0,-28,,3,3
2026-01-22 22:32:24.170040,0x433e9c88,101,4.205,20.803333,1.9656111,,,,,3
2026-01-22 22:32:28.439572,0x433aad0c,101,4.256,23.266666,3.4059722,6.5,-37,,3,3
2026-01-22 22:33:24.304420,0x433e9c88,101,4.218,20.311666,1.9927777,,,,,3
2026-01-22 22:34:24.359947,0x433e9c88,101,4.221,18.916666,2.0285833,,,,,3
2026-01-22 22:35:24.249786,0x433e9c88,100,4.197,18.598333,2.0096667,,,,,3
2026-01-22 22:35:25.351888,0x433af380,99,4.178,23.281666,0.076861106,6.25,-23,,3,3
2026-01-22 22:36:24.378583,0x433e9c88,101,4.205,20.406666,2.0096667,,,,,3
2026-01-22 22:37:24.534635,0x433e9c88,93,4.104,24.581667,2.0210278,,,,,3
2026-01-22 22:37:25.596554,0x433b0b38,101,4.202,24.581667,3.6849723,7.5,-3,,5,5
2026-01-22 22:37:44.780046,0x433acb14,99,4.187,26.523335,3.6633334,6.0,-12,,3,3
2026-01-22 22:38:17.187142,0x433ad35c,101,4.229,27.891666,4.1228333,7.75,-29,,3,3
2026-01-22 22:38:24.540052,0x433e9c88,99,4.185,26.783333,2.0175555,,,,,3
2026-01-22 22:38:28.070053,0x433aad0c,101,4.218,22.733334,3.5695832,5.75,-37,,3,3
2026-01-22 22:38:59.247845,0x9e9faaa4,92,4.089,21.101667,3.3832777,6.25,-33,,3,3
2026-01-22 22:39:24.519547,0x433e9c88,99,4.188,18.525,2.0791943,,,,,3
2026-01-22 22:40:10.383796,0x433af380,101,4.202,12.266666,0.04013889,6.25,-18,,3,3
2026-01-22 22:40:24.504515,0x433e9c88,100,4.195,20.718332,2.043389,,,,,3
2026-01-22 22:41:24.662431,0x433e9c88,100,4.197,15.716666,2.0579998,,,,,3
2026-01-22 22:42:24.760527,0x433e9c88,101,4.207,20.725,2.0269723,,,,,3
2026-01-22 22:43:24.643798,0x433e9c88,101,4.239,21.953335,1.9808888,,,,,3
2026-01-22 22:43:25.867158,0x433b0b38,100,4.197,21.953335,3.7497778,6.75,-4,,5,5
2026-01-22 22:43:44.988620,0x433acb14,100,4.199,24.605,3.6544447,7.0,-11,,3,3
2026-01-22 22:44:17.526422,0x433ad35c,101,4.208,25.768333,4.207389,6.0,-27,,3,3
2026-01-22 22:44:24.844811,0x433e9c88,101,4.212,24.428333,1.9762778,,,,,3
2026-01-22 22:44:28.338404,0x433aad0c,101,4.22,25.413334,3.720528,7.75,-34,,3,3
2026-01-22 22:45:24.750744,0x433e9c88,101,4.217,18.601665,1.9288334,,,,,3
2026-01-22 22:46:24.835241,0x433e9c88,101,4.212,19.601667,1.9434445,,,,,3
2026-01-22 22:47:24.965809,0x433e9c88,101,4.202,17.998333,1.9227221,,,,,3
2026-01-22 22:48:24.902681,0x433e9c88,101,4.242,20.725,1.9275,,,,,3
2026-01-22 22:49:01.331935,0x9e9faaa4,92,4.089,18.646666,3.536611,7.0,-42,,3,3
2026-01-22 22:49:25.024267,0x433e9c88,101,4.234,22.416666,1.8814167,,,,,3
2026-01-22 22:49:26.104848,0x433b0b38,99,4.176,22.416666,3.919889,5.75,-3,,5,5
2026-01-22 22:49:44.842176,0x433acb14,101,4.211,26.423332,3.7120278,6.0,-11,,3,3
2026-01-22 22:50:16.437895,0x433af380,99,4.178,23.736666,0.39519444,5.75,-16,,3,3
2026-01-22 22:50:19.145562,0x433ad35c,100,4.191,28.34,4.2341666,5.75,-27,,3,3
2026-01-22 22:50:25.176578,0x433e9c88,101,4.222,24.771667,1.9384444,,,,,3
2026-01-22 22:50:29.325715,0x433aad0c,101,4.208,22.91,3.8793612,6.0,-37,,3,3
2026-01-22 22:51:25.171489,0x433e9c88,101,4.219,19.118332,1.9124167,,,,3,3
2026-01-22 22:52:25.349747,0x433e9c88,101,4.21,24.598333,1.9041945,,,,,3
2026-01-22 22:53:25.352128,0x433e9c88,101,4.213,25.043333,1.9085,,,,,3
2026-01-22 22:54:25.472833,0x433e9c88,100,4.19,16.013332,1.92925,,,,,3
2026-01-22 22:55:25.337638,0x433e9c88,101,4.204,18.723333,1.9463612,,,,,3
2026-01-22 22:55:26.424112,0x433b0b38,101,4.204,20.845001,3.9438612,6.0,-3,,5,5
2026-01-22 22:55:44.286883,0x433acb14,101,4.203,23.221666,3.5827224,7.0,-11,,3,3
2026-01-22 22:56:18.039973,0x433ad35c,101,4.211,22.333332,4.2450833,5.75,-27,,3,3
2026-01-22 22:56:25.579797,0x433e9c88,91,4.071,20.063334,1.9549999,,,,,3
2026-01-22 22:56:29.454817,0x433aad0c,101,4.217,20.063334,3.8855832,6.0,-35,,3,3
2026-01-22 22:57:25.569274,0x433e9c88,98,4.175,17.381666,1.9271666,,,,,3
2026-01-22 22:58:25.491571,0x433e9c88,101,4.201,22.156666,1.9276388,,,,,3
2026-01-22 22:59:25.559778,0x433e9c88,100,4.2,19.983334,1.9233333,,,,,3
2026-01-22 23:00:00.815681,0x9e9faaa4,92,4.088,17.125,3.703139,6.0,-61,,3,2
2026-01-22 23:00:14.685681,0x433af380,96,4.137,15.6066675,0.7948611,6.25,-15,,3,3
2026-01-22 23:00:25.598642,0x433e9c88,101,4.203,20.721666,1.9456389,,,,,3
2026-01-22 13:00:48.261907,0x433e9c88,98,4.166,27.621666,0.05425,,,,,3
2026-01-22 13:00:50.318120,0x433b0b38,98,4.173,27.621666,0.046083335,5.5,-4,,5,5
2026-01-22 13:01:10.701569,0x433acb14,100,4.196,20.771667,0.046055555,6.0,-12,,3,3
2026-01-22 13:01:41.038043,0x433ad35c,99,4.176,22.035,0.60594445,6.0,-26,,3,3
2026-01-22 13:01:48.337964,0x433e9c88,98,4.171,25.691668,0.08936111,,,,,3
2026-01-22 13:01:54.170361,0x433aad0c,101,4.212,22.53,0.6327222,6.5,-37,,3,3
2026-01-22 13:02:48.387732,0x433e9c88,97,4.159,16.533333,0.08936111,,,,3,3
2026-01-22 13:03:48.614497,0x433e9c88,96,4.146,16.811666,0.10602778,,,,,3
2026-01-22 13:04:48.488569,0x433e9c88,99,4.187,17.781668,0.10602778,,,,,3
2026-01-22 13:05:48.703502,0x433e9c88,101,4.226,15.071667,0.11813889,,,,,3
2026-01-22 13:06:05.263507,0x9e9faaa4,17,3.393,13.488333,0.8359722,6.25,-20,,3,2
2026-01-22 13:06:48.573703,0x433e9c88,98,4.171,26.551666,0.15783334,,,,,3
2026-01-22 13:06:50.867760,0x433b0b38,101,4.213,26.551666,0.4502778,6.0,-3,,5,5
2026-01-22 13:07:10.935312,0x433acb14,101,4.219,25.523335,0.36336112,5.75,-12,,3,3
2026-01-22 13:07:45.742195,0x433ad35c,97,4.153,21.416668,0.9488056,5.5,-24,,3,3
2026-01-22 13:07:48.770877,0x433e9c88,100,4.194,26.875002,0.19022222,,,,,3
2026-01-22 13:07:55.051734,0x433aad0c,100,4.197,29.733334,0.9388056,6.0,-38,,3,3
2026-01-22 13:08:48.684484,0x433e9c88,98,4.167,14.473334,0.20233332,,,,,3
2026-01-22 13:09:48.782680,0x433e9c88,99,4.18,16.220001,0.21647222,,,,,3
2026-01-22 13:10:48.919461,0x433e9c88,101,4.214,19.763332,0.22858332,,,,,3
2026-01-22 13:11:48.897499,0x433e9c88,99,4.179,15.088333,0.22858332,,,,,3
2026-01-22 13:12:48.844046,0x433e9c88,99,4.183,17.428333,0.316,,,,,3
2026-01-22 13:12:50.963043,0x433b0b38,99,4.185,17.428333,0.84783334,6.0,-4,,5,5
2026-01-22 13:13:12.494750,0x433acb14,100,4.193,19.258333,0.74408334,6.25,-13,,3,3
2026-01-22 13:13:40.449408,0x433ad35c,101,4.225,23.358334,1.4181111,6.0,-27,,3,3
2026-01-22 13:13:48.969104,0x433e9c88,98,4.168,27.996666,0.329,,,,,3
2026-01-22 13:13:54.931522,0x433aad0c,101,4.242,26.833334,1.2493612,7.5,-37,,3,3
2026-01-22 13:14:49.097447,0x433e9c88,101,4.216,15.208334,0.39333335,,,,,3
2026-01-22 13:15:49.013243,0x433e9c88,101,4.21,18.986666,0.42436108,,,,,3
2026-01-22 13:16:49.052060,0x433e9c88,101,4.211,22.19,0.4583333,,,,,3
2026-01-22 13:17:39.071309,0x9e9faaa4,17,3.392,19.76,1.3045833,6.0,-12,,3,2
2026-01-22 13:17:49.252909,0x433e9c88,101,4.246,17.836666,0.50872225,,,,,3
2026-01-22 13:18:49.194533,0x433e9c88,101,4.234,14.253333,0.5413333,,,,,3
2026-01-22 13:18:51.174046,0x433b0b38,100,4.19,15.388334,1.2253889,6.0,-4,,5,5
2026-01-22 13:19:12.445899,0x433acb14,100,4.193,18.793335,1.1559167,6.25,-13,,3,3
2026-01-22 13:19:40.407500,0x433ad35c,101,4.207,24.441668,1.7806666,5.75,-30,,3,3
2026-01-22 13:19:49.273183,0x433e9c88,101,4.221,25.440002,0.56025,,,,,3
2026-01-22 13:19:54.819766,0x433aad0c,101,4.238,25.440002,1.6038889,5.5,-38,,3,3
2026-01-22 13:20:49.258426,0x433e9c88,101,4.242,16.918333,0.60066664,,,,,3
2026-01-22 13:21:49.475548,0x433e9c88,101,4.234,15.225,0.6734722,,,,,3
2026-01-22 13:22:49.449761,0x433e9c88,101,4.234,17.463333,0.6871667,,,,,3
2026-01-22 13:23:49.410201,0x433e9c88,101,4.209,14.898333,0.7113889,,,,,3
2026-01-22 13:24:49.419164,0x433e9c88,101,4.223,18.218334,0.7506111,,,,,3
2026-01-22 13:24:51.472182,0x433b0b38,98,4.163,17.315,1.5971944,6.5,-3,,5,5
2026-01-22 13:25:11.771626,0x433acb14,101,4.216,16.07,1.4666389,6.0,-12,,3,3
2026-01-22 13:25:41.995904,0x433ad35c,98,4.173,20.871666,2.0225835,7.0,-32,,3,3
2026-01-22 13:25:49.486496,0x433e9c88,100,4.19,26.128334,0.7857222,,,,,3
2026-01-22 13:25:55.285975,0x433aad0c,101,4.242,26.128334,1.8963888,6.0,-35,,3,3
2026-01-22 13:26:16.227182,0x9e9faaa4,17,3.391,21.236668,1.6839167,7.25,-31,,3,3
2026-01-22 13:26:49.666645,0x433e9c88,99,4.177,19.603333,0.81244445,,,,,3
2026-01-22 13:27:49.660820,0x433e9c88,101,4.204,15.333334,0.8450556,,,,,3
2026-01-22 13:28:49.643459,0x433e9c88,101,4.217,26.081667,0.89750004,,,,,3
2026-01-22 13:29:49.646361,0x433e9c88,101,4.208,14.046666,0.89750004,,,,,3
2026-01-22 13:30:49.885250,0x433e9c88,101,4.234,17.483334,0.89750004,,,,,3
2026-01-22 13:30:52.126554,0x433b0b38,101,4.212,19.29,2.0636945,6.0,-3,,5,5
2026-01-22 13:31:12.245649,0x433acb14,101,4.207,20.793333,1.7894444,6.25,-12,,3,3
2026-01-22 13:31:41.660240,0x433ad35c,98,4.175,22.541666,2.3691945,6.0,-32,,3,3
2026-01-22 13:31:49.799548,0x433e9c88,99,4.188,22.813334,0.9353333,,,,,3
2026-01-22 13:31:57.398411,0x433aad0c,100,4.197,21.91,2.1966112,6.25,-37,,3,3
2026-01-22 13:32:49.867366,0x433e9c88,100,4.195,13.936667,0.95152783,,,,,3
2026-01-22 13:33:50.004666,0x433e9c88,99,4.178,21.025,0.9903611,,,,,3
2026-01-22 13:34:49.901091,0x433e9c88,101,4.243,19.051666,1.0501388,,,,,3
2026-01-22 13:35:45.486315,0x9e9faaa4,17,3.392,16.943335,2.1836112,7.25,-33,,3,3
2026-01-22 13:35:50.110391,0x433e9c88,100,4.191,20.073334,1.1063055,,,,,3
2026-01-22 13:36:50.083660,0x433e9c88,100,4.191,16.278334,1.1514722,,,,,3
2026-01-22 13:36:51.931340,0x433b0b38,97,4.158,14.785001,2.4156668,6.25,-4,,5,5
2026-01-22 13:37:12.267217,0x433acb14,101,4.203,16.286667,2.1512222,7.0,-11,,3,3
2026-01-22 13:37:40.808849,0x433ad35c,100,4.197,19.858334,2.6840277,6.5,-28,,3,3
2026-01-22 13:37:50.035175,0x433e9c88,100,4.2,21.965,1.2023056,,,,,3
2026-01-22 13:37:58.247624,0x433aad0c,101,4.206,22.128334,2.4247777,6.0,-37,,3,3
2026-01-22 13:38:50.262820,0x433e9c88,98,4.168,16.718334,1.2306111,,,,,3
2026-01-22 13:39:50.252937,0x433e9c88,100,4.195,23.216667,1.2443055,,,,,3
2026-01-22 13:40:50.244891,0x433e9c88,101,4.234,20.611666,1.2753333,,,,,3
2026-01-22 13:41:50.232622,0x433e9c88,100,4.192,15.0616665,1.3184723,,,,,3
2026-01-22 13:42:50.276800,0x433e9c88,100,4.193,14.008333,1.3670555,,,,,3
2026-01-22 13:42:52.218737,0x433b0b38,99,4.189,15.815001,2.723639,6.0,-4,,5,5
2026-01-22 13:43:13.176477,0x433acb14,101,4.211,20.288334,2.5077777,6.25,-11,,3,3
2026-01-22 13:43:40.862158,0x433ad35c,101,4.233,26.06,2.994139,6.25,-39,,3,3
2026-01-22 13:43:50.436203,0x433e9c88,99,4.178,26.718334,1.4331944,,,,,3
2026-01-22 13:43:56.732598,0x433aad0c,101,4.228,24.775,2.7492778,6.0,-41,,3,3
2026-01-22 13:44:50.541443,0x433e9c88,101,4.223,23.255,1.4642222,,,,3,3
2026-01-22 13:45:50.689484,0x433e9c88,99,4.18,23.164999,1.5187223,,,,,3
2026-01-22 13:45:58.744763,0x9e9faaa4,18,3.407,22.828333,2.706,7.5,-20,,3,2
2026-01-22 13:46:50.640967,0x433e9c88,100,4.2,24.716667,1.5376389,,,,,3
2026-01-22 13:47:50.691187,0x433e9c88,100,4.196,15.945,1.5656945,,,,,3
2026-01-22 13:48:50.768023,0x433e9c88,98,4.167,15.728333,1.6122222,,,,,3
2026-01-22 13:48:52.606797,0x433b0b38,98,4.17,15.728333,3.1032221,6.25,-3,,5,5
2026-01-22 13:49:12.768034,0x433acb14,99,4.185,18.763334,2.9610279,7.5,-11,,3,3
2026-01-22 13:49:41.091143,0x433ad35c,99,4.185,27.231667,3.4180555,6.5,-28,,3,3
2026-01-22 13:49:50.835064,0x433e9c88,101,4.221,27.751667,1.6414168,,,,,3
2026-01-22 13:49:57.230017,0x433aad0c,101,4.219,28.846666,3.1240277,6.0,-36,,3,3
2026-01-22 13:50:50.847380,0x433e9c88,95,4.126,17.905,1.6555555,,,,,3
2026-01-22 13:51:50.894870,0x433e9c88,98,4.173,15.206666,1.6701666,,,,,3
2026-01-22 13:52:50.891613,0x433e9c88,98,4.175,17.788332,1.71875,,,,,3
2026-01-22 13:53:51.019399,0x433e9c88,101,4.207,15.741667,1.7497778,,,,,3
2026-01-22 13:54:50.963429,0x433e9c88,99,4.185,16.646667,1.7686944,,,,,3
2026-01-22 13:54:52.791099,0x433b0b38,100,4.194,14.826668,3.5263612,7.5,-3,,5,5
2026-01-22 13:55:13.153227,0x433acb14,101,4.233,21.955,3.30775,6.5,-11,,3,3
2026-01-22 13:55:42.312302,0x433ad35c,101,4.214,27.401669,3.4365833,5.75,-28,,3,3
2026-01-22 13:55:51.282235,0x433e9c88,101,4.216,28.576666,1.8348333,,,,,3
2026-01-22 13:55:57.252886,0x433aad0c,101,4.252,30.070002,3.1489444,5.75,-36,,3,3
2026-01-22 13:56:51.237800,0x433e9c88,101,4.235,15.48,1.8699445,,,,,3
2026-01-22 13:57:15.352314,0x9e9faaa4,19,3.415,13.924999,2.9543054,7.5,-28,,3,3
2026-01-22 13:57:51.234287,0x433e9c88,101,4.214,19.318333,1.9246665,,,,,3
2026-01-22 13:58:51.267417,0x433e9c88,101,4.216,18.911667,2.0067778,,,,,3
2026-01-22 13:59:51.338692,0x433e9c88,101,4.236,16.248333,2.021389,,,,,3
2026-01-23 05:01:48.580212,0x433e9c88,101,4.224,21.268333,1.8354721,,,,,3
2026-01-23 05:01:49.620849,0x433b0b38,97,4.148,21.268333,3.8597221,6.0,-3,,5,5
2026-01-23 05:02:07.066289,0x433acb14,100,4.196,22.621668,3.9635832,7.5,-10,,3,3
2026-01-23 05:02:43.048361,0x433ad35c,97,4.156,18.983334,3.739389,8.25,-29,,3,3
2026-01-23 05:02:48.587012,0x433e9c88,100,4.2,20.175,1.8623888,,,,,3
2026-01-23 05:02:49.677778,0x433aad0c,101,4.223,21.42,3.460528,5.5,-36,,3,3
2026-01-23 05:03:48.606690,0x433e9c88,100,4.197,21.913334,1.8788056,,,,,3
2026-01-23 05:04:48.599933,0x433e9c88,101,4.207,22.348333,1.8452778,,,,,3
2026-01-23 05:05:48.604657,0x433e9c88,101,4.233,18.616667,1.839139,,,,,3
2026-01-23 05:06:48.666302,0x433e9c88,99,4.186,14.893333,1.8870555,,,,,3
2026-01-23 05:07:07.951019,0x433af380,98,4.167,14.536667,2.3964722,7.0,-10,,3,3
2026-01-23 05:07:48.829282,0x433e9c88,99,4.178,22.43,1.8870555,,,,,3
2026-01-23 05:07:49.762587,0x433b0b38,101,4.218,22.43,3.8939447,6.0,-3,,5,5
2026-01-23 05:08:07.198667,0x433acb14,100,4.192,25.398333,3.9885278,7.25,-10,,3,3
2026-01-23 05:08:42.635580,0x433ad35c,101,4.204,19.858334,3.7017221,7.75,-29,,3,3
2026-01-23 05:08:48.779036,0x433e9c88,92,4.085,21.638334,1.8534999,,,,,3
2026-01-23 05:08:49.952601,0x433aad0c,101,4.245,19.668333,3.5040557,5.75,-36,,3,3
2026-01-23 05:09:29.737898,0x9e9faaa4,92,4.091,15.468333,3.5148888,7.5,-31,,3,3
2026-01-23 05:09:48.946835,0x433e9c88,100,4.198,27.333334,1.8840555,,,,,3
2026-01-23 05:10:49.001130,0x433e9c88,99,4.183,20.43,1.8861111,,,,,3
2026-01-23 05:11:48.892574,0x433e9c88,100,4.193,19.503332,1.8548334,,,,,3
2026-01-23 05:12:48.963091,0x433e9c88,101,4.208,19.685,1.8256111,,,,,3
2026-01-23 05:13:49.152414,0x433e9c88,97,4.161,23.058334,1.8073611,,,,,3
2026-01-23 05:13:50.780732,0x433b0b38,101,4.217,22.181667,3.9365833,6.0,-4,,5,5
2026-01-23 05:14:08.260957,0x433acb14,101,4.214,23.893333,4.0106945,7.5,-10,,3,3
2026-01-23 05:14:43.009416,0x433ad35c,98,4.169,16.654999,3.5637221,6.75,-30,,3,3
2026-01-23 05:14:49.018431,0x433e9c88,101,4.232,20.323334,1.8609444,,,,,3
2026-01-23 05:14:50.758161,0x433aad0c,101,4.214,22.293333,3.485361,6.0,-37,,3,3
2026-01-23 05:15:49.073548,0x433e9c88,100,4.199,15.66,1.8004723,,,,,3
2026-01-23 05:16:49.224548,0x433e9c88,101,4.202,19.201666,1.8166667,,,,,3
2026-01-23 05:17:07.946808,0x433af380,97,4.155,20.663334,2.5762222,6.75,-11,,3,3
2026-01-23 05:17:49.377597,0x433e9c88,99,4.188,17.755001,1.8189445,,,,,3
2026-01-23 05:18:04.944807,0x9e9faaa4,92,4.091,18.664999,3.5651944,7.5,-30,,3,3
2026-01-23 05:18:49.294520,0x433e9c88,98,4.174,19.48,1.79275,,,,,3
2026-01-23 05:19:49.277444,0x433e9c88,101,4.245,25.244999,1.7633057,,,,,3
2026-01-23 05:19:51.602561,0x433b0b38,98,4.171,25.191668,4.0467777,6.25,-3,,5,5
2026-01-23 05:20:07.936285,0x433acb14,101,4.238,29.475,3.8932223,6.5,-11,,3,3
2026-01-23 05:20:44.340612,0x433ad35c,99,4.187,23.608334,3.5190833,5.75,-29,,3,3
2026-01-23 05:20:49.486560,0x433e9c88,101,4.236,26.22,1.8233333,,,,,3
2026-01-23 05:20:51.599667,0x433aad0c,101,4.212,22.675,3.2882776,6.25,-36,,3,3
2026-01-23 05:21:49.475355,0x433e9c88,101,4.229,18.52,1.8215001,,,,,3
2026-01-23 05:22:49.734299,0x433e9c88,101,4.233,20.460001,1.8048333,,,,,3
2026-01-23 05:23:49.673641,0x433e9c88,101,4.215,19.148333,1.8210278,,,,,3
2026-01-23 05:24:50.035586,0x433e9c88,101,4.232,17.216665,1.8210278,,,,,3
2026-01-23 05:25:50.367609,0x433e9c88,101,4.214,21.115,1.7895278,,,,,3
2026-01-23 05:25:53.286664,0x433b0b38,101,4.21,24.265,4.0644445,6.0,-3,,5,5
2026-01-23 05:26:08.531837,0x433acb14,100,4.196,25.440002,3.8248055,7.0,-11,,3,3
2026-01-23 05:26:43.788755,0x433ad35c,99,4.183,21.721666,3.550639,7.75,-29,,3,3
2026-01-23 05:26:50.302494,0x433e9c88,98,4.168,19.763332,1.8223611,,,,,3
2026-01-23 05:26:53.699425,0x433aad0c,101,4.213,22.61,3.2431946,5.5,-37,,3,3
2026-01-23 05:27:08.165779,0x433af380,97,4.151,20.853333,2.7786944,6.5,-11,,3,3
2026-01-23 05:27:50.431289,0x433e9c88,98,4.171,15.889999,1.7870277,,,,3,3
2026-01-23 05:28:50.461669,0x433e9c88,98,4.166,21.895,1.7850001,,,,,3
2026-01-23 05:29:33.707259,0x9e9faaa4,92,4.091,20.853333,3.6451113,7.75,-29,,3,2
2026-01-23 05:29:50.509975,0x433e9c88,100,4.195,27.363333,1.7797222,,,,,3
2026-01-23 05:30:50.742664,0x433e9c88,101,4.227,15.125,1.8084722,,,,,3
2026-01-23 05:31:50.636786,0x433e9c88,101,4.204,19.721666,1.8161945,,,,,3
2026-01-23 05:31:52.767420,0x433b0b38,99,4.189,21.843334,4.2489724,6.0,-3,,5,5
2026-01-23 05:32:08.258318,0x433acb14,100,4.196,26.251667,3.7756946,7.25,-11,,3,3
2026-01-23 05:32:43.779407,0x433ad35c,97,4.156,23.611666,3.5868056,7.5,-29,,3,3
2026-01-23 05:32:50.814454,0x433e9c88,100,4.194,25.445,1.8348889,,,,,3
2026-01-23 05:32:53.084598,0x433aad0c,99,4.185,22.416666,3.4983613,6.25,-37,,3,3
2026-01-23 05:33:50.809674,0x433e9c88,92,4.08,20.94,1.8743333,,,,,3
2026-01-23 05:34:50.767803,0x433e9c88,98,4.166,23.18,1.8389722,,,,,3
2026-01-23 05:35:50.920354,0x433e9c88,101,4.235,17.753332,1.7896944,,,,,3
2026-01-23 05:36:50.859901,0x433e9c88,100,4.191,17.168333,1.7937777,,,,,3
2026-01-23 05:37:08.256926,0x9e9faaa4,92,4.091,19.123333,3.6750555,7.25,-30,,3,3
2026-01-23 05:37:10.414742,0x433af380,101,4.227,19.123333,2.8475833,7.25,-11,,3,3
2026-01-23 05:37:50.936980,0x433e9c88,99,4.183,23.743334,1.8031666,,,,,3
2026-01-23 05:37:52.083159,0x433b0b38,98,4.17,26.605001,4.260861,6.25,-3,,5,5
2026-01-23 05:38:08.581826,0x433acb14,99,4.189,26.194998,3.8046944,7.25,-11,,3,3
2026-01-23 05:38:44.480212,0x433ad35c,101,4.206,18.465,3.4474723,7.25,-29,,3,3
2026-01-23 05:38:51.016363,0x433e9c88,98,4.171,18.146667,1.78675,,,,,3
2026-01-23 05:38:51.987887,0x433aad0c,101,4.252,20.585001,3.5704165,7.0,-36,,3,3
2026-01-23 05:39:51.150785,0x433e9c88,101,4.223,17.316666,1.8261945,,,,,3
2026-01-23 05:40:51.082608,0x433e9c88,99,4.181,19.718332,1.8305,,,,,3
2026-01-23 05:41:51.089734,0x433e9c88,96,4.135,15.92,1.8012776,,,,,3
2026-01-23 05:42:51.133708,0x433e9c88,99,4.176,14.248334,1.8012776,,,,,3
2026-01-23 05:43:51.181720,0x433e9c88,98,4.164,23.715,1.7987778,,,,,3
2026-01-23 05:43:52.240966,0x433b0b38,99,4.189,25.168333,4.323861,5.75,-4,,5,5
2026-01-23 05:44:08.798950,0x433acb14,99,4.189,27.166668,3.7271943,7.25,-10,,3,3
2026-01-23 05:44:46.966637,0x433ad35c,98,4.173,22.568333,3.3010278,6.25,-29,,3,3
2026-01-23 05:44:51.246048,0x433e9c88,100,4.19,20.828333,1.8005834,,,,,3
2026-01-23 05:44:52.257146,0x433aad0c,101,4.25,21.773335,3.7061665,7.25,-37,,3,3
2026-01-23 05:45:51.341949,0x433e9c88,101,4.224,20.119999,1.7474445,,,,,3
2026-01-23 05:46:51.353935,0x433e9c88,101,4.209,23.116667,1.7930833,,,,,3
2026-01-23 05:47:09.040355,0x433af380,98,4.166,23.276667,2.86425,7.25,-11,,3,3
2026-01-23 05:47:23.203610,0x9e9faaa4,92,4.085,23.661667,3.3998613,7.0,-11,,3,2
2026-01-23 05:47:51.410980,0x433e9c88,101,4.233,23.926666,1.7791666,,,,,3
2026-01-23 05:48:51.439180,0x433e9c88,98,4.167,14.825,1.7937777,,,,,3
2026-01-23 05:49:51.508865,0x433e9c88,97,4.16,21.716667,1.7919444,,,,,3
2026-01-23 05:49:52.941239,0x433b0b38,101,4.212,20.156666,4.328083,5.5,-3,,5,5
2026-01-23 05:50:09.147750,0x433acb14,101,4.203,25.383333,3.70325,7.75,-11,,3,3
2026-01-23 05:50:46.329775,0x433ad35c,98,4.162,26.191668,3.158639,6.25,-29,,3,3
2026-01-23 05:50:51.608957,0x433e9c88,99,4.181,23.593334,1.8083612,,,,,3
2026-01-23 05:50:52.508584,0x433aad0c,101,4.214,27.793333,3.819639,5.75,-36,,3,3
2026-01-23 05:51:51.577252,0x433e9c88,100,4.192,15.851666,1.7962778,,,,,3
2026-01-23 05:52:51.623833,0x433e9c88,90,4.061,19.925,1.7511388,,,,,3
2026-01-23 05:53:51.667434,0x433e9c88,97,4.154,20.051666,1.7511388,,,,,3
2026-01-23 05:54:51.714046,0x433e9c88,98,4.172,16.11,1.7511388,,,,,3
2026-01-23 05:55:51.953709,0x433e9c88,101,4.21,23.293333,1.7468333,,,,,3
2026-01-23 05:55:52.956285,0x433b0b38,101,4.205,22.048334,4.249139,6.0,-3,,5,5
2026-01-23 05:56:09.409687,0x433acb14,101,4.207,21.076668,3.7580557,7.0,-10,,3,3
2026-01-23 05:56:48.295029,0x433ad35c,98,4.171,17.74,3.16225,6.0,-29,,3,3
2026-01-23 05:56:51.862628,0x433e9c88,99,4.186,21.463333,1.7365279,,,,,3
2026-01-23 05:56:52.919831,0x433aad0c,101,4.249,21.613333,3.7915277,7.25,-36,,3,3
2026-01-23 05:57:09.015609,0x433af380,98,4.166,21.738335,2.9176111,7.25,-11,,3,3
2026-01-23 05:57:51.852240,0x433e9c88,101,4.213,19.751667,1.7020832,,,,,3
2026-01-23 05:58:52.093888,0x433e9c88,98,4.171,24.17,1.6843057,,,,,3
2026-01-23 05:59:52.114831,0x433e9c88,100,4.2,19.52,1.6775001,,,,,3
2026-01-23 06:00:51.990968,0x433e9c88,101,4.225,20.096666,1.6628889,,,,,3
2026-01-23 00:01:29.178833,0x433e9c88,101,4.253,18.815,1.7578056,,,,,3
2026-01-23 00:01:30.358631,0x433b0b38,97,4.156,18.815,4.0898056,6.0,-4,,5,5
2026-01-23 00:01:46.948759,0x433acb14,99,4.186,22.796667,3.7668612,7.0,-10,,3,3
2026-01-23 00:02:22.460789,0x433ad35c,98,4.165,25.345001,3.928611,6.0,-29,,3,3
2026-01-23 00:02:29.395351,0x433e9c88,101,4.238,22.965,1.7345555,,,,,3
2026-01-23 00:02:33.653267,0x433aad0c,101,4.244,22.088333,3.3967779,5.75,-36,,3,3
2026-01-23 00:03:29.393523,0x433e9c88,101,4.215,20.585001,1.7559721,,,,3,3
2026-01-23 00:03:37.438773,0x9e9faaa4,92,4.091,18.446667,3.2257776,6.0,-28,,3,2
2026-01-23 00:04:29.615614,0x433e9c88,101,4.202,21.345,1.8271389,,,,,3
2026-01-23 00:05:29.654939,0x433e9c88,101,4.212,16.44,1.7893056,,,,,3
2026-01-23 00:06:29.559619,0x433e9c88,101,4.23,15.521667,1.7893056,,,,,3
2026-01-23 00:07:29.686244,0x433e9c88,101,4.237,20.213333,1.7746944,,,,,3
2026-01-23 00:07:32.336766,0x433b0b38,100,4.195,20.213333,4.025833,6.0,-3,,5,5
2026-01-23 00:07:47.201538,0x433acb14,101,4.232,23.936666,3.7861388,7.25,-11,,3,3
2026-01-23 00:08:22.650939,0x433ad35c,98,4.172,23.085,3.8558888,5.75,-28,,3,3
2026-01-23 00:08:29.655035,0x433e9c88,100,4.194,24.223333,1.7625833,,,,,3
2026-01-23 00:08:33.637601,0x433aad0c,101,4.241,28.463333,3.4508333,6.0,-37,,3,3
2026-01-23 00:09:29.811268,0x433e9c88,99,4.177,18.668333,1.7461667,,,,,3
2026-01-23 00:10:00.664191,0x433af380,98,4.165,16.398333,2.0838332,6.25,-11,,3,3
2026-01-23 00:10:29.898666,0x433e9c88,100,4.192,22.116667,1.7358611,,,,,3
2026-01-23 00:11:29.754690,0x433e9c88,98,4.171,18.385,1.7712222,,,,,3
2026-01-23 00:12:29.909606,0x433e9c88,101,4.216,18.545,1.7716666,,,,,3
2026-01-23 00:13:29.875632,0x433e9c88,101,4.237,20.253334,1.8095,,,,,3
2026-01-23 00:13:30.357787,0x433b0b38,99,4.187,19.118332,4.0288057,5.5,-3,,5,5
2026-01-23 00:13:47.957287,0x433acb14,101,4.218,27.961666,3.7381113,7.0,-11,,3,3
2026-01-23 00:14:23.035667,0x433ad35c,101,4.219,27.1,3.8631945,6.5,-28,,3,3
2026-01-23 00:14:29.946694,0x433e9c88,99,4.181,23.69,1.8380277,,,,,3
2026-01-23 00:14:33.502989,0x433aad0c,101,4.242,21.978334,3.4421113,7.25,-37,,3,3
2026-01-23 00:15:29.989513,0x433e9c88,101,4.206,18.86,1.8603612,,,,,3
2026-01-23 00:16:30.021428,0x433e9c88,101,4.24,19.775,1.8671668,,,,,3
2026-01-23 00:17:30.182965,0x433e9c88,99,4.189,18.011667,1.8395556,,,,,3
2026-01-23 00:18:30.122117,0x433e9c88,101,4.227,17.696667,1.8249445,,,,,3
2026-01-23 00:19:30.564253,0x433e9c88,101,4.214,22.016666,1.8249445,,,,,3
2026-01-23 00:19:34.040715,0x433b0b38,101,4.211,21.195,3.9690554,6.0,-4,,5,5
2026-01-23 00:19:48.276745,0x433acb14,101,4.209,23.563334,3.7605553,7.5,-11,,3,3
2026-01-23 00:20:23.294476,0x433ad35c,98,4.169,20.448334,3.8160279,7.0,-29,,3,3
2026-01-23 00:20:30.611966,0x433e9c88,101,4.223,23.24,1.8224444,,,,,3
2026-01-23 00:20:33.777381,0x433aad0c,101,4.243,23.24,3.5113611,7.5,-37,,3,3
2026-01-23 00:21:04.338646,0x433af380,100,4.196,21.873335,2.3877223,5.75,-10,,3,3
2026-01-23 00:21:30.801592,0x433e9c88,100,4.19,25.948334,1.7745557,,,,,3
2026-01-23 00:22:31.106384,0x433e9c88,101,4.215,27.383333,1.7202778,,,,,3
2026-01-23 00:23:31.205588,0x433e9c88,101,4.23,20.143333,1.7348889,,,,,3
2026-01-23 00:24:31.056687,0x433e9c88,96,4.147,14.096667,1.7410278,,,,,3
2026-01-23 00:25:31.256789,0x433b0b38,98,4.165,20.926666,3.9928331,6.25,-3,,5,5
2026-01-23 00:25:31.534913,0x433e9c88,101,4.206,20.268333,1.7150555,,,,,3
2026-01-23 00:25:48.540618,0x433acb14,101,4.24,23.375,3.8425279,7.75,-11,,3,3
2026-01-23 00:26:23.345534,0x433ad35c,98,4.169,23.468334,3.7489998,5.75,-28,,3,3
2026-01-23 00:26:31.811446,0x433e9c88,101,4.256,21.198334,1.701139,,,,,3
2026-01-23 00:26:34.938218,0x433aad0c,101,4.224,20.321667,3.5485835,6.0,-37,,3,3
2026-01-23 00:27:31.973290,0x433e9c88,101,4.207,19.106667,1.7342223,,,,,3
2026-01-23 00:28:31.848075,0x433e9c88,100,4.19,23.916666,1.68225,,,,,3
2026-01-23 00:29:31.987773,0x433e9c88,101,4.22,16.246666,1.6943611,,,,,3
2026-01-23 00:30:32.049843,0x433e9c88,98,4.175,15.261666,1.6727222,,,,,3
2026-01-23 00:31:04.891206,0x433af380,101,4.219,16.466667,2.4610834,6.75,-11,,3,3
2026-01-23 00:31:31.572008,0x433b0b38,97,4.156,21.69,4.0783057,6.0,-3,,5,5
2026-01-23 00:31:32.099814,0x433e9c88,100,4.19,22.675,1.6571945,,,,,3
2026-01-23 00:31:48.280193,0x433acb14,101,4.205,25.073334,3.8144443,7.25,-11,,3,3
2026-01-23 00:32:25.936591,0x433ad35c,101,4.215,24.663334,3.7255275,6.0,-28,,3,3
2026-01-23 00:32:32.221531,0x433e9c88,101,4.201,28.369999,1.6693056,,,,,3
2026-01-23 00:32:36.167579,0x433aad0c,101,4.21,27.948336,3.5666113,6.5,-37,,3,3
2026-01-23 00:33:32.277748,0x433e9c88,101,4.243,21.175,1.6218612,,,,,3
2026-01-23 00:34:32.298882,0x433e9c88,101,4.238,26.685,1.6072501,,,,,3
2026-01-23 00:35:32.279626,0x433e9c88,101,4.205,19.573334,1.6115556,,,,,3
2026-01-23 00:35:58.219462,0x9e9faaa4,92,4.091,21.053333,3.6466665,7.5,-31,,3,3
2026-01-23 00:36:02.352541,0x9e9faaa4,92,4.088,22.053333,3.8760555,6.5,-28,,3,2
2026-01-23 00:36:32.258512,0x433e9c88,101,4.225,26.321667,1.6425834,,,,,3
2026-01-23 00:37:31.908723,0x433b0b38,100,4.197,17.706667,4.007889,6.75,-3,,5,5
2026-01-23 00:37:32.435740,0x433e9c88,100,4.194,18.691666,1.6090555,,,,,3
2026-01-23 00:37:49.559620,0x433acb14,100,4.197,20.36,3.8576946,7.25,-11,,3,3
2026-01-23 00:38:24.185250,0x433ad35c,100,4.2,28.093332,3.8030279,5.5,-29,,3,3
2026-01-23 00:38:32.473898,0x433e9c88,100,4.2,21.773335,1.5718888,,,,,3
2026-01-23 00:38:38.639781,0x433aad0c,101,4.249,21.773335,3.7142222,6.0,-36,,3,3
2026-01-23 00:39:32.489403,0x433e9c88,98,4.174,18.913334,1.5865,,,,3,3
2026-01-23 00:40:32.534747,0x433e9c88,100,4.197,16.803333,1.5965834,,,,,3
2026-01-23 00:41:01.186072,0x433af380,99,4.18,19.28,2.5390556,7.25,-11,,3,3
2026-01-23 00:41:32.654254,0x433e9c88,99,4.179,15.261666,1.5196667,,,,,3
2026-01-23 00:42:32.652050,0x433e9c88,100,4.198,19.693333,1.4904444,,,,,3
2026-01-23 00:43:32.144525,0x433b0b38,99,4.18,23.141666,3.9446387,6.25,-3,,5,5
2026-01-23 00:43:32.675633,0x433e9c88,101,4.203,24.126667,1.5239722,,,,,3
2026-01-23 00:43:48.888303,0x433acb14,101,4.207,23.62,3.9219723,7.0,-11,,3,3
2026-01-23 00:44:25.691537,0x433ad35c,101,4.206,22.608334,3.8841388,6.5,-28,,3,3
2026-01-23 00:44:32.725671,0x433e9c88,100,4.2,22.35,1.5611111,,,,,3
2026-01-23 00:44:35.616514,0x433aad0c,101,4.239,22.35,3.8006113,5.75,-37,,3,3
2026-01-23 00:45:32.795522,0x433e9c88,101,4.241,19.531668,1.5611111,,,,,3
2026-01-23 00:46:32.829361,0x433e9c88,100,4.195,21.471668,1.5672499,,,,,3
2026-01-23 00:47:32.991013,0x433e9c88,99,4.187,17.573334,1.5396389,,,,,3
2026-01-23 00:48:32.914962,0x433e9c88,99,4.189,17.383333,1.5603889,,,,,3
2026-01-23 00:49:32.432392,0x433b0b38,98,4.173,23.346666,3.8714447,5.75,-3,,5,5
2026-01-23 00:49:32.960544,0x433e9c88,101,4.211,25.619999,1.5603889,,,,,3
2026-01-23 00:49:49.099000,0x433acb14,101,4.223,28.330002,4.0613055,7.75,-10,,3,3
2026-01-23 00:50:27.069868,0x433ad35c,99,4.184,24.048332,3.9361668,5.75,-28,,3,3
2026-01-23 00:50:33.151820,0x433e9c88,101,4.229,20.970001,1.5621945,,,,,3
2026-01-23 00:50:36.094980,0x433aad0c,101,4.213,20.970001,3.9488335,5.75,-37,,3,3
2026-01-23 00:51:01.636126,0x433af380,96,4.137,20.853333,2.5731666,7.0,-11,,3,3
2026-01-23 00:51:33.051046,0x433e9c88,101,4.235,16.781668,1.5621945,,,,,3
2026-01-23 00:52:33.191129,0x433e9c88,101,4.216,22.058334,1.5339445,,,,,3
2026-01-23 00:53:33.291090,0x433e9c88,99,4.188,18.324999,1.5054166,,,,,3
2026-01-23 00:54:33.319052,0x433e9c88,101,4.207,19.288332,1.4529722,,,,,3
2026-01-23 00:55:33.068893,0x433b0b38,101,4.207,22.293333,3.8065276,5.75,-3,,5,5
2026-01-23 00:55:33.346438,0x433e9c88,101,4.212,23.278334,1.4675833,,,,,3
2026-01-23 00:55:49.439979,0x433acb14,99,4.183,24.291668,3.9960277,7.0,-11,,3,3
2026-01-23 00:56:02.411516,0x9e9faaa4,92,4.09,17.466667,3.8121667,7.75,-30,,3,3
2026-01-23 00:56:03.132801,0x9e9faaa4,92,4.091,22.191666,3.9960835,6.0,-3,,3,2
2026-01-23 00:56:26.389495,0x433ad35c,97,4.161,24.715,4.1012225,6.75,-29,,3,3
2026-01-23 00:56:33.423994,0x433e9c88,100,4.195,26.318333,1.4167222,,,,,3
2026-01-23 00:56:36.261833,0x433aad0c,101,4.205,22.703333,3.91775,6.5,-36,,3,3
2026-01-23 00:57:33.326874,0x433e9c88,101,4.202,18.535,1.3952777,,,,,3
2026-01-23 00:58:33.510833,0x433e9c88,99,4.18,22.045,1.4321945,,,,,3
2026-01-23 00:59:33.552783,0x433e9c88,100,4.191,17.438334,1.4657223,,,,,3
2026-01-23 01:00:33.492675,0x433e9c88,101,4.211,18.198334,1.5058333,,,,,3
2026-01-23 03:01:41.256777,0x433e9c88,101,4.208,19.215,2.1240835,,,,,3
2026-01-23 03:01:44.849010,0x433b0b38,101,4.228,22.938334,3.9436388,7.0,-2,,5,5
2026-01-23 03:01:59.925630,0x433acb14,101,4.223,17.778334,3.8234167,7.0,-10,,3,3
2026-01-23 03:02:36.127639,0x433ad35c,99,4.187,20.87,3.3309166,6.0,-28,,3,3
2026-01-23 03:02:44.909789,0x433aad0c,101,4.223,21.113333,3.5700555,6.0,-37,,3,3
2026-01-23 03:03:41.724270,0x433e9c88,97,4.153,22.556667,2.149139,,,,3,3
2026-01-23 03:04:42.138095,0x433e9c88,97,4.161,23.198334,2.1660278,,,,,3
2026-01-23 03:05:04.371702,0x433af380,95,4.128,24.118334,2.7405555,7.0,-10,,3,3
2026-01-23 03:05:25.710478,0x9e9faaa4,92,4.089,23.710001,3.4520001,6.0,-3,,3,2
2026-01-23 03:05:42.433485,0x433e9c88,95,4.131,20.901667,2.1849444,,,,,3
2026-01-23 03:06:42.483215,0x433e9c88,101,4.204,12.946667,2.1451945,,,,,3
2026-01-23 03:07:42.520803,0x433e9c88,101,4.209,20.116667,2.1771111,,,,,3
2026-01-23 03:07:45.126045,0x433b0b38,100,4.195,18.363333,4.0419445,6.25,-3,,5,5
2026-01-23 03:07:58.915129,0x433acb14,101,4.233,22.963333,3.8339167,7.25,-11,,3,3
2026-01-23 03:08:36.364690,0x433ad35c,100,4.198,21.571667,3.32,6.5,-28,,3,3
2026-01-23 03:08:42.433006,0x433e9c88,78,3.978,22.665,2.1684165,,,,,3
2026-01-23 03:08:45.263247,0x433aad0c,101,4.232,20.695,3.61275,6.25,-36,,3,3
2026-01-23 03:09:42.494992,0x433e9c88,98,4.168,19.27,2.1495,,,,,3
2026-01-23 03:10:42.508889,0x433e9c88,99,4.181,19.310001,2.1606112,,,,,3
2026-01-23 03:11:42.607656,0x433e9c88,99,4.186,14.4366665,2.181361,,,,,3
2026-01-23 03:12:42.673028,0x433e9c88,98,4.165,15.11,2.2192223,,,,,3
2026-01-23 03:13:42.703015,0x433e9c88,101,4.219,19.608334,2.2000833,,,,,3
2026-01-23 03:13:46.608549,0x433b0b38,98,4.164,20.730001,4.0169168,7.0,-3,,5,5
2026-01-23 03:13:59.377666,0x433acb14,101,4.221,22.7,3.8432221,7.25,-11,,3,3
2026-01-23 03:14:36.499230,0x433ad35c,99,4.177,22.251667,3.4648612,6.75,-28,,3,3
2026-01-23 03:14:42.777805,0x433e9c88,101,4.23,21.375,2.21925,,,,,3
2026-01-23 03:14:46.473718,0x433aad0c,101,4.205,25.206667,3.5901666,5.75,-36,,3,3
2026-01-23 03:15:04.734074,0x433af380,101,4.204,23.056667,2.755,7.0,-11,,3,3
2026-01-23 03:15:42.699895,0x433e9c88,99,4.181,18.835001,2.2094445,,,,,3
2026-01-23 03:15:43.114927,0x9e9faaa4,92,4.091,21.785,3.2063055,7.25,-31,,3,3
2026-01-23 03:16:42.873168,0x433e9c88,101,4.206,17.611666,2.2139723,,,,,3
2026-01-23 03:17:42.863456,0x433e9c88,101,4.227,14.8116665,2.2621112,,,,,3
2026-01-23 03:18:42.867988,0x433e9c88,99,4.183,15.565001,2.26825,,,,,3
2026-01-23 03:19:43.105349,0x433e9c88,101,4.236,21.923334,2.253639,,,,,3
2026-01-23 03:19:45.172010,0x433b0b38,101,4.22,21.046667,4.0164447,6.0,-3,,5,5
2026-01-23 03:19:59.540425,0x433acb14,100,4.199,23.65,3.8058612,7.5,-11,,3,3
2026-01-23 03:20:36.969889,0x433ad35c,101,4.206,21.556667,3.4899445,7.0,-29,,3,3
2026-01-23 03:20:48.235864,0x433aad0c,101,4.22,21.238333,3.6769722,6.0,-37,,3,3
2026-01-23 03:21:43.382007,0x433e9c88,96,4.143,16.74,2.3079166,,,,,3
2026-01-23 03:22:43.511143,0x433e9c88,99,4.189,20.241667,2.2892222,,,,,3
2026-01-23 03:23:43.518034,0x433e9c88,101,4.232,19.53,2.2830832,,,,,3
2026-01-23 03:24:43.516862,0x433e9c88,101,4.232,17.11,2.2849166,,,,,3
2026-01-23 03:25:07.708151,0x433af380,98,4.173,19.783333,2.6338334,6.75,-11,,3,3
2026-01-23 03:25:43.631302,0x433e9c88,101,4.206,23.511665,2.2538888,,,,,3
2026-01-23 03:25:46.041666,0x433b0b38,99,4.189,23.511665,3.9972777,6.25,-4,,5,5
2026-01-23 03:26:00.261901,0x433acb14,101,4.232,24.305,3.8530555,6.25,-12,,3,3
2026-01-23 03:26:06.075575,0x9e9faaa4,92,4.078,21.646667,3.1529446,6.0,-58,,3,2
2026-01-23 03:26:37.031674,0x433ad35c,98,4.173,23.678333,3.6117501,7.0,-29,,3,3
2026-01-23 03:26:43.595681,0x433e9c88,100,4.19,20.803333,2.2538888,,,,,3
2026-01-23 03:26:45.424667,0x433aad0c,101,4.231,23.541666,3.719,5.75,-37,,3,3
2026-01-23 03:27:43.732936,0x433e9c88,100,4.199,13.824999,2.2507222,,,,,3
2026-01-23 03:28:43.673710,0x433e9c88,101,4.218,21.063334,2.2019167,,,,,3
2026-01-23 03:29:43.733888,0x433e9c88,101,4.219,19.713333,2.1342223,,,,,3
2026-01-23 03:30:43.768051,0x433e9c88,98,4.174,17.811666,2.106611,,,,,3
2026-01-23 03:31:43.916879,0x433e9c88,89,4.049,19.24,2.092,,,,,3
2026-01-23 03:31:46.676245,0x433b0b38,100,4.199,20.116667,4.107694,6.25,-4,,5,5
2026-01-23 03:32:00.431581,0x433acb14,100,4.199,20.76,3.849611,7.25,-11,,3,3
2026-01-23 03:32:37.426795,0x433ad35c,98,4.169,20.201666,3.6211946,6.5,-28,,3,3
2026-01-23 03:32:43.993085,0x433e9c88,99,4.186,21.336668,2.0627778,,,,,3
2026-01-23 03:32:45.848003,0x433aad0c,101,4.211,23.048334,3.6819723,5.5,-36,,3,3
2026-01-23 03:33:43.879952,0x433e9c88,101,4.227,20.655,2.0497777,,,,,3
2026-01-23 03:34:43.944611,0x433e9c88,100,4.19,25.783333,2.064139,,,,,3
2026-01-23 03:35:06.037065,0x433af380,99,4.182,23.801666,2.7155833,6.75,-11,,3,3
2026-01-23 03:35:43.998956,0x433e9c88,75,3.949,17.083334,2.0661945,,,,,3
2026-01-23 03:36:44.123293,0x433e9c88,99,4.179,17.125,2.0891943,,,,,3
2026-01-23 03:36:44.658835,0x9e9faaa4,92,4.088,24.733334,3.209361,6.0,-4,,3,2
2026-01-23 03:37:44.048001,0x433e9c88,99,4.184,22.390001,2.0720835,,,,,3
2026-01-23 03:37:46.100214,0x433b0b38,101,4.222,18.666666,4.208,6.0,-3,,5,5
2026-01-23 03:38:02.364138,0x433acb14,101,4.207,25.523335,3.7957501,7.5,-10,,3,3
2026-01-23 03:38:37.644121,0x433ad35c,99,4.183,23.65,3.736861,6.5,-29,,3,3
2026-01-23 03:38:44.200641,0x433e9c88,101,4.202,24.893333,2.0835,,,,,3
2026-01-23 03:38:45.984040,0x433aad0c,101,4.24,22.923334,3.6254168,5.75,-36,,3,3
2026-01-23 03:39:44.269593,0x433e9c88,99,4.185,21.39,2.0292222,,,,3,3
2026-01-23 03:40:44.297509,0x433e9c88,101,4.218,22.006666,2.023111,,,,,3
2026-01-23 03:41:44.386900,0x433e9c88,101,4.203,16.715,2.0438612,,,,,3
2026-01-23 03:42:44.474621,0x433e9c88,101,4.212,17.08,2.0730832,,,,,3
2026-01-23 03:43:44.443834,0x433e9c88,101,4.222,24.921665,2.0395555,,,,,3
2026-01-23 03:43:46.289879,0x433b0b38,101,4.207,25.798332,4.1884165,6.25,-3,,5,5
2026-01-23 03:44:04.632660,0x433acb14,100,4.193,25.166666,3.8784723,7.0,-10,,3,3
2026-01-23 03:44:37.828632,0x433ad35c,99,4.178,22.938334,3.8465002,6.25,-29,,3,3
2026-01-23 03:44:44.627897,0x433e9c88,100,4.194,22.061666,2.0352223,,,,,3
2026-01-23 03:44:46.334844,0x433aad0c,100,4.193,20.308334,3.641361,6.0,-36,,3,3
2026-01-23 03:45:05.726676,0x433af380,97,4.16,21.853334,2.6526668,7.75,-10,,3,3
2026-01-23 03:45:44.602330,0x433e9c88,101,4.214,16.851667,2.0459166,,,,,3
2026-01-23 03:46:44.610143,0x433e9c88,101,4.221,20.868332,2.0812778,,,,,3
2026-01-23 03:47:44.744453,0x433e9c88,101,4.201,15.688333,2.0356388,,,,,3
2026-01-23 03:48:44.694490,0x433e9c88,100,4.195,16.564999,2.0623612,,,,,3
2026-01-23 03:49:44.739358,0x433e9c88,101,4.201,28.853333,2.0365834,,,,,3
2026-01-23 03:49:46.471877,0x433b0b38,101,4.207,28.853333,4.1783886,6.5,-4,,5,5
2026-01-23 03:50:04.764146,0x433acb14,100,4.193,27.373335,3.8521945,6.75,-11,,3,3
2026-01-23 03:50:38.212424,0x433ad35c,98,4.164,22.681667,3.955639,7.0,-28,,3,3
2026-01-23 03:50:44.784879,0x433e9c88,101,4.217,20.653334,2.0402222,,,,,3
2026-01-23 03:50:46.730015,0x433aad0c,101,4.251,20.79,3.5645,6.25,-37,,3,3
2026-01-23 03:51:44.885521,0x433e9c88,101,4.242,15.523334,2.0505278,,,,,3
2026-01-23 03:52:45.031811,0x433e9c88,100,4.199,22.936666,2.05075,,,,,3
2026-01-23 03:53:44.923656,0x433e9c88,101,4.227,22.545,2.0129166,,,,,3
2026-01-23 03:53:49.369666,0x9e9faaa4,92,4.091,19.058332,3.2774444,6.5,-28,,3,2
2026-01-23 03:54:45.109166,0x433e9c88,100,4.196,20.216665,2.0500834,,,,,3
2026-01-23 03:55:07.563791,0x9e9faaa4,92,4.09,16.193333,3.189361,6.0,-28,,3,2
2026-01-23 03:55:09.132199,0x433af380,97,4.151,17.125,2.581861,7.0,-10,,3,3
2026-01-23 03:55:45.137704,0x433e9c88,101,4.211,26.278332,2.0147223,,,,,3
2026-01-23 03:55:46.631680,0x433b0b38,99,4.188,26.278332,4.1334167,6.25,-3,,5,5
2026-01-23 03:56:03.764822,0x433acb14,100,4.197,28.248333,3.882,7.75,-11,,3,3
2026-01-23 03:56:38.379195,0x433ad35c,98,4.169,21.421667,4.0759997,6.0,-29,,3,3
2026-01-23 03:56:45.159146,0x433e9c88,101,4.235,19.668333,2.0437222,,,,,3
2026-01-23 03:56:47.094244,0x433aad0c,101,4.211,18.791666,3.5578887,5.75,-36,,3,3
2026-01-23 03:57:45.123102,0x433e9c88,101,4.233,16.836666,2.0394168,,,,,3
2026-01-23 03:58:45.245649,0x433e9c88,101,4.227,20.255,2.0911944,,,,,3
2026-01-23 03:59:45.383184,0x433e9c88,100,4.199,19.053333,2.066139,,,,,3
2026-01-23 04:00:45.436934,0x433e9c88,101,4.246,20.846666,2.0660832,,,,,3
2026-01-23 06:01:52.072154,0x433e9c88,101,4.209,21.786667,1.6696944,,,,,3
2026-01-23 06:01:53.022599,0x433b0b38,99,4.189,23.54,4.17075,6.0,-3,,5,5
2026-01-23 06:02:09.658983,0x433acb14,101,4.229,26.958334,3.8192499,7.5,-10,,3,3
2026-01-23 06:02:39.178946,0x9e9faaa4,92,4.09,22.603333,3.395,6.5,-31,,3,3
2026-01-23 06:02:46.739434,0x433ad35c,97,4.152,27.481667,3.3039167,7.0,-29,,3,3
2026-01-23 06:02:52.110146,0x433e9c88,98,4.173,22.828333,1.6573611,,,,,3
2026-01-23 06:02:53.903981,0x433aad0c,101,4.224,24.893333,3.9069724,7.5,-37,,3,3
2026-01-23 06:03:52.287625,0x433e9c88,99,4.185,19.175001,1.6710556,,,,3,3
2026-01-23 06:04:52.316880,0x433e9c88,101,4.234,20.226665,1.7086943,,,,,3
2026-01-23 06:05:52.379804,0x433e9c88,100,4.193,17.301666,1.6940835,,,,,3
2026-01-23 06:06:52.477472,0x433e9c88,98,4.162,19.003334,1.6940835,,,,,3
2026-01-23 06:07:09.049807,0x433af380,97,4.157,16.92,3.0708888,6.75,-11,,3,3
2026-01-23 06:07:11.390948,0x9e9faaa4,92,4.09,16.92,3.4723055,7.5,-29,,3,2
2026-01-23 06:07:52.586961,0x433e9c88,101,4.223,24.456667,1.6332222,,,,,3
2026-01-23 06:07:53.414996,0x433b0b38,100,4.199,26.06,4.0822496,7.0,-3,,5,5
2026-01-23 06:08:09.956341,0x433acb14,101,4.201,23.923332,3.9024446,7.25,-11,,3,3
2026-01-23 06:08:45.911719,0x433ad35c,99,4.177,16.92,3.47525,7.75,-29,,3,3
2026-01-23 06:08:52.499319,0x433e9c88,101,4.213,21.353333,1.6478333,,,,,3
2026-01-23 06:08:53.515218,0x433aad0c,97,4.153,22.23,4.029222,5.25,-36,,3,3
2026-01-23 06:09:52.715633,0x433e9c88,101,4.222,21.161667,1.6408056,,,,,3
2026-01-23 06:10:52.675766,0x433e9c88,101,4.234,22.635,1.6266667,,,,,3
2026-01-23 06:11:52.831277,0x433e9c88,101,4.239,15.276666,1.6077499,,,,,3
2026-01-23 06:12:52.810340,0x433e9c88,101,4.201,13.606666,1.6098056,,,,,3
2026-01-23 06:13:52.900071,0x433e9c88,99,4.185,23.251667,1.65975,,,,,3
2026-01-23 06:13:53.532290,0x433b0b38,101,4.22,25.208334,4.061278,6.5,-3,,5,5
2026-01-23 06:14:10.051942,0x433acb14,101,4.235,25.891668,3.8613334,7.75,-11,,3,3
2026-01-23 06:14:46.432148,0x433ad35c,98,4.173,16.466667,3.5974722,5.75,-29,,3,3
2026-01-23 06:14:52.974635,0x433e9c88,101,4.206,20.888332,1.6615555,,,,,3
2026-01-23 06:14:53.640878,0x433aad0c,101,4.233,20.888332,4.1253057,5.5,-36,,3,3
2026-01-23 06:15:53.033050,0x433e9c88,99,4.178,20.615,1.6576943,,,,,3
2026-01-23 06:16:53.018652,0x433e9c88,99,4.178,17.956667,1.6645,,,,,3
2026-01-23 06:17:09.108132,0x433af380,101,4.217,20.460001,2.9854167,6.5,-11,,3,3
2026-01-23 06:17:09.815879,0x9e9faaa4,92,4.089,20.323334,3.4251113,7.25,-31,,3,3
2026-01-23 06:17:53.020499,0x433e9c88,101,4.207,19.276667,1.6389999,,,,,3
2026-01-23 06:18:53.121878,0x433e9c88,99,4.186,14.168334,1.6408056,,,,,3
2026-01-23 06:19:53.260270,0x433e9c88,99,4.186,21.751667,1.6510834,,,,,3
2026-01-23 06:19:54.474556,0x433b0b38,99,4.179,21.846666,4.0475554,5.75,-3,,5,5
2026-01-23 06:20:10.465793,0x433acb14,101,4.205,26.458332,3.9343054,7.25,-10,,3,3
2026-01-23 06:20:46.780515,0x433ad35c,99,4.182,21.178333,3.6823056,6.75,-29,,3,3
2026-01-23 06:20:53.156554,0x433e9c88,99,4.185,22.843332,1.6510834,,,,,3
2026-01-23 06:20:54.027510,0x433aad0c,101,4.234,23.57,4.315611,6.0,-36,,3,3
2026-01-23 06:21:53.361814,0x433e9c88,101,4.24,18.931665,1.6013612,,,,,3
2026-01-23 06:22:53.249235,0x433e9c88,101,4.22,20.255,1.6134722,,,,,3
2026-01-23 06:23:53.488649,0x433e9c88,101,4.218,17.136665,1.5888056,,,,,3
2026-01-23 06:24:53.416608,0x433e9c88,101,4.221,15.933333,1.5493611,,,,,3
2026-01-23 06:25:53.583223,0x433e9c88,100,4.192,21.646667,1.6034167,,,,,3
2026-01-23 06:25:55.451684,0x433b0b38,96,4.142,23.903332,4.0596666,6.75,-3,,5,5
2026-01-23 06:26:11.521860,0x433acb14,100,4.192,23.635,4.057945,6.5,-11,,3,3
2026-01-23 06:26:47.529456,0x433ad35c,101,4.21,15.346667,3.7491112,6.0,-28,,3,3
2026-01-23 06:26:53.955923,0x433e9c88,99,4.181,18.453333,1.6034167,,,,,3
2026-01-23 06:26:55.954971,0x433aad0c,101,4.227,17.208334,4.3608055,6.0,-36,,3,3
2026-01-23 06:27:10.537595,0x433af380,100,4.194,17.896667,2.6905832,6.75,-11,,3,3
2026-01-23 06:27:42.088324,0x9e9faaa4,93,4.093,20.305,3.2990556,6.25,-30,,3,2
2026-01-23 06:27:54.037768,0x433e9c88,100,4.19,20.603333,1.6342223,,,,,3
2026-01-23 06:28:54.228488,0x433e9c88,101,4.233,21.01,1.6216388,,,,,3
2026-01-23 06:29:54.030364,0x433e9c88,101,4.206,15.530001,1.619139,,,,,3
2026-01-23 06:30:53.978945,0x433e9c88,98,4.165,17.550001,1.5909168,,,,,3
2026-01-23 06:31:54.125186,0x433e9c88,98,4.172,19.56,1.6002223,,,,,3
2026-01-23 06:31:55.097619,0x433b0b38,99,4.187,21.408333,3.9359167,6.25,-3,,5,5
2026-01-23 06:32:10.947796,0x433acb14,101,4.222,22.183332,4.0784726,7.25,-11,,3,3
2026-01-23 06:32:49.563995,0x433ad35c,100,4.197,14.740001,3.745389,6.75,-29,,3,3
2026-01-23 06:32:54.220257,0x433e9c88,101,4.216,17.861668,1.5958889,,,,,3
2026-01-23 06:32:57.593012,0x433aad0c,101,4.225,18.011667,4.313361,6.0,-36,,3,3
2026-01-23 06:33:54.341142,0x433e9c88,101,4.22,13.103333,1.5607778,,,,,3
2026-01-23 06:34:54.259348,0x433e9c88,101,4.24,21.638334,1.5835556,,,,,3
2026-01-23 06:35:54.636394,0x433e9c88,100,4.192,15.978333,1.5769722,,,,,3
2026-01-23 06:36:54.351507,0x433e9c88,101,4.222,13.555,1.5769722,,,,,3
2026-01-23 06:37:12.651611,0x433af380,100,4.193,13.623333,2.5580833,6.25,-11,,3,3
2026-01-23 06:37:17.245257,0x9e9faaa4,92,4.09,13.623333,3.1451945,7.0,-30,,3,3
2026-01-23 06:37:54.809366,0x433e9c88,101,4.211,21.518333,1.5856944,,,,,3
2026-01-23 06:37:59.425684,0x433b0b38,97,4.159,20.273335,3.8284998,6.5,-3,,5,5
2026-01-23 06:38:11.338650,0x433acb14,99,4.182,24.133333,4.062333,8.0,-10,,3,3
2026-01-23 06:38:50.552204,0x433ad35c,97,4.15,12.788333,3.8847222,6.0,-30,,3,3
2026-01-23 06:38:54.833343,0x433e9c88,101,4.204,13.84,1.5831944,,,,,3
2026-01-23 06:38:55.394860,0x433aad0c,101,4.237,15.809999,4.350583,5.75,-36,,3,3
2026-01-23 06:39:54.836051,0x433e9c88,99,4.181,13.51,1.5831944,,,,3,3
2026-01-23 06:40:54.990029,0x433e9c88,100,4.19,24.458334,1.5882499,,,,,3
2026-01-23 06:41:55.062847,0x433e9c88,101,4.22,17.345,1.5695555,,,,,3
2026-01-23 06:42:54.999891,0x433e9c88,99,4.186,16.321667,1.5837222,,,,,3
2026-01-23 06:43:55.064240,0x433b0b38,101,4.213,19.726667,3.784889,5.75,-3,,5,5
2026-01-23 06:43:55.340631,0x433e9c88,101,4.222,19.258333,1.5958333,,,,,3
2026-01-23 06:44:12.585361,0x433acb14,101,4.215,23.61,4.2035,7.25,-11,,3,3
2026-01-23 06:44:53.758844,0x433ad35c,101,4.206,19.445,4.13475,6.0,-36,,3,2
2026-01-23 06:44:55.286874,0x433e9c88,101,4.201,22.758333,1.6395833,,,,,3
2026-01-23 06:45:01.908877,0x433aad0c,101,4.255,21.153334,4.221139,6.0,-36,,3,3
2026-01-23 06:45:55.279886,0x433e9c88,101,4.234,21.188334,1.6439166,,,,,3
2026-01-23 06:46:55.382540,0x433e9c88,101,4.214,16.698334,1.625,,,,,3
2026-01-23 06:47:13.725613,0x433af380,98,4.166,17.981667,2.5050557,5.75,-36,,3,2
2026-01-23 06:47:36.196718,0x9e9faaa4,92,4.09,16.438334,3.0209444,6.5,-29,,3,2
2026-01-23 06:47:55.447229,0x433e9c88,101,4.244,17.743332,1.5935,,,,,3
2026-01-23 06:48:55.481481,0x433e9c88,99,4.179,13.101667,1.5850278,,,,,3
2026-01-23 06:49:55.832602,0x433e9c88,101,4.224,19.63,1.6354723,,,,,3
2026-01-23 06:49:55.864058,0x433b0b38,98,4.171,20.875,3.6847777,6.0,-4,,5,5
2026-01-23 06:50:13.520801,0x433acb14,99,4.178,25.76,4.2025557,6.25,-11,,3,3
2026-01-23 06:50:49.561463,0x433ad35c,101,4.231,19.823334,4.29225,7.25,-29,,3,3
2026-01-23 06:50:55.565679,0x433e9c88,100,4.194,19.63,1.6190555,,,,,3
2026-01-23 06:50:58.950717,0x433aad0c,101,4.225,22.82,4.3935556,6.0,-36,,3,3
2026-01-23 06:51:55.611484,0x433e9c88,99,4.185,15.74,1.6309444,,,,,3
2026-01-23 06:52:55.715419,0x433e9c88,99,4.179,20.971666,1.6744722,,,,,3
2026-01-23 06:53:55.634306,0x433e9c88,99,4.178,16.263332,1.6886111,,,,,3
2026-01-23 06:54:55.765135,0x433e9c88,97,4.151,18.261667,1.7360833,,,,,3
2026-01-23 06:55:55.806012,0x433b0b38,101,4.214,24.746666,3.6162224,6.0,-3,,5,5
2026-01-23 06:55:56.083086,0x433e9c88,101,4.218,23.378334,1.7401668,,,,,3
2026-01-23 06:56:13.375690,0x433acb14,101,4.228,23.183334,4.28925,7.0,-11,,3,3
2026-01-23 06:56:49.534908,0x433ad35c,98,4.164,19.451668,4.3838887,6.0,-29,,3,3
2026-01-23 06:56:55.933655,0x433e9c88,101,4.215,19.133333,1.7426666,,,,,3
2026-01-23 06:56:59.953040,0x433aad0c,100,4.198,17.051666,4.4546113,5.5,-37,,3,3
2026-01-23 06:57:11.095714,0x433af380,99,4.18,20.303333,2.3812222,6.75,-11,,3,3
2026-01-23 06:57:43.776933,0x9e9faaa4,92,4.089,20.895,3.0552502,7.25,-12,,3,2
2026-01-23 06:57:56.162345,0x433e9c88,99,4.185,20.468334,1.7289722,,,,,3
2026-01-23 06:58:56.190045,0x433e9c88,99,4.184,16.945,1.7264721,,,,,3
2026-01-23 06:59:56.232428,0x433e9c88,98,4.175,13.044999,1.7205,,,,,3
2026-01-23 07:00:56.255286,0x433e9c88,99,4.179,20.818333,1.7649167,,,,,3
2026-01-22 21:01:17.509899,0x433e9c88,101,4.206,17.633333,1.7926389,,,,,3
2026-01-22 21:01:19.460949,0x433b0b38,100,4.197,19.236666,3.766028,6.0,-3,,5,5
2026-01-22 21:01:34.794884,0x433acb14,100,4.198,24.446667,3.7896667,6.5,-12,,3,3
2026-01-22 21:02:12.895412,0x433ad35c,100,4.196,18.449999,3.3833332,6.25,-26,,3,3
2026-01-22 21:02:17.982647,0x433e9c88,101,4.222,20.433334,1.7805278,,,,,3
2026-01-22 21:02:21.317453,0x433aad0c,101,4.227,22.993334,3.254611,5.75,-38,,3,3
2026-01-22 21:03:17.981467,0x433e9c88,90,4.063,20.008333,1.7413056,,,,3,3
2026-01-22 21:04:18.053888,0x433e9c88,98,4.163,21.75,1.8042779,,,,,3
2026-01-22 21:05:18.142471,0x433e9c88,101,4.213,15.565001,1.7785555,,,,,3
2026-01-22 21:06:18.459338,0x433e9c88,101,4.244,13.445001,1.77175,,,,,3
2026-01-22 21:07:18.387753,0x433e9c88,101,4.21,14.838333,1.7678889,,,,,3
2026-01-22 21:07:19.920150,0x433b0b38,99,4.179,16.413334,3.8759444,6.25,-3,,5,5
2026-01-22 21:07:35.104540,0x433acb14,101,4.237,21.82,3.79025,5.75,-11,,3,3
2026-01-22 21:08:11.890118,0x433ad35c,99,4.184,22.545,3.6402776,6.5,-27,,3,3
2026-01-22 21:08:18.514044,0x433e9c88,97,4.161,25.5,1.78,,,,,3
2026-01-22 21:08:21.583405,0x433aad0c,101,4.241,21.833334,3.109639,6.0,-39,,3,3
2026-01-22 21:09:18.751657,0x433e9c88,101,4.218,16.018333,1.7868055,,,,,3
2026-01-22 21:10:19.092626,0x433e9c88,101,4.234,20.795,1.7653888,,,,,3
2026-01-22 21:12:19.734567,0x433e9c88,101,4.211,15.934999,1.7305,,,,,3
2026-01-22 21:13:19.585066,0x433e9c88,101,4.242,19.516666,1.7266389,,,,,3
2026-01-22 21:13:20.129670,0x433b0b38,98,4.165,21.119999,3.9816113,6.25,-4,,5,5
2026-01-22 21:13:35.660935,0x433acb14,100,4.191,24.103333,3.7675002,6.25,-11,,3,3
2026-01-22 21:14:13.121857,0x433ad35c,101,4.218,19.545,3.7037225,6.25,-27,,3,3
2026-01-22 21:14:19.945793,0x433e9c88,101,4.242,20.938334,1.7227778,,,,,3
2026-01-22 21:14:23.065753,0x433aad0c,101,4.203,23.268333,3.0954723,5.75,-38,,3,3
2026-01-22 21:14:40.634170,0x9e9faaa4,92,4.087,19.481667,3.0394444,6.75,-45,,3,3
2026-01-22 21:14:41.616331,0x9e9faaa4,92,4.086,15.488334,2.9341943,7.5,-45,,3,3
2026-01-22 21:15:20.147747,0x433e9c88,101,4.249,18.208334,1.7227778,,,,,3
2026-01-22 21:16:20.032861,0x433e9c88,101,4.203,17.711666,1.7257223,,,,,3
2026-01-22 21:17:20.212835,0x433e9c88,94,4.119,13.703333,1.7596946,,,,,3
2026-01-22 21:18:20.229107,0x433e9c88,101,4.232,14.536667,1.7596946,,,,,3
2026-01-22 21:18:58.591640,0x9e9faaa4,92,4.08,13.150001,3.0928054,6.0,-55,,3,2
2026-01-22 21:19:20.259489,0x433e9c88,98,4.172,20.506666,1.7626388,,,,,3
2026-01-22 21:19:22.014898,0x433b0b38,101,4.202,20.506666,4.0825,6.25,-3,,5,5
2026-01-22 21:19:35.919494,0x433acb14,100,4.196,22.585001,3.8111668,6.75,-11,,3,3
2026-01-22 21:20:13.577709,0x433ad35c,99,4.176,16.821667,3.6838055,6.25,-30,,3,3
2026-01-22 21:20:20.406153,0x433e9c88,99,4.189,20.245,1.7936667,,,,,3
2026-01-22 21:20:23.532407,0x433aad0c,101,4.252,16.413334,3.1110277,6.25,-37,,3,3
2026-01-22 21:21:20.430142,0x433e9c88,101,4.203,15.731667,1.7815557,,,,,3
2026-01-22 21:22:20.304231,0x433e9c88,100,4.199,15.645,1.8057778,,,,,3
2026-01-22 21:23:20.415152,0x433e9c88,101,4.237,17.781668,1.8246945,,,,,3
2026-01-22 21:24:20.410845,0x433e9c88,100,4.199,9.626666,1.8246945,,,,,3
2026-01-22 21:25:20.521642,0x433e9c88,101,4.232,15.933333,1.8590834,,,,,3
2026-01-22 21:25:22.048835,0x433b0b38,100,4.2,16.66,4.125889,6.0,-4,,5,5
2026-01-22 21:25:35.903721,0x433acb14,101,4.218,21.626667,3.7691388,6.75,-10,,3,3
2026-01-22 21:26:15.601824,0x433ad35c,101,4.231,18.615,3.75425,6.25,-11,,3,2
2026-01-22 21:26:20.691072,0x433e9c88,101,4.214,18.615,1.8255556,,,,,3
2026-01-22 21:26:24.836678,0x433aad0c,101,4.217,17.738333,3.0490556,5.75,-37,,3,3
2026-01-22 21:27:20.754949,0x433e9c88,98,4.17,16.808334,1.8784444,,,,,3
2026-01-22 21:28:20.716275,0x433e9c88,101,4.207,16.955,1.8426389,,,,,3
2026-01-22 21:29:20.888294,0x433e9c88,101,4.229,14.933332,1.8075,,,,,3
2026-01-22 21:30:20.839088,0x433e9c88,99,4.185,12.133333,1.8264167,,,,,3
2026-01-22 21:30:45.161894,0x9e9faaa4,92,4.089,19.618334,2.9194722,6.75,-50,,3,3
2026-01-22 21:31:20.918772,0x433e9c88,99,4.177,20.998333,1.7953889,,,,,3
2026-01-22 21:31:22.517510,0x433b0b38,101,4.212,20.998333,4.1290555,6.25,-4,,5,5
2026-01-22 21:31:36.177198,0x433acb14,101,4.221,28.688332,3.7675555,6.25,-12,,3,3
2026-01-22 21:32:13.775698,0x433ad35c,101,4.205,20.951666,3.6525555,6.0,-27,,3,3
2026-01-22 21:32:20.918534,0x433e9c88,99,4.186,17.983334,1.8143055,,,,,3
2026-01-22 21:32:23.914968,0x433aad0c,101,4.237,21.238333,3.0336666,5.75,-36,,3,3
2026-01-22 21:33:21.087127,0x433e9c88,101,4.213,21.081667,1.7479444,,,,,3
2026-01-22 21:34:21.085625,0x433e9c88,100,4.197,16.76,1.7426388,,,,,3
2026-01-22 21:35:21.118414,0x433e9c88,99,4.187,18.318333,1.7305278,,,,,3
2026-01-22 21:36:21.134914,0x433e9c88,99,4.178,13.886666,1.7154721,,,,,3
2026-01-22 21:37:21.095130,0x433e9c88,99,4.189,16.306667,1.7275833,,,,,3
2026-01-22 21:37:22.532556,0x433b0b38,101,4.218,15.43,4.069972,6.25,-4,,5,5
2026-01-22 21:37:36.482450,0x433acb14,101,4.235,23.805,3.8671389,6.5,-11,,3,3
2026-01-22 21:38:14.203753,0x433ad35c,101,4.205,23.181667,3.672639,6.0,-27,,3,3
2026-01-22 21:38:21.321942,0x433e9c88,101,4.221,22.773333,1.7207778,,,,,3
2026-01-22 21:38:24.090744,0x433aad0c,101,4.244,19.215,3.0659444,5.75,-37,,3,3
2026-01-22 21:39:01.015769,0x9e9faaa4,92,4.089,15.808333,2.9606943,6.5,-41,,3,3
2026-01-22 21:39:21.318465,0x433e9c88,101,4.234,16.343332,1.7216668,,,,3,3
2026-01-22 21:40:21.346596,0x433e9c88,101,4.22,15.178333,1.7385556,,,,,3
2026-01-22 21:41:21.393911,0x433e9c88,101,4.239,18.456667,1.7574722,,,,,3
2026-01-22 21:42:21.438451,0x433e9c88,101,4.226,14.129999,1.7574722,,,,,3
2026-01-22 21:43:21.710077,0x433e9c88,100,4.196,17.603333,1.7415,,,,,3
2026-01-22 21:43:22.937136,0x433b0b38,99,4.187,21.48,4.091139,6.0,-3,,5,5
2026-01-22 21:43:39.009857,0x433acb14,100,4.2,24.98,3.8604445,6.25,-12,,3,3
2026-01-22 21:44:14.953597,0x433ad35c,99,4.177,23.01,3.6424723,5.5,-28,,3,3
2026-01-22 21:44:21.772065,0x433e9c88,86,4.031,22.133333,1.7266943,,,,,3
2026-01-22 21:44:24.392990,0x433aad0c,101,4.211,23.695,3.1404166,6.25,-36,,3,3
2026-01-22 21:45:21.619119,0x433e9c88,97,4.159,14.87,1.7058889,,,,,3
2026-01-22 21:46:21.841494,0x433e9c88,101,4.203,20.630001,1.7437222,,,,,3
2026-01-22 21:47:21.928287,0x433e9c88,101,4.201,18.863335,1.7005833,,,,,3
2026-01-22 21:48:21.944694,0x433e9c88,99,4.179,18.696667,1.7051111,,,,,3
2026-01-22 21:49:21.831335,0x433e9c88,101,4.23,15.986666,1.758,,,,,3
2026-01-22 21:49:24.006697,0x433b0b38,97,4.157,15.986666,4.0503335,6.0,-4,,5,5
2026-01-22 21:49:37.279822,0x433acb14,101,4.208,22.32,3.7061944,6.0,-12,,3,3
2026-01-22 21:50:14.694951,0x433ad35c,100,4.197,25.415,3.75975,6.0,-28,,3,3
2026-01-22 21:50:22.059038,0x433e9c88,91,4.066,24.496668,1.7509444,,,,,3
2026-01-22 21:50:24.778499,0x433aad0c,101,4.215,23.17,3.1835,6.25,-36,,3,3
2026-01-22 21:51:21.924468,0x433e9c88,101,4.204,20.041666,1.7236389,,,,,3
2026-01-22 21:52:22.103058,0x433e9c88,101,4.21,20.936666,1.7177222,,,,,3
2026-01-22 21:52:29.467772,0x9e9faaa4,92,4.089,15.101666,2.9149723,7.25,-10,,3,2
2026-01-22 21:53:22.053705,0x433e9c88,101,4.237,23.801666,1.7174445,,,,,3
2026-01-22 21:54:22.224189,0x433e9c88,101,4.217,16.823334,1.7053334,,,,,3
2026-01-22 21:55:22.140379,0x433e9c88,101,4.219,18.025,1.6713612,,,,,3
2026-01-22 21:55:23.838114,0x433b0b38,98,4.168,18.751665,4.0278335,6.0,-3,,5,5
2026-01-22 21:55:42.136506,0x433acb14,100,4.196,24.646667,3.8203332,7.75,-11,,3,3
2026-01-22 21:56:14.914390,0x433ad35c,100,4.194,23.31,3.9115276,6.25,-29,,3,3
2026-01-22 21:56:22.275517,0x433e9c88,99,4.177,18.955,1.6709168,,,,,3
2026-01-22 21:56:25.165873,0x433aad0c,101,4.224,19.050001,3.3755,7.0,-37,,3,3
2026-01-22 21:57:22.467791,0x433e9c88,101,4.235,12.46,1.7064999,,,,,3
2026-01-22 21:58:22.427523,0x433e9c88,101,4.235,18.125,1.7313056,,,,,3
2026-01-22 21:59:22.562339,0x433e9c88,101,4.225,18.221668,1.6973333,,,,,3
2026-01-22 22:00:22.525599,0x433e9c88,101,4.209,13.91,1.7482224,,,,,3
2026-01-22 15:00:54.777816,0x433e9c88,99,4.176,17.281666,2.056611,,,,,3
2026-01-22 15:00:57.898115,0x433b0b38,100,4.196,18.008333,3.6362224,6.5,-4,,5,5
2026-01-22 15:01:15.835660,0x433acb14,101,4.245,23.175,3.502722,8.0,-11,,3,3
2026-01-22 15:01:48.080642,0x433ad35c,98,4.168,26.358334,3.3095279,6.0,-29,,3,3
2026-01-22 15:01:54.903320,0x433e9c88,96,4.146,29.286667,2.0691667,,,,,3
2026-01-22 15:02:01.797650,0x433aad0c,101,4.21,28.975,3.4728334,5.75,-36,,3,3
2026-01-22 15:02:54.908864,0x433e9c88,101,4.215,15.758332,2.0214722,,,,3,3
2026-01-22 15:03:54.937251,0x433e9c88,76,3.954,23.87,2.0871944,,,,,3
2026-01-22 15:04:54.997852,0x433e9c88,100,4.198,19.711668,2.1056666,,,,,3
2026-01-22 15:05:55.094932,0x433e9c88,100,4.197,18.411667,2.095361,,,,,3
2026-01-22 15:06:48.861088,0x9e9faaa4,21,3.439,14.695001,3.2548335,7.75,-28,,3,3
2026-01-22 15:06:55.138751,0x433e9c88,100,4.192,18.99,2.0524445,,,,,3
2026-01-22 15:06:58.226303,0x433b0b38,99,4.186,18.99,3.7329443,6.0,-3,,5,5
2026-01-22 15:07:16.143395,0x433acb14,101,4.235,21.533333,3.5215557,8.0,-11,,3,3
2026-01-22 15:07:47.180623,0x433ad35c,100,4.195,21.744999,3.207361,6.0,-28,,3,3
2026-01-22 15:07:55.299904,0x433e9c88,99,4.189,23.048334,2.0729444,,,,,3
2026-01-22 15:08:01.936602,0x433aad0c,101,4.253,23.611666,3.4761388,5.75,-37,,3,3
2026-01-22 15:08:55.375127,0x433e9c88,101,4.214,16.225,2.0823333,,,,,3
2026-01-22 15:09:55.536878,0x433e9c88,100,4.199,14.651667,2.1090555,,,,,3
2026-01-22 15:10:55.388260,0x433e9c88,101,4.246,19.421667,2.090139,,,,,3
2026-01-22 15:11:55.431133,0x433e9c88,101,4.237,13.253333,2.0958333,,,,,3
2026-01-22 15:12:55.506031,0x433e9c88,101,4.203,15.775,2.123,,,,,3
2026-01-22 15:12:58.297916,0x433b0b38,101,4.216,14.898333,3.7829168,6.0,-4,,5,5
2026-01-22 15:13:16.497203,0x433acb14,101,4.221,17.95,3.5297778,7.5,-11,,3,3
2026-01-22 15:13:48.232117,0x433ad35c,101,4.218,20.983334,3.150389,6.0,-29,,3,3
2026-01-22 15:13:55.553908,0x433e9c88,101,4.235,24.061666,2.1173334,,,,,3
2026-01-22 15:14:02.545767,0x433aad0c,101,4.216,22.845,3.4828334,5.5,-36,,3,3
2026-01-22 15:14:55.741898,0x433e9c88,101,4.245,17.838333,2.149722,,,,,3
2026-01-22 15:15:55.727423,0x433e9c88,101,4.211,17.431665,2.1447222,,,,,3
2026-01-22 15:16:56.106607,0x433e9c88,99,4.181,20.368334,2.1301112,,,,,3
2026-01-22 15:17:56.352187,0x433e9c88,101,4.219,13.736667,2.12625,,,,,3
2026-01-22 15:18:01.814395,0x9e9faaa4,22,3.446,18.418333,3.1768613,7.25,-28,,3,3
2026-01-22 15:18:56.461594,0x433e9c88,101,4.246,14.281666,2.1449444,,,,,3
2026-01-22 15:18:59.460526,0x433b0b38,100,4.196,13.268333,3.8149447,6.0,-3,,5,5
2026-01-22 15:19:18.124093,0x433acb14,100,4.2,17.223333,3.4262776,7.25,-11,,3,3
2026-01-22 15:19:47.595927,0x433ad35c,100,4.199,22.93,3.1834722,5.75,-28,,3,3
2026-01-22 15:19:56.322196,0x433e9c88,99,4.178,21.476667,2.1289723,,,,,3
2026-01-22 15:20:03.164421,0x433aad0c,101,4.207,23.083334,3.4692779,5.75,-36,,3,3
2026-01-22 15:20:56.383767,0x433e9c88,100,4.19,18.63,2.1451666,,,,,3
2026-01-22 15:21:56.406787,0x433e9c88,101,4.224,17.111666,2.1189165,,,,,3
2026-01-22 15:22:56.557821,0x433e9c88,101,4.205,18.051666,2.1150556,,,,,3
2026-01-22 15:23:56.670213,0x433e9c88,99,4.176,14.128333,2.0840278,,,,,3
2026-01-22 15:24:56.601027,0x433e9c88,101,4.213,13.763334,2.054361,,,,,3
2026-01-22 15:25:01.748700,0x433b0b38,101,4.217,13.860001,3.7832778,5.75,-3,,5,5
2026-01-22 15:25:17.985251,0x433acb14,99,4.185,15.485001,3.427028,7.25,-11,,3,3
2026-01-22 15:25:47.702829,0x433ad35c,97,4.159,22.655,3.2477503,6.0,-28,,3,3
2026-01-22 15:25:56.712595,0x433e9c88,98,4.172,26.144999,2.0894723,,,,,3
2026-01-22 15:26:02.763689,0x433aad0c,101,4.222,26.885,3.361889,5.5,-36,,3,3
2026-01-22 15:26:56.774121,0x433e9c88,101,4.209,17.888332,2.0910556,,,,,3
2026-01-22 15:27:06.857037,0x9e9faaa4,23,3.46,21.215,3.1632502,7.25,-28,,3,3
2026-01-22 15:27:56.778475,0x433e9c88,99,4.186,16.403334,2.0751388,,,,,3
2026-01-22 15:28:56.784019,0x433e9c88,101,4.238,18.345,2.0740001,,,,,3
2026-01-22 15:29:56.859182,0x433e9c88,101,4.219,14.9383335,2.0593889,,,,,3
2026-01-22 15:30:56.990441,0x433e9c88,98,4.17,15.536668,2.0591667,,,,,3
2026-01-22 15:31:01.617543,0x433b0b38,97,4.148,15.414999,3.6440556,6.0,-3,,5,5
2026-01-22 15:31:17.302741,0x433acb14,101,4.227,22.051666,3.390889,7.5,-11,,3,3
2026-01-22 15:31:48.243017,0x433ad35c,101,4.211,24.926666,3.254611,5.75,-28,,3,3
2026-01-22 15:31:56.886527,0x433e9c88,101,4.243,22.653334,2.0572777,,,,,3
2026-01-22 15:32:03.672084,0x433aad0c,101,4.251,22.34,3.1371112,5.75,-36,,3,3
2026-01-22 15:32:56.958595,0x433e9c88,101,4.212,16.265001,2.0559168,,,,,3
2026-01-22 15:33:57.146237,0x433e9c88,101,4.226,10.653334,2.0448055,,,,,3
2026-01-22 15:34:57.170632,0x433e9c88,99,4.178,17.168333,2.1027777,,,,,3
2026-01-22 15:35:57.113921,0x433e9c88,92,4.09,18.261667,2.117389,,,,,3
2026-01-22 15:36:50.936815,0x9e9faaa4,26,3.488,18.488333,3.1128612,5.75,-36,,3,2
2026-01-22 15:36:57.283343,0x433e9c88,101,4.225,21.096666,2.1354167,,,,,3
2026-01-22 15:37:02.183358,0x433b0b38,99,4.182,19.343332,3.5763335,6.5,-3,,5,5
2026-01-22 15:37:17.647942,0x433acb14,101,4.245,21.683334,3.3918333,7.5,-11,,3,3
2026-01-22 15:37:48.219507,0x433ad35c,99,4.185,23.05,3.3720832,6.0,-28,,3,3
2026-01-22 15:37:57.167493,0x433e9c88,100,4.197,25.665,2.137222,,,,,3
2026-01-22 15:38:04.384231,0x433aad0c,101,4.237,24.938334,3.1765554,5.75,-36,,3,3
2026-01-22 15:38:57.328405,0x433e9c88,100,4.19,14.776667,2.0884168,,,,3,3
2026-01-22 15:39:57.374539,0x433e9c88,101,4.223,21.251667,2.1178334,,,,,3
2026-01-22 15:40:57.415146,0x433e9c88,101,4.231,21.433334,2.1027777,,,,,3
2026-01-22 15:41:57.529043,0x433e9c88,101,4.21,14.253333,2.050111,,,,,3
2026-01-22 15:42:57.492164,0x433e9c88,101,4.216,12.690001,2.077722,,,,,3
2026-01-22 15:43:01.510017,0x433b0b38,98,4.163,14.32,3.6190834,6.5,-4,,5,5
2026-01-22 15:43:17.850413,0x433acb14,99,4.182,19.588333,3.4504168,6.75,-11,,3,3
2026-01-22 15:43:48.740667,0x433ad35c,101,4.229,22.516666,3.5085,6.0,-28,,3,3
2026-01-22 15:43:57.538204,0x433e9c88,99,4.186,22.421667,2.0457778,,,,,3
2026-01-22 15:44:04.266800,0x433aad0c,101,4.238,21.341667,3.2664444,5.75,-37,,3,3
2026-01-22 15:44:57.658805,0x433e9c88,100,4.194,11.788333,1.9985554,,,,,3
2026-01-22 15:45:57.988066,0x433e9c88,101,4.221,10.048333,2.0019722,,,,,3
2026-01-22 15:46:48.439820,0x9e9faaa4,35,3.582,21.098333,2.9656944,7.5,-28,,3,3
2026-01-22 15:46:57.703431,0x433e9c88,101,4.234,18.831667,1.9766111,,,,,3
2026-01-22 15:47:57.749639,0x433e9c88,101,4.225,13.566667,1.9554166,,,,,3
2026-01-22 15:48:57.981425,0x433e9c88,101,4.207,13.118333,1.9675277,,,,,3
2026-01-22 15:49:02.293015,0x433b0b38,101,4.209,14.571667,3.624111,6.25,-3,,5,5
2026-01-22 15:49:19.203255,0x433acb14,101,4.22,14.376667,3.4760277,6.25,-11,,3,3
2026-01-22 15:49:49.842457,0x433ad35c,101,4.221,30.265001,3.7403054,6.25,-29,,3,3
2026-01-22 15:49:58.243496,0x433e9c88,87,4.037,34.01167,1.956139,,,,,3
2026-01-22 15:50:06.586953,0x433aad0c,101,4.207,28.099998,3.2391388,6.0,-36,,3,3
2026-01-22 15:50:58.557709,0x433e9c88,100,4.196,16.566668,1.9801389,,,,,3
2026-01-22 15:51:58.747348,0x433e9c88,98,4.17,18.088333,1.9922501,,,,,3
2026-01-22 15:52:58.820817,0x433e9c88,92,4.079,20.398335,1.9801389,,,,,3
2026-01-22 15:53:58.985840,0x433e9c88,100,4.197,13.05,1.9693888,,,,,3
2026-01-22 15:54:59.317537,0x433e9c88,101,4.249,14.884999,1.9557778,,,,,3
2026-01-22 15:55:02.011311,0x433b0b38,101,4.213,14.830001,3.6430001,6.5,-3,,5,5
2026-01-22 15:55:19.448165,0x433acb14,101,4.235,19.546667,3.431111,7.5,-11,,3,3
2026-01-22 15:55:49.943621,0x433ad35c,100,4.196,21.84,3.7290833,5.5,-28,,3,3
2026-01-22 15:56:04.949864,0x433aad0c,101,4.265,26.390001,3.2435555,5.5,-36,,3,3
2026-01-22 15:56:48.956774,0x9e9faaa4,90,4.056,21.735,2.9797223,7.25,-27,,3,3
2026-01-22 15:56:59.945529,0x433e9c88,98,4.165,17.136665,1.9003334,,,,,3
2026-01-22 15:57:59.985369,0x433e9c88,99,4.178,11.788333,1.8834444,,,,,3
2026-01-22 15:58:59.870503,0x433e9c88,101,4.245,14.223332,1.8636389,,,,,3
2026-01-22 15:59:59.886821,0x433e9c88,100,4.197,16.033333,1.8704444,,,,,3
2026-01-22 18:01:07.311716,0x433e9c88,101,4.231,20.141666,1.5357223,,,,,3
2026-01-22 18:01:10.703251,0x433b0b38,96,4.144,21.276667,4.2550554,6.0,-3,,5,5
2026-01-22 18:01:27.116095,0x433acb14,101,4.23,22.491667,4.0047774,7.75,-11,,3,3
2026-01-22 18:01:57.572807,0x433ad35c,101,4.221,22.863333,4.439472,5.75,-28,,3,3
2026-01-22 18:02:07.371803,0x433e9c88,101,4.238,23.343334,1.5881667,,,,,3
2026-01-22 18:02:12.799129,0x433aad0c,101,4.265,24.328333,4.0587225,6.0,-36,,3,3
2026-01-22 18:03:07.609004,0x433e9c88,101,4.224,17.676666,1.6245,,,,3,3
2026-01-22 18:04:07.647780,0x433e9c88,100,4.197,16.28,1.6313334,,,,,3
2026-01-22 18:05:07.666835,0x433e9c88,98,4.164,17.125,1.6313334,,,,,3
2026-01-22 18:06:07.695899,0x433e9c88,100,4.191,21.696667,1.6632222,,,,,3
2026-01-22 18:07:07.845030,0x433e9c88,101,4.22,16.824999,1.6443055,,,,,3
2026-01-22 18:07:11.152073,0x433b0b38,99,4.183,17.96,4.201,5.75,-3,,5,5
2026-01-22 18:07:26.598200,0x433acb14,99,4.188,20.915,3.939389,7.0,-11,,3,3
2026-01-22 18:07:57.360754,0x433ad35c,100,4.19,22.883333,4.585361,6.0,-28,,3,3
2026-01-22 18:08:07.926955,0x433e9c88,101,4.205,24.445,1.6283333,,,,,3
2026-01-22 18:08:13.100758,0x433aad0c,101,4.205,21.748333,4.1321387,6.0,-36,,3,3
2026-01-22 18:09:07.914802,0x433e9c88,101,4.223,17.976667,1.6634444,,,,,3
2026-01-22 18:09:40.080176,0x9e9faaa4,93,4.1,19.17,3.248222,6.25,-36,,3,2
2026-01-22 18:10:07.840633,0x433e9c88,100,4.2,19.388332,1.6353889,,,,,3
2026-01-22 18:11:07.877088,0x433e9c88,99,4.188,21.475,1.6048889,,,,,3
2026-01-22 18:12:08.090855,0x433e9c88,101,4.204,19.466667,1.6044445,,,,,3
2026-01-22 18:13:08.137648,0x433e9c88,101,4.231,18.026667,1.6053333,,,,,3
2026-01-22 18:13:11.109814,0x433b0b38,98,4.166,19.161667,4.3310833,6.0,-3,,5,5
2026-01-22 18:13:28.193578,0x433acb14,100,4.2,20.923332,3.9708335,7.0,-11,,3,3
2026-01-22 18:13:58.539586,0x433ad35c,101,4.222,24.783333,4.504361,5.5,-29,,3,3
2026-01-22 18:14:08.115034,0x433e9c88,94,4.118,23.186666,1.6338611,,,,,3
2026-01-22 18:14:13.823740,0x433aad0c,101,4.216,23.186666,4.1237226,5.75,-36,,3,3
2026-01-22 18:15:08.149106,0x433e9c88,101,4.209,14.8966675,1.6840554,,,,,3
2026-01-22 18:16:08.184056,0x433e9c88,100,4.198,18.95,1.6719444,,,,,3
2026-01-22 18:17:08.295228,0x433e9c88,100,4.195,20.766666,1.6320834,,,,,3
2026-01-22 18:18:08.233925,0x433e9c88,101,4.215,14.883333,1.6106668,,,,,3
2026-01-22 18:18:10.954278,0x9e9faaa4,93,4.101,16.396667,3.2691388,6.75,-69,,3,2
2026-01-22 18:19:08.274355,0x433e9c88,100,4.191,15.703334,1.5659444,,,,,3
2026-01-22 18:19:11.427832,0x433b0b38,99,4.187,17.851667,4.2739997,6.0,-3,,5,5
2026-01-22 18:19:28.686077,0x433acb14,101,4.222,19.775,4.1025,6.75,-11,,3,3
2026-01-22 18:19:59.970007,0x433ad35c,100,4.2,20.568333,4.482361,5.75,-28,,3,3
2026-01-22 18:20:08.507108,0x433e9c88,101,4.22,22.366667,1.6049167,,,,,3
2026-01-22 18:20:13.438012,0x433aad0c,101,4.21,21.123333,4.0933614,5.5,-37,,3,3
2026-01-22 18:21:08.456076,0x433e9c88,100,4.199,20.071667,1.5444444,,,,,3
2026-01-22 18:22:08.534368,0x433e9c88,101,4.238,19.971666,1.5590556,,,,,3
2026-01-22 18:23:08.647963,0x433e9c88,101,4.214,17.76,1.5649723,,,,,3
2026-01-22 18:24:08.701666,0x433e9c88,98,4.174,16.168333,1.5512778,,,,,3
2026-01-22 18:25:08.570143,0x433e9c88,101,4.204,17.156666,1.5565833,,,,,3
2026-01-22 18:25:11.677987,0x433b0b38,100,4.194,19.018333,4.1211667,6.0,-3,,5,5
2026-01-22 18:25:29.897907,0x433acb14,101,4.226,22.123333,4.2558336,6.75,-11,,3,3
2026-01-22 18:25:59.149392,0x433ad35c,99,4.178,22.216667,4.5071945,6.0,-28,,3,3
2026-01-22 18:26:08.647117,0x433e9c88,101,4.242,25.05,1.5435556,,,,,3
2026-01-22 18:26:13.705829,0x433aad0c,101,4.223,22.671667,4.0044165,5.75,-36,,3,3
2026-01-22 18:27:08.797019,0x433e9c88,99,4.178,22.246666,1.5266668,,,,,3
2026-01-22 18:28:08.761627,0x433e9c88,100,4.19,14.953333,1.47925,,,,,3
2026-01-22 18:29:08.738116,0x433e9c88,101,4.243,17.141666,1.5105,,,,,3
2026-01-22 18:30:08.783654,0x433e9c88,101,4.234,16.638332,1.5493333,,,,,3
2026-01-22 18:31:08.903677,0x433e9c88,100,4.193,19.835,1.5304167,,,,,3
2026-01-22 18:31:11.892302,0x433b0b38,101,4.206,20.970001,3.892778,6.0,-3,,5,5
2026-01-22 18:31:28.940848,0x433acb14,101,4.255,21.351667,4.2893333,7.75,-11,,3,3
2026-01-22 18:31:59.437178,0x433ad35c,99,4.178,25.171667,4.4840837,5.5,-28,,3,3
2026-01-22 18:32:08.961630,0x433e9c88,97,4.159,24.19,1.5021111,,,,,3
2026-01-22 18:32:13.958006,0x433aad0c,101,4.216,26.31,4.0441113,5.75,-36,,3,3
2026-01-22 18:33:08.965665,0x433e9c88,101,4.23,17.813334,1.5091388,,,,,3
2026-01-22 18:34:09.043622,0x433e9c88,101,4.21,16.238333,1.4756111,,,,,3
2026-01-22 18:35:09.040650,0x433e9c88,101,4.228,16.678333,1.4688056,,,,,3
2026-01-22 18:36:09.122630,0x433e9c88,101,4.219,16.475,1.4838611,,,,,3
2026-01-22 18:37:09.236009,0x433e9c88,100,4.2,24.105,1.4863611,,,,,3
2026-01-22 18:37:12.026074,0x433b0b38,101,4.21,22.983334,3.7616112,6.25,-3,,5,5
2026-01-22 18:37:28.613432,0x433acb14,101,4.223,27.223333,4.379333,7.0,-10,,3,3
2026-01-22 18:37:59.668067,0x433ad35c,101,4.224,21.43,4.4513335,6.0,-28,,3,3
2026-01-22 18:38:09.248678,0x433e9c88,101,4.206,23.868332,1.4688056,,,,,3
2026-01-22 18:38:14.505676,0x433aad0c,101,4.236,20.586666,3.985222,5.75,-37,,3,3
2026-01-22 18:39:09.355847,0x433e9c88,90,4.051,16.378332,1.4845556,,,,3,3
2026-01-22 18:39:30.913112,0x9e9faaa4,93,4.1,12.673333,3.0708055,7.5,-26,,3,3
2026-01-22 18:39:31.810698,0x9e9faaa4,93,4.1,19.645,3.2928612,6.75,-27,,3,3
2026-01-22 18:40:09.383134,0x433e9c88,99,4.181,25.425,1.5464168,,,,,3
2026-01-22 18:41:09.481818,0x433e9c88,101,4.206,20.928333,1.5176388,,,,,3
2026-01-22 18:42:09.526681,0x433e9c88,101,4.213,18.359999,1.5025834,,,,,3
2026-01-22 18:43:09.692700,0x433e9c88,101,4.226,18.619999,1.5025834,,,,,3
2026-01-22 18:43:12.322866,0x433b0b38,98,4.165,19.346666,3.6890836,6.0,-3,,5,5
2026-01-22 18:43:28.905544,0x433acb14,100,4.196,21.285,4.2964444,8.0,-11,,3,3
2026-01-22 18:44:00.117567,0x433ad35c,101,4.202,23.06,4.328472,6.0,-28,,3,3
2026-01-22 18:44:09.667330,0x433e9c88,101,4.241,20.6,1.5215,,,,,3
2026-01-22 18:44:14.476143,0x433aad0c,101,4.248,21.326668,3.9419723,6.0,-37,,3,3
2026-01-22 18:45:09.613004,0x433e9c88,99,4.181,19.893333,1.5050833,,,,,3
2026-01-22 18:46:09.696703,0x433e9c88,98,4.17,16.006666,1.4929723,,,,,3
2026-01-22 18:47:09.789141,0x433e9c88,100,4.195,22.666668,1.4772222,,,,,3
2026-01-22 18:48:09.885580,0x433e9c88,101,4.214,16.346666,1.4519445,,,,,3
2026-01-22 18:49:09.825287,0x433e9c88,101,4.225,15.73,1.4252222,,,,,3
2026-01-22 18:49:12.647979,0x433b0b38,101,4.214,17.591667,3.6472778,6.0,-3,,5,5
2026-01-22 18:49:29.042081,0x433acb14,99,4.178,22.656668,4.3689723,6.0,-10,,3,3
2026-01-22 18:50:00.089190,0x433ad35c,101,4.223,23.186666,4.227361,6.0,-28,,3,3
2026-01-22 18:50:09.871536,0x433e9c88,100,4.199,22.628332,1.40675,,,,,3
2026-01-22 18:50:14.966147,0x433aad0c,101,4.203,21.643333,3.9553058,5.5,-36,,3,3
2026-01-22 18:51:10.090018,0x433e9c88,101,4.23,18.861666,1.4069722,,,,,3
2026-01-22 18:52:10.119701,0x433e9c88,101,4.212,22.163334,1.4078889,,,,,3
2026-01-22 18:53:10.167671,0x433e9c88,101,4.205,17.303333,1.4539722,,,,,3
2026-01-22 18:54:10.055381,0x433e9c88,101,4.248,16.325,1.4442222,,,,,3
2026-01-22 18:55:10.100999,0x433e9c88,101,4.245,17.446667,1.4412777,,,,,3
2026-01-22 18:55:12.813641,0x433b0b38,97,4.152,18.581667,3.5506666,6.0,-3,,5,5
2026-01-22 18:55:29.025403,0x433acb14,101,4.24,23.23,4.434944,6.75,-10,,3,3
2026-01-22 18:56:00.781673,0x433ad35c,101,4.206,24.168333,4.211,6.0,-28,,3,3
2026-01-22 18:56:10.313740,0x433e9c88,101,4.228,21.118334,1.4538333,,,,,3
2026-01-22 18:56:15.260135,0x433aad0c,101,4.209,21.49,3.8343887,5.75,-36,,3,3
2026-01-22 18:57:10.366828,0x433e9c88,101,4.212,19.535,1.4230278,,,,,3
2026-01-22 18:58:10.332085,0x433e9c88,101,4.245,18.798334,1.421,,,,,3
2026-01-22 18:58:33.419450,0x9e9faaa4,93,4.1,13.150001,3.4064445,7.0,-27,,3,3
2026-01-22 18:59:10.477595,0x433e9c88,98,4.164,23.136667,1.4164722,,,,,3
2026-01-22 18:59:46.021472,0x9e9faaa4,93,4.096,18.758333,3.5207777,7.5,-27,,3,3
2026-01-22 19:00:10.337732,0x433e9c88,101,4.238,16.461666,1.4194167,,,,,3
2026-01-22 14:00:51.696268,0x433e9c88,101,4.207,16.36,1.9671388,,,,,3
2026-01-22 14:00:54.423184,0x433b0b38,97,4.156,17.208334,3.9502778,6.0,-3,,5,5
2026-01-22 14:01:13.711432,0x433acb14,101,4.204,20.435,3.6113887,7.5,-11,,3,3
2026-01-22 14:01:43.312759,0x433ad35c,99,4.188,24.391666,3.5136666,5.75,-27,,3,3
2026-01-22 14:01:51.683656,0x433e9c88,99,4.185,24.815,1.95875,,,,,3
2026-01-22 14:01:57.804007,0x433aad0c,101,4.255,26.418335,3.1374443,5.75,-36,,3,3
2026-01-22 14:02:51.601794,0x433e9c88,97,4.149,15.28,2.0189724,,,,,3
2026-01-22 14:03:52.081633,0x433e9c88,99,4.18,13.168333,2.0529444,,,,,3
2026-01-22 14:04:52.015425,0x433e9c88,101,4.221,18.71,2.0679998,,,,,3
2026-01-22 14:05:51.975713,0x433e9c88,99,4.189,17.59,2.0972223,,,,,3
2026-01-22 14:06:49.153504,0x9e9faaa4,19,3.418,18.241667,3.1115,7.25,-28,,3,3
2026-01-22 14:06:52.182453,0x433e9c88,75,3.944,20.426666,2.1280277,,,,,3
2026-01-22 14:06:55.317460,0x433b0b38,101,4.205,18.713333,3.8567224,6.0,-3,,5,5
2026-01-22 14:07:13.645055,0x433acb14,100,4.2,23.828333,3.5852222,7.25,-11,,3,3
2026-01-22 14:07:43.068247,0x433ad35c,101,4.205,26.266666,3.5578058,5.5,-28,,3,3
2026-01-22 14:07:52.096202,0x433e9c88,99,4.178,24.21,2.1490278,,,,,3
2026-01-22 14:07:57.880486,0x433aad0c,101,4.247,22.748333,3.1835277,6.0,-36,,3,3
2026-01-22 14:08:52.278134,0x433e9c88,98,4.164,14.988333,2.1544724,,,,,3
2026-01-22 14:09:52.239071,0x433e9c88,101,4.223,18.563334,2.1423612,,,,,3
2026-01-22 14:10:52.211028,0x433e9c88,101,4.231,20.361666,2.1471388,,,,,3
2026-01-22 14:11:52.249380,0x433e9c88,81,3.998,13.85,2.1480277,,,,,3
2026-01-22 14:12:52.395858,0x433e9c88,98,4.169,12.826666,2.2009165,,,,,3
2026-01-22 14:12:56.233944,0x433b0b38,99,4.179,13.961667,3.803,6.25,-3,,5,5
2026-01-22 14:13:13.842670,0x433acb14,100,4.2,19.506666,3.5319169,7.5,-11,,3,3
2026-01-22 14:13:43.999033,0x433ad35c,101,4.221,22.638332,3.5034723,6.0,-28,,3,3
2026-01-22 14:13:52.530329,0x433e9c88,101,4.208,22.128334,2.1296945,,,,,3
2026-01-22 14:13:58.187610,0x433aad0c,101,4.26,25.525002,3.0763612,6.0,-36,,3,3
2026-01-22 14:14:52.493019,0x433e9c88,100,4.197,15.548333,2.1434166,,,,,3
2026-01-22 14:15:52.559786,0x433e9c88,101,4.232,15.906666,2.1434166,,,,,3
2026-01-22 14:16:52.599006,0x433e9c88,99,4.187,24.09,2.1283612,,,,,3
2026-01-22 14:16:53.587457,0x9e9faaa4,20,3.426,23.413334,3.1861112,6.75,-28,,3,3
2026-01-22 14:17:52.547252,0x433e9c88,101,4.207,17.32,2.094389,,,,,3
2026-01-22 14:18:52.602985,0x433e9c88,101,4.216,15.8116665,2.1140833,,,,,3
2026-01-22 14:18:57.358092,0x433b0b38,101,4.208,13.481667,3.7276945,6.5,-3,,5,5
2026-01-22 14:19:14.177704,0x433acb14,101,4.25,19.448334,3.4787223,7.25,-10,,3,3
2026-01-22 14:19:48.096477,0x433ad35c,101,4.231,23.415,3.4040277,7.0,-27,,3,3
2026-01-22 14:19:52.637405,0x433e9c88,99,4.185,29.943333,2.07875,,,,,3
2026-01-22 14:19:59.248723,0x433aad0c,101,4.222,26.136667,3.1175277,6.25,-36,,3,3
2026-01-22 14:20:52.814880,0x433e9c88,99,4.181,14.115,2.0935833,,,,,3
2026-01-22 14:21:52.912022,0x433e9c88,101,4.213,17.168333,2.0994723,,,,,3
2026-01-22 14:22:52.772851,0x433e9c88,99,4.176,20.546667,2.07275,,,,,3
2026-01-22 14:23:52.866976,0x433e9c88,98,4.166,14.8533325,2.0736666,,,,,3
2026-01-22 14:24:53.010096,0x433e9c88,101,4.24,14.648334,2.0762222,,,,,3
2026-01-22 14:24:56.277798,0x433b0b38,99,4.182,16.978334,3.7030835,6.25,-4,,5,5
2026-01-22 14:25:14.362436,0x433acb14,101,4.227,20.356667,3.51275,7.25,-10,,3,3
2026-01-22 14:25:45.326652,0x433ad35c,97,4.159,29.234999,3.4597223,6.75,-29,,3,3
2026-01-22 14:25:53.034051,0x433e9c88,101,4.216,25.92,2.062528,,,,,3
2026-01-22 14:26:00.332832,0x433aad0c,101,4.237,28.343334,3.2081113,6.0,-36,,3,3
2026-01-22 14:26:48.898663,0x9e9faaa4,20,3.428,20.26,3.3211668,7.5,-11,,3,2
2026-01-22 14:26:53.084244,0x433e9c88,101,4.227,13.881667,2.0436113,,,,3,3
2026-01-22 14:27:53.155652,0x433e9c88,100,4.194,21.773335,2.0953333,,,,,3
2026-01-22 14:28:53.166153,0x433e9c88,101,4.212,22.063334,2.0908055,,,,,3
2026-01-22 14:29:53.202924,0x433e9c88,100,4.197,19.508333,2.0869446,,,,,3
2026-01-22 14:30:53.325433,0x433e9c88,101,4.23,15.991667,2.1111667,,,,,3
2026-01-22 14:30:56.520675,0x433b0b38,100,4.194,15.991667,3.6761944,7.0,-3,,5,5
2026-01-22 14:31:14.465737,0x433acb14,101,4.218,21.201668,3.5663056,7.25,-11,,3,3
2026-01-22 14:31:44.601748,0x433ad35c,101,4.202,22.401667,3.5811112,6.0,-28,,3,3
2026-01-22 14:31:53.320570,0x433e9c88,101,4.241,26.261667,2.1235,,,,,3
2026-01-22 14:32:00.995372,0x433aad0c,101,4.225,20.57,3.330778,6.0,-36,,3,3
2026-01-22 14:32:53.486994,0x433e9c88,101,4.241,15.880001,2.1412778,,,,,3
2026-01-22 14:33:53.412105,0x433e9c88,100,4.191,14.17,2.1480834,,,,,3
2026-01-22 14:34:53.534782,0x433e9c88,101,4.213,18.858334,2.1088057,,,,,3
2026-01-22 14:35:53.513656,0x433e9c88,99,4.178,17.478333,2.096,,,,,3
2026-01-22 14:36:51.973835,0x9e9faaa4,20,3.43,13.151667,3.314028,7.5,-28,,3,3
2026-01-22 14:36:53.547343,0x433e9c88,101,4.224,11.941667,2.0460556,,,,,3
2026-01-22 14:37:01.963595,0x433b0b38,99,4.179,15.473333,3.6316946,6.25,-3,,5,5
2026-01-22 14:37:14.816401,0x433acb14,101,4.242,21.055,3.4639444,6.5,-10,,3,3
2026-01-22 14:37:46.307421,0x433ad35c,99,4.188,28.971666,3.463389,5.75,-27,,3,3
2026-01-22 14:37:53.622855,0x433e9c88,101,4.201,22.671667,2.0834444,,,,,3
2026-01-22 14:38:00.601523,0x433aad0c,101,4.245,25.913334,3.4008331,6.0,-36,,3,3
2026-01-22 14:38:53.639700,0x433e9c88,101,4.231,17.493334,2.1033611,,,,,3
2026-01-22 14:39:53.800867,0x433e9c88,101,4.218,20.683332,2.09125,,,,,3
2026-01-22 14:40:53.728334,0x433e9c88,99,4.179,20.123333,2.1113055,,,,,3
2026-01-22 14:41:53.811236,0x433e9c88,101,4.222,16.166666,2.11425,,,,,3
2026-01-22 14:42:54.000159,0x433e9c88,101,4.237,14.075001,2.0802777,,,,,3
2026-01-22 14:42:57.555232,0x433b0b38,99,4.183,14.543334,3.728389,6.25,-3,,5,5
2026-01-22 14:43:15.971661,0x433acb14,101,4.23,18.553333,3.4415555,7.5,-11,,3,3
2026-01-22 14:43:45.675694,0x433ad35c,101,4.219,22.843332,3.3755,5.75,-28,,3,3
2026-01-22 14:43:54.010231,0x433e9c88,100,4.195,24.596668,2.0748334,,,,,3
2026-01-22 14:44:00.974725,0x433aad0c,100,4.2,23.238335,3.4188335,6.25,-36,,3,3
2026-01-22 14:44:53.917653,0x433e9c88,101,4.22,17.263334,2.0773332,,,,,3
2026-01-22 14:45:54.135398,0x433e9c88,101,4.218,16.343332,2.0650556,,,,,3
2026-01-22 14:46:54.137784,0x433e9c88,100,4.196,20.721666,2.0733054,,,,,3
2026-01-22 14:47:17.815112,0x9e9faaa4,21,3.435,19.645,3.1925,7.5,-28,,3,3
2026-01-22 14:47:54.162416,0x433e9c88,99,4.183,18.828335,2.0901945,,,,,3
2026-01-22 14:48:54.235816,0x433e9c88,101,4.237,14.589999,2.0687778,,,,,3
2026-01-22 14:48:58.019430,0x433b0b38,101,4.206,14.589999,3.6546946,6.0,-3,,5,5
2026-01-22 14:49:15.971426,0x433acb14,101,4.234,18.626667,3.255389,7.25,-11,,3,3
2026-01-22 14:49:46.362271,0x433ad35c,101,4.208,23.665,3.3433332,6.0,-28,,3,3
2026-01-22 14:49:54.164227,0x433e9c88,101,4.251,28.168333,2.0806112,,,,,3
2026-01-22 14:50:01.139358,0x433aad0c,101,4.252,27.36,3.4975834,5.5,-36,,3,3
2026-01-22 14:50:54.293048,0x433e9c88,101,4.211,18.401667,2.066472,,,,,3
2026-01-22 14:51:54.398187,0x433e9c88,98,4.169,18.021667,2.0785832,,,,,3
2026-01-22 14:52:54.308147,0x433e9c88,90,4.051,19.885,2.0735834,,,,,3
2026-01-22 14:53:54.344730,0x433e9c88,100,4.195,14.226666,2.1061945,,,,,3
2026-01-22 14:54:54.429051,0x433e9c88,101,4.219,13.595,2.1169446,,,,,3
2026-01-22 14:54:57.515069,0x433b0b38,98,4.164,14.471666,3.703111,6.0,-3,,5,5
2026-01-22 14:55:15.583619,0x433acb14,101,4.247,18.976665,3.2388053,7.5,-11,,3,3
2026-01-22 14:55:48.336250,0x433ad35c,99,4.186,18.998333,3.3151388,6.0,-29,,3,3
2026-01-22 14:55:54.440236,0x433e9c88,101,4.223,23.119999,2.0859168,,,,,3
2026-01-22 14:56:01.334461,0x433aad0c,101,4.215,23.106667,3.5115833,6.0,-36,,3,3
2026-01-22 14:56:54.663010,0x433e9c88,96,4.146,18.401667,2.1204166,,,,,3
2026-01-22 14:57:33.583256,0x9e9faaa4,21,3.434,22.261667,3.2060833,7.5,-27,,3,3
2026-01-22 14:57:54.577131,0x433e9c88,99,4.183,17.918333,2.0825834,,,,,3
2026-01-22 14:58:54.673087,0x433e9c88,101,4.205,18.808334,2.059111,,,,,3
2026-01-22 14:59:54.660887,0x433e9c88,98,4.17,18.373333,2.0445,,,,,3
2026-01-22 19:01:10.425382,0x433e9c88,101,4.202,29.528336,1.4615834,,,,,3
2026-01-22 19:01:13.055382,0x433b0b38,98,4.17,30.255,3.4613333,6.0,-3,,5,5
2026-01-22 19:01:29.285575,0x433acb14,101,4.228,29.515001,4.3640833,6.5,-11,,3,3
2026-01-22 19:02:01.640600,0x433ad35c,98,4.169,23.445,4.1944447,6.0,-27,,3,3
2026-01-22 19:02:10.593177,0x433e9c88,101,4.218,25.168333,1.4552222,,,,,3
2026-01-22 19:02:15.352265,0x433aad0c,101,4.201,24.91,3.7634997,5.75,-36,,3,3
2026-01-22 19:03:10.632448,0x433e9c88,101,4.208,17.525,1.4570278,,,,,3
2026-01-22 19:04:10.686965,0x433e9c88,100,4.196,15.728333,1.4309722,,,,,3
2026-01-22 19:05:10.595617,0x433e9c88,101,4.21,20.105,1.4393611,,,,,3
2026-01-22 19:06:10.831499,0x433e9c88,100,4.191,12.133333,1.4135555,,,,,3
2026-01-22 19:07:10.841902,0x433e9c88,101,4.237,15.453333,1.37025,,,,,3
2026-01-22 19:07:14.635919,0x433b0b38,96,4.139,17.755001,3.5144444,6.25,-3,,5,5
2026-01-22 19:07:30.105010,0x433acb14,101,4.234,23.978333,4.386833,6.75,-11,,3,3
2026-01-22 19:08:01.179638,0x433ad35c,100,4.196,23.94,4.083361,5.75,-28,,3,3
2026-01-22 19:08:11.161396,0x433e9c88,101,4.245,22.038334,1.4234444,,,,,3
2026-01-22 19:08:15.974638,0x433aad0c,101,4.238,22.765,3.759389,5.75,-36,,3,3
2026-01-22 19:09:11.010349,0x433e9c88,101,4.224,12.833333,1.4501667,,,,,3
2026-01-22 19:09:33.149610,0x9e9faaa4,93,4.094,18.67,3.4699998,6.25,-3,,3,2
2026-01-22 19:10:11.246494,0x433e9c88,101,4.253,19.248333,1.4586389,,,,,3
2026-01-22 19:11:11.102525,0x433e9c88,101,4.208,21.206667,1.4465278,,,,,3
2026-01-22 19:12:11.666354,0x433e9c88,101,4.208,16.226667,1.4031667,,,,,3
2026-01-22 19:13:11.909198,0x433e9c88,101,4.228,19.163332,1.4341944,,,,,3
2026-01-22 19:13:14.396983,0x433b0b38,99,4.181,16.74,3.2605555,7.0,-4,,5,5
2026-01-22 19:13:30.252000,0x433acb14,99,4.189,22.133333,4.3226113,7.25,-11,,3,3
2026-01-22 19:14:01.529231,0x433ad35c,101,4.212,25.443333,4.014278,6.25,-28,,3,3
2026-01-22 19:14:12.128171,0x433e9c88,101,4.249,22.61,1.4355834,,,,,3
2026-01-22 19:14:16.226212,0x433aad0c,101,4.231,21.366667,3.8103056,5.75,-36,,3,3
2026-01-22 19:15:12.131824,0x433e9c88,99,4.185,18.408333,1.4654444,,,,3,3
2026-01-22 19:16:12.512050,0x433e9c88,101,4.232,15.633333,1.4728055,,,,,3
2026-01-22 19:17:12.655781,0x433e9c88,101,4.228,17.301666,1.4485834,,,,,3
2026-01-22 19:18:12.567863,0x433e9c88,101,4.245,13.445001,1.4541111,,,,,3
2026-01-22 19:19:12.398475,0x433e9c88,101,4.226,16.646667,1.4730277,,,,,3
2026-01-22 19:19:14.927752,0x433b0b38,100,4.19,18.826666,3.2056386,6.25,-3,,5,5
2026-01-22 19:19:30.377071,0x433acb14,101,4.208,21.49,4.2971945,7.25,-11,,3,3
2026-01-22 19:20:02.006433,0x433ad35c,98,4.167,18.574999,4.0024443,6.25,-28,,3,3
2026-01-22 19:20:12.386588,0x433e9c88,101,4.206,18.641666,1.4908056,,,,,3
2026-01-22 19:20:16.711342,0x433aad0c,101,4.203,20.095,3.7327778,6.25,-37,,3,3
2026-01-22 19:21:12.554239,0x433e9c88,101,4.209,24.703333,1.4842223,,,,,3
2026-01-22 19:22:12.477460,0x433e9c88,101,4.221,17.906668,1.4671111,,,,,3
2026-01-22 19:23:12.629907,0x433e9c88,101,4.205,20.738333,1.4668889,,,,,3
2026-01-22 19:24:12.647352,0x433e9c88,101,4.218,16.300001,1.4906666,,,,,3
2026-01-22 19:25:12.760221,0x433e9c88,99,4.18,21.873335,1.5095834,,,,,3
2026-01-22 19:25:15.923605,0x433b0b38,98,4.166,20.42,3.24075,6.0,-4,,5,5
2026-01-22 19:25:30.551898,0x433acb14,101,4.209,25.828335,4.187861,6.25,-10,,3,3
2026-01-22 19:26:02.841260,0x433ad35c,99,4.185,25.485,4.002861,6.75,-25,,3,3
2026-01-22 19:26:12.634545,0x433e9c88,98,4.168,23.813334,1.4781111,,,,,3
2026-01-22 19:26:18.413642,0x433aad0c,101,4.212,22.828333,3.7760556,5.75,-36,,3,3
2026-01-22 19:26:36.039170,0x9e9faaa4,93,4.096,13.081667,3.4313333,7.0,-26,,3,2
2026-01-22 19:27:12.868406,0x433e9c88,101,4.204,24.609999,1.4968055,,,,,3
2026-01-22 19:28:12.770912,0x433e9c88,101,4.228,14.525,1.4968055,,,,,3
2026-01-22 19:28:57.737498,0x9e9faaa4,93,4.096,15.351666,3.4752223,7.75,-11,,3,2
2026-01-22 19:29:12.923386,0x433e9c88,101,4.215,21.341667,1.4929445,,,,,3
2026-01-22 19:30:12.920006,0x433e9c88,101,4.212,12.833333,1.4541111,,,,,3
2026-01-22 19:31:12.890411,0x433e9c88,101,4.217,18.9,1.4541111,,,,,3
2026-01-22 19:31:15.117589,0x433b0b38,99,4.178,20.353334,3.2429721,6.5,-3,,5,5
2026-01-22 19:31:30.944758,0x433acb14,101,4.205,24.593334,4.130889,7.25,-10,,3,3
2026-01-22 19:32:04.279498,0x433ad35c,101,4.202,25.555,4.0370555,6.0,-27,,3,3
2026-01-22 19:32:12.951826,0x433e9c88,101,4.229,20.161667,1.4662222,,,,,3
2026-01-22 19:32:19.865457,0x433aad0c,101,4.236,20.161667,3.840361,6.25,-37,,3,3
2026-01-22 19:33:13.146333,0x433e9c88,98,4.163,16.085001,1.4324722,,,,,3
2026-01-22 19:34:13.066000,0x433e9c88,100,4.2,18.986666,1.4445833,,,,,3
2026-01-22 19:35:13.215497,0x433e9c88,101,4.248,15.538333,1.4635,,,,,3
2026-01-22 19:36:13.219329,0x433e9c88,99,4.188,15.856667,1.4605556,,,,,3
2026-01-22 19:37:13.336464,0x433e9c88,100,4.194,16.588333,1.4580555,,,,,3
2026-01-22 19:37:15.259116,0x433b0b38,100,4.192,14.835,3.2648058,6.0,-3,,5,5
2026-01-22 19:37:31.553656,0x433acb14,100,4.198,22.225,4.1104445,6.0,-11,,3,3
2026-01-22 19:38:05.191657,0x433ad35c,101,4.208,22.088333,4.0959997,5.75,-25,,3,3
2026-01-22 19:38:13.274306,0x433e9c88,98,4.172,26.506666,1.4933889,,,,,3
2026-01-22 19:38:17.513615,0x433aad0c,100,4.196,27.205,3.9106944,5.5,-39,,3,3
2026-01-22 19:39:13.437740,0x433e9c88,101,4.239,15.538333,1.4699167,,,,,3
2026-01-22 19:40:13.358436,0x433e9c88,101,4.214,18.548334,1.4119444,,,,,3
2026-01-22 19:41:13.463212,0x433e9c88,100,4.199,20.038334,1.3989445,,,,,3
2026-01-22 19:41:47.851178,0x9e9faaa4,92,4.086,22.984999,3.3037777,5.75,-24,,3,2
2026-01-22 19:42:13.524561,0x433e9c88,101,4.234,24.471668,1.4110556,,,,,3
2026-01-22 19:43:13.493741,0x433e9c88,101,4.237,14.728333,1.4420834,,,,,3
2026-01-22 19:43:15.681724,0x433b0b38,99,4.181,17.808332,3.3187222,6.25,-3,,5,5
2026-01-22 19:43:31.370599,0x433acb14,101,4.222,20.871666,4.158583,6.75,-10,,3,3
2026-01-22 19:44:06.597584,0x433ad35c,101,4.21,26.521667,4.1258054,6.25,-24,,3,3
2026-01-22 19:44:13.627429,0x433e9c88,101,4.256,22.071667,1.4395833,,,,,3
2026-01-22 19:44:17.866567,0x433aad0c,101,4.233,23.933332,3.922722,5.75,-37,,3,3
2026-01-22 19:45:13.704216,0x433e9c88,100,4.2,19.561666,1.481111,,,,,3
2026-01-22 19:46:13.667306,0x433e9c88,101,4.206,14.8116665,1.5000278,,,,,3
2026-01-22 19:47:13.762945,0x433e9c88,99,4.185,19.741667,1.5418055,,,,,3
2026-01-22 19:48:13.915503,0x433e9c88,97,4.159,17.1,1.535,,,,,3
2026-01-22 19:48:56.927091,0x9e9faaa4,92,4.09,14.669999,3.1197777,6.25,-3,,3,2
2026-01-22 19:49:13.899559,0x433e9c88,101,4.23,20.178333,1.5078334,,,,,3
2026-01-22 19:49:15.939274,0x433b0b38,101,4.218,20.178333,3.4143612,6.0,-3,,5,5
2026-01-22 19:49:31.873918,0x433acb14,101,4.201,24.01,4.089611,8.0,-11,,3,3
2026-01-22 19:50:04.472501,0x433ad35c,101,4.207,19.56,4.1343336,5.5,-25,,3,3
2026-01-22 19:50:13.867325,0x433e9c88,101,4.23,19.151667,1.5431666,,,,,3
2026-01-22 19:50:18.070639,0x433aad0c,101,4.234,17.548332,4.0028334,5.75,-36,,3,3
2026-01-22 19:51:14.020834,0x433e9c88,101,4.215,21.586666,1.5301666,,,,3,3
2026-01-22 19:52:14.048526,0x433e9c88,101,4.214,25.086668,1.5725832,,,,,3
2026-01-22 19:53:14.268424,0x433e9c88,101,4.22,20.566666,1.5637223,,,,,3
2026-01-22 19:54:14.141813,0x433e9c88,101,4.248,17.641666,1.5554723,,,,,3
2026-01-22 19:55:14.314634,0x433e9c88,101,4.222,16.113333,1.5433612,,,,,3
2026-01-22 19:55:16.324713,0x433b0b38,96,4.145,20.07,3.5586112,6.25,-3,,5,5
2026-01-22 19:55:32.063121,0x433acb14,101,4.239,21.971666,4.1059446,7.0,-12,,3,3
2026-01-22 19:56:06.126110,0x433ad35c,101,4.209,23.064999,4.203833,6.25,-27,,3,3
2026-01-22 19:56:14.370662,0x433e9c88,100,4.199,23.546667,1.5675833,,,,,3
2026-01-22 19:56:18.473420,0x433aad0c,101,4.251,20.7,4.045139,7.75,-37,,3,3
2026-01-22 19:57:14.316925,0x433e9c88,101,4.216,16.935,1.5545833,,,,,3
2026-01-22 19:58:14.422438,0x433e9c88,101,4.212,19.931667,1.5666945,,,,,3
2026-01-22 19:59:14.512444,0x433e9c88,101,4.229,18.41,1.5477778,,,,,3
2026-01-22 20:00:14.586408,0x433e9c88,101,4.249,16.936666,1.5308889,,,,,3
2026-01-22 20:01:14.581234,0x433e9c88,101,4.223,20.26,1.5008333,,,,,3
2026-01-22 20:01:16.328237,0x433b0b38,99,4.189,20.26,3.6659167,6.0,-3,,5,5
2026-01-22 20:01:32.409131,0x433acb14,101,4.224,24.27,4.09125,7.0,-11,,3,3
2026-01-22 20:02:07.452488,0x433ad35c,100,4.191,26.789999,4.0943055,6.0,-23,,3,3
2026-01-22 20:02:14.706905,0x433e9c88,98,4.175,21.641666,1.5482777,,,,,3
2026-01-22 20:02:18.920239,0x433aad0c,101,4.223,24.283333,4.0230556,5.5,-39,,3,3
2026-01-22 20:03:14.724920,0x433e9c88,101,4.234,16.418333,1.5332222,,,,,3
2026-01-22 20:04:14.683210,0x433e9c88,98,4.162,16.868334,1.5671945,,,,,3
2026-01-22 20:05:14.674674,0x433e9c88,98,4.174,16.76,1.5710555,,,,,3
2026-01-22 20:06:14.845924,0x433e9c88,101,4.202,18.445,1.5833888,,,,,3
2026-01-22 20:07:14.857982,0x433e9c88,101,4.213,20.231667,1.5833888,,,,,3
2026-01-22 20:07:16.675346,0x433b0b38,99,4.187,20.231667,3.6095002,6.5,-4,,5,5
2026-01-22 20:07:32.797506,0x433acb14,101,4.231,25.291666,4.04675,6.25,-11,,3,3
2026-01-22 20:08:07.270832,0x433ad35c,98,4.171,21.025,3.9948058,7.25,-26,,3,3
2026-01-22 20:08:14.943427,0x433e9c88,101,4.203,22.53,1.5790833,,,,,3
2026-01-22 20:08:19.665118,0x433aad0c,101,4.211,23.199999,4.0104446,5.75,-39,,3,3
2026-01-22 20:09:14.955672,0x433e9c88,100,4.2,16.873333,1.5708333,,,,,3
2026-01-22 20:09:39.869883,0x9e9faaa4,92,4.087,14.281666,3.0751388,7.0,-43,,3,3
2026-01-22 20:09:41.878443,0x9e9faaa4,92,4.091,19.488333,3.1901388,5.75,-36,,3,2
2026-01-22 20:10:14.904926,0x433e9c88,100,4.192,21.946667,1.5854445,,,,,3
2026-01-22 20:11:15.029799,0x433e9c88,101,4.229,16.743334,1.5771945,,,,,3
2026-01-22 20:12:15.141863,0x433e9c88,101,4.216,13.911666,1.596111,,,,,3
2026-01-22 20:13:15.140769,0x433e9c88,101,4.205,15.168333,1.6150277,,,,,3
2026-01-22 20:13:16.769158,0x433b0b38,99,4.183,15.168333,3.6115277,5.75,-3,,5,5
2026-01-22 20:13:33.130035,0x433acb14,101,4.232,18.438334,4.049583,7.25,-11,,3,3
2026-01-22 20:14:08.859233,0x433ad35c,101,4.217,18.574999,4.013917,6.0,-27,,3,3
2026-01-22 20:14:15.198458,0x433e9c88,101,4.239,18.725,1.6072223,,,,,3
2026-01-22 20:14:19.450938,0x433aad0c,100,4.198,21.421667,4.002861,6.25,-39,,3,3
2026-01-22 20:15:15.143684,0x433e9c88,101,4.207,14.076667,1.5842222,,,,,3
2026-01-22 20:16:15.366926,0x433e9c88,99,4.182,15.0616665,1.5025555,,,,,3
2026-01-22 20:17:15.429229,0x433e9c88,101,4.219,17.635,1.4904444,,,,,3
2026-01-22 20:18:15.339611,0x433e9c88,100,4.197,15.608333,1.4904444,,,,,3
2026-01-22 20:18:55.701950,0x9e9faaa4,92,4.091,8.900001,3.1431942,7.25,-58,,3,3
2026-01-22 20:19:15.348672,0x433e9c88,99,4.189,15.6066675,1.4904444,,,,,3
2026-01-22 20:19:17.121491,0x433b0b38,98,4.164,15.6066675,3.60925,5.75,-3,,5,5
2026-01-22 20:19:33.100326,0x433acb14,101,4.239,22.843332,3.996639,7.5,-10,,3,3
2026-01-22 20:20:09.606932,0x433ad35c,98,4.167,19.35,3.930972,6.0,-26,,3,3
2026-01-22 20:20:15.583246,0x433e9c88,101,4.235,23.65,1.4672222,,,,,3
2026-01-22 20:20:19.358183,0x433aad0c,101,4.201,20.803333,4.001222,8.0,-37,,3,3
2026-01-22 20:21:15.637263,0x433e9c88,101,4.252,16.58,1.4740278,,,,,3
2026-01-22 20:22:15.544633,0x433e9c88,101,4.22,15.455,1.4619167,,,,,3
2026-01-22 20:23:15.531706,0x433e9c88,98,4.175,19.12,1.4619167,,,,,3
2026-01-22 20:24:15.784621,0x433e9c88,101,4.221,11.488334,1.4500278,,,,,3
2026-01-22 20:25:15.624877,0x433e9c88,101,4.229,12.623334,1.4974723,,,,,3
2026-01-22 20:25:17.725920,0x433b0b38,101,4.22,14.485,3.5757775,5.75,-3,,5,5
2026-01-22 20:25:33.290917,0x433acb14,101,4.229,19.133333,3.9975834,7.25,-11,,3,3
2026-01-22 20:26:10.303653,0x433ad35c,101,4.211,19.818333,3.8677778,6.0,-27,,3,3
2026-01-22 20:26:15.671779,0x433e9c88,100,4.196,17.956667,1.4974723,,,,,3
2026-01-22 20:26:19.692633,0x433aad0c,101,4.212,20.653334,3.937778,5.5,-39,,3,3
2026-01-22 20:27:15.865799,0x433e9c88,101,4.235,12.565001,1.4835556,,,,3,3
2026-01-22 20:28:15.948019,0x433e9c88,100,4.196,25.235,1.5286945,,,,,3
2026-01-22 20:28:55.992768,0x9e9faaa4,92,4.09,24.458334,3.0114443,7.75,-33,,3,3
2026-01-22 20:29:15.971389,0x433e9c88,101,4.201,19.96,1.4978888,,,,,3
2026-01-22 20:30:16.130501,0x433e9c88,101,4.224,17.268333,1.5314167,,,,,3
2026-01-22 20:31:16.381481,0x433e9c88,99,4.18,19.338333,1.5435277,,,,,3
2026-01-22 20:31:19.569268,0x433b0b38,99,4.183,18.93,3.6472778,6.0,-4,,5,5
2026-01-22 20:31:33.582372,0x433acb14,101,4.236,26.85,4.0301943,6.25,-12,,3,3
2026-01-22 20:32:12.935187,0x433ad35c,100,4.19,18.911667,3.8341389,6.0,-25,,3,3
2026-01-22 20:32:16.213133,0x433e9c88,101,4.227,23.591665,1.5503333,,,,,3
2026-01-22 20:32:19.852328,0x433aad0c,101,4.231,23.211666,3.8474724,7.5,-38,,3,3
2026-01-22 20:33:16.159627,0x433e9c88,101,4.238,18.646666,1.5788611,,,,,3
2026-01-22 20:34:16.320398,0x433e9c88,99,4.186,15.538333,1.6030834,,,,,3
2026-01-22 20:35:16.245802,0x433e9c88,99,4.18,15.483334,1.5720556,,,,,3
2026-01-22 20:36:16.423532,0x433e9c88,101,4.229,11.433333,1.5871111,,,,,3
2026-01-22 20:37:16.399578,0x433e9c88,101,4.224,15.4,1.5871111,,,,,3
2026-01-22 20:37:19.818973,0x433b0b38,101,4.204,16.303333,3.6880276,6.0,-3,,5,5
2026-01-22 20:37:34.040950,0x433acb14,101,4.216,20.543333,3.9867222,5.75,-12,,3,3
2026-01-22 20:38:10.041652,0x433ad35c,100,4.191,23.211666,3.6534722,5.75,-30,,3,3
2026-01-22 20:38:16.408199,0x433e9c88,101,4.209,18.926666,1.5731944,,,,,3
2026-01-22 20:38:20.284808,0x433aad0c,101,4.225,18.518333,3.6850278,6.0,-38,,3,3
2026-01-22 20:39:16.431892,0x433e9c88,99,4.186,15.266667,1.5610833,,,,,3
2026-01-22 20:40:16.620387,0x433e9c88,101,4.206,15.211667,1.5610833,,,,,3
2026-01-22 20:41:16.524003,0x433e9c88,77,3.961,19.083332,1.5731944,,,,,3
2026-01-22 20:42:16.569163,0x433e9c88,101,4.211,20.166666,1.5731944,,,,,3
2026-01-22 20:43:16.746480,0x433e9c88,100,4.195,17.470001,1.5853055,,,,,3
2026-01-22 20:43:18.560420,0x433b0b38,100,4.197,17.470001,3.793361,6.0,-3,,5,5
2026-01-22 20:43:34.516437,0x433acb14,101,4.24,22.845,3.819,6.0,-12,,3,3
2026-01-22 20:44:11.982463,0x433ad35c,101,4.203,32.626667,3.652611,6.0,-25,,3,3
2026-01-22 20:44:16.855729,0x433e9c88,100,4.19,34.771667,1.6726667,,,,,3
2026-01-22 20:44:20.580946,0x433aad0c,101,4.228,35.321667,3.499722,6.25,-38,,3,3
2026-01-22 20:45:16.737827,0x433e9c88,99,4.181,15.28,1.655361,,,,,3
2026-01-22 20:46:16.845819,0x433e9c88,101,4.222,12.881666,1.6364444,,,,,3
2026-01-22 20:47:16.935744,0x433e9c88,101,4.227,15.455,1.6688334,,,,,3
2026-01-22 20:48:16.873884,0x433e9c88,101,4.254,12.293334,1.678,,,,,3
2026-01-22 20:49:16.951551,0x433e9c88,99,4.18,15.498333,1.678,,,,,3
2026-01-22 20:49:18.726528,0x433b0b38,99,4.181,16.225,3.8121946,6.0,-3,,5,5
2026-01-22 20:49:34.410189,0x433acb14,101,4.238,17.876667,3.8715,7.0,-11,,3,3
2026-01-22 20:50:10.679484,0x433ad35c,100,4.192,21.103333,3.6010277,6.0,-33,,3,3
2026-01-22 20:50:16.979837,0x433e9c88,100,4.19,16.395,1.6848055,,,,,3
2026-01-22 20:50:22.099946,0x433aad0c,101,4.221,20.376667,3.2818332,6.25,-36,,3,3
2026-01-22 20:51:17.018806,0x433e9c88,101,4.219,19.898333,1.7358611,,,,,3
2026-01-22 20:52:17.171666,0x433e9c88,101,4.217,17.546667,1.7076111,,,,,3
2026-01-22 20:53:17.106968,0x433e9c88,101,4.208,16.466667,1.7256389,,,,,3
2026-01-22 20:54:17.255704,0x433e9c88,99,4.182,16.883333,1.752361,,,,,3
2026-01-22 20:55:17.229241,0x433e9c88,101,4.242,18.361668,1.7795278,,,,,3
2026-01-22 20:55:19.144004,0x433b0b38,100,4.199,17.921667,3.768611,6.0,-3,,5,5
2026-01-22 20:55:34.536275,0x433acb14,100,4.199,19.981667,3.7000277,7.5,-12,,3,3
2026-01-22 20:56:11.808690,0x433ad35c,101,4.214,17.961666,3.449222,6.25,-26,,3,3
2026-01-22 20:56:17.321777,0x433e9c88,101,4.213,21.066668,1.7842777,,,,,3
2026-01-22 20:56:21.117202,0x433aad0c,101,4.245,16.508333,3.2738333,7.5,-37,,3,3
2026-01-22 20:57:17.429851,0x433e9c88,101,4.249,20.085,1.7498333,,,,,3
2026-01-22 20:58:17.384474,0x433e9c88,101,4.225,21.646667,1.7648889,,,,,3
2026-01-22 20:59:17.502565,0x433e9c88,101,4.219,14.838333,1.78675,,,,,3
2026-01-22 21:00:17.427020,0x433e9c88,101,4.215,15.263334,1.7896944,,,,,3
